relationship_id,from_entity_id,to_entity_id,relationship_type,evidence_id,source,source_url,confidence_score,temporal_status,notes
REL-1,ENT-st-lawrence-infrastructure-2,ENT-st-lawrence-infrastructure,PROJECT_DEVELOPER,1743,core_registry_queue,,0.96,CURRENT_OR_UNDATED,Same-publisher row association; not corporate ownership.
REL-2,ENT-leedale-data-load,ENT-not-published-in-aeso-connection-project-list,PROJECT_DEVELOPER,P3066,core_registry_queue,,0.96,CURRENT_OR_UNDATED,Same-publisher row association; not corporate ownership.
REL-3,ENT-lynx-data-load,ENT-not-published-in-aeso-connection-project-list,PROJECT_DEVELOPER,P3198,core_registry_queue,,0.96,CURRENT_OR_UNDATED,Same-publisher row association; not corporate ownership.
REL-4,ENT-beacon-langdon-a-i-hub-2-load,ENT-not-published-in-aeso-connection-project-list,PROJECT_DEVELOPER,P2970,core_registry_queue,,0.96,CURRENT_OR_UNDATED,Same-publisher row association; not corporate ownership.
REL-5,ENT-project-iq197,ENT-197-mckay-barrie,PROJECT_DEVELOPER,2026-903,core_registry_queue,,0.96,CURRENT_OR_UNDATED,Same-publisher row association; not corporate ownership.
REL-6,ENT-wild-rose-power-hub-load,ENT-not-published-in-aeso-connection-project-list,PROJECT_DEVELOPER,P3108,core_registry_queue,,0.96,CURRENT_OR_UNDATED,Same-publisher row association; not corporate ownership.
REL-7,ENT-newell-data-center-mpc-load,ENT-not-published-in-aeso-connection-project-list,PROJECT_DEVELOPER,P3109,core_registry_queue,,0.96,CURRENT_OR_UNDATED,Same-publisher row association; not corporate ownership.
REL-8,ENT-1-gig-data-center-east-fishkill-ny,ENT-donovan-drive,PROJECT_DEVELOPER,1738,core_registry_queue,,0.96,CURRENT_OR_UNDATED,Same-publisher row association; not corporate ownership.
REL-9,ENT-genesee-data-center-1-mpc-load,ENT-not-published-in-aeso-connection-project-list,PROJECT_DEVELOPER,P2942,core_registry_queue,,0.96,CURRENT_OR_UNDATED,Same-publisher row association; not corporate ownership.
REL-10,ENT-gldc-load-phase-1-1,ENT-not-published-in-aeso-connection-project-list,PROJECT_DEVELOPER,P2936,core_registry_queue,,0.96,CURRENT_OR_UNDATED,Same-publisher row association; not corporate ownership.
REL-11,ENT-goldfinch-technology-park-mpc-load,ENT-not-published-in-aeso-connection-project-list,PROJECT_DEVELOPER,P3102,core_registry_queue,,0.96,CURRENT_OR_UNDATED,Same-publisher row association; not corporate ownership.
REL-12,ENT-carstairs-technology-park-mpc-load,ENT-not-published-in-aeso-connection-project-list,PROJECT_DEVELOPER,P3101,core_registry_queue,,0.96,CURRENT_OR_UNDATED,Same-publisher row association; not corporate ownership.
REL-13,ENT-st-lawrence-infrastructure-1,ENT-st-lawrence-infrastructure,PROJECT_DEVELOPER,1742,core_registry_queue,,0.96,CURRENT_OR_UNDATED,Same-publisher row association; not corporate ownership.
REL-14,ENT-gldc-load-phase-1-2,ENT-not-published-in-aeso-connection-project-list,PROJECT_DEVELOPER,P3151,core_registry_queue,,0.96,CURRENT_OR_UNDATED,Same-publisher row association; not corporate ownership.
REL-15,ENT-sheerness-data-mpc-load,ENT-not-published-in-aeso-connection-project-list,PROJECT_DEVELOPER,P3137,core_registry_queue,,0.96,CURRENT_OR_UNDATED,Same-publisher row association; not corporate ownership.
REL-16,ENT-rocky-view-data-center-mpc-load,ENT-not-published-in-aeso-connection-project-list,PROJECT_DEVELOPER,P3116,core_registry_queue,,0.96,CURRENT_OR_UNDATED,Same-publisher row association; not corporate ownership.
REL-17,ENT-priority-1-and-priority-2-transformer-stations-load-increase,ENT-alectra-utilities,PROJECT_DEVELOPER,2025-833,core_registry_queue,,0.96,CURRENT_OR_UNDATED,Same-publisher row association; not corporate ownership.
REL-18,ENT-epc-puc-transco-ts-phase-1a,ENT-epc-puc-transmission,PROJECT_DEVELOPER,2025-848,core_registry_queue,,0.96,CURRENT_OR_UNDATED,Same-publisher row association; not corporate ownership.
REL-19,ENT-micron-fab-3,ENT-eldo-varghese,PROJECT_DEVELOPER,1765,core_registry_queue,,0.96,CURRENT_OR_UNDATED,Same-publisher row association; not corporate ownership.
REL-20,ENT-micron-fab-2,ENT-micron-new-york-semiconductor-manufacturing,PROJECT_DEVELOPER,1627,core_registry_queue,,0.96,CURRENT_OR_UNDATED,Same-publisher row association; not corporate ownership.
REL-21,ENT-essex-transmission-phase-1b,ENT-essex-transmission,PROJECT_DEVELOPER,2025-863,core_registry_queue,,0.96,CURRENT_OR_UNDATED,Same-publisher row association; not corporate ownership.
REL-22,ENT-north-east-data-data-center,ENT-north-east-data,PROJECT_DEVELOPER,1741,core_registry_queue,,0.96,CURRENT_OR_UNDATED,Same-publisher row association; not corporate ownership.
REL-23,ENT-genesee-data-center-2-mpc-load,ENT-not-published-in-aeso-connection-project-list,PROJECT_DEVELOPER,P2946,core_registry_queue,,0.96,CURRENT_OR_UNDATED,Same-publisher row association; not corporate ownership.
REL-24,ENT-white-pine-phase-1,ENT-micron-new-york-semiconductor-manufacturing,PROJECT_DEVELOPER,1536,core_registry_queue,,0.96,CURRENT_OR_UNDATED,Same-publisher row association; not corporate ownership.
REL-25,ENT-arsenal-data-site-1000,ENT-arconic,PROJECT_DEVELOPER,1730,core_registry_queue,,0.96,CURRENT_OR_UNDATED,Same-publisher row association; not corporate ownership.
REL-26,ENT-keephills-data-centre-phase-2,ENT-not-published-in-aeso-connection-project-list,PROJECT_DEVELOPER,P3095,core_registry_queue,,0.96,CURRENT_OR_UNDATED,Same-publisher row association; not corporate ownership.
REL-27,ENT-north-calgary-three-data-centre-mpc-load,ENT-not-published-in-aeso-connection-project-list,PROJECT_DEVELOPER,P3112,core_registry_queue,,0.96,CURRENT_OR_UNDATED,Same-publisher row association; not corporate ownership.
REL-28,ENT-leamington-area-load-increase,ENT-hydro-one-networks,PROJECT_DEVELOPER,2026-899,core_registry_queue,,0.96,CURRENT_OR_UNDATED,Same-publisher row association; not corporate ownership.
REL-29,ENT-sundance-data-mpc-load,ENT-not-published-in-aeso-connection-project-list,PROJECT_DEVELOPER,P3136,core_registry_queue,,0.96,CURRENT_OR_UNDATED,Same-publisher row association; not corporate ownership.
REL-30,ENT-algoma-data-center,ENT-red-jar-algoma-data-center,PROJECT_DEVELOPER,2026-881,core_registry_queue,,0.96,CURRENT_OR_UNDATED,Same-publisher row association; not corporate ownership.
REL-31,ENT-alberta-south-a-i-load,ENT-not-published-in-aeso-connection-project-list,PROJECT_DEVELOPER,P3106,core_registry_queue,,0.96,CURRENT_OR_UNDATED,Same-publisher row association; not corporate ownership.
REL-32,ENT-chestermere-enterprise-a-i-load,ENT-not-published-in-aeso-connection-project-list,PROJECT_DEVELOPER,P3107,core_registry_queue,,0.96,CURRENT_OR_UNDATED,Same-publisher row association; not corporate ownership.
REL-33,ENT-beacon-saunders-lake-a-i-hub-load,ENT-not-published-in-aeso-connection-project-list,PROJECT_DEVELOPER,P2935,core_registry_queue,,0.96,CURRENT_OR_UNDATED,Same-publisher row association; not corporate ownership.
REL-34,ENT-beacon-foothills-a-i-hub-load,ENT-not-published-in-aeso-connection-project-list,PROJECT_DEVELOPER,P2926,core_registry_queue,,0.96,CURRENT_OR_UNDATED,Same-publisher row association; not corporate ownership.
REL-35,ENT-beacon-harry-smith-a-i-hub-load,ENT-not-published-in-aeso-connection-project-list,PROJECT_DEVELOPER,P2927,core_registry_queue,,0.96,CURRENT_OR_UNDATED,Same-publisher row association; not corporate ownership.
REL-36,ENT-beacon-langdon-a-i-hub-load,ENT-not-published-in-aeso-connection-project-list,PROJECT_DEVELOPER,P2928,core_registry_queue,,0.96,CURRENT_OR_UNDATED,Same-publisher row association; not corporate ownership.
REL-37,ENT-beacon-heartland-a-i-hub-load,ENT-not-published-in-aeso-connection-project-list,PROJECT_DEVELOPER,P2934,core_registry_queue,,0.96,CURRENT_OR_UNDATED,Same-publisher row association; not corporate ownership.
REL-38,ENT-highwall-data-center,ENT-highwall-energy,PROJECT_DEVELOPER,1762,core_registry_queue,,0.96,CURRENT_OR_UNDATED,Same-publisher row association; not corporate ownership.
REL-39,ENT-incremental-load-request-for-remington-factory-redevelopment,ENT-turin-management,PROJECT_DEVELOPER,1740,core_registry_queue,,0.96,CURRENT_OR_UNDATED,Same-publisher row association; not corporate ownership.
REL-40,ENT-beacon-heartland-data-load,ENT-not-published-in-aeso-connection-project-list,PROJECT_DEVELOPER,P3175,core_registry_queue,,0.96,CURRENT_OR_UNDATED,Same-publisher row association; not corporate ownership.
REL-41,ENT-patriot-forge,ENT-patriot-forge-pa,PROJECT_DEVELOPER,1763,core_registry_queue,,0.96,CURRENT_OR_UNDATED,Same-publisher row association; not corporate ownership.
REL-42,ENT-hydrogen-canada-mpc-load,ENT-not-published-in-aeso-connection-project-list,PROJECT_DEVELOPER,P2958,core_registry_queue,,0.96,CURRENT_OR_UNDATED,Same-publisher row association; not corporate ownership.
REL-43,ENT-moldenhauer-energy-1-and-2,ENT-1001490547-ontario-moldenhauer,PROJECT_DEVELOPER,2026-872,core_registry_queue,,0.96,CURRENT_OR_UNDATED,Same-publisher row association; not corporate ownership.
REL-44,ENT-industrial-production-facility,ENT-vianode-canada,PROJECT_DEVELOPER,2024-819,core_registry_queue,,0.96,CURRENT_OR_UNDATED,Same-publisher row association; not corporate ownership.
REL-45,ENT-high-plains-east-industrial-park,ENT-not-published-in-aeso-connection-project-list,PROJECT_DEVELOPER,P3156,core_registry_queue,,0.96,CURRENT_OR_UNDATED,Same-publisher row association; not corporate ownership.
REL-46,ENT-mihta-askiy-data-load,ENT-not-published-in-aeso-connection-project-list,PROJECT_DEVELOPER,P3110,core_registry_queue,,0.96,CURRENT_OR_UNDATED,Same-publisher row association; not corporate ownership.
REL-47,ENT-wny-stamp,ENT-genesee-county-economic-devel,PROJECT_DEVELOPER,0580,core_registry_queue,,0.96,CURRENT_OR_UNDATED,Same-publisher row association; not corporate ownership.
REL-48,ENT-580-stamp-load-increase,ENT-gcedc,PROJECT_DEVELOPER,1484,core_registry_queue,,0.96,CURRENT_OR_UNDATED,Same-publisher row association; not corporate ownership.
REL-49,ENT-new-york-state-artificial-intelligence-data-center,ENT-zeroc-data-centers,PROJECT_DEVELOPER,1731,core_registry_queue,,0.96,CURRENT_OR_UNDATED,Same-publisher row association; not corporate ownership.
REL-50,ENT-data-and-technology-campus,ENT-riverview-innovation-and-technology-campus,PROJECT_DEVELOPER,1726,core_registry_queue,,0.96,CURRENT_OR_UNDATED,Same-publisher row association; not corporate ownership.
REL-51,ENT-creekside-industrial-load,ENT-creekside-industrial,PROJECT_DEVELOPER,2026-871,core_registry_queue,,0.96,CURRENT_OR_UNDATED,Same-publisher row association; not corporate ownership.
REL-52,ENT-napanee-data-park,ENT-napanee-environmental-complex,PROJECT_DEVELOPER,2025-857,core_registry_queue,,0.96,CURRENT_OR_UNDATED,Same-publisher row association; not corporate ownership.
REL-53,ENT-pontoon-bridge-road-data-center,ENT-american-data-center-partners,PROJECT_DEVELOPER,1745,core_registry_queue,,0.96,CURRENT_OR_UNDATED,Same-publisher row association; not corporate ownership.
REL-54,ENT-wulf-compute-data-center-ii,ENT-terawulf-brookings,PROJECT_DEVELOPER,1732,core_registry_queue,,0.96,CURRENT_OR_UNDATED,Same-publisher row association; not corporate ownership.
REL-55,ENT-lake-mariner-data-ii,ENT-lake-mariner-data,PROJECT_DEVELOPER,1670,core_registry_queue,,0.96,CURRENT_OR_UNDATED,Same-publisher row association; not corporate ownership.
REL-56,ENT-broome-county-tech-park,ENT-the-agency,PROJECT_DEVELOPER,1752,core_registry_queue,,0.96,CURRENT_OR_UNDATED,Same-publisher row association; not corporate ownership.
REL-57,ENT-arsenal-data-site-500,ENT-arconic,PROJECT_DEVELOPER,1729,core_registry_queue,,0.96,CURRENT_OR_UNDATED,Same-publisher row association; not corporate ownership.
REL-58,ENT-arsenal-data-site-250,ENT-arconic,PROJECT_DEVELOPER,1728,core_registry_queue,,0.96,CURRENT_OR_UNDATED,Same-publisher row association; not corporate ownership.
REL-59,ENT-dow-fort-sask-load,ENT-not-published-in-aeso-connection-project-list,PROJECT_DEVELOPER,P2614,core_registry_queue,,0.96,CURRENT_OR_UNDATED,Same-publisher row association; not corporate ownership.
REL-60,ENT-keephills-data-centre-phase-1-1,ENT-not-published-in-aeso-connection-project-list,PROJECT_DEVELOPER,P3083,core_registry_queue,,0.96,CURRENT_OR_UNDATED,Same-publisher row association; not corporate ownership.
REL-61,ENT-project-rebel,ENT-bird-construction-group,PROJECT_DEVELOPER,2025-838,core_registry_queue,,0.96,CURRENT_OR_UNDATED,Same-publisher row association; not corporate ownership.
REL-62,ENT-millhaven-data-center,ENT-red-jar-energy-partners,PROJECT_DEVELOPER,2026-877,core_registry_queue,,0.96,CURRENT_OR_UNDATED,Same-publisher row association; not corporate ownership.
REL-63,ENT-mikinak-phase-2-data-center,ENT-red-jar-energy-partners,PROJECT_DEVELOPER,2026-894,core_registry_queue,,0.96,CURRENT_OR_UNDATED,Same-publisher row association; not corporate ownership.
REL-64,ENT-st-clair-technology-centre,ENT-truenorth-sustainable-infrastructure,PROJECT_DEVELOPER,2026-913,core_registry_queue,,0.96,CURRENT_OR_UNDATED,Same-publisher row association; not corporate ownership.
REL-65,ENT-beach-ts-and-gage-ts-load-increase,ENT-alectra-utilities,PROJECT_DEVELOPER,2025-846,core_registry_queue,,0.96,CURRENT_OR_UNDATED,Same-publisher row association; not corporate ownership.
REL-66,ENT-mikinak-data-center,ENT-mikinak-mcfn-rjep-data-centre,PROJECT_DEVELOPER,2025-836,core_registry_queue,,0.96,CURRENT_OR_UNDATED,Same-publisher row association; not corporate ownership.
REL-67,ENT-massena-development-power-allocation,ENT-north-country-data-center,PROJECT_DEVELOPER,1751,core_registry_queue,,0.96,CURRENT_OR_UNDATED,Same-publisher row association; not corporate ownership.
REL-68,ENT-proposed-datacenters-at-450-broadway-buchanan-ny-10511,ENT-holtec-decommissioning-international-hdi,PROJECT_DEVELOPER,1717,core_registry_queue,,0.96,CURRENT_OR_UNDATED,Same-publisher row association; not corporate ownership.
REL-69,ENT-greenidge-200-mw-data-center-project,ENT-greenidge-generation,PROJECT_DEVELOPER,1725,core_registry_queue,,0.96,CURRENT_OR_UNDATED,Same-publisher row association; not corporate ownership.
REL-70,ENT-st-lawrence-data-and-agricultural-center,ENT-zeroc-data-centers,PROJECT_DEVELOPER,1213,core_registry_queue,,0.96,CURRENT_OR_UNDATED,Same-publisher row association; not corporate ownership.
REL-71,ENT-project-chisel,ENT-bird-construction-group,PROJECT_DEVELOPER,2024-809,core_registry_queue,,0.96,CURRENT_OR_UNDATED,Same-publisher row association; not corporate ownership.
REL-72,ENT-project-chisel-2,ENT-bird-construction-group,PROJECT_DEVELOPER,2025-825,core_registry_queue,,0.96,CURRENT_OR_UNDATED,Same-publisher row association; not corporate ownership.
REL-73,ENT-globe-digital-1,ENT-globe-dh,PROJECT_DEVELOPER,1747,core_registry_queue,,0.96,CURRENT_OR_UNDATED,Same-publisher row association; not corporate ownership.
REL-74,ENT-globe-dh-2,ENT-globe-dh,PROJECT_DEVELOPER,1748,core_registry_queue,,0.96,CURRENT_OR_UNDATED,Same-publisher row association; not corporate ownership.
REL-75,ENT-globe-dh-3,ENT-globe-dh,PROJECT_DEVELOPER,1749,core_registry_queue,,0.96,CURRENT_OR_UNDATED,Same-publisher row association; not corporate ownership.
REL-76,ENT-kenwood-tech-center,ENT-ekg-group,PROJECT_DEVELOPER,1754,core_registry_queue,,0.96,CURRENT_OR_UNDATED,Same-publisher row association; not corporate ownership.
REL-77,ENT-brookhaven-logistics-center,ENT-wf-industrial-xii,PROJECT_DEVELOPER,1721,core_registry_queue,,0.96,CURRENT_OR_UNDATED,Same-publisher row association; not corporate ownership.
REL-78,ENT-keephills-data-centre-phase-1-2,ENT-not-published-in-aeso-connection-project-list,PROJECT_DEVELOPER,P3152,core_registry_queue,,0.96,CURRENT_OR_UNDATED,Same-publisher row association; not corporate ownership.
REL-79,ENT-cayuga-data,ENT-cayuga-operating,PROJECT_DEVELOPER,1733,core_registry_queue,,0.96,CURRENT_OR_UNDATED,Same-publisher row association; not corporate ownership.
REL-80,ENT-richmond-hill-mts-3,ENT-alectra-utilities,PROJECT_DEVELOPER,2025-856,core_registry_queue,,0.96,CURRENT_OR_UNDATED,Same-publisher row association; not corporate ownership.
REL-81,ENT-bell-ai-sovereign-canadian-data-center,ENT-truenorth-sustainable-infrastructure,PROJECT_DEVELOPER,2026-873,core_registry_queue,,0.96,CURRENT_OR_UNDATED,Same-publisher row association; not corporate ownership.
REL-82,ENT-enova-11-ts-waterloo-mts3-expansion,ENT-enova-power,PROJECT_DEVELOPER,2025-832,core_registry_queue,,0.96,CURRENT_OR_UNDATED,Same-publisher row association; not corporate ownership.
REL-83,ENT-nyiso-load-interconnection-process-data-center-inquiry,ENT-uri-taly,PROJECT_DEVELOPER,1761,core_registry_queue,,0.96,CURRENT_OR_UNDATED,Same-publisher row association; not corporate ownership.
REL-84,ENT-ipark-84-data-center-interconnection,ENT-ipark-east-fishkill,PROJECT_DEVELOPER,1760,core_registry_queue,,0.96,CURRENT_OR_UNDATED,Same-publisher row association; not corporate ownership.
REL-85,ENT-niagara-digital-campus,ENT-niagara-falls-redevelopment,PROJECT_DEVELOPER,1681,core_registry_queue,,0.96,CURRENT_OR_UNDATED,Same-publisher row association; not corporate ownership.
REL-86,ENT-cpxp-sarnia-hydrogen-facility,ENT-canadian-power-to-x-partners,PROJECT_DEVELOPER,2025-854,core_registry_queue,,0.96,CURRENT_OR_UNDATED,Same-publisher row association; not corporate ownership.
REL-87,ENT-gtaa-mts,ENT-alectra-utilities,PROJECT_DEVELOPER,2025-865,core_registry_queue,,0.96,CURRENT_OR_UNDATED,Same-publisher row association; not corporate ownership.
REL-88,ENT-sdc-st-lawrence,ENT-sabey-data-center-properties,PROJECT_DEVELOPER,1315,core_registry_queue,,0.96,CURRENT_OR_UNDATED,Same-publisher row association; not corporate ownership.
REL-89,ENT-ibm-markham-cts-load-increase,ENT-tdi-3600-steeles-east,PROJECT_DEVELOPER,2024-812,core_registry_queue,,0.96,CURRENT_OR_UNDATED,Same-publisher row association; not corporate ownership.
REL-90,ENT-remington-factory-redevelopment,ENT-turin-management,PROJECT_DEVELOPER,1735,core_registry_queue,,0.96,CURRENT_OR_UNDATED,Same-publisher row association; not corporate ownership.
REL-91,ENT-muon,ENT-not-published-in-caiso-cluster-request-list,PROJECT_DEVELOPER,2266,core_registry_queue,,0.96,CURRENT_OR_UNDATED,Same-publisher row association; not corporate ownership.
REL-92,ENT-zeus-armstrong-bess,ENT-armstrong-bess,PROJECT_DEVELOPER,25INR0587,core_registry_queue,,0.96,CURRENT_OR_UNDATED,Same-publisher row association; not corporate ownership.
REL-93,ENT-zeus-mitchell-bess,ENT-mitchell-bess,PROJECT_DEVELOPER,25INR0589,core_registry_queue,,0.96,CURRENT_OR_UNDATED,Same-publisher row association; not corporate ownership.
REL-94,ENT-kickstart-energy-storage-vi,ENT-kickstart-infrastructure,PROJECT_DEVELOPER,29INR0218,core_registry_queue,,0.96,CURRENT_OR_UNDATED,Same-publisher row association; not corporate ownership.
REL-95,ENT-lagoonez,ENT-not-published-in-caiso-cluster-request-list,PROJECT_DEVELOPER,2294,core_registry_queue,,0.96,CURRENT_OR_UNDATED,Same-publisher row association; not corporate ownership.
REL-96,ENT-stanley,ENT-not-published-in-caiso-cluster-request-list,PROJECT_DEVELOPER,2331,core_registry_queue,,0.96,CURRENT_OR_UNDATED,Same-publisher row association; not corporate ownership.
REL-97,ENT-hillside-energy-storage,ENT-not-published-in-caiso-cluster-request-list,PROJECT_DEVELOPER,2327,core_registry_queue,,0.96,CURRENT_OR_UNDATED,Same-publisher row association; not corporate ownership.
REL-98,ENT-prairie-point-energy-storage-ii,ENT-prairie-point,PROJECT_DEVELOPER,27INR0619,core_registry_queue,,0.96,CURRENT_OR_UNDATED,Same-publisher row association; not corporate ownership.
REL-99,ENT-prairie-point-energy-storage-i,ENT-prairie-point,PROJECT_DEVELOPER,27INR0618,core_registry_queue,,0.96,CURRENT_OR_UNDATED,Same-publisher row association; not corporate ownership.
REL-100,ENT-kickstart-energy-storage-v,ENT-kickstart-infrastructure,PROJECT_DEVELOPER,29INR0217,core_registry_queue,,0.96,CURRENT_OR_UNDATED,Same-publisher row association; not corporate ownership.
REL-101,ENT-ripple,ENT-not-published-in-caiso-cluster-request-list,PROJECT_DEVELOPER,2234,core_registry_queue,,0.96,CURRENT_OR_UNDATED,Same-publisher row association; not corporate ownership.
REL-102,ENT-broadview,ENT-not-published-in-caiso-cluster-request-list,PROJECT_DEVELOPER,2308,core_registry_queue,,0.96,CURRENT_OR_UNDATED,Same-publisher row association; not corporate ownership.
REL-103,ENT-nabla-energy-storage-i,ENT-nabla-park,PROJECT_DEVELOPER,27INR0571,core_registry_queue,,0.96,CURRENT_OR_UNDATED,Same-publisher row association; not corporate ownership.
REL-104,ENT-nabla-energy-storage-ii,ENT-nabla-park,PROJECT_DEVELOPER,28INR0466,core_registry_queue,,0.96,CURRENT_OR_UNDATED,Same-publisher row association; not corporate ownership.
REL-105,ENT-sunflower,ENT-not-published-in-caiso-cluster-request-list,PROJECT_DEVELOPER,2240,core_registry_queue,,0.96,CURRENT_OR_UNDATED,Same-publisher row association; not corporate ownership.
REL-106,ENT-chalk-point-230-kv,ENT-not-published-in-pjm-queue-export,PROJECT_DEVELOPER,AH1-552 - moved to TC2,core_registry_queue,,0.96,CURRENT_OR_UNDATED,Same-publisher row association; not corporate ownership.
REL-107,ENT-surry-skiffes-creek-500kv,ENT-not-published-in-pjm-queue-export,PROJECT_DEVELOPER,AH1-716 - moved to TC2,core_registry_queue,,0.96,CURRENT_OR_UNDATED,Same-publisher row association; not corporate ownership.
REL-108,ENT-howard-road-bess,ENT-project-fast-flow,PROJECT_DEVELOPER,29INR0173,core_registry_queue,,0.96,CURRENT_OR_UNDATED,Same-publisher row association; not corporate ownership.
REL-109,ENT-comanche-bess,ENT-energos-bess,PROJECT_DEVELOPER,27INR0365,core_registry_queue,,0.96,CURRENT_OR_UNDATED,Same-publisher row association; not corporate ownership.
REL-110,ENT-moccasin-storage,ENT-engie-ir,PROJECT_DEVELOPER,27INR0452,core_registry_queue,,0.96,CURRENT_OR_UNDATED,Same-publisher row association; not corporate ownership.
REL-111,ENT-hobby-bess-i,ENT-airport-storage-ii,PROJECT_DEVELOPER,26INR0546,core_registry_queue,,0.96,CURRENT_OR_UNDATED,Same-publisher row association; not corporate ownership.
REL-112,ENT-aviation,ENT-not-published-in-caiso-cluster-request-list,PROJECT_DEVELOPER,2349,core_registry_queue,,0.96,CURRENT_OR_UNDATED,Same-publisher row association; not corporate ownership.
REL-113,ENT-sunvine,ENT-not-published-in-caiso-cluster-request-list,PROJECT_DEVELOPER,2319,core_registry_queue,,0.96,CURRENT_OR_UNDATED,Same-publisher row association; not corporate ownership.
REL-114,ENT-solstice-b,ENT-not-published-in-caiso-cluster-request-list,PROJECT_DEVELOPER,2254,core_registry_queue,,0.96,CURRENT_OR_UNDATED,Same-publisher row association; not corporate ownership.
REL-115,ENT-solstice-a,ENT-not-published-in-caiso-cluster-request-list,PROJECT_DEVELOPER,2252,core_registry_queue,,0.96,CURRENT_OR_UNDATED,Same-publisher row association; not corporate ownership.
REL-116,ENT-miller-bend-energy-bess,ENT-miller-bend-energy,PROJECT_DEVELOPER,29INR0204,core_registry_queue,,0.96,CURRENT_OR_UNDATED,Same-publisher row association; not corporate ownership.
REL-117,ENT-knight-airport-bess-i,ENT-airport-storage-i,PROJECT_DEVELOPER,26INR0545,core_registry_queue,,0.96,CURRENT_OR_UNDATED,Same-publisher row association; not corporate ownership.
REL-118,ENT-falcon-bess,ENT-falcon-energy-project,PROJECT_DEVELOPER,29INR0169,core_registry_queue,,0.96,CURRENT_OR_UNDATED,Same-publisher row association; not corporate ownership.
REL-119,ENT-enfinity-redbud-storage,ENT-eg-redbud,PROJECT_DEVELOPER,29INR0242,core_registry_queue,,0.96,CURRENT_OR_UNDATED,Same-publisher row association; not corporate ownership.
REL-120,ENT-seven-angels-energy-storage-i,ENT-seven-angels-infrastructure,PROJECT_DEVELOPER,28INR0472,core_registry_queue,,0.96,CURRENT_OR_UNDATED,Same-publisher row association; not corporate ownership.
REL-121,ENT-seven-angels-energy-storage-ii,ENT-seven-angels-infrastructure,PROJECT_DEVELOPER,28INR0473,core_registry_queue,,0.96,CURRENT_OR_UNDATED,Same-publisher row association; not corporate ownership.
REL-122,ENT-diamante-bess,ENT-bess-diamante,PROJECT_DEVELOPER,27INR0115,core_registry_queue,,0.96,CURRENT_OR_UNDATED,Same-publisher row association; not corporate ownership.
REL-123,ENT-ross-storage,ENT-s-and-s-renewables,PROJECT_DEVELOPER,26INR0156,core_registry_queue,,0.96,CURRENT_OR_UNDATED,Same-publisher row association; not corporate ownership.
REL-124,ENT-dovetail-storage,ENT-hecate-energy-dovetail-storage,PROJECT_DEVELOPER,24INR0098,core_registry_queue,,0.96,CURRENT_OR_UNDATED,Same-publisher row association; not corporate ownership.
REL-125,ENT-crescent-c-bess,ENT-oci-la-salle-ess,PROJECT_DEVELOPER,26INR0089,core_registry_queue,,0.96,CURRENT_OR_UNDATED,Same-publisher row association; not corporate ownership.
REL-126,ENT-battery-storage,ENT-not-published-in-iso-ne-irtt-public-queue,PROJECT_DEVELOPER,1143,core_registry_queue,,0.96,CURRENT_OR_UNDATED,Same-publisher row association; not corporate ownership.
REL-127,ENT-outpost-storage,ENT-hecate-energy-outpost-storage,PROJECT_DEVELOPER,23INR0209,core_registry_queue,,0.96,CURRENT_OR_UNDATED,Same-publisher row association; not corporate ownership.
REL-128,ENT-frye-storage,ENT-hecate-energy-frye-storage,PROJECT_DEVELOPER,22INR0402,core_registry_queue,,0.96,CURRENT_OR_UNDATED,Same-publisher row association; not corporate ownership.
REL-129,ENT-hiru-storage,ENT-hecate-energy-hazel,PROJECT_DEVELOPER,24INR0444,core_registry_queue,,0.96,CURRENT_OR_UNDATED,Same-publisher row association; not corporate ownership.
REL-130,ENT-harley-hand-storage,ENT-hecate-energy-harley-hand-storage,PROJECT_DEVELOPER,23INR0214,core_registry_queue,,0.96,CURRENT_OR_UNDATED,Same-publisher row association; not corporate ownership.
REL-131,ENT-pinnington-storage,ENT-hecate-energy-longhorn-storage,PROJECT_DEVELOPER,24INR0011,core_registry_queue,,0.96,CURRENT_OR_UNDATED,Same-publisher row association; not corporate ownership.
REL-132,ENT-orbit-energy-storage,ENT-gci-orbit-energy-storage,PROJECT_DEVELOPER,27INR0082,core_registry_queue,,0.96,CURRENT_OR_UNDATED,Same-publisher row association; not corporate ownership.
REL-133,ENT-freedom-falcon-bess,ENT-falcon-bess,PROJECT_DEVELOPER,26INR0107,core_registry_queue,,0.96,CURRENT_OR_UNDATED,Same-publisher row association; not corporate ownership.
REL-134,ENT-belterra-energy-storage,ENT-not-published-in-caiso-cluster-request-list,PROJECT_DEVELOPER,2333,core_registry_queue,,0.96,CURRENT_OR_UNDATED,Same-publisher row association; not corporate ownership.
REL-135,ENT-alisa-solar-energy-complex-2,ENT-not-published-in-caiso-cluster-request-list,PROJECT_DEVELOPER,2207,core_registry_queue,,0.96,CURRENT_OR_UNDATED,Same-publisher row association; not corporate ownership.
REL-136,ENT-chronos-energy-storage,ENT-not-published-in-caiso-cluster-request-list,PROJECT_DEVELOPER,2306,core_registry_queue,,0.96,CURRENT_OR_UNDATED,Same-publisher row association; not corporate ownership.
REL-137,ENT-battery-storage,ENT-not-published-in-iso-ne-irtt-public-queue,PROJECT_DEVELOPER,1567,core_registry_queue,,0.96,CURRENT_OR_UNDATED,Same-publisher row association; not corporate ownership.
REL-138,ENT-battery-storage,ENT-not-published-in-iso-ne-irtt-public-queue,PROJECT_DEVELOPER,1543,core_registry_queue,,0.96,CURRENT_OR_UNDATED,Same-publisher row association; not corporate ownership.
REL-139,ENT-yacht-rock,ENT-not-published-in-caiso-cluster-request-list,PROJECT_DEVELOPER,2352,core_registry_queue,,0.96,CURRENT_OR_UNDATED,Same-publisher row association; not corporate ownership.
REL-140,ENT-dove-cove,ENT-not-published-in-caiso-cluster-request-list,PROJECT_DEVELOPER,2286,core_registry_queue,,0.96,CURRENT_OR_UNDATED,Same-publisher row association; not corporate ownership.
REL-141,ENT-ramsey-storage,ENT-hecate-energy-ramsey-storage,PROJECT_DEVELOPER,21INR0505,core_registry_queue,,0.96,CURRENT_OR_UNDATED,Same-publisher row association; not corporate ownership.
REL-142,ENT-lyra-storage,ENT-juno-bess-i,PROJECT_DEVELOPER,26INR0636,core_registry_queue,,0.96,CURRENT_OR_UNDATED,Same-publisher row association; not corporate ownership.
REL-143,ENT-conastone-500-kv,ENT-not-published-in-pjm-queue-export,PROJECT_DEVELOPER,AH1-725 - moved to TC2,core_registry_queue,,0.96,CURRENT_OR_UNDATED,Same-publisher row association; not corporate ownership.
REL-144,ENT-dickerson-230-kv,ENT-not-published-in-pjm-queue-export,PROJECT_DEVELOPER,AG1-483 - moved to TC1,core_registry_queue,,0.96,CURRENT_OR_UNDATED,Same-publisher row association; not corporate ownership.
REL-145,ENT-victory-ellis-bess,ENT-victory-ellis,PROJECT_DEVELOPER,28INR0529,core_registry_queue,,0.96,CURRENT_OR_UNDATED,Same-publisher row association; not corporate ownership.
REL-146,ENT-project-ont1,ENT-qts-data-centers,PROJECT_DEVELOPER,2026-866,core_registry_queue,,0.96,CURRENT_OR_UNDATED,Same-publisher row association; not corporate ownership.
REL-147,ENT-shoals-energy-storage-2,ENT-not-published-in-caiso-cluster-request-list,PROJECT_DEVELOPER,2293,core_registry_queue,,0.96,CURRENT_OR_UNDATED,Same-publisher row association; not corporate ownership.
REL-148,ENT-bristlecone,ENT-not-published-in-caiso-cluster-request-list,PROJECT_DEVELOPER,2257,core_registry_queue,,0.96,CURRENT_OR_UNDATED,Same-publisher row association; not corporate ownership.
REL-149,ENT-zeus-spade-bess,ENT-spade-bess,PROJECT_DEVELOPER,26INR0387,core_registry_queue,,0.96,CURRENT_OR_UNDATED,Same-publisher row association; not corporate ownership.
REL-150,ENT-magnet-storage,ENT-hyfuels-big-spring,PROJECT_DEVELOPER,28INR0298,core_registry_queue,,0.96,CURRENT_OR_UNDATED,Same-publisher row association; not corporate ownership.
REL-151,ENT-brambleton-goose-creek-500kv,ENT-not-published-in-pjm-queue-export,PROJECT_DEVELOPER,AH1-727 - moved to TC2,core_registry_queue,,0.96,CURRENT_OR_UNDATED,Same-publisher row association; not corporate ownership.
REL-152,ENT-coruscant-bess,ENT-aeu-battery-project-iii,PROJECT_DEVELOPER,27INR0195,core_registry_queue,,0.96,CURRENT_OR_UNDATED,Same-publisher row association; not corporate ownership.
REL-153,ENT-western-flats-storage,ENT-hecate-energy-point-mountain-solar-facility-1,PROJECT_DEVELOPER,26INR0188,core_registry_queue,,0.96,CURRENT_OR_UNDATED,Same-publisher row association; not corporate ownership.
REL-154,ENT-operation-sunshine-storage,ENT-duck-creek-storage,PROJECT_DEVELOPER,26INR0357,core_registry_queue,,0.96,CURRENT_OR_UNDATED,Same-publisher row association; not corporate ownership.
REL-155,ENT-mccamey-s-castle-battery,ENT-castle-storage,PROJECT_DEVELOPER,25INR0557,core_registry_queue,,0.96,CURRENT_OR_UNDATED,Same-publisher row association; not corporate ownership.
REL-156,ENT-beacon-storage,ENT-aes-distributed-energy,PROJECT_DEVELOPER,23INR0127,core_registry_queue,,0.96,CURRENT_OR_UNDATED,Same-publisher row association; not corporate ownership.
REL-157,ENT-sigma-storage,ENT-aes-distributed-energy,PROJECT_DEVELOPER,23INR0126,core_registry_queue,,0.96,CURRENT_OR_UNDATED,Same-publisher row association; not corporate ownership.
REL-158,ENT-dragan-storage,ENT-hecate-grid-dragan-storage,PROJECT_DEVELOPER,22INR0400,core_registry_queue,,0.96,CURRENT_OR_UNDATED,Same-publisher row association; not corporate ownership.
REL-159,ENT-18-bravo-bess,ENT-scout-energy-management,PROJECT_DEVELOPER,28INR0327,core_registry_queue,,0.96,CURRENT_OR_UNDATED,Same-publisher row association; not corporate ownership.
REL-160,ENT-claire-bess,ENT-brp-blue-topaz-3,PROJECT_DEVELOPER,24INR0500,core_registry_queue,,0.96,CURRENT_OR_UNDATED,Same-publisher row association; not corporate ownership.
REL-161,ENT-merope-bess,ENT-brp-merope-bess,PROJECT_DEVELOPER,24INR0157,core_registry_queue,,0.96,CURRENT_OR_UNDATED,Same-publisher row association; not corporate ownership.
REL-162,ENT-grey-owl-storage,ENT-shift-solar,PROJECT_DEVELOPER,2024-794,core_registry_queue,,0.96,CURRENT_OR_UNDATED,Same-publisher row association; not corporate ownership.
REL-163,ENT-carissalito-creek,ENT-not-published-in-caiso-cluster-request-list,PROJECT_DEVELOPER,2370,core_registry_queue,,0.96,CURRENT_OR_UNDATED,Same-publisher row association; not corporate ownership.
REL-164,ENT-amanece,ENT-not-published-in-caiso-cluster-request-list,PROJECT_DEVELOPER,2328,core_registry_queue,,0.96,CURRENT_OR_UNDATED,Same-publisher row association; not corporate ownership.
REL-165,ENT-maravillosa-2,ENT-not-published-in-caiso-cluster-request-list,PROJECT_DEVELOPER,2361,core_registry_queue,,0.96,CURRENT_OR_UNDATED,Same-publisher row association; not corporate ownership.
REL-166,ENT-matterhorn,ENT-not-published-in-caiso-cluster-request-list,PROJECT_DEVELOPER,2366,core_registry_queue,,0.96,CURRENT_OR_UNDATED,Same-publisher row association; not corporate ownership.
REL-167,ENT-shallow-seam-bess,ENT-shallow-seam-energy-storage,PROJECT_DEVELOPER,C24-233,core_registry_queue,,0.96,CURRENT_OR_UNDATED,Same-publisher row association; not corporate ownership.
REL-168,ENT-mission-station-energy-storage-ii,ENT-mission-station,PROJECT_DEVELOPER,28INR0475,core_registry_queue,,0.96,CURRENT_OR_UNDATED,Same-publisher row association; not corporate ownership.
REL-169,ENT-mission-station-energy-storage-i,ENT-mission-station,PROJECT_DEVELOPER,28INR0474,core_registry_queue,,0.96,CURRENT_OR_UNDATED,Same-publisher row association; not corporate ownership.
REL-170,ENT-panhandle-flagship-storage,ENT-panhandle-solar-group-operating,PROJECT_DEVELOPER,27INR0025,core_registry_queue,,0.96,CURRENT_OR_UNDATED,Same-publisher row association; not corporate ownership.
REL-171,ENT-stable,ENT-not-published-in-caiso-cluster-request-list,PROJECT_DEVELOPER,2250,core_registry_queue,,0.96,CURRENT_OR_UNDATED,Same-publisher row association; not corporate ownership.
REL-172,ENT-sunglow,ENT-not-published-in-caiso-cluster-request-list,PROJECT_DEVELOPER,2260,core_registry_queue,,0.96,CURRENT_OR_UNDATED,Same-publisher row association; not corporate ownership.
REL-173,ENT-aldrin-345-bess,ENT-aldrin-energy-storage,PROJECT_DEVELOPER,25INR0425,core_registry_queue,,0.96,CURRENT_OR_UNDATED,Same-publisher row association; not corporate ownership.
REL-174,ENT-moonraker,ENT-not-published-in-caiso-cluster-request-list,PROJECT_DEVELOPER,2246,core_registry_queue,,0.96,CURRENT_OR_UNDATED,Same-publisher row association; not corporate ownership.
REL-175,ENT-east-wonder,ENT-not-published-in-caiso-cluster-request-list,PROJECT_DEVELOPER,2342,core_registry_queue,,0.96,CURRENT_OR_UNDATED,Same-publisher row association; not corporate ownership.
REL-176,ENT-zama,ENT-not-published-in-caiso-cluster-request-list,PROJECT_DEVELOPER,2247,core_registry_queue,,0.96,CURRENT_OR_UNDATED,Same-publisher row association; not corporate ownership.
REL-177,ENT-resilient-new-york-energy-storage,ENT-resilient-new-york-storage-by-hanwha-energy-usa,PROJECT_DEVELOPER,C24-283,core_registry_queue,,0.96,CURRENT_OR_UNDATED,Same-publisher row association; not corporate ownership.
REL-178,ENT-briggs-storage,ENT-ip-quantum-iii,PROJECT_DEVELOPER,24INR0058,core_registry_queue,,0.96,CURRENT_OR_UNDATED,Same-publisher row association; not corporate ownership.
REL-179,ENT-kilby1-part-2-tier1-bess,ENT-energy-forge-one,PROJECT_DEVELOPER,28INR0457,core_registry_queue,,0.96,CURRENT_OR_UNDATED,Same-publisher row association; not corporate ownership.
REL-180,ENT-solace-storage,ENT-ip-quantum-bess,PROJECT_DEVELOPER,26INR0309,core_registry_queue,,0.96,CURRENT_OR_UNDATED,Same-publisher row association; not corporate ownership.
REL-181,ENT-quantum-storage,ENT-ip-quantum-ii-bess,PROJECT_DEVELOPER,26INR0310,core_registry_queue,,0.96,CURRENT_OR_UNDATED,Same-publisher row association; not corporate ownership.
REL-182,ENT-marguerite-lake-cae-storage,ENT-not-published-in-aeso-connection-project-list,PROJECT_DEVELOPER,P2845,core_registry_queue,,0.96,CURRENT_OR_UNDATED,Same-publisher row association; not corporate ownership.
REL-183,ENT-marguerite-lake-compressed-air-phase-2,ENT-not-published-in-aeso-connection-project-list,PROJECT_DEVELOPER,P3046,core_registry_queue,,0.96,CURRENT_OR_UNDATED,Same-publisher row association; not corporate ownership.
REL-184,ENT-elio-bess,ENT-elio-energy,PROJECT_DEVELOPER,25INR0103,core_registry_queue,,0.96,CURRENT_OR_UNDATED,Same-publisher row association; not corporate ownership.
REL-185,ENT-sweetgrass-mpc-solar-battery,ENT-not-published-in-aeso-connection-project-list,PROJECT_DEVELOPER,P2619,core_registry_queue,,0.96,CURRENT_OR_UNDATED,Same-publisher row association; not corporate ownership.
REL-186,ENT-white-bright-bess,ENT-vln,PROJECT_DEVELOPER,26INR0605,core_registry_queue,,0.96,CURRENT_OR_UNDATED,Same-publisher row association; not corporate ownership.
REL-187,ENT-diablo-campo-storage,ENT-diablo-campo-energy-center,PROJECT_DEVELOPER,27INR0149,core_registry_queue,,0.96,CURRENT_OR_UNDATED,Same-publisher row association; not corporate ownership.
REL-188,ENT-texas-deepwater-bess,ENT-tdwp-partners,PROJECT_DEVELOPER,29INR0245,core_registry_queue,,0.96,CURRENT_OR_UNDATED,Same-publisher row association; not corporate ownership.
REL-189,ENT-wild-paw-storage,ENT-wild-paw-energy-center,PROJECT_DEVELOPER,28INR0075,core_registry_queue,,0.96,CURRENT_OR_UNDATED,Same-publisher row association; not corporate ownership.
REL-190,ENT-mistflower-energy-center-storage,ENT-mistflower-energy-center,PROJECT_DEVELOPER,30INR0089,core_registry_queue,,0.96,CURRENT_OR_UNDATED,Same-publisher row association; not corporate ownership.
REL-191,ENT-royal-river-bess,ENT-royal-river,PROJECT_DEVELOPER,24INR0282,core_registry_queue,,0.96,CURRENT_OR_UNDATED,Same-publisher row association; not corporate ownership.
REL-192,ENT-red-egret-bess,ENT-red-egret,PROJECT_DEVELOPER,24INR0281,core_registry_queue,,0.96,CURRENT_OR_UNDATED,Same-publisher row association; not corporate ownership.
REL-193,ENT-crater-bess,ENT-brp-crater-bess,PROJECT_DEVELOPER,22INR0347,core_registry_queue,,0.96,CURRENT_OR_UNDATED,Same-publisher row association; not corporate ownership.
REL-194,ENT-oak-tree-energy-storage,ENT-live-oak-energy-storage,PROJECT_DEVELOPER,27INR0091,core_registry_queue,,0.96,CURRENT_OR_UNDATED,Same-publisher row association; not corporate ownership.
REL-195,ENT-prairie-branch-bess,ENT-prairie-branch-energy,PROJECT_DEVELOPER,28INR0423,core_registry_queue,,0.96,CURRENT_OR_UNDATED,Same-publisher row association; not corporate ownership.
REL-196,ENT-sweetheart-bess,ENT-sweetheart-energy,PROJECT_DEVELOPER,29INR0172,core_registry_queue,,0.96,CURRENT_OR_UNDATED,Same-publisher row association; not corporate ownership.
REL-197,ENT-two-forks-bess,ENT-two-forks,PROJECT_DEVELOPER,24INR0198,core_registry_queue,,0.96,CURRENT_OR_UNDATED,Same-publisher row association; not corporate ownership.
REL-198,ENT-mensa-bess,ENT-brp-mensa-bess,PROJECT_DEVELOPER,22INR0365,core_registry_queue,,0.96,CURRENT_OR_UNDATED,Same-publisher row association; not corporate ownership.
REL-199,ENT-seine-bess,ENT-brp-seine-bess,PROJECT_DEVELOPER,23INR0140,core_registry_queue,,0.96,CURRENT_OR_UNDATED,Same-publisher row association; not corporate ownership.
REL-200,ENT-buffalo-prairie-storage,ENT-buffalo-meadow-energy-center,PROJECT_DEVELOPER,25INR0288,core_registry_queue,,0.96,CURRENT_OR_UNDATED,Same-publisher row association; not corporate ownership.
REL-201,ENT-18-alpha-bess,ENT-scout-energy-management,PROJECT_DEVELOPER,28INR0328,core_registry_queue,,0.96,CURRENT_OR_UNDATED,Same-publisher row association; not corporate ownership.
REL-202,ENT-clay-county-yang-storage,ENT-dm-ccy,PROJECT_DEVELOPER,26INR0612,core_registry_queue,,0.96,CURRENT_OR_UNDATED,Same-publisher row association; not corporate ownership.
REL-203,ENT-team-ranch-storage,ENT-baf-storage,PROJECT_DEVELOPER,24INR0763,core_registry_queue,,0.96,CURRENT_OR_UNDATED,Same-publisher row association; not corporate ownership.
REL-204,ENT-axtell-bess,ENT-pp-axtell-bess,PROJECT_DEVELOPER,28INR0157,core_registry_queue,,0.96,CURRENT_OR_UNDATED,Same-publisher row association; not corporate ownership.
REL-205,ENT-cuchillas-bess,ENT-gransolar-texas-two,PROJECT_DEVELOPER,27INR0077,core_registry_queue,,0.96,CURRENT_OR_UNDATED,Same-publisher row association; not corporate ownership.
REL-206,ENT-blue-skies-bess,ENT-actx-bess-project,PROJECT_DEVELOPER,25INR0046,core_registry_queue,,0.96,CURRENT_OR_UNDATED,Same-publisher row association; not corporate ownership.
REL-207,ENT-straight-spur-storage,ENT-engie-ir,PROJECT_DEVELOPER,27INR0386,core_registry_queue,,0.96,CURRENT_OR_UNDATED,Same-publisher row association; not corporate ownership.
REL-208,ENT-photon-bess-repowering,ENT-gulfstar-power,PROJECT_DEVELOPER,26INR0725,core_registry_queue,,0.96,CURRENT_OR_UNDATED,Same-publisher row association; not corporate ownership.
REL-209,ENT-furay-battery-energy-storage-system,ENT-blue-topaz-1,PROJECT_DEVELOPER,24INR0413,core_registry_queue,,0.96,CURRENT_OR_UNDATED,Same-publisher row association; not corporate ownership.
REL-210,ENT-soluce-bravo-storage,ENT-bnpb1,PROJECT_DEVELOPER,28INR0270,core_registry_queue,,0.96,CURRENT_OR_UNDATED,Same-publisher row association; not corporate ownership.
REL-211,ENT-brantley-branch-batt,ENT-brantley-branch,PROJECT_DEVELOPER,22INR0332,core_registry_queue,,0.96,CURRENT_OR_UNDATED,Same-publisher row association; not corporate ownership.
REL-212,ENT-outrider-bess,ENT-sanders-hollow-energy-center,PROJECT_DEVELOPER,28INR0288,core_registry_queue,,0.96,CURRENT_OR_UNDATED,Same-publisher row association; not corporate ownership.
REL-213,ENT-dairyland-storage,ENT-engie-ir,PROJECT_DEVELOPER,27INR0451,core_registry_queue,,0.96,CURRENT_OR_UNDATED,Same-publisher row association; not corporate ownership.
REL-214,ENT-quela-bess,ENT-brp-quela-bess,PROJECT_DEVELOPER,22INR0423,core_registry_queue,,0.96,CURRENT_OR_UNDATED,Same-publisher row association; not corporate ownership.
REL-215,ENT-gulf-gateway-storage-one,ENT-gulf-gateway-storage,PROJECT_DEVELOPER,27INR0556,core_registry_queue,,0.96,CURRENT_OR_UNDATED,Same-publisher row association; not corporate ownership.
REL-216,ENT-rubicon-power-bess,ENT-rubicon-power,PROJECT_DEVELOPER,27INR0096,core_registry_queue,,0.96,CURRENT_OR_UNDATED,Same-publisher row association; not corporate ownership.
REL-217,ENT-acker-bess,ENT-ogallala-bess,PROJECT_DEVELOPER,25INR0460,core_registry_queue,,0.96,CURRENT_OR_UNDATED,Same-publisher row association; not corporate ownership.
REL-218,ENT-old-aqueduct-batt,ENT-old-aqueduct,PROJECT_DEVELOPER,22INR0330,core_registry_queue,,0.96,CURRENT_OR_UNDATED,Same-publisher row association; not corporate ownership.
REL-219,ENT-old-aqueduct-bess-ii,ENT-tempus-power-management,PROJECT_DEVELOPER,28INR0498,core_registry_queue,,0.96,CURRENT_OR_UNDATED,Same-publisher row association; not corporate ownership.
REL-220,ENT-great-rock-bess,ENT-great-rock-storage,PROJECT_DEVELOPER,25INR0230,core_registry_queue,,0.96,CURRENT_OR_UNDATED,Same-publisher row association; not corporate ownership.
REL-221,ENT-san-patricio-energy-center-bess,ENT-ferrovial-energy-us-1,PROJECT_DEVELOPER,29INR0227,core_registry_queue,,0.96,CURRENT_OR_UNDATED,Same-publisher row association; not corporate ownership.
REL-222,ENT-brazos-energy-center-2,ENT-ferrovial-energy-us-1,PROJECT_DEVELOPER,29INR0230,core_registry_queue,,0.96,CURRENT_OR_UNDATED,Same-publisher row association; not corporate ownership.
REL-223,ENT-brazos-energy-center-1,ENT-ferrovial-energy-us-1,PROJECT_DEVELOPER,29INR0229,core_registry_queue,,0.96,CURRENT_OR_UNDATED,Same-publisher row association; not corporate ownership.
REL-224,ENT-northland-power-jurassic-mpc-solar-battery,ENT-not-published-in-aeso-connection-project-list,PROJECT_DEVELOPER,P2411,core_registry_queue,,0.96,CURRENT_OR_UNDATED,Same-publisher row association; not corporate ownership.
REL-225,ENT-sugar-loaf-energy-storage-i,ENT-hambletonian-energy-storage,PROJECT_DEVELOPER,C24-358,core_registry_queue,,0.96,CURRENT_OR_UNDATED,Same-publisher row association; not corporate ownership.
REL-226,ENT-maestro,ENT-not-published-in-caiso-cluster-request-list,PROJECT_DEVELOPER,2356,core_registry_queue,,0.96,CURRENT_OR_UNDATED,Same-publisher row association; not corporate ownership.
REL-227,ENT-twinkle,ENT-not-published-in-caiso-cluster-request-list,PROJECT_DEVELOPER,2317,core_registry_queue,,0.96,CURRENT_OR_UNDATED,Same-publisher row association; not corporate ownership.
REL-228,ENT-midbishop,ENT-not-published-in-caiso-cluster-request-list,PROJECT_DEVELOPER,2362,core_registry_queue,,0.96,CURRENT_OR_UNDATED,Same-publisher row association; not corporate ownership.
REL-229,ENT-swiss-valley-energy-storage,ENT-sawhall-energy-storage,PROJECT_DEVELOPER,C24-352,core_registry_queue,,0.96,CURRENT_OR_UNDATED,Same-publisher row association; not corporate ownership.
REL-230,ENT-brown-bear,ENT-not-published-in-caiso-cluster-request-list,PROJECT_DEVELOPER,2336,core_registry_queue,,0.96,CURRENT_OR_UNDATED,Same-publisher row association; not corporate ownership.
REL-231,ENT-lite-brite-battery-storage,ENT-not-published-in-iso-ne-irtt-public-queue,PROJECT_DEVELOPER,1148,core_registry_queue,,0.96,CURRENT_OR_UNDATED,Same-publisher row association; not corporate ownership.
REL-232,ENT-battery-storage,ENT-not-published-in-iso-ne-irtt-public-queue,PROJECT_DEVELOPER,1238,core_registry_queue,,0.96,CURRENT_OR_UNDATED,Same-publisher row association; not corporate ownership.
REL-233,ENT-duran,ENT-not-published-in-caiso-cluster-request-list,PROJECT_DEVELOPER,2351,core_registry_queue,,0.96,CURRENT_OR_UNDATED,Same-publisher row association; not corporate ownership.
REL-234,ENT-blue-star,ENT-not-published-in-caiso-cluster-request-list,PROJECT_DEVELOPER,2298,core_registry_queue,,0.96,CURRENT_OR_UNDATED,Same-publisher row association; not corporate ownership.
REL-235,ENT-galadriel,ENT-not-published-in-caiso-cluster-request-list,PROJECT_DEVELOPER,2297,core_registry_queue,,0.96,CURRENT_OR_UNDATED,Same-publisher row association; not corporate ownership.
REL-236,ENT-willard-storage,ENT-emeren-us,PROJECT_DEVELOPER,C24-148,core_registry_queue,,0.96,CURRENT_OR_UNDATED,Same-publisher row association; not corporate ownership.
REL-237,ENT-jackrabbit-power-bank,ENT-not-published-in-caiso-cluster-request-list,PROJECT_DEVELOPER,2263,core_registry_queue,,0.96,CURRENT_OR_UNDATED,Same-publisher row association; not corporate ownership.
REL-238,ENT-brookside-forest,ENT-brookside-forest-energy-storage,PROJECT_DEVELOPER,C26-0020,core_registry_queue,,0.96,CURRENT_OR_UNDATED,Same-publisher row association; not corporate ownership.
REL-239,ENT-dolcy-mpc-solar-and-storage,ENT-not-published-in-aeso-connection-project-list,PROJECT_DEVELOPER,P2553,core_registry_queue,,0.96,CURRENT_OR_UNDATED,Same-publisher row association; not corporate ownership.
REL-240,ENT-new-freedom-monroe-230-kv,ENT-not-published-in-pjm-queue-export,PROJECT_DEVELOPER,AH1-260 - moved to TC2,core_registry_queue,,0.96,CURRENT_OR_UNDATED,Same-publisher row association; not corporate ownership.
REL-241,ENT-camino-ranch-storage-slf,ENT-camino-solar-ranch,PROJECT_DEVELOPER,24INR0420,core_registry_queue,,0.96,CURRENT_OR_UNDATED,Same-publisher row association; not corporate ownership.
REL-242,ENT-battery-storage,ENT-not-published-in-iso-ne-irtt-public-queue,PROJECT_DEVELOPER,1515,core_registry_queue,,0.96,CURRENT_OR_UNDATED,Same-publisher row association; not corporate ownership.
REL-243,ENT-tres-rios-ranch-bess,ENT-lectricwind,PROJECT_DEVELOPER,25INR0451,core_registry_queue,,0.96,CURRENT_OR_UNDATED,Same-publisher row association; not corporate ownership.
REL-244,ENT-sienna-3,ENT-not-published-in-caiso-cluster-request-list,PROJECT_DEVELOPER,2268,core_registry_queue,,0.96,CURRENT_OR_UNDATED,Same-publisher row association; not corporate ownership.
REL-245,ENT-baker-branch-bess,ENT-mockingbird-storage-center,PROJECT_DEVELOPER,27INR0409,core_registry_queue,,0.96,CURRENT_OR_UNDATED,Same-publisher row association; not corporate ownership.
REL-246,ENT-fierce-river-bess,ENT-rio-grande-solar,PROJECT_DEVELOPER,27INR0222,core_registry_queue,,0.96,CURRENT_OR_UNDATED,Same-publisher row association; not corporate ownership.
REL-247,ENT-sunnynook-solar-battery,ENT-not-published-in-aeso-connection-project-list,PROJECT_DEVELOPER,P2464,core_registry_queue,,0.96,CURRENT_OR_UNDATED,Same-publisher row association; not corporate ownership.
REL-248,ENT-unicorn-bess,ENT-unicorn-energies,PROJECT_DEVELOPER,27INR0142,core_registry_queue,,0.96,CURRENT_OR_UNDATED,Same-publisher row association; not corporate ownership.
REL-249,ENT-leopard-bess,ENT-bobcat-energy-center,PROJECT_DEVELOPER,27INR0224,core_registry_queue,,0.96,CURRENT_OR_UNDATED,Same-publisher row association; not corporate ownership.
REL-250,ENT-trailblazer-bess,ENT-trailblazer-infrastructure,PROJECT_DEVELOPER,27INR0576,core_registry_queue,,0.96,CURRENT_OR_UNDATED,Same-publisher row association; not corporate ownership.
REL-251,ENT-enfinity-juniper-storage,ENT-eg-juniper,PROJECT_DEVELOPER,29INR0211,core_registry_queue,,0.96,CURRENT_OR_UNDATED,Same-publisher row association; not corporate ownership.
REL-252,ENT-drake-bess,ENT-mallard-energy-storage,PROJECT_DEVELOPER,25INR0101,core_registry_queue,,0.96,CURRENT_OR_UNDATED,Same-publisher row association; not corporate ownership.
REL-253,ENT-masava-storage,ENT-savannah-oaks-solar-project,PROJECT_DEVELOPER,25INR0176,core_registry_queue,,0.96,CURRENT_OR_UNDATED,Same-publisher row association; not corporate ownership.
REL-254,ENT-rex-storage,ENT-rex-bess,PROJECT_DEVELOPER,26INR0503,core_registry_queue,,0.96,CURRENT_OR_UNDATED,Same-publisher row association; not corporate ownership.
REL-255,ENT-hastings-park-bess,ENT-brazos-roots-bess,PROJECT_DEVELOPER,26INR0551,core_registry_queue,,0.96,CURRENT_OR_UNDATED,Same-publisher row association; not corporate ownership.
REL-256,ENT-sunburst-bess,ENT-indigo-solar,PROJECT_DEVELOPER,28INR0181,core_registry_queue,,0.96,CURRENT_OR_UNDATED,Same-publisher row association; not corporate ownership.
REL-257,ENT-bell-county-morgan-storage,ENT-dm-bctrm,PROJECT_DEVELOPER,26INR0615,core_registry_queue,,0.96,CURRENT_OR_UNDATED,Same-publisher row association; not corporate ownership.
REL-258,ENT-nouveau-bess,ENT-ramz-bess,PROJECT_DEVELOPER,27INR0291,core_registry_queue,,0.96,CURRENT_OR_UNDATED,Same-publisher row association; not corporate ownership.
REL-259,ENT-champs-elysees-bess,ENT-champs-elysees-renewables,PROJECT_DEVELOPER,27INR0216,core_registry_queue,,0.96,CURRENT_OR_UNDATED,Same-publisher row association; not corporate ownership.
REL-260,ENT-maleza-storage-ii,ENT-brush-storage,PROJECT_DEVELOPER,25INR0582,core_registry_queue,,0.96,CURRENT_OR_UNDATED,Same-publisher row association; not corporate ownership.
REL-261,ENT-van-zandt-energy-storage,ENT-rocky-mountain-energy,PROJECT_DEVELOPER,25INR0301,core_registry_queue,,0.96,CURRENT_OR_UNDATED,Same-publisher row association; not corporate ownership.
REL-262,ENT-zeya-bess,ENT-brp-zeya-bess,PROJECT_DEVELOPER,23INR0290,core_registry_queue,,0.96,CURRENT_OR_UNDATED,Same-publisher row association; not corporate ownership.
REL-263,ENT-powervault-bess,ENT-smt-elm-mott-bess,PROJECT_DEVELOPER,26INR0422,core_registry_queue,,0.96,CURRENT_OR_UNDATED,Same-publisher row association; not corporate ownership.
REL-264,ENT-grand-mesa-bess,ENT-perry-green-power,PROJECT_DEVELOPER,26INR0550,core_registry_queue,,0.96,CURRENT_OR_UNDATED,Same-publisher row association; not corporate ownership.
REL-265,ENT-little-ridge-storage,ENT-tx-bess-b,PROJECT_DEVELOPER,25INR0238,core_registry_queue,,0.96,CURRENT_OR_UNDATED,Same-publisher row association; not corporate ownership.
REL-266,ENT-eval-storage,ENT-hecate-grid-east-valley-storage,PROJECT_DEVELOPER,22INR0401,core_registry_queue,,0.96,CURRENT_OR_UNDATED,Same-publisher row association; not corporate ownership.
REL-267,ENT-ogalalla-storage,ENT-hecate-energy-ogalalla-solar,PROJECT_DEVELOPER,27INR0143,core_registry_queue,,0.96,CURRENT_OR_UNDATED,Same-publisher row association; not corporate ownership.
REL-268,ENT-juniper-ridge-bess-1,ENT-lazy-u-ess-1,PROJECT_DEVELOPER,26INR0173,core_registry_queue,,0.96,CURRENT_OR_UNDATED,Same-publisher row association; not corporate ownership.
REL-269,ENT-juniper-ridge-bess-2,ENT-lazy-u-ess-2,PROJECT_DEVELOPER,26INR0174,core_registry_queue,,0.96,CURRENT_OR_UNDATED,Same-publisher row association; not corporate ownership.
REL-270,ENT-althea-storage,ENT-sugaree-solar,PROJECT_DEVELOPER,27INR0465,core_registry_queue,,0.96,CURRENT_OR_UNDATED,Same-publisher row association; not corporate ownership.
REL-271,ENT-fort-concho-energy-storage,ENT-rocky-mountain-energy-development,PROJECT_DEVELOPER,25INR0339,core_registry_queue,,0.96,CURRENT_OR_UNDATED,Same-publisher row association; not corporate ownership.
REL-272,ENT-sparta-bess,ENT-sparta-storage-center,PROJECT_DEVELOPER,28INR0485,core_registry_queue,,0.96,CURRENT_OR_UNDATED,Same-publisher row association; not corporate ownership.
REL-273,ENT-clay-energy-storage-1,ENT-terra-gen-development,PROJECT_DEVELOPER,C26-0022,core_registry_queue,,0.96,CURRENT_OR_UNDATED,Same-publisher row association; not corporate ownership.
REL-274,ENT-arch-5,ENT-terra-gen-development,PROJECT_DEVELOPER,C26-0016,core_registry_queue,,0.96,CURRENT_OR_UNDATED,Same-publisher row association; not corporate ownership.
REL-275,ENT-alcazar-3,ENT-terra-gen-development,PROJECT_DEVELOPER,C26-0013,core_registry_queue,,0.96,CURRENT_OR_UNDATED,Same-publisher row association; not corporate ownership.
REL-276,ENT-annapurna,ENT-not-published-in-caiso-cluster-request-list,PROJECT_DEVELOPER,2244,core_registry_queue,,0.96,CURRENT_OR_UNDATED,Same-publisher row association; not corporate ownership.
REL-277,ENT-fika,ENT-not-published-in-caiso-cluster-request-list,PROJECT_DEVELOPER,2216,core_registry_queue,,0.96,CURRENT_OR_UNDATED,Same-publisher row association; not corporate ownership.
REL-278,ENT-bolt,ENT-not-published-in-caiso-cluster-request-list,PROJECT_DEVELOPER,2248,core_registry_queue,,0.96,CURRENT_OR_UNDATED,Same-publisher row association; not corporate ownership.
REL-279,ENT-battery-storage,ENT-not-published-in-iso-ne-irtt-public-queue,PROJECT_DEVELOPER,1365,core_registry_queue,,0.96,CURRENT_OR_UNDATED,Same-publisher row association; not corporate ownership.
REL-280,ENT-sounding-creek-solar-battery,ENT-not-published-in-aeso-connection-project-list,PROJECT_DEVELOPER,P2707,core_registry_queue,,0.96,CURRENT_OR_UNDATED,Same-publisher row association; not corporate ownership.
REL-281,ENT-valley-edge-battery,ENT-not-published-in-aeso-connection-project-list,PROJECT_DEVELOPER,P3034,core_registry_queue,,0.96,CURRENT_OR_UNDATED,Same-publisher row association; not corporate ownership.
REL-282,ENT-hecate-energy-eastern-ave-energy-center,ENT-not-published-in-iso-ne-irtt-public-queue,PROJECT_DEVELOPER,1115,core_registry_queue,,0.96,CURRENT_OR_UNDATED,Same-publisher row association; not corporate ownership.
REL-283,ENT-zeitgeist-k-energy-center,ENT-not-published-in-caiso-cluster-request-list,PROJECT_DEVELOPER,2264,core_registry_queue,,0.96,CURRENT_OR_UNDATED,Same-publisher row association; not corporate ownership.
REL-284,ENT-lighthouse-energy-storage,ENT-lighthouse-battery,PROJECT_DEVELOPER,C24-074,core_registry_queue,,0.96,CURRENT_OR_UNDATED,Same-publisher row association; not corporate ownership.
REL-285,ENT-rosenix-storage,ENT-rosenix-solar,PROJECT_DEVELOPER,29INR0213,core_registry_queue,,0.96,CURRENT_OR_UNDATED,Same-publisher row association; not corporate ownership.
REL-286,ENT-broadford-138-kv,ENT-not-published-in-pjm-queue-export,PROJECT_DEVELOPER,AG2-360 - moved to TC2,core_registry_queue,,0.96,CURRENT_OR_UNDATED,Same-publisher row association; not corporate ownership.
REL-287,ENT-cascade-storage,ENT-oyster-creek,PROJECT_DEVELOPER,23INR0376,core_registry_queue,,0.96,CURRENT_OR_UNDATED,Same-publisher row association; not corporate ownership.
REL-288,ENT-la-morena-energy-center-bess,ENT-adapture-solar-development,PROJECT_DEVELOPER,30INR0042,core_registry_queue,,0.96,CURRENT_OR_UNDATED,Same-publisher row association; not corporate ownership.
REL-289,ENT-raritan-river-115-kv,ENT-not-published-in-pjm-queue-export,PROJECT_DEVELOPER,AF2-413,core_registry_queue,,0.96,CURRENT_OR_UNDATED,Same-publisher row association; not corporate ownership.
REL-290,ENT-east-setauket-storage-ii,ENT-east-setauket-energy-storage,PROJECT_DEVELOPER,C24-183,core_registry_queue,,0.96,CURRENT_OR_UNDATED,Same-publisher row association; not corporate ownership.
REL-291,ENT-bluewind-bess,ENT-bluewind-energy-center,PROJECT_DEVELOPER,27INR0396,core_registry_queue,,0.96,CURRENT_OR_UNDATED,Same-publisher row association; not corporate ownership.
REL-292,ENT-misty-hollow-bess,ENT-clear-fork-bess,PROJECT_DEVELOPER,26INR0324,core_registry_queue,,0.96,CURRENT_OR_UNDATED,Same-publisher row association; not corporate ownership.
REL-293,ENT-duffy-bess,ENT-duffy-energy-storage,PROJECT_DEVELOPER,26INR0250,core_registry_queue,,0.96,CURRENT_OR_UNDATED,Same-publisher row association; not corporate ownership.
REL-294,ENT-jane-storage-energy-center,ENT-nmre,PROJECT_DEVELOPER,26INR0247,core_registry_queue,,0.96,CURRENT_OR_UNDATED,Same-publisher row association; not corporate ownership.
REL-295,ENT-cantus,ENT-not-published-in-caiso-cluster-request-list,PROJECT_DEVELOPER,2280,core_registry_queue,,0.96,CURRENT_OR_UNDATED,Same-publisher row association; not corporate ownership.
REL-296,ENT-camino-ranch-storage-2-slf,ENT-camino-ranch-solar,PROJECT_DEVELOPER,26INR0257,core_registry_queue,,0.96,CURRENT_OR_UNDATED,Same-publisher row association; not corporate ownership.
REL-297,ENT-adelite-storage,ENT-adelite-storage-project,PROJECT_DEVELOPER,23INR0502,core_registry_queue,,0.96,CURRENT_OR_UNDATED,Same-publisher row association; not corporate ownership.
REL-298,ENT-taormina-storage,ENT-taormina-storage-project,PROJECT_DEVELOPER,23INR0479,core_registry_queue,,0.96,CURRENT_OR_UNDATED,Same-publisher row association; not corporate ownership.
REL-299,ENT-erie-canal-bess,ENT-rwe-solar-development,PROJECT_DEVELOPER,C24-364,core_registry_queue,,0.96,CURRENT_OR_UNDATED,Same-publisher row association; not corporate ownership.
REL-300,ENT-houston-bess,ENT-smt-houston,PROJECT_DEVELOPER,25INR0420,core_registry_queue,,0.96,CURRENT_OR_UNDATED,Same-publisher row association; not corporate ownership.
REL-301,ENT-dunkel-bess,ENT-momentum-energy-storage-partners,PROJECT_DEVELOPER,23INR0310,core_registry_queue,,0.96,CURRENT_OR_UNDATED,Same-publisher row association; not corporate ownership.
REL-302,ENT-cedar-draw-bess,ENT-cedar-draw-solar,PROJECT_DEVELOPER,27INR0193,core_registry_queue,,0.96,CURRENT_OR_UNDATED,Same-publisher row association; not corporate ownership.
REL-303,ENT-red-willow-solar-battery,ENT-not-published-in-aeso-connection-project-list,PROJECT_DEVELOPER,P2789,core_registry_queue,,0.96,CURRENT_OR_UNDATED,Same-publisher row association; not corporate ownership.
REL-304,ENT-battery-storage,ENT-not-published-in-iso-ne-irtt-public-queue,PROJECT_DEVELOPER,1557,core_registry_queue,,0.96,CURRENT_OR_UNDATED,Same-publisher row association; not corporate ownership.
REL-305,ENT-shoshana-storage,ENT-shoshana-storage-project,PROJECT_DEVELOPER,23INR0466,core_registry_queue,,0.96,CURRENT_OR_UNDATED,Same-publisher row association; not corporate ownership.
REL-306,ENT-coke-bess,ENT-coke-ess,PROJECT_DEVELOPER,28INR0155,core_registry_queue,,0.96,CURRENT_OR_UNDATED,Same-publisher row association; not corporate ownership.
REL-307,ENT-nyc-energy-phase-2,ENT-nyc-energy,PROJECT_DEVELOPER,1007,core_registry_queue,,0.96,CURRENT_OR_UNDATED,Same-publisher row association; not corporate ownership.
REL-308,ENT-black-oak-hatfield-500-kv,ENT-not-published-in-pjm-queue-export,PROJECT_DEVELOPER,AG1-363,core_registry_queue,,0.96,CURRENT_OR_UNDATED,Same-publisher row association; not corporate ownership.
REL-309,ENT-jumbo-battery,ENT-not-published-in-aeso-connection-project-list,PROJECT_DEVELOPER,P2616,core_registry_queue,,0.96,CURRENT_OR_UNDATED,Same-publisher row association; not corporate ownership.
REL-310,ENT-gypsum-plains-storage,ENT-gypsum-plains-solar,PROJECT_DEVELOPER,28INR0217,core_registry_queue,,0.96,CURRENT_OR_UNDATED,Same-publisher row association; not corporate ownership.
REL-311,ENT-bessie-storage,ENT-bessie-energy-storage,PROJECT_DEVELOPER,23INR0455,core_registry_queue,,0.96,CURRENT_OR_UNDATED,Same-publisher row association; not corporate ownership.
REL-312,ENT-cumulus-grid-bess,ENT-cumulus-grid,PROJECT_DEVELOPER,24INR0178,core_registry_queue,,0.96,CURRENT_OR_UNDATED,Same-publisher row association; not corporate ownership.
REL-313,ENT-val-vista-grid-bess-2,ENT-val-vista-grid,PROJECT_DEVELOPER,24INR0102,core_registry_queue,,0.96,CURRENT_OR_UNDATED,Same-publisher row association; not corporate ownership.
REL-314,ENT-guadalupe-battery-storage-project,ENT-guadalupe-power-partners,PROJECT_DEVELOPER,27INR0093,core_registry_queue,,0.96,CURRENT_OR_UNDATED,Same-publisher row association; not corporate ownership.
REL-315,ENT-freestone-battery-storage-project,ENT-freestone-power-generation,PROJECT_DEVELOPER,28INR0055,core_registry_queue,,0.96,CURRENT_OR_UNDATED,Same-publisher row association; not corporate ownership.
REL-316,ENT-nockenut-springs-storage-3,ENT-pecan-springs-energy,PROJECT_DEVELOPER,29INR0320,core_registry_queue,,0.96,CURRENT_OR_UNDATED,Same-publisher row association; not corporate ownership.
REL-317,ENT-nockenut-springs-storage-2,ENT-pecan-springs-energy,PROJECT_DEVELOPER,29INR0319,core_registry_queue,,0.96,CURRENT_OR_UNDATED,Same-publisher row association; not corporate ownership.
REL-318,ENT-nockenut-springs-storage-1,ENT-pecan-springs-energy,PROJECT_DEVELOPER,29INR0318,core_registry_queue,,0.96,CURRENT_OR_UNDATED,Same-publisher row association; not corporate ownership.
REL-319,ENT-val-vista-grid-bess-1,ENT-val-vista-grid,PROJECT_DEVELOPER,22INR0387,core_registry_queue,,0.96,CURRENT_OR_UNDATED,Same-publisher row association; not corporate ownership.
REL-320,ENT-treehouse-storage,ENT-treehouse-solar,PROJECT_DEVELOPER,28INR0395,core_registry_queue,,0.96,CURRENT_OR_UNDATED,Same-publisher row association; not corporate ownership.
REL-321,ENT-anila-bess,ENT-alina-energy,PROJECT_DEVELOPER,26INR0077,core_registry_queue,,0.96,CURRENT_OR_UNDATED,Same-publisher row association; not corporate ownership.
REL-322,ENT-clapton-storage,ENT-clapton-bess,PROJECT_DEVELOPER,26INR0430,core_registry_queue,,0.96,CURRENT_OR_UNDATED,Same-publisher row association; not corporate ownership.
REL-323,ENT-sorghum-bess,ENT-blue-creek-bess,PROJECT_DEVELOPER,26INR0474,core_registry_queue,,0.96,CURRENT_OR_UNDATED,Same-publisher row association; not corporate ownership.
REL-324,ENT-sowers-storage,ENT-sowers-energy-storage,PROJECT_DEVELOPER,22INR0552,core_registry_queue,,0.96,CURRENT_OR_UNDATED,Same-publisher row association; not corporate ownership.
REL-325,ENT-forts-trail-bess,ENT-jc-central-bluff,PROJECT_DEVELOPER,24INR0341,core_registry_queue,,0.96,CURRENT_OR_UNDATED,Same-publisher row association; not corporate ownership.
REL-326,ENT-zeus-rusk-bess,ENT-rusk-bess,PROJECT_DEVELOPER,25INR0591,core_registry_queue,,0.96,CURRENT_OR_UNDATED,Same-publisher row association; not corporate ownership.
REL-327,ENT-alwest-bess,ENT-castleman-power,PROJECT_DEVELOPER,22INR0541,core_registry_queue,,0.96,CURRENT_OR_UNDATED,Same-publisher row association; not corporate ownership.
REL-328,ENT-rock-rose-bess,ENT-rock-rose-energy-storage,PROJECT_DEVELOPER,26INR0201,core_registry_queue,,0.96,CURRENT_OR_UNDATED,Same-publisher row association; not corporate ownership.
REL-329,ENT-new-minglewood-energy-center,ENT-nova-clean-energy,PROJECT_DEVELOPER,27INR0255,core_registry_queue,,0.96,CURRENT_OR_UNDATED,Same-publisher row association; not corporate ownership.
REL-330,ENT-ferdinand-grid-bess-ii,ENT-coval-infrastructure-devco,PROJECT_DEVELOPER,27INR0393,core_registry_queue,,0.96,CURRENT_OR_UNDATED,Same-publisher row association; not corporate ownership.
REL-331,ENT-sunlit-pines-bess-slf,ENT-sunlit-pines-bess,PROJECT_DEVELOPER,27INR0228,core_registry_queue,,0.96,CURRENT_OR_UNDATED,Same-publisher row association; not corporate ownership.
REL-332,ENT-burnet-bay-storage,ENT-toce-tx-bess-4,PROJECT_DEVELOPER,26INR0548,core_registry_queue,,0.96,CURRENT_OR_UNDATED,Same-publisher row association; not corporate ownership.
REL-333,ENT-anatole-renewable-energy-storage,ENT-anatole-renewable-energy,PROJECT_DEVELOPER,24INR0355,core_registry_queue,,0.96,CURRENT_OR_UNDATED,Same-publisher row association; not corporate ownership.
REL-334,ENT-gulf-prairie-bess,ENT-gulf-prairie-energy,PROJECT_DEVELOPER,28INR0448,core_registry_queue,,0.96,CURRENT_OR_UNDATED,Same-publisher row association; not corporate ownership.
REL-335,ENT-reforzar-bess-2,ENT-tempus-power-management,PROJECT_DEVELOPER,27INR0401,core_registry_queue,,0.96,CURRENT_OR_UNDATED,Same-publisher row association; not corporate ownership.
REL-336,ENT-reforzar-bess-1,ENT-tempus-power-management,PROJECT_DEVELOPER,27INR0400,core_registry_queue,,0.96,CURRENT_OR_UNDATED,Same-publisher row association; not corporate ownership.
REL-337,ENT-liberty-senate-energy-storage-1,ENT-senate-solar,PROJECT_DEVELOPER,23INR0334,core_registry_queue,,0.96,CURRENT_OR_UNDATED,Same-publisher row association; not corporate ownership.
REL-338,ENT-old-roman-energy-center,ENT-nova-clean-energy,PROJECT_DEVELOPER,27INR0315,core_registry_queue,,0.96,CURRENT_OR_UNDATED,Same-publisher row association; not corporate ownership.
REL-339,ENT-carson-rogers-road-500-kv,ENT-not-published-in-pjm-queue-export,PROJECT_DEVELOPER,AE2-094,core_registry_queue,,0.96,CURRENT_OR_UNDATED,Same-publisher row association; not corporate ownership.
REL-340,ENT-aldrin-138-bess,ENT-aldrin-energy-storage,PROJECT_DEVELOPER,25INR0421,core_registry_queue,,0.96,CURRENT_OR_UNDATED,Same-publisher row association; not corporate ownership.
REL-341,ENT-rockefeller-storage,ENT-mittel-rockefeller-storage,PROJECT_DEVELOPER,22INR0239,core_registry_queue,,0.96,CURRENT_OR_UNDATED,Same-publisher row association; not corporate ownership.
REL-342,ENT-zunkerville-bess,ENT-zunkerville-energy,PROJECT_DEVELOPER,28INR0442,core_registry_queue,,0.96,CURRENT_OR_UNDATED,Same-publisher row association; not corporate ownership.
REL-343,ENT-wolfram-storage,ENT-nova-clean-energy,PROJECT_DEVELOPER,27INR0466,core_registry_queue,,0.96,CURRENT_OR_UNDATED,Same-publisher row association; not corporate ownership.
REL-344,ENT-shackleford-bess,ENT-shackelford-county-bess,PROJECT_DEVELOPER,26INR0500,core_registry_queue,,0.96,CURRENT_OR_UNDATED,Same-publisher row association; not corporate ownership.
REL-345,ENT-anglin-bess,ENT-fort-worth-bess,PROJECT_DEVELOPER,26INR0487,core_registry_queue,,0.96,CURRENT_OR_UNDATED,Same-publisher row association; not corporate ownership.
REL-346,ENT-rock-n-roll-storage-two,ENT-rock-n-roll-solar,PROJECT_DEVELOPER,24INR0235,core_registry_queue,,0.96,CURRENT_OR_UNDATED,Same-publisher row association; not corporate ownership.
REL-347,ENT-hacienda-storage,ENT-galveston-energy-storage,PROJECT_DEVELOPER,23INR0485,core_registry_queue,,0.96,CURRENT_OR_UNDATED,Same-publisher row association; not corporate ownership.
REL-348,ENT-shaula-i-bess,ENT-shaula-energy-project,PROJECT_DEVELOPER,24INR0555,core_registry_queue,,0.96,CURRENT_OR_UNDATED,Same-publisher row association; not corporate ownership.
REL-349,ENT-yellow-leaf-ii-bess,ENT-yellow-leaf-energy-storage,PROJECT_DEVELOPER,28INR0412,core_registry_queue,,0.96,CURRENT_OR_UNDATED,Same-publisher row association; not corporate ownership.
REL-350,ENT-alila-bess-ii,ENT-electra-energy-project,PROJECT_DEVELOPER,29INR0207,core_registry_queue,,0.96,CURRENT_OR_UNDATED,Same-publisher row association; not corporate ownership.
REL-351,ENT-forts-trail-bess-2,ENT-jc-central-bluff,PROJECT_DEVELOPER,24INR0488,core_registry_queue,,0.96,CURRENT_OR_UNDATED,Same-publisher row association; not corporate ownership.
REL-352,ENT-caesar-storage,ENT-caesar-solar,PROJECT_DEVELOPER,29INR0132,core_registry_queue,,0.96,CURRENT_OR_UNDATED,Same-publisher row association; not corporate ownership.
REL-353,ENT-richardson-mcclung-ranch-bess,ENT-rising-star-energy-center,PROJECT_DEVELOPER,29INR0275,core_registry_queue,,0.96,CURRENT_OR_UNDATED,Same-publisher row association; not corporate ownership.
REL-354,ENT-crios-bess,ENT-brp-crios-bess,PROJECT_DEVELOPER,23INR0359,core_registry_queue,,0.96,CURRENT_OR_UNDATED,Same-publisher row association; not corporate ownership.
REL-355,ENT-trivor-bess,ENT-brp-trivor-bess,PROJECT_DEVELOPER,23INR0279,core_registry_queue,,0.96,CURRENT_OR_UNDATED,Same-publisher row association; not corporate ownership.
REL-356,ENT-hittson-creek-bess,ENT-174-power-global-properties,PROJECT_DEVELOPER,28INR0246,core_registry_queue,,0.96,CURRENT_OR_UNDATED,Same-publisher row association; not corporate ownership.
REL-357,ENT-naugatuck-avenue-battery-storage,ENT-not-published-in-iso-ne-irtt-public-queue,PROJECT_DEVELOPER,1089,core_registry_queue,,0.96,CURRENT_OR_UNDATED,Same-publisher row association; not corporate ownership.
REL-358,ENT-soda-lake-bess-2-slf,ENT-crane-ii-solar-electric,PROJECT_DEVELOPER,24INR0383,core_registry_queue,,0.96,CURRENT_OR_UNDATED,Same-publisher row association; not corporate ownership.
REL-359,ENT-tri-x-bess-1-slf,ENT-crane-i-solar-electric,PROJECT_DEVELOPER,28INR0389,core_registry_queue,,0.96,CURRENT_OR_UNDATED,Same-publisher row association; not corporate ownership.
REL-360,ENT-allthorn-bess,ENT-allthorn-solar,PROJECT_DEVELOPER,28INR0230,core_registry_queue,,0.96,CURRENT_OR_UNDATED,Same-publisher row association; not corporate ownership.
REL-361,ENT-les-energy-storage,ENT-rocky-mountain-energy-development,PROJECT_DEVELOPER,25INR0338,core_registry_queue,,0.96,CURRENT_OR_UNDATED,Same-publisher row association; not corporate ownership.
REL-362,ENT-battery-storage,ENT-not-published-in-iso-ne-irtt-public-queue,PROJECT_DEVELOPER,1163,core_registry_queue,,0.96,CURRENT_OR_UNDATED,Same-publisher row association; not corporate ownership.
REL-363,ENT-east-fishkill,ENT-east-fishkill-storage-1,PROJECT_DEVELOPER,1122,core_registry_queue,,0.96,CURRENT_OR_UNDATED,Same-publisher row association; not corporate ownership.
REL-364,ENT-sepik-bess,ENT-brp-sepik-bess,PROJECT_DEVELOPER,23INR0143,core_registry_queue,,0.96,CURRENT_OR_UNDATED,Same-publisher row association; not corporate ownership.
REL-365,ENT-taylor-county-paul-storage,ENT-dm-tcp,PROJECT_DEVELOPER,26INR0618,core_registry_queue,,0.96,CURRENT_OR_UNDATED,Same-publisher row association; not corporate ownership.
REL-366,ENT-calico-bess,ENT-nova-clean-energy,PROJECT_DEVELOPER,27INR0382,core_registry_queue,,0.96,CURRENT_OR_UNDATED,Same-publisher row association; not corporate ownership.
REL-367,ENT-bell-county-leifester-storage,ENT-dm-bcrcml,PROJECT_DEVELOPER,26INR0614,core_registry_queue,,0.96,CURRENT_OR_UNDATED,Same-publisher row association; not corporate ownership.
REL-368,ENT-lightning-ridge-energy-storage,ENT-lightning-ridge-storage,PROJECT_DEVELOPER,26INR0460,core_registry_queue,,0.96,CURRENT_OR_UNDATED,Same-publisher row association; not corporate ownership.
REL-369,ENT-prospector-energy-storage,ENT-prospector-storage,PROJECT_DEVELOPER,26INR0485,core_registry_queue,,0.96,CURRENT_OR_UNDATED,Same-publisher row association; not corporate ownership.
REL-370,ENT-south-tripoint-bess,ENT-south-triangle-energy,PROJECT_DEVELOPER,28INR0150,core_registry_queue,,0.96,CURRENT_OR_UNDATED,Same-publisher row association; not corporate ownership.
REL-371,ENT-arc-energy-storage,ENT-paris-energy-storage,PROJECT_DEVELOPER,26INR0184,core_registry_queue,,0.96,CURRENT_OR_UNDATED,Same-publisher row association; not corporate ownership.
REL-372,ENT-drill-baby-drill-bess,ENT-sbess-tx8,PROJECT_DEVELOPER,27INR0290,core_registry_queue,,0.96,CURRENT_OR_UNDATED,Same-publisher row association; not corporate ownership.
REL-373,ENT-sonora-high-noon-bess,ENT-sonora-high-noon,PROJECT_DEVELOPER,28INR0148,core_registry_queue,,0.96,CURRENT_OR_UNDATED,Same-publisher row association; not corporate ownership.
REL-374,ENT-norman-street-battery-storage,ENT-not-published-in-iso-ne-irtt-public-queue,PROJECT_DEVELOPER,1110,core_registry_queue,,0.96,CURRENT_OR_UNDATED,Same-publisher row association; not corporate ownership.
REL-375,ENT-battery-storage,ENT-not-published-in-iso-ne-irtt-public-queue,PROJECT_DEVELOPER,1320,core_registry_queue,,0.96,CURRENT_OR_UNDATED,Same-publisher row association; not corporate ownership.
REL-376,ENT-soda-lake-bess-1,ENT-mendoza-trail-bess,PROJECT_DEVELOPER,23INR0501,core_registry_queue,,0.96,CURRENT_OR_UNDATED,Same-publisher row association; not corporate ownership.
REL-377,ENT-ringtail-energy-storage,ENT-powerpulse,PROJECT_DEVELOPER,28INR0348,core_registry_queue,,0.96,CURRENT_OR_UNDATED,Same-publisher row association; not corporate ownership.
REL-378,ENT-bee-branch-ia,ENT-bee-branch-ia-llcbee-branch-ia,PROJECT_DEVELOPER,23INR0421,core_registry_queue,,0.96,CURRENT_OR_UNDATED,Same-publisher row association; not corporate ownership.
REL-379,ENT-tidwell-prairie-ii-batt,ENT-tidwell-prairie-iia,PROJECT_DEVELOPER,22INR0503,core_registry_queue,,0.96,CURRENT_OR_UNDATED,Same-publisher row association; not corporate ownership.
REL-380,ENT-marcelina-storage,ENT-marcelina-solar,PROJECT_DEVELOPER,23INR0318,core_registry_queue,,0.96,CURRENT_OR_UNDATED,Same-publisher row association; not corporate ownership.
REL-381,ENT-brahman-renewables-storage,ENT-brahman-renewables,PROJECT_DEVELOPER,29INR0059,core_registry_queue,,0.96,CURRENT_OR_UNDATED,Same-publisher row association; not corporate ownership.
REL-382,ENT-alexandrite-storage,ENT-johnson-energy-storage,PROJECT_DEVELOPER,24INR0381,core_registry_queue,,0.96,CURRENT_OR_UNDATED,Same-publisher row association; not corporate ownership.
REL-383,ENT-caracara-energy-storage-center,ENT-fresh-air-energy-ii,PROJECT_DEVELOPER,28INR0020,core_registry_queue,,0.96,CURRENT_OR_UNDATED,Same-publisher row association; not corporate ownership.
REL-384,ENT-coati-energy-storage,ENT-powerpulse,PROJECT_DEVELOPER,27INR0436,core_registry_queue,,0.96,CURRENT_OR_UNDATED,Same-publisher row association; not corporate ownership.
REL-385,ENT-saint-charles-energy-storage,ENT-rsn-storage-001,PROJECT_DEVELOPER,26INR0363,core_registry_queue,,0.96,CURRENT_OR_UNDATED,Same-publisher row association; not corporate ownership.
REL-386,ENT-wolf-spring-storage,ENT-wolf-spring-solar,PROJECT_DEVELOPER,25INR0173,core_registry_queue,,0.96,CURRENT_OR_UNDATED,Same-publisher row association; not corporate ownership.
REL-387,ENT-crowded-star-i-bess,ENT-jones-city-solar-ii,PROJECT_DEVELOPER,25INR0473,core_registry_queue,,0.96,CURRENT_OR_UNDATED,Same-publisher row association; not corporate ownership.
REL-388,ENT-legato-bess,ENT-legato-storage,PROJECT_DEVELOPER,25INR0184,core_registry_queue,,0.96,CURRENT_OR_UNDATED,Same-publisher row association; not corporate ownership.
REL-389,ENT-fortissimo-bess,ENT-fortissimo-bess-lcc,PROJECT_DEVELOPER,25INR0190,core_registry_queue,,0.96,CURRENT_OR_UNDATED,Same-publisher row association; not corporate ownership.
REL-390,ENT-bologna-bess,ENT-maloney-bess,PROJECT_DEVELOPER,26INR0472,core_registry_queue,,0.96,CURRENT_OR_UNDATED,Same-publisher row association; not corporate ownership.
REL-391,ENT-trenno-bess,ENT-jsb1,PROJECT_DEVELOPER,27INR0173,core_registry_queue,,0.96,CURRENT_OR_UNDATED,Same-publisher row association; not corporate ownership.
REL-392,ENT-old-victory-energy-center,ENT-nova-clean-energy,PROJECT_DEVELOPER,27INR0253,core_registry_queue,,0.96,CURRENT_OR_UNDATED,Same-publisher row association; not corporate ownership.
REL-393,ENT-sanjac-bess,ENT-castleman-power,PROJECT_DEVELOPER,24INR0081,core_registry_queue,,0.96,CURRENT_OR_UNDATED,Same-publisher row association; not corporate ownership.
REL-394,ENT-pianissimo-bess-ii,ENT-pianissimo-storage,PROJECT_DEVELOPER,26INR0329,core_registry_queue,,0.96,CURRENT_OR_UNDATED,Same-publisher row association; not corporate ownership.
REL-395,ENT-mcmexico-storage,ENT-fresh-air-energy-ii,PROJECT_DEVELOPER,25INR0040,core_registry_queue,,0.96,CURRENT_OR_UNDATED,Same-publisher row association; not corporate ownership.
REL-396,ENT-galaxy-storage-2,ENT-galaxy-solar-2,PROJECT_DEVELOPER,28INR0387,core_registry_queue,,0.96,CURRENT_OR_UNDATED,Same-publisher row association; not corporate ownership.
REL-397,ENT-staccato-bess,ENT-staccato-storage,PROJECT_DEVELOPER,25INR0189,core_registry_queue,,0.96,CURRENT_OR_UNDATED,Same-publisher row association; not corporate ownership.
REL-398,ENT-avant-prairie-bess,ENT-avant-prairie-ess,PROJECT_DEVELOPER,27INR0316,core_registry_queue,,0.96,CURRENT_OR_UNDATED,Same-publisher row association; not corporate ownership.
REL-399,ENT-goldeneye-bess,ENT-black-mountain-energy-storage-ii,PROJECT_DEVELOPER,25INR0100,core_registry_queue,,0.96,CURRENT_OR_UNDATED,Same-publisher row association; not corporate ownership.
REL-400,ENT-oci-cobb-creek-ess,ENT-hillsboro-solar-project,PROJECT_DEVELOPER,25INR0233,core_registry_queue,,0.96,CURRENT_OR_UNDATED,Same-publisher row association; not corporate ownership.
REL-401,ENT-soluce-cotton-storage,ENT-ctpb1,PROJECT_DEVELOPER,28INR0268,core_registry_queue,,0.96,CURRENT_OR_UNDATED,Same-publisher row association; not corporate ownership.
REL-402,ENT-exodus-bess,ENT-exodus-solar,PROJECT_DEVELOPER,24INR0459,core_registry_queue,,0.96,CURRENT_OR_UNDATED,Same-publisher row association; not corporate ownership.
REL-403,ENT-padua-grid-bess-unit-3,ENT-padua-grid-3,PROJECT_DEVELOPER,28INR0024,core_registry_queue,,0.96,CURRENT_OR_UNDATED,Same-publisher row association; not corporate ownership.
REL-404,ENT-paintbrush-bess1,ENT-renew-development-holdco,PROJECT_DEVELOPER,29INR0222,core_registry_queue,,0.96,CURRENT_OR_UNDATED,Same-publisher row association; not corporate ownership.
REL-405,ENT-eldora-bess,ENT-eldora-energy,PROJECT_DEVELOPER,24INR0338,core_registry_queue,,0.96,CURRENT_OR_UNDATED,Same-publisher row association; not corporate ownership.
REL-406,ENT-tucana-bess,ENT-brp-tucana-bess,PROJECT_DEVELOPER,23INR0278,core_registry_queue,,0.96,CURRENT_OR_UNDATED,Same-publisher row association; not corporate ownership.
REL-407,ENT-caladium-bess,ENT-caladium-storage,PROJECT_DEVELOPER,26INR0243,core_registry_queue,,0.96,CURRENT_OR_UNDATED,Same-publisher row association; not corporate ownership.
REL-408,ENT-rush-ess,ENT-oci-solar-power,PROJECT_DEVELOPER,26INR0331,core_registry_queue,,0.96,CURRENT_OR_UNDATED,Same-publisher row association; not corporate ownership.
REL-409,ENT-spinosa-bess,ENT-spinosa-energy-center,PROJECT_DEVELOPER,27INR0412,core_registry_queue,,0.96,CURRENT_OR_UNDATED,Same-publisher row association; not corporate ownership.
REL-410,ENT-outer-loop-bess,ENT-black-mountain-energy-storage-ii,PROJECT_DEVELOPER,23INR0382,core_registry_queue,,0.96,CURRENT_OR_UNDATED,Same-publisher row association; not corporate ownership.
REL-411,ENT-apache-hill-bess,ENT-apache-hill-energy-center,PROJECT_DEVELOPER,25INR0231,core_registry_queue,,0.96,CURRENT_OR_UNDATED,Same-publisher row association; not corporate ownership.
REL-412,ENT-ouroboros-grid-bess-4,ENT-ouroboros-grid-bess-unit-4,PROJECT_DEVELOPER,28INR0427,core_registry_queue,,0.96,CURRENT_OR_UNDATED,Same-publisher row association; not corporate ownership.
REL-413,ENT-motif-bess-ii,ENT-motif-storage,PROJECT_DEVELOPER,26INR0194,core_registry_queue,,0.96,CURRENT_OR_UNDATED,Same-publisher row association; not corporate ownership.
REL-414,ENT-goat-mountain-bess,ENT-clearway-energy-group,PROJECT_DEVELOPER,26INR0589,core_registry_queue,,0.96,CURRENT_OR_UNDATED,Same-publisher row association; not corporate ownership.
REL-415,ENT-silver-sky-bess,ENT-lightsource-renewable-energy-development,PROJECT_DEVELOPER,29INR0376,core_registry_queue,,0.96,CURRENT_OR_UNDATED,Same-publisher row association; not corporate ownership.
REL-416,ENT-moonlight-sonata-bess,ENT-samsung-solar-energy-2,PROJECT_DEVELOPER,25INR0186,core_registry_queue,,0.96,CURRENT_OR_UNDATED,Same-publisher row association; not corporate ownership.
REL-417,ENT-big-rooter-west-storage,ENT-big-rooter-west,PROJECT_DEVELOPER,26INR0432,core_registry_queue,,0.96,CURRENT_OR_UNDATED,Same-publisher row association; not corporate ownership.
REL-418,ENT-zelus-bess,ENT-brp-zelus-bess,PROJECT_DEVELOPER,24INR0131,core_registry_queue,,0.96,CURRENT_OR_UNDATED,Same-publisher row association; not corporate ownership.
REL-419,ENT-big-rooter-east-storage,ENT-big-rooter-east,PROJECT_DEVELOPER,29INR0018,core_registry_queue,,0.96,CURRENT_OR_UNDATED,Same-publisher row association; not corporate ownership.
REL-420,ENT-tarim-bess,ENT-brp-tarim-bess,PROJECT_DEVELOPER,25INR0491,core_registry_queue,,0.96,CURRENT_OR_UNDATED,Same-publisher row association; not corporate ownership.
REL-421,ENT-hamlet-storage-slf,ENT-hamlet-solar,PROJECT_DEVELOPER,27INR0363,core_registry_queue,,0.96,CURRENT_OR_UNDATED,Same-publisher row association; not corporate ownership.
REL-422,ENT-elbus-bess,ENT-brp-elbus-bess,PROJECT_DEVELOPER,23INR0135,core_registry_queue,,0.96,CURRENT_OR_UNDATED,Same-publisher row association; not corporate ownership.
REL-423,ENT-de-los-santos,ENT-brp-de-los-santos-bess,PROJECT_DEVELOPER,24INR0142,core_registry_queue,,0.96,CURRENT_OR_UNDATED,Same-publisher row association; not corporate ownership.
REL-424,ENT-ouroboros-grid-bess-5,ENT-ouroboros-grid-bess-unit-5,PROJECT_DEVELOPER,28INR0428,core_registry_queue,,0.96,CURRENT_OR_UNDATED,Same-publisher row association; not corporate ownership.
REL-425,ENT-tango-lily-bess,ENT-lightsource-renewable-energy-development,PROJECT_DEVELOPER,25INR0853,core_registry_queue,,0.96,CURRENT_OR_UNDATED,Same-publisher row association; not corporate ownership.
REL-426,ENT-ouroboros-grid-bess-6,ENT-ouroboros-grid-bess-unit-6,PROJECT_DEVELOPER,28INR0429,core_registry_queue,,0.96,CURRENT_OR_UNDATED,Same-publisher row association; not corporate ownership.
REL-427,ENT-kahla-storage,ENT-bt-kahla-storage,PROJECT_DEVELOPER,25INR0513,core_registry_queue,,0.96,CURRENT_OR_UNDATED,Same-publisher row association; not corporate ownership.
REL-428,ENT-sloan-storage,ENT-sloan-energy-storage,PROJECT_DEVELOPER,23INR0464,core_registry_queue,,0.96,CURRENT_OR_UNDATED,Same-publisher row association; not corporate ownership.
REL-429,ENT-cummins-bess,ENT-rwe-solar-development,PROJECT_DEVELOPER,26INR0573,core_registry_queue,,0.96,CURRENT_OR_UNDATED,Same-publisher row association; not corporate ownership.
REL-430,ENT-cebocell-bess,ENT-cebocell,PROJECT_DEVELOPER,27INR0354,core_registry_queue,,0.96,CURRENT_OR_UNDATED,Same-publisher row association; not corporate ownership.
REL-431,ENT-possum-kingdom-bess,ENT-pk-solar,PROJECT_DEVELOPER,24INR0375,core_registry_queue,,0.96,CURRENT_OR_UNDATED,Same-publisher row association; not corporate ownership.
REL-432,ENT-apricot-sun-storage,ENT-apricot-sun-energy-center,PROJECT_DEVELOPER,29INR0125,core_registry_queue,,0.96,CURRENT_OR_UNDATED,Same-publisher row association; not corporate ownership.
REL-433,ENT-ouroboros-grid-bess-1,ENT-ouroboros-grid-bess-unit-1,PROJECT_DEVELOPER,28INR0397,core_registry_queue,,0.96,CURRENT_OR_UNDATED,Same-publisher row association; not corporate ownership.
REL-434,ENT-apv-plumwood-storage,ENT-apv-lonestar-energy,PROJECT_DEVELOPER,24INR0285,core_registry_queue,,0.96,CURRENT_OR_UNDATED,Same-publisher row association; not corporate ownership.
REL-435,ENT-augie-bess,ENT-brp-blue-topaz-5,PROJECT_DEVELOPER,24INR0461,core_registry_queue,,0.96,CURRENT_OR_UNDATED,Same-publisher row association; not corporate ownership.
REL-436,ENT-ouroboros-grid-bess-2,ENT-ouroboros-grid-bess-unit-2,PROJECT_DEVELOPER,28INR0398,core_registry_queue,,0.96,CURRENT_OR_UNDATED,Same-publisher row association; not corporate ownership.
REL-437,ENT-moon-stone-bess,ENT-moon-stone-battery-facility,PROJECT_DEVELOPER,28INR0299,core_registry_queue,,0.96,CURRENT_OR_UNDATED,Same-publisher row association; not corporate ownership.
REL-438,ENT-kota-battery,ENT-kota-storage,PROJECT_DEVELOPER,23INR0283,core_registry_queue,,0.96,CURRENT_OR_UNDATED,Same-publisher row association; not corporate ownership.
REL-439,ENT-falcon-zapata-storage-138,ENT-falcon-bess,PROJECT_DEVELOPER,26INR0116,core_registry_queue,,0.96,CURRENT_OR_UNDATED,Same-publisher row association; not corporate ownership.
REL-440,ENT-bobcat-cameron-bess,ENT-bobcat-bess,PROJECT_DEVELOPER,25INR0385,core_registry_queue,,0.96,CURRENT_OR_UNDATED,Same-publisher row association; not corporate ownership.
REL-441,ENT-rio-hondo-bess,ENT-sbess-tx25,PROJECT_DEVELOPER,26INR0461,core_registry_queue,,0.96,CURRENT_OR_UNDATED,Same-publisher row association; not corporate ownership.
REL-442,ENT-ouroboros-grid-bess-3,ENT-ouroboros-grid-bess-unit-3,PROJECT_DEVELOPER,28INR0403,core_registry_queue,,0.96,CURRENT_OR_UNDATED,Same-publisher row association; not corporate ownership.
REL-443,ENT-st-gall-iiib-storage,ENT-tempus-power-management,PROJECT_DEVELOPER,27INR0621,core_registry_queue,,0.96,CURRENT_OR_UNDATED,Same-publisher row association; not corporate ownership.
REL-444,ENT-st-gall-iiia-storage,ENT-tempus-power-management,PROJECT_DEVELOPER,27INR0620,core_registry_queue,,0.96,CURRENT_OR_UNDATED,Same-publisher row association; not corporate ownership.
REL-445,ENT-cash-mills-storage-center,ENT-mills-storage-center,PROJECT_DEVELOPER,29INR0065,core_registry_queue,,0.96,CURRENT_OR_UNDATED,Same-publisher row association; not corporate ownership.
REL-446,ENT-vaughn-energy-storage,ENT-vaughn-battery-storage,PROJECT_DEVELOPER,26INR0200,core_registry_queue,,0.96,CURRENT_OR_UNDATED,Same-publisher row association; not corporate ownership.
REL-447,ENT-beitel-energy-storage,ENT-brazos-energy-storage,PROJECT_DEVELOPER,26INR0185,core_registry_queue,,0.96,CURRENT_OR_UNDATED,Same-publisher row association; not corporate ownership.
REL-448,ENT-blackcat-storage,ENT-matagorda-ess,PROJECT_DEVELOPER,26INR0376,core_registry_queue,,0.96,CURRENT_OR_UNDATED,Same-publisher row association; not corporate ownership.
REL-449,ENT-englehardt-bess,ENT-comal-bess,PROJECT_DEVELOPER,28INR0436,core_registry_queue,,0.96,CURRENT_OR_UNDATED,Same-publisher row association; not corporate ownership.
REL-450,ENT-reunion-storage,ENT-reunion-solar,PROJECT_DEVELOPER,28INR0333,core_registry_queue,,0.96,CURRENT_OR_UNDATED,Same-publisher row association; not corporate ownership.
REL-451,ENT-solstice-c,ENT-not-published-in-caiso-cluster-request-list,PROJECT_DEVELOPER,2253,core_registry_queue,,0.96,CURRENT_OR_UNDATED,Same-publisher row association; not corporate ownership.
REL-452,ENT-maravillosa-1,ENT-not-published-in-caiso-cluster-request-list,PROJECT_DEVELOPER,2360,core_registry_queue,,0.96,CURRENT_OR_UNDATED,Same-publisher row association; not corporate ownership.
REL-453,ENT-solstice-d,ENT-not-published-in-caiso-cluster-request-list,PROJECT_DEVELOPER,2251,core_registry_queue,,0.96,CURRENT_OR_UNDATED,Same-publisher row association; not corporate ownership.
REL-454,ENT-quaking-aspen,ENT-not-published-in-caiso-cluster-request-list,PROJECT_DEVELOPER,2343,core_registry_queue,,0.96,CURRENT_OR_UNDATED,Same-publisher row association; not corporate ownership.
REL-455,ENT-wheelhouse-energy-storage,ENT-neer-interconnection,PROJECT_DEVELOPER,C24-205,core_registry_queue,,0.96,CURRENT_OR_UNDATED,Same-publisher row association; not corporate ownership.
REL-456,ENT-north-watertown-bess,ENT-ace-devco-nc,PROJECT_DEVELOPER,C26-0017,core_registry_queue,,0.96,CURRENT_OR_UNDATED,Same-publisher row association; not corporate ownership.
REL-457,ENT-midnight-mpc-battery,ENT-not-published-in-aeso-connection-project-list,PROJECT_DEVELOPER,P3001,core_registry_queue,,0.96,CURRENT_OR_UNDATED,Same-publisher row association; not corporate ownership.
REL-458,ENT-gemma-energy-storage,ENT-transgrid-energy,PROJECT_DEVELOPER,C24-060,core_registry_queue,,0.96,CURRENT_OR_UNDATED,Same-publisher row association; not corporate ownership.
REL-459,ENT-highbush-energy-storage,ENT-transgrid-energy,PROJECT_DEVELOPER,C24-062,core_registry_queue,,0.96,CURRENT_OR_UNDATED,Same-publisher row association; not corporate ownership.
REL-460,ENT-riptide-storage,ENT-ace-devco-nc,PROJECT_DEVELOPER,C26-0025,core_registry_queue,,0.96,CURRENT_OR_UNDATED,Same-publisher row association; not corporate ownership.
REL-461,ENT-gamay,ENT-not-published-in-caiso-cluster-request-list,PROJECT_DEVELOPER,2300,core_registry_queue,,0.96,CURRENT_OR_UNDATED,Same-publisher row association; not corporate ownership.
REL-462,ENT-battery-storage,ENT-not-published-in-iso-ne-irtt-public-queue,PROJECT_DEVELOPER,1555,core_registry_queue,,0.96,CURRENT_OR_UNDATED,Same-publisher row association; not corporate ownership.
REL-463,ENT-feather-dalea-bess,ENT-rwe-clean-energy-development,PROJECT_DEVELOPER,27INR0371,core_registry_queue,,0.96,CURRENT_OR_UNDATED,Same-publisher row association; not corporate ownership.
REL-464,ENT-pse-chihuahua-tx-storage,ENT-puresky-development,PROJECT_DEVELOPER,24INR0447,core_registry_queue,,0.96,CURRENT_OR_UNDATED,Same-publisher row association; not corporate ownership.
REL-465,ENT-stinger-138-kv,ENT-not-published-in-pjm-queue-export,PROJECT_DEVELOPER,AF2-396 - moved to TC1,core_registry_queue,,0.96,CURRENT_OR_UNDATED,Same-publisher row association; not corporate ownership.
REL-466,ENT-easy-battery-energy-storage-center,ENT-easy-wind-energy-center,PROJECT_DEVELOPER,27INR0231,core_registry_queue,,0.96,CURRENT_OR_UNDATED,Same-publisher row association; not corporate ownership.
REL-467,ENT-borderland-esc,ENT-fresh-air-energy-ii,PROJECT_DEVELOPER,25INR0039,core_registry_queue,,0.96,CURRENT_OR_UNDATED,Same-publisher row association; not corporate ownership.
REL-468,ENT-slash-pine-storage,ENT-eg-slash-pine,PROJECT_DEVELOPER,29INR0250,core_registry_queue,,0.96,CURRENT_OR_UNDATED,Same-publisher row association; not corporate ownership.
REL-469,ENT-enfinity-white-oak-bess,ENT-eg-white-oak,PROJECT_DEVELOPER,29INR0267,core_registry_queue,,0.96,CURRENT_OR_UNDATED,Same-publisher row association; not corporate ownership.
REL-470,ENT-biggs-bess,ENT-biggs-battery-facility,PROJECT_DEVELOPER,28INR0110,core_registry_queue,,0.96,CURRENT_OR_UNDATED,Same-publisher row association; not corporate ownership.
REL-471,ENT-enfinity-primrose,ENT-eg-primrose,PROJECT_DEVELOPER,30INR0140,core_registry_queue,,0.96,CURRENT_OR_UNDATED,Same-publisher row association; not corporate ownership.
REL-472,ENT-chancellor-115-kv,ENT-not-published-in-pjm-queue-export,PROJECT_DEVELOPER,AH1-263 - moved to TC2,core_registry_queue,,0.96,CURRENT_OR_UNDATED,Same-publisher row association; not corporate ownership.
REL-473,ENT-pse-gongora-hill-tx-storage,ENT-puresky-development,PROJECT_DEVELOPER,24INR0446,core_registry_queue,,0.96,CURRENT_OR_UNDATED,Same-publisher row association; not corporate ownership.
REL-474,ENT-pse-flores-tx-storage,ENT-puresky-development,PROJECT_DEVELOPER,24INR0445,core_registry_queue,,0.96,CURRENT_OR_UNDATED,Same-publisher row association; not corporate ownership.
REL-475,ENT-tierra-loma-storage,ENT-tierra-loma-solar,PROJECT_DEVELOPER,29INR0280,core_registry_queue,,0.96,CURRENT_OR_UNDATED,Same-publisher row association; not corporate ownership.
REL-476,ENT-amphion-storage,ENT-amphion-solar,PROJECT_DEVELOPER,29INR0214,core_registry_queue,,0.96,CURRENT_OR_UNDATED,Same-publisher row association; not corporate ownership.
REL-477,ENT-emerita-energy-storage,ENT-not-published-in-caiso-cluster-request-list,PROJECT_DEVELOPER,2221,core_registry_queue,,0.96,CURRENT_OR_UNDATED,Same-publisher row association; not corporate ownership.
REL-478,ENT-conduit-energy-storage-2,ENT-not-published-in-caiso-cluster-request-list,PROJECT_DEVELOPER,2227,core_registry_queue,,0.96,CURRENT_OR_UNDATED,Same-publisher row association; not corporate ownership.
REL-479,ENT-comstock,ENT-not-published-in-caiso-cluster-request-list,PROJECT_DEVELOPER,2339,core_registry_queue,,0.96,CURRENT_OR_UNDATED,Same-publisher row association; not corporate ownership.
REL-480,ENT-helios-grid-reliability,ENT-not-published-in-caiso-cluster-request-list,PROJECT_DEVELOPER,2262,core_registry_queue,,0.96,CURRENT_OR_UNDATED,Same-publisher row association; not corporate ownership.
REL-481,ENT-antlia,ENT-not-published-in-caiso-cluster-request-list,PROJECT_DEVELOPER,2204,core_registry_queue,,0.96,CURRENT_OR_UNDATED,Same-publisher row association; not corporate ownership.
REL-482,ENT-overlook-storage,ENT-origis-development,PROJECT_DEVELOPER,C24-324,core_registry_queue,,0.96,CURRENT_OR_UNDATED,Same-publisher row association; not corporate ownership.
REL-483,ENT-brundage-energy-storage,ENT-not-published-in-caiso-cluster-request-list,PROJECT_DEVELOPER,2359,core_registry_queue,,0.96,CURRENT_OR_UNDATED,Same-publisher row association; not corporate ownership.
REL-484,ENT-steelhead-energy-storage,ENT-grs-bess-texas-seven,PROJECT_DEVELOPER,27INR0145,core_registry_queue,,0.96,CURRENT_OR_UNDATED,Same-publisher row association; not corporate ownership.
REL-485,ENT-argenta-storage,ENT-charter-oak-storage,PROJECT_DEVELOPER,25INR0061,core_registry_queue,,0.96,CURRENT_OR_UNDATED,Same-publisher row association; not corporate ownership.
REL-486,ENT-malachite-bess,ENT-malachite-storage,PROJECT_DEVELOPER,27INR0112,core_registry_queue,,0.96,CURRENT_OR_UNDATED,Same-publisher row association; not corporate ownership.
REL-487,ENT-harryoungbess,ENT-gransolar-texas-four,PROJECT_DEVELOPER,25INR0552,core_registry_queue,,0.96,CURRENT_OR_UNDATED,Same-publisher row association; not corporate ownership.
REL-488,ENT-chacon-creek,ENT-cattlemen-bess,PROJECT_DEVELOPER,27INR0206,core_registry_queue,,0.96,CURRENT_OR_UNDATED,Same-publisher row association; not corporate ownership.
REL-489,ENT-serrano-storage,ENT-maverick-ess,PROJECT_DEVELOPER,24INR0617,core_registry_queue,,0.96,CURRENT_OR_UNDATED,Same-publisher row association; not corporate ownership.
REL-490,ENT-wetzel-bess,ENT-brown-ess,PROJECT_DEVELOPER,24INR0544,core_registry_queue,,0.96,CURRENT_OR_UNDATED,Same-publisher row association; not corporate ownership.
REL-491,ENT-arroyo-storage,ENT-bt-cantwell-solar,PROJECT_DEVELOPER,24INR0306,core_registry_queue,,0.96,CURRENT_OR_UNDATED,Same-publisher row association; not corporate ownership.
REL-492,ENT-hofbrau-bess,ENT-momentum-hofbrau,PROJECT_DEVELOPER,23INR0312,core_registry_queue,,0.96,CURRENT_OR_UNDATED,Same-publisher row association; not corporate ownership.
REL-493,ENT-elevate-arthur-kill-ii,ENT-lighthouse-arthur-kill-ii,PROJECT_DEVELOPER,C24-131,core_registry_queue,,0.96,CURRENT_OR_UNDATED,Same-publisher row association; not corporate ownership.
REL-494,ENT-battery-storage,ENT-not-published-in-iso-ne-irtt-public-queue,PROJECT_DEVELOPER,1551,core_registry_queue,,0.96,CURRENT_OR_UNDATED,Same-publisher row association; not corporate ownership.
REL-495,ENT-lockport-storage,ENT-origis-development,PROJECT_DEVELOPER,C24-326,core_registry_queue,,0.96,CURRENT_OR_UNDATED,Same-publisher row association; not corporate ownership.
REL-496,ENT-whitetail-bess,ENT-hunt-energy-network,PROJECT_DEVELOPER,26INR0420,core_registry_queue,,0.96,CURRENT_OR_UNDATED,Same-publisher row association; not corporate ownership.
REL-497,ENT-amberjack2-bess,ENT-hunt-energy-network,PROJECT_DEVELOPER,26INR0640,core_registry_queue,,0.96,CURRENT_OR_UNDATED,Same-publisher row association; not corporate ownership.
REL-498,ENT-green-ocelot-storage,ENT-ocelot-solar,PROJECT_DEVELOPER,28INR0189,core_registry_queue,,0.96,CURRENT_OR_UNDATED,Same-publisher row association; not corporate ownership.
REL-499,ENT-saddle-horn-station-bess-slf,ENT-saddle-horn-station-bess,PROJECT_DEVELOPER,27INR0350,core_registry_queue,,0.96,CURRENT_OR_UNDATED,Same-publisher row association; not corporate ownership.
REL-500,ENT-willis-storage,ENT-majewski-storage,PROJECT_DEVELOPER,25INR0370,core_registry_queue,,0.96,CURRENT_OR_UNDATED,Same-publisher row association; not corporate ownership.
REL-501,ENT-brotherton-storage,ENT-bt-brotherton-storage,PROJECT_DEVELOPER,25INR0432,core_registry_queue,,0.96,CURRENT_OR_UNDATED,Same-publisher row association; not corporate ownership.
REL-502,ENT-mcmurtre-storage,ENT-bt-mcmurtre-storage,PROJECT_DEVELOPER,25INR0371,core_registry_queue,,0.96,CURRENT_OR_UNDATED,Same-publisher row association; not corporate ownership.
REL-503,ENT-yooperlite-storage,ENT-bt-yooperlite-storage,PROJECT_DEVELOPER,25INR0466,core_registry_queue,,0.96,CURRENT_OR_UNDATED,Same-publisher row association; not corporate ownership.
REL-504,ENT-grandfalls-storage-slf,ENT-king-mountain-storage,PROJECT_DEVELOPER,21INR0262,core_registry_queue,,0.96,CURRENT_OR_UNDATED,Same-publisher row association; not corporate ownership.
REL-505,ENT-eligius-bess,ENT-eligius-storage,PROJECT_DEVELOPER,28INR0247,core_registry_queue,,0.96,CURRENT_OR_UNDATED,Same-publisher row association; not corporate ownership.
REL-506,ENT-cold-creek-storage-2,ENT-cold-creek-solar-and-storage,PROJECT_DEVELOPER,26INR0291,core_registry_queue,,0.96,CURRENT_OR_UNDATED,Same-publisher row association; not corporate ownership.
REL-507,ENT-basecamp-bess,ENT-rwe-solar-development,PROJECT_DEVELOPER,C24-097,core_registry_queue,,0.96,CURRENT_OR_UNDATED,Same-publisher row association; not corporate ownership.
REL-508,ENT-energy-storage,ENT-not-published-in-iso-ne-irtt-public-queue,PROJECT_DEVELOPER,877,core_registry_queue,,0.96,CURRENT_OR_UNDATED,Same-publisher row association; not corporate ownership.
REL-509,ENT-juniperus-bess,ENT-blue-stone-renewable-xxi,PROJECT_DEVELOPER,27INR0097,core_registry_queue,,0.96,CURRENT_OR_UNDATED,Same-publisher row association; not corporate ownership.
REL-510,ENT-uk-ls2-and-ls6-solar-battery,ENT-not-published-in-aeso-connection-project-list,PROJECT_DEVELOPER,P3065,core_registry_queue,,0.96,CURRENT_OR_UNDATED,Same-publisher row association; not corporate ownership.
REL-511,ENT-battery-storage,ENT-not-published-in-iso-ne-irtt-public-queue,PROJECT_DEVELOPER,1412,core_registry_queue,,0.96,CURRENT_OR_UNDATED,Same-publisher row association; not corporate ownership.
REL-512,ENT-kegans-bess-houston-iv-bess,ENT-smt-houston-iv,PROJECT_DEVELOPER,24INR0584,core_registry_queue,,0.96,CURRENT_OR_UNDATED,Same-publisher row association; not corporate ownership.
REL-513,ENT-dove-creek-storage,ENT-dove-creek-solar,PROJECT_DEVELOPER,26INR0455,core_registry_queue,,0.96,CURRENT_OR_UNDATED,Same-publisher row association; not corporate ownership.
REL-514,ENT-concho-pearl-storage,ENT-concho-pearl-solar,PROJECT_DEVELOPER,25INR0175,core_registry_queue,,0.96,CURRENT_OR_UNDATED,Same-publisher row association; not corporate ownership.
REL-515,ENT-silver-lake-345-kv,ENT-not-published-in-pjm-queue-export,PROJECT_DEVELOPER,AG2-545 - moved to TC2,core_registry_queue,,0.96,CURRENT_OR_UNDATED,Same-publisher row association; not corporate ownership.
REL-516,ENT-albatross-bess-2,ENT-albatross-solar,PROJECT_DEVELOPER,25INR0579,core_registry_queue,,0.96,CURRENT_OR_UNDATED,Same-publisher row association; not corporate ownership.
REL-517,ENT-high-plains-storage,ENT-robp,PROJECT_DEVELOPER,24INR0419,core_registry_queue,,0.96,CURRENT_OR_UNDATED,Same-publisher row association; not corporate ownership.
REL-518,ENT-otter-bess,ENT-grs-bess-texas-ten,PROJECT_DEVELOPER,27INR0180,core_registry_queue,,0.96,CURRENT_OR_UNDATED,Same-publisher row association; not corporate ownership.
REL-519,ENT-pecan-bess,ENT-gransolar-texas-three,PROJECT_DEVELOPER,27INR0092,core_registry_queue,,0.96,CURRENT_OR_UNDATED,Same-publisher row association; not corporate ownership.
REL-520,ENT-moss-rock-storage,ENT-invenergy-storage-development,PROJECT_DEVELOPER,28INR0438,core_registry_queue,,0.96,CURRENT_OR_UNDATED,Same-publisher row association; not corporate ownership.
REL-521,ENT-coyote-den-storage,ENT-coyote-den-energy-center,PROJECT_DEVELOPER,27INR0151,core_registry_queue,,0.96,CURRENT_OR_UNDATED,Same-publisher row association; not corporate ownership.
REL-522,ENT-cartwheel-bess-2,ENT-rwe-renewables,PROJECT_DEVELOPER,23INR0495,core_registry_queue,,0.96,CURRENT_OR_UNDATED,Same-publisher row association; not corporate ownership.
REL-523,ENT-strawberry-acres-storage,ENT-strawberry-acres-energy-center,PROJECT_DEVELOPER,25INR0248,core_registry_queue,,0.96,CURRENT_OR_UNDATED,Same-publisher row association; not corporate ownership.
REL-524,ENT-austin-bayou-storage-iii,ENT-austin-bayou-solar,PROJECT_DEVELOPER,25INR0237,core_registry_queue,,0.96,CURRENT_OR_UNDATED,Same-publisher row association; not corporate ownership.
REL-525,ENT-austin-bayou-storage-ii,ENT-austin-bayou-solar,PROJECT_DEVELOPER,25INR0236,core_registry_queue,,0.96,CURRENT_OR_UNDATED,Same-publisher row association; not corporate ownership.
REL-526,ENT-firefly-fields-storage,ENT-firefly-fields-energy-center,PROJECT_DEVELOPER,29INR0123,core_registry_queue,,0.96,CURRENT_OR_UNDATED,Same-publisher row association; not corporate ownership.
REL-527,ENT-palladium-storage,ENT-palladium-energy-storage,PROJECT_DEVELOPER,23INR0462,core_registry_queue,,0.96,CURRENT_OR_UNDATED,Same-publisher row association; not corporate ownership.
REL-528,ENT-chimney-rock-bess,ENT-taylor-ess,PROJECT_DEVELOPER,28INR0156,core_registry_queue,,0.96,CURRENT_OR_UNDATED,Same-publisher row association; not corporate ownership.
REL-529,ENT-s-berwick-galion-345-kv,ENT-not-published-in-pjm-queue-export,PROJECT_DEVELOPER,AG2-329 - moved to TC2,core_registry_queue,,0.96,CURRENT_OR_UNDATED,Same-publisher row association; not corporate ownership.
REL-530,ENT-purple-sage-bess-2,ENT-purple-sage,PROJECT_DEVELOPER,25INR0392,core_registry_queue,,0.96,CURRENT_OR_UNDATED,Same-publisher row association; not corporate ownership.
REL-531,ENT-purple-sage-bess-1,ENT-purple-sage,PROJECT_DEVELOPER,25INR0391,core_registry_queue,,0.96,CURRENT_OR_UNDATED,Same-publisher row association; not corporate ownership.
REL-532,ENT-corey-138-kv,ENT-not-published-in-pjm-queue-export,PROJECT_DEVELOPER,AF1-176 - moved to TC1,core_registry_queue,,0.96,CURRENT_OR_UNDATED,Same-publisher row association; not corporate ownership.
REL-533,ENT-short-creek-bess,ENT-wichita-solar-i,PROJECT_DEVELOPER,27INR0029,core_registry_queue,,0.96,CURRENT_OR_UNDATED,Same-publisher row association; not corporate ownership.
REL-534,ENT-ranger-bess,ENT-nova-clean-energy,PROJECT_DEVELOPER,29INR0152,core_registry_queue,,0.96,CURRENT_OR_UNDATED,Same-publisher row association; not corporate ownership.
REL-535,ENT-palomino-storage,ENT-palomino-renewables,PROJECT_DEVELOPER,29INR0057,core_registry_queue,,0.96,CURRENT_OR_UNDATED,Same-publisher row association; not corporate ownership.
REL-536,ENT-bowstring-bess,ENT-longbow-energy-storage,PROJECT_DEVELOPER,22INR0443,core_registry_queue,,0.96,CURRENT_OR_UNDATED,Same-publisher row association; not corporate ownership.
REL-537,ENT-galaxy-storage,ENT-galaxy-solar,PROJECT_DEVELOPER,27INR0220,core_registry_queue,,0.96,CURRENT_OR_UNDATED,Same-publisher row association; not corporate ownership.
REL-538,ENT-gunnar-bess,ENT-gunnar-reliability-project,PROJECT_DEVELOPER,24INR0491,core_registry_queue,,0.96,CURRENT_OR_UNDATED,Same-publisher row association; not corporate ownership.
REL-539,ENT-two-brothers-ess,ENT-brp-blue-topaz-2,PROJECT_DEVELOPER,24INR0425,core_registry_queue,,0.96,CURRENT_OR_UNDATED,Same-publisher row association; not corporate ownership.
REL-540,ENT-sosa-storage,ENT-sosa-energy-center,PROJECT_DEVELOPER,25INR0131,core_registry_queue,,0.96,CURRENT_OR_UNDATED,Same-publisher row association; not corporate ownership.
REL-541,ENT-bastion-bess,ENT-bess-bastion,PROJECT_DEVELOPER,28INR0341,core_registry_queue,,0.96,CURRENT_OR_UNDATED,Same-publisher row association; not corporate ownership.
REL-542,ENT-roble-bess,ENT-flexen-usa,PROJECT_DEVELOPER,27INR0117,core_registry_queue,,0.96,CURRENT_OR_UNDATED,Same-publisher row association; not corporate ownership.
REL-543,ENT-valcrest-bess,ENT-flexen-usa,PROJECT_DEVELOPER,28INR0465,core_registry_queue,,0.96,CURRENT_OR_UNDATED,Same-publisher row association; not corporate ownership.
REL-544,ENT-crowned-heron-bess,ENT-rwe-renewables,PROJECT_DEVELOPER,24INR0405,core_registry_queue,,0.96,CURRENT_OR_UNDATED,Same-publisher row association; not corporate ownership.
REL-545,ENT-cartwheel-bess-1,ENT-cartwheel-bess,PROJECT_DEVELOPER,23INR0494,core_registry_queue,,0.96,CURRENT_OR_UNDATED,Same-publisher row association; not corporate ownership.
REL-546,ENT-crowned-heron-bess-2,ENT-rwe-renewables,PROJECT_DEVELOPER,24INR0493,core_registry_queue,,0.96,CURRENT_OR_UNDATED,Same-publisher row association; not corporate ownership.
REL-547,ENT-badger-bess,ENT-greasewood-bess,PROJECT_DEVELOPER,28INR0213,core_registry_queue,,0.96,CURRENT_OR_UNDATED,Same-publisher row association; not corporate ownership.
REL-548,ENT-dori-bq-bess,ENT-sunnyside-energy,PROJECT_DEVELOPER,24INR0196,core_registry_queue,,0.96,CURRENT_OR_UNDATED,Same-publisher row association; not corporate ownership.
REL-549,ENT-maderagemela-bess1,ENT-twinwood-es1,PROJECT_DEVELOPER,26INR0426,core_registry_queue,,0.96,CURRENT_OR_UNDATED,Same-publisher row association; not corporate ownership.
REL-550,ENT-ashtrom-marigold-bess-slf,ENT-marigold-bess,PROJECT_DEVELOPER,29INR0324,core_registry_queue,,0.96,CURRENT_OR_UNDATED,Same-publisher row association; not corporate ownership.
REL-551,ENT-pamplona-storage,ENT-karol-solar-v,PROJECT_DEVELOPER,28INR0226,core_registry_queue,,0.96,CURRENT_OR_UNDATED,Same-publisher row association; not corporate ownership.
REL-552,ENT-bufflehead-bess,ENT-boxcar-energy-storage,PROJECT_DEVELOPER,24INR0274,core_registry_queue,,0.96,CURRENT_OR_UNDATED,Same-publisher row association; not corporate ownership.
REL-553,ENT-blanco-county-behrends-storage,ENT-dm-bcb,PROJECT_DEVELOPER,26INR0616,core_registry_queue,,0.96,CURRENT_OR_UNDATED,Same-publisher row association; not corporate ownership.
REL-554,ENT-wichita-county-mawson-storage,ENT-dm-wcm,PROJECT_DEVELOPER,26INR0613,core_registry_queue,,0.96,CURRENT_OR_UNDATED,Same-publisher row association; not corporate ownership.
REL-555,ENT-anson-bat,ENT-anson-ii-storage,PROJECT_DEVELOPER,22INR0457,core_registry_queue,,0.96,CURRENT_OR_UNDATED,Same-publisher row association; not corporate ownership.
REL-556,ENT-palisade-bess,ENT-flexen-usa,PROJECT_DEVELOPER,29INR0174,core_registry_queue,,0.96,CURRENT_OR_UNDATED,Same-publisher row association; not corporate ownership.
REL-557,ENT-silver-dollar-storage,ENT-silver-dollar-solar-project,PROJECT_DEVELOPER,27INR0187,core_registry_queue,,0.96,CURRENT_OR_UNDATED,Same-publisher row association; not corporate ownership.
REL-558,ENT-damia-storage,ENT-damia-solar,PROJECT_DEVELOPER,26INR0602,core_registry_queue,,0.96,CURRENT_OR_UNDATED,Same-publisher row association; not corporate ownership.
REL-559,ENT-jaguarundi-energy-storage,ENT-powerpulse,PROJECT_DEVELOPER,28INR0349,core_registry_queue,,0.96,CURRENT_OR_UNDATED,Same-publisher row association; not corporate ownership.
REL-560,ENT-kuy-creek-storage-1-slf,ENT-kuy-creek-storage-1,PROJECT_DEVELOPER,28INR0304,core_registry_queue,,0.96,CURRENT_OR_UNDATED,Same-publisher row association; not corporate ownership.
REL-561,ENT-gotham-bess,ENT-aeu-battery-project-iv,PROJECT_DEVELOPER,26INR0222,core_registry_queue,,0.96,CURRENT_OR_UNDATED,Same-publisher row association; not corporate ownership.
REL-562,ENT-maleza-storage,ENT-brush-storage,PROJECT_DEVELOPER,21INR0456,core_registry_queue,,0.96,CURRENT_OR_UNDATED,Same-publisher row association; not corporate ownership.
REL-563,ENT-pecan-ridge,ENT-luminous-energy-renewables,PROJECT_DEVELOPER,27INR0593,core_registry_queue,,0.96,CURRENT_OR_UNDATED,Same-publisher row association; not corporate ownership.
REL-564,ENT-amerada-storage,ENT-amerada-solar,PROJECT_DEVELOPER,26INR0084,core_registry_queue,,0.96,CURRENT_OR_UNDATED,Same-publisher row association; not corporate ownership.
REL-565,ENT-chisme-storage,ENT-blue-heron-solar,PROJECT_DEVELOPER,24INR0331,core_registry_queue,,0.96,CURRENT_OR_UNDATED,Same-publisher row association; not corporate ownership.
REL-566,ENT-austin-bayou-storage-i,ENT-austin-bayou-solar,PROJECT_DEVELOPER,25INR0235,core_registry_queue,,0.96,CURRENT_OR_UNDATED,Same-publisher row association; not corporate ownership.
REL-567,ENT-skipjack-energy-storage,ENT-skipper-energy-storage,PROJECT_DEVELOPER,26INR0189,core_registry_queue,,0.96,CURRENT_OR_UNDATED,Same-publisher row association; not corporate ownership.
REL-568,ENT-stockyard-grid-batt,ENT-stockyard-grid,PROJECT_DEVELOPER,21INR0492,core_registry_queue,,0.96,CURRENT_OR_UNDATED,Same-publisher row association; not corporate ownership.
REL-569,ENT-stewart-grady-bess,ENT-grady-bess,PROJECT_DEVELOPER,25INR0396,core_registry_queue,,0.96,CURRENT_OR_UNDATED,Same-publisher row association; not corporate ownership.
REL-570,ENT-darkwood-bess,ENT-mustang-creek-solar,PROJECT_DEVELOPER,27INR0050,core_registry_queue,,0.96,CURRENT_OR_UNDATED,Same-publisher row association; not corporate ownership.
REL-571,ENT-yorktown-bess,ENT-navitas-energy,PROJECT_DEVELOPER,26INR0328,core_registry_queue,,0.96,CURRENT_OR_UNDATED,Same-publisher row association; not corporate ownership.
REL-572,ENT-cashel-bess,ENT-tippsol,PROJECT_DEVELOPER,27INR0364,core_registry_queue,,0.96,CURRENT_OR_UNDATED,Same-publisher row association; not corporate ownership.
REL-573,ENT-hawkins-bess,ENT-brp-blue-topaz-7,PROJECT_DEVELOPER,25INR0376,core_registry_queue,,0.96,CURRENT_OR_UNDATED,Same-publisher row association; not corporate ownership.
REL-574,ENT-oriole-bes,ENT-rolling-plains-solar,PROJECT_DEVELOPER,28INR0009,core_registry_queue,,0.96,CURRENT_OR_UNDATED,Same-publisher row association; not corporate ownership.
REL-575,ENT-dorsey-road-bess,ENT-horizon-energy-storage-greenfield-project,PROJECT_DEVELOPER,27INR0342,core_registry_queue,,0.96,CURRENT_OR_UNDATED,Same-publisher row association; not corporate ownership.
REL-576,ENT-tradition-bess,ENT-horizon-energy-storage-greenfield-project,PROJECT_DEVELOPER,30INR0111,core_registry_queue,,0.96,CURRENT_OR_UNDATED,Same-publisher row association; not corporate ownership.
REL-577,ENT-short-river-bess,ENT-horizon-energy-storage-greenfield-project,PROJECT_DEVELOPER,30INR0112,core_registry_queue,,0.96,CURRENT_OR_UNDATED,Same-publisher row association; not corporate ownership.
REL-578,ENT-solgen-storage,ENT-lampasas-hybrid-energy,PROJECT_DEVELOPER,30INR0038,core_registry_queue,,0.96,CURRENT_OR_UNDATED,Same-publisher row association; not corporate ownership.
REL-579,ENT-valcour-storage,ENT-emeren-us,PROJECT_DEVELOPER,C24-139,core_registry_queue,,0.96,CURRENT_OR_UNDATED,Same-publisher row association; not corporate ownership.
REL-580,ENT-aria-storage-2,ENT-terra-gen-development,PROJECT_DEVELOPER,C24-338,core_registry_queue,,0.96,CURRENT_OR_UNDATED,Same-publisher row association; not corporate ownership.
REL-581,ENT-alcazar-2,ENT-terra-gen-development,PROJECT_DEVELOPER,C26-0006,core_registry_queue,,0.96,CURRENT_OR_UNDATED,Same-publisher row association; not corporate ownership.
REL-582,ENT-gowanus-energy-storage,ENT-astoria-generating,PROJECT_DEVELOPER,C24-178,core_registry_queue,,0.96,CURRENT_OR_UNDATED,Same-publisher row association; not corporate ownership.
REL-583,ENT-aria-storage-3,ENT-terra-gen-development,PROJECT_DEVELOPER,C26-0015,core_registry_queue,,0.96,CURRENT_OR_UNDATED,Same-publisher row association; not corporate ownership.
REL-584,ENT-ny-chateaugay-0-willis-rd-storage,ENT-chateauguay-river,PROJECT_DEVELOPER,C24-304-004,core_registry_queue,,0.96,CURRENT_OR_UNDATED,Same-publisher row association; not corporate ownership.
REL-585,ENT-clay-energy-storage-2,ENT-terra-gen-development,PROJECT_DEVELOPER,C26-0023,core_registry_queue,,0.96,CURRENT_OR_UNDATED,Same-publisher row association; not corporate ownership.
REL-586,ENT-farmhouse-bess,ENT-rwe-solar-development,PROJECT_DEVELOPER,C24-098,core_registry_queue,,0.96,CURRENT_OR_UNDATED,Same-publisher row association; not corporate ownership.
REL-587,ENT-alcazar-2,ENT-terra-gen-development,PROJECT_DEVELOPER,C24-094,core_registry_queue,,0.96,CURRENT_OR_UNDATED,Same-publisher row association; not corporate ownership.
REL-588,ENT-cowboy,ENT-not-published-in-caiso-cluster-request-list,PROJECT_DEVELOPER,2344,core_registry_queue,,0.96,CURRENT_OR_UNDATED,Same-publisher row association; not corporate ownership.
REL-589,ENT-mesquite-solar-6,ENT-not-published-in-caiso-cluster-request-list,PROJECT_DEVELOPER,2279,core_registry_queue,,0.96,CURRENT_OR_UNDATED,Same-publisher row association; not corporate ownership.
REL-590,ENT-oakdale-battery-storage,ENT-baywa-r-e-projects,PROJECT_DEVELOPER,C24-032,core_registry_queue,,0.96,CURRENT_OR_UNDATED,Same-publisher row association; not corporate ownership.
REL-591,ENT-arch-4,ENT-terra-gen-development,PROJECT_DEVELOPER,C24-085,core_registry_queue,,0.96,CURRENT_OR_UNDATED,Same-publisher row association; not corporate ownership.
REL-592,ENT-lincoln-park-dg,ENT-baywa-r-e-projects,PROJECT_DEVELOPER,C24-047,core_registry_queue,,0.96,CURRENT_OR_UNDATED,Same-publisher row association; not corporate ownership.
REL-593,ENT-ahi-prairie-eagle-cogen,ENT-not-published-in-aeso-connection-project-list,PROJECT_DEVELOPER,P3040,core_registry_queue,,0.96,CURRENT_OR_UNDATED,Same-publisher row association; not corporate ownership.
REL-594,ENT-peregrine-bess,ENT-ced-development,PROJECT_DEVELOPER,23INR0206,core_registry_queue,,0.96,CURRENT_OR_UNDATED,Same-publisher row association; not corporate ownership.
REL-595,ENT-charolais-storage,ENT-rwe-solar-development,PROJECT_DEVELOPER,23INR0168,core_registry_queue,,0.96,CURRENT_OR_UNDATED,Same-publisher row association; not corporate ownership.
REL-596,ENT-endless-caverns-115-kv,ENT-not-published-in-pjm-queue-export,PROJECT_DEVELOPER,AF1-028,core_registry_queue,,0.96,CURRENT_OR_UNDATED,Same-publisher row association; not corporate ownership.
REL-597,ENT-solara-bess-2,ENT-ced-development,PROJECT_DEVELOPER,24INR0379,core_registry_queue,,0.96,CURRENT_OR_UNDATED,Same-publisher row association; not corporate ownership.
REL-598,ENT-photo-bess-2,ENT-ced-development,PROJECT_DEVELOPER,24INR0122,core_registry_queue,,0.96,CURRENT_OR_UNDATED,Same-publisher row association; not corporate ownership.
REL-599,ENT-peregrine-bess-2,ENT-ced-development,PROJECT_DEVELOPER,25INR0078,core_registry_queue,,0.96,CURRENT_OR_UNDATED,Same-publisher row association; not corporate ownership.
REL-600,ENT-cathode-bess,ENT-ced-development,PROJECT_DEVELOPER,24INR0394,core_registry_queue,,0.96,CURRENT_OR_UNDATED,Same-publisher row association; not corporate ownership.
REL-601,ENT-solara-bess-1,ENT-ced-development,PROJECT_DEVELOPER,24INR0378,core_registry_queue,,0.96,CURRENT_OR_UNDATED,Same-publisher row association; not corporate ownership.
REL-602,ENT-palo-verde-bess,ENT-rwe-clean-energy-development,PROJECT_DEVELOPER,27INR0227,core_registry_queue,,0.96,CURRENT_OR_UNDATED,Same-publisher row association; not corporate ownership.
REL-603,ENT-enfinity-cedar,ENT-eg-cedar,PROJECT_DEVELOPER,29INR0356,core_registry_queue,,0.96,CURRENT_OR_UNDATED,Same-publisher row association; not corporate ownership.
REL-604,ENT-ranchero-bess,ENT-ranchero-battery-facility,PROJECT_DEVELOPER,25INR0489,core_registry_queue,,0.96,CURRENT_OR_UNDATED,Same-publisher row association; not corporate ownership.
REL-605,ENT-marysville-flatlick-765-kv,ENT-not-published-in-pjm-queue-export,PROJECT_DEVELOPER,AG2-106 - moved to TC2,core_registry_queue,,0.96,CURRENT_OR_UNDATED,Same-publisher row association; not corporate ownership.
REL-606,ENT-aurora-e-c-138kv,ENT-not-published-in-pjm-queue-export,PROJECT_DEVELOPER,AH1-563 - moved to TC2,core_registry_queue,,0.96,CURRENT_OR_UNDATED,Same-publisher row association; not corporate ownership.
REL-607,ENT-hoytdale-138-kv,ENT-not-published-in-pjm-queue-export,PROJECT_DEVELOPER,AG2-621 - moved to TC2,core_registry_queue,,0.96,CURRENT_OR_UNDATED,Same-publisher row association; not corporate ownership.
REL-608,ENT-electrode-bess,ENT-ced-development,PROJECT_DEVELOPER,24INR0393,core_registry_queue,,0.96,CURRENT_OR_UNDATED,Same-publisher row association; not corporate ownership.
REL-609,ENT-marshall-spring-storage,ENT-marshall-springs-storage,PROJECT_DEVELOPER,25INR0354,core_registry_queue,,0.96,CURRENT_OR_UNDATED,Same-publisher row association; not corporate ownership.
REL-610,ENT-stonewall-138-kv,ENT-not-published-in-pjm-queue-export,PROJECT_DEVELOPER,AG2-288 - moved to TC2,core_registry_queue,,0.96,CURRENT_OR_UNDATED,Same-publisher row association; not corporate ownership.
REL-611,ENT-rockford-ii-138-kv,ENT-not-published-in-pjm-queue-export,PROJECT_DEVELOPER,AH1-564 - moved to TC2,core_registry_queue,,0.96,CURRENT_OR_UNDATED,Same-publisher row association; not corporate ownership.
REL-612,ENT-marysville-flatlick-765-kv,ENT-not-published-in-pjm-queue-export,PROJECT_DEVELOPER,AG2-107 - moved to TC2,core_registry_queue,,0.96,CURRENT_OR_UNDATED,Same-publisher row association; not corporate ownership.
REL-613,ENT-bergen-138-kv,ENT-not-published-in-pjm-queue-export,PROJECT_DEVELOPER,AF2-415,core_registry_queue,,0.96,CURRENT_OR_UNDATED,Same-publisher row association; not corporate ownership.
REL-614,ENT-midlothian-230-kv,ENT-not-published-in-pjm-queue-export,PROJECT_DEVELOPER,AG2-088 - moved to TC2,core_registry_queue,,0.96,CURRENT_OR_UNDATED,Same-publisher row association; not corporate ownership.
REL-615,ENT-rogers-draw-bess,ENT-rogers-draw-energy-storage,PROJECT_DEVELOPER,24INR0514,core_registry_queue,,0.96,CURRENT_OR_UNDATED,Same-publisher row association; not corporate ownership.
REL-616,ENT-brizo-bess,ENT-brp-brizo-bess,PROJECT_DEVELOPER,23INR0342,core_registry_queue,,0.96,CURRENT_OR_UNDATED,Same-publisher row association; not corporate ownership.
REL-617,ENT-summerhill-bess,ENT-taylor-ess,PROJECT_DEVELOPER,28INR0254,core_registry_queue,,0.96,CURRENT_OR_UNDATED,Same-publisher row association; not corporate ownership.
REL-618,ENT-battery-storage,ENT-not-published-in-iso-ne-irtt-public-queue,PROJECT_DEVELOPER,1319,core_registry_queue,,0.96,CURRENT_OR_UNDATED,Same-publisher row association; not corporate ownership.
REL-619,ENT-rhoda-storage,ENT-milam-energy,PROJECT_DEVELOPER,23INR0478,core_registry_queue,,0.96,CURRENT_OR_UNDATED,Same-publisher row association; not corporate ownership.
REL-620,ENT-invictus-energy-storage,ENT-gsa-land,PROJECT_DEVELOPER,23INR0794,core_registry_queue,,0.96,CURRENT_OR_UNDATED,Same-publisher row association; not corporate ownership.
REL-621,ENT-ramadi-utility-storage,ENT-calpine-mid-atlantic-development,PROJECT_DEVELOPER,C24-162,core_registry_queue,,0.96,CURRENT_OR_UNDATED,Same-publisher row association; not corporate ownership.
REL-622,ENT-keystone-desoto-345-kv,ENT-not-published-in-pjm-queue-export,PROJECT_DEVELOPER,AF1-119,core_registry_queue,,0.96,CURRENT_OR_UNDATED,Same-publisher row association; not corporate ownership.
REL-623,ENT-demeter-storage-2,ENT-demeter-solar,PROJECT_DEVELOPER,26INR0523,core_registry_queue,,0.96,CURRENT_OR_UNDATED,Same-publisher row association; not corporate ownership.
REL-624,ENT-battery-storage,ENT-not-published-in-iso-ne-irtt-public-queue,PROJECT_DEVELOPER,1518,core_registry_queue,,0.96,CURRENT_OR_UNDATED,Same-publisher row association; not corporate ownership.
REL-625,ENT-turtle-rock-storage,ENT-turtle-rock-energy-center,PROJECT_DEVELOPER,28INR0080,core_registry_queue,,0.96,CURRENT_OR_UNDATED,Same-publisher row association; not corporate ownership.
REL-626,ENT-vial-bess,ENT-gransolar-texas-eleven,PROJECT_DEVELOPER,25INR0122,core_registry_queue,,0.96,CURRENT_OR_UNDATED,Same-publisher row association; not corporate ownership.
REL-627,ENT-marathon-bess,ENT-marathon-power,PROJECT_DEVELOPER,C24-138,core_registry_queue,,0.96,CURRENT_OR_UNDATED,Same-publisher row association; not corporate ownership.
REL-628,ENT-fraser-energy-storage,ENT-edf-renewables-development,PROJECT_DEVELOPER,C24-064,core_registry_queue,,0.96,CURRENT_OR_UNDATED,Same-publisher row association; not corporate ownership.
REL-629,ENT-meadowview-solar-battery,ENT-not-published-in-aeso-connection-project-list,PROJECT_DEVELOPER,P3014,core_registry_queue,,0.96,CURRENT_OR_UNDATED,Same-publisher row association; not corporate ownership.
REL-630,ENT-northeast-riverside-230-kv,ENT-not-published-in-pjm-queue-export,PROJECT_DEVELOPER,AH1-261 - moved to TC2,core_registry_queue,,0.96,CURRENT_OR_UNDATED,Same-publisher row association; not corporate ownership.
REL-631,ENT-stonewall-bess,ENT-stonewall-ess,PROJECT_DEVELOPER,28INR0253,core_registry_queue,,0.96,CURRENT_OR_UNDATED,Same-publisher row association; not corporate ownership.
REL-632,ENT-giga-texas-data-center,ENT-giga-texas-energy,PROJECT_DEVELOPER,25INR0688,core_registry_queue,,0.96,CURRENT_OR_UNDATED,Same-publisher row association; not corporate ownership.
REL-633,ENT-pham-bess,ENT-asb1,PROJECT_DEVELOPER,28INR0094,core_registry_queue,,0.96,CURRENT_OR_UNDATED,Same-publisher row association; not corporate ownership.
REL-634,ENT-halcon-storage,ENT-tx-bess-a,PROJECT_DEVELOPER,25INR0241,core_registry_queue,,0.96,CURRENT_OR_UNDATED,Same-publisher row association; not corporate ownership.
REL-635,ENT-shoestring,ENT-not-published-in-caiso-cluster-request-list,PROJECT_DEVELOPER,2249,core_registry_queue,,0.96,CURRENT_OR_UNDATED,Same-publisher row association; not corporate ownership.
REL-636,ENT-hillboro-bess,ENT-abei-energy-green-xi,PROJECT_DEVELOPER,26INR0402,core_registry_queue,,0.96,CURRENT_OR_UNDATED,Same-publisher row association; not corporate ownership.
REL-637,ENT-white-wing-storage,ENT-white-wing-solar,PROJECT_DEVELOPER,27INR0333,core_registry_queue,,0.96,CURRENT_OR_UNDATED,Same-publisher row association; not corporate ownership.
REL-638,ENT-port-morris-energy-storage,ENT-the-new-york-power-authority,PROJECT_DEVELOPER,C24-081,core_registry_queue,,0.96,CURRENT_OR_UNDATED,Same-publisher row association; not corporate ownership.
REL-639,ENT-silverbell-storage,ENT-silverbell-energy-center,PROJECT_DEVELOPER,28INR0124,core_registry_queue,,0.96,CURRENT_OR_UNDATED,Same-publisher row association; not corporate ownership.
REL-640,ENT-alamo-city-bess,ENT-alamo-city-ess,PROJECT_DEVELOPER,26INR0330,core_registry_queue,,0.96,CURRENT_OR_UNDATED,Same-publisher row association; not corporate ownership.
REL-641,ENT-salazar-bess,ENT-salazar-energy-storage,PROJECT_DEVELOPER,28INR0116,core_registry_queue,,0.96,CURRENT_OR_UNDATED,Same-publisher row association; not corporate ownership.
REL-642,ENT-san-gabriel-storage,ENT-san-gabriel-solar,PROJECT_DEVELOPER,28INR0191,core_registry_queue,,0.96,CURRENT_OR_UNDATED,Same-publisher row association; not corporate ownership.
REL-643,ENT-dolomite-storage,ENT-bt-wilson-storage,PROJECT_DEVELOPER,25INR0495,core_registry_queue,,0.96,CURRENT_OR_UNDATED,Same-publisher row association; not corporate ownership.
REL-644,ENT-spinner-energy-storage,ENT-gci-wolf-energy-storage,PROJECT_DEVELOPER,27INR0083,core_registry_queue,,0.96,CURRENT_OR_UNDATED,Same-publisher row association; not corporate ownership.
REL-645,ENT-becerra-creek-storage-2,ENT-bordas-renewable-energy,PROJECT_DEVELOPER,27INR0003,core_registry_queue,,0.96,CURRENT_OR_UNDATED,Same-publisher row association; not corporate ownership.
REL-646,ENT-becerra-creek-storage-1,ENT-bordas-renewable-energy,PROJECT_DEVELOPER,26INR0024,core_registry_queue,,0.96,CURRENT_OR_UNDATED,Same-publisher row association; not corporate ownership.
REL-647,ENT-momentum-hazy-jane-bess,ENT-momentum-hazy-jane,PROJECT_DEVELOPER,26INR0273,core_registry_queue,,0.96,CURRENT_OR_UNDATED,Same-publisher row association; not corporate ownership.
REL-648,ENT-saluga-ranch-storage,ENT-saluga-ranch-energy,PROJECT_DEVELOPER,26INR0356,core_registry_queue,,0.96,CURRENT_OR_UNDATED,Same-publisher row association; not corporate ownership.
REL-649,ENT-houston-county-bess,ENT-houston-ess,PROJECT_DEVELOPER,27INR0196,core_registry_queue,,0.96,CURRENT_OR_UNDATED,Same-publisher row association; not corporate ownership.
REL-650,ENT-te-smith-storage-2,ENT-smith-ii-battery-storage,PROJECT_DEVELOPER,26INR0418,core_registry_queue,,0.96,CURRENT_OR_UNDATED,Same-publisher row association; not corporate ownership.
REL-651,ENT-jumping-cactus-storage,ENT-dove-wing-energy-center,PROJECT_DEVELOPER,26INR0391,core_registry_queue,,0.96,CURRENT_OR_UNDATED,Same-publisher row association; not corporate ownership.
REL-652,ENT-lynx-energy-storage,ENT-corpus-battery-storage,PROJECT_DEVELOPER,25INR0329,core_registry_queue,,0.96,CURRENT_OR_UNDATED,Same-publisher row association; not corporate ownership.
REL-653,ENT-holly-oaks,ENT-not-published-in-caiso-cluster-request-list,PROJECT_DEVELOPER,2282,core_registry_queue,,0.96,CURRENT_OR_UNDATED,Same-publisher row association; not corporate ownership.
REL-654,ENT-lupinus-storage-2,ENT-lupinus-solar-2,PROJECT_DEVELOPER,24INR0155,core_registry_queue,,0.96,CURRENT_OR_UNDATED,Same-publisher row association; not corporate ownership.
REL-655,ENT-great-hambino-bess,ENT-atascosa-bess,PROJECT_DEVELOPER,26INR0654,core_registry_queue,,0.96,CURRENT_OR_UNDATED,Same-publisher row association; not corporate ownership.
REL-656,ENT-signal-hill-bess-i,ENT-signal-hill-generating,PROJECT_DEVELOPER,26INR0544,core_registry_queue,,0.96,CURRENT_OR_UNDATED,Same-publisher row association; not corporate ownership.
REL-657,ENT-east-west-bess,ENT-east-west-energy-storage,PROJECT_DEVELOPER,25INR0202,core_registry_queue,,0.96,CURRENT_OR_UNDATED,Same-publisher row association; not corporate ownership.
REL-658,ENT-sayle-storage-slf,ENT-sayle-storage,PROJECT_DEVELOPER,27INR0260,core_registry_queue,,0.96,CURRENT_OR_UNDATED,Same-publisher row association; not corporate ownership.
REL-659,ENT-dove-wing-storage,ENT-dove-wing-energy-center,PROJECT_DEVELOPER,26INR0393,core_registry_queue,,0.96,CURRENT_OR_UNDATED,Same-publisher row association; not corporate ownership.
REL-660,ENT-neal-battery,ENT-ch-neal-battery,PROJECT_DEVELOPER,28INR0452,core_registry_queue,,0.96,CURRENT_OR_UNDATED,Same-publisher row association; not corporate ownership.
REL-661,ENT-trelina-energy-storage,ENT-nextera-energy-resources-interconnection,PROJECT_DEVELOPER,C24-207,core_registry_queue,,0.96,CURRENT_OR_UNDATED,Same-publisher row association; not corporate ownership.
REL-662,ENT-bonita-bateria-2,ENT-not-published-in-caiso-cluster-request-list,PROJECT_DEVELOPER,2208,core_registry_queue,,0.96,CURRENT_OR_UNDATED,Same-publisher row association; not corporate ownership.
REL-663,ENT-elevate-bethlehem,ENT-lighthouse-bethlehem,PROJECT_DEVELOPER,C24-130,core_registry_queue,,0.96,CURRENT_OR_UNDATED,Same-publisher row association; not corporate ownership.
REL-664,ENT-waterloo-bess-1,ENT-waterloo-bess,PROJECT_DEVELOPER,25INR0447,core_registry_queue,,0.96,CURRENT_OR_UNDATED,Same-publisher row association; not corporate ownership.
REL-665,ENT-new-road-230-kv,ENT-not-published-in-pjm-queue-export,PROJECT_DEVELOPER,AE2-019,core_registry_queue,,0.96,CURRENT_OR_UNDATED,Same-publisher row association; not corporate ownership.
REL-666,ENT-razorbill-storage,ENT-rwe-solar-development,PROJECT_DEVELOPER,22INR0382,core_registry_queue,,0.96,CURRENT_OR_UNDATED,Same-publisher row association; not corporate ownership.
REL-667,ENT-black-creek-bess,ENT-francitas-renewables,PROJECT_DEVELOPER,28INR0411,core_registry_queue,,0.96,CURRENT_OR_UNDATED,Same-publisher row association; not corporate ownership.
REL-668,ENT-rolling-plains-bess,ENT-haskell-county-bess,PROJECT_DEVELOPER,26INR0501,core_registry_queue,,0.96,CURRENT_OR_UNDATED,Same-publisher row association; not corporate ownership.
REL-669,ENT-buckaroo-bess,ENT-weatherford-bess,PROJECT_DEVELOPER,26INR0498,core_registry_queue,,0.96,CURRENT_OR_UNDATED,Same-publisher row association; not corporate ownership.
REL-670,ENT-reynolds-olive-1-345-kv,ENT-not-published-in-pjm-queue-export,PROJECT_DEVELOPER,AF2-078,core_registry_queue,,0.96,CURRENT_OR_UNDATED,Same-publisher row association; not corporate ownership.
REL-671,ENT-riverwalk-bess,ENT-rwe-solar-developement,PROJECT_DEVELOPER,24INR0392,core_registry_queue,,0.96,CURRENT_OR_UNDATED,Same-publisher row association; not corporate ownership.
REL-672,ENT-marcos-bess,ENT-grs-bess-texas-eight,PROJECT_DEVELOPER,27INR0170,core_registry_queue,,0.96,CURRENT_OR_UNDATED,Same-publisher row association; not corporate ownership.
REL-673,ENT-velado-storage-slf,ENT-velado-solar,PROJECT_DEVELOPER,27INR0374,core_registry_queue,,0.96,CURRENT_OR_UNDATED,Same-publisher row association; not corporate ownership.
REL-674,ENT-hayrick-bess,ENT-gransolar-texas-five,PROJECT_DEVELOPER,25INR0135,core_registry_queue,,0.96,CURRENT_OR_UNDATED,Same-publisher row association; not corporate ownership.
REL-675,ENT-coyote-ridge-bess,ENT-grenergy-usa,PROJECT_DEVELOPER,27INR0432,core_registry_queue,,0.96,CURRENT_OR_UNDATED,Same-publisher row association; not corporate ownership.
REL-676,ENT-holtsville-138kv-energy-storage,ENT-holtsville-energy-storage,PROJECT_DEVELOPER,0956,core_registry_queue,,0.96,CURRENT_OR_UNDATED,Same-publisher row association; not corporate ownership.
REL-677,ENT-lasalle-station-mazon-138-kv,ENT-not-published-in-pjm-queue-export,PROJECT_DEVELOPER,AG2-524 - moved to TC2,core_registry_queue,,0.96,CURRENT_OR_UNDATED,Same-publisher row association; not corporate ownership.
REL-678,ENT-megacharge-bess,ENT-smt-harlingen-iii,PROJECT_DEVELOPER,24INR0572,core_registry_queue,,0.96,CURRENT_OR_UNDATED,Same-publisher row association; not corporate ownership.
REL-679,ENT-longfellow-bess-ii,ENT-century-gas-processing,PROJECT_DEVELOPER,24INR0455,core_registry_queue,,0.96,CURRENT_OR_UNDATED,Same-publisher row association; not corporate ownership.
REL-680,ENT-rain-lily-storage-1,ENT-rain-lily-storage-one,PROJECT_DEVELOPER,27INR0285,core_registry_queue,,0.96,CURRENT_OR_UNDATED,Same-publisher row association; not corporate ownership.
REL-681,ENT-clover-230-kv,ENT-not-published-in-pjm-queue-export,PROJECT_DEVELOPER,AG2-270 - moved to TC2,core_registry_queue,,0.96,CURRENT_OR_UNDATED,Same-publisher row association; not corporate ownership.
REL-682,ENT-bonham-storage-slf,ENT-j-and-j-solar-ranch,PROJECT_DEVELOPER,26INR0619,core_registry_queue,,0.96,CURRENT_OR_UNDATED,Same-publisher row association; not corporate ownership.
REL-683,ENT-starlight-storage,ENT-mills-tx-solar,PROJECT_DEVELOPER,27INR0107,core_registry_queue,,0.96,CURRENT_OR_UNDATED,Same-publisher row association; not corporate ownership.
REL-684,ENT-kalina-storage,ENT-aurora-solar,PROJECT_DEVELOPER,29INR0106,core_registry_queue,,0.96,CURRENT_OR_UNDATED,Same-publisher row association; not corporate ownership.
REL-685,ENT-happy-dog-storage,ENT-rosula-storage,PROJECT_DEVELOPER,25INR0442,core_registry_queue,,0.96,CURRENT_OR_UNDATED,Same-publisher row association; not corporate ownership.
REL-686,ENT-neutron-storage,ENT-elawan-neutron-storage,PROJECT_DEVELOPER,26INR0252,core_registry_queue,,0.96,CURRENT_OR_UNDATED,Same-publisher row association; not corporate ownership.
REL-687,ENT-stargazer-bess,ENT-stargazer-solar,PROJECT_DEVELOPER,25INR0556,core_registry_queue,,0.96,CURRENT_OR_UNDATED,Same-publisher row association; not corporate ownership.
REL-688,ENT-cadet-storage,ENT-tx-bess-5,PROJECT_DEVELOPER,25INR0347,core_registry_queue,,0.96,CURRENT_OR_UNDATED,Same-publisher row association; not corporate ownership.
REL-689,ENT-fudge-ranch-bess,ENT-crandall-bess,PROJECT_DEVELOPER,26INR0502,core_registry_queue,,0.96,CURRENT_OR_UNDATED,Same-publisher row association; not corporate ownership.
REL-690,ENT-hardeman-bess,ENT-quanah-bess,PROJECT_DEVELOPER,26INR0496,core_registry_queue,,0.96,CURRENT_OR_UNDATED,Same-publisher row association; not corporate ownership.
REL-691,ENT-mineral-springs-bess,ENT-burnet-county,PROJECT_DEVELOPER,26INR0499,core_registry_queue,,0.96,CURRENT_OR_UNDATED,Same-publisher row association; not corporate ownership.
REL-692,ENT-anawa-la-bess,ENT-anawa-la-solar,PROJECT_DEVELOPER,27INR0233,core_registry_queue,,0.96,CURRENT_OR_UNDATED,Same-publisher row association; not corporate ownership.
REL-693,ENT-piedra-bess,ENT-piedra-solar,PROJECT_DEVELOPER,25INR0169,core_registry_queue,,0.96,CURRENT_OR_UNDATED,Same-publisher row association; not corporate ownership.
REL-694,ENT-bronze-quinta-storage,ENT-kce-tx-28,PROJECT_DEVELOPER,23INR0456,core_registry_queue,,0.96,CURRENT_OR_UNDATED,Same-publisher row association; not corporate ownership.
REL-695,ENT-diamond-cowboy-storage,ENT-diamond-b-storage,PROJECT_DEVELOPER,26INR0428,core_registry_queue,,0.96,CURRENT_OR_UNDATED,Same-publisher row association; not corporate ownership.
REL-696,ENT-diamond-sage-bess-1,ENT-dgc-renewables,PROJECT_DEVELOPER,27INR0414,core_registry_queue,,0.96,CURRENT_OR_UNDATED,Same-publisher row association; not corporate ownership.
REL-697,ENT-diamond-sage-bess-2,ENT-dgc-renewables,PROJECT_DEVELOPER,27INR0444,core_registry_queue,,0.96,CURRENT_OR_UNDATED,Same-publisher row association; not corporate ownership.
REL-698,ENT-three-ranches-bess,ENT-three-ranches-energy,PROJECT_DEVELOPER,29INR0170,core_registry_queue,,0.96,CURRENT_OR_UNDATED,Same-publisher row association; not corporate ownership.
REL-699,ENT-falcon-ii-bess,ENT-falcon-energy-project,PROJECT_DEVELOPER,28INR0483,core_registry_queue,,0.96,CURRENT_OR_UNDATED,Same-publisher row association; not corporate ownership.
REL-700,ENT-calf-creek-storage,ENT-coyote-ridge-storage,PROJECT_DEVELOPER,27INR0325,core_registry_queue,,0.96,CURRENT_OR_UNDATED,Same-publisher row association; not corporate ownership.
REL-701,ENT-yellow-leaf-bess,ENT-lightsource-renewable-energy-development,PROJECT_DEVELOPER,27INR0456,core_registry_queue,,0.96,CURRENT_OR_UNDATED,Same-publisher row association; not corporate ownership.
REL-702,ENT-appaloosa-run-bess,ENT-appaloosa-run-storage,PROJECT_DEVELOPER,24INR0238,core_registry_queue,,0.96,CURRENT_OR_UNDATED,Same-publisher row association; not corporate ownership.
REL-703,ENT-diran-bess,ENT-brp-diran-bess,PROJECT_DEVELOPER,23INR0137,core_registry_queue,,0.96,CURRENT_OR_UNDATED,Same-publisher row association; not corporate ownership.
REL-704,ENT-wisdom-bess-slf,ENT-wisdom-green-energy,PROJECT_DEVELOPER,27INR0440,core_registry_queue,,0.96,CURRENT_OR_UNDATED,Same-publisher row association; not corporate ownership.
REL-705,ENT-louisa-energy-storage,ENT-vesi-49,PROJECT_DEVELOPER,24INR0108,core_registry_queue,,0.96,CURRENT_OR_UNDATED,Same-publisher row association; not corporate ownership.
REL-706,ENT-mer-bleue-mts,ENT-fitzroy-bess,PROJECT_DEVELOPER,2024-822,core_registry_queue,,0.96,CURRENT_OR_UNDATED,Same-publisher row association; not corporate ownership.
REL-707,ENT-firebird-bess,ENT-tx-bess-6,PROJECT_DEVELOPER,26INR0287,core_registry_queue,,0.96,CURRENT_OR_UNDATED,Same-publisher row association; not corporate ownership.
REL-708,ENT-amador-storage,ENT-bt-amador-storage,PROJECT_DEVELOPER,24INR0472,core_registry_queue,,0.96,CURRENT_OR_UNDATED,Same-publisher row association; not corporate ownership.
REL-709,ENT-roost-energy-storage,ENT-bluff-creek-energy-storage,PROJECT_DEVELOPER,24INR0519,core_registry_queue,,0.96,CURRENT_OR_UNDATED,Same-publisher row association; not corporate ownership.
REL-710,ENT-paradiso-bess,ENT-vesi-13,PROJECT_DEVELOPER,23INR0200,core_registry_queue,,0.96,CURRENT_OR_UNDATED,Same-publisher row association; not corporate ownership.
REL-711,ENT-big-five-storage,ENT-tx-bess-3,PROJECT_DEVELOPER,25INR0239,core_registry_queue,,0.96,CURRENT_OR_UNDATED,Same-publisher row association; not corporate ownership.
REL-712,ENT-pioneer-path-energy-storage-1,ENT-tempus-power-management,PROJECT_DEVELOPER,27INR0418,core_registry_queue,,0.96,CURRENT_OR_UNDATED,Same-publisher row association; not corporate ownership.
REL-713,ENT-prairie-horizon-energy-storage-2,ENT-tempus-power-management,PROJECT_DEVELOPER,27INR0427,core_registry_queue,,0.96,CURRENT_OR_UNDATED,Same-publisher row association; not corporate ownership.
REL-714,ENT-prairie-horizon-energy-storage-1,ENT-tempus-power-management,PROJECT_DEVELOPER,27INR0426,core_registry_queue,,0.96,CURRENT_OR_UNDATED,Same-publisher row association; not corporate ownership.
REL-715,ENT-pioneer-path-energy-storage-4,ENT-tempus-power-management,PROJECT_DEVELOPER,27INR0425,core_registry_queue,,0.96,CURRENT_OR_UNDATED,Same-publisher row association; not corporate ownership.
REL-716,ENT-pioneer-path-energy-storage-2,ENT-tempus-power-management,PROJECT_DEVELOPER,27INR0423,core_registry_queue,,0.96,CURRENT_OR_UNDATED,Same-publisher row association; not corporate ownership.
REL-717,ENT-prairie-horizon-energy-storage-4,ENT-tempus-power-management,PROJECT_DEVELOPER,27INR0429,core_registry_queue,,0.96,CURRENT_OR_UNDATED,Same-publisher row association; not corporate ownership.
REL-718,ENT-prairie-horizon-energy-storage-3,ENT-tempus-power-management,PROJECT_DEVELOPER,27INR0428,core_registry_queue,,0.96,CURRENT_OR_UNDATED,Same-publisher row association; not corporate ownership.
REL-719,ENT-pioneer-path-energy-storage-3,ENT-tempus-power-management,PROJECT_DEVELOPER,27INR0424,core_registry_queue,,0.96,CURRENT_OR_UNDATED,Same-publisher row association; not corporate ownership.
REL-720,ENT-watermelon-8-energy-storage,ENT-tempus-power-management,PROJECT_DEVELOPER,28INR0258,core_registry_queue,,0.96,CURRENT_OR_UNDATED,Same-publisher row association; not corporate ownership.
REL-721,ENT-watermelon-4-energy-storage,ENT-tempus-power-management,PROJECT_DEVELOPER,27INR0460,core_registry_queue,,0.96,CURRENT_OR_UNDATED,Same-publisher row association; not corporate ownership.
REL-722,ENT-watermelon-7-energy-storage,ENT-tempus-power-management,PROJECT_DEVELOPER,28INR0257,core_registry_queue,,0.96,CURRENT_OR_UNDATED,Same-publisher row association; not corporate ownership.
REL-723,ENT-watermelon-5-energy-storage,ENT-tempus-power-management,PROJECT_DEVELOPER,28INR0255,core_registry_queue,,0.96,CURRENT_OR_UNDATED,Same-publisher row association; not corporate ownership.
REL-724,ENT-watermelon-6-energy-storage,ENT-tempus-power-management,PROJECT_DEVELOPER,28INR0256,core_registry_queue,,0.96,CURRENT_OR_UNDATED,Same-publisher row association; not corporate ownership.
REL-725,ENT-edgewood-bess-1,ENT-tempus-power-management,PROJECT_DEVELOPER,27INR0317,core_registry_queue,,0.96,CURRENT_OR_UNDATED,Same-publisher row association; not corporate ownership.
REL-726,ENT-edgewood-bess-2,ENT-tempus-power-management,PROJECT_DEVELOPER,27INR0413,core_registry_queue,,0.96,CURRENT_OR_UNDATED,Same-publisher row association; not corporate ownership.
REL-727,ENT-watermelon-1-energy-storage,ENT-tempus-power-management,PROJECT_DEVELOPER,27INR0457,core_registry_queue,,0.96,CURRENT_OR_UNDATED,Same-publisher row association; not corporate ownership.
REL-728,ENT-watermelon-2-energy-storage,ENT-tempus-power-management,PROJECT_DEVELOPER,27INR0458,core_registry_queue,,0.96,CURRENT_OR_UNDATED,Same-publisher row association; not corporate ownership.
REL-729,ENT-blackland-prairie-2-energy-storage,ENT-balcones-ridge-resiliency-ii,PROJECT_DEVELOPER,27INR0486,core_registry_queue,,0.96,CURRENT_OR_UNDATED,Same-publisher row association; not corporate ownership.
REL-730,ENT-blackland-prairie-1-energy-storage,ENT-balcones-ridge-resiliency,PROJECT_DEVELOPER,27INR0485,core_registry_queue,,0.96,CURRENT_OR_UNDATED,Same-publisher row association; not corporate ownership.
REL-731,ENT-blackland-prairie-3-energy-storage,ENT-balcones-ridge-resiliency-iii,PROJECT_DEVELOPER,27INR0487,core_registry_queue,,0.96,CURRENT_OR_UNDATED,Same-publisher row association; not corporate ownership.
REL-732,ENT-watermelon-3-energy-storage,ENT-tempus-power-management,PROJECT_DEVELOPER,27INR0459,core_registry_queue,,0.96,CURRENT_OR_UNDATED,Same-publisher row association; not corporate ownership.
REL-733,ENT-roxton-storage,ENT-roxton-solar,PROJECT_DEVELOPER,26INR0469,core_registry_queue,,0.96,CURRENT_OR_UNDATED,Same-publisher row association; not corporate ownership.
REL-734,ENT-stoneridge-bess,ENT-stoneridge-solar,PROJECT_DEVELOPER,25INR0389,core_registry_queue,,0.96,CURRENT_OR_UNDATED,Same-publisher row association; not corporate ownership.
REL-735,ENT-pamela-heights-i,ENT-pamela-heights-i-energy-center,PROJECT_DEVELOPER,28INR0154,core_registry_queue,,0.96,CURRENT_OR_UNDATED,Same-publisher row association; not corporate ownership.
REL-736,ENT-pisgah-ridge-storage-3,ENT-pisgah-ridge-3,PROJECT_DEVELOPER,24INR0087,core_registry_queue,,0.96,CURRENT_OR_UNDATED,Same-publisher row association; not corporate ownership.
REL-737,ENT-margay-energy-storage,ENT-powerpulse,PROJECT_DEVELOPER,28INR0295,core_registry_queue,,0.96,CURRENT_OR_UNDATED,Same-publisher row association; not corporate ownership.
REL-738,ENT-pinnacle-point-energy-storage,ENT-gci-pinnacle-point,PROJECT_DEVELOPER,26INR0317,core_registry_queue,,0.96,CURRENT_OR_UNDATED,Same-publisher row association; not corporate ownership.
REL-739,ENT-voyager-energy-storage,ENT-not-published-in-caiso-cluster-request-list,PROJECT_DEVELOPER,2321,core_registry_queue,,0.96,CURRENT_OR_UNDATED,Same-publisher row association; not corporate ownership.
REL-740,ENT-vaca-storage,ENT-long-mount-storage,PROJECT_DEVELOPER,23INR0123,core_registry_queue,,0.96,CURRENT_OR_UNDATED,Same-publisher row association; not corporate ownership.
REL-741,ENT-glasgow-storage,ENT-glasgow-solar,PROJECT_DEVELOPER,24INR0207,core_registry_queue,,0.96,CURRENT_OR_UNDATED,Same-publisher row association; not corporate ownership.
REL-742,ENT-las-moras-battery,ENT-las-moras-storage,PROJECT_DEVELOPER,23INR0284,core_registry_queue,,0.96,CURRENT_OR_UNDATED,Same-publisher row association; not corporate ownership.
REL-743,ENT-sandford-storage,ENT-bt-sandford-solar,PROJECT_DEVELOPER,26INR0319,core_registry_queue,,0.96,CURRENT_OR_UNDATED,Same-publisher row association; not corporate ownership.
REL-744,ENT-picadillo-bess,ENT-black-mountain-energy-storage-ii,PROJECT_DEVELOPER,24INR0275,core_registry_queue,,0.96,CURRENT_OR_UNDATED,Same-publisher row association; not corporate ownership.
REL-745,ENT-hana-springs-bess,ENT-black-mountain-energy-storage-ii,PROJECT_DEVELOPER,24INR0494,core_registry_queue,,0.96,CURRENT_OR_UNDATED,Same-publisher row association; not corporate ownership.
REL-746,ENT-venus-mill-storage,ENT-aih-texas-acquisitions,PROJECT_DEVELOPER,23INR0216,core_registry_queue,,0.96,CURRENT_OR_UNDATED,Same-publisher row association; not corporate ownership.
REL-747,ENT-hondo-arroyo-storage,ENT-hondo-creek-solar,PROJECT_DEVELOPER,27INR0437,core_registry_queue,,0.96,CURRENT_OR_UNDATED,Same-publisher row association; not corporate ownership.
REL-748,ENT-goat-mountain-bess-2,ENT-clearway-energy-group,PROJECT_DEVELOPER,26INR0611,core_registry_queue,,0.96,CURRENT_OR_UNDATED,Same-publisher row association; not corporate ownership.
REL-749,ENT-huisache-bess,ENT-huisache-solar,PROJECT_DEVELOPER,24INR0376,core_registry_queue,,0.96,CURRENT_OR_UNDATED,Same-publisher row association; not corporate ownership.
REL-750,ENT-mobee-springs-bess,ENT-mobee-springs,PROJECT_DEVELOPER,28INR0175,core_registry_queue,,0.96,CURRENT_OR_UNDATED,Same-publisher row association; not corporate ownership.
REL-751,ENT-sugarloaf-bess,ENT-sugarloaf-clean-energy,PROJECT_DEVELOPER,27INR0208,core_registry_queue,,0.96,CURRENT_OR_UNDATED,Same-publisher row association; not corporate ownership.
REL-752,ENT-ringtail-ridge-storage,ENT-kce-tx-26,PROJECT_DEVELOPER,23INR0163,core_registry_queue,,0.96,CURRENT_OR_UNDATED,Same-publisher row association; not corporate ownership.
REL-753,ENT-felix-storage,ENT-felix-1,PROJECT_DEVELOPER,27INR0009,core_registry_queue,,0.96,CURRENT_OR_UNDATED,Same-publisher row association; not corporate ownership.
REL-754,ENT-timberline-storage,ENT-timberline-renewables,PROJECT_DEVELOPER,26INR0162,core_registry_queue,,0.96,CURRENT_OR_UNDATED,Same-publisher row association; not corporate ownership.
REL-755,ENT-goldfinch-storage,ENT-bt-dj4m-solar,PROJECT_DEVELOPER,26INR0254,core_registry_queue,,0.96,CURRENT_OR_UNDATED,Same-publisher row association; not corporate ownership.
REL-756,ENT-hermes-storage,ENT-bell-1-storage,PROJECT_DEVELOPER,24INR0365,core_registry_queue,,0.96,CURRENT_OR_UNDATED,Same-publisher row association; not corporate ownership.
REL-757,ENT-rogers-creek-bess,ENT-dialville-bess,PROJECT_DEVELOPER,25INR0414,core_registry_queue,,0.96,CURRENT_OR_UNDATED,Same-publisher row association; not corporate ownership.
REL-758,ENT-spruce-grove-north-solar-battery,ENT-not-published-in-aeso-connection-project-list,PROJECT_DEVELOPER,P3015,core_registry_queue,,0.96,CURRENT_OR_UNDATED,Same-publisher row association; not corporate ownership.
REL-759,ENT-octans,ENT-not-published-in-caiso-cluster-request-list,PROJECT_DEVELOPER,2214,core_registry_queue,,0.96,CURRENT_OR_UNDATED,Same-publisher row association; not corporate ownership.
REL-760,ENT-telluride,ENT-not-published-in-caiso-cluster-request-list,PROJECT_DEVELOPER,2258,core_registry_queue,,0.96,CURRENT_OR_UNDATED,Same-publisher row association; not corporate ownership.
REL-761,ENT-astoria-energy-storage,ENT-east-river-ess,PROJECT_DEVELOPER,0931,core_registry_queue,,0.96,CURRENT_OR_UNDATED,Same-publisher row association; not corporate ownership.
REL-762,ENT-tendril,ENT-not-published-in-caiso-cluster-request-list,PROJECT_DEVELOPER,2301,core_registry_queue,,0.96,CURRENT_OR_UNDATED,Same-publisher row association; not corporate ownership.
REL-763,ENT-fornax,ENT-not-published-in-caiso-cluster-request-list,PROJECT_DEVELOPER,2209,core_registry_queue,,0.96,CURRENT_OR_UNDATED,Same-publisher row association; not corporate ownership.
REL-764,ENT-bonita-bateria,ENT-not-published-in-caiso-cluster-request-list,PROJECT_DEVELOPER,2206,core_registry_queue,,0.96,CURRENT_OR_UNDATED,Same-publisher row association; not corporate ownership.
REL-765,ENT-alcazar-1,ENT-terra-gen-development,PROJECT_DEVELOPER,C24-093,core_registry_queue,,0.96,CURRENT_OR_UNDATED,Same-publisher row association; not corporate ownership.
REL-766,ENT-arch-3,ENT-terra-gen-development,PROJECT_DEVELOPER,C24-088,core_registry_queue,,0.96,CURRENT_OR_UNDATED,Same-publisher row association; not corporate ownership.
REL-767,ENT-eastwater-energy-storage,ENT-gci-eastwater,PROJECT_DEVELOPER,C24-072,core_registry_queue,,0.96,CURRENT_OR_UNDATED,Same-publisher row association; not corporate ownership.
REL-768,ENT-coral-energy-storage,ENT-transgrid-energy,PROJECT_DEVELOPER,C24-066,core_registry_queue,,0.96,CURRENT_OR_UNDATED,Same-publisher row association; not corporate ownership.
REL-769,ENT-horseblock-energy-storage,ENT-ace-devco-nc,PROJECT_DEVELOPER,C24-104,core_registry_queue,,0.96,CURRENT_OR_UNDATED,Same-publisher row association; not corporate ownership.
REL-770,ENT-buffalo-road-energy-storage,ENT-mn8-energy-development,PROJECT_DEVELOPER,C24-129,core_registry_queue,,0.96,CURRENT_OR_UNDATED,Same-publisher row association; not corporate ownership.
REL-771,ENT-blue-mountain-bess,ENT-ace-devco-nc,PROJECT_DEVELOPER,C26-0021,core_registry_queue,,0.96,CURRENT_OR_UNDATED,Same-publisher row association; not corporate ownership.
REL-772,ENT-zenobe-burns,ENT-zenobe-americas,PROJECT_DEVELOPER,C24-238,core_registry_queue,,0.96,CURRENT_OR_UNDATED,Same-publisher row association; not corporate ownership.
REL-773,ENT-south-bronx-energy-storage,ENT-prologis-energy,PROJECT_DEVELOPER,C24-284,core_registry_queue,,0.96,CURRENT_OR_UNDATED,Same-publisher row association; not corporate ownership.
REL-774,ENT-marlboro-storage,ENT-origis-development,PROJECT_DEVELOPER,C24-341,core_registry_queue,,0.96,CURRENT_OR_UNDATED,Same-publisher row association; not corporate ownership.
REL-775,ENT-aria-storage-1,ENT-terra-gen-development,PROJECT_DEVELOPER,C24-337,core_registry_queue,,0.96,CURRENT_OR_UNDATED,Same-publisher row association; not corporate ownership.
REL-776,ENT-alcazar-1,ENT-terra-gen-development,PROJECT_DEVELOPER,C26-0003,core_registry_queue,,0.96,CURRENT_OR_UNDATED,Same-publisher row association; not corporate ownership.
REL-777,ENT-laramide-mpc-battery,ENT-not-published-in-aeso-connection-project-list,PROJECT_DEVELOPER,P2520,core_registry_queue,,0.96,CURRENT_OR_UNDATED,Same-publisher row association; not corporate ownership.
REL-778,ENT-hutchison-mpc-battery,ENT-not-published-in-aeso-connection-project-list,PROJECT_DEVELOPER,P2517,core_registry_queue,,0.96,CURRENT_OR_UNDATED,Same-publisher row association; not corporate ownership.
REL-779,ENT-blue-summit-energy-storage,ENT-nextera-energy-interconnection,PROJECT_DEVELOPER,25INR0492,core_registry_queue,,0.96,CURRENT_OR_UNDATED,Same-publisher row association; not corporate ownership.
REL-780,ENT-east-danville-138-kv,ENT-not-published-in-pjm-queue-export,PROJECT_DEVELOPER,AH1-314 - moved to TC2,core_registry_queue,,0.96,CURRENT_OR_UNDATED,Same-publisher row association; not corporate ownership.
REL-781,ENT-east-elkhart-elcona-tap-138-kv,ENT-not-published-in-pjm-queue-export,PROJECT_DEVELOPER,AG2-332 - moved to TC2,core_registry_queue,,0.96,CURRENT_OR_UNDATED,Same-publisher row association; not corporate ownership.
REL-782,ENT-arnold-s-corner-dahlgren-230-kv,ENT-not-published-in-pjm-queue-export,PROJECT_DEVELOPER,AF2-013,core_registry_queue,,0.96,CURRENT_OR_UNDATED,Same-publisher row association; not corporate ownership.
REL-783,ENT-callisto-id-energy-center,ENT-tempus-power-management,PROJECT_DEVELOPER,26INR0590,core_registry_queue,,0.96,CURRENT_OR_UNDATED,Same-publisher row association; not corporate ownership.
REL-784,ENT-maddox-creek-rp-mone-345-kv,ENT-not-published-in-pjm-queue-export,PROJECT_DEVELOPER,AG1-411 - moved to TC1,core_registry_queue,,0.96,CURRENT_OR_UNDATED,Same-publisher row association; not corporate ownership.
REL-785,ENT-edgecombe-230-kv,ENT-not-published-in-pjm-queue-export,PROJECT_DEVELOPER,AF2-303,core_registry_queue,,0.96,CURRENT_OR_UNDATED,Same-publisher row association; not corporate ownership.
REL-786,ENT-pse-richardson-tx-storage,ENT-puresky-development,PROJECT_DEVELOPER,24INR0449,core_registry_queue,,0.96,CURRENT_OR_UNDATED,Same-publisher row association; not corporate ownership.
REL-787,ENT-photo-bess-3,ENT-ced-development,PROJECT_DEVELOPER,24INR0380,core_registry_queue,,0.96,CURRENT_OR_UNDATED,Same-publisher row association; not corporate ownership.
REL-788,ENT-palmvalley-storage,ENT-palm-valley-bess,PROJECT_DEVELOPER,25INR0192,core_registry_queue,,0.96,CURRENT_OR_UNDATED,Same-publisher row association; not corporate ownership.
REL-789,ENT-erika-bess,ENT-erika-solar,PROJECT_DEVELOPER,27INR0531,core_registry_queue,,0.96,CURRENT_OR_UNDATED,Same-publisher row association; not corporate ownership.
REL-790,ENT-iep-blackhawk,ENT-iep-texas-verde-ii,PROJECT_DEVELOPER,25INR0310,core_registry_queue,,0.96,CURRENT_OR_UNDATED,Same-publisher row association; not corporate ownership.
REL-791,ENT-ardesia-storage,ENT-ardesia-storage-project,PROJECT_DEVELOPER,23INR0503,core_registry_queue,,0.96,CURRENT_OR_UNDATED,Same-publisher row association; not corporate ownership.
REL-792,ENT-independence-trail-storage,ENT-kce-tx-16,PROJECT_DEVELOPER,21INR0455,core_registry_queue,,0.96,CURRENT_OR_UNDATED,Same-publisher row association; not corporate ownership.
REL-793,ENT-sunsetter-bess,ENT-ced-development,PROJECT_DEVELOPER,23INR0205,core_registry_queue,,0.96,CURRENT_OR_UNDATED,Same-publisher row association; not corporate ownership.
REL-794,ENT-galvanic-bess,ENT-ced-development,PROJECT_DEVELOPER,23INR0204,core_registry_queue,,0.96,CURRENT_OR_UNDATED,Same-publisher row association; not corporate ownership.
REL-795,ENT-elysium-energy-center-bess,ENT-adapture-solar-development,PROJECT_DEVELOPER,29INR0145,core_registry_queue,,0.96,CURRENT_OR_UNDATED,Same-publisher row association; not corporate ownership.
REL-796,ENT-radiant-plains-energy-center-bess,ENT-adapture-solar-development,PROJECT_DEVELOPER,30INR0045,core_registry_queue,,0.96,CURRENT_OR_UNDATED,Same-publisher row association; not corporate ownership.
REL-797,ENT-yadkin-115-kv,ENT-not-published-in-pjm-queue-export,PROJECT_DEVELOPER,AE2-156 - moved to TC1,core_registry_queue,,0.96,CURRENT_OR_UNDATED,Same-publisher row association; not corporate ownership.
REL-798,ENT-buxmont-69-kv,ENT-not-published-in-pjm-queue-export,PROJECT_DEVELOPER,AD2-077,core_registry_queue,,0.96,CURRENT_OR_UNDATED,Same-publisher row association; not corporate ownership.
REL-799,ENT-amazon-data-services-iad-114-iad-115,ENT-virginia-department-of-environmental-quality,PROJECT_UTILITY_PROVIDER,VIRGINIA-DEQ-74150-3,project_level_extractions,https://www.deq.virginia.gov/news-info/shortcuts/permits/air/issued-air-permits-for-data-centers,0.97,OBSERVED,
REL-800,ENT-amazon-data-services-iad-114-iad-115,ENT-state-environmental-regulator,PROJECT_SOURCE_AUTHORITY,VIRGINIA-DEQ-74150-3,project_level_extractions,https://www.deq.virginia.gov/news-info/shortcuts/permits/air/issued-air-permits-for-data-centers,0.99,OBSERVED,"Publisher/source authority metadata, not ownership."
REL-801,ENT-aerospace-data-facility-east,ENT-virginia-department-of-environmental-quality,PROJECT_UTILITY_PROVIDER,VIRGINIA-DEQ-74154-5,project_level_extractions,https://www.deq.virginia.gov/news-info/shortcuts/permits/air/issued-air-permits-for-data-centers,0.97,OBSERVED,
REL-802,ENT-aerospace-data-facility-east,ENT-state-environmental-regulator,PROJECT_SOURCE_AUTHORITY,VIRGINIA-DEQ-74154-5,project_level_extractions,https://www.deq.virginia.gov/news-info/shortcuts/permits/air/issued-air-permits-for-data-centers,0.99,OBSERVED,"Publisher/source authority metadata, not ownership."
REL-803,ENT-qts-investment-properties-manassas,ENT-virginia-department-of-environmental-quality,PROJECT_UTILITY_PROVIDER,VIRGINIA-DEQ-74161-5,project_level_extractions,https://www.deq.virginia.gov/news-info/shortcuts/permits/air/issued-air-permits-for-data-centers,0.97,OBSERVED,
REL-804,ENT-qts-investment-properties-manassas,ENT-state-environmental-regulator,PROJECT_SOURCE_AUTHORITY,VIRGINIA-DEQ-74161-5,project_level_extractions,https://www.deq.virginia.gov/news-info/shortcuts/permits/air/issued-air-permits-for-data-centers,0.99,OBSERVED,"Publisher/source authority metadata, not ownership."
REL-805,ENT-amazon-data-services-iad-130-iad-131-iad-313-and-dca-072,ENT-virginia-department-of-environmental-quality,PROJECT_UTILITY_PROVIDER,VIRGINIA-DEQ-74171-4,project_level_extractions,https://www.deq.virginia.gov/news-info/shortcuts/permits/air/issued-air-permits-for-data-centers,0.97,OBSERVED,
REL-806,ENT-amazon-data-services-iad-130-iad-131-iad-313-and-dca-072,ENT-state-environmental-regulator,PROJECT_SOURCE_AUTHORITY,VIRGINIA-DEQ-74171-4,project_level_extractions,https://www.deq.virginia.gov/news-info/shortcuts/permits/air/issued-air-permits-for-data-centers,0.99,OBSERVED,"Publisher/source authority metadata, not ownership."
REL-807,ENT-data-center-vint-hill,ENT-virginia-department-of-environmental-quality,PROJECT_UTILITY_PROVIDER,VIRGINIA-DEQ-74127-3,project_level_extractions,https://www.deq.virginia.gov/news-info/shortcuts/permits/air/issued-air-permits-for-data-centers,0.97,OBSERVED,
REL-808,ENT-data-center-vint-hill,ENT-state-environmental-regulator,PROJECT_SOURCE_AUTHORITY,VIRGINIA-DEQ-74127-3,project_level_extractions,https://www.deq.virginia.gov/news-info/shortcuts/permits/air/issued-air-permits-for-data-centers,0.99,OBSERVED,"Publisher/source authority metadata, not ownership."
REL-809,ENT-cashvad-ventures,ENT-virginia-department-of-environmental-quality,PROJECT_UTILITY_PROVIDER,VIRGINIA-DEQ-74118-3,project_level_extractions,https://www.deq.virginia.gov/news-info/shortcuts/permits/air/issued-air-permits-for-data-centers,0.97,OBSERVED,
REL-810,ENT-cashvad-ventures,ENT-state-environmental-regulator,PROJECT_SOURCE_AUTHORITY,VIRGINIA-DEQ-74118-3,project_level_extractions,https://www.deq.virginia.gov/news-info/shortcuts/permits/air/issued-air-permits-for-data-centers,0.99,OBSERVED,"Publisher/source authority metadata, not ownership."
REL-811,ENT-amazon-data-services-iad-134-135-136,ENT-virginia-department-of-environmental-quality,PROJECT_UTILITY_PROVIDER,VIRGINIA-DEQ-74239-2,project_level_extractions,https://www.deq.virginia.gov/news-info/shortcuts/permits/air/issued-air-permits-for-data-centers,0.97,OBSERVED,
REL-812,ENT-amazon-data-services-iad-134-135-136,ENT-state-environmental-regulator,PROJECT_SOURCE_AUTHORITY,VIRGINIA-DEQ-74239-2,project_level_extractions,https://www.deq.virginia.gov/news-info/shortcuts/permits/air/issued-air-permits-for-data-centers,0.99,OBSERVED,"Publisher/source authority metadata, not ownership."
REL-813,ENT-gainesville-crossing-data-campus-gcdc,ENT-virginia-department-of-environmental-quality,PROJECT_UTILITY_PROVIDER,VIRGINIA-DEQ-74241-4,project_level_extractions,https://www.deq.virginia.gov/news-info/shortcuts/permits/air/issued-air-permits-for-data-centers,0.97,OBSERVED,
REL-814,ENT-gainesville-crossing-data-campus-gcdc,ENT-state-environmental-regulator,PROJECT_SOURCE_AUTHORITY,VIRGINIA-DEQ-74241-4,project_level_extractions,https://www.deq.virginia.gov/news-info/shortcuts/permits/air/issued-air-permits-for-data-centers,0.99,OBSERVED,"Publisher/source authority metadata, not ownership."
REL-815,ENT-amazon-data-services-iad-215,ENT-virginia-department-of-environmental-quality,PROJECT_UTILITY_PROVIDER,VIRGINIA-DEQ-74252-2,project_level_extractions,https://www.deq.virginia.gov/news-info/shortcuts/permits/air/issued-air-permits-for-data-centers,0.97,OBSERVED,
REL-816,ENT-amazon-data-services-iad-215,ENT-state-environmental-regulator,PROJECT_SOURCE_AUTHORITY,VIRGINIA-DEQ-74252-2,project_level_extractions,https://www.deq.virginia.gov/news-info/shortcuts/permits/air/issued-air-permits-for-data-centers,0.99,OBSERVED,"Publisher/source authority metadata, not ownership."
REL-817,ENT-ntt-global-data-centers-va10,ENT-virginia-department-of-environmental-quality,PROJECT_UTILITY_PROVIDER,VIRGINIA-DEQ-74260-2,project_level_extractions,https://www.deq.virginia.gov/news-info/shortcuts/permits/air/issued-air-permits-for-data-centers,0.97,OBSERVED,
REL-818,ENT-ntt-global-data-centers-va10,ENT-state-environmental-regulator,PROJECT_SOURCE_AUTHORITY,VIRGINIA-DEQ-74260-2,project_level_extractions,https://www.deq.virginia.gov/news-info/shortcuts/permits/air/issued-air-permits-for-data-centers,0.99,OBSERVED,"Publisher/source authority metadata, not ownership."
REL-819,ENT-digital-third-second-manassas-and-digital-carver-brickyard,ENT-virginia-department-of-environmental-quality,PROJECT_UTILITY_PROVIDER,VIRGINIA-DEQ-74262-4,project_level_extractions,https://www.deq.virginia.gov/news-info/shortcuts/permits/air/issued-air-permits-for-data-centers,0.97,OBSERVED,
REL-820,ENT-digital-third-second-manassas-and-digital-carver-brickyard,ENT-state-environmental-regulator,PROJECT_SOURCE_AUTHORITY,VIRGINIA-DEQ-74262-4,project_level_extractions,https://www.deq.virginia.gov/news-info/shortcuts/permits/air/issued-air-permits-for-data-centers,0.99,OBSERVED,"Publisher/source authority metadata, not ownership."
REL-821,ENT-yondr-data-center,ENT-virginia-department-of-environmental-quality,PROJECT_UTILITY_PROVIDER,VIRGINIA-DEQ-74265-3,project_level_extractions,https://www.deq.virginia.gov/news-info/shortcuts/permits/air/issued-air-permits-for-data-centers,0.97,OBSERVED,
REL-822,ENT-yondr-data-center,ENT-state-environmental-regulator,PROJECT_SOURCE_AUTHORITY,VIRGINIA-DEQ-74265-3,project_level_extractions,https://www.deq.virginia.gov/news-info/shortcuts/permits/air/issued-air-permits-for-data-centers,0.99,OBSERVED,"Publisher/source authority metadata, not ownership."
REL-823,ENT-stack-infrastructure-data-center-si-nva06a,ENT-virginia-department-of-environmental-quality,PROJECT_UTILITY_PROVIDER,VIRGINIA-DEQ-74269-2,project_level_extractions,https://www.deq.virginia.gov/news-info/shortcuts/permits/air/issued-air-permits-for-data-centers,0.97,OBSERVED,
REL-824,ENT-stack-infrastructure-data-center-si-nva06a,ENT-state-environmental-regulator,PROJECT_SOURCE_AUTHORITY,VIRGINIA-DEQ-74269-2,project_level_extractions,https://www.deq.virginia.gov/news-info/shortcuts/permits/air/issued-air-permits-for-data-centers,0.99,OBSERVED,"Publisher/source authority metadata, not ownership."
REL-825,ENT-vantage-data-center-va3,ENT-virginia-department-of-environmental-quality,PROJECT_UTILITY_PROVIDER,VIRGINIA-DEQ-74284-2,project_level_extractions,https://www.deq.virginia.gov/news-info/shortcuts/permits/air/issued-air-permits-for-data-centers,0.97,OBSERVED,
REL-826,ENT-vantage-data-center-va3,ENT-state-environmental-regulator,PROJECT_SOURCE_AUTHORITY,VIRGINIA-DEQ-74284-2,project_level_extractions,https://www.deq.virginia.gov/news-info/shortcuts/permits/air/issued-air-permits-for-data-centers,0.99,OBSERVED,"Publisher/source authority metadata, not ownership."
REL-827,ENT-amazon-data-services-iad450-cosner-tech-campus,ENT-virginia-department-of-environmental-quality,PROJECT_UTILITY_PROVIDER,VIRGINIA-DEQ-74288-2,project_level_extractions,https://www.deq.virginia.gov/news-info/shortcuts/permits/air/issued-air-permits-for-data-centers,0.97,OBSERVED,
REL-828,ENT-amazon-data-services-iad450-cosner-tech-campus,ENT-state-environmental-regulator,PROJECT_SOURCE_AUTHORITY,VIRGINIA-DEQ-74288-2,project_level_extractions,https://www.deq.virginia.gov/news-info/shortcuts/permits/air/issued-air-permits-for-data-centers,0.99,OBSERVED,"Publisher/source authority metadata, not ownership."
REL-829,ENT-kincora-data-center,ENT-virginia-department-of-environmental-quality,PROJECT_UTILITY_PROVIDER,VIRGINIA-DEQ-74296-1,project_level_extractions,https://www.deq.virginia.gov/news-info/shortcuts/permits/air/issued-air-permits-for-data-centers,0.97,OBSERVED,
REL-830,ENT-kincora-data-center,ENT-state-environmental-regulator,PROJECT_SOURCE_AUTHORITY,VIRGINIA-DEQ-74296-1,project_level_extractions,https://www.deq.virginia.gov/news-info/shortcuts/permits/air/issued-air-permits-for-data-centers,0.99,OBSERVED,"Publisher/source authority metadata, not ownership."
REL-831,ENT-amazon-data-services-iad-550-louisa-reb,ENT-virginia-department-of-environmental-quality,PROJECT_UTILITY_PROVIDER,VIRGINIA-DEQ-74299-2,project_level_extractions,https://www.deq.virginia.gov/news-info/shortcuts/permits/air/issued-air-permits-for-data-centers,0.97,OBSERVED,
REL-832,ENT-amazon-data-services-iad-550-louisa-reb,ENT-state-environmental-regulator,PROJECT_SOURCE_AUTHORITY,VIRGINIA-DEQ-74299-2,project_level_extractions,https://www.deq.virginia.gov/news-info/shortcuts/permits/air/issued-air-permits-for-data-centers,0.99,OBSERVED,"Publisher/source authority metadata, not ownership."
REL-833,ENT-amazon-data-services-iad-243-244-290-291-292,ENT-virginia-department-of-environmental-quality,PROJECT_UTILITY_PROVIDER,VIRGINIA-DEQ-74302-1,project_level_extractions,https://www.deq.virginia.gov/news-info/shortcuts/permits/air/issued-air-permits-for-data-centers,0.97,OBSERVED,
REL-834,ENT-amazon-data-services-iad-243-244-290-291-292,ENT-state-environmental-regulator,PROJECT_SOURCE_AUTHORITY,VIRGINIA-DEQ-74302-1,project_level_extractions,https://www.deq.virginia.gov/news-info/shortcuts/permits/air/issued-air-permits-for-data-centers,0.99,OBSERVED,"Publisher/source authority metadata, not ownership."
REL-835,ENT-digital-filigree,ENT-virginia-department-of-environmental-quality,PROJECT_UTILITY_PROVIDER,VIRGINIA-DEQ-74308-1,project_level_extractions,https://www.deq.virginia.gov/news-info/shortcuts/permits/air/issued-air-permits-for-data-centers,0.97,OBSERVED,
REL-836,ENT-digital-filigree,ENT-state-environmental-regulator,PROJECT_SOURCE_AUTHORITY,VIRGINIA-DEQ-74308-1,project_level_extractions,https://www.deq.virginia.gov/news-info/shortcuts/permits/air/issued-air-permits-for-data-centers,0.99,OBSERVED,"Publisher/source authority metadata, not ownership."
REL-837,ENT-belmont-innovation-campus,ENT-virginia-department-of-environmental-quality,PROJECT_UTILITY_PROVIDER,VIRGINIA-DEQ-74321-1,project_level_extractions,https://www.deq.virginia.gov/news-info/shortcuts/permits/air/issued-air-permits-for-data-centers,0.97,OBSERVED,
REL-838,ENT-belmont-innovation-campus,ENT-state-environmental-regulator,PROJECT_SOURCE_AUTHORITY,VIRGINIA-DEQ-74321-1,project_level_extractions,https://www.deq.virginia.gov/news-info/shortcuts/permits/air/issued-air-permits-for-data-centers,0.99,OBSERVED,"Publisher/source authority metadata, not ownership."
REL-839,ENT-amazon-data-services-iad-180-iad-181-iad-182-and-iad-183,ENT-virginia-department-of-environmental-quality,PROJECT_UTILITY_PROVIDER,VIRGINIA-DEQ-74323-2,project_level_extractions,https://www.deq.virginia.gov/news-info/shortcuts/permits/air/issued-air-permits-for-data-centers,0.97,OBSERVED,
REL-840,ENT-amazon-data-services-iad-180-iad-181-iad-182-and-iad-183,ENT-state-environmental-regulator,PROJECT_SOURCE_AUTHORITY,VIRGINIA-DEQ-74323-2,project_level_extractions,https://www.deq.virginia.gov/news-info/shortcuts/permits/air/issued-air-permits-for-data-centers,0.99,OBSERVED,"Publisher/source authority metadata, not ownership."
REL-841,ENT-amazon-data-services-iad-870,ENT-virginia-department-of-environmental-quality,PROJECT_UTILITY_PROVIDER,VIRGINIA-DEQ-74329-2,project_level_extractions,https://www.deq.virginia.gov/news-info/shortcuts/permits/air/issued-air-permits-for-data-centers,0.97,OBSERVED,
REL-842,ENT-amazon-data-services-iad-870,ENT-state-environmental-regulator,PROJECT_SOURCE_AUTHORITY,VIRGINIA-DEQ-74329-2,project_level_extractions,https://www.deq.virginia.gov/news-info/shortcuts/permits/air/issued-air-permits-for-data-centers,0.99,OBSERVED,"Publisher/source authority metadata, not ownership."
REL-843,ENT-westfax-property-owner-a-westfax-4-5a,ENT-virginia-department-of-environmental-quality,PROJECT_UTILITY_PROVIDER,VIRGINIA-DEQ-74331-1,project_level_extractions,https://www.deq.virginia.gov/news-info/shortcuts/permits/air/issued-air-permits-for-data-centers,0.97,OBSERVED,
REL-844,ENT-westfax-property-owner-a-westfax-4-5a,ENT-state-environmental-regulator,PROJECT_SOURCE_AUTHORITY,VIRGINIA-DEQ-74331-1,project_level_extractions,https://www.deq.virginia.gov/news-info/shortcuts/permits/air/issued-air-permits-for-data-centers,0.99,OBSERVED,"Publisher/source authority metadata, not ownership."
REL-845,ENT-herndon-technology-partners,ENT-virginia-department-of-environmental-quality,PROJECT_UTILITY_PROVIDER,VIRGINIA-DEQ-74332-2,project_level_extractions,https://www.deq.virginia.gov/news-info/shortcuts/permits/air/issued-air-permits-for-data-centers,0.97,OBSERVED,
REL-846,ENT-herndon-technology-partners,ENT-state-environmental-regulator,PROJECT_SOURCE_AUTHORITY,VIRGINIA-DEQ-74332-2,project_level_extractions,https://www.deq.virginia.gov/news-info/shortcuts/permits/air/issued-air-permits-for-data-centers,0.99,OBSERVED,"Publisher/source authority metadata, not ownership."
REL-847,ENT-amazon-data-services-iad-45,ENT-virginia-department-of-environmental-quality,PROJECT_UTILITY_PROVIDER,VIRGINIA-DEQ-74333-1,project_level_extractions,https://www.deq.virginia.gov/news-info/shortcuts/permits/air/issued-air-permits-for-data-centers,0.97,OBSERVED,
REL-848,ENT-amazon-data-services-iad-45,ENT-state-environmental-regulator,PROJECT_SOURCE_AUTHORITY,VIRGINIA-DEQ-74333-1,project_level_extractions,https://www.deq.virginia.gov/news-info/shortcuts/permits/air/issued-air-permits-for-data-centers,0.99,OBSERVED,"Publisher/source authority metadata, not ownership."
REL-849,ENT-sdc-ashburn-i-se-parcel-campus,ENT-virginia-department-of-environmental-quality,PROJECT_UTILITY_PROVIDER,VIRGINIA-DEQ-74335-1,project_level_extractions,https://www.deq.virginia.gov/news-info/shortcuts/permits/air/issued-air-permits-for-data-centers,0.97,OBSERVED,
REL-850,ENT-sdc-ashburn-i-se-parcel-campus,ENT-state-environmental-regulator,PROJECT_SOURCE_AUTHORITY,VIRGINIA-DEQ-74335-1,project_level_extractions,https://www.deq.virginia.gov/news-info/shortcuts/permits/air/issued-air-permits-for-data-centers,0.99,OBSERVED,"Publisher/source authority metadata, not ownership."
REL-851,ENT-word-of-grace-data-center,ENT-virginia-department-of-environmental-quality,PROJECT_UTILITY_PROVIDER,VIRGINIA-DEQ-74336-1,project_level_extractions,https://www.deq.virginia.gov/news-info/shortcuts/permits/air/issued-air-permits-for-data-centers,0.97,OBSERVED,
REL-852,ENT-word-of-grace-data-center,ENT-state-environmental-regulator,PROJECT_SOURCE_AUTHORITY,VIRGINIA-DEQ-74336-1,project_level_extractions,https://www.deq.virginia.gov/news-info/shortcuts/permits/air/issued-air-permits-for-data-centers,0.99,OBSERVED,"Publisher/source authority metadata, not ownership."
REL-853,ENT-amazon-data-services-iad-170,ENT-virginia-department-of-environmental-quality,PROJECT_UTILITY_PROVIDER,VIRGINIA-DEQ-74337-1,project_level_extractions,https://www.deq.virginia.gov/news-info/shortcuts/permits/air/issued-air-permits-for-data-centers,0.97,OBSERVED,
REL-854,ENT-amazon-data-services-iad-170,ENT-state-environmental-regulator,PROJECT_SOURCE_AUTHORITY,VIRGINIA-DEQ-74337-1,project_level_extractions,https://www.deq.virginia.gov/news-info/shortcuts/permits/air/issued-air-permits-for-data-centers,0.99,OBSERVED,"Publisher/source authority metadata, not ownership."
REL-855,ENT-vantage-data-centers-va41,ENT-virginia-department-of-environmental-quality,PROJECT_UTILITY_PROVIDER,VIRGINIA-DEQ-74338-1,project_level_extractions,https://www.deq.virginia.gov/news-info/shortcuts/permits/air/issued-air-permits-for-data-centers,0.97,OBSERVED,
REL-856,ENT-vantage-data-centers-va41,ENT-state-environmental-regulator,PROJECT_SOURCE_AUTHORITY,VIRGINIA-DEQ-74338-1,project_level_extractions,https://www.deq.virginia.gov/news-info/shortcuts/permits/air/issued-air-permits-for-data-centers,0.99,OBSERVED,"Publisher/source authority metadata, not ownership."
REL-857,ENT-clean-arc-data-centers-va-1-campus,ENT-virginia-department-of-environmental-quality,PROJECT_UTILITY_PROVIDER,VIRGINIA-DEQ-74341-1,project_level_extractions,https://www.deq.virginia.gov/news-info/shortcuts/permits/air/issued-air-permits-for-data-centers,0.97,OBSERVED,
REL-858,ENT-clean-arc-data-centers-va-1-campus,ENT-state-environmental-regulator,PROJECT_SOURCE_AUTHORITY,VIRGINIA-DEQ-74341-1,project_level_extractions,https://www.deq.virginia.gov/news-info/shortcuts/permits/air/issued-air-permits-for-data-centers,0.99,OBSERVED,"Publisher/source authority metadata, not ownership."
REL-859,ENT-amazon-data-services-iad-110-111-112-113,ENT-virginia-department-of-environmental-quality,PROJECT_UTILITY_PROVIDER,VIRGINIA-DEQ-74342-1,project_level_extractions,https://www.deq.virginia.gov/news-info/shortcuts/permits/air/issued-air-permits-for-data-centers,0.97,OBSERVED,
REL-860,ENT-amazon-data-services-iad-110-111-112-113,ENT-state-environmental-regulator,PROJECT_SOURCE_AUTHORITY,VIRGINIA-DEQ-74342-1,project_level_extractions,https://www.deq.virginia.gov/news-info/shortcuts/permits/air/issued-air-permits-for-data-centers,0.99,OBSERVED,"Publisher/source authority metadata, not ownership."
REL-861,ENT-databank-data-center-culpeper,ENT-virginia-department-of-environmental-quality,PROJECT_UTILITY_PROVIDER,VIRGINIA-DEQ-74348-1,project_level_extractions,https://www.deq.virginia.gov/news-info/shortcuts/permits/air/issued-air-permits-for-data-centers,0.97,OBSERVED,
REL-862,ENT-databank-data-center-culpeper,ENT-state-environmental-regulator,PROJECT_SOURCE_AUTHORITY,VIRGINIA-DEQ-74348-1,project_level_extractions,https://www.deq.virginia.gov/news-info/shortcuts/permits/air/issued-air-permits-for-data-centers,0.99,OBSERVED,"Publisher/source authority metadata, not ownership."
REL-863,ENT-amazon-data-services-iad-264,ENT-virginia-department-of-environmental-quality,PROJECT_UTILITY_PROVIDER,VIRGINIA-DEQ-74349-1,project_level_extractions,https://www.deq.virginia.gov/news-info/shortcuts/permits/air/issued-air-permits-for-data-centers,0.97,OBSERVED,
REL-864,ENT-amazon-data-services-iad-264,ENT-state-environmental-regulator,PROJECT_SOURCE_AUTHORITY,VIRGINIA-DEQ-74349-1,project_level_extractions,https://www.deq.virginia.gov/news-info/shortcuts/permits/air/issued-air-permits-for-data-centers,0.99,OBSERVED,"Publisher/source authority metadata, not ownership."
REL-865,ENT-google-data-centers,ENT-american-electric-power,PROJECT_UTILITY_PROVIDER,AEP-GOOGLE-FORT-WAYNE-2026,project_level_extractions,https://docs.aep.com/docs/newsroom/resources/earnings/2026-05/1Q26EarningsReleasePresentation.pdf,0.97,OBSERVED,
REL-866,ENT-google-data-centers,ENT-utility-investor-presentation,PROJECT_SOURCE_AUTHORITY,AEP-GOOGLE-FORT-WAYNE-2026,project_level_extractions,https://docs.aep.com/docs/newsroom/resources/earnings/2026-05/1Q26EarningsReleasePresentation.pdf,0.99,OBSERVED,"Publisher/source authority metadata, not ownership."
REL-867,ENT-microsoft-data-centers,ENT-american-electric-power,PROJECT_UTILITY_PROVIDER,AEP-MICROSOFT-GRANGER-2026,project_level_extractions,https://docs.aep.com/docs/newsroom/resources/earnings/2026-05/1Q26EarningsReleasePresentation.pdf,0.97,OBSERVED,
REL-868,ENT-microsoft-data-centers,ENT-utility-investor-presentation,PROJECT_SOURCE_AUTHORITY,AEP-MICROSOFT-GRANGER-2026,project_level_extractions,https://docs.aep.com/docs/newsroom/resources/earnings/2026-05/1Q26EarningsReleasePresentation.pdf,0.99,OBSERVED,"Publisher/source authority metadata, not ownership."
REL-869,ENT-aws-data-centers,ENT-american-electric-power,PROJECT_UTILITY_PROVIDER,AEP-AWS-COLUMBUS-2026,project_level_extractions,https://docs.aep.com/docs/newsroom/resources/earnings/2026-05/1Q26EarningsReleasePresentation.pdf,0.97,OBSERVED,
REL-870,ENT-aws-data-centers,ENT-utility-investor-presentation,PROJECT_SOURCE_AUTHORITY,AEP-AWS-COLUMBUS-2026,project_level_extractions,https://docs.aep.com/docs/newsroom/resources/earnings/2026-05/1Q26EarningsReleasePresentation.pdf,0.99,OBSERVED,"Publisher/source authority metadata, not ownership."
REL-871,ENT-sb-energy-data-center,ENT-american-electric-power,PROJECT_UTILITY_PROVIDER,AEP-SBENERGY-PIKETON-2026,project_level_extractions,https://docs.aep.com/docs/newsroom/resources/earnings/2026-05/1Q26EarningsReleasePresentation.pdf,0.97,OBSERVED,
REL-872,ENT-sb-energy-data-center,ENT-utility-investor-presentation,PROJECT_SOURCE_AUTHORITY,AEP-SBENERGY-PIKETON-2026,project_level_extractions,https://docs.aep.com/docs/newsroom/resources/earnings/2026-05/1Q26EarningsReleasePresentation.pdf,0.99,OBSERVED,"Publisher/source authority metadata, not ownership."
REL-873,ENT-google-data-centers,ENT-american-electric-power,PROJECT_UTILITY_PROVIDER,AEP-GOOGLE-PUTNAM-2026,project_level_extractions,https://docs.aep.com/docs/newsroom/resources/earnings/2026-05/1Q26EarningsReleasePresentation.pdf,0.97,OBSERVED,
REL-874,ENT-google-data-centers,ENT-utility-investor-presentation,PROJECT_SOURCE_AUTHORITY,AEP-GOOGLE-PUTNAM-2026,project_level_extractions,https://docs.aep.com/docs/newsroom/resources/earnings/2026-05/1Q26EarningsReleasePresentation.pdf,0.99,OBSERVED,"Publisher/source authority metadata, not ownership."
REL-875,ENT-aws-data-centers,ENT-american-electric-power,PROJECT_UTILITY_PROVIDER,AEP-AWS-SHREVEPORT-2026,project_level_extractions,https://docs.aep.com/docs/newsroom/resources/earnings/2026-05/1Q26EarningsReleasePresentation.pdf,0.97,OBSERVED,
REL-876,ENT-aws-data-centers,ENT-utility-investor-presentation,PROJECT_SOURCE_AUTHORITY,AEP-AWS-SHREVEPORT-2026,project_level_extractions,https://docs.aep.com/docs/newsroom/resources/earnings/2026-05/1Q26EarningsReleasePresentation.pdf,0.99,OBSERVED,"Publisher/source authority metadata, not ownership."
REL-877,ENT-meta-data-centers,ENT-american-electric-power,PROJECT_UTILITY_PROVIDER,AEP-META-TULSA-2026,project_level_extractions,https://docs.aep.com/docs/newsroom/resources/earnings/2026-05/1Q26EarningsReleasePresentation.pdf,0.97,OBSERVED,
REL-878,ENT-meta-data-centers,ENT-utility-investor-presentation,PROJECT_SOURCE_AUTHORITY,AEP-META-TULSA-2026,project_level_extractions,https://docs.aep.com/docs/newsroom/resources/earnings/2026-05/1Q26EarningsReleasePresentation.pdf,0.99,OBSERVED,"Publisher/source authority metadata, not ownership."
REL-879,ENT-lancium-stargate-data-center,ENT-american-electric-power,PROJECT_UTILITY_PROVIDER,AEP-LANCIUM-ABILENE-2026,project_level_extractions,https://docs.aep.com/docs/newsroom/resources/earnings/2026-05/1Q26EarningsReleasePresentation.pdf,0.97,OBSERVED,
REL-880,ENT-lancium-stargate-data-center,ENT-utility-investor-presentation,PROJECT_SOURCE_AUTHORITY,AEP-LANCIUM-ABILENE-2026,project_level_extractions,https://docs.aep.com/docs/newsroom/resources/earnings/2026-05/1Q26EarningsReleasePresentation.pdf,0.99,OBSERVED,"Publisher/source authority metadata, not ownership."
REL-881,ENT-amazon-web-services-aws-new-albany-oh,ENT-aep-ohio,PROJECT_UTILITY_PROVIDER,EEI-AWS-NEW-ALBANY-2026,project_level_extractions,https://www.eei.org/-/media/Project/EEI/Documents/Issues%20and%20Policy/List%20of%20Large%20Customer%20Projects%20and%20Tariffs,0.97,OBSERVED,
REL-882,ENT-amazon-web-services-aws-new-albany-oh,ENT-eei-public-large-load-project-list,PROJECT_SOURCE_AUTHORITY,EEI-AWS-NEW-ALBANY-2026,project_level_extractions,https://www.eei.org/-/media/Project/EEI/Documents/Issues%20and%20Policy/List%20of%20Large%20Customer%20Projects%20and%20Tariffs,0.99,OBSERVED,"Publisher/source authority metadata, not ownership."
REL-883,ENT-google-morgan-township-in,ENT-aes-indiana,PROJECT_UTILITY_PROVIDER,EEI-GOOGLE-MORGAN-TOWNSHIP-2026,project_level_extractions,https://www.eei.org/-/media/Project/EEI/Documents/Issues%20and%20Policy/List%20of%20Large%20Customer%20Projects%20and%20Tariffs,0.97,OBSERVED,
REL-884,ENT-google-morgan-township-in,ENT-eei-public-large-load-project-list,PROJECT_SOURCE_AUTHORITY,EEI-GOOGLE-MORGAN-TOWNSHIP-2026,project_level_extractions,https://www.eei.org/-/media/Project/EEI/Documents/Issues%20and%20Policy/List%20of%20Large%20Customer%20Projects%20and%20Tariffs,0.99,OBSERVED,"Publisher/source authority metadata, not ownership."
REL-885,ENT-project-camellia,ENT-georgia-power,PROJECT_UTILITY_PROVIDER,GA-OPENAI-CAMELLIA-2026,project_level_extractions,https://psc.ga.gov/search/facts-document/?documentId=228337,0.97,OBSERVED,
REL-886,ENT-project-camellia,ENT-utility-state-public-service-commission,PROJECT_SOURCE_AUTHORITY,GA-OPENAI-CAMELLIA-2026,project_level_extractions,https://psc.ga.gov/search/facts-document/?documentId=228337,0.99,OBSERVED,"Publisher/source authority metadata, not ownership."
REL-887,ENT-river-bend-ai-data-center-campus,ENT-entergy-louisiana,PROJECT_UTILITY_PROVIDER,ENTERGY-HUT8-RIVER-BEND-2025,project_level_extractions,https://www.entergy.com/news/hut-8-selects-entergy-southeast-louisiana-for-10-billion-artificial-intelligence-data-center,0.97,OBSERVED,
REL-888,ENT-river-bend-ai-data-center-campus,ENT-utility-primary-source,PROJECT_SOURCE_AUTHORITY,ENTERGY-HUT8-RIVER-BEND-2025,project_level_extractions,https://www.entergy.com/news/hut-8-selects-entergy-southeast-louisiana-for-10-billion-artificial-intelligence-data-center,0.99,OBSERVED,"Publisher/source authority metadata, not ownership."
REL-889,ENT-vaughan-mts-6-undisclosed-data-center-customer,ENT-alectra-utilities,PROJECT_UTILITY_PROVIDER,ALECTRA-VAUGHAN-MTS6-2026,project_level_extractions,https://alectrautilities.com/VaughanMTS6,0.97,OBSERVED,
REL-890,ENT-vaughan-mts-6-undisclosed-data-center-customer,ENT-distribution-utility-primary-sources,PROJECT_SOURCE_AUTHORITY,ALECTRA-VAUGHAN-MTS6-2026,project_level_extractions,https://alectrautilities.com/VaughanMTS6,0.99,OBSERVED,"Publisher/source authority metadata, not ownership."
REL-891,ENT-leedale-data-load,ENT-alberta-electric-system-operator,PROJECT_UTILITY_PROVIDER,AESO-P3066-PROJECT,project_level_extractions,https://gridlens.ca/queue,0.97,OBSERVED,
REL-892,ENT-leedale-data-load,ENT-secondary-extraction-of-aeso-connection-project-list,PROJECT_SOURCE_AUTHORITY,AESO-P3066-PROJECT,project_level_extractions,https://gridlens.ca/queue,0.99,OBSERVED,"Publisher/source authority metadata, not ownership."
REL-893,ENT-lynx-data-load,ENT-alberta-electric-system-operator,PROJECT_UTILITY_PROVIDER,AESO-P3198-PROJECT,project_level_extractions,https://gridlens.ca/queue,0.97,OBSERVED,
REL-894,ENT-lynx-data-load,ENT-secondary-extraction-of-aeso-connection-project-list,PROJECT_SOURCE_AUTHORITY,AESO-P3198-PROJECT,project_level_extractions,https://gridlens.ca/queue,0.99,OBSERVED,"Publisher/source authority metadata, not ownership."
REL-895,ENT-beacon-langdon-a-i-hub-2-load,ENT-alberta-electric-system-operator,PROJECT_UTILITY_PROVIDER,AESO-P2970-PROJECT,project_level_extractions,https://gridlens.ca/queue,0.97,OBSERVED,
REL-896,ENT-beacon-langdon-a-i-hub-2-load,ENT-secondary-extraction-of-aeso-connection-project-list,PROJECT_SOURCE_AUTHORITY,AESO-P2970-PROJECT,project_level_extractions,https://gridlens.ca/queue,0.99,OBSERVED,"Publisher/source authority metadata, not ownership."
REL-897,ENT-wild-rose-power-hub-load,ENT-alberta-electric-system-operator,PROJECT_UTILITY_PROVIDER,AESO-P3108-PROJECT,project_level_extractions,https://gridlens.ca/queue,0.97,OBSERVED,
REL-898,ENT-wild-rose-power-hub-load,ENT-secondary-extraction-of-aeso-connection-project-list,PROJECT_SOURCE_AUTHORITY,AESO-P3108-PROJECT,project_level_extractions,https://gridlens.ca/queue,0.99,OBSERVED,"Publisher/source authority metadata, not ownership."
REL-899,ENT-newell-data-center-mpc-load,ENT-alberta-electric-system-operator,PROJECT_UTILITY_PROVIDER,AESO-P3109-PROJECT,project_level_extractions,https://gridlens.ca/queue,0.97,OBSERVED,
REL-900,ENT-newell-data-center-mpc-load,ENT-secondary-extraction-of-aeso-connection-project-list,PROJECT_SOURCE_AUTHORITY,AESO-P3109-PROJECT,project_level_extractions,https://gridlens.ca/queue,0.99,OBSERVED,"Publisher/source authority metadata, not ownership."
REL-901,ENT-genesee-data-center-1-mpc-load,ENT-alberta-electric-system-operator,PROJECT_UTILITY_PROVIDER,AESO-P2942-PROJECT,project_level_extractions,https://gridlens.ca/queue,0.97,OBSERVED,
REL-902,ENT-genesee-data-center-1-mpc-load,ENT-secondary-extraction-of-aeso-connection-project-list,PROJECT_SOURCE_AUTHORITY,AESO-P2942-PROJECT,project_level_extractions,https://gridlens.ca/queue,0.99,OBSERVED,"Publisher/source authority metadata, not ownership."
REL-903,ENT-gldc-load-phase-1-1,ENT-alberta-electric-system-operator,PROJECT_UTILITY_PROVIDER,AESO-P2936-PROJECT,project_level_extractions,https://gridlens.ca/queue,0.97,OBSERVED,
REL-904,ENT-gldc-load-phase-1-1,ENT-secondary-extraction-of-aeso-connection-project-list,PROJECT_SOURCE_AUTHORITY,AESO-P2936-PROJECT,project_level_extractions,https://gridlens.ca/queue,0.99,OBSERVED,"Publisher/source authority metadata, not ownership."
REL-905,ENT-carstairs-technology-park-mpc-load,ENT-alberta-electric-system-operator,PROJECT_UTILITY_PROVIDER,AESO-P3101-PROJECT,project_level_extractions,https://gridlens.ca/queue,0.97,OBSERVED,
REL-906,ENT-carstairs-technology-park-mpc-load,ENT-secondary-extraction-of-aeso-connection-project-list,PROJECT_SOURCE_AUTHORITY,AESO-P3101-PROJECT,project_level_extractions,https://gridlens.ca/queue,0.99,OBSERVED,"Publisher/source authority metadata, not ownership."
REL-907,ENT-goldfinch-technology-park-mpc-load,ENT-alberta-electric-system-operator,PROJECT_UTILITY_PROVIDER,AESO-P3102-PROJECT,project_level_extractions,https://gridlens.ca/queue,0.97,OBSERVED,
REL-908,ENT-goldfinch-technology-park-mpc-load,ENT-secondary-extraction-of-aeso-connection-project-list,PROJECT_SOURCE_AUTHORITY,AESO-P3102-PROJECT,project_level_extractions,https://gridlens.ca/queue,0.99,OBSERVED,"Publisher/source authority metadata, not ownership."
REL-909,ENT-gldc-load-phase-1-2,ENT-alberta-electric-system-operator,PROJECT_UTILITY_PROVIDER,AESO-P3151-PROJECT,project_level_extractions,https://gridlens.ca/queue,0.97,OBSERVED,
REL-910,ENT-gldc-load-phase-1-2,ENT-secondary-extraction-of-aeso-connection-project-list,PROJECT_SOURCE_AUTHORITY,AESO-P3151-PROJECT,project_level_extractions,https://gridlens.ca/queue,0.99,OBSERVED,"Publisher/source authority metadata, not ownership."
REL-911,ENT-rocky-view-data-center-mpc-load,ENT-alberta-electric-system-operator,PROJECT_UTILITY_PROVIDER,AESO-P3116-PROJECT,project_level_extractions,https://gridlens.ca/queue,0.97,OBSERVED,
REL-912,ENT-rocky-view-data-center-mpc-load,ENT-secondary-extraction-of-aeso-connection-project-list,PROJECT_SOURCE_AUTHORITY,AESO-P3116-PROJECT,project_level_extractions,https://gridlens.ca/queue,0.99,OBSERVED,"Publisher/source authority metadata, not ownership."
REL-913,ENT-sheerness-data-mpc-load,ENT-alberta-electric-system-operator,PROJECT_UTILITY_PROVIDER,AESO-P3137-PROJECT,project_level_extractions,https://gridlens.ca/queue,0.97,OBSERVED,
REL-914,ENT-sheerness-data-mpc-load,ENT-secondary-extraction-of-aeso-connection-project-list,PROJECT_SOURCE_AUTHORITY,AESO-P3137-PROJECT,project_level_extractions,https://gridlens.ca/queue,0.99,OBSERVED,"Publisher/source authority metadata, not ownership."
REL-915,ENT-genesee-data-center-2-mpc-load,ENT-alberta-electric-system-operator,PROJECT_UTILITY_PROVIDER,AESO-P2946-PROJECT,project_level_extractions,https://gridlens.ca/queue,0.97,OBSERVED,
REL-916,ENT-genesee-data-center-2-mpc-load,ENT-secondary-extraction-of-aeso-connection-project-list,PROJECT_SOURCE_AUTHORITY,AESO-P2946-PROJECT,project_level_extractions,https://gridlens.ca/queue,0.99,OBSERVED,"Publisher/source authority metadata, not ownership."
REL-917,ENT-keephills-data-centre-phase-2,ENT-alberta-electric-system-operator,PROJECT_UTILITY_PROVIDER,AESO-P3095-PROJECT,project_level_extractions,https://gridlens.ca/queue,0.97,OBSERVED,
REL-918,ENT-keephills-data-centre-phase-2,ENT-secondary-extraction-of-aeso-connection-project-list,PROJECT_SOURCE_AUTHORITY,AESO-P3095-PROJECT,project_level_extractions,https://gridlens.ca/queue,0.99,OBSERVED,"Publisher/source authority metadata, not ownership."
REL-919,ENT-north-calgary-three-data-centre-mpc-load,ENT-alberta-electric-system-operator,PROJECT_UTILITY_PROVIDER,AESO-P3112-PROJECT,project_level_extractions,https://gridlens.ca/queue,0.97,OBSERVED,
REL-920,ENT-north-calgary-three-data-centre-mpc-load,ENT-secondary-extraction-of-aeso-connection-project-list,PROJECT_SOURCE_AUTHORITY,AESO-P3112-PROJECT,project_level_extractions,https://gridlens.ca/queue,0.99,OBSERVED,"Publisher/source authority metadata, not ownership."
REL-921,ENT-sundance-data-mpc-load,ENT-alberta-electric-system-operator,PROJECT_UTILITY_PROVIDER,AESO-P3136-PROJECT,project_level_extractions,https://gridlens.ca/queue,0.97,OBSERVED,
REL-922,ENT-sundance-data-mpc-load,ENT-secondary-extraction-of-aeso-connection-project-list,PROJECT_SOURCE_AUTHORITY,AESO-P3136-PROJECT,project_level_extractions,https://gridlens.ca/queue,0.99,OBSERVED,"Publisher/source authority metadata, not ownership."
REL-923,ENT-beacon-foothills-a-i-hub-load,ENT-alberta-electric-system-operator,PROJECT_UTILITY_PROVIDER,AESO-P2926-PROJECT,project_level_extractions,https://gridlens.ca/queue,0.97,OBSERVED,
REL-924,ENT-beacon-foothills-a-i-hub-load,ENT-secondary-extraction-of-aeso-connection-project-list,PROJECT_SOURCE_AUTHORITY,AESO-P2926-PROJECT,project_level_extractions,https://gridlens.ca/queue,0.99,OBSERVED,"Publisher/source authority metadata, not ownership."
REL-925,ENT-beacon-harry-smith-a-i-hub-load,ENT-alberta-electric-system-operator,PROJECT_UTILITY_PROVIDER,AESO-P2927-PROJECT,project_level_extractions,https://gridlens.ca/queue,0.97,OBSERVED,
REL-926,ENT-beacon-harry-smith-a-i-hub-load,ENT-secondary-extraction-of-aeso-connection-project-list,PROJECT_SOURCE_AUTHORITY,AESO-P2927-PROJECT,project_level_extractions,https://gridlens.ca/queue,0.99,OBSERVED,"Publisher/source authority metadata, not ownership."
REL-927,ENT-beacon-langdon-a-i-hub-load,ENT-alberta-electric-system-operator,PROJECT_UTILITY_PROVIDER,AESO-P2928-PROJECT,project_level_extractions,https://gridlens.ca/queue,0.97,OBSERVED,
REL-928,ENT-beacon-langdon-a-i-hub-load,ENT-secondary-extraction-of-aeso-connection-project-list,PROJECT_SOURCE_AUTHORITY,AESO-P2928-PROJECT,project_level_extractions,https://gridlens.ca/queue,0.99,OBSERVED,"Publisher/source authority metadata, not ownership."
REL-929,ENT-beacon-heartland-a-i-hub-load,ENT-alberta-electric-system-operator,PROJECT_UTILITY_PROVIDER,AESO-P2934-PROJECT,project_level_extractions,https://gridlens.ca/queue,0.97,OBSERVED,
REL-930,ENT-beacon-heartland-a-i-hub-load,ENT-secondary-extraction-of-aeso-connection-project-list,PROJECT_SOURCE_AUTHORITY,AESO-P2934-PROJECT,project_level_extractions,https://gridlens.ca/queue,0.99,OBSERVED,"Publisher/source authority metadata, not ownership."
REL-931,ENT-beacon-saunders-lake-a-i-hub-load,ENT-alberta-electric-system-operator,PROJECT_UTILITY_PROVIDER,AESO-P2935-PROJECT,project_level_extractions,https://gridlens.ca/queue,0.97,OBSERVED,
REL-932,ENT-beacon-saunders-lake-a-i-hub-load,ENT-secondary-extraction-of-aeso-connection-project-list,PROJECT_SOURCE_AUTHORITY,AESO-P2935-PROJECT,project_level_extractions,https://gridlens.ca/queue,0.99,OBSERVED,"Publisher/source authority metadata, not ownership."
REL-933,ENT-alberta-south-a-i-load,ENT-alberta-electric-system-operator,PROJECT_UTILITY_PROVIDER,AESO-P3106-PROJECT,project_level_extractions,https://gridlens.ca/queue,0.97,OBSERVED,
REL-934,ENT-alberta-south-a-i-load,ENT-secondary-extraction-of-aeso-connection-project-list,PROJECT_SOURCE_AUTHORITY,AESO-P3106-PROJECT,project_level_extractions,https://gridlens.ca/queue,0.99,OBSERVED,"Publisher/source authority metadata, not ownership."
REL-935,ENT-chestermere-enterprise-a-i-load,ENT-alberta-electric-system-operator,PROJECT_UTILITY_PROVIDER,AESO-P3107-PROJECT,project_level_extractions,https://gridlens.ca/queue,0.97,OBSERVED,
REL-936,ENT-chestermere-enterprise-a-i-load,ENT-secondary-extraction-of-aeso-connection-project-list,PROJECT_SOURCE_AUTHORITY,AESO-P3107-PROJECT,project_level_extractions,https://gridlens.ca/queue,0.99,OBSERVED,"Publisher/source authority metadata, not ownership."
REL-937,ENT-beacon-heartland-data-load,ENT-alberta-electric-system-operator,PROJECT_UTILITY_PROVIDER,AESO-P3175-PROJECT,project_level_extractions,https://gridlens.ca/queue,0.97,OBSERVED,
REL-938,ENT-beacon-heartland-data-load,ENT-secondary-extraction-of-aeso-connection-project-list,PROJECT_SOURCE_AUTHORITY,AESO-P3175-PROJECT,project_level_extractions,https://gridlens.ca/queue,0.99,OBSERVED,"Publisher/source authority metadata, not ownership."
REL-939,ENT-high-plains-east-industrial-park,ENT-alberta-electric-system-operator,PROJECT_UTILITY_PROVIDER,AESO-P3156-PROJECT,project_level_extractions,https://gridlens.ca/queue,0.97,OBSERVED,
REL-940,ENT-high-plains-east-industrial-park,ENT-secondary-extraction-of-aeso-connection-project-list,PROJECT_SOURCE_AUTHORITY,AESO-P3156-PROJECT,project_level_extractions,https://gridlens.ca/queue,0.99,OBSERVED,"Publisher/source authority metadata, not ownership."
REL-941,ENT-mihta-askiy-data-load,ENT-alberta-electric-system-operator,PROJECT_UTILITY_PROVIDER,AESO-P3110-PROJECT,project_level_extractions,https://gridlens.ca/queue,0.97,OBSERVED,
REL-942,ENT-mihta-askiy-data-load,ENT-secondary-extraction-of-aeso-connection-project-list,PROJECT_SOURCE_AUTHORITY,AESO-P3110-PROJECT,project_level_extractions,https://gridlens.ca/queue,0.99,OBSERVED,"Publisher/source authority metadata, not ownership."
REL-943,ENT-keephills-data-centre-phase-1-1,ENT-alberta-electric-system-operator,PROJECT_UTILITY_PROVIDER,AESO-P3083-PROJECT,project_level_extractions,https://gridlens.ca/queue,0.97,OBSERVED,
REL-944,ENT-keephills-data-centre-phase-1-1,ENT-secondary-extraction-of-aeso-connection-project-list,PROJECT_SOURCE_AUTHORITY,AESO-P3083-PROJECT,project_level_extractions,https://gridlens.ca/queue,0.99,OBSERVED,"Publisher/source authority metadata, not ownership."
REL-945,ENT-keephills-data-centre-phase-1-2,ENT-alberta-electric-system-operator,PROJECT_UTILITY_PROVIDER,AESO-P3152-PROJECT,project_level_extractions,https://gridlens.ca/queue,0.97,OBSERVED,
REL-946,ENT-keephills-data-centre-phase-1-2,ENT-secondary-extraction-of-aeso-connection-project-list,PROJECT_SOURCE_AUTHORITY,AESO-P3152-PROJECT,project_level_extractions,https://gridlens.ca/queue,0.99,OBSERVED,"Publisher/source authority metadata, not ownership."
REL-947,ENT-port-hope-ts-load-increase,ENT-independent-electricity-system-operator,PROJECT_UTILITY_PROVIDER,IESO-2026-917-PROJECT,project_level_extractions,https://ieso.ca/Sector-Participants/Connection-Process/Application-Status,0.97,OBSERVED,
REL-948,ENT-port-hope-ts-load-increase,ENT-ieso-primary-source,PROJECT_SOURCE_AUTHORITY,IESO-2026-917-PROJECT,project_level_extractions,https://ieso.ca/Sector-Participants/Connection-Process/Application-Status,0.99,OBSERVED,"Publisher/source authority metadata, not ownership."
REL-949,ENT-st-clair-technology-centre,ENT-independent-electricity-system-operator,PROJECT_UTILITY_PROVIDER,IESO-2026-913-PROJECT,project_level_extractions,https://ieso.ca/Sector-Participants/Connection-Process/Application-Status,0.97,OBSERVED,
REL-950,ENT-st-clair-technology-centre,ENT-ieso-primary-source,PROJECT_SOURCE_AUTHORITY,IESO-2026-913-PROJECT,project_level_extractions,https://ieso.ca/Sector-Participants/Connection-Process/Application-Status,0.99,OBSERVED,"Publisher/source authority metadata, not ownership."
REL-951,ENT-mana-industrial-facility-expansion,ENT-independent-electricity-system-operator,PROJECT_UTILITY_PROVIDER,IESO-2026-911-PROJECT,project_level_extractions,https://ieso.ca/Sector-Participants/Connection-Process/Application-Status,0.97,OBSERVED,
REL-952,ENT-mana-industrial-facility-expansion,ENT-ieso-primary-source,PROJECT_SOURCE_AUTHORITY,IESO-2026-911-PROJECT,project_level_extractions,https://ieso.ca/Sector-Participants/Connection-Process/Application-Status,0.99,OBSERVED,"Publisher/source authority metadata, not ownership."
REL-953,ENT-marionville-ds-new-transformer-t2,ENT-independent-electricity-system-operator,PROJECT_UTILITY_PROVIDER,IESO-2026-907-PROJECT,project_level_extractions,https://ieso.ca/Sector-Participants/Connection-Process/Application-Status,0.97,OBSERVED,
REL-954,ENT-marionville-ds-new-transformer-t2,ENT-ieso-primary-source,PROJECT_SOURCE_AUTHORITY,IESO-2026-907-PROJECT,project_level_extractions,https://ieso.ca/Sector-Participants/Connection-Process/Application-Status,0.99,OBSERVED,"Publisher/source authority metadata, not ownership."
REL-955,ENT-project-iq197,ENT-independent-electricity-system-operator,PROJECT_UTILITY_PROVIDER,IESO-2026-903-PROJECT,project_level_extractions,https://ieso.ca/Sector-Participants/Connection-Process/Application-Status,0.97,OBSERVED,
REL-956,ENT-project-iq197,ENT-ieso-primary-source,PROJECT_SOURCE_AUTHORITY,IESO-2026-903-PROJECT,project_level_extractions,https://ieso.ca/Sector-Participants/Connection-Process/Application-Status,0.99,OBSERVED,"Publisher/source authority metadata, not ownership."
REL-957,ENT-tahoe-blvd-load-center,ENT-independent-electricity-system-operator,PROJECT_UTILITY_PROVIDER,IESO-2026-902-PROJECT,project_level_extractions,https://ieso.ca/Sector-Participants/Connection-Process/Application-Status,0.97,OBSERVED,
REL-958,ENT-tahoe-blvd-load-center,ENT-ieso-primary-source,PROJECT_SOURCE_AUTHORITY,IESO-2026-902-PROJECT,project_level_extractions,https://ieso.ca/Sector-Participants/Connection-Process/Application-Status,0.99,OBSERVED,"Publisher/source authority metadata, not ownership."
REL-959,ENT-lake-mariner-data-ii,ENT-nyseg,PROJECT_UTILITY_PROVIDER,NYISO-1670-LOAD-PROJECT,project_level_extractions,https://www.nyiso.com/interconnections,0.97,OBSERVED,
REL-960,ENT-lake-mariner-data-ii,ENT-nyiso-primary-independent-public-queue-reading,PROJECT_SOURCE_AUTHORITY,NYISO-1670-LOAD-PROJECT,project_level_extractions,https://www.nyiso.com/interconnections,0.99,OBSERVED,"Publisher/source authority metadata, not ownership."
REL-961,ENT-wulf-compute-data-center-ii,ENT-nyseg,PROJECT_UTILITY_PROVIDER,NYISO-1732-LOAD-PROJECT,project_level_extractions,https://www.nyiso.com/interconnections,0.97,OBSERVED,
REL-962,ENT-wulf-compute-data-center-ii,ENT-nyiso-primary-independent-public-queue-reading,PROJECT_SOURCE_AUTHORITY,NYISO-1732-LOAD-PROJECT,project_level_extractions,https://www.nyiso.com/interconnections,0.99,OBSERVED,"Publisher/source authority metadata, not ownership."
REL-963,ENT-cayuga-data,ENT-nyiso-transmission-owner-not-retained-in-current-extraction,PROJECT_UTILITY_PROVIDER,NYISO-1733-LOAD-PROJECT,project_level_extractions,https://www.nyiso.com/interconnections,0.97,OBSERVED,
REL-964,ENT-cayuga-data,ENT-nyiso-primary-independent-public-queue-reading,PROJECT_SOURCE_AUTHORITY,NYISO-1733-LOAD-PROJECT,project_level_extractions,https://www.nyiso.com/interconnections,0.99,OBSERVED,"Publisher/source authority metadata, not ownership."
REL-965,ENT-cayuga-compute,ENT-nyiso-transmission-owner-not-retained-in-current-extraction,PROJECT_UTILITY_PROVIDER,NYISO-1683-LOAD-PROJECT,project_level_extractions,https://www.nyiso.com/interconnections,0.97,OBSERVED,
REL-966,ENT-cayuga-compute,ENT-nyiso-primary-independent-public-queue-reading,PROJECT_SOURCE_AUTHORITY,NYISO-1683-LOAD-PROJECT,project_level_extractions,https://www.nyiso.com/interconnections,0.99,OBSERVED,"Publisher/source authority metadata, not ownership."
REL-967,ENT-new-york-state-artificial-intelligence-data-center-zeroc,ENT-nyiso-transmission-owner-not-retained-in-current-extraction,PROJECT_UTILITY_PROVIDER,NYISO-1731-LOAD-PROJECT,project_level_extractions,https://www.nyiso.com/interconnections,0.97,OBSERVED,
REL-968,ENT-new-york-state-artificial-intelligence-data-center-zeroc,ENT-nyiso-primary-independent-public-queue-reading,PROJECT_SOURCE_AUTHORITY,NYISO-1731-LOAD-PROJECT,project_level_extractions,https://www.nyiso.com/interconnections,0.99,OBSERVED,"Publisher/source authority metadata, not ownership."
REL-969,ENT-brookhaven-data-center,ENT-nyiso-transmission-owner-not-retained-in-current-extraction,PROJECT_UTILITY_PROVIDER,NYISO-1744-LOAD-PROJECT,project_level_extractions,https://www.nyiso.com/interconnections,0.97,OBSERVED,
REL-970,ENT-brookhaven-data-center,ENT-nyiso-primary-independent-public-queue-reading,PROJECT_SOURCE_AUTHORITY,NYISO-1744-LOAD-PROJECT,project_level_extractions,https://www.nyiso.com/interconnections,0.99,OBSERVED,"Publisher/source authority metadata, not ownership."
REL-971,ENT-ranalli-superdc,ENT-nyiso-transmission-owner-not-retained-in-current-extraction,PROJECT_UTILITY_PROVIDER,NYISO-1736-LOAD-PROJECT,project_level_extractions,https://www.nyiso.com/interconnections,0.97,OBSERVED,
REL-972,ENT-ranalli-superdc,ENT-nyiso-primary-independent-public-queue-reading,PROJECT_SOURCE_AUTHORITY,NYISO-1736-LOAD-PROJECT,project_level_extractions,https://www.nyiso.com/interconnections,0.99,OBSERVED,"Publisher/source authority metadata, not ownership."
REL-973,ENT-pontoon-bridge-road-data-center,ENT-nyiso-transmission-owner-not-retained-in-current-extraction,PROJECT_UTILITY_PROVIDER,NYISO-1745-LOAD-PROJECT,project_level_extractions,https://www.nyiso.com/interconnections,0.97,OBSERVED,
REL-974,ENT-pontoon-bridge-road-data-center,ENT-nyiso-primary-independent-public-queue-reading,PROJECT_SOURCE_AUTHORITY,NYISO-1745-LOAD-PROJECT,project_level_extractions,https://www.nyiso.com/interconnections,0.99,OBSERVED,"Publisher/source authority metadata, not ownership."
REL-975,ENT-broome-county-tech-park,ENT-nyiso-transmission-owner-not-retained-in-current-extraction,PROJECT_UTILITY_PROVIDER,NYISO-1752-LOAD-PROJECT,project_level_extractions,https://www.nyiso.com/interconnections,0.97,OBSERVED,
REL-976,ENT-broome-county-tech-park,ENT-nyiso-primary-independent-public-queue-reading,PROJECT_SOURCE_AUTHORITY,NYISO-1752-LOAD-PROJECT,project_level_extractions,https://www.nyiso.com/interconnections,0.99,OBSERVED,"Publisher/source authority metadata, not ownership."
REL-977,ENT-digihost-load,ENT-national-grid,PROJECT_UTILITY_PROVIDER,NYISO-1465-LOAD-PROJECT,project_level_extractions,https://www.nyiso.com/interconnections,0.97,OBSERVED,
REL-978,ENT-digihost-load,ENT-nyiso-primary-independent-public-queue-reading,PROJECT_SOURCE_AUTHORITY,NYISO-1465-LOAD-PROJECT,project_level_extractions,https://www.nyiso.com/interconnections,0.99,OBSERVED,"Publisher/source authority metadata, not ownership."
REL-979,ENT-greenidge-load,ENT-nyseg,PROJECT_UTILITY_PROVIDER,NYISO-0776-LOAD-PROJECT,project_level_extractions,https://www.nyiso.com/interconnections,0.97,OBSERVED,
REL-980,ENT-greenidge-load,ENT-nyiso-primary-independent-public-queue-reading,PROJECT_SOURCE_AUTHORITY,NYISO-0776-LOAD-PROJECT,project_level_extractions,https://www.nyiso.com/interconnections,0.99,OBSERVED,"Publisher/source authority metadata, not ownership."
REL-981,ENT-powi-project,ENT-national-grid,PROJECT_UTILITY_PROVIDER,NYISO-1646-LOAD-PROJECT,project_level_extractions,https://www.nyiso.com/interconnections,0.97,OBSERVED,
REL-982,ENT-powi-project,ENT-nyiso-primary-independent-public-queue-reading,PROJECT_SOURCE_AUTHORITY,NYISO-1646-LOAD-PROJECT,project_level_extractions,https://www.nyiso.com/interconnections,0.99,OBSERVED,"Publisher/source authority metadata, not ownership."
REL-983,ENT-open-range,ENT-bonneville-power-administration-watt-street-secondary-normalization,PROJECT_UTILITY_PROVIDER,BPA-OPEN-RANGE,project_level_extractions,https://substationscout.com/large-load-registry/,0.97,OBSERVED,
REL-984,ENT-open-range,ENT-secondary-reproduction-of-bpa-public-load-queue,PROJECT_SOURCE_AUTHORITY,BPA-OPEN-RANGE,project_level_extractions,https://substationscout.com/large-load-registry/,0.99,OBSERVED,"Publisher/source authority metadata, not ownership."
REL-985,ENT-doe-data-center,ENT-bonneville-power-administration-watt-street-secondary-normalization,PROJECT_UTILITY_PROVIDER,BPA-DOE-DATA-CENTER,project_level_extractions,https://substationscout.com/large-load-registry/,0.97,OBSERVED,
REL-986,ENT-doe-data-center,ENT-secondary-reproduction-of-bpa-public-load-queue,PROJECT_SOURCE_AUTHORITY,BPA-DOE-DATA-CENTER,project_level_extractions,https://substationscout.com/large-load-registry/,0.99,OBSERVED,"Publisher/source authority metadata, not ownership."
REL-987,ENT-longhorn-mcnary-230-kv-loop,ENT-bonneville-power-administration-watt-street-secondary-normalization,PROJECT_UTILITY_PROVIDER,BPA-LONGHORN-MCNARY-LOOP,project_level_extractions,https://substationscout.com/large-load-registry/,0.97,OBSERVED,
REL-988,ENT-longhorn-mcnary-230-kv-loop,ENT-secondary-reproduction-of-bpa-public-load-queue,PROJECT_SOURCE_AUTHORITY,BPA-LONGHORN-MCNARY-LOOP,project_level_extractions,https://substationscout.com/large-load-registry/,0.99,OBSERVED,"Publisher/source authority metadata, not ownership."
REL-989,ENT-nw-hillsboro-north-plains-semiconductor-plants-project-phase-2,ENT-bonneville-power-administration-watt-street-secondary-normalization,PROJECT_UTILITY_PROVIDER,BPA-NW-HILLSBORO-NORTH-PLAINS-PH2,project_level_extractions,https://substationscout.com/large-load-registry/,0.97,OBSERVED,
REL-990,ENT-nw-hillsboro-north-plains-semiconductor-plants-project-phase-2,ENT-secondary-reproduction-of-bpa-public-load-queue,PROJECT_SOURCE_AUTHORITY,BPA-NW-HILLSBORO-NORTH-PLAINS-PH2,project_level_extractions,https://substationscout.com/large-load-registry/,0.99,OBSERVED,"Publisher/source authority metadata, not ownership."
REL-991,ENT-cac-green-h2-facility,ENT-bonneville-power-administration-watt-street-secondary-normalization,PROJECT_UTILITY_PROVIDER,BPA-CAC-GREEN-H2,project_level_extractions,https://www.wattstreet.net/load-ledger/,0.97,OBSERVED,
REL-992,ENT-cac-green-h2-facility,ENT-secondary-normalization-of-public-bpa-load-queue-data,PROJECT_SOURCE_AUTHORITY,BPA-CAC-GREEN-H2,project_level_extractions,https://www.wattstreet.net/load-ledger/,0.99,OBSERVED,"Publisher/source authority metadata, not ownership."
REL-993,ENT-pacific-west-coast-cable,ENT-bonneville-power-administration-watt-street-secondary-normalization,PROJECT_UTILITY_PROVIDER,BPA-PACIFIC-WEST-COAST-CABLE,project_level_extractions,https://www.wattstreet.net/load-ledger/,0.97,OBSERVED,
REL-994,ENT-pacific-west-coast-cable,ENT-secondary-normalization-of-public-bpa-load-queue-data,PROJECT_SOURCE_AUTHORITY,BPA-PACIFIC-WEST-COAST-CABLE,project_level_extractions,https://www.wattstreet.net/load-ledger/,0.99,OBSERVED,"Publisher/source authority metadata, not ownership."
REL-995,ENT-mcnary-230-kv-substation,ENT-bonneville-power-administration-watt-street-secondary-normalization,PROJECT_UTILITY_PROVIDER,BPA-MCNARY-230KV-SUBSTATION,project_level_extractions,https://substationscout.com/large-load-registry/,0.97,OBSERVED,
REL-996,ENT-mcnary-230-kv-substation,ENT-secondary-reproduction-of-bpa-public-load-queue,PROJECT_SOURCE_AUTHORITY,BPA-MCNARY-230KV-SUBSTATION,project_level_extractions,https://substationscout.com/large-load-registry/,0.99,OBSERVED,"Publisher/source authority metadata, not ownership."
REL-997,ENT-west-hillsboro-data-center-project-phase-1,ENT-bonneville-power-administration-watt-street-secondary-normalization,PROJECT_UTILITY_PROVIDER,BPA-WEST-HILLSBORO-DATA-CENTER-PH1,project_level_extractions,https://substationscout.com/large-load-registry/,0.97,OBSERVED,
REL-998,ENT-west-hillsboro-data-center-project-phase-1,ENT-secondary-reproduction-of-bpa-public-load-queue,PROJECT_SOURCE_AUTHORITY,BPA-WEST-HILLSBORO-DATA-CENTER-PH1,project_level_extractions,https://substationscout.com/large-load-registry/,0.99,OBSERVED,"Publisher/source authority metadata, not ownership."
REL-999,ENT-lakeside-industries,ENT-bonneville-power-administration-watt-street-secondary-normalization,PROJECT_UTILITY_PROVIDER,BPA-LAKESIDE-INDUSTRIES,project_level_extractions,https://substationscout.com/large-load-registry/,0.97,OBSERVED,
REL-1000,ENT-lakeside-industries,ENT-secondary-reproduction-of-bpa-public-load-queue,PROJECT_SOURCE_AUTHORITY,BPA-LAKESIDE-INDUSTRIES,project_level_extractions,https://substationscout.com/large-load-registry/,0.99,OBSERVED,"Publisher/source authority metadata, not ownership."
REL-1001,ENT-mcnary-230-kv-looped,ENT-bonneville-power-administration-watt-street-secondary-normalization,PROJECT_UTILITY_PROVIDER,BPA-MCNARY-230KV-LOOPED,project_level_extractions,https://substationscout.com/large-load-registry/,0.97,OBSERVED,
REL-1002,ENT-mcnary-230-kv-looped,ENT-secondary-reproduction-of-bpa-public-load-queue,PROJECT_SOURCE_AUTHORITY,BPA-MCNARY-230KV-LOOPED,project_level_extractions,https://substationscout.com/large-load-registry/,0.99,OBSERVED,"Publisher/source authority metadata, not ownership."
REL-1003,ENT-ssp-sunset,ENT-bonneville-power-administration-watt-street-secondary-normalization,PROJECT_UTILITY_PROVIDER,BPA-SSP-SUNSET,project_level_extractions,https://substationscout.com/large-load-registry/,0.97,OBSERVED,
REL-1004,ENT-ssp-sunset,ENT-secondary-reproduction-of-bpa-public-load-queue,PROJECT_SOURCE_AUTHORITY,BPA-SSP-SUNSET,project_level_extractions,https://substationscout.com/large-load-registry/,0.99,OBSERVED,"Publisher/source authority metadata, not ownership."
REL-1005,ENT-second-1200-mw-data-center-load,ENT-bonneville-power-administration-watt-street-secondary-normalization,PROJECT_UTILITY_PROVIDER,BPA-SECOND-1200MW-DATA-CENTER-LOAD,project_level_extractions,https://substationscout.com/large-load-registry/,0.97,OBSERVED,
REL-1006,ENT-second-1200-mw-data-center-load,ENT-secondary-reproduction-of-bpa-public-load-queue,PROJECT_SOURCE_AUTHORITY,BPA-SECOND-1200MW-DATA-CENTER-LOAD,project_level_extractions,https://substationscout.com/large-load-registry/,0.99,OBSERVED,"Publisher/source authority metadata, not ownership."
REL-1007,ENT-1200-mw-data-center-loads,ENT-bonneville-power-administration-watt-street-secondary-normalization,PROJECT_UTILITY_PROVIDER,BPA-1200MW-DATA-CENTER-LOADS,project_level_extractions,https://substationscout.com/large-load-registry/,0.97,OBSERVED,
REL-1008,ENT-1200-mw-data-center-loads,ENT-secondary-reproduction-of-bpa-public-load-queue,PROJECT_SOURCE_AUTHORITY,BPA-1200MW-DATA-CENTER-LOADS,project_level_extractions,https://substationscout.com/large-load-registry/,0.99,OBSERVED,"Publisher/source authority metadata, not ownership."
REL-1009,ENT-pse-cherry-point,ENT-bonneville-power-administration-watt-street-secondary-normalization,PROJECT_UTILITY_PROVIDER,BPA-PSE-CHERRY-POINT,project_level_extractions,https://www.wattstreet.net/load-ledger/,0.97,OBSERVED,
REL-1010,ENT-pse-cherry-point,ENT-secondary-normalization-of-public-bpa-load-queue-data,PROJECT_SOURCE_AUTHORITY,BPA-PSE-CHERRY-POINT,project_level_extractions,https://www.wattstreet.net/load-ledger/,0.99,OBSERVED,"Publisher/source authority metadata, not ownership."
REL-1011,ENT-industrial-load-phase-2,ENT-bonneville-power-administration-watt-street-secondary-normalization,PROJECT_UTILITY_PROVIDER,BPA-INDUSTRIAL-LOAD-PHASE-2,project_level_extractions,https://www.wattstreet.net/load-ledger/,0.97,OBSERVED,
REL-1012,ENT-industrial-load-phase-2,ENT-secondary-normalization-of-public-bpa-load-queue-data,PROJECT_SOURCE_AUTHORITY,BPA-INDUSTRIAL-LOAD-PHASE-2,project_level_extractions,https://www.wattstreet.net/load-ledger/,0.99,OBSERVED,"Publisher/source authority metadata, not ownership."
REL-1013,ENT-cascade-renewable-transmission-project-hvdc,ENT-bonneville-power-administration-watt-street-secondary-normalization,PROJECT_UTILITY_PROVIDER,BPA-CASCADE-RENEWABLE-HVDC,project_level_extractions,https://www.wattstreet.net/load-ledger/,0.97,OBSERVED,
REL-1014,ENT-cascade-renewable-transmission-project-hvdc,ENT-secondary-normalization-of-public-bpa-load-queue-data,PROJECT_SOURCE_AUTHORITY,BPA-CASCADE-RENEWABLE-HVDC,project_level_extractions,https://www.wattstreet.net/load-ledger/,0.99,OBSERVED,"Publisher/source authority metadata, not ownership."
REL-1015,ENT-sixmile-canyon-500kv-substation,ENT-bonneville-power-administration-watt-street-secondary-normalization,PROJECT_UTILITY_PROVIDER,BPA-SIXMILE-CANYON-500KV,project_level_extractions,https://www.wattstreet.net/load-ledger/,0.97,OBSERVED,
REL-1016,ENT-sixmile-canyon-500kv-substation,ENT-secondary-normalization-of-public-bpa-load-queue-data,PROJECT_SOURCE_AUTHORITY,BPA-SIXMILE-CANYON-500KV,project_level_extractions,https://www.wattstreet.net/load-ledger/,0.99,OBSERVED,"Publisher/source authority metadata, not ownership."
REL-1017,ENT-vines-rest-1000-mw,ENT-bonneville-power-administration-watt-street-secondary-normalization,PROJECT_UTILITY_PROVIDER,BPA-VINES-REST,project_level_extractions,https://substationscout.com/large-load-registry/,0.97,OBSERVED,
REL-1018,ENT-vines-rest-1000-mw,ENT-secondary-reproduction-of-bpa-public-load-queue,PROJECT_SOURCE_AUTHORITY,BPA-VINES-REST,project_level_extractions,https://substationscout.com/large-load-registry/,0.99,OBSERVED,"Publisher/source authority metadata, not ownership."
REL-1019,ENT-energizer-ii,ENT-bonneville-power-administration-watt-street-secondary-normalization,PROJECT_UTILITY_PROVIDER,BPA-ENERGIZER-II,project_level_extractions,https://substationscout.com/large-load-registry/,0.97,OBSERVED,
REL-1020,ENT-energizer-ii,ENT-secondary-reproduction-of-bpa-public-load-queue,PROJECT_SOURCE_AUTHORITY,BPA-ENERGIZER-II,project_level_extractions,https://substationscout.com/large-load-registry/,0.99,OBSERVED,"Publisher/source authority metadata, not ownership."
REL-1021,ENT-dallesport-server-farm,ENT-bonneville-power-administration-watt-street-secondary-normalization,PROJECT_UTILITY_PROVIDER,BPA-DALLESPORT-SERVER-FARM,project_level_extractions,https://substationscout.com/large-load-registry/,0.97,OBSERVED,
REL-1022,ENT-dallesport-server-farm,ENT-secondary-reproduction-of-bpa-public-load-queue,PROJECT_SOURCE_AUTHORITY,BPA-DALLESPORT-SERVER-FARM,project_level_extractions,https://substationscout.com/large-load-registry/,0.99,OBSERVED,"Publisher/source authority metadata, not ownership."
REL-1023,ENT-two-rivers-230-kv,ENT-bonneville-power-administration-watt-street-secondary-normalization,PROJECT_UTILITY_PROVIDER,BPA-TWO-RIVERS-230KV,project_level_extractions,https://substationscout.com/large-load-registry/,0.97,OBSERVED,
REL-1024,ENT-two-rivers-230-kv,ENT-secondary-reproduction-of-bpa-public-load-queue,PROJECT_SOURCE_AUTHORITY,BPA-TWO-RIVERS-230KV,project_level_extractions,https://substationscout.com/large-load-registry/,0.99,OBSERVED,"Publisher/source authority metadata, not ownership."
REL-1025,ENT-marion-chemawa,ENT-bonneville-power-administration-watt-street-secondary-normalization,PROJECT_UTILITY_PROVIDER,BPA-MARION-CHEMAWA,project_level_extractions,https://www.wattstreet.net/load-ledger/,0.97,OBSERVED,
REL-1026,ENT-marion-chemawa,ENT-secondary-normalization-of-public-bpa-load-queue-data,PROJECT_SOURCE_AUTHORITY,BPA-MARION-CHEMAWA,project_level_extractions,https://www.wattstreet.net/load-ledger/,0.99,OBSERVED,"Publisher/source authority metadata, not ownership."
REL-1027,ENT-six-mile-canyon-substation,ENT-bonneville-power-administration-watt-street-secondary-normalization,PROJECT_UTILITY_PROVIDER,BPA-SIX-MILE-CANYON-SUBSTATION,project_level_extractions,https://substationscout.com/large-load-registry/,0.97,OBSERVED,
REL-1028,ENT-six-mile-canyon-substation,ENT-secondary-reproduction-of-bpa-public-load-queue,PROJECT_SOURCE_AUTHORITY,BPA-SIX-MILE-CANYON-SUBSTATION,project_level_extractions,https://substationscout.com/large-load-registry/,0.99,OBSERVED,"Publisher/source authority metadata, not ownership."
REL-1029,ENT-keeler-substation,ENT-bonneville-power-administration-watt-street-secondary-normalization,PROJECT_UTILITY_PROVIDER,BPA-KEELER-SUBSTATION,project_level_extractions,https://substationscout.com/large-load-registry/,0.97,OBSERVED,
REL-1030,ENT-keeler-substation,ENT-secondary-reproduction-of-bpa-public-load-queue,PROJECT_SOURCE_AUTHORITY,BPA-KEELER-SUBSTATION,project_level_extractions,https://substationscout.com/large-load-registry/,0.99,OBSERVED,"Publisher/source authority metadata, not ownership."
REL-1031,ENT-yellow-rosebush,ENT-bonneville-power-administration-watt-street-secondary-normalization,PROJECT_UTILITY_PROVIDER,BPA-YELLOW-ROSEBUSH,project_level_extractions,https://substationscout.com/large-load-registry/,0.97,OBSERVED,
REL-1032,ENT-yellow-rosebush,ENT-secondary-reproduction-of-bpa-public-load-queue,PROJECT_SOURCE_AUTHORITY,BPA-YELLOW-ROSEBUSH,project_level_extractions,https://substationscout.com/large-load-registry/,0.99,OBSERVED,"Publisher/source authority metadata, not ownership."
REL-1033,ENT-stack-ipi-data-center,ENT-bonneville-power-administration-watt-street-secondary-normalization,PROJECT_UTILITY_PROVIDER,BPA-STACK-IPI-DATA-CENTER,project_level_extractions,https://substationscout.com/large-load-registry/,0.97,OBSERVED,
REL-1034,ENT-stack-ipi-data-center,ENT-secondary-reproduction-of-bpa-public-load-queue,PROJECT_SOURCE_AUTHORITY,BPA-STACK-IPI-DATA-CENTER,project_level_extractions,https://substationscout.com/large-load-registry/,0.99,OBSERVED,"Publisher/source authority metadata, not ownership."
REL-1035,ENT-plymouth-950-mw,ENT-bonneville-power-administration-watt-street-secondary-normalization,PROJECT_UTILITY_PROVIDER,BPA-PLYMOUTH-950MW,project_level_extractions,https://substationscout.com/large-load-registry/,0.97,OBSERVED,
REL-1036,ENT-plymouth-950-mw,ENT-secondary-reproduction-of-bpa-public-load-queue,PROJECT_SOURCE_AUTHORITY,BPA-PLYMOUTH-950MW,project_level_extractions,https://substationscout.com/large-load-registry/,0.99,OBSERVED,"Publisher/source authority metadata, not ownership."
REL-1037,ENT-west-richland-data-center-campus,ENT-bonneville-power-administration-watt-street-secondary-normalization,PROJECT_UTILITY_PROVIDER,BPA-WEST-RICHLAND-DATA-CENTER,project_level_extractions,https://substationscout.com/large-load-registry/,0.97,OBSERVED,
REL-1038,ENT-west-richland-data-center-campus,ENT-secondary-reproduction-of-bpa-public-load-queue,PROJECT_SOURCE_AUTHORITY,BPA-WEST-RICHLAND-DATA-CENTER,project_level_extractions,https://substationscout.com/large-load-registry/,0.99,OBSERVED,"Publisher/source authority metadata, not ownership."
REL-1039,ENT-plymouth-data-center-campus,ENT-bonneville-power-administration-watt-street-secondary-normalization,PROJECT_UTILITY_PROVIDER,BPA-PLYMOUTH-DATA-CENTER-CAMPUS,project_level_extractions,https://www.wattstreet.net/load-ledger/,0.97,OBSERVED,
REL-1040,ENT-plymouth-data-center-campus,ENT-secondary-normalization-of-public-bpa-load-queue-data,PROJECT_SOURCE_AUTHORITY,BPA-PLYMOUTH-DATA-CENTER-CAMPUS,project_level_extractions,https://www.wattstreet.net/load-ledger/,0.99,OBSERVED,"Publisher/source authority metadata, not ownership."
REL-1041,ENT-wind-river-plymouth-230-kv,ENT-bonneville-power-administration-watt-street-secondary-normalization,PROJECT_UTILITY_PROVIDER,BPA-WIND-RIVER-PLYMOUTH,project_level_extractions,https://substationscout.com/large-load-registry/,0.97,OBSERVED,
REL-1042,ENT-wind-river-plymouth-230-kv,ENT-secondary-reproduction-of-bpa-public-load-queue,PROJECT_SOURCE_AUTHORITY,BPA-WIND-RIVER-PLYMOUTH,project_level_extractions,https://substationscout.com/large-load-registry/,0.99,OBSERVED,"Publisher/source authority metadata, not ownership."
REL-1043,ENT-longhorn-230-kv-substation,ENT-bonneville-power-administration-watt-street-secondary-normalization,PROJECT_UTILITY_PROVIDER,BPA-LONGHORN-230KV-SUBSTATION,project_level_extractions,https://substationscout.com/large-load-registry/,0.97,OBSERVED,
REL-1044,ENT-longhorn-230-kv-substation,ENT-secondary-reproduction-of-bpa-public-load-queue,PROJECT_SOURCE_AUTHORITY,BPA-LONGHORN-230KV-SUBSTATION,project_level_extractions,https://substationscout.com/large-load-registry/,0.99,OBSERVED,"Publisher/source authority metadata, not ownership."
REL-1045,ENT-woodburn-700-mw,ENT-bonneville-power-administration-watt-street-secondary-normalization,PROJECT_UTILITY_PROVIDER,BPA-WOODBURN-700MW,project_level_extractions,https://substationscout.com/large-load-registry/,0.97,OBSERVED,
REL-1046,ENT-woodburn-700-mw,ENT-secondary-reproduction-of-bpa-public-load-queue,PROJECT_SOURCE_AUTHORITY,BPA-WOODBURN-700MW,project_level_extractions,https://substationscout.com/large-load-registry/,0.99,OBSERVED,"Publisher/source authority metadata, not ownership."
REL-1047,ENT-pars-clatskanie,ENT-bonneville-power-administration-watt-street-secondary-normalization,PROJECT_UTILITY_PROVIDER,BPA-PARS-CLATSKANIE,project_level_extractions,https://substationscout.com/large-load-registry/,0.97,OBSERVED,
REL-1048,ENT-pars-clatskanie,ENT-secondary-reproduction-of-bpa-public-load-queue,PROJECT_SOURCE_AUTHORITY,BPA-PARS-CLATSKANIE,project_level_extractions,https://substationscout.com/large-load-registry/,0.99,OBSERVED,"Publisher/source authority metadata, not ownership."
REL-1049,ENT-roza,ENT-bonneville-power-administration-watt-street-secondary-normalization,PROJECT_UTILITY_PROVIDER,BPA-ROZA,project_level_extractions,https://www.wattstreet.net/load-ledger/,0.97,OBSERVED,
REL-1050,ENT-roza,ENT-secondary-normalization-of-public-bpa-load-queue-data,PROJECT_SOURCE_AUTHORITY,BPA-ROZA,project_level_extractions,https://www.wattstreet.net/load-ledger/,0.99,OBSERVED,"Publisher/source authority metadata, not ownership."
REL-1051,ENT-dpud-data-center,ENT-bonneville-power-administration-watt-street-secondary-normalization,PROJECT_UTILITY_PROVIDER,BPA-DPUD-DATA-CENTER,project_level_extractions,https://www.wattstreet.net/load-ledger/,0.97,OBSERVED,
REL-1052,ENT-dpud-data-center,ENT-secondary-normalization-of-public-bpa-load-queue-data,PROJECT_SOURCE_AUTHORITY,BPA-DPUD-DATA-CENTER,project_level_extractions,https://www.wattstreet.net/load-ledger/,0.99,OBSERVED,"Publisher/source authority metadata, not ownership."
REL-1053,ENT-steelhead-230-kv,ENT-bonneville-power-administration,PROJECT_UTILITY_PROVIDER,BPA-LARGE-L0661,project_level_extractions,https://substationscout.com/large-load-registry/,0.97,OBSERVED,
REL-1054,ENT-steelhead-230-kv,ENT-secondary-reproduction-of-bpa-public-load-queue,PROJECT_SOURCE_AUTHORITY,BPA-LARGE-L0661,project_level_extractions,https://substationscout.com/large-load-registry/,0.99,OBSERVED,"Publisher/source authority metadata, not ownership."
REL-1055,ENT-juan-de-fuca-hvdc-port-angeles,ENT-bonneville-power-administration,PROJECT_UTILITY_PROVIDER,BPA-LARGE-L0201,project_level_extractions,https://substationscout.com/large-load-registry/,0.97,OBSERVED,
REL-1056,ENT-juan-de-fuca-hvdc-port-angeles,ENT-secondary-reproduction-of-bpa-public-load-queue,PROJECT_SOURCE_AUTHORITY,BPA-LARGE-L0201,project_level_extractions,https://substationscout.com/large-load-registry/,0.99,OBSERVED,"Publisher/source authority metadata, not ownership."
REL-1057,ENT-juan-de-fuca-hvdc-fairmount,ENT-bonneville-power-administration,PROJECT_UTILITY_PROVIDER,BPA-LARGE-L0202,project_level_extractions,https://substationscout.com/large-load-registry/,0.97,OBSERVED,
REL-1058,ENT-juan-de-fuca-hvdc-fairmount,ENT-secondary-reproduction-of-bpa-public-load-queue,PROJECT_SOURCE_AUTHORITY,BPA-LARGE-L0202,project_level_extractions,https://substationscout.com/large-load-registry/,0.99,OBSERVED,"Publisher/source authority metadata, not ownership."
REL-1059,ENT-morrow-flat-longhorn,ENT-bonneville-power-administration,PROJECT_UTILITY_PROVIDER,BPA-LARGE-L0482,project_level_extractions,https://substationscout.com/large-load-registry/,0.97,OBSERVED,
REL-1060,ENT-morrow-flat-longhorn,ENT-secondary-reproduction-of-bpa-public-load-queue,PROJECT_SOURCE_AUTHORITY,BPA-LARGE-L0482,project_level_extractions,https://substationscout.com/large-load-registry/,0.99,OBSERVED,"Publisher/source authority metadata, not ownership."
REL-1061,ENT-starbuck-500-mw,ENT-bonneville-power-administration,PROJECT_UTILITY_PROVIDER,BPA-LARGE-L0674,project_level_extractions,https://substationscout.com/large-load-registry/,0.97,OBSERVED,
REL-1062,ENT-starbuck-500-mw,ENT-secondary-reproduction-of-bpa-public-load-queue,PROJECT_SOURCE_AUTHORITY,BPA-LARGE-L0674,project_level_extractions,https://substationscout.com/large-load-registry/,0.99,OBSERVED,"Publisher/source authority metadata, not ownership."
REL-1063,ENT-project-pivot-and-specialized,ENT-bonneville-power-administration,PROJECT_UTILITY_PROVIDER,BPA-LARGE-L0499,project_level_extractions,https://substationscout.com/large-load-registry/,0.97,OBSERVED,
REL-1064,ENT-project-pivot-and-specialized,ENT-secondary-reproduction-of-bpa-public-load-queue,PROJECT_SOURCE_AUTHORITY,BPA-LARGE-L0499,project_level_extractions,https://substationscout.com/large-load-registry/,0.99,OBSERVED,"Publisher/source authority metadata, not ownership."
REL-1065,ENT-industrial-load,ENT-bonneville-power-administration,PROJECT_UTILITY_PROVIDER,BPA-LARGE-L0389,project_level_extractions,https://substationscout.com/large-load-registry/,0.97,OBSERVED,
REL-1066,ENT-industrial-load,ENT-secondary-reproduction-of-bpa-public-load-queue,PROJECT_SOURCE_AUTHORITY,BPA-LARGE-L0389,project_level_extractions,https://substationscout.com/large-load-registry/,0.99,OBSERVED,"Publisher/source authority metadata, not ownership."
REL-1067,ENT-mcnary-230kv,ENT-bonneville-power-administration,PROJECT_UTILITY_PROVIDER,BPA-LARGE-L0481,project_level_extractions,https://substationscout.com/large-load-registry/,0.97,OBSERVED,
REL-1068,ENT-mcnary-230kv,ENT-secondary-reproduction-of-bpa-public-load-queue,PROJECT_SOURCE_AUTHORITY,BPA-LARGE-L0481,project_level_extractions,https://substationscout.com/large-load-registry/,0.99,OBSERVED,"Publisher/source authority metadata, not ownership."
REL-1069,ENT-boundary-substation,ENT-bonneville-power-administration,PROJECT_UTILITY_PROVIDER,BPA-LARGE-L0417,project_level_extractions,https://substationscout.com/large-load-registry/,0.97,OBSERVED,
REL-1070,ENT-boundary-substation,ENT-secondary-reproduction-of-bpa-public-load-queue,PROJECT_SOURCE_AUTHORITY,BPA-LARGE-L0417,project_level_extractions,https://substationscout.com/large-load-registry/,0.99,OBSERVED,"Publisher/source authority metadata, not ownership."
REL-1071,ENT-atlas-agro,ENT-bonneville-power-administration,PROJECT_UTILITY_PROVIDER,BPA-LARGE-L0534,project_level_extractions,https://substationscout.com/large-load-registry/,0.97,OBSERVED,
REL-1072,ENT-atlas-agro,ENT-secondary-reproduction-of-bpa-public-load-queue,PROJECT_SOURCE_AUTHORITY,BPA-LARGE-L0534,project_level_extractions,https://substationscout.com/large-load-registry/,0.99,OBSERVED,"Publisher/source authority metadata, not ownership."
REL-1073,ENT-network-load-expansion-3,ENT-bonneville-power-administration,PROJECT_UTILITY_PROVIDER,BPA-LARGE-L0380,project_level_extractions,https://substationscout.com/large-load-registry/,0.97,OBSERVED,
REL-1074,ENT-network-load-expansion-3,ENT-secondary-reproduction-of-bpa-public-load-queue,PROJECT_SOURCE_AUTHORITY,BPA-LARGE-L0380,project_level_extractions,https://substationscout.com/large-load-registry/,0.99,OBSERVED,"Publisher/source authority metadata, not ownership."
REL-1075,ENT-network-load-expansion-4-quenett-creek-substation,ENT-bonneville-power-administration,PROJECT_UTILITY_PROVIDER,BPA-LARGE-L0433,project_level_extractions,https://substationscout.com/large-load-registry/,0.97,OBSERVED,
REL-1076,ENT-network-load-expansion-4-quenett-creek-substation,ENT-secondary-reproduction-of-bpa-public-load-queue,PROJECT_SOURCE_AUTHORITY,BPA-LARGE-L0433,project_level_extractions,https://substationscout.com/large-load-registry/,0.99,OBSERVED,"Publisher/source authority metadata, not ownership."
REL-1077,ENT-bonanza,ENT-bonneville-power-administration,PROJECT_UTILITY_PROVIDER,BPA-LARGE-L0543,project_level_extractions,https://substationscout.com/large-load-registry/,0.97,OBSERVED,
REL-1078,ENT-bonanza,ENT-secondary-reproduction-of-bpa-public-load-queue,PROJECT_SOURCE_AUTHORITY,BPA-LARGE-L0543,project_level_extractions,https://substationscout.com/large-load-registry/,0.99,OBSERVED,"Publisher/source authority metadata, not ownership."
REL-1079,ENT-stearns-lane,ENT-bonneville-power-administration,PROJECT_UTILITY_PROVIDER,BPA-LARGE-L0558,project_level_extractions,https://substationscout.com/large-load-registry/,0.97,OBSERVED,
REL-1080,ENT-stearns-lane,ENT-secondary-reproduction-of-bpa-public-load-queue,PROJECT_SOURCE_AUTHORITY,BPA-LARGE-L0558,project_level_extractions,https://substationscout.com/large-load-registry/,0.99,OBSERVED,"Publisher/source authority metadata, not ownership."
REL-1081,ENT-ponderary-renewable-fiber-and-blockchain-project,ENT-bonneville-power-administration,PROJECT_UTILITY_PROVIDER,BPA-LARGE-L0494,project_level_extractions,https://substationscout.com/large-load-registry/,0.97,OBSERVED,
REL-1082,ENT-ponderary-renewable-fiber-and-blockchain-project,ENT-secondary-reproduction-of-bpa-public-load-queue,PROJECT_SOURCE_AUTHORITY,BPA-LARGE-L0494,project_level_extractions,https://substationscout.com/large-load-registry/,0.99,OBSERVED,"Publisher/source authority metadata, not ownership."
REL-1083,ENT-getchell-substation,ENT-bonneville-power-administration,PROJECT_UTILITY_PROVIDER,BPA-LARGE-L0603,project_level_extractions,https://substationscout.com/large-load-registry/,0.97,OBSERVED,
REL-1084,ENT-getchell-substation,ENT-secondary-reproduction-of-bpa-public-load-queue,PROJECT_SOURCE_AUTHORITY,BPA-LARGE-L0603,project_level_extractions,https://substationscout.com/large-load-registry/,0.99,OBSERVED,"Publisher/source authority metadata, not ownership."
REL-1085,ENT-data-storage-facility,ENT-bonneville-power-administration,PROJECT_UTILITY_PROVIDER,BPA-LARGE-L0630,project_level_extractions,https://substationscout.com/large-load-registry/,0.97,OBSERVED,
REL-1086,ENT-data-storage-facility,ENT-secondary-reproduction-of-bpa-public-load-queue,PROJECT_SOURCE_AUTHORITY,BPA-LARGE-L0630,project_level_extractions,https://substationscout.com/large-load-registry/,0.99,OBSERVED,"Publisher/source authority metadata, not ownership."
REL-1087,ENT-atlas-agro-data-server-facility,ENT-bonneville-power-administration,PROJECT_UTILITY_PROVIDER,BPA-LARGE-L0647,project_level_extractions,https://substationscout.com/large-load-registry/,0.97,OBSERVED,
REL-1088,ENT-atlas-agro-data-server-facility,ENT-secondary-reproduction-of-bpa-public-load-queue,PROJECT_SOURCE_AUTHORITY,BPA-LARGE-L0647,project_level_extractions,https://substationscout.com/large-load-registry/,0.99,OBSERVED,"Publisher/source authority metadata, not ownership."
REL-1089,ENT-atlas-agro-data-server-facility-phase-2,ENT-bonneville-power-administration,PROJECT_UTILITY_PROVIDER,BPA-LARGE-L0657,project_level_extractions,https://substationscout.com/large-load-registry/,0.97,OBSERVED,
REL-1090,ENT-atlas-agro-data-server-facility-phase-2,ENT-secondary-reproduction-of-bpa-public-load-queue,PROJECT_SOURCE_AUTHORITY,BPA-LARGE-L0657,project_level_extractions,https://substationscout.com/large-load-registry/,0.99,OBSERVED,"Publisher/source authority metadata, not ownership."
REL-1091,ENT-300-mw-data-center-load-served-from-grizzly,ENT-bonneville-power-administration,PROJECT_UTILITY_PROVIDER,BPA-LARGE-L0650,project_level_extractions,https://substationscout.com/large-load-registry/,0.97,OBSERVED,
REL-1092,ENT-300-mw-data-center-load-served-from-grizzly,ENT-secondary-reproduction-of-bpa-public-load-queue,PROJECT_SOURCE_AUTHORITY,BPA-LARGE-L0650,project_level_extractions,https://substationscout.com/large-load-registry/,0.99,OBSERVED,"Publisher/source authority metadata, not ownership."
REL-1093,ENT-pars-mw-and-l,ENT-bonneville-power-administration,PROJECT_UTILITY_PROVIDER,BPA-LARGE-L0700,project_level_extractions,https://substationscout.com/large-load-registry/,0.97,OBSERVED,
REL-1094,ENT-pars-mw-and-l,ENT-secondary-reproduction-of-bpa-public-load-queue,PROJECT_SOURCE_AUTHORITY,BPA-LARGE-L0700,project_level_extractions,https://substationscout.com/large-load-registry/,0.99,OBSERVED,"Publisher/source authority metadata, not ownership."
REL-1095,ENT-pw1-and-pw2,ENT-bonneville-power-administration,PROJECT_UTILITY_PROVIDER,BPA-LARGE-L0610,project_level_extractions,https://substationscout.com/large-load-registry/,0.97,OBSERVED,
REL-1096,ENT-pw1-and-pw2,ENT-secondary-reproduction-of-bpa-public-load-queue,PROJECT_SOURCE_AUTHORITY,BPA-LARGE-L0610,project_level_extractions,https://substationscout.com/large-load-registry/,0.99,OBSERVED,"Publisher/source authority metadata, not ownership."
REL-1097,ENT-atp-tes-data-server,ENT-bonneville-power-administration,PROJECT_UTILITY_PROVIDER,BPA-LARGE-L0668,project_level_extractions,https://substationscout.com/large-load-registry/,0.97,OBSERVED,
REL-1098,ENT-atp-tes-data-server,ENT-secondary-reproduction-of-bpa-public-load-queue,PROJECT_SOURCE_AUTHORITY,BPA-LARGE-L0668,project_level_extractions,https://substationscout.com/large-load-registry/,0.99,OBSERVED,"Publisher/source authority metadata, not ownership."
REL-1099,ENT-tc-kerr-data-center,ENT-bonneville-power-administration,PROJECT_UTILITY_PROVIDER,BPA-LARGE-L0677,project_level_extractions,https://substationscout.com/large-load-registry/,0.97,OBSERVED,
REL-1100,ENT-tc-kerr-data-center,ENT-secondary-reproduction-of-bpa-public-load-queue,PROJECT_SOURCE_AUTHORITY,BPA-LARGE-L0677,project_level_extractions,https://substationscout.com/large-load-registry/,0.99,OBSERVED,"Publisher/source authority metadata, not ownership."
REL-1101,ENT-230-kv-feed-from-longview-substation-to-alcoa,ENT-bonneville-power-administration,PROJECT_UTILITY_PROVIDER,BPA-LARGE-L0693,project_level_extractions,https://substationscout.com/large-load-registry/,0.97,OBSERVED,
REL-1102,ENT-230-kv-feed-from-longview-substation-to-alcoa,ENT-secondary-reproduction-of-bpa-public-load-queue,PROJECT_SOURCE_AUTHORITY,BPA-LARGE-L0693,project_level_extractions,https://substationscout.com/large-load-registry/,0.99,OBSERVED,"Publisher/source authority metadata, not ownership."
REL-1103,ENT-nema-data-center-celt-2026-forecast,ENT-iso-new-england,PROJECT_UTILITY_PROVIDER,ISO-NE-NEMA-DATACENTER-200MW-2026,project_level_extractions,https://www.iso-ne.com/static-assets/documents/100033/fx2026_large_loads.pdf,0.97,OBSERVED,
REL-1104,ENT-nema-data-center-celt-2026-forecast,ENT-iso-new-england-primary-forecast,PROJECT_SOURCE_AUTHORITY,ISO-NE-NEMA-DATACENTER-200MW-2026,project_level_extractions,https://www.iso-ne.com/static-assets/documents/100033/fx2026_large_loads.pdf,0.99,OBSERVED,"Publisher/source authority metadata, not ownership."
REL-1105,ENT-ct-general-electrification-celt-2026-forecast,ENT-iso-new-england,PROJECT_UTILITY_PROVIDER,ISO-NE-CT-ELECTRIFICATION-85MW-2026,project_level_extractions,https://www.iso-ne.com/static-assets/documents/100033/fx2026_large_loads.pdf,0.97,OBSERVED,
REL-1106,ENT-ct-general-electrification-celt-2026-forecast,ENT-iso-new-england-primary-forecast,PROJECT_SOURCE_AUTHORITY,ISO-NE-CT-ELECTRIFICATION-85MW-2026,project_level_extractions,https://www.iso-ne.com/static-assets/documents/100033/fx2026_large_loads.pdf,0.99,OBSERVED,"Publisher/source authority metadata, not ownership."
REL-1107,ENT-comed-data-center-forecast-elk-grove-row-01,ENT-comed-illinois-commerce-commission,PROJECT_UTILITY_PROVIDER,COMED-NEWPROJECT-P11-R01,project_level_extractions,https://icc.illinois.gov/docket/P2022-0486/documents/353641/files/619153.pdf,0.97,OBSERVED,
REL-1108,ENT-comed-data-center-forecast-elk-grove-row-01,ENT-utility-regulatory-filing,PROJECT_SOURCE_AUTHORITY,COMED-NEWPROJECT-P11-R01,project_level_extractions,https://icc.illinois.gov/docket/P2022-0486/documents/353641/files/619153.pdf,0.99,OBSERVED,"Publisher/source authority metadata, not ownership."
REL-1109,ENT-comed-data-center-forecast-hoffman-estates-row-02,ENT-comed-illinois-commerce-commission,PROJECT_UTILITY_PROVIDER,COMED-NEWPROJECT-P11-R02,project_level_extractions,https://icc.illinois.gov/docket/P2022-0486/documents/353641/files/619153.pdf,0.97,OBSERVED,
REL-1110,ENT-comed-data-center-forecast-hoffman-estates-row-02,ENT-utility-regulatory-filing,PROJECT_SOURCE_AUTHORITY,COMED-NEWPROJECT-P11-R02,project_level_extractions,https://icc.illinois.gov/docket/P2022-0486/documents/353641/files/619153.pdf,0.99,OBSERVED,"Publisher/source authority metadata, not ownership."
REL-1111,ENT-comed-data-center-forecast-mt-prospect-row-03,ENT-comed-illinois-commerce-commission,PROJECT_UTILITY_PROVIDER,COMED-NEWPROJECT-P11-R03,project_level_extractions,https://icc.illinois.gov/docket/P2022-0486/documents/353641/files/619153.pdf,0.97,OBSERVED,
REL-1112,ENT-comed-data-center-forecast-mt-prospect-row-03,ENT-utility-regulatory-filing,PROJECT_SOURCE_AUTHORITY,COMED-NEWPROJECT-P11-R03,project_level_extractions,https://icc.illinois.gov/docket/P2022-0486/documents/353641/files/619153.pdf,0.99,OBSERVED,"Publisher/source authority metadata, not ownership."
REL-1113,ENT-comed-data-center-forecast-chicago-row-04,ENT-comed-illinois-commerce-commission,PROJECT_UTILITY_PROVIDER,COMED-NEWPROJECT-P11-R04,project_level_extractions,https://icc.illinois.gov/docket/P2022-0486/documents/353641/files/619153.pdf,0.97,OBSERVED,
REL-1114,ENT-comed-data-center-forecast-chicago-row-04,ENT-utility-regulatory-filing,PROJECT_SOURCE_AUTHORITY,COMED-NEWPROJECT-P11-R04,project_level_extractions,https://icc.illinois.gov/docket/P2022-0486/documents/353641/files/619153.pdf,0.99,OBSERVED,"Publisher/source authority metadata, not ownership."
REL-1115,ENT-comed-data-center-forecast-des-plaines-row-05,ENT-comed-illinois-commerce-commission,PROJECT_UTILITY_PROVIDER,COMED-NEWPROJECT-P11-R05,project_level_extractions,https://icc.illinois.gov/docket/P2022-0486/documents/353641/files/619153.pdf,0.97,OBSERVED,
REL-1116,ENT-comed-data-center-forecast-des-plaines-row-05,ENT-utility-regulatory-filing,PROJECT_SOURCE_AUTHORITY,COMED-NEWPROJECT-P11-R05,project_level_extractions,https://icc.illinois.gov/docket/P2022-0486/documents/353641/files/619153.pdf,0.99,OBSERVED,"Publisher/source authority metadata, not ownership."
REL-1117,ENT-comed-data-center-forecast-itasca-row-06,ENT-comed-illinois-commerce-commission,PROJECT_UTILITY_PROVIDER,COMED-NEWPROJECT-P11-R06,project_level_extractions,https://icc.illinois.gov/docket/P2022-0486/documents/353641/files/619153.pdf,0.97,OBSERVED,
REL-1118,ENT-comed-data-center-forecast-itasca-row-06,ENT-utility-regulatory-filing,PROJECT_SOURCE_AUTHORITY,COMED-NEWPROJECT-P11-R06,project_level_extractions,https://icc.illinois.gov/docket/P2022-0486/documents/353641/files/619153.pdf,0.99,OBSERVED,"Publisher/source authority metadata, not ownership."
REL-1119,ENT-comed-data-center-forecast-aurora-row-07,ENT-comed-illinois-commerce-commission,PROJECT_UTILITY_PROVIDER,COMED-NEWPROJECT-P11-R07,project_level_extractions,https://icc.illinois.gov/docket/P2022-0486/documents/353641/files/619153.pdf,0.97,OBSERVED,
REL-1120,ENT-comed-data-center-forecast-aurora-row-07,ENT-utility-regulatory-filing,PROJECT_SOURCE_AUTHORITY,COMED-NEWPROJECT-P11-R07,project_level_extractions,https://icc.illinois.gov/docket/P2022-0486/documents/353641/files/619153.pdf,0.99,OBSERVED,"Publisher/source authority metadata, not ownership."
REL-1121,ENT-comed-data-center-forecast-chicago-row-08,ENT-comed-illinois-commerce-commission,PROJECT_UTILITY_PROVIDER,COMED-NEWPROJECT-P11-R08,project_level_extractions,https://icc.illinois.gov/docket/P2022-0486/documents/353641/files/619153.pdf,0.97,OBSERVED,
REL-1122,ENT-comed-data-center-forecast-chicago-row-08,ENT-utility-regulatory-filing,PROJECT_SOURCE_AUTHORITY,COMED-NEWPROJECT-P11-R08,project_level_extractions,https://icc.illinois.gov/docket/P2022-0486/documents/353641/files/619153.pdf,0.99,OBSERVED,"Publisher/source authority metadata, not ownership."
REL-1123,ENT-comed-data-center-forecast-chicago-row-09,ENT-comed-illinois-commerce-commission,PROJECT_UTILITY_PROVIDER,COMED-NEWPROJECT-P11-R09,project_level_extractions,https://icc.illinois.gov/docket/P2022-0486/documents/353641/files/619153.pdf,0.97,OBSERVED,
REL-1124,ENT-comed-data-center-forecast-chicago-row-09,ENT-utility-regulatory-filing,PROJECT_SOURCE_AUTHORITY,COMED-NEWPROJECT-P11-R09,project_level_extractions,https://icc.illinois.gov/docket/P2022-0486/documents/353641/files/619153.pdf,0.99,OBSERVED,"Publisher/source authority metadata, not ownership."
REL-1125,ENT-comed-data-center-forecast-elk-grove-row-10,ENT-comed-illinois-commerce-commission,PROJECT_UTILITY_PROVIDER,COMED-NEWPROJECT-P11-R10,project_level_extractions,https://icc.illinois.gov/docket/P2022-0486/documents/353641/files/619153.pdf,0.97,OBSERVED,
REL-1126,ENT-comed-data-center-forecast-elk-grove-row-10,ENT-utility-regulatory-filing,PROJECT_SOURCE_AUTHORITY,COMED-NEWPROJECT-P11-R10,project_level_extractions,https://icc.illinois.gov/docket/P2022-0486/documents/353641/files/619153.pdf,0.99,OBSERVED,"Publisher/source authority metadata, not ownership."
REL-1127,ENT-comed-data-center-forecast-northlake-row-11,ENT-comed-illinois-commerce-commission,PROJECT_UTILITY_PROVIDER,COMED-NEWPROJECT-P11-R11,project_level_extractions,https://icc.illinois.gov/docket/P2022-0486/documents/353641/files/619153.pdf,0.97,OBSERVED,
REL-1128,ENT-comed-data-center-forecast-northlake-row-11,ENT-utility-regulatory-filing,PROJECT_SOURCE_AUTHORITY,COMED-NEWPROJECT-P11-R11,project_level_extractions,https://icc.illinois.gov/docket/P2022-0486/documents/353641/files/619153.pdf,0.99,OBSERVED,"Publisher/source authority metadata, not ownership."
REL-1129,ENT-comed-data-center-forecast-elk-grove-row-12,ENT-comed-illinois-commerce-commission,PROJECT_UTILITY_PROVIDER,COMED-NEWPROJECT-P11-R12,project_level_extractions,https://icc.illinois.gov/docket/P2022-0486/documents/353641/files/619153.pdf,0.97,OBSERVED,
REL-1130,ENT-comed-data-center-forecast-elk-grove-row-12,ENT-utility-regulatory-filing,PROJECT_SOURCE_AUTHORITY,COMED-NEWPROJECT-P11-R12,project_level_extractions,https://icc.illinois.gov/docket/P2022-0486/documents/353641/files/619153.pdf,0.99,OBSERVED,"Publisher/source authority metadata, not ownership."
REL-1131,ENT-comed-data-center-forecast-elk-grove-row-13,ENT-comed-illinois-commerce-commission,PROJECT_UTILITY_PROVIDER,COMED-NEWPROJECT-P11-R13,project_level_extractions,https://icc.illinois.gov/docket/P2022-0486/documents/353641/files/619153.pdf,0.97,OBSERVED,
REL-1132,ENT-comed-data-center-forecast-elk-grove-row-13,ENT-utility-regulatory-filing,PROJECT_SOURCE_AUTHORITY,COMED-NEWPROJECT-P11-R13,project_level_extractions,https://icc.illinois.gov/docket/P2022-0486/documents/353641/files/619153.pdf,0.99,OBSERVED,"Publisher/source authority metadata, not ownership."
REL-1133,ENT-comed-data-center-forecast-hoffman-estates-row-14,ENT-comed-illinois-commerce-commission,PROJECT_UTILITY_PROVIDER,COMED-NEWPROJECT-P11-R14,project_level_extractions,https://icc.illinois.gov/docket/P2022-0486/documents/353641/files/619153.pdf,0.97,OBSERVED,
REL-1134,ENT-comed-data-center-forecast-hoffman-estates-row-14,ENT-utility-regulatory-filing,PROJECT_SOURCE_AUTHORITY,COMED-NEWPROJECT-P11-R14,project_level_extractions,https://icc.illinois.gov/docket/P2022-0486/documents/353641/files/619153.pdf,0.99,OBSERVED,"Publisher/source authority metadata, not ownership."
REL-1135,ENT-comed-data-center-forecast-wood-dale-row-15,ENT-comed-illinois-commerce-commission,PROJECT_UTILITY_PROVIDER,COMED-NEWPROJECT-P11-R15,project_level_extractions,https://icc.illinois.gov/docket/P2022-0486/documents/353641/files/619153.pdf,0.97,OBSERVED,
REL-1136,ENT-comed-data-center-forecast-wood-dale-row-15,ENT-utility-regulatory-filing,PROJECT_SOURCE_AUTHORITY,COMED-NEWPROJECT-P11-R15,project_level_extractions,https://icc.illinois.gov/docket/P2022-0486/documents/353641/files/619153.pdf,0.99,OBSERVED,"Publisher/source authority metadata, not ownership."
REL-1137,ENT-comed-data-center-forecast-dekalb-row-16,ENT-comed-illinois-commerce-commission,PROJECT_UTILITY_PROVIDER,COMED-NEWPROJECT-P11-R16,project_level_extractions,https://icc.illinois.gov/docket/P2022-0486/documents/353641/files/619153.pdf,0.97,OBSERVED,
REL-1138,ENT-comed-data-center-forecast-dekalb-row-16,ENT-utility-regulatory-filing,PROJECT_SOURCE_AUTHORITY,COMED-NEWPROJECT-P11-R16,project_level_extractions,https://icc.illinois.gov/docket/P2022-0486/documents/353641/files/619153.pdf,0.99,OBSERVED,"Publisher/source authority metadata, not ownership."
REL-1139,ENT-comed-data-center-forecast-montgomery-row-17,ENT-comed-illinois-commerce-commission,PROJECT_UTILITY_PROVIDER,COMED-NEWPROJECT-P11-R17,project_level_extractions,https://icc.illinois.gov/docket/P2022-0486/documents/353641/files/619153.pdf,0.97,OBSERVED,
REL-1140,ENT-comed-data-center-forecast-montgomery-row-17,ENT-utility-regulatory-filing,PROJECT_SOURCE_AUTHORITY,COMED-NEWPROJECT-P11-R17,project_level_extractions,https://icc.illinois.gov/docket/P2022-0486/documents/353641/files/619153.pdf,0.99,OBSERVED,"Publisher/source authority metadata, not ownership."
REL-1141,ENT-comed-data-center-forecast-hoffman-estates-row-18,ENT-comed-illinois-commerce-commission,PROJECT_UTILITY_PROVIDER,COMED-NEWPROJECT-P11-R18,project_level_extractions,https://icc.illinois.gov/docket/P2022-0486/documents/353641/files/619153.pdf,0.97,OBSERVED,
REL-1142,ENT-comed-data-center-forecast-hoffman-estates-row-18,ENT-utility-regulatory-filing,PROJECT_SOURCE_AUTHORITY,COMED-NEWPROJECT-P11-R18,project_level_extractions,https://icc.illinois.gov/docket/P2022-0486/documents/353641/files/619153.pdf,0.99,OBSERVED,"Publisher/source authority metadata, not ownership."
REL-1143,ENT-comed-data-center-forecast-yorkville-row-19,ENT-comed-illinois-commerce-commission,PROJECT_UTILITY_PROVIDER,COMED-NEWPROJECT-P11-R19,project_level_extractions,https://icc.illinois.gov/docket/P2022-0486/documents/353641/files/619153.pdf,0.97,OBSERVED,
REL-1144,ENT-comed-data-center-forecast-yorkville-row-19,ENT-utility-regulatory-filing,PROJECT_SOURCE_AUTHORITY,COMED-NEWPROJECT-P11-R19,project_level_extractions,https://icc.illinois.gov/docket/P2022-0486/documents/353641/files/619153.pdf,0.99,OBSERVED,"Publisher/source authority metadata, not ownership."
REL-1145,ENT-comed-data-center-forecast-lisle-row-20,ENT-comed-illinois-commerce-commission,PROJECT_UTILITY_PROVIDER,COMED-NEWPROJECT-P11-R20,project_level_extractions,https://icc.illinois.gov/docket/P2022-0486/documents/353641/files/619153.pdf,0.97,OBSERVED,
REL-1146,ENT-comed-data-center-forecast-lisle-row-20,ENT-utility-regulatory-filing,PROJECT_SOURCE_AUTHORITY,COMED-NEWPROJECT-P11-R20,project_level_extractions,https://icc.illinois.gov/docket/P2022-0486/documents/353641/files/619153.pdf,0.99,OBSERVED,"Publisher/source authority metadata, not ownership."
REL-1147,ENT-comed-data-center-forecast-elk-grove-row-21,ENT-comed-illinois-commerce-commission,PROJECT_UTILITY_PROVIDER,COMED-NEWPROJECT-P11-R21,project_level_extractions,https://icc.illinois.gov/docket/P2022-0486/documents/353641/files/619153.pdf,0.97,OBSERVED,
REL-1148,ENT-comed-data-center-forecast-elk-grove-row-21,ENT-utility-regulatory-filing,PROJECT_SOURCE_AUTHORITY,COMED-NEWPROJECT-P11-R21,project_level_extractions,https://icc.illinois.gov/docket/P2022-0486/documents/353641/files/619153.pdf,0.99,OBSERVED,"Publisher/source authority metadata, not ownership."
REL-1149,ENT-comed-data-center-forecast-aurora-row-22,ENT-comed-illinois-commerce-commission,PROJECT_UTILITY_PROVIDER,COMED-NEWPROJECT-P11-R22,project_level_extractions,https://icc.illinois.gov/docket/P2022-0486/documents/353641/files/619153.pdf,0.97,OBSERVED,
REL-1150,ENT-comed-data-center-forecast-aurora-row-22,ENT-utility-regulatory-filing,PROJECT_SOURCE_AUTHORITY,COMED-NEWPROJECT-P11-R22,project_level_extractions,https://icc.illinois.gov/docket/P2022-0486/documents/353641/files/619153.pdf,0.99,OBSERVED,"Publisher/source authority metadata, not ownership."
REL-1151,ENT-comed-data-center-forecast-elk-grove-row-23,ENT-comed-illinois-commerce-commission,PROJECT_UTILITY_PROVIDER,COMED-NEWPROJECT-P11-R23,project_level_extractions,https://icc.illinois.gov/docket/P2022-0486/documents/353641/files/619153.pdf,0.97,OBSERVED,
REL-1152,ENT-comed-data-center-forecast-elk-grove-row-23,ENT-utility-regulatory-filing,PROJECT_SOURCE_AUTHORITY,COMED-NEWPROJECT-P11-R23,project_level_extractions,https://icc.illinois.gov/docket/P2022-0486/documents/353641/files/619153.pdf,0.99,OBSERVED,"Publisher/source authority metadata, not ownership."
REL-1153,ENT-comed-data-center-forecast-aurora-row-24,ENT-comed-illinois-commerce-commission,PROJECT_UTILITY_PROVIDER,COMED-NEWPROJECT-P11-R24,project_level_extractions,https://icc.illinois.gov/docket/P2022-0486/documents/353641/files/619153.pdf,0.97,OBSERVED,
REL-1154,ENT-comed-data-center-forecast-aurora-row-24,ENT-utility-regulatory-filing,PROJECT_SOURCE_AUTHORITY,COMED-NEWPROJECT-P11-R24,project_level_extractions,https://icc.illinois.gov/docket/P2022-0486/documents/353641/files/619153.pdf,0.99,OBSERVED,"Publisher/source authority metadata, not ownership."
REL-1155,ENT-comed-data-center-forecast-elk-grove-row-25,ENT-comed-illinois-commerce-commission,PROJECT_UTILITY_PROVIDER,COMED-NEWPROJECT-P11-R25,project_level_extractions,https://icc.illinois.gov/docket/P2022-0486/documents/353641/files/619153.pdf,0.97,OBSERVED,
REL-1156,ENT-comed-data-center-forecast-elk-grove-row-25,ENT-utility-regulatory-filing,PROJECT_SOURCE_AUTHORITY,COMED-NEWPROJECT-P11-R25,project_level_extractions,https://icc.illinois.gov/docket/P2022-0486/documents/353641/files/619153.pdf,0.99,OBSERVED,"Publisher/source authority metadata, not ownership."
REL-1157,ENT-comed-data-center-forecast-carol-stream-row-26,ENT-comed-illinois-commerce-commission,PROJECT_UTILITY_PROVIDER,COMED-NEWPROJECT-P11-R26,project_level_extractions,https://icc.illinois.gov/docket/P2022-0486/documents/353641/files/619153.pdf,0.97,OBSERVED,
REL-1158,ENT-comed-data-center-forecast-carol-stream-row-26,ENT-utility-regulatory-filing,PROJECT_SOURCE_AUTHORITY,COMED-NEWPROJECT-P11-R26,project_level_extractions,https://icc.illinois.gov/docket/P2022-0486/documents/353641/files/619153.pdf,0.99,OBSERVED,"Publisher/source authority metadata, not ownership."
REL-1159,ENT-comed-data-center-forecast-northlake-row-27,ENT-comed-illinois-commerce-commission,PROJECT_UTILITY_PROVIDER,COMED-NEWPROJECT-P11-R27,project_level_extractions,https://icc.illinois.gov/docket/P2022-0486/documents/353641/files/619153.pdf,0.97,OBSERVED,
REL-1160,ENT-comed-data-center-forecast-northlake-row-27,ENT-utility-regulatory-filing,PROJECT_SOURCE_AUTHORITY,COMED-NEWPROJECT-P11-R27,project_level_extractions,https://icc.illinois.gov/docket/P2022-0486/documents/353641/files/619153.pdf,0.99,OBSERVED,"Publisher/source authority metadata, not ownership."
REL-1161,ENT-comed-data-center-forecast-plano-row-28,ENT-comed-illinois-commerce-commission,PROJECT_UTILITY_PROVIDER,COMED-NEWPROJECT-P11-R28,project_level_extractions,https://icc.illinois.gov/docket/P2022-0486/documents/353641/files/619153.pdf,0.97,OBSERVED,
REL-1162,ENT-comed-data-center-forecast-plano-row-28,ENT-utility-regulatory-filing,PROJECT_SOURCE_AUTHORITY,COMED-NEWPROJECT-P11-R28,project_level_extractions,https://icc.illinois.gov/docket/P2022-0486/documents/353641/files/619153.pdf,0.99,OBSERVED,"Publisher/source authority metadata, not ownership."
REL-1163,ENT-cochran-mill-tc-2-data-center-campus-campus-a,ENT-dominion-energy-virginia,PROJECT_UTILITY_PROVIDER,DOMINION-CAMPUS-A-TWIN-CREEKS-2024,project_level_extractions,https://www.dominionenergy.com/-/media/content/about/power-line-projects/nova/pdfs/application-documents/application-volume-1-of-3-2024.pdf,0.97,OBSERVED,
REL-1164,ENT-cochran-mill-tc-2-data-center-campus-campus-a,ENT-dominion-energy-regulatory-filing,PROJECT_SOURCE_AUTHORITY,DOMINION-CAMPUS-A-TWIN-CREEKS-2024,project_level_extractions,https://www.dominionenergy.com/-/media/content/about/power-line-projects/nova/pdfs/application-documents/application-volume-1-of-3-2024.pdf,0.99,OBSERVED,"Publisher/source authority metadata, not ownership."
REL-1165,ENT-belmont-innovation-campus-campus-b,ENT-dominion-energy-virginia,PROJECT_UTILITY_PROVIDER,DOMINION-CAMPUS-B-SYCOLIN-STARLIGHT-2024,project_level_extractions,https://www.dominionenergy.com/-/media/content/about/power-line-projects/nova/pdfs/application-documents/application-volume-1-of-3-2024.pdf,0.97,OBSERVED,
REL-1166,ENT-belmont-innovation-campus-campus-b,ENT-dominion-energy-regulatory-filing,PROJECT_SOURCE_AUTHORITY,DOMINION-CAMPUS-B-SYCOLIN-STARLIGHT-2024,project_level_extractions,https://www.dominionenergy.com/-/media/content/about/power-line-projects/nova/pdfs/application-documents/application-volume-1-of-3-2024.pdf,0.99,OBSERVED,"Publisher/source authority metadata, not ownership."
REL-1167,ENT-spotsytech-campus-tributary-station,ENT-dominion-energy-virginia-rappahannock-electric-cooperative,PROJECT_UTILITY_PROVIDER,DOMINION-SPOTSYTECH-TRIBUTARY-2024,project_level_extractions,https://www.dominionenergy.com/-/media/content/about/power-line-projects/tributary/pdfs/tributary-application-vol-1-part-1-of-4.pdf,0.97,OBSERVED,
REL-1168,ENT-spotsytech-campus-tributary-station,ENT-dominion-energy-regulatory-filing,PROJECT_SOURCE_AUTHORITY,DOMINION-SPOTSYTECH-TRIBUTARY-2024,project_level_extractions,https://www.dominionenergy.com/-/media/content/about/power-line-projects/tributary/pdfs/tributary-application-vol-1-part-1-of-4.pdf,0.99,OBSERVED,"Publisher/source authority metadata, not ownership."
REL-1169,ENT-customer-c-campus-c-lunar-and-apollo-substations,ENT-dominion-energy-virginia,PROJECT_UTILITY_PROVIDER,DOMINION-CAMPUS-C-LUNAR-APOLLO-2024,project_level_extractions,https://www.dominionenergy.com/-/media/content/about/power-line-projects/nova/pdfs/application-documents/application-volume-1-of-3-2024.pdf,0.97,OBSERVED,
REL-1170,ENT-customer-c-campus-c-lunar-and-apollo-substations,ENT-dominion-energy-regulatory-filing,PROJECT_SOURCE_AUTHORITY,DOMINION-CAMPUS-C-LUNAR-APOLLO-2024,project_level_extractions,https://www.dominionenergy.com/-/media/content/about/power-line-projects/nova/pdfs/application-documents/application-volume-1-of-3-2024.pdf,0.99,OBSERVED,"Publisher/source authority metadata, not ownership."
REL-1171,ENT-culpeper-databank-data-center-campus-campus-a,ENT-dominion-energy-virginia,PROJECT_UTILITY_PROVIDER,DOMINION-CULPEPER-DATABANK-CAMPUS-2024,project_level_extractions,https://www.dominionenergy.com/-/media/content/about/power-line-projects/culpeper-tech-zone/pdfs/2024-culpeper-tech-zone-scc-application-volume-1-of-5-part-1-of-3.pdf,0.97,OBSERVED,
REL-1172,ENT-culpeper-databank-data-center-campus-campus-a,ENT-dominion-energy-regulatory-filing,PROJECT_SOURCE_AUTHORITY,DOMINION-CULPEPER-DATABANK-CAMPUS-2024,project_level_extractions,https://www.dominionenergy.com/-/media/content/about/power-line-projects/culpeper-tech-zone/pdfs/2024-culpeper-tech-zone-scc-application-volume-1-of-5-part-1-of-3.pdf,0.99,OBSERVED,"Publisher/source authority metadata, not ownership."
REL-1173,ENT-stack-infrastructure-data-center-campus-campus-b,ENT-dominion-energy-virginia,PROJECT_UTILITY_PROVIDER,DOMINION-STACK-CULPEPER-CAMPUS-2024,project_level_extractions,https://www.dominionenergy.com/-/media/content/about/power-line-projects/culpeper-tech-zone/pdfs/2024-culpeper-tech-zone-scc-application-volume-1-of-5-part-1-of-3.pdf,0.97,OBSERVED,
REL-1174,ENT-stack-infrastructure-data-center-campus-campus-b,ENT-dominion-energy-regulatory-filing,PROJECT_SOURCE_AUTHORITY,DOMINION-STACK-CULPEPER-CAMPUS-2024,project_level_extractions,https://www.dominionenergy.com/-/media/content/about/power-line-projects/culpeper-tech-zone/pdfs/2024-culpeper-tech-zone-scc-application-volume-1-of-5-part-1-of-3.pdf,0.99,OBSERVED,"Publisher/source authority metadata, not ownership."
REL-1175,ENT-copper-ridge-data-center-campus-campus-c,ENT-dominion-energy-virginia,PROJECT_UTILITY_PROVIDER,DOMINION-COPPER-RIDGE-CULPEPER-CAMPUS-2024,project_level_extractions,https://www.dominionenergy.com/-/media/content/about/power-line-projects/culpeper-tech-zone/pdfs/2024-culpeper-tech-zone-scc-application-volume-1-of-5-part-1-of-3.pdf,0.97,OBSERVED,
REL-1176,ENT-copper-ridge-data-center-campus-campus-c,ENT-dominion-energy-regulatory-filing,PROJECT_SOURCE_AUTHORITY,DOMINION-COPPER-RIDGE-CULPEPER-CAMPUS-2024,project_level_extractions,https://www.dominionenergy.com/-/media/content/about/power-line-projects/culpeper-tech-zone/pdfs/2024-culpeper-tech-zone-scc-application-volume-1-of-5-part-1-of-3.pdf,0.99,OBSERVED,"Publisher/source authority metadata, not ownership."
REL-1177,ENT-wny-stamp,ENT-nyiso,PROJECT_UTILITY_PROVIDER,NYISO-580-WNY-STAMP-GB24,project_level_extractions,https://www.nyiso.com/documents/20142/2226333/2024-Gold-Book-Public.pdf/170c7717-1e3e-e2fc-0afb-44b75d337ec6,0.97,OBSERVED,
REL-1178,ENT-wny-stamp,ENT-nyiso-primary-source,PROJECT_SOURCE_AUTHORITY,NYISO-580-WNY-STAMP-GB24,project_level_extractions,https://www.nyiso.com/documents/20142/2226333/2024-Gold-Book-Public.pdf/170c7717-1e3e-e2fc-0afb-44b75d337ec6,0.99,OBSERVED,"Publisher/source authority metadata, not ownership."
REL-1179,ENT-cayuga-load,ENT-nyiso,PROJECT_UTILITY_PROVIDER,NYISO-850-CAYUGA-LOAD-GB24,project_level_extractions,https://www.nyiso.com/documents/20142/2226333/2024-Gold-Book-Public.pdf/170c7717-1e3e-e2fc-0afb-44b75d337ec6,0.97,OBSERVED,
REL-1180,ENT-cayuga-load,ENT-nyiso-primary-source,PROJECT_SOURCE_AUTHORITY,NYISO-850-CAYUGA-LOAD-GB24,project_level_extractions,https://www.nyiso.com/documents/20142/2226333/2024-Gold-Book-Public.pdf/170c7717-1e3e-e2fc-0afb-44b75d337ec6,0.99,OBSERVED,"Publisher/source authority metadata, not ownership."
REL-1181,ENT-north-country-data-center,ENT-nyiso,PROJECT_UTILITY_PROVIDER,NYISO-979-NORTH-COUNTRY-DATA-CENTER-GB24,project_level_extractions,https://www.nyiso.com/documents/20142/2226333/2024-Gold-Book-Public.pdf/170c7717-1e3e-e2fc-0afb-44b75d337ec6,0.97,OBSERVED,
REL-1182,ENT-north-country-data-center,ENT-nyiso-primary-source,PROJECT_SOURCE_AUTHORITY,NYISO-979-NORTH-COUNTRY-DATA-CENTER-GB24,project_level_extractions,https://www.nyiso.com/documents/20142/2226333/2024-Gold-Book-Public.pdf/170c7717-1e3e-e2fc-0afb-44b75d337ec6,0.99,OBSERVED,"Publisher/source authority metadata, not ownership."
REL-1183,ENT-st-lawrence-data-and-agricultural-center,ENT-nyiso,PROJECT_UTILITY_PROVIDER,NYISO-1213-ST-LAWRENCE-DATA-AND-AGRICULTURAL-CENTER-GB24,project_level_extractions,https://www.nyiso.com/documents/20142/2226333/2024-Gold-Book-Public.pdf/170c7717-1e3e-e2fc-0afb-44b75d337ec6,0.97,OBSERVED,
REL-1184,ENT-st-lawrence-data-and-agricultural-center,ENT-nyiso-primary-source,PROJECT_SOURCE_AUTHORITY,NYISO-1213-ST-LAWRENCE-DATA-AND-AGRICULTURAL-CENTER-GB24,project_level_extractions,https://www.nyiso.com/documents/20142/2226333/2024-Gold-Book-Public.pdf/170c7717-1e3e-e2fc-0afb-44b75d337ec6,0.99,OBSERVED,"Publisher/source authority metadata, not ownership."
REL-1185,ENT-sdc-st-lawrence,ENT-nyiso,PROJECT_UTILITY_PROVIDER,NYISO-1315-SDC-ST-LAWRENCE-GB24,project_level_extractions,https://www.nyiso.com/documents/20142/2226333/2024-Gold-Book-Public.pdf/170c7717-1e3e-e2fc-0afb-44b75d337ec6,0.97,OBSERVED,
REL-1186,ENT-sdc-st-lawrence,ENT-nyiso-primary-source,PROJECT_SOURCE_AUTHORITY,NYISO-1315-SDC-ST-LAWRENCE-GB24,project_level_extractions,https://www.nyiso.com/documents/20142/2226333/2024-Gold-Book-Public.pdf/170c7717-1e3e-e2fc-0afb-44b75d337ec6,0.99,OBSERVED,"Publisher/source authority metadata, not ownership."
REL-1187,ENT-massena-green-hydrogen,ENT-nyiso,PROJECT_UTILITY_PROVIDER,NYISO-1446-MASSENA-GREEN-HYDROGEN-GB24,project_level_extractions,https://www.nyiso.com/documents/20142/2226333/2024-Gold-Book-Public.pdf/170c7717-1e3e-e2fc-0afb-44b75d337ec6,0.97,OBSERVED,
REL-1188,ENT-massena-green-hydrogen,ENT-nyiso-primary-source,PROJECT_SOURCE_AUTHORITY,NYISO-1446-MASSENA-GREEN-HYDROGEN-GB24,project_level_extractions,https://www.nyiso.com/documents/20142/2226333/2024-Gold-Book-Public.pdf/170c7717-1e3e-e2fc-0afb-44b75d337ec6,0.99,OBSERVED,"Publisher/source authority metadata, not ownership."
REL-1189,ENT-580-stamp-load-increase,ENT-nyiso,PROJECT_UTILITY_PROVIDER,NYISO-1484-580-STAMP-LOAD-INCREASE-GB24,project_level_extractions,https://www.nyiso.com/documents/20142/2226333/2024-Gold-Book-Public.pdf/170c7717-1e3e-e2fc-0afb-44b75d337ec6,0.97,OBSERVED,
REL-1190,ENT-580-stamp-load-increase,ENT-nyiso-primary-source,PROJECT_SOURCE_AUTHORITY,NYISO-1484-580-STAMP-LOAD-INCREASE-GB24,project_level_extractions,https://www.nyiso.com/documents/20142/2226333/2024-Gold-Book-Public.pdf/170c7717-1e3e-e2fc-0afb-44b75d337ec6,0.99,OBSERVED,"Publisher/source authority metadata, not ownership."
REL-1191,ENT-white-pine-phase-1,ENT-nyiso,PROJECT_UTILITY_PROVIDER,NYISO-1536-WHITE-PINE-PHASE-1-GB24,project_level_extractions,https://www.nyiso.com/documents/20142/2226333/2024-Gold-Book-Public.pdf/170c7717-1e3e-e2fc-0afb-44b75d337ec6,0.97,OBSERVED,
REL-1192,ENT-white-pine-phase-1,ENT-nyiso-primary-source,PROJECT_SOURCE_AUTHORITY,NYISO-1536-WHITE-PINE-PHASE-1-GB24,project_level_extractions,https://www.nyiso.com/documents/20142/2226333/2024-Gold-Book-Public.pdf/170c7717-1e3e-e2fc-0afb-44b75d337ec6,0.99,OBSERVED,"Publisher/source authority metadata, not ownership."
REL-1193,ENT-micron-fab-2,ENT-nyiso,PROJECT_UTILITY_PROVIDER,NYISO-1627-MICRON-FAB-2-GB24,project_level_extractions,https://www.nyiso.com/documents/20142/2226333/2024-Gold-Book-Public.pdf/170c7717-1e3e-e2fc-0afb-44b75d337ec6,0.97,OBSERVED,
REL-1194,ENT-micron-fab-2,ENT-nyiso-primary-source,PROJECT_SOURCE_AUTHORITY,NYISO-1627-MICRON-FAB-2-GB24,project_level_extractions,https://www.nyiso.com/documents/20142/2226333/2024-Gold-Book-Public.pdf/170c7717-1e3e-e2fc-0afb-44b75d337ec6,0.99,OBSERVED,"Publisher/source authority metadata, not ownership."
REL-1195,ENT-brisbie-meta-platforms,ENT-idaho-power,PROJECT_UTILITY_PROVIDER,IDAHO-META-BRISBIE-2025,project_level_extractions,https://docs.idahopower.com/pdfs/AboutUs/PlanningForFuture/2025IRP/2025%20IRP%20Appendix%20A.pdf,0.97,OBSERVED,
REL-1196,ENT-brisbie-meta-platforms,ENT-idaho-power-primary-source,PROJECT_SOURCE_AUTHORITY,IDAHO-META-BRISBIE-2025,project_level_extractions,https://docs.idahopower.com/pdfs/AboutUs/PlanningForFuture/2025IRP/2025%20IRP%20Appendix%20A.pdf,0.99,OBSERVED,"Publisher/source authority metadata, not ownership."
REL-1197,ENT-lc24-1,ENT-pacific-gas-and-electric-california-iso,PROJECT_UTILITY_PROVIDER,CAISO-LC24-1,project_level_extractions,https://stakeholdercenter.caiso.com/InitiativeDocuments/Presentation-PGE-2025-2026Transmissionplanningprocess-Sep2525.pdf,0.97,OBSERVED,
REL-1198,ENT-lc24-1,ENT-caiso-pge-public-transmission-planning-material,PROJECT_SOURCE_AUTHORITY,CAISO-LC24-1,project_level_extractions,https://stakeholdercenter.caiso.com/InitiativeDocuments/Presentation-PGE-2025-2026Transmissionplanningprocess-Sep2525.pdf,0.99,OBSERVED,"Publisher/source authority metadata, not ownership."
REL-1199,ENT-lc24-2,ENT-pacific-gas-and-electric-california-iso,PROJECT_UTILITY_PROVIDER,CAISO-LC24-2,project_level_extractions,https://stakeholdercenter.caiso.com/InitiativeDocuments/Presentation-PGE-2025-2026Transmissionplanningprocess-Sep2525.pdf,0.97,OBSERVED,
REL-1200,ENT-lc24-2,ENT-caiso-pge-public-transmission-planning-material,PROJECT_SOURCE_AUTHORITY,CAISO-LC24-2,project_level_extractions,https://stakeholdercenter.caiso.com/InitiativeDocuments/Presentation-PGE-2025-2026Transmissionplanningprocess-Sep2525.pdf,0.99,OBSERVED,"Publisher/source authority metadata, not ownership."
REL-1201,ENT-lc24-3,ENT-pacific-gas-and-electric-california-iso,PROJECT_UTILITY_PROVIDER,CAISO-LC24-3,project_level_extractions,https://stakeholdercenter.caiso.com/InitiativeDocuments/Presentation-PGE-2025-2026Transmissionplanningprocess-Sep2525.pdf,0.97,OBSERVED,
REL-1202,ENT-lc24-3,ENT-caiso-pge-public-transmission-planning-material,PROJECT_SOURCE_AUTHORITY,CAISO-LC24-3,project_level_extractions,https://stakeholdercenter.caiso.com/InitiativeDocuments/Presentation-PGE-2025-2026Transmissionplanningprocess-Sep2525.pdf,0.99,OBSERVED,"Publisher/source authority metadata, not ownership."
REL-1203,ENT-lc24-6,ENT-pacific-gas-and-electric-california-iso,PROJECT_UTILITY_PROVIDER,CAISO-LC24-6,project_level_extractions,https://stakeholdercenter.caiso.com/InitiativeDocuments/Presentation-PGE-2025-2026Transmissionplanningprocess-Sep2525.pdf,0.97,OBSERVED,
REL-1204,ENT-lc24-6,ENT-caiso-pge-public-transmission-planning-material,PROJECT_SOURCE_AUTHORITY,CAISO-LC24-6,project_level_extractions,https://stakeholdercenter.caiso.com/InitiativeDocuments/Presentation-PGE-2025-2026Transmissionplanningprocess-Sep2525.pdf,0.99,OBSERVED,"Publisher/source authority metadata, not ownership."
REL-1205,ENT-lc24-13,ENT-pacific-gas-and-electric-california-iso,PROJECT_UTILITY_PROVIDER,CAISO-LC24-13,project_level_extractions,https://stakeholdercenter.caiso.com/InitiativeDocuments/Presentation-PGE-2025-2026Transmissionplanningprocess-Sep2525.pdf,0.97,OBSERVED,
REL-1206,ENT-lc24-13,ENT-caiso-pge-public-transmission-planning-material,PROJECT_SOURCE_AUTHORITY,CAISO-LC24-13,project_level_extractions,https://stakeholdercenter.caiso.com/InitiativeDocuments/Presentation-PGE-2025-2026Transmissionplanningprocess-Sep2525.pdf,0.99,OBSERVED,"Publisher/source authority metadata, not ownership."
REL-1207,ENT-lc24-14,ENT-pacific-gas-and-electric-california-iso,PROJECT_UTILITY_PROVIDER,CAISO-LC24-14,project_level_extractions,https://stakeholdercenter.caiso.com/InitiativeDocuments/Presentation-PGE-2025-2026Transmissionplanningprocess-Sep2525.pdf,0.97,OBSERVED,
REL-1208,ENT-lc24-14,ENT-caiso-pge-public-transmission-planning-material,PROJECT_SOURCE_AUTHORITY,CAISO-LC24-14,project_level_extractions,https://stakeholdercenter.caiso.com/InitiativeDocuments/Presentation-PGE-2025-2026Transmissionplanningprocess-Sep2525.pdf,0.99,OBSERVED,"Publisher/source authority metadata, not ownership."
REL-1209,ENT-lc24-18,ENT-pacific-gas-and-electric-california-iso,PROJECT_UTILITY_PROVIDER,CAISO-LC24-18,project_level_extractions,https://stakeholdercenter.caiso.com/InitiativeDocuments/Presentation-PGE-2025-2026Transmissionplanningprocess-Sep2525.pdf,0.97,OBSERVED,
REL-1210,ENT-lc24-18,ENT-caiso-pge-public-transmission-planning-material,PROJECT_SOURCE_AUTHORITY,CAISO-LC24-18,project_level_extractions,https://stakeholdercenter.caiso.com/InitiativeDocuments/Presentation-PGE-2025-2026Transmissionplanningprocess-Sep2525.pdf,0.99,OBSERVED,"Publisher/source authority metadata, not ownership."
REL-1211,ENT-lc24-24,ENT-pacific-gas-and-electric-california-iso,PROJECT_UTILITY_PROVIDER,CAISO-LC24-24,project_level_extractions,https://stakeholdercenter.caiso.com/InitiativeDocuments/Presentation-PGE-2025-2026Transmissionplanningprocess-Sep2525.pdf,0.97,OBSERVED,
REL-1212,ENT-lc24-24,ENT-caiso-pge-public-transmission-planning-material,PROJECT_SOURCE_AUTHORITY,CAISO-LC24-24,project_level_extractions,https://stakeholdercenter.caiso.com/InitiativeDocuments/Presentation-PGE-2025-2026Transmissionplanningprocess-Sep2525.pdf,0.99,OBSERVED,"Publisher/source authority metadata, not ownership."
REL-1213,ENT-lc24-26,ENT-pacific-gas-and-electric-california-iso,PROJECT_UTILITY_PROVIDER,CAISO-LC24-26,project_level_extractions,https://stakeholdercenter.caiso.com/InitiativeDocuments/Presentation-PGE-2025-2026Transmissionplanningprocess-Sep2525.pdf,0.97,OBSERVED,
REL-1214,ENT-lc24-26,ENT-caiso-pge-public-transmission-planning-material,PROJECT_SOURCE_AUTHORITY,CAISO-LC24-26,project_level_extractions,https://stakeholdercenter.caiso.com/InitiativeDocuments/Presentation-PGE-2025-2026Transmissionplanningprocess-Sep2525.pdf,0.99,OBSERVED,"Publisher/source authority metadata, not ownership."
REL-1215,ENT-lc24-27,ENT-pacific-gas-and-electric-california-iso,PROJECT_UTILITY_PROVIDER,CAISO-LC24-27,project_level_extractions,https://stakeholdercenter.caiso.com/InitiativeDocuments/Presentation-PGE-2025-2026Transmissionplanningprocess-Sep2525.pdf,0.97,OBSERVED,
REL-1216,ENT-lc24-27,ENT-caiso-pge-public-transmission-planning-material,PROJECT_SOURCE_AUTHORITY,CAISO-LC24-27,project_level_extractions,https://stakeholdercenter.caiso.com/InitiativeDocuments/Presentation-PGE-2025-2026Transmissionplanningprocess-Sep2525.pdf,0.99,OBSERVED,"Publisher/source authority metadata, not ownership."
REL-1217,ENT-lc24-28,ENT-pacific-gas-and-electric-california-iso,PROJECT_UTILITY_PROVIDER,CAISO-LC24-28,project_level_extractions,https://stakeholdercenter.caiso.com/InitiativeDocuments/Presentation-PGE-2025-2026Transmissionplanningprocess-Sep2525.pdf,0.97,OBSERVED,
REL-1218,ENT-lc24-28,ENT-caiso-pge-public-transmission-planning-material,PROJECT_SOURCE_AUTHORITY,CAISO-LC24-28,project_level_extractions,https://stakeholdercenter.caiso.com/InitiativeDocuments/Presentation-PGE-2025-2026Transmissionplanningprocess-Sep2525.pdf,0.99,OBSERVED,"Publisher/source authority metadata, not ownership."
REL-1219,ENT-serial-data-center-1,ENT-pacific-gas-and-electric-california-iso,PROJECT_UTILITY_PROVIDER,CAISO-SERIAL-DC1,project_level_extractions,https://stakeholdercenter.caiso.com/InitiativeDocuments/Presentation-PGE-2025-2026Transmissionplanningprocess-Sep2525.pdf,0.97,OBSERVED,
REL-1220,ENT-serial-data-center-1,ENT-caiso-pge-public-transmission-planning-material,PROJECT_SOURCE_AUTHORITY,CAISO-SERIAL-DC1,project_level_extractions,https://stakeholdercenter.caiso.com/InitiativeDocuments/Presentation-PGE-2025-2026Transmissionplanningprocess-Sep2525.pdf,0.99,OBSERVED,"Publisher/source authority metadata, not ownership."
REL-1221,ENT-serial-data-center-2,ENT-pacific-gas-and-electric-california-iso,PROJECT_UTILITY_PROVIDER,CAISO-SERIAL-DC2,project_level_extractions,https://stakeholdercenter.caiso.com/InitiativeDocuments/Presentation-PGE-2025-2026Transmissionplanningprocess-Sep2525.pdf,0.97,OBSERVED,
REL-1222,ENT-serial-data-center-2,ENT-caiso-pge-public-transmission-planning-material,PROJECT_SOURCE_AUTHORITY,CAISO-SERIAL-DC2,project_level_extractions,https://stakeholdercenter.caiso.com/InitiativeDocuments/Presentation-PGE-2025-2026Transmissionplanningprocess-Sep2525.pdf,0.99,OBSERVED,"Publisher/source authority metadata, not ownership."
REL-1223,ENT-serial-data-center-3,ENT-pacific-gas-and-electric-california-iso,PROJECT_UTILITY_PROVIDER,CAISO-SERIAL-DC3,project_level_extractions,https://stakeholdercenter.caiso.com/InitiativeDocuments/Presentation-PGE-2025-2026Transmissionplanningprocess-Sep2525.pdf,0.97,OBSERVED,
REL-1224,ENT-serial-data-center-3,ENT-caiso-pge-public-transmission-planning-material,PROJECT_SOURCE_AUTHORITY,CAISO-SERIAL-DC3,project_level_extractions,https://stakeholdercenter.caiso.com/InitiativeDocuments/Presentation-PGE-2025-2026Transmissionplanningprocess-Sep2525.pdf,0.99,OBSERVED,"Publisher/source authority metadata, not ownership."
REL-1225,ENT-wny-stamp,ENT-nyiso,PROJECT_UTILITY_PROVIDER,NYISO-GB25-580,project_level_extractions,https://www.nyiso.com/documents/20142/2226333/2025-Gold-Book-Public.pdf/088438e1-02f1-5316-211b-dbca17c01b4b,0.97,OBSERVED,
REL-1226,ENT-wny-stamp,ENT-nyiso-primary-source,PROJECT_SOURCE_AUTHORITY,NYISO-GB25-580,project_level_extractions,https://www.nyiso.com/documents/20142/2226333/2025-Gold-Book-Public.pdf/088438e1-02f1-5316-211b-dbca17c01b4b,0.99,OBSERVED,"Publisher/source authority metadata, not ownership."
REL-1227,ENT-greenidge-load,ENT-nyiso,PROJECT_UTILITY_PROVIDER,NYISO-GB25-776,project_level_extractions,https://www.nyiso.com/documents/20142/2226333/2025-Gold-Book-Public.pdf/088438e1-02f1-5316-211b-dbca17c01b4b,0.97,OBSERVED,
REL-1228,ENT-greenidge-load,ENT-nyiso-primary-source,PROJECT_SOURCE_AUTHORITY,NYISO-GB25-776,project_level_extractions,https://www.nyiso.com/documents/20142/2226333/2025-Gold-Book-Public.pdf/088438e1-02f1-5316-211b-dbca17c01b4b,0.99,OBSERVED,"Publisher/source authority metadata, not ownership."
REL-1229,ENT-cayuga-load,ENT-nyiso,PROJECT_UTILITY_PROVIDER,NYISO-GB25-850,project_level_extractions,https://www.nyiso.com/documents/20142/2226333/2025-Gold-Book-Public.pdf/088438e1-02f1-5316-211b-dbca17c01b4b,0.97,OBSERVED,
REL-1230,ENT-cayuga-load,ENT-nyiso-primary-source,PROJECT_SOURCE_AUTHORITY,NYISO-GB25-850,project_level_extractions,https://www.nyiso.com/documents/20142/2226333/2025-Gold-Book-Public.pdf/088438e1-02f1-5316-211b-dbca17c01b4b,0.99,OBSERVED,"Publisher/source authority metadata, not ownership."
REL-1231,ENT-north-country-data-center,ENT-nyiso,PROJECT_UTILITY_PROVIDER,NYISO-GB25-979,project_level_extractions,https://www.nyiso.com/documents/20142/2226333/2025-Gold-Book-Public.pdf/088438e1-02f1-5316-211b-dbca17c01b4b,0.97,OBSERVED,
REL-1232,ENT-north-country-data-center,ENT-nyiso-primary-source,PROJECT_SOURCE_AUTHORITY,NYISO-GB25-979,project_level_extractions,https://www.nyiso.com/documents/20142/2226333/2025-Gold-Book-Public.pdf/088438e1-02f1-5316-211b-dbca17c01b4b,0.99,OBSERVED,"Publisher/source authority metadata, not ownership."
REL-1233,ENT-st-lawrence-data-and-agricultural-center,ENT-nyiso,PROJECT_UTILITY_PROVIDER,NYISO-GB25-1213,project_level_extractions,https://www.nyiso.com/documents/20142/2226333/2025-Gold-Book-Public.pdf/088438e1-02f1-5316-211b-dbca17c01b4b,0.97,OBSERVED,
REL-1234,ENT-st-lawrence-data-and-agricultural-center,ENT-nyiso-primary-source,PROJECT_SOURCE_AUTHORITY,NYISO-GB25-1213,project_level_extractions,https://www.nyiso.com/documents/20142/2226333/2025-Gold-Book-Public.pdf/088438e1-02f1-5316-211b-dbca17c01b4b,0.99,OBSERVED,"Publisher/source authority metadata, not ownership."
REL-1235,ENT-sdc-st-lawrence,ENT-nyiso,PROJECT_UTILITY_PROVIDER,NYISO-GB25-1315,project_level_extractions,https://www.nyiso.com/documents/20142/2226333/2025-Gold-Book-Public.pdf/088438e1-02f1-5316-211b-dbca17c01b4b,0.97,OBSERVED,
REL-1236,ENT-sdc-st-lawrence,ENT-nyiso-primary-source,PROJECT_SOURCE_AUTHORITY,NYISO-GB25-1315,project_level_extractions,https://www.nyiso.com/documents/20142/2226333/2025-Gold-Book-Public.pdf/088438e1-02f1-5316-211b-dbca17c01b4b,0.99,OBSERVED,"Publisher/source authority metadata, not ownership."
REL-1237,ENT-digihost-load,ENT-nyiso,PROJECT_UTILITY_PROVIDER,NYISO-GB25-1465,project_level_extractions,https://www.nyiso.com/documents/20142/2226333/2025-Gold-Book-Public.pdf/088438e1-02f1-5316-211b-dbca17c01b4b,0.97,OBSERVED,
REL-1238,ENT-digihost-load,ENT-nyiso-primary-source,PROJECT_SOURCE_AUTHORITY,NYISO-GB25-1465,project_level_extractions,https://www.nyiso.com/documents/20142/2226333/2025-Gold-Book-Public.pdf/088438e1-02f1-5316-211b-dbca17c01b4b,0.99,OBSERVED,"Publisher/source authority metadata, not ownership."
REL-1239,ENT-580-stamp-load-increase,ENT-nyiso,PROJECT_UTILITY_PROVIDER,NYISO-GB25-1484,project_level_extractions,https://www.nyiso.com/documents/20142/2226333/2025-Gold-Book-Public.pdf/088438e1-02f1-5316-211b-dbca17c01b4b,0.97,OBSERVED,
REL-1240,ENT-580-stamp-load-increase,ENT-nyiso-primary-source,PROJECT_SOURCE_AUTHORITY,NYISO-GB25-1484,project_level_extractions,https://www.nyiso.com/documents/20142/2226333/2025-Gold-Book-Public.pdf/088438e1-02f1-5316-211b-dbca17c01b4b,0.99,OBSERVED,"Publisher/source authority metadata, not ownership."
REL-1241,ENT-white-pine-phase-1,ENT-nyiso,PROJECT_UTILITY_PROVIDER,NYISO-GB25-1536,project_level_extractions,https://www.nyiso.com/documents/20142/2226333/2025-Gold-Book-Public.pdf/088438e1-02f1-5316-211b-dbca17c01b4b,0.97,OBSERVED,
REL-1242,ENT-white-pine-phase-1,ENT-nyiso-primary-source,PROJECT_SOURCE_AUTHORITY,NYISO-GB25-1536,project_level_extractions,https://www.nyiso.com/documents/20142/2226333/2025-Gold-Book-Public.pdf/088438e1-02f1-5316-211b-dbca17c01b4b,0.99,OBSERVED,"Publisher/source authority metadata, not ownership."
REL-1243,ENT-micron-fab-2,ENT-nyiso,PROJECT_UTILITY_PROVIDER,NYISO-GB25-1627,project_level_extractions,https://www.nyiso.com/documents/20142/2226333/2025-Gold-Book-Public.pdf/088438e1-02f1-5316-211b-dbca17c01b4b,0.97,OBSERVED,
REL-1244,ENT-micron-fab-2,ENT-nyiso-primary-source,PROJECT_SOURCE_AUTHORITY,NYISO-GB25-1627,project_level_extractions,https://www.nyiso.com/documents/20142/2226333/2025-Gold-Book-Public.pdf/088438e1-02f1-5316-211b-dbca17c01b4b,0.99,OBSERVED,"Publisher/source authority metadata, not ownership."
REL-1245,ENT-powi-project,ENT-nyiso,PROJECT_UTILITY_PROVIDER,NYISO-GB25-1646,project_level_extractions,https://www.nyiso.com/documents/20142/2226333/2025-Gold-Book-Public.pdf/088438e1-02f1-5316-211b-dbca17c01b4b,0.97,OBSERVED,
REL-1246,ENT-powi-project,ENT-nyiso-primary-source,PROJECT_SOURCE_AUTHORITY,NYISO-GB25-1646,project_level_extractions,https://www.nyiso.com/documents/20142/2226333/2025-Gold-Book-Public.pdf/088438e1-02f1-5316-211b-dbca17c01b4b,0.99,OBSERVED,"Publisher/source authority metadata, not ownership."
REL-1247,ENT-lake-mariner-data-ii,ENT-nyiso,PROJECT_UTILITY_PROVIDER,NYISO-GB25-1670,project_level_extractions,https://www.nyiso.com/documents/20142/2226333/2025-Gold-Book-Public.pdf/088438e1-02f1-5316-211b-dbca17c01b4b,0.97,OBSERVED,
REL-1248,ENT-lake-mariner-data-ii,ENT-nyiso-primary-source,PROJECT_SOURCE_AUTHORITY,NYISO-GB25-1670,project_level_extractions,https://www.nyiso.com/documents/20142/2226333/2025-Gold-Book-Public.pdf/088438e1-02f1-5316-211b-dbca17c01b4b,0.99,OBSERVED,"Publisher/source authority metadata, not ownership."
REL-1249,ENT-niagara-digital-campus,ENT-nyiso,PROJECT_UTILITY_PROVIDER,NYISO-GB25-1681,project_level_extractions,https://www.nyiso.com/documents/20142/2226333/2025-Gold-Book-Public.pdf/088438e1-02f1-5316-211b-dbca17c01b4b,0.97,OBSERVED,
REL-1250,ENT-niagara-digital-campus,ENT-nyiso-primary-source,PROJECT_SOURCE_AUTHORITY,NYISO-GB25-1681,project_level_extractions,https://www.nyiso.com/documents/20142/2226333/2025-Gold-Book-Public.pdf/088438e1-02f1-5316-211b-dbca17c01b4b,0.99,OBSERVED,"Publisher/source authority metadata, not ownership."
REL-1251,ENT-cayuga-compute,ENT-nyiso,PROJECT_UTILITY_PROVIDER,NYISO-GB25-1683,project_level_extractions,https://www.nyiso.com/documents/20142/2226333/2025-Gold-Book-Public.pdf/088438e1-02f1-5316-211b-dbca17c01b4b,0.97,OBSERVED,
REL-1252,ENT-cayuga-compute,ENT-nyiso-primary-source,PROJECT_SOURCE_AUTHORITY,NYISO-GB25-1683,project_level_extractions,https://www.nyiso.com/documents/20142/2226333/2025-Gold-Book-Public.pdf/088438e1-02f1-5316-211b-dbca17c01b4b,0.99,OBSERVED,"Publisher/source authority metadata, not ownership."
REL-1253,ENT-project-sycamore-orangeburg,ENT-nyiso,PROJECT_UTILITY_PROVIDER,NYISO-GB25-1713,project_level_extractions,https://www.nyiso.com/documents/20142/2226333/2025-Gold-Book-Public.pdf/088438e1-02f1-5316-211b-dbca17c01b4b,0.97,OBSERVED,
REL-1254,ENT-project-sycamore-orangeburg,ENT-nyiso-primary-source,PROJECT_SOURCE_AUTHORITY,NYISO-GB25-1713,project_level_extractions,https://www.nyiso.com/documents/20142/2226333/2025-Gold-Book-Public.pdf/088438e1-02f1-5316-211b-dbca17c01b4b,0.99,OBSERVED,"Publisher/source authority metadata, not ownership."
REL-1255,ENT-hudson-valley-data-center,ENT-nyiso,PROJECT_UTILITY_PROVIDER,NYISO-GB25-1714,project_level_extractions,https://www.nyiso.com/documents/20142/2226333/2025-Gold-Book-Public.pdf/088438e1-02f1-5316-211b-dbca17c01b4b,0.97,OBSERVED,
REL-1256,ENT-hudson-valley-data-center,ENT-nyiso-primary-source,PROJECT_SOURCE_AUTHORITY,NYISO-GB25-1714,project_level_extractions,https://www.nyiso.com/documents/20142/2226333/2025-Gold-Book-Public.pdf/088438e1-02f1-5316-211b-dbca17c01b4b,0.99,OBSERVED,"Publisher/source authority metadata, not ownership."
REL-1257,ENT-1547-csr-orangeburg,ENT-nyiso,PROJECT_UTILITY_PROVIDER,NYISO-GB25-1715,project_level_extractions,https://www.nyiso.com/documents/20142/2226333/2025-Gold-Book-Public.pdf/088438e1-02f1-5316-211b-dbca17c01b4b,0.97,OBSERVED,
REL-1258,ENT-1547-csr-orangeburg,ENT-nyiso-primary-source,PROJECT_SOURCE_AUTHORITY,NYISO-GB25-1715,project_level_extractions,https://www.nyiso.com/documents/20142/2226333/2025-Gold-Book-Public.pdf/088438e1-02f1-5316-211b-dbca17c01b4b,0.99,OBSERVED,"Publisher/source authority metadata, not ownership."
REL-1259,ENT-orangeburg-expansion-phase-2,ENT-nyiso,PROJECT_UTILITY_PROVIDER,NYISO-GB25-1716,project_level_extractions,https://www.nyiso.com/documents/20142/2226333/2025-Gold-Book-Public.pdf/088438e1-02f1-5316-211b-dbca17c01b4b,0.97,OBSERVED,
REL-1260,ENT-orangeburg-expansion-phase-2,ENT-nyiso-primary-source,PROJECT_SOURCE_AUTHORITY,NYISO-GB25-1716,project_level_extractions,https://www.nyiso.com/documents/20142/2226333/2025-Gold-Book-Public.pdf/088438e1-02f1-5316-211b-dbca17c01b4b,0.99,OBSERVED,"Publisher/source authority metadata, not ownership."
REL-1261,ENT-proposed-datacenters-at-450-broadway-buchanan-ny-10511,ENT-nyiso,PROJECT_UTILITY_PROVIDER,NYISO-GB25-1717,project_level_extractions,https://www.nyiso.com/documents/20142/2226333/2025-Gold-Book-Public.pdf/088438e1-02f1-5316-211b-dbca17c01b4b,0.97,OBSERVED,
REL-1262,ENT-proposed-datacenters-at-450-broadway-buchanan-ny-10511,ENT-nyiso-primary-source,PROJECT_SOURCE_AUTHORITY,NYISO-GB25-1717,project_level_extractions,https://www.nyiso.com/documents/20142/2226333/2025-Gold-Book-Public.pdf/088438e1-02f1-5316-211b-dbca17c01b4b,0.99,OBSERVED,"Publisher/source authority metadata, not ownership."
REL-1263,ENT-brookhaven-logistics-center,ENT-nyiso,PROJECT_UTILITY_PROVIDER,NYISO-GB25-1721,project_level_extractions,https://www.nyiso.com/documents/20142/2226333/2025-Gold-Book-Public.pdf/088438e1-02f1-5316-211b-dbca17c01b4b,0.97,OBSERVED,
REL-1264,ENT-brookhaven-logistics-center,ENT-nyiso-primary-source,PROJECT_SOURCE_AUTHORITY,NYISO-GB25-1721,project_level_extractions,https://www.nyiso.com/documents/20142/2226333/2025-Gold-Book-Public.pdf/088438e1-02f1-5316-211b-dbca17c01b4b,0.99,OBSERVED,"Publisher/source authority metadata, not ownership."
REL-1265,ENT-greenidge-200-mw-data-center-project,ENT-nyiso,PROJECT_UTILITY_PROVIDER,NYISO-GB25-1725,project_level_extractions,https://www.nyiso.com/documents/20142/2226333/2025-Gold-Book-Public.pdf/088438e1-02f1-5316-211b-dbca17c01b4b,0.97,OBSERVED,
REL-1266,ENT-greenidge-200-mw-data-center-project,ENT-nyiso-primary-source,PROJECT_SOURCE_AUTHORITY,NYISO-GB25-1725,project_level_extractions,https://www.nyiso.com/documents/20142/2226333/2025-Gold-Book-Public.pdf/088438e1-02f1-5316-211b-dbca17c01b4b,0.99,OBSERVED,"Publisher/source authority metadata, not ownership."
REL-1267,ENT-data-and-technology-campus,ENT-nyiso,PROJECT_UTILITY_PROVIDER,NYISO-GB25-1726,project_level_extractions,https://www.nyiso.com/documents/20142/2226333/2025-Gold-Book-Public.pdf/088438e1-02f1-5316-211b-dbca17c01b4b,0.97,OBSERVED,
REL-1268,ENT-data-and-technology-campus,ENT-nyiso-primary-source,PROJECT_SOURCE_AUTHORITY,NYISO-GB25-1726,project_level_extractions,https://www.nyiso.com/documents/20142/2226333/2025-Gold-Book-Public.pdf/088438e1-02f1-5316-211b-dbca17c01b4b,0.99,OBSERVED,"Publisher/source authority metadata, not ownership."
REL-1269,ENT-google-pine-island-data-center-project-skyway,ENT-xcel-energy,PROJECT_UTILITY_PROVIDER,XCEL-GOOGLE-PINE-ISLAND-2026,project_level_extractions,https://newsroom.xcelenergy.com/news/xcel-energy-to-power-new-google-data-center-in-minnesota,0.97,OBSERVED,
REL-1270,ENT-google-pine-island-data-center-project-skyway,ENT-utility-municipal-primary-sources,PROJECT_SOURCE_AUTHORITY,XCEL-GOOGLE-PINE-ISLAND-2026,project_level_extractions,https://newsroom.xcelenergy.com/news/xcel-energy-to-power-new-google-data-center-in-minnesota,0.99,OBSERVED,"Publisher/source authority metadata, not ownership."
REL-1271,ENT-google-west-memphis-data-center,ENT-entergy-arkansas,PROJECT_UTILITY_PROVIDER,ENTERGY-GOOGLE-WEST-MEMPHIS-2025,project_level_extractions,https://blog.google/company-news/inside-google/company-announcements/google-american-innovation-arkansas/,0.97,OBSERVED,
REL-1272,ENT-google-west-memphis-data-center,ENT-google-entergy-primary-sources,PROJECT_SOURCE_AUTHORITY,ENTERGY-GOOGLE-WEST-MEMPHIS-2025,project_level_extractions,https://blog.google/company-news/inside-google/company-announcements/google-american-innovation-arkansas/,0.99,OBSERVED,"Publisher/source authority metadata, not ownership."
REL-1273,ENT-aws-clinton-data-center,ENT-entergy-mississippi,PROJECT_UTILITY_PROVIDER,ENTERGY-AWS-CLINTON-MS-2026,project_level_extractions,https://www.entergy.com/blog/amazons-1-billion-investment-in-clinton-celebrated-with-ribbon-cutting,0.97,OBSERVED,
REL-1274,ENT-aws-clinton-data-center,ENT-utility-primary-source,PROJECT_SOURCE_AUTHORITY,ENTERGY-AWS-CLINTON-MS-2026,project_level_extractions,https://www.entergy.com/blog/amazons-1-billion-investment-in-clinton-celebrated-with-ribbon-cutting,0.99,OBSERVED,"Publisher/source authority metadata, not ownership."
REL-1275,ENT-qts-bessemer-project-marvel,ENT-alabama-power,PROJECT_UTILITY_PROVIDER,ALABAMA-QTS-BESSEMER-PROJECT-MARVEL-2026,project_level_extractions,https://www.compute-atlas.com/facilities/qts-marvel-bessemer-al,0.97,OBSERVED,
REL-1276,ENT-qts-bessemer-project-marvel,ENT-secondary-facility-registry-with-public-source-citations,PROJECT_SOURCE_AUTHORITY,ALABAMA-QTS-BESSEMER-PROJECT-MARVEL-2026,project_level_extractions,https://www.compute-atlas.com/facilities/qts-marvel-bessemer-al,0.99,OBSERVED,"Publisher/source authority metadata, not ownership."
REL-1277,ENT-cloverleaf-infrastructure-project-red-clay,ENT-alabama-power,PROJECT_UTILITY_PROVIDER,ALABAMA-CLOVERLEAF-RED-CLAY-2026,project_level_extractions,https://www.compute-atlas.com/facilities/cloverleaf-red-clay-lowndes-al,0.97,OBSERVED,
REL-1278,ENT-cloverleaf-infrastructure-project-red-clay,ENT-secondary-facility-registry-citing-local-reporting,PROJECT_SOURCE_AUTHORITY,ALABAMA-CLOVERLEAF-RED-CLAY-2026,project_level_extractions,https://www.compute-atlas.com/facilities/cloverleaf-red-clay-lowndes-al,0.99,OBSERVED,"Publisher/source authority metadata, not ownership."
REL-1279,ENT-sovereign-gazelle-bitcoin-mining-data-center-somerville,ENT-alabama-power,PROJECT_UTILITY_PROVIDER,ALABAMA-VOLTCORE-SOMERVILLE-2026,project_level_extractions,https://suedatacenters.org/data-centers/sovereign-gazelle-somerville-al,0.97,OBSERVED,
REL-1280,ENT-sovereign-gazelle-bitcoin-mining-data-center-somerville,ENT-secondary-facility-research-record,PROJECT_SOURCE_AUTHORITY,ALABAMA-VOLTCORE-SOMERVILLE-2026,project_level_extractions,https://suedatacenters.org/data-centers/sovereign-gazelle-somerville-al,0.99,OBSERVED,"Publisher/source authority metadata, not ownership."
REL-1281,ENT-meta-northeast-louisiana-data-center,ENT-entergy-louisiana,PROJECT_UTILITY_PROVIDER,ENTERGY-META-RICHLAND-PARISH-2025,project_level_extractions,https://www.entergy.com/news/meta-selects-northeast-louisiana-as-site-10-billion-data-center,0.97,OBSERVED,
REL-1282,ENT-meta-northeast-louisiana-data-center,ENT-utility-primary-source,PROJECT_SOURCE_AUTHORITY,ENTERGY-META-RICHLAND-PARISH-2025,project_level_extractions,https://www.entergy.com/news/meta-selects-northeast-louisiana-as-site-10-billion-data-center,0.99,OBSERVED,"Publisher/source authority metadata, not ownership."
REL-1283,ENT-amazon-web-services-madison-county-data-center,ENT-entergy-mississippi,PROJECT_UTILITY_PROVIDER,ENTERGY-AWS-MADISON-COUNTY-MS-2025,project_level_extractions,https://www.entergy.com/blog/entergy-welcomed-energy-industry-leaders-new-orleans,0.97,OBSERVED,
REL-1284,ENT-amazon-web-services-madison-county-data-center,ENT-utility-primary-source,PROJECT_SOURCE_AUTHORITY,ENTERGY-AWS-MADISON-COUNTY-MS-2025,project_level_extractions,https://www.entergy.com/blog/entergy-welcomed-energy-industry-leaders-new-orleans,0.99,OBSERVED,"Publisher/source authority metadata, not ownership."
REL-1285,ENT-edsall-lines-and-substation-project-fairfax-data-center-customer,ENT-dominion-energy-virginia,PROJECT_UTILITY_PROVIDER,DOMINION-EDSALL-DATA-CENTER-176MW-2024,project_level_extractions,https://www.dominionenergy.com/-/media/content/about/power-line-projects/edsall/pdfs/application-volume-2-of-3-2024-edsall.pdf,0.97,OBSERVED,
REL-1286,ENT-edsall-lines-and-substation-project-fairfax-data-center-customer,ENT-dominion-energy-regulatory-filing,PROJECT_SOURCE_AUTHORITY,DOMINION-EDSALL-DATA-CENTER-176MW-2024,project_level_extractions,https://www.dominionenergy.com/-/media/content/about/power-line-projects/edsall/pdfs/application-volume-2-of-3-2024-edsall.pdf,0.99,OBSERVED,"Publisher/source authority metadata, not ownership."
REL-1287,ENT-lakeside-campus-mec-dp,ENT-dominion-energy-virginia,PROJECT_UTILITY_PROVIDER,DOMINION-LAKESIDE-MEC-240MW-2023,project_level_extractions,https://www.dominionenergy.com/-/media/content/about/power-line-projects/jeffress/pdfs/jeffress-scc-application-vol-1-of-3.pdf,0.97,OBSERVED,
REL-1288,ENT-lakeside-campus-mec-dp,ENT-dominion-energy-regulatory-filing,PROJECT_SOURCE_AUTHORITY,DOMINION-LAKESIDE-MEC-240MW-2023,project_level_extractions,https://www.dominionenergy.com/-/media/content/about/power-line-projects/jeffress/pdfs/jeffress-scc-application-vol-1-of-3.pdf,0.99,OBSERVED,"Publisher/source authority metadata, not ownership."
REL-1289,ENT-leesburg-load-area-three-data-center-customer-campuses,ENT-dominion-energy-virginia,PROJECT_UTILITY_PROVIDER,DOMINION-LEESBURG-AREA-1372MW-2024,project_level_extractions,https://www.dominionenergy.com/-/media/content/about/power-line-projects/nova/pdfs/application-documents/application-volume-2-of-3-2024.pdf,0.97,OBSERVED,
REL-1290,ENT-leesburg-load-area-three-data-center-customer-campuses,ENT-dominion-energy-regulatory-filing,PROJECT_SOURCE_AUTHORITY,DOMINION-LEESBURG-AREA-1372MW-2024,project_level_extractions,https://www.dominionenergy.com/-/media/content/about/power-line-projects/nova/pdfs/application-documents/application-volume-2-of-3-2024.pdf,0.99,OBSERVED,"Publisher/source authority metadata, not ownership."
REL-1291,ENT-hills-bridge-speedway-500-kv-transmission-project,ENT-georgia-power,PROJECT_UTILITY_PROVIDER,GA-GEORGIA-POWER-HILLS-BRIDGE-LARGE-LOAD-2026,project_level_extractions,https://www.georgiapower.com/about/grid-reliability/grid-projects/transmission-projects/hills-bridge-speedway.html,0.97,OBSERVED,
REL-1292,ENT-hills-bridge-speedway-500-kv-transmission-project,ENT-utility-primary-source,PROJECT_SOURCE_AUTHORITY,GA-GEORGIA-POWER-HILLS-BRIDGE-LARGE-LOAD-2026,project_level_extractions,https://www.georgiapower.com/about/grid-reliability/grid-projects/transmission-projects/hills-bridge-speedway.html,0.99,OBSERVED,"Publisher/source authority metadata, not ownership."
REL-1293,ENT-dotier-alabama-power-electric-service-contract,ENT-alabama-power,PROJECT_UTILITY_PROVIDER,ALABAMA-POWER-DOTIER-CONTRACT-2026,project_level_extractions,https://energyandpolicy.org/alabama-power-data-center-contracts-redacted/,0.97,OBSERVED,
REL-1294,ENT-dotier-alabama-power-electric-service-contract,ENT-alabama-psc-filing-reporting-utility-contract-evidence,PROJECT_SOURCE_AUTHORITY,ALABAMA-POWER-DOTIER-CONTRACT-2026,project_level_extractions,https://energyandpolicy.org/alabama-power-data-center-contracts-redacted/,0.99,OBSERVED,"Publisher/source authority metadata, not ownership."
REL-1295,ENT-alabama-adc-alabama-power-electric-service-contract,ENT-alabama-power,PROJECT_UTILITY_PROVIDER,ALABAMA-POWER-NEBIUS-CONTRACT-2026,project_level_extractions,https://www.scribd.com/document/1068237120/Alabama-Power-electronic-filing-contract-for-electric-service-with-Alabama-ADC-Holdings-LLC,0.97,OBSERVED,
REL-1296,ENT-alabama-adc-alabama-power-electric-service-contract,ENT-alabama-psc-contract-transmittal-public-contract-evidence,PROJECT_SOURCE_AUTHORITY,ALABAMA-POWER-NEBIUS-CONTRACT-2026,project_level_extractions,https://www.scribd.com/document/1068237120/Alabama-Power-electronic-filing-contract-for-electric-service-with-Alabama-ADC-Holdings-LLC,0.99,OBSERVED,"Publisher/source authority metadata, not ownership."
REL-1297,ENT-woostor-alabama-power-electric-service-contract,ENT-alabama-power,PROJECT_UTILITY_PROVIDER,ALABAMA-POWER-WOOSTOR-CONTRACT-2026,project_level_extractions,https://energyandpolicy.org/alabama-power-data-center-contracts-redacted/,0.97,OBSERVED,
REL-1298,ENT-woostor-alabama-power-electric-service-contract,ENT-alabama-psc-contract-evidence-secondary-filing-review,PROJECT_SOURCE_AUTHORITY,ALABAMA-POWER-WOOSTOR-CONTRACT-2026,project_level_extractions,https://energyandpolicy.org/alabama-power-data-center-contracts-redacted/,0.99,OBSERVED,"Publisher/source authority metadata, not ownership."
REL-1299,ENT-caldwell-county-energy-center,ENT-ercot,PROJECT_UTILITY_PROVIDER,ERCOT-30INR0031-CALDWELL-2026,project_level_extractions,https://savrn.com/data-center-permits-tracker,0.97,OBSERVED,
REL-1300,ENT-caldwell-county-energy-center,ENT-secondary-public-facility-permit-tracker,PROJECT_SOURCE_AUTHORITY,ERCOT-30INR0031-CALDWELL-2026,project_level_extractions,https://savrn.com/data-center-permits-tracker,0.99,OBSERVED,"Publisher/source authority metadata, not ownership."
REL-1301,ENT-bullock-data-center,ENT-ercot,PROJECT_UTILITY_PROVIDER,ERCOT-33INR0005-BULLOCK-2026,project_level_extractions,https://savrn.com/data-center-permits-tracker,0.97,OBSERVED,
REL-1302,ENT-bullock-data-center,ENT-secondary-public-facility-permit-tracker,PROJECT_SOURCE_AUTHORITY,ERCOT-33INR0005-BULLOCK-2026,project_level_extractions,https://savrn.com/data-center-permits-tracker,0.99,OBSERVED,"Publisher/source authority metadata, not ownership."
REL-1303,ENT-liberty-thermal-energy-center-liberty-data-center-i,ENT-ercot,PROJECT_UTILITY_PROVIDER,ERCOT-33INR0006-LIBERTY-2026,project_level_extractions,https://savrn.com/data-center-permits-tracker,0.97,OBSERVED,
REL-1304,ENT-liberty-thermal-energy-center-liberty-data-center-i,ENT-secondary-public-facility-permit-tracker,PROJECT_SOURCE_AUTHORITY,ERCOT-33INR0006-LIBERTY-2026,project_level_extractions,https://savrn.com/data-center-permits-tracker,0.99,OBSERVED,"Publisher/source authority metadata, not ownership."
REL-1305,ENT-digital-realty-evergy-large-load-esa,ENT-evergy,PROJECT_UTILITY_PROVIDER,EVERGY-DIGITAL-REALTY-KS-CENTRAL-2026,project_level_extractions,https://investors.evergy.com/static-files/73352465-a5e0-4dbf-ac4b-98692902443f,0.97,OBSERVED,
REL-1306,ENT-digital-realty-evergy-large-load-esa,ENT-evergy-primary-investor-presentation,PROJECT_SOURCE_AUTHORITY,EVERGY-DIGITAL-REALTY-KS-CENTRAL-2026,project_level_extractions,https://investors.evergy.com/static-files/73352465-a5e0-4dbf-ac4b-98692902443f,0.99,OBSERVED,"Publisher/source authority metadata, not ownership."
REL-1307,ENT-beale-infrastructure-evergy-large-load-esa,ENT-evergy,PROJECT_UTILITY_PROVIDER,EVERGY-BEALE-KS-CENTRAL-2026,project_level_extractions,https://investors.evergy.com/static-files/73352465-a5e0-4dbf-ac4b-98692902443f,0.97,OBSERVED,
REL-1308,ENT-beale-infrastructure-evergy-large-load-esa,ENT-evergy-primary-investor-presentation,PROJECT_SOURCE_AUTHORITY,EVERGY-BEALE-KS-CENTRAL-2026,project_level_extractions,https://investors.evergy.com/static-files/73352465-a5e0-4dbf-ac4b-98692902443f,0.99,OBSERVED,"Publisher/source authority metadata, not ownership."
REL-1309,ENT-google-evergy-large-load-esa,ENT-evergy,PROJECT_UTILITY_PROVIDER,EVERGY-GOOGLE-MO-WEST-2026,project_level_extractions,https://investors.evergy.com/static-files/73352465-a5e0-4dbf-ac4b-98692902443f,0.97,OBSERVED,
REL-1310,ENT-google-evergy-large-load-esa,ENT-evergy-primary-investor-presentation,PROJECT_SOURCE_AUTHORITY,EVERGY-GOOGLE-MO-WEST-2026,project_level_extractions,https://investors.evergy.com/static-files/73352465-a5e0-4dbf-ac4b-98692902443f,0.99,OBSERVED,"Publisher/source authority metadata, not ownership."
REL-1311,ENT-google-evergy-large-load-esa,ENT-evergy,PROJECT_UTILITY_PROVIDER,EVERGY-GOOGLE-MO-METRO-2026,project_level_extractions,https://investors.evergy.com/static-files/73352465-a5e0-4dbf-ac4b-98692902443f,0.97,OBSERVED,
REL-1312,ENT-google-evergy-large-load-esa,ENT-evergy-primary-investor-presentation,PROJECT_SOURCE_AUTHORITY,EVERGY-GOOGLE-MO-METRO-2026,project_level_extractions,https://investors.evergy.com/static-files/73352465-a5e0-4dbf-ac4b-98692902443f,0.99,OBSERVED,"Publisher/source authority metadata, not ownership."
REL-1313,ENT-meta-evergy-large-load-esa,ENT-evergy,PROJECT_UTILITY_PROVIDER,EVERGY-META-MO-WEST-2026,project_level_extractions,https://investors.evergy.com/static-files/73352465-a5e0-4dbf-ac4b-98692902443f,0.97,OBSERVED,
REL-1314,ENT-meta-evergy-large-load-esa,ENT-evergy-primary-investor-presentation,PROJECT_SOURCE_AUTHORITY,EVERGY-META-MO-WEST-2026,project_level_extractions,https://investors.evergy.com/static-files/73352465-a5e0-4dbf-ac4b-98692902443f,0.99,OBSERVED,"Publisher/source authority metadata, not ownership."
REL-1315,ENT-minnesota-power-harmony-group-data-center-esa,ENT-minnesota-power-minnesota-public-utilities-commission,PROJECT_UTILITY_PROVIDER,MN-PUC-HARMONY-GROUP-ESA-26-159-2026,project_level_extractions,https://mn.gov/puc/activities/v-l-e-c/data-centers/,0.97,OBSERVED,
REL-1316,ENT-minnesota-power-harmony-group-data-center-esa,ENT-minnesota-puc-primary-source,PROJECT_SOURCE_AUTHORITY,MN-PUC-HARMONY-GROUP-ESA-26-159-2026,project_level_extractions,https://mn.gov/puc/activities/v-l-e-c/data-centers/,0.99,OBSERVED,"Publisher/source authority metadata, not ownership."
REL-1317,ENT-xcel-energy-echo-zone-data-center-esa,ENT-xcel-energy-minnesota-public-utilities-commission,PROJECT_UTILITY_PROVIDER,MN-PUC-ECHO-ZONE-ESA-26-170-2026,project_level_extractions,https://mn.gov/puc/activities/v-l-e-c/data-centers/,0.97,OBSERVED,
REL-1318,ENT-xcel-energy-echo-zone-data-center-esa,ENT-minnesota-puc-primary-source,PROJECT_SOURCE_AUTHORITY,MN-PUC-ECHO-ZONE-ESA-26-170-2026,project_level_extractions,https://mn.gov/puc/activities/v-l-e-c/data-centers/,0.99,OBSERVED,"Publisher/source authority metadata, not ownership."
REL-1319,ENT-google-monrovia-data-center-project,ENT-aes-indiana,PROJECT_UTILITY_PROVIDER,AES-INDIANA-GOOGLE-MONROVIA-2026,project_level_extractions,https://www.aesindiana.com/press-release/aes-indiana-google-partner,0.97,OBSERVED,
REL-1320,ENT-google-monrovia-data-center-project,ENT-aes-indiana-primary-iurc-filing,PROJECT_SOURCE_AUTHORITY,AES-INDIANA-GOOGLE-MONROVIA-2026,project_level_extractions,https://www.aesindiana.com/press-release/aes-indiana-google-partner,0.99,OBSERVED,"Publisher/source authority metadata, not ownership."
REL-1321,ENT-nv-energy-large-load-esa-vip-landco,ENT-nv-energy,PROJECT_UTILITY_PROVIDER,NV-26-05030-VIP-LANDCO-2026,project_level_extractions,https://pucweb1.state.nv.us/puc2/DktInfo.aspx,0.97,OBSERVED,
REL-1322,ENT-nv-energy-large-load-esa-vip-landco,ENT-nevada-public-utilities-commission-primary-docket-index,PROJECT_SOURCE_AUTHORITY,NV-26-05030-VIP-LANDCO-2026,project_level_extractions,https://pucweb1.state.nv.us/puc2/DktInfo.aspx,0.99,OBSERVED,"Publisher/source authority metadata, not ownership."
REL-1323,ENT-nv-energy-large-load-esa-prologis,ENT-nv-energy,PROJECT_UTILITY_PROVIDER,NV-26-05030-PROLOGIS-2026,project_level_extractions,https://pucweb1.state.nv.us/puc2/DktInfo.aspx,0.97,OBSERVED,
REL-1324,ENT-nv-energy-large-load-esa-prologis,ENT-nevada-public-utilities-commission-primary-docket-index,PROJECT_SOURCE_AUTHORITY,NV-26-05030-PROLOGIS-2026,project_level_extractions,https://pucweb1.state.nv.us/puc2/DktInfo.aspx,0.99,OBSERVED,"Publisher/source authority metadata, not ownership."
REL-1325,ENT-nv-energy-large-load-esa-novva-las-vegas,ENT-nv-energy,PROJECT_UTILITY_PROVIDER,NV-26-05029-NOVVA-LAS-VEGAS-2026,project_level_extractions,https://pucweb1.state.nv.us/puc2/DktInfo.aspx,0.97,OBSERVED,
REL-1326,ENT-nv-energy-large-load-esa-novva-las-vegas,ENT-nevada-public-utilities-commission-primary-docket-index,PROJECT_SOURCE_AUTHORITY,NV-26-05029-NOVVA-LAS-VEGAS-2026,project_level_extractions,https://pucweb1.state.nv.us/puc2/DktInfo.aspx,0.99,OBSERVED,"Publisher/source authority metadata, not ownership."
REL-1327,ENT-nv-energy-large-load-esa-proton-nlv,ENT-nv-energy,PROJECT_UTILITY_PROVIDER,NV-26-05029-PROTON-NLV-2026,project_level_extractions,https://pucweb1.state.nv.us/puc2/DktInfo.aspx,0.97,OBSERVED,
REL-1328,ENT-nv-energy-large-load-esa-proton-nlv,ENT-nevada-public-utilities-commission-primary-docket-index,PROJECT_SOURCE_AUTHORITY,NV-26-05029-PROTON-NLV-2026,project_level_extractions,https://pucweb1.state.nv.us/puc2/DktInfo.aspx,0.99,OBSERVED,"Publisher/source authority metadata, not ownership."
REL-1329,ENT-nv-energy-large-load-esa-vantage-data-centers-nv11,ENT-nv-energy,PROJECT_UTILITY_PROVIDER,NV-26-05028-VANTAGE-NV11-2026,project_level_extractions,https://pucweb1.state.nv.us/puc2/DktInfo.aspx,0.97,OBSERVED,
REL-1330,ENT-nv-energy-large-load-esa-vantage-data-centers-nv11,ENT-nevada-public-utilities-commission-primary-docket-index,PROJECT_SOURCE_AUTHORITY,NV-26-05028-VANTAGE-NV11-2026,project_level_extractions,https://pucweb1.state.nv.us/puc2/DktInfo.aspx,0.99,OBSERVED,"Publisher/source authority metadata, not ownership."
REL-1331,ENT-nv-energy-large-load-esa-pr-rno-property-owner-1,ENT-nv-energy,PROJECT_UTILITY_PROVIDER,NV-26-05027-PR-RNO-2026,project_level_extractions,https://pucweb1.state.nv.us/puc2/DktInfo.aspx,0.97,OBSERVED,
REL-1332,ENT-nv-energy-large-load-esa-pr-rno-property-owner-1,ENT-nevada-public-utilities-commission-primary-docket-index,PROJECT_SOURCE_AUTHORITY,NV-26-05027-PR-RNO-2026,project_level_extractions,https://pucweb1.state.nv.us/puc2/DktInfo.aspx,0.99,OBSERVED,"Publisher/source authority metadata, not ownership."
REL-1333,ENT-nv-energy-large-load-esa-sv-rno-property-owner-1,ENT-nv-energy,PROJECT_UTILITY_PROVIDER,NV-26-05027-SV-RNO-2026,project_level_extractions,https://pucweb1.state.nv.us/puc2/DktInfo.aspx,0.97,OBSERVED,
REL-1334,ENT-nv-energy-large-load-esa-sv-rno-property-owner-1,ENT-nevada-public-utilities-commission-primary-docket-index,PROJECT_SOURCE_AUTHORITY,NV-26-05027-SV-RNO-2026,project_level_extractions,https://pucweb1.state.nv.us/puc2/DktInfo.aspx,0.99,OBSERVED,"Publisher/source authority metadata, not ownership."
REL-1335,ENT-nv-energy-large-load-esa-amazon-data-services,ENT-nv-energy,PROJECT_UTILITY_PROVIDER,NV-26-05026-AMAZON-NV-2026,project_level_extractions,https://pucweb1.state.nv.us/puc2/DktInfo.aspx,0.97,OBSERVED,
REL-1336,ENT-nv-energy-large-load-esa-amazon-data-services,ENT-nevada-public-utilities-commission-primary-docket-index,PROJECT_SOURCE_AUTHORITY,NV-26-05026-AMAZON-NV-2026,project_level_extractions,https://pucweb1.state.nv.us/puc2/DktInfo.aspx,0.99,OBSERVED,"Publisher/source authority metadata, not ownership."
REL-1337,ENT-prospective-1-8-gw-data-center-project,ENT-wyoming-electric-black-hills-energy,PROJECT_UTILITY_PROVIDER,BLACK-HILLS-CHEYENNE-1.8GW-2026,project_level_extractions,https://ir.blackhillscorp.com/news-releases/news-release-details/black-hills-corp-reaffirms-2026-earnings-guidance-reports-2026,0.97,OBSERVED,
REL-1338,ENT-prospective-1-8-gw-data-center-project,ENT-utility-primary-source,PROJECT_SOURCE_AUTHORITY,BLACK-HILLS-CHEYENNE-1.8GW-2026,project_level_extractions,https://ir.blackhillscorp.com/news-releases/news-release-details/black-hills-corp-reaffirms-2026-earnings-guidance-reports-2026,0.99,OBSERVED,"Publisher/source authority metadata, not ownership."
REL-1339,ENT-whitefiber-enovum-nc-1-duke-energy-esa-facility,ENT-duke-energy-carolinas,PROJECT_UTILITY_PROVIDER,DUKE-WHITEFIBER-MADISON-NC-ESA-2025,project_level_extractions,https://www.sec.gov/Archives/edgar/data/1710350/000121390026056212/R24.htm,0.97,OBSERVED,
REL-1340,ENT-whitefiber-enovum-nc-1-duke-energy-esa-facility,ENT-sec-filed-customer-report,PROJECT_SOURCE_AUTHORITY,DUKE-WHITEFIBER-MADISON-NC-ESA-2025,project_level_extractions,https://www.sec.gov/Archives/edgar/data/1710350/000121390026056212/R24.htm,0.99,OBSERVED,"Publisher/source authority metadata, not ownership."
REL-1341,ENT-colossus-ii-direct-supply-power-request,ENT-tennessee-valley-authority-tva,RECORD_AUTHORITY,EPOCH-c20399471d1c5e4a-E01,epoch_site_evidence_records,https://dailymemphian.com/article/65680/spacexai-power-memphis-tennessee-valley-authority-tva,0.99,OBSERVED,
REL-1342,ENT-fairwater-atlanta-utility-relationship,ENT-georgia-power,RECORD_AUTHORITY,EPOCH-d9050b43689ed24c-E01,epoch_site_evidence_records,https://registry.deploy.report/datacenters/facilities/qts-fayetteville-ga-campus,0.99,OBSERVED,
REL-1343,ENT-project-rainier-new-carlisle-power-supply,ENT-indiana-michigan-power-aep,RECORD_AUTHORITY,EPOCH-45b3c74314eb1f26-E01,epoch_site_evidence_records,https://www.compute-atlas.com/facilities/amazon-project-rainier-new-carlisle-in,0.99,OBSERVED,
REL-1344,ENT-google-pryor-power-supply-customer-relationship,ENT-grand-river-dam-authority-grda,RECORD_AUTHORITY,EPOCH-ea699c935d46e066-E01,epoch_site_evidence_records,https://grda.com/wp-content/uploads/2025/06/Continuing-Disclosure-2024_06.26.2025-FINAL.pdf,0.99,OBSERVED,
REL-1345,ENT-meta-prometheus-public-utility-facility-record,ENT-aep-ohio,RECORD_AUTHORITY,EPOCH-8838deed95ffb554-E01,epoch_site_evidence_records,https://www.datacenter.fyi/utility/american-electric-power,0.99,OBSERVED,
REL-1346,ENT-meta-prometheus-grid-relationship,ENT-aep-ohio,RECORD_AUTHORITY,EPOCH-8838deed95ffb554-E02,epoch_site_evidence_records,https://registry.deploy.report/datacenters/facilities/meta-ohio-new-albany,0.99,OBSERVED,
REL-1347,ENT-stargate-abilene-serving-utility-record,ENT-aep-texas-oncor,RECORD_AUTHORITY,EPOCH-2c2e40ddb178da3e-E01,epoch_site_evidence_records,https://registry.deploy.report/datacenters/stargate-infrastructure-stargate-abilene,0.99,OBSERVED,
REL-1348,ENT-fairwater-mount-pleasant-utility-relationship,ENT-we-energies,RECORD_AUTHORITY,EPOCH-f5dc9d7a3f02c2e9-E01,epoch_site_evidence_records,https://registry.deploy.report/datacenters/microsoft-fairwater-wisconsin,0.99,OBSERVED,
REL-1349,ENT-no-match-found-site-specific-queue-service-record,ENT-malaysia-national-utility-grid-system,RECORD_AUTHORITY,EPOCH-04f65e1aee6c98ab-E01,epoch_site_evidence_records,https://epoch.ai/data/ai-data-centers/directory/dayone-kempas,0.99,OBSERVED,
REL-1350,ENT-google-columbus-utility-relationship,ENT-aep-ohio,RECORD_AUTHORITY,EPOCH-d8b28fdbc55817f9-E01,epoch_site_evidence_records,https://datacentersexposed.com/facilities/google-columbus,0.99,OBSERVED,
REL-1351,ENT-google-new-albany-data-center,ENT-city-of-new-albany-ohio,RECORD_AUTHORITY,EPOCH-5b353d56a567a70b-E01,epoch_site_evidence_records,https://datacenters.newalbanyohio.org/,0.99,OBSERVED,
REL-1352,ENT-google-mesa-data-center-facility-record,ENT-arizona-public-service,RECORD_AUTHORITY,EPOCH-83ca909f7eb211c7-E01,epoch_site_evidence_records,https://www.datacenter.fyi/public-record/google-aa4275ee,0.99,OBSERVED,
REL-1353,ENT-google-mesa-utility-relationship,ENT-arizona-public-service,RECORD_AUTHORITY,EPOCH-83ca909f7eb211c7-E02,epoch_site_evidence_records,https://www.datacenter.fyi/public-record/google-aa4275ee,0.99,OBSERVED,
REL-1354,ENT-no-match-found-site-specific-queue-service-record,ENT-malaysia-national-utility-grid-system,RECORD_AUTHORITY,EPOCH-55d4b5e818b5bb2a-E01,epoch_site_evidence_records,https://epoch.ai/data/ai-data-centers/directory/dayone-nusajaya,0.99,OBSERVED,
REL-1355,ENT-colossus-1-grid-supply,ENT-memphis-light-gas-and-water-tva,RECORD_AUTHORITY,EPOCH-2dadeb4b013bef05-E01,epoch_site_evidence_records,https://www.mlgw.com/xai,0.99,OBSERVED,
REL-1356,ENT-google-council-bluffs-utility-relationship,ENT-midamerican-energy,RECORD_AUTHORITY,EPOCH-1c8ee8b0305c6313-E01,epoch_site_evidence_records,https://suedatacenters.org/data-centers/google-council-bluffs-ia,0.99,OBSERVED,
REL-1357,ENT-denton-campus-power-purchase-agreement,ENT-denton-municipal-electric-core-scientific,RECORD_AUTHORITY,EPOCH-ac1ca1cf8df13b3c-E01,epoch_site_evidence_records,https://investors.corescientific.com/sec-filings/all-sec-filings/content/0001193125-26-165121/d149019dex992.htm,0.99,OBSERVED,
REL-1358,ENT-richmond-1-data-center-campus,ENT-qts-data-centers,RECORD_AUTHORITY,EPOCH-cc12c3e42b3eaf08-E01,epoch_site_evidence_records,https://q.com/data-centers/richmond-1/,0.99,OBSERVED,
REL-1359,ENT-qts-richmond-1-utility-relationship,ENT-dominion-energy,RECORD_AUTHORITY,EPOCH-cc12c3e42b3eaf08-E02,epoch_site_evidence_records,https://epoch.ai/data/ai-data-centers,0.99,OBSERVED,
REL-1360,ENT-meta-rosemount-data-center-power-supply,ENT-xcel-energy,RECORD_AUTHORITY,EPOCH-8358e445402d91c2-E01,epoch_site_evidence_records,https://stories.xcelenergy.com/stories/Building-the-21st-century-economy--Xcel-Energy-to-power-new-Meta-data-center,0.99,OBSERVED,
REL-1361,ENT-amazon-madison-mega-site-public-record-entry,ENT-canton-municipal-utilities,RECORD_AUTHORITY,EPOCH-0d287943c30fe239-E01,epoch_site_evidence_records,https://www.datacenter.fyi/state/ms,0.99,OBSERVED,
REL-1362,ENT-google-bristow-public-utility-facility-record,ENT-dominion-energy-virginia,RECORD_AUTHORITY,EPOCH-6db3bc2c79843ffd-E01,epoch_site_evidence_records,https://www.datacenter.fyi/state/va/bristow,0.99,OBSERVED,
REL-1363,ENT-google-bristow-utility-relationship,ENT-dominion-energy-virginia,RECORD_AUTHORITY,EPOCH-6db3bc2c79843ffd-E02,epoch_site_evidence_records,https://www.datacenter.fyi/public-record/google-be69857b,0.99,OBSERVED,
REL-1364,ENT-microsoft-goodyear-data-center-facility,ENT-arizona-public-service,RECORD_AUTHORITY,EPOCH-93a4aa4fa40d40ca-E01,epoch_site_evidence_records,https://suedatacenters.org/data-centers/microsoft-goodyear-az,0.99,OBSERVED,
REL-1365,ENT-microsoft-goodyear-utility-relationship,ENT-arizona-public-service,RECORD_AUTHORITY,EPOCH-93a4aa4fa40d40ca-E02,epoch_site_evidence_records,https://www.datacenter.fyi/public-record/microsoft-befedf4d,0.99,OBSERVED,
REL-1366,ENT-meta-jeffersonville-data-center-utility-relationship,ENT-duke-energy-indiana,RECORD_AUTHORITY,EPOCH-1ac0959562dee191-E01,epoch_site_evidence_records,https://datacenters.atmeta.com/wp-content/uploads/2024/10/Indiana-Jeffersonville.pdf,0.99,OBSERVED,
REL-1367,ENT-google-data-center-at-hunt-midwest-business-center,ENT-hunt-midwest,RECORD_AUTHORITY,EPOCH-6799460068cbed36-E01,epoch_site_evidence_records,https://huntmidwest.com/2024/03/google-announces-1-billion-data-center-at-hunt-midwest-business-center/,0.99,OBSERVED,
REL-1368,ENT-aws-new-albany-beech-road-campus,ENT-amazon-web-services,RECORD_AUTHORITY,EPOCH-bdc85fadae79b6b2-E01,epoch_site_evidence_records,https://suedatacenters.org/data-centers/aws-beech-road-new-albany-oh,0.99,OBSERVED,
REL-1369,ENT-google-omaha-data-center,ENT-google,RECORD_AUTHORITY,EPOCH-4eeccbee73808216-E01,epoch_site_evidence_records,https://datacenters.google/locations/nebraska/,0.99,OBSERVED,
REL-1370,ENT-google-omaha-demand-response-utility-relationship,ENT-omaha-public-power-district,RECORD_AUTHORITY,EPOCH-4eeccbee73808216-E02,epoch_site_evidence_records,https://blog.google/innovation-and-ai/infrastructure-and-cloud/global-network/how-were-making-data-centers-more-flexible-to-benefit-power-grids/,0.99,OBSERVED,
REL-1371,ENT-google-lincoln-data-center,ENT-google,RECORD_AUTHORITY,EPOCH-e06bc7faa8b1b187-E01,epoch_site_evidence_records,https://datacenters.google/locations/nebraska/,0.99,OBSERVED,
REL-1372,ENT-richmond-2-data-center-campus,ENT-qts-data-centers,RECORD_AUTHORITY,EPOCH-052be5b551cd099b-E01,epoch_site_evidence_records,https://q.com/data-centers/richmond-2/,0.99,OBSERVED,
REL-1373,ENT-qts-richmond-2-secondary-utility-relationship,ENT-dominion-energy,RECORD_AUTHORITY,EPOCH-052be5b551cd099b-E02,epoch_site_evidence_records,https://epoch.ai/data/ai-data-centers,0.99,OBSERVED,
REL-1374,ENT-google-the-dalles-serving-utility,ENT-northern-wasco-county-pud,RECORD_AUTHORITY,EPOCH-40ccef8ef4236635-E01,epoch_site_evidence_records,https://registry.deploy.report/datacenters/facilities/google-the-dalles-river-road-building-wasco-or,0.99,OBSERVED,
REL-1375,ENT-richmond-3-data-center-campus,ENT-qts-data-centers,RECORD_AUTHORITY,EPOCH-02484a65a5dac16d-E01,epoch_site_evidence_records,https://q.com/data-centers/richmond-3/,0.99,OBSERVED,
REL-1376,ENT-qts-richmond-3-secondary-utility-relationship,ENT-dominion-energy,RECORD_AUTHORITY,EPOCH-02484a65a5dac16d-E02,epoch_site_evidence_records,https://epoch.ai/data/ai-data-centers,0.99,OBSERVED,
REL-1377,ENT-dotier-participation-contract,ENT-alabama-public-service-commission-alabama-power,RECORD_AUTHORITY,EPOCH-0788d9aeb3114553-E01,epoch_site_evidence_records,https://www.psc.alabama.gov/,0.99,OBSERVED,
REL-1378,ENT-meta-kuna-data-center-energy-planning,ENT-idaho-power,RECORD_AUTHORITY,EPOCH-5de9a1c70a3e2275-E01,epoch_site_evidence_records,https://datacenters.atmeta.com/2026/09/kuna-we-are-online/,0.99,OBSERVED,
REL-1379,ENT-meta-temple-data-center-energy-planning,ENT-oncor-electric,RECORD_AUTHORITY,EPOCH-6ff5e1aeb6f0c7e3-E01,epoch_site_evidence_records,https://datacenters.atmeta.com/2026/07/temple-we-are-online/,0.99,OBSERVED,
REL-1380,ENT-meta-cheyenne-grid-energy-relationship,ENT-black-hills-energy,RECORD_AUTHORITY,EPOCH-14cecdb5956daea1-E01,epoch_site_evidence_records,https://datacenters.atmeta.com/2024/07/hello-cheyenne/,0.99,OBSERVED,
REL-1381,ENT-amazon-ridgeland-secondary-utility-relationship,ENT-entergy-mississippi,RECORD_AUTHORITY,EPOCH-4a87099a6d1e001f-E01,epoch_site_evidence_records,https://epoch.ai/data/ai-data-centers,0.99,OBSERVED,
REL-1382,ENT-meta-huntsville-secondary-utility-relationship,ENT-tennessee-valley-authority,RECORD_AUTHORITY,EPOCH-27e284efc1b1abc2-E01,epoch_site_evidence_records,https://epoch.ai/data/ai-data-centers,0.99,OBSERVED,
REL-1383,ENT-site-level-connection-service-evidence,ENT-aep-texas,RECORD_AUTHORITY,EPOCH-a69e48fd129d0cdb-E01,epoch_site_evidence_records,https://investor.galaxy.com/news-releases/news-release-details/galaxy-completes-ercot-interconnection-studies-and-secures,0.99,OBSERVED,
REL-1384,ENT-microsoft-project-osmium-utility-relationship,ENT-midamerican-energy,RECORD_AUTHORITY,EPOCH-534376160415dc84-E01,epoch_site_evidence_records,https://www.cleanenergydistricts.org/data-centers-in-iowa-resource-hub,0.99,OBSERVED,
REL-1385,ENT-meta-eagle-mountain-grid-infrastructure-relationship,ENT-rocky-mountain-power,RECORD_AUTHORITY,EPOCH-0bb0b996b7c96beb-E01,epoch_site_evidence_records,https://datacenters.atmeta.com/2026/09/deepening-our-investment-in-eagle-mountain-utah/,0.99,OBSERVED,
REL-1386,ENT-no-match-found-site-specific-queue-service-record,ENT-epoch-connection-research,RECORD_AUTHORITY,EPOCH-85492d2b8df586a1-E01,epoch_site_evidence_records,https://epoch.ai/data/ai-data-centers/directory/google-midlothian,0.99,OBSERVED,
REL-1387,ENT-google-storey-county-energy-supply-agreement,ENT-public-utilities-commission-of-nevada-nv-energy,RECORD_AUTHORITY,EPOCH-2b89e13933a04725-E01,epoch_site_evidence_records,https://puc.nv.gov/uploadedFiles/puc.nv.gov/Content/About/Media_Outreach/NewsletterJuly2024.pdf,0.99,OBSERVED,
REL-1388,ENT-no-match-found-site-specific-queue-service-record,ENT-epoch-connection-research,RECORD_AUTHORITY,EPOCH-f92e98f4b76a9bcd-E01,epoch_site_evidence_records,https://epoch.ai/data/ai-data-centers/directory/google-lancaster,0.99,OBSERVED,
REL-1389,ENT-meta-qts-hillsboro-2-secondary-utility-relationship,ENT-portland-general-electric,RECORD_AUTHORITY,EPOCH-78f8285078416a9e-E01,epoch_site_evidence_records,https://epoch.ai/data/ai-data-centers,0.99,OBSERVED,
REL-1390,ENT-google-waltham-cross-24-7-carbon-free-energy-management-agreement,ENT-shell-energy-europe-google,RECORD_AUTHORITY,EPOCH-a2c9f0846296fe65-E01,epoch_site_evidence_records,https://www.datacenters.google/locations/waltham-cross/,0.99,OBSERVED,
REL-1391,ENT-no-match-found-site-specific-queue-service-record,ENT-china-state-grid-inner-mongolia-provincial-grid-system,RECORD_AUTHORITY,EPOCH-a286a89bd1c1b6e7-E01,epoch_site_evidence_records,https://epoch.ai/data/ai-data-centers/directory/vnet-bayin-ulanqab,0.99,OBSERVED,
REL-1392,ENT-google-arcola-serving-utility-relationship,ENT-dominion-energy,RECORD_AUTHORITY,EPOCH-785d6e4c34607dd4-E01,epoch_site_evidence_records,https://suedatacenters.org/data-centers/google-arcola-loudoun-va,0.99,OBSERVED,
REL-1393,ENT-no-match-found-site-specific-queue-service-record,ENT-epoch-connection-research,RECORD_AUTHORITY,EPOCH-f1a2bcdd78478bc2-E01,epoch_site_evidence_records,https://www.tdlr.texas.gov/TABS/Search/Project/TABS2021,0.99,OBSERVED,
REL-1394,ENT-google-papillion-large-customer-planning,ENT-oppd,RECORD_AUTHORITY,EPOCH-4525348d114e3e8e-E01,epoch_site_evidence_records,https://www.oppd.com/media/316613/neomaha01a-pos-2019.pdf,0.99,OBSERVED,
REL-1395,ENT-site-level-connection-service-evidence,ENT-tennessee-valley-authority-tva,RECORD_AUTHORITY,EPOCH-d29894d37388a96a-E01,epoch_site_evidence_records,https://datacenters.atmeta.com/2024/11/gallatin-we-are-online/,0.99,OBSERVED,
REL-1396,ENT-meta-los-lunas-serving-utility-relationship,ENT-public-service-of-new-mexico-pnm,RECORD_AUTHORITY,EPOCH-02c050b6b554fadd-E01,epoch_site_evidence_records,https://registry.deploy.report/datacenters/facilities/meta-new-mexico-los-lunas,0.99,OBSERVED,
REL-1397,ENT-coreweave-ellendale-campus-250-mw-datacenter-leases,ENT-coreweave-applied-digital,RECORD_AUTHORITY,EPOCH-768183e4de6062d2-E01,epoch_site_evidence_records,https://www.sec.gov/Archives/edgar/data/1144879/000164117225013199/form8-k.htm,0.99,OBSERVED,
REL-1398,ENT-meta-sarpy-serving-utility-relationship,ENT-omaha-public-power-district,RECORD_AUTHORITY,EPOCH-4b5df4f52274f2ba-E01,epoch_site_evidence_records,https://registry.deploy.report/datacenters/facilities/meta-nebraska-sarpy,0.99,OBSERVED,
REL-1399,ENT-no-match-found-site-specific-queue-service-record,ENT-china-state-grid-inner-mongolia-provincial-grid-system,RECORD_AUTHORITY,EPOCH-77e196fc5320fd70-E01,epoch_site_evidence_records,https://epoch.ai/data/ai-data-centers/directory/huawei-horinger,0.99,OBSERVED,
REL-1400,ENT-no-match-found-site-specific-queue-service-record,ENT-epoch-connection-research,RECORD_AUTHORITY,EPOCH-2d362a1adb09fddd-E01,epoch_site_evidence_records,https://epoch.ai/data/ai-data-centers/directory/coreweave-chester-va,0.99,OBSERVED,
REL-1401,ENT-no-match-found-site-specific-queue-service-record,ENT-pln-grid-connection-system,RECORD_AUTHORITY,EPOCH-ea5d1ae5837aba5c-E01,epoch_site_evidence_records,https://epoch.ai/data/ai-data-centers/directory/oracle-batam,0.99,OBSERVED,
REL-1402,ENT-site-level-connection-service-evidence,ENT-talen-energy,RECORD_AUTHORITY,EPOCH-03aad260b30bfbe1-E01,epoch_site_evidence_records,https://epoch.ai/data/ai-data-centers/directory/aws-berwick,0.99,OBSERVED,
REL-1403,ENT-marble-data-center-utility-supply,ENT-murphy-electric-power-board-duke-energy,RECORD_AUTHORITY,EPOCH-eb87487504bda8ed-E01,epoch_site_evidence_records,https://www.sec.gov/Archives/edgar/data/1839341/000119312526165121/d149019dex992.htm,0.99,OBSERVED,
REL-1404,ENT-meta-aiken-serving-utility-relationship,ENT-aiken-electric-cooperative,RECORD_AUTHORITY,EPOCH-7d9b5af0cce16f1c-E01,epoch_site_evidence_records,https://suedatacenters.org/data-centers/meta-aiken-county-sc,0.99,OBSERVED,
REL-1405,ENT-no-match-found-site-specific-queue-service-record,ENT-china-state-grid-anhui-provincial-grid-system,RECORD_AUTHORITY,EPOCH-af62ae3440fe885a-E01,epoch_site_evidence_records,https://epoch.ai/data/ai-data-centers/directory/huawei-wuhu,0.99,OBSERVED,
REL-1406,ENT-lake-mariner-data-ii,ENT-nyiso,RECORD_AUTHORITY,EPOCH-d1b62579c6be3fe8-E01,epoch_site_evidence_records,https://www.nyiso.com/documents/20142/1407078/NYISO-Interconnection-Queue.xlsx,0.99,OBSERVED,
REL-1407,ENT-no-match-found-site-specific-queue-service-record,ENT-epoch-connection-research,RECORD_AUTHORITY,EPOCH-71d0091a05448224-E01,epoch_site_evidence_records,https://www.tdlr.texas.gov/TABS/Search/Project/TABS2023013247,0.99,OBSERVED,
REL-1408,ENT-nva02-dedicated-substations,ENT-novec,RECORD_AUTHORITY,EPOCH-c89a3269719f868a-E01,epoch_site_evidence_records,https://www.stackinfra.com/locations/americas/northern-virginia/nva02/,0.99,OBSERVED,
REL-1409,ENT-lake-mariner-data-ii,ENT-nyiso,RECORD_AUTHORITY,EPOCH-29fb769630142638-E01,epoch_site_evidence_records,https://www.nyiso.com/documents/20142/1407078/NYISO-Interconnection-Queue.xlsx,0.99,OBSERVED,
REL-1410,ENT-site-level-connection-service-evidence,ENT-bloom-energy,RECORD_AUTHORITY,EPOCH-781cbfae186209ad-E01,epoch_site_evidence_records,https://epoch.ai/data/ai-data-centers/directory/microsoft-nebius-new-jersey,0.99,OBSERVED,
REL-1411,ENT-no-match-found-site-specific-queue-service-record,ENT-statnett-local-distribution-network,RECORD_AUTHORITY,EPOCH-f48a533b01898dfd-E01,epoch_site_evidence_records,https://epoch.ai/data/ai-data-centers/directory/coreweave-norway,0.99,OBSERVED,
REL-1412,ENT-no-match-found-site-specific-queue-service-record,ENT-fingrid-local-distribution-network,RECORD_AUTHORITY,EPOCH-41dea3fb46d2e6a8-E01,epoch_site_evidence_records,https://epoch.ai/data/ai-data-centers/directory/nebius-mantsala,0.99,OBSERVED,
REL-1413,ENT-no-match-found-site-specific-queue-service-record,ENT-aemo-local-network-service-provider,RECORD_AUTHORITY,EPOCH-827d7832237170bd-E01,epoch_site_evidence_records,https://epoch.ai/data/ai-data-centers/directory/southgate-melbourne,0.99,OBSERVED,
REL-1414,ENT-site-level-connection-service-evidence,ENT-arizona-public-service-aps,RECORD_AUTHORITY,EPOCH-ee5c7acdbc729ef8-E01,epoch_site_evidence_records,https://epoch.ai/data/ai-data-centers/directory/stream-phoenix,0.99,OBSERVED,
REL-1415,ENT-no-match-found-site-specific-queue-service-record,ENT-epoch-connection-research,RECORD_AUTHORITY,EPOCH-0355f445ca6cbed4-E01,epoch_site_evidence_records,https://www.tdlr.texas.gov/TABS/Search/Project/TABS2021019142,0.99,OBSERVED,
REL-1416,ENT-vantage-tx11-tx1-project,ENT-texas-department-of-licensing-and-regulation,RECORD_AUTHORITY,EPOCH-96d37578ca36f86c-E01,epoch_site_evidence_records,https://www.tdlr.texas.gov/,0.99,OBSERVED,
REL-1417,ENT-du-electric-service-agreement-dalton-campuses,ENT-dalton-utilities,RECORD_AUTHORITY,EPOCH-8696ef81d91560a9-E01,epoch_site_evidence_records,https://www.sec.gov/Archives/edgar/data/1839341/000119312526165121/d149019dex992.htm,0.99,OBSERVED,
REL-1418,ENT-no-match-found-site-specific-queue-service-record,ENT-china-state-grid-hebei-provincial-grid-system,RECORD_AUTHORITY,EPOCH-e20c2909085b37fd-E01,epoch_site_evidence_records,https://epoch.ai/data/ai-data-centers/directory/alibaba-zhangbei,0.99,OBSERVED,
REL-1419,ENT-site-level-connection-service-evidence,ENT-ren-redes-energ-ticas-nacionais,RECORD_AUTHORITY,EPOCH-8baa344f9717520c-E01,epoch_site_evidence_records,https://www.startcampus.pt/press_release_august_2024_1gw,0.99,OBSERVED,
REL-1420,ENT-site-level-connection-service-evidence,ENT-georgia-power,RECORD_AUTHORITY,EPOCH-495a9afde5e4b96c-E01,epoch_site_evidence_records,https://epoch.ai/data/ai-data-centers/directory/xai-qts-atlanta,0.99,OBSERVED,
REL-1421,ENT-no-match-found-site-specific-queue-service-record,ENT-landsnet-local-distribution-network,RECORD_AUTHORITY,EPOCH-f1a70be0079d215a-E01,epoch_site_evidence_records,https://epoch.ai/data/ai-data-centers/directory/nscale-keflavik,0.99,OBSERVED,
REL-1422,ENT-no-match-found-site-specific-queue-service-record,ENT-epoch-connection-research,RECORD_AUTHORITY,EPOCH-5b05fa7b682be282-E01,epoch_site_evidence_records,https://epoch.ai/data/ai-data-centers/directory/anthropic-barber-lake,0.99,OBSERVED,
REL-1423,ENT-coreweave-lancaster-data-center,ENT-ppl-electric,RECORD_AUTHORITY,EPOCH-7648e1438308fdae-E01,epoch_site_evidence_records,https://registry.deploy.report/datacenters/facilities/coreweave-lancaster-pa,0.99,OBSERVED,
REL-1424,ENT-og-and-e-electric-service-agreement,ENT-og-and-e,RECORD_AUTHORITY,EPOCH-65e758d676dc06d6-E01,epoch_site_evidence_records,https://www.sec.gov/Archives/edgar/data/1839341/000119312526165121/d149019dex992.htm,0.99,OBSERVED,
REL-1425,ENT-site-level-connection-service-evidence,ENT-ercot-system,RECORD_AUTHORITY,EPOCH-4569f5444951b2fd-E01,epoch_site_evidence_records,https://registry.deploy.report/datacenters/facilities/crusoe-abilene-ii-microsoft-tx,0.99,OBSERVED,
REL-1426,ENT-no-match-found-site-specific-queue-service-record,ENT-svenska-kraftn-t-local-distribution-network,RECORD_AUTHORITY,EPOCH-dadec9d6ef7fca88-E01,epoch_site_evidence_records,https://epoch.ai/data/ai-data-centers/directory/ecodatacenter-2,0.99,OBSERVED,
REL-1427,ENT-goodnight-data-center-permit,ENT-texas-commission-on-environmental-quality,RECORD_AUTHORITY,EPOCH-bbf05f2d8903eccc-E01,epoch_site_evidence_records,https://www.tceq.texas.gov/,0.99,OBSERVED,
REL-1428,ENT-google-big-cedar-data-center-project,ENT-alliant-energy,RECORD_AUTHORITY,EPOCH-2d6a8403fde79650-E01,epoch_site_evidence_records,https://www.alliantenergy.com/news/news-center/2025/06/060425-googlebigcedarannouncement,0.99,OBSERVED,
REL-1429,ENT-google-fort-wayne-energization,ENT-indiana-michigan-power-indiana-utility-regulatory-commission,RECORD_AUTHORITY,EPOCH-f340a33a5ef18d4f-E01,epoch_site_evidence_records,https://datacenterdata.io/insights/updates/u/b721b76c4739/,0.99,OBSERVED,
REL-1430,ENT-meta-bowling-green-energy-planning,ENT-toledo-edison,RECORD_AUTHORITY,EPOCH-177c53f92d72ec4a-E01,epoch_site_evidence_records,https://datacenters.atmeta.com/2025/04/hello-bowling-green/,0.99,OBSERVED,
REL-1431,ENT-large-load-service-proceedings-for-meta-hyperion,ENT-louisiana-public-service-commission-entergy-louisiana,RECORD_AUTHORITY,EPOCH-bbcf0efa8bcebd41-E01,epoch_site_evidence_records,https://www.lpsc.louisiana.gov/,0.99,OBSERVED,
REL-1432,ENT-no-match-found-site-specific-queue-service-record,ENT-statnett-local-distribution-network,RECORD_AUTHORITY,EPOCH-1b7cb9c2b0eb479f-E01,epoch_site_evidence_records,https://epoch.ai/data/ai-data-centers/directory/microsoft-narvik-norway,0.99,OBSERVED,
REL-1433,ENT-no-match-found-site-specific-queue-service-record,ENT-pjm-system,RECORD_AUTHORITY,EPOCH-dc6199921ba82b85-E01,epoch_site_evidence_records,https://epoch.ai/publications/openai-stargate-where-the-us-sites-stand,0.99,OBSERVED,
REL-1434,ENT-dte-special-contract-approval-stargate-michigan,ENT-michigan-public-service-commission-dte-electric,RECORD_AUTHORITY,EPOCH-145ed5861bdf2982-E01,epoch_site_evidence_records,https://www.michigan.gov/som/data-centers,0.99,OBSERVED,
REL-1435,ENT-no-match-found-site-specific-queue-service-record,ENT-ercot-system,RECORD_AUTHORITY,EPOCH-e3aa5f34aa5c4a7b-E01,epoch_site_evidence_records,https://epoch.ai/publications/openai-stargate-where-the-us-sites-stand,0.99,OBSERVED,
REL-1436,ENT-no-match-found-site-specific-queue-service-record,ENT-wecc-pnm-serving-system,RECORD_AUTHORITY,EPOCH-3816121e8d72fe04-E01,epoch_site_evidence_records,https://epoch.ai/publications/openai-stargate-where-the-us-sites-stand,0.99,OBSERVED,
REL-1437,ENT-no-match-found-site-specific-queue-service-record,ENT-ercot-system,RECORD_AUTHORITY,EPOCH-b427a75f62d61aae-E01,epoch_site_evidence_records,https://epoch.ai/publications/openai-stargate-where-the-us-sites-stand,0.99,OBSERVED,
REL-1438,ENT-no-match-found-site-specific-queue-service-record,ENT-uae-transmission-local-distribution-connection-process,RECORD_AUTHORITY,EPOCH-661288625d17662a-E01,epoch_site_evidence_records,https://epoch.ai/data/ai-data-centers/directory/openai-stargate-uae,0.99,OBSERVED,
REL-1439,ENT-site-level-connection-service-evidence,ENT-we-energies-wec-energy-group,RECORD_AUTHORITY,EPOCH-78e7d8474fbdf968-E01,epoch_site_evidence_records,https://registry.deploy.report/datacenters/vantage-lighthouse-port-washington-wisconsin,0.99,OBSERVED,
REL-1440,ENT-qts-cedar-rapids-big-cedar-campus,ENT-alliant-energy,RECORD_AUTHORITY,EPOCH-d2da66ea035880ce-E01,epoch_site_evidence_records,https://www.alliantenergy.com/news/news-center/2025/02/021225-qtsannouncementcr,0.99,OBSERVED,
REL-1441,ENT-sna-cedar-rapids-new-load-announcement,ENT-miso,RECORD_AUTHORITY,EPOCH-d2da66ea035880ce-E02,epoch_site_evidence_records,https://cdn.misoenergy.org/NEW%20LOAD%20ANNOUNCEMENTS%20IN%20MISO%20REGIONS%2012062024684954.pdf,0.99,OBSERVED,
REL-1442,ENT-qts-eagle-mountain-serving-utility-relationship,ENT-rocky-mountain-power,RECORD_AUTHORITY,EPOCH-4b4d686b6c457a68-E01,epoch_site_evidence_records,https://registry.deploy.report/datacenters/facilities/qts-eagle-mountain-eagle-mountain-ut,0.99,OBSERVED,
REL-1443,EPOCH-c20399471d1c5e4a,ENT-spacexai,SITE_OWNER_OPERATOR,EPOCH-c20399471d1c5e4a,epoch_ai_registry,https://epoch.ai/data/data-centers-documentation/records,0.98,OBSERVED_OR_REPORTED,Explicit Epoch owner field.
REL-1444,EPOCH-c20399471d1c5e4a,ENT-anthropic,SITE_COMPUTE_USER,EPOCH-c20399471d1c5e4a,epoch_ai_registry,https://epoch.ai/data/data-centers-documentation/records,0.9,OBSERVED_OR_REPORTED,Explicit Epoch users field.
REL-1445,EPOCH-c20399471d1c5e4a,ENT-cursor,SITE_COMPUTE_USER,EPOCH-c20399471d1c5e4a,epoch_ai_registry,https://epoch.ai/data/data-centers-documentation/records,0.9,OBSERVED_OR_REPORTED,Explicit Epoch users field.
REL-1446,EPOCH-c20399471d1c5e4a,ENT-spacexai,SITE_COMPUTE_USER,EPOCH-c20399471d1c5e4a,epoch_ai_registry,https://epoch.ai/data/data-centers-documentation/records,0.9,OBSERVED_OR_REPORTED,Explicit Epoch users field.
REL-1447,EPOCH-d9050b43689ed24c,ENT-microsoft,SITE_OWNER_OPERATOR,EPOCH-d9050b43689ed24c,epoch_ai_registry,https://epoch.ai/data/data-centers-documentation/records,0.98,OBSERVED_OR_REPORTED,Explicit Epoch owner field.
REL-1448,EPOCH-d9050b43689ed24c,ENT-openai,SITE_COMPUTE_USER,EPOCH-d9050b43689ed24c,epoch_ai_registry,https://epoch.ai/data/data-centers-documentation/records,0.9,OBSERVED_OR_REPORTED,Explicit Epoch users field.
REL-1449,EPOCH-d9050b43689ed24c,ENT-microsoft,SITE_COMPUTE_USER,EPOCH-d9050b43689ed24c,epoch_ai_registry,https://epoch.ai/data/data-centers-documentation/records,0.9,OBSERVED_OR_REPORTED,Explicit Epoch users field.
REL-1450,EPOCH-d9050b43689ed24c,ENT-georgia-power,SITE_ENERGY_COMPANY,EPOCH-d9050b43689ed24c,epoch_ai_registry,https://epoch.ai/data/data-centers-documentation/records,0.97,OBSERVED_OR_REPORTED,Explicit Epoch energy-company field.
REL-1451,EPOCH-d9050b43689ed24c,ENT-microsoft-ai-wan,SITE_PROJECT_REFERENCE,EPOCH-d9050b43689ed24c,epoch_ai_registry,https://epoch.ai/data/data-centers-documentation/records,0.98,OBSERVED_OR_REPORTED,Publisher project field; not asserted to be a legal alias.
REL-1452,EPOCH-45b3c74314eb1f26,ENT-amazon,SITE_OWNER_OPERATOR,EPOCH-45b3c74314eb1f26,epoch_ai_registry,https://epoch.ai/data/data-centers-documentation/records,0.98,OBSERVED_OR_REPORTED,Explicit Epoch owner field.
REL-1453,EPOCH-45b3c74314eb1f26,ENT-anthropic,SITE_COMPUTE_USER,EPOCH-45b3c74314eb1f26,epoch_ai_registry,https://epoch.ai/data/data-centers-documentation/records,0.9,OBSERVED_OR_REPORTED,Explicit Epoch users field.
REL-1454,EPOCH-45b3c74314eb1f26,ENT-project-rainier,SITE_PROJECT_REFERENCE,EPOCH-45b3c74314eb1f26,epoch_ai_registry,https://epoch.ai/data/data-centers-documentation/records,0.98,OBSERVED_OR_REPORTED,Publisher project field; not asserted to be a legal alias.
REL-1455,EPOCH-ea699c935d46e066,ENT-google,SITE_OWNER_OPERATOR,EPOCH-ea699c935d46e066,epoch_ai_registry,https://epoch.ai/data/data-centers-documentation/records,0.98,OBSERVED_OR_REPORTED,Explicit Epoch owner field.
REL-1456,EPOCH-ea699c935d46e066,ENT-google-deepmind-speculative,SITE_COMPUTE_USER,EPOCH-ea699c935d46e066,epoch_ai_registry,https://epoch.ai/data/data-centers-documentation/records,0.9,OBSERVED_OR_REPORTED,Explicit Epoch users field.
REL-1457,EPOCH-8838deed95ffb554,ENT-meta,SITE_OWNER_OPERATOR,EPOCH-8838deed95ffb554,epoch_ai_registry,https://epoch.ai/data/data-centers-documentation/records,0.98,OBSERVED_OR_REPORTED,Explicit Epoch owner field.
REL-1458,EPOCH-8838deed95ffb554,ENT-meta,SITE_COMPUTE_USER,EPOCH-8838deed95ffb554,epoch_ai_registry,https://epoch.ai/data/data-centers-documentation/records,0.9,OBSERVED_OR_REPORTED,Explicit Epoch users field.
REL-1459,EPOCH-8838deed95ffb554,ENT-williams,SITE_ENERGY_COMPANY,EPOCH-8838deed95ffb554,epoch_ai_registry,https://epoch.ai/data/data-centers-documentation/records,0.97,OBSERVED_OR_REPORTED,Explicit Epoch energy-company field.
REL-1460,EPOCH-8838deed95ffb554,ENT-american-electric-power,SITE_ENERGY_COMPANY,EPOCH-8838deed95ffb554,epoch_ai_registry,https://epoch.ai/data/data-centers-documentation/records,0.97,OBSERVED_OR_REPORTED,Explicit Epoch energy-company field.
REL-1461,EPOCH-8838deed95ffb554,ENT-prometheus,SITE_PROJECT_REFERENCE,EPOCH-8838deed95ffb554,epoch_ai_registry,https://epoch.ai/data/data-centers-documentation/records,0.98,OBSERVED_OR_REPORTED,Publisher project field; not asserted to be a legal alias.
REL-1462,EPOCH-2c2e40ddb178da3e,ENT-oracle,SITE_OWNER_OPERATOR,EPOCH-2c2e40ddb178da3e,epoch_ai_registry,https://epoch.ai/data/data-centers-documentation/records,0.98,OBSERVED_OR_REPORTED,Explicit Epoch owner field.
REL-1463,EPOCH-2c2e40ddb178da3e,ENT-openai,SITE_COMPUTE_USER,EPOCH-2c2e40ddb178da3e,epoch_ai_registry,https://epoch.ai/data/data-centers-documentation/records,0.9,OBSERVED_OR_REPORTED,Explicit Epoch users field.
REL-1464,EPOCH-2c2e40ddb178da3e,ENT-american-electric-power,SITE_ENERGY_COMPANY,EPOCH-2c2e40ddb178da3e,epoch_ai_registry,https://epoch.ai/data/data-centers-documentation/records,0.97,OBSERVED_OR_REPORTED,Explicit Epoch energy-company field.
REL-1465,EPOCH-2c2e40ddb178da3e,ENT-mortenson,SITE_CONSTRUCTION_COMPANY,EPOCH-2c2e40ddb178da3e,epoch_ai_registry,https://epoch.ai/data/data-centers-documentation/records,0.95,OBSERVED_OR_REPORTED,Explicit Epoch construction-company field.
REL-1466,EPOCH-2c2e40ddb178da3e,ENT-stargate,SITE_PROJECT_REFERENCE,EPOCH-2c2e40ddb178da3e,epoch_ai_registry,https://epoch.ai/data/data-centers-documentation/records,0.98,OBSERVED_OR_REPORTED,Publisher project field; not asserted to be a legal alias.
REL-1467,EPOCH-f5dc9d7a3f02c2e9,ENT-microsoft,SITE_OWNER_OPERATOR,EPOCH-f5dc9d7a3f02c2e9,epoch_ai_registry,https://epoch.ai/data/data-centers-documentation/records,0.98,OBSERVED_OR_REPORTED,Explicit Epoch owner field.
REL-1468,EPOCH-f5dc9d7a3f02c2e9,ENT-openai,SITE_COMPUTE_USER,EPOCH-f5dc9d7a3f02c2e9,epoch_ai_registry,https://epoch.ai/data/data-centers-documentation/records,0.9,OBSERVED_OR_REPORTED,Explicit Epoch users field.
REL-1469,EPOCH-f5dc9d7a3f02c2e9,ENT-microsoft,SITE_COMPUTE_USER,EPOCH-f5dc9d7a3f02c2e9,epoch_ai_registry,https://epoch.ai/data/data-centers-documentation/records,0.9,OBSERVED_OR_REPORTED,Explicit Epoch users field.
REL-1470,EPOCH-f5dc9d7a3f02c2e9,ENT-we-energies,SITE_ENERGY_COMPANY,EPOCH-f5dc9d7a3f02c2e9,epoch_ai_registry,https://epoch.ai/data/data-centers-documentation/records,0.97,OBSERVED_OR_REPORTED,Explicit Epoch energy-company field.
REL-1471,EPOCH-f5dc9d7a3f02c2e9,ENT-microsoft-ai-wan,SITE_PROJECT_REFERENCE,EPOCH-f5dc9d7a3f02c2e9,epoch_ai_registry,https://epoch.ai/data/data-centers-documentation/records,0.98,OBSERVED_OR_REPORTED,Publisher project field; not asserted to be a legal alias.
REL-1472,EPOCH-d8b28fdbc55817f9,ENT-google,SITE_OWNER_OPERATOR,EPOCH-d8b28fdbc55817f9,epoch_ai_registry,https://epoch.ai/data/data-centers-documentation/records,0.98,OBSERVED_OR_REPORTED,Explicit Epoch owner field.
REL-1473,EPOCH-d8b28fdbc55817f9,ENT-google-deepmind-speculative,SITE_COMPUTE_USER,EPOCH-d8b28fdbc55817f9,epoch_ai_registry,https://epoch.ai/data/data-centers-documentation/records,0.9,OBSERVED_OR_REPORTED,Explicit Epoch users field.
REL-1474,EPOCH-5b353d56a567a70b,ENT-google,SITE_OWNER_OPERATOR,EPOCH-5b353d56a567a70b,epoch_ai_registry,https://epoch.ai/data/data-centers-documentation/records,0.98,OBSERVED_OR_REPORTED,Explicit Epoch owner field.
REL-1475,EPOCH-5b353d56a567a70b,ENT-google-deepmind-speculative,SITE_COMPUTE_USER,EPOCH-5b353d56a567a70b,epoch_ai_registry,https://epoch.ai/data/data-centers-documentation/records,0.9,OBSERVED_OR_REPORTED,Explicit Epoch users field.
REL-1476,EPOCH-83ca909f7eb211c7,ENT-google,SITE_OWNER_OPERATOR,EPOCH-83ca909f7eb211c7,epoch_ai_registry,https://epoch.ai/data/data-centers-documentation/records,0.98,OBSERVED_OR_REPORTED,Explicit Epoch owner field.
REL-1477,EPOCH-2dadeb4b013bef05,ENT-spacexai,SITE_OWNER_OPERATOR,EPOCH-2dadeb4b013bef05,epoch_ai_registry,https://epoch.ai/data/data-centers-documentation/records,0.98,OBSERVED_OR_REPORTED,Explicit Epoch owner field.
REL-1478,EPOCH-2dadeb4b013bef05,ENT-anthropic,SITE_COMPUTE_USER,EPOCH-2dadeb4b013bef05,epoch_ai_registry,https://epoch.ai/data/data-centers-documentation/records,0.9,OBSERVED_OR_REPORTED,Explicit Epoch users field.
REL-1479,EPOCH-2dadeb4b013bef05,ENT-mlgw,SITE_ENERGY_COMPANY,EPOCH-2dadeb4b013bef05,epoch_ai_registry,https://epoch.ai/data/data-centers-documentation/records,0.97,OBSERVED_OR_REPORTED,Explicit Epoch energy-company field.
REL-1480,EPOCH-1c8ee8b0305c6313,ENT-google,SITE_OWNER_OPERATOR,EPOCH-1c8ee8b0305c6313,epoch_ai_registry,https://epoch.ai/data/data-centers-documentation/records,0.98,OBSERVED_OR_REPORTED,Explicit Epoch owner field.
REL-1481,EPOCH-1c8ee8b0305c6313,ENT-google-deepmind-speculative,SITE_COMPUTE_USER,EPOCH-1c8ee8b0305c6313,epoch_ai_registry,https://epoch.ai/data/data-centers-documentation/records,0.9,OBSERVED_OR_REPORTED,Explicit Epoch users field.
REL-1482,EPOCH-ac1ca1cf8df13b3c,ENT-coreweave,SITE_OWNER_OPERATOR,EPOCH-ac1ca1cf8df13b3c,epoch_ai_registry,https://epoch.ai/data/data-centers-documentation/records,0.98,OBSERVED_OR_REPORTED,Explicit Epoch owner field.
REL-1483,EPOCH-ac1ca1cf8df13b3c,ENT-openai,SITE_COMPUTE_USER,EPOCH-ac1ca1cf8df13b3c,epoch_ai_registry,https://epoch.ai/data/data-centers-documentation/records,0.9,OBSERVED_OR_REPORTED,Explicit Epoch users field.
REL-1484,EPOCH-cc12c3e42b3eaf08,ENT-dominion-energy,SITE_ENERGY_COMPANY,EPOCH-cc12c3e42b3eaf08,epoch_ai_registry,https://epoch.ai/data/data-centers-documentation/records,0.97,OBSERVED_OR_REPORTED,Explicit Epoch energy-company field.
REL-1485,EPOCH-8358e445402d91c2,ENT-meta,SITE_OWNER_OPERATOR,EPOCH-8358e445402d91c2,epoch_ai_registry,https://epoch.ai/data/data-centers-documentation/records,0.98,OBSERVED_OR_REPORTED,Explicit Epoch owner field.
REL-1486,EPOCH-8358e445402d91c2,ENT-meta,SITE_COMPUTE_USER,EPOCH-8358e445402d91c2,epoch_ai_registry,https://epoch.ai/data/data-centers-documentation/records,0.9,OBSERVED_OR_REPORTED,Explicit Epoch users field.
REL-1487,EPOCH-0d287943c30fe239,ENT-amazon,SITE_OWNER_OPERATOR,EPOCH-0d287943c30fe239,epoch_ai_registry,https://epoch.ai/data/data-centers-documentation/records,0.98,OBSERVED_OR_REPORTED,Explicit Epoch owner field.
REL-1488,EPOCH-0d287943c30fe239,ENT-anthropic-speculative,SITE_COMPUTE_USER,EPOCH-0d287943c30fe239,epoch_ai_registry,https://epoch.ai/data/data-centers-documentation/records,0.9,OBSERVED_OR_REPORTED,Explicit Epoch users field.
REL-1489,EPOCH-0d287943c30fe239,ENT-project-rainier-speculative,SITE_PROJECT_REFERENCE,EPOCH-0d287943c30fe239,epoch_ai_registry,https://epoch.ai/data/data-centers-documentation/records,0.9,OBSERVED_OR_REPORTED,Publisher project field; not asserted to be a legal alias.
REL-1490,EPOCH-6db3bc2c79843ffd,ENT-google,SITE_OWNER_OPERATOR,EPOCH-6db3bc2c79843ffd,epoch_ai_registry,https://epoch.ai/data/data-centers-documentation/records,0.9,OBSERVED_OR_REPORTED,Explicit Epoch owner field.
REL-1491,EPOCH-6db3bc2c79843ffd,ENT-google-deepmind,SITE_COMPUTE_USER,EPOCH-6db3bc2c79843ffd,epoch_ai_registry,https://epoch.ai/data/data-centers-documentation/records,0.9,OBSERVED_OR_REPORTED,Explicit Epoch users field.
REL-1492,EPOCH-93a4aa4fa40d40ca,ENT-microsoft,SITE_OWNER_OPERATOR,EPOCH-93a4aa4fa40d40ca,epoch_ai_registry,https://epoch.ai/data/data-centers-documentation/records,0.98,OBSERVED_OR_REPORTED,Explicit Epoch owner field.
REL-1493,EPOCH-93a4aa4fa40d40ca,ENT-openai,SITE_COMPUTE_USER,EPOCH-93a4aa4fa40d40ca,epoch_ai_registry,https://epoch.ai/data/data-centers-documentation/records,0.9,OBSERVED_OR_REPORTED,Explicit Epoch users field.
REL-1494,EPOCH-93a4aa4fa40d40ca,ENT-microsoft,SITE_COMPUTE_USER,EPOCH-93a4aa4fa40d40ca,epoch_ai_registry,https://epoch.ai/data/data-centers-documentation/records,0.9,OBSERVED_OR_REPORTED,Explicit Epoch users field.
REL-1495,EPOCH-1ac0959562dee191,ENT-meta,SITE_OWNER_OPERATOR,EPOCH-1ac0959562dee191,epoch_ai_registry,https://epoch.ai/data/data-centers-documentation/records,0.98,OBSERVED_OR_REPORTED,Explicit Epoch owner field.
REL-1496,EPOCH-1ac0959562dee191,ENT-meta,SITE_COMPUTE_USER,EPOCH-1ac0959562dee191,epoch_ai_registry,https://epoch.ai/data/data-centers-documentation/records,0.9,OBSERVED_OR_REPORTED,Explicit Epoch users field.
REL-1497,EPOCH-6799460068cbed36,ENT-google,SITE_OWNER_OPERATOR,EPOCH-6799460068cbed36,epoch_ai_registry,https://epoch.ai/data/data-centers-documentation/records,0.98,OBSERVED_OR_REPORTED,Explicit Epoch owner field.
REL-1498,EPOCH-bdc85fadae79b6b2,ENT-amazon,SITE_OWNER_OPERATOR,EPOCH-bdc85fadae79b6b2,epoch_ai_registry,https://epoch.ai/data/data-centers-documentation/records,0.98,OBSERVED_OR_REPORTED,Explicit Epoch owner field.
REL-1499,EPOCH-4eeccbee73808216,ENT-google,SITE_OWNER_OPERATOR,EPOCH-4eeccbee73808216,epoch_ai_registry,https://epoch.ai/data/data-centers-documentation/records,0.98,OBSERVED_OR_REPORTED,Explicit Epoch owner field.
REL-1500,EPOCH-4eeccbee73808216,ENT-google-deepmind-speculative,SITE_COMPUTE_USER,EPOCH-4eeccbee73808216,epoch_ai_registry,https://epoch.ai/data/data-centers-documentation/records,0.9,OBSERVED_OR_REPORTED,Explicit Epoch users field.
REL-1501,EPOCH-e06bc7faa8b1b187,ENT-google,SITE_OWNER_OPERATOR,EPOCH-e06bc7faa8b1b187,epoch_ai_registry,https://epoch.ai/data/data-centers-documentation/records,0.98,OBSERVED_OR_REPORTED,Explicit Epoch owner field.
REL-1502,EPOCH-052be5b551cd099b,ENT-dominion-energy,SITE_ENERGY_COMPANY,EPOCH-052be5b551cd099b,epoch_ai_registry,https://epoch.ai/data/data-centers-documentation/records,0.97,OBSERVED_OR_REPORTED,Explicit Epoch energy-company field.
REL-1503,EPOCH-40ccef8ef4236635,ENT-google,SITE_OWNER_OPERATOR,EPOCH-40ccef8ef4236635,epoch_ai_registry,https://epoch.ai/data/data-centers-documentation/records,0.98,OBSERVED_OR_REPORTED,Explicit Epoch owner field.
REL-1504,EPOCH-02484a65a5dac16d,ENT-dominion-energy,SITE_ENERGY_COMPANY,EPOCH-02484a65a5dac16d,epoch_ai_registry,https://epoch.ai/data/data-centers-documentation/records,0.97,OBSERVED_OR_REPORTED,Explicit Epoch energy-company field.
REL-1505,EPOCH-0788d9aeb3114553,ENT-meta,SITE_OWNER_OPERATOR,EPOCH-0788d9aeb3114553,epoch_ai_registry,https://epoch.ai/data/data-centers-documentation/records,0.98,OBSERVED_OR_REPORTED,Explicit Epoch owner field.
REL-1506,EPOCH-0788d9aeb3114553,ENT-meta,SITE_COMPUTE_USER,EPOCH-0788d9aeb3114553,epoch_ai_registry,https://epoch.ai/data/data-centers-documentation/records,0.9,OBSERVED_OR_REPORTED,Explicit Epoch users field.
REL-1507,EPOCH-0788d9aeb3114553,ENT-hensel-phelps,SITE_CONSTRUCTION_COMPANY,EPOCH-0788d9aeb3114553,epoch_ai_registry,https://epoch.ai/data/data-centers-documentation/records,0.95,OBSERVED_OR_REPORTED,Explicit Epoch construction-company field.
REL-1508,EPOCH-5de9a1c70a3e2275,ENT-meta,SITE_OWNER_OPERATOR,EPOCH-5de9a1c70a3e2275,epoch_ai_registry,https://epoch.ai/data/data-centers-documentation/records,0.98,OBSERVED_OR_REPORTED,Explicit Epoch owner field.
REL-1509,EPOCH-5de9a1c70a3e2275,ENT-meta,SITE_COMPUTE_USER,EPOCH-5de9a1c70a3e2275,epoch_ai_registry,https://epoch.ai/data/data-centers-documentation/records,0.9,OBSERVED_OR_REPORTED,Explicit Epoch users field.
REL-1510,EPOCH-5de9a1c70a3e2275,ENT-idaho-power,SITE_ENERGY_COMPANY,EPOCH-5de9a1c70a3e2275,epoch_ai_registry,https://epoch.ai/data/data-centers-documentation/records,0.97,OBSERVED_OR_REPORTED,Explicit Epoch energy-company field.
REL-1511,EPOCH-6ff5e1aeb6f0c7e3,ENT-meta,SITE_OWNER_OPERATOR,EPOCH-6ff5e1aeb6f0c7e3,epoch_ai_registry,https://epoch.ai/data/data-centers-documentation/records,0.98,OBSERVED_OR_REPORTED,Explicit Epoch owner field.
REL-1512,EPOCH-6ff5e1aeb6f0c7e3,ENT-meta,SITE_COMPUTE_USER,EPOCH-6ff5e1aeb6f0c7e3,epoch_ai_registry,https://epoch.ai/data/data-centers-documentation/records,0.9,OBSERVED_OR_REPORTED,Explicit Epoch users field.
REL-1513,EPOCH-6ff5e1aeb6f0c7e3,ENT-je-dunn,SITE_CONSTRUCTION_COMPANY,EPOCH-6ff5e1aeb6f0c7e3,epoch_ai_registry,https://epoch.ai/data/data-centers-documentation/records,0.95,OBSERVED_OR_REPORTED,Explicit Epoch construction-company field.
REL-1514,EPOCH-14cecdb5956daea1,ENT-meta,SITE_OWNER_OPERATOR,EPOCH-14cecdb5956daea1,epoch_ai_registry,https://epoch.ai/data/data-centers-documentation/records,0.98,OBSERVED_OR_REPORTED,Explicit Epoch owner field.
REL-1515,EPOCH-14cecdb5956daea1,ENT-meta,SITE_COMPUTE_USER,EPOCH-14cecdb5956daea1,epoch_ai_registry,https://epoch.ai/data/data-centers-documentation/records,0.9,OBSERVED_OR_REPORTED,Explicit Epoch users field.
REL-1516,EPOCH-4a87099a6d1e001f,ENT-amazon,SITE_OWNER_OPERATOR,EPOCH-4a87099a6d1e001f,epoch_ai_registry,https://epoch.ai/data/data-centers-documentation/records,0.98,OBSERVED_OR_REPORTED,Explicit Epoch owner field.
REL-1517,EPOCH-4a87099a6d1e001f,ENT-anthropic-speculative,SITE_COMPUTE_USER,EPOCH-4a87099a6d1e001f,epoch_ai_registry,https://epoch.ai/data/data-centers-documentation/records,0.9,OBSERVED_OR_REPORTED,Explicit Epoch users field.
REL-1518,EPOCH-4a87099a6d1e001f,ENT-entergy,SITE_ENERGY_COMPANY,EPOCH-4a87099a6d1e001f,epoch_ai_registry,https://epoch.ai/data/data-centers-documentation/records,0.97,OBSERVED_OR_REPORTED,Explicit Epoch energy-company field.
REL-1519,EPOCH-4a87099a6d1e001f,ENT-project-rainier-speculative,SITE_PROJECT_REFERENCE,EPOCH-4a87099a6d1e001f,epoch_ai_registry,https://epoch.ai/data/data-centers-documentation/records,0.9,OBSERVED_OR_REPORTED,Publisher project field; not asserted to be a legal alias.
REL-1520,EPOCH-27e284efc1b1abc2,ENT-meta,SITE_OWNER_OPERATOR,EPOCH-27e284efc1b1abc2,epoch_ai_registry,https://epoch.ai/data/data-centers-documentation/records,0.98,OBSERVED_OR_REPORTED,Explicit Epoch owner field.
REL-1521,EPOCH-27e284efc1b1abc2,ENT-meta,SITE_COMPUTE_USER,EPOCH-27e284efc1b1abc2,epoch_ai_registry,https://epoch.ai/data/data-centers-documentation/records,0.9,OBSERVED_OR_REPORTED,Explicit Epoch users field.
REL-1522,EPOCH-27e284efc1b1abc2,ENT-tennessee-valley-authority,SITE_ENERGY_COMPANY,EPOCH-27e284efc1b1abc2,epoch_ai_registry,https://epoch.ai/data/data-centers-documentation/records,0.97,OBSERVED_OR_REPORTED,Explicit Epoch energy-company field.
REL-1523,EPOCH-27e284efc1b1abc2,ENT-nextera-energy-resources,SITE_ENERGY_COMPANY,EPOCH-27e284efc1b1abc2,epoch_ai_registry,https://epoch.ai/data/data-centers-documentation/records,0.97,OBSERVED_OR_REPORTED,Explicit Epoch energy-company field.
REL-1524,EPOCH-27e284efc1b1abc2,ENT-first-solar,SITE_ENERGY_COMPANY,EPOCH-27e284efc1b1abc2,epoch_ai_registry,https://epoch.ai/data/data-centers-documentation/records,0.97,OBSERVED_OR_REPORTED,Explicit Epoch energy-company field.
REL-1525,EPOCH-a69e48fd129d0cdb,ENT-coreweave,SITE_OWNER_OPERATOR,EPOCH-a69e48fd129d0cdb,epoch_ai_registry,https://epoch.ai/data/data-centers-documentation/records,0.98,OBSERVED_OR_REPORTED,Explicit Epoch owner field.
REL-1526,EPOCH-a69e48fd129d0cdb,ENT-openai-speculative,SITE_COMPUTE_USER,EPOCH-a69e48fd129d0cdb,epoch_ai_registry,https://epoch.ai/data/data-centers-documentation/records,0.9,OBSERVED_OR_REPORTED,Explicit Epoch users field.
REL-1527,EPOCH-534376160415dc84,ENT-microsoft,SITE_OWNER_OPERATOR,EPOCH-534376160415dc84,epoch_ai_registry,https://epoch.ai/data/data-centers-documentation/records,0.98,OBSERVED_OR_REPORTED,Explicit Epoch owner field.
REL-1528,EPOCH-534376160415dc84,ENT-openai-speculative,SITE_COMPUTE_USER,EPOCH-534376160415dc84,epoch_ai_registry,https://epoch.ai/data/data-centers-documentation/records,0.9,OBSERVED_OR_REPORTED,Explicit Epoch users field.
REL-1529,EPOCH-0bb0b996b7c96beb,ENT-meta,SITE_OWNER_OPERATOR,EPOCH-0bb0b996b7c96beb,epoch_ai_registry,https://epoch.ai/data/data-centers-documentation/records,0.98,OBSERVED_OR_REPORTED,Explicit Epoch owner field.
REL-1530,EPOCH-0bb0b996b7c96beb,ENT-meta,SITE_COMPUTE_USER,EPOCH-0bb0b996b7c96beb,epoch_ai_registry,https://epoch.ai/data/data-centers-documentation/records,0.9,OBSERVED_OR_REPORTED,Explicit Epoch users field.
REL-1531,EPOCH-0bb0b996b7c96beb,ENT-williams,SITE_ENERGY_COMPANY,EPOCH-0bb0b996b7c96beb,epoch_ai_registry,https://epoch.ai/data/data-centers-documentation/records,0.97,OBSERVED_OR_REPORTED,Explicit Epoch energy-company field.
REL-1532,EPOCH-0bb0b996b7c96beb,ENT-mortenson,SITE_CONSTRUCTION_COMPANY,EPOCH-0bb0b996b7c96beb,epoch_ai_registry,https://epoch.ai/data/data-centers-documentation/records,0.95,OBSERVED_OR_REPORTED,Explicit Epoch construction-company field.
REL-1533,EPOCH-85492d2b8df586a1,ENT-google,SITE_OWNER_OPERATOR,EPOCH-85492d2b8df586a1,epoch_ai_registry,https://epoch.ai/data/data-centers-documentation/records,0.98,OBSERVED_OR_REPORTED,Explicit Epoch owner field.
REL-1534,EPOCH-2b89e13933a04725,ENT-google,SITE_OWNER_OPERATOR,EPOCH-2b89e13933a04725,epoch_ai_registry,https://epoch.ai/data/data-centers-documentation/records,0.98,OBSERVED_OR_REPORTED,Explicit Epoch owner field.
REL-1535,EPOCH-2b89e13933a04725,ENT-google-deepmind-speculative,SITE_COMPUTE_USER,EPOCH-2b89e13933a04725,epoch_ai_registry,https://epoch.ai/data/data-centers-documentation/records,0.9,OBSERVED_OR_REPORTED,Explicit Epoch users field.
REL-1536,EPOCH-f92e98f4b76a9bcd,ENT-google,SITE_OWNER_OPERATOR,EPOCH-f92e98f4b76a9bcd,epoch_ai_registry,https://epoch.ai/data/data-centers-documentation/records,0.98,OBSERVED_OR_REPORTED,Explicit Epoch owner field.
REL-1537,EPOCH-78f8285078416a9e,ENT-meta,SITE_OWNER_OPERATOR,EPOCH-78f8285078416a9e,epoch_ai_registry,https://epoch.ai/data/data-centers-documentation/records,0.82,OBSERVED_OR_REPORTED,Explicit Epoch owner field.
REL-1538,EPOCH-78f8285078416a9e,ENT-meta,SITE_COMPUTE_USER,EPOCH-78f8285078416a9e,epoch_ai_registry,https://epoch.ai/data/data-centers-documentation/records,0.9,OBSERVED_OR_REPORTED,Explicit Epoch users field.
REL-1539,EPOCH-78f8285078416a9e,ENT-portland-general-electric,SITE_ENERGY_COMPANY,EPOCH-78f8285078416a9e,epoch_ai_registry,https://epoch.ai/data/data-centers-documentation/records,0.97,OBSERVED_OR_REPORTED,Explicit Epoch energy-company field.
REL-1540,EPOCH-78f8285078416a9e,ENT-avangrid,SITE_ENERGY_COMPANY,EPOCH-78f8285078416a9e,epoch_ai_registry,https://epoch.ai/data/data-centers-documentation/records,0.97,OBSERVED_OR_REPORTED,Explicit Epoch energy-company field.
REL-1541,EPOCH-a2c9f0846296fe65,ENT-google,SITE_OWNER_OPERATOR,EPOCH-a2c9f0846296fe65,epoch_ai_registry,https://epoch.ai/data/data-centers-documentation/records,0.98,OBSERVED_OR_REPORTED,Explicit Epoch owner field.
REL-1542,EPOCH-a2c9f0846296fe65,ENT-google-deepmind-speculative,SITE_COMPUTE_USER,EPOCH-a2c9f0846296fe65,epoch_ai_registry,https://epoch.ai/data/data-centers-documentation/records,0.9,OBSERVED_OR_REPORTED,Explicit Epoch users field.
REL-1543,EPOCH-a2c9f0846296fe65,ENT-shell-energy-europe,SITE_ENERGY_COMPANY,EPOCH-a2c9f0846296fe65,epoch_ai_registry,https://epoch.ai/data/data-centers-documentation/records,0.97,OBSERVED_OR_REPORTED,Explicit Epoch energy-company field.
REL-1544,EPOCH-a2c9f0846296fe65,ENT-engie,SITE_ENERGY_COMPANY,EPOCH-a2c9f0846296fe65,epoch_ai_registry,https://epoch.ai/data/data-centers-documentation/records,0.97,OBSERVED_OR_REPORTED,Explicit Epoch energy-company field.
REL-1545,EPOCH-a286a89bd1c1b6e7,ENT-vnet,SITE_OWNER_OPERATOR,EPOCH-a286a89bd1c1b6e7,epoch_ai_registry,https://epoch.ai/data/data-centers-documentation/records,0.98,OBSERVED_OR_REPORTED,Explicit Epoch owner field.
REL-1546,EPOCH-a286a89bd1c1b6e7,ENT-bytedance-speculative,SITE_COMPUTE_USER,EPOCH-a286a89bd1c1b6e7,epoch_ai_registry,https://epoch.ai/data/data-centers-documentation/records,0.9,OBSERVED_OR_REPORTED,Explicit Epoch users field.
REL-1547,EPOCH-a286a89bd1c1b6e7,ENT-10-gw-hyperscale-2-0,SITE_PROJECT_REFERENCE,EPOCH-a286a89bd1c1b6e7,epoch_ai_registry,https://epoch.ai/data/data-centers-documentation/records,0.98,OBSERVED_OR_REPORTED,Publisher project field; not asserted to be a legal alias.
REL-1548,EPOCH-785d6e4c34607dd4,ENT-google,SITE_OWNER_OPERATOR,EPOCH-785d6e4c34607dd4,epoch_ai_registry,https://epoch.ai/data/data-centers-documentation/records,0.98,OBSERVED_OR_REPORTED,Explicit Epoch owner field.
REL-1549,EPOCH-f1a2bcdd78478bc2,ENT-google,SITE_OWNER_OPERATOR,EPOCH-f1a2bcdd78478bc2,epoch_ai_registry,https://epoch.ai/data/data-centers-documentation/records,0.98,OBSERVED_OR_REPORTED,Explicit Epoch owner field.
REL-1550,EPOCH-4525348d114e3e8e,ENT-google,SITE_OWNER_OPERATOR,EPOCH-4525348d114e3e8e,epoch_ai_registry,https://epoch.ai/data/data-centers-documentation/records,0.98,OBSERVED_OR_REPORTED,Explicit Epoch owner field.
REL-1551,EPOCH-4525348d114e3e8e,ENT-google-deepmind-speculative,SITE_COMPUTE_USER,EPOCH-4525348d114e3e8e,epoch_ai_registry,https://epoch.ai/data/data-centers-documentation/records,0.9,OBSERVED_OR_REPORTED,Explicit Epoch users field.
REL-1552,EPOCH-d29894d37388a96a,ENT-meta,SITE_OWNER_OPERATOR,EPOCH-d29894d37388a96a,epoch_ai_registry,https://epoch.ai/data/data-centers-documentation/records,0.98,OBSERVED_OR_REPORTED,Explicit Epoch owner field.
REL-1553,EPOCH-d29894d37388a96a,ENT-meta,SITE_COMPUTE_USER,EPOCH-d29894d37388a96a,epoch_ai_registry,https://epoch.ai/data/data-centers-documentation/records,0.9,OBSERVED_OR_REPORTED,Explicit Epoch users field.
REL-1554,EPOCH-02c050b6b554fadd,ENT-meta,SITE_OWNER_OPERATOR,EPOCH-02c050b6b554fadd,epoch_ai_registry,https://epoch.ai/data/data-centers-documentation/records,0.98,OBSERVED_OR_REPORTED,Explicit Epoch owner field.
REL-1555,EPOCH-02c050b6b554fadd,ENT-meta,SITE_COMPUTE_USER,EPOCH-02c050b6b554fadd,epoch_ai_registry,https://epoch.ai/data/data-centers-documentation/records,0.9,OBSERVED_OR_REPORTED,Explicit Epoch users field.
REL-1556,EPOCH-768183e4de6062d2,ENT-coreweave,SITE_OWNER_OPERATOR,EPOCH-768183e4de6062d2,epoch_ai_registry,https://epoch.ai/data/data-centers-documentation/records,0.98,OBSERVED_OR_REPORTED,Explicit Epoch owner field.
REL-1557,EPOCH-768183e4de6062d2,ENT-openai-speculative,SITE_COMPUTE_USER,EPOCH-768183e4de6062d2,epoch_ai_registry,https://epoch.ai/data/data-centers-documentation/records,0.9,OBSERVED_OR_REPORTED,Explicit Epoch users field.
REL-1558,EPOCH-4b5df4f52274f2ba,ENT-meta,SITE_OWNER_OPERATOR,EPOCH-4b5df4f52274f2ba,epoch_ai_registry,https://epoch.ai/data/data-centers-documentation/records,0.98,OBSERVED_OR_REPORTED,Explicit Epoch owner field.
REL-1559,EPOCH-4b5df4f52274f2ba,ENT-meta,SITE_COMPUTE_USER,EPOCH-4b5df4f52274f2ba,epoch_ai_registry,https://epoch.ai/data/data-centers-documentation/records,0.9,OBSERVED_OR_REPORTED,Explicit Epoch users field.
REL-1560,EPOCH-77e196fc5320fd70,ENT-huawei,SITE_OWNER_OPERATOR,EPOCH-77e196fc5320fd70,epoch_ai_registry,https://epoch.ai/data/data-centers-documentation/records,0.98,OBSERVED_OR_REPORTED,Explicit Epoch owner field.
REL-1561,EPOCH-2d362a1adb09fddd,ENT-coreweave,SITE_OWNER_OPERATOR,EPOCH-2d362a1adb09fddd,epoch_ai_registry,https://epoch.ai/data/data-centers-documentation/records,0.98,OBSERVED_OR_REPORTED,Explicit Epoch owner field.
REL-1562,EPOCH-2d362a1adb09fddd,ENT-openai-speculative,SITE_COMPUTE_USER,EPOCH-2d362a1adb09fddd,epoch_ai_registry,https://epoch.ai/data/data-centers-documentation/records,0.9,OBSERVED_OR_REPORTED,Explicit Epoch users field.
REL-1563,EPOCH-ea5d1ae5837aba5c,ENT-oracle,SITE_OWNER_OPERATOR,EPOCH-ea5d1ae5837aba5c,epoch_ai_registry,https://epoch.ai/data/data-centers-documentation/records,0.82,OBSERVED_OR_REPORTED,Explicit Epoch owner field.
REL-1564,EPOCH-03aad260b30bfbe1,ENT-amazon,SITE_OWNER_OPERATOR,EPOCH-03aad260b30bfbe1,epoch_ai_registry,https://epoch.ai/data/data-centers-documentation/records,0.98,OBSERVED_OR_REPORTED,Explicit Epoch owner field.
REL-1565,EPOCH-03aad260b30bfbe1,ENT-anthropic-speculative,SITE_COMPUTE_USER,EPOCH-03aad260b30bfbe1,epoch_ai_registry,https://epoch.ai/data/data-centers-documentation/records,0.9,OBSERVED_OR_REPORTED,Explicit Epoch users field.
REL-1566,EPOCH-03aad260b30bfbe1,ENT-project-rainier-speculative,SITE_PROJECT_REFERENCE,EPOCH-03aad260b30bfbe1,epoch_ai_registry,https://epoch.ai/data/data-centers-documentation/records,0.9,OBSERVED_OR_REPORTED,Publisher project field; not asserted to be a legal alias.
REL-1567,EPOCH-eb87487504bda8ed,ENT-coreweave,SITE_OWNER_OPERATOR,EPOCH-eb87487504bda8ed,epoch_ai_registry,https://epoch.ai/data/data-centers-documentation/records,0.98,OBSERVED_OR_REPORTED,Explicit Epoch owner field.
REL-1568,EPOCH-eb87487504bda8ed,ENT-openai-speculative,SITE_COMPUTE_USER,EPOCH-eb87487504bda8ed,epoch_ai_registry,https://epoch.ai/data/data-centers-documentation/records,0.9,OBSERVED_OR_REPORTED,Explicit Epoch users field.
REL-1569,EPOCH-7d9b5af0cce16f1c,ENT-meta,SITE_OWNER_OPERATOR,EPOCH-7d9b5af0cce16f1c,epoch_ai_registry,https://epoch.ai/data/data-centers-documentation/records,0.98,OBSERVED_OR_REPORTED,Explicit Epoch owner field.
REL-1570,EPOCH-7d9b5af0cce16f1c,ENT-meta,SITE_COMPUTE_USER,EPOCH-7d9b5af0cce16f1c,epoch_ai_registry,https://epoch.ai/data/data-centers-documentation/records,0.9,OBSERVED_OR_REPORTED,Explicit Epoch users field.
REL-1571,EPOCH-af62ae3440fe885a,ENT-huawei,SITE_OWNER_OPERATOR,EPOCH-af62ae3440fe885a,epoch_ai_registry,https://epoch.ai/data/data-centers-documentation/records,0.98,OBSERVED_OR_REPORTED,Explicit Epoch owner field.
REL-1572,EPOCH-d1b62579c6be3fe8,ENT-core42,SITE_OWNER_OPERATOR,EPOCH-d1b62579c6be3fe8,epoch_ai_registry,https://epoch.ai/data/data-centers-documentation/records,0.98,OBSERVED_OR_REPORTED,Explicit Epoch owner field.
REL-1573,EPOCH-d1b62579c6be3fe8,ENT-g42,SITE_COMPUTE_USER,EPOCH-d1b62579c6be3fe8,epoch_ai_registry,https://epoch.ai/data/data-centers-documentation/records,0.9,OBSERVED_OR_REPORTED,Explicit Epoch users field.
REL-1574,EPOCH-71d0091a05448224,ENT-microsoft,SITE_OWNER_OPERATOR,EPOCH-71d0091a05448224,epoch_ai_registry,https://epoch.ai/data/data-centers-documentation/records,0.98,OBSERVED_OR_REPORTED,Explicit Epoch owner field.
REL-1575,EPOCH-29fb769630142638,ENT-ai-xpv-platform,SITE_OWNER_OPERATOR,EPOCH-29fb769630142638,epoch_ai_registry,https://epoch.ai/data/data-centers-documentation/records,0.98,OBSERVED_OR_REPORTED,Explicit Epoch owner field.
REL-1576,EPOCH-29fb769630142638,ENT-anthropic,SITE_COMPUTE_USER,EPOCH-29fb769630142638,epoch_ai_registry,https://epoch.ai/data/data-centers-documentation/records,0.9,OBSERVED_OR_REPORTED,Explicit Epoch users field.
REL-1577,EPOCH-781cbfae186209ad,ENT-nebius,SITE_OWNER_OPERATOR,EPOCH-781cbfae186209ad,epoch_ai_registry,https://epoch.ai/data/data-centers-documentation/records,0.98,OBSERVED_OR_REPORTED,Explicit Epoch owner field.
REL-1578,EPOCH-781cbfae186209ad,ENT-microsoft,SITE_COMPUTE_USER,EPOCH-781cbfae186209ad,epoch_ai_registry,https://epoch.ai/data/data-centers-documentation/records,0.9,OBSERVED_OR_REPORTED,Explicit Epoch users field.
REL-1579,EPOCH-f48a533b01898dfd,ENT-coreweave,SITE_OWNER_OPERATOR,EPOCH-f48a533b01898dfd,epoch_ai_registry,https://epoch.ai/data/data-centers-documentation/records,0.98,OBSERVED_OR_REPORTED,Explicit Epoch owner field.
REL-1580,EPOCH-f48a533b01898dfd,ENT-openai-speculative,SITE_COMPUTE_USER,EPOCH-f48a533b01898dfd,epoch_ai_registry,https://epoch.ai/data/data-centers-documentation/records,0.9,OBSERVED_OR_REPORTED,Explicit Epoch users field.
REL-1581,EPOCH-41dea3fb46d2e6a8,ENT-nebius,SITE_OWNER_OPERATOR,EPOCH-41dea3fb46d2e6a8,epoch_ai_registry,https://epoch.ai/data/data-centers-documentation/records,0.98,OBSERVED_OR_REPORTED,Explicit Epoch owner field.
REL-1582,EPOCH-41dea3fb46d2e6a8,ENT-microsoft-speculative,SITE_COMPUTE_USER,EPOCH-41dea3fb46d2e6a8,epoch_ai_registry,https://epoch.ai/data/data-centers-documentation/records,0.9,OBSERVED_OR_REPORTED,Explicit Epoch users field.
REL-1583,EPOCH-827d7832237170bd,ENT-firmus,SITE_OWNER_OPERATOR,EPOCH-827d7832237170bd,epoch_ai_registry,https://epoch.ai/data/data-centers-documentation/records,0.98,OBSERVED_OR_REPORTED,Explicit Epoch owner field.
REL-1584,EPOCH-0355f445ca6cbed4,ENT-microsoft,SITE_OWNER_OPERATOR,EPOCH-0355f445ca6cbed4,epoch_ai_registry,https://epoch.ai/data/data-centers-documentation/records,0.98,OBSERVED_OR_REPORTED,Explicit Epoch owner field.
REL-1585,EPOCH-8696ef81d91560a9,ENT-coreweave,SITE_OWNER_OPERATOR,EPOCH-8696ef81d91560a9,epoch_ai_registry,https://epoch.ai/data/data-centers-documentation/records,0.98,OBSERVED_OR_REPORTED,Explicit Epoch owner field.
REL-1586,EPOCH-8696ef81d91560a9,ENT-openai-speculative,SITE_COMPUTE_USER,EPOCH-8696ef81d91560a9,epoch_ai_registry,https://epoch.ai/data/data-centers-documentation/records,0.9,OBSERVED_OR_REPORTED,Explicit Epoch users field.
REL-1587,EPOCH-e20c2909085b37fd,ENT-alibaba,SITE_OWNER_OPERATOR,EPOCH-e20c2909085b37fd,epoch_ai_registry,https://epoch.ai/data/data-centers-documentation/records,0.98,OBSERVED_OR_REPORTED,Explicit Epoch owner field.
REL-1588,EPOCH-e20c2909085b37fd,ENT-alibaba,SITE_COMPUTE_USER,EPOCH-e20c2909085b37fd,epoch_ai_registry,https://epoch.ai/data/data-centers-documentation/records,0.9,OBSERVED_OR_REPORTED,Explicit Epoch users field.
REL-1589,EPOCH-8baa344f9717520c,ENT-nscale,SITE_OWNER_OPERATOR,EPOCH-8baa344f9717520c,epoch_ai_registry,https://epoch.ai/data/data-centers-documentation/records,0.98,OBSERVED_OR_REPORTED,Explicit Epoch owner field.
REL-1590,EPOCH-8baa344f9717520c,ENT-microsoft,SITE_COMPUTE_USER,EPOCH-8baa344f9717520c,epoch_ai_registry,https://epoch.ai/data/data-centers-documentation/records,0.9,OBSERVED_OR_REPORTED,Explicit Epoch users field.
REL-1591,EPOCH-495a9afde5e4b96c,ENT-spacexai,SITE_OWNER_OPERATOR,EPOCH-495a9afde5e4b96c,epoch_ai_registry,https://epoch.ai/data/data-centers-documentation/records,0.98,OBSERVED_OR_REPORTED,Explicit Epoch owner field.
REL-1592,EPOCH-495a9afde5e4b96c,ENT-spacexai,SITE_COMPUTE_USER,EPOCH-495a9afde5e4b96c,epoch_ai_registry,https://epoch.ai/data/data-centers-documentation/records,0.9,OBSERVED_OR_REPORTED,Explicit Epoch users field.
REL-1593,EPOCH-f1a70be0079d215a,ENT-nscale,SITE_OWNER_OPERATOR,EPOCH-f1a70be0079d215a,epoch_ai_registry,https://epoch.ai/data/data-centers-documentation/records,0.98,OBSERVED_OR_REPORTED,Explicit Epoch owner field.
REL-1594,EPOCH-5b05fa7b682be282,ENT-cipher-mining,SITE_OWNER_OPERATOR,EPOCH-5b05fa7b682be282,epoch_ai_registry,https://epoch.ai/data/data-centers-documentation/records,0.98,OBSERVED_OR_REPORTED,Explicit Epoch owner field.
REL-1595,EPOCH-5b05fa7b682be282,ENT-anthropic,SITE_COMPUTE_USER,EPOCH-5b05fa7b682be282,epoch_ai_registry,https://epoch.ai/data/data-centers-documentation/records,0.9,OBSERVED_OR_REPORTED,Explicit Epoch users field.
REL-1596,EPOCH-7648e1438308fdae,ENT-coreweave,SITE_OWNER_OPERATOR,EPOCH-7648e1438308fdae,epoch_ai_registry,https://epoch.ai/data/data-centers-documentation/records,0.98,OBSERVED_OR_REPORTED,Explicit Epoch owner field.
REL-1597,EPOCH-7648e1438308fdae,ENT-openai-speculative,SITE_COMPUTE_USER,EPOCH-7648e1438308fdae,epoch_ai_registry,https://epoch.ai/data/data-centers-documentation/records,0.9,OBSERVED_OR_REPORTED,Explicit Epoch users field.
REL-1598,EPOCH-65e758d676dc06d6,ENT-coreweave,SITE_OWNER_OPERATOR,EPOCH-65e758d676dc06d6,epoch_ai_registry,https://epoch.ai/data/data-centers-documentation/records,0.98,OBSERVED_OR_REPORTED,Explicit Epoch owner field.
REL-1599,EPOCH-65e758d676dc06d6,ENT-openai-speculative,SITE_COMPUTE_USER,EPOCH-65e758d676dc06d6,epoch_ai_registry,https://epoch.ai/data/data-centers-documentation/records,0.9,OBSERVED_OR_REPORTED,Explicit Epoch users field.
REL-1600,EPOCH-4569f5444951b2fd,ENT-microsoft,SITE_OWNER_OPERATOR,EPOCH-4569f5444951b2fd,epoch_ai_registry,https://epoch.ai/data/data-centers-documentation/records,0.98,OBSERVED_OR_REPORTED,Explicit Epoch owner field.
REL-1601,EPOCH-4569f5444951b2fd,ENT-microsoft,SITE_COMPUTE_USER,EPOCH-4569f5444951b2fd,epoch_ai_registry,https://epoch.ai/data/data-centers-documentation/records,0.9,OBSERVED_OR_REPORTED,Explicit Epoch users field.
REL-1602,EPOCH-dadec9d6ef7fca88,ENT-mistral-ai,SITE_OWNER_OPERATOR,EPOCH-dadec9d6ef7fca88,epoch_ai_registry,https://epoch.ai/data/data-centers-documentation/records,0.98,OBSERVED_OR_REPORTED,Explicit Epoch owner field.
REL-1603,EPOCH-dadec9d6ef7fca88,ENT-mistral-ai,SITE_COMPUTE_USER,EPOCH-dadec9d6ef7fca88,epoch_ai_registry,https://epoch.ai/data/data-centers-documentation/records,0.9,OBSERVED_OR_REPORTED,Explicit Epoch users field.
REL-1604,EPOCH-bbf05f2d8903eccc,ENT-google-speculative,SITE_OWNER_OPERATOR,EPOCH-bbf05f2d8903eccc,epoch_ai_registry,https://epoch.ai/data/data-centers-documentation/records,0.9,OBSERVED_OR_REPORTED,Explicit Epoch owner field.
REL-1605,EPOCH-bbf05f2d8903eccc,ENT-google-deepmind-speculative,SITE_COMPUTE_USER,EPOCH-bbf05f2d8903eccc,epoch_ai_registry,https://epoch.ai/data/data-centers-documentation/records,0.9,OBSERVED_OR_REPORTED,Explicit Epoch users field.
REL-1606,EPOCH-bbf05f2d8903eccc,ENT-serena,SITE_ENERGY_COMPANY,EPOCH-bbf05f2d8903eccc,epoch_ai_registry,https://epoch.ai/data/data-centers-documentation/records,0.97,OBSERVED_OR_REPORTED,Explicit Epoch energy-company field.
REL-1607,EPOCH-bbf05f2d8903eccc,ENT-crusoe,SITE_CONSTRUCTION_COMPANY,EPOCH-bbf05f2d8903eccc,epoch_ai_registry,https://epoch.ai/data/data-centers-documentation/records,0.95,OBSERVED_OR_REPORTED,Explicit Epoch construction-company field.
REL-1608,EPOCH-bbf05f2d8903eccc,ENT-hoffman,SITE_CONSTRUCTION_COMPANY,EPOCH-bbf05f2d8903eccc,epoch_ai_registry,https://epoch.ai/data/data-centers-documentation/records,0.95,OBSERVED_OR_REPORTED,Explicit Epoch construction-company field.
REL-1609,EPOCH-2d6a8403fde79650,ENT-google,SITE_OWNER_OPERATOR,EPOCH-2d6a8403fde79650,epoch_ai_registry,https://epoch.ai/data/data-centers-documentation/records,0.98,OBSERVED_OR_REPORTED,Explicit Epoch owner field.
REL-1610,EPOCH-2d6a8403fde79650,ENT-google-deepmind-speculative,SITE_COMPUTE_USER,EPOCH-2d6a8403fde79650,epoch_ai_registry,https://epoch.ai/data/data-centers-documentation/records,0.9,OBSERVED_OR_REPORTED,Explicit Epoch users field.
REL-1611,EPOCH-f340a33a5ef18d4f,ENT-google,SITE_OWNER_OPERATOR,EPOCH-f340a33a5ef18d4f,epoch_ai_registry,https://epoch.ai/data/data-centers-documentation/records,0.98,OBSERVED_OR_REPORTED,Explicit Epoch owner field.
REL-1612,EPOCH-f340a33a5ef18d4f,ENT-google-deepmind-speculative,SITE_COMPUTE_USER,EPOCH-f340a33a5ef18d4f,epoch_ai_registry,https://epoch.ai/data/data-centers-documentation/records,0.9,OBSERVED_OR_REPORTED,Explicit Epoch users field.
REL-1613,EPOCH-177c53f92d72ec4a,ENT-meta,SITE_OWNER_OPERATOR,EPOCH-177c53f92d72ec4a,epoch_ai_registry,https://epoch.ai/data/data-centers-documentation/records,0.9,OBSERVED_OR_REPORTED,Explicit Epoch owner field.
REL-1614,EPOCH-177c53f92d72ec4a,ENT-meta,SITE_COMPUTE_USER,EPOCH-177c53f92d72ec4a,epoch_ai_registry,https://epoch.ai/data/data-centers-documentation/records,0.9,OBSERVED_OR_REPORTED,Explicit Epoch users field.
REL-1615,EPOCH-177c53f92d72ec4a,ENT-williams,SITE_ENERGY_COMPANY,EPOCH-177c53f92d72ec4a,epoch_ai_registry,https://epoch.ai/data/data-centers-documentation/records,0.97,OBSERVED_OR_REPORTED,Explicit Epoch energy-company field.
REL-1616,EPOCH-bbcf0efa8bcebd41,ENT-meta,SITE_OWNER_OPERATOR,EPOCH-bbcf0efa8bcebd41,epoch_ai_registry,https://epoch.ai/data/data-centers-documentation/records,0.98,OBSERVED_OR_REPORTED,Explicit Epoch owner field.
REL-1617,EPOCH-bbcf0efa8bcebd41,ENT-meta,SITE_COMPUTE_USER,EPOCH-bbcf0efa8bcebd41,epoch_ai_registry,https://epoch.ai/data/data-centers-documentation/records,0.9,OBSERVED_OR_REPORTED,Explicit Epoch users field.
REL-1618,EPOCH-bbcf0efa8bcebd41,ENT-entergy,SITE_ENERGY_COMPANY,EPOCH-bbcf0efa8bcebd41,epoch_ai_registry,https://epoch.ai/data/data-centers-documentation/records,0.97,OBSERVED_OR_REPORTED,Explicit Epoch energy-company field.
REL-1619,EPOCH-bbcf0efa8bcebd41,ENT-mortenson,SITE_CONSTRUCTION_COMPANY,EPOCH-bbcf0efa8bcebd41,epoch_ai_registry,https://epoch.ai/data/data-centers-documentation/records,0.95,OBSERVED_OR_REPORTED,Explicit Epoch construction-company field.
REL-1620,EPOCH-bbcf0efa8bcebd41,ENT-hyperion,SITE_PROJECT_REFERENCE,EPOCH-bbcf0efa8bcebd41,epoch_ai_registry,https://epoch.ai/data/data-centers-documentation/records,0.98,OBSERVED_OR_REPORTED,Publisher project field; not asserted to be a legal alias.
REL-1621,EPOCH-1b7cb9c2b0eb479f,ENT-nscale,SITE_OWNER_OPERATOR,EPOCH-1b7cb9c2b0eb479f,epoch_ai_registry,https://epoch.ai/data/data-centers-documentation/records,0.82,OBSERVED_OR_REPORTED,Explicit Epoch owner field.
REL-1622,EPOCH-1b7cb9c2b0eb479f,ENT-microsoft,SITE_COMPUTE_USER,EPOCH-1b7cb9c2b0eb479f,epoch_ai_registry,https://epoch.ai/data/data-centers-documentation/records,0.9,OBSERVED_OR_REPORTED,Explicit Epoch users field.
REL-1623,EPOCH-dc6199921ba82b85,ENT-softbank,SITE_OWNER_OPERATOR,EPOCH-dc6199921ba82b85,epoch_ai_registry,https://epoch.ai/data/data-centers-documentation/records,0.98,OBSERVED_OR_REPORTED,Explicit Epoch owner field.
REL-1624,EPOCH-dc6199921ba82b85,ENT-openai,SITE_COMPUTE_USER,EPOCH-dc6199921ba82b85,epoch_ai_registry,https://epoch.ai/data/data-centers-documentation/records,0.9,OBSERVED_OR_REPORTED,Explicit Epoch users field.
REL-1625,EPOCH-dc6199921ba82b85,ENT-stargate,SITE_PROJECT_REFERENCE,EPOCH-dc6199921ba82b85,epoch_ai_registry,https://epoch.ai/data/data-centers-documentation/records,0.98,OBSERVED_OR_REPORTED,Publisher project field; not asserted to be a legal alias.
REL-1626,EPOCH-145ed5861bdf2982,ENT-oracle,SITE_OWNER_OPERATOR,EPOCH-145ed5861bdf2982,epoch_ai_registry,https://epoch.ai/data/data-centers-documentation/records,0.98,OBSERVED_OR_REPORTED,Explicit Epoch owner field.
REL-1627,EPOCH-145ed5861bdf2982,ENT-openai,SITE_COMPUTE_USER,EPOCH-145ed5861bdf2982,epoch_ai_registry,https://epoch.ai/data/data-centers-documentation/records,0.9,OBSERVED_OR_REPORTED,Explicit Epoch users field.
REL-1628,EPOCH-145ed5861bdf2982,ENT-stargate,SITE_PROJECT_REFERENCE,EPOCH-145ed5861bdf2982,epoch_ai_registry,https://epoch.ai/data/data-centers-documentation/records,0.98,OBSERVED_OR_REPORTED,Publisher project field; not asserted to be a legal alias.
REL-1629,EPOCH-e3aa5f34aa5c4a7b,ENT-softbank,SITE_OWNER_OPERATOR,EPOCH-e3aa5f34aa5c4a7b,epoch_ai_registry,https://epoch.ai/data/data-centers-documentation/records,0.98,OBSERVED_OR_REPORTED,Explicit Epoch owner field.
REL-1630,EPOCH-e3aa5f34aa5c4a7b,ENT-openai,SITE_COMPUTE_USER,EPOCH-e3aa5f34aa5c4a7b,epoch_ai_registry,https://epoch.ai/data/data-centers-documentation/records,0.9,OBSERVED_OR_REPORTED,Explicit Epoch users field.
REL-1631,EPOCH-e3aa5f34aa5c4a7b,ENT-stargate,SITE_PROJECT_REFERENCE,EPOCH-e3aa5f34aa5c4a7b,epoch_ai_registry,https://epoch.ai/data/data-centers-documentation/records,0.98,OBSERVED_OR_REPORTED,Publisher project field; not asserted to be a legal alias.
REL-1632,EPOCH-3816121e8d72fe04,ENT-oracle,SITE_OWNER_OPERATOR,EPOCH-3816121e8d72fe04,epoch_ai_registry,https://epoch.ai/data/data-centers-documentation/records,0.98,OBSERVED_OR_REPORTED,Explicit Epoch owner field.
REL-1633,EPOCH-3816121e8d72fe04,ENT-openai,SITE_COMPUTE_USER,EPOCH-3816121e8d72fe04,epoch_ai_registry,https://epoch.ai/data/data-centers-documentation/records,0.9,OBSERVED_OR_REPORTED,Explicit Epoch users field.
REL-1634,EPOCH-3816121e8d72fe04,ENT-bloom-energy,SITE_ENERGY_COMPANY,EPOCH-3816121e8d72fe04,epoch_ai_registry,https://epoch.ai/data/data-centers-documentation/records,0.97,OBSERVED_OR_REPORTED,Explicit Epoch energy-company field.
REL-1635,EPOCH-3816121e8d72fe04,ENT-stargate,SITE_PROJECT_REFERENCE,EPOCH-3816121e8d72fe04,epoch_ai_registry,https://epoch.ai/data/data-centers-documentation/records,0.98,OBSERVED_OR_REPORTED,Publisher project field; not asserted to be a legal alias.
REL-1636,EPOCH-b427a75f62d61aae,ENT-oracle,SITE_OWNER_OPERATOR,EPOCH-b427a75f62d61aae,epoch_ai_registry,https://epoch.ai/data/data-centers-documentation/records,0.98,OBSERVED_OR_REPORTED,Explicit Epoch owner field.
REL-1637,EPOCH-b427a75f62d61aae,ENT-openai,SITE_COMPUTE_USER,EPOCH-b427a75f62d61aae,epoch_ai_registry,https://epoch.ai/data/data-centers-documentation/records,0.9,OBSERVED_OR_REPORTED,Explicit Epoch users field.
REL-1638,EPOCH-b427a75f62d61aae,ENT-stargate,SITE_PROJECT_REFERENCE,EPOCH-b427a75f62d61aae,epoch_ai_registry,https://epoch.ai/data/data-centers-documentation/records,0.98,OBSERVED_OR_REPORTED,Publisher project field; not asserted to be a legal alias.
REL-1639,EPOCH-661288625d17662a,ENT-g42,SITE_OWNER_OPERATOR,EPOCH-661288625d17662a,epoch_ai_registry,https://epoch.ai/data/data-centers-documentation/records,0.82,OBSERVED_OR_REPORTED,Explicit Epoch owner field.
REL-1640,EPOCH-661288625d17662a,ENT-openai,SITE_COMPUTE_USER,EPOCH-661288625d17662a,epoch_ai_registry,https://epoch.ai/data/data-centers-documentation/records,0.9,OBSERVED_OR_REPORTED,Explicit Epoch users field.
REL-1641,EPOCH-661288625d17662a,ENT-stargate,SITE_PROJECT_REFERENCE,EPOCH-661288625d17662a,epoch_ai_registry,https://epoch.ai/data/data-centers-documentation/records,0.98,OBSERVED_OR_REPORTED,Publisher project field; not asserted to be a legal alias.
REL-1642,EPOCH-78e7d8474fbdf968,ENT-oracle,SITE_OWNER_OPERATOR,EPOCH-78e7d8474fbdf968,epoch_ai_registry,https://epoch.ai/data/data-centers-documentation/records,0.98,OBSERVED_OR_REPORTED,Explicit Epoch owner field.
REL-1643,EPOCH-78e7d8474fbdf968,ENT-openai,SITE_COMPUTE_USER,EPOCH-78e7d8474fbdf968,epoch_ai_registry,https://epoch.ai/data/data-centers-documentation/records,0.9,OBSERVED_OR_REPORTED,Explicit Epoch users field.
REL-1644,EPOCH-78e7d8474fbdf968,ENT-stargate,SITE_PROJECT_REFERENCE,EPOCH-78e7d8474fbdf968,epoch_ai_registry,https://epoch.ai/data/data-centers-documentation/records,0.98,OBSERVED_OR_REPORTED,Publisher project field; not asserted to be a legal alias.
REL-1645,EPOCH-d2da66ea035880ce,ENT-alliant-energy,SITE_ENERGY_COMPANY,EPOCH-d2da66ea035880ce,epoch_ai_registry,https://epoch.ai/data/data-centers-documentation/records,0.97,OBSERVED_OR_REPORTED,Explicit Epoch energy-company field.
REL-1646,EPOCH-4b4d686b6c457a68,ENT-meta-speculative,SITE_COMPUTE_USER,EPOCH-4b4d686b6c457a68,epoch_ai_registry,https://epoch.ai/data/data-centers-documentation/records,0.9,OBSERVED_OR_REPORTED,Explicit Epoch users field.
REL-1647,EPOCH-c20399471d1c5e4a,BLDGSET-EPOCH-c20399471d1c5e4a,SITE_BUILDING_GEOMETRY_SET,FP-EPOCH-c20399471d1c5e4a,Overture Maps buildings,https://docs.overturemaps.org/getting-data/,0.99,CURRENT_SNAPSHOT,4541 polygons; release 2026-09-23.1.
REL-1648,EPOCH-d9050b43689ed24c,BLDGSET-EPOCH-d9050b43689ed24c,SITE_BUILDING_GEOMETRY_SET,FP-EPOCH-d9050b43689ed24c,Overture Maps buildings,https://docs.overturemaps.org/getting-data/,0.99,CURRENT_SNAPSHOT,1139 polygons; release 2026-09-23.1.
REL-1649,EPOCH-ea699c935d46e066,BLDGSET-EPOCH-ea699c935d46e066,SITE_BUILDING_GEOMETRY_SET,FP-EPOCH-ea699c935d46e066,Overture Maps buildings,https://docs.overturemaps.org/getting-data/,0.99,CURRENT_SNAPSHOT,458 polygons; release 2026-09-23.1.
REL-1650,EPOCH-2c2e40ddb178da3e,BLDGSET-EPOCH-2c2e40ddb178da3e,SITE_BUILDING_GEOMETRY_SET,FP-EPOCH-2c2e40ddb178da3e,Overture Maps buildings,https://docs.overturemaps.org/getting-data/,0.99,CURRENT_SNAPSHOT,289 polygons; release 2026-09-23.1.
REL-1651,EPOCH-f5dc9d7a3f02c2e9,BLDGSET-EPOCH-f5dc9d7a3f02c2e9,SITE_BUILDING_GEOMETRY_SET,FP-EPOCH-f5dc9d7a3f02c2e9,Overture Maps buildings,https://docs.overturemaps.org/getting-data/,0.99,CURRENT_SNAPSHOT,1624 polygons; release 2026-09-23.1.
REL-1652,EPOCH-d8b28fdbc55817f9,BLDGSET-EPOCH-d8b28fdbc55817f9,SITE_BUILDING_GEOMETRY_SET,FP-EPOCH-d8b28fdbc55817f9,Overture Maps buildings,https://docs.overturemaps.org/getting-data/,0.99,CURRENT_SNAPSHOT,1420 polygons; release 2026-09-23.1.
REL-1653,EPOCH-5b353d56a567a70b,BLDGSET-EPOCH-5b353d56a567a70b,SITE_BUILDING_GEOMETRY_SET,FP-EPOCH-5b353d56a567a70b,Overture Maps buildings,https://docs.overturemaps.org/getting-data/,0.99,CURRENT_SNAPSHOT,406 polygons; release 2026-09-23.1.
REL-1654,EPOCH-2dadeb4b013bef05,BLDGSET-EPOCH-2dadeb4b013bef05,SITE_BUILDING_GEOMETRY_SET,FP-EPOCH-2dadeb4b013bef05,Overture Maps buildings,https://docs.overturemaps.org/getting-data/,0.99,CURRENT_SNAPSHOT,3711 polygons; release 2026-09-23.1.
REL-1655,EPOCH-1c8ee8b0305c6313,BLDGSET-EPOCH-1c8ee8b0305c6313,SITE_BUILDING_GEOMETRY_SET,FP-EPOCH-1c8ee8b0305c6313,Overture Maps buildings,https://docs.overturemaps.org/getting-data/,0.99,CURRENT_SNAPSHOT,347 polygons; release 2026-09-23.1.
REL-1656,EPOCH-ac1ca1cf8df13b3c,BLDGSET-EPOCH-ac1ca1cf8df13b3c,SITE_BUILDING_GEOMETRY_SET,FP-EPOCH-ac1ca1cf8df13b3c,Overture Maps buildings,https://docs.overturemaps.org/getting-data/,0.99,CURRENT_SNAPSHOT,1710 polygons; release 2026-09-23.1.
REL-1657,EPOCH-cc12c3e42b3eaf08,BLDGSET-EPOCH-cc12c3e42b3eaf08,SITE_BUILDING_GEOMETRY_SET,FP-EPOCH-cc12c3e42b3eaf08,Overture Maps buildings,https://docs.overturemaps.org/getting-data/,0.99,CURRENT_SNAPSHOT,1033 polygons; release 2026-09-23.1.
REL-1658,EPOCH-d1b62579c6be3fe8,BLDGSET-EPOCH-d1b62579c6be3fe8,SITE_BUILDING_GEOMETRY_SET,FP-EPOCH-d1b62579c6be3fe8,Overture Maps buildings,https://docs.overturemaps.org/getting-data/,0.99,CURRENT_SNAPSHOT,97 polygons; release 2026-09-23.1.
REL-1659,EPOCH-c89a3269719f868a,BLDGSET-EPOCH-c89a3269719f868a,SITE_BUILDING_GEOMETRY_SET,FP-EPOCH-c89a3269719f868a,Overture Maps buildings,https://docs.overturemaps.org/getting-data/,0.99,CURRENT_SNAPSHOT,2207 polygons; release 2026-09-23.1.
REL-1660,EPOCH-29fb769630142638,BLDGSET-EPOCH-29fb769630142638,SITE_BUILDING_GEOMETRY_SET,FP-EPOCH-29fb769630142638,Overture Maps buildings,https://docs.overturemaps.org/getting-data/,0.99,CURRENT_SNAPSHOT,97 polygons; release 2026-09-23.1.
REL-1661,EPOCH-781cbfae186209ad,BLDGSET-EPOCH-781cbfae186209ad,SITE_BUILDING_GEOMETRY_SET,FP-EPOCH-781cbfae186209ad,Overture Maps buildings,https://docs.overturemaps.org/getting-data/,0.99,CURRENT_SNAPSHOT,1902 polygons; release 2026-09-23.1.
REL-1662,EPOCH-f48a533b01898dfd,BLDGSET-EPOCH-f48a533b01898dfd,SITE_BUILDING_GEOMETRY_SET,FP-EPOCH-f48a533b01898dfd,Overture Maps buildings,https://docs.overturemaps.org/getting-data/,0.99,CURRENT_SNAPSHOT,113 polygons; release 2026-09-23.1.
REL-1663,EPOCH-ee5c7acdbc729ef8,BLDGSET-EPOCH-ee5c7acdbc729ef8,SITE_BUILDING_GEOMETRY_SET,FP-EPOCH-ee5c7acdbc729ef8,Overture Maps buildings,https://docs.overturemaps.org/getting-data/,0.99,CURRENT_SNAPSHOT,3035 polygons; release 2026-09-23.1.
REL-1664,EPOCH-0355f445ca6cbed4,BLDGSET-EPOCH-0355f445ca6cbed4,SITE_BUILDING_GEOMETRY_SET,FP-EPOCH-0355f445ca6cbed4,Overture Maps buildings,https://docs.overturemaps.org/getting-data/,0.99,CURRENT_SNAPSHOT,4712 polygons; release 2026-09-23.1.
REL-1665,EPOCH-96d37578ca36f86c,BLDGSET-EPOCH-96d37578ca36f86c,SITE_BUILDING_GEOMETRY_SET,FP-EPOCH-96d37578ca36f86c,Overture Maps buildings,https://docs.overturemaps.org/getting-data/,0.99,CURRENT_SNAPSHOT,4561 polygons; release 2026-09-23.1.
REL-1666,EPOCH-8696ef81d91560a9,BLDGSET-EPOCH-8696ef81d91560a9,SITE_BUILDING_GEOMETRY_SET,FP-EPOCH-8696ef81d91560a9,Overture Maps buildings,https://docs.overturemaps.org/getting-data/,0.99,CURRENT_SNAPSHOT,1285 polygons; release 2026-09-23.1.
REL-1667,EPOCH-495a9afde5e4b96c,BLDGSET-EPOCH-495a9afde5e4b96c,SITE_BUILDING_GEOMETRY_SET,FP-EPOCH-495a9afde5e4b96c,Overture Maps buildings,https://docs.overturemaps.org/getting-data/,0.99,CURRENT_SNAPSHOT,7179 polygons; release 2026-09-23.1.
REL-1668,EPOCH-f1a70be0079d215a,BLDGSET-EPOCH-f1a70be0079d215a,SITE_BUILDING_GEOMETRY_SET,FP-EPOCH-f1a70be0079d215a,Overture Maps buildings,https://docs.overturemaps.org/getting-data/,0.99,CURRENT_SNAPSHOT,1231 polygons; release 2026-09-23.1.
REL-1669,EPOCH-7648e1438308fdae,BLDGSET-EPOCH-7648e1438308fdae,SITE_BUILDING_GEOMETRY_SET,FP-EPOCH-7648e1438308fdae,Overture Maps buildings,https://docs.overturemaps.org/getting-data/,0.99,CURRENT_SNAPSHOT,3384 polygons; release 2026-09-23.1.
REL-1670,EPOCH-65e758d676dc06d6,BLDGSET-EPOCH-65e758d676dc06d6,SITE_BUILDING_GEOMETRY_SET,FP-EPOCH-65e758d676dc06d6,Overture Maps buildings,https://docs.overturemaps.org/getting-data/,0.99,CURRENT_SNAPSHOT,100 polygons; release 2026-09-23.1.
REL-1671,EPOCH-4569f5444951b2fd,BLDGSET-EPOCH-4569f5444951b2fd,SITE_BUILDING_GEOMETRY_SET,FP-EPOCH-4569f5444951b2fd,Overture Maps buildings,https://docs.overturemaps.org/getting-data/,0.99,CURRENT_SNAPSHOT,289 polygons; release 2026-09-23.1.
REL-1672,EPOCH-dadec9d6ef7fca88,BLDGSET-EPOCH-dadec9d6ef7fca88,SITE_BUILDING_GEOMETRY_SET,FP-EPOCH-dadec9d6ef7fca88,Overture Maps buildings,https://docs.overturemaps.org/getting-data/,0.99,CURRENT_SNAPSHOT,2967 polygons; release 2026-09-23.1.
REL-1673,EPOCH-bbf05f2d8903eccc,BLDGSET-EPOCH-bbf05f2d8903eccc,SITE_BUILDING_GEOMETRY_SET,FP-EPOCH-bbf05f2d8903eccc,Overture Maps buildings,https://docs.overturemaps.org/getting-data/,0.99,CURRENT_SNAPSHOT,152 polygons; release 2026-09-23.1.
REL-1674,EPOCH-2d6a8403fde79650,BLDGSET-EPOCH-2d6a8403fde79650,SITE_BUILDING_GEOMETRY_SET,FP-EPOCH-2d6a8403fde79650,Overture Maps buildings,https://docs.overturemaps.org/getting-data/,0.99,CURRENT_SNAPSHOT,452 polygons; release 2026-09-23.1.
REL-1675,EPOCH-f340a33a5ef18d4f,BLDGSET-EPOCH-f340a33a5ef18d4f,SITE_BUILDING_GEOMETRY_SET,FP-EPOCH-f340a33a5ef18d4f,Overture Maps buildings,https://docs.overturemaps.org/getting-data/,0.99,CURRENT_SNAPSHOT,542 polygons; release 2026-09-23.1.
REL-1676,EPOCH-177c53f92d72ec4a,BLDGSET-EPOCH-177c53f92d72ec4a,SITE_BUILDING_GEOMETRY_SET,FP-EPOCH-177c53f92d72ec4a,Overture Maps buildings,https://docs.overturemaps.org/getting-data/,0.99,CURRENT_SNAPSHOT,218 polygons; release 2026-09-23.1.
REL-1677,EPOCH-bbcf0efa8bcebd41,BLDGSET-EPOCH-bbcf0efa8bcebd41,SITE_BUILDING_GEOMETRY_SET,FP-EPOCH-bbcf0efa8bcebd41,Overture Maps buildings,https://docs.overturemaps.org/getting-data/,0.99,CURRENT_SNAPSHOT,108 polygons; release 2026-09-23.1.
REL-1678,EPOCH-d2da66ea035880ce,BLDGSET-EPOCH-d2da66ea035880ce,SITE_BUILDING_GEOMETRY_SET,FP-EPOCH-d2da66ea035880ce,Overture Maps buildings,https://docs.overturemaps.org/getting-data/,0.99,CURRENT_SNAPSHOT,61 polygons; release 2026-09-23.1.
REL-1679,EPOCH-4b4d686b6c457a68,BLDGSET-EPOCH-4b4d686b6c457a68,SITE_BUILDING_GEOMETRY_SET,FP-EPOCH-4b4d686b6c457a68,Overture Maps buildings,https://docs.overturemaps.org/getting-data/,0.99,CURRENT_SNAPSHOT,250 polygons; release 2026-09-23.1.
REL-1680,ENT-coreweave,ENT-coreweave-compute-acquisition-ii,PARENT_SUBSIDIARY,SEC-coreweave compute acquisition ii,SEC_Exhibit_21,https://www.sec.gov/Archives/edgar/data/1769628/000176962826000104/ex211-coreweaveincx10xk.htm,1.0,CURRENT_REPORT,SEC Exhibit 21 lists the subsidiary under the registrant.
REL-1681,ENT-coreweave,ENT-coreweave-compute-acquisition-iii,PARENT_SUBSIDIARY,SEC-coreweave compute acquisition iii,SEC_Exhibit_21,https://www.sec.gov/Archives/edgar/data/1769628/000176962826000104/ex211-coreweaveincx10xk.htm,1.0,CURRENT_REPORT,SEC Exhibit 21 lists the subsidiary under the registrant.
REL-1682,ENT-coreweave,ENT-coreweave-compute-acquisition-iv,PARENT_SUBSIDIARY,SEC-coreweave compute acquisition iv,SEC_Exhibit_21,https://www.sec.gov/Archives/edgar/data/1769628/000176962826000104/ex211-coreweaveincx10xk.htm,1.0,CURRENT_REPORT,SEC Exhibit 21 lists the subsidiary under the registrant.
REL-1683,ENT-coreweave,ENT-coreweave-compute-acquisition-v,PARENT_SUBSIDIARY,SEC-coreweave compute acquisition v,SEC_Exhibit_21,https://www.sec.gov/Archives/edgar/data/1769628/000176962826000104/ex211-coreweaveincx10xk.htm,1.0,CURRENT_REPORT,SEC Exhibit 21 lists the subsidiary under the registrant.
REL-1684,ENT-coreweave,ENT-coreweave-compute-acquisition-vi,PARENT_SUBSIDIARY,SEC-coreweave compute acquisition vi,SEC_Exhibit_21,https://www.sec.gov/Archives/edgar/data/1769628/000176962826000104/ex211-coreweaveincx10xk.htm,1.0,CURRENT_REPORT,SEC Exhibit 21 lists the subsidiary under the registrant.
REL-1685,ENT-coreweave,ENT-coreweave-uk,PARENT_SUBSIDIARY,SEC-coreweave uk,SEC_Exhibit_21,https://www.sec.gov/Archives/edgar/data/1769628/000176962826000104/ex211-coreweaveincx10xk.htm,1.0,CURRENT_REPORT,SEC Exhibit 21 lists the subsidiary under the registrant.
REL-1686,ENT-coreweave,ENT-coreweave-norway-as,PARENT_SUBSIDIARY,SEC-coreweave norway as,SEC_Exhibit_21,https://www.sec.gov/Archives/edgar/data/1769628/000176962826000104/ex211-coreweaveincx10xk.htm,1.0,CURRENT_REPORT,SEC Exhibit 21 lists the subsidiary under the registrant.
REL-1687,ENT-coreweave,ENT-coreweave-sweden-ab,PARENT_SUBSIDIARY,SEC-coreweave sweden ab,SEC_Exhibit_21,https://www.sec.gov/Archives/edgar/data/1769628/000176962826000104/ex211-coreweaveincx10xk.htm,1.0,CURRENT_REPORT,SEC Exhibit 21 lists the subsidiary under the registrant.
REL-1688,ENT-equinix,ENT-equinix-canada-enterprises,PARENT_SUBSIDIARY,SEC-equinix canada enterprises,SEC_Exhibit_21,https://www.sec.gov/Archives/edgar/data/1101239/000110465926015365/eqix-q126xexhibit211.htm,1.0,CURRENT_REPORT,SEC Exhibit 21 lists the subsidiary under the registrant.
REL-1689,ENT-equinix,ENT-equinix-canada-services,PARENT_SUBSIDIARY,SEC-equinix canada services,SEC_Exhibit_21,https://www.sec.gov/Archives/edgar/data/1101239/000110465926015365/eqix-q126xexhibit211.htm,1.0,CURRENT_REPORT,SEC Exhibit 21 lists the subsidiary under the registrant.
REL-1690,ENT-equinix,ENT-chi-3,PARENT_SUBSIDIARY,SEC-chi 3,SEC_Exhibit_21,https://www.sec.gov/Archives/edgar/data/1101239/000110465926015365/eqix-q126xexhibit211.htm,1.0,CURRENT_REPORT,SEC Exhibit 21 lists the subsidiary under the registrant.
REL-1691,ENT-equinix,ENT-chi-3-procurement,PARENT_SUBSIDIARY,SEC-chi 3 procurement,SEC_Exhibit_21,https://www.sec.gov/Archives/edgar/data/1101239/000110465926015365/eqix-q126xexhibit211.htm,1.0,CURRENT_REPORT,SEC Exhibit 21 lists the subsidiary under the registrant.
REL-1692,ENT-equinix,ENT-equinix-db1,PARENT_SUBSIDIARY,SEC-equinix db1,SEC_Exhibit_21,https://www.sec.gov/Archives/edgar/data/1101239/000110465926015365/eqix-q126xexhibit211.htm,1.0,CURRENT_REPORT,SEC Exhibit 21 lists the subsidiary under the registrant.
REL-1693,ENT-equinix,ENT-equinix-france-sas,PARENT_SUBSIDIARY,SEC-equinix france sas,SEC_Exhibit_21,https://www.sec.gov/Archives/edgar/data/1101239/000110465926015365/eqix-q126xexhibit211.htm,1.0,CURRENT_REPORT,SEC Exhibit 21 lists the subsidiary under the registrant.
REL-1694,ENT-iron-mountain,ENT-iron-mountain-data-centers,PARENT_SUBSIDIARY,SEC-iron mountain data centers,SEC_Exhibit_21,https://www.sec.gov/Archives/edgar/data/1020569/000102056926000013/irm2025ex-211.htm,1.0,CURRENT_REPORT,SEC Exhibit 21 lists the subsidiary under the registrant.
REL-1695,ENT-iron-mountain,ENT-iron-mountain-data-centers-u-s,PARENT_SUBSIDIARY,SEC-iron mountain data centers u s,SEC_Exhibit_21,https://www.sec.gov/Archives/edgar/data/1020569/000102056926000013/irm2025ex-211.htm,1.0,CURRENT_REPORT,SEC Exhibit 21 lists the subsidiary under the registrant.
REL-1696,ENT-iron-mountain,ENT-iron-mountain-data-centers-arizona-3,PARENT_SUBSIDIARY,SEC-iron mountain data centers arizona 3,SEC_Exhibit_21,https://www.sec.gov/Archives/edgar/data/1020569/000102056926000013/irm2025ex-211.htm,1.0,CURRENT_REPORT,SEC Exhibit 21 lists the subsidiary under the registrant.
REL-1697,ENT-iron-mountain,ENT-iron-mountain-data-centers-virginia-3,PARENT_SUBSIDIARY,SEC-iron mountain data centers virginia 3,SEC_Exhibit_21,https://www.sec.gov/Archives/edgar/data/1020569/000102056926000013/irm2025ex-211.htm,1.0,CURRENT_REPORT,SEC Exhibit 21 lists the subsidiary under the registrant.
REL-1698,ENT-iron-mountain,ENT-iron-mountain-uk-data-centre,PARENT_SUBSIDIARY,SEC-iron mountain uk data centre,SEC_Exhibit_21,https://www.sec.gov/Archives/edgar/data/1020569/000102056926000013/irm2025ex-211.htm,1.0,CURRENT_REPORT,SEC Exhibit 21 lists the subsidiary under the registrant.
REL-1699,ENT-iron-mountain,ENT-iron-mountain-canada-operations-ulc,PARENT_SUBSIDIARY,SEC-iron mountain canada operations ulc,SEC_Exhibit_21,https://www.sec.gov/Archives/edgar/data/1020569/000102056926000013/irm2025ex-211.htm,1.0,CURRENT_REPORT,SEC Exhibit 21 lists the subsidiary under the registrant.
REL-1700,ENT-digital-realty-trust,ENT-digital-realty-management-services,PARENT_SUBSIDIARY,SEC-digital realty management services,SEC_Exhibit_21,https://www.sec.gov/Archives/edgar/data/1494877/000110465926015365/dlr-20251231xex21d1.htm,1.0,CURRENT_REPORT,SEC Exhibit 21 lists the subsidiary under the registrant.
REL-1701,ENT-digital-realty-trust,ENT-digital-realty-property-manager,PARENT_SUBSIDIARY,SEC-digital realty property manager,SEC_Exhibit_21,https://www.sec.gov/Archives/edgar/data/1494877/000110465926015365/dlr-20251231xex21d1.htm,1.0,CURRENT_REPORT,SEC Exhibit 21 lists the subsidiary under the registrant.
REL-1702,ENT-digital-realty-trust,ENT-digital-realty-sweden-ab,PARENT_SUBSIDIARY,SEC-digital realty sweden ab,SEC_Exhibit_21,https://www.sec.gov/Archives/edgar/data/1494877/000110465926015365/dlr-20251231xex21d1.htm,1.0,CURRENT_REPORT,SEC Exhibit 21 lists the subsidiary under the registrant.
REL-1703,ENT-digital-realty-trust,ENT-nova-dc-fee-owner,PARENT_SUBSIDIARY,SEC-nova dc fee owner,SEC_Exhibit_21,https://www.sec.gov/Archives/edgar/data/1494877/000110465926015365/dlr-20251231xex21d1.htm,1.0,CURRENT_REPORT,SEC Exhibit 21 lists the subsidiary under the registrant.
REL-1704,ENT-digital-realty-trust,ENT-nova-dc,PARENT_SUBSIDIARY,SEC-nova dc,SEC_Exhibit_21,https://www.sec.gov/Archives/edgar/data/1494877/000110465926015365/dlr-20251231xex21d1.htm,1.0,CURRENT_REPORT,SEC Exhibit 21 lists the subsidiary under the registrant.
REL-1705,ENT-qts-realty-trust,ENT-qts-critical-facilities-management,PARENT_SUBSIDIARY,SEC-qts critical facilities management,SEC_Exhibit_21,https://www.sec.gov/Archives/edgar/data/1561164/000114420416084912/v429670_ex21-1.htm,1.0,HISTORICAL_REPORT_2016,SEC Exhibit 21 lists the subsidiary under the registrant.
REL-1706,ENT-qts-realty-trust,ENT-qts-finance,PARENT_SUBSIDIARY,SEC-qts finance,SEC_Exhibit_21,https://www.sec.gov/Archives/edgar/data/1561164/000114420416084912/v429670_ex21-1.htm,1.0,HISTORICAL_REPORT_2016,SEC Exhibit 21 lists the subsidiary under the registrant.
REL-1707,ENT-qts-realty-trust,ENT-quality-investment-properties-irving,PARENT_SUBSIDIARY,SEC-quality investment properties irving,SEC_Exhibit_21,https://www.sec.gov/Archives/edgar/data/1561164/000114420416084912/v429670_ex21-1.htm,1.0,HISTORICAL_REPORT_2016,SEC Exhibit 21 lists the subsidiary under the registrant.
REL-1708,ENT-qts-realty-trust,ENT-quality-technology-services-lenexa,PARENT_SUBSIDIARY,SEC-quality technology services lenexa,SEC_Exhibit_21,https://www.sec.gov/Archives/edgar/data/1561164/000114420416084912/v429670_ex21-1.htm,1.0,HISTORICAL_REPORT_2016,SEC Exhibit 21 lists the subsidiary under the registrant.
REL-1709,ENT-qts-realty-trust,ENT-quality-technology-services-richmond-ii,PARENT_SUBSIDIARY,SEC-quality technology services richmond ii,SEC_Exhibit_21,https://www.sec.gov/Archives/edgar/data/1561164/000114420416084912/v429670_ex21-1.htm,1.0,HISTORICAL_REPORT_2016,SEC Exhibit 21 lists the subsidiary under the registrant.
REL-1710,ENT-qts-realty-trust,ENT-qae-acquisition,PARENT_SUBSIDIARY,SEC-qae acquisition,SEC_Exhibit_21,https://www.sec.gov/Archives/edgar/data/1561164/000114420416084912/v429670_ex21-1.htm,1.0,HISTORICAL_REPORT_2016,SEC Exhibit 21 lists the subsidiary under the registrant.
