entity_id,entity_name,resolution_state,next_sources,note
ENT-st-lawrence-infrastructure,"St. Lawrence Infrastructure, LLC",UNRESOLVED_LEGAL_ENTITY,GLEIF LEI / Level 2 | OpenCorporates relationships/statements | SEC EDGAR Exhibit 21 | State/provincial corporate registry,Legal-form suffix does not establish shell-company status.
ENT-197-mckay-barrie,197 McKay Barrie Corp,UNRESOLVED_LEGAL_ENTITY,GLEIF LEI / Level 2 | OpenCorporates relationships/statements | SEC EDGAR Exhibit 21 | State/provincial corporate registry,Legal-form suffix does not establish shell-company status.
ENT-donovan-drive,Donovan Drive Holdings LLC,UNRESOLVED_LEGAL_ENTITY,GLEIF LEI / Level 2 | OpenCorporates relationships/statements | SEC EDGAR Exhibit 21 | State/provincial corporate registry,Legal-form suffix does not establish shell-company status.
ENT-alectra-utilities,ALECTRA UTILITIES CORPORATION,UNRESOLVED_LEGAL_ENTITY,GLEIF LEI / Level 2 | OpenCorporates relationships/statements | SEC EDGAR Exhibit 21 | State/provincial corporate registry,Legal-form suffix does not establish shell-company status.
ENT-micron-new-york-semiconductor-manufacturing,Micron New York Semiconductor Manufacturing LLC,UNRESOLVED_LEGAL_ENTITY,GLEIF LEI / Level 2 | OpenCorporates relationships/statements | SEC EDGAR Exhibit 21 | State/provincial corporate registry,Legal-form suffix does not establish shell-company status.
ENT-essex-transmission,Essex Transmission LP,UNRESOLVED_LEGAL_ENTITY,GLEIF LEI / Level 2 | OpenCorporates relationships/statements | SEC EDGAR Exhibit 21 | State/provincial corporate registry,Legal-form suffix does not establish shell-company status.
ENT-north-east-data,North East Data LLC,UNRESOLVED_LEGAL_ENTITY,GLEIF LEI / Level 2 | OpenCorporates relationships/statements | SEC EDGAR Exhibit 21 | State/provincial corporate registry,Legal-form suffix does not establish shell-company status.
ENT-north-east-data-data-center,North East Data LLC Data Center,UNRESOLVED_LEGAL_ENTITY,GLEIF LEI / Level 2 | OpenCorporates relationships/statements | SEC EDGAR Exhibit 21 | State/provincial corporate registry,Legal-form suffix does not establish shell-company status.
ENT-arconic,Arconic Corporation,UNRESOLVED_LEGAL_ENTITY,GLEIF LEI / Level 2 | OpenCorporates relationships/statements | SEC EDGAR Exhibit 21 | State/provincial corporate registry,Legal-form suffix does not establish shell-company status.
ENT-hydro-one-networks,HYDRO ONE NETWORKS INC.,UNRESOLVED_LEGAL_ENTITY,GLEIF LEI / Level 2 | OpenCorporates relationships/statements | SEC EDGAR Exhibit 21 | State/provincial corporate registry,Legal-form suffix does not establish shell-company status.
ENT-red-jar-algoma-data-center,RED JAR ALGOMA DATA CENTER CORP.,UNRESOLVED_LEGAL_ENTITY,GLEIF LEI / Level 2 | OpenCorporates relationships/statements | SEC EDGAR Exhibit 21 | State/provincial corporate registry,Legal-form suffix does not establish shell-company status.
ENT-highwall-energy,"Highwall Energy, LLC",UNRESOLVED_LEGAL_ENTITY,GLEIF LEI / Level 2 | OpenCorporates relationships/statements | SEC EDGAR Exhibit 21 | State/provincial corporate registry,Legal-form suffix does not establish shell-company status.
ENT-turin-management,Turin Management LLC,UNRESOLVED_LEGAL_ENTITY,GLEIF LEI / Level 2 | OpenCorporates relationships/statements | SEC EDGAR Exhibit 21 | State/provincial corporate registry,Legal-form suffix does not establish shell-company status.
ENT-patriot-forge-pa,"Patriot Forge PA, LLC",UNRESOLVED_LEGAL_ENTITY,GLEIF LEI / Level 2 | OpenCorporates relationships/statements | SEC EDGAR Exhibit 21 | State/provincial corporate registry,Legal-form suffix does not establish shell-company status.
ENT-1001490547-ontario-moldenhauer,1001490547 Ontario Inc. (Moldenhauer),UNRESOLVED_LEGAL_ENTITY,GLEIF LEI / Level 2 | OpenCorporates relationships/statements | SEC EDGAR Exhibit 21 | State/provincial corporate registry,Legal-form suffix does not establish shell-company status.
ENT-vianode-canada,Vianode Canada Inc.,UNRESOLVED_LEGAL_ENTITY,GLEIF LEI / Level 2 | OpenCorporates relationships/statements | SEC EDGAR Exhibit 21 | State/provincial corporate registry,Legal-form suffix does not establish shell-company status.
ENT-zeroc-data-centers,"ZeroC Data Centers, LLC",UNRESOLVED_LEGAL_ENTITY,GLEIF LEI / Level 2 | OpenCorporates relationships/statements | SEC EDGAR Exhibit 21 | State/provincial corporate registry,Legal-form suffix does not establish shell-company status.
ENT-riverview-innovation-and-technology-campus,"Riverview Innovation & Technology Campus, Inc.",UNRESOLVED_LEGAL_ENTITY,GLEIF LEI / Level 2 | OpenCorporates relationships/statements | SEC EDGAR Exhibit 21 | State/provincial corporate registry,Legal-form suffix does not establish shell-company status.
ENT-ranalli-superdc,Ranalli SuperDC LLC,UNRESOLVED_LEGAL_ENTITY,GLEIF LEI / Level 2 | OpenCorporates relationships/statements | SEC EDGAR Exhibit 21 | State/provincial corporate registry,Legal-form suffix does not establish shell-company status.
ENT-creekside-industrial,CREEKSIDE INDUSTRIAL LP,UNRESOLVED_LEGAL_ENTITY,GLEIF LEI / Level 2 | OpenCorporates relationships/statements | SEC EDGAR Exhibit 21 | State/provincial corporate registry,Legal-form suffix does not establish shell-company status.
ENT-napanee-environmental-complex,"Napanee Environmental Complex, Inc.",UNRESOLVED_LEGAL_ENTITY,GLEIF LEI / Level 2 | OpenCorporates relationships/statements | SEC EDGAR Exhibit 21 | State/provincial corporate registry,Legal-form suffix does not establish shell-company status.
ENT-american-data-center-partners,American Data Center Partners LLC,UNRESOLVED_LEGAL_ENTITY,GLEIF LEI / Level 2 | OpenCorporates relationships/statements | SEC EDGAR Exhibit 21 | State/provincial corporate registry,Legal-form suffix does not establish shell-company status.
ENT-terawulf-brookings,TeraWulf Brookings LLC,UNRESOLVED_LEGAL_ENTITY,GLEIF LEI / Level 2 | OpenCorporates relationships/statements | SEC EDGAR Exhibit 21 | State/provincial corporate registry,Legal-form suffix does not establish shell-company status.
ENT-lake-mariner-data,Lake Mariner Data LLC,UNRESOLVED_LEGAL_ENTITY,GLEIF LEI / Level 2 | OpenCorporates relationships/statements | SEC EDGAR Exhibit 21 | State/provincial corporate registry,Legal-form suffix does not establish shell-company status.
ENT-red-jar-energy-partners,RED JAR ENERGY PARTNERS INC.,UNRESOLVED_LEGAL_ENTITY,GLEIF LEI / Level 2 | OpenCorporates relationships/statements | SEC EDGAR Exhibit 21 | State/provincial corporate registry,Legal-form suffix does not establish shell-company status.
ENT-truenorth-sustainable-infrastructure,TRUENORTH SUSTAINABLE INFRASTRUCTURE INC.,UNRESOLVED_LEGAL_ENTITY,GLEIF LEI / Level 2 | OpenCorporates relationships/statements | SEC EDGAR Exhibit 21 | State/provincial corporate registry,Legal-form suffix does not establish shell-company status.
ENT-massena-development-power-allocation,Massena Development LLC Power Allocation,UNRESOLVED_LEGAL_ENTITY,GLEIF LEI / Level 2 | OpenCorporates relationships/statements | SEC EDGAR Exhibit 21 | State/provincial corporate registry,Legal-form suffix does not establish shell-company status.
ENT-greenidge-generation,"Greenidge Generation, LLC",UNRESOLVED_LEGAL_ENTITY,GLEIF LEI / Level 2 | OpenCorporates relationships/statements | SEC EDGAR Exhibit 21 | State/provincial corporate registry,Legal-form suffix does not establish shell-company status.
ENT-globe-dh,GLOBE DH LLC,UNRESOLVED_LEGAL_ENTITY,GLEIF LEI / Level 2 | OpenCorporates relationships/statements | SEC EDGAR Exhibit 21 | State/provincial corporate registry,Legal-form suffix does not establish shell-company status.
ENT-globe-digital-1,Globe Digital Holdings - 1,UNRESOLVED_LEGAL_ENTITY,GLEIF LEI / Level 2 | OpenCorporates relationships/statements | SEC EDGAR Exhibit 21 | State/provincial corporate registry,Legal-form suffix does not establish shell-company status.
ENT-ekg-group,EKG Group LLC,UNRESOLVED_LEGAL_ENTITY,GLEIF LEI / Level 2 | OpenCorporates relationships/statements | SEC EDGAR Exhibit 21 | State/provincial corporate registry,Legal-form suffix does not establish shell-company status.
ENT-wf-industrial-xii,WF Industrial XII LLC,UNRESOLVED_LEGAL_ENTITY,GLEIF LEI / Level 2 | OpenCorporates relationships/statements | SEC EDGAR Exhibit 21 | State/provincial corporate registry,Legal-form suffix does not establish shell-company status.
ENT-cayuga-operating,"Cayuga Operating Company, LLC",UNRESOLVED_LEGAL_ENTITY,GLEIF LEI / Level 2 | OpenCorporates relationships/statements | SEC EDGAR Exhibit 21 | State/provincial corporate registry,Legal-form suffix does not establish shell-company status.
ENT-enova-power,ENOVA POWER CORP.,UNRESOLVED_LEGAL_ENTITY,GLEIF LEI / Level 2 | OpenCorporates relationships/statements | SEC EDGAR Exhibit 21 | State/provincial corporate registry,Legal-form suffix does not establish shell-company status.
ENT-ipark-east-fishkill,iPark East Fishkill LLC,UNRESOLVED_LEGAL_ENTITY,GLEIF LEI / Level 2 | OpenCorporates relationships/statements | SEC EDGAR Exhibit 21 | State/provincial corporate registry,Legal-form suffix does not establish shell-company status.
ENT-niagara-falls-redevelopment,Niagara Falls Redevelopment LLC,UNRESOLVED_LEGAL_ENTITY,GLEIF LEI / Level 2 | OpenCorporates relationships/statements | SEC EDGAR Exhibit 21 | State/provincial corporate registry,Legal-form suffix does not establish shell-company status.
ENT-sabey-data-center-properties,"Sabey Data Center Properties, LLC",UNRESOLVED_LEGAL_ENTITY,GLEIF LEI / Level 2 | OpenCorporates relationships/statements | SEC EDGAR Exhibit 21 | State/provincial corporate registry,Legal-form suffix does not establish shell-company status.
ENT-tdi-3600-steeles-east,TDI 3600 Steeles East Inc.,UNRESOLVED_LEGAL_ENTITY,GLEIF LEI / Level 2 | OpenCorporates relationships/statements | SEC EDGAR Exhibit 21 | State/provincial corporate registry,Legal-form suffix does not establish shell-company status.
ENT-armstrong-bess,"Armstrong BESS, LLC",UNRESOLVED_LEGAL_ENTITY,GLEIF LEI / Level 2 | OpenCorporates relationships/statements | SEC EDGAR Exhibit 21 | State/provincial corporate registry,Legal-form suffix does not establish shell-company status.
ENT-zeus-mitchell-bess-ii,"Zeus Mitchell BESS II, LLC",UNRESOLVED_LEGAL_ENTITY,GLEIF LEI / Level 2 | OpenCorporates relationships/statements | SEC EDGAR Exhibit 21 | State/provincial corporate registry,Legal-form suffix does not establish shell-company status.
ENT-kickstart-infrastructure,Kickstart Infrastructure LLC,UNRESOLVED_LEGAL_ENTITY,GLEIF LEI / Level 2 | OpenCorporates relationships/statements | SEC EDGAR Exhibit 21 | State/provincial corporate registry,Legal-form suffix does not establish shell-company status.
ENT-prairie-point,Prairie Point LLC,UNRESOLVED_LEGAL_ENTITY,GLEIF LEI / Level 2 | OpenCorporates relationships/statements | SEC EDGAR Exhibit 21 | State/provincial corporate registry,Legal-form suffix does not establish shell-company status.
ENT-nabla-park,Nabla Park LLC,UNRESOLVED_LEGAL_ENTITY,GLEIF LEI / Level 2 | OpenCorporates relationships/statements | SEC EDGAR Exhibit 21 | State/provincial corporate registry,Legal-form suffix does not establish shell-company status.
ENT-project-fast-flow,Project Fast Flow LLC,UNRESOLVED_LEGAL_ENTITY,GLEIF LEI / Level 2 | OpenCorporates relationships/statements | SEC EDGAR Exhibit 21 | State/provincial corporate registry,Legal-form suffix does not establish shell-company status.
ENT-spur-energy-storage,"Spur Energy Storage, LLC",UNRESOLVED_LEGAL_ENTITY,GLEIF LEI / Level 2 | OpenCorporates relationships/statements | SEC EDGAR Exhibit 21 | State/provincial corporate registry,Legal-form suffix does not establish shell-company status.
ENT-symphony-bess,"Symphony BESS, LLC",UNRESOLVED_LEGAL_ENTITY,GLEIF LEI / Level 2 | OpenCorporates relationships/statements | SEC EDGAR Exhibit 21 | State/provincial corporate registry,Legal-form suffix does not establish shell-company status.
ENT-lavita-bess,"Lavita BESS, LLC",UNRESOLVED_LEGAL_ENTITY,GLEIF LEI / Level 2 | OpenCorporates relationships/statements | SEC EDGAR Exhibit 21 | State/provincial corporate registry,Legal-form suffix does not establish shell-company status.
ENT-engie-ir,ENGIE IR Holdings LLC,UNRESOLVED_LEGAL_ENTITY,GLEIF LEI / Level 2 | OpenCorporates relationships/statements | SEC EDGAR Exhibit 21 | State/provincial corporate registry,Legal-form suffix does not establish shell-company status.
ENT-airport-storage-ii,Airport Storage II LLC,UNRESOLVED_LEGAL_ENTITY,GLEIF LEI / Level 2 | OpenCorporates relationships/statements | SEC EDGAR Exhibit 21 | State/provincial corporate registry,Legal-form suffix does not establish shell-company status.
ENT-miller-bend-energy,"Miller Bend Energy , LLC",UNRESOLVED_LEGAL_ENTITY,GLEIF LEI / Level 2 | OpenCorporates relationships/statements | SEC EDGAR Exhibit 21 | State/provincial corporate registry,Legal-form suffix does not establish shell-company status.
ENT-midnight-sun-energy-storage,"Midnight Sun Energy Storage, LLC",UNRESOLVED_LEGAL_ENTITY,GLEIF LEI / Level 2 | OpenCorporates relationships/statements | SEC EDGAR Exhibit 21 | State/provincial corporate registry,Legal-form suffix does not establish shell-company status.
ENT-airport-storage-i,Airport Storage I LLC,UNRESOLVED_LEGAL_ENTITY,GLEIF LEI / Level 2 | OpenCorporates relationships/statements | SEC EDGAR Exhibit 21 | State/provincial corporate registry,Legal-form suffix does not establish shell-company status.
ENT-avalon-bess,"Avalon BESS, LLC",UNRESOLVED_LEGAL_ENTITY,GLEIF LEI / Level 2 | OpenCorporates relationships/statements | SEC EDGAR Exhibit 21 | State/provincial corporate registry,Legal-form suffix does not establish shell-company status.
ENT-falcon-energy-project,"Falcon Energy Project, LLC",UNRESOLVED_LEGAL_ENTITY,GLEIF LEI / Level 2 | OpenCorporates relationships/statements | SEC EDGAR Exhibit 21 | State/provincial corporate registry,Legal-form suffix does not establish shell-company status.
ENT-eg-redbud,EG Redbud LLC,UNRESOLVED_LEGAL_ENTITY,GLEIF LEI / Level 2 | OpenCorporates relationships/statements | SEC EDGAR Exhibit 21 | State/provincial corporate registry,Legal-form suffix does not establish shell-company status.
ENT-seven-angels-infrastructure,Seven Angels Infrastructure LLC,UNRESOLVED_LEGAL_ENTITY,GLEIF LEI / Level 2 | OpenCorporates relationships/statements | SEC EDGAR Exhibit 21 | State/provincial corporate registry,Legal-form suffix does not establish shell-company status.
ENT-bess-diamante,BESS DIAMANTE LLC,UNRESOLVED_LEGAL_ENTITY,GLEIF LEI / Level 2 | OpenCorporates relationships/statements | SEC EDGAR Exhibit 21 | State/provincial corporate registry,Legal-form suffix does not establish shell-company status.
ENT-s-and-s-renewables,"S&S Renewables, LLC",UNRESOLVED_LEGAL_ENTITY,GLEIF LEI / Level 2 | OpenCorporates relationships/statements | SEC EDGAR Exhibit 21 | State/provincial corporate registry,Legal-form suffix does not establish shell-company status.
ENT-hecate-energy-dovetail-storage,Hecate Energy Dovetail Storage LLC,UNRESOLVED_LEGAL_ENTITY,GLEIF LEI / Level 2 | OpenCorporates relationships/statements | SEC EDGAR Exhibit 21 | State/provincial corporate registry,Legal-form suffix does not establish shell-company status.
ENT-oci-la-salle-ess,OCI La Salle ESS LLC,UNRESOLVED_LEGAL_ENTITY,GLEIF LEI / Level 2 | OpenCorporates relationships/statements | SEC EDGAR Exhibit 21 | State/provincial corporate registry,Legal-form suffix does not establish shell-company status.
ENT-hecate-energy-outpost-storage,Hecate Energy Outpost Storage LLC,UNRESOLVED_LEGAL_ENTITY,GLEIF LEI / Level 2 | OpenCorporates relationships/statements | SEC EDGAR Exhibit 21 | State/provincial corporate registry,Legal-form suffix does not establish shell-company status.
ENT-hecate-energy-frye-storage,Hecate Energy Frye Storage LLC,UNRESOLVED_LEGAL_ENTITY,GLEIF LEI / Level 2 | OpenCorporates relationships/statements | SEC EDGAR Exhibit 21 | State/provincial corporate registry,Legal-form suffix does not establish shell-company status.
ENT-hecate-energy-hazel,Hecate Energy Hazel LLC,UNRESOLVED_LEGAL_ENTITY,GLEIF LEI / Level 2 | OpenCorporates relationships/statements | SEC EDGAR Exhibit 21 | State/provincial corporate registry,Legal-form suffix does not establish shell-company status.
ENT-hecate-energy-harley-hand-storage,Hecate Energy Harley Hand Storage LLC,UNRESOLVED_LEGAL_ENTITY,GLEIF LEI / Level 2 | OpenCorporates relationships/statements | SEC EDGAR Exhibit 21 | State/provincial corporate registry,Legal-form suffix does not establish shell-company status.
ENT-hecate-energy-longhorn-storage,Hecate Energy Longhorn Storage LLC,UNRESOLVED_LEGAL_ENTITY,GLEIF LEI / Level 2 | OpenCorporates relationships/statements | SEC EDGAR Exhibit 21 | State/provincial corporate registry,Legal-form suffix does not establish shell-company status.
ENT-gci-orbit-energy-storage,"GCI Orbit Energy Storage, LLC",UNRESOLVED_LEGAL_ENTITY,GLEIF LEI / Level 2 | OpenCorporates relationships/statements | SEC EDGAR Exhibit 21 | State/provincial corporate registry,Legal-form suffix does not establish shell-company status.
ENT-hecate-energy-ramsey-storage,Hecate Energy Ramsey Storage LLC,UNRESOLVED_LEGAL_ENTITY,GLEIF LEI / Level 2 | OpenCorporates relationships/statements | SEC EDGAR Exhibit 21 | State/provincial corporate registry,Legal-form suffix does not establish shell-company status.
ENT-victory-ellis,"Victory Ellis, LLC",UNRESOLVED_LEGAL_ENTITY,GLEIF LEI / Level 2 | OpenCorporates relationships/statements | SEC EDGAR Exhibit 21 | State/provincial corporate registry,Legal-form suffix does not establish shell-company status.
ENT-qts-data-centers,QTS DATA CENTERS LLC,UNRESOLVED_LEGAL_ENTITY,GLEIF LEI / Level 2 | OpenCorporates relationships/statements | SEC EDGAR Exhibit 21 | State/provincial corporate registry,Legal-form suffix does not establish shell-company status.
ENT-hyfuels-big-spring,HyFuels Big Spring LLC,UNRESOLVED_LEGAL_ENTITY,GLEIF LEI / Level 2 | OpenCorporates relationships/statements | SEC EDGAR Exhibit 21 | State/provincial corporate registry,Legal-form suffix does not establish shell-company status.
ENT-gamay-energy-storage,GAMAY ENERGY STORAGE LLC,UNRESOLVED_LEGAL_ENTITY,GLEIF LEI / Level 2 | OpenCorporates relationships/statements | SEC EDGAR Exhibit 21 | State/provincial corporate registry,Legal-form suffix does not establish shell-company status.
ENT-aeu-battery-project-iii,AEU Battery Project III LLC,UNRESOLVED_LEGAL_ENTITY,GLEIF LEI / Level 2 | OpenCorporates relationships/statements | SEC EDGAR Exhibit 21 | State/provincial corporate registry,Legal-form suffix does not establish shell-company status.
ENT-brp-snowdon-bess,BRP SNOWDON BESS LLC,UNRESOLVED_LEGAL_ENTITY,GLEIF LEI / Level 2 | OpenCorporates relationships/statements | SEC EDGAR Exhibit 21 | State/provincial corporate registry,Legal-form suffix does not establish shell-company status.
ENT-hecate-energy-point-mountain-solar-facility-1,Hecate Energy Point Mountain Solar Facility 1 LLC,UNRESOLVED_LEGAL_ENTITY,GLEIF LEI / Level 2 | OpenCorporates relationships/statements | SEC EDGAR Exhibit 21 | State/provincial corporate registry,Legal-form suffix does not establish shell-company status.
ENT-brp-mekong-bess,BRP Mekong BESS LLC,UNRESOLVED_LEGAL_ENTITY,GLEIF LEI / Level 2 | OpenCorporates relationships/statements | SEC EDGAR Exhibit 21 | State/provincial corporate registry,Legal-form suffix does not establish shell-company status.
ENT-duck-creek-storage,"Duck Creek Storage, LLC",UNRESOLVED_LEGAL_ENTITY,GLEIF LEI / Level 2 | OpenCorporates relationships/statements | SEC EDGAR Exhibit 21 | State/provincial corporate registry,Legal-form suffix does not establish shell-company status.
ENT-lightcycle-energy-storage,Lightcycle Energy Storage LLC,UNRESOLVED_LEGAL_ENTITY,GLEIF LEI / Level 2 | OpenCorporates relationships/statements | SEC EDGAR Exhibit 21 | State/provincial corporate registry,Legal-form suffix does not establish shell-company status.
ENT-castle-storage,"Castle Storage, LLC",UNRESOLVED_LEGAL_ENTITY,GLEIF LEI / Level 2 | OpenCorporates relationships/statements | SEC EDGAR Exhibit 21 | State/provincial corporate registry,Legal-form suffix does not establish shell-company status.
ENT-aes-distributed-energy,"AES Distributed Energy, Inc",UNRESOLVED_LEGAL_ENTITY,GLEIF LEI / Level 2 | OpenCorporates relationships/statements | SEC EDGAR Exhibit 21 | State/provincial corporate registry,Legal-form suffix does not establish shell-company status.
ENT-hecate-grid-dragan-storage,Hecate Grid Dragan Storage LLC,UNRESOLVED_LEGAL_ENTITY,GLEIF LEI / Level 2 | OpenCorporates relationships/statements | SEC EDGAR Exhibit 21 | State/provincial corporate registry,Legal-form suffix does not establish shell-company status.
ENT-lund-storage-center-1,"Lund Storage Center 1, LLC",UNRESOLVED_LEGAL_ENTITY,GLEIF LEI / Level 2 | OpenCorporates relationships/statements | SEC EDGAR Exhibit 21 | State/provincial corporate registry,Legal-form suffix does not establish shell-company status.
ENT-scout-energy-management,"Scout Energy Management, LLC",UNRESOLVED_LEGAL_ENTITY,GLEIF LEI / Level 2 | OpenCorporates relationships/statements | SEC EDGAR Exhibit 21 | State/provincial corporate registry,Legal-form suffix does not establish shell-company status.
ENT-brp-blue-topaz-3,"BRP Blue Topaz 3, LLC",UNRESOLVED_LEGAL_ENTITY,GLEIF LEI / Level 2 | OpenCorporates relationships/statements | SEC EDGAR Exhibit 21 | State/provincial corporate registry,Legal-form suffix does not establish shell-company status.
ENT-bernice-energy-storage,Bernice Energy Storage LLC,UNRESOLVED_LEGAL_ENTITY,GLEIF LEI / Level 2 | OpenCorporates relationships/statements | SEC EDGAR Exhibit 21 | State/provincial corporate registry,Legal-form suffix does not establish shell-company status.
ENT-brp-merope-bess,BRP Merope BESS LLC,UNRESOLVED_LEGAL_ENTITY,GLEIF LEI / Level 2 | OpenCorporates relationships/statements | SEC EDGAR Exhibit 21 | State/provincial corporate registry,Legal-form suffix does not establish shell-company status.
ENT-shift-solar,Shift Solar Inc,UNRESOLVED_LEGAL_ENTITY,GLEIF LEI / Level 2 | OpenCorporates relationships/statements | SEC EDGAR Exhibit 21 | State/provincial corporate registry,Legal-form suffix does not establish shell-company status.
ENT-shallow-seam-energy-storage,"Shallow Seam Energy Storage, LLC",UNRESOLVED_LEGAL_ENTITY,GLEIF LEI / Level 2 | OpenCorporates relationships/statements | SEC EDGAR Exhibit 21 | State/provincial corporate registry,Legal-form suffix does not establish shell-company status.
ENT-mission-station,Mission Station LLC,UNRESOLVED_LEGAL_ENTITY,GLEIF LEI / Level 2 | OpenCorporates relationships/statements | SEC EDGAR Exhibit 21 | State/provincial corporate registry,Legal-form suffix does not establish shell-company status.
ENT-panhandle-solar-group-operating,Panhandle Solar Group Operating Company LLC,UNRESOLVED_LEGAL_ENTITY,GLEIF LEI / Level 2 | OpenCorporates relationships/statements | SEC EDGAR Exhibit 21 | State/provincial corporate registry,Legal-form suffix does not establish shell-company status.
ENT-aldrin-energy-storage,Aldrin Energy Storage LLC,UNRESOLVED_LEGAL_ENTITY,GLEIF LEI / Level 2 | OpenCorporates relationships/statements | SEC EDGAR Exhibit 21 | State/provincial corporate registry,Legal-form suffix does not establish shell-company status.
ENT-wildflower-storage,Wildflower Storage LLC,UNRESOLVED_LEGAL_ENTITY,GLEIF LEI / Level 2 | OpenCorporates relationships/statements | SEC EDGAR Exhibit 21 | State/provincial corporate registry,Legal-form suffix does not establish shell-company status.
ENT-brookesmith-storage,Brookesmith Storage LLC,UNRESOLVED_LEGAL_ENTITY,GLEIF LEI / Level 2 | OpenCorporates relationships/statements | SEC EDGAR Exhibit 21 | State/provincial corporate registry,Legal-form suffix does not establish shell-company status.
ENT-resilient-new-york-storage-by-hanwha-energy-usa,"Resilient New York Storage, LLC by Hanwha Energy USA Holdings Corporation",UNRESOLVED_LEGAL_ENTITY,GLEIF LEI / Level 2 | OpenCorporates relationships/statements | SEC EDGAR Exhibit 21 | State/provincial corporate registry,Legal-form suffix does not establish shell-company status.
ENT-rabbit-hollow-energy-storage,"Rabbit Hollow Energy Storage, LLC",UNRESOLVED_LEGAL_ENTITY,GLEIF LEI / Level 2 | OpenCorporates relationships/statements | SEC EDGAR Exhibit 21 | State/provincial corporate registry,Legal-form suffix does not establish shell-company status.
ENT-ip-quantum-iii,"IP Quantum III, LLC",UNRESOLVED_LEGAL_ENTITY,GLEIF LEI / Level 2 | OpenCorporates relationships/statements | SEC EDGAR Exhibit 21 | State/provincial corporate registry,Legal-form suffix does not establish shell-company status.
ENT-energy-forge-one,Energy Forge One LLC,UNRESOLVED_LEGAL_ENTITY,GLEIF LEI / Level 2 | OpenCorporates relationships/statements | SEC EDGAR Exhibit 21 | State/provincial corporate registry,Legal-form suffix does not establish shell-company status.
ENT-elio-energy,Elio Energy LLC,UNRESOLVED_LEGAL_ENTITY,GLEIF LEI / Level 2 | OpenCorporates relationships/statements | SEC EDGAR Exhibit 21 | State/provincial corporate registry,Legal-form suffix does not establish shell-company status.
ENT-vln,"VLN, LLC",UNRESOLVED_LEGAL_ENTITY,GLEIF LEI / Level 2 | OpenCorporates relationships/statements | SEC EDGAR Exhibit 21 | State/provincial corporate registry,Legal-form suffix does not establish shell-company status.
ENT-diablo-campo-energy-center,"Diablo Campo Energy Center, LLC",UNRESOLVED_LEGAL_ENTITY,GLEIF LEI / Level 2 | OpenCorporates relationships/statements | SEC EDGAR Exhibit 21 | State/provincial corporate registry,Legal-form suffix does not establish shell-company status.
ENT-tdwp-partners,TDWP Partners LLC,UNRESOLVED_LEGAL_ENTITY,GLEIF LEI / Level 2 | OpenCorporates relationships/statements | SEC EDGAR Exhibit 21 | State/provincial corporate registry,Legal-form suffix does not establish shell-company status.
ENT-wild-paw-energy-center,"Wild Paw Energy Center, LLC",UNRESOLVED_LEGAL_ENTITY,GLEIF LEI / Level 2 | OpenCorporates relationships/statements | SEC EDGAR Exhibit 21 | State/provincial corporate registry,Legal-form suffix does not establish shell-company status.
ENT-mistflower-energy-center,Mistflower Energy Center LLC,UNRESOLVED_LEGAL_ENTITY,GLEIF LEI / Level 2 | OpenCorporates relationships/statements | SEC EDGAR Exhibit 21 | State/provincial corporate registry,Legal-form suffix does not establish shell-company status.
ENT-cielo-vista-storage,"Cielo Vista Storage, LLC",UNRESOLVED_LEGAL_ENTITY,GLEIF LEI / Level 2 | OpenCorporates relationships/statements | SEC EDGAR Exhibit 21 | State/provincial corporate registry,Legal-form suffix does not establish shell-company status.
ENT-royal-river,Royal River LLC,UNRESOLVED_LEGAL_ENTITY,GLEIF LEI / Level 2 | OpenCorporates relationships/statements | SEC EDGAR Exhibit 21 | State/provincial corporate registry,Legal-form suffix does not establish shell-company status.
ENT-red-egret,Red Egret LLC,UNRESOLVED_LEGAL_ENTITY,GLEIF LEI / Level 2 | OpenCorporates relationships/statements | SEC EDGAR Exhibit 21 | State/provincial corporate registry,Legal-form suffix does not establish shell-company status.
ENT-brp-crater-bess,BRP Crater BESS LLC,UNRESOLVED_LEGAL_ENTITY,GLEIF LEI / Level 2 | OpenCorporates relationships/statements | SEC EDGAR Exhibit 21 | State/provincial corporate registry,Legal-form suffix does not establish shell-company status.
ENT-live-oak-energy-storage,"Live Oak Energy Storage, LLC",UNRESOLVED_LEGAL_ENTITY,GLEIF LEI / Level 2 | OpenCorporates relationships/statements | SEC EDGAR Exhibit 21 | State/provincial corporate registry,Legal-form suffix does not establish shell-company status.
ENT-prairie-branch-energy,"Prairie Branch Energy, LLC",UNRESOLVED_LEGAL_ENTITY,GLEIF LEI / Level 2 | OpenCorporates relationships/statements | SEC EDGAR Exhibit 21 | State/provincial corporate registry,Legal-form suffix does not establish shell-company status.
ENT-sweetheart-energy,"Sweetheart Energy, LLC",UNRESOLVED_LEGAL_ENTITY,GLEIF LEI / Level 2 | OpenCorporates relationships/statements | SEC EDGAR Exhibit 21 | State/provincial corporate registry,Legal-form suffix does not establish shell-company status.
ENT-two-forks,Two Forks LLC,UNRESOLVED_LEGAL_ENTITY,GLEIF LEI / Level 2 | OpenCorporates relationships/statements | SEC EDGAR Exhibit 21 | State/provincial corporate registry,Legal-form suffix does not establish shell-company status.
ENT-brp-mensa-bess,BRP Mensa BESS LLC,UNRESOLVED_LEGAL_ENTITY,GLEIF LEI / Level 2 | OpenCorporates relationships/statements | SEC EDGAR Exhibit 21 | State/provincial corporate registry,Legal-form suffix does not establish shell-company status.
ENT-brp-seine-bess,BRP Seine BESS LLC,UNRESOLVED_LEGAL_ENTITY,GLEIF LEI / Level 2 | OpenCorporates relationships/statements | SEC EDGAR Exhibit 21 | State/provincial corporate registry,Legal-form suffix does not establish shell-company status.
ENT-buffalo-meadow-energy-center,"Buffalo Meadow Energy Center, LLC",UNRESOLVED_LEGAL_ENTITY,GLEIF LEI / Level 2 | OpenCorporates relationships/statements | SEC EDGAR Exhibit 21 | State/provincial corporate registry,Legal-form suffix does not establish shell-company status.
ENT-dm-ccy,"DM-CCY, LLC",UNRESOLVED_LEGAL_ENTITY,GLEIF LEI / Level 2 | OpenCorporates relationships/statements | SEC EDGAR Exhibit 21 | State/provincial corporate registry,Legal-form suffix does not establish shell-company status.
ENT-baf-storage,"BAF Storage, LLC",UNRESOLVED_LEGAL_ENTITY,GLEIF LEI / Level 2 | OpenCorporates relationships/statements | SEC EDGAR Exhibit 21 | State/provincial corporate registry,Legal-form suffix does not establish shell-company status.
ENT-pp-axtell-bess,PP Axtell BESS LLC,UNRESOLVED_LEGAL_ENTITY,GLEIF LEI / Level 2 | OpenCorporates relationships/statements | SEC EDGAR Exhibit 21 | State/provincial corporate registry,Legal-form suffix does not establish shell-company status.
ENT-southfork-energy-storage,"Southfork Energy Storage, LLC",UNRESOLVED_LEGAL_ENTITY,GLEIF LEI / Level 2 | OpenCorporates relationships/statements | SEC EDGAR Exhibit 21 | State/provincial corporate registry,Legal-form suffix does not establish shell-company status.
ENT-gilleys-energy-storage,"Gilleys Energy Storage, LLC",UNRESOLVED_LEGAL_ENTITY,GLEIF LEI / Level 2 | OpenCorporates relationships/statements | SEC EDGAR Exhibit 21 | State/provincial corporate registry,Legal-form suffix does not establish shell-company status.
ENT-wooderson-energy-storage,"Wooderson Energy Storage, LLC",UNRESOLVED_LEGAL_ENTITY,GLEIF LEI / Level 2 | OpenCorporates relationships/statements | SEC EDGAR Exhibit 21 | State/provincial corporate registry,Legal-form suffix does not establish shell-company status.
ENT-o-bannion-energy-storage,"O'Bannion Energy Storage, LLC",UNRESOLVED_LEGAL_ENTITY,GLEIF LEI / Level 2 | OpenCorporates relationships/statements | SEC EDGAR Exhibit 21 | State/provincial corporate registry,Legal-form suffix does not establish shell-company status.
ENT-mccrae-energy-storage,"McCrae Energy Storage, LLC",UNRESOLVED_LEGAL_ENTITY,GLEIF LEI / Level 2 | OpenCorporates relationships/statements | SEC EDGAR Exhibit 21 | State/provincial corporate registry,Legal-form suffix does not establish shell-company status.
ENT-actx-bess-project,ACTX BESS Project LLC,UNRESOLVED_LEGAL_ENTITY,GLEIF LEI / Level 2 | OpenCorporates relationships/statements | SEC EDGAR Exhibit 21 | State/provincial corporate registry,Legal-form suffix does not establish shell-company status.
ENT-aurora-energy-storage,"Aurora Energy Storage, LLC",UNRESOLVED_LEGAL_ENTITY,GLEIF LEI / Level 2 | OpenCorporates relationships/statements | SEC EDGAR Exhibit 21 | State/provincial corporate registry,Legal-form suffix does not establish shell-company status.
ENT-copperleaf-energy-storage,"Copperleaf Energy Storage, LLC",UNRESOLVED_LEGAL_ENTITY,GLEIF LEI / Level 2 | OpenCorporates relationships/statements | SEC EDGAR Exhibit 21 | State/provincial corporate registry,Legal-form suffix does not establish shell-company status.
ENT-gulfstar-power,"GulfStar Power, LLC",UNRESOLVED_LEGAL_ENTITY,GLEIF LEI / Level 2 | OpenCorporates relationships/statements | SEC EDGAR Exhibit 21 | State/provincial corporate registry,Legal-form suffix does not establish shell-company status.
ENT-blue-topaz-1,"Blue Topaz 1, LLC",UNRESOLVED_LEGAL_ENTITY,GLEIF LEI / Level 2 | OpenCorporates relationships/statements | SEC EDGAR Exhibit 21 | State/provincial corporate registry,Legal-form suffix does not establish shell-company status.
ENT-navboot-bess,Navboot BESS LLC,UNRESOLVED_LEGAL_ENTITY,GLEIF LEI / Level 2 | OpenCorporates relationships/statements | SEC EDGAR Exhibit 21 | State/provincial corporate registry,Legal-form suffix does not establish shell-company status.
ENT-wander-waters-bess,Wander Waters BESS LLC,UNRESOLVED_LEGAL_ENTITY,GLEIF LEI / Level 2 | OpenCorporates relationships/statements | SEC EDGAR Exhibit 21 | State/provincial corporate registry,Legal-form suffix does not establish shell-company status.
ENT-bnpb1,"BNPB1, LLC",UNRESOLVED_LEGAL_ENTITY,GLEIF LEI / Level 2 | OpenCorporates relationships/statements | SEC EDGAR Exhibit 21 | State/provincial corporate registry,Legal-form suffix does not establish shell-company status.
ENT-brantley-branch,Brantley Branch LLC,UNRESOLVED_LEGAL_ENTITY,GLEIF LEI / Level 2 | OpenCorporates relationships/statements | SEC EDGAR Exhibit 21 | State/provincial corporate registry,Legal-form suffix does not establish shell-company status.
ENT-sanders-hollow-energy-center,"Sanders Hollow Energy Center, LLC",UNRESOLVED_LEGAL_ENTITY,GLEIF LEI / Level 2 | OpenCorporates relationships/statements | SEC EDGAR Exhibit 21 | State/provincial corporate registry,Legal-form suffix does not establish shell-company status.
ENT-simsboro-storage,Simsboro Storage LLC,UNRESOLVED_LEGAL_ENTITY,GLEIF LEI / Level 2 | OpenCorporates relationships/statements | SEC EDGAR Exhibit 21 | State/provincial corporate registry,Legal-form suffix does not establish shell-company status.
ENT-brp-quela-bess,BRP Quela BESS LLC,UNRESOLVED_LEGAL_ENTITY,GLEIF LEI / Level 2 | OpenCorporates relationships/statements | SEC EDGAR Exhibit 21 | State/provincial corporate registry,Legal-form suffix does not establish shell-company status.
ENT-gulf-gateway-storage,"Gulf Gateway Storage, LLC",UNRESOLVED_LEGAL_ENTITY,GLEIF LEI / Level 2 | OpenCorporates relationships/statements | SEC EDGAR Exhibit 21 | State/provincial corporate registry,Legal-form suffix does not establish shell-company status.
ENT-rubicon-power,Rubicon Power LLC,UNRESOLVED_LEGAL_ENTITY,GLEIF LEI / Level 2 | OpenCorporates relationships/statements | SEC EDGAR Exhibit 21 | State/provincial corporate registry,Legal-form suffix does not establish shell-company status.
ENT-ogallala-bess,Ogallala BESS LLC,UNRESOLVED_LEGAL_ENTITY,GLEIF LEI / Level 2 | OpenCorporates relationships/statements | SEC EDGAR Exhibit 21 | State/provincial corporate registry,Legal-form suffix does not establish shell-company status.
ENT-tempus-power-management,Tempus Power Management LLC,UNRESOLVED_LEGAL_ENTITY,GLEIF LEI / Level 2 | OpenCorporates relationships/statements | SEC EDGAR Exhibit 21 | State/provincial corporate registry,Legal-form suffix does not establish shell-company status.
ENT-old-aqueduct,Old Aqueduct LLC,UNRESOLVED_LEGAL_ENTITY,GLEIF LEI / Level 2 | OpenCorporates relationships/statements | SEC EDGAR Exhibit 21 | State/provincial corporate registry,Legal-form suffix does not establish shell-company status.
ENT-great-rock-storage,Great Rock Storage LLC,UNRESOLVED_LEGAL_ENTITY,GLEIF LEI / Level 2 | OpenCorporates relationships/statements | SEC EDGAR Exhibit 21 | State/provincial corporate registry,Legal-form suffix does not establish shell-company status.
ENT-hambletonian-energy-storage,Hambletonian Energy Storage LLC,UNRESOLVED_LEGAL_ENTITY,GLEIF LEI / Level 2 | OpenCorporates relationships/statements | SEC EDGAR Exhibit 21 | State/provincial corporate registry,Legal-form suffix does not establish shell-company status.
ENT-blue-spruce-storage,Blue Spruce Storage LLC,UNRESOLVED_LEGAL_ENTITY,GLEIF LEI / Level 2 | OpenCorporates relationships/statements | SEC EDGAR Exhibit 21 | State/provincial corporate registry,Legal-form suffix does not establish shell-company status.
ENT-roma-storage,Roma Storage LLC,UNRESOLVED_LEGAL_ENTITY,GLEIF LEI / Level 2 | OpenCorporates relationships/statements | SEC EDGAR Exhibit 21 | State/provincial corporate registry,Legal-form suffix does not establish shell-company status.
ENT-sawhall-energy-storage,Sawhall Energy Storage LLC,UNRESOLVED_LEGAL_ENTITY,GLEIF LEI / Level 2 | OpenCorporates relationships/statements | SEC EDGAR Exhibit 21 | State/provincial corporate registry,Legal-form suffix does not establish shell-company status.
ENT-emeren-us,"Emeren US, LLC",UNRESOLVED_LEGAL_ENTITY,GLEIF LEI / Level 2 | OpenCorporates relationships/statements | SEC EDGAR Exhibit 21 | State/provincial corporate registry,Legal-form suffix does not establish shell-company status.
ENT-brookside-forest-energy-storage,Brookside Forest Energy Storage LLC,UNRESOLVED_LEGAL_ENTITY,GLEIF LEI / Level 2 | OpenCorporates relationships/statements | SEC EDGAR Exhibit 21 | State/provincial corporate registry,Legal-form suffix does not establish shell-company status.
ENT-wichita-creek-storage,"Wichita Creek Storage, LLC",UNRESOLVED_LEGAL_ENTITY,GLEIF LEI / Level 2 | OpenCorporates relationships/statements | SEC EDGAR Exhibit 21 | State/provincial corporate registry,Legal-form suffix does not establish shell-company status.
ENT-camino-solar-ranch,"Camino Solar Ranch, LLC",UNRESOLVED_LEGAL_ENTITY,GLEIF LEI / Level 2 | OpenCorporates relationships/statements | SEC EDGAR Exhibit 21 | State/provincial corporate registry,Legal-form suffix does not establish shell-company status.
ENT-lectricwind,LectricWind LLC,UNRESOLVED_LEGAL_ENTITY,GLEIF LEI / Level 2 | OpenCorporates relationships/statements | SEC EDGAR Exhibit 21 | State/provincial corporate registry,Legal-form suffix does not establish shell-company status.
ENT-mockingbird-storage-center,"Mockingbird Storage Center, LLC",UNRESOLVED_LEGAL_ENTITY,GLEIF LEI / Level 2 | OpenCorporates relationships/statements | SEC EDGAR Exhibit 21 | State/provincial corporate registry,Legal-form suffix does not establish shell-company status.
ENT-inadale-bess,"Inadale BESS, LLC",UNRESOLVED_LEGAL_ENTITY,GLEIF LEI / Level 2 | OpenCorporates relationships/statements | SEC EDGAR Exhibit 21 | State/provincial corporate registry,Legal-form suffix does not establish shell-company status.
ENT-rio-grande-solar,Rio Grande Solar LLC,UNRESOLVED_LEGAL_ENTITY,GLEIF LEI / Level 2 | OpenCorporates relationships/statements | SEC EDGAR Exhibit 21 | State/provincial corporate registry,Legal-form suffix does not establish shell-company status.
ENT-bobcat-energy-center,"Bobcat Energy Center, LLC",UNRESOLVED_LEGAL_ENTITY,GLEIF LEI / Level 2 | OpenCorporates relationships/statements | SEC EDGAR Exhibit 21 | State/provincial corporate registry,Legal-form suffix does not establish shell-company status.
ENT-trailblazer-infrastructure,Trailblazer Infrastructure LLC,UNRESOLVED_LEGAL_ENTITY,GLEIF LEI / Level 2 | OpenCorporates relationships/statements | SEC EDGAR Exhibit 21 | State/provincial corporate registry,Legal-form suffix does not establish shell-company status.
ENT-eg-juniper,EG Juniper LLC,UNRESOLVED_LEGAL_ENTITY,GLEIF LEI / Level 2 | OpenCorporates relationships/statements | SEC EDGAR Exhibit 21 | State/provincial corporate registry,Legal-form suffix does not establish shell-company status.
ENT-jay-flat-bess,Jay Flat BESS LLC,UNRESOLVED_LEGAL_ENTITY,GLEIF LEI / Level 2 | OpenCorporates relationships/statements | SEC EDGAR Exhibit 21 | State/provincial corporate registry,Legal-form suffix does not establish shell-company status.
ENT-horsepower-bess,"Horsepower BESS, LLC",UNRESOLVED_LEGAL_ENTITY,GLEIF LEI / Level 2 | OpenCorporates relationships/statements | SEC EDGAR Exhibit 21 | State/provincial corporate registry,Legal-form suffix does not establish shell-company status.
ENT-first-capitol-bess,"First Capitol BESS, LLC",UNRESOLVED_LEGAL_ENTITY,GLEIF LEI / Level 2 | OpenCorporates relationships/statements | SEC EDGAR Exhibit 21 | State/provincial corporate registry,Legal-form suffix does not establish shell-company status.
ENT-mallard-energy-storage,Mallard Energy Storage LLC,UNRESOLVED_LEGAL_ENTITY,GLEIF LEI / Level 2 | OpenCorporates relationships/statements | SEC EDGAR Exhibit 21 | State/provincial corporate registry,Legal-form suffix does not establish shell-company status.
ENT-savannah-oaks-solar-project,"Savannah Oaks Solar Project, LLC",UNRESOLVED_LEGAL_ENTITY,GLEIF LEI / Level 2 | OpenCorporates relationships/statements | SEC EDGAR Exhibit 21 | State/provincial corporate registry,Legal-form suffix does not establish shell-company status.
ENT-saddlehorn-energy-storage,"Saddlehorn Energy Storage, LLC",UNRESOLVED_LEGAL_ENTITY,GLEIF LEI / Level 2 | OpenCorporates relationships/statements | SEC EDGAR Exhibit 21 | State/provincial corporate registry,Legal-form suffix does not establish shell-company status.
ENT-shepard-energy-storage,Shepard Energy Storage LLC,UNRESOLVED_LEGAL_ENTITY,GLEIF LEI / Level 2 | OpenCorporates relationships/statements | SEC EDGAR Exhibit 21 | State/provincial corporate registry,Legal-form suffix does not establish shell-company status.
ENT-rex-bess,"Rex BESS, LLC",UNRESOLVED_LEGAL_ENTITY,GLEIF LEI / Level 2 | OpenCorporates relationships/statements | SEC EDGAR Exhibit 21 | State/provincial corporate registry,Legal-form suffix does not establish shell-company status.
ENT-brazos-roots-bess,"Brazos Roots BESS, LLC",UNRESOLVED_LEGAL_ENTITY,GLEIF LEI / Level 2 | OpenCorporates relationships/statements | SEC EDGAR Exhibit 21 | State/provincial corporate registry,Legal-form suffix does not establish shell-company status.
ENT-indigo-solar,"Indigo Solar, LLC",UNRESOLVED_LEGAL_ENTITY,GLEIF LEI / Level 2 | OpenCorporates relationships/statements | SEC EDGAR Exhibit 21 | State/provincial corporate registry,Legal-form suffix does not establish shell-company status.
ENT-dm-bctrm,"DM-BCTRM, LLC",UNRESOLVED_LEGAL_ENTITY,GLEIF LEI / Level 2 | OpenCorporates relationships/statements | SEC EDGAR Exhibit 21 | State/provincial corporate registry,Legal-form suffix does not establish shell-company status.
ENT-nautilus-heavy-storage,"Nautilus Heavy Storage, LLC",UNRESOLVED_LEGAL_ENTITY,GLEIF LEI / Level 2 | OpenCorporates relationships/statements | SEC EDGAR Exhibit 21 | State/provincial corporate registry,Legal-form suffix does not establish shell-company status.
ENT-ramz-bess,"RamZ BESS, LLC",UNRESOLVED_LEGAL_ENTITY,GLEIF LEI / Level 2 | OpenCorporates relationships/statements | SEC EDGAR Exhibit 21 | State/provincial corporate registry,Legal-form suffix does not establish shell-company status.
ENT-brush-storage,"Brush Storage, LLC",UNRESOLVED_LEGAL_ENTITY,GLEIF LEI / Level 2 | OpenCorporates relationships/statements | SEC EDGAR Exhibit 21 | State/provincial corporate registry,Legal-form suffix does not establish shell-company status.
ENT-champs-elysees-renewables,"Champs Elysees Renewables, LLC",UNRESOLVED_LEGAL_ENTITY,GLEIF LEI / Level 2 | OpenCorporates relationships/statements | SEC EDGAR Exhibit 21 | State/provincial corporate registry,Legal-form suffix does not establish shell-company status.
ENT-rocky-mountain-energy,"Rocky Mountain Energy Holdings, LLC",UNRESOLVED_LEGAL_ENTITY,GLEIF LEI / Level 2 | OpenCorporates relationships/statements | SEC EDGAR Exhibit 21 | State/provincial corporate registry,Legal-form suffix does not establish shell-company status.
ENT-brp-zeya-bess,BRP Zeya BESS LLC,UNRESOLVED_LEGAL_ENTITY,GLEIF LEI / Level 2 | OpenCorporates relationships/statements | SEC EDGAR Exhibit 21 | State/provincial corporate registry,Legal-form suffix does not establish shell-company status.
ENT-mesa-view-storage,"Mesa View Storage, LLC",UNRESOLVED_LEGAL_ENTITY,GLEIF LEI / Level 2 | OpenCorporates relationships/statements | SEC EDGAR Exhibit 21 | State/provincial corporate registry,Legal-form suffix does not establish shell-company status.
ENT-perry-green-power,PERRY GREEN POWER LLC,UNRESOLVED_LEGAL_ENTITY,GLEIF LEI / Level 2 | OpenCorporates relationships/statements | SEC EDGAR Exhibit 21 | State/provincial corporate registry,Legal-form suffix does not establish shell-company status.
ENT-tx-bess-b,TX BESS B LLC,UNRESOLVED_LEGAL_ENTITY,GLEIF LEI / Level 2 | OpenCorporates relationships/statements | SEC EDGAR Exhibit 21 | State/provincial corporate registry,Legal-form suffix does not establish shell-company status.
ENT-hecate-grid-east-valley-storage,Hecate Grid East Valley Storage LLC,UNRESOLVED_LEGAL_ENTITY,GLEIF LEI / Level 2 | OpenCorporates relationships/statements | SEC EDGAR Exhibit 21 | State/provincial corporate registry,Legal-form suffix does not establish shell-company status.
ENT-hecate-energy-ogalalla-solar,Hecate Energy Ogalalla Solar LLC,UNRESOLVED_LEGAL_ENTITY,GLEIF LEI / Level 2 | OpenCorporates relationships/statements | SEC EDGAR Exhibit 21 | State/provincial corporate registry,Legal-form suffix does not establish shell-company status.
ENT-brela-bess,Brela BESS LLC,UNRESOLVED_LEGAL_ENTITY,GLEIF LEI / Level 2 | OpenCorporates relationships/statements | SEC EDGAR Exhibit 21 | State/provincial corporate registry,Legal-form suffix does not establish shell-company status.
ENT-sugaree-solar,Sugaree Solar LLC,UNRESOLVED_LEGAL_ENTITY,GLEIF LEI / Level 2 | OpenCorporates relationships/statements | SEC EDGAR Exhibit 21 | State/provincial corporate registry,Legal-form suffix does not establish shell-company status.
ENT-rocky-mountain-energy-development,"Rocky Mountain Energy Development, LLC",UNRESOLVED_LEGAL_ENTITY,GLEIF LEI / Level 2 | OpenCorporates relationships/statements | SEC EDGAR Exhibit 21 | State/provincial corporate registry,Legal-form suffix does not establish shell-company status.
ENT-bluegill-bess,"Bluegill BESS, LLC",UNRESOLVED_LEGAL_ENTITY,GLEIF LEI / Level 2 | OpenCorporates relationships/statements | SEC EDGAR Exhibit 21 | State/provincial corporate registry,Legal-form suffix does not establish shell-company status.
ENT-terra-gen-development,"Terra-Gen Development Company, LLC",UNRESOLVED_LEGAL_ENTITY,GLEIF LEI / Level 2 | OpenCorporates relationships/statements | SEC EDGAR Exhibit 21 | State/provincial corporate registry,Legal-form suffix does not establish shell-company status.
ENT-lighthouse-battery,"Lighthouse Battery, LLC",UNRESOLVED_LEGAL_ENTITY,GLEIF LEI / Level 2 | OpenCorporates relationships/statements | SEC EDGAR Exhibit 21 | State/provincial corporate registry,Legal-form suffix does not establish shell-company status.
ENT-kce-ny-38,"KCE NY 38, LLC",UNRESOLVED_LEGAL_ENTITY,GLEIF LEI / Level 2 | OpenCorporates relationships/statements | SEC EDGAR Exhibit 21 | State/provincial corporate registry,Legal-form suffix does not establish shell-company status.
ENT-rosenix-solar,"Rosenix Solar, LLC",UNRESOLVED_LEGAL_ENTITY,GLEIF LEI / Level 2 | OpenCorporates relationships/statements | SEC EDGAR Exhibit 21 | State/provincial corporate registry,Legal-form suffix does not establish shell-company status.
ENT-oyster-creek,Oyster Creek LLC,UNRESOLVED_LEGAL_ENTITY,GLEIF LEI / Level 2 | OpenCorporates relationships/statements | SEC EDGAR Exhibit 21 | State/provincial corporate registry,Legal-form suffix does not establish shell-company status.
ENT-east-setauket-energy-storage,"East Setauket Energy Storage, LLC",UNRESOLVED_LEGAL_ENTITY,GLEIF LEI / Level 2 | OpenCorporates relationships/statements | SEC EDGAR Exhibit 21 | State/provincial corporate registry,Legal-form suffix does not establish shell-company status.
ENT-bluewind-energy-center,"Bluewind Energy Center, LLC",UNRESOLVED_LEGAL_ENTITY,GLEIF LEI / Level 2 | OpenCorporates relationships/statements | SEC EDGAR Exhibit 21 | State/provincial corporate registry,Legal-form suffix does not establish shell-company status.
ENT-velociraptor-bess-ii,"Velociraptor BESS II, LLC",UNRESOLVED_LEGAL_ENTITY,GLEIF LEI / Level 2 | OpenCorporates relationships/statements | SEC EDGAR Exhibit 21 | State/provincial corporate registry,Legal-form suffix does not establish shell-company status.
ENT-velociraptor-bess-i,"Velociraptor BESS I, LLC",UNRESOLVED_LEGAL_ENTITY,GLEIF LEI / Level 2 | OpenCorporates relationships/statements | SEC EDGAR Exhibit 21 | State/provincial corporate registry,Legal-form suffix does not establish shell-company status.
ENT-clear-fork-bess,"Clear Fork BESS, LLC",UNRESOLVED_LEGAL_ENTITY,GLEIF LEI / Level 2 | OpenCorporates relationships/statements | SEC EDGAR Exhibit 21 | State/provincial corporate registry,Legal-form suffix does not establish shell-company status.
ENT-hill-valley-bess,"Hill Valley BESS, LLC",UNRESOLVED_LEGAL_ENTITY,GLEIF LEI / Level 2 | OpenCorporates relationships/statements | SEC EDGAR Exhibit 21 | State/provincial corporate registry,Legal-form suffix does not establish shell-company status.
ENT-duffy-energy-storage,Duffy Energy Storage LLC,UNRESOLVED_LEGAL_ENTITY,GLEIF LEI / Level 2 | OpenCorporates relationships/statements | SEC EDGAR Exhibit 21 | State/provincial corporate registry,Legal-form suffix does not establish shell-company status.
ENT-nmre,"NMRE Holdings, LLC",UNRESOLVED_LEGAL_ENTITY,GLEIF LEI / Level 2 | OpenCorporates relationships/statements | SEC EDGAR Exhibit 21 | State/provincial corporate registry,Legal-form suffix does not establish shell-company status.
ENT-camino-ranch-solar,Camino Ranch Solar LLC,UNRESOLVED_LEGAL_ENTITY,GLEIF LEI / Level 2 | OpenCorporates relationships/statements | SEC EDGAR Exhibit 21 | State/provincial corporate registry,Legal-form suffix does not establish shell-company status.
ENT-bracero-pecan-storage,Bracero Pecan Storage LLC,UNRESOLVED_LEGAL_ENTITY,GLEIF LEI / Level 2 | OpenCorporates relationships/statements | SEC EDGAR Exhibit 21 | State/provincial corporate registry,Legal-form suffix does not establish shell-company status.
ENT-lavender-storage-project,Lavender Storage Project LLC,UNRESOLVED_LEGAL_ENTITY,GLEIF LEI / Level 2 | OpenCorporates relationships/statements | SEC EDGAR Exhibit 21 | State/provincial corporate registry,Legal-form suffix does not establish shell-company status.
ENT-adelite-storage-project,Adelite Storage Project LLC,UNRESOLVED_LEGAL_ENTITY,GLEIF LEI / Level 2 | OpenCorporates relationships/statements | SEC EDGAR Exhibit 21 | State/provincial corporate registry,Legal-form suffix does not establish shell-company status.
ENT-taormina-storage-project,Taormina Storage Project LLC,UNRESOLVED_LEGAL_ENTITY,GLEIF LEI / Level 2 | OpenCorporates relationships/statements | SEC EDGAR Exhibit 21 | State/provincial corporate registry,Legal-form suffix does not establish shell-company status.
ENT-petunia-storage-project,Petunia Storage Project LLC,UNRESOLVED_LEGAL_ENTITY,GLEIF LEI / Level 2 | OpenCorporates relationships/statements | SEC EDGAR Exhibit 21 | State/provincial corporate registry,Legal-form suffix does not establish shell-company status.
ENT-rwe-solar-development,"RWE Solar Development, LLC",UNRESOLVED_LEGAL_ENTITY,GLEIF LEI / Level 2 | OpenCorporates relationships/statements | SEC EDGAR Exhibit 21 | State/provincial corporate registry,Legal-form suffix does not establish shell-company status.
ENT-cedar-draw-solar,Cedar Draw Solar LLC,UNRESOLVED_LEGAL_ENTITY,GLEIF LEI / Level 2 | OpenCorporates relationships/statements | SEC EDGAR Exhibit 21 | State/provincial corporate registry,Legal-form suffix does not establish shell-company status.
ENT-bramble-energy-center,"Bramble Energy Center, LLC",UNRESOLVED_LEGAL_ENTITY,GLEIF LEI / Level 2 | OpenCorporates relationships/statements | SEC EDGAR Exhibit 21 | State/provincial corporate registry,Legal-form suffix does not establish shell-company status.
ENT-old-fiddler-energy-storage,Old Fiddler Energy Storage LLC,UNRESOLVED_LEGAL_ENTITY,GLEIF LEI / Level 2 | OpenCorporates relationships/statements | SEC EDGAR Exhibit 21 | State/provincial corporate registry,Legal-form suffix does not establish shell-company status.
ENT-shoshana-storage-project,Shoshana Storage Project LLC,UNRESOLVED_LEGAL_ENTITY,GLEIF LEI / Level 2 | OpenCorporates relationships/statements | SEC EDGAR Exhibit 21 | State/provincial corporate registry,Legal-form suffix does not establish shell-company status.
ENT-coke-ess,"Coke ESS, LLC",UNRESOLVED_LEGAL_ENTITY,GLEIF LEI / Level 2 | OpenCorporates relationships/statements | SEC EDGAR Exhibit 21 | State/provincial corporate registry,Legal-form suffix does not establish shell-company status.
ENT-nyc-energy-phase-2,NYC Energy LLC - Phase 2,UNRESOLVED_LEGAL_ENTITY,GLEIF LEI / Level 2 | OpenCorporates relationships/statements | SEC EDGAR Exhibit 21 | State/provincial corporate registry,Legal-form suffix does not establish shell-company status.
ENT-pez-rojo-bess,"Pez Rojo BESS, LLC",UNRESOLVED_LEGAL_ENTITY,GLEIF LEI / Level 2 | OpenCorporates relationships/statements | SEC EDGAR Exhibit 21 | State/provincial corporate registry,Legal-form suffix does not establish shell-company status.
ENT-gypsum-plains-solar,"Gypsum Plains Solar, LLC",UNRESOLVED_LEGAL_ENTITY,GLEIF LEI / Level 2 | OpenCorporates relationships/statements | SEC EDGAR Exhibit 21 | State/provincial corporate registry,Legal-form suffix does not establish shell-company status.
ENT-bessie-energy-storage,"Bessie Energy Storage, LLC",UNRESOLVED_LEGAL_ENTITY,GLEIF LEI / Level 2 | OpenCorporates relationships/statements | SEC EDGAR Exhibit 21 | State/provincial corporate registry,Legal-form suffix does not establish shell-company status.
ENT-cumulus-grid,"Cumulus Grid, LLC",UNRESOLVED_LEGAL_ENTITY,GLEIF LEI / Level 2 | OpenCorporates relationships/statements | SEC EDGAR Exhibit 21 | State/provincial corporate registry,Legal-form suffix does not establish shell-company status.
ENT-val-vista-grid,"Val Vista Grid, LLC",UNRESOLVED_LEGAL_ENTITY,GLEIF LEI / Level 2 | OpenCorporates relationships/statements | SEC EDGAR Exhibit 21 | State/provincial corporate registry,Legal-form suffix does not establish shell-company status.
ENT-freestone-power-generation,"Freestone Power Generation, LLC",UNRESOLVED_LEGAL_ENTITY,GLEIF LEI / Level 2 | OpenCorporates relationships/statements | SEC EDGAR Exhibit 21 | State/provincial corporate registry,Legal-form suffix does not establish shell-company status.
ENT-guadalupe-power-partners,"Guadalupe Power Partners, LP",UNRESOLVED_LEGAL_ENTITY,GLEIF LEI / Level 2 | OpenCorporates relationships/statements | SEC EDGAR Exhibit 21 | State/provincial corporate registry,Legal-form suffix does not establish shell-company status.
ENT-oak-belt-storage,"Oak Belt Storage, LLC",UNRESOLVED_LEGAL_ENTITY,GLEIF LEI / Level 2 | OpenCorporates relationships/statements | SEC EDGAR Exhibit 21 | State/provincial corporate registry,Legal-form suffix does not establish shell-company status.
ENT-pecan-springs-energy,"Pecan Springs Energy, LLC",UNRESOLVED_LEGAL_ENTITY,GLEIF LEI / Level 2 | OpenCorporates relationships/statements | SEC EDGAR Exhibit 21 | State/provincial corporate registry,Legal-form suffix does not establish shell-company status.
ENT-treehouse-solar,"Treehouse Solar, LLC",UNRESOLVED_LEGAL_ENTITY,GLEIF LEI / Level 2 | OpenCorporates relationships/statements | SEC EDGAR Exhibit 21 | State/provincial corporate registry,Legal-form suffix does not establish shell-company status.
ENT-alina-energy,Alina Energy LLC,UNRESOLVED_LEGAL_ENTITY,GLEIF LEI / Level 2 | OpenCorporates relationships/statements | SEC EDGAR Exhibit 21 | State/provincial corporate registry,Legal-form suffix does not establish shell-company status.
ENT-blue-creek-bess,"Blue Creek BESS, LLC",UNRESOLVED_LEGAL_ENTITY,GLEIF LEI / Level 2 | OpenCorporates relationships/statements | SEC EDGAR Exhibit 21 | State/provincial corporate registry,Legal-form suffix does not establish shell-company status.
ENT-sowers-energy-storage,Sowers Energy Storage LLC,UNRESOLVED_LEGAL_ENTITY,GLEIF LEI / Level 2 | OpenCorporates relationships/statements | SEC EDGAR Exhibit 21 | State/provincial corporate registry,Legal-form suffix does not establish shell-company status.
ENT-jc-central-bluff,"JC Central Bluff, LLC",UNRESOLVED_LEGAL_ENTITY,GLEIF LEI / Level 2 | OpenCorporates relationships/statements | SEC EDGAR Exhibit 21 | State/provincial corporate registry,Legal-form suffix does not establish shell-company status.
ENT-rusk-bess,"Rusk BESS, LLC",UNRESOLVED_LEGAL_ENTITY,GLEIF LEI / Level 2 | OpenCorporates relationships/statements | SEC EDGAR Exhibit 21 | State/provincial corporate registry,Legal-form suffix does not establish shell-company status.
ENT-jolly-rock-storage-center,Jolly Rock Storage Center LLC,UNRESOLVED_LEGAL_ENTITY,GLEIF LEI / Level 2 | OpenCorporates relationships/statements | SEC EDGAR Exhibit 21 | State/provincial corporate registry,Legal-form suffix does not establish shell-company status.
ENT-rock-rose-energy-storage,Rock Rose Energy Storage LLC,UNRESOLVED_LEGAL_ENTITY,GLEIF LEI / Level 2 | OpenCorporates relationships/statements | SEC EDGAR Exhibit 21 | State/provincial corporate registry,Legal-form suffix does not establish shell-company status.
ENT-nova-clean-energy,Nova Clean Energy LLC,UNRESOLVED_LEGAL_ENTITY,GLEIF LEI / Level 2 | OpenCorporates relationships/statements | SEC EDGAR Exhibit 21 | State/provincial corporate registry,Legal-form suffix does not establish shell-company status.
ENT-coval-infrastructure-devco,Coval Infrastructure DevCo LLC,UNRESOLVED_LEGAL_ENTITY,GLEIF LEI / Level 2 | OpenCorporates relationships/statements | SEC EDGAR Exhibit 21 | State/provincial corporate registry,Legal-form suffix does not establish shell-company status.
ENT-sunlit-pines-bess,Sunlit Pines BESS LLC,UNRESOLVED_LEGAL_ENTITY,GLEIF LEI / Level 2 | OpenCorporates relationships/statements | SEC EDGAR Exhibit 21 | State/provincial corporate registry,Legal-form suffix does not establish shell-company status.
ENT-toce-tx-bess-4,"TOCE TX BESS 4, LLC",UNRESOLVED_LEGAL_ENTITY,GLEIF LEI / Level 2 | OpenCorporates relationships/statements | SEC EDGAR Exhibit 21 | State/provincial corporate registry,Legal-form suffix does not establish shell-company status.
ENT-anatole-renewable-energy,Anatole Renewable Energy LLC,UNRESOLVED_LEGAL_ENTITY,GLEIF LEI / Level 2 | OpenCorporates relationships/statements | SEC EDGAR Exhibit 21 | State/provincial corporate registry,Legal-form suffix does not establish shell-company status.
ENT-gulf-prairie-energy,Gulf Prairie Energy LLC,UNRESOLVED_LEGAL_ENTITY,GLEIF LEI / Level 2 | OpenCorporates relationships/statements | SEC EDGAR Exhibit 21 | State/provincial corporate registry,Legal-form suffix does not establish shell-company status.
ENT-woodland-energy-storage,"Woodland Energy Storage, LLC",UNRESOLVED_LEGAL_ENTITY,GLEIF LEI / Level 2 | OpenCorporates relationships/statements | SEC EDGAR Exhibit 21 | State/provincial corporate registry,Legal-form suffix does not establish shell-company status.
ENT-cottonseed-energy-storage,Cottonseed Energy Storage LLC,UNRESOLVED_LEGAL_ENTITY,GLEIF LEI / Level 2 | OpenCorporates relationships/statements | SEC EDGAR Exhibit 21 | State/provincial corporate registry,Legal-form suffix does not establish shell-company status.
ENT-senate-solar,Senate Solar LLC,UNRESOLVED_LEGAL_ENTITY,GLEIF LEI / Level 2 | OpenCorporates relationships/statements | SEC EDGAR Exhibit 21 | State/provincial corporate registry,Legal-form suffix does not establish shell-company status.
ENT-bravo-bess,Bravo BESS LLC,UNRESOLVED_LEGAL_ENTITY,GLEIF LEI / Level 2 | OpenCorporates relationships/statements | SEC EDGAR Exhibit 21 | State/provincial corporate registry,Legal-form suffix does not establish shell-company status.
ENT-brp-hemera-bess,BRP Hemera BESS LLC,UNRESOLVED_LEGAL_ENTITY,GLEIF LEI / Level 2 | OpenCorporates relationships/statements | SEC EDGAR Exhibit 21 | State/provincial corporate registry,Legal-form suffix does not establish shell-company status.
ENT-brp-rhine-bess,BRP Rhine BESS LLC,UNRESOLVED_LEGAL_ENTITY,GLEIF LEI / Level 2 | OpenCorporates relationships/statements | SEC EDGAR Exhibit 21 | State/provincial corporate registry,Legal-form suffix does not establish shell-company status.
ENT-brp-volans-bess,BRP Volans BESS LLC,UNRESOLVED_LEGAL_ENTITY,GLEIF LEI / Level 2 | OpenCorporates relationships/statements | SEC EDGAR Exhibit 21 | State/provincial corporate registry,Legal-form suffix does not establish shell-company status.
ENT-brp-pyxis-bess,BRP Pyxis BESS LLC,UNRESOLVED_LEGAL_ENTITY,GLEIF LEI / Level 2 | OpenCorporates relationships/statements | SEC EDGAR Exhibit 21 | State/provincial corporate registry,Legal-form suffix does not establish shell-company status.
ENT-mittel-rockefeller-storage,Mittel Rockefeller Storage LLC,UNRESOLVED_LEGAL_ENTITY,GLEIF LEI / Level 2 | OpenCorporates relationships/statements | SEC EDGAR Exhibit 21 | State/provincial corporate registry,Legal-form suffix does not establish shell-company status.
ENT-zunkerville-energy,"Zunkerville Energy, LLC",UNRESOLVED_LEGAL_ENTITY,GLEIF LEI / Level 2 | OpenCorporates relationships/statements | SEC EDGAR Exhibit 21 | State/provincial corporate registry,Legal-form suffix does not establish shell-company status.
ENT-shackelford-county-bess,Shackelford County BESS LLC,UNRESOLVED_LEGAL_ENTITY,GLEIF LEI / Level 2 | OpenCorporates relationships/statements | SEC EDGAR Exhibit 21 | State/provincial corporate registry,Legal-form suffix does not establish shell-company status.
ENT-rock-n-roll-solar,"Rock N’ Roll Solar, LLC",UNRESOLVED_LEGAL_ENTITY,GLEIF LEI / Level 2 | OpenCorporates relationships/statements | SEC EDGAR Exhibit 21 | State/provincial corporate registry,Legal-form suffix does not establish shell-company status.
ENT-fort-worth-bess,Fort Worth BESS LLC,UNRESOLVED_LEGAL_ENTITY,GLEIF LEI / Level 2 | OpenCorporates relationships/statements | SEC EDGAR Exhibit 21 | State/provincial corporate registry,Legal-form suffix does not establish shell-company status.
ENT-bypass-bess-ii,Bypass BESS II LLC,UNRESOLVED_LEGAL_ENTITY,GLEIF LEI / Level 2 | OpenCorporates relationships/statements | SEC EDGAR Exhibit 21 | State/provincial corporate registry,Legal-form suffix does not establish shell-company status.
ENT-galveston-energy-storage,Galveston Energy Storage LLC,UNRESOLVED_LEGAL_ENTITY,GLEIF LEI / Level 2 | OpenCorporates relationships/statements | SEC EDGAR Exhibit 21 | State/provincial corporate registry,Legal-form suffix does not establish shell-company status.
ENT-shaula-energy-project,Shaula Energy Project LLC,UNRESOLVED_LEGAL_ENTITY,GLEIF LEI / Level 2 | OpenCorporates relationships/statements | SEC EDGAR Exhibit 21 | State/provincial corporate registry,Legal-form suffix does not establish shell-company status.
ENT-yellow-leaf-energy-storage,Yellow Leaf Energy Storage LLC,UNRESOLVED_LEGAL_ENTITY,GLEIF LEI / Level 2 | OpenCorporates relationships/statements | SEC EDGAR Exhibit 21 | State/provincial corporate registry,Legal-form suffix does not establish shell-company status.
ENT-electra-energy-project,"Electra Energy Project, LLC",UNRESOLVED_LEGAL_ENTITY,GLEIF LEI / Level 2 | OpenCorporates relationships/statements | SEC EDGAR Exhibit 21 | State/provincial corporate registry,Legal-form suffix does not establish shell-company status.
ENT-sunflower-valley-storage,"Sunflower Valley Storage, LLC",UNRESOLVED_LEGAL_ENTITY,GLEIF LEI / Level 2 | OpenCorporates relationships/statements | SEC EDGAR Exhibit 21 | State/provincial corporate registry,Legal-form suffix does not establish shell-company status.
ENT-cado-storage,"Cado Storage, LLC",UNRESOLVED_LEGAL_ENTITY,GLEIF LEI / Level 2 | OpenCorporates relationships/statements | SEC EDGAR Exhibit 21 | State/provincial corporate registry,Legal-form suffix does not establish shell-company status.
ENT-pleiades-storage,"Pleiades Storage, LLC",UNRESOLVED_LEGAL_ENTITY,GLEIF LEI / Level 2 | OpenCorporates relationships/statements | SEC EDGAR Exhibit 21 | State/provincial corporate registry,Legal-form suffix does not establish shell-company status.
ENT-bhalu-storage,"Bhalu Storage, LLC",UNRESOLVED_LEGAL_ENTITY,GLEIF LEI / Level 2 | OpenCorporates relationships/statements | SEC EDGAR Exhibit 21 | State/provincial corporate registry,Legal-form suffix does not establish shell-company status.
ENT-thomas-cameron-bess,Thomas Cameron BESS LLC,UNRESOLVED_LEGAL_ENTITY,GLEIF LEI / Level 2 | OpenCorporates relationships/statements | SEC EDGAR Exhibit 21 | State/provincial corporate registry,Legal-form suffix does not establish shell-company status.
ENT-caesar-solar,"Caesar Solar, LLC",UNRESOLVED_LEGAL_ENTITY,GLEIF LEI / Level 2 | OpenCorporates relationships/statements | SEC EDGAR Exhibit 21 | State/provincial corporate registry,Legal-form suffix does not establish shell-company status.
ENT-rising-star-energy-center,"Rising Star Energy Center, LLC",UNRESOLVED_LEGAL_ENTITY,GLEIF LEI / Level 2 | OpenCorporates relationships/statements | SEC EDGAR Exhibit 21 | State/provincial corporate registry,Legal-form suffix does not establish shell-company status.
ENT-brp-crios-bess,BRP Crios BESS LLC,UNRESOLVED_LEGAL_ENTITY,GLEIF LEI / Level 2 | OpenCorporates relationships/statements | SEC EDGAR Exhibit 21 | State/provincial corporate registry,Legal-form suffix does not establish shell-company status.
ENT-brp-trivor-bess,BRP Trivor BESS LLC,UNRESOLVED_LEGAL_ENTITY,GLEIF LEI / Level 2 | OpenCorporates relationships/statements | SEC EDGAR Exhibit 21 | State/provincial corporate registry,Legal-form suffix does not establish shell-company status.
ENT-crane-ii-solar-electric,"Crane II Solar Electric, LLC",UNRESOLVED_LEGAL_ENTITY,GLEIF LEI / Level 2 | OpenCorporates relationships/statements | SEC EDGAR Exhibit 21 | State/provincial corporate registry,Legal-form suffix does not establish shell-company status.
ENT-crane-i-solar-electric,"Crane I Solar Electric, LLC",UNRESOLVED_LEGAL_ENTITY,GLEIF LEI / Level 2 | OpenCorporates relationships/statements | SEC EDGAR Exhibit 21 | State/provincial corporate registry,Legal-form suffix does not establish shell-company status.
ENT-allthorn-solar,"ALLTHORN SOLAR, LLC",UNRESOLVED_LEGAL_ENTITY,GLEIF LEI / Level 2 | OpenCorporates relationships/statements | SEC EDGAR Exhibit 21 | State/provincial corporate registry,Legal-form suffix does not establish shell-company status.
ENT-agricola-bess,Agricola BESS LLC,UNRESOLVED_LEGAL_ENTITY,GLEIF LEI / Level 2 | OpenCorporates relationships/statements | SEC EDGAR Exhibit 21 | State/provincial corporate registry,Legal-form suffix does not establish shell-company status.
ENT-toce-bess-1,"TOCE BESS 1, LLC",UNRESOLVED_LEGAL_ENTITY,GLEIF LEI / Level 2 | OpenCorporates relationships/statements | SEC EDGAR Exhibit 21 | State/provincial corporate registry,Legal-form suffix does not establish shell-company status.
ENT-east-fishkill-storage-1,"East Fishkill Storage 1, LLC",UNRESOLVED_LEGAL_ENTITY,GLEIF LEI / Level 2 | OpenCorporates relationships/statements | SEC EDGAR Exhibit 21 | State/provincial corporate registry,Legal-form suffix does not establish shell-company status.
ENT-brp-sepik-bess,BRP Sepik BESS LLC,UNRESOLVED_LEGAL_ENTITY,GLEIF LEI / Level 2 | OpenCorporates relationships/statements | SEC EDGAR Exhibit 21 | State/provincial corporate registry,Legal-form suffix does not establish shell-company status.
ENT-vertus-energy-storage-2,Vertus Energy Storage 2 LLC,UNRESOLVED_LEGAL_ENTITY,GLEIF LEI / Level 2 | OpenCorporates relationships/statements | SEC EDGAR Exhibit 21 | State/provincial corporate registry,Legal-form suffix does not establish shell-company status.
ENT-dm-tcp,"DM-TCP, LLC",UNRESOLVED_LEGAL_ENTITY,GLEIF LEI / Level 2 | OpenCorporates relationships/statements | SEC EDGAR Exhibit 21 | State/provincial corporate registry,Legal-form suffix does not establish shell-company status.
ENT-energy-city-bess,Energy City BESS LLC,UNRESOLVED_LEGAL_ENTITY,GLEIF LEI / Level 2 | OpenCorporates relationships/statements | SEC EDGAR Exhibit 21 | State/provincial corporate registry,Legal-form suffix does not establish shell-company status.
ENT-southern-select-energy-storage,SOUTHERN SELECT ENERGY STORAGE LLC,UNRESOLVED_LEGAL_ENTITY,GLEIF LEI / Level 2 | OpenCorporates relationships/statements | SEC EDGAR Exhibit 21 | State/provincial corporate registry,Legal-form suffix does not establish shell-company status.
ENT-dm-bcrcml,"DM-BCRCML, LLC",UNRESOLVED_LEGAL_ENTITY,GLEIF LEI / Level 2 | OpenCorporates relationships/statements | SEC EDGAR Exhibit 21 | State/provincial corporate registry,Legal-form suffix does not establish shell-company status.
ENT-guitar-bess,Guitar BESS LLC,UNRESOLVED_LEGAL_ENTITY,GLEIF LEI / Level 2 | OpenCorporates relationships/statements | SEC EDGAR Exhibit 21 | State/provincial corporate registry,Legal-form suffix does not establish shell-company status.
ENT-lightning-ridge-storage,Lightning Ridge Storage LLC,UNRESOLVED_LEGAL_ENTITY,GLEIF LEI / Level 2 | OpenCorporates relationships/statements | SEC EDGAR Exhibit 21 | State/provincial corporate registry,Legal-form suffix does not establish shell-company status.
ENT-midland-energy-storage,Midland Energy Storage LLC,UNRESOLVED_LEGAL_ENTITY,GLEIF LEI / Level 2 | OpenCorporates relationships/statements | SEC EDGAR Exhibit 21 | State/provincial corporate registry,Legal-form suffix does not establish shell-company status.
ENT-prospector-storage,Prospector Storage LLC,UNRESOLVED_LEGAL_ENTITY,GLEIF LEI / Level 2 | OpenCorporates relationships/statements | SEC EDGAR Exhibit 21 | State/provincial corporate registry,Legal-form suffix does not establish shell-company status.
ENT-eagle-claw-energy-center,"Eagle Claw Energy Center, LLC",UNRESOLVED_LEGAL_ENTITY,GLEIF LEI / Level 2 | OpenCorporates relationships/statements | SEC EDGAR Exhibit 21 | State/provincial corporate registry,Legal-form suffix does not establish shell-company status.
ENT-south-triangle-energy,"South Triangle Energy, LLC",UNRESOLVED_LEGAL_ENTITY,GLEIF LEI / Level 2 | OpenCorporates relationships/statements | SEC EDGAR Exhibit 21 | State/provincial corporate registry,Legal-form suffix does not establish shell-company status.
ENT-paris-energy-storage,"Paris Energy Storage, LLC",UNRESOLVED_LEGAL_ENTITY,GLEIF LEI / Level 2 | OpenCorporates relationships/statements | SEC EDGAR Exhibit 21 | State/provincial corporate registry,Legal-form suffix does not establish shell-company status.
ENT-dan-kearney-bess,Dan Kearney BESS LLC,UNRESOLVED_LEGAL_ENTITY,GLEIF LEI / Level 2 | OpenCorporates relationships/statements | SEC EDGAR Exhibit 21 | State/provincial corporate registry,Legal-form suffix does not establish shell-company status.
ENT-sbess-tx8,SBESS TX8 LLC,UNRESOLVED_LEGAL_ENTITY,GLEIF LEI / Level 2 | OpenCorporates relationships/statements | SEC EDGAR Exhibit 21 | State/provincial corporate registry,Legal-form suffix does not establish shell-company status.
ENT-sonora-high-noon,"Sonora High Noon, LLC",UNRESOLVED_LEGAL_ENTITY,GLEIF LEI / Level 2 | OpenCorporates relationships/statements | SEC EDGAR Exhibit 21 | State/provincial corporate registry,Legal-form suffix does not establish shell-company status.
ENT-fermata-bess,"Fermata BESS, LLC",UNRESOLVED_LEGAL_ENTITY,GLEIF LEI / Level 2 | OpenCorporates relationships/statements | SEC EDGAR Exhibit 21 | State/provincial corporate registry,Legal-form suffix does not establish shell-company status.
ENT-black-and-gold-energy-storage,"Black & Gold Energy Storage, LLC",UNRESOLVED_LEGAL_ENTITY,GLEIF LEI / Level 2 | OpenCorporates relationships/statements | SEC EDGAR Exhibit 21 | State/provincial corporate registry,Legal-form suffix does not establish shell-company status.
ENT-powerpulse,PowerPulse LLC,UNRESOLVED_LEGAL_ENTITY,GLEIF LEI / Level 2 | OpenCorporates relationships/statements | SEC EDGAR Exhibit 21 | State/provincial corporate registry,Legal-form suffix does not establish shell-company status.
ENT-bee-branch-ia-llcbee-branch-ia,Bee Branch IA LLCBee Branch IA LLC,UNRESOLVED_LEGAL_ENTITY,GLEIF LEI / Level 2 | OpenCorporates relationships/statements | SEC EDGAR Exhibit 21 | State/provincial corporate registry,Legal-form suffix does not establish shell-company status.
ENT-tidwell-prairie-iia,Tidwell Prairie IIA LLC,UNRESOLVED_LEGAL_ENTITY,GLEIF LEI / Level 2 | OpenCorporates relationships/statements | SEC EDGAR Exhibit 21 | State/provincial corporate registry,Legal-form suffix does not establish shell-company status.
ENT-barton-branch-ia,Barton Branch IA LLC,UNRESOLVED_LEGAL_ENTITY,GLEIF LEI / Level 2 | OpenCorporates relationships/statements | SEC EDGAR Exhibit 21 | State/provincial corporate registry,Legal-form suffix does not establish shell-company status.
ENT-marcelina-solar,"Marcelina Solar, LLC",UNRESOLVED_LEGAL_ENTITY,GLEIF LEI / Level 2 | OpenCorporates relationships/statements | SEC EDGAR Exhibit 21 | State/provincial corporate registry,Legal-form suffix does not establish shell-company status.
ENT-callisto-ii-energy-center,Callisto II Energy Center LLC,UNRESOLVED_LEGAL_ENTITY,GLEIF LEI / Level 2 | OpenCorporates relationships/statements | SEC EDGAR Exhibit 21 | State/provincial corporate registry,Legal-form suffix does not establish shell-company status.
ENT-fresh-air-energy-ii,"FRESH AIR ENERGY II, LLC",UNRESOLVED_LEGAL_ENTITY,GLEIF LEI / Level 2 | OpenCorporates relationships/statements | SEC EDGAR Exhibit 21 | State/provincial corporate registry,Legal-form suffix does not establish shell-company status.
ENT-johnson-energy-storage,"Johnson Energy Storage, LLC",UNRESOLVED_LEGAL_ENTITY,GLEIF LEI / Level 2 | OpenCorporates relationships/statements | SEC EDGAR Exhibit 21 | State/provincial corporate registry,Legal-form suffix does not establish shell-company status.
ENT-odessa-energy-storage,"Odessa Energy Storage LLC,",UNRESOLVED_LEGAL_ENTITY,GLEIF LEI / Level 2 | OpenCorporates relationships/statements | SEC EDGAR Exhibit 21 | State/provincial corporate registry,Legal-form suffix does not establish shell-company status.
ENT-rsn-storage-001,"RSN STORAGE 001, LLC",UNRESOLVED_LEGAL_ENTITY,GLEIF LEI / Level 2 | OpenCorporates relationships/statements | SEC EDGAR Exhibit 21 | State/provincial corporate registry,Legal-form suffix does not establish shell-company status.
ENT-ceres-bess,"Ceres BESS, LLC",UNRESOLVED_LEGAL_ENTITY,GLEIF LEI / Level 2 | OpenCorporates relationships/statements | SEC EDGAR Exhibit 21 | State/provincial corporate registry,Legal-form suffix does not establish shell-company status.
ENT-prost-ess,Prost ESS LLC,UNRESOLVED_LEGAL_ENTITY,GLEIF LEI / Level 2 | OpenCorporates relationships/statements | SEC EDGAR Exhibit 21 | State/provincial corporate registry,Legal-form suffix does not establish shell-company status.
ENT-techne-bess,"Techne BESS, LLC",UNRESOLVED_LEGAL_ENTITY,GLEIF LEI / Level 2 | OpenCorporates relationships/statements | SEC EDGAR Exhibit 21 | State/provincial corporate registry,Legal-form suffix does not establish shell-company status.
ENT-wolf-spring-solar,"Wolf Spring Solar, LLC",UNRESOLVED_LEGAL_ENTITY,GLEIF LEI / Level 2 | OpenCorporates relationships/statements | SEC EDGAR Exhibit 21 | State/provincial corporate registry,Legal-form suffix does not establish shell-company status.
ENT-jones-city-solar-ii,"Jones City Solar II, LLC",UNRESOLVED_LEGAL_ENTITY,GLEIF LEI / Level 2 | OpenCorporates relationships/statements | SEC EDGAR Exhibit 21 | State/provincial corporate registry,Legal-form suffix does not establish shell-company status.
ENT-legato-storage,"Legato Storage, LLC",UNRESOLVED_LEGAL_ENTITY,GLEIF LEI / Level 2 | OpenCorporates relationships/statements | SEC EDGAR Exhibit 21 | State/provincial corporate registry,Legal-form suffix does not establish shell-company status.
ENT-elan-bess,"Elan BESS, LLC",UNRESOLVED_LEGAL_ENTITY,GLEIF LEI / Level 2 | OpenCorporates relationships/statements | SEC EDGAR Exhibit 21 | State/provincial corporate registry,Legal-form suffix does not establish shell-company status.
ENT-jsb1,"JSB1, LLC",UNRESOLVED_LEGAL_ENTITY,GLEIF LEI / Level 2 | OpenCorporates relationships/statements | SEC EDGAR Exhibit 21 | State/provincial corporate registry,Legal-form suffix does not establish shell-company status.
ENT-maloney-bess,MALONEY BESS LLC,UNRESOLVED_LEGAL_ENTITY,GLEIF LEI / Level 2 | OpenCorporates relationships/statements | SEC EDGAR Exhibit 21 | State/provincial corporate registry,Legal-form suffix does not establish shell-company status.
ENT-brp-kamet-bess,BRP Kamet BESS LLC,UNRESOLVED_LEGAL_ENTITY,GLEIF LEI / Level 2 | OpenCorporates relationships/statements | SEC EDGAR Exhibit 21 | State/provincial corporate registry,Legal-form suffix does not establish shell-company status.
ENT-brp-kabru-bess,BRP Kabru BESS LLC,UNRESOLVED_LEGAL_ENTITY,GLEIF LEI / Level 2 | OpenCorporates relationships/statements | SEC EDGAR Exhibit 21 | State/provincial corporate registry,Legal-form suffix does not establish shell-company status.
ENT-pianissimo-storage,"Pianissimo Storage, LLC",UNRESOLVED_LEGAL_ENTITY,GLEIF LEI / Level 2 | OpenCorporates relationships/statements | SEC EDGAR Exhibit 21 | State/provincial corporate registry,Legal-form suffix does not establish shell-company status.
ENT-coda-bess,"Coda BESS, LLC",UNRESOLVED_LEGAL_ENTITY,GLEIF LEI / Level 2 | OpenCorporates relationships/statements | SEC EDGAR Exhibit 21 | State/provincial corporate registry,Legal-form suffix does not establish shell-company status.
ENT-wichita-falls-energy-storage,Wichita Falls Energy Storage LLC,UNRESOLVED_LEGAL_ENTITY,GLEIF LEI / Level 2 | OpenCorporates relationships/statements | SEC EDGAR Exhibit 21 | State/provincial corporate registry,Legal-form suffix does not establish shell-company status.
ENT-galaxy-solar-2,"Galaxy Solar 2, LLC",UNRESOLVED_LEGAL_ENTITY,GLEIF LEI / Level 2 | OpenCorporates relationships/statements | SEC EDGAR Exhibit 21 | State/provincial corporate registry,Legal-form suffix does not establish shell-company status.
ENT-staccato-storage,"Staccato Storage, LLC",UNRESOLVED_LEGAL_ENTITY,GLEIF LEI / Level 2 | OpenCorporates relationships/statements | SEC EDGAR Exhibit 21 | State/provincial corporate registry,Legal-form suffix does not establish shell-company status.
ENT-avant-prairie-ess,Avant Prairie ESS LLC,UNRESOLVED_LEGAL_ENTITY,GLEIF LEI / Level 2 | OpenCorporates relationships/statements | SEC EDGAR Exhibit 21 | State/provincial corporate registry,Legal-form suffix does not establish shell-company status.
ENT-hillsboro-solar-project,Hillsboro Solar Project LLC,UNRESOLVED_LEGAL_ENTITY,GLEIF LEI / Level 2 | OpenCorporates relationships/statements | SEC EDGAR Exhibit 21 | State/provincial corporate registry,Legal-form suffix does not establish shell-company status.
ENT-ctpb1,"CTPB1,LLC",UNRESOLVED_LEGAL_ENTITY,GLEIF LEI / Level 2 | OpenCorporates relationships/statements | SEC EDGAR Exhibit 21 | State/provincial corporate registry,Legal-form suffix does not establish shell-company status.
ENT-sun-angel-ess,Sun Angel ESS LLC,UNRESOLVED_LEGAL_ENTITY,GLEIF LEI / Level 2 | OpenCorporates relationships/statements | SEC EDGAR Exhibit 21 | State/provincial corporate registry,Legal-form suffix does not establish shell-company status.
ENT-tex-bar-ess,Tex-Bar ESS LLC,UNRESOLVED_LEGAL_ENTITY,GLEIF LEI / Level 2 | OpenCorporates relationships/statements | SEC EDGAR Exhibit 21 | State/provincial corporate registry,Legal-form suffix does not establish shell-company status.
ENT-exodus-solar,Exodus Solar LLC,UNRESOLVED_LEGAL_ENTITY,GLEIF LEI / Level 2 | OpenCorporates relationships/statements | SEC EDGAR Exhibit 21 | State/provincial corporate registry,Legal-form suffix does not establish shell-company status.
ENT-renew-development-holdco,Renew Development HoldCo LLC,UNRESOLVED_LEGAL_ENTITY,GLEIF LEI / Level 2 | OpenCorporates relationships/statements | SEC EDGAR Exhibit 21 | State/provincial corporate registry,Legal-form suffix does not establish shell-company status.
ENT-eldora-energy,Eldora Energy LLC,UNRESOLVED_LEGAL_ENTITY,GLEIF LEI / Level 2 | OpenCorporates relationships/statements | SEC EDGAR Exhibit 21 | State/provincial corporate registry,Legal-form suffix does not establish shell-company status.
ENT-desert-palm-bess,"Desert Palm BESS, LLC",UNRESOLVED_LEGAL_ENTITY,GLEIF LEI / Level 2 | OpenCorporates relationships/statements | SEC EDGAR Exhibit 21 | State/provincial corporate registry,Legal-form suffix does not establish shell-company status.
ENT-brp-tucana-bess,BRP Tucana BESS LLC,UNRESOLVED_LEGAL_ENTITY,GLEIF LEI / Level 2 | OpenCorporates relationships/statements | SEC EDGAR Exhibit 21 | State/provincial corporate registry,Legal-form suffix does not establish shell-company status.
ENT-finch-storage,"Finch Storage, LLC",UNRESOLVED_LEGAL_ENTITY,GLEIF LEI / Level 2 | OpenCorporates relationships/statements | SEC EDGAR Exhibit 21 | State/provincial corporate registry,Legal-form suffix does not establish shell-company status.
ENT-caladium-storage,"Caladium Storage, LLC",UNRESOLVED_LEGAL_ENTITY,GLEIF LEI / Level 2 | OpenCorporates relationships/statements | SEC EDGAR Exhibit 21 | State/provincial corporate registry,Legal-form suffix does not establish shell-company status.
ENT-oci-solar-power,OCI Solar Power LLC,UNRESOLVED_LEGAL_ENTITY,GLEIF LEI / Level 2 | OpenCorporates relationships/statements | SEC EDGAR Exhibit 21 | State/provincial corporate registry,Legal-form suffix does not establish shell-company status.
ENT-white-star-energy-storage,"White Star Energy Storage, LLC",UNRESOLVED_LEGAL_ENTITY,GLEIF LEI / Level 2 | OpenCorporates relationships/statements | SEC EDGAR Exhibit 21 | State/provincial corporate registry,Legal-form suffix does not establish shell-company status.
ENT-wintergarden-bess,Wintergarden BESS LLC,UNRESOLVED_LEGAL_ENTITY,GLEIF LEI / Level 2 | OpenCorporates relationships/statements | SEC EDGAR Exhibit 21 | State/provincial corporate registry,Legal-form suffix does not establish shell-company status.
ENT-spinosa-energy-center,"Spinosa Energy Center, LLC",UNRESOLVED_LEGAL_ENTITY,GLEIF LEI / Level 2 | OpenCorporates relationships/statements | SEC EDGAR Exhibit 21 | State/provincial corporate registry,Legal-form suffix does not establish shell-company status.
ENT-pathfinder-energy-storage,"Pathfinder Energy Storage, LLC",UNRESOLVED_LEGAL_ENTITY,GLEIF LEI / Level 2 | OpenCorporates relationships/statements | SEC EDGAR Exhibit 21 | State/provincial corporate registry,Legal-form suffix does not establish shell-company status.
ENT-champaign-bess,"Champaign BESS, LLC",UNRESOLVED_LEGAL_ENTITY,GLEIF LEI / Level 2 | OpenCorporates relationships/statements | SEC EDGAR Exhibit 21 | State/provincial corporate registry,Legal-form suffix does not establish shell-company status.
ENT-motif-storage,"Motif Storage, LLC",UNRESOLVED_LEGAL_ENTITY,GLEIF LEI / Level 2 | OpenCorporates relationships/statements | SEC EDGAR Exhibit 21 | State/provincial corporate registry,Legal-form suffix does not establish shell-company status.
ENT-morrow-lake-storage,"Morrow Lake Storage, LLC",UNRESOLVED_LEGAL_ENTITY,GLEIF LEI / Level 2 | OpenCorporates relationships/statements | SEC EDGAR Exhibit 21 | State/provincial corporate registry,Legal-form suffix does not establish shell-company status.
ENT-jasper-bess,"Jasper BESS, LLC",UNRESOLVED_LEGAL_ENTITY,GLEIF LEI / Level 2 | OpenCorporates relationships/statements | SEC EDGAR Exhibit 21 | State/provincial corporate registry,Legal-form suffix does not establish shell-company status.
ENT-seragio-bess,"Seragio BESS, LLC",UNRESOLVED_LEGAL_ENTITY,GLEIF LEI / Level 2 | OpenCorporates relationships/statements | SEC EDGAR Exhibit 21 | State/provincial corporate registry,Legal-form suffix does not establish shell-company status.
ENT-blue-heron-bess,"Blue Heron BESS, LLC",UNRESOLVED_LEGAL_ENTITY,GLEIF LEI / Level 2 | OpenCorporates relationships/statements | SEC EDGAR Exhibit 21 | State/provincial corporate registry,Legal-form suffix does not establish shell-company status.
ENT-clearway-energy-group,Clearway Energy Group LLC,UNRESOLVED_LEGAL_ENTITY,GLEIF LEI / Level 2 | OpenCorporates relationships/statements | SEC EDGAR Exhibit 21 | State/provincial corporate registry,Legal-form suffix does not establish shell-company status.
ENT-lightsource-renewable-energy-development,Lightsource Renewable Energy Development LLC,UNRESOLVED_LEGAL_ENTITY,GLEIF LEI / Level 2 | OpenCorporates relationships/statements | SEC EDGAR Exhibit 21 | State/provincial corporate registry,Legal-form suffix does not establish shell-company status.
ENT-samsung-solar-energy-2,"Samsung Solar Energy 2, LLC",UNRESOLVED_LEGAL_ENTITY,GLEIF LEI / Level 2 | OpenCorporates relationships/statements | SEC EDGAR Exhibit 21 | State/provincial corporate registry,Legal-form suffix does not establish shell-company status.
ENT-dios-bess,"Dios BESS, LLC",UNRESOLVED_LEGAL_ENTITY,GLEIF LEI / Level 2 | OpenCorporates relationships/statements | SEC EDGAR Exhibit 21 | State/provincial corporate registry,Legal-form suffix does not establish shell-company status.
ENT-big-rooter-west,"Big Rooter West, LLC",UNRESOLVED_LEGAL_ENTITY,GLEIF LEI / Level 2 | OpenCorporates relationships/statements | SEC EDGAR Exhibit 21 | State/provincial corporate registry,Legal-form suffix does not establish shell-company status.
ENT-brp-pictor-bess,BRP Pictor BESS LLC,UNRESOLVED_LEGAL_ENTITY,GLEIF LEI / Level 2 | OpenCorporates relationships/statements | SEC EDGAR Exhibit 21 | State/provincial corporate registry,Legal-form suffix does not establish shell-company status.
ENT-copano-bay-energy-storage,"Copano Bay Energy Storage, LLC",UNRESOLVED_LEGAL_ENTITY,GLEIF LEI / Level 2 | OpenCorporates relationships/statements | SEC EDGAR Exhibit 21 | State/provincial corporate registry,Legal-form suffix does not establish shell-company status.
ENT-marcus-energy-storage,"Marcus Energy Storage, LLC",UNRESOLVED_LEGAL_ENTITY,GLEIF LEI / Level 2 | OpenCorporates relationships/statements | SEC EDGAR Exhibit 21 | State/provincial corporate registry,Legal-form suffix does not establish shell-company status.
ENT-brp-zelus-bess,BRP Zelus BESS LLC,UNRESOLVED_LEGAL_ENTITY,GLEIF LEI / Level 2 | OpenCorporates relationships/statements | SEC EDGAR Exhibit 21 | State/provincial corporate registry,Legal-form suffix does not establish shell-company status.
ENT-big-rooter-east,"Big Rooter East, LLC",UNRESOLVED_LEGAL_ENTITY,GLEIF LEI / Level 2 | OpenCorporates relationships/statements | SEC EDGAR Exhibit 21 | State/provincial corporate registry,Legal-form suffix does not establish shell-company status.
ENT-brp-tarim-bess,BRP Tarim BESS LLC,UNRESOLVED_LEGAL_ENTITY,GLEIF LEI / Level 2 | OpenCorporates relationships/statements | SEC EDGAR Exhibit 21 | State/provincial corporate registry,Legal-form suffix does not establish shell-company status.
ENT-hamlet-solar,"Hamlet Solar, LLC",UNRESOLVED_LEGAL_ENTITY,GLEIF LEI / Level 2 | OpenCorporates relationships/statements | SEC EDGAR Exhibit 21 | State/provincial corporate registry,Legal-form suffix does not establish shell-company status.
ENT-brp-elbus-bess,BRP Elbus BESS LLC,UNRESOLVED_LEGAL_ENTITY,GLEIF LEI / Level 2 | OpenCorporates relationships/statements | SEC EDGAR Exhibit 21 | State/provincial corporate registry,Legal-form suffix does not establish shell-company status.
ENT-brp-de-los-santos-bess,BRP De Los Santos BESS LLC,UNRESOLVED_LEGAL_ENTITY,GLEIF LEI / Level 2 | OpenCorporates relationships/statements | SEC EDGAR Exhibit 21 | State/provincial corporate registry,Legal-form suffix does not establish shell-company status.
ENT-oakley-bess,Oakley BESS LLC,UNRESOLVED_LEGAL_ENTITY,GLEIF LEI / Level 2 | OpenCorporates relationships/statements | SEC EDGAR Exhibit 21 | State/provincial corporate registry,Legal-form suffix does not establish shell-company status.
ENT-bt-kahla-storage,"BT Kahla Storage, LLC",UNRESOLVED_LEGAL_ENTITY,GLEIF LEI / Level 2 | OpenCorporates relationships/statements | SEC EDGAR Exhibit 21 | State/provincial corporate registry,Legal-form suffix does not establish shell-company status.
ENT-bell-creek-bess,"BELL CREEK BESS, LLC",UNRESOLVED_LEGAL_ENTITY,GLEIF LEI / Level 2 | OpenCorporates relationships/statements | SEC EDGAR Exhibit 21 | State/provincial corporate registry,Legal-form suffix does not establish shell-company status.
ENT-sloan-energy-storage,Sloan Energy Storage LLC,UNRESOLVED_LEGAL_ENTITY,GLEIF LEI / Level 2 | OpenCorporates relationships/statements | SEC EDGAR Exhibit 21 | State/provincial corporate registry,Legal-form suffix does not establish shell-company status.
ENT-cebocell,"Cebocell, LLC",UNRESOLVED_LEGAL_ENTITY,GLEIF LEI / Level 2 | OpenCorporates relationships/statements | SEC EDGAR Exhibit 21 | State/provincial corporate registry,Legal-form suffix does not establish shell-company status.
ENT-pk-solar,"PK Solar, LLC",UNRESOLVED_LEGAL_ENTITY,GLEIF LEI / Level 2 | OpenCorporates relationships/statements | SEC EDGAR Exhibit 21 | State/provincial corporate registry,Legal-form suffix does not establish shell-company status.
ENT-cottontail-energy-center,"Cottontail Energy Center, LLC",UNRESOLVED_LEGAL_ENTITY,GLEIF LEI / Level 2 | OpenCorporates relationships/statements | SEC EDGAR Exhibit 21 | State/provincial corporate registry,Legal-form suffix does not establish shell-company status.
ENT-apricot-sun-energy-center,"Apricot Sun Energy Center, LLC",UNRESOLVED_LEGAL_ENTITY,GLEIF LEI / Level 2 | OpenCorporates relationships/statements | SEC EDGAR Exhibit 21 | State/provincial corporate registry,Legal-form suffix does not establish shell-company status.
ENT-apv-lonestar-energy,APV Lonestar Energy LLC,UNRESOLVED_LEGAL_ENTITY,GLEIF LEI / Level 2 | OpenCorporates relationships/statements | SEC EDGAR Exhibit 21 | State/provincial corporate registry,Legal-form suffix does not establish shell-company status.
ENT-brp-blue-topaz-5,"BRP Blue Topaz 5, LLC",UNRESOLVED_LEGAL_ENTITY,GLEIF LEI / Level 2 | OpenCorporates relationships/statements | SEC EDGAR Exhibit 21 | State/provincial corporate registry,Legal-form suffix does not establish shell-company status.
ENT-kota-storage,"Kota Storage, LLC",UNRESOLVED_LEGAL_ENTITY,GLEIF LEI / Level 2 | OpenCorporates relationships/statements | SEC EDGAR Exhibit 21 | State/provincial corporate registry,Legal-form suffix does not establish shell-company status.
ENT-stinger-energy-storage,Stinger Energy Storage LLC,UNRESOLVED_LEGAL_ENTITY,GLEIF LEI / Level 2 | OpenCorporates relationships/statements | SEC EDGAR Exhibit 21 | State/provincial corporate registry,Legal-form suffix does not establish shell-company status.
ENT-moon-stone-battery-facility,Moon Stone Battery Facility LLC,UNRESOLVED_LEGAL_ENTITY,GLEIF LEI / Level 2 | OpenCorporates relationships/statements | SEC EDGAR Exhibit 21 | State/provincial corporate registry,Legal-form suffix does not establish shell-company status.
ENT-bobcat-bess,"Bobcat BESS, LLC",UNRESOLVED_LEGAL_ENTITY,GLEIF LEI / Level 2 | OpenCorporates relationships/statements | SEC EDGAR Exhibit 21 | State/provincial corporate registry,Legal-form suffix does not establish shell-company status.
ENT-blanquilla-bess,Blanquilla BESS LLC,UNRESOLVED_LEGAL_ENTITY,GLEIF LEI / Level 2 | OpenCorporates relationships/statements | SEC EDGAR Exhibit 21 | State/provincial corporate registry,Legal-form suffix does not establish shell-company status.
ENT-sbess-tx25,SBESS TX25 LLC,UNRESOLVED_LEGAL_ENTITY,GLEIF LEI / Level 2 | OpenCorporates relationships/statements | SEC EDGAR Exhibit 21 | State/provincial corporate registry,Legal-form suffix does not establish shell-company status.
ENT-arpeggio-bess,"Arpeggio BESS, LLC",UNRESOLVED_LEGAL_ENTITY,GLEIF LEI / Level 2 | OpenCorporates relationships/statements | SEC EDGAR Exhibit 21 | State/provincial corporate registry,Legal-form suffix does not establish shell-company status.
ENT-metro-bess,Metro BESS LLC,UNRESOLVED_LEGAL_ENTITY,GLEIF LEI / Level 2 | OpenCorporates relationships/statements | SEC EDGAR Exhibit 21 | State/provincial corporate registry,Legal-form suffix does not establish shell-company status.
ENT-obbligato-bess,"Obbligato BESS, LLC",UNRESOLVED_LEGAL_ENTITY,GLEIF LEI / Level 2 | OpenCorporates relationships/statements | SEC EDGAR Exhibit 21 | State/provincial corporate registry,Legal-form suffix does not establish shell-company status.
ENT-quadspring-bess,"Quadspring BESS, LLC",UNRESOLVED_LEGAL_ENTITY,GLEIF LEI / Level 2 | OpenCorporates relationships/statements | SEC EDGAR Exhibit 21 | State/provincial corporate registry,Legal-form suffix does not establish shell-company status.
ENT-resaca-oasis-storage,"Resaca Oasis Storage, LLC",UNRESOLVED_LEGAL_ENTITY,GLEIF LEI / Level 2 | OpenCorporates relationships/statements | SEC EDGAR Exhibit 21 | State/provincial corporate registry,Legal-form suffix does not establish shell-company status.
ENT-brazos-energy-storage,"Brazos Energy Storage, LLC",UNRESOLVED_LEGAL_ENTITY,GLEIF LEI / Level 2 | OpenCorporates relationships/statements | SEC EDGAR Exhibit 21 | State/provincial corporate registry,Legal-form suffix does not establish shell-company status.
ENT-vaughn-battery-storage,"Vaughn Battery Storage, LLC",UNRESOLVED_LEGAL_ENTITY,GLEIF LEI / Level 2 | OpenCorporates relationships/statements | SEC EDGAR Exhibit 21 | State/provincial corporate registry,Legal-form suffix does not establish shell-company status.
ENT-matagorda-ess,"Matagorda ESS, LLC",UNRESOLVED_LEGAL_ENTITY,GLEIF LEI / Level 2 | OpenCorporates relationships/statements | SEC EDGAR Exhibit 21 | State/provincial corporate registry,Legal-form suffix does not establish shell-company status.
ENT-goldhill-energy-storage,Goldhill Energy Storage LLC,UNRESOLVED_LEGAL_ENTITY,GLEIF LEI / Level 2 | OpenCorporates relationships/statements | SEC EDGAR Exhibit 21 | State/provincial corporate registry,Legal-form suffix does not establish shell-company status.
ENT-barbara-bess,Barbara BESS LLC,UNRESOLVED_LEGAL_ENTITY,GLEIF LEI / Level 2 | OpenCorporates relationships/statements | SEC EDGAR Exhibit 21 | State/provincial corporate registry,Legal-form suffix does not establish shell-company status.
ENT-comal-bess,Comal BESS LLC,UNRESOLVED_LEGAL_ENTITY,GLEIF LEI / Level 2 | OpenCorporates relationships/statements | SEC EDGAR Exhibit 21 | State/provincial corporate registry,Legal-form suffix does not establish shell-company status.
ENT-reunion-solar,"Reunion Solar, LLC",UNRESOLVED_LEGAL_ENTITY,GLEIF LEI / Level 2 | OpenCorporates relationships/statements | SEC EDGAR Exhibit 21 | State/provincial corporate registry,Legal-form suffix does not establish shell-company status.
ENT-northern-breeze-wind-project,NORTHERN BREEZE WIND PROJECT INC.,UNRESOLVED_LEGAL_ENTITY,GLEIF LEI / Level 2 | OpenCorporates relationships/statements | SEC EDGAR Exhibit 21 | State/provincial corporate registry,Legal-form suffix does not establish shell-company status.
ENT-kce-ny-2,"KCE NY 2, LLC",UNRESOLVED_LEGAL_ENTITY,GLEIF LEI / Level 2 | OpenCorporates relationships/statements | SEC EDGAR Exhibit 21 | State/provincial corporate registry,Legal-form suffix does not establish shell-company status.
ENT-bpp-ny-lansing-bess-i,BPP NY Lansing BESS I LLC,UNRESOLVED_LEGAL_ENTITY,GLEIF LEI / Level 2 | OpenCorporates relationships/statements | SEC EDGAR Exhibit 21 | State/provincial corporate registry,Legal-form suffix does not establish shell-company status.
ENT-neer-interconnection,"NEER Interconnection Holdings, LLC",UNRESOLVED_LEGAL_ENTITY,GLEIF LEI / Level 2 | OpenCorporates relationships/statements | SEC EDGAR Exhibit 21 | State/provincial corporate registry,Legal-form suffix does not establish shell-company status.
ENT-southern-tier-energy-center,"Southern Tier Energy Center, LLC",UNRESOLVED_LEGAL_ENTITY,GLEIF LEI / Level 2 | OpenCorporates relationships/statements | SEC EDGAR Exhibit 21 | State/provincial corporate registry,Legal-form suffix does not establish shell-company status.
ENT-ace-devco-nc,"ACE DevCo NC, LLC",UNRESOLVED_LEGAL_ENTITY,GLEIF LEI / Level 2 | OpenCorporates relationships/statements | SEC EDGAR Exhibit 21 | State/provincial corporate registry,Legal-form suffix does not establish shell-company status.
ENT-transgrid-energy,TransGrid Energy LLC,UNRESOLVED_LEGAL_ENTITY,GLEIF LEI / Level 2 | OpenCorporates relationships/statements | SEC EDGAR Exhibit 21 | State/provincial corporate registry,Legal-form suffix does not establish shell-company status.
ENT-amphion-solar,"Amphion Solar, LLC",UNRESOLVED_LEGAL_ENTITY,GLEIF LEI / Level 2 | OpenCorporates relationships/statements | SEC EDGAR Exhibit 21 | State/provincial corporate registry,Legal-form suffix does not establish shell-company status.
ENT-easy-wind-energy-center,"Easy Wind Energy Center, LLC",UNRESOLVED_LEGAL_ENTITY,GLEIF LEI / Level 2 | OpenCorporates relationships/statements | SEC EDGAR Exhibit 21 | State/provincial corporate registry,Legal-form suffix does not establish shell-company status.
ENT-biggs-battery-facility,"Biggs Battery Facility, LLC",UNRESOLVED_LEGAL_ENTITY,GLEIF LEI / Level 2 | OpenCorporates relationships/statements | SEC EDGAR Exhibit 21 | State/provincial corporate registry,Legal-form suffix does not establish shell-company status.
ENT-eg-primrose,EG Primrose LLC,UNRESOLVED_LEGAL_ENTITY,GLEIF LEI / Level 2 | OpenCorporates relationships/statements | SEC EDGAR Exhibit 21 | State/provincial corporate registry,Legal-form suffix does not establish shell-company status.
ENT-sunshiner-ess,SunShiner ESS LLC,UNRESOLVED_LEGAL_ENTITY,GLEIF LEI / Level 2 | OpenCorporates relationships/statements | SEC EDGAR Exhibit 21 | State/provincial corporate registry,Legal-form suffix does not establish shell-company status.
ENT-puresky-development,PureSky Development Inc,UNRESOLVED_LEGAL_ENTITY,GLEIF LEI / Level 2 | OpenCorporates relationships/statements | SEC EDGAR Exhibit 21 | State/provincial corporate registry,Legal-form suffix does not establish shell-company status.
ENT-eg-white-oak,EG White Oak LLC,UNRESOLVED_LEGAL_ENTITY,GLEIF LEI / Level 2 | OpenCorporates relationships/statements | SEC EDGAR Exhibit 21 | State/provincial corporate registry,Legal-form suffix does not establish shell-company status.
ENT-eg-slash-pine,EG Slash Pine LLC,UNRESOLVED_LEGAL_ENTITY,GLEIF LEI / Level 2 | OpenCorporates relationships/statements | SEC EDGAR Exhibit 21 | State/provincial corporate registry,Legal-form suffix does not establish shell-company status.
ENT-tierra-loma-solar,"Tierra Loma Solar, LLC",UNRESOLVED_LEGAL_ENTITY,GLEIF LEI / Level 2 | OpenCorporates relationships/statements | SEC EDGAR Exhibit 21 | State/provincial corporate registry,Legal-form suffix does not establish shell-company status.
ENT-rwe-clean-energy-development,"RWE Clean Energy Development, LLC",UNRESOLVED_LEGAL_ENTITY,GLEIF LEI / Level 2 | OpenCorporates relationships/statements | SEC EDGAR Exhibit 21 | State/provincial corporate registry,Legal-form suffix does not establish shell-company status.
ENT-origis-development,Origis Development LLC,UNRESOLVED_LEGAL_ENTITY,GLEIF LEI / Level 2 | OpenCorporates relationships/statements | SEC EDGAR Exhibit 21 | State/provincial corporate registry,Legal-form suffix does not establish shell-company status.
ENT-grs-bess-texas-seven,"GRS BESS TEXAS SEVEN, LLC",UNRESOLVED_LEGAL_ENTITY,GLEIF LEI / Level 2 | OpenCorporates relationships/statements | SEC EDGAR Exhibit 21 | State/provincial corporate registry,Legal-form suffix does not establish shell-company status.
ENT-charter-oak-storage,"Charter Oak Storage, LLC",UNRESOLVED_LEGAL_ENTITY,GLEIF LEI / Level 2 | OpenCorporates relationships/statements | SEC EDGAR Exhibit 21 | State/provincial corporate registry,Legal-form suffix does not establish shell-company status.
ENT-malachite-storage,Malachite Storage LLC,UNRESOLVED_LEGAL_ENTITY,GLEIF LEI / Level 2 | OpenCorporates relationships/statements | SEC EDGAR Exhibit 21 | State/provincial corporate registry,Legal-form suffix does not establish shell-company status.
ENT-battery-park-storage,Battery Park Storage LLC,UNRESOLVED_LEGAL_ENTITY,GLEIF LEI / Level 2 | OpenCorporates relationships/statements | SEC EDGAR Exhibit 21 | State/provincial corporate registry,Legal-form suffix does not establish shell-company status.
ENT-gransolar-texas-four,Gransolar Texas Four LLC,UNRESOLVED_LEGAL_ENTITY,GLEIF LEI / Level 2 | OpenCorporates relationships/statements | SEC EDGAR Exhibit 21 | State/provincial corporate registry,Legal-form suffix does not establish shell-company status.
ENT-cattlemen-bess,Cattlemen BESS LLC,UNRESOLVED_LEGAL_ENTITY,GLEIF LEI / Level 2 | OpenCorporates relationships/statements | SEC EDGAR Exhibit 21 | State/provincial corporate registry,Legal-form suffix does not establish shell-company status.
ENT-maverick-ess,"Maverick ESS, LLC",UNRESOLVED_LEGAL_ENTITY,GLEIF LEI / Level 2 | OpenCorporates relationships/statements | SEC EDGAR Exhibit 21 | State/provincial corporate registry,Legal-form suffix does not establish shell-company status.
ENT-brown-ess,"Brown ESS, LLC",UNRESOLVED_LEGAL_ENTITY,GLEIF LEI / Level 2 | OpenCorporates relationships/statements | SEC EDGAR Exhibit 21 | State/provincial corporate registry,Legal-form suffix does not establish shell-company status.
ENT-montezuma-storage,Montezuma Storage LLC,UNRESOLVED_LEGAL_ENTITY,GLEIF LEI / Level 2 | OpenCorporates relationships/statements | SEC EDGAR Exhibit 21 | State/provincial corporate registry,Legal-form suffix does not establish shell-company status.
ENT-nanulak-bess,"Nanulak BESS, L.L.C.",UNRESOLVED_LEGAL_ENTITY,GLEIF LEI / Level 2 | OpenCorporates relationships/statements | SEC EDGAR Exhibit 21 | State/provincial corporate registry,Legal-form suffix does not establish shell-company status.
ENT-frizzle-bess,"Frizzle BESS, L.L.C.",UNRESOLVED_LEGAL_ENTITY,GLEIF LEI / Level 2 | OpenCorporates relationships/statements | SEC EDGAR Exhibit 21 | State/provincial corporate registry,Legal-form suffix does not establish shell-company status.
ENT-momentum-hofbrau,Momentum Hofbrau LLC,UNRESOLVED_LEGAL_ENTITY,GLEIF LEI / Level 2 | OpenCorporates relationships/statements | SEC EDGAR Exhibit 21 | State/provincial corporate registry,Legal-form suffix does not establish shell-company status.
ENT-brazos-river-bess,Brazos River BESS LLC,UNRESOLVED_LEGAL_ENTITY,GLEIF LEI / Level 2 | OpenCorporates relationships/statements | SEC EDGAR Exhibit 21 | State/provincial corporate registry,Legal-form suffix does not establish shell-company status.
ENT-lighthouse-arthur-kill-ii,"Lighthouse Arthur Kill II, LLC",UNRESOLVED_LEGAL_ENTITY,GLEIF LEI / Level 2 | OpenCorporates relationships/statements | SEC EDGAR Exhibit 21 | State/provincial corporate registry,Legal-form suffix does not establish shell-company status.
ENT-hunt-energy-network,"Hunt Energy Network, LLC",UNRESOLVED_LEGAL_ENTITY,GLEIF LEI / Level 2 | OpenCorporates relationships/statements | SEC EDGAR Exhibit 21 | State/provincial corporate registry,Legal-form suffix does not establish shell-company status.
ENT-ocelot-solar,Ocelot Solar LLC,UNRESOLVED_LEGAL_ENTITY,GLEIF LEI / Level 2 | OpenCorporates relationships/statements | SEC EDGAR Exhibit 21 | State/provincial corporate registry,Legal-form suffix does not establish shell-company status.
ENT-saddle-horn-station-bess,Saddle Horn Station BESS LLC,UNRESOLVED_LEGAL_ENTITY,GLEIF LEI / Level 2 | OpenCorporates relationships/statements | SEC EDGAR Exhibit 21 | State/provincial corporate registry,Legal-form suffix does not establish shell-company status.
ENT-bt-brotherton-storage,"BT Brotherton Storage, LLC",UNRESOLVED_LEGAL_ENTITY,GLEIF LEI / Level 2 | OpenCorporates relationships/statements | SEC EDGAR Exhibit 21 | State/provincial corporate registry,Legal-form suffix does not establish shell-company status.
ENT-majewski-storage,Majewski Storage LLC,UNRESOLVED_LEGAL_ENTITY,GLEIF LEI / Level 2 | OpenCorporates relationships/statements | SEC EDGAR Exhibit 21 | State/provincial corporate registry,Legal-form suffix does not establish shell-company status.
ENT-bt-mcmurtre-storage,"BT McMurtre Storage, LLC",UNRESOLVED_LEGAL_ENTITY,GLEIF LEI / Level 2 | OpenCorporates relationships/statements | SEC EDGAR Exhibit 21 | State/provincial corporate registry,Legal-form suffix does not establish shell-company status.
ENT-bt-yooperlite-storage,"BT Yooperlite Storage, LLC",UNRESOLVED_LEGAL_ENTITY,GLEIF LEI / Level 2 | OpenCorporates relationships/statements | SEC EDGAR Exhibit 21 | State/provincial corporate registry,Legal-form suffix does not establish shell-company status.
ENT-king-mountain-storage,King Mountain Storage LLC,UNRESOLVED_LEGAL_ENTITY,GLEIF LEI / Level 2 | OpenCorporates relationships/statements | SEC EDGAR Exhibit 21 | State/provincial corporate registry,Legal-form suffix does not establish shell-company status.
ENT-eligius-storage,Eligius Storage LLC,UNRESOLVED_LEGAL_ENTITY,GLEIF LEI / Level 2 | OpenCorporates relationships/statements | SEC EDGAR Exhibit 21 | State/provincial corporate registry,Legal-form suffix does not establish shell-company status.
ENT-pethrus-bess,"Pethrus BESS, LLC",UNRESOLVED_LEGAL_ENTITY,GLEIF LEI / Level 2 | OpenCorporates relationships/statements | SEC EDGAR Exhibit 21 | State/provincial corporate registry,Legal-form suffix does not establish shell-company status.
ENT-cold-creek-solar-and-storage,Cold Creek Solar and Storage LLC,UNRESOLVED_LEGAL_ENTITY,GLEIF LEI / Level 2 | OpenCorporates relationships/statements | SEC EDGAR Exhibit 21 | State/provincial corporate registry,Legal-form suffix does not establish shell-company status.
ENT-coneflower-storage-project,Coneflower Storage Project LLC,UNRESOLVED_LEGAL_ENTITY,GLEIF LEI / Level 2 | OpenCorporates relationships/statements | SEC EDGAR Exhibit 21 | State/provincial corporate registry,Legal-form suffix does not establish shell-company status.
ENT-blue-stone-renewable-xxi,BLUE STONE RENEWABLE XXI LLC,UNRESOLVED_LEGAL_ENTITY,GLEIF LEI / Level 2 | OpenCorporates relationships/statements | SEC EDGAR Exhibit 21 | State/provincial corporate registry,Legal-form suffix does not establish shell-company status.
ENT-zeppelin-energy-storage,ZEPPELIN ENERGY STORAGE LLC,UNRESOLVED_LEGAL_ENTITY,GLEIF LEI / Level 2 | OpenCorporates relationships/statements | SEC EDGAR Exhibit 21 | State/provincial corporate registry,Legal-form suffix does not establish shell-company status.
ENT-dove-creek-solar,"Dove Creek Solar, LLC",UNRESOLVED_LEGAL_ENTITY,GLEIF LEI / Level 2 | OpenCorporates relationships/statements | SEC EDGAR Exhibit 21 | State/provincial corporate registry,Legal-form suffix does not establish shell-company status.
ENT-concho-pearl-solar,"Concho Pearl Solar, LLC",UNRESOLVED_LEGAL_ENTITY,GLEIF LEI / Level 2 | OpenCorporates relationships/statements | SEC EDGAR Exhibit 21 | State/provincial corporate registry,Legal-form suffix does not establish shell-company status.
ENT-albatross-solar,"Albatross Solar, LLC",UNRESOLVED_LEGAL_ENTITY,GLEIF LEI / Level 2 | OpenCorporates relationships/statements | SEC EDGAR Exhibit 21 | State/provincial corporate registry,Legal-form suffix does not establish shell-company status.
ENT-robp,"ROBP Holdings, LLC",UNRESOLVED_LEGAL_ENTITY,GLEIF LEI / Level 2 | OpenCorporates relationships/statements | SEC EDGAR Exhibit 21 | State/provincial corporate registry,Legal-form suffix does not establish shell-company status.
ENT-gransolar-texas-three,Gransolar Texas Three LLC,UNRESOLVED_LEGAL_ENTITY,GLEIF LEI / Level 2 | OpenCorporates relationships/statements | SEC EDGAR Exhibit 21 | State/provincial corporate registry,Legal-form suffix does not establish shell-company status.
ENT-grs-bess-texas-ten,"GRS BESS TEXAS TEN, LLC",UNRESOLVED_LEGAL_ENTITY,GLEIF LEI / Level 2 | OpenCorporates relationships/statements | SEC EDGAR Exhibit 21 | State/provincial corporate registry,Legal-form suffix does not establish shell-company status.
ENT-invenergy-storage-development,Invenergy Storage Development LLC,UNRESOLVED_LEGAL_ENTITY,GLEIF LEI / Level 2 | OpenCorporates relationships/statements | SEC EDGAR Exhibit 21 | State/provincial corporate registry,Legal-form suffix does not establish shell-company status.
ENT-coyote-den-energy-center,"Coyote Den Energy Center, LLC",UNRESOLVED_LEGAL_ENTITY,GLEIF LEI / Level 2 | OpenCorporates relationships/statements | SEC EDGAR Exhibit 21 | State/provincial corporate registry,Legal-form suffix does not establish shell-company status.
ENT-strawberry-acres-energy-center,"Strawberry Acres Energy Center, LLC",UNRESOLVED_LEGAL_ENTITY,GLEIF LEI / Level 2 | OpenCorporates relationships/statements | SEC EDGAR Exhibit 21 | State/provincial corporate registry,Legal-form suffix does not establish shell-company status.
ENT-austin-bayou-solar,"Austin Bayou Solar, LLC",UNRESOLVED_LEGAL_ENTITY,GLEIF LEI / Level 2 | OpenCorporates relationships/statements | SEC EDGAR Exhibit 21 | State/provincial corporate registry,Legal-form suffix does not establish shell-company status.
ENT-firefly-fields-energy-center,Firefly Fields Energy Center LLC,UNRESOLVED_LEGAL_ENTITY,GLEIF LEI / Level 2 | OpenCorporates relationships/statements | SEC EDGAR Exhibit 21 | State/provincial corporate registry,Legal-form suffix does not establish shell-company status.
ENT-palladium-energy-storage,Palladium Energy Storage LLC,UNRESOLVED_LEGAL_ENTITY,GLEIF LEI / Level 2 | OpenCorporates relationships/statements | SEC EDGAR Exhibit 21 | State/provincial corporate registry,Legal-form suffix does not establish shell-company status.
ENT-taylor-ess,"Taylor ESS, LLC",UNRESOLVED_LEGAL_ENTITY,GLEIF LEI / Level 2 | OpenCorporates relationships/statements | SEC EDGAR Exhibit 21 | State/provincial corporate registry,Legal-form suffix does not establish shell-company status.
ENT-purple-sage,"Purple Sage, LLC",UNRESOLVED_LEGAL_ENTITY,GLEIF LEI / Level 2 | OpenCorporates relationships/statements | SEC EDGAR Exhibit 21 | State/provincial corporate registry,Legal-form suffix does not establish shell-company status.
ENT-wichita-solar-i,"Wichita Solar I, LLC",UNRESOLVED_LEGAL_ENTITY,GLEIF LEI / Level 2 | OpenCorporates relationships/statements | SEC EDGAR Exhibit 21 | State/provincial corporate registry,Legal-form suffix does not establish shell-company status.
ENT-winters-glow-storage,"Winters Glow Storage, LLC",UNRESOLVED_LEGAL_ENTITY,GLEIF LEI / Level 2 | OpenCorporates relationships/statements | SEC EDGAR Exhibit 21 | State/provincial corporate registry,Legal-form suffix does not establish shell-company status.
ENT-longbow-energy-storage,"Longbow Energy Storage, LLC",UNRESOLVED_LEGAL_ENTITY,GLEIF LEI / Level 2 | OpenCorporates relationships/statements | SEC EDGAR Exhibit 21 | State/provincial corporate registry,Legal-form suffix does not establish shell-company status.
ENT-galaxy-solar,"Galaxy Solar, LLC",UNRESOLVED_LEGAL_ENTITY,GLEIF LEI / Level 2 | OpenCorporates relationships/statements | SEC EDGAR Exhibit 21 | State/provincial corporate registry,Legal-form suffix does not establish shell-company status.
ENT-brp-blue-topaz-2,"BRP Blue Topaz 2, LLC",UNRESOLVED_LEGAL_ENTITY,GLEIF LEI / Level 2 | OpenCorporates relationships/statements | SEC EDGAR Exhibit 21 | State/provincial corporate registry,Legal-form suffix does not establish shell-company status.
ENT-sosa-energy-center,"Sosa Energy Center, LLC",UNRESOLVED_LEGAL_ENTITY,GLEIF LEI / Level 2 | OpenCorporates relationships/statements | SEC EDGAR Exhibit 21 | State/provincial corporate registry,Legal-form suffix does not establish shell-company status.
ENT-flexen-usa,Flexen USA LLC,UNRESOLVED_LEGAL_ENTITY,GLEIF LEI / Level 2 | OpenCorporates relationships/statements | SEC EDGAR Exhibit 21 | State/provincial corporate registry,Legal-form suffix does not establish shell-company status.
ENT-bess-bastion,BESS BASTION LLC,UNRESOLVED_LEGAL_ENTITY,GLEIF LEI / Level 2 | OpenCorporates relationships/statements | SEC EDGAR Exhibit 21 | State/provincial corporate registry,Legal-form suffix does not establish shell-company status.
ENT-pavo-creek-storage,"Pavo Creek Storage, LLC",UNRESOLVED_LEGAL_ENTITY,GLEIF LEI / Level 2 | OpenCorporates relationships/statements | SEC EDGAR Exhibit 21 | State/provincial corporate registry,Legal-form suffix does not establish shell-company status.
ENT-greasewood-bess,"Greasewood BESS, LLC",UNRESOLVED_LEGAL_ENTITY,GLEIF LEI / Level 2 | OpenCorporates relationships/statements | SEC EDGAR Exhibit 21 | State/provincial corporate registry,Legal-form suffix does not establish shell-company status.
ENT-sunnyside-energy,Sunnyside Energy LLC,UNRESOLVED_LEGAL_ENTITY,GLEIF LEI / Level 2 | OpenCorporates relationships/statements | SEC EDGAR Exhibit 21 | State/provincial corporate registry,Legal-form suffix does not establish shell-company status.
ENT-twinwood-es1,"Twinwood ES1, LLC",UNRESOLVED_LEGAL_ENTITY,GLEIF LEI / Level 2 | OpenCorporates relationships/statements | SEC EDGAR Exhibit 21 | State/provincial corporate registry,Legal-form suffix does not establish shell-company status.
ENT-marigold-bess,Marigold BESS LLC,UNRESOLVED_LEGAL_ENTITY,GLEIF LEI / Level 2 | OpenCorporates relationships/statements | SEC EDGAR Exhibit 21 | State/provincial corporate registry,Legal-form suffix does not establish shell-company status.
ENT-boxcar-energy-storage,"Boxcar Energy Storage, LLC",UNRESOLVED_LEGAL_ENTITY,GLEIF LEI / Level 2 | OpenCorporates relationships/statements | SEC EDGAR Exhibit 21 | State/provincial corporate registry,Legal-form suffix does not establish shell-company status.
ENT-whiskey-bess,Whiskey BESS LLC,UNRESOLVED_LEGAL_ENTITY,GLEIF LEI / Level 2 | OpenCorporates relationships/statements | SEC EDGAR Exhibit 21 | State/provincial corporate registry,Legal-form suffix does not establish shell-company status.
ENT-zorro-bess,ZORRO BESS LLC,UNRESOLVED_LEGAL_ENTITY,GLEIF LEI / Level 2 | OpenCorporates relationships/statements | SEC EDGAR Exhibit 21 | State/provincial corporate registry,Legal-form suffix does not establish shell-company status.
ENT-dm-bcb,"DM-BCB, LLC",UNRESOLVED_LEGAL_ENTITY,GLEIF LEI / Level 2 | OpenCorporates relationships/statements | SEC EDGAR Exhibit 21 | State/provincial corporate registry,Legal-form suffix does not establish shell-company status.
ENT-dm-wcm,"DM-WCM, LLC",UNRESOLVED_LEGAL_ENTITY,GLEIF LEI / Level 2 | OpenCorporates relationships/statements | SEC EDGAR Exhibit 21 | State/provincial corporate registry,Legal-form suffix does not establish shell-company status.
ENT-kit-fox-storage,"Kit Fox Storage, LLC",UNRESOLVED_LEGAL_ENTITY,GLEIF LEI / Level 2 | OpenCorporates relationships/statements | SEC EDGAR Exhibit 21 | State/provincial corporate registry,Legal-form suffix does not establish shell-company status.
ENT-anson-ii-storage,Anson II Storage LLC,UNRESOLVED_LEGAL_ENTITY,GLEIF LEI / Level 2 | OpenCorporates relationships/statements | SEC EDGAR Exhibit 21 | State/provincial corporate registry,Legal-form suffix does not establish shell-company status.
ENT-pradera-storage,"Pradera Storage, LLC",UNRESOLVED_LEGAL_ENTITY,GLEIF LEI / Level 2 | OpenCorporates relationships/statements | SEC EDGAR Exhibit 21 | State/provincial corporate registry,Legal-form suffix does not establish shell-company status.
ENT-silver-dollar-solar-project,"Silver Dollar Solar Project, LLC",UNRESOLVED_LEGAL_ENTITY,GLEIF LEI / Level 2 | OpenCorporates relationships/statements | SEC EDGAR Exhibit 21 | State/provincial corporate registry,Legal-form suffix does not establish shell-company status.
ENT-senator-aggreko-storage,Senator Aggreko Storage LLC,UNRESOLVED_LEGAL_ENTITY,GLEIF LEI / Level 2 | OpenCorporates relationships/statements | SEC EDGAR Exhibit 21 | State/provincial corporate registry,Legal-form suffix does not establish shell-company status.
ENT-damia-solar,"Damia Solar, LLC",UNRESOLVED_LEGAL_ENTITY,GLEIF LEI / Level 2 | OpenCorporates relationships/statements | SEC EDGAR Exhibit 21 | State/provincial corporate registry,Legal-form suffix does not establish shell-company status.
ENT-tejano-storage,"Tejano Storage, LLC",UNRESOLVED_LEGAL_ENTITY,GLEIF LEI / Level 2 | OpenCorporates relationships/statements | SEC EDGAR Exhibit 21 | State/provincial corporate registry,Legal-form suffix does not establish shell-company status.
ENT-kuy-creek-storage-1,Kuy Creek Storage 1 LLC,UNRESOLVED_LEGAL_ENTITY,GLEIF LEI / Level 2 | OpenCorporates relationships/statements | SEC EDGAR Exhibit 21 | State/provincial corporate registry,Legal-form suffix does not establish shell-company status.
ENT-aeu-battery-project-iv,AEU BATTERY PROJECT IV LLC,UNRESOLVED_LEGAL_ENTITY,GLEIF LEI / Level 2 | OpenCorporates relationships/statements | SEC EDGAR Exhibit 21 | State/provincial corporate registry,Legal-form suffix does not establish shell-company status.
ENT-field-marshal-storage,Field Marshal Storage LLC,UNRESOLVED_LEGAL_ENTITY,GLEIF LEI / Level 2 | OpenCorporates relationships/statements | SEC EDGAR Exhibit 21 | State/provincial corporate registry,Legal-form suffix does not establish shell-company status.
ENT-luminous-energy-renewables,Luminous Energy Renewables LLC,UNRESOLVED_LEGAL_ENTITY,GLEIF LEI / Level 2 | OpenCorporates relationships/statements | SEC EDGAR Exhibit 21 | State/provincial corporate registry,Legal-form suffix does not establish shell-company status.
ENT-amerada-solar,"Amerada Solar, LLC",UNRESOLVED_LEGAL_ENTITY,GLEIF LEI / Level 2 | OpenCorporates relationships/statements | SEC EDGAR Exhibit 21 | State/provincial corporate registry,Legal-form suffix does not establish shell-company status.
ENT-blue-heron-solar,"Blue Heron Solar, LLC",UNRESOLVED_LEGAL_ENTITY,GLEIF LEI / Level 2 | OpenCorporates relationships/statements | SEC EDGAR Exhibit 21 | State/provincial corporate registry,Legal-form suffix does not establish shell-company status.
ENT-pentarise-bess,"Pentarise BESS, LLC",UNRESOLVED_LEGAL_ENTITY,GLEIF LEI / Level 2 | OpenCorporates relationships/statements | SEC EDGAR Exhibit 21 | State/provincial corporate registry,Legal-form suffix does not establish shell-company status.
ENT-stockyard-grid,"Stockyard Grid, LLC",UNRESOLVED_LEGAL_ENTITY,GLEIF LEI / Level 2 | OpenCorporates relationships/statements | SEC EDGAR Exhibit 21 | State/provincial corporate registry,Legal-form suffix does not establish shell-company status.
ENT-skipper-energy-storage,Skipper Energy Storage LLC,UNRESOLVED_LEGAL_ENTITY,GLEIF LEI / Level 2 | OpenCorporates relationships/statements | SEC EDGAR Exhibit 21 | State/provincial corporate registry,Legal-form suffix does not establish shell-company status.
ENT-driet-bess,Driet BESS LLC,UNRESOLVED_LEGAL_ENTITY,GLEIF LEI / Level 2 | OpenCorporates relationships/statements | SEC EDGAR Exhibit 21 | State/provincial corporate registry,Legal-form suffix does not establish shell-company status.
ENT-mustang-creek-solar,"Mustang Creek Solar, LLC",UNRESOLVED_LEGAL_ENTITY,GLEIF LEI / Level 2 | OpenCorporates relationships/statements | SEC EDGAR Exhibit 21 | State/provincial corporate registry,Legal-form suffix does not establish shell-company status.
ENT-navitas-energy,Navitas Energy LLC,UNRESOLVED_LEGAL_ENTITY,GLEIF LEI / Level 2 | OpenCorporates relationships/statements | SEC EDGAR Exhibit 21 | State/provincial corporate registry,Legal-form suffix does not establish shell-company status.
ENT-tippsol,TIPPSOL LLC,UNRESOLVED_LEGAL_ENTITY,GLEIF LEI / Level 2 | OpenCorporates relationships/statements | SEC EDGAR Exhibit 21 | State/provincial corporate registry,Legal-form suffix does not establish shell-company status.
ENT-brp-blue-topaz-7,"BRP BLUE TOPAZ 7, LLC",UNRESOLVED_LEGAL_ENTITY,GLEIF LEI / Level 2 | OpenCorporates relationships/statements | SEC EDGAR Exhibit 21 | State/provincial corporate registry,Legal-form suffix does not establish shell-company status.
ENT-horizon-energy-storage-greenfield-project,Horizon Energy Storage Greenfield Project Holdings LLC,UNRESOLVED_LEGAL_ENTITY,GLEIF LEI / Level 2 | OpenCorporates relationships/statements | SEC EDGAR Exhibit 21 | State/provincial corporate registry,Legal-form suffix does not establish shell-company status.
ENT-lampasas-hybrid-energy,Lampasas Hybrid Energy LLC,UNRESOLVED_LEGAL_ENTITY,GLEIF LEI / Level 2 | OpenCorporates relationships/statements | SEC EDGAR Exhibit 21 | State/provincial corporate registry,Legal-form suffix does not establish shell-company status.
ENT-kce-ny-37,"KCE NY 37, LLC",UNRESOLVED_LEGAL_ENTITY,GLEIF LEI / Level 2 | OpenCorporates relationships/statements | SEC EDGAR Exhibit 21 | State/provincial corporate registry,Legal-form suffix does not establish shell-company status.
ENT-astoria-generating,"Astoria Generating Company, L.P.",UNRESOLVED_LEGAL_ENTITY,GLEIF LEI / Level 2 | OpenCorporates relationships/statements | SEC EDGAR Exhibit 21 | State/provincial corporate registry,Legal-form suffix does not establish shell-company status.
ENT-chateauguay-river,"Chateauguay River, LLC",UNRESOLVED_LEGAL_ENTITY,GLEIF LEI / Level 2 | OpenCorporates relationships/statements | SEC EDGAR Exhibit 21 | State/provincial corporate registry,Legal-form suffix does not establish shell-company status.
ENT-baywa-r-e-projects,BayWa r.e Projects LLC.,UNRESOLVED_LEGAL_ENTITY,GLEIF LEI / Level 2 | OpenCorporates relationships/statements | SEC EDGAR Exhibit 21 | State/provincial corporate registry,Legal-form suffix does not establish shell-company status.
ENT-oakdale-battery-storage,Oakdale Battery Storage LLC,UNRESOLVED_LEGAL_ENTITY,GLEIF LEI / Level 2 | OpenCorporates relationships/statements | SEC EDGAR Exhibit 21 | State/provincial corporate registry,Legal-form suffix does not establish shell-company status.
ENT-lincoln-park-dg,"Lincoln Park DG, LLC",UNRESOLVED_LEGAL_ENTITY,GLEIF LEI / Level 2 | OpenCorporates relationships/statements | SEC EDGAR Exhibit 21 | State/provincial corporate registry,Legal-form suffix does not establish shell-company status.
ENT-ranchero-battery-facility,"Ranchero Battery Facility, LLC",UNRESOLVED_LEGAL_ENTITY,GLEIF LEI / Level 2 | OpenCorporates relationships/statements | SEC EDGAR Exhibit 21 | State/provincial corporate registry,Legal-form suffix does not establish shell-company status.
ENT-eg-cedar,EG Cedar LLC,UNRESOLVED_LEGAL_ENTITY,GLEIF LEI / Level 2 | OpenCorporates relationships/statements | SEC EDGAR Exhibit 21 | State/provincial corporate registry,Legal-form suffix does not establish shell-company status.
ENT-ced-development,CED Development Inc.,UNRESOLVED_LEGAL_ENTITY,GLEIF LEI / Level 2 | OpenCorporates relationships/statements | SEC EDGAR Exhibit 21 | State/provincial corporate registry,Legal-form suffix does not establish shell-company status.
ENT-marshall-springs-storage,"Marshall Springs Storage, LLC",UNRESOLVED_LEGAL_ENTITY,GLEIF LEI / Level 2 | OpenCorporates relationships/statements | SEC EDGAR Exhibit 21 | State/provincial corporate registry,Legal-form suffix does not establish shell-company status.
ENT-rogers-draw-energy-storage,"ROGERS DRAW ENERGY STORAGE, LLC",UNRESOLVED_LEGAL_ENTITY,GLEIF LEI / Level 2 | OpenCorporates relationships/statements | SEC EDGAR Exhibit 21 | State/provincial corporate registry,Legal-form suffix does not establish shell-company status.
ENT-brp-brizo-bess,BRP Brizo BESS LLC,UNRESOLVED_LEGAL_ENTITY,GLEIF LEI / Level 2 | OpenCorporates relationships/statements | SEC EDGAR Exhibit 21 | State/provincial corporate registry,Legal-form suffix does not establish shell-company status.
ENT-city-breeze-bess,City Breeze BESS LLC,UNRESOLVED_LEGAL_ENTITY,GLEIF LEI / Level 2 | OpenCorporates relationships/statements | SEC EDGAR Exhibit 21 | State/provincial corporate registry,Legal-form suffix does not establish shell-company status.
ENT-gibson-branch-bess,Gibson Branch BESS LLC,UNRESOLVED_LEGAL_ENTITY,GLEIF LEI / Level 2 | OpenCorporates relationships/statements | SEC EDGAR Exhibit 21 | State/provincial corporate registry,Legal-form suffix does not establish shell-company status.
ENT-rio-star-energy-storage,"Rio Star Energy Storage, LLC",UNRESOLVED_LEGAL_ENTITY,GLEIF LEI / Level 2 | OpenCorporates relationships/statements | SEC EDGAR Exhibit 21 | State/provincial corporate registry,Legal-form suffix does not establish shell-company status.
ENT-milam-energy,"Milam Energy, LLC",UNRESOLVED_LEGAL_ENTITY,GLEIF LEI / Level 2 | OpenCorporates relationships/statements | SEC EDGAR Exhibit 21 | State/provincial corporate registry,Legal-form suffix does not establish shell-company status.
ENT-gsa-land,GSA Land Holdings,UNRESOLVED_LEGAL_ENTITY,GLEIF LEI / Level 2 | OpenCorporates relationships/statements | SEC EDGAR Exhibit 21 | State/provincial corporate registry,Legal-form suffix does not establish shell-company status.
ENT-calpine-mid-atlantic-development,"Calpine Mid-Atlantic Development, LLC",UNRESOLVED_LEGAL_ENTITY,GLEIF LEI / Level 2 | OpenCorporates relationships/statements | SEC EDGAR Exhibit 21 | State/provincial corporate registry,Legal-form suffix does not establish shell-company status.
ENT-demeter-solar,"Demeter Solar, LLC",UNRESOLVED_LEGAL_ENTITY,GLEIF LEI / Level 2 | OpenCorporates relationships/statements | SEC EDGAR Exhibit 21 | State/provincial corporate registry,Legal-form suffix does not establish shell-company status.
ENT-turtle-rock-energy-center,"Turtle Rock Energy Center, LLC",UNRESOLVED_LEGAL_ENTITY,GLEIF LEI / Level 2 | OpenCorporates relationships/statements | SEC EDGAR Exhibit 21 | State/provincial corporate registry,Legal-form suffix does not establish shell-company status.
ENT-gransolar-texas-eleven,Gransolar Texas Eleven LLC,UNRESOLVED_LEGAL_ENTITY,GLEIF LEI / Level 2 | OpenCorporates relationships/statements | SEC EDGAR Exhibit 21 | State/provincial corporate registry,Legal-form suffix does not establish shell-company status.
ENT-edf-renewables-development,"EDF Renewables Development, Inc.",UNRESOLVED_LEGAL_ENTITY,GLEIF LEI / Level 2 | OpenCorporates relationships/statements | SEC EDGAR Exhibit 21 | State/provincial corporate registry,Legal-form suffix does not establish shell-company status.
ENT-stonewall-ess,"Stonewall ESS, LLC",UNRESOLVED_LEGAL_ENTITY,GLEIF LEI / Level 2 | OpenCorporates relationships/statements | SEC EDGAR Exhibit 21 | State/provincial corporate registry,Legal-form suffix does not establish shell-company status.
ENT-giga-texas-energy,"Giga Texas Energy, LLC",UNRESOLVED_LEGAL_ENTITY,GLEIF LEI / Level 2 | OpenCorporates relationships/statements | SEC EDGAR Exhibit 21 | State/provincial corporate registry,Legal-form suffix does not establish shell-company status.
ENT-asb1,"ASB1, LLC",UNRESOLVED_LEGAL_ENTITY,GLEIF LEI / Level 2 | OpenCorporates relationships/statements | SEC EDGAR Exhibit 21 | State/provincial corporate registry,Legal-form suffix does not establish shell-company status.
ENT-tx-bess-a,TX BESS A LLC,UNRESOLVED_LEGAL_ENTITY,GLEIF LEI / Level 2 | OpenCorporates relationships/statements | SEC EDGAR Exhibit 21 | State/provincial corporate registry,Legal-form suffix does not establish shell-company status.
ENT-abei-energy-green-xi,Abei Energy Green XI LLC,UNRESOLVED_LEGAL_ENTITY,GLEIF LEI / Level 2 | OpenCorporates relationships/statements | SEC EDGAR Exhibit 21 | State/provincial corporate registry,Legal-form suffix does not establish shell-company status.
ENT-white-wing-solar,"White Wing Solar, LLC",UNRESOLVED_LEGAL_ENTITY,GLEIF LEI / Level 2 | OpenCorporates relationships/statements | SEC EDGAR Exhibit 21 | State/provincial corporate registry,Legal-form suffix does not establish shell-company status.
ENT-brp-octans-bess,BRP OCTANS BESS LLC,UNRESOLVED_LEGAL_ENTITY,GLEIF LEI / Level 2 | OpenCorporates relationships/statements | SEC EDGAR Exhibit 21 | State/provincial corporate registry,Legal-form suffix does not establish shell-company status.
ENT-silverbell-energy-center,"Silverbell Energy Center, LLC",UNRESOLVED_LEGAL_ENTITY,GLEIF LEI / Level 2 | OpenCorporates relationships/statements | SEC EDGAR Exhibit 21 | State/provincial corporate registry,Legal-form suffix does not establish shell-company status.
ENT-alamo-city-ess,ALAMO CITY ESS LLC,UNRESOLVED_LEGAL_ENTITY,GLEIF LEI / Level 2 | OpenCorporates relationships/statements | SEC EDGAR Exhibit 21 | State/provincial corporate registry,Legal-form suffix does not establish shell-company status.
ENT-salazar-energy-storage,Salazar Energy Storage LLC,UNRESOLVED_LEGAL_ENTITY,GLEIF LEI / Level 2 | OpenCorporates relationships/statements | SEC EDGAR Exhibit 21 | State/provincial corporate registry,Legal-form suffix does not establish shell-company status.
ENT-san-gabriel-solar,San Gabriel Solar LLC,UNRESOLVED_LEGAL_ENTITY,GLEIF LEI / Level 2 | OpenCorporates relationships/statements | SEC EDGAR Exhibit 21 | State/provincial corporate registry,Legal-form suffix does not establish shell-company status.
ENT-solar-star-north-herty-storage,"Solar Star North Herty Storage, LLC",UNRESOLVED_LEGAL_ENTITY,GLEIF LEI / Level 2 | OpenCorporates relationships/statements | SEC EDGAR Exhibit 21 | State/provincial corporate registry,Legal-form suffix does not establish shell-company status.
ENT-bt-wilson-storage,"BT Wilson Storage, LLC",UNRESOLVED_LEGAL_ENTITY,GLEIF LEI / Level 2 | OpenCorporates relationships/statements | SEC EDGAR Exhibit 21 | State/provincial corporate registry,Legal-form suffix does not establish shell-company status.
ENT-gci-wolf-energy-storage,"GCI Wolf Energy Storage, LLC",UNRESOLVED_LEGAL_ENTITY,GLEIF LEI / Level 2 | OpenCorporates relationships/statements | SEC EDGAR Exhibit 21 | State/provincial corporate registry,Legal-form suffix does not establish shell-company status.
ENT-bordas-renewable-energy,"Bordas Renewable Energy, LLC",UNRESOLVED_LEGAL_ENTITY,GLEIF LEI / Level 2 | OpenCorporates relationships/statements | SEC EDGAR Exhibit 21 | State/provincial corporate registry,Legal-form suffix does not establish shell-company status.
ENT-momentum-hazy-jane,"MOMENTUM HAZY JANE, LLC",UNRESOLVED_LEGAL_ENTITY,GLEIF LEI / Level 2 | OpenCorporates relationships/statements | SEC EDGAR Exhibit 21 | State/provincial corporate registry,Legal-form suffix does not establish shell-company status.
ENT-saluga-ranch-energy,"Saluga Ranch Energy, LLC",UNRESOLVED_LEGAL_ENTITY,GLEIF LEI / Level 2 | OpenCorporates relationships/statements | SEC EDGAR Exhibit 21 | State/provincial corporate registry,Legal-form suffix does not establish shell-company status.
ENT-houston-ess,"Houston ESS, LLC",UNRESOLVED_LEGAL_ENTITY,GLEIF LEI / Level 2 | OpenCorporates relationships/statements | SEC EDGAR Exhibit 21 | State/provincial corporate registry,Legal-form suffix does not establish shell-company status.
ENT-smith-ii-battery-storage,"Smith II Battery Storage, LLC",UNRESOLVED_LEGAL_ENTITY,GLEIF LEI / Level 2 | OpenCorporates relationships/statements | SEC EDGAR Exhibit 21 | State/provincial corporate registry,Legal-form suffix does not establish shell-company status.
ENT-dove-wing-energy-center,"Dove Wing Energy Center, LLC",UNRESOLVED_LEGAL_ENTITY,GLEIF LEI / Level 2 | OpenCorporates relationships/statements | SEC EDGAR Exhibit 21 | State/provincial corporate registry,Legal-form suffix does not establish shell-company status.
ENT-lupinus-solar-2,"Lupinus Solar 2, LLC",UNRESOLVED_LEGAL_ENTITY,GLEIF LEI / Level 2 | OpenCorporates relationships/statements | SEC EDGAR Exhibit 21 | State/provincial corporate registry,Legal-form suffix does not establish shell-company status.
ENT-backbone-creek-bess,Backbone Creek BESS LLC,UNRESOLVED_LEGAL_ENTITY,GLEIF LEI / Level 2 | OpenCorporates relationships/statements | SEC EDGAR Exhibit 21 | State/provincial corporate registry,Legal-form suffix does not establish shell-company status.
ENT-sleepy-hollow-bess,"Sleepy Hollow BESS, LLC",UNRESOLVED_LEGAL_ENTITY,GLEIF LEI / Level 2 | OpenCorporates relationships/statements | SEC EDGAR Exhibit 21 | State/provincial corporate registry,Legal-form suffix does not establish shell-company status.
ENT-atascosa-bess,"Atascosa BESS, LLC",UNRESOLVED_LEGAL_ENTITY,GLEIF LEI / Level 2 | OpenCorporates relationships/statements | SEC EDGAR Exhibit 21 | State/provincial corporate registry,Legal-form suffix does not establish shell-company status.
ENT-signal-hill-generating,Signal Hill Generating LLC,UNRESOLVED_LEGAL_ENTITY,GLEIF LEI / Level 2 | OpenCorporates relationships/statements | SEC EDGAR Exhibit 21 | State/provincial corporate registry,Legal-form suffix does not establish shell-company status.
ENT-east-west-energy-storage,"East West Energy Storage, LLC",UNRESOLVED_LEGAL_ENTITY,GLEIF LEI / Level 2 | OpenCorporates relationships/statements | SEC EDGAR Exhibit 21 | State/provincial corporate registry,Legal-form suffix does not establish shell-company status.
ENT-prairie-blossom-storage,"Prairie Blossom Storage, LLC",UNRESOLVED_LEGAL_ENTITY,GLEIF LEI / Level 2 | OpenCorporates relationships/statements | SEC EDGAR Exhibit 21 | State/provincial corporate registry,Legal-form suffix does not establish shell-company status.
ENT-sayle-storage,Sayle Storage LLC,UNRESOLVED_LEGAL_ENTITY,GLEIF LEI / Level 2 | OpenCorporates relationships/statements | SEC EDGAR Exhibit 21 | State/provincial corporate registry,Legal-form suffix does not establish shell-company status.
ENT-brp-ampato-bess,BRP Ampato BESS LLC,UNRESOLVED_LEGAL_ENTITY,GLEIF LEI / Level 2 | OpenCorporates relationships/statements | SEC EDGAR Exhibit 21 | State/provincial corporate registry,Legal-form suffix does not establish shell-company status.
ENT-ch-neal-battery,CH Neal Battery LLC,UNRESOLVED_LEGAL_ENTITY,GLEIF LEI / Level 2 | OpenCorporates relationships/statements | SEC EDGAR Exhibit 21 | State/provincial corporate registry,Legal-form suffix does not establish shell-company status.
ENT-fairway-storage,Fairway Storage LLC,UNRESOLVED_LEGAL_ENTITY,GLEIF LEI / Level 2 | OpenCorporates relationships/statements | SEC EDGAR Exhibit 21 | State/provincial corporate registry,Legal-form suffix does not establish shell-company status.
ENT-nextera-energy-resources-interconnection,"NextEra Energy Resources Interconnection Holdings, LLC",UNRESOLVED_LEGAL_ENTITY,GLEIF LEI / Level 2 | OpenCorporates relationships/statements | SEC EDGAR Exhibit 21 | State/provincial corporate registry,Legal-form suffix does not establish shell-company status.
ENT-lighthouse-bethlehem,"Lighthouse Bethlehem, LLC",UNRESOLVED_LEGAL_ENTITY,GLEIF LEI / Level 2 | OpenCorporates relationships/statements | SEC EDGAR Exhibit 21 | State/provincial corporate registry,Legal-form suffix does not establish shell-company status.
ENT-haskell-county-bess,Haskell County BESS LLC,UNRESOLVED_LEGAL_ENTITY,GLEIF LEI / Level 2 | OpenCorporates relationships/statements | SEC EDGAR Exhibit 21 | State/provincial corporate registry,Legal-form suffix does not establish shell-company status.
ENT-francitas-renewables,Francitas Renewables LLC,UNRESOLVED_LEGAL_ENTITY,GLEIF LEI / Level 2 | OpenCorporates relationships/statements | SEC EDGAR Exhibit 21 | State/provincial corporate registry,Legal-form suffix does not establish shell-company status.
ENT-waterloo-bess,"Waterloo BESS, LLC",UNRESOLVED_LEGAL_ENTITY,GLEIF LEI / Level 2 | OpenCorporates relationships/statements | SEC EDGAR Exhibit 21 | State/provincial corporate registry,Legal-form suffix does not establish shell-company status.
ENT-big-elm-storage,"Big Elm Storage, LLC",UNRESOLVED_LEGAL_ENTITY,GLEIF LEI / Level 2 | OpenCorporates relationships/statements | SEC EDGAR Exhibit 21 | State/provincial corporate registry,Legal-form suffix does not establish shell-company status.
ENT-rwe-solar-developement,"RWE Solar Developement, LLC",UNRESOLVED_LEGAL_ENTITY,GLEIF LEI / Level 2 | OpenCorporates relationships/statements | SEC EDGAR Exhibit 21 | State/provincial corporate registry,Legal-form suffix does not establish shell-company status.
ENT-rosharon-bess,Rosharon BESS LLC,UNRESOLVED_LEGAL_ENTITY,GLEIF LEI / Level 2 | OpenCorporates relationships/statements | SEC EDGAR Exhibit 21 | State/provincial corporate registry,Legal-form suffix does not establish shell-company status.
ENT-weatherford-bess,Weatherford BESS LLC,UNRESOLVED_LEGAL_ENTITY,GLEIF LEI / Level 2 | OpenCorporates relationships/statements | SEC EDGAR Exhibit 21 | State/provincial corporate registry,Legal-form suffix does not establish shell-company status.
ENT-grs-bess-texas-eight,GRS BESS Texas Eight LLC,UNRESOLVED_LEGAL_ENTITY,GLEIF LEI / Level 2 | OpenCorporates relationships/statements | SEC EDGAR Exhibit 21 | State/provincial corporate registry,Legal-form suffix does not establish shell-company status.
ENT-velado-solar,"Velado Solar, LLC",UNRESOLVED_LEGAL_ENTITY,GLEIF LEI / Level 2 | OpenCorporates relationships/statements | SEC EDGAR Exhibit 21 | State/provincial corporate registry,Legal-form suffix does not establish shell-company status.
ENT-gransolar-texas-five,Gransolar Texas Five LLC,UNRESOLVED_LEGAL_ENTITY,GLEIF LEI / Level 2 | OpenCorporates relationships/statements | SEC EDGAR Exhibit 21 | State/provincial corporate registry,Legal-form suffix does not establish shell-company status.
ENT-holtsville-energy-storage,"Holtsville Energy Storage, LLC",UNRESOLVED_LEGAL_ENTITY,GLEIF LEI / Level 2 | OpenCorporates relationships/statements | SEC EDGAR Exhibit 21 | State/provincial corporate registry,Legal-form suffix does not establish shell-company status.
ENT-smt-harlingen-iii,SMT Harlingen III LLC,UNRESOLVED_LEGAL_ENTITY,GLEIF LEI / Level 2 | OpenCorporates relationships/statements | SEC EDGAR Exhibit 21 | State/provincial corporate registry,Legal-form suffix does not establish shell-company status.
ENT-georgia-lynn-bess,Georgia Lynn BESS LLC,UNRESOLVED_LEGAL_ENTITY,GLEIF LEI / Level 2 | OpenCorporates relationships/statements | SEC EDGAR Exhibit 21 | State/provincial corporate registry,Legal-form suffix does not establish shell-company status.
ENT-century-gas-processing,"CENTURY GAS PROCESSING, LLC",UNRESOLVED_LEGAL_ENTITY,GLEIF LEI / Level 2 | OpenCorporates relationships/statements | SEC EDGAR Exhibit 21 | State/provincial corporate registry,Legal-form suffix does not establish shell-company status.
ENT-rain-lily-storage-one,"Rain Lily Storage One, LLC",UNRESOLVED_LEGAL_ENTITY,GLEIF LEI / Level 2 | OpenCorporates relationships/statements | SEC EDGAR Exhibit 21 | State/provincial corporate registry,Legal-form suffix does not establish shell-company status.
ENT-friendswood-energy-storage,Friendswood Energy Storage LLC,UNRESOLVED_LEGAL_ENTITY,GLEIF LEI / Level 2 | OpenCorporates relationships/statements | SEC EDGAR Exhibit 21 | State/provincial corporate registry,Legal-form suffix does not establish shell-company status.
ENT-flying-kite-bess,"Flying Kite BESS, LLC",UNRESOLVED_LEGAL_ENTITY,GLEIF LEI / Level 2 | OpenCorporates relationships/statements | SEC EDGAR Exhibit 21 | State/provincial corporate registry,Legal-form suffix does not establish shell-company status.
ENT-j-and-j-solar-ranch,J&J Solar Ranch LLC,UNRESOLVED_LEGAL_ENTITY,GLEIF LEI / Level 2 | OpenCorporates relationships/statements | SEC EDGAR Exhibit 21 | State/provincial corporate registry,Legal-form suffix does not establish shell-company status.
ENT-mills-tx-solar,Mills Tx Solar LLC,UNRESOLVED_LEGAL_ENTITY,GLEIF LEI / Level 2 | OpenCorporates relationships/statements | SEC EDGAR Exhibit 21 | State/provincial corporate registry,Legal-form suffix does not establish shell-company status.
ENT-aurora-solar,Aurora Solar LLC,UNRESOLVED_LEGAL_ENTITY,GLEIF LEI / Level 2 | OpenCorporates relationships/statements | SEC EDGAR Exhibit 21 | State/provincial corporate registry,Legal-form suffix does not establish shell-company status.
ENT-rosula-storage,Rosula Storage LLC,UNRESOLVED_LEGAL_ENTITY,GLEIF LEI / Level 2 | OpenCorporates relationships/statements | SEC EDGAR Exhibit 21 | State/provincial corporate registry,Legal-form suffix does not establish shell-company status.
ENT-elawan-neutron-storage,"Elawan Neutron Storage, LLC",UNRESOLVED_LEGAL_ENTITY,GLEIF LEI / Level 2 | OpenCorporates relationships/statements | SEC EDGAR Exhibit 21 | State/provincial corporate registry,Legal-form suffix does not establish shell-company status.
ENT-young-county-energy-storage,Young County Energy Storage LLC,UNRESOLVED_LEGAL_ENTITY,GLEIF LEI / Level 2 | OpenCorporates relationships/statements | SEC EDGAR Exhibit 21 | State/provincial corporate registry,Legal-form suffix does not establish shell-company status.
ENT-stargazer-solar,Stargazer Solar LLC,UNRESOLVED_LEGAL_ENTITY,GLEIF LEI / Level 2 | OpenCorporates relationships/statements | SEC EDGAR Exhibit 21 | State/provincial corporate registry,Legal-form suffix does not establish shell-company status.
ENT-tx-bess-5,"TX BESS 5, LLC",UNRESOLVED_LEGAL_ENTITY,GLEIF LEI / Level 2 | OpenCorporates relationships/statements | SEC EDGAR Exhibit 21 | State/provincial corporate registry,Legal-form suffix does not establish shell-company status.
ENT-burnet-county,Burnet County LLC,UNRESOLVED_LEGAL_ENTITY,GLEIF LEI / Level 2 | OpenCorporates relationships/statements | SEC EDGAR Exhibit 21 | State/provincial corporate registry,Legal-form suffix does not establish shell-company status.
ENT-crandall-bess,Crandall BESS LLC,UNRESOLVED_LEGAL_ENTITY,GLEIF LEI / Level 2 | OpenCorporates relationships/statements | SEC EDGAR Exhibit 21 | State/provincial corporate registry,Legal-form suffix does not establish shell-company status.
ENT-quanah-bess,Quanah BESS LLC,UNRESOLVED_LEGAL_ENTITY,GLEIF LEI / Level 2 | OpenCorporates relationships/statements | SEC EDGAR Exhibit 21 | State/provincial corporate registry,Legal-form suffix does not establish shell-company status.
ENT-anawa-la-solar,Anawa La Solar LLC,UNRESOLVED_LEGAL_ENTITY,GLEIF LEI / Level 2 | OpenCorporates relationships/statements | SEC EDGAR Exhibit 21 | State/provincial corporate registry,Legal-form suffix does not establish shell-company status.
ENT-piedra-solar,"Piedra Solar, LLC",UNRESOLVED_LEGAL_ENTITY,GLEIF LEI / Level 2 | OpenCorporates relationships/statements | SEC EDGAR Exhibit 21 | State/provincial corporate registry,Legal-form suffix does not establish shell-company status.
ENT-raven-storage,"Raven Storage, LLC",UNRESOLVED_LEGAL_ENTITY,GLEIF LEI / Level 2 | OpenCorporates relationships/statements | SEC EDGAR Exhibit 21 | State/provincial corporate registry,Legal-form suffix does not establish shell-company status.
ENT-kce-tx-28,"KCE TX 28, LLC",UNRESOLVED_LEGAL_ENTITY,GLEIF LEI / Level 2 | OpenCorporates relationships/statements | SEC EDGAR Exhibit 21 | State/provincial corporate registry,Legal-form suffix does not establish shell-company status.
ENT-dgc-renewables,"DGC Renewables, LLC",UNRESOLVED_LEGAL_ENTITY,GLEIF LEI / Level 2 | OpenCorporates relationships/statements | SEC EDGAR Exhibit 21 | State/provincial corporate registry,Legal-form suffix does not establish shell-company status.
ENT-diamond-b-storage,"Diamond B Storage, LLC",UNRESOLVED_LEGAL_ENTITY,GLEIF LEI / Level 2 | OpenCorporates relationships/statements | SEC EDGAR Exhibit 21 | State/provincial corporate registry,Legal-form suffix does not establish shell-company status.
ENT-post-trail-energy,"Post Trail Energy, LLC",UNRESOLVED_LEGAL_ENTITY,GLEIF LEI / Level 2 | OpenCorporates relationships/statements | SEC EDGAR Exhibit 21 | State/provincial corporate registry,Legal-form suffix does not establish shell-company status.
ENT-pequin-energy-storage,"Pequin Energy Storage, LLC",UNRESOLVED_LEGAL_ENTITY,GLEIF LEI / Level 2 | OpenCorporates relationships/statements | SEC EDGAR Exhibit 21 | State/provincial corporate registry,Legal-form suffix does not establish shell-company status.
ENT-rio-vista-storage,"Rio Vista Storage, LLC",UNRESOLVED_LEGAL_ENTITY,GLEIF LEI / Level 2 | OpenCorporates relationships/statements | SEC EDGAR Exhibit 21 | State/provincial corporate registry,Legal-form suffix does not establish shell-company status.
ENT-three-ranches-energy,Three Ranches Energy LLC,UNRESOLVED_LEGAL_ENTITY,GLEIF LEI / Level 2 | OpenCorporates relationships/statements | SEC EDGAR Exhibit 21 | State/provincial corporate registry,Legal-form suffix does not establish shell-company status.
ENT-gatsby-energy-storage,Gatsby Energy Storage LLC,UNRESOLVED_LEGAL_ENTITY,GLEIF LEI / Level 2 | OpenCorporates relationships/statements | SEC EDGAR Exhibit 21 | State/provincial corporate registry,Legal-form suffix does not establish shell-company status.
ENT-coyote-ridge-storage,"Coyote Ridge Storage, LLC",UNRESOLVED_LEGAL_ENTITY,GLEIF LEI / Level 2 | OpenCorporates relationships/statements | SEC EDGAR Exhibit 21 | State/provincial corporate registry,Legal-form suffix does not establish shell-company status.
ENT-hyacinth-storage,"Hyacinth Storage, LLC",UNRESOLVED_LEGAL_ENTITY,GLEIF LEI / Level 2 | OpenCorporates relationships/statements | SEC EDGAR Exhibit 21 | State/provincial corporate registry,Legal-form suffix does not establish shell-company status.
ENT-brp-diran-bess,BRP Diran BESS LLC,UNRESOLVED_LEGAL_ENTITY,GLEIF LEI / Level 2 | OpenCorporates relationships/statements | SEC EDGAR Exhibit 21 | State/provincial corporate registry,Legal-form suffix does not establish shell-company status.
ENT-appaloosa-run-storage,"APPALOOSA RUN STORAGE, LLC",UNRESOLVED_LEGAL_ENTITY,GLEIF LEI / Level 2 | OpenCorporates relationships/statements | SEC EDGAR Exhibit 21 | State/provincial corporate registry,Legal-form suffix does not establish shell-company status.
ENT-evans-creek-energy-storage,Evans Creek Energy Storage LLC,UNRESOLVED_LEGAL_ENTITY,GLEIF LEI / Level 2 | OpenCorporates relationships/statements | SEC EDGAR Exhibit 21 | State/provincial corporate registry,Legal-form suffix does not establish shell-company status.
ENT-wisdom-green-energy,Wisdom Green Energy LLC,UNRESOLVED_LEGAL_ENTITY,GLEIF LEI / Level 2 | OpenCorporates relationships/statements | SEC EDGAR Exhibit 21 | State/provincial corporate registry,Legal-form suffix does not establish shell-company status.
ENT-massey-storage,"Massey Storage, LLC",UNRESOLVED_LEGAL_ENTITY,GLEIF LEI / Level 2 | OpenCorporates relationships/statements | SEC EDGAR Exhibit 21 | State/provincial corporate registry,Legal-form suffix does not establish shell-company status.
ENT-third-coast-bess,Third Coast BESS LLC,UNRESOLVED_LEGAL_ENTITY,GLEIF LEI / Level 2 | OpenCorporates relationships/statements | SEC EDGAR Exhibit 21 | State/provincial corporate registry,Legal-form suffix does not establish shell-company status.
ENT-vesi-49,VESI 49 LLC,UNRESOLVED_LEGAL_ENTITY,GLEIF LEI / Level 2 | OpenCorporates relationships/statements | SEC EDGAR Exhibit 21 | State/provincial corporate registry,Legal-form suffix does not establish shell-company status.
ENT-hide-town-energy-storage,Hide Town Energy Storage LLC,UNRESOLVED_LEGAL_ENTITY,GLEIF LEI / Level 2 | OpenCorporates relationships/statements | SEC EDGAR Exhibit 21 | State/provincial corporate registry,Legal-form suffix does not establish shell-company status.
ENT-fitzroy-bess,Fitzroy BESS Inc.,UNRESOLVED_LEGAL_ENTITY,GLEIF LEI / Level 2 | OpenCorporates relationships/statements | SEC EDGAR Exhibit 21 | State/provincial corporate registry,Legal-form suffix does not establish shell-company status.
ENT-tx-bess-6,"TX BESS 6, LLC",UNRESOLVED_LEGAL_ENTITY,GLEIF LEI / Level 2 | OpenCorporates relationships/statements | SEC EDGAR Exhibit 21 | State/provincial corporate registry,Legal-form suffix does not establish shell-company status.
ENT-bt-amador-storage,"BT Amador Storage, LLC",UNRESOLVED_LEGAL_ENTITY,GLEIF LEI / Level 2 | OpenCorporates relationships/statements | SEC EDGAR Exhibit 21 | State/provincial corporate registry,Legal-form suffix does not establish shell-company status.
ENT-bluff-creek-energy-storage,Bluff Creek Energy Storage LLC,UNRESOLVED_LEGAL_ENTITY,GLEIF LEI / Level 2 | OpenCorporates relationships/statements | SEC EDGAR Exhibit 21 | State/provincial corporate registry,Legal-form suffix does not establish shell-company status.
ENT-tx-bess-3,TX BESS 3 LLC,UNRESOLVED_LEGAL_ENTITY,GLEIF LEI / Level 2 | OpenCorporates relationships/statements | SEC EDGAR Exhibit 21 | State/provincial corporate registry,Legal-form suffix does not establish shell-company status.
ENT-balcones-ridge-resiliency-ii,Balcones Ridge Resiliency II LLC,UNRESOLVED_LEGAL_ENTITY,GLEIF LEI / Level 2 | OpenCorporates relationships/statements | SEC EDGAR Exhibit 21 | State/provincial corporate registry,Legal-form suffix does not establish shell-company status.
ENT-balcones-ridge-resiliency-iii,Balcones Ridge Resiliency III LLC,UNRESOLVED_LEGAL_ENTITY,GLEIF LEI / Level 2 | OpenCorporates relationships/statements | SEC EDGAR Exhibit 21 | State/provincial corporate registry,Legal-form suffix does not establish shell-company status.
ENT-balcones-ridge-resiliency,Balcones Ridge Resiliency LLC,UNRESOLVED_LEGAL_ENTITY,GLEIF LEI / Level 2 | OpenCorporates relationships/statements | SEC EDGAR Exhibit 21 | State/provincial corporate registry,Legal-form suffix does not establish shell-company status.
ENT-roxton-solar,"Roxton Solar, LLC",UNRESOLVED_LEGAL_ENTITY,GLEIF LEI / Level 2 | OpenCorporates relationships/statements | SEC EDGAR Exhibit 21 | State/provincial corporate registry,Legal-form suffix does not establish shell-company status.
ENT-pamela-heights-i-energy-center,Pamela heights I Energy Center LLC,UNRESOLVED_LEGAL_ENTITY,GLEIF LEI / Level 2 | OpenCorporates relationships/statements | SEC EDGAR Exhibit 21 | State/provincial corporate registry,Legal-form suffix does not establish shell-company status.
ENT-rose-quartz-bess,"Rose Quartz BESS, LLC",UNRESOLVED_LEGAL_ENTITY,GLEIF LEI / Level 2 | OpenCorporates relationships/statements | SEC EDGAR Exhibit 21 | State/provincial corporate registry,Legal-form suffix does not establish shell-company status.
ENT-pisgah-ridge-3,"Pisgah Ridge 3, LLC",UNRESOLVED_LEGAL_ENTITY,GLEIF LEI / Level 2 | OpenCorporates relationships/statements | SEC EDGAR Exhibit 21 | State/provincial corporate registry,Legal-form suffix does not establish shell-company status.
ENT-gci-pinnacle-point,"GCI Pinnacle Point, LLC",UNRESOLVED_LEGAL_ENTITY,GLEIF LEI / Level 2 | OpenCorporates relationships/statements | SEC EDGAR Exhibit 21 | State/provincial corporate registry,Legal-form suffix does not establish shell-company status.
ENT-kinney-county-energy,"Kinney County Energy,  LLC",UNRESOLVED_LEGAL_ENTITY,GLEIF LEI / Level 2 | OpenCorporates relationships/statements | SEC EDGAR Exhibit 21 | State/provincial corporate registry,Legal-form suffix does not establish shell-company status.
ENT-southside-energy,"Southside Energy, LLC",UNRESOLVED_LEGAL_ENTITY,GLEIF LEI / Level 2 | OpenCorporates relationships/statements | SEC EDGAR Exhibit 21 | State/provincial corporate registry,Legal-form suffix does not establish shell-company status.
ENT-hynes-bay-energy-storage,"Hynes Bay Energy Storage, LLC",UNRESOLVED_LEGAL_ENTITY,GLEIF LEI / Level 2 | OpenCorporates relationships/statements | SEC EDGAR Exhibit 21 | State/provincial corporate registry,Legal-form suffix does not establish shell-company status.
ENT-blue-creek-energy-storage,"Blue Creek Energy Storage, LLC",UNRESOLVED_LEGAL_ENTITY,GLEIF LEI / Level 2 | OpenCorporates relationships/statements | SEC EDGAR Exhibit 21 | State/provincial corporate registry,Legal-form suffix does not establish shell-company status.
ENT-hadrian-energy-storage,"Hadrian Energy Storage, LLC",UNRESOLVED_LEGAL_ENTITY,GLEIF LEI / Level 2 | OpenCorporates relationships/statements | SEC EDGAR Exhibit 21 | State/provincial corporate registry,Legal-form suffix does not establish shell-company status.
ENT-lyford-energy,"Lyford Energy, LLC",UNRESOLVED_LEGAL_ENTITY,GLEIF LEI / Level 2 | OpenCorporates relationships/statements | SEC EDGAR Exhibit 21 | State/provincial corporate registry,Legal-form suffix does not establish shell-company status.
ENT-solar-star-frontier-bess,"Solar Star Frontier BESS, LLC",UNRESOLVED_LEGAL_ENTITY,GLEIF LEI / Level 2 | OpenCorporates relationships/statements | SEC EDGAR Exhibit 21 | State/provincial corporate registry,Legal-form suffix does not establish shell-company status.
ENT-las-moras-storage,"Las Moras Storage, LLC",UNRESOLVED_LEGAL_ENTITY,GLEIF LEI / Level 2 | OpenCorporates relationships/statements | SEC EDGAR Exhibit 21 | State/provincial corporate registry,Legal-form suffix does not establish shell-company status.
ENT-long-mount-storage,"Long Mount Storage, LLC",UNRESOLVED_LEGAL_ENTITY,GLEIF LEI / Level 2 | OpenCorporates relationships/statements | SEC EDGAR Exhibit 21 | State/provincial corporate registry,Legal-form suffix does not establish shell-company status.
ENT-glasgow-solar,Glasgow Solar LLC,UNRESOLVED_LEGAL_ENTITY,GLEIF LEI / Level 2 | OpenCorporates relationships/statements | SEC EDGAR Exhibit 21 | State/provincial corporate registry,Legal-form suffix does not establish shell-company status.
ENT-bt-sandford-solar,"BT Sandford Solar, LLC",UNRESOLVED_LEGAL_ENTITY,GLEIF LEI / Level 2 | OpenCorporates relationships/statements | SEC EDGAR Exhibit 21 | State/provincial corporate registry,Legal-form suffix does not establish shell-company status.
ENT-aih-texas-acquisitions,"AIH Texas Acquisitions, LLC",UNRESOLVED_LEGAL_ENTITY,GLEIF LEI / Level 2 | OpenCorporates relationships/statements | SEC EDGAR Exhibit 21 | State/provincial corporate registry,Legal-form suffix does not establish shell-company status.
ENT-hondo-creek-solar,"Hondo Creek Solar, LLC",UNRESOLVED_LEGAL_ENTITY,GLEIF LEI / Level 2 | OpenCorporates relationships/statements | SEC EDGAR Exhibit 21 | State/provincial corporate registry,Legal-form suffix does not establish shell-company status.
ENT-huisache-solar,"Huisache Solar, LLC",UNRESOLVED_LEGAL_ENTITY,GLEIF LEI / Level 2 | OpenCorporates relationships/statements | SEC EDGAR Exhibit 21 | State/provincial corporate registry,Legal-form suffix does not establish shell-company status.
ENT-dolce-bess,"Dolce BESS, LLC",UNRESOLVED_LEGAL_ENTITY,GLEIF LEI / Level 2 | OpenCorporates relationships/statements | SEC EDGAR Exhibit 21 | State/provincial corporate registry,Legal-form suffix does not establish shell-company status.
ENT-rutile-bess,"Rutile BESS, LLC",UNRESOLVED_LEGAL_ENTITY,GLEIF LEI / Level 2 | OpenCorporates relationships/statements | SEC EDGAR Exhibit 21 | State/provincial corporate registry,Legal-form suffix does not establish shell-company status.
ENT-long-point-storage,"Long Point Storage, LLC",UNRESOLVED_LEGAL_ENTITY,GLEIF LEI / Level 2 | OpenCorporates relationships/statements | SEC EDGAR Exhibit 21 | State/provincial corporate registry,Legal-form suffix does not establish shell-company status.
ENT-mobee-springs,"Mobee Springs, LLC",UNRESOLVED_LEGAL_ENTITY,GLEIF LEI / Level 2 | OpenCorporates relationships/statements | SEC EDGAR Exhibit 21 | State/provincial corporate registry,Legal-form suffix does not establish shell-company status.
ENT-sugarloaf-clean-energy,Sugarloaf Clean Energy LLC,UNRESOLVED_LEGAL_ENTITY,GLEIF LEI / Level 2 | OpenCorporates relationships/statements | SEC EDGAR Exhibit 21 | State/provincial corporate registry,Legal-form suffix does not establish shell-company status.
ENT-kce-tx-26,"KCE TX 26, LLC",UNRESOLVED_LEGAL_ENTITY,GLEIF LEI / Level 2 | OpenCorporates relationships/statements | SEC EDGAR Exhibit 21 | State/provincial corporate registry,Legal-form suffix does not establish shell-company status.
ENT-sagewood-bess,"Sagewood BESS, LLC",UNRESOLVED_LEGAL_ENTITY,GLEIF LEI / Level 2 | OpenCorporates relationships/statements | SEC EDGAR Exhibit 21 | State/provincial corporate registry,Legal-form suffix does not establish shell-company status.
ENT-felix-1,"Felix 1, LLC",UNRESOLVED_LEGAL_ENTITY,GLEIF LEI / Level 2 | OpenCorporates relationships/statements | SEC EDGAR Exhibit 21 | State/provincial corporate registry,Legal-form suffix does not establish shell-company status.
ENT-brp-musca-bess,BRP Musca BESS LLC,UNRESOLVED_LEGAL_ENTITY,GLEIF LEI / Level 2 | OpenCorporates relationships/statements | SEC EDGAR Exhibit 21 | State/provincial corporate registry,Legal-form suffix does not establish shell-company status.
ENT-timberline-renewables,"Timberline Renewables, LLC",UNRESOLVED_LEGAL_ENTITY,GLEIF LEI / Level 2 | OpenCorporates relationships/statements | SEC EDGAR Exhibit 21 | State/provincial corporate registry,Legal-form suffix does not establish shell-company status.
ENT-bt-dj4m-solar,"BT DJ4M Solar, LLC",UNRESOLVED_LEGAL_ENTITY,GLEIF LEI / Level 2 | OpenCorporates relationships/statements | SEC EDGAR Exhibit 21 | State/provincial corporate registry,Legal-form suffix does not establish shell-company status.
ENT-cobra-clean-energy-center,Cobra Clean Energy Center LLC,UNRESOLVED_LEGAL_ENTITY,GLEIF LEI / Level 2 | OpenCorporates relationships/statements | SEC EDGAR Exhibit 21 | State/provincial corporate registry,Legal-form suffix does not establish shell-company status.
ENT-ariji-bess,"Ariji BESS, LLC",UNRESOLVED_LEGAL_ENTITY,GLEIF LEI / Level 2 | OpenCorporates relationships/statements | SEC EDGAR Exhibit 21 | State/provincial corporate registry,Legal-form suffix does not establish shell-company status.
ENT-east-river-ess,"East River ESS, LLC",UNRESOLVED_LEGAL_ENTITY,GLEIF LEI / Level 2 | OpenCorporates relationships/statements | SEC EDGAR Exhibit 21 | State/provincial corporate registry,Legal-form suffix does not establish shell-company status.
ENT-gci-eastwater,"GCI Eastwater, LLC",UNRESOLVED_LEGAL_ENTITY,GLEIF LEI / Level 2 | OpenCorporates relationships/statements | SEC EDGAR Exhibit 21 | State/provincial corporate registry,Legal-form suffix does not establish shell-company status.
ENT-mn8-energy-development,MN8 Energy Development Company LLC,UNRESOLVED_LEGAL_ENTITY,GLEIF LEI / Level 2 | OpenCorporates relationships/statements | SEC EDGAR Exhibit 21 | State/provincial corporate registry,Legal-form suffix does not establish shell-company status.
ENT-zenobe-americas,Zenobe Americas Inc.,UNRESOLVED_LEGAL_ENTITY,GLEIF LEI / Level 2 | OpenCorporates relationships/statements | SEC EDGAR Exhibit 21 | State/provincial corporate registry,Legal-form suffix does not establish shell-company status.
ENT-zenobe-burns,Zenobe Burns LLC,UNRESOLVED_LEGAL_ENTITY,GLEIF LEI / Level 2 | OpenCorporates relationships/statements | SEC EDGAR Exhibit 21 | State/provincial corporate registry,Legal-form suffix does not establish shell-company status.
ENT-prologis-energy,Prologis Energy LLC,UNRESOLVED_LEGAL_ENTITY,GLEIF LEI / Level 2 | OpenCorporates relationships/statements | SEC EDGAR Exhibit 21 | State/provincial corporate registry,Legal-form suffix does not establish shell-company status.
ENT-kce-ny-34,"KCE NY 34, LLC",UNRESOLVED_LEGAL_ENTITY,GLEIF LEI / Level 2 | OpenCorporates relationships/statements | SEC EDGAR Exhibit 21 | State/provincial corporate registry,Legal-form suffix does not establish shell-company status.
ENT-redbird-bess,"Redbird BESS, LLC",UNRESOLVED_LEGAL_ENTITY,GLEIF LEI / Level 2 | OpenCorporates relationships/statements | SEC EDGAR Exhibit 21 | State/provincial corporate registry,Legal-form suffix does not establish shell-company status.
ENT-erika-solar,"Erika Solar, LLC",UNRESOLVED_LEGAL_ENTITY,GLEIF LEI / Level 2 | OpenCorporates relationships/statements | SEC EDGAR Exhibit 21 | State/provincial corporate registry,Legal-form suffix does not establish shell-company status.
ENT-palm-valley-bess,Palm Valley BESS LLC,UNRESOLVED_LEGAL_ENTITY,GLEIF LEI / Level 2 | OpenCorporates relationships/statements | SEC EDGAR Exhibit 21 | State/provincial corporate registry,Legal-form suffix does not establish shell-company status.
ENT-ardesia-storage-project,Ardesia Storage Project LLC,UNRESOLVED_LEGAL_ENTITY,GLEIF LEI / Level 2 | OpenCorporates relationships/statements | SEC EDGAR Exhibit 21 | State/provincial corporate registry,Legal-form suffix does not establish shell-company status.
ENT-iep-texas-verde-ii,"IEP Texas Verde II, llc",UNRESOLVED_LEGAL_ENTITY,GLEIF LEI / Level 2 | OpenCorporates relationships/statements | SEC EDGAR Exhibit 21 | State/provincial corporate registry,Legal-form suffix does not establish shell-company status.
ENT-bordertown-bess,Bordertown BESS LLC,UNRESOLVED_LEGAL_ENTITY,GLEIF LEI / Level 2 | OpenCorporates relationships/statements | SEC EDGAR Exhibit 21 | State/provincial corporate registry,Legal-form suffix does not establish shell-company status.
ENT-kce-tx-16,"KCE TX 16, LLC",UNRESOLVED_LEGAL_ENTITY,GLEIF LEI / Level 2 | OpenCorporates relationships/statements | SEC EDGAR Exhibit 21 | State/provincial corporate registry,Legal-form suffix does not establish shell-company status.
ENT-amazon-data-services-iad-114-iad-115,"Amazon Data Services, Inc. IAD-114 IAD-115",UNRESOLVED_LEGAL_ENTITY,GLEIF LEI / Level 2 | OpenCorporates relationships/statements | SEC EDGAR Exhibit 21 | State/provincial corporate registry,Legal-form suffix does not establish shell-company status.
ENT-qts-investment-properties-manassas,QTS Investment Properties Manassas LLC,UNRESOLVED_LEGAL_ENTITY,GLEIF LEI / Level 2 | OpenCorporates relationships/statements | SEC EDGAR Exhibit 21 | State/provincial corporate registry,Legal-form suffix does not establish shell-company status.
ENT-data-center-vint-hill,Data Center Vint Hill LLC,UNRESOLVED_LEGAL_ENTITY,GLEIF LEI / Level 2 | OpenCorporates relationships/statements | SEC EDGAR Exhibit 21 | State/provincial corporate registry,Legal-form suffix does not establish shell-company status.
ENT-cashvad-ventures,Cashvad Ventures LLC,UNRESOLVED_LEGAL_ENTITY,GLEIF LEI / Level 2 | OpenCorporates relationships/statements | SEC EDGAR Exhibit 21 | State/provincial corporate registry,Legal-form suffix does not establish shell-company status.
ENT-amazon-data-services-iad-134-135-136,Amazon Data Services Inc - IAD-134/135/136,UNRESOLVED_LEGAL_ENTITY,GLEIF LEI / Level 2 | OpenCorporates relationships/statements | SEC EDGAR Exhibit 21 | State/provincial corporate registry,Legal-form suffix does not establish shell-company status.
ENT-ntt-global-data-centers-va10,NTT Global Data Centers VA10 LLC,UNRESOLVED_LEGAL_ENTITY,GLEIF LEI / Level 2 | OpenCorporates relationships/statements | SEC EDGAR Exhibit 21 | State/provincial corporate registry,Legal-form suffix does not establish shell-company status.
ENT-digital-third-second-manassas-and-digital-carver-brickyard,"Digital Third Second Manassas, LLC & Digital Carver Brickyard, LLC",UNRESOLVED_LEGAL_ENTITY,GLEIF LEI / Level 2 | OpenCorporates relationships/statements | SEC EDGAR Exhibit 21 | State/provincial corporate registry,Legal-form suffix does not establish shell-company status.
ENT-stack-infrastructure-data-center-si-nva06a,STACK Infrastructure Data Center - SI NVA06A LLC,UNRESOLVED_LEGAL_ENTITY,GLEIF LEI / Level 2 | OpenCorporates relationships/statements | SEC EDGAR Exhibit 21 | State/provincial corporate registry,Legal-form suffix does not establish shell-company status.
ENT-vantage-data-center-va3,Vantage Data Center VA3 LLC,UNRESOLVED_LEGAL_ENTITY,GLEIF LEI / Level 2 | OpenCorporates relationships/statements | SEC EDGAR Exhibit 21 | State/provincial corporate registry,Legal-form suffix does not establish shell-company status.
ENT-amazon-data-services-iad450-cosner-tech-campus,Amazon Data Services Inc. IAD450 Cosner Tech Campus,UNRESOLVED_LEGAL_ENTITY,GLEIF LEI / Level 2 | OpenCorporates relationships/statements | SEC EDGAR Exhibit 21 | State/provincial corporate registry,Legal-form suffix does not establish shell-company status.
ENT-amazon-data-services-iad-550-louisa-reb,Amazon Data Services Inc - IAD - 550 Louisa REB,UNRESOLVED_LEGAL_ENTITY,GLEIF LEI / Level 2 | OpenCorporates relationships/statements | SEC EDGAR Exhibit 21 | State/provincial corporate registry,Legal-form suffix does not establish shell-company status.
ENT-amazon-data-services-iad-243-244-290-291-292,Amazon Data Services Inc - IAD-243/244/290/291/292,UNRESOLVED_LEGAL_ENTITY,GLEIF LEI / Level 2 | OpenCorporates relationships/statements | SEC EDGAR Exhibit 21 | State/provincial corporate registry,Legal-form suffix does not establish shell-company status.
ENT-digital-filigree,Digital Filigree LLC,UNRESOLVED_LEGAL_ENTITY,GLEIF LEI / Level 2 | OpenCorporates relationships/statements | SEC EDGAR Exhibit 21 | State/provincial corporate registry,Legal-form suffix does not establish shell-company status.
ENT-amazon-data-services-iad-180-iad-181-iad-182-and-iad-183,"Amazon Data Services Inc IAD-180, IAD-181, IAD-182, & IAD-183",UNRESOLVED_LEGAL_ENTITY,GLEIF LEI / Level 2 | OpenCorporates relationships/statements | SEC EDGAR Exhibit 21 | State/provincial corporate registry,Legal-form suffix does not establish shell-company status.
ENT-westfax-property-owner-a-westfax-4-5a,Westfax Property Owner A LP/Westfax 4-5A,UNRESOLVED_LEGAL_ENTITY,GLEIF LEI / Level 2 | OpenCorporates relationships/statements | SEC EDGAR Exhibit 21 | State/provincial corporate registry,Legal-form suffix does not establish shell-company status.
ENT-herndon-technology-partners,Herndon Technology Partners LLC,UNRESOLVED_LEGAL_ENTITY,GLEIF LEI / Level 2 | OpenCorporates relationships/statements | SEC EDGAR Exhibit 21 | State/provincial corporate registry,Legal-form suffix does not establish shell-company status.
ENT-amazon-data-services-iad-45,Amazon Data Services Inc IAD-45,UNRESOLVED_LEGAL_ENTITY,GLEIF LEI / Level 2 | OpenCorporates relationships/statements | SEC EDGAR Exhibit 21 | State/provincial corporate registry,Legal-form suffix does not establish shell-company status.
ENT-amazon-data-services-iad-170,Amazon Data Services Inc IAD-170,UNRESOLVED_LEGAL_ENTITY,GLEIF LEI / Level 2 | OpenCorporates relationships/statements | SEC EDGAR Exhibit 21 | State/provincial corporate registry,Legal-form suffix does not establish shell-company status.
ENT-vantage-data-centers-va41,Vantage Data Centers VA41 LLC,UNRESOLVED_LEGAL_ENTITY,GLEIF LEI / Level 2 | OpenCorporates relationships/statements | SEC EDGAR Exhibit 21 | State/provincial corporate registry,Legal-form suffix does not establish shell-company status.
ENT-amazon-data-services-iad-110-111-112-113,Amazon Data Services Inc IAD-110/111/112/113,UNRESOLVED_LEGAL_ENTITY,GLEIF LEI / Level 2 | OpenCorporates relationships/statements | SEC EDGAR Exhibit 21 | State/provincial corporate registry,Legal-form suffix does not establish shell-company status.
ENT-databank-data-center-culpeper,DataBank Data Center Culpeper LLC,UNRESOLVED_LEGAL_ENTITY,GLEIF LEI / Level 2 | OpenCorporates relationships/statements | SEC EDGAR Exhibit 21 | State/provincial corporate registry,Legal-form suffix does not establish shell-company status.
ENT-amazon-data-services-iad-264,Amazon Data Services Inc IAD-264,UNRESOLVED_LEGAL_ENTITY,GLEIF LEI / Level 2 | OpenCorporates relationships/statements | SEC EDGAR Exhibit 21 | State/provincial corporate registry,Legal-form suffix does not establish shell-company status.
ENT-cochran-mill-tc-2-data-center-campus-campus-a,"Cochran Mill TC 2, LLC data-center campus / Campus A",UNRESOLVED_LEGAL_ENTITY,GLEIF LEI / Level 2 | OpenCorporates relationships/statements | SEC EDGAR Exhibit 21 | State/provincial corporate registry,Legal-form suffix does not establish shell-company status.
ENT-brisbie-meta-platforms,"Brisbie, LLC (Meta Platforms, Inc.)",UNRESOLVED_LEGAL_ENTITY,GLEIF LEI / Level 2 | OpenCorporates relationships/statements | SEC EDGAR Exhibit 21 | State/provincial corporate registry,Legal-form suffix does not establish shell-company status.
ENT-1547-csr-orangeburg,1547 CSR - Orangeburg LLC,UNRESOLVED_LEGAL_ENTITY,GLEIF LEI / Level 2 | OpenCorporates relationships/statements | SEC EDGAR Exhibit 21 | State/provincial corporate registry,Legal-form suffix does not establish shell-company status.
ENT-dotier-alabama-power-electric-service-contract,Dotier LLC — Alabama Power electric-service contract,UNRESOLVED_LEGAL_ENTITY,GLEIF LEI / Level 2 | OpenCorporates relationships/statements | SEC EDGAR Exhibit 21 | State/provincial corporate registry,Legal-form suffix does not establish shell-company status.
ENT-alabama-adc-alabama-power-electric-service-contract,Alabama ADC Holdings LLC — Alabama Power electric-service contract,UNRESOLVED_LEGAL_ENTITY,GLEIF LEI / Level 2 | OpenCorporates relationships/statements | SEC EDGAR Exhibit 21 | State/provincial corporate registry,Legal-form suffix does not establish shell-company status.
ENT-woostor-alabama-power-electric-service-contract,Woostor LLC — Alabama Power electric-service contract,UNRESOLVED_LEGAL_ENTITY,GLEIF LEI / Level 2 | OpenCorporates relationships/statements | SEC EDGAR Exhibit 21 | State/provincial corporate registry,Legal-form suffix does not establish shell-company status.
ENT-nv-energy-large-load-esa-vip-landco,"NV Energy large-load ESA — VIP LANDCO, LLC",UNRESOLVED_LEGAL_ENTITY,GLEIF LEI / Level 2 | OpenCorporates relationships/statements | SEC EDGAR Exhibit 21 | State/provincial corporate registry,Legal-form suffix does not establish shell-company status.
ENT-nv-energy-large-load-esa-prologis,NV Energy large-load ESA — Prologis L.P.,UNRESOLVED_LEGAL_ENTITY,GLEIF LEI / Level 2 | OpenCorporates relationships/statements | SEC EDGAR Exhibit 21 | State/provincial corporate registry,Legal-form suffix does not establish shell-company status.
ENT-nv-energy-large-load-esa-novva-las-vegas,"NV Energy large-load ESA — Novva Las Vegas, LLC",UNRESOLVED_LEGAL_ENTITY,GLEIF LEI / Level 2 | OpenCorporates relationships/statements | SEC EDGAR Exhibit 21 | State/provincial corporate registry,Legal-form suffix does not establish shell-company status.
ENT-nv-energy-large-load-esa-proton-nlv,"NV Energy large-load ESA — Proton NLV, LLC",UNRESOLVED_LEGAL_ENTITY,GLEIF LEI / Level 2 | OpenCorporates relationships/statements | SEC EDGAR Exhibit 21 | State/provincial corporate registry,Legal-form suffix does not establish shell-company status.
ENT-nv-energy-large-load-esa-vantage-data-centers-nv11,"NV Energy large-load ESA — Vantage Data Centers NV11, LLC",UNRESOLVED_LEGAL_ENTITY,GLEIF LEI / Level 2 | OpenCorporates relationships/statements | SEC EDGAR Exhibit 21 | State/provincial corporate registry,Legal-form suffix does not establish shell-company status.
ENT-nv-energy-large-load-esa-pr-rno-property-owner-1,"NV Energy large-load ESA — PR RNO Property Owner 1, LLC",UNRESOLVED_LEGAL_ENTITY,GLEIF LEI / Level 2 | OpenCorporates relationships/statements | SEC EDGAR Exhibit 21 | State/provincial corporate registry,Legal-form suffix does not establish shell-company status.
ENT-nv-energy-large-load-esa-sv-rno-property-owner-1,"NV Energy large-load ESA — SV RNO Property Owner 1, LLC",UNRESOLVED_LEGAL_ENTITY,GLEIF LEI / Level 2 | OpenCorporates relationships/statements | SEC EDGAR Exhibit 21 | State/provincial corporate registry,Legal-form suffix does not establish shell-company status.
ENT-nv-energy-large-load-esa-amazon-data-services,"NV Energy large-load ESA — Amazon Data Services, Inc.",UNRESOLVED_LEGAL_ENTITY,GLEIF LEI / Level 2 | OpenCorporates relationships/statements | SEC EDGAR Exhibit 21 | State/provincial corporate registry,Legal-form suffix does not establish shell-company status.
ENT-aep-texas,AEP Texas Inc.,UNRESOLVED_LEGAL_ENTITY,GLEIF LEI / Level 2 | OpenCorporates relationships/statements | SEC EDGAR Exhibit 21 | State/provincial corporate registry,Legal-form suffix does not establish shell-company status.
ENT-shell-energy-europe-google,Shell Energy Europe Limited / Google,UNRESOLVED_LEGAL_ENTITY,GLEIF LEI / Level 2 | OpenCorporates relationships/statements | SEC EDGAR Exhibit 21 | State/provincial corporate registry,Legal-form suffix does not establish shell-company status.
ENT-sna-cedar-rapids-new-load-announcement,SNA LLC Cedar Rapids new-load announcement,UNRESOLVED_LEGAL_ENTITY,GLEIF LEI / Level 2 | OpenCorporates relationships/statements | SEC EDGAR Exhibit 21 | State/provincial corporate registry,Legal-form suffix does not establish shell-company status.
ENT-ferguson-enterprises,Ferguson Enterprises LLC,UNRESOLVED_LEGAL_ENTITY,GLEIF LEI / Level 2 | OpenCorporates relationships/statements | SEC EDGAR Exhibit 21 | State/provincial corporate registry,Legal-form suffix does not establish shell-company status.
ENT-quality-investment-properties-richmond-qts-data-centers,"Quality Investment Properties Richmond, LLC / QTS Data Centers",UNRESOLVED_LEGAL_ENTITY,GLEIF LEI / Level 2 | OpenCorporates relationships/statements | SEC EDGAR Exhibit 21 | State/provincial corporate registry,Legal-form suffix does not establish shell-company status.
ENT-goat-systems,Goat Systems LLC,UNRESOLVED_LEGAL_ENTITY,GLEIF LEI / Level 2 | OpenCorporates relationships/statements | SEC EDGAR Exhibit 21 | State/provincial corporate registry,Legal-form suffix does not establish shell-company status.
ENT-qts-cedar-rapids-qts-data-centers,QTS Cedar Rapids LLC / QTS Data Centers,UNRESOLVED_LEGAL_ENTITY,GLEIF LEI / Level 2 | OpenCorporates relationships/statements | SEC EDGAR Exhibit 21 | State/provincial corporate registry,Legal-form suffix does not establish shell-company status.
ENT-coreweave-compute-acquisition-ii,"CoreWeave Compute Acquisition Co. II, LLC",PARENT_LINK_PRESENT,GLEIF LEI / Level 2 | OpenCorporates relationships/statements | SEC EDGAR Exhibit 21 | State/provincial corporate registry,Legal-form suffix does not establish shell-company status.
ENT-coreweave-compute-acquisition-iii,"CoreWeave Compute Acquisition Co. III, LLC",PARENT_LINK_PRESENT,GLEIF LEI / Level 2 | OpenCorporates relationships/statements | SEC EDGAR Exhibit 21 | State/provincial corporate registry,Legal-form suffix does not establish shell-company status.
ENT-coreweave-compute-acquisition-iv,"CoreWeave Compute Acquisition Co. IV, LLC",PARENT_LINK_PRESENT,GLEIF LEI / Level 2 | OpenCorporates relationships/statements | SEC EDGAR Exhibit 21 | State/provincial corporate registry,Legal-form suffix does not establish shell-company status.
ENT-coreweave-compute-acquisition-v,"CoreWeave Compute Acquisition Co. V, LLC",PARENT_LINK_PRESENT,GLEIF LEI / Level 2 | OpenCorporates relationships/statements | SEC EDGAR Exhibit 21 | State/provincial corporate registry,Legal-form suffix does not establish shell-company status.
ENT-coreweave-compute-acquisition-vi,"CoreWeave Compute Acquisition Co. VI, LLC",PARENT_LINK_PRESENT,GLEIF LEI / Level 2 | OpenCorporates relationships/statements | SEC EDGAR Exhibit 21 | State/provincial corporate registry,Legal-form suffix does not establish shell-company status.
ENT-coreweave-uk,CoreWeave UK Limited,PARENT_LINK_PRESENT,GLEIF LEI / Level 2 | OpenCorporates relationships/statements | SEC EDGAR Exhibit 21 | State/provincial corporate registry,Legal-form suffix does not establish shell-company status.
ENT-equinix,"Equinix, Inc.",UNRESOLVED_LEGAL_ENTITY,GLEIF LEI / Level 2 | OpenCorporates relationships/statements | SEC EDGAR Exhibit 21 | State/provincial corporate registry,Legal-form suffix does not establish shell-company status.
ENT-chi-3,"CHI 3, LLC",PARENT_LINK_PRESENT,GLEIF LEI / Level 2 | OpenCorporates relationships/statements | SEC EDGAR Exhibit 21 | State/provincial corporate registry,Legal-form suffix does not establish shell-company status.
ENT-chi-3-procurement,"CHI 3 Procurement, LLC",PARENT_LINK_PRESENT,GLEIF LEI / Level 2 | OpenCorporates relationships/statements | SEC EDGAR Exhibit 21 | State/provincial corporate registry,Legal-form suffix does not establish shell-company status.
ENT-equinix-db1,Equinix (DB1) Limited,PARENT_LINK_PRESENT,GLEIF LEI / Level 2 | OpenCorporates relationships/statements | SEC EDGAR Exhibit 21 | State/provincial corporate registry,Legal-form suffix does not establish shell-company status.
ENT-iron-mountain,Iron Mountain Incorporated,UNRESOLVED_LEGAL_ENTITY,GLEIF LEI / Level 2 | OpenCorporates relationships/statements | SEC EDGAR Exhibit 21 | State/provincial corporate registry,Legal-form suffix does not establish shell-company status.
ENT-iron-mountain-data-centers,"Iron Mountain Data Centers, LLC",PARENT_LINK_PRESENT,GLEIF LEI / Level 2 | OpenCorporates relationships/statements | SEC EDGAR Exhibit 21 | State/provincial corporate registry,Legal-form suffix does not establish shell-company status.
ENT-iron-mountain-data-centers-u-s,"Iron Mountain Data Centers U.S. Holdings, LLC",PARENT_LINK_PRESENT,GLEIF LEI / Level 2 | OpenCorporates relationships/statements | SEC EDGAR Exhibit 21 | State/provincial corporate registry,Legal-form suffix does not establish shell-company status.
ENT-iron-mountain-data-centers-arizona-3,"Iron Mountain Data Centers Arizona 3, LLC",PARENT_LINK_PRESENT,GLEIF LEI / Level 2 | OpenCorporates relationships/statements | SEC EDGAR Exhibit 21 | State/provincial corporate registry,Legal-form suffix does not establish shell-company status.
ENT-iron-mountain-data-centers-virginia-3,"Iron Mountain Data Centers Virginia 3, LLC",PARENT_LINK_PRESENT,GLEIF LEI / Level 2 | OpenCorporates relationships/statements | SEC EDGAR Exhibit 21 | State/provincial corporate registry,Legal-form suffix does not establish shell-company status.
ENT-iron-mountain-uk-data-centre,Iron Mountain (UK) Data Centre Limited,PARENT_LINK_PRESENT,GLEIF LEI / Level 2 | OpenCorporates relationships/statements | SEC EDGAR Exhibit 21 | State/provincial corporate registry,Legal-form suffix does not establish shell-company status.
ENT-digital-realty-trust,"Digital Realty Trust, Inc.",UNRESOLVED_LEGAL_ENTITY,GLEIF LEI / Level 2 | OpenCorporates relationships/statements | SEC EDGAR Exhibit 21 | State/provincial corporate registry,Legal-form suffix does not establish shell-company status.
ENT-digital-realty-management-services,"Digital Realty Management Services, LLC",PARENT_LINK_PRESENT,GLEIF LEI / Level 2 | OpenCorporates relationships/statements | SEC EDGAR Exhibit 21 | State/provincial corporate registry,Legal-form suffix does not establish shell-company status.
ENT-digital-realty-property-manager,"Digital Realty Property Manager, LLC",PARENT_LINK_PRESENT,GLEIF LEI / Level 2 | OpenCorporates relationships/statements | SEC EDGAR Exhibit 21 | State/provincial corporate registry,Legal-form suffix does not establish shell-company status.
ENT-nova-dc-fee-owner,"Nova DC Fee Owner, L.P.",PARENT_LINK_PRESENT,GLEIF LEI / Level 2 | OpenCorporates relationships/statements | SEC EDGAR Exhibit 21 | State/provincial corporate registry,Legal-form suffix does not establish shell-company status.
ENT-nova-dc,"Nova DC Holdings, L.P.",PARENT_LINK_PRESENT,GLEIF LEI / Level 2 | OpenCorporates relationships/statements | SEC EDGAR Exhibit 21 | State/provincial corporate registry,Legal-form suffix does not establish shell-company status.
ENT-qts-realty-trust,"QTS Realty Trust, Inc.",UNRESOLVED_LEGAL_ENTITY,GLEIF LEI / Level 2 | OpenCorporates relationships/statements | SEC EDGAR Exhibit 21 | State/provincial corporate registry,Legal-form suffix does not establish shell-company status.
ENT-qts-critical-facilities-management,"QTS Critical Facilities Management, LLC",PARENT_LINK_PRESENT,GLEIF LEI / Level 2 | OpenCorporates relationships/statements | SEC EDGAR Exhibit 21 | State/provincial corporate registry,Legal-form suffix does not establish shell-company status.
ENT-qts-finance,QTS Finance Corporation,PARENT_LINK_PRESENT,GLEIF LEI / Level 2 | OpenCorporates relationships/statements | SEC EDGAR Exhibit 21 | State/provincial corporate registry,Legal-form suffix does not establish shell-company status.
ENT-quality-investment-properties-irving,"Quality Investment Properties Irving, LLC",PARENT_LINK_PRESENT,GLEIF LEI / Level 2 | OpenCorporates relationships/statements | SEC EDGAR Exhibit 21 | State/provincial corporate registry,Legal-form suffix does not establish shell-company status.
ENT-quality-technology-services-lenexa,"Quality Technology Services Lenexa, LLC",PARENT_LINK_PRESENT,GLEIF LEI / Level 2 | OpenCorporates relationships/statements | SEC EDGAR Exhibit 21 | State/provincial corporate registry,Legal-form suffix does not establish shell-company status.
ENT-quality-technology-services-richmond-ii,"Quality Technology Services Richmond II, LLC",PARENT_LINK_PRESENT,GLEIF LEI / Level 2 | OpenCorporates relationships/statements | SEC EDGAR Exhibit 21 | State/provincial corporate registry,Legal-form suffix does not establish shell-company status.
ENT-qae-acquisition,"QAE Acquisition Company, LLC",PARENT_LINK_PRESENT,GLEIF LEI / Level 2 | OpenCorporates relationships/statements | SEC EDGAR Exhibit 21 | State/provincial corporate registry,Legal-form suffix does not establish shell-company status.
