epoch_id,site_name,address,latitude,longitude,coordinate_precision,modality,sensor,scene_id,observed_on,stac_item_url,source_catalog,source_collection,cloud_cover_pct,status,quality_flag,processing_version,metrics_json,comparison_to_previous_json,error,semantics
EPOCH-02484a65a5dac16d,QTS Richmond 3,"3525–3543 Portugee Rd, Sandston, VA 23150",37.4873848,-77.2463754,public-address geocode,optical,Sentinel-2 MSI L2A,S2B_MSIL2A_20260603T154809_R054_T18SUG_20260603T194014,2026-06-03,https://planetarycomputer.microsoft.com/api/stac/v1/collections/sentinel-2-l2a/items/S2B_MSIL2A_20260603T154809_R054_T18SUG_20260603T194014,https://planetarycomputer.microsoft.com/api/stac/v1/search,sentinel-2-l2a,2.193078,INGESTED_DERIVED,RAW_COG_WINDOW_PROCESSED,physical-verification-v1,"{""ndvi_median"": 0.5068225860595703, ""ndvi_p10"": 0.0693061351776123, ""ndvi_p90"": 0.6323463916778564, ""nir_reflectance_median"": 0.453900009393692, ""nonvegetated_proxy_fraction"": 0.19830528846153847, ""proxy_note"": ""Nonvegetated fraction is a coarse surface-change proxy; it is not a building-footprint measurement."", ""red_reflectance_median"": 0.1348000019788742, ""source_asset_keys"": [""B04"", ""B08"", ""SCL""], ""source_resolution_m"": 10.0, ""valid_pixel_count"": 166400}",{},,Derived observation retained from a public raw scene; absence or missing scene is not evidence of absence.
EPOCH-02484a65a5dac16d,QTS Richmond 3,"3525–3543 Portugee Rd, Sandston, VA 23150",37.4873848,-77.2463754,public-address geocode,optical,Sentinel-2 MSI L2A,S2C_MSIL2A_20260926T155011_R054_T18STG_20260926T202610,2026-09-26,https://planetarycomputer.microsoft.com/api/stac/v1/collections/sentinel-2-l2a/items/S2C_MSIL2A_20260926T155011_R054_T18STG_20260926T202610,https://planetarycomputer.microsoft.com/api/stac/v1/search,sentinel-2-l2a,42.829573,INGESTED_DERIVED,RAW_COG_WINDOW_PROCESSED,physical-verification-v1,"{""ndvi_median"": 0.11741912364959717, ""ndvi_p10"": 0.09067407250404358, ""ndvi_p90"": 0.17323358356952667, ""nir_reflectance_median"": 0.5206999778747559, ""nonvegetated_proxy_fraction"": 0.9793982995421844, ""proxy_note"": ""Nonvegetated fraction is a coarse surface-change proxy; it is not a building-footprint measurement."", ""red_reflectance_median"": 0.40799999237060547, ""source_asset_keys"": [""B04"", ""B08"", ""SCL""], ""source_resolution_m"": 10.0, ""valid_pixel_count"": 3058}","{""ndvi_median_delta"": -0.38940346240997314, ""ndvi_p10_delta"": 0.021367937326431274, ""ndvi_p90_delta"": -0.4591128081083298, ""nir_reflectance_median_delta"": 0.06679996848106384, ""nonvegetated_proxy_fraction_delta"": 0.7810930110806459, ""red_reflectance_median_delta"": 0.27319999039173126, ""source_resolution_m_delta"": 0.0, ""valid_pixel_count_delta"": -163342}",,Derived observation retained from a public raw scene; absence or missing scene is not evidence of absence.
EPOCH-02484a65a5dac16d,QTS Richmond 3,"3525–3543 Portugee Rd, Sandston, VA 23150",37.4873848,-77.2463754,public-address geocode,sar,Sentinel-1 GRD,S1A_IW_GRDH_1SDV_20250128T230702_20250128T230727_057651_071ABD,2025-01-28,https://planetarycomputer.microsoft.com/api/stac/v1/collections/sentinel-1-grd/items/S1A_IW_GRDH_1SDV_20250128T230702_20250128T230727_057651_071ABD,https://planetarycomputer.microsoft.com/api/stac/v1/search,sentinel-1-grd,,INGESTED_DERIVED,RAW_COG_WINDOW_PROCESSED,physical-verification-v1,"{""backscatter_note"": ""Sentinel-1 GRD detected amplitude is converted to dB with 20*log10(amplitude)."", ""source_asset_keys"": [""vv"", ""vh""], ""source_resolution_m"": 1.0, ""valid_pixel_count"": 0, ""vh_db_median"": null, ""vh_db_p10"": null, ""vh_db_p90"": null, ""vv_db_median"": null, ""vv_db_p10"": null, ""vv_db_p90"": null, ""vv_vh_db_difference"": null}",{},,Derived observation retained from a public raw scene; absence or missing scene is not evidence of absence.
EPOCH-02484a65a5dac16d,QTS Richmond 3,"3525–3543 Portugee Rd, Sandston, VA 23150",37.4873848,-77.2463754,public-address geocode,sar,Sentinel-1 GRD,S1D_IW_GRDH_1SDV_20260915T230609_20260915T230634_004595_0088FE,2026-09-15,https://planetarycomputer.microsoft.com/api/stac/v1/collections/sentinel-1-grd/items/S1D_IW_GRDH_1SDV_20260915T230609_20260915T230634_004595_0088FE,https://planetarycomputer.microsoft.com/api/stac/v1/search,sentinel-1-grd,,INGESTED_DERIVED,RAW_COG_WINDOW_PROCESSED,physical-verification-v1,"{""backscatter_note"": ""Sentinel-1 GRD detected amplitude is converted to dB with 20*log10(amplitude)."", ""source_asset_keys"": [""vv"", ""vh""], ""source_resolution_m"": 1.0, ""valid_pixel_count"": 0, ""vh_db_median"": null, ""vh_db_p10"": null, ""vh_db_p90"": null, ""vv_db_median"": null, ""vv_db_p10"": null, ""vv_db_p90"": null, ""vv_vh_db_difference"": null}","{""source_resolution_m_delta"": 0.0, ""valid_pixel_count_delta"": 0}",,Derived observation retained from a public raw scene; absence or missing scene is not evidence of absence.
EPOCH-02484a65a5dac16d,QTS Richmond 3,"3525–3543 Portugee Rd, Sandston, VA 23150",37.4873848,-77.2463754,public-address geocode,tir,Landsat Collection 2 Level-2 Surface Temperature,LC09_L2SP_015034_20250516_02_T1,2025-05-16,https://planetarycomputer.microsoft.com/api/stac/v1/collections/landsat-c2-l2/items/LC09_L2SP_015034_20250516_02_T1,https://planetarycomputer.microsoft.com/api/stac/v1/search,landsat-c2-l2,28.42,INGESTED_DERIVED,RAW_COG_WINDOW_PROCESSED,physical-verification-v1,"{""local_background_temperature_k_median"": 306.74163818359375, ""local_surface_temperature_delta_k"": 1.982421875, ""proxy_note"": ""Thermal anomaly is relative to the local scene background, not a calibrated facility heat-output measurement."", ""source_asset_key"": ""lwir11"", ""source_resolution_m"": 30.0, ""surface_temperature_k_median"": 308.72406005859375, ""surface_temperature_p10_k"": 305.8119201660156, ""surface_temperature_p90_k"": 315.66436767578125, ""valid_pixel_count"": 36864}",{},,Derived observation retained from a public raw scene; absence or missing scene is not evidence of absence.
EPOCH-02484a65a5dac16d,QTS Richmond 3,"3525–3543 Portugee Rd, Sandston, VA 23150",37.4873848,-77.2463754,public-address geocode,tir,Landsat Collection 2 Level-2 Surface Temperature,LC09_L2SP_015034_20260924_02_T2,2026-09-24,https://planetarycomputer.microsoft.com/api/stac/v1/collections/landsat-c2-l2/items/LC09_L2SP_015034_20260924_02_T2,https://planetarycomputer.microsoft.com/api/stac/v1/search,landsat-c2-l2,96.62,INGESTED_DERIVED,RAW_COG_WINDOW_PROCESSED,physical-verification-v1,"{""local_background_temperature_k_median"": 281.4243469238281, ""local_surface_temperature_delta_k"": 0.0, ""proxy_note"": ""Thermal anomaly is relative to the local scene background, not a calibrated facility heat-output measurement."", ""source_asset_key"": ""lwir11"", ""source_resolution_m"": 30.0, ""surface_temperature_k_median"": 281.4243469238281, ""surface_temperature_p10_k"": 281.2602844238281, ""surface_temperature_p90_k"": 281.6875305175781, ""valid_pixel_count"": 36864}","{""local_background_temperature_k_median_delta"": -25.317291259765625, ""local_surface_temperature_delta_k_delta"": -1.982421875, ""source_resolution_m_delta"": 0.0, ""surface_temperature_k_median_delta"": -27.299713134765625, ""surface_temperature_p10_k_delta"": -24.5516357421875, ""surface_temperature_p90_k_delta"": -33.976837158203125, ""valid_pixel_count_delta"": 0}",,Derived observation retained from a public raw scene; absence or missing scene is not evidence of absence.
EPOCH-02c050b6b554fadd,Meta Los Lunas,"4250 Messenger Lp, Los Lunas, NM 87031",34.8301645,-106.7838267,public-address geocode,optical,Sentinel-2 MSI L2A,S2C_MSIL2A_20260115T175711_R141_T13SCU_20260115T210310,2026-01-15,https://planetarycomputer.microsoft.com/api/stac/v1/collections/sentinel-2-l2a/items/S2C_MSIL2A_20260115T175711_R141_T13SCU_20260115T210310,https://planetarycomputer.microsoft.com/api/stac/v1/search,sentinel-2-l2a,0.000223,INGESTED_DERIVED,RAW_COG_WINDOW_PROCESSED,physical-verification-v1,"{""ndvi_median"": 0.07431420683860779, ""ndvi_p10"": 0.03662189096212387, ""ndvi_p90"": 0.10203772038221359, ""nir_reflectance_median"": 0.3962000012397766, ""nonvegetated_proxy_fraction"": 0.9976310729980469, ""proxy_note"": ""Nonvegetated fraction is a coarse surface-change proxy; it is not a building-footprint measurement."", ""red_reflectance_median"": 0.33660000562667847, ""source_asset_keys"": [""B04"", ""B08"", ""SCL""], ""source_resolution_m"": 10.0, ""valid_pixel_count"": 262144}",{},,Derived observation retained from a public raw scene; absence or missing scene is not evidence of absence.
EPOCH-02c050b6b554fadd,Meta Los Lunas,"4250 Messenger Lp, Los Lunas, NM 87031",34.8301645,-106.7838267,public-address geocode,optical,Sentinel-2 MSI L2A,S2A_MSIL2A_20260924T175741_R141_T13SCU_20260924T224611,2026-09-24,https://planetarycomputer.microsoft.com/api/stac/v1/collections/sentinel-2-l2a/items/S2A_MSIL2A_20260924T175741_R141_T13SCU_20260924T224611,https://planetarycomputer.microsoft.com/api/stac/v1/search,sentinel-2-l2a,72.883093,INGESTED_DERIVED,RAW_COG_WINDOW_PROCESSED,physical-verification-v1,"{""ndvi_median"": 0.05358049273490906, ""ndvi_p10"": -0.0011940057156607509, ""ndvi_p90"": 0.09035895019769669, ""nir_reflectance_median"": 0.3725000023841858, ""nonvegetated_proxy_fraction"": 0.9946050071260762, ""proxy_note"": ""Nonvegetated fraction is a coarse surface-change proxy; it is not a building-footprint measurement."", ""red_reflectance_median"": 0.32850000262260437, ""source_asset_keys"": [""B04"", ""B08"", ""SCL""], ""source_resolution_m"": 10.0, ""valid_pixel_count"": 153661}","{""ndvi_median_delta"": -0.02073371410369873, ""ndvi_p10_delta"": -0.03781589667778462, ""ndvi_p90_delta"": -0.011678770184516907, ""nir_reflectance_median_delta"": -0.02369999885559082, ""nonvegetated_proxy_fraction_delta"": -0.003026065871970629, ""red_reflectance_median_delta"": -0.008100003004074097, ""source_resolution_m_delta"": 0.0, ""valid_pixel_count_delta"": -108483}",,Derived observation retained from a public raw scene; absence or missing scene is not evidence of absence.
EPOCH-02c050b6b554fadd,Meta Los Lunas,"4250 Messenger Lp, Los Lunas, NM 87031",34.8301645,-106.7838267,public-address geocode,sar,Sentinel-1 GRD,S1C_IW_GRDH_1SDV_20251216T010834_20251216T010859_005470_00AE4A,2025-12-16,https://planetarycomputer.microsoft.com/api/stac/v1/collections/sentinel-1-grd/items/S1C_IW_GRDH_1SDV_20251216T010834_20251216T010859_005470_00AE4A,https://planetarycomputer.microsoft.com/api/stac/v1/search,sentinel-1-grd,,INGESTED_DERIVED,RAW_COG_WINDOW_PROCESSED,physical-verification-v1,"{""backscatter_note"": ""Sentinel-1 GRD detected amplitude is converted to dB with 20*log10(amplitude)."", ""source_asset_keys"": [""vv"", ""vh""], ""source_resolution_m"": 1.0, ""valid_pixel_count"": 0, ""vh_db_median"": null, ""vh_db_p10"": null, ""vh_db_p90"": null, ""vv_db_median"": null, ""vv_db_p10"": null, ""vv_db_p90"": null, ""vv_vh_db_difference"": null}",{},,Derived observation retained from a public raw scene; absence or missing scene is not evidence of absence.
EPOCH-02c050b6b554fadd,Meta Los Lunas,"4250 Messenger Lp, Los Lunas, NM 87031",34.8301645,-106.7838267,public-address geocode,sar,Sentinel-1 GRD,S1C_IW_GRDH_1SDV_20260925T010836_20260925T010901_009597_013191,2026-09-25,https://planetarycomputer.microsoft.com/api/stac/v1/collections/sentinel-1-grd/items/S1C_IW_GRDH_1SDV_20260925T010836_20260925T010901_009597_013191,https://planetarycomputer.microsoft.com/api/stac/v1/search,sentinel-1-grd,,INGESTED_DERIVED,RAW_COG_WINDOW_PROCESSED,physical-verification-v1,"{""backscatter_note"": ""Sentinel-1 GRD detected amplitude is converted to dB with 20*log10(amplitude)."", ""source_asset_keys"": [""vv"", ""vh""], ""source_resolution_m"": 1.0, ""valid_pixel_count"": 0, ""vh_db_median"": null, ""vh_db_p10"": null, ""vh_db_p90"": null, ""vv_db_median"": null, ""vv_db_p10"": null, ""vv_db_p90"": null, ""vv_vh_db_difference"": null}","{""source_resolution_m_delta"": 0.0, ""valid_pixel_count_delta"": 0}",,Derived observation retained from a public raw scene; absence or missing scene is not evidence of absence.
EPOCH-02c050b6b554fadd,Meta Los Lunas,"4250 Messenger Lp, Los Lunas, NM 87031",34.8301645,-106.7838267,public-address geocode,tir,Landsat Collection 2 Level-2 Surface Temperature,LC08_L2SP_034036_20260124_02_T1,2026-01-24,https://planetarycomputer.microsoft.com/api/stac/v1/collections/landsat-c2-l2/items/LC08_L2SP_034036_20260124_02_T1,https://planetarycomputer.microsoft.com/api/stac/v1/search,landsat-c2-l2,99.99,INGESTED_DERIVED,RAW_COG_WINDOW_PROCESSED,physical-verification-v1,"{""local_background_temperature_k_median"": 246.79296875, ""local_surface_temperature_delta_k"": 1.642364501953125, ""proxy_note"": ""Thermal anomaly is relative to the local scene background, not a calibrated facility heat-output measurement."", ""source_asset_key"": ""lwir11"", ""source_resolution_m"": 30.0, ""surface_temperature_k_median"": 248.43533325195312, ""surface_temperature_p10_k"": 243.7184600830078, ""surface_temperature_p90_k"": 252.18148803710938, ""valid_pixel_count"": 36864}",{},,Derived observation retained from a public raw scene; absence or missing scene is not evidence of absence.
EPOCH-02c050b6b554fadd,Meta Los Lunas,"4250 Messenger Lp, Los Lunas, NM 87031",34.8301645,-106.7838267,public-address geocode,tir,Landsat Collection 2 Level-2 Surface Temperature,LC09_L2SP_033036_20260922_02_T1,2026-09-22,https://planetarycomputer.microsoft.com/api/stac/v1/collections/landsat-c2-l2/items/LC09_L2SP_033036_20260922_02_T1,https://planetarycomputer.microsoft.com/api/stac/v1/search,landsat-c2-l2,76.1,INGESTED_DERIVED,RAW_COG_WINDOW_PROCESSED,physical-verification-v1,"{""local_background_temperature_k_median"": 273.2757873535156, ""local_surface_temperature_delta_k"": -9.350006103515625, ""proxy_note"": ""Thermal anomaly is relative to the local scene background, not a calibrated facility heat-output measurement."", ""source_asset_key"": ""lwir11"", ""source_resolution_m"": 30.0, ""surface_temperature_k_median"": 263.92578125, ""surface_temperature_p10_k"": 248.26614379882812, ""surface_temperature_p90_k"": 288.3834228515625, ""valid_pixel_count"": 36864}","{""local_background_temperature_k_median_delta"": 26.482818603515625, ""local_surface_temperature_delta_k_delta"": -10.99237060546875, ""source_resolution_m_delta"": 0.0, ""surface_temperature_k_median_delta"": 15.490447998046875, ""surface_temperature_p10_k_delta"": 4.5476837158203125, ""surface_temperature_p90_k_delta"": 36.201934814453125, ""valid_pixel_count_delta"": 0}",,Derived observation retained from a public raw scene; absence or missing scene is not evidence of absence.
EPOCH-0355f445ca6cbed4,Microsoft SAT14,"3545 Wiseman Boulevard, San Antonio, TX 78251",29.4728631,-98.681767,public-address geocode,optical,Sentinel-2 MSI L2A,S2B_MSIL2A_20260207T171359_R112_T14RNT_20260207T221244,2026-02-07,https://planetarycomputer.microsoft.com/api/stac/v1/collections/sentinel-2-l2a/items/S2B_MSIL2A_20260207T171359_R112_T14RNT_20260207T221244,https://planetarycomputer.microsoft.com/api/stac/v1/search,sentinel-2-l2a,0.000156,INGESTED_DERIVED,RAW_COG_WINDOW_PROCESSED,physical-verification-v1,"{""ndvi_median"": 0.14768779277801514, ""ndvi_p10"": 0.0494903065264225, ""ndvi_p90"": 0.3272547423839569, ""nir_reflectance_median"": 0.29109999537467957, ""nonvegetated_proxy_fraction"": 0.6763191223144531, ""proxy_note"": ""Nonvegetated fraction is a coarse surface-change proxy; it is not a building-footprint measurement."", ""red_reflectance_median"": 0.20160000026226044, ""source_asset_keys"": [""B04"", ""B08"", ""SCL""], ""source_resolution_m"": 10.0, ""valid_pixel_count"": 262144}",{},,Derived observation retained from a public raw scene; absence or missing scene is not evidence of absence.
EPOCH-0355f445ca6cbed4,Microsoft SAT14,"3545 Wiseman Boulevard, San Antonio, TX 78251",29.4728631,-98.681767,public-address geocode,optical,Sentinel-2 MSI L2A,S2B_MSIL2A_20260925T170949_R112_T14RNT_20260925T221750,2026-09-25,https://planetarycomputer.microsoft.com/api/stac/v1/collections/sentinel-2-l2a/items/S2B_MSIL2A_20260925T170949_R112_T14RNT_20260925T221750,https://planetarycomputer.microsoft.com/api/stac/v1/search,sentinel-2-l2a,46.605653,INGESTED_DERIVED,RAW_COG_WINDOW_PROCESSED,physical-verification-v1,"{""ndvi_median"": 0.1937514692544937, ""ndvi_p10"": 0.049744728952646255, ""ndvi_p90"": 0.36407384276390076, ""nir_reflectance_median"": 0.31290000677108765, ""nonvegetated_proxy_fraction"": 0.5190999779860733, ""proxy_note"": ""Nonvegetated fraction is a coarse surface-change proxy; it is not a building-footprint measurement."", ""red_reflectance_median"": 0.1940000057220459, ""source_asset_keys"": [""B04"", ""B08"", ""SCL""], ""source_resolution_m"": 10.0, ""valid_pixel_count"": 86309}","{""ndvi_median_delta"": 0.04606367647647858, ""ndvi_p10_delta"": 0.0002544224262237549, ""ndvi_p90_delta"": 0.03681910037994385, ""nir_reflectance_median_delta"": 0.02180001139640808, ""nonvegetated_proxy_fraction_delta"": -0.1572191443283798, ""red_reflectance_median_delta"": -0.007599994540214539, ""source_resolution_m_delta"": 0.0, ""valid_pixel_count_delta"": -175835}",,Derived observation retained from a public raw scene; absence or missing scene is not evidence of absence.
EPOCH-0355f445ca6cbed4,Microsoft SAT14,"3545 Wiseman Boulevard, San Antonio, TX 78251",29.4728631,-98.681767,public-address geocode,sar,Sentinel-1 GRD,S1A_IW_GRDH_1SDV_20250430T003515_20250430T003540_058979_075066,2025-04-30,https://planetarycomputer.microsoft.com/api/stac/v1/collections/sentinel-1-grd/items/S1A_IW_GRDH_1SDV_20250430T003515_20250430T003540_058979_075066,https://planetarycomputer.microsoft.com/api/stac/v1/search,sentinel-1-grd,,INGESTED_DERIVED,RAW_COG_WINDOW_PROCESSED,physical-verification-v1,"{""backscatter_note"": ""Sentinel-1 GRD detected amplitude is converted to dB with 20*log10(amplitude)."", ""source_asset_keys"": [""vv"", ""vh""], ""source_resolution_m"": 1.0, ""valid_pixel_count"": 0, ""vh_db_median"": null, ""vh_db_p10"": null, ""vh_db_p90"": null, ""vv_db_median"": null, ""vv_db_p10"": null, ""vv_db_p90"": null, ""vv_vh_db_difference"": null}",{},,Derived observation retained from a public raw scene; absence or missing scene is not evidence of absence.
EPOCH-0355f445ca6cbed4,Microsoft SAT14,"3545 Wiseman Boulevard, San Antonio, TX 78251",29.4728631,-98.681767,public-address geocode,sar,Sentinel-1 GRD,S1D_IW_GRDH_1SDV_20260923T003424_20260923T003449_004698_008C85,2026-09-23,https://planetarycomputer.microsoft.com/api/stac/v1/collections/sentinel-1-grd/items/S1D_IW_GRDH_1SDV_20260923T003424_20260923T003449_004698_008C85,https://planetarycomputer.microsoft.com/api/stac/v1/search,sentinel-1-grd,,INGESTED_DERIVED,RAW_COG_WINDOW_PROCESSED,physical-verification-v1,"{""backscatter_note"": ""Sentinel-1 GRD detected amplitude is converted to dB with 20*log10(amplitude)."", ""source_asset_keys"": [""vv"", ""vh""], ""source_resolution_m"": 1.0, ""valid_pixel_count"": 0, ""vh_db_median"": null, ""vh_db_p10"": null, ""vh_db_p90"": null, ""vv_db_median"": null, ""vv_db_p10"": null, ""vv_db_p90"": null, ""vv_vh_db_difference"": null}","{""source_resolution_m_delta"": 0.0, ""valid_pixel_count_delta"": 0}",,Derived observation retained from a public raw scene; absence or missing scene is not evidence of absence.
EPOCH-0355f445ca6cbed4,Microsoft SAT14,"3545 Wiseman Boulevard, San Antonio, TX 78251",29.4728631,-98.681767,public-address geocode,tir,Landsat Collection 2 Level-2 Surface Temperature,LC09_L2SP_028040_20260412_02_T2,2026-04-12,https://planetarycomputer.microsoft.com/api/stac/v1/collections/landsat-c2-l2/items/LC09_L2SP_028040_20260412_02_T2,https://planetarycomputer.microsoft.com/api/stac/v1/search,landsat-c2-l2,93.53,INGESTED_DERIVED,RAW_COG_WINDOW_PROCESSED,physical-verification-v1,"{""local_background_temperature_k_median"": 208.32485961914062, ""local_surface_temperature_delta_k"": -6.957366943359375, ""proxy_note"": ""Thermal anomaly is relative to the local scene background, not a calibrated facility heat-output measurement."", ""source_asset_key"": ""lwir11"", ""source_resolution_m"": 30.0, ""surface_temperature_k_median"": 201.36749267578125, ""surface_temperature_p10_k"": 170.7266387939453, ""surface_temperature_p90_k"": 234.87261962890625, ""valid_pixel_count"": 36034}",{},,Derived observation retained from a public raw scene; absence or missing scene is not evidence of absence.
EPOCH-0355f445ca6cbed4,Microsoft SAT14,"3545 Wiseman Boulevard, San Antonio, TX 78251",29.4728631,-98.681767,public-address geocode,tir,Landsat Collection 2 Level-2 Surface Temperature,LC09_L2SP_028040_20260919_02_T1,2026-09-19,https://planetarycomputer.microsoft.com/api/stac/v1/collections/landsat-c2-l2/items/LC09_L2SP_028040_20260919_02_T1,https://planetarycomputer.microsoft.com/api/stac/v1/search,landsat-c2-l2,31.37,INGESTED_DERIVED,RAW_COG_WINDOW_PROCESSED,physical-verification-v1,"{""local_background_temperature_k_median"": 312.3095703125, ""local_surface_temperature_delta_k"": 3.56842041015625, ""proxy_note"": ""Thermal anomaly is relative to the local scene background, not a calibrated facility heat-output measurement."", ""source_asset_key"": ""lwir11"", ""source_resolution_m"": 30.0, ""surface_temperature_k_median"": 315.87799072265625, ""surface_temperature_p10_k"": 310.3271179199219, ""surface_temperature_p90_k"": 319.6754150390625, ""valid_pixel_count"": 36864}","{""local_background_temperature_k_median_delta"": 103.98471069335938, ""local_surface_temperature_delta_k_delta"": 10.525787353515625, ""source_resolution_m_delta"": 0.0, ""surface_temperature_k_median_delta"": 114.510498046875, ""surface_temperature_p10_k_delta"": 139.60047912597656, ""surface_temperature_p90_k_delta"": 84.80279541015625, ""valid_pixel_count_delta"": 830}",,Derived observation retained from a public raw scene; absence or missing scene is not evidence of absence.
EPOCH-03aad260b30bfbe1,AWS Berwick,"1125 Electron Ave, Berwick, PA 18603",41.0838485,-76.1435333,public-address geocode,optical,Sentinel-2 MSI L2A,S2B_MSIL2A_20260723T154809_R054_T18TVL_20260723T193902,2026-07-23,https://planetarycomputer.microsoft.com/api/stac/v1/collections/sentinel-2-l2a/items/S2B_MSIL2A_20260723T154809_R054_T18TVL_20260723T193902,https://planetarycomputer.microsoft.com/api/stac/v1/search,sentinel-2-l2a,3.159655,INGESTED_DERIVED,RAW_COG_WINDOW_PROCESSED,physical-verification-v1,"{""ndvi_median"": 0.5828286409378052, ""ndvi_p10"": 0.0955599993467331, ""ndvi_p90"": 0.6355384588241577, ""nir_reflectance_median"": 0.4934999942779541, ""nonvegetated_proxy_fraction"": 0.1353238341968912, ""proxy_note"": ""Nonvegetated fraction is a coarse surface-change proxy; it is not a building-footprint measurement."", ""red_reflectance_median"": 0.1282999962568283, ""source_asset_keys"": [""B04"", ""B08"", ""SCL""], ""source_resolution_m"": 10.0, ""valid_pixel_count"": 231600}",{},,Derived observation retained from a public raw scene; absence or missing scene is not evidence of absence.
EPOCH-03aad260b30bfbe1,AWS Berwick,"1125 Electron Ave, Berwick, PA 18603",41.0838485,-76.1435333,public-address geocode,optical,Sentinel-2 MSI L2A,S2C_MSIL2A_20260926T155011_R054_T18TUL_20260926T202610,2026-09-26,https://planetarycomputer.microsoft.com/api/stac/v1/collections/sentinel-2-l2a/items/S2C_MSIL2A_20260926T155011_R054_T18TUL_20260926T202610,https://planetarycomputer.microsoft.com/api/stac/v1/search,sentinel-2-l2a,99.99423,INGESTED_DERIVED,RAW_COG_WINDOW_PROCESSED,physical-verification-v1,"{""ndvi_median"": 0.011113259010016918, ""ndvi_p10"": 0.007404108997434378, ""ndvi_p90"": 0.014615802094340324, ""nir_reflectance_median"": 1.032099962234497, ""nonvegetated_proxy_fraction"": 1.0, ""proxy_note"": ""Nonvegetated fraction is a coarse surface-change proxy; it is not a building-footprint measurement."", ""red_reflectance_median"": 1.0091999769210815, ""source_asset_keys"": [""B04"", ""B08"", ""SCL""], ""source_resolution_m"": 10.0, ""valid_pixel_count"": 262144}","{""ndvi_median_delta"": -0.5717153819277883, ""ndvi_p10_delta"": -0.08815589034929872, ""ndvi_p90_delta"": -0.6209226567298174, ""nir_reflectance_median_delta"": 0.538599967956543, ""nonvegetated_proxy_fraction_delta"": 0.8646761658031088, ""red_reflectance_median_delta"": 0.8808999806642532, ""source_resolution_m_delta"": 0.0, ""valid_pixel_count_delta"": 30544}",,Derived observation retained from a public raw scene; absence or missing scene is not evidence of absence.
EPOCH-03aad260b30bfbe1,AWS Berwick,"1125 Electron Ave, Berwick, PA 18603",41.0838485,-76.1435333,public-address geocode,sar,Sentinel-1 GRD,S1A_IW_GRDH_1SDV_20250803T225922_20250803T225947_060378_078131,2025-08-03,https://planetarycomputer.microsoft.com/api/stac/v1/collections/sentinel-1-grd/items/S1A_IW_GRDH_1SDV_20250803T225922_20250803T225947_060378_078131,https://planetarycomputer.microsoft.com/api/stac/v1/search,sentinel-1-grd,,INGESTED_DERIVED,RAW_COG_WINDOW_PROCESSED,physical-verification-v1,"{""backscatter_note"": ""Sentinel-1 GRD detected amplitude is converted to dB with 20*log10(amplitude)."", ""source_asset_keys"": [""vv"", ""vh""], ""source_resolution_m"": 1.0, ""valid_pixel_count"": 0, ""vh_db_median"": null, ""vh_db_p10"": null, ""vh_db_p90"": null, ""vv_db_median"": null, ""vv_db_p10"": null, ""vv_db_p90"": null, ""vv_vh_db_difference"": null}",{},,Derived observation retained from a public raw scene; absence or missing scene is not evidence of absence.
EPOCH-03aad260b30bfbe1,AWS Berwick,"1125 Electron Ave, Berwick, PA 18603",41.0838485,-76.1435333,public-address geocode,sar,Sentinel-1 GRD,S1D_IW_GRDH_1SDV_20260922T225849_20260922T225914_004697_008C7D,2026-09-22,https://planetarycomputer.microsoft.com/api/stac/v1/collections/sentinel-1-grd/items/S1D_IW_GRDH_1SDV_20260922T225849_20260922T225914_004697_008C7D,https://planetarycomputer.microsoft.com/api/stac/v1/search,sentinel-1-grd,,INGESTED_DERIVED,RAW_COG_WINDOW_PROCESSED,physical-verification-v1,"{""backscatter_note"": ""Sentinel-1 GRD detected amplitude is converted to dB with 20*log10(amplitude)."", ""source_asset_keys"": [""vv"", ""vh""], ""source_resolution_m"": 1.0, ""valid_pixel_count"": 0, ""vh_db_median"": null, ""vh_db_p10"": null, ""vh_db_p90"": null, ""vv_db_median"": null, ""vv_db_p10"": null, ""vv_db_p90"": null, ""vv_vh_db_difference"": null}","{""source_resolution_m_delta"": 0.0, ""valid_pixel_count_delta"": 0}",,Derived observation retained from a public raw scene; absence or missing scene is not evidence of absence.
EPOCH-03aad260b30bfbe1,AWS Berwick,"1125 Electron Ave, Berwick, PA 18603",41.0838485,-76.1435333,public-address geocode,tir,Landsat Collection 2 Level-2 Surface Temperature,LC08_L2SP_015031_20260204_02_T1,2026-02-04,https://planetarycomputer.microsoft.com/api/stac/v1/collections/landsat-c2-l2/items/LC08_L2SP_015031_20260204_02_T1,https://planetarycomputer.microsoft.com/api/stac/v1/search,landsat-c2-l2,23.26,INGESTED_DERIVED,RAW_COG_WINDOW_PROCESSED,physical-verification-v1,"{""local_background_temperature_k_median"": 267.27374267578125, ""local_surface_temperature_delta_k"": 1.127960205078125, ""proxy_note"": ""Thermal anomaly is relative to the local scene background, not a calibrated facility heat-output measurement."", ""source_asset_key"": ""lwir11"", ""source_resolution_m"": 30.0, ""surface_temperature_k_median"": 268.4017028808594, ""surface_temperature_p10_k"": 263.6728515625, ""surface_temperature_p90_k"": 270.3038330078125, ""valid_pixel_count"": 36864}",{},,Derived observation retained from a public raw scene; absence or missing scene is not evidence of absence.
EPOCH-03aad260b30bfbe1,AWS Berwick,"1125 Electron Ave, Berwick, PA 18603",41.0838485,-76.1435333,public-address geocode,tir,Landsat Collection 2 Level-2 Surface Temperature,LC09_L2SP_015032_20260924_02_T1,2026-09-24,https://planetarycomputer.microsoft.com/api/stac/v1/collections/landsat-c2-l2/items/LC09_L2SP_015032_20260924_02_T1,https://planetarycomputer.microsoft.com/api/stac/v1/search,landsat-c2-l2,19.04,INGESTED_DERIVED,RAW_COG_WINDOW_PROCESSED,physical-verification-v1,"{""local_background_temperature_k_median"": 288.3013916015625, ""local_surface_temperature_delta_k"": 1.478302001953125, ""proxy_note"": ""Thermal anomaly is relative to the local scene background, not a calibrated facility heat-output measurement."", ""source_asset_key"": ""lwir11"", ""source_resolution_m"": 30.0, ""surface_temperature_k_median"": 289.7796936035156, ""surface_temperature_p10_k"": 287.9801025390625, ""surface_temperature_p90_k"": 293.6882019042969, ""valid_pixel_count"": 36864}","{""local_background_temperature_k_median_delta"": 21.02764892578125, ""local_surface_temperature_delta_k_delta"": 0.350341796875, ""source_resolution_m_delta"": 0.0, ""surface_temperature_k_median_delta"": 21.37799072265625, ""surface_temperature_p10_k_delta"": 24.3072509765625, ""surface_temperature_p90_k_delta"": 23.384368896484375, ""valid_pixel_count_delta"": 0}",,Derived observation retained from a public raw scene; absence or missing scene is not evidence of absence.
EPOCH-052be5b551cd099b,QTS Richmond 2,"6030–6070 Technology Blvd, Sandston, VA 23150",37.4873848,-77.2463754,public-address geocode,optical,Sentinel-2 MSI L2A,S2B_MSIL2A_20260603T154809_R054_T18SUG_20260603T194014,2026-06-03,https://planetarycomputer.microsoft.com/api/stac/v1/collections/sentinel-2-l2a/items/S2B_MSIL2A_20260603T154809_R054_T18SUG_20260603T194014,https://planetarycomputer.microsoft.com/api/stac/v1/search,sentinel-2-l2a,2.193078,INGESTED_DERIVED,RAW_COG_WINDOW_PROCESSED,physical-verification-v1,"{""ndvi_median"": 0.5068225860595703, ""ndvi_p10"": 0.0693061351776123, ""ndvi_p90"": 0.6323463916778564, ""nir_reflectance_median"": 0.453900009393692, ""nonvegetated_proxy_fraction"": 0.19830528846153847, ""proxy_note"": ""Nonvegetated fraction is a coarse surface-change proxy; it is not a building-footprint measurement."", ""red_reflectance_median"": 0.1348000019788742, ""source_asset_keys"": [""B04"", ""B08"", ""SCL""], ""source_resolution_m"": 10.0, ""valid_pixel_count"": 166400}",{},,Derived observation retained from a public raw scene; absence or missing scene is not evidence of absence.
EPOCH-052be5b551cd099b,QTS Richmond 2,"6030–6070 Technology Blvd, Sandston, VA 23150",37.4873848,-77.2463754,public-address geocode,optical,Sentinel-2 MSI L2A,S2C_MSIL2A_20260926T155011_R054_T18STG_20260926T202610,2026-09-26,https://planetarycomputer.microsoft.com/api/stac/v1/collections/sentinel-2-l2a/items/S2C_MSIL2A_20260926T155011_R054_T18STG_20260926T202610,https://planetarycomputer.microsoft.com/api/stac/v1/search,sentinel-2-l2a,42.829573,INGESTED_DERIVED,RAW_COG_WINDOW_PROCESSED,physical-verification-v1,"{""ndvi_median"": 0.11741912364959717, ""ndvi_p10"": 0.09067407250404358, ""ndvi_p90"": 0.17323358356952667, ""nir_reflectance_median"": 0.5206999778747559, ""nonvegetated_proxy_fraction"": 0.9793982995421844, ""proxy_note"": ""Nonvegetated fraction is a coarse surface-change proxy; it is not a building-footprint measurement."", ""red_reflectance_median"": 0.40799999237060547, ""source_asset_keys"": [""B04"", ""B08"", ""SCL""], ""source_resolution_m"": 10.0, ""valid_pixel_count"": 3058}","{""ndvi_median_delta"": -0.38940346240997314, ""ndvi_p10_delta"": 0.021367937326431274, ""ndvi_p90_delta"": -0.4591128081083298, ""nir_reflectance_median_delta"": 0.06679996848106384, ""nonvegetated_proxy_fraction_delta"": 0.7810930110806459, ""red_reflectance_median_delta"": 0.27319999039173126, ""source_resolution_m_delta"": 0.0, ""valid_pixel_count_delta"": -163342}",,Derived observation retained from a public raw scene; absence or missing scene is not evidence of absence.
EPOCH-052be5b551cd099b,QTS Richmond 2,"6030–6070 Technology Blvd, Sandston, VA 23150",37.4873848,-77.2463754,public-address geocode,sar,Sentinel-1 GRD,S1A_IW_GRDH_1SDV_20250128T230702_20250128T230727_057651_071ABD,2025-01-28,https://planetarycomputer.microsoft.com/api/stac/v1/collections/sentinel-1-grd/items/S1A_IW_GRDH_1SDV_20250128T230702_20250128T230727_057651_071ABD,https://planetarycomputer.microsoft.com/api/stac/v1/search,sentinel-1-grd,,INGESTED_DERIVED,RAW_COG_WINDOW_PROCESSED,physical-verification-v1,"{""backscatter_note"": ""Sentinel-1 GRD detected amplitude is converted to dB with 20*log10(amplitude)."", ""source_asset_keys"": [""vv"", ""vh""], ""source_resolution_m"": 1.0, ""valid_pixel_count"": 0, ""vh_db_median"": null, ""vh_db_p10"": null, ""vh_db_p90"": null, ""vv_db_median"": null, ""vv_db_p10"": null, ""vv_db_p90"": null, ""vv_vh_db_difference"": null}",{},,Derived observation retained from a public raw scene; absence or missing scene is not evidence of absence.
EPOCH-052be5b551cd099b,QTS Richmond 2,"6030–6070 Technology Blvd, Sandston, VA 23150",37.4873848,-77.2463754,public-address geocode,sar,Sentinel-1 GRD,S1D_IW_GRDH_1SDV_20260915T230609_20260915T230634_004595_0088FE,2026-09-15,https://planetarycomputer.microsoft.com/api/stac/v1/collections/sentinel-1-grd/items/S1D_IW_GRDH_1SDV_20260915T230609_20260915T230634_004595_0088FE,https://planetarycomputer.microsoft.com/api/stac/v1/search,sentinel-1-grd,,INGESTED_DERIVED,RAW_COG_WINDOW_PROCESSED,physical-verification-v1,"{""backscatter_note"": ""Sentinel-1 GRD detected amplitude is converted to dB with 20*log10(amplitude)."", ""source_asset_keys"": [""vv"", ""vh""], ""source_resolution_m"": 1.0, ""valid_pixel_count"": 0, ""vh_db_median"": null, ""vh_db_p10"": null, ""vh_db_p90"": null, ""vv_db_median"": null, ""vv_db_p10"": null, ""vv_db_p90"": null, ""vv_vh_db_difference"": null}","{""source_resolution_m_delta"": 0.0, ""valid_pixel_count_delta"": 0}",,Derived observation retained from a public raw scene; absence or missing scene is not evidence of absence.
EPOCH-052be5b551cd099b,QTS Richmond 2,"6030–6070 Technology Blvd, Sandston, VA 23150",37.4873848,-77.2463754,public-address geocode,tir,Landsat Collection 2 Level-2 Surface Temperature,LC09_L2SP_015034_20250516_02_T1,2025-05-16,https://planetarycomputer.microsoft.com/api/stac/v1/collections/landsat-c2-l2/items/LC09_L2SP_015034_20250516_02_T1,https://planetarycomputer.microsoft.com/api/stac/v1/search,landsat-c2-l2,28.42,INGESTED_DERIVED,RAW_COG_WINDOW_PROCESSED,physical-verification-v1,"{""local_background_temperature_k_median"": 306.74163818359375, ""local_surface_temperature_delta_k"": 1.982421875, ""proxy_note"": ""Thermal anomaly is relative to the local scene background, not a calibrated facility heat-output measurement."", ""source_asset_key"": ""lwir11"", ""source_resolution_m"": 30.0, ""surface_temperature_k_median"": 308.72406005859375, ""surface_temperature_p10_k"": 305.8119201660156, ""surface_temperature_p90_k"": 315.66436767578125, ""valid_pixel_count"": 36864}",{},,Derived observation retained from a public raw scene; absence or missing scene is not evidence of absence.
EPOCH-052be5b551cd099b,QTS Richmond 2,"6030–6070 Technology Blvd, Sandston, VA 23150",37.4873848,-77.2463754,public-address geocode,tir,Landsat Collection 2 Level-2 Surface Temperature,LC09_L2SP_015034_20260924_02_T2,2026-09-24,https://planetarycomputer.microsoft.com/api/stac/v1/collections/landsat-c2-l2/items/LC09_L2SP_015034_20260924_02_T2,https://planetarycomputer.microsoft.com/api/stac/v1/search,landsat-c2-l2,96.62,INGESTED_DERIVED,RAW_COG_WINDOW_PROCESSED,physical-verification-v1,"{""local_background_temperature_k_median"": 281.4243469238281, ""local_surface_temperature_delta_k"": 0.0, ""proxy_note"": ""Thermal anomaly is relative to the local scene background, not a calibrated facility heat-output measurement."", ""source_asset_key"": ""lwir11"", ""source_resolution_m"": 30.0, ""surface_temperature_k_median"": 281.4243469238281, ""surface_temperature_p10_k"": 281.2602844238281, ""surface_temperature_p90_k"": 281.6875305175781, ""valid_pixel_count"": 36864}","{""local_background_temperature_k_median_delta"": -25.317291259765625, ""local_surface_temperature_delta_k_delta"": -1.982421875, ""source_resolution_m_delta"": 0.0, ""surface_temperature_k_median_delta"": -27.299713134765625, ""surface_temperature_p10_k_delta"": -24.5516357421875, ""surface_temperature_p90_k_delta"": -33.976837158203125, ""valid_pixel_count_delta"": 0}",,Derived observation retained from a public raw scene; absence or missing scene is not evidence of absence.
EPOCH-0788d9aeb3114553,Meta Montgomery,"Co Rd 42, Montgomery, AL 36105, USA",32.270057,-86.328751,public-address geocode,optical,Sentinel-2 MSI L2A,S2B_MSIL2A_20260103T162559_R040_T16SEA_20260103T201556,2026-01-03,https://planetarycomputer.microsoft.com/api/stac/v1/collections/sentinel-2-l2a/items/S2B_MSIL2A_20260103T162559_R040_T16SEA_20260103T201556,https://planetarycomputer.microsoft.com/api/stac/v1/search,sentinel-2-l2a,87.400693,INGESTED_DERIVED,RAW_COG_WINDOW_PROCESSED,physical-verification-v1,"{""ndvi_median"": 0.007364821154624224, ""ndvi_p10"": -0.027595248073339462, ""ndvi_p90"": 0.08713129907846451, ""nir_reflectance_median"": 0.6331999897956848, ""nonvegetated_proxy_fraction"": 0.988712057755973, ""proxy_note"": ""Nonvegetated fraction is a coarse surface-change proxy; it is not a building-footprint measurement."", ""red_reflectance_median"": 0.618399977684021, ""source_asset_keys"": [""B04"", ""B08"", ""SCL""], ""source_resolution_m"": 10.0, ""valid_pixel_count"": 50142}",{},,Derived observation retained from a public raw scene; absence or missing scene is not evidence of absence.
EPOCH-0788d9aeb3114553,Meta Montgomery,"Co Rd 42, Montgomery, AL 36105, USA",32.270057,-86.328751,public-address geocode,optical,Sentinel-2 MSI L2A,S2C_MSIL2A_20260925T162021_R040_T16SEA_20260925T195353,2026-09-25,https://planetarycomputer.microsoft.com/api/stac/v1/collections/sentinel-2-l2a/items/S2C_MSIL2A_20260925T162021_R040_T16SEA_20260925T195353,https://planetarycomputer.microsoft.com/api/stac/v1/search,sentinel-2-l2a,6.677695,INGESTED_DERIVED,RAW_COG_WINDOW_PROCESSED,physical-verification-v1,"{""ndvi_median"": 0.3614046573638916, ""ndvi_p10"": 0.03277429938316345, ""ndvi_p90"": 0.5124565362930298, ""nir_reflectance_median"": 0.3986999988555908, ""nonvegetated_proxy_fraction"": 0.270693503450896, ""proxy_note"": ""Nonvegetated fraction is a coarse surface-change proxy; it is not a building-footprint measurement."", ""red_reflectance_median"": 0.17239999771118164, ""source_asset_keys"": [""B04"", ""B08"", ""SCL""], ""source_resolution_m"": 10.0, ""valid_pixel_count"": 252688}","{""ndvi_median_delta"": 0.3540398362092674, ""ndvi_p10_delta"": 0.060369547456502914, ""ndvi_p90_delta"": 0.4253252372145653, ""nir_reflectance_median_delta"": -0.234499990940094, ""nonvegetated_proxy_fraction_delta"": -0.718018554305077, ""red_reflectance_median_delta"": -0.44599997997283936, ""source_resolution_m_delta"": 0.0, ""valid_pixel_count_delta"": 202546}",,Derived observation retained from a public raw scene; absence or missing scene is not evidence of absence.
EPOCH-0788d9aeb3114553,Meta Montgomery,"Co Rd 42, Montgomery, AL 36105, USA",32.270057,-86.328751,public-address geocode,sar,Sentinel-1 GRD,S1A_IW_GRDH_1SDV_20250306T234636_20250306T234701_058191_073093,2025-03-06,https://planetarycomputer.microsoft.com/api/stac/v1/collections/sentinel-1-grd/items/S1A_IW_GRDH_1SDV_20250306T234636_20250306T234701_058191_073093,https://planetarycomputer.microsoft.com/api/stac/v1/search,sentinel-1-grd,,INGESTED_DERIVED,RAW_COG_WINDOW_PROCESSED,physical-verification-v1,"{""backscatter_note"": ""Sentinel-1 GRD detected amplitude is converted to dB with 20*log10(amplitude)."", ""source_asset_keys"": [""vv"", ""vh""], ""source_resolution_m"": 1.0, ""valid_pixel_count"": 0, ""vh_db_median"": null, ""vh_db_p10"": null, ""vh_db_p90"": null, ""vv_db_median"": null, ""vv_db_p10"": null, ""vv_db_p90"": null, ""vv_vh_db_difference"": null}",{},,Derived observation retained from a public raw scene; absence or missing scene is not evidence of absence.
EPOCH-0788d9aeb3114553,Meta Montgomery,"Co Rd 42, Montgomery, AL 36105, USA",32.270057,-86.328751,public-address geocode,sar,Sentinel-1 GRD,S1D_IW_GRDH_1SDV_20260916T234546_20260916T234611_004610_008983,2026-09-16,https://planetarycomputer.microsoft.com/api/stac/v1/collections/sentinel-1-grd/items/S1D_IW_GRDH_1SDV_20260916T234546_20260916T234611_004610_008983,https://planetarycomputer.microsoft.com/api/stac/v1/search,sentinel-1-grd,,INGESTED_DERIVED,RAW_COG_WINDOW_PROCESSED,physical-verification-v1,"{""backscatter_note"": ""Sentinel-1 GRD detected amplitude is converted to dB with 20*log10(amplitude)."", ""source_asset_keys"": [""vv"", ""vh""], ""source_resolution_m"": 1.0, ""valid_pixel_count"": 0, ""vh_db_median"": null, ""vh_db_p10"": null, ""vh_db_p90"": null, ""vv_db_median"": null, ""vv_db_p10"": null, ""vv_db_p90"": null, ""vv_vh_db_difference"": null}","{""source_resolution_m_delta"": 0.0, ""valid_pixel_count_delta"": 0}",,Derived observation retained from a public raw scene; absence or missing scene is not evidence of absence.
EPOCH-0788d9aeb3114553,Meta Montgomery,"Co Rd 42, Montgomery, AL 36105, USA",32.270057,-86.328751,public-address geocode,tir,Landsat Collection 2 Level-2 Surface Temperature,LC08_L2SP_020037_20260122_02_T2,2026-01-22,https://planetarycomputer.microsoft.com/api/stac/v1/collections/landsat-c2-l2/items/LC08_L2SP_020037_20260122_02_T2,https://planetarycomputer.microsoft.com/api/stac/v1/search,landsat-c2-l2,4.95,INGESTED_DERIVED,RAW_COG_WINDOW_PROCESSED,physical-verification-v1,"{""local_background_temperature_k_median"": 275.16253662109375, ""local_surface_temperature_delta_k"": 1.1826171875, ""proxy_note"": ""Thermal anomaly is relative to the local scene background, not a calibrated facility heat-output measurement."", ""source_asset_key"": ""lwir11"", ""source_resolution_m"": 30.0, ""surface_temperature_k_median"": 276.34515380859375, ""surface_temperature_p10_k"": 274.3634033203125, ""surface_temperature_p90_k"": 277.3705749511719, ""valid_pixel_count"": 14601}",{},,Derived observation retained from a public raw scene; absence or missing scene is not evidence of absence.
EPOCH-0788d9aeb3114553,Meta Montgomery,"Co Rd 42, Montgomery, AL 36105, USA",32.270057,-86.328751,public-address geocode,tir,Landsat Collection 2 Level-2 Surface Temperature,LC09_L2SP_020038_20260911_02_T2,2026-09-11,https://planetarycomputer.microsoft.com/api/stac/v1/collections/landsat-c2-l2/items/LC09_L2SP_020038_20260911_02_T2,https://planetarycomputer.microsoft.com/api/stac/v1/search,landsat-c2-l2,99.95,INGESTED_DERIVED,RAW_COG_WINDOW_PROCESSED,physical-verification-v1,"{""local_background_temperature_k_median"": 293.0, ""local_surface_temperature_delta_k"": 0.0, ""proxy_note"": ""Thermal anomaly is relative to the local scene background, not a calibrated facility heat-output measurement."", ""source_asset_key"": ""lwir11"", ""source_resolution_m"": 30.0, ""surface_temperature_k_median"": 293.0, ""surface_temperature_p10_k"": 293.0, ""surface_temperature_p90_k"": 293.0, ""valid_pixel_count"": 36864}","{""local_background_temperature_k_median_delta"": 17.83746337890625, ""local_surface_temperature_delta_k_delta"": -1.1826171875, ""source_resolution_m_delta"": 0.0, ""surface_temperature_k_median_delta"": 16.65484619140625, ""surface_temperature_p10_k_delta"": 18.6365966796875, ""surface_temperature_p90_k_delta"": 15.629425048828125, ""valid_pixel_count_delta"": 22263}",,Derived observation retained from a public raw scene; absence or missing scene is not evidence of absence.
EPOCH-0bb0b996b7c96beb,Meta Eagle Mountain,"1275 N Community Cir, Eagle Mountain, UT 84005",40.2655833,-112.0151087,public-address geocode,optical,Sentinel-2 MSI L2A,S2C_MSIL2A_20260531T180911_R084_T12TVK_20260531T231310,2026-05-31,https://planetarycomputer.microsoft.com/api/stac/v1/collections/sentinel-2-l2a/items/S2C_MSIL2A_20260531T180911_R084_T12TVK_20260531T231310,https://planetarycomputer.microsoft.com/api/stac/v1/search,sentinel-2-l2a,32.827675,INGESTED_DERIVED,RAW_COG_WINDOW_PROCESSED,physical-verification-v1,"{""ndvi_median"": 0.07939441502094269, ""ndvi_p10"": 0.007537403609603643, ""ndvi_p90"": 0.13405007123947144, ""nir_reflectance_median"": 0.44839999079704285, ""nonvegetated_proxy_fraction"": 0.9768246832043606, ""proxy_note"": ""Nonvegetated fraction is a coarse surface-change proxy; it is not a building-footprint measurement."", ""red_reflectance_median"": 0.375900000333786, ""source_asset_keys"": [""B04"", ""B08"", ""SCL""], ""source_resolution_m"": 10.0, ""valid_pixel_count"": 201076}",{},,Derived observation retained from a public raw scene; absence or missing scene is not evidence of absence.
EPOCH-0bb0b996b7c96beb,Meta Eagle Mountain,"1275 N Community Cir, Eagle Mountain, UT 84005",40.2655833,-112.0151087,public-address geocode,optical,Sentinel-2 MSI L2A,S2B_MSIL2A_20260926T182029_R127_T12TVK_20260926T233146,2026-09-26,https://planetarycomputer.microsoft.com/api/stac/v1/collections/sentinel-2-l2a/items/S2B_MSIL2A_20260926T182029_R127_T12TVK_20260926T233146,https://planetarycomputer.microsoft.com/api/stac/v1/search,sentinel-2-l2a,0.82824,INGESTED_DERIVED,RAW_COG_WINDOW_PROCESSED,physical-verification-v1,"{""ndvi_median"": 0.07692307233810425, ""ndvi_p10"": 0.016539206728339195, ""ndvi_p90"": 0.12123724818229675, ""nir_reflectance_median"": 0.40049999952316284, ""nonvegetated_proxy_fraction"": 0.98089599609375, ""proxy_note"": ""Nonvegetated fraction is a coarse surface-change proxy; it is not a building-footprint measurement."", ""red_reflectance_median"": 0.3416999876499176, ""source_asset_keys"": [""B04"", ""B08"", ""SCL""], ""source_resolution_m"": 10.0, ""valid_pixel_count"": 262144}","{""ndvi_median_delta"": -0.00247134268283844, ""ndvi_p10_delta"": 0.009001803118735552, ""ndvi_p90_delta"": -0.012812823057174683, ""nir_reflectance_median_delta"": -0.047899991273880005, ""nonvegetated_proxy_fraction_delta"": 0.004071312889389445, ""red_reflectance_median_delta"": -0.03420001268386841, ""source_resolution_m_delta"": 0.0, ""valid_pixel_count_delta"": 61068}",,Derived observation retained from a public raw scene; absence or missing scene is not evidence of absence.
EPOCH-0bb0b996b7c96beb,Meta Eagle Mountain,"1275 N Community Cir, Eagle Mountain, UT 84005",40.2655833,-112.0151087,public-address geocode,sar,Sentinel-1 GRD,S1A_IW_GRDH_1SDV_20260211T133424_20260211T133449_063172_07EE13,2026-02-11,https://planetarycomputer.microsoft.com/api/stac/v1/collections/sentinel-1-grd/items/S1A_IW_GRDH_1SDV_20260211T133424_20260211T133449_063172_07EE13,https://planetarycomputer.microsoft.com/api/stac/v1/search,sentinel-1-grd,,INGESTED_DERIVED,RAW_COG_WINDOW_PROCESSED,physical-verification-v1,"{""backscatter_note"": ""Sentinel-1 GRD detected amplitude is converted to dB with 20*log10(amplitude)."", ""source_asset_keys"": [""vv"", ""vh""], ""source_resolution_m"": 1.0, ""valid_pixel_count"": 0, ""vh_db_median"": null, ""vh_db_p10"": null, ""vh_db_p90"": null, ""vv_db_median"": null, ""vv_db_p10"": null, ""vv_db_p90"": null, ""vv_vh_db_difference"": null}",{},,Derived observation retained from a public raw scene; absence or missing scene is not evidence of absence.
EPOCH-0bb0b996b7c96beb,Meta Eagle Mountain,"1275 N Community Cir, Eagle Mountain, UT 84005",40.2655833,-112.0151087,public-address geocode,sar,Sentinel-1 GRD,S1C_IW_GRDH_1SDV_20260923T012630_20260923T012655_009568_0130A5,2026-09-23,https://planetarycomputer.microsoft.com/api/stac/v1/collections/sentinel-1-grd/items/S1C_IW_GRDH_1SDV_20260923T012630_20260923T012655_009568_0130A5,https://planetarycomputer.microsoft.com/api/stac/v1/search,sentinel-1-grd,,INGESTED_DERIVED,RAW_COG_WINDOW_PROCESSED,physical-verification-v1,"{""backscatter_note"": ""Sentinel-1 GRD detected amplitude is converted to dB with 20*log10(amplitude)."", ""source_asset_keys"": [""vv"", ""vh""], ""source_resolution_m"": 1.0, ""valid_pixel_count"": 0, ""vh_db_median"": null, ""vh_db_p10"": null, ""vh_db_p90"": null, ""vv_db_median"": null, ""vv_db_p10"": null, ""vv_db_p90"": null, ""vv_vh_db_difference"": null}","{""source_resolution_m_delta"": 0.0, ""valid_pixel_count_delta"": 0}",,Derived observation retained from a public raw scene; absence or missing scene is not evidence of absence.
EPOCH-0bb0b996b7c96beb,Meta Eagle Mountain,"1275 N Community Cir, Eagle Mountain, UT 84005",40.2655833,-112.0151087,public-address geocode,tir,Landsat Collection 2 Level-2 Surface Temperature,LC09_L2SP_038032_20250517_02_T1,2025-05-17,https://planetarycomputer.microsoft.com/api/stac/v1/collections/landsat-c2-l2/items/LC09_L2SP_038032_20250517_02_T1,https://planetarycomputer.microsoft.com/api/stac/v1/search,landsat-c2-l2,91.51,INGESTED_DERIVED,RAW_COG_WINDOW_PROCESSED,physical-verification-v1,"{""local_background_temperature_k_median"": 222.7437744140625, ""local_surface_temperature_delta_k"": -0.16748046875, ""proxy_note"": ""Thermal anomaly is relative to the local scene background, not a calibrated facility heat-output measurement."", ""source_asset_key"": ""lwir11"", ""source_resolution_m"": 30.0, ""surface_temperature_k_median"": 222.5762939453125, ""surface_temperature_p10_k"": 220.01278686523438, ""surface_temperature_p90_k"": 225.09194946289062, ""valid_pixel_count"": 36864}",{},,Derived observation retained from a public raw scene; absence or missing scene is not evidence of absence.
EPOCH-0bb0b996b7c96beb,Meta Eagle Mountain,"1275 N Community Cir, Eagle Mountain, UT 84005",40.2655833,-112.0151087,public-address geocode,tir,Landsat Collection 2 Level-2 Surface Temperature,LC09_L2SP_038032_20260925_02_T1,2026-09-25,https://planetarycomputer.microsoft.com/api/stac/v1/collections/landsat-c2-l2/items/LC09_L2SP_038032_20260925_02_T1,https://planetarycomputer.microsoft.com/api/stac/v1/search,landsat-c2-l2,7.09,INGESTED_DERIVED,RAW_COG_WINDOW_PROCESSED,physical-verification-v1,"{""local_background_temperature_k_median"": 306.1776428222656, ""local_surface_temperature_delta_k"": -3.400909423828125, ""proxy_note"": ""Thermal anomaly is relative to the local scene background, not a calibrated facility heat-output measurement."", ""source_asset_key"": ""lwir11"", ""source_resolution_m"": 30.0, ""surface_temperature_k_median"": 302.7767333984375, ""surface_temperature_p10_k"": 298.46661376953125, ""surface_temperature_p90_k"": 307.58758544921875, ""valid_pixel_count"": 36864}","{""local_background_temperature_k_median_delta"": 83.43386840820312, ""local_surface_temperature_delta_k_delta"": -3.233428955078125, ""source_resolution_m_delta"": 0.0, ""surface_temperature_k_median_delta"": 80.200439453125, ""surface_temperature_p10_k_delta"": 78.45382690429688, ""surface_temperature_p90_k_delta"": 82.49563598632812, ""valid_pixel_count_delta"": 0}",,Derived observation retained from a public raw scene; absence or missing scene is not evidence of absence.
EPOCH-14cecdb5956daea1,Meta Cheyenne,"Cheyenne, WY 82007, USA",41.139981,-104.820246,public-address geocode,optical,Sentinel-2 MSI L2A,S2C_MSIL2A_20260522T173901_R098_T13TEF_20260522T224017,2026-05-22,https://planetarycomputer.microsoft.com/api/stac/v1/collections/sentinel-2-l2a/items/S2C_MSIL2A_20260522T173901_R098_T13TEF_20260522T224017,https://planetarycomputer.microsoft.com/api/stac/v1/search,sentinel-2-l2a,8.259945,INGESTED_DERIVED,RAW_COG_WINDOW_PROCESSED,physical-verification-v1,"{""ndvi_median"": 0.163791686296463, ""ndvi_p10"": 0.028415627777576447, ""ndvi_p90"": 0.2996232211589813, ""nir_reflectance_median"": 0.36660000681877136, ""nonvegetated_proxy_fraction"": 0.6607627868652344, ""proxy_note"": ""Nonvegetated fraction is a coarse surface-change proxy; it is not a building-footprint measurement."", ""red_reflectance_median"": 0.2513999938964844, ""source_asset_keys"": [""B04"", ""B08"", ""SCL""], ""source_resolution_m"": 10.0, ""valid_pixel_count"": 262144}",{},,Derived observation retained from a public raw scene; absence or missing scene is not evidence of absence.
EPOCH-14cecdb5956daea1,Meta Cheyenne,"Cheyenne, WY 82007, USA",41.139981,-104.820246,public-address geocode,optical,Sentinel-2 MSI L2A,S2A_MSIL2A_20260924T175741_R141_T13TEF_20260924T224611,2026-09-24,https://planetarycomputer.microsoft.com/api/stac/v1/collections/sentinel-2-l2a/items/S2A_MSIL2A_20260924T175741_R141_T13TEF_20260924T224611,https://planetarycomputer.microsoft.com/api/stac/v1/search,sentinel-2-l2a,20.367736,INGESTED_DERIVED,RAW_COG_WINDOW_PROCESSED,physical-verification-v1,"{""ndvi_median"": 0.11111113429069519, ""ndvi_p10"": 0.0469093881547451, ""ndvi_p90"": 0.19187763333320618, ""nir_reflectance_median"": 0.35589998960494995, ""nonvegetated_proxy_fraction"": 0.9103918795240868, ""proxy_note"": ""Nonvegetated fraction is a coarse surface-change proxy; it is not a building-footprint measurement."", ""red_reflectance_median"": 0.2793999910354614, ""source_asset_keys"": [""B04"", ""B08"", ""SCL""], ""source_resolution_m"": 10.0, ""valid_pixel_count"": 132209}","{""ndvi_median_delta"": -0.05268055200576782, ""ndvi_p10_delta"": 0.018493760377168655, ""ndvi_p90_delta"": -0.10774558782577515, ""nir_reflectance_median_delta"": -0.010700017213821411, ""nonvegetated_proxy_fraction_delta"": 0.24962909265885247, ""red_reflectance_median_delta"": 0.02799999713897705, ""source_resolution_m_delta"": 0.0, ""valid_pixel_count_delta"": -129935}",,Derived observation retained from a public raw scene; absence or missing scene is not evidence of absence.
EPOCH-14cecdb5956daea1,Meta Cheyenne,"Cheyenne, WY 82007, USA",41.139981,-104.820246,public-address geocode,sar,Sentinel-1 GRD,S1A_IW_GRDH_1SDV_20260208T130915_20260208T130940_063128_07EC85,2026-02-08,https://planetarycomputer.microsoft.com/api/stac/v1/collections/sentinel-1-grd/items/S1A_IW_GRDH_1SDV_20260208T130915_20260208T130940_063128_07EC85,https://planetarycomputer.microsoft.com/api/stac/v1/search,sentinel-1-grd,,INGESTED_DERIVED,RAW_COG_WINDOW_PROCESSED,physical-verification-v1,"{""backscatter_note"": ""Sentinel-1 GRD detected amplitude is converted to dB with 20*log10(amplitude)."", ""source_asset_keys"": [""vv"", ""vh""], ""source_resolution_m"": 1.0, ""valid_pixel_count"": 0, ""vh_db_median"": null, ""vh_db_p10"": null, ""vh_db_p90"": null, ""vv_db_median"": null, ""vv_db_p10"": null, ""vv_db_p90"": null, ""vv_vh_db_difference"": null}",{},,Derived observation retained from a public raw scene; absence or missing scene is not evidence of absence.
EPOCH-14cecdb5956daea1,Meta Cheyenne,"Cheyenne, WY 82007, USA",41.139981,-104.820246,public-address geocode,sar,Sentinel-1 GRD,S1C_IW_GRDH_1SDV_20260927T005343_20260927T005408_009626_01328F,2026-09-27,https://planetarycomputer.microsoft.com/api/stac/v1/collections/sentinel-1-grd/items/S1C_IW_GRDH_1SDV_20260927T005343_20260927T005408_009626_01328F,https://planetarycomputer.microsoft.com/api/stac/v1/search,sentinel-1-grd,,INGESTED_DERIVED,RAW_COG_WINDOW_PROCESSED,physical-verification-v1,"{""backscatter_note"": ""Sentinel-1 GRD detected amplitude is converted to dB with 20*log10(amplitude)."", ""source_asset_keys"": [""vv"", ""vh""], ""source_resolution_m"": 1.0, ""valid_pixel_count"": 0, ""vh_db_median"": null, ""vh_db_p10"": null, ""vh_db_p90"": null, ""vv_db_median"": null, ""vv_db_p10"": null, ""vv_db_p90"": null, ""vv_vh_db_difference"": null}","{""source_resolution_m_delta"": 0.0, ""valid_pixel_count_delta"": 0}",,Derived observation retained from a public raw scene; absence or missing scene is not evidence of absence.
EPOCH-14cecdb5956daea1,Meta Cheyenne,"Cheyenne, WY 82007, USA",41.139981,-104.820246,public-address geocode,tir,Landsat Collection 2 Level-2 Surface Temperature,LC08_L2SP_034031_20260414_02_T1,2026-04-14,https://planetarycomputer.microsoft.com/api/stac/v1/collections/landsat-c2-l2/items/LC08_L2SP_034031_20260414_02_T1,https://planetarycomputer.microsoft.com/api/stac/v1/search,landsat-c2-l2,84.71,INGESTED_DERIVED,RAW_COG_WINDOW_PROCESSED,physical-verification-v1,"{""local_background_temperature_k_median"": 254.9107666015625, ""local_surface_temperature_delta_k"": 2.86090087890625, ""proxy_note"": ""Thermal anomaly is relative to the local scene background, not a calibrated facility heat-output measurement."", ""source_asset_key"": ""lwir11"", ""source_resolution_m"": 30.0, ""surface_temperature_k_median"": 257.77166748046875, ""surface_temperature_p10_k"": 253.83580017089844, ""surface_temperature_p90_k"": 261.1401062011719, ""valid_pixel_count"": 36864}",{},,Derived observation retained from a public raw scene; absence or missing scene is not evidence of absence.
EPOCH-14cecdb5956daea1,Meta Cheyenne,"Cheyenne, WY 82007, USA",41.139981,-104.820246,public-address geocode,tir,Landsat Collection 2 Level-2 Surface Temperature,LC09_L2SP_033032_20260922_02_T1,2026-09-22,https://planetarycomputer.microsoft.com/api/stac/v1/collections/landsat-c2-l2/items/LC09_L2SP_033032_20260922_02_T1,https://planetarycomputer.microsoft.com/api/stac/v1/search,landsat-c2-l2,8.52,INGESTED_DERIVED,RAW_COG_WINDOW_PROCESSED,physical-verification-v1,"{""local_background_temperature_k_median"": 307.17230224609375, ""local_surface_temperature_delta_k"": -0.31787109375, ""proxy_note"": ""Thermal anomaly is relative to the local scene background, not a calibrated facility heat-output measurement."", ""source_asset_key"": ""lwir11"", ""source_resolution_m"": 30.0, ""surface_temperature_k_median"": 306.85443115234375, ""surface_temperature_p10_k"": 305.1282958984375, ""surface_temperature_p90_k"": 308.12591552734375, ""valid_pixel_count"": 36864}","{""local_background_temperature_k_median_delta"": 52.26153564453125, ""local_surface_temperature_delta_k_delta"": -3.17877197265625, ""source_resolution_m_delta"": 0.0, ""surface_temperature_k_median_delta"": 49.082763671875, ""surface_temperature_p10_k_delta"": 51.29249572753906, ""surface_temperature_p90_k_delta"": 46.985809326171875, ""valid_pixel_count_delta"": 0}",,Derived observation retained from a public raw scene; absence or missing scene is not evidence of absence.
EPOCH-177c53f92d72ec4a,Meta Bowling Green,"12356 Middleton Pike, Bowling Green, OH 43402",41.4654149,-83.638938,public-address geocode,optical,Sentinel-2 MSI L2A,S2C_MSIL2A_20260826T161831_R040_T17TKG_20260826T211809,2026-08-26,https://planetarycomputer.microsoft.com/api/stac/v1/collections/sentinel-2-l2a/items/S2C_MSIL2A_20260826T161831_R040_T17TKG_20260826T211809,https://planetarycomputer.microsoft.com/api/stac/v1/search,sentinel-2-l2a,60.802454,INGESTED_DERIVED,RAW_COG_WINDOW_PROCESSED,physical-verification-v1,"{""ndvi_median"": 0.49422192573547363, ""ndvi_p10"": 0.08245209604501724, ""ndvi_p90"": 0.7294082641601562, ""nir_reflectance_median"": 0.6316999793052673, ""nonvegetated_proxy_fraction"": 0.17863374043752517, ""proxy_note"": ""Nonvegetated fraction is a coarse surface-change proxy; it is not a building-footprint measurement."", ""red_reflectance_median"": 0.17820000648498535, ""source_asset_keys"": [""B04"", ""B08"", ""SCL""], ""source_resolution_m"": 10.0, ""valid_pixel_count"": 59608}",{},,Derived observation retained from a public raw scene; absence or missing scene is not evidence of absence.
EPOCH-177c53f92d72ec4a,Meta Bowling Green,"12356 Middleton Pike, Bowling Green, OH 43402",41.4654149,-83.638938,public-address geocode,optical,Sentinel-2 MSI L2A,S2C_MSIL2A_20260925T162021_R040_T16TGL_20260925T195353,2026-09-25,https://planetarycomputer.microsoft.com/api/stac/v1/collections/sentinel-2-l2a/items/S2C_MSIL2A_20260925T162021_R040_T16TGL_20260925T195353,https://planetarycomputer.microsoft.com/api/stac/v1/search,sentinel-2-l2a,49.135032,INGESTED_DERIVED,RAW_COG_WINDOW_PROCESSED,physical-verification-v1,"{""ndvi_median"": 0.4831208288669586, ""ndvi_p10"": 0.0591251365840435, ""ndvi_p90"": 0.6198778748512268, ""nir_reflectance_median"": 0.4729999899864197, ""nonvegetated_proxy_fraction"": 0.1708654439998926, ""proxy_note"": ""Nonvegetated fraction is a coarse surface-change proxy; it is not a building-footprint measurement."", ""red_reflectance_median"": 0.16290000081062317, ""source_asset_keys"": [""B04"", ""B08"", ""SCL""], ""source_resolution_m"": 10.0, ""valid_pixel_count"": 186205}","{""ndvi_median_delta"": -0.011101096868515015, ""ndvi_p10_delta"": -0.02332695946097374, ""ndvi_p90_delta"": -0.10953038930892944, ""nir_reflectance_median_delta"": -0.15869998931884766, ""nonvegetated_proxy_fraction_delta"": -0.007768296437632577, ""red_reflectance_median_delta"": -0.015300005674362183, ""source_resolution_m_delta"": 0.0, ""valid_pixel_count_delta"": 126597}",,Derived observation retained from a public raw scene; absence or missing scene is not evidence of absence.
EPOCH-177c53f92d72ec4a,Meta Bowling Green,"12356 Middleton Pike, Bowling Green, OH 43402",41.4654149,-83.638938,public-address geocode,sar,Sentinel-1 GRD,S1C_IW_GRDH_1SDV_20260108T233139_20260108T233208_005819_00BA54,2026-01-08,https://planetarycomputer.microsoft.com/api/stac/v1/collections/sentinel-1-grd/items/S1C_IW_GRDH_1SDV_20260108T233139_20260108T233208_005819_00BA54,https://planetarycomputer.microsoft.com/api/stac/v1/search,sentinel-1-grd,,INGESTED_DERIVED,RAW_COG_WINDOW_PROCESSED,physical-verification-v1,"{""backscatter_note"": ""Sentinel-1 GRD detected amplitude is converted to dB with 20*log10(amplitude)."", ""source_asset_keys"": [""vv"", ""vh""], ""source_resolution_m"": 1.0, ""valid_pixel_count"": 0, ""vh_db_median"": null, ""vh_db_p10"": null, ""vh_db_p90"": null, ""vv_db_median"": null, ""vv_db_p10"": null, ""vv_db_p90"": null, ""vv_vh_db_difference"": null}",{},,Derived observation retained from a public raw scene; absence or missing scene is not evidence of absence.
EPOCH-177c53f92d72ec4a,Meta Bowling Green,"12356 Middleton Pike, Bowling Green, OH 43402",41.4654149,-83.638938,public-address geocode,sar,Sentinel-1 GRD,S1D_IW_GRDH_1SDV_20260925T232328_20260925T232353_004741_008DFF,2026-09-25,https://planetarycomputer.microsoft.com/api/stac/v1/collections/sentinel-1-grd/items/S1D_IW_GRDH_1SDV_20260925T232328_20260925T232353_004741_008DFF,https://planetarycomputer.microsoft.com/api/stac/v1/search,sentinel-1-grd,,INGESTED_DERIVED,RAW_COG_WINDOW_PROCESSED,physical-verification-v1,"{""backscatter_note"": ""Sentinel-1 GRD detected amplitude is converted to dB with 20*log10(amplitude)."", ""source_asset_keys"": [""vv"", ""vh""], ""source_resolution_m"": 1.0, ""valid_pixel_count"": 0, ""vh_db_median"": null, ""vh_db_p10"": null, ""vh_db_p90"": null, ""vv_db_median"": null, ""vv_db_p10"": null, ""vv_db_p90"": null, ""vv_vh_db_difference"": null}","{""source_resolution_m_delta"": 0.0, ""valid_pixel_count_delta"": 0}",,Derived observation retained from a public raw scene; absence or missing scene is not evidence of absence.
EPOCH-177c53f92d72ec4a,Meta Bowling Green,"12356 Middleton Pike, Bowling Green, OH 43402",41.4654149,-83.638938,public-address geocode,tir,Landsat Collection 2 Level-2 Surface Temperature,LC08_L2SP_020031_20250511_02_T1,2025-05-11,https://planetarycomputer.microsoft.com/api/stac/v1/collections/landsat-c2-l2/items/LC08_L2SP_020031_20250511_02_T1,https://planetarycomputer.microsoft.com/api/stac/v1/search,landsat-c2-l2,0.15,INGESTED_DERIVED,RAW_COG_WINDOW_PROCESSED,physical-verification-v1,"{""local_background_temperature_k_median"": 299.81329345703125, ""local_surface_temperature_delta_k"": -0.37939453125, ""proxy_note"": ""Thermal anomaly is relative to the local scene background, not a calibrated facility heat-output measurement."", ""source_asset_key"": ""lwir11"", ""source_resolution_m"": 30.0, ""surface_temperature_k_median"": 299.43389892578125, ""surface_temperature_p10_k"": 296.90625, ""surface_temperature_p90_k"": 301.18389892578125, ""valid_pixel_count"": 36864}",{},,Derived observation retained from a public raw scene; absence or missing scene is not evidence of absence.
EPOCH-177c53f92d72ec4a,Meta Bowling Green,"12356 Middleton Pike, Bowling Green, OH 43402",41.4654149,-83.638938,public-address geocode,tir,Landsat Collection 2 Level-2 Surface Temperature,LC09_L2SP_020031_20260911_02_T1,2026-09-11,https://planetarycomputer.microsoft.com/api/stac/v1/collections/landsat-c2-l2/items/LC09_L2SP_020031_20260911_02_T1,https://planetarycomputer.microsoft.com/api/stac/v1/search,landsat-c2-l2,12.18,INGESTED_DERIVED,RAW_COG_WINDOW_PROCESSED,physical-verification-v1,"{""local_background_temperature_k_median"": 297.8718566894531, ""local_surface_temperature_delta_k"": 2.450714111328125, ""proxy_note"": ""Thermal anomaly is relative to the local scene background, not a calibrated facility heat-output measurement."", ""source_asset_key"": ""lwir11"", ""source_resolution_m"": 30.0, ""surface_temperature_k_median"": 300.32257080078125, ""surface_temperature_p10_k"": 291.72283935546875, ""surface_temperature_p90_k"": 304.8890380859375, ""valid_pixel_count"": 36864}","{""local_background_temperature_k_median_delta"": -1.941436767578125, ""local_surface_temperature_delta_k_delta"": 2.830108642578125, ""source_resolution_m_delta"": 0.0, ""surface_temperature_k_median_delta"": 0.888671875, ""surface_temperature_p10_k_delta"": -5.18341064453125, ""surface_temperature_p90_k_delta"": 3.70513916015625, ""valid_pixel_count_delta"": 0}",,Derived observation retained from a public raw scene; absence or missing scene is not evidence of absence.
EPOCH-1ac0959562dee191,Meta Jeffersonville,"500 8th St, Jeffersonville, IN 47130, USA",38.279131,-85.739009,public-address geocode,optical,Sentinel-2 MSI L2A,S2B_MSIL2A_20260526T162829_R083_T16SFH_20260526T202211,2026-05-26,https://planetarycomputer.microsoft.com/api/stac/v1/collections/sentinel-2-l2a/items/S2B_MSIL2A_20260526T162829_R083_T16SFH_20260526T202211,https://planetarycomputer.microsoft.com/api/stac/v1/search,sentinel-2-l2a,99.9991,INGESTED_DERIVED,RAW_COG_WINDOW_PROCESSED,physical-verification-v1,"{""ndvi_median"": 0.014199639670550823, ""ndvi_p10"": 0.011623586528003216, ""ndvi_p90"": 0.016782652586698532, ""nir_reflectance_median"": 0.9584000110626221, ""nonvegetated_proxy_fraction"": 1.0, ""proxy_note"": ""Nonvegetated fraction is a coarse surface-change proxy; it is not a building-footprint measurement."", ""red_reflectance_median"": 0.9325000047683716, ""source_asset_keys"": [""B04"", ""B08"", ""SCL""], ""source_resolution_m"": 10.0, ""valid_pixel_count"": 262144}",{},,Derived observation retained from a public raw scene; absence or missing scene is not evidence of absence.
EPOCH-1ac0959562dee191,Meta Jeffersonville,"500 8th St, Jeffersonville, IN 47130, USA",38.279131,-85.739009,public-address geocode,optical,Sentinel-2 MSI L2A,S2B_MSIL2A_20260923T162919_R083_T16SFH_20260923T202234,2026-09-23,https://planetarycomputer.microsoft.com/api/stac/v1/collections/sentinel-2-l2a/items/S2B_MSIL2A_20260923T162919_R083_T16SFH_20260923T202234,https://planetarycomputer.microsoft.com/api/stac/v1/search,sentinel-2-l2a,99.975657,INGESTED_DERIVED,RAW_COG_WINDOW_PROCESSED,physical-verification-v1,"{""ndvi_median"": -0.009762493893504143, ""ndvi_p10"": -0.014611144550144672, ""ndvi_p90"": -0.004381831269711256, ""nir_reflectance_median"": 1.0224000215530396, ""nonvegetated_proxy_fraction"": 1.0, ""proxy_note"": ""Nonvegetated fraction is a coarse surface-change proxy; it is not a building-footprint measurement."", ""red_reflectance_median"": 1.0419000387191772, ""source_asset_keys"": [""B04"", ""B08"", ""SCL""], ""source_resolution_m"": 10.0, ""valid_pixel_count"": 262144}","{""ndvi_median_delta"": -0.023962133564054966, ""ndvi_p10_delta"": -0.026234731078147888, ""ndvi_p90_delta"": -0.021164483856409788, ""nir_reflectance_median_delta"": 0.06400001049041748, ""nonvegetated_proxy_fraction_delta"": 0.0, ""red_reflectance_median_delta"": 0.10940003395080566, ""source_resolution_m_delta"": 0.0, ""valid_pixel_count_delta"": 0}",,Derived observation retained from a public raw scene; absence or missing scene is not evidence of absence.
EPOCH-1ac0959562dee191,Meta Jeffersonville,"500 8th St, Jeffersonville, IN 47130, USA",38.279131,-85.739009,public-address geocode,sar,Sentinel-1 GRD,S1A_IW_GRDH_1SDV_20250112T233957_20250112T234022_057418_071180,2025-01-12,https://planetarycomputer.microsoft.com/api/stac/v1/collections/sentinel-1-grd/items/S1A_IW_GRDH_1SDV_20250112T233957_20250112T234022_057418_071180,https://planetarycomputer.microsoft.com/api/stac/v1/search,sentinel-1-grd,,INGESTED_DERIVED,RAW_COG_WINDOW_PROCESSED,physical-verification-v1,"{""backscatter_note"": ""Sentinel-1 GRD detected amplitude is converted to dB with 20*log10(amplitude)."", ""source_asset_keys"": [""vv"", ""vh""], ""source_resolution_m"": 1.0, ""valid_pixel_count"": 0, ""vh_db_median"": null, ""vh_db_p10"": null, ""vh_db_p90"": null, ""vv_db_median"": null, ""vv_db_p10"": null, ""vv_db_p90"": null, ""vv_vh_db_difference"": null}",{},,Derived observation retained from a public raw scene; absence or missing scene is not evidence of absence.
EPOCH-1ac0959562dee191,Meta Jeffersonville,"500 8th St, Jeffersonville, IN 47130, USA",38.279131,-85.739009,public-address geocode,sar,Sentinel-1 GRD,S1D_IW_GRDH_1SDV_20260923T233904_20260923T233929_004712_008D06,2026-09-23,https://planetarycomputer.microsoft.com/api/stac/v1/collections/sentinel-1-grd/items/S1D_IW_GRDH_1SDV_20260923T233904_20260923T233929_004712_008D06,https://planetarycomputer.microsoft.com/api/stac/v1/search,sentinel-1-grd,,INGESTED_DERIVED,RAW_COG_WINDOW_PROCESSED,physical-verification-v1,"{""backscatter_note"": ""Sentinel-1 GRD detected amplitude is converted to dB with 20*log10(amplitude)."", ""source_asset_keys"": [""vv"", ""vh""], ""source_resolution_m"": 1.0, ""valid_pixel_count"": 0, ""vh_db_median"": null, ""vh_db_p10"": null, ""vh_db_p90"": null, ""vv_db_median"": null, ""vv_db_p10"": null, ""vv_db_p90"": null, ""vv_vh_db_difference"": null}","{""source_resolution_m_delta"": 0.0, ""valid_pixel_count_delta"": 0}",,Derived observation retained from a public raw scene; absence or missing scene is not evidence of absence.
EPOCH-1ac0959562dee191,Meta Jeffersonville,"500 8th St, Jeffersonville, IN 47130, USA",38.279131,-85.739009,public-address geocode,tir,Landsat Collection 2 Level-2 Surface Temperature,LC08_L2SP_020033_20260412_02_T1,2026-04-12,https://planetarycomputer.microsoft.com/api/stac/v1/collections/landsat-c2-l2/items/LC08_L2SP_020033_20260412_02_T1,https://planetarycomputer.microsoft.com/api/stac/v1/search,landsat-c2-l2,4.61,INGESTED_DERIVED,RAW_COG_WINDOW_PROCESSED,physical-verification-v1,"{""local_background_temperature_k_median"": 298.25469970703125, ""local_surface_temperature_delta_k"": 2.8916015625, ""proxy_note"": ""Thermal anomaly is relative to the local scene background, not a calibrated facility heat-output measurement."", ""source_asset_key"": ""lwir11"", ""source_resolution_m"": 30.0, ""surface_temperature_k_median"": 301.14630126953125, ""surface_temperature_p10_k"": 289.6122131347656, ""surface_temperature_p90_k"": 305.3949279785156, ""valid_pixel_count"": 36864}",{},,Derived observation retained from a public raw scene; absence or missing scene is not evidence of absence.
EPOCH-1ac0959562dee191,Meta Jeffersonville,"500 8th St, Jeffersonville, IN 47130, USA",38.279131,-85.739009,public-address geocode,tir,Landsat Collection 2 Level-2 Surface Temperature,LC09_L2SP_021033_20260918_02_T1,2026-09-18,https://planetarycomputer.microsoft.com/api/stac/v1/collections/landsat-c2-l2/items/LC09_L2SP_021033_20260918_02_T1,https://planetarycomputer.microsoft.com/api/stac/v1/search,landsat-c2-l2,41.97,INGESTED_DERIVED,RAW_COG_WINDOW_PROCESSED,physical-verification-v1,"{""local_background_temperature_k_median"": 304.4925537109375, ""local_surface_temperature_delta_k"": 8.6544189453125, ""proxy_note"": ""Thermal anomaly is relative to the local scene background, not a calibrated facility heat-output measurement."", ""source_asset_key"": ""lwir11"", ""source_resolution_m"": 30.0, ""surface_temperature_k_median"": 313.14697265625, ""surface_temperature_p10_k"": 301.4095153808594, ""surface_temperature_p90_k"": 316.68463134765625, ""valid_pixel_count"": 36864}","{""local_background_temperature_k_median_delta"": 6.23785400390625, ""local_surface_temperature_delta_k_delta"": 5.7628173828125, ""source_resolution_m_delta"": 0.0, ""surface_temperature_k_median_delta"": 12.00067138671875, ""surface_temperature_p10_k_delta"": 11.79730224609375, ""surface_temperature_p90_k_delta"": 11.289703369140625, ""valid_pixel_count_delta"": 0}",,Derived observation retained from a public raw scene; absence or missing scene is not evidence of absence.
EPOCH-1c8ee8b0305c6313,Google Council Bluffs (East),"10410 Bunge Ave, Council Bluffs, IA 51503",41.1666499,-95.7977408,public-address geocode,optical,Sentinel-2 MSI L2A,S2C_MSIL2A_20260602T170851_R112_T15TTF_20260602T221514,2026-06-02,https://planetarycomputer.microsoft.com/api/stac/v1/collections/sentinel-2-l2a/items/S2C_MSIL2A_20260602T170851_R112_T15TTF_20260602T221514,https://planetarycomputer.microsoft.com/api/stac/v1/search,sentinel-2-l2a,97.60136,INGESTED_DERIVED,RAW_COG_WINDOW_PROCESSED,physical-verification-v1,"{""ndvi_median"": 0.16344240307807922, ""ndvi_p10"": 0.13217253983020782, ""ndvi_p90"": 0.2108161300420761, ""nir_reflectance_median"": 0.5206999778747559, ""nonvegetated_proxy_fraction"": 0.8603553771972656, ""proxy_note"": ""Nonvegetated fraction is a coarse surface-change proxy; it is not a building-footprint measurement."", ""red_reflectance_median"": 0.3727000057697296, ""source_asset_keys"": [""B04"", ""B08"", ""SCL""], ""source_resolution_m"": 10.0, ""valid_pixel_count"": 262144}",{},,Derived observation retained from a public raw scene; absence or missing scene is not evidence of absence.
EPOCH-1c8ee8b0305c6313,Google Council Bluffs (East),"10410 Bunge Ave, Council Bluffs, IA 51503",41.1666499,-95.7977408,public-address geocode,optical,Sentinel-2 MSI L2A,S2B_MSIL2A_20260925T170949_R112_T14TQL_20260925T211357,2026-09-25,https://planetarycomputer.microsoft.com/api/stac/v1/collections/sentinel-2-l2a/items/S2B_MSIL2A_20260925T170949_R112_T14TQL_20260925T211357,https://planetarycomputer.microsoft.com/api/stac/v1/search,sentinel-2-l2a,99.966836,INGESTED_DERIVED,RAW_COG_WINDOW_PROCESSED,physical-verification-v1,"{""ndvi_median"": -0.003783261403441429, ""ndvi_p10"": -0.016632307320833206, ""ndvi_p90"": 0.011604717001318932, ""nir_reflectance_median"": 0.8587999939918518, ""nonvegetated_proxy_fraction"": 1.0, ""proxy_note"": ""Nonvegetated fraction is a coarse surface-change proxy; it is not a building-footprint measurement."", ""red_reflectance_median"": 0.8641999959945679, ""source_asset_keys"": [""B04"", ""B08"", ""SCL""], ""source_resolution_m"": 10.0, ""valid_pixel_count"": 262144}","{""ndvi_median_delta"": -0.16722566448152065, ""ndvi_p10_delta"": -0.14880484715104103, ""ndvi_p90_delta"": -0.19921141304075718, ""nir_reflectance_median_delta"": 0.33810001611709595, ""nonvegetated_proxy_fraction_delta"": 0.13964462280273438, ""red_reflectance_median_delta"": 0.49149999022483826, ""source_resolution_m_delta"": 0.0, ""valid_pixel_count_delta"": 0}",,Derived observation retained from a public raw scene; absence or missing scene is not evidence of absence.
EPOCH-1c8ee8b0305c6313,Google Council Bluffs (East),"10410 Bunge Ave, Council Bluffs, IA 51503",41.1666499,-95.7977408,public-address geocode,sar,Sentinel-1 GRD,S1A_IW_GRDH_1SDV_20250720T001347_20250720T001423_060160_0779AE,2025-07-20,https://planetarycomputer.microsoft.com/api/stac/v1/collections/sentinel-1-grd/items/S1A_IW_GRDH_1SDV_20250720T001347_20250720T001423_060160_0779AE,https://planetarycomputer.microsoft.com/api/stac/v1/search,sentinel-1-grd,,INGESTED_DERIVED,RAW_COG_WINDOW_PROCESSED,physical-verification-v1,"{""backscatter_note"": ""Sentinel-1 GRD detected amplitude is converted to dB with 20*log10(amplitude)."", ""source_asset_keys"": [""vv"", ""vh""], ""source_resolution_m"": 1.0, ""valid_pixel_count"": 0, ""vh_db_median"": null, ""vh_db_p10"": null, ""vh_db_p90"": null, ""vv_db_median"": null, ""vv_db_p10"": null, ""vv_db_p90"": null, ""vv_vh_db_difference"": null}",{},,Derived observation retained from a public raw scene; absence or missing scene is not evidence of absence.
EPOCH-1c8ee8b0305c6313,Google Council Bluffs (East),"10410 Bunge Ave, Council Bluffs, IA 51503",41.1666499,-95.7977408,public-address geocode,sar,Sentinel-1 GRD,S1D_IW_GRDH_1SDV_20260925T002112_20260925T002148_004727_008D82,2026-09-25,https://planetarycomputer.microsoft.com/api/stac/v1/collections/sentinel-1-grd/items/S1D_IW_GRDH_1SDV_20260925T002112_20260925T002148_004727_008D82,https://planetarycomputer.microsoft.com/api/stac/v1/search,sentinel-1-grd,,INGESTED_DERIVED,RAW_COG_WINDOW_PROCESSED,physical-verification-v1,"{""backscatter_note"": ""Sentinel-1 GRD detected amplitude is converted to dB with 20*log10(amplitude)."", ""source_asset_keys"": [""vv"", ""vh""], ""source_resolution_m"": 1.0, ""valid_pixel_count"": 0, ""vh_db_median"": null, ""vh_db_p10"": null, ""vh_db_p90"": null, ""vv_db_median"": null, ""vv_db_p10"": null, ""vv_db_p90"": null, ""vv_vh_db_difference"": null}","{""source_resolution_m_delta"": 0.0, ""valid_pixel_count_delta"": 0}",,Derived observation retained from a public raw scene; absence or missing scene is not evidence of absence.
EPOCH-1c8ee8b0305c6313,Google Council Bluffs (East),"10410 Bunge Ave, Council Bluffs, IA 51503",41.1666499,-95.7977408,public-address geocode,tir,Landsat Collection 2 Level-2 Surface Temperature,LC09_L2SP_027032_20260405_02_T1,2026-04-05,https://planetarycomputer.microsoft.com/api/stac/v1/collections/landsat-c2-l2/items/LC09_L2SP_027032_20260405_02_T1,https://planetarycomputer.microsoft.com/api/stac/v1/search,landsat-c2-l2,0.48,INGESTED_DERIVED,RAW_COG_WINDOW_PROCESSED,physical-verification-v1,"{""local_background_temperature_k_median"": 293.3771667480469, ""local_surface_temperature_delta_k"": -0.758819580078125, ""proxy_note"": ""Thermal anomaly is relative to the local scene background, not a calibrated facility heat-output measurement."", ""source_asset_key"": ""lwir11"", ""source_resolution_m"": 30.0, ""surface_temperature_k_median"": 292.61834716796875, ""surface_temperature_p10_k"": 290.85638427734375, ""surface_temperature_p90_k"": 295.26220703125, ""valid_pixel_count"": 36864}",{},,Derived observation retained from a public raw scene; absence or missing scene is not evidence of absence.
EPOCH-1c8ee8b0305c6313,Google Council Bluffs (East),"10410 Bunge Ave, Council Bluffs, IA 51503",41.1666499,-95.7977408,public-address geocode,tir,Landsat Collection 2 Level-2 Surface Temperature,LC09_L2SP_028031_20260919_02_T1,2026-09-19,https://planetarycomputer.microsoft.com/api/stac/v1/collections/landsat-c2-l2/items/LC09_L2SP_028031_20260919_02_T1,https://planetarycomputer.microsoft.com/api/stac/v1/search,landsat-c2-l2,88.64,INGESTED_DERIVED,RAW_COG_WINDOW_PROCESSED,physical-verification-v1,"{""local_background_temperature_k_median"": 263.469482421875, ""local_surface_temperature_delta_k"": 2.96685791015625, ""proxy_note"": ""Thermal anomaly is relative to the local scene background, not a calibrated facility heat-output measurement."", ""source_asset_key"": ""lwir11"", ""source_resolution_m"": 30.0, ""surface_temperature_k_median"": 266.43634033203125, ""surface_temperature_p10_k"": 258.73040771484375, ""surface_temperature_p90_k"": 276.14178466796875, ""valid_pixel_count"": 36864}","{""local_background_temperature_k_median_delta"": -29.907684326171875, ""local_surface_temperature_delta_k_delta"": 3.725677490234375, ""source_resolution_m_delta"": 0.0, ""surface_temperature_k_median_delta"": -26.1820068359375, ""surface_temperature_p10_k_delta"": -32.1259765625, ""surface_temperature_p90_k_delta"": -19.12042236328125, ""valid_pixel_count_delta"": 0}",,Derived observation retained from a public raw scene; absence or missing scene is not evidence of absence.
EPOCH-27e284efc1b1abc2,Meta Huntsville,"5400 Prosperity Dr NW, Toney, AL",34.8478207,-86.6268013,public-address geocode,optical,Sentinel-2 MSI L2A,S2C_MSIL2A_20260418T161901_R040_T16SED_20260418T211412,2026-04-18,https://planetarycomputer.microsoft.com/api/stac/v1/collections/sentinel-2-l2a/items/S2C_MSIL2A_20260418T161901_R040_T16SED_20260418T211412,https://planetarycomputer.microsoft.com/api/stac/v1/search,sentinel-2-l2a,93.777466,INGESTED_DERIVED,RAW_COG_WINDOW_PROCESSED,physical-verification-v1,"{""ndvi_median"": 0.1829203963279724, ""ndvi_p10"": 0.11044740676879883, ""ndvi_p90"": 0.25639188289642334, ""nir_reflectance_median"": 0.0, ""nonvegetated_proxy_fraction"": 0.08957672119140625, ""proxy_note"": ""Nonvegetated fraction is a coarse surface-change proxy; it is not a building-footprint measurement."", ""red_reflectance_median"": 0.0, ""source_asset_keys"": [""B04"", ""B08"", ""SCL""], ""source_resolution_m"": 10.0, ""valid_pixel_count"": 262144}",{},,Derived observation retained from a public raw scene; absence or missing scene is not evidence of absence.
EPOCH-27e284efc1b1abc2,Meta Huntsville,"5400 Prosperity Dr NW, Toney, AL",34.8478207,-86.6268013,public-address geocode,optical,Sentinel-2 MSI L2A,S2C_MSIL2A_20260925T162021_R040_T16SED_20260925T195353,2026-09-25,https://planetarycomputer.microsoft.com/api/stac/v1/collections/sentinel-2-l2a/items/S2C_MSIL2A_20260925T162021_R040_T16SED_20260925T195353,https://planetarycomputer.microsoft.com/api/stac/v1/search,sentinel-2-l2a,80.336708,INGESTED_DERIVED,RAW_COG_WINDOW_PROCESSED,physical-verification-v1,"{""ndvi_median"": 0.12155172228813171, ""ndvi_p10"": 0.045144714415073395, ""ndvi_p90"": 0.2418884038925171, ""nir_reflectance_median"": 0.0, ""nonvegetated_proxy_fraction"": 0.14008644574975063, ""proxy_note"": ""Nonvegetated fraction is a coarse surface-change proxy; it is not a building-footprint measurement."", ""red_reflectance_median"": 0.0, ""source_asset_keys"": [""B04"", ""B08"", ""SCL""], ""source_resolution_m"": 10.0, ""valid_pixel_count"": 9023}","{""ndvi_median_delta"": -0.0613686740398407, ""ndvi_p10_delta"": -0.06530269235372543, ""ndvi_p90_delta"": -0.01450347900390625, ""nir_reflectance_median_delta"": 0.0, ""nonvegetated_proxy_fraction_delta"": 0.05050972455834438, ""red_reflectance_median_delta"": 0.0, ""source_resolution_m_delta"": 0.0, ""valid_pixel_count_delta"": -253121}",,Derived observation retained from a public raw scene; absence or missing scene is not evidence of absence.
EPOCH-27e284efc1b1abc2,Meta Huntsville,"5400 Prosperity Dr NW, Toney, AL",34.8478207,-86.6268013,public-address geocode,sar,Sentinel-1 GRD,S1A_IW_GRDH_1SDV_20250306T234726_20250306T234751_058191_073093,2025-03-06,https://planetarycomputer.microsoft.com/api/stac/v1/collections/sentinel-1-grd/items/S1A_IW_GRDH_1SDV_20250306T234726_20250306T234751_058191_073093,https://planetarycomputer.microsoft.com/api/stac/v1/search,sentinel-1-grd,,INGESTED_DERIVED,RAW_COG_WINDOW_PROCESSED,physical-verification-v1,"{""backscatter_note"": ""Sentinel-1 GRD detected amplitude is converted to dB with 20*log10(amplitude)."", ""source_asset_keys"": [""vv"", ""vh""], ""source_resolution_m"": 1.0, ""valid_pixel_count"": 0, ""vh_db_median"": null, ""vh_db_p10"": null, ""vh_db_p90"": null, ""vv_db_median"": null, ""vv_db_p10"": null, ""vv_db_p90"": null, ""vv_vh_db_difference"": null}",{},,Derived observation retained from a public raw scene; absence or missing scene is not evidence of absence.
EPOCH-27e284efc1b1abc2,Meta Huntsville,"5400 Prosperity Dr NW, Toney, AL",34.8478207,-86.6268013,public-address geocode,sar,Sentinel-1 GRD,S1D_IW_GRDH_1SDV_20260916T234636_20260916T234701_004610_008983,2026-09-16,https://planetarycomputer.microsoft.com/api/stac/v1/collections/sentinel-1-grd/items/S1D_IW_GRDH_1SDV_20260916T234636_20260916T234701_004610_008983,https://planetarycomputer.microsoft.com/api/stac/v1/search,sentinel-1-grd,,INGESTED_DERIVED,RAW_COG_WINDOW_PROCESSED,physical-verification-v1,"{""backscatter_note"": ""Sentinel-1 GRD detected amplitude is converted to dB with 20*log10(amplitude)."", ""source_asset_keys"": [""vv"", ""vh""], ""source_resolution_m"": 1.0, ""valid_pixel_count"": 0, ""vh_db_median"": null, ""vh_db_p10"": null, ""vh_db_p90"": null, ""vv_db_median"": null, ""vv_db_p10"": null, ""vv_db_p90"": null, ""vv_vh_db_difference"": null}","{""source_resolution_m_delta"": 0.0, ""valid_pixel_count_delta"": 0}",,Derived observation retained from a public raw scene; absence or missing scene is not evidence of absence.
EPOCH-27e284efc1b1abc2,Meta Huntsville,"5400 Prosperity Dr NW, Toney, AL",34.8478207,-86.6268013,public-address geocode,tir,Landsat Collection 2 Level-2 Surface Temperature,LC08_L2SP_020036_20260122_02_T2,2026-01-22,https://planetarycomputer.microsoft.com/api/stac/v1/collections/landsat-c2-l2/items/LC08_L2SP_020036_20260122_02_T2,https://planetarycomputer.microsoft.com/api/stac/v1/search,landsat-c2-l2,87.67,INGESTED_DERIVED,RAW_COG_WINDOW_PROCESSED,physical-verification-v1,"{""local_background_temperature_k_median"": 269.9569091796875, ""local_surface_temperature_delta_k"": 4.71002197265625, ""proxy_note"": ""Thermal anomaly is relative to the local scene background, not a calibrated facility heat-output measurement."", ""source_asset_key"": ""lwir11"", ""source_resolution_m"": 30.0, ""surface_temperature_k_median"": 274.66693115234375, ""surface_temperature_p10_k"": 269.8816833496094, ""surface_temperature_p90_k"": 279.01806640625, ""valid_pixel_count"": 36864}",{},,Derived observation retained from a public raw scene; absence or missing scene is not evidence of absence.
EPOCH-27e284efc1b1abc2,Meta Huntsville,"5400 Prosperity Dr NW, Toney, AL",34.8478207,-86.6268013,public-address geocode,tir,Landsat Collection 2 Level-2 Surface Temperature,LC09_L2SP_021036_20260918_02_T1,2026-09-18,https://planetarycomputer.microsoft.com/api/stac/v1/collections/landsat-c2-l2/items/LC09_L2SP_021036_20260918_02_T1,https://planetarycomputer.microsoft.com/api/stac/v1/search,landsat-c2-l2,0.55,INGESTED_DERIVED,RAW_COG_WINDOW_PROCESSED,physical-verification-v1,"{""local_background_temperature_k_median"": 312.68896484375, ""local_surface_temperature_delta_k"": -0.0751953125, ""proxy_note"": ""Thermal anomaly is relative to the local scene background, not a calibrated facility heat-output measurement."", ""source_asset_key"": ""lwir11"", ""source_resolution_m"": 30.0, ""surface_temperature_k_median"": 312.61376953125, ""surface_temperature_p10_k"": 308.31390380859375, ""surface_temperature_p90_k"": 318.7064208984375, ""valid_pixel_count"": 36864}","{""local_background_temperature_k_median_delta"": 42.7320556640625, ""local_surface_temperature_delta_k_delta"": -4.78521728515625, ""source_resolution_m_delta"": 0.0, ""surface_temperature_k_median_delta"": 37.94683837890625, ""surface_temperature_p10_k_delta"": 38.432220458984375, ""surface_temperature_p90_k_delta"": 39.6883544921875, ""valid_pixel_count_delta"": 0}",,Derived observation retained from a public raw scene; absence or missing scene is not evidence of absence.
EPOCH-29fb769630142638,Anthropic Lake Mariner,"7725 Lake Rd, Barker, NY 14012",43.3586546,-78.604128,public-address geocode,optical,Sentinel-2 MSI L2A,S2B_MSIL2A_20260517T155819_R097_T17TPJ_20260517T194613,2026-05-17,https://planetarycomputer.microsoft.com/api/stac/v1/collections/sentinel-2-l2a/items/S2B_MSIL2A_20260517T155819_R097_T17TPJ_20260517T194613,https://planetarycomputer.microsoft.com/api/stac/v1/search,sentinel-2-l2a,19.594084,INGESTED_DERIVED,RAW_COG_WINDOW_PROCESSED,physical-verification-v1,"{""ndvi_median"": 0.1066751778125763, ""ndvi_p10"": -0.03527337685227394, ""ndvi_p90"": 0.5169824361801147, ""nir_reflectance_median"": 0.30469998717308044, ""nonvegetated_proxy_fraction"": 0.590801936515116, ""proxy_note"": ""Nonvegetated fraction is a coarse surface-change proxy; it is not a building-footprint measurement."", ""red_reflectance_median"": 0.1339000016450882, ""source_asset_keys"": [""B04"", ""B08"", ""SCL""], ""source_resolution_m"": 10.0, ""valid_pixel_count"": 260881}",{},,Derived observation retained from a public raw scene; absence or missing scene is not evidence of absence.
EPOCH-29fb769630142638,Anthropic Lake Mariner,"7725 Lake Rd, Barker, NY 14012",43.3586546,-78.604128,public-address geocode,optical,Sentinel-2 MSI L2A,S2B_MSIL2A_20260924T155909_R097_T17TPJ_20260924T200659,2026-09-24,https://planetarycomputer.microsoft.com/api/stac/v1/collections/sentinel-2-l2a/items/S2B_MSIL2A_20260924T155909_R097_T17TPJ_20260924T200659,https://planetarycomputer.microsoft.com/api/stac/v1/search,sentinel-2-l2a,2.622496,INGESTED_DERIVED,RAW_COG_WINDOW_PROCESSED,physical-verification-v1,"{""ndvi_median"": 0.16115981340408325, ""ndvi_p10"": -0.013448583893477917, ""ndvi_p90"": 0.5929798483848572, ""nir_reflectance_median"": 0.31450000405311584, ""nonvegetated_proxy_fraction"": 0.5075607299804688, ""proxy_note"": ""Nonvegetated fraction is a coarse surface-change proxy; it is not a building-footprint measurement."", ""red_reflectance_median"": 0.11959999799728394, ""source_asset_keys"": [""B04"", ""B08"", ""SCL""], ""source_resolution_m"": 10.0, ""valid_pixel_count"": 262144}","{""ndvi_median_delta"": 0.05448463559150696, ""ndvi_p10_delta"": 0.021824792958796024, ""ndvi_p90_delta"": 0.07599741220474243, ""nir_reflectance_median_delta"": 0.0098000168800354, ""nonvegetated_proxy_fraction_delta"": -0.08324120653464728, ""red_reflectance_median_delta"": -0.01430000364780426, ""source_resolution_m_delta"": 0.0, ""valid_pixel_count_delta"": 1263}",,Derived observation retained from a public raw scene; absence or missing scene is not evidence of absence.
EPOCH-29fb769630142638,Anthropic Lake Mariner,"7725 Lake Rd, Barker, NY 14012",43.3586546,-78.604128,public-address geocode,sar,Sentinel-1 GRD,S1A_IW_GRDH_1SDV_20250116T230818_20250116T230843_057476_0713C9,2025-01-16,https://planetarycomputer.microsoft.com/api/stac/v1/collections/sentinel-1-grd/items/S1A_IW_GRDH_1SDV_20250116T230818_20250116T230843_057476_0713C9,https://planetarycomputer.microsoft.com/api/stac/v1/search,sentinel-1-grd,,INGESTED_DERIVED,RAW_COG_WINDOW_PROCESSED,physical-verification-v1,"{""backscatter_note"": ""Sentinel-1 GRD detected amplitude is converted to dB with 20*log10(amplitude)."", ""source_asset_keys"": [""vv"", ""vh""], ""source_resolution_m"": 1.0, ""valid_pixel_count"": 0, ""vh_db_median"": null, ""vh_db_p10"": null, ""vh_db_p90"": null, ""vv_db_median"": null, ""vv_db_p10"": null, ""vv_db_p90"": null, ""vv_vh_db_difference"": null}",{},,Derived observation retained from a public raw scene; absence or missing scene is not evidence of absence.
EPOCH-29fb769630142638,Anthropic Lake Mariner,"7725 Lake Rd, Barker, NY 14012",43.3586546,-78.604128,public-address geocode,sar,Sentinel-1 GRD,S1D_IW_GRDH_1SDV_20260915T230749_20260915T230814_004595_0088FE,2026-09-15,https://planetarycomputer.microsoft.com/api/stac/v1/collections/sentinel-1-grd/items/S1D_IW_GRDH_1SDV_20260915T230749_20260915T230814_004595_0088FE,https://planetarycomputer.microsoft.com/api/stac/v1/search,sentinel-1-grd,,INGESTED_DERIVED,RAW_COG_WINDOW_PROCESSED,physical-verification-v1,"{""backscatter_note"": ""Sentinel-1 GRD detected amplitude is converted to dB with 20*log10(amplitude)."", ""source_asset_keys"": [""vv"", ""vh""], ""source_resolution_m"": 1.0, ""valid_pixel_count"": 0, ""vh_db_median"": null, ""vh_db_p10"": null, ""vh_db_p90"": null, ""vv_db_median"": null, ""vv_db_p10"": null, ""vv_db_p90"": null, ""vv_vh_db_difference"": null}","{""source_resolution_m_delta"": 0.0, ""valid_pixel_count_delta"": 0}",,Derived observation retained from a public raw scene; absence or missing scene is not evidence of absence.
EPOCH-29fb769630142638,Anthropic Lake Mariner,"7725 Lake Rd, Barker, NY 14012",43.3586546,-78.604128,public-address geocode,tir,Landsat Collection 2 Level-2 Surface Temperature,LC09_L2SP_017030_20250530_02_T1,2025-05-30,https://planetarycomputer.microsoft.com/api/stac/v1/collections/landsat-c2-l2/items/LC09_L2SP_017030_20250530_02_T1,https://planetarycomputer.microsoft.com/api/stac/v1/search,landsat-c2-l2,37.24,INGESTED_DERIVED,RAW_COG_WINDOW_PROCESSED,physical-verification-v1,"{""local_background_temperature_k_median"": 267.41387939453125, ""local_surface_temperature_delta_k"": 1.290313720703125, ""proxy_note"": ""Thermal anomaly is relative to the local scene background, not a calibrated facility heat-output measurement."", ""source_asset_key"": ""lwir11"", ""source_resolution_m"": 30.0, ""surface_temperature_k_median"": 268.7041931152344, ""surface_temperature_p10_k"": 261.989501953125, ""surface_temperature_p90_k"": 271.6522216796875, ""valid_pixel_count"": 36864}",{},,Derived observation retained from a public raw scene; absence or missing scene is not evidence of absence.
EPOCH-29fb769630142638,Anthropic Lake Mariner,"7725 Lake Rd, Barker, NY 14012",43.3586546,-78.604128,public-address geocode,tir,Landsat Collection 2 Level-2 Surface Temperature,LC09_L2SP_017030_20260922_02_T1,2026-09-22,https://planetarycomputer.microsoft.com/api/stac/v1/collections/landsat-c2-l2/items/LC09_L2SP_017030_20260922_02_T1,https://planetarycomputer.microsoft.com/api/stac/v1/search,landsat-c2-l2,49.26,INGESTED_DERIVED,RAW_COG_WINDOW_PROCESSED,physical-verification-v1,"{""local_background_temperature_k_median"": 284.83892822265625, ""local_surface_temperature_delta_k"": 0.579376220703125, ""proxy_note"": ""Thermal anomaly is relative to the local scene background, not a calibrated facility heat-output measurement."", ""source_asset_key"": ""lwir11"", ""source_resolution_m"": 30.0, ""surface_temperature_k_median"": 285.4183044433594, ""surface_temperature_p10_k"": 280.9834289550781, ""surface_temperature_p90_k"": 288.3697509765625, ""valid_pixel_count"": 36864}","{""local_background_temperature_k_median_delta"": 17.425048828125, ""local_surface_temperature_delta_k_delta"": -0.7109375, ""source_resolution_m_delta"": 0.0, ""surface_temperature_k_median_delta"": 16.714111328125, ""surface_temperature_p10_k_delta"": 18.993927001953125, ""surface_temperature_p90_k_delta"": 16.717529296875, ""valid_pixel_count_delta"": 0}",,Derived observation retained from a public raw scene; absence or missing scene is not evidence of absence.
EPOCH-2c2e40ddb178da3e,OpenAI Stargate Abilene,"5502 Spinks Rd, Abilene, TX 79601",32.4942321,-99.8009071,public-address geocode,optical,Sentinel-2 MSI L2A,S2B_MSIL2A_20260727T170849_R112_T14SMB_20260727T210327,2026-07-27,https://planetarycomputer.microsoft.com/api/stac/v1/collections/sentinel-2-l2a/items/S2B_MSIL2A_20260727T170849_R112_T14SMB_20260727T210327,https://planetarycomputer.microsoft.com/api/stac/v1/search,sentinel-2-l2a,0.042591,INGESTED_DERIVED,RAW_COG_WINDOW_PROCESSED,physical-verification-v1,"{""ndvi_median"": 0.18734653294086456, ""ndvi_p10"": 0.03667956963181496, ""ndvi_p90"": 0.353481262922287, ""nir_reflectance_median"": 0.4244999885559082, ""nonvegetated_proxy_fraction"": 0.5358518774078547, ""proxy_note"": ""Nonvegetated fraction is a coarse surface-change proxy; it is not a building-footprint measurement."", ""red_reflectance_median"": 0.27410000562667847, ""source_asset_keys"": [""B04"", ""B08"", ""SCL""], ""source_resolution_m"": 10.0, ""valid_pixel_count"": 173910}",{},,Derived observation retained from a public raw scene; absence or missing scene is not evidence of absence.
EPOCH-2c2e40ddb178da3e,OpenAI Stargate Abilene,"5502 Spinks Rd, Abilene, TX 79601",32.4942321,-99.8009071,public-address geocode,optical,Sentinel-2 MSI L2A,S2B_MSIL2A_20260925T170949_R112_T14SMA_20260925T221750,2026-09-25,https://planetarycomputer.microsoft.com/api/stac/v1/collections/sentinel-2-l2a/items/S2B_MSIL2A_20260925T170949_R112_T14SMA_20260925T221750,https://planetarycomputer.microsoft.com/api/stac/v1/search,sentinel-2-l2a,32.101369,INGESTED_DERIVED,RAW_COG_WINDOW_PROCESSED,physical-verification-v1,"{""ndvi_median"": 0.10027571022510529, ""ndvi_p10"": 0.002038478385657072, ""ndvi_p90"": 0.2631392180919647, ""nir_reflectance_median"": 0.3912999927997589, ""nonvegetated_proxy_fraction"": 0.8015861283337826, ""proxy_note"": ""Nonvegetated fraction is a coarse surface-change proxy; it is not a building-footprint measurement."", ""red_reflectance_median"": 0.3100000023841858, ""source_asset_keys"": [""B04"", ""B08"", ""SCL""], ""source_resolution_m"": 10.0, ""valid_pixel_count"": 114997}","{""ndvi_median_delta"": -0.08707082271575928, ""ndvi_p10_delta"": -0.034641091246157885, ""ndvi_p90_delta"": -0.09034204483032227, ""nir_reflectance_median_delta"": -0.03319999575614929, ""nonvegetated_proxy_fraction_delta"": 0.26573425092592795, ""red_reflectance_median_delta"": 0.035899996757507324, ""source_resolution_m_delta"": 0.0, ""valid_pixel_count_delta"": -58913}",,Derived observation retained from a public raw scene; absence or missing scene is not evidence of absence.
EPOCH-2c2e40ddb178da3e,OpenAI Stargate Abilene,"5502 Spinks Rd, Abilene, TX 79601",32.4942321,-99.8009071,public-address geocode,sar,Sentinel-1 GRD,S1A_IW_GRDH_1SDV_20251008T004404_20251008T004429_061327_07A6D2,2025-10-08,https://planetarycomputer.microsoft.com/api/stac/v1/collections/sentinel-1-grd/items/S1A_IW_GRDH_1SDV_20251008T004404_20251008T004429_061327_07A6D2,https://planetarycomputer.microsoft.com/api/stac/v1/search,sentinel-1-grd,,INGESTED_DERIVED,RAW_COG_WINDOW_PROCESSED,physical-verification-v1,"{""backscatter_note"": ""Sentinel-1 GRD detected amplitude is converted to dB with 20*log10(amplitude)."", ""source_asset_keys"": [""vv"", ""vh""], ""source_resolution_m"": 1.0, ""valid_pixel_count"": 0, ""vh_db_median"": null, ""vh_db_p10"": null, ""vh_db_p90"": null, ""vv_db_median"": null, ""vv_db_p10"": null, ""vv_db_p90"": null, ""vv_vh_db_difference"": null}",{},,Derived observation retained from a public raw scene; absence or missing scene is not evidence of absence.
EPOCH-2c2e40ddb178da3e,OpenAI Stargate Abilene,"5502 Spinks Rd, Abilene, TX 79601",32.4942321,-99.8009071,public-address geocode,sar,Sentinel-1 GRD,S1D_IW_GRDH_1SDV_20260923T003514_20260923T003539_004698_008C85,2026-09-23,https://planetarycomputer.microsoft.com/api/stac/v1/collections/sentinel-1-grd/items/S1D_IW_GRDH_1SDV_20260923T003514_20260923T003539_004698_008C85,https://planetarycomputer.microsoft.com/api/stac/v1/search,sentinel-1-grd,,INGESTED_DERIVED,RAW_COG_WINDOW_PROCESSED,physical-verification-v1,"{""backscatter_note"": ""Sentinel-1 GRD detected amplitude is converted to dB with 20*log10(amplitude)."", ""source_asset_keys"": [""vv"", ""vh""], ""source_resolution_m"": 1.0, ""valid_pixel_count"": 0, ""vh_db_median"": null, ""vh_db_p10"": null, ""vh_db_p90"": null, ""vv_db_median"": null, ""vv_db_p10"": null, ""vv_db_p90"": null, ""vv_vh_db_difference"": null}","{""source_resolution_m_delta"": 0.0, ""valid_pixel_count_delta"": 0}",,Derived observation retained from a public raw scene; absence or missing scene is not evidence of absence.
EPOCH-2c2e40ddb178da3e,OpenAI Stargate Abilene,"5502 Spinks Rd, Abilene, TX 79601",32.4942321,-99.8009071,public-address geocode,tir,Landsat Collection 2 Level-2 Surface Temperature,LC09_L2SP_028037_20260530_02_T1,2026-05-30,https://planetarycomputer.microsoft.com/api/stac/v1/collections/landsat-c2-l2/items/LC09_L2SP_028037_20260530_02_T1,https://planetarycomputer.microsoft.com/api/stac/v1/search,landsat-c2-l2,69.84,INGESTED_DERIVED,RAW_COG_WINDOW_PROCESSED,physical-verification-v1,"{""local_background_temperature_k_median"": 224.74673461914062, ""local_surface_temperature_delta_k"": -4.84332275390625, ""proxy_note"": ""Thermal anomaly is relative to the local scene background, not a calibrated facility heat-output measurement."", ""source_asset_key"": ""lwir11"", ""source_resolution_m"": 30.0, ""surface_temperature_k_median"": 219.90341186523438, ""surface_temperature_p10_k"": 216.6009063720703, ""surface_temperature_p90_k"": 225.87673950195312, ""valid_pixel_count"": 24555}",{},,Derived observation retained from a public raw scene; absence or missing scene is not evidence of absence.
EPOCH-2c2e40ddb178da3e,OpenAI Stargate Abilene,"5502 Spinks Rd, Abilene, TX 79601",32.4942321,-99.8009071,public-address geocode,tir,Landsat Collection 2 Level-2 Surface Temperature,LC09_L2SP_029038_20260926_02_T1,2026-09-26,https://planetarycomputer.microsoft.com/api/stac/v1/collections/landsat-c2-l2/items/LC09_L2SP_029038_20260926_02_T1,https://planetarycomputer.microsoft.com/api/stac/v1/search,landsat-c2-l2,22.43,INGESTED_DERIVED,RAW_COG_WINDOW_PROCESSED,physical-verification-v1,"{""local_background_temperature_k_median"": 318.2911071777344, ""local_surface_temperature_delta_k"": 1.134796142578125, ""proxy_note"": ""Thermal anomaly is relative to the local scene background, not a calibrated facility heat-output measurement."", ""source_asset_key"": ""lwir11"", ""source_resolution_m"": 30.0, ""surface_temperature_k_median"": 319.4259033203125, ""surface_temperature_p10_k"": 314.9906921386719, ""surface_temperature_p90_k"": 322.0919494628906, ""valid_pixel_count"": 19903}","{""local_background_temperature_k_median_delta"": 93.54437255859375, ""local_surface_temperature_delta_k_delta"": 5.978118896484375, ""source_resolution_m_delta"": 0.0, ""surface_temperature_k_median_delta"": 99.52249145507812, ""surface_temperature_p10_k_delta"": 98.38978576660156, ""surface_temperature_p90_k_delta"": 96.2152099609375, ""valid_pixel_count_delta"": -4652}",,Derived observation retained from a public raw scene; absence or missing scene is not evidence of absence.
EPOCH-2d362a1adb09fddd,CoreWeave Chester VA,"1401 Meadowville Technology Parkway, Chester, VA",37.3598991,-77.327038,public-address geocode,optical,Sentinel-2 MSI L2A,S2C_MSIL2A_20260129T155511_R054_T18STG_20260129T193112,2026-01-29,https://planetarycomputer.microsoft.com/api/stac/v1/collections/sentinel-2-l2a/items/S2C_MSIL2A_20260129T155511_R054_T18STG_20260129T193112,https://planetarycomputer.microsoft.com/api/stac/v1/search,sentinel-2-l2a,4.05708,INGESTED_DERIVED,RAW_COG_WINDOW_PROCESSED,physical-verification-v1,"{""ndvi_median"": 0.06883484125137329, ""ndvi_p10"": -0.06517312675714493, ""ndvi_p90"": 0.31089353561401367, ""nir_reflectance_median"": 0.4032999873161316, ""nonvegetated_proxy_fraction"": 0.7767200999986263, ""proxy_note"": ""Nonvegetated fraction is a coarse surface-change proxy; it is not a building-footprint measurement."", ""red_reflectance_median"": 0.30630001425743103, ""source_asset_keys"": [""B04"", ""B08"", ""SCL""], ""source_resolution_m"": 10.0, ""valid_pixel_count"": 72801}",{},,Derived observation retained from a public raw scene; absence or missing scene is not evidence of absence.
EPOCH-2d362a1adb09fddd,CoreWeave Chester VA,"1401 Meadowville Technology Parkway, Chester, VA",37.3598991,-77.327038,public-address geocode,optical,Sentinel-2 MSI L2A,S2C_MSIL2A_20260926T155011_R054_T18STG_20260926T202610,2026-09-26,https://planetarycomputer.microsoft.com/api/stac/v1/collections/sentinel-2-l2a/items/S2C_MSIL2A_20260926T155011_R054_T18STG_20260926T202610,https://planetarycomputer.microsoft.com/api/stac/v1/search,sentinel-2-l2a,42.829573,INGESTED_DERIVED,RAW_COG_WINDOW_PROCESSED,physical-verification-v1,"{""ndvi_median"": 0.08175355941057205, ""ndvi_p10"": 0.06007714197039604, ""ndvi_p90"": 0.11185640096664429, ""nir_reflectance_median"": 0.5264999866485596, ""nonvegetated_proxy_fraction"": 0.9976725669137012, ""proxy_note"": ""Nonvegetated fraction is a coarse surface-change proxy; it is not a building-footprint measurement."", ""red_reflectance_median"": 0.4440000057220459, ""source_asset_keys"": [""B04"", ""B08"", ""SCL""], ""source_resolution_m"": 10.0, ""valid_pixel_count"": 16327}","{""ndvi_median_delta"": 0.012918718159198761, ""ndvi_p10_delta"": 0.12525026872754097, ""ndvi_p90_delta"": -0.19903713464736938, ""nir_reflectance_median_delta"": 0.12319999933242798, ""nonvegetated_proxy_fraction_delta"": 0.22095246691507486, ""red_reflectance_median_delta"": 0.13769999146461487, ""source_resolution_m_delta"": 0.0, ""valid_pixel_count_delta"": -56474}",,Derived observation retained from a public raw scene; absence or missing scene is not evidence of absence.
EPOCH-2d362a1adb09fddd,CoreWeave Chester VA,"1401 Meadowville Technology Parkway, Chester, VA",37.3598991,-77.327038,public-address geocode,sar,Sentinel-1 GRD,S1A_IW_GRDH_1SDV_20250528T230636_20250528T230701_059401_075F8E,2025-05-28,https://planetarycomputer.microsoft.com/api/stac/v1/collections/sentinel-1-grd/items/S1A_IW_GRDH_1SDV_20250528T230636_20250528T230701_059401_075F8E,https://planetarycomputer.microsoft.com/api/stac/v1/search,sentinel-1-grd,,INGESTED_DERIVED,RAW_COG_WINDOW_PROCESSED,physical-verification-v1,"{""backscatter_note"": ""Sentinel-1 GRD detected amplitude is converted to dB with 20*log10(amplitude)."", ""source_asset_keys"": [""vv"", ""vh""], ""source_resolution_m"": 1.0, ""valid_pixel_count"": 0, ""vh_db_median"": null, ""vh_db_p10"": null, ""vh_db_p90"": null, ""vv_db_median"": null, ""vv_db_p10"": null, ""vv_db_p90"": null, ""vv_vh_db_difference"": null}",{},,Derived observation retained from a public raw scene; absence or missing scene is not evidence of absence.
EPOCH-2d362a1adb09fddd,CoreWeave Chester VA,"1401 Meadowville Technology Parkway, Chester, VA",37.3598991,-77.327038,public-address geocode,sar,Sentinel-1 GRD,S1D_IW_GRDH_1SDV_20260915T230609_20260915T230634_004595_0088FE,2026-09-15,https://planetarycomputer.microsoft.com/api/stac/v1/collections/sentinel-1-grd/items/S1D_IW_GRDH_1SDV_20260915T230609_20260915T230634_004595_0088FE,https://planetarycomputer.microsoft.com/api/stac/v1/search,sentinel-1-grd,,INGESTED_DERIVED,RAW_COG_WINDOW_PROCESSED,physical-verification-v1,"{""backscatter_note"": ""Sentinel-1 GRD detected amplitude is converted to dB with 20*log10(amplitude)."", ""source_asset_keys"": [""vv"", ""vh""], ""source_resolution_m"": 1.0, ""valid_pixel_count"": 0, ""vh_db_median"": null, ""vh_db_p10"": null, ""vh_db_p90"": null, ""vv_db_median"": null, ""vv_db_p10"": null, ""vv_db_p90"": null, ""vv_vh_db_difference"": null}","{""source_resolution_m_delta"": 0.0, ""valid_pixel_count_delta"": 0}",,Derived observation retained from a public raw scene; absence or missing scene is not evidence of absence.
EPOCH-2d362a1adb09fddd,CoreWeave Chester VA,"1401 Meadowville Technology Parkway, Chester, VA",37.3598991,-77.327038,public-address geocode,tir,Landsat Collection 2 Level-2 Surface Temperature,LC09_L2SP_015034_20250516_02_T1,2025-05-16,https://planetarycomputer.microsoft.com/api/stac/v1/collections/landsat-c2-l2/items/LC09_L2SP_015034_20250516_02_T1,https://planetarycomputer.microsoft.com/api/stac/v1/search,landsat-c2-l2,28.42,INGESTED_DERIVED,RAW_COG_WINDOW_PROCESSED,physical-verification-v1,"{""local_background_temperature_k_median"": 308.19256591796875, ""local_surface_temperature_delta_k"": 2.110626220703125, ""proxy_note"": ""Thermal anomaly is relative to the local scene background, not a calibrated facility heat-output measurement."", ""source_asset_key"": ""lwir11"", ""source_resolution_m"": 30.0, ""surface_temperature_k_median"": 310.3031921386719, ""surface_temperature_p10_k"": 306.77923583984375, ""surface_temperature_p90_k"": 315.48321533203125, ""valid_pixel_count"": 36864}",{},,Derived observation retained from a public raw scene; absence or missing scene is not evidence of absence.
EPOCH-2d362a1adb09fddd,CoreWeave Chester VA,"1401 Meadowville Technology Parkway, Chester, VA",37.3598991,-77.327038,public-address geocode,tir,Landsat Collection 2 Level-2 Surface Temperature,LC09_L2SP_015034_20260924_02_T2,2026-09-24,https://planetarycomputer.microsoft.com/api/stac/v1/collections/landsat-c2-l2/items/LC09_L2SP_015034_20260924_02_T2,https://planetarycomputer.microsoft.com/api/stac/v1/search,landsat-c2-l2,96.62,INGESTED_DERIVED,RAW_COG_WINDOW_PROCESSED,physical-verification-v1,"{""local_background_temperature_k_median"": 281.3628234863281, ""local_surface_temperature_delta_k"": -0.0615234375, ""proxy_note"": ""Thermal anomaly is relative to the local scene background, not a calibrated facility heat-output measurement."", ""source_asset_key"": ""lwir11"", ""source_resolution_m"": 30.0, ""surface_temperature_k_median"": 281.3013000488281, ""surface_temperature_p10_k"": 281.0722961425781, ""surface_temperature_p90_k"": 281.7798156738281, ""valid_pixel_count"": 36864}","{""local_background_temperature_k_median_delta"": -26.829742431640625, ""local_surface_temperature_delta_k_delta"": -2.172149658203125, ""source_resolution_m_delta"": 0.0, ""surface_temperature_k_median_delta"": -29.00189208984375, ""surface_temperature_p10_k_delta"": -25.706939697265625, ""surface_temperature_p90_k_delta"": -33.703399658203125, ""valid_pixel_count_delta"": 0}",,Derived observation retained from a public raw scene; absence or missing scene is not evidence of absence.
EPOCH-2d6a8403fde79650,Google Cedar Rapids,"5800 EDGEWOOD RD SW CEDAR RAPIDS, IA 52404",41.9221755,-91.7156674,public-address geocode,optical,Sentinel-2 MSI L2A,S2C_MSIL2A_20260726T164841_R026_T15TXG_20260726T214913,2026-07-26,https://planetarycomputer.microsoft.com/api/stac/v1/collections/sentinel-2-l2a/items/S2C_MSIL2A_20260726T164841_R026_T15TXG_20260726T214913,https://planetarycomputer.microsoft.com/api/stac/v1/search,sentinel-2-l2a,73.412836,INGESTED_DERIVED,RAW_COG_WINDOW_PROCESSED,physical-verification-v1,"{""ndvi_median"": 0.3335098326206207, ""ndvi_p10"": 0.028739597648382187, ""ndvi_p90"": 0.5988102555274963, ""nir_reflectance_median"": 0.5184999704360962, ""nonvegetated_proxy_fraction"": 0.339798164375597, ""proxy_note"": ""Nonvegetated fraction is a coarse surface-change proxy; it is not a building-footprint measurement."", ""red_reflectance_median"": 0.23489999771118164, ""source_asset_keys"": [""B04"", ""B08"", ""SCL""], ""source_resolution_m"": 10.0, ""valid_pixel_count"": 72237}",{},,Derived observation retained from a public raw scene; absence or missing scene is not evidence of absence.
EPOCH-2d6a8403fde79650,Google Cedar Rapids,"5800 EDGEWOOD RD SW CEDAR RAPIDS, IA 52404",41.9221755,-91.7156674,public-address geocode,optical,Sentinel-2 MSI L2A,S2C_MSIL2A_20260924T165031_R026_T15TWG_20260924T215615,2026-09-24,https://planetarycomputer.microsoft.com/api/stac/v1/collections/sentinel-2-l2a/items/S2C_MSIL2A_20260924T165031_R026_T15TWG_20260924T215615,https://planetarycomputer.microsoft.com/api/stac/v1/search,sentinel-2-l2a,99.984944,INGESTED_DERIVED,RAW_COG_WINDOW_PROCESSED,physical-verification-v1,"{""ndvi_median"": 0.03314345329999924, ""ndvi_p10"": 0.013571961782872677, ""ndvi_p90"": 0.048041339963674545, ""nir_reflectance_median"": 1.058500051498413, ""nonvegetated_proxy_fraction"": 1.0, ""proxy_note"": ""Nonvegetated fraction is a coarse surface-change proxy; it is not a building-footprint measurement."", ""red_reflectance_median"": 0.9936000108718872, ""source_asset_keys"": [""B04"", ""B08"", ""SCL""], ""source_resolution_m"": 10.0, ""valid_pixel_count"": 262144}","{""ndvi_median_delta"": -0.3003663793206215, ""ndvi_p10_delta"": -0.01516763586550951, ""ndvi_p90_delta"": -0.5507689155638218, ""nir_reflectance_median_delta"": 0.5400000810623169, ""nonvegetated_proxy_fraction_delta"": 0.660201835624403, ""red_reflectance_median_delta"": 0.7587000131607056, ""source_resolution_m_delta"": 0.0, ""valid_pixel_count_delta"": 189907}",,Derived observation retained from a public raw scene; absence or missing scene is not evidence of absence.
EPOCH-2d6a8403fde79650,Google Cedar Rapids,"5800 EDGEWOOD RD SW CEDAR RAPIDS, IA 52404",41.9221755,-91.7156674,public-address geocode,sar,Sentinel-1 GRD,S1A_IW_GRDH_1SDV_20250808T000546_20250808T000613_060437_07835B,2025-08-08,https://planetarycomputer.microsoft.com/api/stac/v1/collections/sentinel-1-grd/items/S1A_IW_GRDH_1SDV_20250808T000546_20250808T000613_060437_07835B,https://planetarycomputer.microsoft.com/api/stac/v1/search,sentinel-1-grd,,INGESTED_DERIVED,RAW_COG_WINDOW_PROCESSED,physical-verification-v1,"{""backscatter_note"": ""Sentinel-1 GRD detected amplitude is converted to dB with 20*log10(amplitude)."", ""source_asset_keys"": [""vv"", ""vh""], ""source_resolution_m"": 1.0, ""valid_pixel_count"": 0, ""vh_db_median"": null, ""vh_db_p10"": null, ""vh_db_p90"": null, ""vv_db_median"": null, ""vv_db_p10"": null, ""vv_db_p90"": null, ""vv_vh_db_difference"": null}",{},,Derived observation retained from a public raw scene; absence or missing scene is not evidence of absence.
EPOCH-2d6a8403fde79650,Google Cedar Rapids,"5800 EDGEWOOD RD SW CEDAR RAPIDS, IA 52404",41.9221755,-91.7156674,public-address geocode,sar,Sentinel-1 GRD,S1D_IW_GRDH_1SDV_20260927T000459_20260927T000526_004756_008E85,2026-09-27,https://planetarycomputer.microsoft.com/api/stac/v1/collections/sentinel-1-grd/items/S1D_IW_GRDH_1SDV_20260927T000459_20260927T000526_004756_008E85,https://planetarycomputer.microsoft.com/api/stac/v1/search,sentinel-1-grd,,INGESTED_DERIVED,RAW_COG_WINDOW_PROCESSED,physical-verification-v1,"{""backscatter_note"": ""Sentinel-1 GRD detected amplitude is converted to dB with 20*log10(amplitude)."", ""source_asset_keys"": [""vv"", ""vh""], ""source_resolution_m"": 1.0, ""valid_pixel_count"": 0, ""vh_db_median"": null, ""vh_db_p10"": null, ""vh_db_p90"": null, ""vv_db_median"": null, ""vv_db_p10"": null, ""vv_db_p90"": null, ""vv_vh_db_difference"": null}","{""source_resolution_m_delta"": 0.0, ""valid_pixel_count_delta"": 0}",,Derived observation retained from a public raw scene; absence or missing scene is not evidence of absence.
EPOCH-2d6a8403fde79650,Google Cedar Rapids,"5800 EDGEWOOD RD SW CEDAR RAPIDS, IA 52404",41.9221755,-91.7156674,public-address geocode,tir,Landsat Collection 2 Level-2 Surface Temperature,LC08_L2SP_026031_20250825_02_T1,2025-08-25,https://planetarycomputer.microsoft.com/api/stac/v1/collections/landsat-c2-l2/items/LC08_L2SP_026031_20250825_02_T1,https://planetarycomputer.microsoft.com/api/stac/v1/search,landsat-c2-l2,14.03,INGESTED_DERIVED,RAW_COG_WINDOW_PROCESSED,physical-verification-v1,"{""local_background_temperature_k_median"": 296.108154296875, ""local_surface_temperature_delta_k"": null, ""proxy_note"": ""Thermal anomaly is relative to the local scene background, not a calibrated facility heat-output measurement."", ""source_asset_key"": ""lwir11"", ""source_resolution_m"": 30.0, ""surface_temperature_k_median"": null, ""surface_temperature_p10_k"": null, ""surface_temperature_p90_k"": null, ""valid_pixel_count"": 6661}",{},,Derived observation retained from a public raw scene; absence or missing scene is not evidence of absence.
EPOCH-2d6a8403fde79650,Google Cedar Rapids,"5800 EDGEWOOD RD SW CEDAR RAPIDS, IA 52404",41.9221755,-91.7156674,public-address geocode,tir,Landsat Collection 2 Level-2 Surface Temperature,LC09_L2SP_026031_20260921_02_T2,2026-09-21,https://planetarycomputer.microsoft.com/api/stac/v1/collections/landsat-c2-l2/items/LC09_L2SP_026031_20260921_02_T2,https://planetarycomputer.microsoft.com/api/stac/v1/search,landsat-c2-l2,99.95,INGESTED_DERIVED,RAW_COG_WINDOW_PROCESSED,physical-verification-v1,"{""local_background_temperature_k_median"": 269.7176208496094, ""local_surface_temperature_delta_k"": null, ""proxy_note"": ""Thermal anomaly is relative to the local scene background, not a calibrated facility heat-output measurement."", ""source_asset_key"": ""lwir11"", ""source_resolution_m"": 30.0, ""surface_temperature_k_median"": null, ""surface_temperature_p10_k"": null, ""surface_temperature_p90_k"": null, ""valid_pixel_count"": 3669}","{""local_background_temperature_k_median_delta"": -26.390533447265625, ""source_resolution_m_delta"": 0.0, ""valid_pixel_count_delta"": -2992}",,Derived observation retained from a public raw scene; absence or missing scene is not evidence of absence.
EPOCH-2dadeb4b013bef05,Colossus 1,"3231 Riverport Rd, Memphis, TN 38109",35.0735541,-90.0873076,public-address geocode,optical,Sentinel-2 MSI L2A,S2A_MSIL2A_20260526T164711_R126_T16SBD_20260527T042512,2026-05-26,https://planetarycomputer.microsoft.com/api/stac/v1/collections/sentinel-2-l2a/items/S2A_MSIL2A_20260526T164711_R126_T16SBD_20260527T042512,https://planetarycomputer.microsoft.com/api/stac/v1/search,sentinel-2-l2a,82.991922,INGESTED_DERIVED,RAW_COG_WINDOW_PROCESSED,physical-verification-v1,"{""ndvi_median"": 0.06319792568683624, ""ndvi_p10"": 0.03326030075550079, ""ndvi_p90"": 0.10234573483467102, ""nir_reflectance_median"": 0.6376000046730042, ""nonvegetated_proxy_fraction"": 0.9879685916919959, ""proxy_note"": ""Nonvegetated fraction is a coarse surface-change proxy; it is not a building-footprint measurement."", ""red_reflectance_median"": 0.5597000122070312, ""source_asset_keys"": [""B04"", ""B08"", ""SCL""], ""source_resolution_m"": 10.0, ""valid_pixel_count"": 7896}",{},,Derived observation retained from a public raw scene; absence or missing scene is not evidence of absence.
EPOCH-2dadeb4b013bef05,Colossus 1,"3231 Riverport Rd, Memphis, TN 38109",35.0735541,-90.0873076,public-address geocode,optical,Sentinel-2 MSI L2A,S2B_MSIL2A_20260926T163939_R126_T15SYU_20260926T220409,2026-09-26,https://planetarycomputer.microsoft.com/api/stac/v1/collections/sentinel-2-l2a/items/S2B_MSIL2A_20260926T163939_R126_T15SYU_20260926T220409,https://planetarycomputer.microsoft.com/api/stac/v1/search,sentinel-2-l2a,63.983363,INGESTED_DERIVED,RAW_COG_WINDOW_PROCESSED,physical-verification-v1,"{""ndvi_median"": 0.23337861895561218, ""ndvi_p10"": 0.03346720710396767, ""ndvi_p90"": 0.4555402994155884, ""nir_reflectance_median"": 0.35420000553131104, ""nonvegetated_proxy_fraction"": 0.4179371353284397, ""proxy_note"": ""Nonvegetated fraction is a coarse surface-change proxy; it is not a building-footprint measurement."", ""red_reflectance_median"": 0.2125999927520752, ""source_asset_keys"": [""B04"", ""B08"", ""SCL""], ""source_resolution_m"": 10.0, ""valid_pixel_count"": 21252}","{""ndvi_median_delta"": 0.17018069326877594, ""ndvi_p10_delta"": 0.00020690634846687317, ""ndvi_p90_delta"": 0.35319456458091736, ""nir_reflectance_median_delta"": -0.2833999991416931, ""nonvegetated_proxy_fraction_delta"": -0.5700314563635562, ""red_reflectance_median_delta"": -0.34710001945495605, ""source_resolution_m_delta"": 0.0, ""valid_pixel_count_delta"": 13356}",,Derived observation retained from a public raw scene; absence or missing scene is not evidence of absence.
EPOCH-2dadeb4b013bef05,Colossus 1,"3231 Riverport Rd, Memphis, TN 38109",35.0735541,-90.0873076,public-address geocode,sar,Sentinel-1 GRD,S1A_IW_GRDH_1SDV_20250808T000341_20250808T000406_060437_07835B,2025-08-08,https://planetarycomputer.microsoft.com/api/stac/v1/collections/sentinel-1-grd/items/S1A_IW_GRDH_1SDV_20250808T000341_20250808T000406_060437_07835B,https://planetarycomputer.microsoft.com/api/stac/v1/search,sentinel-1-grd,,INGESTED_DERIVED,RAW_COG_WINDOW_PROCESSED,physical-verification-v1,"{""backscatter_note"": ""Sentinel-1 GRD detected amplitude is converted to dB with 20*log10(amplitude)."", ""source_asset_keys"": [""vv"", ""vh""], ""source_resolution_m"": 1.0, ""valid_pixel_count"": 0, ""vh_db_median"": null, ""vh_db_p10"": null, ""vh_db_p90"": null, ""vv_db_median"": null, ""vv_db_p10"": null, ""vv_db_p90"": null, ""vv_vh_db_difference"": null}",{},,Derived observation retained from a public raw scene; absence or missing scene is not evidence of absence.
EPOCH-2dadeb4b013bef05,Colossus 1,"3231 Riverport Rd, Memphis, TN 38109",35.0735541,-90.0873076,public-address geocode,sar,Sentinel-1 GRD,S1D_IW_GRDH_1SDV_20260927T000254_20260927T000319_004756_008E85,2026-09-27,https://planetarycomputer.microsoft.com/api/stac/v1/collections/sentinel-1-grd/items/S1D_IW_GRDH_1SDV_20260927T000254_20260927T000319_004756_008E85,https://planetarycomputer.microsoft.com/api/stac/v1/search,sentinel-1-grd,,INGESTED_DERIVED,RAW_COG_WINDOW_PROCESSED,physical-verification-v1,"{""backscatter_note"": ""Sentinel-1 GRD detected amplitude is converted to dB with 20*log10(amplitude)."", ""source_asset_keys"": [""vv"", ""vh""], ""source_resolution_m"": 1.0, ""valid_pixel_count"": 0, ""vh_db_median"": null, ""vh_db_p10"": null, ""vh_db_p90"": null, ""vv_db_median"": null, ""vv_db_p10"": null, ""vv_db_p90"": null, ""vv_vh_db_difference"": null}","{""source_resolution_m_delta"": 0.0, ""valid_pixel_count_delta"": 0}",,Derived observation retained from a public raw scene; absence or missing scene is not evidence of absence.
EPOCH-2dadeb4b013bef05,Colossus 1,"3231 Riverport Rd, Memphis, TN 38109",35.0735541,-90.0873076,public-address geocode,tir,Landsat Collection 2 Level-2 Surface Temperature,LC09_L2SP_023036_20250524_02_T2,2025-05-24,https://planetarycomputer.microsoft.com/api/stac/v1/collections/landsat-c2-l2/items/LC09_L2SP_023036_20250524_02_T2,https://planetarycomputer.microsoft.com/api/stac/v1/search,landsat-c2-l2,100.0,INGESTED_DERIVED,RAW_COG_WINDOW_PROCESSED,physical-verification-v1,"{""local_background_temperature_k_median"": 293.0, ""local_surface_temperature_delta_k"": 0.0, ""proxy_note"": ""Thermal anomaly is relative to the local scene background, not a calibrated facility heat-output measurement."", ""source_asset_key"": ""lwir11"", ""source_resolution_m"": 30.0, ""surface_temperature_k_median"": 293.0, ""surface_temperature_p10_k"": 293.0, ""surface_temperature_p90_k"": 293.0, ""valid_pixel_count"": 36864}",{},,Derived observation retained from a public raw scene; absence or missing scene is not evidence of absence.
EPOCH-2dadeb4b013bef05,Colossus 1,"3231 Riverport Rd, Memphis, TN 38109",35.0735541,-90.0873076,public-address geocode,tir,Landsat Collection 2 Level-2 Surface Temperature,LC09_L2SP_023036_20260916_02_T1,2026-09-16,https://planetarycomputer.microsoft.com/api/stac/v1/collections/landsat-c2-l2/items/LC09_L2SP_023036_20260916_02_T1,https://planetarycomputer.microsoft.com/api/stac/v1/search,landsat-c2-l2,3.59,INGESTED_DERIVED,RAW_COG_WINDOW_PROCESSED,physical-verification-v1,"{""local_background_temperature_k_median"": 313.123046875, ""local_surface_temperature_delta_k"": 1.51763916015625, ""proxy_note"": ""Thermal anomaly is relative to the local scene background, not a calibrated facility heat-output measurement."", ""source_asset_key"": ""lwir11"", ""source_resolution_m"": 30.0, ""surface_temperature_k_median"": 314.64068603515625, ""surface_temperature_p10_k"": 309.12908935546875, ""surface_temperature_p90_k"": 320.0787353515625, ""valid_pixel_count"": 36864}","{""local_background_temperature_k_median_delta"": 20.123046875, ""local_surface_temperature_delta_k_delta"": 1.51763916015625, ""source_resolution_m_delta"": 0.0, ""surface_temperature_k_median_delta"": 21.64068603515625, ""surface_temperature_p10_k_delta"": 16.12908935546875, ""surface_temperature_p90_k_delta"": 27.0787353515625, ""valid_pixel_count_delta"": 0}",,Derived observation retained from a public raw scene; absence or missing scene is not evidence of absence.
EPOCH-40ccef8ef4236635,Google The Dalles,"3500 River Rd, The Dalles, OR",45.6253889,-121.2023887,public-address geocode,optical,Sentinel-2 MSI L2A,S2C_MSIL2A_20260126T190651_R013_T10TFR_20260126T215209,2026-01-26,https://planetarycomputer.microsoft.com/api/stac/v1/collections/sentinel-2-l2a/items/S2C_MSIL2A_20260126T190651_R013_T10TFR_20260126T215209,https://planetarycomputer.microsoft.com/api/stac/v1/search,sentinel-2-l2a,85.47526,INGESTED_DERIVED,RAW_COG_WINDOW_PROCESSED,physical-verification-v1,"{""ndvi_median"": 0.060628943145275116, ""ndvi_p10"": 0.03805197402834892, ""ndvi_p90"": 0.07601377367973328, ""nir_reflectance_median"": 0.4203999936580658, ""nonvegetated_proxy_fraction"": 1.0, ""proxy_note"": ""Nonvegetated fraction is a coarse surface-change proxy; it is not a building-footprint measurement."", ""red_reflectance_median"": 0.3734000027179718, ""source_asset_keys"": [""B04"", ""B08"", ""SCL""], ""source_resolution_m"": 10.0, ""valid_pixel_count"": 127}",{},,Derived observation retained from a public raw scene; absence or missing scene is not evidence of absence.
EPOCH-40ccef8ef4236635,Google The Dalles,"3500 River Rd, The Dalles, OR",45.6253889,-121.2023887,public-address geocode,optical,Sentinel-2 MSI L2A,S2A_MSIL2A_20260925T190831_R013_T10TFR_20260926T011516,2026-09-25,https://planetarycomputer.microsoft.com/api/stac/v1/collections/sentinel-2-l2a/items/S2A_MSIL2A_20260925T190831_R013_T10TFR_20260926T011516,https://planetarycomputer.microsoft.com/api/stac/v1/search,sentinel-2-l2a,73.661494,INGESTED_DERIVED,RAW_COG_WINDOW_PROCESSED,physical-verification-v1,"{""ndvi_median"": 0.06442955136299133, ""ndvi_p10"": 0.035695016384124756, ""ndvi_p90"": 0.1121687963604927, ""nir_reflectance_median"": 0.3919999897480011, ""nonvegetated_proxy_fraction"": 0.9950180053710938, ""proxy_note"": ""Nonvegetated fraction is a coarse surface-change proxy; it is not a building-footprint measurement."", ""red_reflectance_median"": 0.3393999934196472, ""source_asset_keys"": [""B04"", ""B08"", ""SCL""], ""source_resolution_m"": 10.0, ""valid_pixel_count"": 262144}","{""ndvi_median_delta"": 0.003800608217716217, ""ndvi_p10_delta"": -0.002356957644224167, ""ndvi_p90_delta"": 0.03615502268075943, ""nir_reflectance_median_delta"": -0.028400003910064697, ""nonvegetated_proxy_fraction_delta"": -0.00498199462890625, ""red_reflectance_median_delta"": -0.034000009298324585, ""source_resolution_m_delta"": 0.0, ""valid_pixel_count_delta"": 262017}",,Derived observation retained from a public raw scene; absence or missing scene is not evidence of absence.
EPOCH-40ccef8ef4236635,Google The Dalles,"3500 River Rd, The Dalles, OR",45.6253889,-121.2023887,public-address geocode,sar,Sentinel-1 GRD,S1A_IW_GRDH_1SDV_20260128T015332_20260128T015357_062961_07E632,2026-01-28,https://planetarycomputer.microsoft.com/api/stac/v1/collections/sentinel-1-grd/items/S1A_IW_GRDH_1SDV_20260128T015332_20260128T015357_062961_07E632,https://planetarycomputer.microsoft.com/api/stac/v1/search,sentinel-1-grd,,INGESTED_DERIVED,RAW_COG_WINDOW_PROCESSED,physical-verification-v1,"{""backscatter_note"": ""Sentinel-1 GRD detected amplitude is converted to dB with 20*log10(amplitude)."", ""source_asset_keys"": [""vv"", ""vh""], ""source_resolution_m"": 1.0, ""valid_pixel_count"": 0, ""vh_db_median"": null, ""vh_db_p10"": null, ""vh_db_p90"": null, ""vv_db_median"": null, ""vv_db_p10"": null, ""vv_db_p90"": null, ""vv_vh_db_difference"": null}",{},,Derived observation retained from a public raw scene; absence or missing scene is not evidence of absence.
EPOCH-40ccef8ef4236635,Google The Dalles,"3500 River Rd, The Dalles, OR",45.6253889,-121.2023887,public-address geocode,sar,Sentinel-1 GRD,S1C_IW_GRDH_1SDV_20260926T015247_20260926T015312_009612_013215,2026-09-26,https://planetarycomputer.microsoft.com/api/stac/v1/collections/sentinel-1-grd/items/S1C_IW_GRDH_1SDV_20260926T015247_20260926T015312_009612_013215,https://planetarycomputer.microsoft.com/api/stac/v1/search,sentinel-1-grd,,INGESTED_DERIVED,RAW_COG_WINDOW_PROCESSED,physical-verification-v1,"{""backscatter_note"": ""Sentinel-1 GRD detected amplitude is converted to dB with 20*log10(amplitude)."", ""source_asset_keys"": [""vv"", ""vh""], ""source_resolution_m"": 1.0, ""valid_pixel_count"": 0, ""vh_db_median"": null, ""vh_db_p10"": null, ""vh_db_p90"": null, ""vv_db_median"": null, ""vv_db_p10"": null, ""vv_db_p90"": null, ""vv_vh_db_difference"": null}","{""source_resolution_m_delta"": 0.0, ""valid_pixel_count_delta"": 0}",,Derived observation retained from a public raw scene; absence or missing scene is not evidence of absence.
EPOCH-40ccef8ef4236635,Google The Dalles,"3500 River Rd, The Dalles, OR",45.6253889,-121.2023887,public-address geocode,tir,Landsat Collection 2 Level-2 Surface Temperature,LC09_L2SP_045028_20250603_02_T1,2025-06-03,https://planetarycomputer.microsoft.com/api/stac/v1/collections/landsat-c2-l2/items/LC09_L2SP_045028_20250603_02_T1,https://planetarycomputer.microsoft.com/api/stac/v1/search,landsat-c2-l2,3.34,INGESTED_DERIVED,RAW_COG_WINDOW_PROCESSED,physical-verification-v1,"{""local_background_temperature_k_median"": 315.17388916015625, ""local_surface_temperature_delta_k"": -0.6630859375, ""proxy_note"": ""Thermal anomaly is relative to the local scene background, not a calibrated facility heat-output measurement."", ""source_asset_key"": ""lwir11"", ""source_resolution_m"": 30.0, ""surface_temperature_k_median"": 314.51080322265625, ""surface_temperature_p10_k"": 298.68707275390625, ""surface_temperature_p90_k"": 318.7611083984375, ""valid_pixel_count"": 36864}",{},,Derived observation retained from a public raw scene; absence or missing scene is not evidence of absence.
EPOCH-40ccef8ef4236635,Google The Dalles,"3500 River Rd, The Dalles, OR",45.6253889,-121.2023887,public-address geocode,tir,Landsat Collection 2 Level-2 Surface Temperature,LC09_L2SP_045028_20260926_02_T1,2026-09-26,https://planetarycomputer.microsoft.com/api/stac/v1/collections/landsat-c2-l2/items/LC09_L2SP_045028_20260926_02_T1,https://planetarycomputer.microsoft.com/api/stac/v1/search,landsat-c2-l2,0.38,INGESTED_DERIVED,RAW_COG_WINDOW_PROCESSED,physical-verification-v1,"{""local_background_temperature_k_median"": 303.2108154296875, ""local_surface_temperature_delta_k"": -0.59130859375, ""proxy_note"": ""Thermal anomaly is relative to the local scene background, not a calibrated facility heat-output measurement."", ""source_asset_key"": ""lwir11"", ""source_resolution_m"": 30.0, ""surface_temperature_k_median"": 302.6195068359375, ""surface_temperature_p10_k"": 295.216064453125, ""surface_temperature_p90_k"": 306.40325927734375, ""valid_pixel_count"": 36864}","{""local_background_temperature_k_median_delta"": -11.96307373046875, ""local_surface_temperature_delta_k_delta"": 0.07177734375, ""source_resolution_m_delta"": 0.0, ""surface_temperature_k_median_delta"": -11.89129638671875, ""surface_temperature_p10_k_delta"": -3.47100830078125, ""surface_temperature_p90_k_delta"": -12.35784912109375, ""valid_pixel_count_delta"": 0}",,Derived observation retained from a public raw scene; absence or missing scene is not evidence of absence.
EPOCH-4525348d114e3e8e,Google Papillion,"14651-15249 Gold Coast Rd 68138 Papillion Nebraska, USA",41.1349216,-96.1440795,public-address geocode,optical,Sentinel-2 MSI L2A,S2C_MSIL2A_20260602T170851_R112_T15TTF_20260602T221514,2026-06-02,https://planetarycomputer.microsoft.com/api/stac/v1/collections/sentinel-2-l2a/items/S2C_MSIL2A_20260602T170851_R112_T15TTF_20260602T221514,https://planetarycomputer.microsoft.com/api/stac/v1/search,sentinel-2-l2a,97.60136,INGESTED_DERIVED,RAW_COG_WINDOW_PROCESSED,physical-verification-v1,"{""ndvi_median"": 0.09403833746910095, ""ndvi_p10"": 0.07487279176712036, ""ndvi_p90"": 0.1172177791595459, ""nir_reflectance_median"": 0.6116999983787537, ""nonvegetated_proxy_fraction"": 0.9989089965820312, ""proxy_note"": ""Nonvegetated fraction is a coarse surface-change proxy; it is not a building-footprint measurement."", ""red_reflectance_median"": 0.5066999793052673, ""source_asset_keys"": [""B04"", ""B08"", ""SCL""], ""source_resolution_m"": 10.0, ""valid_pixel_count"": 262144}",{},,Derived observation retained from a public raw scene; absence or missing scene is not evidence of absence.
EPOCH-4525348d114e3e8e,Google Papillion,"14651-15249 Gold Coast Rd 68138 Papillion Nebraska, USA",41.1349216,-96.1440795,public-address geocode,optical,Sentinel-2 MSI L2A,S2B_MSIL2A_20260925T170949_R112_T14TQL_20260925T211357,2026-09-25,https://planetarycomputer.microsoft.com/api/stac/v1/collections/sentinel-2-l2a/items/S2B_MSIL2A_20260925T170949_R112_T14TQL_20260925T211357,https://planetarycomputer.microsoft.com/api/stac/v1/search,sentinel-2-l2a,99.966836,INGESTED_DERIVED,RAW_COG_WINDOW_PROCESSED,physical-verification-v1,"{""ndvi_median"": -0.01582861877977848, ""ndvi_p10"": -0.026294399052858353, ""ndvi_p90"": -0.008808242157101631, ""nir_reflectance_median"": 0.9212999939918518, ""nonvegetated_proxy_fraction"": 1.0, ""proxy_note"": ""Nonvegetated fraction is a coarse surface-change proxy; it is not a building-footprint measurement."", ""red_reflectance_median"": 0.9520999789237976, ""source_asset_keys"": [""B04"", ""B08"", ""SCL""], ""source_resolution_m"": 10.0, ""valid_pixel_count"": 262144}","{""ndvi_median_delta"": -0.10986695624887943, ""ndvi_p10_delta"": -0.10116719081997871, ""ndvi_p90_delta"": -0.12602602131664753, ""nir_reflectance_median_delta"": 0.30959999561309814, ""nonvegetated_proxy_fraction_delta"": 0.00109100341796875, ""red_reflectance_median_delta"": 0.4453999996185303, ""source_resolution_m_delta"": 0.0, ""valid_pixel_count_delta"": 0}",,Derived observation retained from a public raw scene; absence or missing scene is not evidence of absence.
EPOCH-4525348d114e3e8e,Google Papillion,"14651-15249 Gold Coast Rd 68138 Papillion Nebraska, USA",41.1349216,-96.1440795,public-address geocode,sar,Sentinel-1 GRD,S1A_IW_GRDH_1SDV_20250102T002148_20250102T002213_057258_070B29,2025-01-02,https://planetarycomputer.microsoft.com/api/stac/v1/collections/sentinel-1-grd/items/S1A_IW_GRDH_1SDV_20250102T002148_20250102T002213_057258_070B29,https://planetarycomputer.microsoft.com/api/stac/v1/search,sentinel-1-grd,,INGESTED_DERIVED,RAW_COG_WINDOW_PROCESSED,physical-verification-v1,"{""backscatter_note"": ""Sentinel-1 GRD detected amplitude is converted to dB with 20*log10(amplitude)."", ""source_asset_keys"": [""vv"", ""vh""], ""source_resolution_m"": 1.0, ""valid_pixel_count"": 0, ""vh_db_median"": null, ""vh_db_p10"": null, ""vh_db_p90"": null, ""vv_db_median"": null, ""vv_db_p10"": null, ""vv_db_p90"": null, ""vv_vh_db_difference"": null}",{},,Derived observation retained from a public raw scene; absence or missing scene is not evidence of absence.
EPOCH-4525348d114e3e8e,Google Papillion,"14651-15249 Gold Coast Rd 68138 Papillion Nebraska, USA",41.1349216,-96.1440795,public-address geocode,sar,Sentinel-1 GRD,S1D_IW_GRDH_1SDV_20260925T002112_20260925T002148_004727_008D82,2026-09-25,https://planetarycomputer.microsoft.com/api/stac/v1/collections/sentinel-1-grd/items/S1D_IW_GRDH_1SDV_20260925T002112_20260925T002148_004727_008D82,https://planetarycomputer.microsoft.com/api/stac/v1/search,sentinel-1-grd,,INGESTED_DERIVED,RAW_COG_WINDOW_PROCESSED,physical-verification-v1,"{""backscatter_note"": ""Sentinel-1 GRD detected amplitude is converted to dB with 20*log10(amplitude)."", ""source_asset_keys"": [""vv"", ""vh""], ""source_resolution_m"": 1.0, ""valid_pixel_count"": 0, ""vh_db_median"": null, ""vh_db_p10"": null, ""vh_db_p90"": null, ""vv_db_median"": null, ""vv_db_p10"": null, ""vv_db_p90"": null, ""vv_vh_db_difference"": null}","{""source_resolution_m_delta"": 0.0, ""valid_pixel_count_delta"": 0}",,Derived observation retained from a public raw scene; absence or missing scene is not evidence of absence.
EPOCH-4525348d114e3e8e,Google Papillion,"14651-15249 Gold Coast Rd 68138 Papillion Nebraska, USA",41.1349216,-96.1440795,public-address geocode,tir,Landsat Collection 2 Level-2 Surface Temperature,LC08_L2SP_028031_20260130_02_T2,2026-01-30,https://planetarycomputer.microsoft.com/api/stac/v1/collections/landsat-c2-l2/items/LC08_L2SP_028031_20260130_02_T2,https://planetarycomputer.microsoft.com/api/stac/v1/search,landsat-c2-l2,84.87,INGESTED_DERIVED,RAW_COG_WINDOW_PROCESSED,physical-verification-v1,"{""local_background_temperature_k_median"": 257.2179260253906, ""local_surface_temperature_delta_k"": 1.223663330078125, ""proxy_note"": ""Thermal anomaly is relative to the local scene background, not a calibrated facility heat-output measurement."", ""source_asset_key"": ""lwir11"", ""source_resolution_m"": 30.0, ""surface_temperature_k_median"": 258.44158935546875, ""surface_temperature_p10_k"": 256.9684143066406, ""surface_temperature_p90_k"": 259.83270263671875, ""valid_pixel_count"": 36864}",{},,Derived observation retained from a public raw scene; absence or missing scene is not evidence of absence.
EPOCH-4525348d114e3e8e,Google Papillion,"14651-15249 Gold Coast Rd 68138 Papillion Nebraska, USA",41.1349216,-96.1440795,public-address geocode,tir,Landsat Collection 2 Level-2 Surface Temperature,LC09_L2SP_028032_20260919_02_T1,2026-09-19,https://planetarycomputer.microsoft.com/api/stac/v1/collections/landsat-c2-l2/items/LC09_L2SP_028032_20260919_02_T1,https://planetarycomputer.microsoft.com/api/stac/v1/search,landsat-c2-l2,33.9,INGESTED_DERIVED,RAW_COG_WINDOW_PROCESSED,physical-verification-v1,"{""local_background_temperature_k_median"": 261.856201171875, ""local_surface_temperature_delta_k"": 6.760833740234375, ""proxy_note"": ""Thermal anomaly is relative to the local scene background, not a calibrated facility heat-output measurement."", ""source_asset_key"": ""lwir11"", ""source_resolution_m"": 30.0, ""surface_temperature_k_median"": 268.6170349121094, ""surface_temperature_p10_k"": 256.0762939453125, ""surface_temperature_p90_k"": 282.36260986328125, ""valid_pixel_count"": 36864}","{""local_background_temperature_k_median_delta"": 4.638275146484375, ""local_surface_temperature_delta_k_delta"": 5.53717041015625, ""source_resolution_m_delta"": 0.0, ""surface_temperature_k_median_delta"": 10.175445556640625, ""surface_temperature_p10_k_delta"": -0.892120361328125, ""surface_temperature_p90_k_delta"": 22.5299072265625, ""valid_pixel_count_delta"": 0}",,Derived observation retained from a public raw scene; absence or missing scene is not evidence of absence.
EPOCH-4569f5444951b2fd,Crusoe Abilene Expansion,"5502 Spinks Rd, Abilene, TX 79601",32.4942321,-99.8009071,public-address geocode,optical,Sentinel-2 MSI L2A,S2B_MSIL2A_20260727T170849_R112_T14SMB_20260727T210327,2026-07-27,https://planetarycomputer.microsoft.com/api/stac/v1/collections/sentinel-2-l2a/items/S2B_MSIL2A_20260727T170849_R112_T14SMB_20260727T210327,https://planetarycomputer.microsoft.com/api/stac/v1/search,sentinel-2-l2a,0.042591,INGESTED_DERIVED,RAW_COG_WINDOW_PROCESSED,physical-verification-v1,"{""ndvi_median"": 0.18734653294086456, ""ndvi_p10"": 0.03667956963181496, ""ndvi_p90"": 0.353481262922287, ""nir_reflectance_median"": 0.4244999885559082, ""nonvegetated_proxy_fraction"": 0.5358518774078547, ""proxy_note"": ""Nonvegetated fraction is a coarse surface-change proxy; it is not a building-footprint measurement."", ""red_reflectance_median"": 0.27410000562667847, ""source_asset_keys"": [""B04"", ""B08"", ""SCL""], ""source_resolution_m"": 10.0, ""valid_pixel_count"": 173910}",{},,Derived observation retained from a public raw scene; absence or missing scene is not evidence of absence.
EPOCH-4569f5444951b2fd,Crusoe Abilene Expansion,"5502 Spinks Rd, Abilene, TX 79601",32.4942321,-99.8009071,public-address geocode,optical,Sentinel-2 MSI L2A,S2B_MSIL2A_20260925T170949_R112_T14SMA_20260925T221750,2026-09-25,https://planetarycomputer.microsoft.com/api/stac/v1/collections/sentinel-2-l2a/items/S2B_MSIL2A_20260925T170949_R112_T14SMA_20260925T221750,https://planetarycomputer.microsoft.com/api/stac/v1/search,sentinel-2-l2a,32.101369,INGESTED_DERIVED,RAW_COG_WINDOW_PROCESSED,physical-verification-v1,"{""ndvi_median"": 0.10027571022510529, ""ndvi_p10"": 0.002038478385657072, ""ndvi_p90"": 0.2631392180919647, ""nir_reflectance_median"": 0.3912999927997589, ""nonvegetated_proxy_fraction"": 0.8015861283337826, ""proxy_note"": ""Nonvegetated fraction is a coarse surface-change proxy; it is not a building-footprint measurement."", ""red_reflectance_median"": 0.3100000023841858, ""source_asset_keys"": [""B04"", ""B08"", ""SCL""], ""source_resolution_m"": 10.0, ""valid_pixel_count"": 114997}","{""ndvi_median_delta"": -0.08707082271575928, ""ndvi_p10_delta"": -0.034641091246157885, ""ndvi_p90_delta"": -0.09034204483032227, ""nir_reflectance_median_delta"": -0.03319999575614929, ""nonvegetated_proxy_fraction_delta"": 0.26573425092592795, ""red_reflectance_median_delta"": 0.035899996757507324, ""source_resolution_m_delta"": 0.0, ""valid_pixel_count_delta"": -58913}",,Derived observation retained from a public raw scene; absence or missing scene is not evidence of absence.
EPOCH-4569f5444951b2fd,Crusoe Abilene Expansion,"5502 Spinks Rd, Abilene, TX 79601",32.4942321,-99.8009071,public-address geocode,sar,Sentinel-1 GRD,S1A_IW_GRDH_1SDV_20251008T004404_20251008T004429_061327_07A6D2,2025-10-08,https://planetarycomputer.microsoft.com/api/stac/v1/collections/sentinel-1-grd/items/S1A_IW_GRDH_1SDV_20251008T004404_20251008T004429_061327_07A6D2,https://planetarycomputer.microsoft.com/api/stac/v1/search,sentinel-1-grd,,INGESTED_DERIVED,RAW_COG_WINDOW_PROCESSED,physical-verification-v1,"{""backscatter_note"": ""Sentinel-1 GRD detected amplitude is converted to dB with 20*log10(amplitude)."", ""source_asset_keys"": [""vv"", ""vh""], ""source_resolution_m"": 1.0, ""valid_pixel_count"": 0, ""vh_db_median"": null, ""vh_db_p10"": null, ""vh_db_p90"": null, ""vv_db_median"": null, ""vv_db_p10"": null, ""vv_db_p90"": null, ""vv_vh_db_difference"": null}",{},,Derived observation retained from a public raw scene; absence or missing scene is not evidence of absence.
EPOCH-4569f5444951b2fd,Crusoe Abilene Expansion,"5502 Spinks Rd, Abilene, TX 79601",32.4942321,-99.8009071,public-address geocode,sar,Sentinel-1 GRD,S1D_IW_GRDH_1SDV_20260923T003514_20260923T003539_004698_008C85,2026-09-23,https://planetarycomputer.microsoft.com/api/stac/v1/collections/sentinel-1-grd/items/S1D_IW_GRDH_1SDV_20260923T003514_20260923T003539_004698_008C85,https://planetarycomputer.microsoft.com/api/stac/v1/search,sentinel-1-grd,,INGESTED_DERIVED,RAW_COG_WINDOW_PROCESSED,physical-verification-v1,"{""backscatter_note"": ""Sentinel-1 GRD detected amplitude is converted to dB with 20*log10(amplitude)."", ""source_asset_keys"": [""vv"", ""vh""], ""source_resolution_m"": 1.0, ""valid_pixel_count"": 0, ""vh_db_median"": null, ""vh_db_p10"": null, ""vh_db_p90"": null, ""vv_db_median"": null, ""vv_db_p10"": null, ""vv_db_p90"": null, ""vv_vh_db_difference"": null}","{""source_resolution_m_delta"": 0.0, ""valid_pixel_count_delta"": 0}",,Derived observation retained from a public raw scene; absence or missing scene is not evidence of absence.
EPOCH-4569f5444951b2fd,Crusoe Abilene Expansion,"5502 Spinks Rd, Abilene, TX 79601",32.4942321,-99.8009071,public-address geocode,tir,Landsat Collection 2 Level-2 Surface Temperature,LC09_L2SP_028037_20260530_02_T1,2026-05-30,https://planetarycomputer.microsoft.com/api/stac/v1/collections/landsat-c2-l2/items/LC09_L2SP_028037_20260530_02_T1,https://planetarycomputer.microsoft.com/api/stac/v1/search,landsat-c2-l2,69.84,INGESTED_DERIVED,RAW_COG_WINDOW_PROCESSED,physical-verification-v1,"{""local_background_temperature_k_median"": 224.74673461914062, ""local_surface_temperature_delta_k"": -4.84332275390625, ""proxy_note"": ""Thermal anomaly is relative to the local scene background, not a calibrated facility heat-output measurement."", ""source_asset_key"": ""lwir11"", ""source_resolution_m"": 30.0, ""surface_temperature_k_median"": 219.90341186523438, ""surface_temperature_p10_k"": 216.6009063720703, ""surface_temperature_p90_k"": 225.87673950195312, ""valid_pixel_count"": 24555}",{},,Derived observation retained from a public raw scene; absence or missing scene is not evidence of absence.
EPOCH-4569f5444951b2fd,Crusoe Abilene Expansion,"5502 Spinks Rd, Abilene, TX 79601",32.4942321,-99.8009071,public-address geocode,tir,Landsat Collection 2 Level-2 Surface Temperature,LC09_L2SP_029038_20260926_02_T1,2026-09-26,https://planetarycomputer.microsoft.com/api/stac/v1/collections/landsat-c2-l2/items/LC09_L2SP_029038_20260926_02_T1,https://planetarycomputer.microsoft.com/api/stac/v1/search,landsat-c2-l2,22.43,INGESTED_DERIVED,RAW_COG_WINDOW_PROCESSED,physical-verification-v1,"{""local_background_temperature_k_median"": 318.2911071777344, ""local_surface_temperature_delta_k"": 1.134796142578125, ""proxy_note"": ""Thermal anomaly is relative to the local scene background, not a calibrated facility heat-output measurement."", ""source_asset_key"": ""lwir11"", ""source_resolution_m"": 30.0, ""surface_temperature_k_median"": 319.4259033203125, ""surface_temperature_p10_k"": 314.9906921386719, ""surface_temperature_p90_k"": 322.0919494628906, ""valid_pixel_count"": 19903}","{""local_background_temperature_k_median_delta"": 93.54437255859375, ""local_surface_temperature_delta_k_delta"": 5.978118896484375, ""source_resolution_m_delta"": 0.0, ""surface_temperature_k_median_delta"": 99.52249145507812, ""surface_temperature_p10_k_delta"": 98.38978576660156, ""surface_temperature_p90_k_delta"": 96.2152099609375, ""valid_pixel_count_delta"": -4652}",,Derived observation retained from a public raw scene; absence or missing scene is not evidence of absence.
EPOCH-495a9afde5e4b96c,xAI QTS Atlanta,"1025 Jefferson Street NW, Atlanta, GA 30318",33.7771907,-84.4195485,public-address geocode,optical,Sentinel-2 MSI L2A,S2B_MSIL2A_20260123T162459_R040_T16SGC_20260123T195809,2026-01-23,https://planetarycomputer.microsoft.com/api/stac/v1/collections/sentinel-2-l2a/items/S2B_MSIL2A_20260123T162459_R040_T16SGC_20260123T195809,https://planetarycomputer.microsoft.com/api/stac/v1/search,sentinel-2-l2a,99.760765,INGESTED_DERIVED,RAW_COG_WINDOW_PROCESSED,physical-verification-v1,"{""ndvi_median"": 0.05892316251993179, ""ndvi_p10"": 0.029283765703439713, ""ndvi_p90"": 0.09768913686275482, ""nir_reflectance_median"": 0.44999998807907104, ""nonvegetated_proxy_fraction"": 0.999359130859375, ""proxy_note"": ""Nonvegetated fraction is a coarse surface-change proxy; it is not a building-footprint measurement."", ""red_reflectance_median"": 0.39739999175071716, ""source_asset_keys"": [""B04"", ""B08"", ""SCL""], ""source_resolution_m"": 10.0, ""valid_pixel_count"": 262144}",{},,Derived observation retained from a public raw scene; absence or missing scene is not evidence of absence.
EPOCH-495a9afde5e4b96c,xAI QTS Atlanta,"1025 Jefferson Street NW, Atlanta, GA 30318",33.7771907,-84.4195485,public-address geocode,optical,Sentinel-2 MSI L2A,S2C_MSIL2A_20260925T162021_R040_T16SGC_20260925T195353,2026-09-25,https://planetarycomputer.microsoft.com/api/stac/v1/collections/sentinel-2-l2a/items/S2C_MSIL2A_20260925T162021_R040_T16SGC_20260925T195353,https://planetarycomputer.microsoft.com/api/stac/v1/search,sentinel-2-l2a,70.579767,INGESTED_DERIVED,RAW_COG_WINDOW_PROCESSED,physical-verification-v1,"{""ndvi_median"": 0.030513083562254906, ""ndvi_p10"": 0.021929172798991203, ""ndvi_p90"": 0.04139586538076401, ""nir_reflectance_median"": 0.7562999725341797, ""nonvegetated_proxy_fraction"": 1.0, ""proxy_note"": ""Nonvegetated fraction is a coarse surface-change proxy; it is not a building-footprint measurement."", ""red_reflectance_median"": 0.7113000154495239, ""source_asset_keys"": [""B04"", ""B08"", ""SCL""], ""source_resolution_m"": 10.0, ""valid_pixel_count"": 3350}","{""ndvi_median_delta"": -0.028410078957676888, ""ndvi_p10_delta"": -0.007354592904448509, ""ndvi_p90_delta"": -0.056293271481990814, ""nir_reflectance_median_delta"": 0.30629998445510864, ""nonvegetated_proxy_fraction_delta"": 0.000640869140625, ""red_reflectance_median_delta"": 0.31390002369880676, ""source_resolution_m_delta"": 0.0, ""valid_pixel_count_delta"": -258794}",,Derived observation retained from a public raw scene; absence or missing scene is not evidence of absence.
EPOCH-495a9afde5e4b96c,xAI QTS Atlanta,"1025 Jefferson Street NW, Atlanta, GA 30318",33.7771907,-84.4195485,public-address geocode,sar,Sentinel-1 GRD,S1A_IW_GRDH_1SDV_20250124T233841_20250124T233906_057593_071876,2025-01-24,https://planetarycomputer.microsoft.com/api/stac/v1/collections/sentinel-1-grd/items/S1A_IW_GRDH_1SDV_20250124T233841_20250124T233906_057593_071876,https://planetarycomputer.microsoft.com/api/stac/v1/search,sentinel-1-grd,,INGESTED_DERIVED,RAW_COG_WINDOW_PROCESSED,physical-verification-v1,"{""backscatter_note"": ""Sentinel-1 GRD detected amplitude is converted to dB with 20*log10(amplitude)."", ""source_asset_keys"": [""vv"", ""vh""], ""source_resolution_m"": 1.0, ""valid_pixel_count"": 0, ""vh_db_median"": null, ""vh_db_p10"": null, ""vh_db_p90"": null, ""vv_db_median"": null, ""vv_db_p10"": null, ""vv_db_p90"": null, ""vv_vh_db_difference"": null}",{},,Derived observation retained from a public raw scene; absence or missing scene is not evidence of absence.
EPOCH-495a9afde5e4b96c,xAI QTS Atlanta,"1025 Jefferson Street NW, Atlanta, GA 30318",33.7771907,-84.4195485,public-address geocode,sar,Sentinel-1 GRD,S1D_IW_GRDH_1SDV_20260923T233749_20260923T233814_004712_008D06,2026-09-23,https://planetarycomputer.microsoft.com/api/stac/v1/collections/sentinel-1-grd/items/S1D_IW_GRDH_1SDV_20260923T233749_20260923T233814_004712_008D06,https://planetarycomputer.microsoft.com/api/stac/v1/search,sentinel-1-grd,,INGESTED_DERIVED,RAW_COG_WINDOW_PROCESSED,physical-verification-v1,"{""backscatter_note"": ""Sentinel-1 GRD detected amplitude is converted to dB with 20*log10(amplitude)."", ""source_asset_keys"": [""vv"", ""vh""], ""source_resolution_m"": 1.0, ""valid_pixel_count"": 0, ""vh_db_median"": null, ""vh_db_p10"": null, ""vh_db_p90"": null, ""vv_db_median"": null, ""vv_db_p10"": null, ""vv_db_p90"": null, ""vv_vh_db_difference"": null}","{""source_resolution_m_delta"": 0.0, ""valid_pixel_count_delta"": 0}",,Derived observation retained from a public raw scene; absence or missing scene is not evidence of absence.
EPOCH-495a9afde5e4b96c,xAI QTS Atlanta,"1025 Jefferson Street NW, Atlanta, GA 30318",33.7771907,-84.4195485,public-address geocode,tir,Landsat Collection 2 Level-2 Surface Temperature,LC08_L2SP_019036_20260131_02_T2,2026-01-31,https://planetarycomputer.microsoft.com/api/stac/v1/collections/landsat-c2-l2/items/LC08_L2SP_019036_20260131_02_T2,https://planetarycomputer.microsoft.com/api/stac/v1/search,landsat-c2-l2,99.96,INGESTED_DERIVED,RAW_COG_WINDOW_PROCESSED,physical-verification-v1,"{""local_background_temperature_k_median"": 257.83319091796875, ""local_surface_temperature_delta_k"": -1.9448699951171875, ""proxy_note"": ""Thermal anomaly is relative to the local scene background, not a calibrated facility heat-output measurement."", ""source_asset_key"": ""lwir11"", ""source_resolution_m"": 30.0, ""surface_temperature_k_median"": 255.88832092285156, ""surface_temperature_p10_k"": 253.52304077148438, ""surface_temperature_p90_k"": 258.85003662109375, ""valid_pixel_count"": 36864}",{},,Derived observation retained from a public raw scene; absence or missing scene is not evidence of absence.
EPOCH-495a9afde5e4b96c,xAI QTS Atlanta,"1025 Jefferson Street NW, Atlanta, GA 30318",33.7771907,-84.4195485,public-address geocode,tir,Landsat Collection 2 Level-2 Surface Temperature,LC09_L2SP_019037_20260920_02_T1,2026-09-20,https://planetarycomputer.microsoft.com/api/stac/v1/collections/landsat-c2-l2/items/LC09_L2SP_019037_20260920_02_T1,https://planetarycomputer.microsoft.com/api/stac/v1/search,landsat-c2-l2,44.9,INGESTED_DERIVED,RAW_COG_WINDOW_PROCESSED,physical-verification-v1,"{""local_background_temperature_k_median"": 301.8846130371094, ""local_surface_temperature_delta_k"": 0.259765625, ""proxy_note"": ""Thermal anomaly is relative to the local scene background, not a calibrated facility heat-output measurement."", ""source_asset_key"": ""lwir11"", ""source_resolution_m"": 30.0, ""surface_temperature_k_median"": 302.1443786621094, ""surface_temperature_p10_k"": 297.8547668457031, ""surface_temperature_p90_k"": 307.50213623046875, ""valid_pixel_count"": 36864}","{""local_background_temperature_k_median_delta"": 44.051422119140625, ""local_surface_temperature_delta_k_delta"": 2.2046356201171875, ""source_resolution_m_delta"": 0.0, ""surface_temperature_k_median_delta"": 46.25605773925781, ""surface_temperature_p10_k_delta"": 44.33172607421875, ""surface_temperature_p90_k_delta"": 48.652099609375, ""valid_pixel_count_delta"": 0}",,Derived observation retained from a public raw scene; absence or missing scene is not evidence of absence.
EPOCH-4a87099a6d1e001f,Amazon Ridgeland,"1626 County Line Road Ridgeland, Mississippi",32.4000327,-90.1971708,public-address geocode,optical,Sentinel-2 MSI L2A,S2B_MSIL2A_20260728T163839_R126_T16SBB_20260729T102208,2026-07-28,https://planetarycomputer.microsoft.com/api/stac/v1/collections/sentinel-2-l2a/items/S2B_MSIL2A_20260728T163839_R126_T16SBB_20260729T102208,https://planetarycomputer.microsoft.com/api/stac/v1/search,sentinel-2-l2a,40.20175,INGESTED_DERIVED,RAW_COG_WINDOW_PROCESSED,physical-verification-v1,"{""ndvi_median"": 0.47338229417800903, ""ndvi_p10"": 0.04290429875254631, ""ndvi_p90"": 0.5809032320976257, ""nir_reflectance_median"": 0.39879998564720154, ""nonvegetated_proxy_fraction"": 0.2096081588835212, ""proxy_note"": ""Nonvegetated fraction is a coarse surface-change proxy; it is not a building-footprint measurement."", ""red_reflectance_median"": 0.13940000534057617, ""source_asset_keys"": [""B04"", ""B08"", ""SCL""], ""source_resolution_m"": 10.0, ""valid_pixel_count"": 29808}",{},,Derived observation retained from a public raw scene; absence or missing scene is not evidence of absence.
EPOCH-4a87099a6d1e001f,Amazon Ridgeland,"1626 County Line Road Ridgeland, Mississippi",32.4000327,-90.1971708,public-address geocode,optical,Sentinel-2 MSI L2A,S2B_MSIL2A_20260926T163939_R126_T15SYR_20260926T220409,2026-09-26,https://planetarycomputer.microsoft.com/api/stac/v1/collections/sentinel-2-l2a/items/S2B_MSIL2A_20260926T163939_R126_T15SYR_20260926T220409,https://planetarycomputer.microsoft.com/api/stac/v1/search,sentinel-2-l2a,85.240978,INGESTED_DERIVED,RAW_COG_WINDOW_PROCESSED,physical-verification-v1,"{""ndvi_median"": 0.22473101317882538, ""ndvi_p10"": 0.03959883004426956, ""ndvi_p90"": 0.36959561705589294, ""nir_reflectance_median"": 0.3725000023841858, ""nonvegetated_proxy_fraction"": 0.4445438282647585, ""proxy_note"": ""Nonvegetated fraction is a coarse surface-change proxy; it is not a building-footprint measurement."", ""red_reflectance_median"": 0.20739999413490295, ""source_asset_keys"": [""B04"", ""B08"", ""SCL""], ""source_resolution_m"": 10.0, ""valid_pixel_count"": 4472}","{""ndvi_median_delta"": -0.24865128099918365, ""ndvi_p10_delta"": -0.0033054687082767487, ""ndvi_p90_delta"": -0.2113076150417328, ""nir_reflectance_median_delta"": -0.026299983263015747, ""nonvegetated_proxy_fraction_delta"": 0.23493566938123733, ""red_reflectance_median_delta"": 0.06799998879432678, ""source_resolution_m_delta"": 0.0, ""valid_pixel_count_delta"": -25336}",,Derived observation retained from a public raw scene; absence or missing scene is not evidence of absence.
EPOCH-4a87099a6d1e001f,Amazon Ridgeland,"1626 County Line Road Ridgeland, Mississippi",32.4000327,-90.1971708,public-address geocode,sar,Sentinel-1 GRD,S1A_IW_GRDH_1SDV_20250128T000255_20250128T000320_057637_071A36,2025-01-28,https://planetarycomputer.microsoft.com/api/stac/v1/collections/sentinel-1-grd/items/S1A_IW_GRDH_1SDV_20250128T000255_20250128T000320_057637_071A36,https://planetarycomputer.microsoft.com/api/stac/v1/search,sentinel-1-grd,,INGESTED_DERIVED,RAW_COG_WINDOW_PROCESSED,physical-verification-v1,"{""backscatter_note"": ""Sentinel-1 GRD detected amplitude is converted to dB with 20*log10(amplitude)."", ""source_asset_keys"": [""vv"", ""vh""], ""source_resolution_m"": 1.0, ""valid_pixel_count"": 0, ""vh_db_median"": null, ""vh_db_p10"": null, ""vh_db_p90"": null, ""vv_db_median"": null, ""vv_db_p10"": null, ""vv_db_p90"": null, ""vv_vh_db_difference"": null}",{},,Derived observation retained from a public raw scene; absence or missing scene is not evidence of absence.
EPOCH-4a87099a6d1e001f,Amazon Ridgeland,"1626 County Line Road Ridgeland, Mississippi",32.4000327,-90.1971708,public-address geocode,sar,Sentinel-1 GRD,S1D_IW_GRDH_1SDV_20260927T000204_20260927T000229_004756_008E85,2026-09-27,https://planetarycomputer.microsoft.com/api/stac/v1/collections/sentinel-1-grd/items/S1D_IW_GRDH_1SDV_20260927T000204_20260927T000229_004756_008E85,https://planetarycomputer.microsoft.com/api/stac/v1/search,sentinel-1-grd,,INGESTED_DERIVED,RAW_COG_WINDOW_PROCESSED,physical-verification-v1,"{""backscatter_note"": ""Sentinel-1 GRD detected amplitude is converted to dB with 20*log10(amplitude)."", ""source_asset_keys"": [""vv"", ""vh""], ""source_resolution_m"": 1.0, ""valid_pixel_count"": 0, ""vh_db_median"": null, ""vh_db_p10"": null, ""vh_db_p90"": null, ""vv_db_median"": null, ""vv_db_p10"": null, ""vv_db_p90"": null, ""vv_vh_db_difference"": null}","{""source_resolution_m_delta"": 0.0, ""valid_pixel_count_delta"": 0}",,Derived observation retained from a public raw scene; absence or missing scene is not evidence of absence.
EPOCH-4a87099a6d1e001f,Amazon Ridgeland,"1626 County Line Road Ridgeland, Mississippi",32.4000327,-90.1971708,public-address geocode,tir,Landsat Collection 2 Level-2 Surface Temperature,LC08_L2SP_022038_20260426_02_T1,2026-04-26,https://planetarycomputer.microsoft.com/api/stac/v1/collections/landsat-c2-l2/items/LC08_L2SP_022038_20260426_02_T1,https://planetarycomputer.microsoft.com/api/stac/v1/search,landsat-c2-l2,74.32,INGESTED_DERIVED,RAW_COG_WINDOW_PROCESSED,physical-verification-v1,"{""local_background_temperature_k_median"": 261.5895690917969, ""local_surface_temperature_delta_k"": 1.999542236328125, ""proxy_note"": ""Thermal anomaly is relative to the local scene background, not a calibrated facility heat-output measurement."", ""source_asset_key"": ""lwir11"", ""source_resolution_m"": 30.0, ""surface_temperature_k_median"": 263.589111328125, ""surface_temperature_p10_k"": 258.55096435546875, ""surface_temperature_p90_k"": 267.20367431640625, ""valid_pixel_count"": 36864}",{},,Derived observation retained from a public raw scene; absence or missing scene is not evidence of absence.
EPOCH-4a87099a6d1e001f,Amazon Ridgeland,"1626 County Line Road Ridgeland, Mississippi",32.4000327,-90.1971708,public-address geocode,tir,Landsat Collection 2 Level-2 Surface Temperature,LC09_L2SP_022038_20260925_02_T1,2026-09-25,https://planetarycomputer.microsoft.com/api/stac/v1/collections/landsat-c2-l2/items/LC09_L2SP_022038_20260925_02_T1,https://planetarycomputer.microsoft.com/api/stac/v1/search,landsat-c2-l2,0.1,INGESTED_DERIVED,RAW_COG_WINDOW_PROCESSED,physical-verification-v1,"{""local_background_temperature_k_median"": 305.7435607910156, ""local_surface_temperature_delta_k"": 2.341339111328125, ""proxy_note"": ""Thermal anomaly is relative to the local scene background, not a calibrated facility heat-output measurement."", ""source_asset_key"": ""lwir11"", ""source_resolution_m"": 30.0, ""surface_temperature_k_median"": 308.08489990234375, ""surface_temperature_p10_k"": 303.1715087890625, ""surface_temperature_p90_k"": 311.771240234375, ""valid_pixel_count"": 36864}","{""local_background_temperature_k_median_delta"": 44.15399169921875, ""local_surface_temperature_delta_k_delta"": 0.341796875, ""source_resolution_m_delta"": 0.0, ""surface_temperature_k_median_delta"": 44.49578857421875, ""surface_temperature_p10_k_delta"": 44.62054443359375, ""surface_temperature_p90_k_delta"": 44.56756591796875, ""valid_pixel_count_delta"": 0}",,Derived observation retained from a public raw scene; absence or missing scene is not evidence of absence.
EPOCH-4b4d686b6c457a68,QTS Eagle Mountain,"652 E Hyperscale Way, Eagle Mountain, UT 84013",40.2688855,-112.0342942,public-address geocode,optical,Sentinel-2 MSI L2A,S2C_MSIL2A_20260531T180911_R084_T12TVK_20260531T231310,2026-05-31,https://planetarycomputer.microsoft.com/api/stac/v1/collections/sentinel-2-l2a/items/S2C_MSIL2A_20260531T180911_R084_T12TVK_20260531T231310,https://planetarycomputer.microsoft.com/api/stac/v1/search,sentinel-2-l2a,32.827675,INGESTED_DERIVED,RAW_COG_WINDOW_PROCESSED,physical-verification-v1,"{""ndvi_median"": 0.09385926276445389, ""ndvi_p10"": 0.0028234878554940224, ""ndvi_p90"": 0.16399307548999786, ""nir_reflectance_median"": 0.4325000047683716, ""nonvegetated_proxy_fraction"": 0.9388045776494554, ""proxy_note"": ""Nonvegetated fraction is a coarse surface-change proxy; it is not a building-footprint measurement."", ""red_reflectance_median"": 0.35659998655319214, ""source_asset_keys"": [""B04"", ""B08"", ""SCL""], ""source_resolution_m"": 10.0, ""valid_pixel_count"": 181141}",{},,Derived observation retained from a public raw scene; absence or missing scene is not evidence of absence.
EPOCH-4b4d686b6c457a68,QTS Eagle Mountain,"652 E Hyperscale Way, Eagle Mountain, UT 84013",40.2688855,-112.0342942,public-address geocode,optical,Sentinel-2 MSI L2A,S2B_MSIL2A_20260926T182029_R127_T12TVK_20260926T233146,2026-09-26,https://planetarycomputer.microsoft.com/api/stac/v1/collections/sentinel-2-l2a/items/S2B_MSIL2A_20260926T182029_R127_T12TVK_20260926T233146,https://planetarycomputer.microsoft.com/api/stac/v1/search,sentinel-2-l2a,0.82824,INGESTED_DERIVED,RAW_COG_WINDOW_PROCESSED,physical-verification-v1,"{""ndvi_median"": 0.07610511034727097, ""ndvi_p10"": 0.016288582235574722, ""ndvi_p90"": 0.13256515562534332, ""nir_reflectance_median"": 0.4000000059604645, ""nonvegetated_proxy_fraction"": 0.9788436889648438, ""proxy_note"": ""Nonvegetated fraction is a coarse surface-change proxy; it is not a building-footprint measurement."", ""red_reflectance_median"": 0.3418000042438507, ""source_asset_keys"": [""B04"", ""B08"", ""SCL""], ""source_resolution_m"": 10.0, ""valid_pixel_count"": 262144}","{""ndvi_median_delta"": -0.017754152417182922, ""ndvi_p10_delta"": 0.0134650943800807, ""ndvi_p90_delta"": -0.03142791986465454, ""nir_reflectance_median_delta"": -0.032499998807907104, ""nonvegetated_proxy_fraction_delta"": 0.0400391113153884, ""red_reflectance_median_delta"": -0.01479998230934143, ""source_resolution_m_delta"": 0.0, ""valid_pixel_count_delta"": 81003}",,Derived observation retained from a public raw scene; absence or missing scene is not evidence of absence.
EPOCH-4b4d686b6c457a68,QTS Eagle Mountain,"652 E Hyperscale Way, Eagle Mountain, UT 84013",40.2688855,-112.0342942,public-address geocode,sar,Sentinel-1 GRD,S1A_IW_GRDH_1SDV_20260211T133424_20260211T133449_063172_07EE13,2026-02-11,https://planetarycomputer.microsoft.com/api/stac/v1/collections/sentinel-1-grd/items/S1A_IW_GRDH_1SDV_20260211T133424_20260211T133449_063172_07EE13,https://planetarycomputer.microsoft.com/api/stac/v1/search,sentinel-1-grd,,INGESTED_DERIVED,RAW_COG_WINDOW_PROCESSED,physical-verification-v1,"{""backscatter_note"": ""Sentinel-1 GRD detected amplitude is converted to dB with 20*log10(amplitude)."", ""source_asset_keys"": [""vv"", ""vh""], ""source_resolution_m"": 1.0, ""valid_pixel_count"": 0, ""vh_db_median"": null, ""vh_db_p10"": null, ""vh_db_p90"": null, ""vv_db_median"": null, ""vv_db_p10"": null, ""vv_db_p90"": null, ""vv_vh_db_difference"": null}",{},,Derived observation retained from a public raw scene; absence or missing scene is not evidence of absence.
EPOCH-4b4d686b6c457a68,QTS Eagle Mountain,"652 E Hyperscale Way, Eagle Mountain, UT 84013",40.2688855,-112.0342942,public-address geocode,sar,Sentinel-1 GRD,S1C_IW_GRDH_1SDV_20260923T012630_20260923T012655_009568_0130A5,2026-09-23,https://planetarycomputer.microsoft.com/api/stac/v1/collections/sentinel-1-grd/items/S1C_IW_GRDH_1SDV_20260923T012630_20260923T012655_009568_0130A5,https://planetarycomputer.microsoft.com/api/stac/v1/search,sentinel-1-grd,,INGESTED_DERIVED,RAW_COG_WINDOW_PROCESSED,physical-verification-v1,"{""backscatter_note"": ""Sentinel-1 GRD detected amplitude is converted to dB with 20*log10(amplitude)."", ""source_asset_keys"": [""vv"", ""vh""], ""source_resolution_m"": 1.0, ""valid_pixel_count"": 0, ""vh_db_median"": null, ""vh_db_p10"": null, ""vh_db_p90"": null, ""vv_db_median"": null, ""vv_db_p10"": null, ""vv_db_p90"": null, ""vv_vh_db_difference"": null}","{""source_resolution_m_delta"": 0.0, ""valid_pixel_count_delta"": 0}",,Derived observation retained from a public raw scene; absence or missing scene is not evidence of absence.
EPOCH-4b4d686b6c457a68,QTS Eagle Mountain,"652 E Hyperscale Way, Eagle Mountain, UT 84013",40.2688855,-112.0342942,public-address geocode,tir,Landsat Collection 2 Level-2 Surface Temperature,LC09_L2SP_038032_20250517_02_T1,2025-05-17,https://planetarycomputer.microsoft.com/api/stac/v1/collections/landsat-c2-l2/items/LC09_L2SP_038032_20250517_02_T1,https://planetarycomputer.microsoft.com/api/stac/v1/search,landsat-c2-l2,91.51,INGESTED_DERIVED,RAW_COG_WINDOW_PROCESSED,physical-verification-v1,"{""local_background_temperature_k_median"": 221.42955017089844, ""local_surface_temperature_delta_k"": 0.4699859619140625, ""proxy_note"": ""Thermal anomaly is relative to the local scene background, not a calibrated facility heat-output measurement."", ""source_asset_key"": ""lwir11"", ""source_resolution_m"": 30.0, ""surface_temperature_k_median"": 221.8995361328125, ""surface_temperature_p10_k"": 219.56161499023438, ""surface_temperature_p90_k"": 224.11441040039062, ""valid_pixel_count"": 36864}",{},,Derived observation retained from a public raw scene; absence or missing scene is not evidence of absence.
EPOCH-4b4d686b6c457a68,QTS Eagle Mountain,"652 E Hyperscale Way, Eagle Mountain, UT 84013",40.2688855,-112.0342942,public-address geocode,tir,Landsat Collection 2 Level-2 Surface Temperature,LC09_L2SP_038032_20260925_02_T1,2026-09-25,https://planetarycomputer.microsoft.com/api/stac/v1/collections/landsat-c2-l2/items/LC09_L2SP_038032_20260925_02_T1,https://planetarycomputer.microsoft.com/api/stac/v1/search,landsat-c2-l2,7.09,INGESTED_DERIVED,RAW_COG_WINDOW_PROCESSED,physical-verification-v1,"{""local_background_temperature_k_median"": 306.91937255859375, ""local_surface_temperature_delta_k"": -2.85064697265625, ""proxy_note"": ""Thermal anomaly is relative to the local scene background, not a calibrated facility heat-output measurement."", ""source_asset_key"": ""lwir11"", ""source_resolution_m"": 30.0, ""surface_temperature_k_median"": 304.0687255859375, ""surface_temperature_p10_k"": 299.31427001953125, ""surface_temperature_p90_k"": 308.31390380859375, ""valid_pixel_count"": 36864}","{""local_background_temperature_k_median_delta"": 85.48982238769531, ""local_surface_temperature_delta_k_delta"": -3.3206329345703125, ""source_resolution_m_delta"": 0.0, ""surface_temperature_k_median_delta"": 82.169189453125, ""surface_temperature_p10_k_delta"": 79.75265502929688, ""surface_temperature_p90_k_delta"": 84.19949340820312, ""valid_pixel_count_delta"": 0}",,Derived observation retained from a public raw scene; absence or missing scene is not evidence of absence.
EPOCH-4b5df4f52274f2ba,Meta Sarpy,"14436-14998 Fairview Rd, Springfield, NE 68059, USA",41.111765,-96.142431,public-address geocode,optical,Sentinel-2 MSI L2A,S2C_MSIL2A_20260602T170851_R112_T15TTF_20260602T221514,2026-06-02,https://planetarycomputer.microsoft.com/api/stac/v1/collections/sentinel-2-l2a/items/S2C_MSIL2A_20260602T170851_R112_T15TTF_20260602T221514,https://planetarycomputer.microsoft.com/api/stac/v1/search,sentinel-2-l2a,97.60136,INGESTED_DERIVED,RAW_COG_WINDOW_PROCESSED,physical-verification-v1,"{""ndvi_median"": 0.09387177228927612, ""ndvi_p10"": 0.0778580754995346, ""ndvi_p90"": 0.11322417110204697, ""nir_reflectance_median"": 0.6049000024795532, ""nonvegetated_proxy_fraction"": 1.0, ""proxy_note"": ""Nonvegetated fraction is a coarse surface-change proxy; it is not a building-footprint measurement."", ""red_reflectance_median"": 0.5008999705314636, ""source_asset_keys"": [""B04"", ""B08"", ""SCL""], ""source_resolution_m"": 10.0, ""valid_pixel_count"": 262144}",{},,Derived observation retained from a public raw scene; absence or missing scene is not evidence of absence.
EPOCH-4b5df4f52274f2ba,Meta Sarpy,"14436-14998 Fairview Rd, Springfield, NE 68059, USA",41.111765,-96.142431,public-address geocode,optical,Sentinel-2 MSI L2A,S2B_MSIL2A_20260925T170949_R112_T14TQL_20260925T211357,2026-09-25,https://planetarycomputer.microsoft.com/api/stac/v1/collections/sentinel-2-l2a/items/S2B_MSIL2A_20260925T170949_R112_T14TQL_20260925T211357,https://planetarycomputer.microsoft.com/api/stac/v1/search,sentinel-2-l2a,99.966836,INGESTED_DERIVED,RAW_COG_WINDOW_PROCESSED,physical-verification-v1,"{""ndvi_median"": -0.01783551461994648, ""ndvi_p10"": -0.027182012796401978, ""ndvi_p90"": -0.010307209566235542, ""nir_reflectance_median"": 0.9017999768257141, ""nonvegetated_proxy_fraction"": 1.0, ""proxy_note"": ""Nonvegetated fraction is a coarse surface-change proxy; it is not a building-footprint measurement."", ""red_reflectance_median"": 0.9340000152587891, ""source_asset_keys"": [""B04"", ""B08"", ""SCL""], ""source_resolution_m"": 10.0, ""valid_pixel_count"": 262144}","{""ndvi_median_delta"": -0.1117072869092226, ""ndvi_p10_delta"": -0.10504008829593658, ""ndvi_p90_delta"": -0.12353138066828251, ""nir_reflectance_median_delta"": 0.2968999743461609, ""nonvegetated_proxy_fraction_delta"": 0.0, ""red_reflectance_median_delta"": 0.43310004472732544, ""source_resolution_m_delta"": 0.0, ""valid_pixel_count_delta"": 0}",,Derived observation retained from a public raw scene; absence or missing scene is not evidence of absence.
EPOCH-4b5df4f52274f2ba,Meta Sarpy,"14436-14998 Fairview Rd, Springfield, NE 68059, USA",41.111765,-96.142431,public-address geocode,sar,Sentinel-1 GRD,S1A_IW_GRDH_1SDV_20250102T002148_20250102T002213_057258_070B29,2025-01-02,https://planetarycomputer.microsoft.com/api/stac/v1/collections/sentinel-1-grd/items/S1A_IW_GRDH_1SDV_20250102T002148_20250102T002213_057258_070B29,https://planetarycomputer.microsoft.com/api/stac/v1/search,sentinel-1-grd,,INGESTED_DERIVED,RAW_COG_WINDOW_PROCESSED,physical-verification-v1,"{""backscatter_note"": ""Sentinel-1 GRD detected amplitude is converted to dB with 20*log10(amplitude)."", ""source_asset_keys"": [""vv"", ""vh""], ""source_resolution_m"": 1.0, ""valid_pixel_count"": 0, ""vh_db_median"": null, ""vh_db_p10"": null, ""vh_db_p90"": null, ""vv_db_median"": null, ""vv_db_p10"": null, ""vv_db_p90"": null, ""vv_vh_db_difference"": null}",{},,Derived observation retained from a public raw scene; absence or missing scene is not evidence of absence.
EPOCH-4b5df4f52274f2ba,Meta Sarpy,"14436-14998 Fairview Rd, Springfield, NE 68059, USA",41.111765,-96.142431,public-address geocode,sar,Sentinel-1 GRD,S1D_IW_GRDH_1SDV_20260925T002112_20260925T002148_004727_008D82,2026-09-25,https://planetarycomputer.microsoft.com/api/stac/v1/collections/sentinel-1-grd/items/S1D_IW_GRDH_1SDV_20260925T002112_20260925T002148_004727_008D82,https://planetarycomputer.microsoft.com/api/stac/v1/search,sentinel-1-grd,,INGESTED_DERIVED,RAW_COG_WINDOW_PROCESSED,physical-verification-v1,"{""backscatter_note"": ""Sentinel-1 GRD detected amplitude is converted to dB with 20*log10(amplitude)."", ""source_asset_keys"": [""vv"", ""vh""], ""source_resolution_m"": 1.0, ""valid_pixel_count"": 0, ""vh_db_median"": null, ""vh_db_p10"": null, ""vh_db_p90"": null, ""vv_db_median"": null, ""vv_db_p10"": null, ""vv_db_p90"": null, ""vv_vh_db_difference"": null}","{""source_resolution_m_delta"": 0.0, ""valid_pixel_count_delta"": 0}",,Derived observation retained from a public raw scene; absence or missing scene is not evidence of absence.
EPOCH-4b5df4f52274f2ba,Meta Sarpy,"14436-14998 Fairview Rd, Springfield, NE 68059, USA",41.111765,-96.142431,public-address geocode,tir,Landsat Collection 2 Level-2 Surface Temperature,LC08_L2SP_028031_20260130_02_T2,2026-01-30,https://planetarycomputer.microsoft.com/api/stac/v1/collections/landsat-c2-l2/items/LC08_L2SP_028031_20260130_02_T2,https://planetarycomputer.microsoft.com/api/stac/v1/search,landsat-c2-l2,84.87,INGESTED_DERIVED,RAW_COG_WINDOW_PROCESSED,physical-verification-v1,"{""local_background_temperature_k_median"": 257.6861877441406, ""local_surface_temperature_delta_k"": -1.35009765625, ""proxy_note"": ""Thermal anomaly is relative to the local scene background, not a calibrated facility heat-output measurement."", ""source_asset_key"": ""lwir11"", ""source_resolution_m"": 30.0, ""surface_temperature_k_median"": 256.3360900878906, ""surface_temperature_p10_k"": 254.8885498046875, ""surface_temperature_p90_k"": 258.09637451171875, ""valid_pixel_count"": 36864}",{},,Derived observation retained from a public raw scene; absence or missing scene is not evidence of absence.
EPOCH-4b5df4f52274f2ba,Meta Sarpy,"14436-14998 Fairview Rd, Springfield, NE 68059, USA",41.111765,-96.142431,public-address geocode,tir,Landsat Collection 2 Level-2 Surface Temperature,LC09_L2SP_028032_20260919_02_T1,2026-09-19,https://planetarycomputer.microsoft.com/api/stac/v1/collections/landsat-c2-l2/items/LC09_L2SP_028032_20260919_02_T1,https://planetarycomputer.microsoft.com/api/stac/v1/search,landsat-c2-l2,33.9,INGESTED_DERIVED,RAW_COG_WINDOW_PROCESSED,physical-verification-v1,"{""local_background_temperature_k_median"": 260.02923583984375, ""local_surface_temperature_delta_k"": -3.074493408203125, ""proxy_note"": ""Thermal anomaly is relative to the local scene background, not a calibrated facility heat-output measurement."", ""source_asset_key"": ""lwir11"", ""source_resolution_m"": 30.0, ""surface_temperature_k_median"": 256.9547424316406, ""surface_temperature_p10_k"": 248.47805786132812, ""surface_temperature_p90_k"": 272.9374084472656, ""valid_pixel_count"": 36864}","{""local_background_temperature_k_median_delta"": 2.343048095703125, ""local_surface_temperature_delta_k_delta"": -1.724395751953125, ""source_resolution_m_delta"": 0.0, ""surface_temperature_k_median_delta"": 0.61865234375, ""surface_temperature_p10_k_delta"": -6.410491943359375, ""surface_temperature_p90_k_delta"": 14.841033935546875, ""valid_pixel_count_delta"": 0}",,Derived observation retained from a public raw scene; absence or missing scene is not evidence of absence.
EPOCH-4eeccbee73808216,Google Omaha,"11110 State St, Omaha, NE 68142",41.3356809,-96.0523625,public-address geocode,optical,Sentinel-2 MSI L2A,S2C_MSIL2A_20260602T170851_R112_T15TTF_20260602T221514,2026-06-02,https://planetarycomputer.microsoft.com/api/stac/v1/collections/sentinel-2-l2a/items/S2C_MSIL2A_20260602T170851_R112_T15TTF_20260602T221514,https://planetarycomputer.microsoft.com/api/stac/v1/search,sentinel-2-l2a,97.60136,INGESTED_DERIVED,RAW_COG_WINDOW_PROCESSED,physical-verification-v1,"{""ndvi_median"": 0.0859626904129982, ""ndvi_p10"": 0.06515292823314667, ""ndvi_p90"": 0.11732129752635956, ""nir_reflectance_median"": 0.6941999793052673, ""nonvegetated_proxy_fraction"": 0.9981918334960938, ""proxy_note"": ""Nonvegetated fraction is a coarse surface-change proxy; it is not a building-footprint measurement."", ""red_reflectance_median"": 0.5813999772071838, ""source_asset_keys"": [""B04"", ""B08"", ""SCL""], ""source_resolution_m"": 10.0, ""valid_pixel_count"": 262144}",{},,Derived observation retained from a public raw scene; absence or missing scene is not evidence of absence.
EPOCH-4eeccbee73808216,Google Omaha,"11110 State St, Omaha, NE 68142",41.3356809,-96.0523625,public-address geocode,optical,Sentinel-2 MSI L2A,S2B_MSIL2A_20260925T170949_R112_T14TQL_20260925T211357,2026-09-25,https://planetarycomputer.microsoft.com/api/stac/v1/collections/sentinel-2-l2a/items/S2B_MSIL2A_20260925T170949_R112_T14TQL_20260925T211357,https://planetarycomputer.microsoft.com/api/stac/v1/search,sentinel-2-l2a,99.966836,INGESTED_DERIVED,RAW_COG_WINDOW_PROCESSED,physical-verification-v1,"{""ndvi_median"": -0.012249460443854332, ""ndvi_p10"": -0.018454913049936295, ""ndvi_p90"": -0.006351836491376162, ""nir_reflectance_median"": 1.1038999557495117, ""nonvegetated_proxy_fraction"": 1.0, ""proxy_note"": ""Nonvegetated fraction is a coarse surface-change proxy; it is not a building-footprint measurement."", ""red_reflectance_median"": 1.1332000494003296, ""source_asset_keys"": [""B04"", ""B08"", ""SCL""], ""source_resolution_m"": 10.0, ""valid_pixel_count"": 262144}","{""ndvi_median_delta"": -0.09821215085685253, ""ndvi_p10_delta"": -0.08360784128308296, ""ndvi_p90_delta"": -0.12367313401773572, ""nir_reflectance_median_delta"": 0.4096999764442444, ""nonvegetated_proxy_fraction_delta"": 0.00180816650390625, ""red_reflectance_median_delta"": 0.5518000721931458, ""source_resolution_m_delta"": 0.0, ""valid_pixel_count_delta"": 0}",,Derived observation retained from a public raw scene; absence or missing scene is not evidence of absence.
EPOCH-4eeccbee73808216,Google Omaha,"11110 State St, Omaha, NE 68142",41.3356809,-96.0523625,public-address geocode,sar,Sentinel-1 GRD,S1A_IW_GRDH_1SDV_20250102T002148_20250102T002213_057258_070B29,2025-01-02,https://planetarycomputer.microsoft.com/api/stac/v1/collections/sentinel-1-grd/items/S1A_IW_GRDH_1SDV_20250102T002148_20250102T002213_057258_070B29,https://planetarycomputer.microsoft.com/api/stac/v1/search,sentinel-1-grd,,INGESTED_DERIVED,RAW_COG_WINDOW_PROCESSED,physical-verification-v1,"{""backscatter_note"": ""Sentinel-1 GRD detected amplitude is converted to dB with 20*log10(amplitude)."", ""source_asset_keys"": [""vv"", ""vh""], ""source_resolution_m"": 1.0, ""valid_pixel_count"": 0, ""vh_db_median"": null, ""vh_db_p10"": null, ""vh_db_p90"": null, ""vv_db_median"": null, ""vv_db_p10"": null, ""vv_db_p90"": null, ""vv_vh_db_difference"": null}",{},,Derived observation retained from a public raw scene; absence or missing scene is not evidence of absence.
EPOCH-4eeccbee73808216,Google Omaha,"11110 State St, Omaha, NE 68142",41.3356809,-96.0523625,public-address geocode,sar,Sentinel-1 GRD,S1D_IW_GRDH_1SDV_20260925T002112_20260925T002148_004727_008D82,2026-09-25,https://planetarycomputer.microsoft.com/api/stac/v1/collections/sentinel-1-grd/items/S1D_IW_GRDH_1SDV_20260925T002112_20260925T002148_004727_008D82,https://planetarycomputer.microsoft.com/api/stac/v1/search,sentinel-1-grd,,INGESTED_DERIVED,RAW_COG_WINDOW_PROCESSED,physical-verification-v1,"{""backscatter_note"": ""Sentinel-1 GRD detected amplitude is converted to dB with 20*log10(amplitude)."", ""source_asset_keys"": [""vv"", ""vh""], ""source_resolution_m"": 1.0, ""valid_pixel_count"": 0, ""vh_db_median"": null, ""vh_db_p10"": null, ""vh_db_p90"": null, ""vv_db_median"": null, ""vv_db_p10"": null, ""vv_db_p90"": null, ""vv_vh_db_difference"": null}","{""source_resolution_m_delta"": 0.0, ""valid_pixel_count_delta"": 0}",,Derived observation retained from a public raw scene; absence or missing scene is not evidence of absence.
EPOCH-4eeccbee73808216,Google Omaha,"11110 State St, Omaha, NE 68142",41.3356809,-96.0523625,public-address geocode,tir,Landsat Collection 2 Level-2 Surface Temperature,LC09_L2SP_028031_20250511_02_T1,2025-05-11,https://planetarycomputer.microsoft.com/api/stac/v1/collections/landsat-c2-l2/items/LC09_L2SP_028031_20250511_02_T1,https://planetarycomputer.microsoft.com/api/stac/v1/search,landsat-c2-l2,0.0,INGESTED_DERIVED,RAW_COG_WINDOW_PROCESSED,physical-verification-v1,"{""local_background_temperature_k_median"": 311.99853515625, ""local_surface_temperature_delta_k"": -1.3056640625, ""proxy_note"": ""Thermal anomaly is relative to the local scene background, not a calibrated facility heat-output measurement."", ""source_asset_key"": ""lwir11"", ""source_resolution_m"": 30.0, ""surface_temperature_k_median"": 310.69287109375, ""surface_temperature_p10_k"": 303.6824951171875, ""surface_temperature_p90_k"": 315.29351806640625, ""valid_pixel_count"": 36864}",{},,Derived observation retained from a public raw scene; absence or missing scene is not evidence of absence.
EPOCH-4eeccbee73808216,Google Omaha,"11110 State St, Omaha, NE 68142",41.3356809,-96.0523625,public-address geocode,tir,Landsat Collection 2 Level-2 Surface Temperature,LC09_L2SP_028031_20260919_02_T1,2026-09-19,https://planetarycomputer.microsoft.com/api/stac/v1/collections/landsat-c2-l2/items/LC09_L2SP_028031_20260919_02_T1,https://planetarycomputer.microsoft.com/api/stac/v1/search,landsat-c2-l2,88.64,INGESTED_DERIVED,RAW_COG_WINDOW_PROCESSED,physical-verification-v1,"{""local_background_temperature_k_median"": 191.23477172851562, ""local_surface_temperature_delta_k"": 8.3604736328125, ""proxy_note"": ""Thermal anomaly is relative to the local scene background, not a calibrated facility heat-output measurement."", ""source_asset_key"": ""lwir11"", ""source_resolution_m"": 30.0, ""surface_temperature_k_median"": 199.59524536132812, ""surface_temperature_p10_k"": 181.384033203125, ""surface_temperature_p90_k"": 204.33432006835938, ""valid_pixel_count"": 36864}","{""local_background_temperature_k_median_delta"": -120.76376342773438, ""local_surface_temperature_delta_k_delta"": 9.6661376953125, ""source_resolution_m_delta"": 0.0, ""surface_temperature_k_median_delta"": -111.09762573242188, ""surface_temperature_p10_k_delta"": -122.2984619140625, ""surface_temperature_p90_k_delta"": -110.95919799804688, ""valid_pixel_count_delta"": 0}",,Derived observation retained from a public raw scene; absence or missing scene is not evidence of absence.
EPOCH-534376160415dc84,Microsoft Project Osmium,"5855 SW Kerry St, Cumming, IA 50061",41.4968729,-93.7856736,public-address geocode,optical,Sentinel-2 MSI L2A,S2A_MSIL2A_20260724T171721_R112_T15TVG_20260725T032919,2026-07-24,https://planetarycomputer.microsoft.com/api/stac/v1/collections/sentinel-2-l2a/items/S2A_MSIL2A_20260724T171721_R112_T15TVG_20260725T032919,https://planetarycomputer.microsoft.com/api/stac/v1/search,sentinel-2-l2a,98.910248,INGESTED_DERIVED,RAW_COG_WINDOW_PROCESSED,physical-verification-v1,"{""ndvi_median"": -0.030188515782356262, ""ndvi_p10"": -0.0374411940574646, ""ndvi_p90"": -0.02251587063074112, ""nir_reflectance_median"": 1.0819000005722046, ""nonvegetated_proxy_fraction"": 1.0, ""proxy_note"": ""Nonvegetated fraction is a coarse surface-change proxy; it is not a building-footprint measurement."", ""red_reflectance_median"": 1.1507999897003174, ""source_asset_keys"": [""B04"", ""B08"", ""SCL""], ""source_resolution_m"": 10.0, ""valid_pixel_count"": 262144}",{},,Derived observation retained from a public raw scene; absence or missing scene is not evidence of absence.
EPOCH-534376160415dc84,Microsoft Project Osmium,"5855 SW Kerry St, Cumming, IA 50061",41.4968729,-93.7856736,public-address geocode,optical,Sentinel-2 MSI L2A,S2B_MSIL2A_20260925T170949_R112_T15TVF_20260925T211357,2026-09-25,https://planetarycomputer.microsoft.com/api/stac/v1/collections/sentinel-2-l2a/items/S2B_MSIL2A_20260925T170949_R112_T15TVF_20260925T211357,https://planetarycomputer.microsoft.com/api/stac/v1/search,sentinel-2-l2a,99.956191,INGESTED_DERIVED,RAW_COG_WINDOW_PROCESSED,physical-verification-v1,"{""ndvi_median"": 0.014495352283120155, ""ndvi_p10"": 0.00825428869575262, ""ndvi_p90"": 0.019756533205509186, ""nir_reflectance_median"": 1.1585999727249146, ""nonvegetated_proxy_fraction"": 1.0, ""proxy_note"": ""Nonvegetated fraction is a coarse surface-change proxy; it is not a building-footprint measurement."", ""red_reflectance_median"": 1.1253999471664429, ""source_asset_keys"": [""B04"", ""B08"", ""SCL""], ""source_resolution_m"": 10.0, ""valid_pixel_count"": 262144}","{""ndvi_median_delta"": 0.04468386806547642, ""ndvi_p10_delta"": 0.04569548275321722, ""ndvi_p90_delta"": 0.042272403836250305, ""nir_reflectance_median_delta"": 0.07669997215270996, ""nonvegetated_proxy_fraction_delta"": 0.0, ""red_reflectance_median_delta"": -0.02540004253387451, ""source_resolution_m_delta"": 0.0, ""valid_pixel_count_delta"": 0}",,Derived observation retained from a public raw scene; absence or missing scene is not evidence of absence.
EPOCH-534376160415dc84,Microsoft Project Osmium,"5855 SW Kerry St, Cumming, IA 50061",41.4968729,-93.7856736,public-address geocode,sar,Sentinel-1 GRD,S1A_IW_GRDH_1SDV_20250801T001347_20250801T001423_060335_077FB1,2025-08-01,https://planetarycomputer.microsoft.com/api/stac/v1/collections/sentinel-1-grd/items/S1A_IW_GRDH_1SDV_20250801T001347_20250801T001423_060335_077FB1,https://planetarycomputer.microsoft.com/api/stac/v1/search,sentinel-1-grd,,INGESTED_DERIVED,RAW_COG_WINDOW_PROCESSED,physical-verification-v1,"{""backscatter_note"": ""Sentinel-1 GRD detected amplitude is converted to dB with 20*log10(amplitude)."", ""source_asset_keys"": [""vv"", ""vh""], ""source_resolution_m"": 1.0, ""valid_pixel_count"": 0, ""vh_db_median"": null, ""vh_db_p10"": null, ""vh_db_p90"": null, ""vv_db_median"": null, ""vv_db_p10"": null, ""vv_db_p90"": null, ""vv_vh_db_difference"": null}",{},,Derived observation retained from a public raw scene; absence or missing scene is not evidence of absence.
EPOCH-534376160415dc84,Microsoft Project Osmium,"5855 SW Kerry St, Cumming, IA 50061",41.4968729,-93.7856736,public-address geocode,sar,Sentinel-1 GRD,S1D_IW_GRDH_1SDV_20260927T000434_20260927T000459_004756_008E85,2026-09-27,https://planetarycomputer.microsoft.com/api/stac/v1/collections/sentinel-1-grd/items/S1D_IW_GRDH_1SDV_20260927T000434_20260927T000459_004756_008E85,https://planetarycomputer.microsoft.com/api/stac/v1/search,sentinel-1-grd,,INGESTED_DERIVED,RAW_COG_WINDOW_PROCESSED,physical-verification-v1,"{""backscatter_note"": ""Sentinel-1 GRD detected amplitude is converted to dB with 20*log10(amplitude)."", ""source_asset_keys"": [""vv"", ""vh""], ""source_resolution_m"": 1.0, ""valid_pixel_count"": 0, ""vh_db_median"": null, ""vh_db_p10"": null, ""vh_db_p90"": null, ""vv_db_median"": null, ""vv_db_p10"": null, ""vv_db_p90"": null, ""vv_vh_db_difference"": null}","{""source_resolution_m_delta"": 0.0, ""valid_pixel_count_delta"": 0}",,Derived observation retained from a public raw scene; absence or missing scene is not evidence of absence.
EPOCH-534376160415dc84,Microsoft Project Osmium,"5855 SW Kerry St, Cumming, IA 50061",41.4968729,-93.7856736,public-address geocode,tir,Landsat Collection 2 Level-2 Surface Temperature,LC08_L2SP_026031_20260116_02_T2,2026-01-16,https://planetarycomputer.microsoft.com/api/stac/v1/collections/landsat-c2-l2/items/LC08_L2SP_026031_20260116_02_T2,https://planetarycomputer.microsoft.com/api/stac/v1/search,landsat-c2-l2,86.04,INGESTED_DERIVED,RAW_COG_WINDOW_PROCESSED,physical-verification-v1,"{""local_background_temperature_k_median"": 250.59722900390625, ""local_surface_temperature_delta_k"": -0.7109527587890625, ""proxy_note"": ""Thermal anomaly is relative to the local scene background, not a calibrated facility heat-output measurement."", ""source_asset_key"": ""lwir11"", ""source_resolution_m"": 30.0, ""surface_temperature_k_median"": 249.8862762451172, ""surface_temperature_p10_k"": 248.81643676757812, ""surface_temperature_p90_k"": 252.0088653564453, ""valid_pixel_count"": 36864}",{},,Derived observation retained from a public raw scene; absence or missing scene is not evidence of absence.
EPOCH-534376160415dc84,Microsoft Project Osmium,"5855 SW Kerry St, Cumming, IA 50061",41.4968729,-93.7856736,public-address geocode,tir,Landsat Collection 2 Level-2 Surface Temperature,LC09_L2SP_026031_20260921_02_T2,2026-09-21,https://planetarycomputer.microsoft.com/api/stac/v1/collections/landsat-c2-l2/items/LC09_L2SP_026031_20260921_02_T2,https://planetarycomputer.microsoft.com/api/stac/v1/search,landsat-c2-l2,99.95,INGESTED_DERIVED,RAW_COG_WINDOW_PROCESSED,physical-verification-v1,"{""local_background_temperature_k_median"": 281.6670227050781, ""local_surface_temperature_delta_k"": -0.0205078125, ""proxy_note"": ""Thermal anomaly is relative to the local scene background, not a calibrated facility heat-output measurement."", ""source_asset_key"": ""lwir11"", ""source_resolution_m"": 30.0, ""surface_temperature_k_median"": 281.6465148925781, ""surface_temperature_p10_k"": 280.8911437988281, ""surface_temperature_p90_k"": 282.17803955078125, ""valid_pixel_count"": 36864}","{""local_background_temperature_k_median_delta"": 31.069793701171875, ""local_surface_temperature_delta_k_delta"": 0.6904449462890625, ""source_resolution_m_delta"": 0.0, ""surface_temperature_k_median_delta"": 31.760238647460938, ""surface_temperature_p10_k_delta"": 32.07470703125, ""surface_temperature_p90_k_delta"": 30.169174194335938, ""valid_pixel_count_delta"": 0}",,Derived observation retained from a public raw scene; absence or missing scene is not evidence of absence.
EPOCH-5b353d56a567a70b,Google New Albany,"1101 Beech Rd SW, New Albany, OH 43054",40.070051,-82.754042,public-address geocode,optical,Sentinel-2 MSI L2A,S2B_MSIL2A_20260103T162559_R040_T17TLE_20260103T200626,2026-01-03,https://planetarycomputer.microsoft.com/api/stac/v1/collections/sentinel-2-l2a/items/S2B_MSIL2A_20260103T162559_R040_T17TLE_20260103T200626,https://planetarycomputer.microsoft.com/api/stac/v1/search,sentinel-2-l2a,99.998635,INGESTED_DERIVED,RAW_COG_WINDOW_PROCESSED,physical-verification-v1,"{""ndvi_median"": 0.019669022411108017, ""ndvi_p10"": 0.014121344313025475, ""ndvi_p90"": 0.02542094700038433, ""nir_reflectance_median"": 0.7391999959945679, ""nonvegetated_proxy_fraction"": 1.0, ""proxy_note"": ""Nonvegetated fraction is a coarse surface-change proxy; it is not a building-footprint measurement."", ""red_reflectance_median"": 0.7131999731063843, ""source_asset_keys"": [""B04"", ""B08"", ""SCL""], ""source_resolution_m"": 10.0, ""valid_pixel_count"": 262144}",{},,Derived observation retained from a public raw scene; absence or missing scene is not evidence of absence.
EPOCH-5b353d56a567a70b,Google New Albany,"1101 Beech Rd SW, New Albany, OH 43054",40.070051,-82.754042,public-address geocode,optical,Sentinel-2 MSI L2A,S2C_MSIL2A_20260925T162021_R040_T17TLE_20260925T195353,2026-09-25,https://planetarycomputer.microsoft.com/api/stac/v1/collections/sentinel-2-l2a/items/S2C_MSIL2A_20260925T162021_R040_T17TLE_20260925T195353,https://planetarycomputer.microsoft.com/api/stac/v1/search,sentinel-2-l2a,3.101337,INGESTED_DERIVED,RAW_COG_WINDOW_PROCESSED,physical-verification-v1,"{""ndvi_median"": 0.4060058295726776, ""ndvi_p10"": 0.04494379088282585, ""ndvi_p90"": 0.5715752243995667, ""nir_reflectance_median"": 0.3808000087738037, ""nonvegetated_proxy_fraction"": 0.26223348078306524, ""proxy_note"": ""Nonvegetated fraction is a coarse surface-change proxy; it is not a building-footprint measurement."", ""red_reflectance_median"": 0.1509999930858612, ""source_asset_keys"": [""B04"", ""B08"", ""SCL""], ""source_resolution_m"": 10.0, ""valid_pixel_count"": 261332}","{""ndvi_median_delta"": 0.3863368071615696, ""ndvi_p10_delta"": 0.030822446569800377, ""ndvi_p90_delta"": 0.5461542773991823, ""nir_reflectance_median_delta"": -0.35839998722076416, ""nonvegetated_proxy_fraction_delta"": -0.7377665192169347, ""red_reflectance_median_delta"": -0.5621999800205231, ""source_resolution_m_delta"": 0.0, ""valid_pixel_count_delta"": -812}",,Derived observation retained from a public raw scene; absence or missing scene is not evidence of absence.
EPOCH-5b353d56a567a70b,Google New Albany,"1101 Beech Rd SW, New Albany, OH 43054",40.070051,-82.754042,public-address geocode,sar,Sentinel-1 GRD,S1A_IW_GRDH_1SDV_20250916T233157_20250916T233222_061020_079A6E,2025-09-16,https://planetarycomputer.microsoft.com/api/stac/v1/collections/sentinel-1-grd/items/S1A_IW_GRDH_1SDV_20250916T233157_20250916T233222_061020_079A6E,https://planetarycomputer.microsoft.com/api/stac/v1/search,sentinel-1-grd,,INGESTED_DERIVED,RAW_COG_WINDOW_PROCESSED,physical-verification-v1,"{""backscatter_note"": ""Sentinel-1 GRD detected amplitude is converted to dB with 20*log10(amplitude)."", ""source_asset_keys"": [""vv"", ""vh""], ""source_resolution_m"": 1.0, ""valid_pixel_count"": 0, ""vh_db_median"": null, ""vh_db_p10"": null, ""vh_db_p90"": null, ""vv_db_median"": null, ""vv_db_p10"": null, ""vv_db_p90"": null, ""vv_vh_db_difference"": null}",{},,Derived observation retained from a public raw scene; absence or missing scene is not evidence of absence.
EPOCH-5b353d56a567a70b,Google New Albany,"1101 Beech Rd SW, New Albany, OH 43054",40.070051,-82.754042,public-address geocode,sar,Sentinel-1 GRD,S1D_IW_GRDH_1SDV_20260925T232303_20260925T232328_004741_008DFF,2026-09-25,https://planetarycomputer.microsoft.com/api/stac/v1/collections/sentinel-1-grd/items/S1D_IW_GRDH_1SDV_20260925T232303_20260925T232328_004741_008DFF,https://planetarycomputer.microsoft.com/api/stac/v1/search,sentinel-1-grd,,INGESTED_DERIVED,RAW_COG_WINDOW_PROCESSED,physical-verification-v1,"{""backscatter_note"": ""Sentinel-1 GRD detected amplitude is converted to dB with 20*log10(amplitude)."", ""source_asset_keys"": [""vv"", ""vh""], ""source_resolution_m"": 1.0, ""valid_pixel_count"": 0, ""vh_db_median"": null, ""vh_db_p10"": null, ""vh_db_p90"": null, ""vv_db_median"": null, ""vv_db_p10"": null, ""vv_db_p90"": null, ""vv_vh_db_difference"": null}","{""source_resolution_m_delta"": 0.0, ""valid_pixel_count_delta"": 0}",,Derived observation retained from a public raw scene; absence or missing scene is not evidence of absence.
EPOCH-5b353d56a567a70b,Google New Albany,"1101 Beech Rd SW, New Albany, OH 43054",40.070051,-82.754042,public-address geocode,tir,Landsat Collection 2 Level-2 Surface Temperature,LC08_L2SP_019032_20250520_02_T1,2025-05-20,https://planetarycomputer.microsoft.com/api/stac/v1/collections/landsat-c2-l2/items/LC08_L2SP_019032_20250520_02_T1,https://planetarycomputer.microsoft.com/api/stac/v1/search,landsat-c2-l2,100.0,INGESTED_DERIVED,RAW_COG_WINDOW_PROCESSED,physical-verification-v1,"{""local_background_temperature_k_median"": 240.19619750976562, ""local_surface_temperature_delta_k"": -3.18902587890625, ""proxy_note"": ""Thermal anomaly is relative to the local scene background, not a calibrated facility heat-output measurement."", ""source_asset_key"": ""lwir11"", ""source_resolution_m"": 30.0, ""surface_temperature_k_median"": 237.00717163085938, ""surface_temperature_p10_k"": 234.57696533203125, ""surface_temperature_p90_k"": 240.71401977539062, ""valid_pixel_count"": 36864}",{},,Derived observation retained from a public raw scene; absence or missing scene is not evidence of absence.
EPOCH-5b353d56a567a70b,Google New Albany,"1101 Beech Rd SW, New Albany, OH 43054",40.070051,-82.754042,public-address geocode,tir,Landsat Collection 2 Level-2 Surface Temperature,LC09_L2SP_019032_20260920_02_T2,2026-09-20,https://planetarycomputer.microsoft.com/api/stac/v1/collections/landsat-c2-l2/items/LC09_L2SP_019032_20260920_02_T2,https://planetarycomputer.microsoft.com/api/stac/v1/search,landsat-c2-l2,52.55,INGESTED_DERIVED,RAW_COG_WINDOW_PROCESSED,physical-verification-v1,"{""local_background_temperature_k_median"": 293.0, ""local_surface_temperature_delta_k"": 0.0, ""proxy_note"": ""Thermal anomaly is relative to the local scene background, not a calibrated facility heat-output measurement."", ""source_asset_key"": ""lwir11"", ""source_resolution_m"": 30.0, ""surface_temperature_k_median"": 293.0, ""surface_temperature_p10_k"": 293.0, ""surface_temperature_p90_k"": 293.0, ""valid_pixel_count"": 36864}","{""local_background_temperature_k_median_delta"": 52.803802490234375, ""local_surface_temperature_delta_k_delta"": 3.18902587890625, ""source_resolution_m_delta"": 0.0, ""surface_temperature_k_median_delta"": 55.992828369140625, ""surface_temperature_p10_k_delta"": 58.42303466796875, ""surface_temperature_p90_k_delta"": 52.285980224609375, ""valid_pixel_count_delta"": 0}",,Derived observation retained from a public raw scene; absence or missing scene is not evidence of absence.
EPOCH-5de9a1c70a3e2275,Meta Kuna,"601 Kuna Mora Rd,  Kuna ID 83634",43.4592072,-116.4211106,public-address geocode,optical,Sentinel-2 MSI L2A,S2B_MSIL2A_20260522T182909_R027_T11TNJ_20260522T222404,2026-05-22,https://planetarycomputer.microsoft.com/api/stac/v1/collections/sentinel-2-l2a/items/S2B_MSIL2A_20260522T182909_R027_T11TNJ_20260522T222404,https://planetarycomputer.microsoft.com/api/stac/v1/search,sentinel-2-l2a,0.068214,INGESTED_DERIVED,RAW_COG_WINDOW_PROCESSED,physical-verification-v1,"{""ndvi_median"": 0.1904931217432022, ""ndvi_p10"": 0.09412278980016708, ""ndvi_p90"": 0.6291195750236511, ""nir_reflectance_median"": 0.41760000586509705, ""nonvegetated_proxy_fraction"": 0.5509511983917175, ""proxy_note"": ""Nonvegetated fraction is a coarse surface-change proxy; it is not a building-footprint measurement."", ""red_reflectance_median"": 0.23639999330043793, ""source_asset_keys"": [""B04"", ""B08"", ""SCL""], ""source_resolution_m"": 10.0, ""valid_pixel_count"": 262143}",{},,Derived observation retained from a public raw scene; absence or missing scene is not evidence of absence.
EPOCH-5de9a1c70a3e2275,Meta Kuna,"601 Kuna Mora Rd,  Kuna ID 83634",43.4592072,-116.4211106,public-address geocode,optical,Sentinel-2 MSI L2A,S2A_MSIL2A_20260926T183821_R027_T11TNJ_20260927T004612,2026-09-26,https://planetarycomputer.microsoft.com/api/stac/v1/collections/sentinel-2-l2a/items/S2A_MSIL2A_20260926T183821_R027_T11TNJ_20260927T004612,https://planetarycomputer.microsoft.com/api/stac/v1/search,sentinel-2-l2a,74.626553,INGESTED_DERIVED,RAW_COG_WINDOW_PROCESSED,physical-verification-v1,"{""ndvi_median"": 0.16246983408927917, ""ndvi_p10"": 0.10503453016281128, ""ndvi_p90"": 0.3013432025909424, ""nir_reflectance_median"": 0.34049999713897705, ""nonvegetated_proxy_fraction"": 0.6633740288568257, ""proxy_note"": ""Nonvegetated fraction is a coarse surface-change proxy; it is not a building-footprint measurement."", ""red_reflectance_median"": 0.23260000348091125, ""source_asset_keys"": [""B04"", ""B08"", ""SCL""], ""source_resolution_m"": 10.0, ""valid_pixel_count"": 90100}","{""ndvi_median_delta"": -0.028023287653923035, ""ndvi_p10_delta"": 0.010911740362644196, ""ndvi_p90_delta"": -0.32777637243270874, ""nir_reflectance_median_delta"": -0.07710000872612, ""nonvegetated_proxy_fraction_delta"": 0.11242283046510826, ""red_reflectance_median_delta"": -0.0037999898195266724, ""source_resolution_m_delta"": 0.0, ""valid_pixel_count_delta"": -172043}",,Derived observation retained from a public raw scene; absence or missing scene is not evidence of absence.
EPOCH-5de9a1c70a3e2275,Meta Kuna,"601 Kuna Mora Rd,  Kuna ID 83634",43.4592072,-116.4211106,public-address geocode,sar,Sentinel-1 GRD,S1D_IW_GRDH_1SDV_20260518T014352_20260518T014417_002832_004D03,2026-05-18,https://planetarycomputer.microsoft.com/api/stac/v1/collections/sentinel-1-grd/items/S1D_IW_GRDH_1SDV_20260518T014352_20260518T014417_002832_004D03,https://planetarycomputer.microsoft.com/api/stac/v1/search,sentinel-1-grd,,INGESTED_DERIVED,RAW_COG_WINDOW_PROCESSED,physical-verification-v1,"{""backscatter_note"": ""Sentinel-1 GRD detected amplitude is converted to dB with 20*log10(amplitude)."", ""source_asset_keys"": [""vv"", ""vh""], ""source_resolution_m"": 1.0, ""valid_pixel_count"": 0, ""vh_db_median"": null, ""vh_db_p10"": null, ""vh_db_p90"": null, ""vv_db_median"": null, ""vv_db_p10"": null, ""vv_db_p90"": null, ""vv_vh_db_difference"": null}",{},,Derived observation retained from a public raw scene; absence or missing scene is not evidence of absence.
EPOCH-5de9a1c70a3e2275,Meta Kuna,"601 Kuna Mora Rd,  Kuna ID 83634",43.4592072,-116.4211106,public-address geocode,sar,Sentinel-1 GRD,S1D_IW_GRDH_1SDV_20260922T013543_20260922T013624_004684_008C0A,2026-09-22,https://planetarycomputer.microsoft.com/api/stac/v1/collections/sentinel-1-grd/items/S1D_IW_GRDH_1SDV_20260922T013543_20260922T013624_004684_008C0A,https://planetarycomputer.microsoft.com/api/stac/v1/search,sentinel-1-grd,,INGESTED_DERIVED,RAW_COG_WINDOW_PROCESSED,physical-verification-v1,"{""backscatter_note"": ""Sentinel-1 GRD detected amplitude is converted to dB with 20*log10(amplitude)."", ""source_asset_keys"": [""vv"", ""vh""], ""source_resolution_m"": 1.0, ""valid_pixel_count"": 0, ""vh_db_median"": null, ""vh_db_p10"": null, ""vh_db_p90"": null, ""vv_db_median"": null, ""vv_db_p10"": null, ""vv_db_p90"": null, ""vv_vh_db_difference"": null}","{""source_resolution_m_delta"": 0.0, ""valid_pixel_count_delta"": 0}",,Derived observation retained from a public raw scene; absence or missing scene is not evidence of absence.
EPOCH-5de9a1c70a3e2275,Meta Kuna,"601 Kuna Mora Rd,  Kuna ID 83634",43.4592072,-116.4211106,public-address geocode,tir,Landsat Collection 2 Level-2 Surface Temperature,LC09_L2SP_041030_20260117_02_T1,2026-01-17,https://planetarycomputer.microsoft.com/api/stac/v1/collections/landsat-c2-l2/items/LC09_L2SP_041030_20260117_02_T1,https://planetarycomputer.microsoft.com/api/stac/v1/search,landsat-c2-l2,44.82,INGESTED_DERIVED,RAW_COG_WINDOW_PROCESSED,physical-verification-v1,"{""local_background_temperature_k_median"": 268.3880310058594, ""local_surface_temperature_delta_k"": -0.013702392578125, ""proxy_note"": ""Thermal anomaly is relative to the local scene background, not a calibrated facility heat-output measurement."", ""source_asset_key"": ""lwir11"", ""source_resolution_m"": 30.0, ""surface_temperature_k_median"": 268.37432861328125, ""surface_temperature_p10_k"": 268.06329345703125, ""surface_temperature_p90_k"": 268.9007263183594, ""valid_pixel_count"": 36864}",{},,Derived observation retained from a public raw scene; absence or missing scene is not evidence of absence.
EPOCH-5de9a1c70a3e2275,Meta Kuna,"601 Kuna Mora Rd,  Kuna ID 83634",43.4592072,-116.4211106,public-address geocode,tir,Landsat Collection 2 Level-2 Surface Temperature,LC09_L2SP_042030_20260921_02_T1,2026-09-21,https://planetarycomputer.microsoft.com/api/stac/v1/collections/landsat-c2-l2/items/LC09_L2SP_042030_20260921_02_T1,https://planetarycomputer.microsoft.com/api/stac/v1/search,landsat-c2-l2,10.7,INGESTED_DERIVED,RAW_COG_WINDOW_PROCESSED,physical-verification-v1,"{""local_background_temperature_k_median"": 310.53564453125, ""local_surface_temperature_delta_k"": -3.60772705078125, ""proxy_note"": ""Thermal anomaly is relative to the local scene background, not a calibrated facility heat-output measurement."", ""source_asset_key"": ""lwir11"", ""source_resolution_m"": 30.0, ""surface_temperature_k_median"": 306.92791748046875, ""surface_temperature_p10_k"": 299.96710205078125, ""surface_temperature_p90_k"": 316.93072509765625, ""valid_pixel_count"": 36864}","{""local_background_temperature_k_median_delta"": 42.147613525390625, ""local_surface_temperature_delta_k_delta"": -3.594024658203125, ""source_resolution_m_delta"": 0.0, ""surface_temperature_k_median_delta"": 38.5535888671875, ""surface_temperature_p10_k_delta"": 31.90380859375, ""surface_temperature_p90_k_delta"": 48.029998779296875, ""valid_pixel_count_delta"": 0}",,Derived observation retained from a public raw scene; absence or missing scene is not evidence of absence.
EPOCH-65e758d676dc06d6,CoreWeave Muskogee OK,"1525 W 43rd St S, Muskogee, OK 74401, USA",35.6967854,-95.4951648,public-address geocode,optical,Sentinel-2 MSI L2A,S2C_MSIL2A_20260130T170541_R069_T15STV_20260130T210220,2026-01-30,https://planetarycomputer.microsoft.com/api/stac/v1/collections/sentinel-2-l2a/items/S2C_MSIL2A_20260130T170541_R069_T15STV_20260130T210220,https://planetarycomputer.microsoft.com/api/stac/v1/search,sentinel-2-l2a,91.778374,INGESTED_DERIVED,RAW_COG_WINDOW_PROCESSED,physical-verification-v1,"{""ndvi_median"": 0.03772004693746567, ""ndvi_p10"": 0.025622786954045296, ""ndvi_p90"": 0.052307721227407455, ""nir_reflectance_median"": 0.5708000063896179, ""nonvegetated_proxy_fraction"": 1.0, ""proxy_note"": ""Nonvegetated fraction is a coarse surface-change proxy; it is not a building-footprint measurement."", ""red_reflectance_median"": 0.5299999713897705, ""source_asset_keys"": [""B04"", ""B08"", ""SCL""], ""source_resolution_m"": 10.0, ""valid_pixel_count"": 262144}",{},,Derived observation retained from a public raw scene; absence or missing scene is not evidence of absence.
EPOCH-65e758d676dc06d6,CoreWeave Muskogee OK,"1525 W 43rd St S, Muskogee, OK 74401, USA",35.6967854,-95.4951648,public-address geocode,optical,Sentinel-2 MSI L2A,S2B_MSIL2A_20260922T165919_R069_T15STV_20260922T223324,2026-09-22,https://planetarycomputer.microsoft.com/api/stac/v1/collections/sentinel-2-l2a/items/S2B_MSIL2A_20260922T165919_R069_T15STV_20260922T223324,https://planetarycomputer.microsoft.com/api/stac/v1/search,sentinel-2-l2a,33.526552,INGESTED_DERIVED,RAW_COG_WINDOW_PROCESSED,physical-verification-v1,"{""ndvi_median"": 0.1689777672290802, ""ndvi_p10"": 0.09778713434934616, ""ndvi_p90"": 0.24775072932243347, ""nir_reflectance_median"": 0.38609999418258667, ""nonvegetated_proxy_fraction"": 0.701306676996627, ""proxy_note"": ""Nonvegetated fraction is a coarse surface-change proxy; it is not a building-footprint measurement."", ""red_reflectance_median"": 0.26910001039505005, ""source_asset_keys"": [""B04"", ""B08"", ""SCL""], ""source_resolution_m"": 10.0, ""valid_pixel_count"": 105841}","{""ndvi_median_delta"": 0.13125772029161453, ""ndvi_p10_delta"": 0.07216434739530087, ""ndvi_p90_delta"": 0.19544300809502602, ""nir_reflectance_median_delta"": -0.18470001220703125, ""nonvegetated_proxy_fraction_delta"": -0.29869332300337303, ""red_reflectance_median_delta"": -0.26089996099472046, ""source_resolution_m_delta"": 0.0, ""valid_pixel_count_delta"": -156303}",,Derived observation retained from a public raw scene; absence or missing scene is not evidence of absence.
EPOCH-65e758d676dc06d6,CoreWeave Muskogee OK,"1525 W 43rd St S, Muskogee, OK 74401, USA",35.6967854,-95.4951648,public-address geocode,sar,Sentinel-1 GRD,S1A_IW_GRDH_1SDV_20250102T002033_20250102T002058_057258_070B29,2025-01-02,https://planetarycomputer.microsoft.com/api/stac/v1/collections/sentinel-1-grd/items/S1A_IW_GRDH_1SDV_20250102T002033_20250102T002058_057258_070B29,https://planetarycomputer.microsoft.com/api/stac/v1/search,sentinel-1-grd,,INGESTED_DERIVED,RAW_COG_WINDOW_PROCESSED,physical-verification-v1,"{""backscatter_note"": ""Sentinel-1 GRD detected amplitude is converted to dB with 20*log10(amplitude)."", ""source_asset_keys"": [""vv"", ""vh""], ""source_resolution_m"": 1.0, ""valid_pixel_count"": 0, ""vh_db_median"": null, ""vh_db_p10"": null, ""vh_db_p90"": null, ""vv_db_median"": null, ""vv_db_p10"": null, ""vv_db_p90"": null, ""vv_vh_db_difference"": null}",{},,Derived observation retained from a public raw scene; absence or missing scene is not evidence of absence.
EPOCH-65e758d676dc06d6,CoreWeave Muskogee OK,"1525 W 43rd St S, Muskogee, OK 74401, USA",35.6967854,-95.4951648,public-address geocode,sar,Sentinel-1 GRD,S1D_IW_GRDH_1SDV_20260925T001932_20260925T001957_004727_008D82,2026-09-25,https://planetarycomputer.microsoft.com/api/stac/v1/collections/sentinel-1-grd/items/S1D_IW_GRDH_1SDV_20260925T001932_20260925T001957_004727_008D82,https://planetarycomputer.microsoft.com/api/stac/v1/search,sentinel-1-grd,,INGESTED_DERIVED,RAW_COG_WINDOW_PROCESSED,physical-verification-v1,"{""backscatter_note"": ""Sentinel-1 GRD detected amplitude is converted to dB with 20*log10(amplitude)."", ""source_asset_keys"": [""vv"", ""vh""], ""source_resolution_m"": 1.0, ""valid_pixel_count"": 0, ""vh_db_median"": null, ""vh_db_p10"": null, ""vh_db_p90"": null, ""vv_db_median"": null, ""vv_db_p10"": null, ""vv_db_p90"": null, ""vv_vh_db_difference"": null}","{""source_resolution_m_delta"": 0.0, ""valid_pixel_count_delta"": 0}",,Derived observation retained from a public raw scene; absence or missing scene is not evidence of absence.
EPOCH-65e758d676dc06d6,CoreWeave Muskogee OK,"1525 W 43rd St S, Muskogee, OK 74401, USA",35.6967854,-95.4951648,public-address geocode,tir,Landsat Collection 2 Level-2 Surface Temperature,LC08_L2SP_026035_20260116_02_T1,2026-01-16,https://planetarycomputer.microsoft.com/api/stac/v1/collections/landsat-c2-l2/items/LC08_L2SP_026035_20260116_02_T1,https://planetarycomputer.microsoft.com/api/stac/v1/search,landsat-c2-l2,65.66,INGESTED_DERIVED,RAW_COG_WINDOW_PROCESSED,physical-verification-v1,"{""local_background_temperature_k_median"": 281.87725830078125, ""local_surface_temperature_delta_k"": -0.770782470703125, ""proxy_note"": ""Thermal anomaly is relative to the local scene background, not a calibrated facility heat-output measurement."", ""source_asset_key"": ""lwir11"", ""source_resolution_m"": 30.0, ""surface_temperature_k_median"": 281.1064758300781, ""surface_temperature_p10_k"": 276.02044677734375, ""surface_temperature_p90_k"": 284.41851806640625, ""valid_pixel_count"": 36864}",{},,Derived observation retained from a public raw scene; absence or missing scene is not evidence of absence.
EPOCH-65e758d676dc06d6,CoreWeave Muskogee OK,"1525 W 43rd St S, Muskogee, OK 74401, USA",35.6967854,-95.4951648,public-address geocode,tir,Landsat Collection 2 Level-2 Surface Temperature,LC09_L2SP_026035_20260921_02_T1,2026-09-21,https://planetarycomputer.microsoft.com/api/stac/v1/collections/landsat-c2-l2/items/LC09_L2SP_026035_20260921_02_T1,https://planetarycomputer.microsoft.com/api/stac/v1/search,landsat-c2-l2,27.59,INGESTED_DERIVED,RAW_COG_WINDOW_PROCESSED,physical-verification-v1,"{""local_background_temperature_k_median"": 311.022705078125, ""local_surface_temperature_delta_k"": -0.675079345703125, ""proxy_note"": ""Thermal anomaly is relative to the local scene background, not a calibrated facility heat-output measurement."", ""source_asset_key"": ""lwir11"", ""source_resolution_m"": 30.0, ""surface_temperature_k_median"": 310.3476257324219, ""surface_temperature_p10_k"": 307.10223388671875, ""surface_temperature_p90_k"": 313.5041809082031, ""valid_pixel_count"": 36864}","{""local_background_temperature_k_median_delta"": 29.14544677734375, ""local_surface_temperature_delta_k_delta"": 0.095703125, ""source_resolution_m_delta"": 0.0, ""surface_temperature_k_median_delta"": 29.24114990234375, ""surface_temperature_p10_k_delta"": 31.081787109375, ""surface_temperature_p90_k_delta"": 29.085662841796875, ""valid_pixel_count_delta"": 0}",,Derived observation retained from a public raw scene; absence or missing scene is not evidence of absence.
EPOCH-6db3bc2c79843ffd,Google Bristow,"13001 Rollins Ford Road, Bristow, VA 20136",38.7792805,-77.5863353,public-address geocode,optical,Sentinel-2 MSI L2A,S2C_MSIL2A_20260827T154811_R054_T18STJ_20260827T205710,2026-08-27,https://planetarycomputer.microsoft.com/api/stac/v1/collections/sentinel-2-l2a/items/S2C_MSIL2A_20260827T154811_R054_T18STJ_20260827T205710,https://planetarycomputer.microsoft.com/api/stac/v1/search,sentinel-2-l2a,66.888517,INGESTED_DERIVED,RAW_COG_WINDOW_PROCESSED,physical-verification-v1,"{""ndvi_median"": 0.16975528001785278, ""ndvi_p10"": 0.10291189700365067, ""ndvi_p90"": 0.22196099162101746, ""nir_reflectance_median"": 0.4375999867916107, ""nonvegetated_proxy_fraction"": 0.7377052307128906, ""proxy_note"": ""Nonvegetated fraction is a coarse surface-change proxy; it is not a building-footprint measurement."", ""red_reflectance_median"": 0.3046000003814697, ""source_asset_keys"": [""B04"", ""B08"", ""SCL""], ""source_resolution_m"": 10.0, ""valid_pixel_count"": 262144}",{},,Derived observation retained from a public raw scene; absence or missing scene is not evidence of absence.
EPOCH-6db3bc2c79843ffd,Google Bristow,"13001 Rollins Ford Road, Bristow, VA 20136",38.7792805,-77.5863353,public-address geocode,optical,Sentinel-2 MSI L2A,S2C_MSIL2A_20260926T155011_R054_T17SQC_20260926T202610,2026-09-26,https://planetarycomputer.microsoft.com/api/stac/v1/collections/sentinel-2-l2a/items/S2C_MSIL2A_20260926T155011_R054_T17SQC_20260926T202610,https://planetarycomputer.microsoft.com/api/stac/v1/search,sentinel-2-l2a,26.395714,INGESTED_DERIVED,RAW_COG_WINDOW_PROCESSED,physical-verification-v1,"{""ndvi_median"": 0.19368976354599, ""ndvi_p10"": 0.08712036162614822, ""ndvi_p90"": 0.4011428654193878, ""nir_reflectance_median"": 0.3935000002384186, ""nonvegetated_proxy_fraction"": 0.5209771146660284, ""proxy_note"": ""Nonvegetated fraction is a coarse surface-change proxy; it is not a building-footprint measurement."", ""red_reflectance_median"": 0.2231999933719635, ""source_asset_keys"": [""B04"", ""B08"", ""SCL""], ""source_resolution_m"": 10.0, ""valid_pixel_count"": 75201}","{""ndvi_median_delta"": 0.023934483528137207, ""ndvi_p10_delta"": -0.01579153537750244, ""ndvi_p90_delta"": 0.17918187379837036, ""nir_reflectance_median_delta"": -0.04409998655319214, ""nonvegetated_proxy_fraction_delta"": -0.21672811604686226, ""red_reflectance_median_delta"": -0.08140000700950623, ""source_resolution_m_delta"": 0.0, ""valid_pixel_count_delta"": -186943}",,Derived observation retained from a public raw scene; absence or missing scene is not evidence of absence.
EPOCH-6db3bc2c79843ffd,Google Bristow,"13001 Rollins Ford Road, Bristow, VA 20136",38.7792805,-77.5863353,public-address geocode,sar,Sentinel-1 GRD,S1A_IW_GRDH_1SDV_20250128T230702_20250128T230727_057651_071ABD,2025-01-28,https://planetarycomputer.microsoft.com/api/stac/v1/collections/sentinel-1-grd/items/S1A_IW_GRDH_1SDV_20250128T230702_20250128T230727_057651_071ABD,https://planetarycomputer.microsoft.com/api/stac/v1/search,sentinel-1-grd,,INGESTED_DERIVED,RAW_COG_WINDOW_PROCESSED,physical-verification-v1,"{""backscatter_note"": ""Sentinel-1 GRD detected amplitude is converted to dB with 20*log10(amplitude)."", ""source_asset_keys"": [""vv"", ""vh""], ""source_resolution_m"": 1.0, ""valid_pixel_count"": 0, ""vh_db_median"": null, ""vh_db_p10"": null, ""vh_db_p90"": null, ""vv_db_median"": null, ""vv_db_p10"": null, ""vv_db_p90"": null, ""vv_vh_db_difference"": null}",{},,Derived observation retained from a public raw scene; absence or missing scene is not evidence of absence.
EPOCH-6db3bc2c79843ffd,Google Bristow,"13001 Rollins Ford Road, Bristow, VA 20136",38.7792805,-77.5863353,public-address geocode,sar,Sentinel-1 GRD,S1D_IW_GRDH_1SDV_20260915T230634_20260915T230659_004595_0088FE,2026-09-15,https://planetarycomputer.microsoft.com/api/stac/v1/collections/sentinel-1-grd/items/S1D_IW_GRDH_1SDV_20260915T230634_20260915T230659_004595_0088FE,https://planetarycomputer.microsoft.com/api/stac/v1/search,sentinel-1-grd,,INGESTED_DERIVED,RAW_COG_WINDOW_PROCESSED,physical-verification-v1,"{""backscatter_note"": ""Sentinel-1 GRD detected amplitude is converted to dB with 20*log10(amplitude)."", ""source_asset_keys"": [""vv"", ""vh""], ""source_resolution_m"": 1.0, ""valid_pixel_count"": 0, ""vh_db_median"": null, ""vh_db_p10"": null, ""vh_db_p90"": null, ""vv_db_median"": null, ""vv_db_p10"": null, ""vv_db_p90"": null, ""vv_vh_db_difference"": null}","{""source_resolution_m_delta"": 0.0, ""valid_pixel_count_delta"": 0}",,Derived observation retained from a public raw scene; absence or missing scene is not evidence of absence.
EPOCH-6db3bc2c79843ffd,Google Bristow,"13001 Rollins Ford Road, Bristow, VA 20136",38.7792805,-77.5863353,public-address geocode,tir,Landsat Collection 2 Level-2 Surface Temperature,LC09_L2SP_015033_20260127_02_T1,2026-01-27,https://planetarycomputer.microsoft.com/api/stac/v1/collections/landsat-c2-l2/items/LC09_L2SP_015033_20260127_02_T1,https://planetarycomputer.microsoft.com/api/stac/v1/search,landsat-c2-l2,26.03,INGESTED_DERIVED,RAW_COG_WINDOW_PROCESSED,physical-verification-v1,"{""local_background_temperature_k_median"": 265.3596496582031, ""local_surface_temperature_delta_k"": -0.5537109375, ""proxy_note"": ""Thermal anomaly is relative to the local scene background, not a calibrated facility heat-output measurement."", ""source_asset_key"": ""lwir11"", ""source_resolution_m"": 30.0, ""surface_temperature_k_median"": 264.8059387207031, ""surface_temperature_p10_k"": 263.647216796875, ""surface_temperature_p90_k"": 266.11163330078125, ""valid_pixel_count"": 36864}",{},,Derived observation retained from a public raw scene; absence or missing scene is not evidence of absence.
EPOCH-6db3bc2c79843ffd,Google Bristow,"13001 Rollins Ford Road, Bristow, VA 20136",38.7792805,-77.5863353,public-address geocode,tir,Landsat Collection 2 Level-2 Surface Temperature,LC09_L2SP_015033_20260924_02_T1,2026-09-24,https://planetarycomputer.microsoft.com/api/stac/v1/collections/landsat-c2-l2/items/LC09_L2SP_015033_20260924_02_T1,https://planetarycomputer.microsoft.com/api/stac/v1/search,landsat-c2-l2,79.56,INGESTED_DERIVED,RAW_COG_WINDOW_PROCESSED,physical-verification-v1,"{""local_background_temperature_k_median"": 281.95416259765625, ""local_surface_temperature_delta_k"": 4.98175048828125, ""proxy_note"": ""Thermal anomaly is relative to the local scene background, not a calibrated facility heat-output measurement."", ""source_asset_key"": ""lwir11"", ""source_resolution_m"": 30.0, ""surface_temperature_k_median"": 286.9359130859375, ""surface_temperature_p10_k"": 280.9287414550781, ""surface_temperature_p90_k"": 291.82537841796875, ""valid_pixel_count"": 36864}","{""local_background_temperature_k_median_delta"": 16.594512939453125, ""local_surface_temperature_delta_k_delta"": 5.53546142578125, ""source_resolution_m_delta"": 0.0, ""surface_temperature_k_median_delta"": 22.129974365234375, ""surface_temperature_p10_k_delta"": 17.281524658203125, ""surface_temperature_p90_k_delta"": 25.7137451171875, ""valid_pixel_count_delta"": 0}",,Derived observation retained from a public raw scene; absence or missing scene is not evidence of absence.
EPOCH-6ff5e1aeb6f0c7e3,Meta Temple,"2310 Eberhardt Rd, Temple, TX 76504",31.1260165,-97.3600001,public-address geocode,optical,Sentinel-2 MSI L2A,S2C_MSIL2A_20260523T170851_R112_T14RPV_20260523T221819,2026-05-23,https://planetarycomputer.microsoft.com/api/stac/v1/collections/sentinel-2-l2a/items/S2C_MSIL2A_20260523T170851_R112_T14RPV_20260523T221819,https://planetarycomputer.microsoft.com/api/stac/v1/search,sentinel-2-l2a,100.0,INGESTED_DERIVED,RAW_COG_WINDOW_PROCESSED,physical-verification-v1,"{""ndvi_median"": 0.11499762535095215, ""ndvi_p10"": 0.10772641003131866, ""ndvi_p90"": 0.12446508556604385, ""nir_reflectance_median"": 0.5860999822616577, ""nonvegetated_proxy_fraction"": 1.0, ""proxy_note"": ""Nonvegetated fraction is a coarse surface-change proxy; it is not a building-footprint measurement."", ""red_reflectance_median"": 0.4652000069618225, ""source_asset_keys"": [""B04"", ""B08"", ""SCL""], ""source_resolution_m"": 10.0, ""valid_pixel_count"": 262144}",{},,Derived observation retained from a public raw scene; absence or missing scene is not evidence of absence.
EPOCH-6ff5e1aeb6f0c7e3,Meta Temple,"2310 Eberhardt Rd, Temple, TX 76504",31.1260165,-97.3600001,public-address geocode,optical,Sentinel-2 MSI L2A,S2B_MSIL2A_20260925T170949_R112_T14RPV_20260925T221750,2026-09-25,https://planetarycomputer.microsoft.com/api/stac/v1/collections/sentinel-2-l2a/items/S2B_MSIL2A_20260925T170949_R112_T14RPV_20260925T221750,https://planetarycomputer.microsoft.com/api/stac/v1/search,sentinel-2-l2a,58.387125,INGESTED_DERIVED,RAW_COG_WINDOW_PROCESSED,physical-verification-v1,"{""ndvi_median"": 0.1480020433664322, ""ndvi_p10"": 0.032286636531353, ""ndvi_p90"": 0.2898213267326355, ""nir_reflectance_median"": 0.3856000006198883, ""nonvegetated_proxy_fraction"": 0.7116372400405684, ""proxy_note"": ""Nonvegetated fraction is a coarse surface-change proxy; it is not a building-footprint measurement."", ""red_reflectance_median"": 0.27649998664855957, ""source_asset_keys"": [""B04"", ""B08"", ""SCL""], ""source_resolution_m"": 10.0, ""valid_pixel_count"": 91697}","{""ndvi_median_delta"": 0.03300441801548004, ""ndvi_p10_delta"": -0.07543977349996567, ""ndvi_p90_delta"": 0.16535624116659164, ""nir_reflectance_median_delta"": -0.2004999816417694, ""nonvegetated_proxy_fraction_delta"": -0.2883627599594316, ""red_reflectance_median_delta"": -0.18870002031326294, ""source_resolution_m_delta"": 0.0, ""valid_pixel_count_delta"": -170447}",,Derived observation retained from a public raw scene; absence or missing scene is not evidence of absence.
EPOCH-6ff5e1aeb6f0c7e3,Meta Temple,"2310 Eberhardt Rd, Temple, TX 76504",31.1260165,-97.3600001,public-address geocode,sar,Sentinel-1 GRD,S1A_IW_GRDH_1SDV_20250928T002734_20250928T002759_061181_07A0EB,2025-09-28,https://planetarycomputer.microsoft.com/api/stac/v1/collections/sentinel-1-grd/items/S1A_IW_GRDH_1SDV_20250928T002734_20250928T002759_061181_07A0EB,https://planetarycomputer.microsoft.com/api/stac/v1/search,sentinel-1-grd,,INGESTED_DERIVED,RAW_COG_WINDOW_PROCESSED,physical-verification-v1,"{""backscatter_note"": ""Sentinel-1 GRD detected amplitude is converted to dB with 20*log10(amplitude)."", ""source_asset_keys"": [""vv"", ""vh""], ""source_resolution_m"": 1.0, ""valid_pixel_count"": 0, ""vh_db_median"": null, ""vh_db_p10"": null, ""vh_db_p90"": null, ""vv_db_median"": null, ""vv_db_p10"": null, ""vv_db_p90"": null, ""vv_vh_db_difference"": null}",{},,Derived observation retained from a public raw scene; absence or missing scene is not evidence of absence.
EPOCH-6ff5e1aeb6f0c7e3,Meta Temple,"2310 Eberhardt Rd, Temple, TX 76504",31.1260165,-97.3600001,public-address geocode,sar,Sentinel-1 GRD,S1D_IW_GRDH_1SDV_20260923T003449_20260923T003514_004698_008C85,2026-09-23,https://planetarycomputer.microsoft.com/api/stac/v1/collections/sentinel-1-grd/items/S1D_IW_GRDH_1SDV_20260923T003449_20260923T003514_004698_008C85,https://planetarycomputer.microsoft.com/api/stac/v1/search,sentinel-1-grd,,INGESTED_DERIVED,RAW_COG_WINDOW_PROCESSED,physical-verification-v1,"{""backscatter_note"": ""Sentinel-1 GRD detected amplitude is converted to dB with 20*log10(amplitude)."", ""source_asset_keys"": [""vv"", ""vh""], ""source_resolution_m"": 1.0, ""valid_pixel_count"": 0, ""vh_db_median"": null, ""vh_db_p10"": null, ""vh_db_p90"": null, ""vv_db_median"": null, ""vv_db_p10"": null, ""vv_db_p90"": null, ""vv_vh_db_difference"": null}","{""source_resolution_m_delta"": 0.0, ""valid_pixel_count_delta"": 0}",,Derived observation retained from a public raw scene; absence or missing scene is not evidence of absence.
EPOCH-6ff5e1aeb6f0c7e3,Meta Temple,"2310 Eberhardt Rd, Temple, TX 76504",31.1260165,-97.3600001,public-address geocode,tir,Landsat Collection 2 Level-2 Surface Temperature,LC08_L2SP_027038_20260107_02_T1,2026-01-07,https://planetarycomputer.microsoft.com/api/stac/v1/collections/landsat-c2-l2/items/LC08_L2SP_027038_20260107_02_T1,https://planetarycomputer.microsoft.com/api/stac/v1/search,landsat-c2-l2,14.36,INGESTED_DERIVED,RAW_COG_WINDOW_PROCESSED,physical-verification-v1,"{""local_background_temperature_k_median"": 298.70587158203125, ""local_surface_temperature_delta_k"": -0.4990234375, ""proxy_note"": ""Thermal anomaly is relative to the local scene background, not a calibrated facility heat-output measurement."", ""source_asset_key"": ""lwir11"", ""source_resolution_m"": 30.0, ""surface_temperature_k_median"": 298.20684814453125, ""surface_temperature_p10_k"": 296.208984375, ""surface_temperature_p90_k"": 300.07305908203125, ""valid_pixel_count"": 36864}",{},,Derived observation retained from a public raw scene; absence or missing scene is not evidence of absence.
EPOCH-6ff5e1aeb6f0c7e3,Meta Temple,"2310 Eberhardt Rd, Temple, TX 76504",31.1260165,-97.3600001,public-address geocode,tir,Landsat Collection 2 Level-2 Surface Temperature,LC09_L2SP_027039_20260912_02_T1,2026-09-12,https://planetarycomputer.microsoft.com/api/stac/v1/collections/landsat-c2-l2/items/LC09_L2SP_027039_20260912_02_T1,https://planetarycomputer.microsoft.com/api/stac/v1/search,landsat-c2-l2,10.53,INGESTED_DERIVED,RAW_COG_WINDOW_PROCESSED,physical-verification-v1,"{""local_background_temperature_k_median"": 317.21783447265625, ""local_surface_temperature_delta_k"": 1.71075439453125, ""proxy_note"": ""Thermal anomaly is relative to the local scene background, not a calibrated facility heat-output measurement."", ""source_asset_key"": ""lwir11"", ""source_resolution_m"": 30.0, ""surface_temperature_k_median"": 318.9285888671875, ""surface_temperature_p10_k"": 315.52490234375, ""surface_temperature_p90_k"": 320.83477783203125, ""valid_pixel_count"": 10110}","{""local_background_temperature_k_median_delta"": 18.511962890625, ""local_surface_temperature_delta_k_delta"": 2.20977783203125, ""source_resolution_m_delta"": 0.0, ""surface_temperature_k_median_delta"": 20.72174072265625, ""surface_temperature_p10_k_delta"": 19.31591796875, ""surface_temperature_p90_k_delta"": 20.76171875, ""valid_pixel_count_delta"": -26754}",,Derived observation retained from a public raw scene; absence or missing scene is not evidence of absence.
EPOCH-7648e1438308fdae,CoreWeave Lancaster Greenfield site,"216 Greenfield Rd, Lancaster, PA 
",40.0472199,-76.2555314,public-address geocode,optical,Sentinel-2 MSI L2A,S2B_MSIL2A_20260114T155519_R054_T18TUK_20260114T211509,2026-01-14,https://planetarycomputer.microsoft.com/api/stac/v1/collections/sentinel-2-l2a/items/S2B_MSIL2A_20260114T155519_R054_T18TUK_20260114T211509,https://planetarycomputer.microsoft.com/api/stac/v1/search,sentinel-2-l2a,99.999833,INGESTED_DERIVED,RAW_COG_WINDOW_PROCESSED,physical-verification-v1,"{""ndvi_median"": 0.03719181567430496, ""ndvi_p10"": 0.02784116379916668, ""ndvi_p90"": 0.046049878001213074, ""nir_reflectance_median"": 0.9775999784469604, ""nonvegetated_proxy_fraction"": 1.0, ""proxy_note"": ""Nonvegetated fraction is a coarse surface-change proxy; it is not a building-footprint measurement."", ""red_reflectance_median"": 0.9088000059127808, ""source_asset_keys"": [""B04"", ""B08"", ""SCL""], ""source_resolution_m"": 10.0, ""valid_pixel_count"": 262144}",{},,Derived observation retained from a public raw scene; absence or missing scene is not evidence of absence.
EPOCH-7648e1438308fdae,CoreWeave Lancaster Greenfield site,"216 Greenfield Rd, Lancaster, PA 
",40.0472199,-76.2555314,public-address geocode,optical,Sentinel-2 MSI L2A,S2C_MSIL2A_20260926T155011_R054_T18TUK_20260926T202610,2026-09-26,https://planetarycomputer.microsoft.com/api/stac/v1/collections/sentinel-2-l2a/items/S2C_MSIL2A_20260926T155011_R054_T18TUK_20260926T202610,https://planetarycomputer.microsoft.com/api/stac/v1/search,sentinel-2-l2a,99.992585,INGESTED_DERIVED,RAW_COG_WINDOW_PROCESSED,physical-verification-v1,"{""ndvi_median"": 0.018355175852775574, ""ndvi_p10"": 0.014811651781201363, ""ndvi_p90"": 0.02165604569017887, ""nir_reflectance_median"": 0.855400025844574, ""nonvegetated_proxy_fraction"": 1.0, ""proxy_note"": ""Nonvegetated fraction is a coarse surface-change proxy; it is not a building-footprint measurement."", ""red_reflectance_median"": 0.8251000046730042, ""source_asset_keys"": [""B04"", ""B08"", ""SCL""], ""source_resolution_m"": 10.0, ""valid_pixel_count"": 262144}","{""ndvi_median_delta"": -0.01883663982152939, ""ndvi_p10_delta"": -0.013029512017965317, ""ndvi_p90_delta"": -0.024393832311034203, ""nir_reflectance_median_delta"": -0.12219995260238647, ""nonvegetated_proxy_fraction_delta"": 0.0, ""red_reflectance_median_delta"": -0.08370000123977661, ""source_resolution_m_delta"": 0.0, ""valid_pixel_count_delta"": 0}",,Derived observation retained from a public raw scene; absence or missing scene is not evidence of absence.
EPOCH-7648e1438308fdae,CoreWeave Lancaster Greenfield site,"216 Greenfield Rd, Lancaster, PA 
",40.0472199,-76.2555314,public-address geocode,sar,Sentinel-1 GRD,S1A_IW_GRDH_1SDV_20250913T230724_20250913T230749_060976_0798B3,2025-09-13,https://planetarycomputer.microsoft.com/api/stac/v1/collections/sentinel-1-grd/items/S1A_IW_GRDH_1SDV_20250913T230724_20250913T230749_060976_0798B3,https://planetarycomputer.microsoft.com/api/stac/v1/search,sentinel-1-grd,,INGESTED_DERIVED,RAW_COG_WINDOW_PROCESSED,physical-verification-v1,"{""backscatter_note"": ""Sentinel-1 GRD detected amplitude is converted to dB with 20*log10(amplitude)."", ""source_asset_keys"": [""vv"", ""vh""], ""source_resolution_m"": 1.0, ""valid_pixel_count"": 0, ""vh_db_median"": null, ""vh_db_p10"": null, ""vh_db_p90"": null, ""vv_db_median"": null, ""vv_db_p10"": null, ""vv_db_p90"": null, ""vv_vh_db_difference"": null}",{},,Derived observation retained from a public raw scene; absence or missing scene is not evidence of absence.
EPOCH-7648e1438308fdae,CoreWeave Lancaster Greenfield site,"216 Greenfield Rd, Lancaster, PA 
",40.0472199,-76.2555314,public-address geocode,sar,Sentinel-1 GRD,S1D_IW_GRDH_1SDV_20260922T225824_20260922T225849_004697_008C7D,2026-09-22,https://planetarycomputer.microsoft.com/api/stac/v1/collections/sentinel-1-grd/items/S1D_IW_GRDH_1SDV_20260922T225824_20260922T225849_004697_008C7D,https://planetarycomputer.microsoft.com/api/stac/v1/search,sentinel-1-grd,,INGESTED_DERIVED,RAW_COG_WINDOW_PROCESSED,physical-verification-v1,"{""backscatter_note"": ""Sentinel-1 GRD detected amplitude is converted to dB with 20*log10(amplitude)."", ""source_asset_keys"": [""vv"", ""vh""], ""source_resolution_m"": 1.0, ""valid_pixel_count"": 0, ""vh_db_median"": null, ""vh_db_p10"": null, ""vh_db_p90"": null, ""vv_db_median"": null, ""vv_db_p10"": null, ""vv_db_p90"": null, ""vv_vh_db_difference"": null}","{""source_resolution_m_delta"": 0.0, ""valid_pixel_count_delta"": 0}",,Derived observation retained from a public raw scene; absence or missing scene is not evidence of absence.
EPOCH-7648e1438308fdae,CoreWeave Lancaster Greenfield site,"216 Greenfield Rd, Lancaster, PA 
",40.0472199,-76.2555314,public-address geocode,tir,Landsat Collection 2 Level-2 Surface Temperature,LC09_L2SP_015032_20250516_02_T1,2025-05-16,https://planetarycomputer.microsoft.com/api/stac/v1/collections/landsat-c2-l2/items/LC09_L2SP_015032_20250516_02_T1,https://planetarycomputer.microsoft.com/api/stac/v1/search,landsat-c2-l2,71.22,INGESTED_DERIVED,RAW_COG_WINDOW_PROCESSED,physical-verification-v1,"{""local_background_temperature_k_median"": 265.5373840332031, ""local_surface_temperature_delta_k"": 3.73419189453125, ""proxy_note"": ""Thermal anomaly is relative to the local scene background, not a calibrated facility heat-output measurement."", ""source_asset_key"": ""lwir11"", ""source_resolution_m"": 30.0, ""surface_temperature_k_median"": 269.2715759277344, ""surface_temperature_p10_k"": 264.135986328125, ""surface_temperature_p90_k"": 275.56414794921875, ""valid_pixel_count"": 36864}",{},,Derived observation retained from a public raw scene; absence or missing scene is not evidence of absence.
EPOCH-7648e1438308fdae,CoreWeave Lancaster Greenfield site,"216 Greenfield Rd, Lancaster, PA 
",40.0472199,-76.2555314,public-address geocode,tir,Landsat Collection 2 Level-2 Surface Temperature,LC09_L2SP_015032_20260924_02_T1,2026-09-24,https://planetarycomputer.microsoft.com/api/stac/v1/collections/landsat-c2-l2/items/LC09_L2SP_015032_20260924_02_T1,https://planetarycomputer.microsoft.com/api/stac/v1/search,landsat-c2-l2,19.04,INGESTED_DERIVED,RAW_COG_WINDOW_PROCESSED,physical-verification-v1,"{""local_background_temperature_k_median"": 294.173583984375, ""local_surface_temperature_delta_k"": 1.26123046875, ""proxy_note"": ""Thermal anomaly is relative to the local scene background, not a calibrated facility heat-output measurement."", ""source_asset_key"": ""lwir11"", ""source_resolution_m"": 30.0, ""surface_temperature_k_median"": 295.434814453125, ""surface_temperature_p10_k"": 290.0069885253906, ""surface_temperature_p90_k"": 301.3428649902344, ""valid_pixel_count"": 36864}","{""local_background_temperature_k_median_delta"": 28.636199951171875, ""local_surface_temperature_delta_k_delta"": -2.47296142578125, ""source_resolution_m_delta"": 0.0, ""surface_temperature_k_median_delta"": 26.163238525390625, ""surface_temperature_p10_k_delta"": 25.871002197265625, ""surface_temperature_p90_k_delta"": 25.778717041015625, ""valid_pixel_count_delta"": 0}",,Derived observation retained from a public raw scene; absence or missing scene is not evidence of absence.
EPOCH-768183e4de6062d2,CoreWeave Ellendale ND,"9685 87th Ave SE, Ellendale, ND 58436",46.0214191,-98.5685326,public-address geocode,optical,Sentinel-2 MSI L2A,S2B_MSIL2A_20260524T172849_R055_T14TNS_20260524T211239,2026-05-24,https://planetarycomputer.microsoft.com/api/stac/v1/collections/sentinel-2-l2a/items/S2B_MSIL2A_20260524T172849_R055_T14TNS_20260524T211239,https://planetarycomputer.microsoft.com/api/stac/v1/search,sentinel-2-l2a,1.491319,INGESTED_DERIVED,RAW_COG_WINDOW_PROCESSED,physical-verification-v1,"{""ndvi_median"": 0.13240723311901093, ""ndvi_p10"": 0.10435328632593155, ""ndvi_p90"": 0.37770217657089233, ""nir_reflectance_median"": 0.3458000123500824, ""nonvegetated_proxy_fraction"": 0.6976968561465877, ""proxy_note"": ""Nonvegetated fraction is a coarse surface-change proxy; it is not a building-footprint measurement."", ""red_reflectance_median"": 0.23070000112056732, ""source_asset_keys"": [""B04"", ""B08"", ""SCL""], ""source_resolution_m"": 10.0, ""valid_pixel_count"": 249789}",{},,Derived observation retained from a public raw scene; absence or missing scene is not evidence of absence.
EPOCH-768183e4de6062d2,CoreWeave Ellendale ND,"9685 87th Ave SE, Ellendale, ND 58436",46.0214191,-98.5685326,public-address geocode,optical,Sentinel-2 MSI L2A,S2C_MSIL2A_20260926T173101_R055_T14TNR_20260926T205615,2026-09-26,https://planetarycomputer.microsoft.com/api/stac/v1/collections/sentinel-2-l2a/items/S2C_MSIL2A_20260926T173101_R055_T14TNR_20260926T205615,https://planetarycomputer.microsoft.com/api/stac/v1/search,sentinel-2-l2a,99.990845,INGESTED_DERIVED,RAW_COG_WINDOW_PROCESSED,physical-verification-v1,"{""ndvi_median"": -0.0016999850049614906, ""ndvi_p10"": -0.009298013523221016, ""ndvi_p90"": 0.00975923240184784, ""nir_reflectance_median"": 0.8241000175476074, ""nonvegetated_proxy_fraction"": 1.0, ""proxy_note"": ""Nonvegetated fraction is a coarse surface-change proxy; it is not a building-footprint measurement."", ""red_reflectance_median"": 0.8270999789237976, ""source_asset_keys"": [""B04"", ""B08"", ""SCL""], ""source_resolution_m"": 10.0, ""valid_pixel_count"": 262144}","{""ndvi_median_delta"": -0.13410721812397242, ""ndvi_p10_delta"": -0.11365129984915257, ""ndvi_p90_delta"": -0.3679429441690445, ""nir_reflectance_median_delta"": 0.478300005197525, ""nonvegetated_proxy_fraction_delta"": 0.3023031438534123, ""red_reflectance_median_delta"": 0.5963999778032303, ""source_resolution_m_delta"": 0.0, ""valid_pixel_count_delta"": 12355}",,Derived observation retained from a public raw scene; absence or missing scene is not evidence of absence.
EPOCH-768183e4de6062d2,CoreWeave Ellendale ND,"9685 87th Ave SE, Ellendale, ND 58436",46.0214191,-98.5685326,public-address geocode,sar,Sentinel-1 GRD,S1A_IW_GRDH_1SDV_20250926T124337_20250926T124402_061159_07A00F,2025-09-26,https://planetarycomputer.microsoft.com/api/stac/v1/collections/sentinel-1-grd/items/S1A_IW_GRDH_1SDV_20250926T124337_20250926T124402_061159_07A00F,https://planetarycomputer.microsoft.com/api/stac/v1/search,sentinel-1-grd,,INGESTED_DERIVED,RAW_COG_WINDOW_PROCESSED,physical-verification-v1,"{""backscatter_note"": ""Sentinel-1 GRD detected amplitude is converted to dB with 20*log10(amplitude)."", ""source_asset_keys"": [""vv"", ""vh""], ""source_resolution_m"": 1.0, ""valid_pixel_count"": 0, ""vh_db_median"": null, ""vh_db_p10"": null, ""vh_db_p90"": null, ""vv_db_median"": null, ""vv_db_p10"": null, ""vv_db_p90"": null, ""vv_vh_db_difference"": null}",{},,Derived observation retained from a public raw scene; absence or missing scene is not evidence of absence.
EPOCH-768183e4de6062d2,CoreWeave Ellendale ND,"9685 87th Ave SE, Ellendale, ND 58436",46.0214191,-98.5685326,public-address geocode,sar,Sentinel-1 GRD,S1C_IW_GRDH_1SDV_20260924T003023_20260924T003048_009582_01311A,2026-09-24,https://planetarycomputer.microsoft.com/api/stac/v1/collections/sentinel-1-grd/items/S1C_IW_GRDH_1SDV_20260924T003023_20260924T003048_009582_01311A,https://planetarycomputer.microsoft.com/api/stac/v1/search,sentinel-1-grd,,INGESTED_DERIVED,RAW_COG_WINDOW_PROCESSED,physical-verification-v1,"{""backscatter_note"": ""Sentinel-1 GRD detected amplitude is converted to dB with 20*log10(amplitude)."", ""source_asset_keys"": [""vv"", ""vh""], ""source_resolution_m"": 1.0, ""valid_pixel_count"": 0, ""vh_db_median"": null, ""vh_db_p10"": null, ""vh_db_p90"": null, ""vv_db_median"": null, ""vv_db_p10"": null, ""vv_db_p90"": null, ""vv_vh_db_difference"": null}","{""source_resolution_m_delta"": 0.0, ""valid_pixel_count_delta"": 0}",,Derived observation retained from a public raw scene; absence or missing scene is not evidence of absence.
EPOCH-768183e4de6062d2,CoreWeave Ellendale ND,"9685 87th Ave SE, Ellendale, ND 58436",46.0214191,-98.5685326,public-address geocode,tir,Landsat Collection 2 Level-2 Surface Temperature,LC08_L2SP_030028_20260128_02_T1,2026-01-28,https://planetarycomputer.microsoft.com/api/stac/v1/collections/landsat-c2-l2/items/LC08_L2SP_030028_20260128_02_T1,https://planetarycomputer.microsoft.com/api/stac/v1/search,landsat-c2-l2,16.53,INGESTED_DERIVED,RAW_COG_WINDOW_PROCESSED,physical-verification-v1,"{""local_background_temperature_k_median"": 263.848876953125, ""local_surface_temperature_delta_k"": 0.14697265625, ""proxy_note"": ""Thermal anomaly is relative to the local scene background, not a calibrated facility heat-output measurement."", ""source_asset_key"": ""lwir11"", ""source_resolution_m"": 30.0, ""surface_temperature_k_median"": 263.995849609375, ""surface_temperature_p10_k"": 262.215087890625, ""surface_temperature_p90_k"": 265.1203918457031, ""valid_pixel_count"": 36864}",{},,Derived observation retained from a public raw scene; absence or missing scene is not evidence of absence.
EPOCH-768183e4de6062d2,CoreWeave Ellendale ND,"9685 87th Ave SE, Ellendale, ND 58436",46.0214191,-98.5685326,public-address geocode,tir,Landsat Collection 2 Level-2 Surface Temperature,LC09_L2SP_031028_20260924_02_T2,2026-09-24,https://planetarycomputer.microsoft.com/api/stac/v1/collections/landsat-c2-l2/items/LC09_L2SP_031028_20260924_02_T2,https://planetarycomputer.microsoft.com/api/stac/v1/search,landsat-c2-l2,96.6,INGESTED_DERIVED,RAW_COG_WINDOW_PROCESSED,physical-verification-v1,"{""local_background_temperature_k_median"": 284.35015869140625, ""local_surface_temperature_delta_k"": 0.03076171875, ""proxy_note"": ""Thermal anomaly is relative to the local scene background, not a calibrated facility heat-output measurement."", ""source_asset_key"": ""lwir11"", ""source_resolution_m"": 30.0, ""surface_temperature_k_median"": 284.38092041015625, ""surface_temperature_p10_k"": 284.03228759765625, ""surface_temperature_p90_k"": 284.82867431640625, ""valid_pixel_count"": 36864}","{""local_background_temperature_k_median_delta"": 20.50128173828125, ""local_surface_temperature_delta_k_delta"": -0.1162109375, ""source_resolution_m_delta"": 0.0, ""surface_temperature_k_median_delta"": 20.38507080078125, ""surface_temperature_p10_k_delta"": 21.81719970703125, ""surface_temperature_p90_k_delta"": 19.708282470703125, ""valid_pixel_count_delta"": 0}",,Derived observation retained from a public raw scene; absence or missing scene is not evidence of absence.
EPOCH-781cbfae186209ad,Microsoft-Nebius New Jersey,"3963 S Lincoln Ave, Vineland, New Jersey",39.4281986,-75.0184088,public-address geocode,optical,Sentinel-2 MSI L2A,S2A_MSIL2A_20260727T154711_R011_T18SWJ_20260727T234457,2026-07-27,https://planetarycomputer.microsoft.com/api/stac/v1/collections/sentinel-2-l2a/items/S2A_MSIL2A_20260727T154711_R011_T18SWJ_20260727T234457,https://planetarycomputer.microsoft.com/api/stac/v1/search,sentinel-2-l2a,9.113122,INGESTED_DERIVED,RAW_COG_WINDOW_PROCESSED,physical-verification-v1,"{""ndvi_median"": 0.5156980156898499, ""ndvi_p10"": 0.19277091324329376, ""ndvi_p90"": 0.606929361820221, ""nir_reflectance_median"": 0.48179998993873596, ""nonvegetated_proxy_fraction"": 0.10360470546376392, ""proxy_note"": ""Nonvegetated fraction is a coarse surface-change proxy; it is not a building-footprint measurement."", ""red_reflectance_median"": 0.155799999833107, ""source_asset_keys"": [""B04"", ""B08"", ""SCL""], ""source_resolution_m"": 10.0, ""valid_pixel_count"": 44969}",{},,Derived observation retained from a public raw scene; absence or missing scene is not evidence of absence.
EPOCH-781cbfae186209ad,Microsoft-Nebius New Jersey,"3963 S Lincoln Ave, Vineland, New Jersey",39.4281986,-75.0184088,public-address geocode,optical,Sentinel-2 MSI L2A,S2C_MSIL2A_20260926T155011_R054_T18SVJ_20260926T202610,2026-09-26,https://planetarycomputer.microsoft.com/api/stac/v1/collections/sentinel-2-l2a/items/S2C_MSIL2A_20260926T155011_R054_T18SVJ_20260926T202610,https://planetarycomputer.microsoft.com/api/stac/v1/search,sentinel-2-l2a,99.559605,INGESTED_DERIVED,RAW_COG_WINDOW_PROCESSED,physical-verification-v1,"{""ndvi_median"": -0.010199788957834244, ""ndvi_p10"": -0.016767852008342743, ""ndvi_p90"": 0.0, ""nir_reflectance_median"": 0.8123999834060669, ""nonvegetated_proxy_fraction"": 1.0, ""proxy_note"": ""Nonvegetated fraction is a coarse surface-change proxy; it is not a building-footprint measurement."", ""red_reflectance_median"": 0.833899974822998, ""source_asset_keys"": [""B04"", ""B08"", ""SCL""], ""source_resolution_m"": 10.0, ""valid_pixel_count"": 653}","{""ndvi_median_delta"": -0.5258978046476841, ""ndvi_p10_delta"": -0.2095387652516365, ""ndvi_p90_delta"": -0.606929361820221, ""nir_reflectance_median_delta"": 0.33059999346733093, ""nonvegetated_proxy_fraction_delta"": 0.8963952945362361, ""red_reflectance_median_delta"": 0.678099974989891, ""source_resolution_m_delta"": 0.0, ""valid_pixel_count_delta"": -44316}",,Derived observation retained from a public raw scene; absence or missing scene is not evidence of absence.
EPOCH-781cbfae186209ad,Microsoft-Nebius New Jersey,"3963 S Lincoln Ave, Vineland, New Jersey",39.4281986,-75.0184088,public-address geocode,sar,Sentinel-1 GRD,S1C_IW_GRDH_1SDV_20250417T110506_20250417T110539_001932_003CAF,2025-04-17,https://planetarycomputer.microsoft.com/api/stac/v1/collections/sentinel-1-grd/items/S1C_IW_GRDH_1SDV_20250417T110506_20250417T110539_001932_003CAF,https://planetarycomputer.microsoft.com/api/stac/v1/search,sentinel-1-grd,,INGESTED_DERIVED,RAW_COG_WINDOW_PROCESSED,physical-verification-v1,"{""backscatter_note"": ""Sentinel-1 GRD detected amplitude is converted to dB with 20*log10(amplitude)."", ""source_asset_keys"": [""vv"", ""vh""], ""source_resolution_m"": 1.0, ""valid_pixel_count"": 0, ""vh_db_median"": null, ""vh_db_p10"": null, ""vh_db_p90"": null, ""vv_db_median"": null, ""vv_db_p10"": null, ""vv_db_p90"": null, ""vv_vh_db_difference"": null}",{},,Derived observation retained from a public raw scene; absence or missing scene is not evidence of absence.
EPOCH-781cbfae186209ad,Microsoft-Nebius New Jersey,"3963 S Lincoln Ave, Vineland, New Jersey",39.4281986,-75.0184088,public-address geocode,sar,Sentinel-1 GRD,S1D_IW_GRDH_1SDV_20260922T225824_20260922T225849_004697_008C7D,2026-09-22,https://planetarycomputer.microsoft.com/api/stac/v1/collections/sentinel-1-grd/items/S1D_IW_GRDH_1SDV_20260922T225824_20260922T225849_004697_008C7D,https://planetarycomputer.microsoft.com/api/stac/v1/search,sentinel-1-grd,,INGESTED_DERIVED,RAW_COG_WINDOW_PROCESSED,physical-verification-v1,"{""backscatter_note"": ""Sentinel-1 GRD detected amplitude is converted to dB with 20*log10(amplitude)."", ""source_asset_keys"": [""vv"", ""vh""], ""source_resolution_m"": 1.0, ""valid_pixel_count"": 0, ""vh_db_median"": null, ""vh_db_p10"": null, ""vh_db_p90"": null, ""vv_db_median"": null, ""vv_db_p10"": null, ""vv_db_p90"": null, ""vv_vh_db_difference"": null}","{""source_resolution_m_delta"": 0.0, ""valid_pixel_count_delta"": 0}",,Derived observation retained from a public raw scene; absence or missing scene is not evidence of absence.
EPOCH-781cbfae186209ad,Microsoft-Nebius New Jersey,"3963 S Lincoln Ave, Vineland, New Jersey",39.4281986,-75.0184088,public-address geocode,tir,Landsat Collection 2 Level-2 Surface Temperature,LC08_L2SP_014032_20260128_02_T1,2026-01-28,https://planetarycomputer.microsoft.com/api/stac/v1/collections/landsat-c2-l2/items/LC08_L2SP_014032_20260128_02_T1,https://planetarycomputer.microsoft.com/api/stac/v1/search,landsat-c2-l2,18.8,INGESTED_DERIVED,RAW_COG_WINDOW_PROCESSED,physical-verification-v1,"{""local_background_temperature_k_median"": 265.0144348144531, ""local_surface_temperature_delta_k"": null, ""proxy_note"": ""Thermal anomaly is relative to the local scene background, not a calibrated facility heat-output measurement."", ""source_asset_key"": ""lwir11"", ""source_resolution_m"": 30.0, ""surface_temperature_k_median"": null, ""surface_temperature_p10_k"": null, ""surface_temperature_p90_k"": null, ""valid_pixel_count"": 5870}",{},,Derived observation retained from a public raw scene; absence or missing scene is not evidence of absence.
EPOCH-781cbfae186209ad,Microsoft-Nebius New Jersey,"3963 S Lincoln Ave, Vineland, New Jersey",39.4281986,-75.0184088,public-address geocode,tir,Landsat Collection 2 Level-2 Surface Temperature,LC09_L2SP_014033_20260917_02_T1,2026-09-17,https://planetarycomputer.microsoft.com/api/stac/v1/collections/landsat-c2-l2/items/LC09_L2SP_014033_20260917_02_T1,https://planetarycomputer.microsoft.com/api/stac/v1/search,landsat-c2-l2,36.26,INGESTED_DERIVED,RAW_COG_WINDOW_PROCESSED,physical-verification-v1,"{""local_background_temperature_k_median"": 303.1219482421875, ""local_surface_temperature_delta_k"": 0.873291015625, ""proxy_note"": ""Thermal anomaly is relative to the local scene background, not a calibrated facility heat-output measurement."", ""source_asset_key"": ""lwir11"", ""source_resolution_m"": 30.0, ""surface_temperature_k_median"": 303.9952392578125, ""surface_temperature_p10_k"": 301.07452392578125, ""surface_temperature_p90_k"": 306.64251708984375, ""valid_pixel_count"": 36864}","{""local_background_temperature_k_median_delta"": 38.107513427734375, ""source_resolution_m_delta"": 0.0, ""valid_pixel_count_delta"": 30994}",,Derived observation retained from a public raw scene; absence or missing scene is not evidence of absence.
EPOCH-785d6e4c34607dd4,Google Arcola,"42575 Arcola Blvd, Sterling, VA 20166",38.9419493,-77.5271797,public-address geocode,optical,Sentinel-2 MSI L2A,S2B_MSIL2A_20260723T154809_R054_T18STJ_20260723T193902,2026-07-23,https://planetarycomputer.microsoft.com/api/stac/v1/collections/sentinel-2-l2a/items/S2B_MSIL2A_20260723T154809_R054_T18STJ_20260723T193902,https://planetarycomputer.microsoft.com/api/stac/v1/search,sentinel-2-l2a,0.286696,INGESTED_DERIVED,RAW_COG_WINDOW_PROCESSED,physical-verification-v1,"{""ndvi_median"": 0.41784632205963135, ""ndvi_p10"": 0.07225743681192398, ""ndvi_p90"": 0.6001894474029541, ""nir_reflectance_median"": 0.41350001096725464, ""nonvegetated_proxy_fraction"": 0.24125552669024214, ""proxy_note"": ""Nonvegetated fraction is a coarse surface-change proxy; it is not a building-footprint measurement."", ""red_reflectance_median"": 0.16619999706745148, ""source_asset_keys"": [""B04"", ""B08"", ""SCL""], ""source_resolution_m"": 10.0, ""valid_pixel_count"": 262137}",{},,Derived observation retained from a public raw scene; absence or missing scene is not evidence of absence.
EPOCH-785d6e4c34607dd4,Google Arcola,"42575 Arcola Blvd, Sterling, VA 20166",38.9419493,-77.5271797,public-address geocode,optical,Sentinel-2 MSI L2A,S2C_MSIL2A_20260926T155011_R054_T17SQD_20260926T202610,2026-09-26,https://planetarycomputer.microsoft.com/api/stac/v1/collections/sentinel-2-l2a/items/S2C_MSIL2A_20260926T155011_R054_T17SQD_20260926T202610,https://planetarycomputer.microsoft.com/api/stac/v1/search,sentinel-2-l2a,56.308079,INGESTED_DERIVED,RAW_COG_WINDOW_PROCESSED,physical-verification-v1,"{""ndvi_median"": 0.07704750448465347, ""ndvi_p10"": 0.0164029598236084, ""ndvi_p90"": 0.12266791611909866, ""nir_reflectance_median"": 0.4970000088214874, ""nonvegetated_proxy_fraction"": 1.0, ""proxy_note"": ""Nonvegetated fraction is a coarse surface-change proxy; it is not a building-footprint measurement."", ""red_reflectance_median"": 0.4251999855041504, ""source_asset_keys"": [""B04"", ""B08"", ""SCL""], ""source_resolution_m"": 10.0, ""valid_pixel_count"": 393}","{""ndvi_median_delta"": -0.3407988175749779, ""ndvi_p10_delta"": -0.05585447698831558, ""ndvi_p90_delta"": -0.47752153128385544, ""nir_reflectance_median_delta"": 0.08349999785423279, ""nonvegetated_proxy_fraction_delta"": 0.7587444733097579, ""red_reflectance_median_delta"": 0.2589999884366989, ""source_resolution_m_delta"": 0.0, ""valid_pixel_count_delta"": -261744}",,Derived observation retained from a public raw scene; absence or missing scene is not evidence of absence.
EPOCH-785d6e4c34607dd4,Google Arcola,"42575 Arcola Blvd, Sterling, VA 20166",38.9419493,-77.5271797,public-address geocode,sar,Sentinel-1 GRD,S1A_IW_GRDH_1SDV_20250128T230727_20250128T230752_057651_071ABD,2025-01-28,https://planetarycomputer.microsoft.com/api/stac/v1/collections/sentinel-1-grd/items/S1A_IW_GRDH_1SDV_20250128T230727_20250128T230752_057651_071ABD,https://planetarycomputer.microsoft.com/api/stac/v1/search,sentinel-1-grd,,INGESTED_DERIVED,RAW_COG_WINDOW_PROCESSED,physical-verification-v1,"{""backscatter_note"": ""Sentinel-1 GRD detected amplitude is converted to dB with 20*log10(amplitude)."", ""source_asset_keys"": [""vv"", ""vh""], ""source_resolution_m"": 1.0, ""valid_pixel_count"": 0, ""vh_db_median"": null, ""vh_db_p10"": null, ""vh_db_p90"": null, ""vv_db_median"": null, ""vv_db_p10"": null, ""vv_db_p90"": null, ""vv_vh_db_difference"": null}",{},,Derived observation retained from a public raw scene; absence or missing scene is not evidence of absence.
EPOCH-785d6e4c34607dd4,Google Arcola,"42575 Arcola Blvd, Sterling, VA 20166",38.9419493,-77.5271797,public-address geocode,sar,Sentinel-1 GRD,S1D_IW_GRDH_1SDV_20260915T230634_20260915T230659_004595_0088FE,2026-09-15,https://planetarycomputer.microsoft.com/api/stac/v1/collections/sentinel-1-grd/items/S1D_IW_GRDH_1SDV_20260915T230634_20260915T230659_004595_0088FE,https://planetarycomputer.microsoft.com/api/stac/v1/search,sentinel-1-grd,,INGESTED_DERIVED,RAW_COG_WINDOW_PROCESSED,physical-verification-v1,"{""backscatter_note"": ""Sentinel-1 GRD detected amplitude is converted to dB with 20*log10(amplitude)."", ""source_asset_keys"": [""vv"", ""vh""], ""source_resolution_m"": 1.0, ""valid_pixel_count"": 0, ""vh_db_median"": null, ""vh_db_p10"": null, ""vh_db_p90"": null, ""vv_db_median"": null, ""vv_db_p10"": null, ""vv_db_p90"": null, ""vv_vh_db_difference"": null}","{""source_resolution_m_delta"": 0.0, ""valid_pixel_count_delta"": 0}",,Derived observation retained from a public raw scene; absence or missing scene is not evidence of absence.
EPOCH-785d6e4c34607dd4,Google Arcola,"42575 Arcola Blvd, Sterling, VA 20166",38.9419493,-77.5271797,public-address geocode,tir,Landsat Collection 2 Level-2 Surface Temperature,LC09_L2SP_015033_20260127_02_T1,2026-01-27,https://planetarycomputer.microsoft.com/api/stac/v1/collections/landsat-c2-l2/items/LC09_L2SP_015033_20260127_02_T1,https://planetarycomputer.microsoft.com/api/stac/v1/search,landsat-c2-l2,26.03,INGESTED_DERIVED,RAW_COG_WINDOW_PROCESSED,physical-verification-v1,"{""local_background_temperature_k_median"": 264.9631652832031, ""local_surface_temperature_delta_k"": 0.14697265625, ""proxy_note"": ""Thermal anomaly is relative to the local scene background, not a calibrated facility heat-output measurement."", ""source_asset_key"": ""lwir11"", ""source_resolution_m"": 30.0, ""surface_temperature_k_median"": 265.1101379394531, ""surface_temperature_p10_k"": 263.896728515625, ""surface_temperature_p90_k"": 266.41583251953125, ""valid_pixel_count"": 36864}",{},,Derived observation retained from a public raw scene; absence or missing scene is not evidence of absence.
EPOCH-785d6e4c34607dd4,Google Arcola,"42575 Arcola Blvd, Sterling, VA 20166",38.9419493,-77.5271797,public-address geocode,tir,Landsat Collection 2 Level-2 Surface Temperature,LC09_L2SP_015033_20260924_02_T1,2026-09-24,https://planetarycomputer.microsoft.com/api/stac/v1/collections/landsat-c2-l2/items/LC09_L2SP_015033_20260924_02_T1,https://planetarycomputer.microsoft.com/api/stac/v1/search,landsat-c2-l2,79.56,INGESTED_DERIVED,RAW_COG_WINDOW_PROCESSED,physical-verification-v1,"{""local_background_temperature_k_median"": 280.30322265625, ""local_surface_temperature_delta_k"": 1.117706298828125, ""proxy_note"": ""Thermal anomaly is relative to the local scene background, not a calibrated facility heat-output measurement."", ""source_asset_key"": ""lwir11"", ""source_resolution_m"": 30.0, ""surface_temperature_k_median"": 281.4209289550781, ""surface_temperature_p10_k"": 278.98388671875, ""surface_temperature_p90_k"": 286.2711181640625, ""valid_pixel_count"": 36864}","{""local_background_temperature_k_median_delta"": 15.340057373046875, ""local_surface_temperature_delta_k_delta"": 0.970733642578125, ""source_resolution_m_delta"": 0.0, ""surface_temperature_k_median_delta"": 16.310791015625, ""surface_temperature_p10_k_delta"": 15.087158203125, ""surface_temperature_p90_k_delta"": 19.85528564453125, ""valid_pixel_count_delta"": 0}",,Derived observation retained from a public raw scene; absence or missing scene is not evidence of absence.
EPOCH-78f8285078416a9e,Meta-QTS Hillsboro 2,"4755 NE Huffman St, Hillsboro, OR 97124",45.5588758,-122.9296051,public-address geocode,optical,Sentinel-2 MSI L2A,S2A_MSIL2A_20260727T190831_R013_T10TER_20260728T013814,2026-07-27,https://planetarycomputer.microsoft.com/api/stac/v1/collections/sentinel-2-l2a/items/S2A_MSIL2A_20260727T190831_R013_T10TER_20260728T013814,https://planetarycomputer.microsoft.com/api/stac/v1/search,sentinel-2-l2a,1.013752,INGESTED_DERIVED,RAW_COG_WINDOW_PROCESSED,physical-verification-v1,"{""ndvi_median"": 0.20642507076263428, ""ndvi_p10"": 0.02268213778734207, ""ndvi_p90"": 0.4850287437438965, ""nir_reflectance_median"": 0.3637999892234802, ""nonvegetated_proxy_fraction"": 0.48048584169708897, ""proxy_note"": ""Nonvegetated fraction is a coarse surface-change proxy; it is not a building-footprint measurement."", ""red_reflectance_median"": 0.210099995136261, ""source_asset_keys"": [""B04"", ""B08"", ""SCL""], ""source_resolution_m"": 10.0, ""valid_pixel_count"": 262143}",{},,Derived observation retained from a public raw scene; absence or missing scene is not evidence of absence.
EPOCH-78f8285078416a9e,Meta-QTS Hillsboro 2,"4755 NE Huffman St, Hillsboro, OR 97124",45.5588758,-122.9296051,public-address geocode,optical,Sentinel-2 MSI L2A,S2C_MSIL2A_20260926T191141_R056_T10TDR_20260926T223308,2026-09-26,https://planetarycomputer.microsoft.com/api/stac/v1/collections/sentinel-2-l2a/items/S2C_MSIL2A_20260926T191141_R056_T10TDR_20260926T223308,https://planetarycomputer.microsoft.com/api/stac/v1/search,sentinel-2-l2a,23.113285,INGESTED_DERIVED,RAW_COG_WINDOW_PROCESSED,physical-verification-v1,"{""ndvi_median"": 0.19669583439826965, ""ndvi_p10"": 0.03729802370071411, ""ndvi_p90"": 0.4303642213344574, ""nir_reflectance_median"": 0.2989000082015991, ""nonvegetated_proxy_fraction"": 0.5084025569742472, ""proxy_note"": ""Nonvegetated fraction is a coarse surface-change proxy; it is not a building-footprint measurement."", ""red_reflectance_median"": 0.18610000610351562, ""source_asset_keys"": [""B04"", ""B08"", ""SCL""], ""source_resolution_m"": 10.0, ""valid_pixel_count"": 240284}","{""ndvi_median_delta"": -0.009729236364364624, ""ndvi_p10_delta"": 0.01461588591337204, ""ndvi_p90_delta"": -0.05466452240943909, ""nir_reflectance_median_delta"": -0.0648999810218811, ""nonvegetated_proxy_fraction_delta"": 0.02791671527715822, ""red_reflectance_median_delta"": -0.02399998903274536, ""source_resolution_m_delta"": 0.0, ""valid_pixel_count_delta"": -21859}",,Derived observation retained from a public raw scene; absence or missing scene is not evidence of absence.
EPOCH-78f8285078416a9e,Meta-QTS Hillsboro 2,"4755 NE Huffman St, Hillsboro, OR 97124",45.5588758,-122.9296051,public-address geocode,sar,Sentinel-1 GRD,S1C_IW_GRDH_1SDV_20260321T020857_20260321T020922_006856_00DDCE,2026-03-21,https://planetarycomputer.microsoft.com/api/stac/v1/collections/sentinel-1-grd/items/S1C_IW_GRDH_1SDV_20260321T020857_20260321T020922_006856_00DDCE,https://planetarycomputer.microsoft.com/api/stac/v1/search,sentinel-1-grd,,INGESTED_DERIVED,RAW_COG_WINDOW_PROCESSED,physical-verification-v1,"{""backscatter_note"": ""Sentinel-1 GRD detected amplitude is converted to dB with 20*log10(amplitude)."", ""source_asset_keys"": [""vv"", ""vh""], ""source_resolution_m"": 1.0, ""valid_pixel_count"": 0, ""vh_db_median"": null, ""vh_db_p10"": null, ""vh_db_p90"": null, ""vv_db_median"": null, ""vv_db_p10"": null, ""vv_db_p90"": null, ""vv_vh_db_difference"": null}",{},,Derived observation retained from a public raw scene; absence or missing scene is not evidence of absence.
EPOCH-78f8285078416a9e,Meta-QTS Hillsboro 2,"4755 NE Huffman St, Hillsboro, OR 97124",45.5588758,-122.9296051,public-address geocode,sar,Sentinel-1 GRD,S1C_IW_GRDH_1SDV_20260924T020903_20260924T020928_009583_013120,2026-09-24,https://planetarycomputer.microsoft.com/api/stac/v1/collections/sentinel-1-grd/items/S1C_IW_GRDH_1SDV_20260924T020903_20260924T020928_009583_013120,https://planetarycomputer.microsoft.com/api/stac/v1/search,sentinel-1-grd,,INGESTED_DERIVED,RAW_COG_WINDOW_PROCESSED,physical-verification-v1,"{""backscatter_note"": ""Sentinel-1 GRD detected amplitude is converted to dB with 20*log10(amplitude)."", ""source_asset_keys"": [""vv"", ""vh""], ""source_resolution_m"": 1.0, ""valid_pixel_count"": 0, ""vh_db_median"": null, ""vh_db_p10"": null, ""vh_db_p90"": null, ""vv_db_median"": null, ""vv_db_p10"": null, ""vv_db_p90"": null, ""vv_vh_db_difference"": null}","{""source_resolution_m_delta"": 0.0, ""valid_pixel_count_delta"": 0}",,Derived observation retained from a public raw scene; absence or missing scene is not evidence of absence.
EPOCH-78f8285078416a9e,Meta-QTS Hillsboro 2,"4755 NE Huffman St, Hillsboro, OR 97124",45.5588758,-122.9296051,public-address geocode,tir,Landsat Collection 2 Level-2 Surface Temperature,LC09_L2SP_047028_20260127_02_T1,2026-01-27,https://planetarycomputer.microsoft.com/api/stac/v1/collections/landsat-c2-l2/items/LC09_L2SP_047028_20260127_02_T1,https://planetarycomputer.microsoft.com/api/stac/v1/search,landsat-c2-l2,100.0,INGESTED_DERIVED,RAW_COG_WINDOW_PROCESSED,physical-verification-v1,"{""local_background_temperature_k_median"": 254.6817626953125, ""local_surface_temperature_delta_k"": 0.916015625, ""proxy_note"": ""Thermal anomaly is relative to the local scene background, not a calibrated facility heat-output measurement."", ""source_asset_key"": ""lwir11"", ""source_resolution_m"": 30.0, ""surface_temperature_k_median"": 255.5977783203125, ""surface_temperature_p10_k"": 254.9927978515625, ""surface_temperature_p90_k"": 256.2027893066406, ""valid_pixel_count"": 36864}",{},,Derived observation retained from a public raw scene; absence or missing scene is not evidence of absence.
EPOCH-78f8285078416a9e,Meta-QTS Hillsboro 2,"4755 NE Huffman St, Hillsboro, OR 97124",45.5588758,-122.9296051,public-address geocode,tir,Landsat Collection 2 Level-2 Surface Temperature,LC09_L2SP_047028_20260924_02_T1,2026-09-24,https://planetarycomputer.microsoft.com/api/stac/v1/collections/landsat-c2-l2/items/LC09_L2SP_047028_20260924_02_T1,https://planetarycomputer.microsoft.com/api/stac/v1/search,landsat-c2-l2,99.18,INGESTED_DERIVED,RAW_COG_WINDOW_PROCESSED,physical-verification-v1,"{""local_background_temperature_k_median"": 258.48602294921875, ""local_surface_temperature_delta_k"": 2.949737548828125, ""proxy_note"": ""Thermal anomaly is relative to the local scene background, not a calibrated facility heat-output measurement."", ""source_asset_key"": ""lwir11"", ""source_resolution_m"": 30.0, ""surface_temperature_k_median"": 261.4357604980469, ""surface_temperature_p10_k"": 258.02459716796875, ""surface_temperature_p90_k"": 265.87066650390625, ""valid_pixel_count"": 36864}","{""local_background_temperature_k_median_delta"": 3.80426025390625, ""local_surface_temperature_delta_k_delta"": 2.033721923828125, ""source_resolution_m_delta"": 0.0, ""surface_temperature_k_median_delta"": 5.837982177734375, ""surface_temperature_p10_k_delta"": 3.03179931640625, ""surface_temperature_p90_k_delta"": 9.667877197265625, ""valid_pixel_count_delta"": 0}",,Derived observation retained from a public raw scene; absence or missing scene is not evidence of absence.
EPOCH-7d9b5af0cce16f1c,Meta Aiken,"7601 State Hwy 105, Trenton, SC 29847, USA",33.6422384,-81.8439618,public-address geocode,optical,Sentinel-2 MSI L2A,S2C_MSIL2A_20260505T160901_R140_T17SMT_20260505T211311,2026-05-05,https://planetarycomputer.microsoft.com/api/stac/v1/collections/sentinel-2-l2a/items/S2C_MSIL2A_20260505T160901_R140_T17SMT_20260505T211311,https://planetarycomputer.microsoft.com/api/stac/v1/search,sentinel-2-l2a,31.57067,INGESTED_DERIVED,RAW_COG_WINDOW_PROCESSED,physical-verification-v1,"{""ndvi_median"": 0.37286272644996643, ""ndvi_p10"": 0.10686567425727844, ""ndvi_p90"": 0.5579407215118408, ""nir_reflectance_median"": 0.3898000121116638, ""nonvegetated_proxy_fraction"": 0.2341141187850272, ""proxy_note"": ""Nonvegetated fraction is a coarse surface-change proxy; it is not a building-footprint measurement."", ""red_reflectance_median"": 0.15870000422000885, ""source_asset_keys"": [""B04"", ""B08"", ""SCL""], ""source_resolution_m"": 10.0, ""valid_pixel_count"": 205733}",{},,Derived observation retained from a public raw scene; absence or missing scene is not evidence of absence.
EPOCH-7d9b5af0cce16f1c,Meta Aiken,"7601 State Hwy 105, Trenton, SC 29847, USA",33.6422384,-81.8439618,public-address geocode,optical,Sentinel-2 MSI L2A,S2B_MSIL2A_20260924T155909_R097_T17SMT_20260924T200659,2026-09-24,https://planetarycomputer.microsoft.com/api/stac/v1/collections/sentinel-2-l2a/items/S2B_MSIL2A_20260924T155909_R097_T17SMT_20260924T200659,https://planetarycomputer.microsoft.com/api/stac/v1/search,sentinel-2-l2a,99.901205,INGESTED_DERIVED,RAW_COG_WINDOW_PROCESSED,physical-verification-v1,"{""ndvi_median"": 0.0027283888775855303, ""ndvi_p10"": -0.008449915796518326, ""ndvi_p90"": 0.011915070936083794, ""nir_reflectance_median"": 1.0271999835968018, ""nonvegetated_proxy_fraction"": 1.0, ""proxy_note"": ""Nonvegetated fraction is a coarse surface-change proxy; it is not a building-footprint measurement."", ""red_reflectance_median"": 1.023300051689148, ""source_asset_keys"": [""B04"", ""B08"", ""SCL""], ""source_resolution_m"": 10.0, ""valid_pixel_count"": 262144}","{""ndvi_median_delta"": -0.3701343375723809, ""ndvi_p10_delta"": -0.11531559005379677, ""ndvi_p90_delta"": -0.546025650575757, ""nir_reflectance_median_delta"": 0.6373999714851379, ""nonvegetated_proxy_fraction_delta"": 0.7658858812149728, ""red_reflectance_median_delta"": 0.8646000474691391, ""source_resolution_m_delta"": 0.0, ""valid_pixel_count_delta"": 56411}",,Derived observation retained from a public raw scene; absence or missing scene is not evidence of absence.
EPOCH-7d9b5af0cce16f1c,Meta Aiken,"7601 State Hwy 105, Trenton, SC 29847, USA",33.6422384,-81.8439618,public-address geocode,sar,Sentinel-1 GRD,S1A_IW_GRDH_1SDV_20241120T233035_20241120T233100_056645_06F2E4,2024-11-20,https://planetarycomputer.microsoft.com/api/stac/v1/collections/sentinel-1-grd/items/S1A_IW_GRDH_1SDV_20241120T233035_20241120T233100_056645_06F2E4,https://planetarycomputer.microsoft.com/api/stac/v1/search,sentinel-1-grd,,INGESTED_DERIVED,RAW_COG_WINDOW_PROCESSED,physical-verification-v1,"{""backscatter_note"": ""Sentinel-1 GRD detected amplitude is converted to dB with 20*log10(amplitude)."", ""source_asset_keys"": [""vv"", ""vh""], ""source_resolution_m"": 1.0, ""valid_pixel_count"": 0, ""vh_db_median"": null, ""vh_db_p10"": null, ""vh_db_p90"": null, ""vv_db_median"": null, ""vv_db_p10"": null, ""vv_db_p90"": null, ""vv_vh_db_difference"": null}",{},,Derived observation retained from a public raw scene; absence or missing scene is not evidence of absence.
EPOCH-7d9b5af0cce16f1c,Meta Aiken,"7601 State Hwy 105, Trenton, SC 29847, USA",33.6422384,-81.8439618,public-address geocode,sar,Sentinel-1 GRD,S1D_IW_GRDH_1SDV_20260906T232930_20260906T232955_004464_008478,2026-09-06,https://planetarycomputer.microsoft.com/api/stac/v1/collections/sentinel-1-grd/items/S1D_IW_GRDH_1SDV_20260906T232930_20260906T232955_004464_008478,https://planetarycomputer.microsoft.com/api/stac/v1/search,sentinel-1-grd,,INGESTED_DERIVED,RAW_COG_WINDOW_PROCESSED,physical-verification-v1,"{""backscatter_note"": ""Sentinel-1 GRD detected amplitude is converted to dB with 20*log10(amplitude)."", ""source_asset_keys"": [""vv"", ""vh""], ""source_resolution_m"": 1.0, ""valid_pixel_count"": 0, ""vh_db_median"": null, ""vh_db_p10"": null, ""vh_db_p90"": null, ""vv_db_median"": null, ""vv_db_p10"": null, ""vv_db_p90"": null, ""vv_vh_db_difference"": null}","{""source_resolution_m_delta"": 0.0, ""valid_pixel_count_delta"": 0}",,Derived observation retained from a public raw scene; absence or missing scene is not evidence of absence.
EPOCH-7d9b5af0cce16f1c,Meta Aiken,"7601 State Hwy 105, Trenton, SC 29847, USA",33.6422384,-81.8439618,public-address geocode,tir,Landsat Collection 2 Level-2 Surface Temperature,LC09_L2SP_017037_20250530_02_T1,2025-05-30,https://planetarycomputer.microsoft.com/api/stac/v1/collections/landsat-c2-l2/items/LC09_L2SP_017037_20250530_02_T1,https://planetarycomputer.microsoft.com/api/stac/v1/search,landsat-c2-l2,48.73,INGESTED_DERIVED,RAW_COG_WINDOW_PROCESSED,physical-verification-v1,"{""local_background_temperature_k_median"": 237.8651123046875, ""local_surface_temperature_delta_k"": -4.4331817626953125, ""proxy_note"": ""Thermal anomaly is relative to the local scene background, not a calibrated facility heat-output measurement."", ""source_asset_key"": ""lwir11"", ""source_resolution_m"": 30.0, ""surface_temperature_k_median"": 233.4319305419922, ""surface_temperature_p10_k"": 228.12033081054688, ""surface_temperature_p90_k"": 240.67642211914062, ""valid_pixel_count"": 36560}",{},,Derived observation retained from a public raw scene; absence or missing scene is not evidence of absence.
EPOCH-7d9b5af0cce16f1c,Meta Aiken,"7601 State Hwy 105, Trenton, SC 29847, USA",33.6422384,-81.8439618,public-address geocode,tir,Landsat Collection 2 Level-2 Surface Temperature,LC09_L2SP_017037_20260922_02_T1,2026-09-22,https://planetarycomputer.microsoft.com/api/stac/v1/collections/landsat-c2-l2/items/LC09_L2SP_017037_20260922_02_T1,https://planetarycomputer.microsoft.com/api/stac/v1/search,landsat-c2-l2,46.66,INGESTED_DERIVED,RAW_COG_WINDOW_PROCESSED,physical-verification-v1,"{""local_background_temperature_k_median"": 180.01168823242188, ""local_surface_temperature_delta_k"": 26.282867431640625, ""proxy_note"": ""Thermal anomaly is relative to the local scene background, not a calibrated facility heat-output measurement."", ""source_asset_key"": ""lwir11"", ""source_resolution_m"": 30.0, ""surface_temperature_k_median"": 206.2945556640625, ""surface_temperature_p10_k"": 150.00148010253906, ""surface_temperature_p90_k"": 223.89395141601562, ""valid_pixel_count"": 36560}","{""local_background_temperature_k_median_delta"": -57.853424072265625, ""local_surface_temperature_delta_k_delta"": 30.716049194335938, ""source_resolution_m_delta"": 0.0, ""surface_temperature_k_median_delta"": -27.137374877929688, ""surface_temperature_p10_k_delta"": -78.11885070800781, ""surface_temperature_p90_k_delta"": -16.782470703125, ""valid_pixel_count_delta"": 0}",,Derived observation retained from a public raw scene; absence or missing scene is not evidence of absence.
EPOCH-8358e445402d91c2,Meta Rosemount,"1772-2396 145th St, Rosemount, MN 55068, USA",44.7350005,-93.0626069,public-address geocode,optical,Sentinel-2 MSI L2A,S2C_MSIL2A_20260523T170851_R112_T15TVK_20260523T221819,2026-05-23,https://planetarycomputer.microsoft.com/api/stac/v1/collections/sentinel-2-l2a/items/S2C_MSIL2A_20260523T170851_R112_T15TVK_20260523T221819,https://planetarycomputer.microsoft.com/api/stac/v1/search,sentinel-2-l2a,94.681251,INGESTED_DERIVED,RAW_COG_WINDOW_PROCESSED,physical-verification-v1,"{""ndvi_median"": 0.16770979762077332, ""ndvi_p10"": 0.14276215434074402, ""ndvi_p90"": 0.3806908130645752, ""nir_reflectance_median"": 0.38909998536109924, ""nonvegetated_proxy_fraction"": 0.6666666666666666, ""proxy_note"": ""Nonvegetated fraction is a coarse surface-change proxy; it is not a building-footprint measurement."", ""red_reflectance_median"": 0.25380000472068787, ""source_asset_keys"": [""B04"", ""B08"", ""SCL""], ""source_resolution_m"": 10.0, ""valid_pixel_count"": 474}",{},,Derived observation retained from a public raw scene; absence or missing scene is not evidence of absence.
EPOCH-8358e445402d91c2,Meta Rosemount,"1772-2396 145th St, Rosemount, MN 55068, USA",44.7350005,-93.0626069,public-address geocode,optical,Sentinel-2 MSI L2A,S2B_MSIL2A_20260925T170949_R112_T15TVK_20260925T211357,2026-09-25,https://planetarycomputer.microsoft.com/api/stac/v1/collections/sentinel-2-l2a/items/S2B_MSIL2A_20260925T170949_R112_T15TVK_20260925T211357,https://planetarycomputer.microsoft.com/api/stac/v1/search,sentinel-2-l2a,99.849367,INGESTED_DERIVED,RAW_COG_WINDOW_PROCESSED,physical-verification-v1,"{""ndvi_median"": 0.03873138874769211, ""ndvi_p10"": 0.020337997004389763, ""ndvi_p90"": 0.06916529685258865, ""nir_reflectance_median"": 0.5824000239372253, ""nonvegetated_proxy_fraction"": 1.0, ""proxy_note"": ""Nonvegetated fraction is a coarse surface-change proxy; it is not a building-footprint measurement."", ""red_reflectance_median"": 0.5382000207901001, ""source_asset_keys"": [""B04"", ""B08"", ""SCL""], ""source_resolution_m"": 10.0, ""valid_pixel_count"": 262144}","{""ndvi_median_delta"": -0.1289784088730812, ""ndvi_p10_delta"": -0.12242415733635426, ""ndvi_p90_delta"": -0.31152551621198654, ""nir_reflectance_median_delta"": 0.1933000385761261, ""nonvegetated_proxy_fraction_delta"": 0.33333333333333337, ""red_reflectance_median_delta"": 0.28440001606941223, ""source_resolution_m_delta"": 0.0, ""valid_pixel_count_delta"": 261670}",,Derived observation retained from a public raw scene; absence or missing scene is not evidence of absence.
EPOCH-8358e445402d91c2,Meta Rosemount,"1772-2396 145th St, Rosemount, MN 55068, USA",44.7350005,-93.0626069,public-address geocode,sar,Sentinel-1 GRD,S1C_IW_GRDH_1SDV_20250404T000517_20250404T000542_001736_00305A,2025-04-04,https://planetarycomputer.microsoft.com/api/stac/v1/collections/sentinel-1-grd/items/S1C_IW_GRDH_1SDV_20250404T000517_20250404T000542_001736_00305A,https://planetarycomputer.microsoft.com/api/stac/v1/search,sentinel-1-grd,,INGESTED_DERIVED,RAW_COG_WINDOW_PROCESSED,physical-verification-v1,"{""backscatter_note"": ""Sentinel-1 GRD detected amplitude is converted to dB with 20*log10(amplitude)."", ""source_asset_keys"": [""vv"", ""vh""], ""source_resolution_m"": 1.0, ""valid_pixel_count"": 0, ""vh_db_median"": null, ""vh_db_p10"": null, ""vh_db_p90"": null, ""vv_db_median"": null, ""vv_db_p10"": null, ""vv_db_p90"": null, ""vv_vh_db_difference"": null}",{},,Derived observation retained from a public raw scene; absence or missing scene is not evidence of absence.
EPOCH-8358e445402d91c2,Meta Rosemount,"1772-2396 145th St, Rosemount, MN 55068, USA",44.7350005,-93.0626069,public-address geocode,sar,Sentinel-1 GRD,S1C_IW_GRDH_1SDV_20260921T000529_20260921T000554_009538_012FB5,2026-09-21,https://planetarycomputer.microsoft.com/api/stac/v1/collections/sentinel-1-grd/items/S1C_IW_GRDH_1SDV_20260921T000529_20260921T000554_009538_012FB5,https://planetarycomputer.microsoft.com/api/stac/v1/search,sentinel-1-grd,,INGESTED_DERIVED,RAW_COG_WINDOW_PROCESSED,physical-verification-v1,"{""backscatter_note"": ""Sentinel-1 GRD detected amplitude is converted to dB with 20*log10(amplitude)."", ""source_asset_keys"": [""vv"", ""vh""], ""source_resolution_m"": 1.0, ""valid_pixel_count"": 0, ""vh_db_median"": null, ""vh_db_p10"": null, ""vh_db_p90"": null, ""vv_db_median"": null, ""vv_db_p10"": null, ""vv_db_p90"": null, ""vv_vh_db_difference"": null}","{""source_resolution_m_delta"": 0.0, ""valid_pixel_count_delta"": 0}",,Derived observation retained from a public raw scene; absence or missing scene is not evidence of absence.
EPOCH-8358e445402d91c2,Meta Rosemount,"1772-2396 145th St, Rosemount, MN 55068, USA",44.7350005,-93.0626069,public-address geocode,tir,Landsat Collection 2 Level-2 Surface Temperature,LC08_L2SP_026029_20260116_02_T2,2026-01-16,https://planetarycomputer.microsoft.com/api/stac/v1/collections/landsat-c2-l2/items/LC08_L2SP_026029_20260116_02_T2,https://planetarycomputer.microsoft.com/api/stac/v1/search,landsat-c2-l2,100.0,INGESTED_DERIVED,RAW_COG_WINDOW_PROCESSED,physical-verification-v1,"{""local_background_temperature_k_median"": 257.5289611816406, ""local_surface_temperature_delta_k"": 0.574249267578125, ""proxy_note"": ""Thermal anomaly is relative to the local scene background, not a calibrated facility heat-output measurement."", ""source_asset_key"": ""lwir11"", ""source_resolution_m"": 30.0, ""surface_temperature_k_median"": 258.10321044921875, ""surface_temperature_p10_k"": 257.1393127441406, ""surface_temperature_p90_k"": 259.48406982421875, ""valid_pixel_count"": 36864}",{},,Derived observation retained from a public raw scene; absence or missing scene is not evidence of absence.
EPOCH-8358e445402d91c2,Meta Rosemount,"1772-2396 145th St, Rosemount, MN 55068, USA",44.7350005,-93.0626069,public-address geocode,tir,Landsat Collection 2 Level-2 Surface Temperature,LC09_L2SP_026029_20260921_02_T2,2026-09-21,https://planetarycomputer.microsoft.com/api/stac/v1/collections/landsat-c2-l2/items/LC09_L2SP_026029_20260921_02_T2,https://planetarycomputer.microsoft.com/api/stac/v1/search,landsat-c2-l2,93.77,INGESTED_DERIVED,RAW_COG_WINDOW_PROCESSED,physical-verification-v1,"{""local_background_temperature_k_median"": 223.88198852539062, ""local_surface_temperature_delta_k"": -3.01812744140625, ""proxy_note"": ""Thermal anomaly is relative to the local scene background, not a calibrated facility heat-output measurement."", ""source_asset_key"": ""lwir11"", ""source_resolution_m"": 30.0, ""surface_temperature_k_median"": 220.86386108398438, ""surface_temperature_p10_k"": 215.32496643066406, ""surface_temperature_p90_k"": 228.58859252929688, ""valid_pixel_count"": 36864}","{""local_background_temperature_k_median_delta"": -33.64697265625, ""local_surface_temperature_delta_k_delta"": -3.592376708984375, ""source_resolution_m_delta"": 0.0, ""surface_temperature_k_median_delta"": -37.239349365234375, ""surface_temperature_p10_k_delta"": -41.81434631347656, ""surface_temperature_p90_k_delta"": -30.895477294921875, ""valid_pixel_count_delta"": 0}",,Derived observation retained from a public raw scene; absence or missing scene is not evidence of absence.
EPOCH-85492d2b8df586a1,Google Midlothian,"3250 Railport Parkway, Midlothian, TX 76065",32.438927,-97.0507991,public-address geocode,optical,Sentinel-2 MSI L2A,S2B_MSIL2A_20260727T170849_R112_T14SPB_20260727T210327,2026-07-27,https://planetarycomputer.microsoft.com/api/stac/v1/collections/sentinel-2-l2a/items/S2B_MSIL2A_20260727T170849_R112_T14SPB_20260727T210327,https://planetarycomputer.microsoft.com/api/stac/v1/search,sentinel-2-l2a,0.305447,INGESTED_DERIVED,RAW_COG_WINDOW_PROCESSED,physical-verification-v1,"{""ndvi_median"": 0.2883911430835724, ""ndvi_p10"": 0.013511319644749165, ""ndvi_p90"": 0.4897124469280243, ""nir_reflectance_median"": 0.37860000133514404, ""nonvegetated_proxy_fraction"": 0.4040243524920029, ""proxy_note"": ""Nonvegetated fraction is a coarse surface-change proxy; it is not a building-footprint measurement."", ""red_reflectance_median"": 0.19689999520778656, ""source_asset_keys"": [""B04"", ""B08"", ""SCL""], ""source_resolution_m"": 10.0, ""valid_pixel_count"": 145365}",{},,Derived observation retained from a public raw scene; absence or missing scene is not evidence of absence.
EPOCH-85492d2b8df586a1,Google Midlothian,"3250 Railport Parkway, Midlothian, TX 76065",32.438927,-97.0507991,public-address geocode,optical,Sentinel-2 MSI L2A,S2B_MSIL2A_20260925T170949_R112_T14SPA_20260925T221750,2026-09-25,https://planetarycomputer.microsoft.com/api/stac/v1/collections/sentinel-2-l2a/items/S2B_MSIL2A_20260925T170949_R112_T14SPA_20260925T221750,https://planetarycomputer.microsoft.com/api/stac/v1/search,sentinel-2-l2a,70.763516,INGESTED_DERIVED,RAW_COG_WINDOW_PROCESSED,physical-verification-v1,"{""ndvi_median"": 0.1292271912097931, ""ndvi_p10"": 0.020704450085759163, ""ndvi_p90"": 0.24687634408473969, ""nir_reflectance_median"": 0.2874999940395355, ""nonvegetated_proxy_fraction"": 0.7752129912920688, ""proxy_note"": ""Nonvegetated fraction is a coarse surface-change proxy; it is not a building-footprint measurement."", ""red_reflectance_median"": 0.21469999849796295, ""source_asset_keys"": [""B04"", ""B08"", ""SCL""], ""source_resolution_m"": 10.0, ""valid_pixel_count"": 106225}","{""ndvi_median_delta"": -0.1591639518737793, ""ndvi_p10_delta"": 0.007193130441009998, ""ndvi_p90_delta"": -0.2428361028432846, ""nir_reflectance_median_delta"": -0.09110000729560852, ""nonvegetated_proxy_fraction_delta"": 0.37118863880006586, ""red_reflectance_median_delta"": 0.01780000329017639, ""source_resolution_m_delta"": 0.0, ""valid_pixel_count_delta"": -39140}",,Derived observation retained from a public raw scene; absence or missing scene is not evidence of absence.
EPOCH-85492d2b8df586a1,Google Midlothian,"3250 Railport Parkway, Midlothian, TX 76065",32.438927,-97.0507991,public-address geocode,sar,Sentinel-1 GRD,S1A_IW_GRDH_1SDV_20250212T002736_20250212T002801_057856_0722E6,2025-02-12,https://planetarycomputer.microsoft.com/api/stac/v1/collections/sentinel-1-grd/items/S1A_IW_GRDH_1SDV_20250212T002736_20250212T002801_057856_0722E6,https://planetarycomputer.microsoft.com/api/stac/v1/search,sentinel-1-grd,,INGESTED_DERIVED,RAW_COG_WINDOW_PROCESSED,physical-verification-v1,"{""backscatter_note"": ""Sentinel-1 GRD detected amplitude is converted to dB with 20*log10(amplitude)."", ""source_asset_keys"": [""vv"", ""vh""], ""source_resolution_m"": 1.0, ""valid_pixel_count"": 0, ""vh_db_median"": null, ""vh_db_p10"": null, ""vh_db_p90"": null, ""vv_db_median"": null, ""vv_db_p10"": null, ""vv_db_p90"": null, ""vv_vh_db_difference"": null}",{},,Derived observation retained from a public raw scene; absence or missing scene is not evidence of absence.
EPOCH-85492d2b8df586a1,Google Midlothian,"3250 Railport Parkway, Midlothian, TX 76065",32.438927,-97.0507991,public-address geocode,sar,Sentinel-1 GRD,S1D_IW_GRDH_1SDV_20260918T002705_20260918T002730_004625_008A00,2026-09-18,https://planetarycomputer.microsoft.com/api/stac/v1/collections/sentinel-1-grd/items/S1D_IW_GRDH_1SDV_20260918T002705_20260918T002730_004625_008A00,https://planetarycomputer.microsoft.com/api/stac/v1/search,sentinel-1-grd,,INGESTED_DERIVED,RAW_COG_WINDOW_PROCESSED,physical-verification-v1,"{""backscatter_note"": ""Sentinel-1 GRD detected amplitude is converted to dB with 20*log10(amplitude)."", ""source_asset_keys"": [""vv"", ""vh""], ""source_resolution_m"": 1.0, ""valid_pixel_count"": 0, ""vh_db_median"": null, ""vh_db_p10"": null, ""vh_db_p90"": null, ""vv_db_median"": null, ""vv_db_p10"": null, ""vv_db_p90"": null, ""vv_vh_db_difference"": null}","{""source_resolution_m_delta"": 0.0, ""valid_pixel_count_delta"": 0}",,Derived observation retained from a public raw scene; absence or missing scene is not evidence of absence.
EPOCH-85492d2b8df586a1,Google Midlothian,"3250 Railport Parkway, Midlothian, TX 76065",32.438927,-97.0507991,public-address geocode,tir,Landsat Collection 2 Level-2 Surface Temperature,LC09_L2SP_027037_20260115_02_T1,2026-01-15,https://planetarycomputer.microsoft.com/api/stac/v1/collections/landsat-c2-l2/items/LC09_L2SP_027037_20260115_02_T1,https://planetarycomputer.microsoft.com/api/stac/v1/search,landsat-c2-l2,0.08,INGESTED_DERIVED,RAW_COG_WINDOW_PROCESSED,physical-verification-v1,"{""local_background_temperature_k_median"": 289.9386291503906, ""local_surface_temperature_delta_k"": -0.177734375, ""proxy_note"": ""Thermal anomaly is relative to the local scene background, not a calibrated facility heat-output measurement."", ""source_asset_key"": ""lwir11"", ""source_resolution_m"": 30.0, ""surface_temperature_k_median"": 289.7608947753906, ""surface_temperature_p10_k"": 286.9615478515625, ""surface_temperature_p90_k"": 291.05462646484375, ""valid_pixel_count"": 36864}",{},,Derived observation retained from a public raw scene; absence or missing scene is not evidence of absence.
EPOCH-85492d2b8df586a1,Google Midlothian,"3250 Railport Parkway, Midlothian, TX 76065",32.438927,-97.0507991,public-address geocode,tir,Landsat Collection 2 Level-2 Surface Temperature,LC09_L2SP_027038_20260912_02_T1,2026-09-12,https://planetarycomputer.microsoft.com/api/stac/v1/collections/landsat-c2-l2/items/LC09_L2SP_027038_20260912_02_T1,https://planetarycomputer.microsoft.com/api/stac/v1/search,landsat-c2-l2,0.04,INGESTED_DERIVED,RAW_COG_WINDOW_PROCESSED,physical-verification-v1,"{""local_background_temperature_k_median"": 316.74273681640625, ""local_surface_temperature_delta_k"": -0.4375, ""proxy_note"": ""Thermal anomaly is relative to the local scene background, not a calibrated facility heat-output measurement."", ""source_asset_key"": ""lwir11"", ""source_resolution_m"": 30.0, ""surface_temperature_k_median"": 316.30523681640625, ""surface_temperature_p10_k"": 313.4512023925781, ""surface_temperature_p90_k"": 319.0533447265625, ""valid_pixel_count"": 36864}","{""local_background_temperature_k_median_delta"": 26.804107666015625, ""local_surface_temperature_delta_k_delta"": -0.259765625, ""source_resolution_m_delta"": 0.0, ""surface_temperature_k_median_delta"": 26.544342041015625, ""surface_temperature_p10_k_delta"": 26.489654541015625, ""surface_temperature_p90_k_delta"": 27.99871826171875, ""valid_pixel_count_delta"": 0}",,Derived observation retained from a public raw scene; absence or missing scene is not evidence of absence.
EPOCH-8696ef81d91560a9,CoreWeave Dalton 1 & 2,"2205 Industrial South Rd, Dalton, GA, 30721",34.7134428,-84.9521507,public-address geocode,optical,Sentinel-2 MSI L2A,S2B_MSIL2A_20260113T162539_R040_T16SFD_20260113T201905,2026-01-13,https://planetarycomputer.microsoft.com/api/stac/v1/collections/sentinel-2-l2a/items/S2B_MSIL2A_20260113T162539_R040_T16SFD_20260113T201905,https://planetarycomputer.microsoft.com/api/stac/v1/search,sentinel-2-l2a,8.434803,INGESTED_DERIVED,RAW_COG_WINDOW_PROCESSED,physical-verification-v1,"{""ndvi_median"": 0.2319912314414978, ""ndvi_p10"": 0.044306546449661255, ""ndvi_p90"": 0.35982462763786316, ""nir_reflectance_median"": 0.2615000009536743, ""nonvegetated_proxy_fraction"": 0.3486976623535156, ""proxy_note"": ""Nonvegetated fraction is a coarse surface-change proxy; it is not a building-footprint measurement."", ""red_reflectance_median"": 0.1559000015258789, ""source_asset_keys"": [""B04"", ""B08"", ""SCL""], ""source_resolution_m"": 10.0, ""valid_pixel_count"": 262144}",{},,Derived observation retained from a public raw scene; absence or missing scene is not evidence of absence.
EPOCH-8696ef81d91560a9,CoreWeave Dalton 1 & 2,"2205 Industrial South Rd, Dalton, GA, 30721",34.7134428,-84.9521507,public-address geocode,optical,Sentinel-2 MSI L2A,S2C_MSIL2A_20260925T162021_R040_T16SFD_20260925T195353,2026-09-25,https://planetarycomputer.microsoft.com/api/stac/v1/collections/sentinel-2-l2a/items/S2C_MSIL2A_20260925T162021_R040_T16SFD_20260925T195353,https://planetarycomputer.microsoft.com/api/stac/v1/search,sentinel-2-l2a,81.809986,INGESTED_DERIVED,RAW_COG_WINDOW_PROCESSED,physical-verification-v1,"{""ndvi_median"": 0.020028304308652878, ""ndvi_p10"": -0.004328577779233456, ""ndvi_p90"": 0.09080254286527634, ""nir_reflectance_median"": 0.8319000005722046, ""nonvegetated_proxy_fraction"": 1.0, ""proxy_note"": ""Nonvegetated fraction is a coarse surface-change proxy; it is not a building-footprint measurement."", ""red_reflectance_median"": 0.7968000173568726, ""source_asset_keys"": [""B04"", ""B08"", ""SCL""], ""source_resolution_m"": 10.0, ""valid_pixel_count"": 602}","{""ndvi_median_delta"": -0.21196292713284492, ""ndvi_p10_delta"": -0.04863512422889471, ""ndvi_p90_delta"": -0.2690220847725868, ""nir_reflectance_median_delta"": 0.5703999996185303, ""nonvegetated_proxy_fraction_delta"": 0.6513023376464844, ""red_reflectance_median_delta"": 0.6409000158309937, ""source_resolution_m_delta"": 0.0, ""valid_pixel_count_delta"": -261542}",,Derived observation retained from a public raw scene; absence or missing scene is not evidence of absence.
EPOCH-8696ef81d91560a9,CoreWeave Dalton 1 & 2,"2205 Industrial South Rd, Dalton, GA, 30721",34.7134428,-84.9521507,public-address geocode,sar,Sentinel-1 GRD,S1A_IW_GRDH_1SDV_20250112T233907_20250112T233932_057418_071180,2025-01-12,https://planetarycomputer.microsoft.com/api/stac/v1/collections/sentinel-1-grd/items/S1A_IW_GRDH_1SDV_20250112T233907_20250112T233932_057418_071180,https://planetarycomputer.microsoft.com/api/stac/v1/search,sentinel-1-grd,,INGESTED_DERIVED,RAW_COG_WINDOW_PROCESSED,physical-verification-v1,"{""backscatter_note"": ""Sentinel-1 GRD detected amplitude is converted to dB with 20*log10(amplitude)."", ""source_asset_keys"": [""vv"", ""vh""], ""source_resolution_m"": 1.0, ""valid_pixel_count"": 0, ""vh_db_median"": null, ""vh_db_p10"": null, ""vh_db_p90"": null, ""vv_db_median"": null, ""vv_db_p10"": null, ""vv_db_p90"": null, ""vv_vh_db_difference"": null}",{},,Derived observation retained from a public raw scene; absence or missing scene is not evidence of absence.
EPOCH-8696ef81d91560a9,CoreWeave Dalton 1 & 2,"2205 Industrial South Rd, Dalton, GA, 30721",34.7134428,-84.9521507,public-address geocode,sar,Sentinel-1 GRD,S1D_IW_GRDH_1SDV_20260923T233814_20260923T233839_004712_008D06,2026-09-23,https://planetarycomputer.microsoft.com/api/stac/v1/collections/sentinel-1-grd/items/S1D_IW_GRDH_1SDV_20260923T233814_20260923T233839_004712_008D06,https://planetarycomputer.microsoft.com/api/stac/v1/search,sentinel-1-grd,,INGESTED_DERIVED,RAW_COG_WINDOW_PROCESSED,physical-verification-v1,"{""backscatter_note"": ""Sentinel-1 GRD detected amplitude is converted to dB with 20*log10(amplitude)."", ""source_asset_keys"": [""vv"", ""vh""], ""source_resolution_m"": 1.0, ""valid_pixel_count"": 0, ""vh_db_median"": null, ""vh_db_p10"": null, ""vh_db_p90"": null, ""vv_db_median"": null, ""vv_db_p10"": null, ""vv_db_p90"": null, ""vv_vh_db_difference"": null}","{""source_resolution_m_delta"": 0.0, ""valid_pixel_count_delta"": 0}",,Derived observation retained from a public raw scene; absence or missing scene is not evidence of absence.
EPOCH-8696ef81d91560a9,CoreWeave Dalton 1 & 2,"2205 Industrial South Rd, Dalton, GA, 30721",34.7134428,-84.9521507,public-address geocode,tir,Landsat Collection 2 Level-2 Surface Temperature,LC09_L2SP_019036_20260123_02_T1,2026-01-23,https://planetarycomputer.microsoft.com/api/stac/v1/collections/landsat-c2-l2/items/LC09_L2SP_019036_20260123_02_T1,https://planetarycomputer.microsoft.com/api/stac/v1/search,landsat-c2-l2,89.97,INGESTED_DERIVED,RAW_COG_WINDOW_PROCESSED,physical-verification-v1,"{""local_background_temperature_k_median"": 269.8543395996094, ""local_surface_temperature_delta_k"": 0.399932861328125, ""proxy_note"": ""Thermal anomaly is relative to the local scene background, not a calibrated facility heat-output measurement."", ""source_asset_key"": ""lwir11"", ""source_resolution_m"": 30.0, ""surface_temperature_k_median"": 270.2542724609375, ""surface_temperature_p10_k"": 268.6153259277344, ""surface_temperature_p90_k"": 272.4178466796875, ""valid_pixel_count"": 36864}",{},,Derived observation retained from a public raw scene; absence or missing scene is not evidence of absence.
EPOCH-8696ef81d91560a9,CoreWeave Dalton 1 & 2,"2205 Industrial South Rd, Dalton, GA, 30721",34.7134428,-84.9521507,public-address geocode,tir,Landsat Collection 2 Level-2 Surface Temperature,LC09_L2SP_019036_20260920_02_T1,2026-09-20,https://planetarycomputer.microsoft.com/api/stac/v1/collections/landsat-c2-l2/items/LC09_L2SP_019036_20260920_02_T1,https://planetarycomputer.microsoft.com/api/stac/v1/search,landsat-c2-l2,12.95,INGESTED_DERIVED,RAW_COG_WINDOW_PROCESSED,physical-verification-v1,"{""local_background_temperature_k_median"": 306.70574951171875, ""local_surface_temperature_delta_k"": 1.932861328125, ""proxy_note"": ""Thermal anomaly is relative to the local scene background, not a calibrated facility heat-output measurement."", ""source_asset_key"": ""lwir11"", ""source_resolution_m"": 30.0, ""surface_temperature_k_median"": 308.63861083984375, ""surface_temperature_p10_k"": 305.1077880859375, ""surface_temperature_p90_k"": 316.28302001953125, ""valid_pixel_count"": 36864}","{""local_background_temperature_k_median_delta"": 36.851409912109375, ""local_surface_temperature_delta_k_delta"": 1.532928466796875, ""source_resolution_m_delta"": 0.0, ""surface_temperature_k_median_delta"": 38.38433837890625, ""surface_temperature_p10_k_delta"": 36.492462158203125, ""surface_temperature_p90_k_delta"": 43.86517333984375, ""valid_pixel_count_delta"": 0}",,Derived observation retained from a public raw scene; absence or missing scene is not evidence of absence.
EPOCH-93a4aa4fa40d40ca,Microsoft Goodyear,"14250 W Broadway Rd, Goodyear, AZ 85338",33.4089905,-112.3647996,public-address geocode,optical,Sentinel-2 MSI L2A,S2B_MSIL2A_20260526T180909_R084_T12SUC_20260526T215406,2026-05-26,https://planetarycomputer.microsoft.com/api/stac/v1/collections/sentinel-2-l2a/items/S2B_MSIL2A_20260526T180909_R084_T12SUC_20260526T215406,https://planetarycomputer.microsoft.com/api/stac/v1/search,sentinel-2-l2a,0.001772,INGESTED_DERIVED,RAW_COG_WINDOW_PROCESSED,physical-verification-v1,"{""ndvi_median"": 0.06857290118932724, ""ndvi_p10"": 0.02540273405611515, ""ndvi_p90"": 0.2547568678855896, ""nir_reflectance_median"": 0.4153999984264374, ""nonvegetated_proxy_fraction"": 0.8571624755859375, ""proxy_note"": ""Nonvegetated fraction is a coarse surface-change proxy; it is not a building-footprint measurement."", ""red_reflectance_median"": 0.33899998664855957, ""source_asset_keys"": [""B04"", ""B08"", ""SCL""], ""source_resolution_m"": 10.0, ""valid_pixel_count"": 262144}",{},,Derived observation retained from a public raw scene; absence or missing scene is not evidence of absence.
EPOCH-93a4aa4fa40d40ca,Microsoft Goodyear,"14250 W Broadway Rd, Goodyear, AZ 85338",33.4089905,-112.3647996,public-address geocode,optical,Sentinel-2 MSI L2A,S2B_MSIL2A_20260923T180959_R084_T12SUB_20260923T220212,2026-09-23,https://planetarycomputer.microsoft.com/api/stac/v1/collections/sentinel-2-l2a/items/S2B_MSIL2A_20260923T180959_R084_T12SUB_20260923T220212,https://planetarycomputer.microsoft.com/api/stac/v1/search,sentinel-2-l2a,37.812516,INGESTED_DERIVED,RAW_COG_WINDOW_PROCESSED,physical-verification-v1,"{""ndvi_median"": 0.05362188443541527, ""ndvi_p10"": 0.0027176884468644857, ""ndvi_p90"": 0.5196160674095154, ""nir_reflectance_median"": 0.39739999175071716, ""nonvegetated_proxy_fraction"": 0.7692838073384375, ""proxy_note"": ""Nonvegetated fraction is a coarse surface-change proxy; it is not a building-footprint measurement."", ""red_reflectance_median"": 0.3116999864578247, ""source_asset_keys"": [""B04"", ""B08"", ""SCL""], ""source_resolution_m"": 10.0, ""valid_pixel_count"": 181292}","{""ndvi_median_delta"": -0.014951016753911972, ""ndvi_p10_delta"": -0.022685045609250665, ""ndvi_p90_delta"": 0.2648591995239258, ""nir_reflectance_median_delta"": -0.018000006675720215, ""nonvegetated_proxy_fraction_delta"": -0.08787866824750001, ""red_reflectance_median_delta"": -0.027300000190734863, ""source_resolution_m_delta"": 0.0, ""valid_pixel_count_delta"": -80852}",,Derived observation retained from a public raw scene; absence or missing scene is not evidence of absence.
EPOCH-93a4aa4fa40d40ca,Microsoft Goodyear,"14250 W Broadway Rd, Goodyear, AZ 85338",33.4089905,-112.3647996,public-address geocode,sar,Sentinel-1 GRD,S1C_IW_GRDH_1SDV_20260205T013227_20260205T013252_006214_00C79F,2026-02-05,https://planetarycomputer.microsoft.com/api/stac/v1/collections/sentinel-1-grd/items/S1C_IW_GRDH_1SDV_20260205T013227_20260205T013252_006214_00C79F,https://planetarycomputer.microsoft.com/api/stac/v1/search,sentinel-1-grd,,INGESTED_DERIVED,RAW_COG_WINDOW_PROCESSED,physical-verification-v1,"{""backscatter_note"": ""Sentinel-1 GRD detected amplitude is converted to dB with 20*log10(amplitude)."", ""source_asset_keys"": [""vv"", ""vh""], ""source_resolution_m"": 1.0, ""valid_pixel_count"": 0, ""vh_db_median"": null, ""vh_db_p10"": null, ""vh_db_p90"": null, ""vv_db_median"": null, ""vv_db_p10"": null, ""vv_db_p90"": null, ""vv_vh_db_difference"": null}",{},,Derived observation retained from a public raw scene; absence or missing scene is not evidence of absence.
EPOCH-93a4aa4fa40d40ca,Microsoft Goodyear,"14250 W Broadway Rd, Goodyear, AZ 85338",33.4089905,-112.3647996,public-address geocode,sar,Sentinel-1 GRD,S1C_IW_GRDH_1SDV_20260923T012425_20260923T012450_009568_0130A5,2026-09-23,https://planetarycomputer.microsoft.com/api/stac/v1/collections/sentinel-1-grd/items/S1C_IW_GRDH_1SDV_20260923T012425_20260923T012450_009568_0130A5,https://planetarycomputer.microsoft.com/api/stac/v1/search,sentinel-1-grd,,INGESTED_DERIVED,RAW_COG_WINDOW_PROCESSED,physical-verification-v1,"{""backscatter_note"": ""Sentinel-1 GRD detected amplitude is converted to dB with 20*log10(amplitude)."", ""source_asset_keys"": [""vv"", ""vh""], ""source_resolution_m"": 1.0, ""valid_pixel_count"": 0, ""vh_db_median"": null, ""vh_db_p10"": null, ""vh_db_p90"": null, ""vv_db_median"": null, ""vv_db_p10"": null, ""vv_db_p90"": null, ""vv_vh_db_difference"": null}","{""source_resolution_m_delta"": 0.0, ""valid_pixel_count_delta"": 0}",,Derived observation retained from a public raw scene; absence or missing scene is not evidence of absence.
EPOCH-93a4aa4fa40d40ca,Microsoft Goodyear,"14250 W Broadway Rd, Goodyear, AZ 85338",33.4089905,-112.3647996,public-address geocode,tir,Landsat Collection 2 Level-2 Surface Temperature,LC08_L2SP_037037_20250518_02_T1,2025-05-18,https://planetarycomputer.microsoft.com/api/stac/v1/collections/landsat-c2-l2/items/LC08_L2SP_037037_20250518_02_T1,https://planetarycomputer.microsoft.com/api/stac/v1/search,landsat-c2-l2,0.22,INGESTED_DERIVED,RAW_COG_WINDOW_PROCESSED,physical-verification-v1,"{""local_background_temperature_k_median"": 314.60992431640625, ""local_surface_temperature_delta_k"": -2.14654541015625, ""proxy_note"": ""Thermal anomaly is relative to the local scene background, not a calibrated facility heat-output measurement."", ""source_asset_key"": ""lwir11"", ""source_resolution_m"": 30.0, ""surface_temperature_k_median"": 312.46337890625, ""surface_temperature_p10_k"": 306.36224365234375, ""surface_temperature_p90_k"": 316.21636962890625, ""valid_pixel_count"": 36864}",{},,Derived observation retained from a public raw scene; absence or missing scene is not evidence of absence.
EPOCH-93a4aa4fa40d40ca,Microsoft Goodyear,"14250 W Broadway Rd, Goodyear, AZ 85338",33.4089905,-112.3647996,public-address geocode,tir,Landsat Collection 2 Level-2 Surface Temperature,LC09_L2SP_037037_20260918_02_T1,2026-09-18,https://planetarycomputer.microsoft.com/api/stac/v1/collections/landsat-c2-l2/items/LC09_L2SP_037037_20260918_02_T1,https://planetarycomputer.microsoft.com/api/stac/v1/search,landsat-c2-l2,0.06,INGESTED_DERIVED,RAW_COG_WINDOW_PROCESSED,physical-verification-v1,"{""local_background_temperature_k_median"": 324.35467529296875, ""local_surface_temperature_delta_k"": -0.43408203125, ""proxy_note"": ""Thermal anomaly is relative to the local scene background, not a calibrated facility heat-output measurement."", ""source_asset_key"": ""lwir11"", ""source_resolution_m"": 30.0, ""surface_temperature_k_median"": 323.92059326171875, ""surface_temperature_p10_k"": 311.345703125, ""surface_temperature_p90_k"": 328.152099609375, ""valid_pixel_count"": 36864}","{""local_background_temperature_k_median_delta"": 9.7447509765625, ""local_surface_temperature_delta_k_delta"": 1.71246337890625, ""source_resolution_m_delta"": 0.0, ""surface_temperature_k_median_delta"": 11.45721435546875, ""surface_temperature_p10_k_delta"": 4.98345947265625, ""surface_temperature_p90_k_delta"": 11.93572998046875, ""valid_pixel_count_delta"": 0}",,Derived observation retained from a public raw scene; absence or missing scene is not evidence of absence.
EPOCH-96d37578ca36f86c,Vantage TX1,"14720 Omicron Dr, San Antonio, TX 78245",29.4168571,-98.7901875,public-address geocode,optical,Sentinel-2 MSI L2A,S2A_MSIL2A_20260207T172541_R112_T14RNT_20260207T194116,2026-02-07,https://planetarycomputer.microsoft.com/api/stac/v1/collections/sentinel-2-l2a/items/S2A_MSIL2A_20260207T172541_R112_T14RNT_20260207T194116,https://planetarycomputer.microsoft.com/api/stac/v1/search,sentinel-2-l2a,0.000139,INGESTED_DERIVED,RAW_COG_WINDOW_PROCESSED,physical-verification-v1,"{""ndvi_median"": 0.14683492481708527, ""ndvi_p10"": 0.05285556614398956, ""ndvi_p90"": 0.2998866140842438, ""nir_reflectance_median"": 0.2912999987602234, ""nonvegetated_proxy_fraction"": 0.7056083679199219, ""proxy_note"": ""Nonvegetated fraction is a coarse surface-change proxy; it is not a building-footprint measurement."", ""red_reflectance_median"": 0.20430000126361847, ""source_asset_keys"": [""B04"", ""B08"", ""SCL""], ""source_resolution_m"": 10.0, ""valid_pixel_count"": 262144}",{},,Derived observation retained from a public raw scene; absence or missing scene is not evidence of absence.
EPOCH-96d37578ca36f86c,Vantage TX1,"14720 Omicron Dr, San Antonio, TX 78245",29.4168571,-98.7901875,public-address geocode,optical,Sentinel-2 MSI L2A,S2B_MSIL2A_20260925T170949_R112_T14RNT_20260925T221750,2026-09-25,https://planetarycomputer.microsoft.com/api/stac/v1/collections/sentinel-2-l2a/items/S2B_MSIL2A_20260925T170949_R112_T14RNT_20260925T221750,https://planetarycomputer.microsoft.com/api/stac/v1/search,sentinel-2-l2a,46.605653,INGESTED_DERIVED,RAW_COG_WINDOW_PROCESSED,physical-verification-v1,"{""ndvi_median"": 0.16421011090278625, ""ndvi_p10"": 0.06339307874441147, ""ndvi_p90"": 0.3327963054180145, ""nir_reflectance_median"": 0.33880001306533813, ""nonvegetated_proxy_fraction"": 0.608295852073963, ""proxy_note"": ""Nonvegetated fraction is a coarse surface-change proxy; it is not a building-footprint measurement."", ""red_reflectance_median"": 0.22300000488758087, ""source_asset_keys"": [""B04"", ""B08"", ""SCL""], ""source_resolution_m"": 10.0, ""valid_pixel_count"": 70035}","{""ndvi_median_delta"": 0.01737518608570099, ""ndvi_p10_delta"": 0.010537512600421906, ""ndvi_p90_delta"": 0.03290969133377075, ""nir_reflectance_median_delta"": 0.047500014305114746, ""nonvegetated_proxy_fraction_delta"": -0.0973125158459589, ""red_reflectance_median_delta"": 0.018700003623962402, ""source_resolution_m_delta"": 0.0, ""valid_pixel_count_delta"": -192109}",,Derived observation retained from a public raw scene; absence or missing scene is not evidence of absence.
EPOCH-96d37578ca36f86c,Vantage TX1,"14720 Omicron Dr, San Antonio, TX 78245",29.4168571,-98.7901875,public-address geocode,sar,Sentinel-1 GRD,S1A_IW_GRDH_1SDV_20251003T003512_20251003T003537_061254_07A3E1,2025-10-03,https://planetarycomputer.microsoft.com/api/stac/v1/collections/sentinel-1-grd/items/S1A_IW_GRDH_1SDV_20251003T003512_20251003T003537_061254_07A3E1,https://planetarycomputer.microsoft.com/api/stac/v1/search,sentinel-1-grd,,INGESTED_DERIVED,RAW_COG_WINDOW_PROCESSED,physical-verification-v1,"{""backscatter_note"": ""Sentinel-1 GRD detected amplitude is converted to dB with 20*log10(amplitude)."", ""source_asset_keys"": [""vv"", ""vh""], ""source_resolution_m"": 1.0, ""valid_pixel_count"": 0, ""vh_db_median"": null, ""vh_db_p10"": null, ""vh_db_p90"": null, ""vv_db_median"": null, ""vv_db_p10"": null, ""vv_db_p90"": null, ""vv_vh_db_difference"": null}",{},,Derived observation retained from a public raw scene; absence or missing scene is not evidence of absence.
EPOCH-96d37578ca36f86c,Vantage TX1,"14720 Omicron Dr, San Antonio, TX 78245",29.4168571,-98.7901875,public-address geocode,sar,Sentinel-1 GRD,S1D_IW_GRDH_1SDV_20260923T003424_20260923T003449_004698_008C85,2026-09-23,https://planetarycomputer.microsoft.com/api/stac/v1/collections/sentinel-1-grd/items/S1D_IW_GRDH_1SDV_20260923T003424_20260923T003449_004698_008C85,https://planetarycomputer.microsoft.com/api/stac/v1/search,sentinel-1-grd,,INGESTED_DERIVED,RAW_COG_WINDOW_PROCESSED,physical-verification-v1,"{""backscatter_note"": ""Sentinel-1 GRD detected amplitude is converted to dB with 20*log10(amplitude)."", ""source_asset_keys"": [""vv"", ""vh""], ""source_resolution_m"": 1.0, ""valid_pixel_count"": 0, ""vh_db_median"": null, ""vh_db_p10"": null, ""vh_db_p90"": null, ""vv_db_median"": null, ""vv_db_p10"": null, ""vv_db_p90"": null, ""vv_vh_db_difference"": null}","{""source_resolution_m_delta"": 0.0, ""valid_pixel_count_delta"": 0}",,Derived observation retained from a public raw scene; absence or missing scene is not evidence of absence.
EPOCH-96d37578ca36f86c,Vantage TX1,"14720 Omicron Dr, San Antonio, TX 78245",29.4168571,-98.7901875,public-address geocode,tir,Landsat Collection 2 Level-2 Surface Temperature,LC09_L2SP_028040_20260412_02_T2,2026-04-12,https://planetarycomputer.microsoft.com/api/stac/v1/collections/landsat-c2-l2/items/LC09_L2SP_028040_20260412_02_T2,https://planetarycomputer.microsoft.com/api/stac/v1/search,landsat-c2-l2,93.53,INGESTED_DERIVED,RAW_COG_WINDOW_PROCESSED,physical-verification-v1,"{""local_background_temperature_k_median"": 216.86990356445312, ""local_surface_temperature_delta_k"": -34.945831298828125, ""proxy_note"": ""Thermal anomaly is relative to the local scene background, not a calibrated facility heat-output measurement."", ""source_asset_key"": ""lwir11"", ""source_resolution_m"": 30.0, ""surface_temperature_k_median"": 181.924072265625, ""surface_temperature_p10_k"": 150.00148010253906, ""surface_temperature_p90_k"": 270.9395751953125, ""valid_pixel_count"": 36864}",{},,Derived observation retained from a public raw scene; absence or missing scene is not evidence of absence.
EPOCH-96d37578ca36f86c,Vantage TX1,"14720 Omicron Dr, San Antonio, TX 78245",29.4168571,-98.7901875,public-address geocode,tir,Landsat Collection 2 Level-2 Surface Temperature,LC09_L2SP_028040_20260919_02_T1,2026-09-19,https://planetarycomputer.microsoft.com/api/stac/v1/collections/landsat-c2-l2/items/LC09_L2SP_028040_20260919_02_T1,https://planetarycomputer.microsoft.com/api/stac/v1/search,landsat-c2-l2,31.37,INGESTED_DERIVED,RAW_COG_WINDOW_PROCESSED,physical-verification-v1,"{""local_background_temperature_k_median"": 311.91650390625, ""local_surface_temperature_delta_k"": 0.910888671875, ""proxy_note"": ""Thermal anomaly is relative to the local scene background, not a calibrated facility heat-output measurement."", ""source_asset_key"": ""lwir11"", ""source_resolution_m"": 30.0, ""surface_temperature_k_median"": 312.827392578125, ""surface_temperature_p10_k"": 294.0522155761719, ""surface_temperature_p90_k"": 319.0926513671875, ""valid_pixel_count"": 36864}","{""local_background_temperature_k_median_delta"": 95.04660034179688, ""local_surface_temperature_delta_k_delta"": 35.856719970703125, ""source_resolution_m_delta"": 0.0, ""surface_temperature_k_median_delta"": 130.9033203125, ""surface_temperature_p10_k_delta"": 144.0507354736328, ""surface_temperature_p90_k_delta"": 48.153076171875, ""valid_pixel_count_delta"": 0}",,Derived observation retained from a public raw scene; absence or missing scene is not evidence of absence.
EPOCH-a286a89bd1c1b6e7,VNET Bayin Ulanqab,"Bayin, Ulanqab, China",41.6241526,112.6325011,public-address geocode,optical,Sentinel-2 MSI L2A,S2C_MSIL2A_20260527T032511_R018_T49TFG_20260527T061711,2026-05-27,https://planetarycomputer.microsoft.com/api/stac/v1/collections/sentinel-2-l2a/items/S2C_MSIL2A_20260527T032511_R018_T49TFG_20260527T061711,https://planetarycomputer.microsoft.com/api/stac/v1/search,sentinel-2-l2a,12.771876,INGESTED_DERIVED,RAW_COG_WINDOW_PROCESSED,physical-verification-v1,"{""ndvi_median"": 0.11165342479944229, ""ndvi_p10"": 0.07875017821788788, ""ndvi_p90"": 0.21774981915950775, ""nir_reflectance_median"": 0.36559998989105225, ""nonvegetated_proxy_fraction"": 0.8271494416337137, ""proxy_note"": ""Nonvegetated fraction is a coarse surface-change proxy; it is not a building-footprint measurement."", ""red_reflectance_median"": 0.2660999894142151, ""source_asset_keys"": [""B04"", ""B08"", ""SCL""], ""source_resolution_m"": 10.0, ""valid_pixel_count"": 195481}",{},,Derived observation retained from a public raw scene; absence or missing scene is not evidence of absence.
EPOCH-a286a89bd1c1b6e7,VNET Bayin Ulanqab,"Bayin, Ulanqab, China",41.6241526,112.6325011,public-address geocode,optical,Sentinel-2 MSI L2A,S2B_MSIL2A_20260926T031539_R118_T49TFG_20260926T070812,2026-09-26,https://planetarycomputer.microsoft.com/api/stac/v1/collections/sentinel-2-l2a/items/S2B_MSIL2A_20260926T031539_R118_T49TFG_20260926T070812,https://planetarycomputer.microsoft.com/api/stac/v1/search,sentinel-2-l2a,80.421633,INGESTED_DERIVED,RAW_COG_WINDOW_PROCESSED,physical-verification-v1,"{""ndvi_median"": 0.16636431217193604, ""ndvi_p10"": 0.07893777638673782, ""ndvi_p90"": 0.26408714056015015, ""nir_reflectance_median"": 0.3310999870300293, ""nonvegetated_proxy_fraction"": 0.6996288887227041, ""proxy_note"": ""Nonvegetated fraction is a coarse surface-change proxy; it is not a building-footprint measurement."", ""red_reflectance_median"": 0.22630000114440918, ""source_asset_keys"": [""B04"", ""B08"", ""SCL""], ""source_resolution_m"": 10.0, ""valid_pixel_count"": 213952}","{""ndvi_median_delta"": 0.054710887372493744, ""ndvi_p10_delta"": 0.00018759816884994507, ""ndvi_p90_delta"": 0.046337321400642395, ""nir_reflectance_median_delta"": -0.03450000286102295, ""nonvegetated_proxy_fraction_delta"": -0.1275205529110096, ""red_reflectance_median_delta"": -0.03979998826980591, ""source_resolution_m_delta"": 0.0, ""valid_pixel_count_delta"": 18471}",,Derived observation retained from a public raw scene; absence or missing scene is not evidence of absence.
EPOCH-a286a89bd1c1b6e7,VNET Bayin Ulanqab,"Bayin, Ulanqab, China",41.6241526,112.6325011,public-address geocode,sar,Sentinel-1 GRD,S1A_IW_GRDH_1SDV_20250730T102241_20250730T102306_060312_077ED9,2025-07-30,https://planetarycomputer.microsoft.com/api/stac/v1/collections/sentinel-1-grd/items/S1A_IW_GRDH_1SDV_20250730T102241_20250730T102306_060312_077ED9,https://planetarycomputer.microsoft.com/api/stac/v1/search,sentinel-1-grd,,INGESTED_DERIVED,RAW_COG_WINDOW_PROCESSED,physical-verification-v1,"{""backscatter_note"": ""Sentinel-1 GRD detected amplitude is converted to dB with 20*log10(amplitude)."", ""source_asset_keys"": [""vv"", ""vh""], ""source_resolution_m"": 1.0, ""valid_pixel_count"": 0, ""vh_db_median"": null, ""vh_db_p10"": null, ""vh_db_p90"": null, ""vv_db_median"": null, ""vv_db_p10"": null, ""vv_db_p90"": null, ""vv_vh_db_difference"": null}",{},,Derived observation retained from a public raw scene; absence or missing scene is not evidence of absence.
EPOCH-a286a89bd1c1b6e7,VNET Bayin Ulanqab,"Bayin, Ulanqab, China",41.6241526,112.6325011,public-address geocode,sar,Sentinel-1 GRD,S1D_IW_GRDH_1SDV_20260923T102955_20260923T103020_004704_008CB9,2026-09-23,https://planetarycomputer.microsoft.com/api/stac/v1/collections/sentinel-1-grd/items/S1D_IW_GRDH_1SDV_20260923T102955_20260923T103020_004704_008CB9,https://planetarycomputer.microsoft.com/api/stac/v1/search,sentinel-1-grd,,INGESTED_DERIVED,RAW_COG_WINDOW_PROCESSED,physical-verification-v1,"{""backscatter_note"": ""Sentinel-1 GRD detected amplitude is converted to dB with 20*log10(amplitude)."", ""source_asset_keys"": [""vv"", ""vh""], ""source_resolution_m"": 1.0, ""valid_pixel_count"": 0, ""vh_db_median"": null, ""vh_db_p10"": null, ""vh_db_p90"": null, ""vv_db_median"": null, ""vv_db_p10"": null, ""vv_db_p90"": null, ""vv_vh_db_difference"": null}","{""source_resolution_m_delta"": 0.0, ""valid_pixel_count_delta"": 0}",,Derived observation retained from a public raw scene; absence or missing scene is not evidence of absence.
EPOCH-a286a89bd1c1b6e7,VNET Bayin Ulanqab,"Bayin, Ulanqab, China",41.6241526,112.6325011,public-address geocode,tir,Landsat Collection 2 Level-2 Surface Temperature,LC09_L2SP_126031_20250526_02_T1,2025-05-26,https://planetarycomputer.microsoft.com/api/stac/v1/collections/landsat-c2-l2/items/LC09_L2SP_126031_20250526_02_T1,https://planetarycomputer.microsoft.com/api/stac/v1/search,landsat-c2-l2,5.25,INGESTED_DERIVED,RAW_COG_WINDOW_PROCESSED,physical-verification-v1,"{""local_background_temperature_k_median"": 312.40185546875, ""local_surface_temperature_delta_k"": 0.70751953125, ""proxy_note"": ""Thermal anomaly is relative to the local scene background, not a calibrated facility heat-output measurement."", ""source_asset_key"": ""lwir11"", ""source_resolution_m"": 30.0, ""surface_temperature_k_median"": 313.109375, ""surface_temperature_p10_k"": 309.7016296386719, ""surface_temperature_p90_k"": 315.51910400390625, ""valid_pixel_count"": 36222}",{},,Derived observation retained from a public raw scene; absence or missing scene is not evidence of absence.
EPOCH-a286a89bd1c1b6e7,VNET Bayin Ulanqab,"Bayin, Ulanqab, China",41.6241526,112.6325011,public-address geocode,tir,Landsat Collection 2 Level-2 Surface Temperature,LC09_L2SP_126031_20260918_02_T1,2026-09-18,https://planetarycomputer.microsoft.com/api/stac/v1/collections/landsat-c2-l2/items/LC09_L2SP_126031_20260918_02_T1,https://planetarycomputer.microsoft.com/api/stac/v1/search,landsat-c2-l2,1.48,INGESTED_DERIVED,RAW_COG_WINDOW_PROCESSED,physical-verification-v1,"{""local_background_temperature_k_median"": 306.35882568359375, ""local_surface_temperature_delta_k"": -0.509307861328125, ""proxy_note"": ""Thermal anomaly is relative to the local scene background, not a calibrated facility heat-output measurement."", ""source_asset_key"": ""lwir11"", ""source_resolution_m"": 30.0, ""surface_temperature_k_median"": 305.8495178222656, ""surface_temperature_p10_k"": 303.3031005859375, ""surface_temperature_p90_k"": 307.86614990234375, ""valid_pixel_count"": 36222}","{""local_background_temperature_k_median_delta"": -6.04302978515625, ""local_surface_temperature_delta_k_delta"": -1.216827392578125, ""source_resolution_m_delta"": 0.0, ""surface_temperature_k_median_delta"": -7.259857177734375, ""surface_temperature_p10_k_delta"": -6.398529052734375, ""surface_temperature_p90_k_delta"": -7.6529541015625, ""valid_pixel_count_delta"": 0}",,Derived observation retained from a public raw scene; absence or missing scene is not evidence of absence.
EPOCH-a2c9f0846296fe65,Google Waltham Cross,"Land at Maxwell's Farm West, Great Cambridge Road, Cheshunt, EN8 8XH",51.6961342,-0.0489748,public-address geocode,optical,Sentinel-2 MSI L2A,S2B_MSIL2A_20260805T105619_R094_T30UYC_20260805T133053,2026-08-05,https://planetarycomputer.microsoft.com/api/stac/v1/collections/sentinel-2-l2a/items/S2B_MSIL2A_20260805T105619_R094_T30UYC_20260805T133053,https://planetarycomputer.microsoft.com/api/stac/v1/search,sentinel-2-l2a,56.675279,INGESTED_DERIVED,RAW_COG_WINDOW_PROCESSED,physical-verification-v1,"{""ndvi_median"": 0.06580501049757004, ""ndvi_p10"": 0.001781414495781064, ""ndvi_p90"": 0.19781747460365295, ""nir_reflectance_median"": 0.6513000130653381, ""nonvegetated_proxy_fraction"": 0.9020501138952164, ""proxy_note"": ""Nonvegetated fraction is a coarse surface-change proxy; it is not a building-footprint measurement."", ""red_reflectance_median"": 0.5949000120162964, ""source_asset_keys"": [""B04"", ""B08"", ""SCL""], ""source_resolution_m"": 10.0, ""valid_pixel_count"": 439}",{},,Derived observation retained from a public raw scene; absence or missing scene is not evidence of absence.
EPOCH-a2c9f0846296fe65,Google Waltham Cross,"Land at Maxwell's Farm West, Great Cambridge Road, Cheshunt, EN8 8XH",51.6961342,-0.0489748,public-address geocode,optical,Sentinel-2 MSI L2A,S2A_MSIL2A_20260924T110721_R137_T30UXC_20260924T174754,2026-09-24,https://planetarycomputer.microsoft.com/api/stac/v1/collections/sentinel-2-l2a/items/S2A_MSIL2A_20260924T110721_R137_T30UXC_20260924T174754,https://planetarycomputer.microsoft.com/api/stac/v1/search,sentinel-2-l2a,93.344647,INGESTED_DERIVED,RAW_COG_WINDOW_PROCESSED,physical-verification-v1,"{""ndvi_median"": 0.15297602117061615, ""ndvi_p10"": 0.11274303495883942, ""ndvi_p90"": 0.20955318212509155, ""nir_reflectance_median"": 0.4318000078201294, ""nonvegetated_proxy_fraction"": 0.8651564185544768, ""proxy_note"": ""Nonvegetated fraction is a coarse surface-change proxy; it is not a building-footprint measurement."", ""red_reflectance_median"": 0.31220000982284546, ""source_asset_keys"": [""B04"", ""B08"", ""SCL""], ""source_resolution_m"": 10.0, ""valid_pixel_count"": 927}","{""ndvi_median_delta"": 0.08717101067304611, ""ndvi_p10_delta"": 0.11096162046305835, ""ndvi_p90_delta"": 0.011735707521438599, ""nir_reflectance_median_delta"": -0.21950000524520874, ""nonvegetated_proxy_fraction_delta"": -0.03689369534073961, ""red_reflectance_median_delta"": -0.2827000021934509, ""source_resolution_m_delta"": 0.0, ""valid_pixel_count_delta"": 488}",,Derived observation retained from a public raw scene; absence or missing scene is not evidence of absence.
EPOCH-a2c9f0846296fe65,Google Waltham Cross,"Land at Maxwell's Farm West, Great Cambridge Road, Cheshunt, EN8 8XH",51.6961342,-0.0489748,public-address geocode,sar,Sentinel-1 GRD,S1D_IW_GRDH_1SDV_20260702T174853_20260702T174918_003498_006304,2026-07-02,https://planetarycomputer.microsoft.com/api/stac/v1/collections/sentinel-1-grd/items/S1D_IW_GRDH_1SDV_20260702T174853_20260702T174918_003498_006304,https://planetarycomputer.microsoft.com/api/stac/v1/search,sentinel-1-grd,,INGESTED_DERIVED,RAW_COG_WINDOW_PROCESSED,physical-verification-v1,"{""backscatter_note"": ""Sentinel-1 GRD detected amplitude is converted to dB with 20*log10(amplitude)."", ""source_asset_keys"": [""vv"", ""vh""], ""source_resolution_m"": 1.0, ""valid_pixel_count"": 0, ""vh_db_median"": null, ""vh_db_p10"": null, ""vh_db_p90"": null, ""vv_db_median"": null, ""vv_db_p10"": null, ""vv_db_p90"": null, ""vv_vh_db_difference"": null}",{},,Derived observation retained from a public raw scene; absence or missing scene is not evidence of absence.
EPOCH-a2c9f0846296fe65,Google Waltham Cross,"Land at Maxwell's Farm West, Great Cambridge Road, Cheshunt, EN8 8XH",51.6961342,-0.0489748,public-address geocode,sar,Sentinel-1 GRD,S1C_IW_GRDH_1SDV_20260927T061418_20260927T061443_009629_0132A7,2026-09-27,https://planetarycomputer.microsoft.com/api/stac/v1/collections/sentinel-1-grd/items/S1C_IW_GRDH_1SDV_20260927T061418_20260927T061443_009629_0132A7,https://planetarycomputer.microsoft.com/api/stac/v1/search,sentinel-1-grd,,INGESTED_DERIVED,RAW_COG_WINDOW_PROCESSED,physical-verification-v1,"{""backscatter_note"": ""Sentinel-1 GRD detected amplitude is converted to dB with 20*log10(amplitude)."", ""source_asset_keys"": [""vv"", ""vh""], ""source_resolution_m"": 1.0, ""valid_pixel_count"": 0, ""vh_db_median"": null, ""vh_db_p10"": null, ""vh_db_p90"": null, ""vv_db_median"": null, ""vv_db_p10"": null, ""vv_db_p90"": null, ""vv_vh_db_difference"": null}","{""source_resolution_m_delta"": 0.0, ""valid_pixel_count_delta"": 0}",,Derived observation retained from a public raw scene; absence or missing scene is not evidence of absence.
EPOCH-a2c9f0846296fe65,Google Waltham Cross,"Land at Maxwell's Farm West, Great Cambridge Road, Cheshunt, EN8 8XH",51.6961342,-0.0489748,public-address geocode,tir,Landsat Collection 2 Level-2 Surface Temperature,LC09_L2SP_202024_20260125_02_T2,2026-01-25,https://planetarycomputer.microsoft.com/api/stac/v1/collections/landsat-c2-l2/items/LC09_L2SP_202024_20260125_02_T2,https://planetarycomputer.microsoft.com/api/stac/v1/search,landsat-c2-l2,81.01,INGESTED_DERIVED,RAW_COG_WINDOW_PROCESSED,physical-verification-v1,"{""local_background_temperature_k_median"": 268.9109802246094, ""local_surface_temperature_delta_k"": -0.3623046875, ""proxy_note"": ""Thermal anomaly is relative to the local scene background, not a calibrated facility heat-output measurement."", ""source_asset_key"": ""lwir11"", ""source_resolution_m"": 30.0, ""surface_temperature_k_median"": 268.5486755371094, ""surface_temperature_p10_k"": 266.79180908203125, ""surface_temperature_p90_k"": 270.7174072265625, ""valid_pixel_count"": 36864}",{},,Derived observation retained from a public raw scene; absence or missing scene is not evidence of absence.
EPOCH-a2c9f0846296fe65,Google Waltham Cross,"Land at Maxwell's Farm West, Great Cambridge Road, Cheshunt, EN8 8XH",51.6961342,-0.0489748,public-address geocode,tir,Landsat Collection 2 Level-2 Surface Temperature,LC09_L2SP_202024_20260922_02_T1,2026-09-22,https://planetarycomputer.microsoft.com/api/stac/v1/collections/landsat-c2-l2/items/LC09_L2SP_202024_20260922_02_T1,https://planetarycomputer.microsoft.com/api/stac/v1/search,landsat-c2-l2,45.5,INGESTED_DERIVED,RAW_COG_WINDOW_PROCESSED,physical-verification-v1,"{""local_background_temperature_k_median"": 301.8641052246094, ""local_surface_temperature_delta_k"": 2.696807861328125, ""proxy_note"": ""Thermal anomaly is relative to the local scene background, not a calibrated facility heat-output measurement."", ""source_asset_key"": ""lwir11"", ""source_resolution_m"": 30.0, ""surface_temperature_k_median"": 304.5609130859375, ""surface_temperature_p10_k"": 300.16021728515625, ""surface_temperature_p90_k"": 306.57757568359375, ""valid_pixel_count"": 36864}","{""local_background_temperature_k_median_delta"": 32.953125, ""local_surface_temperature_delta_k_delta"": 3.059112548828125, ""source_resolution_m_delta"": 0.0, ""surface_temperature_k_median_delta"": 36.012237548828125, ""surface_temperature_p10_k_delta"": 33.368408203125, ""surface_temperature_p90_k_delta"": 35.86016845703125, ""valid_pixel_count_delta"": 0}",,Derived observation retained from a public raw scene; absence or missing scene is not evidence of absence.
EPOCH-ac1ca1cf8df13b3c,CoreWeave Denton TX,"8171 Jim Christal Rd, Denton, TX 76207",33.2192732,-97.174715,public-address geocode,optical,Sentinel-2 MSI L2A,S2B_MSIL2A_20251229T171629_R112_T14SPB_20251229T222435,2025-12-29,https://planetarycomputer.microsoft.com/api/stac/v1/collections/sentinel-2-l2a/items/S2B_MSIL2A_20251229T171629_R112_T14SPB_20251229T222435,https://planetarycomputer.microsoft.com/api/stac/v1/search,sentinel-2-l2a,51.305705,INGESTED_DERIVED,RAW_COG_WINDOW_PROCESSED,physical-verification-v1,"{""ndvi_median"": 0.12554745376110077, ""ndvi_p10"": 0.029338456690311432, ""ndvi_p90"": 0.2584882974624634, ""nir_reflectance_median"": 0.27160000801086426, ""nonvegetated_proxy_fraction"": 0.7720434315670678, ""proxy_note"": ""Nonvegetated fraction is a coarse surface-change proxy; it is not a building-footprint measurement."", ""red_reflectance_median"": 0.20020000636577606, ""source_asset_keys"": [""B04"", ""B08"", ""SCL""], ""source_resolution_m"": 10.0, ""valid_pixel_count"": 219748}",{},,Derived observation retained from a public raw scene; absence or missing scene is not evidence of absence.
EPOCH-ac1ca1cf8df13b3c,CoreWeave Denton TX,"8171 Jim Christal Rd, Denton, TX 76207",33.2192732,-97.174715,public-address geocode,optical,Sentinel-2 MSI L2A,S2B_MSIL2A_20260925T170949_R112_T14SPB_20260925T221750,2026-09-25,https://planetarycomputer.microsoft.com/api/stac/v1/collections/sentinel-2-l2a/items/S2B_MSIL2A_20260925T170949_R112_T14SPB_20260925T221750,https://planetarycomputer.microsoft.com/api/stac/v1/search,sentinel-2-l2a,69.778347,INGESTED_DERIVED,RAW_COG_WINDOW_PROCESSED,physical-verification-v1,"{""ndvi_median"": 0.1443864405155182, ""ndvi_p10"": 0.013688778504729271, ""ndvi_p90"": 0.30984556674957275, ""nir_reflectance_median"": 0.3939000070095062, ""nonvegetated_proxy_fraction"": 0.7054515019362383, ""proxy_note"": ""Nonvegetated fraction is a coarse surface-change proxy; it is not a building-footprint measurement."", ""red_reflectance_median"": 0.29190000891685486, ""source_asset_keys"": [""B04"", ""B08"", ""SCL""], ""source_resolution_m"": 10.0, ""valid_pixel_count"": 249711}","{""ndvi_median_delta"": 0.01883898675441742, ""ndvi_p10_delta"": -0.01564967818558216, ""ndvi_p90_delta"": 0.051357269287109375, ""nir_reflectance_median_delta"": 0.12229999899864197, ""nonvegetated_proxy_fraction_delta"": -0.0665919296308295, ""red_reflectance_median_delta"": 0.0917000025510788, ""source_resolution_m_delta"": 0.0, ""valid_pixel_count_delta"": 29963}",,Derived observation retained from a public raw scene; absence or missing scene is not evidence of absence.
EPOCH-ac1ca1cf8df13b3c,CoreWeave Denton TX,"8171 Jim Christal Rd, Denton, TX 76207",33.2192732,-97.174715,public-address geocode,sar,Sentinel-1 GRD,S1A_IW_GRDH_1SDV_20250212T002801_20250212T002826_057856_0722E6,2025-02-12,https://planetarycomputer.microsoft.com/api/stac/v1/collections/sentinel-1-grd/items/S1A_IW_GRDH_1SDV_20250212T002801_20250212T002826_057856_0722E6,https://planetarycomputer.microsoft.com/api/stac/v1/search,sentinel-1-grd,,INGESTED_DERIVED,RAW_COG_WINDOW_PROCESSED,physical-verification-v1,"{""backscatter_note"": ""Sentinel-1 GRD detected amplitude is converted to dB with 20*log10(amplitude)."", ""source_asset_keys"": [""vv"", ""vh""], ""source_resolution_m"": 1.0, ""valid_pixel_count"": 0, ""vh_db_median"": null, ""vh_db_p10"": null, ""vh_db_p90"": null, ""vv_db_median"": null, ""vv_db_p10"": null, ""vv_db_p90"": null, ""vv_vh_db_difference"": null}",{},,Derived observation retained from a public raw scene; absence or missing scene is not evidence of absence.
EPOCH-ac1ca1cf8df13b3c,CoreWeave Denton TX,"8171 Jim Christal Rd, Denton, TX 76207",33.2192732,-97.174715,public-address geocode,sar,Sentinel-1 GRD,S1D_IW_GRDH_1SDV_20260918T002705_20260918T002730_004625_008A00,2026-09-18,https://planetarycomputer.microsoft.com/api/stac/v1/collections/sentinel-1-grd/items/S1D_IW_GRDH_1SDV_20260918T002705_20260918T002730_004625_008A00,https://planetarycomputer.microsoft.com/api/stac/v1/search,sentinel-1-grd,,INGESTED_DERIVED,RAW_COG_WINDOW_PROCESSED,physical-verification-v1,"{""backscatter_note"": ""Sentinel-1 GRD detected amplitude is converted to dB with 20*log10(amplitude)."", ""source_asset_keys"": [""vv"", ""vh""], ""source_resolution_m"": 1.0, ""valid_pixel_count"": 0, ""vh_db_median"": null, ""vh_db_p10"": null, ""vh_db_p90"": null, ""vv_db_median"": null, ""vv_db_p10"": null, ""vv_db_p90"": null, ""vv_vh_db_difference"": null}","{""source_resolution_m_delta"": 0.0, ""valid_pixel_count_delta"": 0}",,Derived observation retained from a public raw scene; absence or missing scene is not evidence of absence.
EPOCH-ac1ca1cf8df13b3c,CoreWeave Denton TX,"8171 Jim Christal Rd, Denton, TX 76207",33.2192732,-97.174715,public-address geocode,tir,Landsat Collection 2 Level-2 Surface Temperature,LC09_L2SP_027037_20250504_02_T1,2025-05-04,https://planetarycomputer.microsoft.com/api/stac/v1/collections/landsat-c2-l2/items/LC09_L2SP_027037_20250504_02_T1,https://planetarycomputer.microsoft.com/api/stac/v1/search,landsat-c2-l2,0.41,INGESTED_DERIVED,RAW_COG_WINDOW_PROCESSED,physical-verification-v1,"{""local_background_temperature_k_median"": 305.5589904785156, ""local_surface_temperature_delta_k"": 2.088409423828125, ""proxy_note"": ""Thermal anomaly is relative to the local scene background, not a calibrated facility heat-output measurement."", ""source_asset_key"": ""lwir11"", ""source_resolution_m"": 30.0, ""surface_temperature_k_median"": 307.64739990234375, ""surface_temperature_p10_k"": 303.2962646484375, ""surface_temperature_p90_k"": 311.162841796875, ""valid_pixel_count"": 36864}",{},,Derived observation retained from a public raw scene; absence or missing scene is not evidence of absence.
EPOCH-ac1ca1cf8df13b3c,CoreWeave Denton TX,"8171 Jim Christal Rd, Denton, TX 76207",33.2192732,-97.174715,public-address geocode,tir,Landsat Collection 2 Level-2 Surface Temperature,LC09_L2SP_027037_20260912_02_T1,2026-09-12,https://planetarycomputer.microsoft.com/api/stac/v1/collections/landsat-c2-l2/items/LC09_L2SP_027037_20260912_02_T1,https://planetarycomputer.microsoft.com/api/stac/v1/search,landsat-c2-l2,0.0,INGESTED_DERIVED,RAW_COG_WINDOW_PROCESSED,physical-verification-v1,"{""local_background_temperature_k_median"": 321.5416259765625, ""local_surface_temperature_delta_k"": 0.331573486328125, ""proxy_note"": ""Thermal anomaly is relative to the local scene background, not a calibrated facility heat-output measurement."", ""source_asset_key"": ""lwir11"", ""source_resolution_m"": 30.0, ""surface_temperature_k_median"": 321.8731994628906, ""surface_temperature_p10_k"": 320.1710205078125, ""surface_temperature_p90_k"": 323.74114990234375, ""valid_pixel_count"": 36864}","{""local_background_temperature_k_median_delta"": 15.982635498046875, ""local_surface_temperature_delta_k_delta"": -1.7568359375, ""source_resolution_m_delta"": 0.0, ""surface_temperature_k_median_delta"": 14.225799560546875, ""surface_temperature_p10_k_delta"": 16.874755859375, ""surface_temperature_p90_k_delta"": 12.57830810546875, ""valid_pixel_count_delta"": 0}",,Derived observation retained from a public raw scene; absence or missing scene is not evidence of absence.
EPOCH-af62ae3440fe885a,Huawei Wuhu,"Wuhu, China",31.1800568,118.2141777,public-address geocode,optical,Sentinel-2 MSI L2A,S2C_MSIL2A_20260105T025121_R132_T50RPV_20260105T055413,2026-01-05,https://planetarycomputer.microsoft.com/api/stac/v1/collections/sentinel-2-l2a/items/S2C_MSIL2A_20260105T025121_R132_T50RPV_20260105T055413,https://planetarycomputer.microsoft.com/api/stac/v1/search,sentinel-2-l2a,95.411777,INGESTED_DERIVED,RAW_COG_WINDOW_PROCESSED,physical-verification-v1,"{""ndvi_median"": 0.15610572695732117, ""ndvi_p10"": 0.11815173923969269, ""ndvi_p90"": 0.21220141649246216, ""nir_reflectance_median"": 0.304099977016449, ""nonvegetated_proxy_fraction"": 0.85625, ""proxy_note"": ""Nonvegetated fraction is a coarse surface-change proxy; it is not a building-footprint measurement."", ""red_reflectance_median"": 0.22470000386238098, ""source_asset_keys"": [""B04"", ""B08"", ""SCL""], ""source_resolution_m"": 10.0, ""valid_pixel_count"": 480}",{},,Derived observation retained from a public raw scene; absence or missing scene is not evidence of absence.
EPOCH-af62ae3440fe885a,Huawei Wuhu,"Wuhu, China",31.1800568,118.2141777,public-address geocode,optical,Sentinel-2 MSI L2A,S2B_MSIL2A_20260927T024529_R132_T50RPV_20260927T063555,2026-09-27,https://planetarycomputer.microsoft.com/api/stac/v1/collections/sentinel-2-l2a/items/S2B_MSIL2A_20260927T024529_R132_T50RPV_20260927T063555,https://planetarycomputer.microsoft.com/api/stac/v1/search,sentinel-2-l2a,99.979371,INGESTED_DERIVED,RAW_COG_WINDOW_PROCESSED,physical-verification-v1,"{""ndvi_median"": -0.0007411628612317145, ""ndvi_p10"": -0.007663405034691095, ""ndvi_p90"": 0.007116416003555059, ""nir_reflectance_median"": 1.0228999853134155, ""nonvegetated_proxy_fraction"": 1.0, ""proxy_note"": ""Nonvegetated fraction is a coarse surface-change proxy; it is not a building-footprint measurement."", ""red_reflectance_median"": 1.023300051689148, ""source_asset_keys"": [""B04"", ""B08"", ""SCL""], ""source_resolution_m"": 10.0, ""valid_pixel_count"": 262144}","{""ndvi_median_delta"": -0.15684688981855288, ""ndvi_p10_delta"": -0.12581514427438378, ""ndvi_p90_delta"": -0.2050850004889071, ""nir_reflectance_median_delta"": 0.7188000082969666, ""nonvegetated_proxy_fraction_delta"": 0.14375000000000004, ""red_reflectance_median_delta"": 0.798600047826767, ""source_resolution_m_delta"": 0.0, ""valid_pixel_count_delta"": 261664}",,Derived observation retained from a public raw scene; absence or missing scene is not evidence of absence.
EPOCH-af62ae3440fe885a,Huawei Wuhu,"Wuhu, China",31.1800568,118.2141777,public-address geocode,sar,Sentinel-1 GRD,S1A_IW_GRDH_1SDV_20250408T101143_20250408T101208_058664_074380,2025-04-08,https://planetarycomputer.microsoft.com/api/stac/v1/collections/sentinel-1-grd/items/S1A_IW_GRDH_1SDV_20250408T101143_20250408T101208_058664_074380,https://planetarycomputer.microsoft.com/api/stac/v1/search,sentinel-1-grd,,INGESTED_DERIVED,RAW_COG_WINDOW_PROCESSED,physical-verification-v1,"{""backscatter_note"": ""Sentinel-1 GRD detected amplitude is converted to dB with 20*log10(amplitude)."", ""source_asset_keys"": [""vv"", ""vh""], ""source_resolution_m"": 1.0, ""valid_pixel_count"": 0, ""vh_db_median"": null, ""vh_db_p10"": null, ""vh_db_p90"": null, ""vv_db_median"": null, ""vv_db_p10"": null, ""vv_db_p90"": null, ""vv_vh_db_difference"": null}",{},,Derived observation retained from a public raw scene; absence or missing scene is not evidence of absence.
EPOCH-af62ae3440fe885a,Huawei Wuhu,"Wuhu, China",31.1800568,118.2141777,public-address geocode,sar,Sentinel-1 GRD,S1D_IW_GRDH_1SDV_20260925T101041_20260925T101106_004733_008DB5,2026-09-25,https://planetarycomputer.microsoft.com/api/stac/v1/collections/sentinel-1-grd/items/S1D_IW_GRDH_1SDV_20260925T101041_20260925T101106_004733_008DB5,https://planetarycomputer.microsoft.com/api/stac/v1/search,sentinel-1-grd,,INGESTED_DERIVED,RAW_COG_WINDOW_PROCESSED,physical-verification-v1,"{""backscatter_note"": ""Sentinel-1 GRD detected amplitude is converted to dB with 20*log10(amplitude)."", ""source_asset_keys"": [""vv"", ""vh""], ""source_resolution_m"": 1.0, ""valid_pixel_count"": 0, ""vh_db_median"": null, ""vh_db_p10"": null, ""vh_db_p90"": null, ""vv_db_median"": null, ""vv_db_p10"": null, ""vv_db_p90"": null, ""vv_vh_db_difference"": null}","{""source_resolution_m_delta"": 0.0, ""valid_pixel_count_delta"": 0}",,Derived observation retained from a public raw scene; absence or missing scene is not evidence of absence.
EPOCH-af62ae3440fe885a,Huawei Wuhu,"Wuhu, China",31.1800568,118.2141777,public-address geocode,tir,Landsat Collection 2 Level-2 Surface Temperature,LC08_L2SP_120038_20260204_02_T1,2026-02-04,https://planetarycomputer.microsoft.com/api/stac/v1/collections/landsat-c2-l2/items/LC08_L2SP_120038_20260204_02_T1,https://planetarycomputer.microsoft.com/api/stac/v1/search,landsat-c2-l2,18.73,INGESTED_DERIVED,RAW_COG_WINDOW_PROCESSED,physical-verification-v1,"{""local_background_temperature_k_median"": 290.38641357421875, ""local_surface_temperature_delta_k"": -0.17431640625, ""proxy_note"": ""Thermal anomaly is relative to the local scene background, not a calibrated facility heat-output measurement."", ""source_asset_key"": ""lwir11"", ""source_resolution_m"": 30.0, ""surface_temperature_k_median"": 290.21209716796875, ""surface_temperature_p10_k"": 289.0482482910156, ""surface_temperature_p90_k"": 291.43914794921875, ""valid_pixel_count"": 36864}",{},,Derived observation retained from a public raw scene; absence or missing scene is not evidence of absence.
EPOCH-af62ae3440fe885a,Huawei Wuhu,"Wuhu, China",31.1800568,118.2141777,public-address geocode,tir,Landsat Collection 2 Level-2 Surface Temperature,LC09_L2SP_120039_20260924_02_T1,2026-09-24,https://planetarycomputer.microsoft.com/api/stac/v1/collections/landsat-c2-l2/items/LC09_L2SP_120039_20260924_02_T1,https://planetarycomputer.microsoft.com/api/stac/v1/search,landsat-c2-l2,62.85,INGESTED_DERIVED,RAW_COG_WINDOW_PROCESSED,physical-verification-v1,"{""local_background_temperature_k_median"": 269.6971130371094, ""local_surface_temperature_delta_k"": -0.81005859375, ""proxy_note"": ""Thermal anomaly is relative to the local scene background, not a calibrated facility heat-output measurement."", ""source_asset_key"": ""lwir11"", ""source_resolution_m"": 30.0, ""surface_temperature_k_median"": 268.8870544433594, ""surface_temperature_p10_k"": 263.8984375, ""surface_temperature_p90_k"": 276.33489990234375, ""valid_pixel_count"": 36864}","{""local_background_temperature_k_median_delta"": -20.689300537109375, ""local_surface_temperature_delta_k_delta"": -0.6357421875, ""source_resolution_m_delta"": 0.0, ""surface_temperature_k_median_delta"": -21.325042724609375, ""surface_temperature_p10_k_delta"": -25.149810791015625, ""surface_temperature_p90_k_delta"": -15.104248046875, ""valid_pixel_count_delta"": 0}",,Derived observation retained from a public raw scene; absence or missing scene is not evidence of absence.
EPOCH-bbcf0efa8bcebd41,Meta Hyperion,"Holly Ridge, LA 71269",32.4676421,-91.6267883,public-address geocode,optical,Sentinel-2 MSI L2A,S2C_MSIL2A_20260726T164841_R026_T15SXS_20260726T214913,2026-07-26,https://planetarycomputer.microsoft.com/api/stac/v1/collections/sentinel-2-l2a/items/S2C_MSIL2A_20260726T164841_R026_T15SXS_20260726T214913,https://planetarycomputer.microsoft.com/api/stac/v1/search,sentinel-2-l2a,23.858826,INGESTED_DERIVED,RAW_COG_WINDOW_PROCESSED,physical-verification-v1,"{""ndvi_median"": 0.4263704717159271, ""ndvi_p10"": 0.11008195579051971, ""ndvi_p90"": 0.5950275659561157, ""nir_reflectance_median"": 0.41929998993873596, ""nonvegetated_proxy_fraction"": 0.16173167507347938, ""proxy_note"": ""Nonvegetated fraction is a coarse surface-change proxy; it is not a building-footprint measurement."", ""red_reflectance_median"": 0.15549999475479126, ""source_asset_keys"": [""B04"", ""B08"", ""SCL""], ""source_resolution_m"": 10.0, ""valid_pixel_count"": 155826}",{},,Derived observation retained from a public raw scene; absence or missing scene is not evidence of absence.
EPOCH-bbcf0efa8bcebd41,Meta Hyperion,"Holly Ridge, LA 71269",32.4676421,-91.6267883,public-address geocode,optical,Sentinel-2 MSI L2A,S2B_MSIL2A_20260926T163939_R126_T15SXR_20260926T220409,2026-09-26,https://planetarycomputer.microsoft.com/api/stac/v1/collections/sentinel-2-l2a/items/S2B_MSIL2A_20260926T163939_R126_T15SXR_20260926T220409,https://planetarycomputer.microsoft.com/api/stac/v1/search,sentinel-2-l2a,99.455744,INGESTED_DERIVED,RAW_COG_WINDOW_PROCESSED,physical-verification-v1,"{""ndvi_median"": 0.14893043041229248, ""ndvi_p10"": 0.11012782901525497, ""ndvi_p90"": 0.19818317890167236, ""nir_reflectance_median"": 0.4074000120162964, ""nonvegetated_proxy_fraction"": 0.9088821411132812, ""proxy_note"": ""Nonvegetated fraction is a coarse surface-change proxy; it is not a building-footprint measurement."", ""red_reflectance_median"": 0.3003000020980835, ""source_asset_keys"": [""B04"", ""B08"", ""SCL""], ""source_resolution_m"": 10.0, ""valid_pixel_count"": 262144}","{""ndvi_median_delta"": -0.27744004130363464, ""ndvi_p10_delta"": 4.587322473526001e-05, ""ndvi_p90_delta"": -0.39684438705444336, ""nir_reflectance_median_delta"": -0.011899977922439575, ""nonvegetated_proxy_fraction_delta"": 0.7471504660398018, ""red_reflectance_median_delta"": 0.14480000734329224, ""source_resolution_m_delta"": 0.0, ""valid_pixel_count_delta"": 106318}",,Derived observation retained from a public raw scene; absence or missing scene is not evidence of absence.
EPOCH-bbcf0efa8bcebd41,Meta Hyperion,"Holly Ridge, LA 71269",32.4676421,-91.6267883,public-address geocode,sar,Sentinel-1 GRD,S1A_IW_GRDH_1SDV_20250813T001117_20250813T001142_060510_078636,2025-08-13,https://planetarycomputer.microsoft.com/api/stac/v1/collections/sentinel-1-grd/items/S1A_IW_GRDH_1SDV_20250813T001117_20250813T001142_060510_078636,https://planetarycomputer.microsoft.com/api/stac/v1/search,sentinel-1-grd,,INGESTED_DERIVED,RAW_COG_WINDOW_PROCESSED,physical-verification-v1,"{""backscatter_note"": ""Sentinel-1 GRD detected amplitude is converted to dB with 20*log10(amplitude)."", ""source_asset_keys"": [""vv"", ""vh""], ""source_resolution_m"": 1.0, ""valid_pixel_count"": 0, ""vh_db_median"": null, ""vh_db_p10"": null, ""vh_db_p90"": null, ""vv_db_median"": null, ""vv_db_p10"": null, ""vv_db_p90"": null, ""vv_vh_db_difference"": null}",{},,Derived observation retained from a public raw scene; absence or missing scene is not evidence of absence.
EPOCH-bbcf0efa8bcebd41,Meta Hyperion,"Holly Ridge, LA 71269",32.4676421,-91.6267883,public-address geocode,sar,Sentinel-1 GRD,S1D_IW_GRDH_1SDV_20260927T000204_20260927T000229_004756_008E85,2026-09-27,https://planetarycomputer.microsoft.com/api/stac/v1/collections/sentinel-1-grd/items/S1D_IW_GRDH_1SDV_20260927T000204_20260927T000229_004756_008E85,https://planetarycomputer.microsoft.com/api/stac/v1/search,sentinel-1-grd,,INGESTED_DERIVED,RAW_COG_WINDOW_PROCESSED,physical-verification-v1,"{""backscatter_note"": ""Sentinel-1 GRD detected amplitude is converted to dB with 20*log10(amplitude)."", ""source_asset_keys"": [""vv"", ""vh""], ""source_resolution_m"": 1.0, ""valid_pixel_count"": 0, ""vh_db_median"": null, ""vh_db_p10"": null, ""vh_db_p90"": null, ""vv_db_median"": null, ""vv_db_p10"": null, ""vv_db_p90"": null, ""vv_vh_db_difference"": null}","{""source_resolution_m_delta"": 0.0, ""valid_pixel_count_delta"": 0}",,Derived observation retained from a public raw scene; absence or missing scene is not evidence of absence.
EPOCH-bbcf0efa8bcebd41,Meta Hyperion,"Holly Ridge, LA 71269",32.4676421,-91.6267883,public-address geocode,tir,Landsat Collection 2 Level-2 Surface Temperature,LC09_L2SP_024037_20260331_02_T1,2026-03-31,https://planetarycomputer.microsoft.com/api/stac/v1/collections/landsat-c2-l2/items/LC09_L2SP_024037_20260331_02_T1,https://planetarycomputer.microsoft.com/api/stac/v1/search,landsat-c2-l2,42.84,INGESTED_DERIVED,RAW_COG_WINDOW_PROCESSED,physical-verification-v1,"{""local_background_temperature_k_median"": 306.0238342285156, ""local_surface_temperature_delta_k"": null, ""proxy_note"": ""Thermal anomaly is relative to the local scene background, not a calibrated facility heat-output measurement."", ""source_asset_key"": ""lwir11"", ""source_resolution_m"": 30.0, ""surface_temperature_k_median"": null, ""surface_temperature_p10_k"": null, ""surface_temperature_p90_k"": null, ""valid_pixel_count"": 6837}",{},,Derived observation retained from a public raw scene; absence or missing scene is not evidence of absence.
EPOCH-bbcf0efa8bcebd41,Meta Hyperion,"Holly Ridge, LA 71269",32.4676421,-91.6267883,public-address geocode,tir,Landsat Collection 2 Level-2 Surface Temperature,LC09_L2SP_024037_20260923_02_T1,2026-09-23,https://planetarycomputer.microsoft.com/api/stac/v1/collections/landsat-c2-l2/items/LC09_L2SP_024037_20260923_02_T1,https://planetarycomputer.microsoft.com/api/stac/v1/search,landsat-c2-l2,20.15,INGESTED_DERIVED,RAW_COG_WINDOW_PROCESSED,physical-verification-v1,"{""local_background_temperature_k_median"": 309.5854187011719, ""local_surface_temperature_delta_k"": 0.21875, ""proxy_note"": ""Thermal anomaly is relative to the local scene background, not a calibrated facility heat-output measurement."", ""source_asset_key"": ""lwir11"", ""source_resolution_m"": 30.0, ""surface_temperature_k_median"": 309.8041687011719, ""surface_temperature_p10_k"": 306.23712158203125, ""surface_temperature_p90_k"": 313.30078125, ""valid_pixel_count"": 20666}","{""local_background_temperature_k_median_delta"": 3.56158447265625, ""source_resolution_m_delta"": 0.0, ""valid_pixel_count_delta"": 13829}",,Derived observation retained from a public raw scene; absence or missing scene is not evidence of absence.
EPOCH-bbf05f2d8903eccc,Goodnight,"10001 Lima Rd, Claude, TX 79019",35.0344948,-101.1862695,public-address geocode,optical,Sentinel-2 MSI L2A,S2C_MSIL2A_20260728T172901_R055_T14SLD_20260729T113856,2026-07-28,https://planetarycomputer.microsoft.com/api/stac/v1/collections/sentinel-2-l2a/items/S2C_MSIL2A_20260728T172901_R055_T14SLD_20260729T113856,https://planetarycomputer.microsoft.com/api/stac/v1/search,sentinel-2-l2a,65.470409,INGESTED_DERIVED,RAW_COG_WINDOW_PROCESSED,physical-verification-v1,"{""ndvi_median"": 0.5066426992416382, ""ndvi_p10"": 0.48468533158302307, ""ndvi_p90"": 0.5203182697296143, ""nir_reflectance_median"": 0.5088000297546387, ""nonvegetated_proxy_fraction"": 0.0, ""proxy_note"": ""Nonvegetated fraction is a coarse surface-change proxy; it is not a building-footprint measurement."", ""red_reflectance_median"": 0.16660000383853912, ""source_asset_keys"": [""B04"", ""B08"", ""SCL""], ""source_resolution_m"": 10.0, ""valid_pixel_count"": 4}",{},,Derived observation retained from a public raw scene; absence or missing scene is not evidence of absence.
EPOCH-bbf05f2d8903eccc,Goodnight,"10001 Lima Rd, Claude, TX 79019",35.0344948,-101.1862695,public-address geocode,optical,Sentinel-2 MSI L2A,S2C_MSIL2A_20260926T173101_R055_T14SKD_20260926T205615,2026-09-26,https://planetarycomputer.microsoft.com/api/stac/v1/collections/sentinel-2-l2a/items/S2C_MSIL2A_20260926T173101_R055_T14SKD_20260926T205615,https://planetarycomputer.microsoft.com/api/stac/v1/search,sentinel-2-l2a,0.794722,INGESTED_DERIVED,RAW_COG_WINDOW_PROCESSED,physical-verification-v1,"{""ndvi_median"": 0.12616536021232605, ""ndvi_p10"": 0.09273973852396011, ""ndvi_p90"": 0.18033993244171143, ""nir_reflectance_median"": 0.2937999963760376, ""nonvegetated_proxy_fraction"": 0.9305918862102134, ""proxy_note"": ""Nonvegetated fraction is a coarse surface-change proxy; it is not a building-footprint measurement."", ""red_reflectance_median"": 0.22370000183582306, ""source_asset_keys"": [""B04"", ""B08"", ""SCL""], ""source_resolution_m"": 10.0, ""valid_pixel_count"": 229757}","{""ndvi_median_delta"": -0.38047733902931213, ""ndvi_p10_delta"": -0.39194559305906296, ""ndvi_p90_delta"": -0.33997833728790283, ""nir_reflectance_median_delta"": -0.21500003337860107, ""nonvegetated_proxy_fraction_delta"": 0.9305918862102134, ""red_reflectance_median_delta"": 0.057099997997283936, ""source_resolution_m_delta"": 0.0, ""valid_pixel_count_delta"": 229753}",,Derived observation retained from a public raw scene; absence or missing scene is not evidence of absence.
EPOCH-bbf05f2d8903eccc,Goodnight,"10001 Lima Rd, Claude, TX 79019",35.0344948,-101.1862695,public-address geocode,sar,Sentinel-1 GRD,S1A_IW_GRDH_1SDV_20250926T124632_20250926T124657_061159_07A00F,2025-09-26,https://planetarycomputer.microsoft.com/api/stac/v1/collections/sentinel-1-grd/items/S1A_IW_GRDH_1SDV_20250926T124632_20250926T124657_061159_07A00F,https://planetarycomputer.microsoft.com/api/stac/v1/search,sentinel-1-grd,,INGESTED_DERIVED,RAW_COG_WINDOW_PROCESSED,physical-verification-v1,"{""backscatter_note"": ""Sentinel-1 GRD detected amplitude is converted to dB with 20*log10(amplitude)."", ""source_asset_keys"": [""vv"", ""vh""], ""source_resolution_m"": 1.0, ""valid_pixel_count"": 0, ""vh_db_median"": null, ""vh_db_p10"": null, ""vh_db_p90"": null, ""vv_db_median"": null, ""vv_db_p10"": null, ""vv_db_p90"": null, ""vv_vh_db_difference"": null}",{},,Derived observation retained from a public raw scene; absence or missing scene is not evidence of absence.
EPOCH-bbf05f2d8903eccc,Goodnight,"10001 Lima Rd, Claude, TX 79019",35.0344948,-101.1862695,public-address geocode,sar,Sentinel-1 GRD,S1D_IW_GRDH_1SDV_20260916T124549_20260916T124614_004603_00894C,2026-09-16,https://planetarycomputer.microsoft.com/api/stac/v1/collections/sentinel-1-grd/items/S1D_IW_GRDH_1SDV_20260916T124549_20260916T124614_004603_00894C,https://planetarycomputer.microsoft.com/api/stac/v1/search,sentinel-1-grd,,INGESTED_DERIVED,RAW_COG_WINDOW_PROCESSED,physical-verification-v1,"{""backscatter_note"": ""Sentinel-1 GRD detected amplitude is converted to dB with 20*log10(amplitude)."", ""source_asset_keys"": [""vv"", ""vh""], ""source_resolution_m"": 1.0, ""valid_pixel_count"": 0, ""vh_db_median"": null, ""vh_db_p10"": null, ""vh_db_p90"": null, ""vv_db_median"": null, ""vv_db_p10"": null, ""vv_db_p90"": null, ""vv_vh_db_difference"": null}","{""source_resolution_m_delta"": 0.0, ""valid_pixel_count_delta"": 0}",,Derived observation retained from a public raw scene; absence or missing scene is not evidence of absence.
EPOCH-bbf05f2d8903eccc,Goodnight,"10001 Lima Rd, Claude, TX 79019",35.0344948,-101.1862695,public-address geocode,tir,Landsat Collection 2 Level-2 Surface Temperature,LC08_L2SP_030036_20250517_02_T1,2025-05-17,https://planetarycomputer.microsoft.com/api/stac/v1/collections/landsat-c2-l2/items/LC08_L2SP_030036_20250517_02_T1,https://planetarycomputer.microsoft.com/api/stac/v1/search,landsat-c2-l2,58.54,INGESTED_DERIVED,RAW_COG_WINDOW_PROCESSED,physical-verification-v1,"{""local_background_temperature_k_median"": 247.77394104003906, ""local_surface_temperature_delta_k"": -0.4375152587890625, ""proxy_note"": ""Thermal anomaly is relative to the local scene background, not a calibrated facility heat-output measurement."", ""source_asset_key"": ""lwir11"", ""source_resolution_m"": 30.0, ""surface_temperature_k_median"": 247.33642578125, ""surface_temperature_p10_k"": 244.48580932617188, ""surface_temperature_p90_k"": 256.0250244140625, ""valid_pixel_count"": 36864}",{},,Derived observation retained from a public raw scene; absence or missing scene is not evidence of absence.
EPOCH-bbf05f2d8903eccc,Goodnight,"10001 Lima Rd, Claude, TX 79019",35.0344948,-101.1862695,public-address geocode,tir,Landsat Collection 2 Level-2 Surface Temperature,LC09_L2SP_030036_20260917_02_T1,2026-09-17,https://planetarycomputer.microsoft.com/api/stac/v1/collections/landsat-c2-l2/items/LC09_L2SP_030036_20260917_02_T1,https://planetarycomputer.microsoft.com/api/stac/v1/search,landsat-c2-l2,5.22,INGESTED_DERIVED,RAW_COG_WINDOW_PROCESSED,physical-verification-v1,"{""local_background_temperature_k_median"": 315.61138916015625, ""local_surface_temperature_delta_k"": 1.989288330078125, ""proxy_note"": ""Thermal anomaly is relative to the local scene background, not a calibrated facility heat-output measurement."", ""source_asset_key"": ""lwir11"", ""source_resolution_m"": 30.0, ""surface_temperature_k_median"": 317.6006774902344, ""surface_temperature_p10_k"": 315.11578369140625, ""surface_temperature_p90_k"": 319.2703857421875, ""valid_pixel_count"": 36864}","{""local_background_temperature_k_median_delta"": 67.83744812011719, ""local_surface_temperature_delta_k_delta"": 2.4268035888671875, ""source_resolution_m_delta"": 0.0, ""surface_temperature_k_median_delta"": 70.26425170898438, ""surface_temperature_p10_k_delta"": 70.62997436523438, ""surface_temperature_p90_k_delta"": 63.245361328125, ""valid_pixel_count_delta"": 0}",,Derived observation retained from a public raw scene; absence or missing scene is not evidence of absence.
EPOCH-bdc85fadae79b6b2,AWS New Albany,13360 Miller Rd NW,40.1158074,-82.7395358,public-address geocode,optical,Sentinel-2 MSI L2A,S2B_MSIL2A_20260103T162559_R040_T17TLE_20260103T200626,2026-01-03,https://planetarycomputer.microsoft.com/api/stac/v1/collections/sentinel-2-l2a/items/S2B_MSIL2A_20260103T162559_R040_T17TLE_20260103T200626,https://planetarycomputer.microsoft.com/api/stac/v1/search,sentinel-2-l2a,99.998635,INGESTED_DERIVED,RAW_COG_WINDOW_PROCESSED,physical-verification-v1,"{""ndvi_median"": 0.020813623443245888, ""ndvi_p10"": 0.015579367987811565, ""ndvi_p90"": 0.025550667196512222, ""nir_reflectance_median"": 0.8424000144004822, ""nonvegetated_proxy_fraction"": 1.0, ""proxy_note"": ""Nonvegetated fraction is a coarse surface-change proxy; it is not a building-footprint measurement."", ""red_reflectance_median"": 0.8100000023841858, ""source_asset_keys"": [""B04"", ""B08"", ""SCL""], ""source_resolution_m"": 10.0, ""valid_pixel_count"": 262144}",{},,Derived observation retained from a public raw scene; absence or missing scene is not evidence of absence.
EPOCH-bdc85fadae79b6b2,AWS New Albany,13360 Miller Rd NW,40.1158074,-82.7395358,public-address geocode,optical,Sentinel-2 MSI L2A,S2C_MSIL2A_20260925T162021_R040_T17TLE_20260925T195353,2026-09-25,https://planetarycomputer.microsoft.com/api/stac/v1/collections/sentinel-2-l2a/items/S2C_MSIL2A_20260925T162021_R040_T17TLE_20260925T195353,https://planetarycomputer.microsoft.com/api/stac/v1/search,sentinel-2-l2a,3.101337,INGESTED_DERIVED,RAW_COG_WINDOW_PROCESSED,physical-verification-v1,"{""ndvi_median"": 0.3490276336669922, ""ndvi_p10"": 0.04477272927761078, ""ndvi_p90"": 0.5791276097297668, ""nir_reflectance_median"": 0.36809998750686646, ""nonvegetated_proxy_fraction"": 0.3579048651785782, ""proxy_note"": ""Nonvegetated fraction is a coarse surface-change proxy; it is not a building-footprint measurement."", ""red_reflectance_median"": 0.1597999930381775, ""source_asset_keys"": [""B04"", ""B08"", ""SCL""], ""source_resolution_m"": 10.0, ""valid_pixel_count"": 261902}","{""ndvi_median_delta"": 0.3282140102237463, ""ndvi_p10_delta"": 0.029193361289799213, ""ndvi_p90_delta"": 0.5535769425332546, ""nir_reflectance_median_delta"": -0.4743000268936157, ""nonvegetated_proxy_fraction_delta"": -0.6420951348214218, ""red_reflectance_median_delta"": -0.6502000093460083, ""source_resolution_m_delta"": 0.0, ""valid_pixel_count_delta"": -242}",,Derived observation retained from a public raw scene; absence or missing scene is not evidence of absence.
EPOCH-bdc85fadae79b6b2,AWS New Albany,13360 Miller Rd NW,40.1158074,-82.7395358,public-address geocode,sar,Sentinel-1 GRD,S1A_IW_GRDH_1SDV_20260109T232344_20260109T232409_062697_07DC7F,2026-01-09,https://planetarycomputer.microsoft.com/api/stac/v1/collections/sentinel-1-grd/items/S1A_IW_GRDH_1SDV_20260109T232344_20260109T232409_062697_07DC7F,https://planetarycomputer.microsoft.com/api/stac/v1/search,sentinel-1-grd,,INGESTED_DERIVED,RAW_COG_WINDOW_PROCESSED,physical-verification-v1,"{""backscatter_note"": ""Sentinel-1 GRD detected amplitude is converted to dB with 20*log10(amplitude)."", ""source_asset_keys"": [""vv"", ""vh""], ""source_resolution_m"": 1.0, ""valid_pixel_count"": 0, ""vh_db_median"": null, ""vh_db_p10"": null, ""vh_db_p90"": null, ""vv_db_median"": null, ""vv_db_p10"": null, ""vv_db_p90"": null, ""vv_vh_db_difference"": null}",{},,Derived observation retained from a public raw scene; absence or missing scene is not evidence of absence.
EPOCH-bdc85fadae79b6b2,AWS New Albany,13360 Miller Rd NW,40.1158074,-82.7395358,public-address geocode,sar,Sentinel-1 GRD,S1D_IW_GRDH_1SDV_20260925T232303_20260925T232328_004741_008DFF,2026-09-25,https://planetarycomputer.microsoft.com/api/stac/v1/collections/sentinel-1-grd/items/S1D_IW_GRDH_1SDV_20260925T232303_20260925T232328_004741_008DFF,https://planetarycomputer.microsoft.com/api/stac/v1/search,sentinel-1-grd,,INGESTED_DERIVED,RAW_COG_WINDOW_PROCESSED,physical-verification-v1,"{""backscatter_note"": ""Sentinel-1 GRD detected amplitude is converted to dB with 20*log10(amplitude)."", ""source_asset_keys"": [""vv"", ""vh""], ""source_resolution_m"": 1.0, ""valid_pixel_count"": 0, ""vh_db_median"": null, ""vh_db_p10"": null, ""vh_db_p90"": null, ""vv_db_median"": null, ""vv_db_p10"": null, ""vv_db_p90"": null, ""vv_vh_db_difference"": null}","{""source_resolution_m_delta"": 0.0, ""valid_pixel_count_delta"": 0}",,Derived observation retained from a public raw scene; absence or missing scene is not evidence of absence.
EPOCH-bdc85fadae79b6b2,AWS New Albany,13360 Miller Rd NW,40.1158074,-82.7395358,public-address geocode,tir,Landsat Collection 2 Level-2 Surface Temperature,LC08_L2SP_019032_20250520_02_T1,2025-05-20,https://planetarycomputer.microsoft.com/api/stac/v1/collections/landsat-c2-l2/items/LC08_L2SP_019032_20250520_02_T1,https://planetarycomputer.microsoft.com/api/stac/v1/search,landsat-c2-l2,100.0,INGESTED_DERIVED,RAW_COG_WINDOW_PROCESSED,physical-verification-v1,"{""local_background_temperature_k_median"": 249.08987426757812, ""local_surface_temperature_delta_k"": -1.4526519775390625, ""proxy_note"": ""Thermal anomaly is relative to the local scene background, not a calibrated facility heat-output measurement."", ""source_asset_key"": ""lwir11"", ""source_resolution_m"": 30.0, ""surface_temperature_k_median"": 247.63722229003906, ""surface_temperature_p10_k"": 245.71287536621094, ""surface_temperature_p90_k"": 249.04202270507812, ""valid_pixel_count"": 36864}",{},,Derived observation retained from a public raw scene; absence or missing scene is not evidence of absence.
EPOCH-bdc85fadae79b6b2,AWS New Albany,13360 Miller Rd NW,40.1158074,-82.7395358,public-address geocode,tir,Landsat Collection 2 Level-2 Surface Temperature,LC09_L2SP_019032_20260920_02_T2,2026-09-20,https://planetarycomputer.microsoft.com/api/stac/v1/collections/landsat-c2-l2/items/LC09_L2SP_019032_20260920_02_T2,https://planetarycomputer.microsoft.com/api/stac/v1/search,landsat-c2-l2,52.55,INGESTED_DERIVED,RAW_COG_WINDOW_PROCESSED,physical-verification-v1,"{""local_background_temperature_k_median"": 293.0, ""local_surface_temperature_delta_k"": 0.0, ""proxy_note"": ""Thermal anomaly is relative to the local scene background, not a calibrated facility heat-output measurement."", ""source_asset_key"": ""lwir11"", ""source_resolution_m"": 30.0, ""surface_temperature_k_median"": 293.0, ""surface_temperature_p10_k"": 293.0, ""surface_temperature_p90_k"": 293.0, ""valid_pixel_count"": 36864}","{""local_background_temperature_k_median_delta"": 43.910125732421875, ""local_surface_temperature_delta_k_delta"": 1.4526519775390625, ""source_resolution_m_delta"": 0.0, ""surface_temperature_k_median_delta"": 45.36277770996094, ""surface_temperature_p10_k_delta"": 47.28712463378906, ""surface_temperature_p90_k_delta"": 43.957977294921875, ""valid_pixel_count_delta"": 0}",,Derived observation retained from a public raw scene; absence or missing scene is not evidence of absence.
EPOCH-c20399471d1c5e4a,Colossus 2,"5420 Tulane Rd, Memphis, TN 38109",34.9979829,-90.0348674,public-address geocode,optical,Sentinel-2 MSI L2A,S2A_MSIL2A_20260526T164711_R126_T16SBD_20260527T042512,2026-05-26,https://planetarycomputer.microsoft.com/api/stac/v1/collections/sentinel-2-l2a/items/S2A_MSIL2A_20260526T164711_R126_T16SBD_20260527T042512,https://planetarycomputer.microsoft.com/api/stac/v1/search,sentinel-2-l2a,82.991922,INGESTED_DERIVED,RAW_COG_WINDOW_PROCESSED,physical-verification-v1,"{""ndvi_median"": 0.22674763202667236, ""ndvi_p10"": -0.0025292248465120792, ""ndvi_p90"": 0.515228271484375, ""nir_reflectance_median"": 0.5324000120162964, ""nonvegetated_proxy_fraction"": 0.44998780933804705, ""proxy_note"": ""Nonvegetated fraction is a coarse surface-change proxy; it is not a building-footprint measurement."", ""red_reflectance_median"": 0.2831000089645386, ""source_asset_keys"": [""B04"", ""B08"", ""SCL""], ""source_resolution_m"": 10.0, ""valid_pixel_count"": 32812}",{},,Derived observation retained from a public raw scene; absence or missing scene is not evidence of absence.
EPOCH-c20399471d1c5e4a,Colossus 2,"5420 Tulane Rd, Memphis, TN 38109",34.9979829,-90.0348674,public-address geocode,optical,Sentinel-2 MSI L2A,S2B_MSIL2A_20260926T163939_R126_T15SYU_20260926T220409,2026-09-26,https://planetarycomputer.microsoft.com/api/stac/v1/collections/sentinel-2-l2a/items/S2B_MSIL2A_20260926T163939_R126_T15SYU_20260926T220409,https://planetarycomputer.microsoft.com/api/stac/v1/search,sentinel-2-l2a,63.983363,INGESTED_DERIVED,RAW_COG_WINDOW_PROCESSED,physical-verification-v1,"{""ndvi_median"": 0.27490830421447754, ""ndvi_p10"": 0.06723636388778687, ""ndvi_p90"": 0.4261588454246521, ""nir_reflectance_median"": 0.33104997873306274, ""nonvegetated_proxy_fraction"": 0.32190851092710737, ""proxy_note"": ""Nonvegetated fraction is a coarse surface-change proxy; it is not a building-footprint measurement."", ""red_reflectance_median"": 0.1826000064611435, ""source_asset_keys"": [""B04"", ""B08"", ""SCL""], ""source_resolution_m"": 10.0, ""valid_pixel_count"": 29468}","{""ndvi_median_delta"": 0.048160672187805176, ""ndvi_p10_delta"": 0.06976558873429894, ""ndvi_p90_delta"": -0.0890694260597229, ""nir_reflectance_median_delta"": -0.20135003328323364, ""nonvegetated_proxy_fraction_delta"": -0.12807929841093968, ""red_reflectance_median_delta"": -0.10050000250339508, ""source_resolution_m_delta"": 0.0, ""valid_pixel_count_delta"": -3344}",,Derived observation retained from a public raw scene; absence or missing scene is not evidence of absence.
EPOCH-c20399471d1c5e4a,Colossus 2,"5420 Tulane Rd, Memphis, TN 38109",34.9979829,-90.0348674,public-address geocode,sar,Sentinel-1 GRD,S1A_IW_GRDH_1SDV_20250808T000341_20250808T000406_060437_07835B,2025-08-08,https://planetarycomputer.microsoft.com/api/stac/v1/collections/sentinel-1-grd/items/S1A_IW_GRDH_1SDV_20250808T000341_20250808T000406_060437_07835B,https://planetarycomputer.microsoft.com/api/stac/v1/search,sentinel-1-grd,,INGESTED_DERIVED,RAW_COG_WINDOW_PROCESSED,physical-verification-v1,"{""backscatter_note"": ""Sentinel-1 GRD detected amplitude is converted to dB with 20*log10(amplitude)."", ""source_asset_keys"": [""vv"", ""vh""], ""source_resolution_m"": 1.0, ""valid_pixel_count"": 0, ""vh_db_median"": null, ""vh_db_p10"": null, ""vh_db_p90"": null, ""vv_db_median"": null, ""vv_db_p10"": null, ""vv_db_p90"": null, ""vv_vh_db_difference"": null}",{},,Derived observation retained from a public raw scene; absence or missing scene is not evidence of absence.
EPOCH-c20399471d1c5e4a,Colossus 2,"5420 Tulane Rd, Memphis, TN 38109",34.9979829,-90.0348674,public-address geocode,sar,Sentinel-1 GRD,S1D_IW_GRDH_1SDV_20260927T000254_20260927T000319_004756_008E85,2026-09-27,https://planetarycomputer.microsoft.com/api/stac/v1/collections/sentinel-1-grd/items/S1D_IW_GRDH_1SDV_20260927T000254_20260927T000319_004756_008E85,https://planetarycomputer.microsoft.com/api/stac/v1/search,sentinel-1-grd,,INGESTED_DERIVED,RAW_COG_WINDOW_PROCESSED,physical-verification-v1,"{""backscatter_note"": ""Sentinel-1 GRD detected amplitude is converted to dB with 20*log10(amplitude)."", ""source_asset_keys"": [""vv"", ""vh""], ""source_resolution_m"": 1.0, ""valid_pixel_count"": 0, ""vh_db_median"": null, ""vh_db_p10"": null, ""vh_db_p90"": null, ""vv_db_median"": null, ""vv_db_p10"": null, ""vv_db_p90"": null, ""vv_vh_db_difference"": null}","{""source_resolution_m_delta"": 0.0, ""valid_pixel_count_delta"": 0}",,Derived observation retained from a public raw scene; absence or missing scene is not evidence of absence.
EPOCH-c20399471d1c5e4a,Colossus 2,"5420 Tulane Rd, Memphis, TN 38109",34.9979829,-90.0348674,public-address geocode,tir,Landsat Collection 2 Level-2 Surface Temperature,LC09_L2SP_023036_20250524_02_T2,2025-05-24,https://planetarycomputer.microsoft.com/api/stac/v1/collections/landsat-c2-l2/items/LC09_L2SP_023036_20250524_02_T2,https://planetarycomputer.microsoft.com/api/stac/v1/search,landsat-c2-l2,100.0,INGESTED_DERIVED,RAW_COG_WINDOW_PROCESSED,physical-verification-v1,"{""local_background_temperature_k_median"": 293.0, ""local_surface_temperature_delta_k"": 0.0, ""proxy_note"": ""Thermal anomaly is relative to the local scene background, not a calibrated facility heat-output measurement."", ""source_asset_key"": ""lwir11"", ""source_resolution_m"": 30.0, ""surface_temperature_k_median"": 293.0, ""surface_temperature_p10_k"": 293.0, ""surface_temperature_p90_k"": 293.0, ""valid_pixel_count"": 36864}",{},,Derived observation retained from a public raw scene; absence or missing scene is not evidence of absence.
EPOCH-c20399471d1c5e4a,Colossus 2,"5420 Tulane Rd, Memphis, TN 38109",34.9979829,-90.0348674,public-address geocode,tir,Landsat Collection 2 Level-2 Surface Temperature,LC09_L2SP_023036_20260916_02_T1,2026-09-16,https://planetarycomputer.microsoft.com/api/stac/v1/collections/landsat-c2-l2/items/LC09_L2SP_023036_20260916_02_T1,https://planetarycomputer.microsoft.com/api/stac/v1/search,landsat-c2-l2,3.59,INGESTED_DERIVED,RAW_COG_WINDOW_PROCESSED,physical-verification-v1,"{""local_background_temperature_k_median"": 314.86285400390625, ""local_surface_temperature_delta_k"": 1.01513671875, ""proxy_note"": ""Thermal anomaly is relative to the local scene background, not a calibrated facility heat-output measurement."", ""source_asset_key"": ""lwir11"", ""source_resolution_m"": 30.0, ""surface_temperature_k_median"": 315.87799072265625, ""surface_temperature_p10_k"": 311.85498046875, ""surface_temperature_p90_k"": 319.6634521484375, ""valid_pixel_count"": 36864}","{""local_background_temperature_k_median_delta"": 21.86285400390625, ""local_surface_temperature_delta_k_delta"": 1.01513671875, ""source_resolution_m_delta"": 0.0, ""surface_temperature_k_median_delta"": 22.87799072265625, ""surface_temperature_p10_k_delta"": 18.85498046875, ""surface_temperature_p90_k_delta"": 26.6634521484375, ""valid_pixel_count_delta"": 0}",,Derived observation retained from a public raw scene; absence or missing scene is not evidence of absence.
EPOCH-c89a3269719f868a,STACK Infrastructure NVA02,"9590 Hornbaker Rd, Manassas, VA 20109",38.7458055,-77.5377246,public-address geocode,optical,Sentinel-2 MSI L2A,S2C_MSIL2A_20260827T154811_R054_T18STJ_20260827T205710,2026-08-27,https://planetarycomputer.microsoft.com/api/stac/v1/collections/sentinel-2-l2a/items/S2C_MSIL2A_20260827T154811_R054_T18STJ_20260827T205710,https://planetarycomputer.microsoft.com/api/stac/v1/search,sentinel-2-l2a,66.888517,INGESTED_DERIVED,RAW_COG_WINDOW_PROCESSED,physical-verification-v1,"{""ndvi_median"": 0.1258803755044937, ""ndvi_p10"": 0.08669819682836533, ""ndvi_p90"": 0.1818724423646927, ""nir_reflectance_median"": 0.4449999928474426, ""nonvegetated_proxy_fraction"": 0.9595628955696203, ""proxy_note"": ""Nonvegetated fraction is a coarse surface-change proxy; it is not a building-footprint measurement."", ""red_reflectance_median"": 0.3490000069141388, ""source_asset_keys"": [""B04"", ""B08"", ""SCL""], ""source_resolution_m"": 10.0, ""valid_pixel_count"": 202240}",{},,Derived observation retained from a public raw scene; absence or missing scene is not evidence of absence.
EPOCH-c89a3269719f868a,STACK Infrastructure NVA02,"9590 Hornbaker Rd, Manassas, VA 20109",38.7458055,-77.5377246,public-address geocode,optical,Sentinel-2 MSI L2A,S2C_MSIL2A_20260926T155011_R054_T17SQC_20260926T202610,2026-09-26,https://planetarycomputer.microsoft.com/api/stac/v1/collections/sentinel-2-l2a/items/S2C_MSIL2A_20260926T155011_R054_T17SQC_20260926T202610,https://planetarycomputer.microsoft.com/api/stac/v1/search,sentinel-2-l2a,26.395714,INGESTED_DERIVED,RAW_COG_WINDOW_PROCESSED,physical-verification-v1,"{""ndvi_median"": 0.019928351044654846, ""ndvi_p10"": 0.014135243371129036, ""ndvi_p90"": 0.03333044797182083, ""nir_reflectance_median"": 0.9031999707221985, ""nonvegetated_proxy_fraction"": 1.0, ""proxy_note"": ""Nonvegetated fraction is a coarse surface-change proxy; it is not a building-footprint measurement."", ""red_reflectance_median"": 0.8686000108718872, ""source_asset_keys"": [""B04"", ""B08"", ""SCL""], ""source_resolution_m"": 10.0, ""valid_pixel_count"": 7210}","{""ndvi_median_delta"": -0.10595202445983887, ""ndvi_p10_delta"": -0.07256295345723629, ""ndvi_p90_delta"": -0.14854199439287186, ""nir_reflectance_median_delta"": 0.45819997787475586, ""nonvegetated_proxy_fraction_delta"": 0.04043710443037973, ""red_reflectance_median_delta"": 0.5196000039577484, ""source_resolution_m_delta"": 0.0, ""valid_pixel_count_delta"": -195030}",,Derived observation retained from a public raw scene; absence or missing scene is not evidence of absence.
EPOCH-c89a3269719f868a,STACK Infrastructure NVA02,"9590 Hornbaker Rd, Manassas, VA 20109",38.7458055,-77.5377246,public-address geocode,sar,Sentinel-1 GRD,S1A_IW_GRDH_1SDV_20250221T230701_20250221T230726_058001_0728CA,2025-02-21,https://planetarycomputer.microsoft.com/api/stac/v1/collections/sentinel-1-grd/items/S1A_IW_GRDH_1SDV_20250221T230701_20250221T230726_058001_0728CA,https://planetarycomputer.microsoft.com/api/stac/v1/search,sentinel-1-grd,,INGESTED_DERIVED,RAW_COG_WINDOW_PROCESSED,physical-verification-v1,"{""backscatter_note"": ""Sentinel-1 GRD detected amplitude is converted to dB with 20*log10(amplitude)."", ""source_asset_keys"": [""vv"", ""vh""], ""source_resolution_m"": 1.0, ""valid_pixel_count"": 0, ""vh_db_median"": null, ""vh_db_p10"": null, ""vh_db_p90"": null, ""vv_db_median"": null, ""vv_db_p10"": null, ""vv_db_p90"": null, ""vv_vh_db_difference"": null}",{},,Derived observation retained from a public raw scene; absence or missing scene is not evidence of absence.
EPOCH-c89a3269719f868a,STACK Infrastructure NVA02,"9590 Hornbaker Rd, Manassas, VA 20109",38.7458055,-77.5377246,public-address geocode,sar,Sentinel-1 GRD,S1D_IW_GRDH_1SDV_20260915T230634_20260915T230659_004595_0088FE,2026-09-15,https://planetarycomputer.microsoft.com/api/stac/v1/collections/sentinel-1-grd/items/S1D_IW_GRDH_1SDV_20260915T230634_20260915T230659_004595_0088FE,https://planetarycomputer.microsoft.com/api/stac/v1/search,sentinel-1-grd,,INGESTED_DERIVED,RAW_COG_WINDOW_PROCESSED,physical-verification-v1,"{""backscatter_note"": ""Sentinel-1 GRD detected amplitude is converted to dB with 20*log10(amplitude)."", ""source_asset_keys"": [""vv"", ""vh""], ""source_resolution_m"": 1.0, ""valid_pixel_count"": 0, ""vh_db_median"": null, ""vh_db_p10"": null, ""vh_db_p90"": null, ""vv_db_median"": null, ""vv_db_p10"": null, ""vv_db_p90"": null, ""vv_vh_db_difference"": null}","{""source_resolution_m_delta"": 0.0, ""valid_pixel_count_delta"": 0}",,Derived observation retained from a public raw scene; absence or missing scene is not evidence of absence.
EPOCH-c89a3269719f868a,STACK Infrastructure NVA02,"9590 Hornbaker Rd, Manassas, VA 20109",38.7458055,-77.5377246,public-address geocode,tir,Landsat Collection 2 Level-2 Surface Temperature,LC09_L2SP_015033_20260127_02_T1,2026-01-27,https://planetarycomputer.microsoft.com/api/stac/v1/collections/landsat-c2-l2/items/LC09_L2SP_015033_20260127_02_T1,https://planetarycomputer.microsoft.com/api/stac/v1/search,landsat-c2-l2,26.03,INGESTED_DERIVED,RAW_COG_WINDOW_PROCESSED,physical-verification-v1,"{""local_background_temperature_k_median"": 265.4553527832031, ""local_surface_temperature_delta_k"": 0.068359375, ""proxy_note"": ""Thermal anomaly is relative to the local scene background, not a calibrated facility heat-output measurement."", ""source_asset_key"": ""lwir11"", ""source_resolution_m"": 30.0, ""surface_temperature_k_median"": 265.5237121582031, ""surface_temperature_p10_k"": 264.5000305175781, ""surface_temperature_p90_k"": 266.66192626953125, ""valid_pixel_count"": 36864}",{},,Derived observation retained from a public raw scene; absence or missing scene is not evidence of absence.
EPOCH-c89a3269719f868a,STACK Infrastructure NVA02,"9590 Hornbaker Rd, Manassas, VA 20109",38.7458055,-77.5377246,public-address geocode,tir,Landsat Collection 2 Level-2 Surface Temperature,LC09_L2SP_015033_20260924_02_T1,2026-09-24,https://planetarycomputer.microsoft.com/api/stac/v1/collections/landsat-c2-l2/items/LC09_L2SP_015033_20260924_02_T1,https://planetarycomputer.microsoft.com/api/stac/v1/search,landsat-c2-l2,79.56,INGESTED_DERIVED,RAW_COG_WINDOW_PROCESSED,physical-verification-v1,"{""local_background_temperature_k_median"": 279.481201171875, ""local_surface_temperature_delta_k"": 1.061279296875, ""proxy_note"": ""Thermal anomaly is relative to the local scene background, not a calibrated facility heat-output measurement."", ""source_asset_key"": ""lwir11"", ""source_resolution_m"": 30.0, ""surface_temperature_k_median"": 280.54248046875, ""surface_temperature_p10_k"": 277.4577331542969, ""surface_temperature_p90_k"": 286.4044189453125, ""valid_pixel_count"": 36864}","{""local_background_temperature_k_median_delta"": 14.025848388671875, ""local_surface_temperature_delta_k_delta"": 0.992919921875, ""source_resolution_m_delta"": 0.0, ""surface_temperature_k_median_delta"": 15.018768310546875, ""surface_temperature_p10_k_delta"": 12.95770263671875, ""surface_temperature_p90_k_delta"": 19.74249267578125, ""valid_pixel_count_delta"": 0}",,Derived observation retained from a public raw scene; absence or missing scene is not evidence of absence.
EPOCH-cc12c3e42b3eaf08,QTS Richmond 1,"6000 Technology Blvd, Sandston, VA 23150",37.4888273,-77.24749,public-address geocode,optical,Sentinel-2 MSI L2A,S2B_MSIL2A_20260603T154809_R054_T18SUG_20260603T194014,2026-06-03,https://planetarycomputer.microsoft.com/api/stac/v1/collections/sentinel-2-l2a/items/S2B_MSIL2A_20260603T154809_R054_T18SUG_20260603T194014,https://planetarycomputer.microsoft.com/api/stac/v1/search,sentinel-2-l2a,2.193078,INGESTED_DERIVED,RAW_COG_WINDOW_PROCESSED,physical-verification-v1,"{""ndvi_median"": 0.502973198890686, ""ndvi_p10"": 0.06673675775527954, ""ndvi_p90"": 0.6307112574577332, ""nir_reflectance_median"": 0.4528000056743622, ""nonvegetated_proxy_fraction"": 0.20394032320872274, ""proxy_note"": ""Nonvegetated fraction is a coarse surface-change proxy; it is not a building-footprint measurement."", ""red_reflectance_median"": 0.13600000739097595, ""source_asset_keys"": [""B04"", ""B08"", ""SCL""], ""source_resolution_m"": 10.0, ""valid_pixel_count"": 164352}",{},,Derived observation retained from a public raw scene; absence or missing scene is not evidence of absence.
EPOCH-cc12c3e42b3eaf08,QTS Richmond 1,"6000 Technology Blvd, Sandston, VA 23150",37.4888273,-77.24749,public-address geocode,optical,Sentinel-2 MSI L2A,S2C_MSIL2A_20260926T155011_R054_T18STG_20260926T202610,2026-09-26,https://planetarycomputer.microsoft.com/api/stac/v1/collections/sentinel-2-l2a/items/S2C_MSIL2A_20260926T155011_R054_T18STG_20260926T202610,https://planetarycomputer.microsoft.com/api/stac/v1/search,sentinel-2-l2a,42.829573,INGESTED_DERIVED,RAW_COG_WINDOW_PROCESSED,physical-verification-v1,"{""ndvi_median"": 0.11734913289546967, ""ndvi_p10"": 0.09071608632802963, ""ndvi_p90"": 0.17297299206256866, ""nir_reflectance_median"": 0.5286999940872192, ""nonvegetated_proxy_fraction"": 0.9612303748798462, ""proxy_note"": ""Nonvegetated fraction is a coarse surface-change proxy; it is not a building-footprint measurement."", ""red_reflectance_median"": 0.4180999994277954, ""source_asset_keys"": [""B04"", ""B08"", ""SCL""], ""source_resolution_m"": 10.0, ""valid_pixel_count"": 3121}","{""ndvi_median_delta"": -0.38562406599521637, ""ndvi_p10_delta"": 0.02397932857275009, ""ndvi_p90_delta"": -0.4577382653951645, ""nir_reflectance_median_delta"": 0.07589998841285706, ""nonvegetated_proxy_fraction_delta"": 0.7572900516711234, ""red_reflectance_median_delta"": 0.28209999203681946, ""source_resolution_m_delta"": 0.0, ""valid_pixel_count_delta"": -161231}",,Derived observation retained from a public raw scene; absence or missing scene is not evidence of absence.
EPOCH-cc12c3e42b3eaf08,QTS Richmond 1,"6000 Technology Blvd, Sandston, VA 23150",37.4888273,-77.24749,public-address geocode,sar,Sentinel-1 GRD,S1A_IW_GRDH_1SDV_20250128T230702_20250128T230727_057651_071ABD,2025-01-28,https://planetarycomputer.microsoft.com/api/stac/v1/collections/sentinel-1-grd/items/S1A_IW_GRDH_1SDV_20250128T230702_20250128T230727_057651_071ABD,https://planetarycomputer.microsoft.com/api/stac/v1/search,sentinel-1-grd,,INGESTED_DERIVED,RAW_COG_WINDOW_PROCESSED,physical-verification-v1,"{""backscatter_note"": ""Sentinel-1 GRD detected amplitude is converted to dB with 20*log10(amplitude)."", ""source_asset_keys"": [""vv"", ""vh""], ""source_resolution_m"": 1.0, ""valid_pixel_count"": 0, ""vh_db_median"": null, ""vh_db_p10"": null, ""vh_db_p90"": null, ""vv_db_median"": null, ""vv_db_p10"": null, ""vv_db_p90"": null, ""vv_vh_db_difference"": null}",{},,Derived observation retained from a public raw scene; absence or missing scene is not evidence of absence.
EPOCH-cc12c3e42b3eaf08,QTS Richmond 1,"6000 Technology Blvd, Sandston, VA 23150",37.4888273,-77.24749,public-address geocode,sar,Sentinel-1 GRD,S1D_IW_GRDH_1SDV_20260915T230609_20260915T230634_004595_0088FE,2026-09-15,https://planetarycomputer.microsoft.com/api/stac/v1/collections/sentinel-1-grd/items/S1D_IW_GRDH_1SDV_20260915T230609_20260915T230634_004595_0088FE,https://planetarycomputer.microsoft.com/api/stac/v1/search,sentinel-1-grd,,INGESTED_DERIVED,RAW_COG_WINDOW_PROCESSED,physical-verification-v1,"{""backscatter_note"": ""Sentinel-1 GRD detected amplitude is converted to dB with 20*log10(amplitude)."", ""source_asset_keys"": [""vv"", ""vh""], ""source_resolution_m"": 1.0, ""valid_pixel_count"": 0, ""vh_db_median"": null, ""vh_db_p10"": null, ""vh_db_p90"": null, ""vv_db_median"": null, ""vv_db_p10"": null, ""vv_db_p90"": null, ""vv_vh_db_difference"": null}","{""source_resolution_m_delta"": 0.0, ""valid_pixel_count_delta"": 0}",,Derived observation retained from a public raw scene; absence or missing scene is not evidence of absence.
EPOCH-cc12c3e42b3eaf08,QTS Richmond 1,"6000 Technology Blvd, Sandston, VA 23150",37.4888273,-77.24749,public-address geocode,tir,Landsat Collection 2 Level-2 Surface Temperature,LC09_L2SP_015034_20250516_02_T1,2025-05-16,https://planetarycomputer.microsoft.com/api/stac/v1/collections/landsat-c2-l2/items/LC09_L2SP_015034_20250516_02_T1,https://planetarycomputer.microsoft.com/api/stac/v1/search,landsat-c2-l2,28.42,INGESTED_DERIVED,RAW_COG_WINDOW_PROCESSED,physical-verification-v1,"{""local_background_temperature_k_median"": 306.74505615234375, ""local_surface_temperature_delta_k"": 1.8388671875, ""proxy_note"": ""Thermal anomaly is relative to the local scene background, not a calibrated facility heat-output measurement."", ""source_asset_key"": ""lwir11"", ""source_resolution_m"": 30.0, ""surface_temperature_k_median"": 308.58392333984375, ""surface_temperature_p10_k"": 305.8187561035156, ""surface_temperature_p90_k"": 315.41143798828125, ""valid_pixel_count"": 36864}",{},,Derived observation retained from a public raw scene; absence or missing scene is not evidence of absence.
EPOCH-cc12c3e42b3eaf08,QTS Richmond 1,"6000 Technology Blvd, Sandston, VA 23150",37.4888273,-77.24749,public-address geocode,tir,Landsat Collection 2 Level-2 Surface Temperature,LC09_L2SP_015034_20260924_02_T2,2026-09-24,https://planetarycomputer.microsoft.com/api/stac/v1/collections/landsat-c2-l2/items/LC09_L2SP_015034_20260924_02_T2,https://planetarycomputer.microsoft.com/api/stac/v1/search,landsat-c2-l2,96.62,INGESTED_DERIVED,RAW_COG_WINDOW_PROCESSED,physical-verification-v1,"{""local_background_temperature_k_median"": 281.4277648925781, ""local_surface_temperature_delta_k"": -0.0068359375, ""proxy_note"": ""Thermal anomaly is relative to the local scene background, not a calibrated facility heat-output measurement."", ""source_asset_key"": ""lwir11"", ""source_resolution_m"": 30.0, ""surface_temperature_k_median"": 281.4209289550781, ""surface_temperature_p10_k"": 281.2602844238281, ""surface_temperature_p90_k"": 281.6670227050781, ""valid_pixel_count"": 36864}","{""local_background_temperature_k_median_delta"": -25.317291259765625, ""local_surface_temperature_delta_k_delta"": -1.845703125, ""source_resolution_m_delta"": 0.0, ""surface_temperature_k_median_delta"": -27.162994384765625, ""surface_temperature_p10_k_delta"": -24.5584716796875, ""surface_temperature_p90_k_delta"": -33.744415283203125, ""valid_pixel_count_delta"": 0}",,Derived observation retained from a public raw scene; absence or missing scene is not evidence of absence.
EPOCH-d1b62579c6be3fe8,Core42 Lake Mariner,"7725 Lake Rd, Barker, NY 14012",43.3586546,-78.604128,public-address geocode,optical,Sentinel-2 MSI L2A,S2B_MSIL2A_20260517T155819_R097_T17TPJ_20260517T194613,2026-05-17,https://planetarycomputer.microsoft.com/api/stac/v1/collections/sentinel-2-l2a/items/S2B_MSIL2A_20260517T155819_R097_T17TPJ_20260517T194613,https://planetarycomputer.microsoft.com/api/stac/v1/search,sentinel-2-l2a,19.594084,INGESTED_DERIVED,RAW_COG_WINDOW_PROCESSED,physical-verification-v1,"{""ndvi_median"": 0.1066751778125763, ""ndvi_p10"": -0.03527337685227394, ""ndvi_p90"": 0.5169824361801147, ""nir_reflectance_median"": 0.30469998717308044, ""nonvegetated_proxy_fraction"": 0.590801936515116, ""proxy_note"": ""Nonvegetated fraction is a coarse surface-change proxy; it is not a building-footprint measurement."", ""red_reflectance_median"": 0.1339000016450882, ""source_asset_keys"": [""B04"", ""B08"", ""SCL""], ""source_resolution_m"": 10.0, ""valid_pixel_count"": 260881}",{},,Derived observation retained from a public raw scene; absence or missing scene is not evidence of absence.
EPOCH-d1b62579c6be3fe8,Core42 Lake Mariner,"7725 Lake Rd, Barker, NY 14012",43.3586546,-78.604128,public-address geocode,optical,Sentinel-2 MSI L2A,S2B_MSIL2A_20260924T155909_R097_T17TPJ_20260924T200659,2026-09-24,https://planetarycomputer.microsoft.com/api/stac/v1/collections/sentinel-2-l2a/items/S2B_MSIL2A_20260924T155909_R097_T17TPJ_20260924T200659,https://planetarycomputer.microsoft.com/api/stac/v1/search,sentinel-2-l2a,2.622496,INGESTED_DERIVED,RAW_COG_WINDOW_PROCESSED,physical-verification-v1,"{""ndvi_median"": 0.16115981340408325, ""ndvi_p10"": -0.013448583893477917, ""ndvi_p90"": 0.5929798483848572, ""nir_reflectance_median"": 0.31450000405311584, ""nonvegetated_proxy_fraction"": 0.5075607299804688, ""proxy_note"": ""Nonvegetated fraction is a coarse surface-change proxy; it is not a building-footprint measurement."", ""red_reflectance_median"": 0.11959999799728394, ""source_asset_keys"": [""B04"", ""B08"", ""SCL""], ""source_resolution_m"": 10.0, ""valid_pixel_count"": 262144}","{""ndvi_median_delta"": 0.05448463559150696, ""ndvi_p10_delta"": 0.021824792958796024, ""ndvi_p90_delta"": 0.07599741220474243, ""nir_reflectance_median_delta"": 0.0098000168800354, ""nonvegetated_proxy_fraction_delta"": -0.08324120653464728, ""red_reflectance_median_delta"": -0.01430000364780426, ""source_resolution_m_delta"": 0.0, ""valid_pixel_count_delta"": 1263}",,Derived observation retained from a public raw scene; absence or missing scene is not evidence of absence.
EPOCH-d1b62579c6be3fe8,Core42 Lake Mariner,"7725 Lake Rd, Barker, NY 14012",43.3586546,-78.604128,public-address geocode,sar,Sentinel-1 GRD,S1A_IW_GRDH_1SDV_20250116T230818_20250116T230843_057476_0713C9,2025-01-16,https://planetarycomputer.microsoft.com/api/stac/v1/collections/sentinel-1-grd/items/S1A_IW_GRDH_1SDV_20250116T230818_20250116T230843_057476_0713C9,https://planetarycomputer.microsoft.com/api/stac/v1/search,sentinel-1-grd,,INGESTED_DERIVED,RAW_COG_WINDOW_PROCESSED,physical-verification-v1,"{""backscatter_note"": ""Sentinel-1 GRD detected amplitude is converted to dB with 20*log10(amplitude)."", ""source_asset_keys"": [""vv"", ""vh""], ""source_resolution_m"": 1.0, ""valid_pixel_count"": 0, ""vh_db_median"": null, ""vh_db_p10"": null, ""vh_db_p90"": null, ""vv_db_median"": null, ""vv_db_p10"": null, ""vv_db_p90"": null, ""vv_vh_db_difference"": null}",{},,Derived observation retained from a public raw scene; absence or missing scene is not evidence of absence.
EPOCH-d1b62579c6be3fe8,Core42 Lake Mariner,"7725 Lake Rd, Barker, NY 14012",43.3586546,-78.604128,public-address geocode,sar,Sentinel-1 GRD,S1D_IW_GRDH_1SDV_20260915T230749_20260915T230814_004595_0088FE,2026-09-15,https://planetarycomputer.microsoft.com/api/stac/v1/collections/sentinel-1-grd/items/S1D_IW_GRDH_1SDV_20260915T230749_20260915T230814_004595_0088FE,https://planetarycomputer.microsoft.com/api/stac/v1/search,sentinel-1-grd,,INGESTED_DERIVED,RAW_COG_WINDOW_PROCESSED,physical-verification-v1,"{""backscatter_note"": ""Sentinel-1 GRD detected amplitude is converted to dB with 20*log10(amplitude)."", ""source_asset_keys"": [""vv"", ""vh""], ""source_resolution_m"": 1.0, ""valid_pixel_count"": 0, ""vh_db_median"": null, ""vh_db_p10"": null, ""vh_db_p90"": null, ""vv_db_median"": null, ""vv_db_p10"": null, ""vv_db_p90"": null, ""vv_vh_db_difference"": null}","{""source_resolution_m_delta"": 0.0, ""valid_pixel_count_delta"": 0}",,Derived observation retained from a public raw scene; absence or missing scene is not evidence of absence.
EPOCH-d1b62579c6be3fe8,Core42 Lake Mariner,"7725 Lake Rd, Barker, NY 14012",43.3586546,-78.604128,public-address geocode,tir,Landsat Collection 2 Level-2 Surface Temperature,LC09_L2SP_017030_20250530_02_T1,2025-05-30,https://planetarycomputer.microsoft.com/api/stac/v1/collections/landsat-c2-l2/items/LC09_L2SP_017030_20250530_02_T1,https://planetarycomputer.microsoft.com/api/stac/v1/search,landsat-c2-l2,37.24,INGESTED_DERIVED,RAW_COG_WINDOW_PROCESSED,physical-verification-v1,"{""local_background_temperature_k_median"": 267.41387939453125, ""local_surface_temperature_delta_k"": 1.290313720703125, ""proxy_note"": ""Thermal anomaly is relative to the local scene background, not a calibrated facility heat-output measurement."", ""source_asset_key"": ""lwir11"", ""source_resolution_m"": 30.0, ""surface_temperature_k_median"": 268.7041931152344, ""surface_temperature_p10_k"": 261.989501953125, ""surface_temperature_p90_k"": 271.6522216796875, ""valid_pixel_count"": 36864}",{},,Derived observation retained from a public raw scene; absence or missing scene is not evidence of absence.
EPOCH-d1b62579c6be3fe8,Core42 Lake Mariner,"7725 Lake Rd, Barker, NY 14012",43.3586546,-78.604128,public-address geocode,tir,Landsat Collection 2 Level-2 Surface Temperature,LC09_L2SP_017030_20260922_02_T1,2026-09-22,https://planetarycomputer.microsoft.com/api/stac/v1/collections/landsat-c2-l2/items/LC09_L2SP_017030_20260922_02_T1,https://planetarycomputer.microsoft.com/api/stac/v1/search,landsat-c2-l2,49.26,INGESTED_DERIVED,RAW_COG_WINDOW_PROCESSED,physical-verification-v1,"{""local_background_temperature_k_median"": 284.83892822265625, ""local_surface_temperature_delta_k"": 0.579376220703125, ""proxy_note"": ""Thermal anomaly is relative to the local scene background, not a calibrated facility heat-output measurement."", ""source_asset_key"": ""lwir11"", ""source_resolution_m"": 30.0, ""surface_temperature_k_median"": 285.4183044433594, ""surface_temperature_p10_k"": 280.9834289550781, ""surface_temperature_p90_k"": 288.3697509765625, ""valid_pixel_count"": 36864}","{""local_background_temperature_k_median_delta"": 17.425048828125, ""local_surface_temperature_delta_k_delta"": -0.7109375, ""source_resolution_m_delta"": 0.0, ""surface_temperature_k_median_delta"": 16.714111328125, ""surface_temperature_p10_k_delta"": 18.993927001953125, ""surface_temperature_p90_k_delta"": 16.717529296875, ""valid_pixel_count_delta"": 0}",,Derived observation retained from a public raw scene; absence or missing scene is not evidence of absence.
EPOCH-d29894d37388a96a,Meta Gallatin,"1 Meta Lp, Gallatin, TN 37066",36.4117644,-86.3696786,public-address geocode,optical,Sentinel-2 MSI L2A,S2C_MSIL2A_20260131T163521_R083_T16SEF_20260131T203111,2026-01-31,https://planetarycomputer.microsoft.com/api/stac/v1/collections/sentinel-2-l2a/items/S2C_MSIL2A_20260131T163521_R083_T16SEF_20260131T203111,https://planetarycomputer.microsoft.com/api/stac/v1/search,sentinel-2-l2a,96.642429,INGESTED_DERIVED,RAW_COG_WINDOW_PROCESSED,physical-verification-v1,"{""ndvi_median"": 0.06091517210006714, ""ndvi_p10"": 0.05182928219437599, ""ndvi_p90"": 0.07058827579021454, ""nir_reflectance_median"": 0.6664000153541565, ""nonvegetated_proxy_fraction"": 1.0, ""proxy_note"": ""Nonvegetated fraction is a coarse surface-change proxy; it is not a building-footprint measurement."", ""red_reflectance_median"": 0.5899999737739563, ""source_asset_keys"": [""B04"", ""B08"", ""SCL""], ""source_resolution_m"": 10.0, ""valid_pixel_count"": 262144}",{},,Derived observation retained from a public raw scene; absence or missing scene is not evidence of absence.
EPOCH-d29894d37388a96a,Meta Gallatin,"1 Meta Lp, Gallatin, TN 37066",36.4117644,-86.3696786,public-address geocode,optical,Sentinel-2 MSI L2A,S2B_MSIL2A_20260923T162919_R083_T16SEF_20260923T202234,2026-09-23,https://planetarycomputer.microsoft.com/api/stac/v1/collections/sentinel-2-l2a/items/S2B_MSIL2A_20260923T162919_R083_T16SEF_20260923T202234,https://planetarycomputer.microsoft.com/api/stac/v1/search,sentinel-2-l2a,99.99693,INGESTED_DERIVED,RAW_COG_WINDOW_PROCESSED,physical-verification-v1,"{""ndvi_median"": 0.0025631580501794815, ""ndvi_p10"": -0.01071387529373169, ""ndvi_p90"": 0.019978735595941544, ""nir_reflectance_median"": 1.0492000579833984, ""nonvegetated_proxy_fraction"": 1.0, ""proxy_note"": ""Nonvegetated fraction is a coarse surface-change proxy; it is not a building-footprint measurement."", ""red_reflectance_median"": 1.0355000495910645, ""source_asset_keys"": [""B04"", ""B08"", ""SCL""], ""source_resolution_m"": 10.0, ""valid_pixel_count"": 59}","{""ndvi_median_delta"": -0.05835201404988766, ""ndvi_p10_delta"": -0.06254315748810768, ""ndvi_p90_delta"": -0.050609540194272995, ""nir_reflectance_median_delta"": 0.38280004262924194, ""nonvegetated_proxy_fraction_delta"": 0.0, ""red_reflectance_median_delta"": 0.44550007581710815, ""source_resolution_m_delta"": 0.0, ""valid_pixel_count_delta"": -262085}",,Derived observation retained from a public raw scene; absence or missing scene is not evidence of absence.
EPOCH-d29894d37388a96a,Meta Gallatin,"1 Meta Lp, Gallatin, TN 37066",36.4117644,-86.3696786,public-address geocode,sar,Sentinel-1 GRD,S1A_IW_GRDH_1SDV_20251207T234746_20251207T234811_062216_07C9D9,2025-12-07,https://planetarycomputer.microsoft.com/api/stac/v1/collections/sentinel-1-grd/items/S1A_IW_GRDH_1SDV_20251207T234746_20251207T234811_062216_07C9D9,https://planetarycomputer.microsoft.com/api/stac/v1/search,sentinel-1-grd,,INGESTED_DERIVED,RAW_COG_WINDOW_PROCESSED,physical-verification-v1,"{""backscatter_note"": ""Sentinel-1 GRD detected amplitude is converted to dB with 20*log10(amplitude)."", ""source_asset_keys"": [""vv"", ""vh""], ""source_resolution_m"": 1.0, ""valid_pixel_count"": 0, ""vh_db_median"": null, ""vh_db_p10"": null, ""vh_db_p90"": null, ""vv_db_median"": null, ""vv_db_p10"": null, ""vv_db_p90"": null, ""vv_vh_db_difference"": null}",{},,Derived observation retained from a public raw scene; absence or missing scene is not evidence of absence.
EPOCH-d29894d37388a96a,Meta Gallatin,"1 Meta Lp, Gallatin, TN 37066",36.4117644,-86.3696786,public-address geocode,sar,Sentinel-1 GRD,S1D_IW_GRDH_1SDV_20260923T233839_20260923T233904_004712_008D06,2026-09-23,https://planetarycomputer.microsoft.com/api/stac/v1/collections/sentinel-1-grd/items/S1D_IW_GRDH_1SDV_20260923T233839_20260923T233904_004712_008D06,https://planetarycomputer.microsoft.com/api/stac/v1/search,sentinel-1-grd,,INGESTED_DERIVED,RAW_COG_WINDOW_PROCESSED,physical-verification-v1,"{""backscatter_note"": ""Sentinel-1 GRD detected amplitude is converted to dB with 20*log10(amplitude)."", ""source_asset_keys"": [""vv"", ""vh""], ""source_resolution_m"": 1.0, ""valid_pixel_count"": 0, ""vh_db_median"": null, ""vh_db_p10"": null, ""vh_db_p90"": null, ""vv_db_median"": null, ""vv_db_p10"": null, ""vv_db_p90"": null, ""vv_vh_db_difference"": null}","{""source_resolution_m_delta"": 0.0, ""valid_pixel_count_delta"": 0}",,Derived observation retained from a public raw scene; absence or missing scene is not evidence of absence.
EPOCH-d29894d37388a96a,Meta Gallatin,"1 Meta Lp, Gallatin, TN 37066",36.4117644,-86.3696786,public-address geocode,tir,Landsat Collection 2 Level-2 Surface Temperature,LC08_L2SP_020035_20260122_02_T1,2026-01-22,https://planetarycomputer.microsoft.com/api/stac/v1/collections/landsat-c2-l2/items/LC08_L2SP_020035_20260122_02_T1,https://planetarycomputer.microsoft.com/api/stac/v1/search,landsat-c2-l2,72.1,INGESTED_DERIVED,RAW_COG_WINDOW_PROCESSED,physical-verification-v1,"{""local_background_temperature_k_median"": 264.7068176269531, ""local_surface_temperature_delta_k"": -0.765655517578125, ""proxy_note"": ""Thermal anomaly is relative to the local scene background, not a calibrated facility heat-output measurement."", ""source_asset_key"": ""lwir11"", ""source_resolution_m"": 30.0, ""surface_temperature_k_median"": 263.941162109375, ""surface_temperature_p10_k"": 262.56201171875, ""surface_temperature_p90_k"": 265.0998840332031, ""valid_pixel_count"": 36864}",{},,Derived observation retained from a public raw scene; absence or missing scene is not evidence of absence.
EPOCH-d29894d37388a96a,Meta Gallatin,"1 Meta Lp, Gallatin, TN 37066",36.4117644,-86.3696786,public-address geocode,tir,Landsat Collection 2 Level-2 Surface Temperature,LC09_L2SP_021035_20260918_02_T1,2026-09-18,https://planetarycomputer.microsoft.com/api/stac/v1/collections/landsat-c2-l2/items/LC09_L2SP_021035_20260918_02_T1,https://planetarycomputer.microsoft.com/api/stac/v1/search,landsat-c2-l2,1.61,INGESTED_DERIVED,RAW_COG_WINDOW_PROCESSED,physical-verification-v1,"{""local_background_temperature_k_median"": 314.3159484863281, ""local_surface_temperature_delta_k"": -0.697265625, ""proxy_note"": ""Thermal anomaly is relative to the local scene background, not a calibrated facility heat-output measurement."", ""source_asset_key"": ""lwir11"", ""source_resolution_m"": 30.0, ""surface_temperature_k_median"": 313.6186828613281, ""surface_temperature_p10_k"": 312.058349609375, ""surface_temperature_p90_k"": 317.9014587402344, ""valid_pixel_count"": 36864}","{""local_background_temperature_k_median_delta"": 49.609130859375, ""local_surface_temperature_delta_k_delta"": 0.068389892578125, ""source_resolution_m_delta"": 0.0, ""surface_temperature_k_median_delta"": 49.677520751953125, ""surface_temperature_p10_k_delta"": 49.496337890625, ""surface_temperature_p90_k_delta"": 52.80157470703125, ""valid_pixel_count_delta"": 0}",,Derived observation retained from a public raw scene; absence or missing scene is not evidence of absence.
EPOCH-d2da66ea035880ce,QTS Cedar Rapids,"6200 76th Ave SW, Fairfax, IA 52228",41.9056197,-91.7510775,public-address geocode,optical,Sentinel-2 MSI L2A,S2C_MSIL2A_20260726T164841_R026_T15TXG_20260726T214913,2026-07-26,https://planetarycomputer.microsoft.com/api/stac/v1/collections/sentinel-2-l2a/items/S2C_MSIL2A_20260726T164841_R026_T15TXG_20260726T214913,https://planetarycomputer.microsoft.com/api/stac/v1/search,sentinel-2-l2a,73.412836,INGESTED_DERIVED,RAW_COG_WINDOW_PROCESSED,physical-verification-v1,"{""ndvi_median"": 0.504359781742096, ""ndvi_p10"": 0.05233810096979141, ""ndvi_p90"": 0.6672317385673523, ""nir_reflectance_median"": 0.5501999855041504, ""nonvegetated_proxy_fraction"": 0.19049492565018258, ""proxy_note"": ""Nonvegetated fraction is a coarse surface-change proxy; it is not a building-footprint measurement."", ""red_reflectance_median"": 0.17720000445842743, ""source_asset_keys"": [""B04"", ""B08"", ""SCL""], ""source_resolution_m"": 10.0, ""valid_pixel_count"": 99126}",{},,Derived observation retained from a public raw scene; absence or missing scene is not evidence of absence.
EPOCH-d2da66ea035880ce,QTS Cedar Rapids,"6200 76th Ave SW, Fairfax, IA 52228",41.9056197,-91.7510775,public-address geocode,optical,Sentinel-2 MSI L2A,S2C_MSIL2A_20260924T165031_R026_T15TWG_20260924T215615,2026-09-24,https://planetarycomputer.microsoft.com/api/stac/v1/collections/sentinel-2-l2a/items/S2C_MSIL2A_20260924T165031_R026_T15TWG_20260924T215615,https://planetarycomputer.microsoft.com/api/stac/v1/search,sentinel-2-l2a,99.984944,INGESTED_DERIVED,RAW_COG_WINDOW_PROCESSED,physical-verification-v1,"{""ndvi_median"": 0.03103676252067089, ""ndvi_p10"": 0.01114595215767622, ""ndvi_p90"": 0.04737197607755661, ""nir_reflectance_median"": 0.9853000044822693, ""nonvegetated_proxy_fraction"": 1.0, ""proxy_note"": ""Nonvegetated fraction is a coarse surface-change proxy; it is not a building-footprint measurement."", ""red_reflectance_median"": 0.9271000027656555, ""source_asset_keys"": [""B04"", ""B08"", ""SCL""], ""source_resolution_m"": 10.0, ""valid_pixel_count"": 262144}","{""ndvi_median_delta"": -0.47332301922142506, ""ndvi_p10_delta"": -0.04119214881211519, ""ndvi_p90_delta"": -0.6198597624897957, ""nir_reflectance_median_delta"": 0.4351000189781189, ""nonvegetated_proxy_fraction_delta"": 0.8095050743498174, ""red_reflectance_median_delta"": 0.7498999983072281, ""source_resolution_m_delta"": 0.0, ""valid_pixel_count_delta"": 163018}",,Derived observation retained from a public raw scene; absence or missing scene is not evidence of absence.
EPOCH-d2da66ea035880ce,QTS Cedar Rapids,"6200 76th Ave SW, Fairfax, IA 52228",41.9056197,-91.7510775,public-address geocode,sar,Sentinel-1 GRD,S1A_IW_GRDH_1SDV_20250808T000546_20250808T000613_060437_07835B,2025-08-08,https://planetarycomputer.microsoft.com/api/stac/v1/collections/sentinel-1-grd/items/S1A_IW_GRDH_1SDV_20250808T000546_20250808T000613_060437_07835B,https://planetarycomputer.microsoft.com/api/stac/v1/search,sentinel-1-grd,,INGESTED_DERIVED,RAW_COG_WINDOW_PROCESSED,physical-verification-v1,"{""backscatter_note"": ""Sentinel-1 GRD detected amplitude is converted to dB with 20*log10(amplitude)."", ""source_asset_keys"": [""vv"", ""vh""], ""source_resolution_m"": 1.0, ""valid_pixel_count"": 0, ""vh_db_median"": null, ""vh_db_p10"": null, ""vh_db_p90"": null, ""vv_db_median"": null, ""vv_db_p10"": null, ""vv_db_p90"": null, ""vv_vh_db_difference"": null}",{},,Derived observation retained from a public raw scene; absence or missing scene is not evidence of absence.
EPOCH-d2da66ea035880ce,QTS Cedar Rapids,"6200 76th Ave SW, Fairfax, IA 52228",41.9056197,-91.7510775,public-address geocode,sar,Sentinel-1 GRD,S1D_IW_GRDH_1SDV_20260927T000459_20260927T000526_004756_008E85,2026-09-27,https://planetarycomputer.microsoft.com/api/stac/v1/collections/sentinel-1-grd/items/S1D_IW_GRDH_1SDV_20260927T000459_20260927T000526_004756_008E85,https://planetarycomputer.microsoft.com/api/stac/v1/search,sentinel-1-grd,,INGESTED_DERIVED,RAW_COG_WINDOW_PROCESSED,physical-verification-v1,"{""backscatter_note"": ""Sentinel-1 GRD detected amplitude is converted to dB with 20*log10(amplitude)."", ""source_asset_keys"": [""vv"", ""vh""], ""source_resolution_m"": 1.0, ""valid_pixel_count"": 0, ""vh_db_median"": null, ""vh_db_p10"": null, ""vh_db_p90"": null, ""vv_db_median"": null, ""vv_db_p10"": null, ""vv_db_p90"": null, ""vv_vh_db_difference"": null}","{""source_resolution_m_delta"": 0.0, ""valid_pixel_count_delta"": 0}",,Derived observation retained from a public raw scene; absence or missing scene is not evidence of absence.
EPOCH-d2da66ea035880ce,QTS Cedar Rapids,"6200 76th Ave SW, Fairfax, IA 52228",41.9056197,-91.7510775,public-address geocode,tir,Landsat Collection 2 Level-2 Surface Temperature,LC08_L2SP_025031_20251122_02_T1,2025-11-22,https://planetarycomputer.microsoft.com/api/stac/v1/collections/landsat-c2-l2/items/LC08_L2SP_025031_20251122_02_T1,https://planetarycomputer.microsoft.com/api/stac/v1/search,landsat-c2-l2,45.15,INGESTED_DERIVED,RAW_COG_WINDOW_PROCESSED,physical-verification-v1,"{""local_background_temperature_k_median"": 278.091796875, ""local_surface_temperature_delta_k"": -1.397979736328125, ""proxy_note"": ""Thermal anomaly is relative to the local scene background, not a calibrated facility heat-output measurement."", ""source_asset_key"": ""lwir11"", ""source_resolution_m"": 30.0, ""surface_temperature_k_median"": 276.6938171386719, ""surface_temperature_p10_k"": 271.2283935546875, ""surface_temperature_p90_k"": 280.853515625, ""valid_pixel_count"": 36864}",{},,Derived observation retained from a public raw scene; absence or missing scene is not evidence of absence.
EPOCH-d2da66ea035880ce,QTS Cedar Rapids,"6200 76th Ave SW, Fairfax, IA 52228",41.9056197,-91.7510775,public-address geocode,tir,Landsat Collection 2 Level-2 Surface Temperature,LC09_L2SP_026031_20260921_02_T2,2026-09-21,https://planetarycomputer.microsoft.com/api/stac/v1/collections/landsat-c2-l2/items/LC09_L2SP_026031_20260921_02_T2,https://planetarycomputer.microsoft.com/api/stac/v1/search,landsat-c2-l2,99.95,INGESTED_DERIVED,RAW_COG_WINDOW_PROCESSED,physical-verification-v1,"{""local_background_temperature_k_median"": 261.6271667480469, ""local_surface_temperature_delta_k"": 1.459503173828125, ""proxy_note"": ""Thermal anomaly is relative to the local scene background, not a calibrated facility heat-output measurement."", ""source_asset_key"": ""lwir11"", ""source_resolution_m"": 30.0, ""surface_temperature_k_median"": 263.086669921875, ""surface_temperature_p10_k"": 260.08905029296875, ""surface_temperature_p90_k"": 267.28466796875, ""valid_pixel_count"": 19270}","{""local_background_temperature_k_median_delta"": -16.464630126953125, ""local_surface_temperature_delta_k_delta"": 2.85748291015625, ""source_resolution_m_delta"": 0.0, ""surface_temperature_k_median_delta"": -13.607147216796875, ""surface_temperature_p10_k_delta"": -11.13934326171875, ""surface_temperature_p90_k_delta"": -13.56884765625, ""valid_pixel_count_delta"": -17594}",,Derived observation retained from a public raw scene; absence or missing scene is not evidence of absence.
EPOCH-d8b28fdbc55817f9,Google Columbus,"5076 S High St, Columbus, OH 43207",39.8614521,-83.0039995,public-address geocode,optical,Sentinel-2 MSI L2A,S2C_MSIL2A_20260108T162651_R040_T17TLE_20260108T200411,2026-01-08,https://planetarycomputer.microsoft.com/api/stac/v1/collections/sentinel-2-l2a/items/S2C_MSIL2A_20260108T162651_R040_T17TLE_20260108T200411,https://planetarycomputer.microsoft.com/api/stac/v1/search,sentinel-2-l2a,87.488073,INGESTED_DERIVED,RAW_COG_WINDOW_PROCESSED,physical-verification-v1,"{""ndvi_median"": 0.031589142978191376, ""ndvi_p10"": -0.000578948063775897, ""ndvi_p90"": 0.07156344503164291, ""nir_reflectance_median"": 0.6083999872207642, ""nonvegetated_proxy_fraction"": 1.0, ""proxy_note"": ""Nonvegetated fraction is a coarse surface-change proxy; it is not a building-footprint measurement."", ""red_reflectance_median"": 0.5727999806404114, ""source_asset_keys"": [""B04"", ""B08"", ""SCL""], ""source_resolution_m"": 10.0, ""valid_pixel_count"": 262144}",{},,Derived observation retained from a public raw scene; absence or missing scene is not evidence of absence.
EPOCH-d8b28fdbc55817f9,Google Columbus,"5076 S High St, Columbus, OH 43207",39.8614521,-83.0039995,public-address geocode,optical,Sentinel-2 MSI L2A,S2C_MSIL2A_20260925T162021_R040_T17TLE_20260925T195353,2026-09-25,https://planetarycomputer.microsoft.com/api/stac/v1/collections/sentinel-2-l2a/items/S2C_MSIL2A_20260925T162021_R040_T17TLE_20260925T195353,https://planetarycomputer.microsoft.com/api/stac/v1/search,sentinel-2-l2a,3.101337,INGESTED_DERIVED,RAW_COG_WINDOW_PROCESSED,physical-verification-v1,"{""ndvi_median"": 0.37761130928993225, ""ndvi_p10"": 0.023255828768014908, ""ndvi_p90"": 0.55417400598526, ""nir_reflectance_median"": 0.35350000858306885, ""nonvegetated_proxy_fraction"": 0.31056891334460296, ""proxy_note"": ""Nonvegetated fraction is a coarse surface-change proxy; it is not a building-footprint measurement."", ""red_reflectance_median"": 0.14810000360012054, ""source_asset_keys"": [""B04"", ""B08"", ""SCL""], ""source_resolution_m"": 10.0, ""valid_pixel_count"": 262061}","{""ndvi_median_delta"": 0.3460221663117409, ""ndvi_p10_delta"": 0.023834776831790805, ""ndvi_p90_delta"": 0.4826105609536171, ""nir_reflectance_median_delta"": -0.2548999786376953, ""nonvegetated_proxy_fraction_delta"": -0.689431086655397, ""red_reflectance_median_delta"": -0.42469997704029083, ""source_resolution_m_delta"": 0.0, ""valid_pixel_count_delta"": -83}",,Derived observation retained from a public raw scene; absence or missing scene is not evidence of absence.
EPOCH-d8b28fdbc55817f9,Google Columbus,"5076 S High St, Columbus, OH 43207",39.8614521,-83.0039995,public-address geocode,sar,Sentinel-1 GRD,S1A_IW_GRDH_1SDV_20250916T233157_20250916T233222_061020_079A6E,2025-09-16,https://planetarycomputer.microsoft.com/api/stac/v1/collections/sentinel-1-grd/items/S1A_IW_GRDH_1SDV_20250916T233157_20250916T233222_061020_079A6E,https://planetarycomputer.microsoft.com/api/stac/v1/search,sentinel-1-grd,,INGESTED_DERIVED,RAW_COG_WINDOW_PROCESSED,physical-verification-v1,"{""backscatter_note"": ""Sentinel-1 GRD detected amplitude is converted to dB with 20*log10(amplitude)."", ""source_asset_keys"": [""vv"", ""vh""], ""source_resolution_m"": 1.0, ""valid_pixel_count"": 0, ""vh_db_median"": null, ""vh_db_p10"": null, ""vh_db_p90"": null, ""vv_db_median"": null, ""vv_db_p10"": null, ""vv_db_p90"": null, ""vv_vh_db_difference"": null}",{},,Derived observation retained from a public raw scene; absence or missing scene is not evidence of absence.
EPOCH-d8b28fdbc55817f9,Google Columbus,"5076 S High St, Columbus, OH 43207",39.8614521,-83.0039995,public-address geocode,sar,Sentinel-1 GRD,S1D_IW_GRDH_1SDV_20260925T232303_20260925T232328_004741_008DFF,2026-09-25,https://planetarycomputer.microsoft.com/api/stac/v1/collections/sentinel-1-grd/items/S1D_IW_GRDH_1SDV_20260925T232303_20260925T232328_004741_008DFF,https://planetarycomputer.microsoft.com/api/stac/v1/search,sentinel-1-grd,,INGESTED_DERIVED,RAW_COG_WINDOW_PROCESSED,physical-verification-v1,"{""backscatter_note"": ""Sentinel-1 GRD detected amplitude is converted to dB with 20*log10(amplitude)."", ""source_asset_keys"": [""vv"", ""vh""], ""source_resolution_m"": 1.0, ""valid_pixel_count"": 0, ""vh_db_median"": null, ""vh_db_p10"": null, ""vh_db_p90"": null, ""vv_db_median"": null, ""vv_db_p10"": null, ""vv_db_p90"": null, ""vv_vh_db_difference"": null}","{""source_resolution_m_delta"": 0.0, ""valid_pixel_count_delta"": 0}",,Derived observation retained from a public raw scene; absence or missing scene is not evidence of absence.
EPOCH-d8b28fdbc55817f9,Google Columbus,"5076 S High St, Columbus, OH 43207",39.8614521,-83.0039995,public-address geocode,tir,Landsat Collection 2 Level-2 Surface Temperature,LC08_L2SP_019032_20250520_02_T1,2025-05-20,https://planetarycomputer.microsoft.com/api/stac/v1/collections/landsat-c2-l2/items/LC08_L2SP_019032_20250520_02_T1,https://planetarycomputer.microsoft.com/api/stac/v1/search,landsat-c2-l2,100.0,INGESTED_DERIVED,RAW_COG_WINDOW_PROCESSED,physical-verification-v1,"{""local_background_temperature_k_median"": 205.28111267089844, ""local_surface_temperature_delta_k"": 0.1880035400390625, ""proxy_note"": ""Thermal anomaly is relative to the local scene background, not a calibrated facility heat-output measurement."", ""source_asset_key"": ""lwir11"", ""source_resolution_m"": 30.0, ""surface_temperature_k_median"": 205.4691162109375, ""surface_temperature_p10_k"": 201.81011962890625, ""surface_temperature_p90_k"": 207.86856079101562, ""valid_pixel_count"": 36864}",{},,Derived observation retained from a public raw scene; absence or missing scene is not evidence of absence.
EPOCH-d8b28fdbc55817f9,Google Columbus,"5076 S High St, Columbus, OH 43207",39.8614521,-83.0039995,public-address geocode,tir,Landsat Collection 2 Level-2 Surface Temperature,LC09_L2SP_019032_20260920_02_T2,2026-09-20,https://planetarycomputer.microsoft.com/api/stac/v1/collections/landsat-c2-l2/items/LC09_L2SP_019032_20260920_02_T2,https://planetarycomputer.microsoft.com/api/stac/v1/search,landsat-c2-l2,52.55,INGESTED_DERIVED,RAW_COG_WINDOW_PROCESSED,physical-verification-v1,"{""local_background_temperature_k_median"": 293.0, ""local_surface_temperature_delta_k"": 0.0, ""proxy_note"": ""Thermal anomaly is relative to the local scene background, not a calibrated facility heat-output measurement."", ""source_asset_key"": ""lwir11"", ""source_resolution_m"": 30.0, ""surface_temperature_k_median"": 293.0, ""surface_temperature_p10_k"": 293.0, ""surface_temperature_p90_k"": 293.0, ""valid_pixel_count"": 36864}","{""local_background_temperature_k_median_delta"": 87.71888732910156, ""local_surface_temperature_delta_k_delta"": -0.1880035400390625, ""source_resolution_m_delta"": 0.0, ""surface_temperature_k_median_delta"": 87.5308837890625, ""surface_temperature_p10_k_delta"": 91.18988037109375, ""surface_temperature_p90_k_delta"": 85.13143920898438, ""valid_pixel_count_delta"": 0}",,Derived observation retained from a public raw scene; absence or missing scene is not evidence of absence.
EPOCH-d9050b43689ed24c,Microsoft Fairwater Atlanta,"1435 Hwy 54 W, Fayetteville, GA 30214",33.4453541,-84.5254819,public-address geocode,optical,Sentinel-2 MSI L2A,S2C_MSIL2A_20260108T162651_R040_T16SGC_20260108T200411,2026-01-08,https://planetarycomputer.microsoft.com/api/stac/v1/collections/sentinel-2-l2a/items/S2C_MSIL2A_20260108T162651_R040_T16SGC_20260108T200411,https://planetarycomputer.microsoft.com/api/stac/v1/search,sentinel-2-l2a,97.152233,INGESTED_DERIVED,RAW_COG_WINDOW_PROCESSED,physical-verification-v1,"{""ndvi_median"": 0.07125239819288254, ""ndvi_p10"": 0.0552806481719017, ""ndvi_p90"": 0.09001234918832779, ""nir_reflectance_median"": 0.43959999084472656, ""nonvegetated_proxy_fraction"": 1.0, ""proxy_note"": ""Nonvegetated fraction is a coarse surface-change proxy; it is not a building-footprint measurement."", ""red_reflectance_median"": 0.3799999952316284, ""source_asset_keys"": [""B04"", ""B08"", ""SCL""], ""source_resolution_m"": 10.0, ""valid_pixel_count"": 262144}",{},,Derived observation retained from a public raw scene; absence or missing scene is not evidence of absence.
EPOCH-d9050b43689ed24c,Microsoft Fairwater Atlanta,"1435 Hwy 54 W, Fayetteville, GA 30214",33.4453541,-84.5254819,public-address geocode,optical,Sentinel-2 MSI L2A,S2C_MSIL2A_20260925T162021_R040_T16SGC_20260925T195353,2026-09-25,https://planetarycomputer.microsoft.com/api/stac/v1/collections/sentinel-2-l2a/items/S2C_MSIL2A_20260925T162021_R040_T16SGC_20260925T195353,https://planetarycomputer.microsoft.com/api/stac/v1/search,sentinel-2-l2a,70.579767,INGESTED_DERIVED,RAW_COG_WINDOW_PROCESSED,physical-verification-v1,"{""ndvi_median"": 0.08501257002353668, ""ndvi_p10"": 0.04749840497970581, ""ndvi_p90"": 0.22260987758636475, ""nir_reflectance_median"": 0.6087999939918518, ""nonvegetated_proxy_fraction"": 0.8711875247299355, ""proxy_note"": ""Nonvegetated fraction is a coarse surface-change proxy; it is not a building-footprint measurement."", ""red_reflectance_median"": 0.5141000151634216, ""source_asset_keys"": [""B04"", ""B08"", ""SCL""], ""source_resolution_m"": 10.0, ""valid_pixel_count"": 184493}","{""ndvi_median_delta"": 0.013760171830654144, ""ndvi_p10_delta"": -0.007782243192195892, ""ndvi_p90_delta"": 0.13259752839803696, ""nir_reflectance_median_delta"": 0.16920000314712524, ""nonvegetated_proxy_fraction_delta"": -0.12881247527006445, ""red_reflectance_median_delta"": 0.1341000199317932, ""source_resolution_m_delta"": 0.0, ""valid_pixel_count_delta"": -77651}",,Derived observation retained from a public raw scene; absence or missing scene is not evidence of absence.
EPOCH-d9050b43689ed24c,Microsoft Fairwater Atlanta,"1435 Hwy 54 W, Fayetteville, GA 30214",33.4453541,-84.5254819,public-address geocode,sar,Sentinel-1 GRD,S1A_IW_GRDH_1SDV_20250124T233841_20250124T233906_057593_071876,2025-01-24,https://planetarycomputer.microsoft.com/api/stac/v1/collections/sentinel-1-grd/items/S1A_IW_GRDH_1SDV_20250124T233841_20250124T233906_057593_071876,https://planetarycomputer.microsoft.com/api/stac/v1/search,sentinel-1-grd,,INGESTED_DERIVED,RAW_COG_WINDOW_PROCESSED,physical-verification-v1,"{""backscatter_note"": ""Sentinel-1 GRD detected amplitude is converted to dB with 20*log10(amplitude)."", ""source_asset_keys"": [""vv"", ""vh""], ""source_resolution_m"": 1.0, ""valid_pixel_count"": 0, ""vh_db_median"": null, ""vh_db_p10"": null, ""vh_db_p90"": null, ""vv_db_median"": null, ""vv_db_p10"": null, ""vv_db_p90"": null, ""vv_vh_db_difference"": null}",{},,Derived observation retained from a public raw scene; absence or missing scene is not evidence of absence.
EPOCH-d9050b43689ed24c,Microsoft Fairwater Atlanta,"1435 Hwy 54 W, Fayetteville, GA 30214",33.4453541,-84.5254819,public-address geocode,sar,Sentinel-1 GRD,S1D_IW_GRDH_1SDV_20260923T233749_20260923T233814_004712_008D06,2026-09-23,https://planetarycomputer.microsoft.com/api/stac/v1/collections/sentinel-1-grd/items/S1D_IW_GRDH_1SDV_20260923T233749_20260923T233814_004712_008D06,https://planetarycomputer.microsoft.com/api/stac/v1/search,sentinel-1-grd,,INGESTED_DERIVED,RAW_COG_WINDOW_PROCESSED,physical-verification-v1,"{""backscatter_note"": ""Sentinel-1 GRD detected amplitude is converted to dB with 20*log10(amplitude)."", ""source_asset_keys"": [""vv"", ""vh""], ""source_resolution_m"": 1.0, ""valid_pixel_count"": 0, ""vh_db_median"": null, ""vh_db_p10"": null, ""vh_db_p90"": null, ""vv_db_median"": null, ""vv_db_p10"": null, ""vv_db_p90"": null, ""vv_vh_db_difference"": null}","{""source_resolution_m_delta"": 0.0, ""valid_pixel_count_delta"": 0}",,Derived observation retained from a public raw scene; absence or missing scene is not evidence of absence.
EPOCH-d9050b43689ed24c,Microsoft Fairwater Atlanta,"1435 Hwy 54 W, Fayetteville, GA 30214",33.4453541,-84.5254819,public-address geocode,tir,Landsat Collection 2 Level-2 Surface Temperature,LC08_L2SP_019037_20250520_02_T1,2025-05-20,https://planetarycomputer.microsoft.com/api/stac/v1/collections/landsat-c2-l2/items/LC08_L2SP_019037_20250520_02_T1,https://planetarycomputer.microsoft.com/api/stac/v1/search,landsat-c2-l2,3.59,INGESTED_DERIVED,RAW_COG_WINDOW_PROCESSED,physical-verification-v1,"{""local_background_temperature_k_median"": 304.9898681640625, ""local_surface_temperature_delta_k"": 1.60308837890625, ""proxy_note"": ""Thermal anomaly is relative to the local scene background, not a calibrated facility heat-output measurement."", ""source_asset_key"": ""lwir11"", ""source_resolution_m"": 30.0, ""surface_temperature_k_median"": 306.59295654296875, ""surface_temperature_p10_k"": 302.7698974609375, ""surface_temperature_p90_k"": 311.73193359375, ""valid_pixel_count"": 36864}",{},,Derived observation retained from a public raw scene; absence or missing scene is not evidence of absence.
EPOCH-d9050b43689ed24c,Microsoft Fairwater Atlanta,"1435 Hwy 54 W, Fayetteville, GA 30214",33.4453541,-84.5254819,public-address geocode,tir,Landsat Collection 2 Level-2 Surface Temperature,LC09_L2SP_019037_20260920_02_T1,2026-09-20,https://planetarycomputer.microsoft.com/api/stac/v1/collections/landsat-c2-l2/items/LC09_L2SP_019037_20260920_02_T1,https://planetarycomputer.microsoft.com/api/stac/v1/search,landsat-c2-l2,44.9,INGESTED_DERIVED,RAW_COG_WINDOW_PROCESSED,physical-verification-v1,"{""local_background_temperature_k_median"": 298.64093017578125, ""local_surface_temperature_delta_k"": -0.042724609375, ""proxy_note"": ""Thermal anomaly is relative to the local scene background, not a calibrated facility heat-output measurement."", ""source_asset_key"": ""lwir11"", ""source_resolution_m"": 30.0, ""surface_temperature_k_median"": 298.59820556640625, ""surface_temperature_p10_k"": 289.3832092285156, ""surface_temperature_p90_k"": 303.1885986328125, ""valid_pixel_count"": 36864}","{""local_background_temperature_k_median_delta"": -6.34893798828125, ""local_surface_temperature_delta_k_delta"": -1.64581298828125, ""source_resolution_m_delta"": 0.0, ""surface_temperature_k_median_delta"": -7.9947509765625, ""surface_temperature_p10_k_delta"": -13.386688232421875, ""surface_temperature_p90_k_delta"": -8.5433349609375, ""valid_pixel_count_delta"": 0}",,Derived observation retained from a public raw scene; absence or missing scene is not evidence of absence.
EPOCH-dadec9d6ef7fca88,EcoDataCenter 2,"Kvarnsvedsvägen 420, 784 66 Borlänge, Sweden",60.5251367,15.4138107,public-address geocode,optical,Sentinel-2 MSI L2A,S2B_MSIL2A_20260617T102559_R108_T33VWH_20260617T142419,2026-06-17,https://planetarycomputer.microsoft.com/api/stac/v1/collections/sentinel-2-l2a/items/S2B_MSIL2A_20260617T102559_R108_T33VWH_20260617T142419,https://planetarycomputer.microsoft.com/api/stac/v1/search,sentinel-2-l2a,0.01072,INGESTED_DERIVED,RAW_COG_WINDOW_PROCESSED,physical-verification-v1,"{""ndvi_median"": 0.48263031244277954, ""ndvi_p10"": 0.03903345763683319, ""ndvi_p90"": 0.6261278390884399, ""nir_reflectance_median"": 0.3822000026702881, ""nonvegetated_proxy_fraction"": 0.16039276123046875, ""proxy_note"": ""Nonvegetated fraction is a coarse surface-change proxy; it is not a building-footprint measurement."", ""red_reflectance_median"": 0.12060000002384186, ""source_asset_keys"": [""B04"", ""B08"", ""SCL""], ""source_resolution_m"": 10.0, ""valid_pixel_count"": 262144}",{},,Derived observation retained from a public raw scene; absence or missing scene is not evidence of absence.
EPOCH-dadec9d6ef7fca88,EcoDataCenter 2,"Kvarnsvedsvägen 420, 784 66 Borlänge, Sweden",60.5251367,15.4138107,public-address geocode,optical,Sentinel-2 MSI L2A,S2B_MSIL2A_20260925T103019_R108_T33VWH_20260925T145653,2026-09-25,https://planetarycomputer.microsoft.com/api/stac/v1/collections/sentinel-2-l2a/items/S2B_MSIL2A_20260925T103019_R108_T33VWH_20260925T145653,https://planetarycomputer.microsoft.com/api/stac/v1/search,sentinel-2-l2a,8.754662,INGESTED_DERIVED,RAW_COG_WINDOW_PROCESSED,physical-verification-v1,"{""ndvi_median"": 0.40786033868789673, ""ndvi_p10"": 0.029023490846157074, ""ndvi_p90"": 0.5426986217498779, ""nir_reflectance_median"": 0.31310001015663147, ""nonvegetated_proxy_fraction"": 0.18687820434570312, ""proxy_note"": ""Nonvegetated fraction is a coarse surface-change proxy; it is not a building-footprint measurement."", ""red_reflectance_median"": 0.12290000170469284, ""source_asset_keys"": [""B04"", ""B08"", ""SCL""], ""source_resolution_m"": 10.0, ""valid_pixel_count"": 262144}","{""ndvi_median_delta"": -0.07476997375488281, ""ndvi_p10_delta"": -0.010009966790676117, ""ndvi_p90_delta"": -0.08342921733856201, ""nir_reflectance_median_delta"": -0.06909999251365662, ""nonvegetated_proxy_fraction_delta"": 0.026485443115234375, ""red_reflectance_median_delta"": 0.0023000016808509827, ""source_resolution_m_delta"": 0.0, ""valid_pixel_count_delta"": 0}",,Derived observation retained from a public raw scene; absence or missing scene is not evidence of absence.
EPOCH-dadec9d6ef7fca88,EcoDataCenter 2,"Kvarnsvedsvägen 420, 784 66 Borlänge, Sweden",60.5251367,15.4138107,public-address geocode,sar,Sentinel-1 GRD,S1D_IW_GRDH_1SDV_20260717T052234_20260717T052259_003709_006A36,2026-07-17,https://planetarycomputer.microsoft.com/api/stac/v1/collections/sentinel-1-grd/items/S1D_IW_GRDH_1SDV_20260717T052234_20260717T052259_003709_006A36,https://planetarycomputer.microsoft.com/api/stac/v1/search,sentinel-1-grd,,INGESTED_DERIVED,RAW_COG_WINDOW_PROCESSED,physical-verification-v1,"{""backscatter_note"": ""Sentinel-1 GRD detected amplitude is converted to dB with 20*log10(amplitude)."", ""source_asset_keys"": [""vv"", ""vh""], ""source_resolution_m"": 1.0, ""valid_pixel_count"": 0, ""vh_db_median"": null, ""vh_db_p10"": null, ""vh_db_p90"": null, ""vv_db_median"": null, ""vv_db_p10"": null, ""vv_db_p90"": null, ""vv_vh_db_difference"": null}",{},,Derived observation retained from a public raw scene; absence or missing scene is not evidence of absence.
EPOCH-dadec9d6ef7fca88,EcoDataCenter 2,"Kvarnsvedsvägen 420, 784 66 Borlänge, Sweden",60.5251367,15.4138107,public-address geocode,sar,Sentinel-1 GRD,S1D_IW_GRDH_1SDV_20260927T052236_20260927T052301_004759_008EA2,2026-09-27,https://planetarycomputer.microsoft.com/api/stac/v1/collections/sentinel-1-grd/items/S1D_IW_GRDH_1SDV_20260927T052236_20260927T052301_004759_008EA2,https://planetarycomputer.microsoft.com/api/stac/v1/search,sentinel-1-grd,,INGESTED_DERIVED,RAW_COG_WINDOW_PROCESSED,physical-verification-v1,"{""backscatter_note"": ""Sentinel-1 GRD detected amplitude is converted to dB with 20*log10(amplitude)."", ""source_asset_keys"": [""vv"", ""vh""], ""source_resolution_m"": 1.0, ""valid_pixel_count"": 0, ""vh_db_median"": null, ""vh_db_p10"": null, ""vh_db_p90"": null, ""vv_db_median"": null, ""vv_db_p10"": null, ""vv_db_p90"": null, ""vv_vh_db_difference"": null}","{""source_resolution_m_delta"": 0.0, ""valid_pixel_count_delta"": 0}",,Derived observation retained from a public raw scene; absence or missing scene is not evidence of absence.
EPOCH-dadec9d6ef7fca88,EcoDataCenter 2,"Kvarnsvedsvägen 420, 784 66 Borlänge, Sweden",60.5251367,15.4138107,public-address geocode,tir,Landsat Collection 2 Level-2 Surface Temperature,LC09_L2SP_195017_20260414_02_T1,2026-04-14,https://planetarycomputer.microsoft.com/api/stac/v1/collections/landsat-c2-l2/items/LC09_L2SP_195017_20260414_02_T1,https://planetarycomputer.microsoft.com/api/stac/v1/search,landsat-c2-l2,71.66,INGESTED_DERIVED,RAW_COG_WINDOW_PROCESSED,physical-verification-v1,"{""local_background_temperature_k_median"": 271.2728271484375, ""local_surface_temperature_delta_k"": -13.29949951171875, ""proxy_note"": ""Thermal anomaly is relative to the local scene background, not a calibrated facility heat-output measurement."", ""source_asset_key"": ""lwir11"", ""source_resolution_m"": 30.0, ""surface_temperature_k_median"": 257.97332763671875, ""surface_temperature_p10_k"": 240.63711547851562, ""surface_temperature_p90_k"": 286.4864501953125, ""valid_pixel_count"": 27128}",{},,Derived observation retained from a public raw scene; absence or missing scene is not evidence of absence.
EPOCH-dadec9d6ef7fca88,EcoDataCenter 2,"Kvarnsvedsvägen 420, 784 66 Borlänge, Sweden",60.5251367,15.4138107,public-address geocode,tir,Landsat Collection 2 Level-2 Surface Temperature,LC09_L2SP_195018_20260921_02_T1,2026-09-21,https://planetarycomputer.microsoft.com/api/stac/v1/collections/landsat-c2-l2/items/LC09_L2SP_195018_20260921_02_T1,https://planetarycomputer.microsoft.com/api/stac/v1/search,landsat-c2-l2,82.71,INGESTED_DERIVED,RAW_COG_WINDOW_PROCESSED,physical-verification-v1,"{""local_background_temperature_k_median"": 277.7397155761719, ""local_surface_temperature_delta_k"": -5.426116943359375, ""proxy_note"": ""Thermal anomaly is relative to the local scene background, not a calibrated facility heat-output measurement."", ""source_asset_key"": ""lwir11"", ""source_resolution_m"": 30.0, ""surface_temperature_k_median"": 272.3135986328125, ""surface_temperature_p10_k"": 270.7054443359375, ""surface_temperature_p90_k"": 284.37237548828125, ""valid_pixel_count"": 32903}","{""local_background_temperature_k_median_delta"": 6.466888427734375, ""local_surface_temperature_delta_k_delta"": 7.873382568359375, ""source_resolution_m_delta"": 0.0, ""surface_temperature_k_median_delta"": 14.34027099609375, ""surface_temperature_p10_k_delta"": 30.068328857421875, ""surface_temperature_p90_k_delta"": -2.11407470703125, ""valid_pixel_count_delta"": 5775}",,Derived observation retained from a public raw scene; absence or missing scene is not evidence of absence.
EPOCH-e06bc7faa8b1b187,Google Lincoln,"5475 Cloud Ct, Lincoln, NE 68514",40.907472,-96.6457832,public-address geocode,optical,Sentinel-2 MSI L2A,S2B_MSIL2A_20260727T170849_R112_T14TQL_20260727T210327,2026-07-27,https://planetarycomputer.microsoft.com/api/stac/v1/collections/sentinel-2-l2a/items/S2B_MSIL2A_20260727T170849_R112_T14TQL_20260727T210327,https://planetarycomputer.microsoft.com/api/stac/v1/search,sentinel-2-l2a,8.162836,INGESTED_DERIVED,RAW_COG_WINDOW_PROCESSED,physical-verification-v1,"{""ndvi_median"": 0.4131903648376465, ""ndvi_p10"": 0.09482908993959427, ""ndvi_p90"": 0.6028946042060852, ""nir_reflectance_median"": 0.4196000099182129, ""nonvegetated_proxy_fraction"": 0.18177532327586207, ""proxy_note"": ""Nonvegetated fraction is a coarse surface-change proxy; it is not a building-footprint measurement."", ""red_reflectance_median"": 0.164900004863739, ""source_asset_keys"": [""B04"", ""B08"", ""SCL""], ""source_resolution_m"": 10.0, ""valid_pixel_count"": 44544}",{},,Derived observation retained from a public raw scene; absence or missing scene is not evidence of absence.
EPOCH-e06bc7faa8b1b187,Google Lincoln,"5475 Cloud Ct, Lincoln, NE 68514",40.907472,-96.6457832,public-address geocode,optical,Sentinel-2 MSI L2A,S2B_MSIL2A_20260925T170949_R112_T14TPL_20260925T211357,2026-09-25,https://planetarycomputer.microsoft.com/api/stac/v1/collections/sentinel-2-l2a/items/S2B_MSIL2A_20260925T170949_R112_T14TPL_20260925T211357,https://planetarycomputer.microsoft.com/api/stac/v1/search,sentinel-2-l2a,99.999827,INGESTED_DERIVED,RAW_COG_WINDOW_PROCESSED,physical-verification-v1,"{""ndvi_median"": -0.01693892292678356, ""ndvi_p10"": -0.026411481201648712, ""ndvi_p90"": -0.010294784791767597, ""nir_reflectance_median"": 0.9876999855041504, ""nonvegetated_proxy_fraction"": 1.0, ""proxy_note"": ""Nonvegetated fraction is a coarse surface-change proxy; it is not a building-footprint measurement."", ""red_reflectance_median"": 1.020900011062622, ""source_asset_keys"": [""B04"", ""B08"", ""SCL""], ""source_resolution_m"": 10.0, ""valid_pixel_count"": 262144}","{""ndvi_median_delta"": -0.43012928776443005, ""ndvi_p10_delta"": -0.12124057114124298, ""ndvi_p90_delta"": -0.6131893889978528, ""nir_reflectance_median_delta"": 0.5680999755859375, ""nonvegetated_proxy_fraction_delta"": 0.8182246767241379, ""red_reflectance_median_delta"": 0.8560000061988831, ""source_resolution_m_delta"": 0.0, ""valid_pixel_count_delta"": 217600}",,Derived observation retained from a public raw scene; absence or missing scene is not evidence of absence.
EPOCH-e06bc7faa8b1b187,Google Lincoln,"5475 Cloud Ct, Lincoln, NE 68514",40.907472,-96.6457832,public-address geocode,sar,Sentinel-1 GRD,S1A_IW_GRDH_1SDV_20250102T002148_20250102T002213_057258_070B29,2025-01-02,https://planetarycomputer.microsoft.com/api/stac/v1/collections/sentinel-1-grd/items/S1A_IW_GRDH_1SDV_20250102T002148_20250102T002213_057258_070B29,https://planetarycomputer.microsoft.com/api/stac/v1/search,sentinel-1-grd,,INGESTED_DERIVED,RAW_COG_WINDOW_PROCESSED,physical-verification-v1,"{""backscatter_note"": ""Sentinel-1 GRD detected amplitude is converted to dB with 20*log10(amplitude)."", ""source_asset_keys"": [""vv"", ""vh""], ""source_resolution_m"": 1.0, ""valid_pixel_count"": 0, ""vh_db_median"": null, ""vh_db_p10"": null, ""vh_db_p90"": null, ""vv_db_median"": null, ""vv_db_p10"": null, ""vv_db_p90"": null, ""vv_vh_db_difference"": null}",{},,Derived observation retained from a public raw scene; absence or missing scene is not evidence of absence.
EPOCH-e06bc7faa8b1b187,Google Lincoln,"5475 Cloud Ct, Lincoln, NE 68514",40.907472,-96.6457832,public-address geocode,sar,Sentinel-1 GRD,S1D_IW_GRDH_1SDV_20260925T002112_20260925T002148_004727_008D82,2026-09-25,https://planetarycomputer.microsoft.com/api/stac/v1/collections/sentinel-1-grd/items/S1D_IW_GRDH_1SDV_20260925T002112_20260925T002148_004727_008D82,https://planetarycomputer.microsoft.com/api/stac/v1/search,sentinel-1-grd,,INGESTED_DERIVED,RAW_COG_WINDOW_PROCESSED,physical-verification-v1,"{""backscatter_note"": ""Sentinel-1 GRD detected amplitude is converted to dB with 20*log10(amplitude)."", ""source_asset_keys"": [""vv"", ""vh""], ""source_resolution_m"": 1.0, ""valid_pixel_count"": 0, ""vh_db_median"": null, ""vh_db_p10"": null, ""vh_db_p90"": null, ""vv_db_median"": null, ""vv_db_p10"": null, ""vv_db_p90"": null, ""vv_vh_db_difference"": null}","{""source_resolution_m_delta"": 0.0, ""valid_pixel_count_delta"": 0}",,Derived observation retained from a public raw scene; absence or missing scene is not evidence of absence.
EPOCH-e06bc7faa8b1b187,Google Lincoln,"5475 Cloud Ct, Lincoln, NE 68514",40.907472,-96.6457832,public-address geocode,tir,Landsat Collection 2 Level-2 Surface Temperature,LC09_L2SP_028032_20250511_02_T1,2025-05-11,https://planetarycomputer.microsoft.com/api/stac/v1/collections/landsat-c2-l2/items/LC09_L2SP_028032_20250511_02_T1,https://planetarycomputer.microsoft.com/api/stac/v1/search,landsat-c2-l2,0.0,INGESTED_DERIVED,RAW_COG_WINDOW_PROCESSED,physical-verification-v1,"{""local_background_temperature_k_median"": 316.47613525390625, ""local_surface_temperature_delta_k"": 0.514404296875, ""proxy_note"": ""Thermal anomaly is relative to the local scene background, not a calibrated facility heat-output measurement."", ""source_asset_key"": ""lwir11"", ""source_resolution_m"": 30.0, ""surface_temperature_k_median"": 316.99053955078125, ""surface_temperature_p10_k"": 313.4375, ""surface_temperature_p90_k"": 320.5999755859375, ""valid_pixel_count"": 36864}",{},,Derived observation retained from a public raw scene; absence or missing scene is not evidence of absence.
EPOCH-e06bc7faa8b1b187,Google Lincoln,"5475 Cloud Ct, Lincoln, NE 68514",40.907472,-96.6457832,public-address geocode,tir,Landsat Collection 2 Level-2 Surface Temperature,LC09_L2SP_028032_20260919_02_T1,2026-09-19,https://planetarycomputer.microsoft.com/api/stac/v1/collections/landsat-c2-l2/items/LC09_L2SP_028032_20260919_02_T1,https://planetarycomputer.microsoft.com/api/stac/v1/search,landsat-c2-l2,33.9,INGESTED_DERIVED,RAW_COG_WINDOW_PROCESSED,physical-verification-v1,"{""local_background_temperature_k_median"": 281.3764953613281, ""local_surface_temperature_delta_k"": -7.7366943359375, ""proxy_note"": ""Thermal anomaly is relative to the local scene background, not a calibrated facility heat-output measurement."", ""source_asset_key"": ""lwir11"", ""source_resolution_m"": 30.0, ""surface_temperature_k_median"": 273.6398010253906, ""surface_temperature_p10_k"": 261.8818359375, ""surface_temperature_p90_k"": 285.1465759277344, ""valid_pixel_count"": 36864}","{""local_background_temperature_k_median_delta"": -35.099639892578125, ""local_surface_temperature_delta_k_delta"": -8.2510986328125, ""source_resolution_m_delta"": 0.0, ""surface_temperature_k_median_delta"": -43.350738525390625, ""surface_temperature_p10_k_delta"": -51.5556640625, ""surface_temperature_p90_k_delta"": -35.453399658203125, ""valid_pixel_count_delta"": 0}",,Derived observation retained from a public raw scene; absence or missing scene is not evidence of absence.
EPOCH-ea699c935d46e066,Google Pryor (North),"4581 Webb St, Pryor, OK 74361",36.2411721,-95.3300473,public-address geocode,optical,Sentinel-2 MSI L2A,S2C_MSIL2A_20260130T170541_R069_T15STA_20260130T210220,2026-01-30,https://planetarycomputer.microsoft.com/api/stac/v1/collections/sentinel-2-l2a/items/S2C_MSIL2A_20260130T170541_R069_T15STA_20260130T210220,https://planetarycomputer.microsoft.com/api/stac/v1/search,sentinel-2-l2a,94.849068,INGESTED_DERIVED,RAW_COG_WINDOW_PROCESSED,physical-verification-v1,"{""ndvi_median"": 0.019520850852131844, ""ndvi_p10"": 0.013698628172278404, ""ndvi_p90"": 0.025654416531324387, ""nir_reflectance_median"": 0.8131999969482422, ""nonvegetated_proxy_fraction"": 1.0, ""proxy_note"": ""Nonvegetated fraction is a coarse surface-change proxy; it is not a building-footprint measurement."", ""red_reflectance_median"": 0.7820000052452087, ""source_asset_keys"": [""B04"", ""B08"", ""SCL""], ""source_resolution_m"": 10.0, ""valid_pixel_count"": 262144}",{},,Derived observation retained from a public raw scene; absence or missing scene is not evidence of absence.
EPOCH-ea699c935d46e066,Google Pryor (North),"4581 Webb St, Pryor, OK 74361",36.2411721,-95.3300473,public-address geocode,optical,Sentinel-2 MSI L2A,S2B_MSIL2A_20260922T165919_R069_T15STA_20260922T223324,2026-09-22,https://planetarycomputer.microsoft.com/api/stac/v1/collections/sentinel-2-l2a/items/S2B_MSIL2A_20260922T165919_R069_T15STA_20260922T223324,https://planetarycomputer.microsoft.com/api/stac/v1/search,sentinel-2-l2a,0.150431,INGESTED_DERIVED,RAW_COG_WINDOW_PROCESSED,physical-verification-v1,"{""ndvi_median"": 0.3499482274055481, ""ndvi_p10"": 0.13322892785072327, ""ndvi_p90"": 0.4623512923717499, ""nir_reflectance_median"": 0.38339999318122864, ""nonvegetated_proxy_fraction"": 0.15302658081054688, ""proxy_note"": ""Nonvegetated fraction is a coarse surface-change proxy; it is not a building-footprint measurement."", ""red_reflectance_median"": 0.18310000002384186, ""source_asset_keys"": [""B04"", ""B08"", ""SCL""], ""source_resolution_m"": 10.0, ""valid_pixel_count"": 262144}","{""ndvi_median_delta"": 0.33042737655341625, ""ndvi_p10_delta"": 0.11953029967844486, ""ndvi_p90_delta"": 0.4366968758404255, ""nir_reflectance_median_delta"": -0.42980000376701355, ""nonvegetated_proxy_fraction_delta"": -0.8469734191894531, ""red_reflectance_median_delta"": -0.5989000052213669, ""source_resolution_m_delta"": 0.0, ""valid_pixel_count_delta"": 0}",,Derived observation retained from a public raw scene; absence or missing scene is not evidence of absence.
EPOCH-ea699c935d46e066,Google Pryor (North),"4581 Webb St, Pryor, OK 74361",36.2411721,-95.3300473,public-address geocode,sar,Sentinel-1 GRD,S1A_IW_GRDH_1SDV_20250102T002033_20250102T002058_057258_070B29,2025-01-02,https://planetarycomputer.microsoft.com/api/stac/v1/collections/sentinel-1-grd/items/S1A_IW_GRDH_1SDV_20250102T002033_20250102T002058_057258_070B29,https://planetarycomputer.microsoft.com/api/stac/v1/search,sentinel-1-grd,,INGESTED_DERIVED,RAW_COG_WINDOW_PROCESSED,physical-verification-v1,"{""backscatter_note"": ""Sentinel-1 GRD detected amplitude is converted to dB with 20*log10(amplitude)."", ""source_asset_keys"": [""vv"", ""vh""], ""source_resolution_m"": 1.0, ""valid_pixel_count"": 0, ""vh_db_median"": null, ""vh_db_p10"": null, ""vh_db_p90"": null, ""vv_db_median"": null, ""vv_db_p10"": null, ""vv_db_p90"": null, ""vv_vh_db_difference"": null}",{},,Derived observation retained from a public raw scene; absence or missing scene is not evidence of absence.
EPOCH-ea699c935d46e066,Google Pryor (North),"4581 Webb St, Pryor, OK 74361",36.2411721,-95.3300473,public-address geocode,sar,Sentinel-1 GRD,S1D_IW_GRDH_1SDV_20260925T001932_20260925T001957_004727_008D82,2026-09-25,https://planetarycomputer.microsoft.com/api/stac/v1/collections/sentinel-1-grd/items/S1D_IW_GRDH_1SDV_20260925T001932_20260925T001957_004727_008D82,https://planetarycomputer.microsoft.com/api/stac/v1/search,sentinel-1-grd,,INGESTED_DERIVED,RAW_COG_WINDOW_PROCESSED,physical-verification-v1,"{""backscatter_note"": ""Sentinel-1 GRD detected amplitude is converted to dB with 20*log10(amplitude)."", ""source_asset_keys"": [""vv"", ""vh""], ""source_resolution_m"": 1.0, ""valid_pixel_count"": 0, ""vh_db_median"": null, ""vh_db_p10"": null, ""vh_db_p90"": null, ""vv_db_median"": null, ""vv_db_p10"": null, ""vv_db_p90"": null, ""vv_vh_db_difference"": null}","{""source_resolution_m_delta"": 0.0, ""valid_pixel_count_delta"": 0}",,Derived observation retained from a public raw scene; absence or missing scene is not evidence of absence.
EPOCH-ea699c935d46e066,Google Pryor (North),"4581 Webb St, Pryor, OK 74361",36.2411721,-95.3300473,public-address geocode,tir,Landsat Collection 2 Level-2 Surface Temperature,LC08_L2SP_026035_20260116_02_T1,2026-01-16,https://planetarycomputer.microsoft.com/api/stac/v1/collections/landsat-c2-l2/items/LC08_L2SP_026035_20260116_02_T1,https://planetarycomputer.microsoft.com/api/stac/v1/search,landsat-c2-l2,65.66,INGESTED_DERIVED,RAW_COG_WINDOW_PROCESSED,physical-verification-v1,"{""local_background_temperature_k_median"": 251.06207275390625, ""local_surface_temperature_delta_k"": -1.890167236328125, ""proxy_note"": ""Thermal anomaly is relative to the local scene background, not a calibrated facility heat-output measurement."", ""source_asset_key"": ""lwir11"", ""source_resolution_m"": 30.0, ""surface_temperature_k_median"": 249.17190551757812, ""surface_temperature_p10_k"": 245.84275817871094, ""surface_temperature_p90_k"": 259.98138427734375, ""valid_pixel_count"": 36864}",{},,Derived observation retained from a public raw scene; absence or missing scene is not evidence of absence.
EPOCH-ea699c935d46e066,Google Pryor (North),"4581 Webb St, Pryor, OK 74361",36.2411721,-95.3300473,public-address geocode,tir,Landsat Collection 2 Level-2 Surface Temperature,LC09_L2SP_026035_20260921_02_T1,2026-09-21,https://planetarycomputer.microsoft.com/api/stac/v1/collections/landsat-c2-l2/items/LC09_L2SP_026035_20260921_02_T1,https://planetarycomputer.microsoft.com/api/stac/v1/search,landsat-c2-l2,27.59,INGESTED_DERIVED,RAW_COG_WINDOW_PROCESSED,physical-verification-v1,"{""local_background_temperature_k_median"": 309.4828796386719, ""local_surface_temperature_delta_k"": 1.780792236328125, ""proxy_note"": ""Thermal anomaly is relative to the local scene background, not a calibrated facility heat-output measurement."", ""source_asset_key"": ""lwir11"", ""source_resolution_m"": 30.0, ""surface_temperature_k_median"": 311.263671875, ""surface_temperature_p10_k"": 307.49530029296875, ""surface_temperature_p90_k"": 313.5520324707031, ""valid_pixel_count"": 36864}","{""local_background_temperature_k_median_delta"": 58.420806884765625, ""local_surface_temperature_delta_k_delta"": 3.67095947265625, ""source_resolution_m_delta"": 0.0, ""surface_temperature_k_median_delta"": 62.091766357421875, ""surface_temperature_p10_k_delta"": 61.65254211425781, ""surface_temperature_p90_k_delta"": 53.570648193359375, ""valid_pixel_count_delta"": 0}",,Derived observation retained from a public raw scene; absence or missing scene is not evidence of absence.
EPOCH-eb87487504bda8ed,CoreWeave Marble NC,"155 Palmer Ln, Marble, NC 28905",35.1849883,-83.9141225,public-address geocode,optical,Sentinel-2 MSI L2A,S2C_MSIL2A_20260823T160821_R140_T17SKV_20260823T205905,2026-08-23,https://planetarycomputer.microsoft.com/api/stac/v1/collections/sentinel-2-l2a/items/S2C_MSIL2A_20260823T160821_R140_T17SKV_20260823T205905,https://planetarycomputer.microsoft.com/api/stac/v1/search,sentinel-2-l2a,4.569611,INGESTED_DERIVED,RAW_COG_WINDOW_PROCESSED,physical-verification-v1,"{""ndvi_median"": 0.563528835773468, ""ndvi_p10"": 0.24886485934257507, ""ndvi_p90"": 0.6087495684623718, ""nir_reflectance_median"": 0.48159998655319214, ""nonvegetated_proxy_fraction"": 0.0848013513809973, ""proxy_note"": ""Nonvegetated fraction is a coarse surface-change proxy; it is not a building-footprint measurement."", ""red_reflectance_median"": 0.1315000057220459, ""source_asset_keys"": [""B04"", ""B08"", ""SCL""], ""source_resolution_m"": 10.0, ""valid_pixel_count"": 182332}",{},,Derived observation retained from a public raw scene; absence or missing scene is not evidence of absence.
EPOCH-eb87487504bda8ed,CoreWeave Marble NC,"155 Palmer Ln, Marble, NC 28905",35.1849883,-83.9141225,public-address geocode,optical,Sentinel-2 MSI L2A,S2C_MSIL2A_20260925T162021_R040_T16SGD_20260925T195353,2026-09-25,https://planetarycomputer.microsoft.com/api/stac/v1/collections/sentinel-2-l2a/items/S2C_MSIL2A_20260925T162021_R040_T16SGD_20260925T195353,https://planetarycomputer.microsoft.com/api/stac/v1/search,sentinel-2-l2a,72.908372,INGESTED_DERIVED,RAW_COG_WINDOW_PROCESSED,physical-verification-v1,"{""ndvi_median"": 0.45988112688064575, ""ndvi_p10"": 0.08061360567808151, ""ndvi_p90"": 0.5702453851699829, ""nir_reflectance_median"": 0.43059998750686646, ""nonvegetated_proxy_fraction"": 0.24674160288233243, ""proxy_note"": ""Nonvegetated fraction is a coarse surface-change proxy; it is not a building-footprint measurement."", ""red_reflectance_median"": 0.14180000126361847, ""source_asset_keys"": [""B04"", ""B08"", ""SCL""], ""source_resolution_m"": 10.0, ""valid_pixel_count"": 60229}","{""ndvi_median_delta"": -0.10364770889282227, ""ndvi_p10_delta"": -0.16825125366449356, ""ndvi_p90_delta"": -0.038504183292388916, ""nir_reflectance_median_delta"": -0.050999999046325684, ""nonvegetated_proxy_fraction_delta"": 0.16194025150133512, ""red_reflectance_median_delta"": 0.01029999554157257, ""source_resolution_m_delta"": 0.0, ""valid_pixel_count_delta"": -122103}",,Derived observation retained from a public raw scene; absence or missing scene is not evidence of absence.
EPOCH-eb87487504bda8ed,CoreWeave Marble NC,"155 Palmer Ln, Marble, NC 28905",35.1849883,-83.9141225,public-address geocode,sar,Sentinel-1 GRD,S1A_IW_GRDH_1SDV_20250804T233902_20250804T233927_060393_0781B6,2025-08-04,https://planetarycomputer.microsoft.com/api/stac/v1/collections/sentinel-1-grd/items/S1A_IW_GRDH_1SDV_20250804T233902_20250804T233927_060393_0781B6,https://planetarycomputer.microsoft.com/api/stac/v1/search,sentinel-1-grd,,INGESTED_DERIVED,RAW_COG_WINDOW_PROCESSED,physical-verification-v1,"{""backscatter_note"": ""Sentinel-1 GRD detected amplitude is converted to dB with 20*log10(amplitude)."", ""source_asset_keys"": [""vv"", ""vh""], ""source_resolution_m"": 1.0, ""valid_pixel_count"": 0, ""vh_db_median"": null, ""vh_db_p10"": null, ""vh_db_p90"": null, ""vv_db_median"": null, ""vv_db_p10"": null, ""vv_db_p90"": null, ""vv_vh_db_difference"": null}",{},,Derived observation retained from a public raw scene; absence or missing scene is not evidence of absence.
EPOCH-eb87487504bda8ed,CoreWeave Marble NC,"155 Palmer Ln, Marble, NC 28905",35.1849883,-83.9141225,public-address geocode,sar,Sentinel-1 GRD,S1D_IW_GRDH_1SDV_20260923T233814_20260923T233839_004712_008D06,2026-09-23,https://planetarycomputer.microsoft.com/api/stac/v1/collections/sentinel-1-grd/items/S1D_IW_GRDH_1SDV_20260923T233814_20260923T233839_004712_008D06,https://planetarycomputer.microsoft.com/api/stac/v1/search,sentinel-1-grd,,INGESTED_DERIVED,RAW_COG_WINDOW_PROCESSED,physical-verification-v1,"{""backscatter_note"": ""Sentinel-1 GRD detected amplitude is converted to dB with 20*log10(amplitude)."", ""source_asset_keys"": [""vv"", ""vh""], ""source_resolution_m"": 1.0, ""valid_pixel_count"": 0, ""vh_db_median"": null, ""vh_db_p10"": null, ""vh_db_p90"": null, ""vv_db_median"": null, ""vv_db_p10"": null, ""vv_db_p90"": null, ""vv_vh_db_difference"": null}","{""source_resolution_m_delta"": 0.0, ""valid_pixel_count_delta"": 0}",,Derived observation retained from a public raw scene; absence or missing scene is not evidence of absence.
EPOCH-eb87487504bda8ed,CoreWeave Marble NC,"155 Palmer Ln, Marble, NC 28905",35.1849883,-83.9141225,public-address geocode,tir,Landsat Collection 2 Level-2 Surface Temperature,LC08_L2SP_019035_20260131_02_T2,2026-01-31,https://planetarycomputer.microsoft.com/api/stac/v1/collections/landsat-c2-l2/items/LC08_L2SP_019035_20260131_02_T2,https://planetarycomputer.microsoft.com/api/stac/v1/search,landsat-c2-l2,100.0,INGESTED_DERIVED,RAW_COG_WINDOW_PROCESSED,physical-verification-v1,"{""local_background_temperature_k_median"": 238.5623779296875, ""local_surface_temperature_delta_k"": -0.3349609375, ""proxy_note"": ""Thermal anomaly is relative to the local scene background, not a calibrated facility heat-output measurement."", ""source_asset_key"": ""lwir11"", ""source_resolution_m"": 30.0, ""surface_temperature_k_median"": 238.2274169921875, ""surface_temperature_p10_k"": 237.44981384277344, ""surface_temperature_p90_k"": 239.61512756347656, ""valid_pixel_count"": 36864}",{},,Derived observation retained from a public raw scene; absence or missing scene is not evidence of absence.
EPOCH-eb87487504bda8ed,CoreWeave Marble NC,"155 Palmer Ln, Marble, NC 28905",35.1849883,-83.9141225,public-address geocode,tir,Landsat Collection 2 Level-2 Surface Temperature,LC09_L2SP_019036_20260920_02_T1,2026-09-20,https://planetarycomputer.microsoft.com/api/stac/v1/collections/landsat-c2-l2/items/LC09_L2SP_019036_20260920_02_T1,https://planetarycomputer.microsoft.com/api/stac/v1/search,landsat-c2-l2,12.95,INGESTED_DERIVED,RAW_COG_WINDOW_PROCESSED,physical-verification-v1,"{""local_background_temperature_k_median"": 301.06085205078125, ""local_surface_temperature_delta_k"": 2.56182861328125, ""proxy_note"": ""Thermal anomaly is relative to the local scene background, not a calibrated facility heat-output measurement."", ""source_asset_key"": ""lwir11"", ""source_resolution_m"": 30.0, ""surface_temperature_k_median"": 303.6226806640625, ""surface_temperature_p10_k"": 301.05743408203125, ""surface_temperature_p90_k"": 307.63885498046875, ""valid_pixel_count"": 36864}","{""local_background_temperature_k_median_delta"": 62.49847412109375, ""local_surface_temperature_delta_k_delta"": 2.89678955078125, ""source_resolution_m_delta"": 0.0, ""surface_temperature_k_median_delta"": 65.395263671875, ""surface_temperature_p10_k_delta"": 63.60762023925781, ""surface_temperature_p90_k_delta"": 68.02372741699219, ""valid_pixel_count_delta"": 0}",,Derived observation retained from a public raw scene; absence or missing scene is not evidence of absence.
EPOCH-ee5c7acdbc729ef8,Stream Phoenix,2950 S. Litchfield Road,33.4194907,-112.3599884,public-address geocode,optical,Sentinel-2 MSI L2A,S2B_MSIL2A_20260526T180909_R084_T12SUC_20260526T215406,2026-05-26,https://planetarycomputer.microsoft.com/api/stac/v1/collections/sentinel-2-l2a/items/S2B_MSIL2A_20260526T180909_R084_T12SUC_20260526T215406,https://planetarycomputer.microsoft.com/api/stac/v1/search,sentinel-2-l2a,0.001772,INGESTED_DERIVED,RAW_COG_WINDOW_PROCESSED,physical-verification-v1,"{""ndvi_median"": 0.06233908236026764, ""ndvi_p10"": 0.018986055627465248, ""ndvi_p90"": 0.21719875931739807, ""nir_reflectance_median"": 0.4171000123023987, ""nonvegetated_proxy_fraction"": 0.8938713073730469, ""proxy_note"": ""Nonvegetated fraction is a coarse surface-change proxy; it is not a building-footprint measurement."", ""red_reflectance_median"": 0.34850001335144043, ""source_asset_keys"": [""B04"", ""B08"", ""SCL""], ""source_resolution_m"": 10.0, ""valid_pixel_count"": 262144}",{},,Derived observation retained from a public raw scene; absence or missing scene is not evidence of absence.
EPOCH-ee5c7acdbc729ef8,Stream Phoenix,2950 S. Litchfield Road,33.4194907,-112.3599884,public-address geocode,optical,Sentinel-2 MSI L2A,S2B_MSIL2A_20260923T180959_R084_T12SUB_20260923T220212,2026-09-23,https://planetarycomputer.microsoft.com/api/stac/v1/collections/sentinel-2-l2a/items/S2B_MSIL2A_20260923T180959_R084_T12SUB_20260923T220212,https://planetarycomputer.microsoft.com/api/stac/v1/search,sentinel-2-l2a,37.812516,INGESTED_DERIVED,RAW_COG_WINDOW_PROCESSED,physical-verification-v1,"{""ndvi_median"": 0.044004134833812714, ""ndvi_p10"": 0.00284414435736835, ""ndvi_p90"": 0.4614782929420471, ""nir_reflectance_median"": 0.4097999930381775, ""nonvegetated_proxy_fraction"": 0.8144030279476868, ""proxy_note"": ""Nonvegetated fraction is a coarse surface-change proxy; it is not a building-footprint measurement."", ""red_reflectance_median"": 0.3418000042438507, ""source_asset_keys"": [""B04"", ""B08"", ""SCL""], ""source_resolution_m"": 10.0, ""valid_pixel_count"": 147955}","{""ndvi_median_delta"": -0.018334947526454926, ""ndvi_p10_delta"": -0.016141911270096898, ""ndvi_p90_delta"": 0.24427953362464905, ""nir_reflectance_median_delta"": -0.007300019264221191, ""nonvegetated_proxy_fraction_delta"": -0.07946827942536006, ""red_reflectance_median_delta"": -0.006700009107589722, ""source_resolution_m_delta"": 0.0, ""valid_pixel_count_delta"": -114189}",,Derived observation retained from a public raw scene; absence or missing scene is not evidence of absence.
EPOCH-ee5c7acdbc729ef8,Stream Phoenix,2950 S. Litchfield Road,33.4194907,-112.3599884,public-address geocode,sar,Sentinel-1 GRD,S1C_IW_GRDH_1SDV_20260205T013227_20260205T013252_006214_00C79F,2026-02-05,https://planetarycomputer.microsoft.com/api/stac/v1/collections/sentinel-1-grd/items/S1C_IW_GRDH_1SDV_20260205T013227_20260205T013252_006214_00C79F,https://planetarycomputer.microsoft.com/api/stac/v1/search,sentinel-1-grd,,INGESTED_DERIVED,RAW_COG_WINDOW_PROCESSED,physical-verification-v1,"{""backscatter_note"": ""Sentinel-1 GRD detected amplitude is converted to dB with 20*log10(amplitude)."", ""source_asset_keys"": [""vv"", ""vh""], ""source_resolution_m"": 1.0, ""valid_pixel_count"": 0, ""vh_db_median"": null, ""vh_db_p10"": null, ""vh_db_p90"": null, ""vv_db_median"": null, ""vv_db_p10"": null, ""vv_db_p90"": null, ""vv_vh_db_difference"": null}",{},,Derived observation retained from a public raw scene; absence or missing scene is not evidence of absence.
EPOCH-ee5c7acdbc729ef8,Stream Phoenix,2950 S. Litchfield Road,33.4194907,-112.3599884,public-address geocode,sar,Sentinel-1 GRD,S1C_IW_GRDH_1SDV_20260923T012425_20260923T012450_009568_0130A5,2026-09-23,https://planetarycomputer.microsoft.com/api/stac/v1/collections/sentinel-1-grd/items/S1C_IW_GRDH_1SDV_20260923T012425_20260923T012450_009568_0130A5,https://planetarycomputer.microsoft.com/api/stac/v1/search,sentinel-1-grd,,INGESTED_DERIVED,RAW_COG_WINDOW_PROCESSED,physical-verification-v1,"{""backscatter_note"": ""Sentinel-1 GRD detected amplitude is converted to dB with 20*log10(amplitude)."", ""source_asset_keys"": [""vv"", ""vh""], ""source_resolution_m"": 1.0, ""valid_pixel_count"": 0, ""vh_db_median"": null, ""vh_db_p10"": null, ""vh_db_p90"": null, ""vv_db_median"": null, ""vv_db_p10"": null, ""vv_db_p90"": null, ""vv_vh_db_difference"": null}","{""source_resolution_m_delta"": 0.0, ""valid_pixel_count_delta"": 0}",,Derived observation retained from a public raw scene; absence or missing scene is not evidence of absence.
EPOCH-ee5c7acdbc729ef8,Stream Phoenix,2950 S. Litchfield Road,33.4194907,-112.3599884,public-address geocode,tir,Landsat Collection 2 Level-2 Surface Temperature,LC08_L2SP_037037_20250518_02_T1,2025-05-18,https://planetarycomputer.microsoft.com/api/stac/v1/collections/landsat-c2-l2/items/LC08_L2SP_037037_20250518_02_T1,https://planetarycomputer.microsoft.com/api/stac/v1/search,landsat-c2-l2,0.22,INGESTED_DERIVED,RAW_COG_WINDOW_PROCESSED,physical-verification-v1,"{""local_background_temperature_k_median"": 313.9570617675781, ""local_surface_temperature_delta_k"": -0.177734375, ""proxy_note"": ""Thermal anomaly is relative to the local scene background, not a calibrated facility heat-output measurement."", ""source_asset_key"": ""lwir11"", ""source_resolution_m"": 30.0, ""surface_temperature_k_median"": 313.7793273925781, ""surface_temperature_p10_k"": 311.45849609375, ""surface_temperature_p90_k"": 317.00250244140625, ""valid_pixel_count"": 36864}",{},,Derived observation retained from a public raw scene; absence or missing scene is not evidence of absence.
EPOCH-ee5c7acdbc729ef8,Stream Phoenix,2950 S. Litchfield Road,33.4194907,-112.3599884,public-address geocode,tir,Landsat Collection 2 Level-2 Surface Temperature,LC09_L2SP_037037_20260918_02_T1,2026-09-18,https://planetarycomputer.microsoft.com/api/stac/v1/collections/landsat-c2-l2/items/LC09_L2SP_037037_20260918_02_T1,https://planetarycomputer.microsoft.com/api/stac/v1/search,landsat-c2-l2,0.06,INGESTED_DERIVED,RAW_COG_WINDOW_PROCESSED,physical-verification-v1,"{""local_background_temperature_k_median"": 324.27947998046875, ""local_surface_temperature_delta_k"": 1.3330078125, ""proxy_note"": ""Thermal anomaly is relative to the local scene background, not a calibrated facility heat-output measurement."", ""source_asset_key"": ""lwir11"", ""source_resolution_m"": 30.0, ""surface_temperature_k_median"": 325.61248779296875, ""surface_temperature_p10_k"": 321.9432678222656, ""surface_temperature_p90_k"": 328.6083984375, ""valid_pixel_count"": 36864}","{""local_background_temperature_k_median_delta"": 10.322418212890625, ""local_surface_temperature_delta_k_delta"": 1.5107421875, ""source_resolution_m_delta"": 0.0, ""surface_temperature_k_median_delta"": 11.833160400390625, ""surface_temperature_p10_k_delta"": 10.484771728515625, ""surface_temperature_p90_k_delta"": 11.60589599609375, ""valid_pixel_count_delta"": 0}",,Derived observation retained from a public raw scene; absence or missing scene is not evidence of absence.
EPOCH-f1a2bcdd78478bc2,Google Red Oak,"330 Austin Blvd, Red Oak, TX 75154",32.5376266,-96.7966747,public-address geocode,optical,Sentinel-2 MSI L2A,S2B_MSIL2A_20260826T170849_R112_T14SQB_20260826T205416,2026-08-26,https://planetarycomputer.microsoft.com/api/stac/v1/collections/sentinel-2-l2a/items/S2B_MSIL2A_20260826T170849_R112_T14SQB_20260826T205416,https://planetarycomputer.microsoft.com/api/stac/v1/search,sentinel-2-l2a,86.14729,INGESTED_DERIVED,RAW_COG_WINDOW_PROCESSED,physical-verification-v1,"{""ndvi_median"": -0.0011876963544636965, ""ndvi_p10"": -0.010022344067692757, ""ndvi_p90"": 0.008833675645291805, ""nir_reflectance_median"": 0.9745000004768372, ""nonvegetated_proxy_fraction"": 1.0, ""proxy_note"": ""Nonvegetated fraction is a coarse surface-change proxy; it is not a building-footprint measurement."", ""red_reflectance_median"": 0.9730499982833862, ""source_asset_keys"": [""B04"", ""B08"", ""SCL""], ""source_resolution_m"": 10.0, ""valid_pixel_count"": 628}",{},,Derived observation retained from a public raw scene; absence or missing scene is not evidence of absence.
EPOCH-f1a2bcdd78478bc2,Google Red Oak,"330 Austin Blvd, Red Oak, TX 75154",32.5376266,-96.7966747,public-address geocode,optical,Sentinel-2 MSI L2A,S2B_MSIL2A_20260925T170949_R112_T14SPA_20260925T221750,2026-09-25,https://planetarycomputer.microsoft.com/api/stac/v1/collections/sentinel-2-l2a/items/S2B_MSIL2A_20260925T170949_R112_T14SPA_20260925T221750,https://planetarycomputer.microsoft.com/api/stac/v1/search,sentinel-2-l2a,70.763516,INGESTED_DERIVED,RAW_COG_WINDOW_PROCESSED,physical-verification-v1,"{""ndvi_median"": 0.16337932646274567, ""ndvi_p10"": 0.06625877320766449, ""ndvi_p90"": 0.3397602438926697, ""nir_reflectance_median"": 0.3416000008583069, ""nonvegetated_proxy_fraction"": 0.6485425342058299, ""proxy_note"": ""Nonvegetated fraction is a coarse surface-change proxy; it is not a building-footprint measurement."", ""red_reflectance_median"": 0.2298000007867813, ""source_asset_keys"": [""B04"", ""B08"", ""SCL""], ""source_resolution_m"": 10.0, ""valid_pixel_count"": 8405}","{""ndvi_median_delta"": 0.16456702281720936, ""ndvi_p10_delta"": 0.07628111727535725, ""ndvi_p90_delta"": 0.3309265682473779, ""nir_reflectance_median_delta"": -0.6328999996185303, ""nonvegetated_proxy_fraction_delta"": -0.35145746579417014, ""red_reflectance_median_delta"": -0.7432499974966049, ""source_resolution_m_delta"": 0.0, ""valid_pixel_count_delta"": 7777}",,Derived observation retained from a public raw scene; absence or missing scene is not evidence of absence.
EPOCH-f1a2bcdd78478bc2,Google Red Oak,"330 Austin Blvd, Red Oak, TX 75154",32.5376266,-96.7966747,public-address geocode,sar,Sentinel-1 GRD,S1A_IW_GRDH_1SDV_20250212T002736_20250212T002801_057856_0722E6,2025-02-12,https://planetarycomputer.microsoft.com/api/stac/v1/collections/sentinel-1-grd/items/S1A_IW_GRDH_1SDV_20250212T002736_20250212T002801_057856_0722E6,https://planetarycomputer.microsoft.com/api/stac/v1/search,sentinel-1-grd,,INGESTED_DERIVED,RAW_COG_WINDOW_PROCESSED,physical-verification-v1,"{""backscatter_note"": ""Sentinel-1 GRD detected amplitude is converted to dB with 20*log10(amplitude)."", ""source_asset_keys"": [""vv"", ""vh""], ""source_resolution_m"": 1.0, ""valid_pixel_count"": 0, ""vh_db_median"": null, ""vh_db_p10"": null, ""vh_db_p90"": null, ""vv_db_median"": null, ""vv_db_p10"": null, ""vv_db_p90"": null, ""vv_vh_db_difference"": null}",{},,Derived observation retained from a public raw scene; absence or missing scene is not evidence of absence.
EPOCH-f1a2bcdd78478bc2,Google Red Oak,"330 Austin Blvd, Red Oak, TX 75154",32.5376266,-96.7966747,public-address geocode,sar,Sentinel-1 GRD,S1D_IW_GRDH_1SDV_20260918T002705_20260918T002730_004625_008A00,2026-09-18,https://planetarycomputer.microsoft.com/api/stac/v1/collections/sentinel-1-grd/items/S1D_IW_GRDH_1SDV_20260918T002705_20260918T002730_004625_008A00,https://planetarycomputer.microsoft.com/api/stac/v1/search,sentinel-1-grd,,INGESTED_DERIVED,RAW_COG_WINDOW_PROCESSED,physical-verification-v1,"{""backscatter_note"": ""Sentinel-1 GRD detected amplitude is converted to dB with 20*log10(amplitude)."", ""source_asset_keys"": [""vv"", ""vh""], ""source_resolution_m"": 1.0, ""valid_pixel_count"": 0, ""vh_db_median"": null, ""vh_db_p10"": null, ""vh_db_p90"": null, ""vv_db_median"": null, ""vv_db_p10"": null, ""vv_db_p90"": null, ""vv_vh_db_difference"": null}","{""source_resolution_m_delta"": 0.0, ""valid_pixel_count_delta"": 0}",,Derived observation retained from a public raw scene; absence or missing scene is not evidence of absence.
EPOCH-f1a2bcdd78478bc2,Google Red Oak,"330 Austin Blvd, Red Oak, TX 75154",32.5376266,-96.7966747,public-address geocode,tir,Landsat Collection 2 Level-2 Surface Temperature,LC09_L2SP_027037_20250707_02_T1,2025-07-07,https://planetarycomputer.microsoft.com/api/stac/v1/collections/landsat-c2-l2/items/LC09_L2SP_027037_20250707_02_T1,https://planetarycomputer.microsoft.com/api/stac/v1/search,landsat-c2-l2,62.12,INGESTED_DERIVED,RAW_COG_WINDOW_PROCESSED,physical-verification-v1,"{""local_background_temperature_k_median"": 310.3339538574219, ""local_surface_temperature_delta_k"": -0.068359375, ""proxy_note"": ""Thermal anomaly is relative to the local scene background, not a calibrated facility heat-output measurement."", ""source_asset_key"": ""lwir11"", ""source_resolution_m"": 30.0, ""surface_temperature_k_median"": 310.2655944824219, ""surface_temperature_p10_k"": 304.4959716796875, ""surface_temperature_p90_k"": 313.7434387207031, ""valid_pixel_count"": 36864}",{},,Derived observation retained from a public raw scene; absence or missing scene is not evidence of absence.
EPOCH-f1a2bcdd78478bc2,Google Red Oak,"330 Austin Blvd, Red Oak, TX 75154",32.5376266,-96.7966747,public-address geocode,tir,Landsat Collection 2 Level-2 Surface Temperature,LC09_L2SP_027037_20260912_02_T1,2026-09-12,https://planetarycomputer.microsoft.com/api/stac/v1/collections/landsat-c2-l2/items/LC09_L2SP_027037_20260912_02_T1,https://planetarycomputer.microsoft.com/api/stac/v1/search,landsat-c2-l2,0.0,INGESTED_DERIVED,RAW_COG_WINDOW_PROCESSED,physical-verification-v1,"{""local_background_temperature_k_median"": 321.8185119628906, ""local_surface_temperature_delta_k"": -0.847686767578125, ""proxy_note"": ""Thermal anomaly is relative to the local scene background, not a calibrated facility heat-output measurement."", ""source_asset_key"": ""lwir11"", ""source_resolution_m"": 30.0, ""surface_temperature_k_median"": 320.9708251953125, ""surface_temperature_p10_k"": 317.7203063964844, ""surface_temperature_p90_k"": 324.08294677734375, ""valid_pixel_count"": 36864}","{""local_background_temperature_k_median_delta"": 11.48455810546875, ""local_surface_temperature_delta_k_delta"": -0.779327392578125, ""source_resolution_m_delta"": 0.0, ""surface_temperature_k_median_delta"": 10.705230712890625, ""surface_temperature_p10_k_delta"": 13.224334716796875, ""surface_temperature_p90_k_delta"": 10.339508056640625, ""valid_pixel_count_delta"": 0}",,Derived observation retained from a public raw scene; absence or missing scene is not evidence of absence.
EPOCH-f1a70be0079d215a,Nscale Keflavik,"Valhallarbraut 868, 262 Reykjanesbær, Iceland",63.9769885,-22.5754769,public-address geocode,optical,Sentinel-2 MSI L2A,S2C_MSIL2A_20260822T131711_R124_T27WVM_20260822T170010,2026-08-22,https://planetarycomputer.microsoft.com/api/stac/v1/collections/sentinel-2-l2a/items/S2C_MSIL2A_20260822T131711_R124_T27WVM_20260822T170010,https://planetarycomputer.microsoft.com/api/stac/v1/search,sentinel-2-l2a,99.980146,INGESTED_DERIVED,RAW_COG_WINDOW_PROCESSED,physical-verification-v1,"{""ndvi_median"": 0.010147154331207275, ""ndvi_p10"": 0.0, ""ndvi_p90"": 0.018062688410282135, ""nir_reflectance_median"": 1.0096999406814575, ""nonvegetated_proxy_fraction"": 1.0, ""proxy_note"": ""Nonvegetated fraction is a coarse surface-change proxy; it is not a building-footprint measurement."", ""red_reflectance_median"": 0.9901000261306763, ""source_asset_keys"": [""B04"", ""B08"", ""SCL""], ""source_resolution_m"": 10.0, ""valid_pixel_count"": 262144}",{},,Derived observation retained from a public raw scene; absence or missing scene is not evidence of absence.
EPOCH-f1a70be0079d215a,Nscale Keflavik,"Valhallarbraut 868, 262 Reykjanesbær, Iceland",63.9769885,-22.5754769,public-address geocode,optical,Sentinel-2 MSI L2A,S2B_MSIL2A_20260926T132229_R124_T27VVL_20260926T170347,2026-09-26,https://planetarycomputer.microsoft.com/api/stac/v1/collections/sentinel-2-l2a/items/S2B_MSIL2A_20260926T132229_R124_T27VVL_20260926T170347,https://planetarycomputer.microsoft.com/api/stac/v1/search,sentinel-2-l2a,67.98346,INGESTED_DERIVED,RAW_COG_WINDOW_PROCESSED,physical-verification-v1,"{""ndvi_median"": 0.18619871139526367, ""ndvi_p10"": 0.04959049075841904, ""ndvi_p90"": 0.3358490467071533, ""nir_reflectance_median"": 0.3465999960899353, ""nonvegetated_proxy_fraction"": 0.5398744516589132, ""proxy_note"": ""Nonvegetated fraction is a coarse surface-change proxy; it is not a building-footprint measurement."", ""red_reflectance_median"": 0.21469999849796295, ""source_asset_keys"": [""B04"", ""B08"", ""SCL""], ""source_resolution_m"": 10.0, ""valid_pixel_count"": 120591}","{""ndvi_median_delta"": 0.1760515570640564, ""ndvi_p10_delta"": 0.04959049075841904, ""ndvi_p90_delta"": 0.3177863582968712, ""nir_reflectance_median_delta"": -0.6630999445915222, ""nonvegetated_proxy_fraction_delta"": -0.46012554834108677, ""red_reflectance_median_delta"": -0.7754000276327133, ""source_resolution_m_delta"": 0.0, ""valid_pixel_count_delta"": -141553}",,Derived observation retained from a public raw scene; absence or missing scene is not evidence of absence.
EPOCH-f1a70be0079d215a,Nscale Keflavik,"Valhallarbraut 868, 262 Reykjanesbær, Iceland",63.9769885,-22.5754769,public-address geocode,sar,Sentinel-1 GRD,S1C_IW_GRDH_1SDV_20260805T185807_20260805T185832_008864_011954,2026-08-05,https://planetarycomputer.microsoft.com/api/stac/v1/collections/sentinel-1-grd/items/S1C_IW_GRDH_1SDV_20260805T185807_20260805T185832_008864_011954,https://planetarycomputer.microsoft.com/api/stac/v1/search,sentinel-1-grd,,INGESTED_DERIVED,RAW_COG_WINDOW_PROCESSED,physical-verification-v1,"{""backscatter_note"": ""Sentinel-1 GRD detected amplitude is converted to dB with 20*log10(amplitude)."", ""source_asset_keys"": [""vv"", ""vh""], ""source_resolution_m"": 1.0, ""valid_pixel_count"": 0, ""vh_db_median"": null, ""vh_db_p10"": null, ""vh_db_p90"": null, ""vv_db_median"": null, ""vv_db_p10"": null, ""vv_db_p90"": null, ""vv_vh_db_difference"": null}",{},,Derived observation retained from a public raw scene; absence or missing scene is not evidence of absence.
EPOCH-f1a70be0079d215a,Nscale Keflavik,"Valhallarbraut 868, 262 Reykjanesbær, Iceland",63.9769885,-22.5754769,public-address geocode,sar,Sentinel-1 GRD,S1D_IW_GRDH_1SDV_20260926T075741_20260926T075806_004746_008E26,2026-09-26,https://planetarycomputer.microsoft.com/api/stac/v1/collections/sentinel-1-grd/items/S1D_IW_GRDH_1SDV_20260926T075741_20260926T075806_004746_008E26,https://planetarycomputer.microsoft.com/api/stac/v1/search,sentinel-1-grd,,INGESTED_DERIVED,RAW_COG_WINDOW_PROCESSED,physical-verification-v1,"{""backscatter_note"": ""Sentinel-1 GRD detected amplitude is converted to dB with 20*log10(amplitude)."", ""source_asset_keys"": [""vv"", ""vh""], ""source_resolution_m"": 1.0, ""valid_pixel_count"": 0, ""vh_db_median"": null, ""vh_db_p10"": null, ""vh_db_p90"": null, ""vv_db_median"": null, ""vv_db_p10"": null, ""vv_db_p90"": null, ""vv_vh_db_difference"": null}","{""source_resolution_m_delta"": 0.0, ""valid_pixel_count_delta"": 0}",,Derived observation retained from a public raw scene; absence or missing scene is not evidence of absence.
EPOCH-f1a70be0079d215a,Nscale Keflavik,"Valhallarbraut 868, 262 Reykjanesbær, Iceland",63.9769885,-22.5754769,public-address geocode,tir,Landsat Collection 2 Level-2 Surface Temperature,LC09_L2SP_222015_20260411_02_T1,2026-04-11,https://planetarycomputer.microsoft.com/api/stac/v1/collections/landsat-c2-l2/items/LC09_L2SP_222015_20260411_02_T1,https://planetarycomputer.microsoft.com/api/stac/v1/search,landsat-c2-l2,54.97,INGESTED_DERIVED,RAW_COG_WINDOW_PROCESSED,physical-verification-v1,"{""local_background_temperature_k_median"": 279.458984375, ""local_surface_temperature_delta_k"": 1.0048828125, ""proxy_note"": ""Thermal anomaly is relative to the local scene background, not a calibrated facility heat-output measurement."", ""source_asset_key"": ""lwir11"", ""source_resolution_m"": 30.0, ""surface_temperature_k_median"": 280.4638671875, ""surface_temperature_p10_k"": 279.40771484375, ""surface_temperature_p90_k"": 282.02935791015625, ""valid_pixel_count"": 36864}",{},,Derived observation retained from a public raw scene; absence or missing scene is not evidence of absence.
EPOCH-f1a70be0079d215a,Nscale Keflavik,"Valhallarbraut 868, 262 Reykjanesbær, Iceland",63.9769885,-22.5754769,public-address geocode,tir,Landsat Collection 2 Level-2 Surface Temperature,LC09_L2SP_220015_20260920_02_T1,2026-09-20,https://planetarycomputer.microsoft.com/api/stac/v1/collections/landsat-c2-l2/items/LC09_L2SP_220015_20260920_02_T1,https://planetarycomputer.microsoft.com/api/stac/v1/search,landsat-c2-l2,59.42,INGESTED_DERIVED,RAW_COG_WINDOW_PROCESSED,physical-verification-v1,"{""local_background_temperature_k_median"": 274.80023193359375, ""local_surface_temperature_delta_k"": 1.0869140625, ""proxy_note"": ""Thermal anomaly is relative to the local scene background, not a calibrated facility heat-output measurement."", ""source_asset_key"": ""lwir11"", ""source_resolution_m"": 30.0, ""surface_temperature_k_median"": 275.88714599609375, ""surface_temperature_p10_k"": 274.49945068359375, ""surface_temperature_p90_k"": 277.2680358886719, ""valid_pixel_count"": 36864}","{""local_background_temperature_k_median_delta"": -4.65875244140625, ""local_surface_temperature_delta_k_delta"": 0.08203125, ""source_resolution_m_delta"": 0.0, ""surface_temperature_k_median_delta"": -4.57672119140625, ""surface_temperature_p10_k_delta"": -4.90826416015625, ""surface_temperature_p90_k_delta"": -4.761322021484375, ""valid_pixel_count_delta"": 0}",,Derived observation retained from a public raw scene; absence or missing scene is not evidence of absence.
EPOCH-f340a33a5ef18d4f,Google Fort Wayne,"6015 Adams Center Road, Fort Wayne, IN 46806",41.0309293,-85.0536261,public-address geocode,optical,Sentinel-2 MSI L2A,S2C_MSIL2A_20260121T163611_R083_T16TFL_20260121T203109,2026-01-21,https://planetarycomputer.microsoft.com/api/stac/v1/collections/sentinel-2-l2a/items/S2C_MSIL2A_20260121T163611_R083_T16TFL_20260121T203109,https://planetarycomputer.microsoft.com/api/stac/v1/search,sentinel-2-l2a,72.178566,INGESTED_DERIVED,RAW_COG_WINDOW_PROCESSED,physical-verification-v1,"{""ndvi_median"": -0.005602231714874506, ""ndvi_p10"": -0.014182684943079948, ""ndvi_p90"": -0.00026918353978544474, ""nir_reflectance_median"": 0.8496000170707703, ""nonvegetated_proxy_fraction"": 1.0, ""proxy_note"": ""Nonvegetated fraction is a coarse surface-change proxy; it is not a building-footprint measurement."", ""red_reflectance_median"": 0.8592000007629395, ""source_asset_keys"": [""B04"", ""B08"", ""SCL""], ""source_resolution_m"": 10.0, ""valid_pixel_count"": 57}",{},,Derived observation retained from a public raw scene; absence or missing scene is not evidence of absence.
EPOCH-f340a33a5ef18d4f,Google Fort Wayne,"6015 Adams Center Road, Fort Wayne, IN 46806",41.0309293,-85.0536261,public-address geocode,optical,Sentinel-2 MSI L2A,S2B_MSIL2A_20260923T162919_R083_T16TFL_20260923T202234,2026-09-23,https://planetarycomputer.microsoft.com/api/stac/v1/collections/sentinel-2-l2a/items/S2B_MSIL2A_20260923T162919_R083_T16TFL_20260923T202234,https://planetarycomputer.microsoft.com/api/stac/v1/search,sentinel-2-l2a,99.981046,INGESTED_DERIVED,RAW_COG_WINDOW_PROCESSED,physical-verification-v1,"{""ndvi_median"": 0.0017924497369676828, ""ndvi_p10"": -0.004855792503803968, ""ndvi_p90"": 0.00858723372220993, ""nir_reflectance_median"": 0.9555000066757202, ""nonvegetated_proxy_fraction"": 1.0, ""proxy_note"": ""Nonvegetated fraction is a coarse surface-change proxy; it is not a building-footprint measurement."", ""red_reflectance_median"": 0.953000009059906, ""source_asset_keys"": [""B04"", ""B08"", ""SCL""], ""source_resolution_m"": 10.0, ""valid_pixel_count"": 262144}","{""ndvi_median_delta"": 0.007394681451842189, ""ndvi_p10_delta"": 0.00932689243927598, ""ndvi_p90_delta"": 0.008856417261995375, ""nir_reflectance_median_delta"": 0.10589998960494995, ""nonvegetated_proxy_fraction_delta"": 0.0, ""red_reflectance_median_delta"": 0.09380000829696655, ""source_resolution_m_delta"": 0.0, ""valid_pixel_count_delta"": 262087}",,Derived observation retained from a public raw scene; absence or missing scene is not evidence of absence.
EPOCH-f340a33a5ef18d4f,Google Fort Wayne,"6015 Adams Center Road, Fort Wayne, IN 46806",41.0309293,-85.0536261,public-address geocode,sar,Sentinel-1 GRD,S1A_IW_GRDH_1SDV_20250804T234042_20250804T234107_060393_0781B6,2025-08-04,https://planetarycomputer.microsoft.com/api/stac/v1/collections/sentinel-1-grd/items/S1A_IW_GRDH_1SDV_20250804T234042_20250804T234107_060393_0781B6,https://planetarycomputer.microsoft.com/api/stac/v1/search,sentinel-1-grd,,INGESTED_DERIVED,RAW_COG_WINDOW_PROCESSED,physical-verification-v1,"{""backscatter_note"": ""Sentinel-1 GRD detected amplitude is converted to dB with 20*log10(amplitude)."", ""source_asset_keys"": [""vv"", ""vh""], ""source_resolution_m"": 1.0, ""valid_pixel_count"": 0, ""vh_db_median"": null, ""vh_db_p10"": null, ""vh_db_p90"": null, ""vv_db_median"": null, ""vv_db_p10"": null, ""vv_db_p90"": null, ""vv_vh_db_difference"": null}",{},,Derived observation retained from a public raw scene; absence or missing scene is not evidence of absence.
EPOCH-f340a33a5ef18d4f,Google Fort Wayne,"6015 Adams Center Road, Fort Wayne, IN 46806",41.0309293,-85.0536261,public-address geocode,sar,Sentinel-1 GRD,S1D_IW_GRDH_1SDV_20260923T233954_20260923T234025_004712_008D06,2026-09-23,https://planetarycomputer.microsoft.com/api/stac/v1/collections/sentinel-1-grd/items/S1D_IW_GRDH_1SDV_20260923T233954_20260923T234025_004712_008D06,https://planetarycomputer.microsoft.com/api/stac/v1/search,sentinel-1-grd,,INGESTED_DERIVED,RAW_COG_WINDOW_PROCESSED,physical-verification-v1,"{""backscatter_note"": ""Sentinel-1 GRD detected amplitude is converted to dB with 20*log10(amplitude)."", ""source_asset_keys"": [""vv"", ""vh""], ""source_resolution_m"": 1.0, ""valid_pixel_count"": 0, ""vh_db_median"": null, ""vh_db_p10"": null, ""vh_db_p90"": null, ""vv_db_median"": null, ""vv_db_p10"": null, ""vv_db_p90"": null, ""vv_vh_db_difference"": null}","{""source_resolution_m_delta"": 0.0, ""valid_pixel_count_delta"": 0}",,Derived observation retained from a public raw scene; absence or missing scene is not evidence of absence.
EPOCH-f340a33a5ef18d4f,Google Fort Wayne,"6015 Adams Center Road, Fort Wayne, IN 46806",41.0309293,-85.0536261,public-address geocode,tir,Landsat Collection 2 Level-2 Surface Temperature,LC08_L2SP_020032_20260412_02_T1,2026-04-12,https://planetarycomputer.microsoft.com/api/stac/v1/collections/landsat-c2-l2/items/LC08_L2SP_020032_20260412_02_T1,https://planetarycomputer.microsoft.com/api/stac/v1/search,landsat-c2-l2,68.18,INGESTED_DERIVED,RAW_COG_WINDOW_PROCESSED,physical-verification-v1,"{""local_background_temperature_k_median"": 276.06488037109375, ""local_surface_temperature_delta_k"": -0.26318359375, ""proxy_note"": ""Thermal anomaly is relative to the local scene background, not a calibrated facility heat-output measurement."", ""source_asset_key"": ""lwir11"", ""source_resolution_m"": 30.0, ""surface_temperature_k_median"": 275.80169677734375, ""surface_temperature_p10_k"": 237.9608154296875, ""surface_temperature_p90_k"": 278.966796875, ""valid_pixel_count"": 36864}",{},,Derived observation retained from a public raw scene; absence or missing scene is not evidence of absence.
EPOCH-f340a33a5ef18d4f,Google Fort Wayne,"6015 Adams Center Road, Fort Wayne, IN 46806",41.0309293,-85.0536261,public-address geocode,tir,Landsat Collection 2 Level-2 Surface Temperature,LC09_L2SP_021032_20260918_02_T1,2026-09-18,https://planetarycomputer.microsoft.com/api/stac/v1/collections/landsat-c2-l2/items/LC09_L2SP_021032_20260918_02_T1,https://planetarycomputer.microsoft.com/api/stac/v1/search,landsat-c2-l2,79.06,INGESTED_DERIVED,RAW_COG_WINDOW_PROCESSED,physical-verification-v1,"{""local_background_temperature_k_median"": 287.0401611328125, ""local_surface_temperature_delta_k"": -0.3623046875, ""proxy_note"": ""Thermal anomaly is relative to the local scene background, not a calibrated facility heat-output measurement."", ""source_asset_key"": ""lwir11"", ""source_resolution_m"": 30.0, ""surface_temperature_k_median"": 286.6778564453125, ""surface_temperature_p10_k"": 285.1670837402344, ""surface_temperature_p90_k"": 291.54510498046875, ""valid_pixel_count"": 36864}","{""local_background_temperature_k_median_delta"": 10.97528076171875, ""local_surface_temperature_delta_k_delta"": -0.09912109375, ""source_resolution_m_delta"": 0.0, ""surface_temperature_k_median_delta"": 10.87615966796875, ""surface_temperature_p10_k_delta"": 47.206268310546875, ""surface_temperature_p90_k_delta"": 12.57830810546875, ""valid_pixel_count_delta"": 0}",,Derived observation retained from a public raw scene; absence or missing scene is not evidence of absence.
EPOCH-f48a533b01898dfd,CoreWeave Norway,"Stølevegen 39, 4715 Øvrebø, Norway",58.257573,7.89205,public-address geocode,optical,Sentinel-2 MSI L2A,S2C_MSIL2A_20260721T105621_R094_T32VMK_20260721T144959,2026-07-21,https://planetarycomputer.microsoft.com/api/stac/v1/collections/sentinel-2-l2a/items/S2C_MSIL2A_20260721T105621_R094_T32VMK_20260721T144959,https://planetarycomputer.microsoft.com/api/stac/v1/search,sentinel-2-l2a,9.326963,INGESTED_DERIVED,RAW_COG_WINDOW_PROCESSED,physical-verification-v1,"{""ndvi_median"": 0.47238871455192566, ""ndvi_p10"": 0.3275006115436554, ""ndvi_p90"": 0.5512484312057495, ""nir_reflectance_median"": 0.34689998626708984, ""nonvegetated_proxy_fraction"": 0.07170076943615136, ""proxy_note"": ""Nonvegetated fraction is a coarse surface-change proxy; it is not a building-footprint measurement."", ""red_reflectance_median"": 0.1225999966263771, ""source_asset_keys"": [""B04"", ""B08"", ""SCL""], ""source_resolution_m"": 10.0, ""valid_pixel_count"": 247194}",{},,Derived observation retained from a public raw scene; absence or missing scene is not evidence of absence.
EPOCH-f48a533b01898dfd,CoreWeave Norway,"Stølevegen 39, 4715 Øvrebø, Norway",58.257573,7.89205,public-address geocode,optical,Sentinel-2 MSI L2A,S2C_MSIL2A_20260926T104811_R051_T32VMK_20260926T143817,2026-09-26,https://planetarycomputer.microsoft.com/api/stac/v1/collections/sentinel-2-l2a/items/S2C_MSIL2A_20260926T104811_R051_T32VMK_20260926T143817,https://planetarycomputer.microsoft.com/api/stac/v1/search,sentinel-2-l2a,15.488443,INGESTED_DERIVED,RAW_COG_WINDOW_PROCESSED,physical-verification-v1,"{""ndvi_median"": 0.3780548572540283, ""ndvi_p10"": 0.12969942390918732, ""ndvi_p90"": 0.45906367897987366, ""nir_reflectance_median"": 0.28949999809265137, ""nonvegetated_proxy_fraction"": 0.17560162582450844, ""proxy_note"": ""Nonvegetated fraction is a coarse surface-change proxy; it is not a building-footprint measurement."", ""red_reflectance_median"": 0.125900000333786, ""source_asset_keys"": [""B04"", ""B08"", ""SCL""], ""source_resolution_m"": 10.0, ""valid_pixel_count"": 127197}","{""ndvi_median_delta"": -0.09433385729789734, ""ndvi_p10_delta"": -0.19780118763446808, ""ndvi_p90_delta"": -0.09218475222587585, ""nir_reflectance_median_delta"": -0.05739998817443848, ""nonvegetated_proxy_fraction_delta"": 0.10390085638835708, ""red_reflectance_median_delta"": 0.003300003707408905, ""source_resolution_m_delta"": 0.0, ""valid_pixel_count_delta"": -119997}",,Derived observation retained from a public raw scene; absence or missing scene is not evidence of absence.
EPOCH-f48a533b01898dfd,CoreWeave Norway,"Stølevegen 39, 4715 Øvrebø, Norway",58.257573,7.89205,public-address geocode,sar,Sentinel-1 GRD,S1C_IW_GRDH_1SDV_20260731T170917_20260731T170942_008790_0116BB,2026-07-31,https://planetarycomputer.microsoft.com/api/stac/v1/collections/sentinel-1-grd/items/S1C_IW_GRDH_1SDV_20260731T170917_20260731T170942_008790_0116BB,https://planetarycomputer.microsoft.com/api/stac/v1/search,sentinel-1-grd,,INGESTED_DERIVED,RAW_COG_WINDOW_PROCESSED,physical-verification-v1,"{""backscatter_note"": ""Sentinel-1 GRD detected amplitude is converted to dB with 20*log10(amplitude)."", ""source_asset_keys"": [""vv"", ""vh""], ""source_resolution_m"": 1.0, ""valid_pixel_count"": 0, ""vh_db_median"": null, ""vh_db_p10"": null, ""vh_db_p90"": null, ""vv_db_median"": null, ""vv_db_p10"": null, ""vv_db_p90"": null, ""vv_vh_db_difference"": null}",{},,Derived observation retained from a public raw scene; absence or missing scene is not evidence of absence.
EPOCH-f48a533b01898dfd,CoreWeave Norway,"Stølevegen 39, 4715 Øvrebø, Norway",58.257573,7.89205,public-address geocode,sar,Sentinel-1 GRD,S1D_IW_GRDH_1SDV_20260925T053928_20260925T053953_004730_008D9A,2026-09-25,https://planetarycomputer.microsoft.com/api/stac/v1/collections/sentinel-1-grd/items/S1D_IW_GRDH_1SDV_20260925T053928_20260925T053953_004730_008D9A,https://planetarycomputer.microsoft.com/api/stac/v1/search,sentinel-1-grd,,INGESTED_DERIVED,RAW_COG_WINDOW_PROCESSED,physical-verification-v1,"{""backscatter_note"": ""Sentinel-1 GRD detected amplitude is converted to dB with 20*log10(amplitude)."", ""source_asset_keys"": [""vv"", ""vh""], ""source_resolution_m"": 1.0, ""valid_pixel_count"": 0, ""vh_db_median"": null, ""vh_db_p10"": null, ""vh_db_p90"": null, ""vv_db_median"": null, ""vv_db_p10"": null, ""vv_db_p90"": null, ""vv_vh_db_difference"": null}","{""source_resolution_m_delta"": 0.0, ""valid_pixel_count_delta"": 0}",,Derived observation retained from a public raw scene; absence or missing scene is not evidence of absence.
EPOCH-f48a533b01898dfd,CoreWeave Norway,"Stølevegen 39, 4715 Øvrebø, Norway",58.257573,7.89205,public-address geocode,tir,Landsat Collection 2 Level-2 Surface Temperature,LC09_L2SP_198019_20251025_02_T2,2025-10-25,https://planetarycomputer.microsoft.com/api/stac/v1/collections/landsat-c2-l2/items/LC09_L2SP_198019_20251025_02_T2,https://planetarycomputer.microsoft.com/api/stac/v1/search,landsat-c2-l2,43.36,INGESTED_DERIVED,RAW_COG_WINDOW_PROCESSED,physical-verification-v1,"{""local_background_temperature_k_median"": 275.16253662109375, ""local_surface_temperature_delta_k"": 0.066650390625, ""proxy_note"": ""Thermal anomaly is relative to the local scene background, not a calibrated facility heat-output measurement."", ""source_asset_key"": ""lwir11"", ""source_resolution_m"": 30.0, ""surface_temperature_k_median"": 275.22918701171875, ""surface_temperature_p10_k"": 274.10980224609375, ""surface_temperature_p90_k"": 277.87646484375, ""valid_pixel_count"": 36864}",{},,Derived observation retained from a public raw scene; absence or missing scene is not evidence of absence.
EPOCH-f48a533b01898dfd,CoreWeave Norway,"Stølevegen 39, 4715 Øvrebø, Norway",58.257573,7.89205,public-address geocode,tir,Landsat Collection 2 Level-2 Surface Temperature,LC08_L2SP_198019_20260918_02_T1,2026-09-18,https://planetarycomputer.microsoft.com/api/stac/v1/collections/landsat-c2-l2/items/LC08_L2SP_198019_20260918_02_T1,https://planetarycomputer.microsoft.com/api/stac/v1/search,landsat-c2-l2,57.91,INGESTED_DERIVED,RAW_COG_WINDOW_PROCESSED,physical-verification-v1,"{""local_background_temperature_k_median"": 285.4097595214844, ""local_surface_temperature_delta_k"": 0.44091796875, ""proxy_note"": ""Thermal anomaly is relative to the local scene background, not a calibrated facility heat-output measurement."", ""source_asset_key"": ""lwir11"", ""source_resolution_m"": 30.0, ""surface_temperature_k_median"": 285.8506774902344, ""surface_temperature_p10_k"": 284.73980712890625, ""surface_temperature_p90_k"": 287.1802978515625, ""valid_pixel_count"": 36864}","{""local_background_temperature_k_median_delta"": 10.247222900390625, ""local_surface_temperature_delta_k_delta"": 0.374267578125, ""source_resolution_m_delta"": 0.0, ""surface_temperature_k_median_delta"": 10.621490478515625, ""surface_temperature_p10_k_delta"": 10.6300048828125, ""surface_temperature_p90_k_delta"": 9.3038330078125, ""valid_pixel_count_delta"": 0}",,Derived observation retained from a public raw scene; absence or missing scene is not evidence of absence.
EPOCH-f5dc9d7a3f02c2e9,Microsoft Fairwater Wisconsin,"4800 90th St, Mount Pleasant, WI 53403",42.6748722,-87.8948822,public-address geocode,optical,Sentinel-2 MSI L2A,S2C_MSIL2A_20260104T164711_R126_T16TDN_20260104T203610,2026-01-04,https://planetarycomputer.microsoft.com/api/stac/v1/collections/sentinel-2-l2a/items/S2C_MSIL2A_20260104T164711_R126_T16TDN_20260104T203610,https://planetarycomputer.microsoft.com/api/stac/v1/search,sentinel-2-l2a,83.345181,INGESTED_DERIVED,RAW_COG_WINDOW_PROCESSED,physical-verification-v1,"{""ndvi_median"": 0.027027031406760216, ""ndvi_p10"": 0.015829939395189285, ""ndvi_p90"": 0.04595791548490524, ""nir_reflectance_median"": 0.8127999901771545, ""nonvegetated_proxy_fraction"": 1.0, ""proxy_note"": ""Nonvegetated fraction is a coarse surface-change proxy; it is not a building-footprint measurement."", ""red_reflectance_median"": 0.7675999999046326, ""source_asset_keys"": [""B04"", ""B08"", ""SCL""], ""source_resolution_m"": 10.0, ""valid_pixel_count"": 262144}",{},,Derived observation retained from a public raw scene; absence or missing scene is not evidence of absence.
EPOCH-f5dc9d7a3f02c2e9,Microsoft Fairwater Wisconsin,"4800 90th St, Mount Pleasant, WI 53403",42.6748722,-87.8948822,public-address geocode,optical,Sentinel-2 MSI L2A,S2B_MSIL2A_20260926T163939_R126_T16TDN_20260926T220409,2026-09-26,https://planetarycomputer.microsoft.com/api/stac/v1/collections/sentinel-2-l2a/items/S2B_MSIL2A_20260926T163939_R126_T16TDN_20260926T220409,https://planetarycomputer.microsoft.com/api/stac/v1/search,sentinel-2-l2a,18.784928,INGESTED_DERIVED,RAW_COG_WINDOW_PROCESSED,physical-verification-v1,"{""ndvi_median"": 0.39064618945121765, ""ndvi_p10"": 0.07267801463603973, ""ndvi_p90"": 0.5682171583175659, ""nir_reflectance_median"": 0.39419999718666077, ""nonvegetated_proxy_fraction"": 0.20829883118815848, ""proxy_note"": ""Nonvegetated fraction is a coarse surface-change proxy; it is not a building-footprint measurement."", ""red_reflectance_median"": 0.15870000422000885, ""source_asset_keys"": [""B04"", ""B08"", ""SCL""], ""source_resolution_m"": 10.0, ""valid_pixel_count"": 262061}","{""ndvi_median_delta"": 0.36361915804445744, ""ndvi_p10_delta"": 0.05684807524085045, ""ndvi_p90_delta"": 0.5222592428326607, ""nir_reflectance_median_delta"": -0.4185999929904938, ""nonvegetated_proxy_fraction_delta"": -0.7917011688118415, ""red_reflectance_median_delta"": -0.6088999956846237, ""source_resolution_m_delta"": 0.0, ""valid_pixel_count_delta"": -83}",,Derived observation retained from a public raw scene; absence or missing scene is not evidence of absence.
EPOCH-f5dc9d7a3f02c2e9,Microsoft Fairwater Wisconsin,"4800 90th St, Mount Pleasant, WI 53403",42.6748722,-87.8948822,public-address geocode,sar,Sentinel-1 GRD,S1A_IW_GRDH_1SDV_20250301T234110_20250301T234135_058118_072D8C,2025-03-01,https://planetarycomputer.microsoft.com/api/stac/v1/collections/sentinel-1-grd/items/S1A_IW_GRDH_1SDV_20250301T234110_20250301T234135_058118_072D8C,https://planetarycomputer.microsoft.com/api/stac/v1/search,sentinel-1-grd,,INGESTED_DERIVED,RAW_COG_WINDOW_PROCESSED,physical-verification-v1,"{""backscatter_note"": ""Sentinel-1 GRD detected amplitude is converted to dB with 20*log10(amplitude)."", ""source_asset_keys"": [""vv"", ""vh""], ""source_resolution_m"": 1.0, ""valid_pixel_count"": 0, ""vh_db_median"": null, ""vh_db_p10"": null, ""vh_db_p90"": null, ""vv_db_median"": null, ""vv_db_p10"": null, ""vv_db_p90"": null, ""vv_vh_db_difference"": null}",{},,Derived observation retained from a public raw scene; absence or missing scene is not evidence of absence.
EPOCH-f5dc9d7a3f02c2e9,Microsoft Fairwater Wisconsin,"4800 90th St, Mount Pleasant, WI 53403",42.6748722,-87.8948822,public-address geocode,sar,Sentinel-1 GRD,S1C_IW_GRDH_1SDV_20260917T233958_20260917T234028_009494_012E39,2026-09-17,https://planetarycomputer.microsoft.com/api/stac/v1/collections/sentinel-1-grd/items/S1C_IW_GRDH_1SDV_20260917T233958_20260917T234028_009494_012E39,https://planetarycomputer.microsoft.com/api/stac/v1/search,sentinel-1-grd,,INGESTED_DERIVED,RAW_COG_WINDOW_PROCESSED,physical-verification-v1,"{""backscatter_note"": ""Sentinel-1 GRD detected amplitude is converted to dB with 20*log10(amplitude)."", ""source_asset_keys"": [""vv"", ""vh""], ""source_resolution_m"": 1.0, ""valid_pixel_count"": 0, ""vh_db_median"": null, ""vh_db_p10"": null, ""vh_db_p90"": null, ""vv_db_median"": null, ""vv_db_p10"": null, ""vv_db_p90"": null, ""vv_vh_db_difference"": null}","{""source_resolution_m_delta"": 0.0, ""valid_pixel_count_delta"": 0}",,Derived observation retained from a public raw scene; absence or missing scene is not evidence of absence.
EPOCH-f5dc9d7a3f02c2e9,Microsoft Fairwater Wisconsin,"4800 90th St, Mount Pleasant, WI 53403",42.6748722,-87.8948822,public-address geocode,tir,Landsat Collection 2 Level-2 Surface Temperature,LC09_L2SP_023030_20250508_02_T1,2025-05-08,https://planetarycomputer.microsoft.com/api/stac/v1/collections/landsat-c2-l2/items/LC09_L2SP_023030_20250508_02_T1,https://planetarycomputer.microsoft.com/api/stac/v1/search,landsat-c2-l2,0.47,INGESTED_DERIVED,RAW_COG_WINDOW_PROCESSED,physical-verification-v1,"{""local_background_temperature_k_median"": 299.13482666015625, ""local_surface_temperature_delta_k"": 0.23583984375, ""proxy_note"": ""Thermal anomaly is relative to the local scene background, not a calibrated facility heat-output measurement."", ""source_asset_key"": ""lwir11"", ""source_resolution_m"": 30.0, ""surface_temperature_k_median"": 299.37066650390625, ""surface_temperature_p10_k"": 295.525390625, ""surface_temperature_p90_k"": 302.5767822265625, ""valid_pixel_count"": 36864}",{},,Derived observation retained from a public raw scene; absence or missing scene is not evidence of absence.
EPOCH-f5dc9d7a3f02c2e9,Microsoft Fairwater Wisconsin,"4800 90th St, Mount Pleasant, WI 53403",42.6748722,-87.8948822,public-address geocode,tir,Landsat Collection 2 Level-2 Surface Temperature,LC09_L2SP_023030_20260916_02_T1,2026-09-16,https://planetarycomputer.microsoft.com/api/stac/v1/collections/landsat-c2-l2/items/LC09_L2SP_023030_20260916_02_T1,https://planetarycomputer.microsoft.com/api/stac/v1/search,landsat-c2-l2,67.85,INGESTED_DERIVED,RAW_COG_WINDOW_PROCESSED,physical-verification-v1,"{""local_background_temperature_k_median"": 279.65380859375, ""local_surface_temperature_delta_k"": 0.052978515625, ""proxy_note"": ""Thermal anomaly is relative to the local scene background, not a calibrated facility heat-output measurement."", ""source_asset_key"": ""lwir11"", ""source_resolution_m"": 30.0, ""surface_temperature_k_median"": 279.706787109375, ""surface_temperature_p10_k"": 277.84228515625, ""surface_temperature_p90_k"": 281.7370910644531, ""valid_pixel_count"": 36864}","{""local_background_temperature_k_median_delta"": -19.48101806640625, ""local_surface_temperature_delta_k_delta"": -0.182861328125, ""source_resolution_m_delta"": 0.0, ""surface_temperature_k_median_delta"": -19.66387939453125, ""surface_temperature_p10_k_delta"": -17.68310546875, ""surface_temperature_p90_k_delta"": -20.839691162109375, ""valid_pixel_count_delta"": 0}",,Derived observation retained from a public raw scene; absence or missing scene is not evidence of absence.
EPOCH-f92e98f4b76a9bcd,Google Lancaster,"105 Whiley Rd, Lancaster, OH 43130",39.7240738,-82.687551,public-address geocode,optical,Sentinel-2 MSI L2A,S2C_MSIL2A_20260727T161831_R040_T17TLE_20260727T212009,2026-07-27,https://planetarycomputer.microsoft.com/api/stac/v1/collections/sentinel-2-l2a/items/S2C_MSIL2A_20260727T161831_R040_T17TLE_20260727T212009,https://planetarycomputer.microsoft.com/api/stac/v1/search,sentinel-2-l2a,92.729437,INGESTED_DERIVED,RAW_COG_WINDOW_PROCESSED,physical-verification-v1,"{""ndvi_median"": 0.12465152144432068, ""ndvi_p10"": 0.07873339205980301, ""ndvi_p90"": 0.20867100358009338, ""nir_reflectance_median"": 0.6917999982833862, ""nonvegetated_proxy_fraction"": 0.8812599182128906, ""proxy_note"": ""Nonvegetated fraction is a coarse surface-change proxy; it is not a building-footprint measurement."", ""red_reflectance_median"": 0.5375000238418579, ""source_asset_keys"": [""B04"", ""B08"", ""SCL""], ""source_resolution_m"": 10.0, ""valid_pixel_count"": 262144}",{},,Derived observation retained from a public raw scene; absence or missing scene is not evidence of absence.
EPOCH-f92e98f4b76a9bcd,Google Lancaster,"105 Whiley Rd, Lancaster, OH 43130",39.7240738,-82.687551,public-address geocode,optical,Sentinel-2 MSI L2A,S2C_MSIL2A_20260925T162021_R040_T17SLD_20260925T195353,2026-09-25,https://planetarycomputer.microsoft.com/api/stac/v1/collections/sentinel-2-l2a/items/S2C_MSIL2A_20260925T162021_R040_T17SLD_20260925T195353,https://planetarycomputer.microsoft.com/api/stac/v1/search,sentinel-2-l2a,1.899854,INGESTED_DERIVED,RAW_COG_WINDOW_PROCESSED,physical-verification-v1,"{""ndvi_median"": 0.4568701684474945, ""ndvi_p10"": 0.15589837729930878, ""ndvi_p90"": 0.6011639833450317, ""nir_reflectance_median"": 0.387800008058548, ""nonvegetated_proxy_fraction"": 0.18047378996721541, ""proxy_note"": ""Nonvegetated fraction is a coarse surface-change proxy; it is not a building-footprint measurement."", ""red_reflectance_median"": 0.14790000021457672, ""source_asset_keys"": [""B04"", ""B08"", ""SCL""], ""source_resolution_m"": 10.0, ""valid_pixel_count"": 170202}","{""ndvi_median_delta"": 0.33221864700317383, ""ndvi_p10_delta"": 0.07716498523950577, ""ndvi_p90_delta"": 0.39249297976493835, ""nir_reflectance_median_delta"": -0.30399999022483826, ""nonvegetated_proxy_fraction_delta"": -0.7007861282456752, ""red_reflectance_median_delta"": -0.3896000236272812, ""source_resolution_m_delta"": 0.0, ""valid_pixel_count_delta"": -91942}",,Derived observation retained from a public raw scene; absence or missing scene is not evidence of absence.
EPOCH-f92e98f4b76a9bcd,Google Lancaster,"105 Whiley Rd, Lancaster, OH 43130",39.7240738,-82.687551,public-address geocode,sar,Sentinel-1 GRD,S1A_IW_GRDH_1SDV_20250916T233157_20250916T233222_061020_079A6E,2025-09-16,https://planetarycomputer.microsoft.com/api/stac/v1/collections/sentinel-1-grd/items/S1A_IW_GRDH_1SDV_20250916T233157_20250916T233222_061020_079A6E,https://planetarycomputer.microsoft.com/api/stac/v1/search,sentinel-1-grd,,INGESTED_DERIVED,RAW_COG_WINDOW_PROCESSED,physical-verification-v1,"{""backscatter_note"": ""Sentinel-1 GRD detected amplitude is converted to dB with 20*log10(amplitude)."", ""source_asset_keys"": [""vv"", ""vh""], ""source_resolution_m"": 1.0, ""valid_pixel_count"": 0, ""vh_db_median"": null, ""vh_db_p10"": null, ""vh_db_p90"": null, ""vv_db_median"": null, ""vv_db_p10"": null, ""vv_db_p90"": null, ""vv_vh_db_difference"": null}",{},,Derived observation retained from a public raw scene; absence or missing scene is not evidence of absence.
EPOCH-f92e98f4b76a9bcd,Google Lancaster,"105 Whiley Rd, Lancaster, OH 43130",39.7240738,-82.687551,public-address geocode,sar,Sentinel-1 GRD,S1D_IW_GRDH_1SDV_20260925T232303_20260925T232328_004741_008DFF,2026-09-25,https://planetarycomputer.microsoft.com/api/stac/v1/collections/sentinel-1-grd/items/S1D_IW_GRDH_1SDV_20260925T232303_20260925T232328_004741_008DFF,https://planetarycomputer.microsoft.com/api/stac/v1/search,sentinel-1-grd,,INGESTED_DERIVED,RAW_COG_WINDOW_PROCESSED,physical-verification-v1,"{""backscatter_note"": ""Sentinel-1 GRD detected amplitude is converted to dB with 20*log10(amplitude)."", ""source_asset_keys"": [""vv"", ""vh""], ""source_resolution_m"": 1.0, ""valid_pixel_count"": 0, ""vh_db_median"": null, ""vh_db_p10"": null, ""vh_db_p90"": null, ""vv_db_median"": null, ""vv_db_p10"": null, ""vv_db_p90"": null, ""vv_vh_db_difference"": null}","{""source_resolution_m_delta"": 0.0, ""valid_pixel_count_delta"": 0}",,Derived observation retained from a public raw scene; absence or missing scene is not evidence of absence.
EPOCH-f92e98f4b76a9bcd,Google Lancaster,"105 Whiley Rd, Lancaster, OH 43130",39.7240738,-82.687551,public-address geocode,tir,Landsat Collection 2 Level-2 Surface Temperature,LC08_L2SP_019032_20260131_02_T1,2026-01-31,https://planetarycomputer.microsoft.com/api/stac/v1/collections/landsat-c2-l2/items/LC08_L2SP_019032_20260131_02_T1,https://planetarycomputer.microsoft.com/api/stac/v1/search,landsat-c2-l2,52.39,INGESTED_DERIVED,RAW_COG_WINDOW_PROCESSED,physical-verification-v1,"{""local_background_temperature_k_median"": 257.74774169921875, ""local_surface_temperature_delta_k"": -0.440948486328125, ""proxy_note"": ""Thermal anomaly is relative to the local scene background, not a calibrated facility heat-output measurement."", ""source_asset_key"": ""lwir11"", ""source_resolution_m"": 30.0, ""surface_temperature_k_median"": 257.3067932128906, ""surface_temperature_p10_k"": 256.2882385253906, ""surface_temperature_p90_k"": 258.97991943359375, ""valid_pixel_count"": 36864}",{},,Derived observation retained from a public raw scene; absence or missing scene is not evidence of absence.
EPOCH-f92e98f4b76a9bcd,Google Lancaster,"105 Whiley Rd, Lancaster, OH 43130",39.7240738,-82.687551,public-address geocode,tir,Landsat Collection 2 Level-2 Surface Temperature,LC09_L2SP_019033_20260920_02_T1,2026-09-20,https://planetarycomputer.microsoft.com/api/stac/v1/collections/landsat-c2-l2/items/LC09_L2SP_019033_20260920_02_T1,https://planetarycomputer.microsoft.com/api/stac/v1/search,landsat-c2-l2,81.2,INGESTED_DERIVED,RAW_COG_WINDOW_PROCESSED,physical-verification-v1,"{""local_background_temperature_k_median"": 293.0, ""local_surface_temperature_delta_k"": 0.0, ""proxy_note"": ""Thermal anomaly is relative to the local scene background, not a calibrated facility heat-output measurement."", ""source_asset_key"": ""lwir11"", ""source_resolution_m"": 30.0, ""surface_temperature_k_median"": 293.0, ""surface_temperature_p10_k"": 293.0, ""surface_temperature_p90_k"": 293.0, ""valid_pixel_count"": 30393}","{""local_background_temperature_k_median_delta"": 35.25225830078125, ""local_surface_temperature_delta_k_delta"": 0.440948486328125, ""source_resolution_m_delta"": 0.0, ""surface_temperature_k_median_delta"": 35.693206787109375, ""surface_temperature_p10_k_delta"": 36.711761474609375, ""surface_temperature_p90_k_delta"": 34.02008056640625, ""valid_pixel_count_delta"": -6471}",,Derived observation retained from a public raw scene; absence or missing scene is not evidence of absence.
