queue_id,rto,state,county,poi,capacity_mw,status,project_name,developer,entity_classification,tier,gpus_estimate,run_flops_90d_reference,ambiguous_flag
1743,NYISO,NY,St. Lawrence,NYPA's 230kV Moses Massena 1 (MMS-1) and 230kV Moses Massena 2 (MMS-2),1935,Under Study,St. Lawrence Infrastructure 2,"St. Lawrence Infrastructure, LLC",Developer Not Matched To Known List,Genuinely Ambiguous / Unclassified Large Load,353829,2.1779852609828572e+27,true
P3066,AESO,AB,Caroline,NOT PUBLISHED IN AESO CONNECTION PROJECT LIST,1864,Under Study,Leedale Data Load,NOT PUBLISHED IN AESO CONNECTION PROJECT LIST,Developer Not Disclosed,Genuinely Ambiguous / Unclassified Large Load,340846,2.0980695227245717e+27,true
P3198,AESO,AB,Fort Saskatchewan,NOT PUBLISHED IN AESO CONNECTION PROJECT LIST,1800,Active,Lynx Data Load,NOT PUBLISHED IN AESO CONNECTION PROJECT LIST,Developer Not Disclosed,Genuinely Ambiguous / Unclassified Large Load,329143,2.026032800914286e+27,true
P2970,AESO,AB,Calgary,NOT PUBLISHED IN AESO CONNECTION PROJECT LIST,1400,Active,Beacon Langdon A.I. Hub 2 Load,NOT PUBLISHED IN AESO CONNECTION PROJECT LIST,Developer Not Disclosed,Genuinely Ambiguous / Unclassified Large Load,256000,1.5758032896e+27,true
2026-903,IESO,ON,Essa,NOT PUBLISHED IN IESO APPLICATION STATUS DATA,1380,Under Study,Project IQ197,197 McKay Barrie Corp,Developer Not Matched To Known List,Genuinely Ambiguous / Unclassified Large Load,252343,1.5532918140342858e+27,true
P3108,AESO,AB,Calgary,NOT PUBLISHED IN AESO CONNECTION PROJECT LIST,1300,Under Study,Wild Rose Power Hub Load,NOT PUBLISHED IN AESO CONNECTION PROJECT LIST,Developer Not Disclosed,Genuinely Ambiguous / Unclassified Large Load,237714,1.4632459117714287e+27,true
P3109,AESO,AB,Brooks,NOT PUBLISHED IN AESO CONNECTION PROJECT LIST,1200,Under Study,Newell Data Center MPC Load,NOT PUBLISHED IN AESO CONNECTION PROJECT LIST,Developer Not Disclosed,Genuinely Ambiguous / Unclassified Large Load,219429,1.350688533942857e+27,true
2026-885,IESO,ON,West,NOT PUBLISHED IN IESO APPLICATION STATUS DATA,1000,Under Study,N49 Digital,N49 Digital Ltd.,Developer Not Matched To Known List,Genuinely Ambiguous / Unclassified Large Load,182857,1.1255737782857144e+27,true
1738,NYISO,NY,Dutchess,East Fishkill to Wood Street 345 kV lines (38 and 39),1000,Under Study,"1 Gig Data Center East Fishkill, NY",Donovan Drive Holdings LLC,Developer Not Matched To Known List,Genuinely Ambiguous / Unclassified Large Load,182857,1.1255737782857144e+27,true
P2942,AESO,AB,Wabamun,NOT PUBLISHED IN AESO CONNECTION PROJECT LIST,1000,Under Study,Genesee Data Center 1 MPC Load,NOT PUBLISHED IN AESO CONNECTION PROJECT LIST,Developer Not Disclosed,Genuinely Ambiguous / Unclassified Large Load,182857,1.1255737782857144e+27,true
J1490,MISO,MO,Randolph,McCredie - Montgomery 345 kV Line Tap,1000,IA in Progress,,NOT PUBLISHED IN MISO GI QUEUE DATA,Developer Not Disclosed,Genuinely Ambiguous / Unclassified Large Load,182857,1.1255737782857144e+27,true
P2936,AESO,AB,Fort Saskatchewan,NOT PUBLISHED IN AESO CONNECTION PROJECT LIST,970,Under Study,GLDC Load Phase 1.1,NOT PUBLISHED IN AESO CONNECTION PROJECT LIST,Developer Not Disclosed,Genuinely Ambiguous / Unclassified Large Load,177371,1.0918065649371428e+27,true
P3102,AESO,AB,Strathmore/Blackie,NOT PUBLISHED IN AESO CONNECTION PROJECT LIST,950,Under Study,Goldfinch Technology Park MPC Load,NOT PUBLISHED IN AESO CONNECTION PROJECT LIST,Developer Not Disclosed,Genuinely Ambiguous / Unclassified Large Load,173714,1.0692950893714288e+27,true
P3101,AESO,AB,Didsbury,NOT PUBLISHED IN AESO CONNECTION PROJECT LIST,950,Under Study,Carstairs Technology Park MPC Load,NOT PUBLISHED IN AESO CONNECTION PROJECT LIST,Developer Not Disclosed,Genuinely Ambiguous / Unclassified Large Load,173714,1.0692950893714288e+27,true
1742,NYISO,NY,St. Lawrence,"NYPA HA-2, 345kV Transmission Line",860,Under Study,St. Lawrence Infrastructure 1,"St. Lawrence Infrastructure, LLC",Developer Not Matched To Known List,Genuinely Ambiguous / Unclassified Large Load,157257,9.679934493257144e+26,true
P3151,AESO,AB,Fort Saskatchewan,NOT PUBLISHED IN AESO CONNECTION PROJECT LIST,830,Under Study,GLDC Load Phase 1.2,NOT PUBLISHED IN AESO CONNECTION PROJECT LIST,Developer Not Disclosed,Genuinely Ambiguous / Unclassified Large Load,151771,9.34226235977143e+26,true
P3137,AESO,AB,Sheerness,NOT PUBLISHED IN AESO CONNECTION PROJECT LIST,800,Active,Sheerness Data MPC Load,NOT PUBLISHED IN AESO CONNECTION PROJECT LIST,Developer Not Disclosed,Genuinely Ambiguous / Unclassified Large Load,146286,9.004590226285716e+26,true
P3116,AESO,AB,Calgary,NOT PUBLISHED IN AESO CONNECTION PROJECT LIST,800,Under Study,Rocky View Data Center MPC Load,NOT PUBLISHED IN AESO CONNECTION PROJECT LIST,Developer Not Disclosed,Genuinely Ambiguous / Unclassified Large Load,146286,9.004590226285716e+26,true
2025-833,IESO,ON,Toronto,NOT PUBLISHED IN IESO APPLICATION STATUS DATA,707,Under Study,Priority 1 & Priority 2 Transformer Stations Load Increase,ALECTRA UTILITIES CORPORATION,Developer Not Matched To Known List,Genuinely Ambiguous / Unclassified Large Load,129280,7.957806612480001e+26,true
2025-848,IESO,ON,West,NOT PUBLISHED IN IESO APPLICATION STATUS DATA,695,Under Study,EPC/PUC TransCo TS - Phase 1A,EPC/PUC Transmission,Developer Not Matched To Known List,Genuinely Ambiguous / Unclassified Large Load,127086,7.822737759085715e+26,true
S1156,MISO,TX,UNKNOWN,"NOT PUBLISHED BY MISO (Transmission Owner: ENTERGY TEXAS, INC. ETTO)",632,Active,,NOT PUBLISHED IN MISO GI QUEUE DATA,Developer Not Disclosed,Genuinely Ambiguous / Unclassified Large Load,115566,7.113626278765714e+26,true
S1161,MISO,AR,UNKNOWN,"NOT PUBLISHED BY MISO (Transmission Owner: ENTERGY ARKANSAS, LLC EATO)",625,Active,,NOT PUBLISHED IN MISO GI QUEUE DATA,Developer Not Disclosed,Genuinely Ambiguous / Unclassified Large Load,114286,7.034836114285715e+26,true
1765,NYISO,NY,Onondaga,National Grid - Clay Substation,606,Active,Micron Fab 3,Eldo Varghese,Developer Not Matched To Known List,Genuinely Ambiguous / Unclassified Large Load,110811,6.820977096411429e+26,true
1627,NYISO,NY,Onondaga,National Grid Clay 345 kV Substation,576,Facilities Study,Micron Fab 2,Micron New York Semiconductor Manufacturing LLC,Developer Not Matched To Known List,Genuinely Ambiguous / Unclassified Large Load,105326,6.483304962925715e+26,true
2025-863,IESO,ON,West,NOT PUBLISHED IN IESO APPLICATION STATUS DATA,550,Under Study,Essex Transmission - Phase 1B,Essex Transmission LP,Developer Not Matched To Known List,Genuinely Ambiguous / Unclassified Large Load,100571,6.190655780571429e+26,true
S1157,MISO,TX,UNKNOWN,"NOT PUBLISHED BY MISO (Transmission Owner: ENTERGY TEXAS, INC. ETTO)",534,Active,,NOT PUBLISHED IN MISO GI QUEUE DATA,Developer Not Disclosed,Genuinely Ambiguous / Unclassified Large Load,97646,6.010563976045715e+26,true
J1488,MISO,MO,Randolph,McCredie - Montgomery 345 kV Line Tap,500,IA in Progress,,NOT PUBLISHED IN MISO GI QUEUE DATA,Developer Not Disclosed,Genuinely Ambiguous / Unclassified Large Load,91429,5.627868891428572e+26,true
1741,NYISO,NY,Niagara,230kV lines 77 and 78,500,Under Study,North East Data LLC Data Center,North East Data LLC,Developer Not Matched To Known List,Genuinely Ambiguous / Unclassified Large Load,91429,5.627868891428572e+26,true
P2946,AESO,AB,Wabamun,NOT PUBLISHED IN AESO CONNECTION PROJECT LIST,500,Under Study,Genesee Data Center 2 MPC Load,NOT PUBLISHED IN AESO CONNECTION PROJECT LIST,Developer Not Disclosed,Genuinely Ambiguous / Unclassified Large Load,91429,5.627868891428572e+26,true
GEN-2024-013,SPP,OK,McClain,Norman Hills 345 kV,496,Under Study,,NOT PUBLISHED IN SPP GI QUEUE EXPORT,Developer Not Disclosed,Genuinely Ambiguous / Unclassified Large Load,90697,5.582845940297143e+26,true
GEN-2024-GR1,SPP,OK,Harrah,Horseshoe Lake 138kV,492,IA in Progress,,NOT PUBLISHED IN SPP GI QUEUE EXPORT,Developer Not Disclosed,Genuinely Ambiguous / Unclassified Large Load,89966,5.537822989165715e+26,true
1536,NYISO,NY,Onondaga,Clay 345 kV Substation,480,IA in Progress,White Pine Phase 1,Micron New York Semiconductor Manufacturing LLC,Developer Not Matched To Known List,Genuinely Ambiguous / Unclassified Large Load,87771,5.4027541357714285e+26,true
1730,NYISO,NY,St Lawrence,Haverstock to Adirondak 345kV line HA-1,467,Under Study,Arsenal Data Site 1000,Arconic Corporation,Developer Not Matched To Known List,Genuinely Ambiguous / Unclassified Large Load,85394,5.256429544594285e+26,true
P3095,AESO,AB,Wabamun,NOT PUBLISHED IN AESO CONNECTION PROJECT LIST,466,Under Study,Keephills Data Centre Phase 2,NOT PUBLISHED IN AESO CONNECTION PROJECT LIST,Developer Not Disclosed,Genuinely Ambiguous / Unclassified Large Load,85211,5.2451738068114286e+26,true
P3112,AESO,AB,Calgary,NOT PUBLISHED IN AESO CONNECTION PROJECT LIST,450,Active,North Calgary Three Data Centre MPC Load,NOT PUBLISHED IN AESO CONNECTION PROJECT LIST,Developer Not Disclosed,Genuinely Ambiguous / Unclassified Large Load,82286,5.065082002285715e+26,true
2026-899,IESO,ON,West,NOT PUBLISHED IN IESO APPLICATION STATUS DATA,447,Under Study,Leamington Area Load Increase,HYDRO ONE NETWORKS INC.,Developer Not Matched To Known List,Genuinely Ambiguous / Unclassified Large Load,81737,5.031314788937143e+26,true
0979,NYISO,NY,St. Lawrence,Reynolds 115kV,435,IA in Progress,North Country Data Center,North Country Data Center,Developer Not Matched To Known List,Genuinely Ambiguous / Unclassified Large Load,79543,4.896245935542857e+26,true
P3136,AESO,AB,Wabamun,NOT PUBLISHED IN AESO CONNECTION PROJECT LIST,401,Active,Sundance Data MPC Load,NOT PUBLISHED IN AESO CONNECTION PROJECT LIST,Developer Not Disclosed,Genuinely Ambiguous / Unclassified Large Load,73326,4.5135508509257154e+26,true
GEN-2025-SR9,SPP,OK,Fort Gibson,Muskogee 345 KV Substation,400,Under Study,,NOT PUBLISHED IN SPP GI QUEUE EXPORT,Developer Not Disclosed,Genuinely Ambiguous / Unclassified Large Load,73143,4.502295113142858e+26,true
2026-881,IESO,ON,Northeast,NOT PUBLISHED IN IESO APPLICATION STATUS DATA,400,Under Study,Algoma Data Center,RED JAR ALGOMA DATA CENTER CORP.,Developer Not Matched To Known List,Genuinely Ambiguous / Unclassified Large Load,73143,4.502295113142858e+26,true
P3106,AESO,AB,Lethbridge,NOT PUBLISHED IN AESO CONNECTION PROJECT LIST,400,Active,Alberta South A.I. Load,NOT PUBLISHED IN AESO CONNECTION PROJECT LIST,Developer Not Disclosed,Genuinely Ambiguous / Unclassified Large Load,73143,4.502295113142858e+26,true
P3107,AESO,AB,Calgary,NOT PUBLISHED IN AESO CONNECTION PROJECT LIST,400,Active,Chestermere Enterprise A.I. Load,NOT PUBLISHED IN AESO CONNECTION PROJECT LIST,Developer Not Disclosed,Genuinely Ambiguous / Unclassified Large Load,73143,4.502295113142858e+26,true
P2935,AESO,AB,Edmonton,NOT PUBLISHED IN AESO CONNECTION PROJECT LIST,400,Under Study,Beacon Saunders Lake A.I. Hub Load,NOT PUBLISHED IN AESO CONNECTION PROJECT LIST,Developer Not Disclosed,Genuinely Ambiguous / Unclassified Large Load,73143,4.502295113142858e+26,true
P2926,AESO,AB,High River,NOT PUBLISHED IN AESO CONNECTION PROJECT LIST,400,Under Study,Beacon Foothills A.I. Hub Load,NOT PUBLISHED IN AESO CONNECTION PROJECT LIST,Developer Not Disclosed,Genuinely Ambiguous / Unclassified Large Load,73143,4.502295113142858e+26,true
P2927,AESO,AB,Wabamun,NOT PUBLISHED IN AESO CONNECTION PROJECT LIST,400,Under Study,Beacon Harry Smith A.I. Hub Load,NOT PUBLISHED IN AESO CONNECTION PROJECT LIST,Developer Not Disclosed,Genuinely Ambiguous / Unclassified Large Load,73143,4.502295113142858e+26,true
P2928,AESO,AB,Calgary,NOT PUBLISHED IN AESO CONNECTION PROJECT LIST,400,Under Study,Beacon Langdon A.I. Hub Load,NOT PUBLISHED IN AESO CONNECTION PROJECT LIST,Developer Not Disclosed,Genuinely Ambiguous / Unclassified Large Load,73143,4.502295113142858e+26,true
P2934,AESO,AB,Fort Saskatchewan,NOT PUBLISHED IN AESO CONNECTION PROJECT LIST,400,Under Study,Beacon Heartland A.I. Hub Load,NOT PUBLISHED IN AESO CONNECTION PROJECT LIST,Developer Not Disclosed,Genuinely Ambiguous / Unclassified Large Load,73143,4.502295113142858e+26,true
1762,NYISO,PA,Clearfield,"same POI of Q#1080 (Mineral Basin Solar), connects to NYSEG's L47 line",400,Under Study,Highwall Data Center,"Highwall Energy, LLC",Developer Not Matched To Known List,Genuinely Ambiguous / Unclassified Large Load,73143,4.502295113142858e+26,true
1740,NYISO,NY,Herkimer,Line 1: 345KV from EDIC to Fraser. Line 2: 345 KV from Marcy to Coopers Corners,400,Under Study,Incremental Load Request for Remington Factory Redevelopment,Turin Management LLC,Developer Not Matched To Known List,Genuinely Ambiguous / Unclassified Large Load,73143,4.502295113142858e+26,true
P3175,AESO,AB,Fort Saskatchewan,NOT PUBLISHED IN AESO CONNECTION PROJECT LIST,400,Active,Beacon Heartland Data Load,NOT PUBLISHED IN AESO CONNECTION PROJECT LIST,Developer Not Disclosed,Genuinely Ambiguous / Unclassified Large Load,73143,4.502295113142858e+26,true
S1162,MISO,AR,UNKNOWN,"NOT PUBLISHED BY MISO (Transmission Owner: ENTERGY ARKANSAS, LLC EATO)",390,Active,,NOT PUBLISHED IN MISO GI QUEUE DATA,Developer Not Disclosed,Genuinely Ambiguous / Unclassified Large Load,71314,4.3897377353142857e+26,true
1763,NYISO,PA,Tioga,Tap on the NYSEG 345 kV Line 47 (Homer City -Mainesburg 345 kV),350,Under Study,Patriot Forge,"Patriot Forge PA, LLC",Developer Not Matched To Known List,Genuinely Ambiguous / Unclassified Large Load,64000,3.939508224e+26,true
P2958,AESO,AB,Fort Saskatchewan,NOT PUBLISHED IN AESO CONNECTION PROJECT LIST,320,Under Study,Hydrogen Canada MPC Load,NOT PUBLISHED IN AESO CONNECTION PROJECT LIST,Developer Not Disclosed,Genuinely Ambiguous / Unclassified Large Load,58514,3.601836090514286e+26,true
2026-872,IESO,ON,Toronto,NOT PUBLISHED IN IESO APPLICATION STATUS DATA,300,Under Study,Moldenhauer Energy 1 & 2,1001490547 Ontario Inc. (Moldenhauer),Developer Not Matched To Known List,Genuinely Ambiguous / Unclassified Large Load,54857,3.376721334857143e+26,true
2024-819,IESO,ON,Southwest,NOT PUBLISHED IN IESO APPLICATION STATUS DATA,300,Under Study,Industrial Production Facility,Vianode Canada Inc.,Developer Not Matched To Known List,Genuinely Ambiguous / Unclassified Large Load,54857,3.376721334857143e+26,true
P3156,AESO,AB,Calgary,NOT PUBLISHED IN AESO CONNECTION PROJECT LIST,300,Active,High Plains East Industrial Park,NOT PUBLISHED IN AESO CONNECTION PROJECT LIST,Developer Not Disclosed,Genuinely Ambiguous / Unclassified Large Load,54857,3.376721334857143e+26,true
P3110,AESO,AB,Peace River,NOT PUBLISHED IN AESO CONNECTION PROJECT LIST,300,Active,Mihta Askiy Data Load,NOT PUBLISHED IN AESO CONNECTION PROJECT LIST,Developer Not Disclosed,Genuinely Ambiguous / Unclassified Large Load,54857,3.376721334857143e+26,true
0580,NYISO,NY,Genesee,Kintigh/Niagara - New Rochester 345kV,300,IA in Progress,WNY STAMP,Genesee County Economic Devel.,Developer Not Matched To Known List,Genuinely Ambiguous / Unclassified Large Load,54857,3.376721334857143e+26,true
1484,NYISO,NY,Genesee,115 kv STAMP substation,300,IA in Progress,580 STAMP load increase,GCEDC,Developer Not Matched To Known List,Genuinely Ambiguous / Unclassified Large Load,54857,3.376721334857143e+26,true
S1054,MISO,MN,Cottonwood,Lakefield Junction 345kV,300,Active,,NOT PUBLISHED IN MISO GI QUEUE DATA,Developer Not Disclosed,Genuinely Ambiguous / Unclassified Large Load,54857,3.376721334857143e+26,true
1731,NYISO,NY,St. Lawrence,Haverstock-Adirondack 345kV transmission line HA-2,300,Under Study,New York State Artificial Intelligence Data Center,"ZeroC Data Centers, LLC",Developer Not Matched To Known List,Genuinely Ambiguous / Unclassified Large Load,54857,3.376721334857143e+26,true
1726,NYISO,NY,Erie,Huntley - Packard 230kV line 78,300,Under Study,Data & Technology Campus,"Riverview Innovation & Technology Campus, Inc.",Developer Not Matched To Known List,Genuinely Ambiguous / Unclassified Large Load,54857,3.376721334857143e+26,true
1736,NYISO,NY,Onondaga,Clay to Pannell ckts PC-1 and PC-2,270,Under Study,Ranalli SuperDC,Ranalli SuperDC LLC,Developer Not Matched To Known List,Genuinely Ambiguous / Unclassified Large Load,49371,3.0390492013714285e+26,true
2026-871,IESO,ON,Toronto,NOT PUBLISHED IN IESO APPLICATION STATUS DATA,250,Under Study,Creekside Industrial Load,CREEKSIDE INDUSTRIAL LP,Developer Not Matched To Known List,Genuinely Ambiguous / Unclassified Large Load,45714,2.813934445714286e+26,true
2025-857,IESO,ON,East,NOT PUBLISHED IN IESO APPLICATION STATUS DATA,250,Under Study,Napanee Data Park,"Napanee Environmental Complex, Inc.",Developer Not Matched To Known List,Genuinely Ambiguous / Unclassified Large Load,45714,2.813934445714286e+26,true
1745,NYISO,NY,St Lawrence,Haverstock-Adirondack 345kV transmission lines,250,Under Study,Pontoon Bridge Road Data Center,American Data Center Partners LLC,Developer Not Matched To Known List,Genuinely Ambiguous / Unclassified Large Load,45714,2.813934445714286e+26,true
1732,NYISO,NY,Niagara,Kintigh 345kV sub-station,250,Under Study,Wulf Compute Data Center II,TeraWulf Brookings LLC,Developer Not Matched To Known List,Genuinely Ambiguous / Unclassified Large Load,45714,2.813934445714286e+26,true
1670,NYISO,NY,Niagara,Kintigh 345kV Substation,250,Under Study,Lake Mariner Data II,Lake Mariner Data LLC,Developer Not Matched To Known List,Genuinely Ambiguous / Unclassified Large Load,45714,2.813934445714286e+26,true
1752,NYISO,NY,Broome,345 kV POI via a loop on the existing Oakdale-Fraser Line 32. The interconnection substation will have a ring bus configuration.,250,Under Study,Broome County Tech Park,The Agency,Developer Not Matched To Known List,Genuinely Ambiguous / Unclassified Large Load,45714,2.813934445714286e+26,true
GEN-2025-SR10,SPP,OK,Konawa,Seminole 345 KV Substation,238,Under Study,,NOT PUBLISHED IN SPP GI QUEUE EXPORT,Developer Not Disclosed,Genuinely Ambiguous / Unclassified Large Load,43520,2.67886559232e+26,true
1729,NYISO,NY,St Lawrence,Haverstock to Adirondak 345kV line HA-1,233,Under Study,Arsenal Data Site 500,Arconic Corporation,Developer Not Matched To Known List,Genuinely Ambiguous / Unclassified Large Load,42606,2.6225869034057143e+26,true
1728,NYISO,NY,St Lawrence,Haverstock to Adirondak 345kV line HA-1,233,Under Study,Arsenal Data Site 250,Arconic Corporation,Developer Not Matched To Known List,Genuinely Ambiguous / Unclassified Large Load,42606,2.6225869034057143e+26,true
P2614,AESO,AB,Fort Saskatchewan,NOT PUBLISHED IN AESO CONNECTION PROJECT LIST,231,IA in Progress,Dow Fort Sask. Load,NOT PUBLISHED IN AESO CONNECTION PROJECT LIST,Developer Not Disclosed,Genuinely Ambiguous / Unclassified Large Load,42240,2.60007542784e+26,true
S1148,MISO,MN,Rock,Magnolia,230,Active,,NOT PUBLISHED IN MISO GI QUEUE DATA,Developer Not Disclosed,Genuinely Ambiguous / Unclassified Large Load,42057,2.5888196900571428e+26,true
P3083,AESO,AB,Wabamun,NOT PUBLISHED IN AESO CONNECTION PROJECT LIST,230,Under Study,Keephills Data Centre Phase 1.1,NOT PUBLISHED IN AESO CONNECTION PROJECT LIST,Developer Not Disclosed,Genuinely Ambiguous / Unclassified Large Load,42057,2.5888196900571428e+26,true
S1086,MISO,MO,Stoddard,Stoddard - Morley 161kV,225,Active,,NOT PUBLISHED IN MISO GI QUEUE DATA,Developer Not Disclosed,Genuinely Ambiguous / Unclassified Large Load,41143,2.532541001142857e+26,true
S1130,MISO,MI,UNKNOWN,NOT PUBLISHED BY MISO (Transmission Owner: METC),225,Active,,NOT PUBLISHED IN MISO GI QUEUE DATA,Developer Not Disclosed,Genuinely Ambiguous / Unclassified Large Load,41143,2.532541001142857e+26,true
S1057,MISO,IL,Cumberland and Coles,Neoga South,210,Active,,NOT PUBLISHED IN MISO GI QUEUE DATA,Developer Not Disclosed,Genuinely Ambiguous / Unclassified Large Load,38400,2.3637049344000003e+26,true
2025-838,IESO,ON,Toronto,NOT PUBLISHED IN IESO APPLICATION STATUS DATA,207.2,Under Study,Project Rebel,Bird Construction Group,Developer Not Matched To Known List,Genuinely Ambiguous / Unclassified Large Load,37888,2.3321888686080004e+26,true
2026-877,IESO,ON,East,NOT PUBLISHED IN IESO APPLICATION STATUS DATA,200,Under Study,Millhaven Data Center,RED JAR ENERGY PARTNERS INC.,Developer Not Matched To Known List,Genuinely Ambiguous / Unclassified Large Load,36571,2.251147556571429e+26,true
2026-894,IESO,ON,Southwest,NOT PUBLISHED IN IESO APPLICATION STATUS DATA,200,Under Study,Mikinak Phase 2 Data Center,Red Jar Energy Partners Inc,Developer Not Matched To Known List,Genuinely Ambiguous / Unclassified Large Load,36571,2.251147556571429e+26,true
2026-913,IESO,ON,West,NOT PUBLISHED IN IESO APPLICATION STATUS DATA,200,Under Study,St. Clair Technology Centre,TRUENORTH SUSTAINABLE INFRASTRUCTURE INC.,Developer Not Matched To Known List,Genuinely Ambiguous / Unclassified Large Load,36571,2.251147556571429e+26,true
2025-846,IESO,ON,Southwest,NOT PUBLISHED IN IESO APPLICATION STATUS DATA,200,Under Study,Beach TS & Gage TS Load Increase,ALECTRA UTILITIES CORPORATION,Developer Not Matched To Known List,Genuinely Ambiguous / Unclassified Large Load,36571,2.251147556571429e+26,true
GEN-2025-SR26,SPP,NE,Plattsmouth,Cass County 345kV Substation,200,Facilities Study,,NOT PUBLISHED IN SPP GI QUEUE EXPORT,Developer Not Disclosed,Genuinely Ambiguous / Unclassified Large Load,36571,2.251147556571429e+26,true
GEN-2025-SR24,SPP,NE,Blair,Fort Calhoun 345kV Substation,200,Facilities Study,,NOT PUBLISHED IN SPP GI QUEUE EXPORT,Developer Not Disclosed,Genuinely Ambiguous / Unclassified Large Load,36571,2.251147556571429e+26,true
2025-836,IESO,ON,Southwest,NOT PUBLISHED IN IESO APPLICATION STATUS DATA,200,Under Study,Mikinak Data Center,Mikinak MCFN-RJEP Data Centre,Developer Not Matched To Known List,Genuinely Ambiguous / Unclassified Large Load,36571,2.251147556571429e+26,true
S1140,MISO,MN,Clinton,Calamus East,200,Active,,NOT PUBLISHED IN MISO GI QUEUE DATA,Developer Not Disclosed,Genuinely Ambiguous / Unclassified Large Load,36571,2.251147556571429e+26,true
S1155,MISO,MO,UNKNOWN,NOT PUBLISHED BY MISO (Transmission Owner: AMEREN MISSOURI),200,Active,,NOT PUBLISHED IN MISO GI QUEUE DATA,Developer Not Disclosed,Genuinely Ambiguous / Unclassified Large Load,36571,2.251147556571429e+26,true
S1091,MISO,MO,Cape Girardeau,Adna 345 kV,200,Active,,NOT PUBLISHED IN MISO GI QUEUE DATA,Developer Not Disclosed,Genuinely Ambiguous / Unclassified Large Load,36571,2.251147556571429e+26,true
S1074,MISO,AR,Phillips,Ritchie Plant 230 kV Substation,200,Active,,NOT PUBLISHED IN MISO GI QUEUE DATA,Developer Not Disclosed,Genuinely Ambiguous / Unclassified Large Load,36571,2.251147556571429e+26,true
1751,NYISO,NY,St; Lawrence,NYPA - HW1 and HW2 (345kV) Lines - at Haverstock Substation,200,Under Study,Massena Development LLC Power Allocation,North Country Data Center LLC,Developer Not Matched To Known List,Genuinely Ambiguous / Unclassified Large Load,36571,2.251147556571429e+26,true
1717,NYISO,NY,Westchester,Buchanan 138kV Substation,200,Under Study,"Proposed Datacenters at 450 Broadway, Buchanan, NY, 10511",Holtec Decommissioning International (HDI),Developer Not Matched To Known List,Genuinely Ambiguous / Unclassified Large Load,36571,2.251147556571429e+26,true
1725,NYISO,NY,Yates,New York State Electric & Gas (NYSEG) - Greenidge 115 kV Substation,200,Under Study,Greenidge 200 MW Data Center Project,"Greenidge Generation, LLC",Developer Not Matched To Known List,Genuinely Ambiguous / Unclassified Large Load,36571,2.251147556571429e+26,true
1213,NYISO,NY,St. Lawrence,Dennison 115kV substation,200,IA in Progress,St Lawrence Data and Agricultural Center,"ZeroC Data Centers, LLC",Developer Not Matched To Known List,Genuinely Ambiguous / Unclassified Large Load,36571,2.251147556571429e+26,true
S1164,MISO,AR,Mississippi,Dell - Manila 161 kV,200,Active,,NOT PUBLISHED IN MISO GI QUEUE DATA,Developer Not Disclosed,Genuinely Ambiguous / Unclassified Large Load,36571,2.251147556571429e+26,true
S1133,MISO,LA,Sangamon,343515 Chatham Main - 346555 North Aurburn (Ameren) 138.0kV,200,Active,,NOT PUBLISHED IN MISO GI QUEUE DATA,Developer Not Disclosed,Genuinely Ambiguous / Unclassified Large Load,36571,2.251147556571429e+26,true
S1144,MISO,MI,UNKNOWN,NOT PUBLISHED BY MISO (Transmission Owner: METC),200,Active,,NOT PUBLISHED IN MISO GI QUEUE DATA,Developer Not Disclosed,Genuinely Ambiguous / Unclassified Large Load,36571,2.251147556571429e+26,true
2024-809,IESO,ON,Southwest,NOT PUBLISHED IN IESO APPLICATION STATUS DATA,198,Under Study,Project Chisel,Bird Construction Group Limited,Developer Not Matched To Known List,Genuinely Ambiguous / Unclassified Large Load,36206,2.2286360810057143e+26,true
2025-825,IESO,ON,Southwest,NOT PUBLISHED IN IESO APPLICATION STATUS DATA,198,Under Study,Project Chisel 2,Bird Construction Group Ltd,Developer Not Matched To Known List,Genuinely Ambiguous / Unclassified Large Load,36206,2.2286360810057143e+26,true
1747,NYISO,NY,Niagara,Beck Packard 76 230kV,192,Under Study,Globe Digital Holdings - 1,GLOBE DH LLC,Developer Not Matched To Known List,Genuinely Ambiguous / Unclassified Large Load,35109,2.161101654308572e+26,true
1748,NYISO,NY,Niagara Falls,Beck Packard 76 230kV,192,Under Study,GLOBE DH 2,GLOBE DH LLC,Developer Not Matched To Known List,Genuinely Ambiguous / Unclassified Large Load,35109,2.161101654308572e+26,true
1749,NYISO,NY,Niagara Falls,Niagara Packard 77 230kV,192,Under Study,Globe DH 3,GLOBE DH LLC,Developer Not Matched To Known List,Genuinely Ambiguous / Unclassified Large Load,35109,2.161101654308572e+26,true
J2656,MISO,IL,Macon,4LATHAM-4N DEC E 138 kV,180,Active,,NOT PUBLISHED IN MISO GI QUEUE DATA,Developer Not Disclosed,Genuinely Ambiguous / Unclassified Large Load,32914,2.0260328009142857e+26,true
1754,NYISO,NY,Albany,Albany?Bethlehem 115 kV Line #18,180,Under Study,Kenwood Tech Center,EKG Group LLC,Developer Not Matched To Known List,Genuinely Ambiguous / Unclassified Large Load,32914,2.0260328009142857e+26,true
1721,NYISO,NY,Suffolk,138-872 Holbrook to Sills Rd,176.6,Facilities Study,Brookhaven Logistics Center,WF Industrial XII LLC,Developer Not Matched To Known List,Genuinely Ambiguous / Unclassified Large Load,32293,1.9877632924525717e+26,true
P3152,AESO,AB,Wabamun,NOT PUBLISHED IN AESO CONNECTION PROJECT LIST,165,Active,Keephills Data Centre Phase 1.2,NOT PUBLISHED IN AESO CONNECTION PROJECT LIST,Developer Not Disclosed,Genuinely Ambiguous / Unclassified Large Load,30171,1.857196734171429e+26,true
1733,NYISO,NY,Tompkins,Milliken 115kV Substation,162,Under Study,Cayuga Data,"Cayuga Operating Company, LLC",Developer Not Matched To Known List,Genuinely Ambiguous / Unclassified Large Load,29623,1.823429520822857e+26,true
2025-856,IESO,ON,Toronto,NOT PUBLISHED IN IESO APPLICATION STATUS DATA,153,Under Study,Richmond Hill MTS #3,ALECTRA UTILITIES CORPORATION,Developer Not Matched To Known List,Genuinely Ambiguous / Unclassified Large Load,27977,1.722127880777143e+26,true
2026-873,IESO,ON,West,NOT PUBLISHED IN IESO APPLICATION STATUS DATA,150,Under Study,Bell AI - Sovereign Canadian Data Center,TrueNorth Sustainable Infrastructure Inc.,Developer Not Matched To Known List,Genuinely Ambiguous / Unclassified Large Load,27429,1.6883606674285714e+26,true
2025-832,IESO,ON,Southwest,NOT PUBLISHED IN IESO APPLICATION STATUS DATA,150,Under Study,Enova #11 TS: Waterloo MTS3 Expansion,ENOVA POWER CORP.,Developer Not Matched To Known List,Genuinely Ambiguous / Unclassified Large Load,27429,1.6883606674285714e+26,true
1761,NYISO,NY,Horseheads,Broad Street 34.5 kV Line 93,150,Active,NYISO Load Interconnection Process - Data Center Inquiry,URI TALY,Developer Not Matched To Known List,Genuinely Ambiguous / Unclassified Large Load,27429,1.6883606674285714e+26,true
S1160,MISO,SD,UNKNOWN,NOT PUBLISHED BY MISO (Transmission Owner: OTTER TAIL POWER COMPANY OTP),150,Active,,NOT PUBLISHED IN MISO GI QUEUE DATA,Developer Not Disclosed,Genuinely Ambiguous / Unclassified Large Load,27429,1.6883606674285714e+26,true
S1137,MISO,LA,UNKNOWN,"NOT PUBLISHED BY MISO (Transmission Owner: ENTERGY LOUISIANA, LLC)",150,Active,,NOT PUBLISHED IN MISO GI QUEUE DATA,Developer Not Disclosed,Genuinely Ambiguous / Unclassified Large Load,27429,1.6883606674285714e+26,true
S1068,MISO,MI,Hillsdale,Cronk Road,150,Active,,NOT PUBLISHED IN MISO GI QUEUE DATA,Developer Not Disclosed,Genuinely Ambiguous / Unclassified Large Load,27429,1.6883606674285714e+26,true
S1052,MISO,IL,Cumberland,Neoga South 138kV,150,Active,,NOT PUBLISHED IN MISO GI QUEUE DATA,Developer Not Disclosed,Genuinely Ambiguous / Unclassified Large Load,27429,1.6883606674285714e+26,true
1760,NYISO,NY,Dutchess,New 115kV line from CHG&E East Fishkill Substation,150,Under Study,iPark 84 Data Center Interconnection,iPark East Fishkill LLC,Developer Not Matched To Known List,Genuinely Ambiguous / Unclassified Large Load,27429,1.6883606674285714e+26,true
S1154,MISO,MN,UNKNOWN,NOT PUBLISHED BY MISO (Transmission Owner: GREAT RIVER ENERGY),150,Active,,NOT PUBLISHED IN MISO GI QUEUE DATA,Developer Not Disclosed,Genuinely Ambiguous / Unclassified Large Load,27429,1.6883606674285714e+26,true
1681,NYISO,NY,Niagara,Adams to Packard 115kV lines 187 and 188,140,Facilities Study,Niagara Digital Campus,Niagara Falls Redevelopment LLC,Developer Not Matched To Known List,Genuinely Ambiguous / Unclassified Large Load,25600,1.5758032896e+26,true
S1152,MISO,MO,UNKNOWN,NOT PUBLISHED BY MISO (Transmission Owner: AMEREN MISSOURI),139,Active,,NOT PUBLISHED IN MISO GI QUEUE DATA,Developer Not Disclosed,Genuinely Ambiguous / Unclassified Large Load,25417,1.5645475518171427e+26,true
S1143,MISO,IL,UNKNOWN,NOT PUBLISHED BY MISO (Transmission Owner: AMEREN ILLINOIS),135,Active,,NOT PUBLISHED IN MISO GI QUEUE DATA,Developer Not Disclosed,Genuinely Ambiguous / Unclassified Large Load,24686,1.5195246006857144e+26,true
S1147,MISO,MI,UNKNOWN,NOT PUBLISHED BY MISO (Transmission Owner: METC),132,Active,,NOT PUBLISHED IN MISO GI QUEUE DATA,Developer Not Disclosed,Genuinely Ambiguous / Unclassified Large Load,24137,1.485757387337143e+26,true
2025-854,IESO,ON,West,NOT PUBLISHED IN IESO APPLICATION STATUS DATA,130,Under Study,CPXP Sarnia Hydrogen Facility,Canadian Power to X Partners,Developer Not Matched To Known List,Genuinely Ambiguous / Unclassified Large Load,23771,1.4632459117714287e+26,true
GEN-2025-SR15,SPP,OK,Newcastle,McClain Substation,125,Under Study,,NOT PUBLISHED IN SPP GI QUEUE EXPORT,Developer Not Disclosed,Genuinely Ambiguous / Unclassified Large Load,22857,1.406967222857143e+26,true
GEN-2025-SR13,SPP,OK,Konawa,Seminole 138 kV Substation,125,Under Study,,NOT PUBLISHED IN SPP GI QUEUE EXPORT,Developer Not Disclosed,Genuinely Ambiguous / Unclassified Large Load,22857,1.406967222857143e+26,true
S1146,MISO,MI,Muskegon,DU PONT - WHITE LAKE 138.0kV,125,Active,,NOT PUBLISHED IN MISO GI QUEUE DATA,Developer Not Disclosed,Genuinely Ambiguous / Unclassified Large Load,22857,1.406967222857143e+26,true
2025-865,IESO,ON,Toronto,NOT PUBLISHED IN IESO APPLICATION STATUS DATA,120,Under Study,GTAA MTS,ALECTRA UTILITIES CORPORATION,Developer Not Matched To Known List,Genuinely Ambiguous / Unclassified Large Load,21943,1.3506885339428571e+26,true
1315,NYISO,NY,St. Lawrence,Moses-Reynolds MRG-1 and Moses-Reynolds MRG-2 at 115kV,120,Facilities Study,SDC St. Lawrence,"Sabey Data Center Properties, LLC",Developer Not Matched To Known List,Genuinely Ambiguous / Unclassified Large Load,21943,1.3506885339428571e+26,true
S1047,MISO,SD,Codington,Big Stone South 230kV,120,Active,,NOT PUBLISHED IN MISO GI QUEUE DATA,Developer Not Disclosed,Genuinely Ambiguous / Unclassified Large Load,21943,1.3506885339428571e+26,true
S1166,MISO,MN,UNKNOWN,NOT PUBLISHED BY MISO (Transmission Owner: NORTHERN STATES POWER COMPANY),108.9,Active,,NOT PUBLISHED IN MISO GI QUEUE DATA,Developer Not Disclosed,Genuinely Ambiguous / Unclassified Large Load,19919,1.2260875166866288e+26,true
GEN-2024-003,SPP,AR,Franklin,Fitzhugh 161kV,102.2,Under Study,,NOT PUBLISHED IN SPP GI QUEUE EXPORT,Developer Not Disclosed,Genuinely Ambiguous / Unclassified Large Load,18688,1.150336401408e+26,true
S1059,MISO,MI,Tuscola,Dixon 120kV - Bus # 265182,100.3,Active,,NOT PUBLISHED IN MISO GI QUEUE DATA,Developer Not Disclosed,Genuinely Ambiguous / Unclassified Large Load,18341,1.1289504996205717e+26,true
GEN-2025-SR22,SPP,OK,Harrah,Horseshoe Lake 138kV Substation,100,IA in Progress,,NOT PUBLISHED IN SPP GI QUEUE EXPORT,Developer Not Disclosed,Genuinely Ambiguous / Unclassified Large Load,18286,1.1255737782857144e+26,true
GEN-2025-SR19,SPP,OK,Chouteau,Maid 161kV substation,100,IA in Progress,,NOT PUBLISHED IN SPP GI QUEUE EXPORT,Developer Not Disclosed,Genuinely Ambiguous / Unclassified Large Load,18286,1.1255737782857144e+26,true
GEN-2025-SR23,SPP,OK,Oklahoma City,Mustang 138kV Substation,100,IA in Progress,,NOT PUBLISHED IN SPP GI QUEUE EXPORT,Developer Not Disclosed,Genuinely Ambiguous / Unclassified Large Load,18286,1.1255737782857144e+26,true
2024-812,IESO,ON,Toronto,NOT PUBLISHED IN IESO APPLICATION STATUS DATA,100,IA in Progress,IBM Markham CTS - Load Increase,TDI 3600 Steeles East Inc.,Developer Not Matched To Known List,Genuinely Ambiguous / Unclassified Large Load,18286,1.1255737782857144e+26,true
S1138,MISO,MI,UNKNOWN,NOT PUBLISHED BY MISO (Transmission Owner: METC),100,Active,,NOT PUBLISHED IN MISO GI QUEUE DATA,Developer Not Disclosed,Genuinely Ambiguous / Unclassified Large Load,18286,1.1255737782857144e+26,true
S1136,MISO,MI,UNKNOWN,NOT PUBLISHED BY MISO (Transmission Owner: METC),100,Active,,NOT PUBLISHED IN MISO GI QUEUE DATA,Developer Not Disclosed,Genuinely Ambiguous / Unclassified Large Load,18286,1.1255737782857144e+26,true
S1053,MISO,MN,Chisago,Chisago County Substation,100,Active,,NOT PUBLISHED IN MISO GI QUEUE DATA,Developer Not Disclosed,Genuinely Ambiguous / Unclassified Large Load,18286,1.1255737782857144e+26,true
S1075,MISO,IN,Jasper and Starke,Hinshaw 345 kV,100,Active,,NOT PUBLISHED IN MISO GI QUEUE DATA,Developer Not Disclosed,Genuinely Ambiguous / Unclassified Large Load,18286,1.1255737782857144e+26,true
S1159,MISO,WI,UNKNOWN,NOT PUBLISHED BY MISO (Transmission Owner: AMERICAN TRANSMISSION COMPANY),100,Active,,NOT PUBLISHED IN MISO GI QUEUE DATA,Developer Not Disclosed,Genuinely Ambiguous / Unclassified Large Load,18286,1.1255737782857144e+26,true
1735,NYISO,NY,Herkimer,Ilion Municipal 115kV substation,100,Under Study,Remington Factory Redevelopment,Turin Management LLC,Developer Not Matched To Known List,Genuinely Ambiguous / Unclassified Large Load,18286,1.1255737782857144e+26,true
2266,CAISO,CA,Fresno,HARLAN SW STA 500 kV,1150,Active,Muon,NOT PUBLISHED IN CAISO CLUSTER REQUEST LIST,Developer Not Disclosed,Confirmed Grid-Scale Storage (BESS),210286,1.294409845028571e+27,false
25INR0587,ERCOT,TX,Armstrong,Tap 345KV 23900 ALIBATES - 23914 TULECNYN CKT1 & CKT2,1043.1,Facilities Study,Zeus Armstrong BESS,"Armstrong BESS, LLC",Developer Not Matched To Known List,Confirmed Grid-Scale Storage (BESS),190735,1.1740634966542626e+27,false
27INR0535,ERCOT,TX,Scurry,MHOS 345 kV Substation (#59911),1043.1,Facilities Study,Zeus Scurry BESS,Zeus Scurry BESS,Developer Not Matched To Known List,Confirmed Grid-Scale Storage (BESS),190733,1.1740522409164798e+27,false
26INR0686,ERCOT,TX,Mitchell,Tap 345 kV 10049 Ranger Camp - 10057 Prong Moss CKT #01 and #02,1042.9,Facilities Study,Zeus Mitchell BESS II,"Zeus Mitchell BESS II, LLC",Developer Not Matched To Known List,Confirmed Grid-Scale Storage (BESS),190709,1.173905916325303e+27,false
25INR0589,ERCOT,TX,Mitchell,Tap 345 kV 10049 Ranger Camp - 10057 Prong Moss CKT #01 and #02,1042.9,Facilities Study,Zeus Mitchell BESS,Mitchell BESS,Developer Not Matched To Known List,Confirmed Grid-Scale Storage (BESS),190709,1.173905916325303e+27,false
29INR0218,ERCOT,TX,Ellis,345 KV Venus 1907 to Navarro 68091,1026.2,Facilities Study,Kickstart Energy Storage VI,Kickstart Infrastructure LLC,Developer Not Matched To Known List,Confirmed Grid-Scale Storage (BESS),187648,1.1550638112768e+27,false
C01-1886,PJM,OH,Muskingum,NOT PUBLISHED BY PJM (Transmission Owner: AEP),1000,Active,Ohio Central 345 kV,Cedar Holdco LLC,Developer Not Matched To Known List,Confirmed Grid-Scale Storage (BESS),182857,1.1255737782857144e+27,false
C01-1883,PJM,VA,Fauquier,NOT PUBLISHED BY PJM (Transmission Owner: Dominion),1000,Active,Loudoun - Morrisville 500 kV,Cedar Holdco LLC,Developer Not Matched To Known List,Confirmed Grid-Scale Storage (BESS),182857,1.1255737782857144e+27,false
C01-1884,PJM,VA,Fauquier,NOT PUBLISHED BY PJM (Transmission Owner: Dominion),1000,Active,Bristers 500 kV,Cedar Holdco LLC,Developer Not Matched To Known List,Confirmed Grid-Scale Storage (BESS),182857,1.1255737782857144e+27,false
2294,CAISO,CA,Los Angeles,LAGUNA BELL 230 kV,1000,Active,Lagoonez,NOT PUBLISHED IN CAISO CLUSTER REQUEST LIST,Developer Not Disclosed,Confirmed Grid-Scale Storage (BESS),182857,1.1255737782857144e+27,false
2331,CAISO,AZ,Maricopa,CIELO AZUL 500 kV,1000,Active,Stanley,NOT PUBLISHED IN CAISO CLUSTER REQUEST LIST,Developer Not Disclosed,Confirmed Grid-Scale Storage (BESS),182857,1.1255737782857144e+27,false
2327,CAISO,CA,Los Angeles,VINCENT 230 kV,1000,Active,Hillside Energy Storage,NOT PUBLISHED IN CAISO CLUSTER REQUEST LIST,Developer Not Disclosed,Confirmed Grid-Scale Storage (BESS),182857,1.1255737782857144e+27,false
27INR0619,ERCOT,TX,Wise,RAMHORNH_5 - 31875,1000,Facilities Study,Prairie Point Energy Storage II,Prairie Point LLC,Developer Not Matched To Known List,Confirmed Grid-Scale Storage (BESS),182857,1.1255737782857144e+27,false
27INR0618,ERCOT,TX,Wise,RAMHORNH_5 - 31875,1000,Facilities Study,Prairie Point Energy Storage I,Prairie Point LLC,Developer Not Matched To Known List,Confirmed Grid-Scale Storage (BESS),182857,1.1255737782857144e+27,false
29INR0217,ERCOT,TX,Ellis,345 KV Venus 1906 to Fort Smith 3389,999,Facilities Study,Kickstart Energy Storage V,Kickstart Infrastructure LLC,Developer Not Matched To Known List,Confirmed Grid-Scale Storage (BESS),182674,1.1244482045074289e+27,false
2234,CAISO,CA,Kings and Fresno,DRY LAKE SW STA 500 kV,900,Active,Ripple,NOT PUBLISHED IN CAISO CLUSTER REQUEST LIST,Developer Not Disclosed,Confirmed Grid-Scale Storage (BESS),164571,1.013016400457143e+27,false
GI-CS-2025-25,SPP,WY,"Platte County,",Laramie River 345 Substation,800,Under Study,,NOT PUBLISHED IN SPP GI QUEUE EXPORT,Developer Not Disclosed,Confirmed Grid-Scale Storage (BESS),146286,9.004590226285716e+26,false
2308,CAISO,CA,Fresno,LOS BANOS-GATES #3,800,Active,Broadview,NOT PUBLISHED IN CAISO CLUSTER REQUEST LIST,Developer Not Disclosed,Confirmed Grid-Scale Storage (BESS),146286,9.004590226285716e+26,false
28INR0466,ERCOT,TX,Parker,Double Tap 345kV Parker (1436) - Benbrook (1873 & 1869) DCKT,750,Facilities Study,Nabla Energy Storage II,Nabla Park LLC,Developer Not Matched To Known List,Confirmed Grid-Scale Storage (BESS),137143,8.441803337142858e+26,false
27INR0571,ERCOT,TX,Parker,Double Tap 345kV Parker (1436) - Benbrook (1873 & 1869) DCKT,750,Facilities Study,Nabla Energy Storage I,Nabla Park LLC,Developer Not Matched To Known List,Confirmed Grid-Scale Storage (BESS),137143,8.441803337142858e+26,false
2240,CAISO,CA,San Bernardino,LUGO-PISGAH NO.2,700,Active,Sunflower,NOT PUBLISHED IN CAISO CLUSTER REQUEST LIST,Developer Not Disclosed,Confirmed Grid-Scale Storage (BESS),128000,7.879016448e+26,false
AH1-552,PJM,MD,Prince George'S,NOT PUBLISHED BY PJM (Transmission Owner: PEPCO),670.2,Active,Chalk Point 230 kV,Chalk Point Reliability Storage LLC,Developer Not Matched To Known List,Confirmed Grid-Scale Storage (BESS),122551,7.543595462070858e+26,false
AH1-716,PJM,VA,James City,NOT PUBLISHED BY PJM (Transmission Owner: Dominion),650,Active,Surry-Skiffes Creek 500kV,"Cardinal Energy Storage East, LLC",Developer Not Matched To Known List,Confirmed Grid-Scale Storage (BESS),118857,7.316229558857143e+26,false
29INR0173,ERCOT,TX,Bexar,5231 HOWARD RD 345 kV,617.6,Facilities Study,Howard Road BESS,Project Fast Flow LLC,Developer Not Matched To Known List,Confirmed Grid-Scale Storage (BESS),112938,6.951881326826057e+26,false
27INR0365,ERCOT,TX,Comanche,#1440 Comanche Switching Station 345kV,614.4,Facilities Study,Comanche BESS,ENERGOS BESS,Developer Not Matched To Known List,Confirmed Grid-Scale Storage (BESS),112347,6.915525293787428e+26,false
28INR0278,ERCOT,TX,Wise,Tap 345kV (1429) JACKSBRO_5 - (11736) BIRDDOG_5,612.6,Facilities Study,Spur Energy Storage,"Spur Energy Storage, LLC",Developer Not Matched To Known List,Confirmed Grid-Scale Storage (BESS),112022,6.895490080533943e+26,false
26INR0466,ERCOT,TX,Austin,46220 PETERS,612,Facilities Study,Symphony BESS,"Symphony BESS, LLC",Developer Not Matched To Known List,Confirmed Grid-Scale Storage (BESS),111909,6.888511523108572e+26,false
26INR0465,ERCOT,TX,Bell,Tap 345kV Temple Pecan Creek (3412) - Temple Switch (3414) 345kV ckt 2,606,Facilities Study,Lavita BESS,"Lavita BESS, LLC",Developer Not Matched To Known List,Confirmed Grid-Scale Storage (BESS),110811,6.820977096411429e+26,false
27INR0452,ERCOT,TX,Jones,Tap 345kV #60707 Kirchhoff -  #60515 Clear Crossing CKT-1,603.1,Facilities Study,Moccasin Storage,ENGIE IR Holdings LLC,Developer Not Matched To Known List,Confirmed Grid-Scale Storage (BESS),110277,6.788110342085486e+26,false
26INR0546,ERCOT,TX,Harris,Double Tap 138kV 42680 Garden Villas – 48250 Hall & 42680 Garden Villas – 48013 Chocolate Bayou,602.6,Facilities Study,Hobby BESS I,Airport Storage II LLC,Developer Not Matched To Known List,Confirmed Grid-Scale Storage (BESS),110182,6.7822573584384e+26,false
2349,CAISO,CA,San Bernardino,LUGO 500 kV,600,Active,Aviation,NOT PUBLISHED IN CAISO CLUSTER REQUEST LIST,Developer Not Disclosed,Confirmed Grid-Scale Storage (BESS),109714,6.753442669714286e+26,false
2319,CAISO,CA,Kern,MAGUNDEN-PASTORIA NO.3,600,Active,Sunvine,NOT PUBLISHED IN CAISO CLUSTER REQUEST LIST,Developer Not Disclosed,Confirmed Grid-Scale Storage (BESS),109714,6.753442669714286e+26,false
2254,CAISO,CA,Fresno,MANNING 500 kV,600,Active,Solstice B,NOT PUBLISHED IN CAISO CLUSTER REQUEST LIST,Developer Not Disclosed,Confirmed Grid-Scale Storage (BESS),109714,6.753442669714286e+26,false
R5086,MISO,LA,Pointe Coupee,Big Cajun II 500kV Substation,593,Active,,NOT PUBLISHED IN MISO GI QUEUE DATA,Developer Not Disclosed,Confirmed Grid-Scale Storage (BESS),108434,6.674652505234286e+26,false
J3075,MISO,IN,Sullivan,Merom Primary - Worthington Primary 345.0kV,560,Facilities Study,,NOT PUBLISHED IN MISO GI QUEUE DATA,Developer Not Disclosed,Confirmed Grid-Scale Storage (BESS),102400,6.3032131584e+26,false
2252,CAISO,CA,Fresno,MANNING 500 kV,550,Active,Solstice A,NOT PUBLISHED IN CAISO CLUSTER REQUEST LIST,Developer Not Disclosed,Confirmed Grid-Scale Storage (BESS),100571,6.190655780571429e+26,false
29INR0204,ERCOT,TX,Young,Tap 345kV (Bus1#1430) Graham SES to (Bus2#11050) Dusty Road,547.6,Facilities Study,Miller Bend Energy BESS,"Miller Bend Energy , LLC",Developer Not Matched To Known List,Confirmed Grid-Scale Storage (BESS),100142,6.164204796781715e+26,false
C01-1550,PJM,PA,Crawford,NOT PUBLISHED BY PJM (Transmission Owner: PENELEC),530,Active,Wayne 345 kV,ENGIE IR Holdings LLC,Developer Not Matched To Known List,Confirmed Grid-Scale Storage (BESS),96914,5.965541024914286e+26,false
24INR0442,ERCOT,TX,Crockett,6601 Rio Pecos 138kV,523.9,Facilities Study,Midnight Sun Energy Storage,"Midnight Sun Energy Storage, LLC",Developer Not Matched To Known List,Confirmed Grid-Scale Storage (BESS),95792,5.896430794927544e+26,false
26INR0545,ERCOT,TX,Harris,Tap 138kV 48126 Gulfgate - 48199 Knight 06 and 42680 Garden Villas - 42770 Ashville 06,522.5,Facilities Study,Knight Airport BESS I,Airport Storage I LLC,Developer Not Matched To Known List,Confirmed Grid-Scale Storage (BESS),95536,5.880672762031544e+26,false
26INR0375,ERCOT,TX,Fort Bend,Tapping the 345 kV Line from Smithers (Bus# 44650) to Bellaire (Bus# 47000).,522.1,Facilities Study,Avalon BESS,"Avalon BESS, LLC",Developer Not Matched To Known List,Confirmed Grid-Scale Storage (BESS),95473,5.876845811185372e+26,false
29INR0169,ERCOT,TX,Zapata,Tap 345kV #80225 CENIZO to #80307 DEL SOL,516.7,Facilities Study,Falcon BESS,"Falcon Energy Project, LLC",Developer Not Matched To Known List,Confirmed Grid-Scale Storage (BESS),94486,5.816064827157944e+26,false
29INR0242,ERCOT,TX,Comal,345kV Hays Energy (7043) - 345kV Bergheim (7770),516,Facilities Study,Enfinity Redbud Storage,EG Redbud LLC,Developer Not Matched To Known List,Confirmed Grid-Scale Storage (BESS),94363,5.808523482843429e+26,false
28INR0473,ERCOT,TX,Hill,68090 Sam Switch Bus 345kV,514,Facilities Study,Seven Angels Energy Storage II,Seven Angels Infrastructure LLC,Developer Not Matched To Known List,Confirmed Grid-Scale Storage (BESS),93989,5.785449220388572e+26,false
28INR0472,ERCOT,TX,Hill,68090 Sam Switch Bus 345kV,514,Facilities Study,Seven Angels Energy Storage I,Seven Angels Infrastructure LLC,Developer Not Matched To Known List,Confirmed Grid-Scale Storage (BESS),93989,5.785449220388572e+26,false
27INR0115,ERCOT,TX,Grimes,40600 ROANS__POI_5 345kV,513.7,Facilities Study,Diamante BESS,BESS DIAMANTE LLC,Developer Not Matched To Known List,Confirmed Grid-Scale Storage (BESS),93930,5.781847384298055e+26,false
26INR0156,ERCOT,TX,Refugio,tap the 345 kV Angstrom (#8249) – Static (#8676) line; AEP,511,Facilities Study,Ross Storage,"S&S Renewables, LLC",Developer Not Matched To Known List,Confirmed Grid-Scale Storage (BESS),93438,5.751569449662173e+26,false
24INR0098,ERCOT,TX,Jack,Tap 345 KV 1421 Willow Creek-60515 Clear Crossing CKT#2,508.7,Facilities Study,Dovetail Storage,Hecate Energy Dovetail Storage LLC,Developer Not Matched To Known List,Confirmed Grid-Scale Storage (BESS),93019,5.7257938101394286e+26,false
26INR0089,ERCOT,TX,La Salle,Tap 345kV LOBO7A (#80219) - FOWLERTONSW5 (#5709) CKT#2,508.3,Facilities Study,Crescent C BESS,OCI La Salle ESS LLC,Developer Not Matched To Known List,Confirmed Grid-Scale Storage (BESS),92954,5.721741744537601e+26,false
1143,ISO-NE,MA,Middlesex,"Mystic 345 kV between breaker 101, 106 and 107",508.2,Active,Battery Storage,NOT PUBLISHED IN ISO-NE IRTT PUBLIC QUEUE,Developer Not Disclosed,Confirmed Grid-Scale Storage (BESS),92937,5.720728728137144e+26,false
23INR0209,ERCOT,TX,Webb,345kv Avanzada7A (80235),508.1,Facilities Study,Outpost Storage,Hecate Energy Outpost Storage LLC,Developer Not Matched To Known List,Confirmed Grid-Scale Storage (BESS),92910,5.719040367469715e+26,false
GEN-2026-SR30,SPP,KS,Thomas County,Holcomb 345kV,504,Under Study,,NOT PUBLISHED IN SPP GI QUEUE EXPORT,Developer Not Disclosed,Confirmed Grid-Scale Storage (BESS),92160,5.6728918425600005e+26,false
22INR0402,ERCOT,TX,Swisher,new 345kV sub Kress connecting both 23912 Ogallala - 23914 Tule Canyon circuits,503.9,Facilities Study,Frye Storage,Hecate Energy Frye Storage LLC,Developer Not Matched To Known List,Confirmed Grid-Scale Storage (BESS),92133,5.6712034818925726e+26,false
24INR0444,ERCOT,TX,Clay,Tap 345kV 6111 Riley - 1730 West Krum ckt 1,503.6,Facilities Study,Hiru Storage,Hecate Energy Hazel LLC,Developer Not Matched To Known List,Confirmed Grid-Scale Storage (BESS),92087,5.668389547446857e+26,false
23INR0214,ERCOT,TX,Nolan,11420 Sweetwater East 345kV,503.4,Facilities Study,Harley Hand Storage,Hecate Energy Harley Hand Storage LLC,Developer Not Matched To Known List,Confirmed Grid-Scale Storage (BESS),92050,5.666138399890286e+26,false
24INR0011,ERCOT,TX,Jack,tap both 345kV 1430 Graham - 1436 Parker 345kV lines,502.7,Facilities Study,Pinnington Storage,Hecate Energy Longhorn Storage LLC,Developer Not Matched To Known List,Confirmed Grid-Scale Storage (BESS),91917,5.6579217113088e+26,false
27INR0082,ERCOT,TX,Bexar,Tap 345 kV Calaveras Power Station (BUS #5400) to VON_ROSE (BUS #5475),501.9,Facilities Study,Orbit Energy Storage,"GCI Orbit Energy Storage, LLC",Developer Not Matched To Known List,Confirmed Grid-Scale Storage (BESS),91783,5.649705022727314e+26,false
26INR0107,ERCOT,TX,Zapata,Tap 345kV #80224 Tiempo - #80227 Rapido,501.9,Facilities Study,Freedom Falcon BESS,"Falcon BESS, LLC",Developer Not Matched To Known List,Confirmed Grid-Scale Storage (BESS),91776,5.649254793216e+26,false
27INR0190,ERCOT,TX,Grimes,44645 CNP Singleton 345kV,501.6,Facilities Study,Millsing BESS,Millsing BESS,Developer Not Matched To Known List,Confirmed Grid-Scale Storage (BESS),91721,5.645878071881143e+26,false
C01-1875,PJM,NJ,Hunterdon,NOT PUBLISHED BY PJM (Transmission Owner: JCPL),500,Active,East Flemington 230 kV,Cedar Holdco LLC,Developer Not Matched To Known List,Confirmed Grid-Scale Storage (BESS),91429,5.627868891428572e+26,false
C01-1885,PJM,MD,Montgomery,NOT PUBLISHED BY PJM (Transmission Owner: PEPCO),500,Active,Dickerson - Quince Orchard 230 kV,Cedar Holdco LLC,Developer Not Matched To Known List,Confirmed Grid-Scale Storage (BESS),91429,5.627868891428572e+26,false
C01-1355,PJM,IL,Cook,NOT PUBLISHED BY PJM (Transmission Owner: ComEd),500,Active,Calumet - Burnham 345 kV,Big Shoulders Storage LLC,Developer Not Matched To Known List,Confirmed Grid-Scale Storage (BESS),91429,5.627868891428572e+26,false
C01-1786,PJM,IL,Ogle,NOT PUBLISHED BY PJM (Transmission Owner: ComEd),500,Active,Wayne - Byron 345 kV,ENGIE IR Holdings LLC,Developer Not Matched To Known List,Confirmed Grid-Scale Storage (BESS),91429,5.627868891428572e+26,false
AH1-725,PJM,MD,Harford,NOT PUBLISHED BY PJM (Transmission Owner: BGE),500,Active,Conastone 500 kV,"Cardinal Energy Storage East, LLC",Developer Not Matched To Known List,Confirmed Grid-Scale Storage (BESS),91429,5.627868891428572e+26,false
C01-2154,PJM,IL,Christian,NOT PUBLISHED BY PJM (Transmission Owner: ComEd),500,Active,TSS 903 Tovey 345 kV,"Switchgrass Energy Storage, LLC",Developer Not Matched To Known List,Confirmed Grid-Scale Storage (BESS),91429,5.627868891428572e+26,false
GEN-2024-294,SPP,OK,Mayes,Tulsa North - Igloo Valley 345 kV line,500,Under Study,,NOT PUBLISHED IN SPP GI QUEUE EXPORT,Developer Not Disclosed,Confirmed Grid-Scale Storage (BESS),91429,5.627868891428572e+26,false
GEN-2024-303,SPP,NM,Roosevelt,Crossroads 345 kV Substation,500,Under Study,,NOT PUBLISHED IN SPP GI QUEUE EXPORT,Developer Not Disclosed,Confirmed Grid-Scale Storage (BESS),91429,5.627868891428572e+26,false
C01-1449,PJM,VA,Caroline,NOT PUBLISHED BY PJM (Transmission Owner: Dominion),500,Active,Paige - St. Johns 230 kV,Juneberry Energy Storage LLC,Developer Not Matched To Known List,Confirmed Grid-Scale Storage (BESS),91429,5.627868891428572e+26,false
GEN-2024-304,SPP,NM,Roosevelt,Crossroads 345 kV Substation,500,Under Study,,NOT PUBLISHED IN SPP GI QUEUE EXPORT,Developer Not Disclosed,Confirmed Grid-Scale Storage (BESS),91429,5.627868891428572e+26,false
C01-1758,PJM,WV,Grant,NOT PUBLISHED BY PJM (Transmission Owner: Dominion),500,Active,Mount Storm 500 kV,"NextEra Energy Resources Interconnection Holdings, LLC",Developer Not Matched To Known List,Confirmed Grid-Scale Storage (BESS),91429,5.627868891428572e+26,false
C01-1333,PJM,MD,Garrett,NOT PUBLISHED BY PJM (Transmission Owner: APS),500,Active,Black Oak - Hatfield 500 kV,"Jade Meadow III, LLC",Developer Not Matched To Known List,Confirmed Grid-Scale Storage (BESS),91429,5.627868891428572e+26,false
GEN-2026-SR8,SPP,OK,Elgin,Cimmarron to Lawton 345 kV Line,500,Under Study,,NOT PUBLISHED IN SPP GI QUEUE EXPORT,Developer Not Disclosed,Confirmed Grid-Scale Storage (BESS),91429,5.627868891428572e+26,false
C01-1882,PJM,VA,Loudoun,NOT PUBLISHED BY PJM (Transmission Owner: Dominion),500,Active,Hamilton 230 kV,Cedar Holdco LLC,Developer Not Matched To Known List,Confirmed Grid-Scale Storage (BESS),91429,5.627868891428572e+26,false
2333,CAISO,CA,Calaveras,BELLOTA 230 kV,500,Active,Belterra Energy Storage,NOT PUBLISHED IN CAISO CLUSTER REQUEST LIST,Developer Not Disclosed,Confirmed Grid-Scale Storage (BESS),91429,5.627868891428572e+26,false
2207,CAISO,AZ,Yuma,NORTH GILA - HOODOO WASH (SDGE Portion Only),500,Active,Alisa Solar Energy Complex 2,NOT PUBLISHED IN CAISO CLUSTER REQUEST LIST,Developer Not Disclosed,Confirmed Grid-Scale Storage (BESS),91429,5.627868891428572e+26,false
J2190,MISO,AR,Mississippi,DELL EHV - SAN SOUCI 500.0kV,500,IA in Progress,,NOT PUBLISHED IN MISO GI QUEUE DATA,Developer Not Disclosed,Confirmed Grid-Scale Storage (BESS),91429,5.627868891428572e+26,false
2306,CAISO,CA,San Bernardino,LUGO 500 kV,500,Active,Chronos Energy Storage,NOT PUBLISHED IN CAISO CLUSTER REQUEST LIST,Developer Not Disclosed,Confirmed Grid-Scale Storage (BESS),91429,5.627868891428572e+26,false
J3076,MISO,IL,Wabash,08GIBSON (PSI) - 7ALBION   345.0kV,500,Facilities Study,,NOT PUBLISHED IN MISO GI QUEUE DATA,Developer Not Disclosed,Confirmed Grid-Scale Storage (BESS),91429,5.627868891428572e+26,false
1567,ISO-NE,MA,Middlesex,"The Point of Interconnection will be a direct interconnection will be located on the IC’s property (Lat, long: 42°41'23.38""N, 71°26'20.43""W) by tapping the 345-kV Line 326-2 (Sandy Pond-Lawrence Rd), owned by RI_NGRID, at approx. 8.4 miles from the 345-kV Lawerence Rd Substation (42% of line from Lawerence Rd).",500,Active,Battery Storage,NOT PUBLISHED IN ISO-NE IRTT PUBLIC QUEUE,Developer Not Disclosed,Confirmed Grid-Scale Storage (BESS),91429,5.627868891428572e+26,false
J4194,MISO,MN,Meeker,SHERBURNE CO,500,Active,,NOT PUBLISHED IN MISO GI QUEUE DATA,Developer Not Disclosed,Confirmed Grid-Scale Storage (BESS),91429,5.627868891428572e+26,false
J4078,MISO,MN,Mower,ADAMS,500,Active,,NOT PUBLISHED IN MISO GI QUEUE DATA,Developer Not Disclosed,Confirmed Grid-Scale Storage (BESS),91429,5.627868891428572e+26,false
J2694,MISO,IL,Christian,7COFFEEN  - 7PANA     345.0kV,500,Facilities Study,,NOT PUBLISHED IN MISO GI QUEUE DATA,Developer Not Disclosed,Confirmed Grid-Scale Storage (BESS),91429,5.627868891428572e+26,false
J4082,MISO,AR,Jefferson,Other_,500,Active,,NOT PUBLISHED IN MISO GI QUEUE DATA,Developer Not Disclosed,Confirmed Grid-Scale Storage (BESS),91429,5.627868891428572e+26,false
J4072,MISO,MN,Redwood,Cedar Mountain - Lyon County 345.0kV,500,Active,,NOT PUBLISHED IN MISO GI QUEUE DATA,Developer Not Disclosed,Confirmed Grid-Scale Storage (BESS),91429,5.627868891428572e+26,false
1543,ISO-NE,MA,Barnstable,The project will tap the 342-2 W line between the 345 kV Canal Substation and Jordan Tap with a new three breaker ring bus to connect the project,500,Active,Battery Storage,NOT PUBLISHED IN ISO-NE IRTT PUBLIC QUEUE,Developer Not Disclosed,Confirmed Grid-Scale Storage (BESS),91429,5.627868891428572e+26,false
2352,CAISO,CA,San Bernardino,CHINO 230 kV,500,Active,Yacht Rock,NOT PUBLISHED IN CAISO CLUSTER REQUEST LIST,Developer Not Disclosed,Confirmed Grid-Scale Storage (BESS),91429,5.627868891428572e+26,false
J2690,MISO,IL,Washington,Other_,500,Facilities Study,,NOT PUBLISHED IN MISO GI QUEUE DATA,Developer Not Disclosed,Confirmed Grid-Scale Storage (BESS),91429,5.627868891428572e+26,false
J1899,MISO,AR,Mississippi,DELL EHV - SAN SOUCI 500.0kV,500,IA in Progress,,NOT PUBLISHED IN MISO GI QUEUE DATA,Developer Not Disclosed,Confirmed Grid-Scale Storage (BESS),91429,5.627868891428572e+26,false
J2590,MISO,MI,Huron,Stein - Rapson 345 kV line,500,Under Study,,NOT PUBLISHED IN MISO GI QUEUE DATA,Developer Not Disclosed,Confirmed Grid-Scale Storage (BESS),91429,5.627868891428572e+26,false
J1897,MISO,AR,Mississippi,DELL EHV - SAN SOUCI 500.0kV,500,IA in Progress,,NOT PUBLISHED IN MISO GI QUEUE DATA,Developer Not Disclosed,Confirmed Grid-Scale Storage (BESS),91429,5.627868891428572e+26,false
2286,CAISO,CA,San Joaquin,TESLA 500 kV,500,Active,Dove Cove,NOT PUBLISHED IN CAISO CLUSTER REQUEST LIST,Developer Not Disclosed,Confirmed Grid-Scale Storage (BESS),91429,5.627868891428572e+26,false
21INR0505,ERCOT,TX,Wharton,44200 Hillje 345kV,500,Facilities Study,Ramsey Storage,Hecate Energy Ramsey Storage LLC,Developer Not Matched To Known List,Confirmed Grid-Scale Storage (BESS),91429,5.627868891428572e+26,false
26INR0633,ERCOT,TX,Milam,3377 Little Pond 345,500,Facilities Study,Betel Storage II,BETEL STORAGE II,Developer Not Matched To Known List,Confirmed Grid-Scale Storage (BESS),91429,5.627868891428572e+26,false
26INR0630,ERCOT,TX,Milam,3377 Little Pond Switch ( LTPSW) 345,500,Facilities Study,Betel Storage I,BETEL STORAGE I,Developer Not Matched To Known List,Confirmed Grid-Scale Storage (BESS),91429,5.627868891428572e+26,false
26INR0636,ERCOT,TX,Borden,345kV MULESHOE (#59922),500,Facilities Study,Lyra Storage,JUNO BESS I,Developer Not Matched To Known List,Confirmed Grid-Scale Storage (BESS),91429,5.627868891428572e+26,false
J1586,MISO,MI,Calhoun,Argenta to Tompkins 345kV line,499,IA in Progress,,NOT PUBLISHED IN MISO GI QUEUE DATA,Developer Not Disclosed,Confirmed Grid-Scale Storage (BESS),91246,5.616613153645714e+26,false
C01-2159,PJM,MD,Anne Arundel,NOT PUBLISHED BY PJM (Transmission Owner: BGE),490,Active,Waugh Chapel 230 kV,Crain Highway Energy Storage System LLC,Developer Not Matched To Known List,Confirmed Grid-Scale Storage (BESS),89600,5.5153115136e+26,false
C01-2087,PJM,VA,Dinwiddie,NOT PUBLISHED BY PJM (Transmission Owner: Dominion),460.9,Active,Carson - Rawlings 500kV,Hanwha Energy USA Holdings Corp,Developer Not Matched To Known List,Confirmed Grid-Scale Storage (BESS),84281,5.187882101496687e+26,false
GEN-2026-SR10,SPP,TX,Spearman,Hitchland 345kV,457,Under Study,,NOT PUBLISHED IN SPP GI QUEUE EXPORT,Developer Not Disclosed,Confirmed Grid-Scale Storage (BESS),83566,5.143872166765715e+26,false
C01-2094,PJM,VA,Dinwiddie,NOT PUBLISHED BY PJM (Transmission Owner: Dominion),453.5,Active,Carson - Rawlings 500kV,Hanwha Energy USA Holdings Corp,Developer Not Matched To Known List,Confirmed Grid-Scale Storage (BESS),82931,5.1048147566592e+26,false
28INR0529,ERCOT,TX,Ellis,Tap 345kV Nimbus (2249) – Big Onion (2466) & Stainback (2217) – Elrod Switch (3159) DCKT,453,Facilities Study,Victory Ellis–BESS,"Victory Ellis, LLC",Developer Not Matched To Known List,Confirmed Grid-Scale Storage (BESS),82832,5.098736658256457e+26,false
2026-866,IESO,ON,Southwest,NOT PUBLISHED IN IESO APPLICATION STATUS DATA,450,Under Study,Project ONT1,QTS DATA CENTERS LLC,Wholesale Colocation Developer,Genuinely Ambiguous / Unclassified Large Load,82286,5.065082002285715e+26,false
C01-1271,PJM,NJ,Hudson,NOT PUBLISHED BY PJM (Transmission Owner: PSEG),450,Active,Kearny 230 kV,"Lighthouse Kearny, LLC",Developer Not Matched To Known List,Confirmed Grid-Scale Storage (BESS),82286,5.065082002285715e+26,false
C01-1928,PJM,VA,Caroline,NOT PUBLISHED BY PJM (Transmission Owner: Dominion),450,Active,Four Rivers - St Johns 230 kV,Secretariat Storage LLC,Developer Not Matched To Known List,Confirmed Grid-Scale Storage (BESS),82286,5.065082002285715e+26,false
C01-2191,PJM,IN,Vigo,NOT PUBLISHED BY PJM (Transmission Owner: AEP),450,Active,Dequine - Sullivan 345 kV,"Golden Glow Storage, LLC",Developer Not Matched To Known List,Confirmed Grid-Scale Storage (BESS),82286,5.065082002285715e+26,false
2293,CAISO,CA,Los Angeles,VINCENT 500 kV,450,Active,Shoals Energy Storage 2,NOT PUBLISHED IN CAISO CLUSTER REQUEST LIST,Developer Not Disclosed,Confirmed Grid-Scale Storage (BESS),82286,5.065082002285715e+26,false
J3030,MISO,AR,Jefferson,White Bluff to Sheridan 500kV,450,Under Study,,NOT PUBLISHED IN MISO GI QUEUE DATA,Developer Not Disclosed,Confirmed Grid-Scale Storage (BESS),82286,5.065082002285715e+26,false
2257,CAISO,NV,Nye,VALLEY SWITCH 230 kV,450,Active,Bristlecone,NOT PUBLISHED IN CAISO CLUSTER REQUEST LIST,Developer Not Disclosed,Confirmed Grid-Scale Storage (BESS),82286,5.065082002285715e+26,false
J2914,MISO,LA,St. Tammany,MCKNIGHT - PLANT DANIEL 500.0kV,450,Under Study,,NOT PUBLISHED IN MISO GI QUEUE DATA,Developer Not Disclosed,Confirmed Grid-Scale Storage (BESS),82286,5.065082002285715e+26,false
26INR0387,ERCOT,TX,Mitchell,Tap 345 kV 1030 Morgan Creek to 76030 Gasconades Creek,446.3,Facilities Study,Zeus Spade BESS,Spade BESS,Developer Not Matched To Known List,Confirmed Grid-Scale Storage (BESS),81609,5.023435772489144e+26,false
C01-2089,PJM,VA,Dinwiddie,NOT PUBLISHED BY PJM (Transmission Owner: Dominion),436.1,Active,Carson - Rawlings 500kV,Hanwha Energy USA Holdings Corp,Developer Not Matched To Known List,Confirmed Grid-Scale Storage (BESS),79744,4.908627247104e+26,false
C01-2093,PJM,VA,Dinwiddie,NOT PUBLISHED BY PJM (Transmission Owner: Dominion),433.1,Active,Carson - Rawlings 500kV,Hanwha Energy USA Holdings Corp,Developer Not Matched To Known List,Confirmed Grid-Scale Storage (BESS),79194,4.8747474763776e+26,false
28INR0298,ERCOT,TX,Borden,Faraday 345 kV Substation (#59905),426.7,Facilities Study,Magnet Storage,HyFuels Big Spring LLC,Developer Not Matched To Known List,Confirmed Grid-Scale Storage (BESS),78025,4.802823311945143e+26,false
AH1-727,PJM,VA,Loudoun,NOT PUBLISHED BY PJM (Transmission Owner: Dominion),425,Active,Brambleton-Goose Creek 500kV,"Cardinal Energy Storage East, LLC",Developer Not Matched To Known List,Confirmed Grid-Scale Storage (BESS),77714,4.783688557714285e+26,false
C01-2090,PJM,VA,Dinwiddie,NOT PUBLISHED BY PJM (Transmission Owner: Dominion),421.4,Active,Carson - Rawlings 500kV,Hanwha Energy USA Holdings Corp,Developer Not Matched To Known List,Confirmed Grid-Scale Storage (BESS),77051,4.742830229562515e+26,false
26INR0417,ERCOT,TX,Brazoria,"Tap 138 kV Line from TNFM524 (39703) to West Columbia Main (39500), in Brazoria County.",418.6,Facilities Study,GAMAY ENERGY STORAGE,GAMAY ENERGY STORAGE LLC,Developer Not Matched To Known List,Confirmed Grid-Scale Storage (BESS),76544,4.7116518359040005e+26,false
27INR0195,ERCOT,TX,Dickens,Tap 345kV 59904 COTTONWOOD - 60500 EDITHCLA7A,417.8,Facilities Study,CORUSCANT BESS,AEU Battery Project III LLC,Developer Not Matched To Known List,Confirmed Grid-Scale Storage (BESS),76396,4.702534688299886e+26,false
C01-2234,PJM,NJ,Salem,NOT PUBLISHED BY PJM (Transmission Owner: AEC),415,Active,Orchard 230 kV,Capacity Power Group Holdings LLC,Developer Not Matched To Known List,Confirmed Grid-Scale Storage (BESS),75886,4.671131179885715e+26,false
23INR0330,ERCOT,TX,Briscoe,23914 Tule Canyon Substation 345kV,410.9,Facilities Study,BRP Snowdon BESS,BRP SNOWDON BESS LLC,Developer Not Matched To Known List,Confirmed Grid-Scale Storage (BESS),75143,4.625432884487314e+26,false
26INR0188,ERCOT,TX,Crane,Tap 138 kV 76615 Crane -76635 King Mountain,410.7,Facilities Study,Western Flats Storage,Hecate Energy Point Mountain Solar Facility 1 LLC,Developer Not Matched To Known List,Confirmed Grid-Scale Storage (BESS),75099,4.622731507419429e+26,false
24INR0135,ERCOT,TX,Robertson,Tap 345 kV line from Twin Oak Switch (#3400) to TPN One Plant Switchyard (#39950),409.9,Facilities Study,BRP Mekong BESS,BRP Mekong BESS LLC,Developer Not Matched To Known List,Confirmed Grid-Scale Storage (BESS),74949,4.613501802437485e+26,false
26INR0357,ERCOT,TX,Concho,7077 Amos Creek 345kV,409.8,Facilities Study,Operation Sunshine Storage,"Duck Creek Storage, LLC",Developer Not Matched To Known List,Confirmed Grid-Scale Storage (BESS),74935,4.612601343414857e+26,false
29INR0249,ERCOT,TX,Fayette,9073 HOLMAN 345 kV,409.7,Facilities Study,Lightcycle Energy Storage,Lightcycle Energy Storage LLC,Developer Not Matched To Known List,Confirmed Grid-Scale Storage (BESS),74915,4.611363212258743e+26,false
25INR0557,ERCOT,TX,Upton,76597 Robbins Switch 138 kV,409.6,Facilities Study,McCamey's Castle Battery,"Castle Storage, LLC",Developer Not Matched To Known List,Confirmed Grid-Scale Storage (BESS),74898,4.610350195858285e+26,false
23INR0127,ERCOT,TX,Harris,40450 Deepwater 345kV,408.7,Facilities Study,Beacon Storage,"AES Distributed Energy, Inc",Developer Not Matched To Known List,Confirmed Grid-Scale Storage (BESS),74734,4.600220031853715e+26,false
J1263,MISO,IL,Clark,Casey  - Kansas West 345kV Line,408.6,IA in Progress,,NOT PUBLISHED IN MISO GI QUEUE DATA,Developer Not Disclosed,Confirmed Grid-Scale Storage (BESS),74715,4.599094458075429e+26,false
23INR0126,ERCOT,TX,Harris,40460 Deepwater 138kV,408.4,Facilities Study,Sigma Storage,"AES Distributed Energy, Inc",Developer Not Matched To Known List,Confirmed Grid-Scale Storage (BESS),74679,4.596843310518857e+26,false
22INR0400,ERCOT,TX,Comanche,1440 Comanche 345kV,408.3,Facilities Study,Dragan Storage,Hecate Grid Dragan Storage LLC,Developer Not Matched To Known List,Confirmed Grid-Scale Storage (BESS),74661,4.595717736740572e+26,false
26INR0045,ERCOT,TX,Bastrop,"TAP 138 KV LINE AND CREATE NEW BUS BETWEEN
KIMBRO (7337) AND ELGIN SWITCH (3650)",407.6,Facilities Study,LUND STORAGE CENTER 1,"Lund Storage Center 1, LLC",Developer Not Matched To Known List,Confirmed Grid-Scale Storage (BESS),74523,4.587275933403429e+26,false
28INR0327,ERCOT,TX,Hunt,138 kV Commerce Switch Substation. Bus no. #1816,407,Facilities Study,18-BRAVO BESS,"Scout Energy Management, LLC",Developer Not Matched To Known List,Confirmed Grid-Scale Storage (BESS),74423,4.581085277622858e+26,false
24INR0500,ERCOT,TX,Harris,40011 Cedar Bayou 138kV,406,Facilities Study,Claire BESS,"BRP Blue Topaz 3, LLC",Developer Not Matched To Known List,Confirmed Grid-Scale Storage (BESS),74242,4.569942097217829e+26,false
27INR0294,ERCOT,TX,Bexar,5135 ELMENDORF 138kV,402.8,Facilities Study,Bernice Energy Storage,Bernice Energy Storage LLC,Developer Not Matched To Known List,Confirmed Grid-Scale Storage (BESS),73655,4.533811178934858e+26,false
24INR0157,ERCOT,TX,Comanche,345 kV Corn Trail Switch Substation (#11441),402.4,Facilities Study,Merope BESS,BRP Merope BESS LLC,Developer Not Matched To Known List,Confirmed Grid-Scale Storage (BESS),73589,4.529759113333029e+26,false
C01-2166,PJM,PA,Mercer,NOT PUBLISHED BY PJM (Transmission Owner: ATSI),400,Active,McDowell 138 kV,"REPA Wayside Church Solar, LLC",Developer Not Matched To Known List,Confirmed Grid-Scale Storage (BESS),73143,4.502295113142858e+26,false
GEN-2026-SR31,SPP,MO,Saint Joseph,Nashua-St. Joe 345kV,400,Under Study,,NOT PUBLISHED IN SPP GI QUEUE EXPORT,Developer Not Disclosed,Confirmed Grid-Scale Storage (BESS),73143,4.502295113142858e+26,false
C01-2147,PJM,VA,Louisa,NOT PUBLISHED BY PJM (Transmission Owner: Dominion),400,Active,North Anna - Midlothian 500 kV,Juno Power Management LLC,Developer Not Matched To Known List,Confirmed Grid-Scale Storage (BESS),73143,4.502295113142858e+26,false
GEN-2026-SR32,SPP,MO,Saint Joseph,Nashua-St. Joe 345kV,400,Under Study,,NOT PUBLISHED IN SPP GI QUEUE EXPORT,Developer Not Disclosed,Confirmed Grid-Scale Storage (BESS),73143,4.502295113142858e+26,false
GEN-2026-SR4,SPP,OK,Oktaha,Canadian River-Muskogee and Muskogee-Seminole 345kV,400,Under Study,,NOT PUBLISHED IN SPP GI QUEUE EXPORT,Developer Not Disclosed,Confirmed Grid-Scale Storage (BESS),73143,4.502295113142858e+26,false
2024-794,IESO,ON,Bruce,NOT PUBLISHED IN IESO APPLICATION STATUS DATA,400,Under Study,Grey Owl Storage,Shift Solar Inc,Developer Not Matched To Known List,Confirmed Grid-Scale Storage (BESS),73143,4.502295113142858e+26,false
C01-2149,PJM,PA,Allegheny,NOT PUBLISHED BY PJM (Transmission Owner: DL),400,Active,Mitchell - Wilson 138 kV & Clairton - Piney 138 kV,"Gemini Elrama, LLC",Developer Not Matched To Known List,Confirmed Grid-Scale Storage (BESS),73143,4.502295113142858e+26,false
C01-1644,PJM,VA,Louisa,NOT PUBLISHED BY PJM (Transmission Owner: Dominion),400,Active,North Anna - Midlothian 500 kV,Juno Power Management LLC,Developer Not Matched To Known List,Confirmed Grid-Scale Storage (BESS),73143,4.502295113142858e+26,false
C01-1772,PJM,MD,Caroline,NOT PUBLISHED BY PJM (Transmission Owner: DPL),400,Active,AB2-037 - Steele 230 kV,ENGIE IR Holdings LLC,Developer Not Matched To Known List,Confirmed Grid-Scale Storage (BESS),73143,4.502295113142858e+26,false
C01-1370,PJM,VA,Spotsylvania,NOT PUBLISHED BY PJM (Transmission Owner: Dominion),400,Active,Spotsylvania 500 kV,"ACE Development Company, LLC",Developer Not Matched To Known List,Confirmed Grid-Scale Storage (BESS),73143,4.502295113142858e+26,false
C01-1376,PJM,VA,Fauquier,NOT PUBLISHED BY PJM (Transmission Owner: Dominion),400,Active,Morrisville 230 kV,"ACE Development Company, LLC",Developer Not Matched To Known List,Confirmed Grid-Scale Storage (BESS),73143,4.502295113142858e+26,false
C01-1268,PJM,MD,Prince George'S,NOT PUBLISHED BY PJM (Transmission Owner: PEPCO),400,Active,Cheltenham 500 kV,"Lighthouse Keys II, LLC",Developer Not Matched To Known List,Confirmed Grid-Scale Storage (BESS),73143,4.502295113142858e+26,false
C01-1476,PJM,MD,Montgomery,NOT PUBLISHED BY PJM (Transmission Owner: PEPCO),400,Active,Dickerson - Edwards Ferry 230 kV,"Verdant Shores Development Partners, LLC",Developer Not Matched To Known List,Confirmed Grid-Scale Storage (BESS),73143,4.502295113142858e+26,false
C01-2164,PJM,VA,Spotsylvania,NOT PUBLISHED BY PJM (Transmission Owner: Dominion),400,Active,New Post - Tributary 230 kV,"AE Renewable Development, LLC",Developer Not Matched To Known List,Confirmed Grid-Scale Storage (BESS),73143,4.502295113142858e+26,false
J2496,MISO,IN,White,Reynolds 345 kV Substation,400,Facilities Study,,NOT PUBLISHED IN MISO GI QUEUE DATA,Developer Not Disclosed,Confirmed Grid-Scale Storage (BESS),73143,4.502295113142858e+26,false
S1125,MISO,AR,St. Francis,WEST MEMPHIS EHV - KEO EHV 500.0kV,400,Active,,NOT PUBLISHED IN MISO GI QUEUE DATA,Developer Not Disclosed,Confirmed Grid-Scale Storage (BESS),73143,4.502295113142858e+26,false
2370,CAISO,CA,Merced,LOS BANOS 500 kV,400,Active,Carissalito Creek,NOT PUBLISHED IN CAISO CLUSTER REQUEST LIST,Developer Not Disclosed,Confirmed Grid-Scale Storage (BESS),73143,4.502295113142858e+26,false
2328,CAISO,CA,Stanislaus,QUINTO SW STA- FINK SW STA 230 kV,400,Active,Amanece,NOT PUBLISHED IN CAISO CLUSTER REQUEST LIST,Developer Not Disclosed,Confirmed Grid-Scale Storage (BESS),73143,4.502295113142858e+26,false
J3992,MISO,MI,Eaton,MAJESTIC - ONEIDA 345.0kV,400,Active,,NOT PUBLISHED IN MISO GI QUEUE DATA,Developer Not Disclosed,Confirmed Grid-Scale Storage (BESS),73143,4.502295113142858e+26,false
J4093,MISO,MI,Mason,PERE MARQUETTE,400,Active,,NOT PUBLISHED IN MISO GI QUEUE DATA,Developer Not Disclosed,Confirmed Grid-Scale Storage (BESS),73143,4.502295113142858e+26,false
2361,CAISO,CA,Kern,DRY LAKE SW STA 500 kV,400,Active,Maravillosa 2,NOT PUBLISHED IN CAISO CLUSTER REQUEST LIST,Developer Not Disclosed,Confirmed Grid-Scale Storage (BESS),73143,4.502295113142858e+26,false
J2907,MISO,AR,Grant,Sheridan 500 kV,400,Under Study,,NOT PUBLISHED IN MISO GI QUEUE DATA,Developer Not Disclosed,Confirmed Grid-Scale Storage (BESS),73143,4.502295113142858e+26,false
J3015,MISO,IL,Iroquois,Gilman - Watseka 138kV,400,Facilities Study,,NOT PUBLISHED IN MISO GI QUEUE DATA,Developer Not Disclosed,Confirmed Grid-Scale Storage (BESS),73143,4.502295113142858e+26,false
2366,CAISO,CA,Riverside,DEVERS 500 kV,400,Active,MATTERHORN,NOT PUBLISHED IN CAISO CLUSTER REQUEST LIST,Developer Not Disclosed,Confirmed Grid-Scale Storage (BESS),73143,4.502295113142858e+26,false
J2302,MISO,LA,St. Helena,MCKNIGHT - PLANT DANIEL 500.0kV,400,IA in Progress,,NOT PUBLISHED IN MISO GI QUEUE DATA,Developer Not Disclosed,Confirmed Grid-Scale Storage (BESS),73143,4.502295113142858e+26,false
J2304,MISO,WI,Columbia,Columbia - Rockdale 345.0kV,400,Facilities Study,,NOT PUBLISHED IN MISO GI QUEUE DATA,Developer Not Disclosed,Confirmed Grid-Scale Storage (BESS),73143,4.502295113142858e+26,false
C24-233,NYISO,PA,Clearfield,Homer City - Mainesburg 345kV Line (L47),400,Facilities Study,Shallow Seam BESS,"Shallow Seam Energy Storage, LLC",Developer Not Matched To Known List,Confirmed Grid-Scale Storage (BESS),73143,4.502295113142858e+26,false
GI-TC-2024-31,SPP,CO,Elbert County,Lincoln - Midway 230  Line,398,IA in Progress,,NOT PUBLISHED IN SPP GI QUEUE EXPORT,Developer Not Disclosed,Confirmed Grid-Scale Storage (BESS),72777,4.479783637577143e+26,false
J2173,MISO,MS,Hinds,BOLTON,396,IA in Progress,,NOT PUBLISHED IN MISO GI QUEUE DATA,Developer Not Disclosed,Confirmed Grid-Scale Storage (BESS),72411,4.4572721620114286e+26,false
C01-1780,PJM,OH,Fairfield,NOT PUBLISHED BY PJM (Transmission Owner: AEP),375,Active,West Millersport 345 kV,ENGIE IR Holdings LLC,Developer Not Matched To Known List,Confirmed Grid-Scale Storage (BESS),68571,4.220901668571429e+26,false
C01-1499,PJM,NC,Gates,NOT PUBLISHED BY PJM (Transmission Owner: Dominion),375,Active,Suffolk - Nucor Tap 230 kV,"Clenera DevCo, LLC",Developer Not Matched To Known List,Confirmed Grid-Scale Storage (BESS),68571,4.220901668571429e+26,false
C01-1842,PJM,VA,Smyth,NOT PUBLISHED BY PJM (Transmission Owner: AEP),375,Active,Broadford 138 kV,Laurel Creek Energy Storage II LLC,Developer Not Matched To Known List,Confirmed Grid-Scale Storage (BESS),68571,4.220901668571429e+26,false
C01-1768,PJM,IL,Lee,NOT PUBLISHED BY PJM (Transmission Owner: ComEd),375,Active,Nelson 345 kV,"Zenobe Nelson, LLC",Developer Not Matched To Known List,Confirmed Grid-Scale Storage (BESS),68571,4.220901668571429e+26,false
28INR0474,ERCOT,TX,Bexar,Tap 345kV (Bus #5400) SPRUCE – (Bus #5475) VON_ROSE Ckt 1;,375,Facilities Study,Mission Station Energy Storage I,Mission Station LLC,Developer Not Matched To Known List,Confirmed Grid-Scale Storage (BESS),68571,4.220901668571429e+26,false
28INR0475,ERCOT,TX,Bexar,Tap 345kV (Bus #5400) SPRUCE – (Bus #5231) HOWARD_5 Ckt 1,375,Facilities Study,Mission Station Energy Storage II,Mission Station LLC,Developer Not Matched To Known List,Confirmed Grid-Scale Storage (BESS),68571,4.220901668571429e+26,false
27INR0025,ERCOT,TX,Carson,345 kV Railhead Substation (RAILHEAD #79005),371.7,Facilities Study,Panhandle Flagship Storage,Panhandle Solar Group Operating Company LLC,Developer Not Matched To Known List,Confirmed Grid-Scale Storage (BESS),67968,4.183757733888e+26,false
2250,CAISO,CA,Fresno,MANNING 500 kV,369,Active,Stable,NOT PUBLISHED IN CAISO CLUSTER REQUEST LIST,Developer Not Disclosed,Confirmed Grid-Scale Storage (BESS),67474,4.153367241874285e+26,false
C01-2138,PJM,IL,Cook,NOT PUBLISHED BY PJM (Transmission Owner: ComEd),365,Active,Calumet 138 kV,Sun Dispatch II LLC,Developer Not Matched To Known List,Confirmed Grid-Scale Storage (BESS),66743,4.1083442907428574e+26,false
2260,CAISO,CA,Kings,MANNING 500 kV,362,Active,Sunglow,NOT PUBLISHED IN CAISO CLUSTER REQUEST LIST,Developer Not Disclosed,Confirmed Grid-Scale Storage (BESS),66194,4.074577077394285e+26,false
25INR0425,ERCOT,TX,Brazoria,(Bus: 43030) Meadow 345kV substation,362,Facilities Study,Aldrin 345 BESS,Aldrin Energy Storage LLC,Developer Not Matched To Known List,Confirmed Grid-Scale Storage (BESS),66194,4.074577077394285e+26,false
J3994,MISO,MI,Monroe,18MOROCCO 256583,360,Active,,NOT PUBLISHED IN MISO GI QUEUE DATA,Developer Not Disclosed,Confirmed Grid-Scale Storage (BESS),65829,4.0520656018285714e+26,false
28INR0292,ERCOT,TX,Navarro,Drane switch #3295,359.1,Facilities Study,Wildflower Storage,Wildflower Storage LLC,Developer Not Matched To Known List,Confirmed Grid-Scale Storage (BESS),65664,4.041935437824e+26,false
28INR0166,ERCOT,TX,Brown,Tap Brown Switch #1444 – Russell Gap Switch #3348,351,Facilities Study,Brookesmith Storage,Brookesmith Storage LLC,Developer Not Matched To Known List,Confirmed Grid-Scale Storage (BESS),64183,3.9507639617828576e+26,false
C01-1443,PJM,NJ,Cumberland,NOT PUBLISHED BY PJM (Transmission Owner: AEC),350,Active,Orchard - Cumberland 230 kV,Atlantic City Electric Company,Developer Not Matched To Known List,Confirmed Grid-Scale Storage (BESS),64000,3.939508224e+26,false
C01-1767,PJM,MD,Frederick,NOT PUBLISHED BY PJM (Transmission Owner: APS),350,Active,Doubs 230 kV,"Zenobe Adamstown, LLC",Developer Not Matched To Known List,Confirmed Grid-Scale Storage (BESS),64000,3.939508224e+26,false
C01-2108,PJM,VA,Henry,NOT PUBLISHED BY PJM (Transmission Owner: AEP),350,Active,AXTON 765 kV,"STACK Danville Gen Power 5, LLC",Possible Match (Needs Verification),Confirmed Grid-Scale Storage (BESS),64000,3.939508224e+26,false
GEN-2024-280,SPP,TX,Andrews,Andrews County 345 kV Substation,350,Under Study,,NOT PUBLISHED IN SPP GI QUEUE EXPORT,Developer Not Disclosed,Confirmed Grid-Scale Storage (BESS),64000,3.939508224e+26,false
C01-2100,PJM,OH,Jefferson,NOT PUBLISHED BY PJM (Transmission Owner: AEP),350,Active,BROADACRE 138 kV,NewEdge Power Holdings LLC,Developer Not Matched To Known List,Confirmed Grid-Scale Storage (BESS),64000,3.939508224e+26,false
J3872,MISO,MI,Wayne,RIVER ROUGE,350,Under Study,,NOT PUBLISHED IN MISO GI QUEUE DATA,Developer Not Disclosed,Confirmed Grid-Scale Storage (BESS),64000,3.939508224e+26,false
J1946,MISO,MS,Jasper,230 kV Missionary Substation,350,IA in Progress,,NOT PUBLISHED IN MISO GI QUEUE DATA,Developer Not Disclosed,Confirmed Grid-Scale Storage (BESS),64000,3.939508224e+26,false
2246,CAISO,CA,Kern,WHIRLWIND 230 kV,350,Active,Moonraker,NOT PUBLISHED IN CAISO CLUSTER REQUEST LIST,Developer Not Disclosed,Confirmed Grid-Scale Storage (BESS),64000,3.939508224e+26,false
2342,CAISO,CA,Kern,DRY LAKE SW STA 500 kV,350,Active,East Wonder,NOT PUBLISHED IN CAISO CLUSTER REQUEST LIST,Developer Not Disclosed,Confirmed Grid-Scale Storage (BESS),64000,3.939508224e+26,false
J2390,MISO,IL,Fulton,Ipava 138kV,350,Facilities Study,,NOT PUBLISHED IN MISO GI QUEUE DATA,Developer Not Disclosed,Confirmed Grid-Scale Storage (BESS),64000,3.939508224e+26,false
2247,CAISO,CA,Kern,WHIRLWIND 230 kV,350,Active,Zama,NOT PUBLISHED IN CAISO CLUSTER REQUEST LIST,Developer Not Disclosed,Confirmed Grid-Scale Storage (BESS),64000,3.939508224e+26,false
C24-283,NYISO,NY,Richmond,Goethals 345 kV,349,Facilities Study,Resilient New York Energy Storage,"Resilient New York Storage, LLC by Hanwha Energy USA Holdings Corporation",Developer Not Matched To Known List,Confirmed Grid-Scale Storage (BESS),63817,3.928252486217143e+26,false
C01-2086,PJM,IL,Will,NOT PUBLISHED BY PJM (Transmission Owner: ComEd),342,Active,Davis Creek - Bloom 345 kV,Boralex US Development LLC,Developer Not Matched To Known List,Confirmed Grid-Scale Storage (BESS),62537,3.849462321737143e+26,false
28INR0119,ERCOT,TX,Mitchell,1190 Barber Lake Switch 138kV,341.8,Facilities Study,Rabbit Hollow Energy Storage,"Rabbit Hollow Energy Storage, LLC",Developer Not Matched To Known List,Confirmed Grid-Scale Storage (BESS),62501,3.847211174180572e+26,false
J4088,MISO,AR,Lee,Wheatley 500 kV Switching Station (being built by J1710 & J1820),340,Under Study,,NOT PUBLISHED IN MISO GI QUEUE DATA,Developer Not Disclosed,Confirmed Grid-Scale Storage (BESS),62171,3.8269508461714285e+26,false
24INR0058,ERCOT,TX,Haskell,tap 345kV 60515 Clear Crossing - 60507 Pendulo,336,Facilities Study,Briggs Storage,"IP Quantum III, LLC",Developer Not Matched To Known List,Confirmed Grid-Scale Storage (BESS),61440,3.78192789504e+26,false
C01-1805,PJM,OH,Morrow,NOT PUBLISHED BY PJM (Transmission Owner: ATSI),332.5,Active,Galion 345 kV,"Orchid Storage, LLC",Developer Not Matched To Known List,Confirmed Grid-Scale Storage (BESS),60800,3.742532812800001e+26,false
GI-CS-2025-04,SPP,WY,"Laramie County,",Ault LRS 345 Line,330,Under Study,,NOT PUBLISHED IN SPP GI QUEUE EXPORT,Developer Not Disclosed,Confirmed Grid-Scale Storage (BESS),60343,3.714393468342858e+26,false
J4168,MISO,MN,Goodhue,NROC 3 (601039) to PR ISLD3 (601003) 345 kV line,330,Under Study,,NOT PUBLISHED IN MISO GI QUEUE DATA,Developer Not Disclosed,Confirmed Grid-Scale Storage (BESS),60343,3.714393468342858e+26,false
28INR0457,ERCOT,TX,Reeves,#60404 Solstice Substation 345 kV,330,Facilities Study,Kilby1 Part 2 Tier1 BESS,Energy Forge One LLC,Developer Not Matched To Known List,Confirmed Grid-Scale Storage (BESS),60343,3.714393468342858e+26,false
C01-1769,PJM,NJ,Cumberland,NOT PUBLISHED BY PJM (Transmission Owner: AEC),325,Active,Landis 138 kV,"Zenobe Vineland, LLC",Developer Not Matched To Known List,Confirmed Grid-Scale Storage (BESS),59429,3.658114779428572e+26,false
R5088,MISO,LA,Calcasieu,GOOS FERRY,325,Active,,NOT PUBLISHED IN MISO GI QUEUE DATA,Developer Not Disclosed,Confirmed Grid-Scale Storage (BESS),59429,3.658114779428572e+26,false
26INR0309,ERCOT,TX,Haskell,tap 345kV 1430 Graham - 1048 Tonkawas,321.8,Facilities Study,Solace Storage,"IP Quantum BESS, LLC",Developer Not Matched To Known List,Confirmed Grid-Scale Storage (BESS),58842,3.6219838611456e+26,false
26INR0310,ERCOT,TX,Haskell,60089 Kilby Switching Station 345kV,321.8,Facilities Study,Quantum Storage,"IP Quantum II BESS, LLC",Developer Not Matched To Known List,Confirmed Grid-Scale Storage (BESS),58834,3.6215336316342856e+26,false
C01-2046,PJM,IL,Macon,NOT PUBLISHED BY PJM (Transmission Owner: ComEd),320,Active,Chestnut 345 kV,NewEdge Power Holdings LLC,Developer Not Matched To Known List,Confirmed Grid-Scale Storage (BESS),58514,3.601836090514286e+26,false
P2845,AESO,AB,Cold Lake,NOT PUBLISHED IN AESO CONNECTION PROJECT LIST,320,Facilities Study,Marguerite Lake CAE Storage,NOT PUBLISHED IN AESO CONNECTION PROJECT LIST,Developer Not Disclosed,Confirmed Grid-Scale Storage (BESS),58514,3.601836090514286e+26,false
P3046,AESO,AB,Cold Lake,NOT PUBLISHED IN AESO CONNECTION PROJECT LIST,320,Facilities Study,Marguerite Lake Compressed Air Phase 2,NOT PUBLISHED IN AESO CONNECTION PROJECT LIST,Developer Not Disclosed,Confirmed Grid-Scale Storage (BESS),58514,3.601836090514286e+26,false
25INR0103,ERCOT,TX,Brazoria,Tap 138kV 42980 Nash - 44010 Wa Parish circuit 02,317.2,Facilities Study,Elio BESS,Elio Energy LLC,Developer Not Matched To Known List,Confirmed Grid-Scale Storage (BESS),58002,3.570320024722286e+26,false
P2619,AESO,AB,Fort Macleod,NOT PUBLISHED IN AESO CONNECTION PROJECT LIST,315,Facilities Study,Sweetgrass MPC Solar Battery,NOT PUBLISHED IN AESO CONNECTION PROJECT LIST,Developer Not Disclosed,Confirmed Grid-Scale Storage (BESS),57600,3.5455574016e+26,false
26INR0605,ERCOT,TX,Grayson,Tap 345kV 1729 Valley South – Anna Switch 2373,313.7,Facilities Study,White Bright BESS,"VLN, LLC",Developer Not Matched To Known List,Confirmed Grid-Scale Storage (BESS),57360,3.5308123851044575e+26,false
27INR0149,ERCOT,TX,Goliad,The Coleto Greek (#8164) to Pawnee Switching Station (#5725) ; LCRA,313.5,Facilities Study,Diablo Campo Storage,"Diablo Campo Energy Center, LLC",Developer Not Matched To Known List,Confirmed Grid-Scale Storage (BESS),57333,3.529124024437029e+26,false
29INR0245,ERCOT,TX,Harris,#40881 Parkes Substation 138 kV,313.3,Facilities Study,Texas Deepwater BESS,TDWP Partners LLC,Developer Not Matched To Known List,Confirmed Grid-Scale Storage (BESS),57287,3.526310089991314e+26,false
28INR0075,ERCOT,TX,Henderson,Tap 345kV 3124 Trinidad - 3130 Forest Grove,313.2,Facilities Study,Wild Paw Storage,"Wild Paw Energy Center, LLC",Developer Not Matched To Known List,Confirmed Grid-Scale Storage (BESS),57271,3.525297073590858e+26,false
30INR0089,ERCOT,TX,Runnels,Tap 345kV 60072 Odysseus – 60040 Bluff Creek,312.9,Facilities Study,Mistflower Energy Center Storage,Mistflower Energy Center LLC,Developer Not Matched To Known List,Confirmed Grid-Scale Storage (BESS),57207,3.521357565366857e+26,false
29INR0115,ERCOT,TX,Duval,Tap 345kV Bus #5901 Miguel5 - Bus #80079 Cruce7A Ckt 1,310.8,Facilities Study,Cielo Vista Storage,"Cielo Vista Storage, LLC",Developer Not Matched To Known List,Confirmed Grid-Scale Storage (BESS),56832,3.4982833029120006e+26,false
24INR0282,ERCOT,TX,Brazoria,Tap 138kV 42110 Angleton - 43381 West Columbia,310.7,Facilities Study,Royal River BESS,Royal River LLC,Developer Not Matched To Known List,Confirmed Grid-Scale Storage (BESS),56814,3.4971577291337146e+26,false
24INR0281,ERCOT,TX,Galveston,38820 FREEWAY PARK 138KV,310.6,Facilities Study,Red Egret BESS,Red Egret LLC,Developer Not Matched To Known List,Confirmed Grid-Scale Storage (BESS),56792,3.4958070405997713e+26,false
22INR0347,ERCOT,TX,Howard,Tap 345 kV Rockhound Switch (10062) – Prong Moss Switch (10057) ckt 1,310.3,Facilities Study,Crater BESS,BRP Crater BESS LLC,Developer Not Matched To Known List,Confirmed Grid-Scale Storage (BESS),56737,3.492430319264914e+26,false
27INR0091,ERCOT,TX,Lavaca,Tap Shaula (#5380) – South Texas (#5915),310.2,Facilities Study,Oak Tree Energy Storage,"Live Oak Energy Storage, LLC",Developer Not Matched To Known List,Confirmed Grid-Scale Storage (BESS),56722,3.491529860242286e+26,false
28INR0423,ERCOT,TX,Montague,Tap 345kV #1730 Krum West - #6111 Riley Ckt 1,310.2,Facilities Study,Prairie Branch BESS,"Prairie Branch Energy, LLC",Developer Not Matched To Known List,Confirmed Grid-Scale Storage (BESS),56717,3.4911921881088e+26,false
29INR0172,ERCOT,TX,Young,Tap 345kV #1430 GRAHAM SES - # 17002 GARVEY ROAD SWITCH,310.2,Facilities Study,Sweetheart BESS,"Sweetheart Energy, LLC",Developer Not Matched To Known List,Confirmed Grid-Scale Storage (BESS),56715,3.4910796307309715e+26,false
C01-1782,PJM,IL,Lake,NOT PUBLISHED BY PJM (Transmission Owner: ComEd),310,Active,Wilson Road 138 kV,ENGIE IR Holdings LLC,Developer Not Matched To Known List,Confirmed Grid-Scale Storage (BESS),56686,3.489278712685714e+26,false
24INR0198,ERCOT,TX,Cooke,684 SPRING 138kV,309.8,Facilities Study,Two Forks BESS,Two Forks LLC,Developer Not Matched To Known List,Confirmed Grid-Scale Storage (BESS),56649,3.487027565129142e+26,false
22INR0365,ERCOT,TX,Pecos,60718 Pecos Valley 138kV,309,Facilities Study,Mensa BESS,BRP Mensa BESS LLC,Developer Not Matched To Known List,Confirmed Grid-Scale Storage (BESS),56499,3.4777978601472e+26,false
23INR0140,ERCOT,TX,Foard,60500 Edith Clarke 345kV,308.9,Facilities Study,Seine BESS,BRP Seine BESS LLC,Developer Not Matched To Known List,Confirmed Grid-Scale Storage (BESS),56481,3.476672286368914e+26,false
25INR0288,ERCOT,TX,Robertson,Tap 345kV 975 Jack Creek - 3400 Twin Oak,308,Facilities Study,Buffalo Prairie Storage,"Buffalo Meadow Energy Center, LLC",Developer Not Matched To Known List,Confirmed Grid-Scale Storage (BESS),56325,3.467104909253486e+26,false
28INR0328,ERCOT,TX,Cooke,"To the 138 kV Valley View Substation, ( Bus No.691)",307.4,Facilities Study,18-ALPHA BESS,"SCOUT ENERGY MANAGEMENT, LLC",Developer Not Matched To Known List,Confirmed Grid-Scale Storage (BESS),56210,3.460013794450286e+26,false
26INR0612,ERCOT,TX,Clay,1458 Cobb Switching Station 345 kV,307.3,Facilities Study,Clay County Yang Storage,"DM-CCY, LLC",Developer Not Matched To Known List,Confirmed Grid-Scale Storage (BESS),56187,3.4585505485385147e+26,false
24INR0763,ERCOT,TX,Tarrant,1869 Benbrook Switch 345kV,307.2,Facilities Study,Team Ranch Storage,"BAF Storage, LLC",Developer Not Matched To Known List,Confirmed Grid-Scale Storage (BESS),56174,3.457762646893714e+26,false
27INR0077,ERCOT,TX,Webb,80219 Lobo 345kV,306.9,Facilities Study,Cuchillas BESS,Gransolar Texas Two,Developer Not Matched To Known List,Confirmed Grid-Scale Storage (BESS),56126,3.4548361550701714e+26,false
28INR0157,ERCOT,TX,McLennan,345 kV Tiger Creek Switch (#3379),306.9,Facilities Study,Axtell BESS,PP Axtell BESS LLC,Developer Not Matched To Known List,Confirmed Grid-Scale Storage (BESS),56126,3.4548361550701714e+26,false
25INR0653,ERCOT,TX,Kimble,"tap 345kV 60709 Oersted - 60616 Edison
CKT 1",306.4,Facilities Study,Southfork Energy Storage,"Southfork Energy Storage, LLC",Developer Not Matched To Known List,Confirmed Grid-Scale Storage (BESS),56027,3.448758056667429e+26,false
25INR0656,ERCOT,TX,Wise,Tap 345 kV 1730 West Krum - 6111 Riley CKT 2,306.4,Facilities Study,Gilleys Energy Storage,"Gilleys Energy Storage, LLC",Developer Not Matched To Known List,Confirmed Grid-Scale Storage (BESS),56027,3.448758056667429e+26,false
25INR0660,ERCOT,TX,Jack,Tap 345 kV 11418 TECUMSEH- 1421 Willow Creek,306.4,Facilities Study,Wooderson Energy Storage,"Wooderson Energy Storage, LLC",Developer Not Matched To Known List,Confirmed Grid-Scale Storage (BESS),56027,3.448758056667429e+26,false
25INR0657,ERCOT,TX,Jack,1506 Long Hollow Switch 345 kV,306.4,Facilities Study,O'Bannion Energy Storage,"O'Bannion Energy Storage, LLC",Developer Not Matched To Known List,Confirmed Grid-Scale Storage (BESS),56027,3.448758056667429e+26,false
25INR0661,ERCOT,TX,Erath,Tap 345 kV 1900 COMCHPKW_5 - 1440 COMCHESS1_5,306.4,Facilities Study,McCrae Energy Storage,"McCrae Energy Storage, LLC",Developer Not Matched To Known List,Confirmed Grid-Scale Storage (BESS),56018,3.4481952697782864e+26,false
25INR0046,ERCOT,TX,Hill,68090 SAM SW 345kV,306.3,Facilities Study,Blue Skies BESS,ACTX BESS Project LLC,Developer Not Matched To Known List,Confirmed Grid-Scale Storage (BESS),56002,3.447182253377829e+26,false
28INR0277,ERCOT,TX,Lampasas,Tap 345kV --- KILL_SS_5 (3422) --- BUCK_H_5 (3424),306.2,Facilities Study,Aurora Energy Storage,"Aurora Energy Storage, LLC",Developer Not Matched To Known List,Confirmed Grid-Scale Storage (BESS),55991,3.446506909110858e+26,false
27INR0386,ERCOT,TX,Andrews,Tap 345kV ClearFork( Bus # 23876) to Gardenale Switch (Bus # 11157),306.2,Facilities Study,Straight Spur Storage,ENGIE IR Holdings LLC,Developer Not Matched To Known List,Confirmed Grid-Scale Storage (BESS),55991,3.446506909110858e+26,false
28INR0118,ERCOT,TX,Wichita,Tap 345kV Fisher Road Switch (#1425) – Riley (#6101),305.6,Facilities Study,Copperleaf Energy Storage,"Copperleaf Energy Storage, LLC",Developer Not Matched To Known List,Confirmed Grid-Scale Storage (BESS),55887,3.4400911385746286e+26,false
26INR0725,ERCOT,TX,Wharton,44880 Waterh_POI_5 345kV,305.5,Facilities Study,PHOTON BESS REPOWERING,"GulfStar Power, LLC",Developer Not Matched To Known List,Confirmed Grid-Scale Storage (BESS),55859,3.4384027779072e+26,false
24INR0413,ERCOT,TX,Harris,"Tap 138kV 45660 Jonte substation – 46332 Scenic Woods

Tapping both radial lines.",304,Facilities Study,Furay Battery Energy Storage System,"Blue Topaz 1, LLC",Developer Not Matched To Known List,Confirmed Grid-Scale Storage (BESS),55589,3.421744285988571e+26,false
25INR0375,ERCOT,TX,Nueces,8858 MCKENZIE4A 138kV,303.7,Facilities Study,NavBoot BESS,Navboot BESS LLC,Developer Not Matched To Known List,Confirmed Grid-Scale Storage (BESS),55534,3.418367564653715e+26,false
27INR0207,ERCOT,TX,Wilbarger,61001 JIMTREEC7A 345kV,303.5,Facilities Study,Wander Waters BESS,Wander Waters BESS LLC,Developer Not Matched To Known List,Confirmed Grid-Scale Storage (BESS),55497,3.416116417097143e+26,false
28INR0270,ERCOT,TX,Brown,tap 345kV 1444 BROWN  - 11441 CORN TRAIL SW CKT2,302.6,Facilities Study,Soluce Bravo Storage,"BNPB1, LLC",Developer Not Matched To Known List,Confirmed Grid-Scale Storage (BESS),55336,3.4062113678482285e+26,false
22INR0332,ERCOT,TX,Rusk,Mt. Enterprise (Bus # 3116) – Martin Lake 345kv Line (Bus # 3100,302.4,Facilities Study,Brantley Branch Batt,Brantley Branch LLC,Developer Not Matched To Known List,Confirmed Grid-Scale Storage (BESS),55287,3.403172318646857e+26,false
28INR0288,ERCOT,TX,Dickens,Tap 345 kV 59904 Cottonwood (W_CW_345) - 60500 Edith Clarke (EDITHCLA7A) CKT. Approximately distance from the POI to Cottonwood Substation is 11.13 miles and to Edith Clarke Substation 77.6 miles.,302,Facilities Study,Outrider BESS,"Sanders Hollow Energy Center, LLC",Developer Not Matched To Known List,Confirmed Grid-Scale Storage (BESS),55223,3.3992328104228574e+26,false
27INR0451,ERCOT,TX,Hopkins,To 345 kV Birthright Station (#11684),301.8,Facilities Study,Dairyland Storage,ENGIE IR Holdings LLC,Developer Not Matched To Known List,Confirmed Grid-Scale Storage (BESS),55186,3.396981662866286e+26,false
29INR0119,ERCOT,TX,Freestone,Tap Outlaw (3386) – Limestone (46020),301.6,Facilities Study,Simsboro Storage,Simsboro Storage LLC,Developer Not Matched To Known List,Confirmed Grid-Scale Storage (BESS),55150,3.394730515309714e+26,false
22INR0423,ERCOT,TX,Bexar,Tap 138kV 5110 J.T. Deely - 5294 Martinez,301.4,Facilities Study,Quela BESS,BRP Quela BESS LLC,Developer Not Matched To Known List,Confirmed Grid-Scale Storage (BESS),55115,3.392591925130972e+26,false
27INR0556,ERCOT,TX,San Patricio,Tap 345 kV 8249 Angstrom - 8624 Grissom,301.4,Facilities Study,Gulf Gateway Storage One,"Gulf Gateway Storage, LLC",Developer Not Matched To Known List,Confirmed Grid-Scale Storage (BESS),55113,3.392479367753143e+26,false
27INR0096,ERCOT,TX,Brazoria,39703 TNMP FM524 138kV,301.4,Facilities Study,Rubicon Power BESS,Rubicon Power LLC,Developer Not Matched To Known List,Confirmed Grid-Scale Storage (BESS),55109,3.392254252997486e+26,false
25INR0460,ERCOT,TX,Castro,23912 Ogallala 345 kV,301,Facilities Study,Acker BESS,Ogallala BESS LLC,Developer Not Matched To Known List,Confirmed Grid-Scale Storage (BESS),55047,3.3884273021513144e+26,false
28INR0498,ERCOT,TX,Hale,23920 BLKWTRDR_5 345kV,301,Facilities Study,Old Aqueduct BESS II,Tempus Power Management LLC,Developer Not Matched To Known List,Confirmed Grid-Scale Storage (BESS),55033,3.387526843128686e+26,false
22INR0330,ERCOT,TX,Hale,23920 Blackwater 345kV,301,Facilities Study,Old Aqueduct Batt,Old Aqueduct LLC,Developer Not Matched To Known List,Confirmed Grid-Scale Storage (BESS),55033,3.387526843128686e+26,false
25INR0230,ERCOT,TX,Leon,Tap 345kV 46020 Limestone - 967 Gibbon Creek Ckt 18,300.9,Facilities Study,Great Rock BESS,Great Rock Storage LLC,Developer Not Matched To Known List,Confirmed Grid-Scale Storage (BESS),55022,3.3868514988617145e+26,false
29INR0227,ERCOT,TX,San Patricio,8606 Goddard 345kV,300.8,Facilities Study,San Patricio Energy Center BESS,Ferrovial Energy US 1,Developer Not Matched To Known List,Confirmed Grid-Scale Storage (BESS),55011,3.386176154594743e+26,false
29INR0229,ERCOT,TX,McLennan,Tap <345><3791><POSSUMTROT_5 >-<3403> <LAKE_HALL_5>,300.6,Facilities Study,Brazos Energy Center 1,Ferrovial Energy US 1,Developer Not Matched To Known List,Confirmed Grid-Scale Storage (BESS),54967,3.383474777526858e+26,false
29INR0230,ERCOT,TX,McLennan,Tap <345><3791><POSSUMTROT_5 >-<3403> <LAKE_HALL_5>,300.6,Facilities Study,Brazos Energy Center 2,Ferrovial Energy US 1,Developer Not Matched To Known List,Confirmed Grid-Scale Storage (BESS),54967,3.383474777526858e+26,false
C01-1460,PJM,VA,Chesapeake,NOT PUBLISHED BY PJM (Transmission Owner: Dominion),300,Active,Fentress - Landstown 230 kV,"Origis Development, LLC",Developer Not Matched To Known List,Confirmed Grid-Scale Storage (BESS),54857,3.376721334857143e+26,false
C01-2037,PJM,PA,Northampton,NOT PUBLISHED BY PJM (Transmission Owner: PPL),300,Active,Martins Creek 230 kV,MC Project Company LLC,Developer Not Matched To Known List,Confirmed Grid-Scale Storage (BESS),54857,3.376721334857143e+26,false
C01-1381,PJM,IL,Kankakee,NOT PUBLISHED BY PJM (Transmission Owner: ComEd),300,Active,Davis Creek 345 kV,"ACE Development Company, LLC",Developer Not Matched To Known List,Confirmed Grid-Scale Storage (BESS),54857,3.376721334857143e+26,false
C01-1911,PJM,NJ,Hunterdon,NOT PUBLISHED BY PJM (Transmission Owner: PSEG),300,Active,Pleasant Valley 230 kV,"Scout Energy Storage LandCo, LLC",Developer Not Matched To Known List,Confirmed Grid-Scale Storage (BESS),54857,3.376721334857143e+26,false
C01-1311,PJM,IL,Will,NOT PUBLISHED BY PJM (Transmission Owner: ComEd),300,Active,Elwood 345 kV,Elwood Energy LLC,Developer Not Matched To Known List,Confirmed Grid-Scale Storage (BESS),54857,3.376721334857143e+26,false
C01-1854,PJM,IL,Lee,NOT PUBLISHED BY PJM (Transmission Owner: ComEd),300,Active,Nelson - Lee County 345 kV,"South Dixon BESS, LLC",Developer Not Matched To Known List,Confirmed Grid-Scale Storage (BESS),54857,3.376721334857143e+26,false
C01-1879,PJM,VA,Wythe,NOT PUBLISHED BY PJM (Transmission Owner: AEP),300,Active,Wythe 138 kV,Cedar Holdco LLC,Developer Not Matched To Known List,Confirmed Grid-Scale Storage (BESS),54857,3.376721334857143e+26,false
AH1-260,PJM,NJ,Camden,NOT PUBLISHED BY PJM (Transmission Owner: AEC),300,Active,New Freedom - Monroe 230 kV,Haddy Energy Storage LLC,Developer Not Matched To Known List,Confirmed Grid-Scale Storage (BESS),54857,3.376721334857143e+26,false
C01-1356,PJM,IN,Madison,NOT PUBLISHED BY PJM (Transmission Owner: AEP),300,Active,Fall Creek 345 kV,Liberty Madison Storage II LLC,Developer Not Matched To Known List,Confirmed Grid-Scale Storage (BESS),54857,3.376721334857143e+26,false
GEN-2024-252,SPP,OK,Canadian,Cimmaron 345 kV Substation,300,Under Study,,NOT PUBLISHED IN SPP GI QUEUE EXPORT,Developer Not Disclosed,Confirmed Grid-Scale Storage (BESS),54857,3.376721334857143e+26,false
C01-2247,PJM,MD,Charles,NOT PUBLISHED BY PJM (Transmission Owner: PEPCO),300,Active,Burches Hill - Possum point 500 kV,DM3 Power Systems Consultant LLC,Developer Not Matched To Known List,Confirmed Grid-Scale Storage (BESS),54857,3.376721334857143e+26,false
C01-2194,PJM,MI,Berrien,NOT PUBLISHED BY PJM (Transmission Owner: AEP),300,Active,Olive 345kV - Donald C. Cook 345kV 345 kV,"Railway Firm Power, LLC",Developer Not Matched To Known List,Confirmed Grid-Scale Storage (BESS),54857,3.376721334857143e+26,false
C01-1648,PJM,MD,Baltimore County,NOT PUBLISHED BY PJM (Transmission Owner: BGE),300,Active,C.P Crane - Northeast 115 kV,Harbor Forge Energy Storage LLC,Developer Not Matched To Known List,Confirmed Grid-Scale Storage (BESS),54857,3.376721334857143e+26,false
C01-2042,PJM,PA,Erie,NOT PUBLISHED BY PJM (Transmission Owner: PENELEC),300,Active,Erie West - Ashtabula 345 kV,"SP Resilient Power 11, LLC",Developer Not Matched To Known List,Confirmed Grid-Scale Storage (BESS),54857,3.376721334857143e+26,false
C01-1336,PJM,IL,Kendall,NOT PUBLISHED BY PJM (Transmission Owner: ComEd),300,Active,Plano - Lasco Station 345 kV,"Fox Valley Energy Facility, LLC",Developer Not Matched To Known List,Confirmed Grid-Scale Storage (BESS),54857,3.376721334857143e+26,false
C01-1647,PJM,MD,Harford,NOT PUBLISHED BY PJM (Transmission Owner: BGE),300,Active,Graceton - Bagley 230 kV,Invenergy Storage Development LLC,Developer Not Matched To Known List,Confirmed Grid-Scale Storage (BESS),54857,3.376721334857143e+26,false
C01-1906,PJM,VA,Culpeper,NOT PUBLISHED BY PJM (Transmission Owner: Dominion),300,Active,Brandy - McDevitt 230 kV,Clear Horizon Storage LLC,Developer Not Matched To Known List,Confirmed Grid-Scale Storage (BESS),54857,3.376721334857143e+26,false
C01-2101,PJM,VA,Chesapeake,NOT PUBLISHED BY PJM (Transmission Owner: Dominion),300,Active,West Landing 230 kV,"Bayberry Energy, LLC",Developer Not Matched To Known List,Confirmed Grid-Scale Storage (BESS),54857,3.376721334857143e+26,false
C01-1929,PJM,MD,Frederick,NOT PUBLISHED BY PJM (Transmission Owner: APS),300,Active,Mt Airy 230 kV,Old Main Storage LLC,Developer Not Matched To Known List,Confirmed Grid-Scale Storage (BESS),54857,3.376721334857143e+26,false
C01-1377,PJM,OH,Morrow,NOT PUBLISHED BY PJM (Transmission Owner: ATSI),300,Active,Galion 345 kV,"ACE Development Company, LLC",Developer Not Matched To Known List,Confirmed Grid-Scale Storage (BESS),54857,3.376721334857143e+26,false
C01-1445,PJM,VA,Augusta,NOT PUBLISHED BY PJM (Transmission Owner: Dominion),300,Active,Dooms 230 kV,Songbird Energy Storage LLC,Developer Not Matched To Known List,Confirmed Grid-Scale Storage (BESS),54857,3.376721334857143e+26,false
C01-1465,PJM,NJ,Atlantic,NOT PUBLISHED BY PJM (Transmission Owner: AEC),300,Active,Dorothy - Lewis 138 kV,"Origis Development, LLC",Developer Not Matched To Known List,Confirmed Grid-Scale Storage (BESS),54857,3.376721334857143e+26,false
C01-1568,PJM,PA,Allegheny,NOT PUBLISHED BY PJM (Transmission Owner: DL),300,Active,Wilson 138kV,ENGIE IR Holdings LLC,Developer Not Matched To Known List,Confirmed Grid-Scale Storage (BESS),54857,3.376721334857143e+26,false
GEN-2026-SR16,SPP,KS,McPherson,Reno - Summit 345kV,300,Under Study,,NOT PUBLISHED IN SPP GI QUEUE EXPORT,Developer Not Disclosed,Confirmed Grid-Scale Storage (BESS),54857,3.376721334857143e+26,false
GEN-2026-SR27,SPP,OK,Muskogee,Pecan Creek 345kV Substation,300,Under Study,,NOT PUBLISHED IN SPP GI QUEUE EXPORT,Developer Not Disclosed,Confirmed Grid-Scale Storage (BESS),54857,3.376721334857143e+26,false
GEN-2024-253,SPP,KS,Leavenworth,Stranger Creek - 87th Street 345 kV line,300,Under Study,,NOT PUBLISHED IN SPP GI QUEUE EXPORT,Developer Not Disclosed,Confirmed Grid-Scale Storage (BESS),54857,3.376721334857143e+26,false
GEN-2024-215,SPP,KS,Aurora,Elm Creek 345 kV Substation,300,Under Study,,NOT PUBLISHED IN SPP GI QUEUE EXPORT,Developer Not Disclosed,Confirmed Grid-Scale Storage (BESS),54857,3.376721334857143e+26,false
GI-CS-2025-29,SPP,CO,"Yuma County,",Burlington - Wray 230 Line,300,Under Study,,NOT PUBLISHED IN SPP GI QUEUE EXPORT,Developer Not Disclosed,Confirmed Grid-Scale Storage (BESS),54857,3.376721334857143e+26,false
GI-CS-2025-03,SPP,CO,"Kit Carson,",230 Windtalker Switching Station,300,Under Study,,NOT PUBLISHED IN SPP GI QUEUE EXPORT,Developer Not Disclosed,Confirmed Grid-Scale Storage (BESS),54857,3.376721334857143e+26,false
GEN-2024-SR15,SPP,TX,Yoakum,Mahoney 230kV Substation,300,IA in Progress,,NOT PUBLISHED IN SPP GI QUEUE EXPORT,Developer Not Disclosed,Confirmed Grid-Scale Storage (BESS),54857,3.376721334857143e+26,false
GEN-2025-SR16,SPP,KS,Oxford,Wild Plains 345 kV Substation,300,Facilities Study,,NOT PUBLISHED IN SPP GI QUEUE EXPORT,Developer Not Disclosed,Confirmed Grid-Scale Storage (BESS),54857,3.376721334857143e+26,false
GEN-2024-336,SPP,TX,Yoakum,Ink Basin 230 kV Substation,300,Under Study,,NOT PUBLISHED IN SPP GI QUEUE EXPORT,Developer Not Disclosed,Confirmed Grid-Scale Storage (BESS),54857,3.376721334857143e+26,false
GEN-2024-254,SPP,OK,Canadian,Mathewson 345 kV Substation,300,Under Study,,NOT PUBLISHED IN SPP GI QUEUE EXPORT,Developer Not Disclosed,Confirmed Grid-Scale Storage (BESS),54857,3.376721334857143e+26,false
GEN-2024-255,SPP,OK,Oklahoma,Spring Creek 345 kV Substation,300,Under Study,,NOT PUBLISHED IN SPP GI QUEUE EXPORT,Developer Not Disclosed,Confirmed Grid-Scale Storage (BESS),54857,3.376721334857143e+26,false
GEN-2024-339,SPP,KS,Lavenworth,Stranger Creek 115 kV Substation,300,Under Study,,NOT PUBLISHED IN SPP GI QUEUE EXPORT,Developer Not Disclosed,Confirmed Grid-Scale Storage (BESS),54857,3.376721334857143e+26,false
P2411,AESO,AB,Empress,NOT PUBLISHED IN AESO CONNECTION PROJECT LIST,300,IA in Progress,Northland Power Jurassic MPC Solar Battery,NOT PUBLISHED IN AESO CONNECTION PROJECT LIST,Developer Not Disclosed,Confirmed Grid-Scale Storage (BESS),54857,3.376721334857143e+26,false
J2423,MISO,WI,Columbia,Columbia-North Madison 345kV,300,Under Study,,NOT PUBLISHED IN MISO GI QUEUE DATA,Developer Not Disclosed,Confirmed Grid-Scale Storage (BESS),54857,3.376721334857143e+26,false
J4098,MISO,LA,Lafayette,Rork - Sellers Road 230.0kV,300,Under Study,,NOT PUBLISHED IN MISO GI QUEUE DATA,Developer Not Disclosed,Confirmed Grid-Scale Storage (BESS),54857,3.376721334857143e+26,false
J3518,MISO,MO,Gasconade,BLAND,300,Under Study,,NOT PUBLISHED IN MISO GI QUEUE DATA,Developer Not Disclosed,Confirmed Grid-Scale Storage (BESS),54857,3.376721334857143e+26,false
C24-358,NYISO,NY,Orange,Sugarloaf 138 kV Substation,300,Facilities Study,Sugar Loaf Energy Storage I,Hambletonian Energy Storage LLC,Developer Not Matched To Known List,Confirmed Grid-Scale Storage (BESS),54857,3.376721334857143e+26,false
2356,CAISO,CA,Fresno,HARLAN SW STA 500 kV,300,Active,Maestro,NOT PUBLISHED IN CAISO CLUSTER REQUEST LIST,Developer Not Disclosed,Confirmed Grid-Scale Storage (BESS),54857,3.376721334857143e+26,false
J3114,MISO,IN,Greene,Sandborn Primary - Worthington Primary 161.0kV,300,Facilities Study,,NOT PUBLISHED IN MISO GI QUEUE DATA,Developer Not Disclosed,Confirmed Grid-Scale Storage (BESS),54857,3.376721334857143e+26,false
J3006,MISO,WI,Milwaukee,Granville345kV Substation,300,Under Study,,NOT PUBLISHED IN MISO GI QUEUE DATA,Developer Not Disclosed,Confirmed Grid-Scale Storage (BESS),54857,3.376721334857143e+26,false
2317,CAISO,CA,San Bernardino,MIRA LOMA 230 kV,300,Active,Twinkle,NOT PUBLISHED IN CAISO CLUSTER REQUEST LIST,Developer Not Disclosed,Confirmed Grid-Scale Storage (BESS),54857,3.376721334857143e+26,false
J2647,MISO,IL,Franklin,West Frankfort East 345 kV (7E W FKFT),300,Facilities Study,,NOT PUBLISHED IN MISO GI QUEUE DATA,Developer Not Disclosed,Confirmed Grid-Scale Storage (BESS),54857,3.376721334857143e+26,false
2362,CAISO,CA,Kings,DRY LAKE SW STA 500 kV,300,Active,MidBishop,NOT PUBLISHED IN CAISO CLUSTER REQUEST LIST,Developer Not Disclosed,Confirmed Grid-Scale Storage (BESS),54857,3.376721334857143e+26,false
J3216,MISO,IL,Peoria,Bloomington Brokaw,300,Facilities Study,,NOT PUBLISHED IN MISO GI QUEUE DATA,Developer Not Disclosed,Confirmed Grid-Scale Storage (BESS),54857,3.376721334857143e+26,false
J3027,MISO,IL,Stark,7FARGO - 7SANDBURG 345.0kV,300,Facilities Study,,NOT PUBLISHED IN MISO GI QUEUE DATA,Developer Not Disclosed,Confirmed Grid-Scale Storage (BESS),54857,3.376721334857143e+26,false
C24-005,NYISO,NY,Bronx,Mott Haven 138KV Bus,300,Facilities Study,Blue Spruce Storage,Blue Spruce Storage LLC,Developer Not Matched To Known List,Confirmed Grid-Scale Storage (BESS),54857,3.376721334857143e+26,false
J2469,MISO,IA,Linn,Sub K (Tiffin)-Duane Arnold 345kV,300,Under Study,,NOT PUBLISHED IN MISO GI QUEUE DATA,Developer Not Disclosed,Confirmed Grid-Scale Storage (BESS),54857,3.376721334857143e+26,false
J3417,MISO,IL,Macon,Oreana,300,Active,,NOT PUBLISHED IN MISO GI QUEUE DATA,Developer Not Disclosed,Confirmed Grid-Scale Storage (BESS),54857,3.376721334857143e+26,false
C26-0002,NYISO,NY,Queens,Astoria East 138 kV,300,Active,Roma Storage,Roma Storage LLC,Developer Not Matched To Known List,Confirmed Grid-Scale Storage (BESS),54857,3.376721334857143e+26,false
C24-352,NYISO,NY,Wyoming,Wethersfield 230 kV Substation,300,Facilities Study,Swiss Valley Energy Storage,Sawhall Energy Storage LLC,Developer Not Matched To Known List,Confirmed Grid-Scale Storage (BESS),54857,3.376721334857143e+26,false
J3525,MISO,IL,Rock Island,SUB 47,300,Active,,NOT PUBLISHED IN MISO GI QUEUE DATA,Developer Not Disclosed,Confirmed Grid-Scale Storage (BESS),54857,3.376721334857143e+26,false
J2215,MISO,IN,Lake,SCHAHFER GEN STA - ST. JOHN 345.0kV,300,Facilities Study,,NOT PUBLISHED IN MISO GI QUEUE DATA,Developer Not Disclosed,Confirmed Grid-Scale Storage (BESS),54857,3.376721334857143e+26,false
J3946,MISO,IL,Tazewell,Tazewell,300,Under Study,,NOT PUBLISHED IN MISO GI QUEUE DATA,Developer Not Disclosed,Confirmed Grid-Scale Storage (BESS),54857,3.376721334857143e+26,false
2336,CAISO,CA,Kings,DRY LAKE SW STA 500 kV,300,Active,Brown Bear,NOT PUBLISHED IN CAISO CLUSTER REQUEST LIST,Developer Not Disclosed,Confirmed Grid-Scale Storage (BESS),54857,3.376721334857143e+26,false
J3840,MISO,LA,St. Landry,Wells,300,Under Study,,NOT PUBLISHED IN MISO GI QUEUE DATA,Developer Not Disclosed,Confirmed Grid-Scale Storage (BESS),54857,3.376721334857143e+26,false
J2205,MISO,MO,Callaway,J1145 New 345kV POI Substation (Ameren Overton-Montgomery 345kV Line),300,Facilities Study,,NOT PUBLISHED IN MISO GI QUEUE DATA,Developer Not Disclosed,Confirmed Grid-Scale Storage (BESS),54857,3.376721334857143e+26,false
J4016,MISO,MI,Tuscola,ATLANTA - THETFORD [KARN] 138.0kV,300,Active,,NOT PUBLISHED IN MISO GI QUEUE DATA,Developer Not Disclosed,Confirmed Grid-Scale Storage (BESS),54857,3.376721334857143e+26,false
J2377,MISO,IL,Peoria,7CLINTON  - 7BROKAW 345.0kV,300,Facilities Study,,NOT PUBLISHED IN MISO GI QUEUE DATA,Developer Not Disclosed,Confirmed Grid-Scale Storage (BESS),54857,3.376721334857143e+26,false
J3558,MISO,IL,Champaign,Rising,300,Active,,NOT PUBLISHED IN MISO GI QUEUE DATA,Developer Not Disclosed,Confirmed Grid-Scale Storage (BESS),54857,3.376721334857143e+26,false
J2128,MISO,IL,Coles,7ARLAND - 7FARADAY 345.0kV,300,Facilities Study,,NOT PUBLISHED IN MISO GI QUEUE DATA,Developer Not Disclosed,Confirmed Grid-Scale Storage (BESS),54857,3.376721334857143e+26,false
1148,ISO-NE,MA,Suffolk,"Electric Avenue 115 kV substation (bus number 110926), Zone MA_NST",300,Active,Lite Brite Battery Storage,NOT PUBLISHED IN ISO-NE IRTT PUBLIC QUEUE,Developer Not Disclosed,Confirmed Grid-Scale Storage (BESS),54857,3.376721334857143e+26,false
S1142,MISO,LA,East Feliciana,MOLER - COLFEL 230.0kV,300,Active,,NOT PUBLISHED IN MISO GI QUEUE DATA,Developer Not Disclosed,Confirmed Grid-Scale Storage (BESS),54857,3.376721334857143e+26,false
1238,ISO-NE,MA,Norfolk,West Medway 345kV station,300,Active,Battery Storage,NOT PUBLISHED IN ISO-NE IRTT PUBLIC QUEUE,Developer Not Disclosed,Confirmed Grid-Scale Storage (BESS),54857,3.376721334857143e+26,false
J4094,MISO,MI,Huron,GRASSMERE,300,Active,,NOT PUBLISHED IN MISO GI QUEUE DATA,Developer Not Disclosed,Confirmed Grid-Scale Storage (BESS),54857,3.376721334857143e+26,false
2351,CAISO,CA,San Bernardino,LUGO 500 kV,300,Active,Duran,NOT PUBLISHED IN CAISO CLUSTER REQUEST LIST,Developer Not Disclosed,Confirmed Grid-Scale Storage (BESS),54857,3.376721334857143e+26,false
2298,CAISO,CA,Kings,DRY LAKE SW STA 500 kV,300,Active,Blue Star,NOT PUBLISHED IN CAISO CLUSTER REQUEST LIST,Developer Not Disclosed,Confirmed Grid-Scale Storage (BESS),54857,3.376721334857143e+26,false
J2716,MISO,MN,Dakota,HAMPTON 345 KV,300,Under Study,,NOT PUBLISHED IN MISO GI QUEUE DATA,Developer Not Disclosed,Confirmed Grid-Scale Storage (BESS),54857,3.376721334857143e+26,false
J4095,MISO,MI,Huron,GRASSMERE,300,Active,,NOT PUBLISHED IN MISO GI QUEUE DATA,Developer Not Disclosed,Confirmed Grid-Scale Storage (BESS),54857,3.376721334857143e+26,false
J3199,MISO,MO,Adair,Zachary 345kV,300,Facilities Study,,NOT PUBLISHED IN MISO GI QUEUE DATA,Developer Not Disclosed,Confirmed Grid-Scale Storage (BESS),54857,3.376721334857143e+26,false
2297,CAISO,CA,Madera,TESLA 230 kV,300,Active,Galadriel,NOT PUBLISHED IN CAISO CLUSTER REQUEST LIST,Developer Not Disclosed,Confirmed Grid-Scale Storage (BESS),54857,3.376721334857143e+26,false
C24-148,NYISO,NY,Rensselaer,Eastover 115kV,300,Facilities Study,Willard Storage,"Emeren US, LLC",Developer Not Matched To Known List,Confirmed Grid-Scale Storage (BESS),54857,3.376721334857143e+26,false
2263,CAISO,CA,Santa Clara,LOS ESTEROS 115 kV,300,Active,Jackrabbit Power Bank,NOT PUBLISHED IN CAISO CLUSTER REQUEST LIST,Developer Not Disclosed,Confirmed Grid-Scale Storage (BESS),54857,3.376721334857143e+26,false
C26-0020,NYISO,NY,Lowville,115kV Waters Road Station,300,Active,Brookside Forest,Brookside Forest Energy Storage LLC,Developer Not Matched To Known List,Confirmed Grid-Scale Storage (BESS),54857,3.376721334857143e+26,false
P2553,AESO,AB,Provost,NOT PUBLISHED IN AESO CONNECTION PROJECT LIST,300,IA in Progress,Dolcy MPC Solar and Storage,NOT PUBLISHED IN AESO CONNECTION PROJECT LIST,Developer Not Disclosed,Confirmed Grid-Scale Storage (BESS),54857,3.376721334857143e+26,false
28INR0378,ERCOT,TX,Wichita,Tap 345 kV 6111 RILEY - 1730 KRUM WEST Ckt 1,300,Facilities Study,Wichita Creek Storage,"Wichita Creek Storage, LLC",Developer Not Matched To Known List,Confirmed Grid-Scale Storage (BESS),54857,3.376721334857143e+26,false
24INR0420,ERCOT,TX,Houston,Tap to Jim English (#3351) – Flat Branch (#3345) 138kV,298.1,Facilities Study,Camino Ranch Storage SLF,"Camino Solar Ranch, LLC",Developer Not Matched To Known List,Confirmed Grid-Scale Storage (BESS),54502,3.3548852035584e+26,false
GEN-2026-SR28,SPP,KS,Dodge City,Clark County-Ironwood 345kV,297.6,Under Study,,NOT PUBLISHED IN SPP GI QUEUE EXPORT,Developer Not Disclosed,Confirmed Grid-Scale Storage (BESS),54418,3.349707564178286e+26,false
C01-1200,PJM,IL,Grundy,NOT PUBLISHED BY PJM (Transmission Owner: ComEd),296.2,Active,Goodings Gr (B) - Katydid Rd. (B) 345 kV,"IL Thunder Creek Solar, LLC",Developer Not Matched To Known List,Confirmed Grid-Scale Storage (BESS),54162,3.333949531282286e+26,false
1515,ISO-NE,MA,Berkshire,Alps-Berkshire 345kV line,290,Active,Battery Storage,NOT PUBLISHED IN ISO-NE IRTT PUBLIC QUEUE,Developer Not Disclosed,Confirmed Grid-Scale Storage (BESS),53029,3.2641639570285714e+26,false
25INR0451,ERCOT,TX,Upton,76008 Twelvemile 345kV,290,Facilities Study,Tres Rios Ranch BESS,LectricWind LLC,Developer Not Matched To Known List,Confirmed Grid-Scale Storage (BESS),53029,3.2641639570285714e+26,false
2268,CAISO,CA,San Bernardino,CALCITE 230 kV,288,Active,Sienna 3,NOT PUBLISHED IN CAISO CLUSTER REQUEST LIST,Developer Not Disclosed,Confirmed Grid-Scale Storage (BESS),52663,3.2416524814628575e+26,false
27INR0409,ERCOT,TX,Lamar,Pacific Switch  (PACSW)  345 kV Bus 11683,287.2,Facilities Study,Baker Branch BESS,"Mockingbird Storage Center, LLC",Developer Not Matched To Known List,Confirmed Grid-Scale Storage (BESS),52520,3.2328730059922285e+26,false
25INR0197,ERCOT,TX,Scurry,Tap 345 kV TONKAWAW_5 (11048) – SCURCNTYS_5 (11318) Circuit #2,287.2,Facilities Study,Inadale BESS,"Inadale BESS, LLC",Developer Not Matched To Known List,Confirmed Grid-Scale Storage (BESS),52509,3.232197661725258e+26,false
27INR0222,ERCOT,TX,Starr,Tapping the 345 kV Line from Del Sol (Bus# 80355) to Frontera (Bus# 80119) ckt 1,284.5,Facilities Study,Fierce River BESS,Rio Grande Solar LLC,Developer Not Matched To Known List,Confirmed Grid-Scale Storage (BESS),52021,3.202144841845028e+26,false
C01-2119,PJM,PA,Cumberland,NOT PUBLISHED BY PJM (Transmission Owner: PPL),280,Active,Cumberland 230 kV,Prologis Energy LLC,Developer Not Matched To Known List,Confirmed Grid-Scale Storage (BESS),51200,3.1516065792e+26,false
GEN-2024-015,SPP,TX,Yoakum,Sundown-Amaco-Yoakum 230 kV Substation,280,Under Study,,NOT PUBLISHED IN SPP GI QUEUE EXPORT,Developer Not Disclosed,Confirmed Grid-Scale Storage (BESS),51200,3.1516065792e+26,false
GEN-2024-170,SPP,MO,Cass,Pleasant Hill 345 kV Substation,280,Under Study,,NOT PUBLISHED IN SPP GI QUEUE EXPORT,Developer Not Disclosed,Confirmed Grid-Scale Storage (BESS),51200,3.1516065792e+26,false
C01-2051,PJM,PA,Venango,NOT PUBLISHED BY PJM (Transmission Owner: PENELEC),280,Active,Grandview 115 kV,Hanwha Energy USA Holdings Corp,Developer Not Matched To Known List,Confirmed Grid-Scale Storage (BESS),51200,3.1516065792e+26,false
P2464,AESO,AB,Sheerness,NOT PUBLISHED IN AESO CONNECTION PROJECT LIST,280,IA in Progress,Sunnynook Solar Battery,NOT PUBLISHED IN AESO CONNECTION PROJECT LIST,Developer Not Disclosed,Confirmed Grid-Scale Storage (BESS),51200,3.1516065792e+26,false
27INR0142,ERCOT,TX,Fort Bend,Tap 138 kV Wa Parish (#44015) - Crabb River Road Line (#44170) Line; CNP,279,Facilities Study,UNICORN BESS,Unicorn Energies,Developer Not Matched To Known List,Confirmed Grid-Scale Storage (BESS),51013,3.140125726661486e+26,false
GEN-2024-035,SPP,SD,Brown,Groton 345 kV Substation,270,Under Study,,NOT PUBLISHED IN SPP GI QUEUE EXPORT,Developer Not Disclosed,Confirmed Grid-Scale Storage (BESS),49371,3.0390492013714285e+26,false
27INR0224,ERCOT,TX,Victoria,8721 Beecher 138 kV,264.2,Facilities Study,Leopard BESS,"Bobcat Energy Center, LLC",Developer Not Matched To Known List,Confirmed Grid-Scale Storage (BESS),48318,2.974216151742171e+26,false
GEN-2025-SR28,SPP,OK,Balko,Beaver County 345 kV Substation,263.1,Under Study,,NOT PUBLISHED IN SPP GI QUEUE EXPORT,Developer Not Disclosed,Confirmed Grid-Scale Storage (BESS),48115,2.9617222828032e+26,false
27INR0576,ERCOT,TX,Nolan,11420 Sweetwater East Switch 345 kV,262,Facilities Study,Trailblazer BESS,Trailblazer Infrastructure LLC,Developer Not Matched To Known List,Confirmed Grid-Scale Storage (BESS),47903,2.9486656269750864e+26,false
29INR0211,ERCOT,TX,Guadalupe,Hickory Forest (7225),261.1,Facilities Study,Enfinity Juniper Storage,EG Juniper LLC,Developer Not Matched To Known List,Confirmed Grid-Scale Storage (BESS),47740,2.938648020348343e+26,false
27INR0447,ERCOT,TX,Kent,59908 Novaprime 345kV,259.4,Facilities Study,Jay Flat BESS,Jay Flat BESS LLC,Developer Not Matched To Known List,Confirmed Grid-Scale Storage (BESS),47426,2.919288151361829e+26,false
GEN-2026-SR11,SPP,OK,Mill Creek,Johnson County 345kV Substation,258,Under Study,,NOT PUBLISHED IN SPP GI QUEUE EXPORT,Developer Not Disclosed,Confirmed Grid-Scale Storage (BESS),47177,2.9039803479771425e+26,false
28INR0390,ERCOT,TX,Bexar,"POI is 138 kV Howard Substation (Bus# 5230) (SSWG bus name: HOWARD), NMMS station code: S1",257.5,Facilities Study,Horsepower BESS,"Horsepower BESS, LLC",Developer Not Matched To Known List,Confirmed Grid-Scale Storage (BESS),47086,2.8983524790857144e+26,false
26INR0226,ERCOT,TX,Brazoria,Tap 138kV West Columbia Main (39500) - Sweeny Cogen (110505),257.5,Facilities Study,First Capitol BESS,"First Capitol BESS, LLC",Developer Not Matched To Known List,Confirmed Grid-Scale Storage (BESS),47082,2.898127364330057e+26,false
25INR0101,ERCOT,TX,Collin,#833 Wylie Switch 138kV,257.3,Facilities Study,Drake BESS,Mallard Energy Storage LLC,Developer Not Matched To Known List,Confirmed Grid-Scale Storage (BESS),47049,2.8961013315291428e+26,false
25INR0176,ERCOT,TX,Madison,tap 345 kV 46020 Limestone Plant - 967 Gibbons Creek ckt 18,257,Facilities Study,Masava Storage,"Savannah Oaks Solar Project, LLC",Developer Not Matched To Known List,Confirmed Grid-Scale Storage (BESS),47002,2.893174839705601e+26,false
28INR0186,ERCOT,TX,Austin,Tap 138kV 7287 Bellville North - 7291 Highway 36,256.8,Facilities Study,Saddlehorn Energy Storage,"Saddlehorn Energy Storage, LLC",Developer Not Matched To Known List,Confirmed Grid-Scale Storage (BESS),46958,2.8904734626377144e+26,false
25INR0262,ERCOT,TX,Galveston,# 38900 Hidden Lakes - # 42015 PHR 138 KV,256.8,Facilities Study,Shepard Energy Storage,Shepard Energy Storage LLC,Developer Not Matched To Known List,Confirmed Grid-Scale Storage (BESS),46956,2.8903609052598864e+26,false
26INR0503,ERCOT,TX,Harris,Tap 138 kV 48096 El Dorado - 43610 Scarsdale CKT 92,256.4,Facilities Study,Rex Storage,"Rex BESS, LLC",Developer Not Matched To Known List,Confirmed Grid-Scale Storage (BESS),46885,2.8859711675245715e+26,false
26INR0551,ERCOT,TX,Brazoria,39010 138kV HASTINGS,256.3,Facilities Study,Hastings Park BESS,"Brazos Roots BESS, LLC",Developer Not Matched To Known List,Confirmed Grid-Scale Storage (BESS),46874,2.8852958232576e+26,false
28INR0181,ERCOT,TX,San Patricio,KATOEN (Bus#8579),256.3,Facilities Study,Sunburst BESS,"Indigo Solar, LLC",Developer Not Matched To Known List,Confirmed Grid-Scale Storage (BESS),46866,2.8848455937462862e+26,false
26INR0615,ERCOT,TX,Bell,To Tap 138 kV Trimmier Substation (Bus# 136),256.3,Facilities Study,Bell County Morgan Storage,"DM-BCTRM, LLC",Developer Not Matched To Known List,Confirmed Grid-Scale Storage (BESS),46861,2.8845079216127995e+26,false
26INR0306,ERCOT,TX,San Patricio,8422 Dupont 138kV,256.2,Facilities Study,Nautilus Heavy Storage,"Nautilus Heavy Storage, LLC",Developer Not Matched To Known List,Confirmed Grid-Scale Storage (BESS),46855,2.8841702494793142e+26,false
25INR0582,ERCOT,TX,Wharton,44220 Julia 345kV,256.1,Facilities Study,Maleza Storage II,"Brush Storage, LLC",Developer Not Matched To Known List,Confirmed Grid-Scale Storage (BESS),46830,2.882594446189715e+26,false
27INR0291,ERCOT,TX,Brown,1444 Brown Switch - 3348 Russell Gap 345 kV Line,256.1,Facilities Study,Nouveau BESS,"RamZ BESS, LLC",Developer Not Matched To Known List,Confirmed Grid-Scale Storage (BESS),46830,2.882594446189715e+26,false
27INR0216,ERCOT,TX,Milam,Tap 345 kV 3377 Little Pond Switch - 3704 Hog Creek Switch,256.1,Facilities Study,Champs Elysees BESS,"Champs Elysees Renewables, LLC",Developer Not Matched To Known List,Confirmed Grid-Scale Storage (BESS),46830,2.882594446189715e+26,false
25INR0301,ERCOT,TX,Ector,1027 Odessa EHV Switch 138 kV,256,Facilities Study,Van Zandt Energy Storage,"Rocky Mountain Energy Holdings, LLC",Developer Not Matched To Known List,Confirmed Grid-Scale Storage (BESS),46811,2.8814688724114287e+26,false
23INR0290,ERCOT,TX,Galveston,38740 Heights 138kV,255.3,Facilities Study,Zeya BESS,BRP Zeya BESS LLC,Developer Not Matched To Known List,Confirmed Grid-Scale Storage (BESS),46689,2.8739275280969143e+26,false
25INR0417,ERCOT,TX,Upton,Tap 345 kV KINGMTSW (#842) to NORTMC (#76000),254.9,Facilities Study,Mesa View Storage,"Mesa View Storage, LLC",Developer Not Matched To Known List,Confirmed Grid-Scale Storage (BESS),46607,2.8688624460946284e+26,false
26INR0422,ERCOT,TX,McLennan,Tap 345kV 3406 Elm Mott - 3405 Tradinghouse Ses,254.8,Facilities Study,PowerVault BESS,SMT Elm Mott BESS,Developer Not Matched To Known List,Confirmed Grid-Scale Storage (BESS),46592,2.8679619870720005e+26,false
26INR0550,ERCOT,TX,Pecos,76582 MESA VIEW SWITCH 138kV,253.3,Facilities Study,Grand Mesa BESS,PERRY GREEN POWER LLC,Developer Not Matched To Known List,Confirmed Grid-Scale Storage (BESS),46314,2.850853265642057e+26,false
GEN-2026-SR9,SPP,KS,Wright,Spearville to Clark County 345 kV line,252,Under Study,,NOT PUBLISHED IN SPP GI QUEUE EXPORT,Developer Not Disclosed,Confirmed Grid-Scale Storage (BESS),46080,2.83644592128e+26,false
25INR0238,ERCOT,TX,Collin,Tap 138kV Swindell (812) - Olinger (818),252,Facilities Study,Little Ridge Storage,TX BESS B LLC,Developer Not Matched To Known List,Confirmed Grid-Scale Storage (BESS),46080,2.83644592128e+26,false
22INR0401,ERCOT,TX,Cameron,80229 Cavazos 138kV,251.8,Facilities Study,Eval Storage,Hecate Grid East Valley Storage LLC,Developer Not Matched To Known List,Confirmed Grid-Scale Storage (BESS),46053,2.834757560612572e+26,false
27INR0143,ERCOT,TX,Castro,23912 OGALLALA_5 345kV,251.6,Facilities Study,Ogalalla Storage,Hecate Energy Ogalalla Solar LLC,Developer Not Matched To Known List,Confirmed Grid-Scale Storage (BESS),46007,2.8319436261668577e+26,false
26INR0173,ERCOT,TX,Hardeman,Tap EDITHCLA7B [60505] -- TESLA7A [60501] 345kV ckt2,251.5,Facilities Study,Juniper Ridge BESS 1,Lazy U ESS 1,Developer Not Matched To Known List,Confirmed Grid-Scale Storage (BESS),45989,2.830818052388572e+26,false
26INR0174,ERCOT,TX,Hardeman,Tap EDITHCLA7B [60505] -- TESLA7A [60501] ckt2,251.5,Facilities Study,Juniper Ridge BESS 2,Lazy U ESS 2,Developer Not Matched To Known List,Confirmed Grid-Scale Storage (BESS),45989,2.830818052388572e+26,false
27INR0465,ERCOT,TX,Maverick,Tap Escondido (8260) - Brackettville (8252),251.3,Facilities Study,Althea Storage,Sugaree Solar LLC,Developer Not Matched To Known List,Confirmed Grid-Scale Storage (BESS),45952,2.828566904832e+26,false
28INR0030,ERCOT,TX,Wharton,44040 Bailey SW 345 kV,251.3,Facilities Study,Brela BESS LLC,Brela BESS LLC,Developer Not Matched To Known List,Confirmed Grid-Scale Storage (BESS),45952,2.828566904832e+26,false
25INR0339,ERCOT,TX,Tom Green,Tap 138 kV #76320 Schkade -  #76011 Twin Buttes Line; LCRA,251.2,Facilities Study,Fort Concho Energy storage,"Rocky Mountain Energy Development, LLC",Developer Not Matched To Known List,Confirmed Grid-Scale Storage (BESS),45925,2.826878544164572e+26,false
25INR0434,ERCOT,TX,Harris,Tap 138 kV 40130 Atascocita - 40690 East Gate,251,Facilities Study,Bluegill BESS,"Bluegill BESS, LLC",Developer Not Matched To Known List,Confirmed Grid-Scale Storage (BESS),45897,2.8251901834971423e+26,false
27INR0252,ERCOT,TX,Austin,7287 Bellville North 138kV,250.9,Facilities Study,Parula Energy Center,Parula Energy Center,Developer Not Matched To Known List,Confirmed Grid-Scale Storage (BESS),45888,2.824627396608e+26,false
28INR0485,ERCOT,TX,Bee,88690 SPTPOI7A 345kV,250.9,Facilities Study,Sparta BESS,Sparta Storage Center,Developer Not Matched To Known List,Confirmed Grid-Scale Storage (BESS),45888,2.824627396608e+26,false
AG2-360,PJM,VA,Smyth,NOT PUBLISHED BY PJM (Transmission Owner: AEP),250,Active,Broadford 138 kV,Laurel Creek Energy Storage LLC,Developer Not Matched To Known List,Confirmed Grid-Scale Storage (BESS),45714,2.813934445714286e+26,false
C01-2044,PJM,VA,Botetourt,NOT PUBLISHED BY PJM (Transmission Owner: AEP),250,Active,Cloverdale 345kV 345 kV,"Gateway Grid, LLC",Developer Not Matched To Known List,Confirmed Grid-Scale Storage (BESS),45714,2.813934445714286e+26,false
C01-1878,PJM,OH,Carroll,NOT PUBLISHED BY PJM (Transmission Owner: AEP),250,Active,Carrollton 138 kV,Cedar Holdco LLC,Developer Not Matched To Known List,Confirmed Grid-Scale Storage (BESS),45714,2.813934445714286e+26,false
C01-1645,PJM,VA,Fauquier,NOT PUBLISHED BY PJM (Transmission Owner: Dominion),250,Active,Remington CT - Elk Run 230kV 230 kV,Juno Power Management LLC,Developer Not Matched To Known List,Confirmed Grid-Scale Storage (BESS),45714,2.813934445714286e+26,false
C01-1778,PJM,IL,Gallatin,NOT PUBLISHED BY PJM (Transmission Owner: ComEd),250,Active,Plano 345 kV,ENGIE IR Holdings LLC,Developer Not Matched To Known List,Confirmed Grid-Scale Storage (BESS),45714,2.813934445714286e+26,false
C01-1876,PJM,OH,Tuscarawas,NOT PUBLISHED BY PJM (Transmission Owner: AEP),250,Active,Strasburg 138 kV,Cedar Holdco LLC,Developer Not Matched To Known List,Confirmed Grid-Scale Storage (BESS),45714,2.813934445714286e+26,false
C01-2038,PJM,PA,Luzerne,NOT PUBLISHED BY PJM (Transmission Owner: PPL),250,Active,Shickshinny 500 kV,Moxie Freedom LLC,Developer Not Matched To Known List,Confirmed Grid-Scale Storage (BESS),45714,2.813934445714286e+26,false
C01-2133,PJM,PA,Venango,NOT PUBLISHED BY PJM (Transmission Owner: PENELEC),250,Active,Handsome Lake - Armstrong 345 kV,"SP Resilient Power 13, LLC",Developer Not Matched To Known List,Confirmed Grid-Scale Storage (BESS),45714,2.813934445714286e+26,false
C01-1616,PJM,MD,Charles,NOT PUBLISHED BY PJM (Transmission Owner: PEPCO),250,Active,Talbert - Hawkins Gate 230 kV & Talbert to Morgantown 230 kV,"Old Line Reserve Energy, LLC",Developer Not Matched To Known List,Confirmed Grid-Scale Storage (BESS),45714,2.813934445714286e+26,false
C01-1589,PJM,VA,Surry,NOT PUBLISHED BY PJM (Transmission Owner: Dominion),250,Active,Colonial Trail - Surry 230 kV,Invenergy Storage Development LLC,Developer Not Matched To Known List,Confirmed Grid-Scale Storage (BESS),45714,2.813934445714286e+26,false
GEN-2024-372,SPP,NE,Douglas,S1247 161 kV Substation,250,Under Study,,NOT PUBLISHED IN SPP GI QUEUE EXPORT,Developer Not Disclosed,Confirmed Grid-Scale Storage (BESS),45714,2.813934445714286e+26,false
GEN-2024-171,SPP,OK,Tulsa,Tulsa North - Grand River Energy Center 345 kV Line,250,Under Study,,NOT PUBLISHED IN SPP GI QUEUE EXPORT,Developer Not Disclosed,Confirmed Grid-Scale Storage (BESS),45714,2.813934445714286e+26,false
GEN-2024-281,SPP,NM,Lea,Jal - Teague 115 kV Line,250,Under Study,,NOT PUBLISHED IN SPP GI QUEUE EXPORT,Developer Not Disclosed,Confirmed Grid-Scale Storage (BESS),45714,2.813934445714286e+26,false
GEN-2024-370,SPP,MO,Clay,Smithville 161 kV Substation,250,Under Study,,NOT PUBLISHED IN SPP GI QUEUE EXPORT,Developer Not Disclosed,Confirmed Grid-Scale Storage (BESS),45714,2.813934445714286e+26,false
C01-1488,PJM,IL,McHenry,NOT PUBLISHED BY PJM (Transmission Owner: ComEd),250,Active,Pleasant Valley 345 kV,"Indeck Pleasant Valley, L.L.C.",Developer Not Matched To Known List,Confirmed Grid-Scale Storage (BESS),45714,2.813934445714286e+26,false
C01-2187,PJM,NJ,Gloucester,NOT PUBLISHED BY PJM (Transmission Owner: AEC),250,Active,Bridgeport - Mickleton 230 kV,"RENJ Raccoon Island BESS, LLC",Developer Not Matched To Known List,Confirmed Grid-Scale Storage (BESS),45714,2.813934445714286e+26,false
C01-2173,PJM,VA,Fauquier,NOT PUBLISHED BY PJM (Transmission Owner: Dominion),250,Active,Remington 230 kV,Mirror Pass Storage LLC,Developer Not Matched To Known List,Confirmed Grid-Scale Storage (BESS),45714,2.813934445714286e+26,false
C01-1473,PJM,IL,Will,NOT PUBLISHED BY PJM (Transmission Owner: ComEd),250,Active,East Frankfort 138 kV,"Verdant Shores Development Partners, LLC",Developer Not Matched To Known List,Confirmed Grid-Scale Storage (BESS),45714,2.813934445714286e+26,false
C01-1546,PJM,IL,Will,NOT PUBLISHED BY PJM (Transmission Owner: ComEd),250,Active,Davis Creek - Burnham 345 kV,Ultraviolet Energy LLC,Developer Not Matched To Known List,Confirmed Grid-Scale Storage (BESS),45714,2.813934445714286e+26,false
C01-2165,PJM,PA,Butler,NOT PUBLISHED BY PJM (Transmission Owner: APS),250,Active,Keisters 138 kV,"REPA Kiester Road Solar, LLC",Developer Not Matched To Known List,Confirmed Grid-Scale Storage (BESS),45714,2.813934445714286e+26,false
C01-1334,PJM,IL,Cook,NOT PUBLISHED BY PJM (Transmission Owner: ComEd),250,Active,Chicago Heights 138kV 138 kV,"Lincoln Reserve Energy, LLC",Developer Not Matched To Known List,Confirmed Grid-Scale Storage (BESS),45714,2.813934445714286e+26,false
C01-2148,PJM,VA,Louisa,NOT PUBLISHED BY PJM (Transmission Owner: Dominion),250,Active,Remington CT - Elk Run 230 kV,Juno Power Management LLC,Developer Not Matched To Known List,Confirmed Grid-Scale Storage (BESS),45714,2.813934445714286e+26,false
C01-1272,PJM,OH,Trumbull,NOT PUBLISHED BY PJM (Transmission Owner: ATSI),250,Active,Lordstown 345 kV,"Lighthouse Mud Creek, LLC",Developer Not Matched To Known List,Confirmed Grid-Scale Storage (BESS),45714,2.813934445714286e+26,false
C01-1240,PJM,VA,Stafford,NOT PUBLISHED BY PJM (Transmission Owner: Dominion),250,Active,Garrisonville 230 kV,"AE Renewable Development, LLC",Developer Not Matched To Known List,Confirmed Grid-Scale Storage (BESS),45714,2.813934445714286e+26,false
C01-1387,PJM,IL,McHenry,NOT PUBLISHED BY PJM (Transmission Owner: ComEd),250,Active,Pleasant Valley 138 kV,"HAMILTON ENERGY CENTER PROJECT, LLC",Developer Not Matched To Known List,Confirmed Grid-Scale Storage (BESS),45714,2.813934445714286e+26,false
C01-1269,PJM,NJ,Burlington,NOT PUBLISHED BY PJM (Transmission Owner: PSEG),250,Active,Burlington 230 kV,"Lighthouse Burlington, LLC",Developer Not Matched To Known List,Confirmed Grid-Scale Storage (BESS),45714,2.813934445714286e+26,false
C01-1335,PJM,IL,Kane,NOT PUBLISHED BY PJM (Transmission Owner: ComEd),250,Active,West Rutland 138 kV 138 kV,"Lincoln Reserve Energy, LLC",Developer Not Matched To Known List,Confirmed Grid-Scale Storage (BESS),45714,2.813934445714286e+26,false
C01-1208,PJM,IL,Stephenson,NOT PUBLISHED BY PJM (Transmission Owner: ComEd),250,Active,Lancaster 138 kV,CHANCE ENERGY CENTER LLC,Developer Not Matched To Known List,Confirmed Grid-Scale Storage (BESS),45714,2.813934445714286e+26,false
C26-0022,NYISO,NY,Onondaga,Clay 345 kV Substation,250,Active,Clay Energy Storage 1,"Terra-Gen Development Company, LLC",Developer Not Matched To Known List,Confirmed Grid-Scale Storage (BESS),45714,2.813934445714286e+26,false
C26-0016,NYISO,NY,Orange,Rock Tavern 345 kV Substation,250,Active,Arch 5,"Terra-Gen Development Company, LLC",Developer Not Matched To Known List,Confirmed Grid-Scale Storage (BESS),45714,2.813934445714286e+26,false
C26-0013,NYISO,NY,Dutchess,Hurley Avenue 345 kV Substation,250,Active,Alcazar 3,"Terra-Gen Development Company, LLC",Developer Not Matched To Known List,Confirmed Grid-Scale Storage (BESS),45714,2.813934445714286e+26,false
J3848,MISO,MN,Wabasha,Wabaco,250,Under Study,,NOT PUBLISHED IN MISO GI QUEUE DATA,Developer Not Disclosed,Confirmed Grid-Scale Storage (BESS),45714,2.813934445714286e+26,false
J4153,MISO,SD,Grant,Big Stone South 345 kV substation,250,Active,,NOT PUBLISHED IN MISO GI QUEUE DATA,Developer Not Disclosed,Confirmed Grid-Scale Storage (BESS),45714,2.813934445714286e+26,false
J2272,MISO,IA,Clinton,Calamus East,250,Facilities Study,,NOT PUBLISHED IN MISO GI QUEUE DATA,Developer Not Disclosed,Confirmed Grid-Scale Storage (BESS),45714,2.813934445714286e+26,false
J2581,MISO,IN,Ripley,Batesville 138kV Substation,250,Facilities Study,,NOT PUBLISHED IN MISO GI QUEUE DATA,Developer Not Disclosed,Confirmed Grid-Scale Storage (BESS),45714,2.813934445714286e+26,false
2244,CAISO,CA,Merced,QUINTO SW STA 230 kV,250,Active,Annapurna,NOT PUBLISHED IN CAISO CLUSTER REQUEST LIST,Developer Not Disclosed,Confirmed Grid-Scale Storage (BESS),45714,2.813934445714286e+26,false
J2628,MISO,MI,Huron,RAPSON,250,Under Study,,NOT PUBLISHED IN MISO GI QUEUE DATA,Developer Not Disclosed,Confirmed Grid-Scale Storage (BESS),45714,2.813934445714286e+26,false
2216,CAISO,CA,Merced,QUINTO SW STA 230 kV,250,Active,Fika,NOT PUBLISHED IN CAISO CLUSTER REQUEST LIST,Developer Not Disclosed,Confirmed Grid-Scale Storage (BESS),45714,2.813934445714286e+26,false
J2100,MISO,MI,Van Buren,ARGENTA - PALISADES 345.0kV,250,Facilities Study,,NOT PUBLISHED IN MISO GI QUEUE DATA,Developer Not Disclosed,Confirmed Grid-Scale Storage (BESS),45714,2.813934445714286e+26,false
J2139,MISO,MI,Livingston,BLACKFOOT - MADRID 345.0kV,250,Facilities Study,,NOT PUBLISHED IN MISO GI QUEUE DATA,Developer Not Disclosed,Confirmed Grid-Scale Storage (BESS),45714,2.813934445714286e+26,false
J3894,MISO,MN,Lyon,Lyon County - Brookings County 345.0kV,250,Under Study,,NOT PUBLISHED IN MISO GI QUEUE DATA,Developer Not Disclosed,Confirmed Grid-Scale Storage (BESS),45714,2.813934445714286e+26,false
J3352,MISO,MO,Cape Girardeau,LUTESVILLE,250,Active,,NOT PUBLISHED IN MISO GI QUEUE DATA,Developer Not Disclosed,Confirmed Grid-Scale Storage (BESS),45714,2.813934445714286e+26,false
J2691,MISO,MO,Bollinger,7RUSH     - 7BALDWIN 345.0kV,250,Facilities Study,,NOT PUBLISHED IN MISO GI QUEUE DATA,Developer Not Disclosed,Confirmed Grid-Scale Storage (BESS),45714,2.813934445714286e+26,false
J4058,MISO,MI,Huron,WYATT,250,Active,,NOT PUBLISHED IN MISO GI QUEUE DATA,Developer Not Disclosed,Confirmed Grid-Scale Storage (BESS),45714,2.813934445714286e+26,false
J3235,MISO,MN,Benton,Cherry Park Substation,250,Active,,NOT PUBLISHED IN MISO GI QUEUE DATA,Developer Not Disclosed,Confirmed Grid-Scale Storage (BESS),45714,2.813934445714286e+26,false
J3977,MISO,MI,Sanilac,GREENWOOD - RAPSON 345.0kV,250,Active,,NOT PUBLISHED IN MISO GI QUEUE DATA,Developer Not Disclosed,Confirmed Grid-Scale Storage (BESS),45714,2.813934445714286e+26,false
J4167,MISO,MI,Allegan,ARGENTA,250,Active,,NOT PUBLISHED IN MISO GI QUEUE DATA,Developer Not Disclosed,Confirmed Grid-Scale Storage (BESS),45714,2.813934445714286e+26,false
J4026,MISO,MI,Lenawee,BEECHER - KNOWLES 138.0kV,250,Active,,NOT PUBLISHED IN MISO GI QUEUE DATA,Developer Not Disclosed,Confirmed Grid-Scale Storage (BESS),45714,2.813934445714286e+26,false
J4081,MISO,SD,Grant,Big Stone South 345 kV substation,250,Active,,NOT PUBLISHED IN MISO GI QUEUE DATA,Developer Not Disclosed,Confirmed Grid-Scale Storage (BESS),45714,2.813934445714286e+26,false
2248,CAISO,CA,Fresno,MANNING 500 kV,250,Active,Bolt,NOT PUBLISHED IN CAISO CLUSTER REQUEST LIST,Developer Not Disclosed,Confirmed Grid-Scale Storage (BESS),45714,2.813934445714286e+26,false
J2899,MISO,LA,Calcasieu,GOOS FERRY - CHALKLEY CO 230.0kV,250,Under Study,,NOT PUBLISHED IN MISO GI QUEUE DATA,Developer Not Disclosed,Confirmed Grid-Scale Storage (BESS),45714,2.813934445714286e+26,false
1365,ISO-NE,MA,Hampden,Connect to South Agawam 115 kV switchyard,250,Active,Battery Storage,NOT PUBLISHED IN ISO-NE IRTT PUBLIC QUEUE,Developer Not Disclosed,Confirmed Grid-Scale Storage (BESS),45714,2.813934445714286e+26,false
J4118,MISO,IL,McLean,Radbourn 345kV (LRTP-41),250,Active,,NOT PUBLISHED IN MISO GI QUEUE DATA,Developer Not Disclosed,Confirmed Grid-Scale Storage (BESS),45714,2.813934445714286e+26,false
J3656,MISO,MI,Saginaw,BAUER,250,Active,,NOT PUBLISHED IN MISO GI QUEUE DATA,Developer Not Disclosed,Confirmed Grid-Scale Storage (BESS),45714,2.813934445714286e+26,false
P2707,AESO,AB,Hanna,NOT PUBLISHED IN AESO CONNECTION PROJECT LIST,250,Facilities Study,Sounding Creek Solar Battery,NOT PUBLISHED IN AESO CONNECTION PROJECT LIST,Developer Not Disclosed,Confirmed Grid-Scale Storage (BESS),45714,2.813934445714286e+26,false
J3438,MISO,MI,Saginaw,MURPHY,250,Active,,NOT PUBLISHED IN MISO GI QUEUE DATA,Developer Not Disclosed,Confirmed Grid-Scale Storage (BESS),45714,2.813934445714286e+26,false
J2091,MISO,MS,DeSoto,TWINKLETOWN 230 KV,250,IA in Progress,,NOT PUBLISHED IN MISO GI QUEUE DATA,Developer Not Disclosed,Confirmed Grid-Scale Storage (BESS),45714,2.813934445714286e+26,false
P3034,AESO,AB,Red Deer,NOT PUBLISHED IN AESO CONNECTION PROJECT LIST,250,Facilities Study,Valley Edge Battery,NOT PUBLISHED IN AESO CONNECTION PROJECT LIST,Developer Not Disclosed,Confirmed Grid-Scale Storage (BESS),45714,2.813934445714286e+26,false
1115,ISO-NE,MA,Suffolk,Sta 488 Chelsea 115 kV substation,250,Active,Hecate Energy Eastern Ave Energy Center,NOT PUBLISHED IN ISO-NE IRTT PUBLIC QUEUE,Developer Not Disclosed,Confirmed Grid-Scale Storage (BESS),45714,2.813934445714286e+26,false
J4198,MISO,IL,Christian,Pana 138 kV,250,Active,,NOT PUBLISHED IN MISO GI QUEUE DATA,Developer Not Disclosed,Confirmed Grid-Scale Storage (BESS),45714,2.813934445714286e+26,false
J3836,MISO,MI,Eaton,ONEIDA,250,Under Study,,NOT PUBLISHED IN MISO GI QUEUE DATA,Developer Not Disclosed,Confirmed Grid-Scale Storage (BESS),45714,2.813934445714286e+26,false
J3443,MISO,MN,Big Stone,Big Stone South - Alexandira 345kV,250,Active,,NOT PUBLISHED IN MISO GI QUEUE DATA,Developer Not Disclosed,Confirmed Grid-Scale Storage (BESS),45714,2.813934445714286e+26,false
2264,CAISO,CA,San Joaquin,KASSON 115 kV,250,Active,Zeitgeist K Energy Center,NOT PUBLISHED IN CAISO CLUSTER REQUEST LIST,Developer Not Disclosed,Confirmed Grid-Scale Storage (BESS),45714,2.813934445714286e+26,false
J3077,MISO,IN,Gibson,Francisco 345/138kV,250,Facilities Study,,NOT PUBLISHED IN MISO GI QUEUE DATA,Developer Not Disclosed,Confirmed Grid-Scale Storage (BESS),45714,2.813934445714286e+26,false
C24-074,NYISO,NY,Chautauqua,Gardenville - Dunkirk Line 74 230 kV,250,Facilities Study,Lighthouse Energy Storage,"Lighthouse Battery, LLC",Developer Not Matched To Known List,Confirmed Grid-Scale Storage (BESS),45714,2.813934445714286e+26,false
C24-165,NYISO,NY,Columbia,Churchtown 115 kV Substation,250,Facilities Study,KCE NY 38,"KCE NY 38, LLC",Developer Not Matched To Known List,Confirmed Grid-Scale Storage (BESS),45714,2.813934445714286e+26,false
J2267,MISO,IL,Williamson,345 kV Crab Orchard Substation,250,Facilities Study,,NOT PUBLISHED IN MISO GI QUEUE DATA,Developer Not Disclosed,Confirmed Grid-Scale Storage (BESS),45714,2.813934445714286e+26,false
29INR0213,ERCOT,TX,Mitchell,MORGAN CREEK (#1030) - GASCONADES (#76030),250,Facilities Study,Rosenix Storage,"Rosenix Solar, LLC",Developer Not Matched To Known List,Confirmed Grid-Scale Storage (BESS),45714,2.813934445714286e+26,false
30INR0042,ERCOT,TX,Zapata,Tap 345 kV  80225 CENIZO7C -   80307 DELSOL7C,250,Facilities Study,La Morena Energy Center BESS,Adapture Solar Development,Developer Not Matched To Known List,Confirmed Grid-Scale Storage (BESS),45714,2.813934445714286e+26,false
23INR0376,ERCOT,TX,Brazoria,345kV Oasis (43035) – Seabreeze circuit 27,250,Facilities Study,Cascade Storage,Oyster Creek LLC,Developer Not Matched To Known List,Confirmed Grid-Scale Storage (BESS),45714,2.813934445714286e+26,false
C24-183,NYISO,NY,Suffolk,Holbrook - North Shore Beach 138kV,248,Facilities Study,East Setauket Storage II,"East Setauket Energy Storage, LLC",Developer Not Matched To Known List,Confirmed Grid-Scale Storage (BESS),45349,2.7914229701485715e+26,false
27INR0396,ERCOT,TX,Atascosa,5713 Oaks Substation 138kV,246.5,Facilities Study,Bluewind BESS,"Bluewind Energy Center, LLC",Developer Not Matched To Known List,Confirmed Grid-Scale Storage (BESS),45074,2.7745393634742857e+26,false
28INR0323,ERCOT,TX,Ector,Tap Wolf (#11010) - Reiter Switch (#18544) Ckt1 345KV,246.1,Facilities Study,Velociraptor BESS II,"Velociraptor BESS II, LLC",Developer Not Matched To Known List,Confirmed Grid-Scale Storage (BESS),45005,2.7702621831168e+26,false
27INR0493,ERCOT,TX,Ector,10012 METEOR_5 Substation 345kV,246,Facilities Study,Velociraptor BESS I,"Velociraptor BESS I, LLC",Developer Not Matched To Known List,Confirmed Grid-Scale Storage (BESS),44983,2.7689114945828576e+26,false
26INR0324,ERCOT,TX,Grimes,345 kV Singleton (#44645),245.8,Facilities Study,Misty Hollow BESS,"Clear Fork BESS, LLC",Developer Not Matched To Known List,Confirmed Grid-Scale Storage (BESS),44946,2.766660347026286e+26,false
26INR0285,ERCOT,TX,Grimes,345 kV Singleton (#44645),245.8,Facilities Study,Hill Valley BESS,"Hill Valley BESS, LLC",Developer Not Matched To Known List,Confirmed Grid-Scale Storage (BESS),44946,2.766660347026286e+26,false
C01-1388,PJM,IL,Lake,NOT PUBLISHED BY PJM (Transmission Owner: ComEd),245,Active,Zion - Lakeview 138 kV,"Hill Energy Center, LLC",Developer Not Matched To Known List,Confirmed Grid-Scale Storage (BESS),44800,2.7576557568e+26,false
26INR0250,ERCOT,TX,Matagorda,Tap 345kV WAP to STP CKT39 (PTI# 5915-44000 CKT 39),241.1,Facilities Study,Duffy BESS,Duffy Energy Storage LLC,Developer Not Matched To Known List,Confirmed Grid-Scale Storage (BESS),44078,2.713195592557714e+26,false
26INR0247,ERCOT,TX,Martin,59901 Grelton 345 kV,240.6,Facilities Study,Jane Storage Energy Center,"NMRE Holdings, LLC",Developer Not Matched To Known List,Confirmed Grid-Scale Storage (BESS),43995,2.7081305105554287e+26,false
C01-2174,PJM,NJ,Middlesex,NOT PUBLISHED BY PJM (Transmission Owner: JCPL),240,Active,Kilmer W - Raritan River 230 kV,Luminary Storage LLC,Developer Not Matched To Known List,Confirmed Grid-Scale Storage (BESS),43886,2.7013770678857142e+26,false
C01-1498,PJM,VA,Spotsylvania,NOT PUBLISHED BY PJM (Transmission Owner: Dominion),240,Active,Spotsylvania - North Anna 500 kV,"Clenera DevCo, LLC",Developer Not Matched To Known List,Confirmed Grid-Scale Storage (BESS),43886,2.7013770678857142e+26,false
C01-1496,PJM,VA,Sussex,NOT PUBLISHED BY PJM (Transmission Owner: Dominion),240,Active,Carson - Suffolk 500 kV (AE1-173 switching station),"Clenera DevCo, LLC",Developer Not Matched To Known List,Confirmed Grid-Scale Storage (BESS),43886,2.7013770678857142e+26,false
C01-1463,PJM,IL,McHenry,NOT PUBLISHED BY PJM (Transmission Owner: ComEd),240,Active,Silver Lake (Red Bus) 345 kV,"Monarch Grid, LLC",Developer Not Matched To Known List,Confirmed Grid-Scale Storage (BESS),43886,2.7013770678857142e+26,false
J4117,MISO,MN,Goodhue,North Rochester - Prairie Island 345.0kV,240,Under Study,,NOT PUBLISHED IN MISO GI QUEUE DATA,Developer Not Disclosed,Confirmed Grid-Scale Storage (BESS),43886,2.7013770678857142e+26,false
2280,CAISO,CA,Merced,FINK SW STA 230 kV,240,Active,Cantus,NOT PUBLISHED IN CAISO CLUSTER REQUEST LIST,Developer Not Disclosed,Confirmed Grid-Scale Storage (BESS),43886,2.7013770678857142e+26,false
J2567,MISO,MI,Oceana,KENOWA - LUDINGTON 345.0kV,240,Under Study,,NOT PUBLISHED IN MISO GI QUEUE DATA,Developer Not Disclosed,Confirmed Grid-Scale Storage (BESS),43886,2.7013770678857142e+26,false
26INR0257,ERCOT,TX,Houston,Tap to Jim English (#3351) – Flat Branch (#3345) 138kV,238.4,Facilities Study,Camino Ranch Storage 2 SLF,Camino Ranch Solar LLC,Developer Not Matched To Known List,Confirmed Grid-Scale Storage (BESS),43602,2.683930674322286e+26,false
26INR0034,ERCOT,TX,Reeves,60716 SARAGOSA 138kV,238.2,Facilities Study,Bracero Pecan Storage,Bracero Pecan Storage LLC,Developer Not Matched To Known List,Confirmed Grid-Scale Storage (BESS),43558,2.6812292972544003e+26,false
23INR0467,ERCOT,TX,Bexar,Tap 138kV Deely (bus 5110) - Laredo (bus 5255),231.9,Facilities Study,Lavender Storage Project,Lavender Storage Project LLC,Developer Not Matched To Known List,Confirmed Grid-Scale Storage (BESS),42405,2.610205591844572e+26,false
23INR0502,ERCOT,TX,Milam,Tap 138kV Thorndale North (bus #3659) – Rookie Switch (bus #3701),231.9,Facilities Study,Adelite Storage,Adelite Storage Project LLC,Developer Not Matched To Known List,Confirmed Grid-Scale Storage (BESS),42401,2.6099804770889144e+26,false
23INR0468,ERCOT,TX,Milam,138kV Tap 3675 Rogers - 3485 Tin Roof Pod,231.9,Facilities Study,Petunia Storage Project,Petunia Storage Project LLC,Developer Not Matched To Known List,Confirmed Grid-Scale Storage (BESS),42397,2.609755362333257e+26,false
23INR0479,ERCOT,TX,Bexar,Tap 138kV VH Braunig (5025) to Valley Road 138kV (5465),231.9,Facilities Study,Taormina Storage,Taormina Storage Project LLC,Developer Not Matched To Known List,Confirmed Grid-Scale Storage (BESS),42397,2.609755362333257e+26,false
C01-2041,PJM,MD,Harford,NOT PUBLISHED BY PJM (Transmission Owner: BGE),230,Active,Rock Ridge - Colonial Pipeline 115 kV,NewEdge Power Holdings LLC,Developer Not Matched To Known List,Confirmed Grid-Scale Storage (BESS),42057,2.5888196900571428e+26,false
C24-364,NYISO,NY,Niagara,Robinson Road 115 kV,230,Facilities Study,Erie Canal BESS,"RWE Solar Development, LLC",Developer Not Matched To Known List,Confirmed Grid-Scale Storage (BESS),42057,2.5888196900571428e+26,false
25INR0420,ERCOT,TX,Harris,Tap 138 kV LAUDER (#46002) - RITTENHOUSE (#46282) ckt 95,227.9,Facilities Study,Houston BESS,SMT Houston,Developer Not Matched To Known List,Confirmed Grid-Scale Storage (BESS),41673,2.5651826407131423e+26,false
23INR0310,ERCOT,TX,Lubbock,59156 Yellow House Canyon 115kV,226.4,Facilities Study,Dunkel BESS,Momentum Energy Storage Partners,Developer Not Matched To Known List,Confirmed Grid-Scale Storage (BESS),41399,2.548299034038857e+26,false
27INR0040,ERCOT,TX,Wise,576 RHOME 138kV,226.2,Facilities Study,Solar Star Rhome Storage,Solar Star Rhome Storage,Developer Not Matched To Known List,Confirmed Grid-Scale Storage (BESS),41370,2.5464981159936003e+26,false
27INR0193,ERCOT,TX,Scurry,60011 Nebula7A 345kV,225.7,Facilities Study,Cedar Draw BESS,Cedar Draw Solar LLC,Developer Not Matched To Known List,Confirmed Grid-Scale Storage (BESS),41271,2.540420017590857e+26,false
26INR0120,ERCOT,TX,Zavala,8236 West Batesville 138kV,225.1,Facilities Study,Bramble Energy Center,"Bramble Energy Center, LLC",Developer Not Matched To Known List,Confirmed Grid-Scale Storage (BESS),41161,2.5336665749211427e+26,false
C01-1935,PJM,NJ,Salem,NOT PUBLISHED BY PJM (Transmission Owner: AEC),225,Active,Chambers - Pedrickstown 230 kV,Blackbird Storage LLC,Developer Not Matched To Known List,Confirmed Grid-Scale Storage (BESS),41143,2.532541001142857e+26,false
GEN-2026-SR20,SPP,NE,Lincoln,Wagener 115kV Substation,225,Under Study,,NOT PUBLISHED IN SPP GI QUEUE EXPORT,Developer Not Disclosed,Confirmed Grid-Scale Storage (BESS),41143,2.532541001142857e+26,false
C01-1757,PJM,VA,Halifax,NOT PUBLISHED BY PJM (Transmission Owner: Dominion),225,Active,Sinai - Sedge Hill 115 kV,"NextEra Energy Resources Interconnection Holdings, LLC",Developer Not Matched To Known List,Confirmed Grid-Scale Storage (BESS),41143,2.532541001142857e+26,false
GEN-2024-330,SPP,KS,Butler,Midian 138 kV Substation,225,Under Study,,NOT PUBLISHED IN SPP GI QUEUE EXPORT,Developer Not Disclosed,Confirmed Grid-Scale Storage (BESS),41143,2.532541001142857e+26,false
J3528,MISO,IL,Jasper,7CASEY    - 7NEWTON   345.0kV,225,Active,,NOT PUBLISHED IN MISO GI QUEUE DATA,Developer Not Disclosed,Confirmed Grid-Scale Storage (BESS),41143,2.532541001142857e+26,false
J3696,MISO,MI,Montcalm,NELSON ROAD - VERGENNES 345.0kV,225,Active,,NOT PUBLISHED IN MISO GI QUEUE DATA,Developer Not Disclosed,Confirmed Grid-Scale Storage (BESS),41143,2.532541001142857e+26,false
J3727,MISO,IL,Madison,Mississippi,225,Active,,NOT PUBLISHED IN MISO GI QUEUE DATA,Developer Not Disclosed,Confirmed Grid-Scale Storage (BESS),41143,2.532541001142857e+26,false
P2789,AESO,AB,Alliance/Battle River,NOT PUBLISHED IN AESO CONNECTION PROJECT LIST,225,IA in Progress,Red Willow Solar Battery,NOT PUBLISHED IN AESO CONNECTION PROJECT LIST,Developer Not Disclosed,Confirmed Grid-Scale Storage (BESS),41143,2.532541001142857e+26,false
1557,ISO-NE,MA,Essex,115 kV Wakefield Junction Substation,225,Active,Battery Storage,NOT PUBLISHED IN ISO-NE IRTT PUBLIC QUEUE,Developer Not Disclosed,Confirmed Grid-Scale Storage (BESS),41143,2.532541001142857e+26,false
28INR0029,ERCOT,TX,Henderson,3233 Foggle Switch 138 kV,224.6,Facilities Study,Old Fiddler Energy Storage,Old Fiddler Energy Storage LLC,Developer Not Matched To Known List,Confirmed Grid-Scale Storage (BESS),41061,2.527475919140572e+26,false
J2924,MISO,AR,Columbia,EL DORADO EHV - SAREPTA 345/115 SS 345.0kV,222,Under Study,,NOT PUBLISHED IN MISO GI QUEUE DATA,Developer Not Disclosed,Confirmed Grid-Scale Storage (BESS),40594,2.4987737877942856e+26,false
23INR0466,ERCOT,TX,Matagorda,Tap STP – Refuge ckt 27,221,Facilities Study,Shoshana Storage,Shoshana Storage Project LLC,Developer Not Matched To Known List,Confirmed Grid-Scale Storage (BESS),40411,2.4875180500114283e+26,false
28INR0155,ERCOT,TX,Coke,76090 Divide Switchyard 345kV,220.3,Facilities Study,Coke BESS,"Coke ESS, LLC",Developer Not Matched To Known List,Confirmed Grid-Scale Storage (BESS),40283,2.479639033563429e+26,false
1007,NYISO,NY,Kings,Hudson Ave 138 kV,220.1,IA in Progress,NYC Energy LLC - Phase 2,NYC Energy,Developer Not Matched To Known List,Confirmed Grid-Scale Storage (BESS),40247,2.4773878860068577e+26,false
GEN-2025-SR8,SPP,OK,Morrison,White Tail 345kV Substation,220,IA in Progress,,NOT PUBLISHED IN SPP GI QUEUE EXPORT,Developer Not Disclosed,Confirmed Grid-Scale Storage (BESS),40221,2.475812082717257e+26,false
J3646,MISO,MI,St. Clair,ST. CLAIR,220,Active,,NOT PUBLISHED IN MISO GI QUEUE DATA,Developer Not Disclosed,Confirmed Grid-Scale Storage (BESS),40229,2.476262312228572e+26,false
C01-2223,PJM,NJ,Gloucester,NOT PUBLISHED BY PJM (Transmission Owner: AEC),219,Active,Bridgeport 230 kV,"Lunar Energy Center, LLC",Developer Not Matched To Known List,Confirmed Grid-Scale Storage (BESS),40046,2.4650065744457145e+26,false
P2616,AESO,AB,Fort Macleod,NOT PUBLISHED IN AESO CONNECTION PROJECT LIST,218,Facilities Study,Jumbo Battery,NOT PUBLISHED IN AESO CONNECTION PROJECT LIST,Developer Not Disclosed,Confirmed Grid-Scale Storage (BESS),39863,2.4537508366628572e+26,false
27INR0245,ERCOT,TX,Harris,Tap 138 kV #40260 Chamon  - #40912 King,217.2,Facilities Study,Pez Rojo BESS,"Pez Rojo BESS, LLC",Developer Not Matched To Known List,Confirmed Grid-Scale Storage (BESS),39722,2.4450839185700568e+26,false
27INR0109,ERCOT,TX,Montgomery,Tap 138 kV Pinehurst (#46240) – Mill Creek (#44850) Line,217.2,Facilities Study,Two Barbaras BESS,Two Barbaras BESS,Developer Not Matched To Known List,Confirmed Grid-Scale Storage (BESS),39709,2.4442960169252572e+26,false
28INR0217,ERCOT,TX,Ector,Tap 345kv 11010 Wolf - 18544 Reiter,211.1,Facilities Study,Gypsum Plains Storage,"Gypsum Plains Solar, LLC",Developer Not Matched To Known List,Confirmed Grid-Scale Storage (BESS),38608,2.3765364754724572e+26,false
23INR0455,ERCOT,TX,Starr,Charly Egner Substation Tap 345kV 80355 Del Sol - 80368 LV4 Bridge,210.8,Facilities Study,Bessie Storage,"Bessie Energy Storage, LLC",Developer Not Matched To Known List,Confirmed Grid-Scale Storage (BESS),38546,2.3727095246262857e+26,false
24INR0178,ERCOT,TX,Ellis,1906 Venus Switch Substation 345kV,210.7,Facilities Study,Cumulus Grid BESS,"Cumulus Grid, LLC",Developer Not Matched To Known List,Confirmed Grid-Scale Storage (BESS),38535,2.3720341803593143e+26,false
24INR0102,ERCOT,TX,Hidalgo,Tap 345kV 8383 North Edinburg - 80137 Stewart Road,210.6,Facilities Study,Val Vista Grid BESS 2,"Val Vista Grid, LLC",Developer Not Matched To Known List,Confirmed Grid-Scale Storage (BESS),38502,2.3700081475584e+26,false
28INR0055,ERCOT,TX,Freestone,3134 RICHLAND CHAMBERS 345kV (PSS/E Bus Name: RICHLND1_5),210.5,Facilities Study,Freestone Battery Storage Project,"Freestone Power Generation, LLC",Developer Not Matched To Known List,Confirmed Grid-Scale Storage (BESS),38491,2.3693328032914284e+26,false
27INR0093,ERCOT,TX,Guadalupe,# 7044 Marion 345kV,210.5,Facilities Study,Guadalupe Battery Storage Project,"Guadalupe Power Partners, LP",Developer Not Matched To Known List,Confirmed Grid-Scale Storage (BESS),38491,2.3693328032914284e+26,false
C01-1788,PJM,IN,Grant,NOT PUBLISHED BY PJM (Transmission Owner: AEP),210,Active,Deer Creek 138 kV,ENGIE IR Holdings LLC,Developer Not Matched To Known List,Confirmed Grid-Scale Storage (BESS),38400,2.3637049344000003e+26,false
29INR0244,ERCOT,TX,Victoria,Tap 138kV (Bus #5506) FURHMANSB8 - (Bus #5584) VANDERBLTSW8,209.7,Facilities Study,Oak Belt Storage,"Oak Belt Storage, LLC",Developer Not Matched To Known List,Confirmed Grid-Scale Storage (BESS),38345,2.3603282130651427e+26,false
29INR0319,ERCOT,TX,Wilson,"Tap the 345 kV Elm Creek (#5133) - Shaula (#5380) Line, CPS",209.4,Facilities Study,Nockenut Springs Storage 2,"Pecan Springs Energy, LLC",Developer Not Matched To Known List,Confirmed Grid-Scale Storage (BESS),38287,2.3567263769746285e+26,false
29INR0320,ERCOT,TX,Wilson,"Tap the 345 kV Elm Creek (#5133) - Shaula (#5380) Line, CPS",209.4,Facilities Study,Nockenut Springs Storage 3,"Pecan Springs Energy, LLC",Developer Not Matched To Known List,Confirmed Grid-Scale Storage (BESS),38287,2.3567263769746285e+26,false
29INR0318,ERCOT,TX,Wilson,"Tap the 345 kV Elm Creek (#5133) - Shaula (#5380) Line, CPS",209.4,Facilities Study,Nockenut Springs Storage 1,"Pecan Springs Energy, LLC",Developer Not Matched To Known List,Confirmed Grid-Scale Storage (BESS),38283,2.356501262218972e+26,false
22INR0387,ERCOT,TX,Hidalgo,Tap 345kV 8383 North Edinburg - 80137 Stewart Road,209.3,Facilities Study,Val Vista Grid BESS 1,"Val Vista Grid, LLC",Developer Not Matched To Known List,Confirmed Grid-Scale Storage (BESS),38276,2.356051032707657e+26,false
28INR0395,ERCOT,TX,Grimes,"Tap the 345 kV Jewett (#3390) - Singleton (#44645) line, ONCOR",209.2,Facilities Study,Treehouse Storage,"Treehouse Solar, LLC",Developer Not Matched To Known List,Confirmed Grid-Scale Storage (BESS),38256,2.3548129015515423e+26,false
30INR0093,ERCOT,TX,Zapata,Tap the 345 kV Cenizo (#80225) - Del Sol (#80307) line,209.2,Facilities Study,Wallflower Energy Storage,Wallflower Energy Storage,Developer Not Matched To Known List,Confirmed Grid-Scale Storage (BESS),38246,2.3542501146624e+26,false
GEN-2025-SR30,SPP,OK,Oakwood,Tatonga 345 kV Substation,209,Under Study,,NOT PUBLISHED IN SPP GI QUEUE EXPORT,Developer Not Disclosed,Confirmed Grid-Scale Storage (BESS),38217,2.3524491966171427e+26,false
26INR0077,ERCOT,TX,Wilson,Tap of 345 kV Elm Creek (Bus# 5133) - San Miguel Gen (Bus# 5901) Transmission Line Ckt 1,209,Facilities Study,Anila BESS,Alina Energy LLC,Developer Not Matched To Known List,Confirmed Grid-Scale Storage (BESS),38217,2.3524491966171427e+26,false
26INR0430,ERCOT,TX,Mills,Tap 345 kV 3424 Buckhorn Switch - 1444 Brown Switch,208.9,Facilities Study,Clapton Storage,Clapton BESS,Developer Not Matched To Known List,Confirmed Grid-Scale Storage (BESS),38201,2.351436180216686e+26,false
26INR0474,ERCOT,TX,Wharton,#44060 Blue Substation 345kV,208.9,Facilities Study,Sorghum BESS,"Blue Creek BESS, LLC",Developer Not Matched To Known List,Confirmed Grid-Scale Storage (BESS),38199,2.351323622838857e+26,false
22INR0552,ERCOT,TX,Kaufman,6894 Rose Hill_RC Sub 138 kV,208.9,Facilities Study,Sowers Storage,Sowers Energy Storage LLC,Developer Not Matched To Known List,Confirmed Grid-Scale Storage (BESS),38197,2.3512110654610287e+26,false
24INR0341,ERCOT,TX,Taylor,11406 Central Bluff Switch 345kV,208.8,Facilities Study,Forts Trail BESS,"JC Central Bluff, LLC",Developer Not Matched To Known List,Confirmed Grid-Scale Storage (BESS),38184,2.3504231638162288e+26,false
25INR0591,ERCOT,TX,Rusk,Tap 345kV 3109 Stryker to 3100 Martin Lake,208.8,Facilities Study,Zeus Rusk BESS,"Rusk BESS, LLC",Developer Not Matched To Known List,Confirmed Grid-Scale Storage (BESS),38181,2.350198049060572e+26,false
22INR0541,ERCOT,TX,Anderson,3114 Paltalco 138kV,208.6,Facilities Study,ALWEST BESS,Castleman Power,Developer Not Matched To Known List,Confirmed Grid-Scale Storage (BESS),38149,2.348284573637486e+26,false
29INR0084,ERCOT,TX,Young,Tap 138kV 1431 GRAHAM Plant Switch - 11525 Short Grass Circuit 1.,208.6,Facilities Study,Jolly Rock Storage Center,Jolly Rock Storage Center LLC,Developer Not Matched To Known List,Confirmed Grid-Scale Storage (BESS),38139,2.3476092293705145e+26,false
26INR0201,ERCOT,TX,Fort Bend,44070 Whaley 345 kV,208.5,Facilities Study,Rock Rose BESS,Rock Rose Energy Storage LLC,Developer Not Matched To Known List,Confirmed Grid-Scale Storage (BESS),38126,2.3468213277257146e+26,false
27INR0255,ERCOT,TX,Ward,#11098 Sand Lake Switch Station (SANDLAKE_5) 345kV,208.3,Facilities Study,New Minglewood Energy Center,Nova Clean Energy LLC,Developer Not Matched To Known List,Confirmed Grid-Scale Storage (BESS),38089,2.3445701801691423e+26,false
27INR0393,ERCOT,TX,Bexar,5260 Leon Creek 138kV,208.1,Facilities Study,Ferdinand Grid BESS II,Coval Infrastructure DevCo LLC,Developer Not Matched To Known List,Confirmed Grid-Scale Storage (BESS),38056,2.3425441473682284e+26,false
27INR0228,ERCOT,TX,Nacogdoches,Tap 138 kV 3342 Bayou Loco - 3341 Central Angelina County,208.1,Facilities Study,Sunlit Pines BESS SLF,Sunlit Pines BESS LLC,Developer Not Matched To Known List,Confirmed Grid-Scale Storage (BESS),38056,2.3425441473682284e+26,false
GEN-2026-SR13,SPP,TX,Gruver,Hitchland 345kV,208,Under Study,,NOT PUBLISHED IN SPP GI QUEUE EXPORT,Developer Not Disclosed,Confirmed Grid-Scale Storage (BESS),38034,2.3411934588342858e+26,false
26INR0548,ERCOT,TX,Harris,tap 138kV 40390 Crosby - 40790 Haney,207.8,Facilities Study,Burnet Bay Storage,"TOCE TX BESS 4, LLC",Developer Not Matched To Known List,Confirmed Grid-Scale Storage (BESS),38003,2.3392799834112e+26,false
24INR0355,ERCOT,TX,Henderson,(Bus# 6951) Eustace Southeast 138kV Substation (owned by Rayburn Electric Cooperative),207.8,Facilities Study,Anatole Renewable Energy Storage,Anatole Renewable Energy LLC,Developer Not Matched To Known List,Confirmed Grid-Scale Storage (BESS),38001,2.339167426033372e+26,false
28INR0448,ERCOT,TX,Brazoria,"(CEHESub) looped either 1) on 138 kV circuit 82 between RIWOOD (#43150) and Angleton (#42110), or 2) on 345 kV circuit 18 between DOW (#42500) and Huizache (#46640)",207.8,Facilities Study,Gulf Prairie BESS,Gulf Prairie Energy LLC,Developer Not Matched To Known List,Confirmed Grid-Scale Storage (BESS),37994,2.338717196522057e+26,false
30INR0005,ERCOT,TX,Bosque,68040 Kopperl Substation 345kV,207.6,Facilities Study,Woodland Energy Storage,"Woodland Energy Storage, LLC",Developer Not Matched To Known List,Confirmed Grid-Scale Storage (BESS),37961,2.336691163721143e+26,false
27INR0400,ERCOT,TX,Brooks,345 kV 80078 Reforzar,207.6,Facilities Study,Reforzar BESS 1,Tempus Power management LLC,Developer Not Matched To Known List,Confirmed Grid-Scale Storage (BESS),37961,2.336691163721143e+26,false
27INR0401,ERCOT,TX,Brooks,345 kV 80078 Reforzar,207.6,Facilities Study,Reforzar Bess 2,Tempus Power management LLC,Developer Not Matched To Known List,Confirmed Grid-Scale Storage (BESS),37961,2.336691163721143e+26,false
27INR0102,ERCOT,TX,Wharton,South Lane City and PSEE # is 43190,207.6,Facilities Study,Cottonseed Energy Storage,Cottonseed Energy Storage LLC,Developer Not Matched To Known List,Confirmed Grid-Scale Storage (BESS),37961,2.336691163721143e+26,false
23INR0334,ERCOT,TX,Jack,1445 Burwick 345kV,207.4,Facilities Study,Liberty Senate Energy Storage 1,Senate Solar LLC,Developer Not Matched To Known List,Confirmed Grid-Scale Storage (BESS),37925,2.334440016164572e+26,false
27INR0398,ERCOT,TX,Webb,Tap 345kV 80220 CENIZO7A - 80224 TIEMPO7A,207.4,Facilities Study,Bravo BESS,Bravo BESS LLC,Developer Not Matched To Known List,Confirmed Grid-Scale Storage (BESS),37921,2.3342149014089143e+26,false
27INR0315,ERCOT,TX,Reagan,23868 STILES 138 KV,207.3,Facilities Study,Old Roman Energy Center,Nova Clean Energy LLC,Developer Not Matched To Known List,Confirmed Grid-Scale Storage (BESS),37914,2.3337646718976004e+26,false
26INR0333,ERCOT,TX,Galveston,"Bus Name: TnMainland1,
Bus Number: 38830,",207.3,Facilities Study,VERTUS ENERGY STORAGE,VERTUS ENERGY STORAGE LLC,Developer Not Matched To Known List,Confirmed Grid-Scale Storage (BESS),37906,2.3333144423862857e+26,false
24INR0302,ERCOT,TX,San Patricio,8249 ANGSTROM 345KV,207.2,Facilities Study,Pintail Pass BESS,"Pintail Pass BESS, LLC",Developer Not Matched To Known List,Confirmed Grid-Scale Storage (BESS),37897,2.332751655497143e+26,false
25INR0421,ERCOT,TX,Brazoria,(Bus: 39015) North Alvin TNMP 138kV,207,Facilities Study,Aldrin 138 BESS,Aldrin Energy Storage LLC,Developer Not Matched To Known List,Confirmed Grid-Scale Storage (BESS),37851,2.3299377210514285e+26,false
24INR0134,ERCOT,TX,Deaf Smith,"345 kV Deaf Smith Substation (#23908, Oncor)",207,Facilities Study,BRP Hemera BESS,BRP Hemera BESS LLC,Developer Not Matched To Known List,Confirmed Grid-Scale Storage (BESS),37844,2.329487491540114e+26,false
23INR0075,ERCOT,TX,Ward,Tap 345kV 11188  QUARRYFLD - 11010 WOLF,206.9,Facilities Study,BRP Rhine BESS,BRP Rhine BESS LLC,Developer Not Matched To Known List,Confirmed Grid-Scale Storage (BESS),37831,2.3286995898953145e+26,false
23INR0071,ERCOT,TX,Winkler,11189 Quarry Field SW -  1074 Wink 138kV,206.9,Facilities Study,BRP Volans BESS,BRP Volans BESS LLC,Developer Not Matched To Known List,Confirmed Grid-Scale Storage (BESS),37829,2.328587032517486e+26,false
23INR0094,ERCOT,TX,Ward,tap 138kV 1009 Yucca - 11197 Sand Tank Pod,206.9,Facilities Study,BRP Pyxis BESS,BRP Pyxis BESS LLC,Developer Not Matched To Known List,Confirmed Grid-Scale Storage (BESS),37828,2.328474475139657e+26,false
22INR0239,ERCOT,TX,Schleicher,76003 Big Hill 345kV,206.8,Facilities Study,Rockefeller Storage,Mittel Rockefeller Storage LLC,Developer Not Matched To Known List,Confirmed Grid-Scale Storage (BESS),37815,2.3276865734948576e+26,false
28INR0442,ERCOT,TX,Karnes,345kV BUS #5725 PAWNEE SWITCHING STATION,206.7,Facilities Study,Zunkerville BESS,"Zunkerville Energy, LLC",Developer Not Matched To Known List,Confirmed Grid-Scale Storage (BESS),37804,2.327011229227886e+26,false
27INR0466,ERCOT,TX,Calhoun,Dokmai 138kV Substation (bus #80090),206.6,Facilities Study,Wolfram Storage,"Nova Clean Energy, LLC",Developer Not Matched To Known List,Confirmed Grid-Scale Storage (BESS),37778,2.325435425938286e+26,false
26INR0500,ERCOT,TX,Shackelford,1442 CFRSW 345kV,206.5,Facilities Study,Shackleford BESS,Shackelford County BESS LLC,Developer Not Matched To Known List,Confirmed Grid-Scale Storage (BESS),37760,2.32430985216e+26,false
27INR0120,ERCOT,TX,Matagorda,Tap 138kV Conoco (#8138) – Black Cat (#80124),206.3,Facilities Study,Solar Star Bay City Storage,Solar Star Bay City Storage,Developer Not Matched To Known List,Confirmed Grid-Scale Storage (BESS),37718,2.3217210324699434e+26,false
26INR0487,ERCOT,TX,Tarrant,1883 EVRSW 138kV,206,Facilities Study,Anglin BESS,Fort Worth BESS LLC,Developer Not Matched To Known List,Confirmed Grid-Scale Storage (BESS),37669,2.3186819832685715e+26,false
24INR0235,ERCOT,TX,Brazoria,tap 138kV 44600 Rosharon - 44531 Winmil,206,Facilities Study,Rock N' Roll Storage Two,"Rock N’ Roll Solar, LLC",Developer Not Matched To Known List,Confirmed Grid-Scale Storage (BESS),37669,2.3186819832685715e+26,false
26INR0525,ERCOT,TX,Fort Bend,44000 Wa Parish 345 kV,205.9,Facilities Study,Bypass BESS II,Bypass BESS II LLC,Developer Not Matched To Known List,Confirmed Grid-Scale Storage (BESS),37643,2.317106179978972e+26,false
J3586,MISO,TX,Montgomery,JACINTO - PEACH CREEK 230.0kV,205.8,Active,,NOT PUBLISHED IN MISO GI QUEUE DATA,Developer Not Disclosed,Confirmed Grid-Scale Storage (BESS),37632,2.316430835712e+26,false
23INR0485,ERCOT,TX,Galveston,38745 Attwater 138kV,205.8,Facilities Study,Hacienda Storage,Galveston Energy Storage LLC,Developer Not Matched To Known List,Confirmed Grid-Scale Storage (BESS),37632,2.316430835712e+26,false
24INR0555,ERCOT,TX,Dewitt,5380 Shaula 345kV,205.8,Facilities Study,Shaula I BESS,Shaula Energy Project LLC,Developer Not Matched To Known List,Confirmed Grid-Scale Storage (BESS),37627,2.3160931635785143e+26,false
28INR0412,ERCOT,TX,Kaufman,Tap 138kV 2727 CRANDALL1_8 - 2724 KAUFMN_8,205.7,Facilities Study,Yellow Leaf II BESS,Yellow Leaf Energy Storage LLC,Developer Not Matched To Known List,Confirmed Grid-Scale Storage (BESS),37621,2.3157554914450286e+26,false
29INR0207,ERCOT,TX,San Patricio,8249 Angstrom 345kV,205.7,Facilities Study,Alila BESS II,"Electra Energy Project, LLC",Developer Not Matched To Known List,Confirmed Grid-Scale Storage (BESS),37616,2.3154178193115423e+26,false
27INR0327,ERCOT,TX,Mitchell,1414 Champion Creek Substation 345 kV,205.7,Facilities Study,Sunflower Valley Storage,"Sunflower Valley Storage, LLC",Developer Not Matched To Known List,Confirmed Grid-Scale Storage (BESS),37614,2.3153052619337143e+26,false
24INR0488,ERCOT,TX,Taylor,11406 Central Bluff Switch 345 kV,205.5,Facilities Study,Forts Trail BESS 2,"JC Central Bluff, LLC",Developer Not Matched To Known List,Confirmed Grid-Scale Storage (BESS),37584,2.313504343888457e+26,false
25INR0346,ERCOT,TX,Bexar,Tap 138 kV Line from Braunig East (#5030) to Highland Hills (#5205) Ckt. 1,205.5,Facilities Study,Cado Storage,"Cado Storage, LLC",Developer Not Matched To Known List,Confirmed Grid-Scale Storage (BESS),37579,2.313166671754972e+26,false
24INR0543,ERCOT,TX,Lampasas,Tap 345kV 3424 BUCKHORN SWITCH - 3422 KILLEEN SWITCH,205.5,Facilities Study,Thomas Cameron BESS,Thomas Cameron BESS LLC,Developer Not Matched To Known List,Confirmed Grid-Scale Storage (BESS),37577,2.3130541143771427e+26,false
26INR0301,ERCOT,TX,Howard,Tap 138kV Bulldog (#23833) – Elbow (#23834),205.5,Facilities Study,Bhalu Storage,"Bhalu Storage, LLC",Developer Not Matched To Known List,Confirmed Grid-Scale Storage (BESS),37577,2.3130541143771427e+26,false
29INR0132,ERCOT,TX,Borden,59916 Buck Canyon 345 kV,205.5,Facilities Study,Caesar Storage,"Caesar Solar, LLC",Developer Not Matched To Known List,Confirmed Grid-Scale Storage (BESS),37577,2.3130541143771427e+26,false
26INR0355,ERCOT,TX,Glasscock,Tap 138kV Einstein 23852 - 10043 St. Lawrence,205.5,Facilities Study,Pleiades Storage,"Pleiades Storage, LLC",Developer Not Matched To Known List,Confirmed Grid-Scale Storage (BESS),37577,2.3130541143771427e+26,false
29INR0275,ERCOT,TX,Eastland,33285 Rising Star 138 kV,205.5,Facilities Study,Richardson McClung Ranch BESS,"Rising Star Energy Center, LLC",Developer Not Matched To Known List,Confirmed Grid-Scale Storage (BESS),37575,2.3129415569993144e+26,false
23INR0279,ERCOT,TX,Andrews,1272 Fullerton 138kV,205.5,Facilities Study,Trivor BESS,BRP Trivor BESS LLC,Developer Not Matched To Known List,Confirmed Grid-Scale Storage (BESS),37570,2.312603884865829e+26,false
23INR0359,ERCOT,TX,Comanche,Tap 138 kV 1649 HASSE_P8 - 1684 SABANA_8,205.5,Facilities Study,Crios BESS,BRP Crios BESS LLC,Developer Not Matched To Known List,Confirmed Grid-Scale Storage (BESS),37570,2.312603884865829e+26,false
28INR0246,ERCOT,TX,Callahan,Tapping the two 345 kV Lines: Sam Line Reactor (Bus# 68005) - Reata (Bus# 68051) and Latimer (Bus# 68008) - Reata (Bus# 68051).,205.4,Facilities Study,Hittson Creek BESS,174 Power Global Properties,Developer Not Matched To Known List,Confirmed Grid-Scale Storage (BESS),37555,2.3117034258432e+26,false
1089,ISO-NE,CT,New Haven,Devon 115 kV open position between 4T and 5T,205.3,Active,Naugatuck Avenue Battery Storage,NOT PUBLISHED IN ISO-NE IRTT PUBLIC QUEUE,Developer Not Disclosed,Confirmed Grid-Scale Storage (BESS),37544,2.3110280815762285e+26,false
24INR0383,ERCOT,TX,Crane,138 kV Soda Lake (#76026),205.3,Facilities Study,Soda Lake BESS 2 SLF,"Crane II Solar Electric, LLC",Developer Not Matched To Known List,Confirmed Grid-Scale Storage (BESS),37550,2.3113657537097145e+26,false
28INR0389,ERCOT,TX,Crane,138 kV Soda Lake (#76026),205.3,Facilities Study,Tri-X BESS 1 SLF,"Crane I Solar Electric, LLC",Developer Not Matched To Known List,Confirmed Grid-Scale Storage (BESS),37541,2.310802966820572e+26,false
25INR0334,ERCOT,TX,Lamar,Tap 345kV 1692 PARIS_SW1_5 -- 11699 WOODARD_5,205.2,Facilities Study,Star Dairy Storage,Star Dairy Storage,Developer Not Matched To Known List,Confirmed Grid-Scale Storage (BESS),37530,2.3101276225536e+26,false
28INR0230,ERCOT,TX,Duval,Tap 138 kV BRUNI44A (#8297) - CRESTONI4A (#8695),205.2,Facilities Study,Allthorn BESS,"ALLTHORN SOLAR, LLC",Developer Not Matched To Known List,Confirmed Grid-Scale Storage (BESS),37522,2.309677393042286e+26,false
28INR0265,ERCOT,TX,Austin,Tap 138kV GEBHARDT (#44700) - Wallis (#44740),205.2,Facilities Study,Agricola BESS,Agricola BESS LLC,Developer Not Matched To Known List,Confirmed Grid-Scale Storage (BESS),37522,2.309677393042286e+26,false
25INR0293,ERCOT,TX,Wharton,138 kV Danevang Switching Station (Bus# 5546),205.2,Facilities Study,TOCE BESS 1,"TOCE BESS 1, LLC",Developer Not Matched To Known List,Confirmed Grid-Scale Storage (BESS),37522,2.309677393042286e+26,false
25INR0338,ERCOT,TX,Howard,Tap 138 kV 1326 Stanton East – 11324 Leatherwood Pod,205.1,Facilities Study,Les Energy Storage,"Rocky Mountain Energy Development, LLC",Developer Not Matched To Known List,Confirmed Grid-Scale Storage (BESS),37509,2.308889491397486e+26,false
J3780,MISO,IA,Buchanan,Hazleton,205,Active,,NOT PUBLISHED IN MISO GI QUEUE DATA,Developer Not Disclosed,Confirmed Grid-Scale Storage (BESS),37486,2.3074262454857143e+26,false
1163,ISO-NE,RI,Washington,RIE L190-2 (0.615 miles from Davisville and 1.935 miles from Old Baptist substations).,205,Active,Battery Storage,NOT PUBLISHED IN ISO-NE IRTT PUBLIC QUEUE,Developer Not Disclosed,Confirmed Grid-Scale Storage (BESS),37486,2.3074262454857143e+26,false
1122,NYISO,NY,Dutchess,Shenandoah 115kV,205,IA in Progress,East Fishkill,"East Fishkill Storage 1, LLC",Developer Not Matched To Known List,Confirmed Grid-Scale Storage (BESS),37486,2.3074262454857143e+26,false
23INR0143,ERCOT,TX,Mitchell,tap 138kV 11342 Loraine South – 10050 Ranger Camp,205,Facilities Study,Sepik BESS,BRP Sepik BESS LLC,Developer Not Matched To Known List,Confirmed Grid-Scale Storage (BESS),37478,2.3069760159744e+26,false
28INR0490,ERCOT,TX,Galveston,38830 TNMAINLAND1 138 KV,204.9,Facilities Study,Vertus Energy Storage 2,Vertus Energy Storage 2 LLC,Developer Not Matched To Known List,Confirmed Grid-Scale Storage (BESS),37473,2.3066383438409143e+26,false
26INR0618,ERCOT,TX,Taylor,6260 Abilene South Substation 138kV,204.9,Facilities Study,Taylor County Paul Storage,"DM-TCP, LLC",Developer Not Matched To Known List,Confirmed Grid-Scale Storage (BESS),37467,2.3063006717074286e+26,false
27INR0382,ERCOT,TX,Victoria,Tap 138 kV 8723 CANGREJO4A - 8721 BEECHER4A,204.9,Facilities Study,Calico BESS,Nova Clean Energy LLC,Developer Not Matched To Known List,Confirmed Grid-Scale Storage (BESS),37467,2.3063006717074286e+26,false
26INR0231,ERCOT,TX,Midland,Tap 138kV AQUEDUCT SUB(#1172) - Mockingbird North Tap(#11299),204.9,Facilities Study,Energy City BESS,Energy City BESS LLC,Developer Not Matched To Known List,Confirmed Grid-Scale Storage (BESS),37467,2.3063006717074286e+26,false
26INR0340,ERCOT,TX,Galveston,"Bus Name: TNHEIGHTS_1
Bus Number: 38740",204.8,Facilities Study,SOUTHERN SELECT ENERGY STORAGE,SOUTHERN SELECT ENERGY STORAGE LLC,Developer Not Matched To Known List,Confirmed Grid-Scale Storage (BESS),37458,2.305737884818286e+26,false
26INR0614,ERCOT,TX,Bell,Tap 138kV 3428 Killeen South – 13628 Founders Trail Sub,204.8,Facilities Study,Bell County Leifester Storage,"DM-BCRCML, LLC",Developer Not Matched To Known List,Confirmed Grid-Scale Storage (BESS),37453,2.3054002126848e+26,false
25INR0446,ERCOT,TX,Callahan,Tap 138kV 6275 ABEAST4A - 6670 PUTN4C,204.8,Facilities Study,Guitar BESS,Guitar BESS LLC,Developer Not Matched To Known List,Confirmed Grid-Scale Storage (BESS),37447,2.3050625405513143e+26,false
25INR0629,ERCOT,TX,Howard,Tap 345kV 10057 Prong Moss Switch - 10062 Rockhound Switch CKT 1,204.7,Facilities Study,Midland Energy Storage,Midland Energy Storage LLC,Developer Not Matched To Known List,Confirmed Grid-Scale Storage (BESS),37431,2.304049524150857e+26,false
26INR0460,ERCOT,TX,Jack,Tap #1429 Jacksboro Substation 345kV,204.7,Facilities Study,Lightning Ridge Energy Storage,Lightning Ridge Storage LLC,Developer Not Matched To Known List,Confirmed Grid-Scale Storage (BESS),37431,2.304049524150857e+26,false
26INR0485,ERCOT,TX,Howard,Natural Dam 138kV Substation (23836),204.6,Facilities Study,Prospector Energy Storage,Prospector Storage LLC,Developer Not Matched To Known List,Confirmed Grid-Scale Storage (BESS),37413,2.302923950372572e+26,false
27INR0085,ERCOT,TX,Grimes,Singleton (Bus #44645) - Zenith (Bus #44900) Circuit #99 345 kV,204.6,Facilities Study,Eagle Claw Energy Center,"Eagle Claw Energy Center, LLC",Developer Not Matched To Known List,Confirmed Grid-Scale Storage (BESS),37409,2.3026988356169144e+26,false
28INR0150,ERCOT,TX,Fayette,7286 L_FAYETT8_1Y 138kV,204.5,Facilities Study,South Tripoint BESS,"South Triangle Energy, LLC",Developer Not Matched To Known List,Confirmed Grid-Scale Storage (BESS),37394,2.3017983765942854e+26,false
26INR0184,ERCOT,TX,Lamar,Tap 138kV 1693 Paris Switch - 11806 ENLOE T8,204.5,Facilities Study,Arc Energy Storage,"Paris Energy Storage, LLC",Developer Not Matched To Known List,Confirmed Grid-Scale Storage (BESS),37394,2.3017983765942854e+26,false
25INR0554,ERCOT,TX,Brazoria,39703 TNFM524 138kV,204.4,Facilities Study,Dan Kearney BESS,Dan Kearney BESS LLC,Developer Not Matched To Known List,Confirmed Grid-Scale Storage (BESS),37372,2.3004476880603432e+26,false
GEN-2026-SR17,SPP,KS,Savonburg,Wolf Creek - Blackberry 345 kV Substation,204.3,Under Study,,NOT PUBLISHED IN SPP GI QUEUE EXPORT,Developer Not Disclosed,Confirmed Grid-Scale Storage (BESS),37358,2.2995472290377145e+26,false
27INR0290,ERCOT,TX,Midland,23859 SALTFLAT 138KV,204.3,Facilities Study,Drill Baby Drill BESS,SBESS TX8 LLC,Developer Not Matched To Known List,Confirmed Grid-Scale Storage (BESS),37360,2.299659786415543e+26,false
28INR0148,ERCOT,TX,Sutton,60412 CARVER 138kV,204.1,Facilities Study,Sonora High Noon BESS,"Sonora High Noon, LLC",Developer Not Matched To Known List,Confirmed Grid-Scale Storage (BESS),37317,2.297070966725486e+26,false
1110,ISO-NE,MA,Middlesex,Mystic 115kV,204,Active,Norman Street Battery Storage,NOT PUBLISHED IN ISO-NE IRTT PUBLIC QUEUE,Developer Not Disclosed,Confirmed Grid-Scale Storage (BESS),37303,2.2961705077028577e+26,false
27INR0461,ERCOT,TX,Hunt,Tap 345kV 2464# CASHSW_T5 – 2461# ROYSE_N5,204,Facilities Study,Fermata BESS,"Fermata BESS, LLC",Developer Not Matched To Known List,Confirmed Grid-Scale Storage (BESS),37303,2.2961705077028577e+26,false
1320,ISO-NE,MA,Worcester,National Grid 115KV Line R144 between Millbury No. 2 and Woonsocket substations - approximately 5.8 circuit miles from Woonsocket substation.,203.9,Active,Battery Storage,NOT PUBLISHED IN ISO-NE IRTT PUBLIC QUEUE,Developer Not Disclosed,Confirmed Grid-Scale Storage (BESS),37294,2.2956077208137143e+26,false
23INR0501,ERCOT,TX,Crane,138kV Soda Lake Substation (#76026),203.9,Facilities Study,Soda Lake BESS 1,"Mendoza Trail BESS, LLC",Developer Not Matched To Known List,Confirmed Grid-Scale Storage (BESS),37279,2.2947072617910857e+26,false
24INR0386,ERCOT,TX,Menard,6364 Yellow Jacket Sub 138kV,203.8,Facilities Study,Black & Gold Energy Storage,"Black & Gold Energy Storage, LLC",Developer Not Matched To Known List,Confirmed Grid-Scale Storage (BESS),37266,2.2939193601462857e+26,false
28INR0348,ERCOT,TX,Archer,"Bus # 1446, Lake Wichita, 138 kV",203.8,Facilities Study,Ringtail Energy Storage,PowerPulse LLC,Developer Not Matched To Known List,Confirmed Grid-Scale Storage (BESS),37266,2.2939193601462857e+26,false
23INR0421,ERCOT,TX,Robertson,Tap TNP ONE 39950 and Twin Oak 3400,203.8,Facilities Study,Bee Branch IA,Bee Branch IA LLCBee Branch IA LLC,Developer Not Matched To Known List,Confirmed Grid-Scale Storage (BESS),37257,2.2933565732571427e+26,false
22INR0503,ERCOT,TX,Robertson,Tap 345kV 3400 Twin Oak - 39950 TNP One,203.6,Facilities Study,Tidwell Prairie II Batt,Tidwell Prairie IIA LLC,Developer Not Matched To Known List,Confirmed Grid-Scale Storage (BESS),37233,2.291893327345372e+26,false
22INR0504,ERCOT,TX,Robertson,Tap 345kV 3400 Twin Oak - 39950 TNP One,203.6,Facilities Study,Barton Branch IA,Barton Branch IA LLC,Developer Not Matched To Known List,Confirmed Grid-Scale Storage (BESS),37233,2.291893327345372e+26,false
23INR0318,ERCOT,TX,Wilson,Tap 345 kV 5133 Elm Creek - 5901 San Miguel,203.2,Facilities Study,Marcelina Storage,"Marcelina Solar, LLC",Developer Not Matched To Known List,Confirmed Grid-Scale Storage (BESS),37158,2.2872784748544003e+26,false
22INR0558,ERCOT,TX,Harris,47150 HO Clarke 138kV,203.2,Facilities Study,Callisto II Energy Center,Callisto II Energy Center LLC,Developer Not Matched To Known List,Confirmed Grid-Scale Storage (BESS),37157,2.2871659174765716e+26,false
29INR0059,ERCOT,TX,Milam,Tap Voss Lake switch #3751 – Badger Switch #3761 345 kV,203.1,Facilities Study,Brahman Renewables Storage,Brahman Renewables,Developer Not Matched To Known List,Confirmed Grid-Scale Storage (BESS),37138,2.286040343698286e+26,false
28INR0020,ERCOT,TX,Bexar,Tap 138kV 5055 Cagnon - 5346 Potranco,203,Facilities Study,Caracara Energy Storage Center,"FRESH AIR ENERGY II, LLC",Developer Not Matched To Known List,Confirmed Grid-Scale Storage (BESS),37120,2.28491476992e+26,false
24INR0381,ERCOT,TX,Cameron,8359 Santa Rosa (S_SNROSA4A) 138kV,203,Facilities Study,Alexandrite Storage,"Johnson Energy Storage, LLC",Developer Not Matched To Known List,Confirmed Grid-Scale Storage (BESS),37120,2.28491476992e+26,false
25INR0611,ERCOT,TX,Howard,1058 LONGSHORE 345kV,202.8,Facilities Study,Odessa Energy Storage,"Odessa Energy Storage LLC,",Developer Not Matched To Known List,Confirmed Grid-Scale Storage (BESS),37083,2.2826636223634288e+26,false
27INR0436,ERCOT,TX,Harris,"Bus # 40830, Humble, 138 kV",202.8,Facilities Study,Coati Energy Storage,PowerPulse LLC,Developer Not Matched To Known List,Confirmed Grid-Scale Storage (BESS),37083,2.2826636223634288e+26,false
26INR0464,ERCOT,TX,Hunt,Tap 138 kV 6883 QUINLAN NORTH SS - 6860 UNION VALLEY SS,202.7,Facilities Study,Ceres BESS,"Ceres BESS, LLC",Developer Not Matched To Known List,Confirmed Grid-Scale Storage (BESS),37065,2.2815380485851428e+26,false
26INR0363,ERCOT,TX,Houston,TAP 138kV 3345 FLATBRA_8 - 3351 JIM_ENG_8,202.7,Facilities Study,Saint Charles Energy Storage,"RSN STORAGE 001, LLC",Developer Not Matched To Known List,Confirmed Grid-Scale Storage (BESS),37065,2.2815380485851428e+26,false
26INR0410,ERCOT,TX,Austin,Tap 138kV L_PISEK_8_1Y (#7296) - L_WELCOM8_1Y(#7577),202.7,Facilities Study,Prost ESS,Prost ESS LLC,Developer Not Matched To Known List,Confirmed Grid-Scale Storage (BESS),37065,2.2815380485851428e+26,false
25INR0173,ERCOT,TX,Dickens,Tap 345kV 59904 Cotton Wood - 23922 White River Ckt 1,202.7,Facilities Study,Wolf Spring Storage,"Wolf Spring Solar, LLC",Developer Not Matched To Known List,Confirmed Grid-Scale Storage (BESS),37065,2.2815380485851428e+26,false
26INR0514,ERCOT,TX,Bastrop,7560 RED ROCK 138kV,202.7,Facilities Study,Techne BESS,"Techne BESS, LLC",Developer Not Matched To Known List,Confirmed Grid-Scale Storage (BESS),37065,2.2815380485851428e+26,false
25INR0473,ERCOT,TX,Jones,68014 Open Sky,202.7,Facilities Study,Crowded Star I BESS,"Jones City Solar II, LLC",Developer Not Matched To Known List,Confirmed Grid-Scale Storage (BESS),37063,2.2814254912073145e+26,false
25INR0190,ERCOT,TX,Montague,741 Dyemound 138kV,202.7,Facilities Study,Fortissimo BESS,"Fortissimo BESS, LCC",Developer Not Matched To Known List,Confirmed Grid-Scale Storage (BESS),37056,2.280975261696e+26,false
25INR0184,ERCOT,TX,Wise,138kV #608 Crafton Substation - #620 Bowie Substation,202.7,Facilities Study,Legato BESS,"Legato Storage, LLC",Developer Not Matched To Known List,Confirmed Grid-Scale Storage (BESS),37056,2.280975261696e+26,false
25INR0372,ERCOT,TX,Fort Bend,42380 Needville 138kV,202.7,Facilities Study,Elan BESS,"Elan BESS, LLC",Developer Not Matched To Known List,Confirmed Grid-Scale Storage (BESS),37056,2.280975261696e+26,false
27INR0173,ERCOT,TX,Johnson,Tap 138kV 2281 Godley - 2888 Carmichael,202.6,Facilities Study,Trenno BESS,"JSB1, LLC",Developer Not Matched To Known List,Confirmed Grid-Scale Storage (BESS),37040,2.2799622452955432e+26,false
26INR0472,ERCOT,TX,Wichita,Tap 138kV #1450 Pleasant Valley Switch - #1492 Wichita Falls Riverbend,202.6,Facilities Study,Bologna BESS,MALONEY BESS LLC,Developer Not Matched To Known List,Confirmed Grid-Scale Storage (BESS),37040,2.2799622452955432e+26,false
27INR0253,ERCOT,TX,Maverick,8692 MAVERICK4A 138kV,202.5,Facilities Study,Old Victory Energy Center,Nova Clean Energy LLC,Developer Not Matched To Known List,Confirmed Grid-Scale Storage (BESS),37029,2.279286901028572e+26,false
23INR0104,ERCOT,TX,Andrews,Andrews North – McKenzie Draw Switch 138 kV,202.5,Facilities Study,BRP Kamet BESS,BRP Kamet BESS LLC,Developer Not Matched To Known List,Confirmed Grid-Scale Storage (BESS),37021,2.2788366715172576e+26,false
22INR0427,ERCOT,TX,Andrews,1159 Andrew North - 11284 Blackbird 138kV,202.4,Facilities Study,BRP Kabru BESS,BRP Kabru BESS LLC,Developer Not Matched To Known List,Confirmed Grid-Scale Storage (BESS),37019,2.278724114139429e+26,false
24INR0081,ERCOT,TX,Harris,40270 Riverside 138kV,202.4,Facilities Study,SANJAC BESS,Castleman Power,Developer Not Matched To Known List,Confirmed Grid-Scale Storage (BESS),37005,2.2778236551168003e+26,false
GEN-2026-SR33,SPP,ND,Oliver County,Basin Electric 230 kV,202,Under Study,,NOT PUBLISHED IN SPP GI QUEUE EXPORT,Developer Not Disclosed,Confirmed Grid-Scale Storage (BESS),36937,2.2736590321371428e+26,false
26INR0329,ERCOT,TX,Wise,Tap 138kV 685 LEO - 587 GREENWOOD,202,Facilities Study,Pianissimo BESS II,"Pianissimo Storage, LLC",Developer Not Matched To Known List,Confirmed Grid-Scale Storage (BESS),36937,2.2736590321371428e+26,false
25INR0628,ERCOT,TX,Archer,Tap 345kV 1422 Bowman - 1458 Cobb Switch,202,Facilities Study,Wichita Falls Energy Storage,Wichita Falls Energy Storage LLC,Developer Not Matched To Known List,Confirmed Grid-Scale Storage (BESS),36937,2.2736590321371428e+26,false
26INR0599,ERCOT,TX,San Patricio,(#80258) Mayo 138kV,202,Facilities Study,Coda BESS,"Coda BESS, LLC",Developer Not Matched To Known List,Confirmed Grid-Scale Storage (BESS),36937,2.2736590321371428e+26,false
25INR0040,ERCOT,TX,Hidalgo,8644 Trade Zone 138kV,201.9,Facilities Study,McMEXICO STORAGE,"FRESH AIR ENERGY II, LLC",Developer Not Matched To Known List,Confirmed Grid-Scale Storage (BESS),36919,2.272533458358857e+26,false
28INR0387,ERCOT,TX,Ellis,3/4-Breaker Ring Bus at 345kV Venus Switch (#1907) BKR 4920 - Navarro Switch (LST) (#68091) BKR 3B3134/3B3127,201.9,Facilities Study,Galaxy Storage 2,"Galaxy Solar 2, LLC",Developer Not Matched To Known List,Confirmed Grid-Scale Storage (BESS),36913,2.272195786225372e+26,false
25INR0189,ERCOT,TX,Fayette,138kV WARDA #7312.,201.8,Facilities Study,Staccato BESS,"Staccato Storage, LLC",Developer Not Matched To Known List,Confirmed Grid-Scale Storage (BESS),36901,2.2714078845805715e+26,false
28INR0321,ERCOT,TX,Colorado,Tap on 138 kV ALTAIR (bus# 78118) to STAFFORD HILL (bus# 78520),201.8,Facilities Study,Altair Energy Storage,Altair Energy Storage,Developer Not Matched To Known List,Confirmed Grid-Scale Storage (BESS),36893,2.2709576550692572e+26,false
27INR0316,ERCOT,TX,Freestone,Tap 345kV BIGBRNE (#3380) - JEWETT (#3390) CKT 1,201.7,Facilities Study,Avant Prairie BESS,Avant Prairie ESS LLC,Developer Not Matched To Known List,Confirmed Grid-Scale Storage (BESS),36886,2.270507425557943e+26,false
25INR0233,ERCOT,TX,Hill,tap 345kV 1907 Venus - 68090 Sam Sw,201.6,Facilities Study,OCI Cobb Creek ESS,Hillsboro Solar Project LLC,Developer Not Matched To Known List,Confirmed Grid-Scale Storage (BESS),36864,2.269156737024e+26,false
25INR0100,ERCOT,TX,Bell,3423 KILLEEN Switch 138 KV,201.6,Facilities Study,Goldeneye BESS,Black Mountain Energy Storage II,Developer Not Matched To Known List,Confirmed Grid-Scale Storage (BESS),36864,2.269156737024e+26,false
27INR0247,ERCOT,TX,Angelina,Tap 138kV LUFKINE East (#3326) - HERTY TAP (#3318),201.5,Facilities Study,Sun Angel ESS,Sun Angel ESS LLC,Developer Not Matched To Known List,Confirmed Grid-Scale Storage (BESS),36853,2.268481392757029e+26,false
28INR0268,ERCOT,TX,Cottle,Tap 345kV 59904 COTTONWOOD - 60500 EDITH CLARKE,201.5,Facilities Study,Soluce Cotton Storage,"CTPB1,LLC",Developer Not Matched To Known List,Confirmed Grid-Scale Storage (BESS),36853,2.268481392757029e+26,false
26INR0411,ERCOT,TX,Madison,Tap 345kV JEWETT_S5 (#3390) -- SINGLETON (#44645),201.5,Facilities Study,Tex-Bar ESS,Tex-Bar ESS LLC,Developer Not Matched To Known List,Confirmed Grid-Scale Storage (BESS),36846,2.2680311632457143e+26,false
24INR0459,ERCOT,TX,Caldwell,Tap 345kV 7040 Austrop – 7042 Zorn,201.4,Facilities Study,Exodus BESS,Exodus Solar LLC,Developer Not Matched To Known List,Confirmed Grid-Scale Storage (BESS),36820,2.2664553599561143e+26,false
28INR0024,ERCOT,TX,Bexar,Tap #5395 O.W Sommer 138kV,201.3,Facilities Study,Padua Grid BESS Unit 3,"Padua Grid 3, LLC",Developer Not Matched To Known List,Confirmed Grid-Scale Storage (BESS),36818,2.266342802578286e+26,false
29INR0222,ERCOT,TX,Coleman,Tap 345kV 1444 Brown Switch – 60040 Bluff Creek Switch & 1444 Brown Switch – 11406 Central Bluff Switch,201.3,Facilities Study,Paintbrush BESS1,Renew Development HoldCo LLC,Developer Not Matched To Known List,Confirmed Grid-Scale Storage (BESS),36811,2.265892573066972e+26,false
24INR0338,ERCOT,TX,Matagorda,345 kV South Texas Project (Bus# 5915) – Hillje (Bus# 44200) Transmission Line Ckt 1,201.3,Facilities Study,Eldora BESS,Eldora Energy LLC,Developer Not Matched To Known List,Confirmed Grid-Scale Storage (BESS),36811,2.265892573066972e+26,false
26INR0555,ERCOT,TX,Dimmit,78280 Bevo Substation 138 kV,201.3,Facilities Study,Desert Palm BESS,"Desert Palm BESS, LLC",Developer Not Matched To Known List,Confirmed Grid-Scale Storage (BESS),36809,2.2657800156891427e+26,false
28INR0363,ERCOT,TX,McLennan,165 WINDSORSW 138kV,201.3,Facilities Study,Finch Storage,"Finch Storage, LLC",Developer Not Matched To Known List,Confirmed Grid-Scale Storage (BESS),36809,2.2657800156891427e+26,false
23INR0278,ERCOT,TX,Andrews,1157 Andrews County South 138kV,201.3,Facilities Study,Tucana BESS,BRP Tucana BESS LLC,Developer Not Matched To Known List,Confirmed Grid-Scale Storage (BESS),36809,2.2657800156891427e+26,false
26INR0243,ERCOT,TX,Waller,57664 Sunnyside 69kV,201.3,Facilities Study,Caladium BESS,"Caladium Storage, LLC",Developer Not Matched To Known List,Confirmed Grid-Scale Storage (BESS),36805,2.265554900933486e+26,false
26INR0331,ERCOT,TX,Bexar,Tap 345 kV 5231 HOWARD_5 – 5400 SPRUCE,201.3,Facilities Study,RUSH ESS,OCI Solar Power LLC,Developer Not Matched To Known List,Confirmed Grid-Scale Storage (BESS),36804,2.265442343555657e+26,false
23INR0382,ERCOT,TX,Harris,40700 Greens Bayou 345kV,201.2,Facilities Study,Outer Loop BESS,Black Mountain Energy Storage II,Developer Not Matched To Known List,Confirmed Grid-Scale Storage (BESS),36791,2.264654441910857e+26,false
29INR0332,ERCOT,TX,Karnes,Milton Substation 78583 L_MILTON8_1Y,201.2,Facilities Study,White Star Energy Storage,"White Star Energy Storage, LLC",Developer Not Matched To Known List,Confirmed Grid-Scale Storage (BESS),36791,2.264654441910857e+26,false
26INR0556,ERCOT,TX,Dimmit,8970 Catarina 138 kV,201.2,Facilities Study,Wintergarden BESS,Wintergarden BESS LLC,Developer Not Matched To Known List,Confirmed Grid-Scale Storage (BESS),36791,2.264654441910857e+26,false
27INR0412,ERCOT,TX,Wichita,Tap 138 kV Wichita Falls Cogen (#1498) – Pleasant Valley Switch (#1450),201.2,Facilities Study,Spinosa BESS,"Spinosa Energy Center, LLC",Developer Not Matched To Known List,Confirmed Grid-Scale Storage (BESS),36791,2.264654441910857e+26,false
28INR0484,ERCOT,TX,San Patricio,8437 Rincon 138kV,201.2,Facilities Study,"Pathfinder Energy Storage, LLC","Pathfinder Energy Storage, LLC",Developer Not Matched To Known List,Confirmed Grid-Scale Storage (BESS),36784,2.264204212399543e+26,false
25INR0231,ERCOT,TX,Hood,363 Hood 138kV,201.2,Facilities Study,Apache Hill BESS,APACHE HILL ENERGY CENTER,Developer Not Matched To Known List,Confirmed Grid-Scale Storage (BESS),36782,2.2640916550217144e+26,false
28INR0427,ERCOT,TX,Cameron,79500 Palmito 345kV,201.1,Facilities Study,Ouroboros Grid BESS 4,Ouroboros Grid BESS Unit 4,Developer Not Matched To Known List,Confirmed Grid-Scale Storage (BESS),36780,2.2639790976438858e+26,false
25INR0138,ERCOT,TX,Glasscock,"Tap 138kV Shaw POD (18664) – Desert Wind Sub (11222)
new station Potterson Lake Switch",201.1,Facilities Study,Champaign BESS,"Champaign BESS, LLC",Developer Not Matched To Known List,Confirmed Grid-Scale Storage (BESS),36778,2.263866540266057e+26,false
25INR0140,ERCOT,TX,Ector,11140 ECTRCNTYN_8 138kV,201.1,Facilities Study,Seragio BESS,"Seragio BESS, LLC",Developer Not Matched To Known List,Confirmed Grid-Scale Storage (BESS),36778,2.263866540266057e+26,false
25INR0146,ERCOT,TX,Reeves,Tap 138kV MANSON (1094) - Riverton (11083),201.1,Facilities Study,Blue Heron BESS,"Blue Heron BESS, LLC",Developer Not Matched To Known List,Confirmed Grid-Scale Storage (BESS),36778,2.263866540266057e+26,false
26INR0194,ERCOT,TX,Bandera,7440 Tarpley 138kV,201.1,Facilities Study,Motif BESS II,"Motif Storage, LLC",Developer Not Matched To Known List,Confirmed Grid-Scale Storage (BESS),36778,2.263866540266057e+26,false
21INR0483,ERCOT,TX,Frio,Morrow Lake Switch 138kV (5896),201.1,Facilities Study,Morrow Lake Storage,"Morrow Lake Storage, LLC",Developer Not Matched To Known List,Confirmed Grid-Scale Storage (BESS),36778,2.263866540266057e+26,false
25INR0144,ERCOT,TX,Midland,Tap 138kV 71230 Pleasant Farms - 1236 Pegasus South,201.1,Facilities Study,Jasper BESS,"Jasper BESS, LLC",Developer Not Matched To Known List,Confirmed Grid-Scale Storage (BESS),36778,2.263866540266057e+26,false
29INR0376,ERCOT,TX,Tom Green,6444 Red Creek 345kV,201.1,Facilities Study,Silver Sky BESS,Lightsource Renewable Energy Development LLC,Developer Not Matched To Known List,Confirmed Grid-Scale Storage (BESS),36773,2.2635288681325714e+26,false
26INR0589,ERCOT,TX,Sterling,76030-Gasconades Creek 345 kV,201.1,Facilities Study,Goat Mountain BESS,Clearway Energy Group LLC,Developer Not Matched To Known List,Confirmed Grid-Scale Storage (BESS),36773,2.2635288681325714e+26,false
25INR0186,ERCOT,TX,Colorado,Altair (78118) – Nada (78103) 138KV,201.1,Facilities Study,Moonlight Sonata BESS,"Samsung Solar Energy 2, LLC",Developer Not Matched To Known List,Confirmed Grid-Scale Storage (BESS),36769,2.2633037533769148e+26,false
26INR0432,ERCOT,TX,Robertson,39950# TNTNP_ONE_3  345 KV,201.1,Facilities Study,Big Rooter West Storage,"Big Rooter West, LLC",Developer Not Matched To Known List,Confirmed Grid-Scale Storage (BESS),36769,2.2633037533769148e+26,false
25INR0441,ERCOT,TX,Jackson,8117 GANADO138kV,201.1,Facilities Study,Dios BESS,"Dios BESS, LLC",Developer Not Matched To Known List,Confirmed Grid-Scale Storage (BESS),36769,2.2633037533769148e+26,false
22INR0385,ERCOT,TX,Crane,60400 Lynx 138kV,201.1,Facilities Study,BRP Pictor BESS,BRP Pictor BESS LLC,Developer Not Matched To Known List,Confirmed Grid-Scale Storage (BESS),36767,2.263191195999085e+26,false
24INR0570,ERCOT,TX,Brazoria,Tap 138kV 39500 West Columbia Main - 110505 Sweeny Co-Gen LP Ckt 1,201,Facilities Study,Marcus Energy Storage,"Marcus Energy Storage, LLC",Developer Not Matched To Known List,Confirmed Grid-Scale Storage (BESS),36762,2.2628535238656e+26,false
25INR0566,ERCOT,TX,Brazoria,Tap 138kV 42980 Nash - 44010 WA Parish Ckt 2,201,Facilities Study,Copano Bay Energy Storage,"Copano Bay Energy Storage, LLC",Developer Not Matched To Known List,Confirmed Grid-Scale Storage (BESS),36762,2.2628535238656e+26,false
29INR0018,ERCOT,TX,Robertson,39950 TNP One Plant 345 kV,201,Facilities Study,Big Rooter East Storage,"Big Rooter East, LLC",Developer Not Matched To Known List,Confirmed Grid-Scale Storage (BESS),36760,2.262740966487772e+26,false
24INR0131,ERCOT,TX,Zapata,the 138 kV Zapata Substation (#8299; AEP),201,Facilities Study,Zelus BESS,BRP Zelus BESS LLC,Developer Not Matched To Known List,Confirmed Grid-Scale Storage (BESS),36760,2.262740966487772e+26,false
27INR0363,ERCOT,TX,Frio,Tap 138kV #5895 PEARSALL -#5827 MOORE,201,Facilities Study,Hamlet Storage SLF,"Hamlet Solar, LLC",Developer Not Matched To Known List,Confirmed Grid-Scale Storage (BESS),36754,2.2624032943542855e+26,false
25INR0491,ERCOT,TX,Karnes,5727 Pawnee Switching Substation 138kV,201,Facilities Study,Tarim BESS,BRP Tarim BESS LLC,Developer Not Matched To Known List,Confirmed Grid-Scale Storage (BESS),36754,2.2624032943542855e+26,false
23INR0135,ERCOT,TX,Caldwell,9075 Lytton 138kV,201,Facilities Study,Elbus BESS,BRP Elbus BESS LLC,Developer Not Matched To Known List,Confirmed Grid-Scale Storage (BESS),36752,2.262290736976457e+26,false
24INR0142,ERCOT,TX,Maverick,78016 Sunglow Substation 138kV,201,Facilities Study,De Los Santos,BRP De Los Santos BESS LLC,Developer Not Matched To Known List,Confirmed Grid-Scale Storage (BESS),36749,2.2620656222208e+26,false
28INR0454,ERCOT,TX,Denton,Tap 138 kV 612 BLUHORSE– 684 SPRING,201,Facilities Study,Oakley BESS,Oakley BESS LLC,Developer Not Matched To Known List,Confirmed Grid-Scale Storage (BESS),36747,2.261953064842972e+26,false
28INR0428,ERCOT,TX,Cameron,79500 Palmito 345KV,201,Facilities Study,Ouroboros Grid BESS 5,Ouroboros Grid BESS Unit 5,Developer Not Matched To Known List,Confirmed Grid-Scale Storage (BESS),36747,2.261953064842972e+26,false
25INR0853,ERCOT,TX,Tom Green,Tap 138kV 60008 TRIBUTE4A - 6442 REDCREEK4A,200.9,Facilities Study,Tango Lily BESS,Lightsource Renewable Energy Development LLC,Developer Not Matched To Known List,Confirmed Grid-Scale Storage (BESS),36745,2.261840507465143e+26,false
28INR0429,ERCOT,TX,Cameron,79500 Palmito 345KV,200.9,Facilities Study,Ouroboros Grid BESS 6,Ouroboros Grid BESS Unit 6,Developer Not Matched To Known List,Confirmed Grid-Scale Storage (BESS),36743,2.261727950087315e+26,false
25INR0480,ERCOT,TX,Brazoria,Tap 138kV 39500 West Colombia - 39703 FM524,200.9,Facilities Study,Bell Creek BESS,"BELL CREEK BESS, LLC",Developer Not Matched To Known List,Confirmed Grid-Scale Storage (BESS),36736,2.261277720576e+26,false
25INR0513,ERCOT,TX,Leon,Tap 345kV 46020 Limestone 967 Gibbons Creek Circuit 50,200.9,Facilities Study,Kahla Storage,"BT Kahla Storage, LLC",Developer Not Matched To Known List,Confirmed Grid-Scale Storage (BESS),36736,2.261277720576e+26,false
23INR0464,ERCOT,TX,Henderson,3179 Pauline 138kV,200.9,Facilities Study,Sloan Storage,Sloan Energy Storage LLC,Developer Not Matched To Known List,Confirmed Grid-Scale Storage (BESS),36736,2.261277720576e+26,false
26INR0573,ERCOT,TX,Glasscock,1333 MCDONALD 138kV,200.9,Facilities Study,Cummins BESS,"RWE Solar Development, LLC",Developer Not Matched To Known List,Confirmed Grid-Scale Storage (BESS),36734,2.2611651631981715e+26,false
27INR0354,ERCOT,TX,Smith,3137 BlackFork 138 KV,200.9,Facilities Study,Cebocell BESS,"Cebocell, LLC",Developer Not Matched To Known List,Confirmed Grid-Scale Storage (BESS),36731,2.2609400484425145e+26,false
24INR0375,ERCOT,TX,Jack,Tap 345kV 1421 Willow Creek – 11523 Thomas Price,200.9,Facilities Study,Possum Kingdom BESS,"PK Solar, LLC",Developer Not Matched To Known List,Confirmed Grid-Scale Storage (BESS),36729,2.2608274910646852e+26,false
26INR0259,ERCOT,TX,Colorado,7258 Glidden Substation 138kV,200.8,Facilities Study,Cottontail Energy Center,"Cottontail Energy Center, LLC",Developer Not Matched To Known List,Confirmed Grid-Scale Storage (BESS),36727,2.2607149336868576e+26,false
29INR0125,ERCOT,TX,Duval,Tap 80079 (Cruce) - 5901 (San Miguel) 345 kV Ckt 1,200.8,Facilities Study,Apricot Sun Storage,"Apricot Sun Energy Center, LLC",Developer Not Matched To Known List,Confirmed Grid-Scale Storage (BESS),36725,2.2606023763090285e+26,false
24INR0285,ERCOT,TX,Chambers,Tap 138kV 40171 Baytown - 40015Cedar Bayou Plant,200.8,Facilities Study,APV Plumwood Storage,APV Lonestar Energy LLC,Developer Not Matched To Known List,Confirmed Grid-Scale Storage (BESS),36721,2.260377261553372e+26,false
28INR0397,ERCOT,TX,Cameron,"POIB: #88337 Chalybe 345 kV  
(expansion of the #8735 Chalybe 138 kV – to be connected by double circuit line to #79500 Palmito 345 kV)",200.8,Facilities Study,Ouroboros Grid BESS 1,Ouroboros Grid BESS Unit 1,Developer Not Matched To Known List,Confirmed Grid-Scale Storage (BESS),36721,2.260377261553372e+26,false
28INR0398,ERCOT,TX,Cameron,88337 Chalybe 345 kV,200.8,Facilities Study,Ouroboros Grid BESS 2,Ouroboros Grid BESS Unit 2,Developer Not Matched To Known List,Confirmed Grid-Scale Storage (BESS),36720,2.260264704175543e+26,false
24INR0461,ERCOT,TX,Waller,46560 Waller 138kV,200.8,Facilities Study,Augie BESS,"BRP Blue Topaz 5, LLC",Developer Not Matched To Known List,Confirmed Grid-Scale Storage (BESS),36720,2.260264704175543e+26,false
28INR0299,ERCOT,TX,Wilson,Tap 138kV Eagle Creek (5132) to Floresville (5155),200.8,Facilities Study,Moon Stone BESS,Moon Stone Battery Facility LLC,Developer Not Matched To Known List,Confirmed Grid-Scale Storage (BESS),36718,2.2601521467977146e+26,false
26INR0343,ERCOT,TX,Harris,Tap Atascocita 138kV Substation (Bus # 40130) - Lake Houston (Bus #40820),200.8,Facilities Study,Stinger Energy Storage,Stinger Energy Storage LLC,Developer Not Matched To Known List,Confirmed Grid-Scale Storage (BESS),36718,2.2601521467977146e+26,false
23INR0283,ERCOT,TX,Carson,23900 Alibates 345kV,200.8,Facilities Study,Kota Battery,"Kota Storage, LLC",Developer Not Matched To Known List,Confirmed Grid-Scale Storage (BESS),36718,2.2601521467977146e+26,false
26INR0116,ERCOT,TX,Zapata,Tap 138kV 8299 Zapata - 8957 Lopeno,200.8,Facilities Study,Falcon Zapata Storage 138,"Falcon BESS, LLC",Developer Not Matched To Known List,Confirmed Grid-Scale Storage (BESS),36716,2.260039589419886e+26,false
26INR0461,ERCOT,TX,Cameron,Tap 138kV #80309 Las Pulgas - #8319 Rio Hondo,200.8,Facilities Study,Rio Hondo BESS,SBESS TX25 LLC,Developer Not Matched To Known List,Confirmed Grid-Scale Storage (BESS),36714,2.259927032042057e+26,false
24INR0528,ERCOT,TX,Nueces,Tap 138kV 8452 LON_HILL4A - 8441 NUECES_B4A,200.8,Facilities Study,Blanquilla BESS,Blanquilla BESS LLC,Developer Not Matched To Known List,Confirmed Grid-Scale Storage (BESS),36714,2.259927032042057e+26,false
25INR0385,ERCOT,TX,Cameron,5764 East Rio Hondo Substation 138kV,200.8,Facilities Study,Bobcat Cameron BESS,"Bobcat BESS, LLC",Developer Not Matched To Known List,Confirmed Grid-Scale Storage (BESS),36714,2.259927032042057e+26,false
28INR0403,ERCOT,TX,Cameron,88337 Chalybe 345 kV,200.7,Facilities Study,Ouroboros Grid BESS 3,Ouroboros Grid BESS Unit 3,Developer Not Matched To Known List,Confirmed Grid-Scale Storage (BESS),36703,2.2592516877750856e+26,false
27INR0478,ERCOT,TX,Caldwell,138 kV LYTTON8 (9075),200.7,Facilities Study,Metro BESS,Metro BESS LLC,Developer Not Matched To Known List,Confirmed Grid-Scale Storage (BESS),36701,2.2591391303972576e+26,false
27INR0494,ERCOT,TX,Milam,Tap 138kV 120# TALBRTRIDG – 3683# MINERVA1_8,200.7,Facilities Study,Obbligato BESS,"Obbligato BESS, LLC",Developer Not Matched To Known List,Confirmed Grid-Scale Storage (BESS),36701,2.2591391303972576e+26,false
28INR0356,ERCOT,TX,Victoria,#80064 Chocolate Bayou 138kV,200.7,Facilities Study,Arpeggio BESS,"Arpeggio BESS, LLC",Developer Not Matched To Known List,Confirmed Grid-Scale Storage (BESS),36701,2.2591391303972576e+26,false
27INR0399,ERCOT,TX,Cameron,# 79601 Stillman Substation 138 kV,200.7,Facilities Study,Resaca Oasis Storage,"Resaca Oasis Storage, LLC",Developer Not Matched To Known List,Confirmed Grid-Scale Storage (BESS),36699,2.259026573019429e+26,false
30INR0099,ERCOT,TX,Loving,138 kV ANDRANCHT_8(#1081) - Loving_8(#1092),200.7,Facilities Study,Quadspring BESS,"Quadspring BESS, LLC",Developer Not Matched To Known List,Confirmed Grid-Scale Storage (BESS),36699,2.259026573019429e+26,false
27INR0620,ERCOT,TX,Pecos,38355 LEON_CRK 138kV,200.7,Facilities Study,st gall IIIA Storage,Tempus Power Management LLC,Developer Not Matched To Known List,Confirmed Grid-Scale Storage (BESS),36698,2.2589140156416003e+26,false
27INR0621,ERCOT,TX,Pecos,38355 LEON_CRK 138kV,200.7,Facilities Study,st gall IIIB Storage,Tempus Power Management LLC,Developer Not Matched To Known List,Confirmed Grid-Scale Storage (BESS),36698,2.2589140156416003e+26,false
29INR0065,ERCOT,TX,Mills,Tap Line between Evant (bus#7068) and Goldthwaite (Bus# 7070),200.7,Facilities Study,Cash Mills Storage Center,Mills Storage Center,Developer Not Matched To Known List,Confirmed Grid-Scale Storage (BESS),36692,2.2585763435081143e+26,false
27INR0209,ERCOT,TX,Brazoria,Tap 138kV line 44390 Karsten -  44721 Thompsons,200.7,Facilities Study,Goby Energy Center,Goby Energy Center,Developer Not Matched To Known List,Confirmed Grid-Scale Storage (BESS),36690,2.258463786130286e+26,false
26INR0427,ERCOT,TX,Austin,7271 LCRA New Bremen 138 kV,200.6,Facilities Study,BremRaek BESS,BremRaek BESS,Developer Not Matched To Known List,Confirmed Grid-Scale Storage (BESS),36681,2.257900999241143e+26,false
26INR0200,ERCOT,TX,Grimes,13 Keith 138kV,200.6,Facilities Study,Vaughn Energy Storage,"Vaughn Battery Storage, LLC",Developer Not Matched To Known List,Confirmed Grid-Scale Storage (BESS),36681,2.257900999241143e+26,false
26INR0185,ERCOT,TX,Jack,579 Jack County 138kV,200.6,Facilities Study,Beitel Energy Storage,"Brazos Energy Storage, LLC",Developer Not Matched To Known List,Confirmed Grid-Scale Storage (BESS),36681,2.257900999241143e+26,false
26INR0215,ERCOT,TX,Jack,1429 Jacksboro 345kV,200.6,Facilities Study,JackGard BESS,Jackgard BESS,Developer Not Matched To Known List,Confirmed Grid-Scale Storage (BESS),36679,2.2577884418633147e+26,false
26INR0376,ERCOT,TX,Matagorda,138kV Blackcat Substation (#80124),200.6,Facilities Study,Blackcat Storage,"Matagorda ESS, LLC",Developer Not Matched To Known List,Confirmed Grid-Scale Storage (BESS),36679,2.2577884418633147e+26,false
28INR0392,ERCOT,TX,Medina,5813 PEARSONSW8 138 kV,200.6,Facilities Study,Devine Mary BESS,Devine Mary BESS,Developer Not Matched To Known List,Confirmed Grid-Scale Storage (BESS),36677,2.257675884485486e+26,false
28INR0391,ERCOT,TX,Guadalupe,LINE TAP OF CIBOLO (7608) AND McQUEENEY (7606),200.6,Facilities Study,Ruedrich BESS,Ruedrich BESS,Developer Not Matched To Known List,Confirmed Grid-Scale Storage (BESS),36677,2.257675884485486e+26,false
26INR0505,ERCOT,TX,Victoria,Tap 138kV 8154 VISTRON4B – 8189 TUNGSTEN4A,200.6,Facilities Study,Goldhill Energy Storage,Goldhill Energy Storage LLC,Developer Not Matched To Known List,Confirmed Grid-Scale Storage (BESS),36677,2.257675884485486e+26,false
28INR0437,ERCOT,TX,Nueces,LINE TAP OF WESTSIDE (8485) AND WEIL TRACT (8482) 138 KV TRANSMISSION LINE,200.5,Facilities Study,Barbara BESS,Barbara BESS LLC,Developer Not Matched To Known List,Confirmed Grid-Scale Storage (BESS),36665,2.2568879828406857e+26,false
28INR0436,ERCOT,TX,Comal,River Oaks (7173),200.5,Facilities Study,Englehardt BESS,Comal BESS LLC,Developer Not Matched To Known List,Confirmed Grid-Scale Storage (BESS),36665,2.2568879828406857e+26,false
28INR0333,ERCOT,TX,Wilbarger,Tap 345kV #60504 Tesla Road to #6111 Riley,200.3,Facilities Study,Reunion Storage,"Reunion Solar, LLC",Developer Not Matched To Known List,Confirmed Grid-Scale Storage (BESS),36626,2.2545242779062858e+26,false
C01-1175,PJM,PA,Cambria,NOT PUBLISHED BY PJM (Transmission Owner: PENELEC),200,Active,Cambria Slope 115 kV,Idemitsu Renewables America Development LLC,Developer Not Matched To Known List,Confirmed Grid-Scale Storage (BESS),36571,2.251147556571429e+26,false
C01-1626,PJM,VA,Franklin,NOT PUBLISHED BY PJM (Transmission Owner: AEP),200,Active,Blaine - Roanoke 138 kV,ENGIE IR Holdings LLC,Developer Not Matched To Known List,Confirmed Grid-Scale Storage (BESS),36571,2.251147556571429e+26,false
C01-1373,PJM,VA,Charles City,NOT PUBLISHED BY PJM (Transmission Owner: Dominion),200,Active,Chickahominy 230 kV,"ACE Development Company, LLC",Developer Not Matched To Known List,Confirmed Grid-Scale Storage (BESS),36571,2.251147556571429e+26,false
C01-1350,PJM,MI,Berrien,NOT PUBLISHED BY PJM (Transmission Owner: AEP),200,Active,Sodus 138 kV,Juno Power Management LLC,Developer Not Matched To Known List,Confirmed Grid-Scale Storage (BESS),36571,2.251147556571429e+26,false
C01-1343,PJM,OH,Highland,NOT PUBLISHED BY PJM (Transmission Owner: OVEC),200,Active,Pierce - Kyger Creek 345 kV,"Riverlake Energy, LLC",Developer Not Matched To Known List,Confirmed Grid-Scale Storage (BESS),36571,2.251147556571429e+26,false
C01-1339,PJM,PA,McKean,NOT PUBLISHED BY PJM (Transmission Owner: PENELEC),200,Active,Pierce Brook - Lewis Run 230 kV,"McKean County Solar, LLC",Developer Not Matched To Known List,Confirmed Grid-Scale Storage (BESS),36571,2.251147556571429e+26,false
GEN-2024-239,SPP,OK,Canadian,Cimarron 345 kV Substation,200,Under Study,,NOT PUBLISHED IN SPP GI QUEUE EXPORT,Developer Not Disclosed,Confirmed Grid-Scale Storage (BESS),36571,2.251147556571429e+26,false
GEN-2024-166,SPP,KS,Sedgwick,Murray Gill 138 kV Substation,200,Under Study,,NOT PUBLISHED IN SPP GI QUEUE EXPORT,Developer Not Disclosed,Confirmed Grid-Scale Storage (BESS),36571,2.251147556571429e+26,false
2026-891,IESO,ON,Northwest,NOT PUBLISHED IN IESO APPLICATION STATUS DATA,200,Under Study,Northern Breeze Wind Project,NORTHERN BREEZE WIND PROJECT INC.,Developer Not Matched To Known List,Confirmed Grid-Scale Storage (BESS),36571,2.251147556571429e+26,false
C01-2162,PJM,VA,Louisa,NOT PUBLISHED BY PJM (Transmission Owner: Dominion),200,Active,Louisa - South Hall 230 kV,"AE Renewable Development, LLC",Developer Not Matched To Known List,Confirmed Grid-Scale Storage (BESS),36571,2.251147556571429e+26,false
C01-2163,PJM,IL,Lasalle,NOT PUBLISHED BY PJM (Transmission Owner: ComEd),200,Active,61 Streator - Kickapoo Creek 138 kV,"Riverbend Solar, LLC",Developer Not Matched To Known List,Confirmed Grid-Scale Storage (BESS),36571,2.251147556571429e+26,false
C01-1293,PJM,VA,Louisa,NOT PUBLISHED BY PJM (Transmission Owner: Dominion),200,Active,Louisa 230 kV,"Ava Energy Center, LLC",Developer Not Matched To Known List,Confirmed Grid-Scale Storage (BESS),36571,2.251147556571429e+26,false
C01-1682,PJM,VA,Chesterfield,NOT PUBLISHED BY PJM (Transmission Owner: Dominion),200,Active,Bellwood - Brown Boveri Tap 115 kV,"River Walk Energy Center, LLC",Developer Not Matched To Known List,Confirmed Grid-Scale Storage (BESS),36571,2.251147556571429e+26,false
C01-1174,PJM,PA,Washington,NOT PUBLISHED BY PJM (Transmission Owner: APS),200,Active,Vanceville 138 kV,Idemitsu Renewables America Development LLC,Developer Not Matched To Known List,Confirmed Grid-Scale Storage (BESS),36571,2.251147556571429e+26,false
C01-2001,PJM,IL,Grundy,NOT PUBLISHED BY PJM (Transmission Owner: ComEd),200,Active,Dresden - Pontiac Midpoint 345 kV,"Lightsource Renewable Energy Development, LLC",Developer Not Matched To Known List,Confirmed Grid-Scale Storage (BESS),36571,2.251147556571429e+26,false
C01-2043,PJM,PA,Cambria,NOT PUBLISHED BY PJM (Transmission Owner: PENELEC),200,Active,Johnstown 230 kV,"SP Resilient Power 12, LLC",Developer Not Matched To Known List,Confirmed Grid-Scale Storage (BESS),36571,2.251147556571429e+26,false
C01-1541,PJM,MD,Prince George'S,NOT PUBLISHED BY PJM (Transmission Owner: PEPCO),200,Active,Aquasco 230 kV,Beacon Power Project LLC,Developer Not Matched To Known List,Confirmed Grid-Scale Storage (BESS),36571,2.251147556571429e+26,false
C01-1354,PJM,IN,St. Joseph,NOT PUBLISHED BY PJM (Transmission Owner: AEP),200,Active,Dumont 345 kV,Juno Power Management LLC,Developer Not Matched To Known List,Confirmed Grid-Scale Storage (BESS),36571,2.251147556571429e+26,false
C01-1368,PJM,PA,Clarion,NOT PUBLISHED BY PJM (Transmission Owner: APS),200,Active,Burma - Armstrong 138 kV,"Gardenia Solar, LLC",Developer Not Matched To Known List,Confirmed Grid-Scale Storage (BESS),36571,2.251147556571429e+26,false
C01-1554,PJM,IL,Kankakee,NOT PUBLISHED BY PJM (Transmission Owner: ComEd),200,Active,Davis Creek 138kV 138 kV,Lower Crossing Wind LLC,Developer Not Matched To Known List,Confirmed Grid-Scale Storage (BESS),36571,2.251147556571429e+26,false
C01-1559,PJM,MD,Harford,NOT PUBLISHED BY PJM (Transmission Owner: BGE),200,Active,Perryman 115 kV,"PERRYMAN BATTERY STORAGE 2, LLC",Developer Not Matched To Known List,Confirmed Grid-Scale Storage (BESS),36571,2.251147556571429e+26,false
C01-1076,PJM,VA,Prince George,NOT PUBLISHED BY PJM (Transmission Owner: Dominion),200,Active,Temple 115 kV,"Appomattox ESC, LLC",Developer Not Matched To Known List,Confirmed Grid-Scale Storage (BESS),36571,2.251147556571429e+26,false
C01-1857,PJM,IL,McHenry,NOT PUBLISHED BY PJM (Transmission Owner: ComEd),200,Active,TSS 971 Prairie 345 kV,"Pleasant Grove BESS, LLC",Developer Not Matched To Known List,Confirmed Grid-Scale Storage (BESS),36571,2.251147556571429e+26,false
C01-1386,PJM,IN,Randolph,NOT PUBLISHED BY PJM (Transmission Owner: AEP),200,Active,Losantville 345 kV,EDP Renewables North America LLC,Developer Not Matched To Known List,Confirmed Grid-Scale Storage (BESS),36571,2.251147556571429e+26,false
C01-1404,PJM,IN,Wayne,NOT PUBLISHED BY PJM (Transmission Owner: AEP),200,Active,Desoto - Tanners Creek 345 kV,"Wayne Power, LLC",Developer Not Matched To Known List,Confirmed Grid-Scale Storage (BESS),36571,2.251147556571429e+26,false
C01-2015,PJM,PA,Crawford,NOT PUBLISHED BY PJM (Transmission Owner: PENELEC),200,Active,Erie West - Wayne 345 kV,"Lightsource Renewable Energy Development, LLC",Developer Not Matched To Known List,Confirmed Grid-Scale Storage (BESS),36571,2.251147556571429e+26,false
C01-1994,PJM,NJ,Hudson,NOT PUBLISHED BY PJM (Transmission Owner: PSEG),200,Active,Penhorn - Homestead 230 kV,Meadowlands Storage LLC,Developer Not Matched To Known List,Confirmed Grid-Scale Storage (BESS),36571,2.251147556571429e+26,false
C01-1996,PJM,NJ,Union,NOT PUBLISHED BY PJM (Transmission Owner: PSEG),200,Active,North Ave 345 kV,Steel Gateway Storage LLC,Developer Not Matched To Known List,Confirmed Grid-Scale Storage (BESS),36571,2.251147556571429e+26,false
C01-1762,PJM,IN,Pulaski,NOT PUBLISHED BY PJM (Transmission Owner: AEP),200,Active,Swingle 345 kV,"NextEra Energy Resources Interconnection Holdings, LLC",Developer Not Matched To Known List,Confirmed Grid-Scale Storage (BESS),36571,2.251147556571429e+26,false
C01-1409,PJM,MI,Cass,NOT PUBLISHED BY PJM (Transmission Owner: AEP),200,Active,East Elkhart Bypass - Weeds Lake 345 kV,"Bair Lake Power, LLC",Developer Not Matched To Known List,Confirmed Grid-Scale Storage (BESS),36571,2.251147556571429e+26,false
C01-1858,PJM,IL,McHenry,NOT PUBLISHED BY PJM (Transmission Owner: ComEd),200,Active,TSS 971 Prairie 345 kV,"Pleasant Grove BESS II, LLC",Developer Not Matched To Known List,Confirmed Grid-Scale Storage (BESS),36571,2.251147556571429e+26,false
C01-1749,PJM,OH,Highland,NOT PUBLISHED BY PJM (Transmission Owner: AEP),200,Active,HILLSBORO - HIGHLAND 138 kV,"Barr Energy Storage, LLC",Developer Not Matched To Known List,Confirmed Grid-Scale Storage (BESS),36571,2.251147556571429e+26,false
C01-1921,PJM,OH,Franklin County,NOT PUBLISHED BY PJM (Transmission Owner: AEP),200,Active,05BEATTY - 09GREENE 345 kV,"FRB1, LLC",Developer Not Matched To Known List,Confirmed Grid-Scale Storage (BESS),36571,2.251147556571429e+26,false
C01-1916,PJM,MD,Baltimore City,NOT PUBLISHED BY PJM (Transmission Owner: BGE),200,Active,Granite - Harrisonville 115 kV,Great Falls Storage LLC,Developer Not Matched To Known List,Confirmed Grid-Scale Storage (BESS),36571,2.251147556571429e+26,false
C01-1599,PJM,VA,Mecklenburg,NOT PUBLISHED BY PJM (Transmission Owner: Dominion),200,Active,Evans Creek 230kV,"Scout Solar LandCo, LLC",Developer Not Matched To Known List,Confirmed Grid-Scale Storage (BESS),36571,2.251147556571429e+26,false
C01-2181,PJM,OH,Clermont,NOT PUBLISHED BY PJM (Transmission Owner: DEOK),200,Active,Cedarville 138 kV,"Cedarville Road BESS, LLC",Developer Not Matched To Known List,Confirmed Grid-Scale Storage (BESS),36571,2.251147556571429e+26,false
C01-2253,PJM,OH,Stark,NOT PUBLISHED BY PJM (Transmission Owner: AEP),200,Active,Wagenhals 138 kV,IOWN Energy Projects LLC,Developer Not Matched To Known List,Confirmed Grid-Scale Storage (BESS),36571,2.251147556571429e+26,false
C01-1855,PJM,IL,Lee,NOT PUBLISHED BY PJM (Transmission Owner: ComEd),200,Active,Nelson - Lee County 345 kV,"South Dixon BESS II, LLC",Developer Not Matched To Known List,Confirmed Grid-Scale Storage (BESS),36571,2.251147556571429e+26,false
C01-2242,PJM,IL,Winnebago,NOT PUBLISHED BY PJM (Transmission Owner: ComEd),200,Active,Cherry Valley - ESS B200 138 kV,"Bartzis Solar, LLC",Developer Not Matched To Known List,Confirmed Grid-Scale Storage (BESS),36571,2.251147556571429e+26,false
C01-2243,PJM,IL,Winnebago,NOT PUBLISHED BY PJM (Transmission Owner: ComEd),200,Active,Cherry Valley - Belvidere 138 kV,"Bartzis Solar 2, LLC",Developer Not Matched To Known List,Confirmed Grid-Scale Storage (BESS),36571,2.251147556571429e+26,false
C01-1410,PJM,VA,Louisa,NOT PUBLISHED BY PJM (Transmission Owner: Dominion),200,Active,Louisa 230 kV,EDP Renewables North America LLC,Developer Not Matched To Known List,Confirmed Grid-Scale Storage (BESS),36571,2.251147556571429e+26,false
C01-2230,PJM,MD,Harford,NOT PUBLISHED BY PJM (Transmission Owner: BGE),200,Active,Bagley 230 kV,Fallston CP BESS LLC,Developer Not Matched To Known List,Confirmed Grid-Scale Storage (BESS),36571,2.251147556571429e+26,false
C01-2197,PJM,VA,Brunswick,NOT PUBLISHED BY PJM (Transmission Owner: Dominion),200,Active,Unity - Rawlings 500 kV,"Honeybee Energy Storage, LLC",Developer Not Matched To Known List,Confirmed Grid-Scale Storage (BESS),36571,2.251147556571429e+26,false
C01-2017,PJM,OH,Licking,NOT PUBLISHED BY PJM (Transmission Owner: AEP),200,Active,Jug Street 138 kV,"Speakeasy Grid, LLC",Developer Not Matched To Known List,Confirmed Grid-Scale Storage (BESS),36571,2.251147556571429e+26,false
C01-1905,PJM,VA,Culpeper,NOT PUBLISHED BY PJM (Transmission Owner: Dominion),200,Active,Germanna - Gordonsville 230 kV,Renewable Energy Services LLC,Developer Not Matched To Known List,Confirmed Grid-Scale Storage (BESS),36571,2.251147556571429e+26,false
C01-1776,PJM,OH,Champaign,NOT PUBLISHED BY PJM (Transmission Owner: DAYTON),200,Active,Urbana - Givens 138 kV,ENGIE IR Holdings LLC,Developer Not Matched To Known List,Confirmed Grid-Scale Storage (BESS),36571,2.251147556571429e+26,false
C01-1627,PJM,PA,Fayette,NOT PUBLISHED BY PJM (Transmission Owner: APS),200,Active,Gans - South Union 138 kV,ENGIE IR Holdings LLC,Developer Not Matched To Known List,Confirmed Grid-Scale Storage (BESS),36571,2.251147556571429e+26,false
C01-1372,PJM,VA,Isle of Wight,NOT PUBLISHED BY PJM (Transmission Owner: Dominion),200,Active,Septa 500 kV,"ACE Development Company, LLC",Developer Not Matched To Known List,Confirmed Grid-Scale Storage (BESS),36571,2.251147556571429e+26,false
C01-2161,PJM,VA,Hopewell,NOT PUBLISHED BY PJM (Transmission Owner: Dominion),200,Active,Polyester 230 kV,"Hopewell ESC, LLC",Developer Not Matched To Known List,Confirmed Grid-Scale Storage (BESS),36571,2.251147556571429e+26,false
C01-1132,PJM,MD,Prince George'S,NOT PUBLISHED BY PJM (Transmission Owner: PEPCO),200,Active,Cheltenham 500 kV,"Lighthouse Keys, LLC",Developer Not Matched To Known List,Confirmed Grid-Scale Storage (BESS),36571,2.251147556571429e+26,false
C01-1074,PJM,OH,Morrow,NOT PUBLISHED BY PJM (Transmission Owner: ATSI),200,Active,Cardington 138 kV,"Cardington Energy Storage, LLC",Developer Not Matched To Known List,Confirmed Grid-Scale Storage (BESS),36571,2.251147556571429e+26,false
C01-1907,PJM,VA,Culpeper,NOT PUBLISHED BY PJM (Transmission Owner: Dominion),200,Active,Kyser - Remington 230 kV,Stone Fence Storage LLC,Developer Not Matched To Known List,Confirmed Grid-Scale Storage (BESS),36571,2.251147556571429e+26,false
C01-2143,PJM,NC,Bertie,NOT PUBLISHED BY PJM (Transmission Owner: Dominion),200,Active,Hogard Mill - Earleys 230 kV,Hexlena Hybrid LLC,Developer Not Matched To Known List,Confirmed Grid-Scale Storage (BESS),36571,2.251147556571429e+26,false
AH1-263,PJM,VA,Spotsylvania,NOT PUBLISHED BY PJM (Transmission Owner: Dominion),200,Active,Chancellor 115 kV,Scarlet Energy Storage LLC,Developer Not Matched To Known List,Confirmed Grid-Scale Storage (BESS),36571,2.251147556571429e+26,false
GI-SISS-2025-06,SPP,CO,Logan County,North Yuma 230 Substation,200,IA in Progress,,NOT PUBLISHED IN SPP GI QUEUE EXPORT,Developer Not Disclosed,Confirmed Grid-Scale Storage (BESS),36571,2.251147556571429e+26,false
GEN-2026-SR19,SPP,OK,Duncan,Lawton Eastside - Terry Road 345kV,200,Under Study,,NOT PUBLISHED IN SPP GI QUEUE EXPORT,Developer Not Disclosed,Confirmed Grid-Scale Storage (BESS),36571,2.251147556571429e+26,false
GEN-2025-SR6,SPP,OK,Minco,Minco 345kV Substation,200,Facilities Study,,NOT PUBLISHED IN SPP GI QUEUE EXPORT,Developer Not Disclosed,Confirmed Grid-Scale Storage (BESS),36571,2.251147556571429e+26,false
GEN-2026-SR5,SPP,KS,Wellington,Sumner 138kV,200,Under Study,,NOT PUBLISHED IN SPP GI QUEUE EXPORT,Developer Not Disclosed,Confirmed Grid-Scale Storage (BESS),36571,2.251147556571429e+26,false
GEN-2026-SR23,SPP,OK,Johnston,Bison 345kV Substation,200,Under Study,,NOT PUBLISHED IN SPP GI QUEUE EXPORT,Developer Not Disclosed,Confirmed Grid-Scale Storage (BESS),36571,2.251147556571429e+26,false
GEN-2026-SR15,SPP,OK,Balko,Beaver County - Woodward EHV Dbl Ckt (Badger) 345kV,200,Under Study,,NOT PUBLISHED IN SPP GI QUEUE EXPORT,Developer Not Disclosed,Confirmed Grid-Scale Storage (BESS),36571,2.251147556571429e+26,false
GI-RSC-2025-02,SPP,CO,Moffat County,Craig 230 Sub,200,IA in Progress,,NOT PUBLISHED IN SPP GI QUEUE EXPORT,Developer Not Disclosed,Confirmed Grid-Scale Storage (BESS),36571,2.251147556571429e+26,false
GEN-2024-SR6,SPP,OK,Johnston County,Interconnecting at Hugo - Sunnyside 345 kV transmission line,200,IA in Progress,,NOT PUBLISHED IN SPP GI QUEUE EXPORT,Developer Not Disclosed,Confirmed Grid-Scale Storage (BESS),36571,2.251147556571429e+26,false
GEN-2024-074,SPP,MO,Jackson,Duncan Road 161 kV Substation,200,Under Study,,NOT PUBLISHED IN SPP GI QUEUE EXPORT,Developer Not Disclosed,Confirmed Grid-Scale Storage (BESS),36571,2.251147556571429e+26,false
GEN-2023-SR8,SPP,TX,Gruver,Hitchland 345 kV Substation,200,IA in Progress,,NOT PUBLISHED IN SPP GI QUEUE EXPORT,Developer Not Disclosed,Confirmed Grid-Scale Storage (BESS),36571,2.251147556571429e+26,false
GEN-2024-329,SPP,ND,Williams,Pleasant Valley 115 kV Substation,200,Under Study,,NOT PUBLISHED IN SPP GI QUEUE EXPORT,Developer Not Disclosed,Confirmed Grid-Scale Storage (BESS),36571,2.251147556571429e+26,false
GEN-2024-327,SPP,ND,Ward,Berthold 115 kV Substation,200,Under Study,,NOT PUBLISHED IN SPP GI QUEUE EXPORT,Developer Not Disclosed,Confirmed Grid-Scale Storage (BESS),36571,2.251147556571429e+26,false
J3031,MISO,IL,Jefferson,4WLTNVL TP 138 kV,200,Facilities Study,,NOT PUBLISHED IN MISO GI QUEUE DATA,Developer Not Disclosed,Confirmed Grid-Scale Storage (BESS),36571,2.251147556571429e+26,false
0683,NYISO,NY,Montgomery,Coldenham 115kV,200,IA in Progress,KCE NY 2,"KCE NY 2, LLC",Developer Not Matched To Known List,Confirmed Grid-Scale Storage (BESS),36571,2.251147556571429e+26,false
2253,CAISO,CA,Fresno,MANNING 500 kV,200,Active,Solstice C,NOT PUBLISHED IN CAISO CLUSTER REQUEST LIST,Developer Not Disclosed,Confirmed Grid-Scale Storage (BESS),36571,2.251147556571429e+26,false
2360,CAISO,CA,Kings,DRY LAKE SW STA 500 kV,200,Active,Maravillosa 1,NOT PUBLISHED IN CAISO CLUSTER REQUEST LIST,Developer Not Disclosed,Confirmed Grid-Scale Storage (BESS),36571,2.251147556571429e+26,false
J3122,MISO,AR,Crittenden,"Marked Tree – Marion 161kV Tap at 35.3902, -90.3372",200,Under Study,,NOT PUBLISHED IN MISO GI QUEUE DATA,Developer Not Disclosed,Confirmed Grid-Scale Storage (BESS),36571,2.251147556571429e+26,false
J2663,MISO,IN,White,Reynolds - Burr Oak 345 kV Line,200,Facilities Study,,NOT PUBLISHED IN MISO GI QUEUE DATA,Developer Not Disclosed,Confirmed Grid-Scale Storage (BESS),36571,2.251147556571429e+26,false
J3230,MISO,AR,Crittenden,PARKIN - GILMORE 161.0kV,200,Under Study,,NOT PUBLISHED IN MISO GI QUEUE DATA,Developer Not Disclosed,Confirmed Grid-Scale Storage (BESS),36571,2.251147556571429e+26,false
J2586,MISO,IN,Clark,SPEED 345,200,Facilities Study,,NOT PUBLISHED IN MISO GI QUEUE DATA,Developer Not Disclosed,Confirmed Grid-Scale Storage (BESS),36571,2.251147556571429e+26,false
J3980,MISO,IN,Sullivan,Gibson Sta - Merom (HED) 345.0kV,200,Under Study,,NOT PUBLISHED IN MISO GI QUEUE DATA,Developer Not Disclosed,Confirmed Grid-Scale Storage (BESS),36571,2.251147556571429e+26,false
J4123,MISO,MI,Branch,WAGNER,200,Active,,NOT PUBLISHED IN MISO GI QUEUE DATA,Developer Not Disclosed,Confirmed Grid-Scale Storage (BESS),36571,2.251147556571429e+26,false
C24-048,NYISO,NY,Tompkins,Milliken 115kV (aka Cayuga 115kV),200,Facilities Study,BPP NY Lansing BESS I,BPP NY Lansing BESS I LLC,Developer Not Matched To Known List,Confirmed Grid-Scale Storage (BESS),36571,2.251147556571429e+26,false
2251,CAISO,CA,Fresno,MANNING 500 kV,200,Active,Solstice D,NOT PUBLISHED IN CAISO CLUSTER REQUEST LIST,Developer Not Disclosed,Confirmed Grid-Scale Storage (BESS),36571,2.251147556571429e+26,false
2343,CAISO,CA,Kern,DRY LAKE SW STA 500 kV,200,Active,Quaking Aspen,NOT PUBLISHED IN CAISO CLUSTER REQUEST LIST,Developer Not Disclosed,Confirmed Grid-Scale Storage (BESS),36571,2.251147556571429e+26,false
J3058,MISO,AR,Arkansas,TARLETON,200,Under Study,,NOT PUBLISHED IN MISO GI QUEUE DATA,Developer Not Disclosed,Confirmed Grid-Scale Storage (BESS),36571,2.251147556571429e+26,false
J2998,MISO,IL,St. Clair,Fayetteville Bee Hollow Road 138kV Substation,200,Facilities Study,,NOT PUBLISHED IN MISO GI QUEUE DATA,Developer Not Disclosed,Confirmed Grid-Scale Storage (BESS),36571,2.251147556571429e+26,false
C24-205,NYISO,NY,Schoharie,Edic - Princetown Line #352,200,Facilities Study,Wheelhouse Energy Storage,"NEER Interconnection Holdings, LLC",Developer Not Matched To Known List,Confirmed Grid-Scale Storage (BESS),36571,2.251147556571429e+26,false
C24-182,NYISO,NY,Tioga,Oakdale 130755 - Watercure 130757 345 kV line,200,Facilities Study,Southern Tier Energy Center,"Southern Tier Energy Center, LLC",Developer Not Matched To Known List,Confirmed Grid-Scale Storage (BESS),36571,2.251147556571429e+26,false
J3080,MISO,IL,Pulaski,Ameren owned Kelso - Joppa (Massac) 345 kV Tie-Line,200,Facilities Study,,NOT PUBLISHED IN MISO GI QUEUE DATA,Developer Not Disclosed,Confirmed Grid-Scale Storage (BESS),36571,2.251147556571429e+26,false
J3120,MISO,AR,Jackson,Taping 'Newport AB / NEWPORTSOLAR (338177)' to 'Cash / 5CASH (338171)' 161kV Line.,200,Under Study,,NOT PUBLISHED IN MISO GI QUEUE DATA,Developer Not Disclosed,Confirmed Grid-Scale Storage (BESS),36571,2.251147556571429e+26,false
J1900,MISO,MI,Wayne,Brownstown 12  120kV,200,Facilities Study,,NOT PUBLISHED IN MISO GI QUEUE DATA,Developer Not Disclosed,Confirmed Grid-Scale Storage (BESS),36571,2.251147556571429e+26,false
C26-0017,NYISO,NY,Jefferson,115 kV North Watertown Substation,200,Active,North Watertown BESS,"ACE DevCo NC, LLC",Developer Not Matched To Known List,Confirmed Grid-Scale Storage (BESS),36571,2.251147556571429e+26,false
J3873,MISO,IN,Gibson,Owensville Primary,200,Under Study,,NOT PUBLISHED IN MISO GI QUEUE DATA,Developer Not Disclosed,Confirmed Grid-Scale Storage (BESS),36571,2.251147556571429e+26,false
J3660,MISO,IL,Rock Island,Oak Grove 161 kV sub,200,Active,,NOT PUBLISHED IN MISO GI QUEUE DATA,Developer Not Disclosed,Confirmed Grid-Scale Storage (BESS),36571,2.251147556571429e+26,false
J2532,MISO,IL,Sangamon,Latham,200,Facilities Study,,NOT PUBLISHED IN MISO GI QUEUE DATA,Developer Not Disclosed,Confirmed Grid-Scale Storage (BESS),36571,2.251147556571429e+26,false
J2545,MISO,IA,Buchanan,Duane Arnold,200,Under Study,,NOT PUBLISHED IN MISO GI QUEUE DATA,Developer Not Disclosed,Confirmed Grid-Scale Storage (BESS),36571,2.251147556571429e+26,false
J2379,MISO,IL,Clay,Xenia,200,Facilities Study,,NOT PUBLISHED IN MISO GI QUEUE DATA,Developer Not Disclosed,Confirmed Grid-Scale Storage (BESS),36571,2.251147556571429e+26,false
P3001,AESO,AB,Medicine Hat,NOT PUBLISHED IN AESO CONNECTION PROJECT LIST,200,Facilities Study,Midnight MPC Battery,NOT PUBLISHED IN AESO CONNECTION PROJECT LIST,Developer Not Disclosed,Confirmed Grid-Scale Storage (BESS),36571,2.251147556571429e+26,false
R5076,MISO,IN,Lake,SCHAHFER GEN STA - ST. JOHN 345.0kV,200,Active,,NOT PUBLISHED IN MISO GI QUEUE DATA,Developer Not Disclosed,Confirmed Grid-Scale Storage (BESS),36571,2.251147556571429e+26,false
J3729,MISO,IL,Franklin,Benton Northwest,200,Active,,NOT PUBLISHED IN MISO GI QUEUE DATA,Developer Not Disclosed,Confirmed Grid-Scale Storage (BESS),36571,2.251147556571429e+26,false
J3249,MISO,IN,Vanderburgh,Elliott - Francisco 138.0kV,200,Active,,NOT PUBLISHED IN MISO GI QUEUE DATA,Developer Not Disclosed,Confirmed Grid-Scale Storage (BESS),36571,2.251147556571429e+26,false
J3550,MISO,IN,Dubois,Duff - Dubois 138.0 kV,200,Active,,NOT PUBLISHED IN MISO GI QUEUE DATA,Developer Not Disclosed,Confirmed Grid-Scale Storage (BESS),36571,2.251147556571429e+26,false
J3298,MISO,IL,Tazewell,Towerline,200,Active,,NOT PUBLISHED IN MISO GI QUEUE DATA,Developer Not Disclosed,Confirmed Grid-Scale Storage (BESS),36571,2.251147556571429e+26,false
J3402,MISO,WI,Juneau,New J1502 TO Switching Station (Emerson),200,Active,,NOT PUBLISHED IN MISO GI QUEUE DATA,Developer Not Disclosed,Confirmed Grid-Scale Storage (BESS),36571,2.251147556571429e+26,false
J3551,MISO,IA,Mahaska,BEACON,200,Active,,NOT PUBLISHED IN MISO GI QUEUE DATA,Developer Not Disclosed,Confirmed Grid-Scale Storage (BESS),36571,2.251147556571429e+26,false
J3691,MISO,IN,White,REYNOLDS,200,Active,,NOT PUBLISHED IN MISO GI QUEUE DATA,Developer Not Disclosed,Confirmed Grid-Scale Storage (BESS),36571,2.251147556571429e+26,false
J3296,MISO,IL,Hamilton,Hamilton,200,Active,,NOT PUBLISHED IN MISO GI QUEUE DATA,Developer Not Disclosed,Confirmed Grid-Scale Storage (BESS),36571,2.251147556571429e+26,false
J2472,MISO,IN,Sullivan,Gibson Sta - Merom (HED) 345.0kV,200,Facilities Study,,NOT PUBLISHED IN MISO GI QUEUE DATA,Developer Not Disclosed,Confirmed Grid-Scale Storage (BESS),36571,2.251147556571429e+26,false
J3497,MISO,IL,Pulaski,Other_,200,Active,,NOT PUBLISHED IN MISO GI QUEUE DATA,Developer Not Disclosed,Confirmed Grid-Scale Storage (BESS),36571,2.251147556571429e+26,false
J4154,MISO,MS,Madison,Andes Substation,200,Active,,NOT PUBLISHED IN MISO GI QUEUE DATA,Developer Not Disclosed,Confirmed Grid-Scale Storage (BESS),36571,2.251147556571429e+26,false
J3879,MISO,IN,Jackson,Cayuga  - Hillsdale North 230.0kV,200,Under Study,,NOT PUBLISHED IN MISO GI QUEUE DATA,Developer Not Disclosed,Confirmed Grid-Scale Storage (BESS),36571,2.251147556571429e+26,false
J3981,MISO,IN,Sullivan,Gibson Sta - Merom (HED) 345.0kV,200,Under Study,,NOT PUBLISHED IN MISO GI QUEUE DATA,Developer Not Disclosed,Confirmed Grid-Scale Storage (BESS),36571,2.251147556571429e+26,false
C24-060,NYISO,NY,Steuben,Stony Ridge 230kV,200,Facilities Study,Gemma Energy Storage,TransGrid Energy LLC,Developer Not Matched To Known List,Confirmed Grid-Scale Storage (BESS),36571,2.251147556571429e+26,false
C24-062,NYISO,NY,Dutchess,Manchester 115 kV,200,Facilities Study,Highbush Energy Storage,TransGrid Energy LLC,Developer Not Matched To Known List,Confirmed Grid-Scale Storage (BESS),36571,2.251147556571429e+26,false
J1898,MISO,MN,Olmsted,Byron 161 kV,200,Facilities Study,,NOT PUBLISHED IN MISO GI QUEUE DATA,Developer Not Disclosed,Confirmed Grid-Scale Storage (BESS),36571,2.251147556571429e+26,false
J1891,MISO,MS,Attala,230 kV McAdams Substation,200,IA in Progress,,NOT PUBLISHED IN MISO GI QUEUE DATA,Developer Not Disclosed,Confirmed Grid-Scale Storage (BESS),36571,2.251147556571429e+26,false
J1894,MISO,MI,Kalamazoo,Jaguar 138 kV,200,Facilities Study,,NOT PUBLISHED IN MISO GI QUEUE DATA,Developer Not Disclosed,Confirmed Grid-Scale Storage (BESS),36571,2.251147556571429e+26,false
J1779,MISO,WI,Dane,Rockdale,200,IA in Progress,,NOT PUBLISHED IN MISO GI QUEUE DATA,Developer Not Disclosed,Confirmed Grid-Scale Storage (BESS),36571,2.251147556571429e+26,false
J1895,MISO,WI,Kenosha,Balsam,200,Facilities Study,,NOT PUBLISHED IN MISO GI QUEUE DATA,Developer Not Disclosed,Confirmed Grid-Scale Storage (BESS),36571,2.251147556571429e+26,false
J1902,MISO,MI,Wayne,IRONTON,200,Facilities Study,,NOT PUBLISHED IN MISO GI QUEUE DATA,Developer Not Disclosed,Confirmed Grid-Scale Storage (BESS),36571,2.251147556571429e+26,false
S1113,MISO,IA,Franklin,Quinn,200,Active,,NOT PUBLISHED IN MISO GI QUEUE DATA,Developer Not Disclosed,Confirmed Grid-Scale Storage (BESS),36571,2.251147556571429e+26,false
S1117,MISO,MO,New Madrid,Marston 161 kV,200,Active,,NOT PUBLISHED IN MISO GI QUEUE DATA,Developer Not Disclosed,Confirmed Grid-Scale Storage (BESS),36571,2.251147556571429e+26,false
J3169,MISO,TX,Hardin,Cypress 138 kV Substation,200,Under Study,,NOT PUBLISHED IN MISO GI QUEUE DATA,Developer Not Disclosed,Confirmed Grid-Scale Storage (BESS),36571,2.251147556571429e+26,false
S1100,MISO,AR,Mississippi,BLYTHEVILLE I-55 - AECC BLYTHEVILLE NORTH 161.0kV,200,Active,,NOT PUBLISHED IN MISO GI QUEUE DATA,Developer Not Disclosed,Confirmed Grid-Scale Storage (BESS),36571,2.251147556571429e+26,false
J4137,MISO,IL,Pulaski,Other_,200,Active,,NOT PUBLISHED IN MISO GI QUEUE DATA,Developer Not Disclosed,Confirmed Grid-Scale Storage (BESS),36571,2.251147556571429e+26,false
J4065,MISO,MN,Dakota,Nininger 115 kV,200,Under Study,,NOT PUBLISHED IN MISO GI QUEUE DATA,Developer Not Disclosed,Confirmed Grid-Scale Storage (BESS),36571,2.251147556571429e+26,false
J2607,MISO,IL,Montgomery,Redhawk 138 kV - MTEP Project (17976),200,Facilities Study,,NOT PUBLISHED IN MISO GI QUEUE DATA,Developer Not Disclosed,Confirmed Grid-Scale Storage (BESS),36571,2.251147556571429e+26,false
S1079,MISO,ND,Cass,BISON,200,Active,,NOT PUBLISHED IN MISO GI QUEUE DATA,Developer Not Disclosed,Confirmed Grid-Scale Storage (BESS),36571,2.251147556571429e+26,false
S1085,MISO,MN,Nobles,NOBLES COUNTY,200,Active,,NOT PUBLISHED IN MISO GI QUEUE DATA,Developer Not Disclosed,Confirmed Grid-Scale Storage (BESS),36571,2.251147556571429e+26,false
J2265,MISO,MO,Bollinger,St. Francois (Bus #345773) - Lutesville (Bus #344974) 345 kV Line,200,Facilities Study,,NOT PUBLISHED IN MISO GI QUEUE DATA,Developer Not Disclosed,Confirmed Grid-Scale Storage (BESS),36571,2.251147556571429e+26,false
J4019,MISO,MI,Calhoun,BATTLE CREEK - ONEIDA 345.0kV,200,Active,,NOT PUBLISHED IN MISO GI QUEUE DATA,Developer Not Disclosed,Confirmed Grid-Scale Storage (BESS),36571,2.251147556571429e+26,false
J3947,MISO,IL,Shelby,7FARADAY - 7PANA 345.0kV,200,Under Study,,NOT PUBLISHED IN MISO GI QUEUE DATA,Developer Not Disclosed,Confirmed Grid-Scale Storage (BESS),36571,2.251147556571429e+26,false
J2852,MISO,SD,Roberts,Browns Valley 230 kV Substation,200,Under Study,,NOT PUBLISHED IN MISO GI QUEUE DATA,Developer Not Disclosed,Confirmed Grid-Scale Storage (BESS),36571,2.251147556571429e+26,false
J2601,MISO,MN,Wabasha,North Rochester - Briggs Road 345.0kV,200,Under Study,,NOT PUBLISHED IN MISO GI QUEUE DATA,Developer Not Disclosed,Confirmed Grid-Scale Storage (BESS),36571,2.251147556571429e+26,false
C26-0025,NYISO,NY,Suffolk,POI is Edwards Avenue 138 kV Substation via existing position for Riverhead Solar Farm/Q535 Riverhead Solar 2 Projects,200,Active,Riptide Storage,"ACE DevCo NC, LLC",Developer Not Matched To Known List,Confirmed Grid-Scale Storage (BESS),36571,2.251147556571429e+26,false
S1102,MISO,IN,Cass,Walton 230,200,Active,,NOT PUBLISHED IN MISO GI QUEUE DATA,Developer Not Disclosed,Confirmed Grid-Scale Storage (BESS),36571,2.251147556571429e+26,false
2300,CAISO,CA,Kern,ARCO-MIDWAY,200,Active,GAMAY,NOT PUBLISHED IN CAISO CLUSTER REQUEST LIST,Developer Not Disclosed,Confirmed Grid-Scale Storage (BESS),36571,2.251147556571429e+26,false
J2587,MISO,IL,Edgar,Sugar Creek - Cayuga CT  345.0kV,200,Facilities Study,,NOT PUBLISHED IN MISO GI QUEUE DATA,Developer Not Disclosed,Confirmed Grid-Scale Storage (BESS),36571,2.251147556571429e+26,false
J2844,MISO,KY,Henderson,AB Brown 345 - Reid EHV (BREC Terminal) 345.0kV,200,Facilities Study,,NOT PUBLISHED IN MISO GI QUEUE DATA,Developer Not Disclosed,Confirmed Grid-Scale Storage (BESS),36571,2.251147556571429e+26,false
J2893,MISO,MS,Holmes,DURANT - BOWLING GREEN SS 115.0kV,200,Under Study,,NOT PUBLISHED IN MISO GI QUEUE DATA,Developer Not Disclosed,Confirmed Grid-Scale Storage (BESS),36571,2.251147556571429e+26,false
J2799,MISO,MI,Van Buren,ARGENTA - PALISADES 345.0kV,200,Under Study,,NOT PUBLISHED IN MISO GI QUEUE DATA,Developer Not Disclosed,Confirmed Grid-Scale Storage (BESS),36571,2.251147556571429e+26,false
J2906,MISO,MI,Kalamazoo,Jaguar 138kV substation,200,Under Study,,NOT PUBLISHED IN MISO GI QUEUE DATA,Developer Not Disclosed,Confirmed Grid-Scale Storage (BESS),36571,2.251147556571429e+26,false
J2889,MISO,MI,Allegan,Argenta 138kV,200,Under Study,,NOT PUBLISHED IN MISO GI QUEUE DATA,Developer Not Disclosed,Confirmed Grid-Scale Storage (BESS),36571,2.251147556571429e+26,false
J2572,MISO,IN,Hamilton,Noblesville (Duke) - Hortonville (Duke) 345.0kV,200,Facilities Study,,NOT PUBLISHED IN MISO GI QUEUE DATA,Developer Not Disclosed,Confirmed Grid-Scale Storage (BESS),36571,2.251147556571429e+26,false
J2991,MISO,MI,Wayne,Dayton 120kV Substation,200,Under Study,,NOT PUBLISHED IN MISO GI QUEUE DATA,Developer Not Disclosed,Confirmed Grid-Scale Storage (BESS),36571,2.251147556571429e+26,false
J2822,MISO,MI,Van Buren,PALISADES - VERGENNES 345.0kV,200,Under Study,,NOT PUBLISHED IN MISO GI QUEUE DATA,Developer Not Disclosed,Confirmed Grid-Scale Storage (BESS),36571,2.251147556571429e+26,false
J2153,MISO,AR,Ashley,Ashley Switchyard,200,IA in Progress,,NOT PUBLISHED IN MISO GI QUEUE DATA,Developer Not Disclosed,Confirmed Grid-Scale Storage (BESS),36571,2.251147556571429e+26,false
J2840,MISO,MN,Olmsted,Byron 161 kV,200,Under Study,,NOT PUBLISHED IN MISO GI QUEUE DATA,Developer Not Disclosed,Confirmed Grid-Scale Storage (BESS),36571,2.251147556571429e+26,false
J2238,MISO,MO,Maries,The Franks (Bus #300041) - Bland (Bus #344154) 345 kV Line,200,Facilities Study,,NOT PUBLISHED IN MISO GI QUEUE DATA,Developer Not Disclosed,Confirmed Grid-Scale Storage (BESS),36571,2.251147556571429e+26,false
J2213,MISO,IN,Marshall,HIPLE,200,Facilities Study,,NOT PUBLISHED IN MISO GI QUEUE DATA,Developer Not Disclosed,Confirmed Grid-Scale Storage (BESS),36571,2.251147556571429e+26,false
1555,ISO-NE,MA,Essex,115KV Line Q-169 between Resco-Saugus Tap and Melrose #2 Tap. Approximately 2.4 miles from Melrose #2 Tap and approximately 2.35 miles from Resco-Saugus Tap,200,Active,Battery Storage,NOT PUBLISHED IN ISO-NE IRTT PUBLIC QUEUE,Developer Not Disclosed,Confirmed Grid-Scale Storage (BESS),36571,2.251147556571429e+26,false
J3978,MISO,IN,Sullivan,Petersburg - Sullivan (AEP/PJM) 345.0kV,200,Under Study,,NOT PUBLISHED IN MISO GI QUEUE DATA,Developer Not Disclosed,Confirmed Grid-Scale Storage (BESS),36571,2.251147556571429e+26,false
J4053,MISO,MI,Grand Traverse,KEYSTONE - WEXFORD 138.0kV,200,Active,,NOT PUBLISHED IN MISO GI QUEUE DATA,Developer Not Disclosed,Confirmed Grid-Scale Storage (BESS),36571,2.251147556571429e+26,false
J4002,MISO,IL,Edgar,7KANSAS   - 08SUGCRK 345.0kV,200,Under Study,,NOT PUBLISHED IN MISO GI QUEUE DATA,Developer Not Disclosed,Confirmed Grid-Scale Storage (BESS),36571,2.251147556571429e+26,false
J3704,MISO,MN,Redwood,Cedar Mountain - Lyon County 345.0kV,200,Active,,NOT PUBLISHED IN MISO GI QUEUE DATA,Developer Not Disclosed,Confirmed Grid-Scale Storage (BESS),36571,2.251147556571429e+26,false
J3703,MISO,MN,Itasca,Blackberry 230/115kV,200,Active,,NOT PUBLISHED IN MISO GI QUEUE DATA,Developer Not Disclosed,Confirmed Grid-Scale Storage (BESS),36571,2.251147556571429e+26,false
S1123,MISO,LA,Beauregard,Cole - Penton Road 230.0kV,200,Active,,NOT PUBLISHED IN MISO GI QUEUE DATA,Developer Not Disclosed,Confirmed Grid-Scale Storage (BESS),36571,2.251147556571429e+26,false
S1131,MISO,IL,Perry,7JORD - 7CMDR 345.0kV,200,Active,,NOT PUBLISHED IN MISO GI QUEUE DATA,Developer Not Disclosed,Confirmed Grid-Scale Storage (BESS),36571,2.251147556571429e+26,false
J4204,MISO,IL,Marion,South Belleville,200,Active,,NOT PUBLISHED IN MISO GI QUEUE DATA,Developer Not Disclosed,Confirmed Grid-Scale Storage (BESS),36571,2.251147556571429e+26,false
J4199,MISO,IL,Fulton,Canton South,200,Active,,NOT PUBLISHED IN MISO GI QUEUE DATA,Developer Not Disclosed,Confirmed Grid-Scale Storage (BESS),36571,2.251147556571429e+26,false
J3291,MISO,IN,LaGrange,HIPLE,200,Active,,NOT PUBLISHED IN MISO GI QUEUE DATA,Developer Not Disclosed,Confirmed Grid-Scale Storage (BESS),36571,2.251147556571429e+26,false
J2475,MISO,MI,Monroe,Toll Rd 120kV,200,Under Study,,NOT PUBLISHED IN MISO GI QUEUE DATA,Developer Not Disclosed,Confirmed Grid-Scale Storage (BESS),36571,2.251147556571429e+26,false
J3251,MISO,MI,Genesee,THETFORD,200,Active,,NOT PUBLISHED IN MISO GI QUEUE DATA,Developer Not Disclosed,Confirmed Grid-Scale Storage (BESS),36571,2.251147556571429e+26,false
R5093,MISO,LA,St. James,VACHERIE,200,Active,,NOT PUBLISHED IN MISO GI QUEUE DATA,Developer Not Disclosed,Confirmed Grid-Scale Storage (BESS),36571,2.251147556571429e+26,false
J3979,MISO,IN,Sullivan,Petersburg - Sullivan (AEP/PJM) 345.0kV,200,Under Study,,NOT PUBLISHED IN MISO GI QUEUE DATA,Developer Not Disclosed,Confirmed Grid-Scale Storage (BESS),36571,2.251147556571429e+26,false
J1642,MISO,IN,Spencer,North East (Castle) - Culley 138kV,200,IA in Progress,,NOT PUBLISHED IN MISO GI QUEUE DATA,Developer Not Disclosed,Confirmed Grid-Scale Storage (BESS),36571,2.251147556571429e+26,false
J2402,MISO,IL,Johnson,7W_FRFT_E - 7SHAWNEE FP 345.0kV,200,Facilities Study,,NOT PUBLISHED IN MISO GI QUEUE DATA,Developer Not Disclosed,Confirmed Grid-Scale Storage (BESS),36571,2.251147556571429e+26,false
J1525,MISO,MI,Huron,GRASSMERE,200,IA in Progress,,NOT PUBLISHED IN MISO GI QUEUE DATA,Developer Not Disclosed,Confirmed Grid-Scale Storage (BESS),36571,2.251147556571429e+26,false
J2388,MISO,IL,Macon,Faraday,200,Facilities Study,,NOT PUBLISHED IN MISO GI QUEUE DATA,Developer Not Disclosed,Confirmed Grid-Scale Storage (BESS),36571,2.251147556571429e+26,false
J3440,MISO,MO,Daviess,Other_,200,Active,,NOT PUBLISHED IN MISO GI QUEUE DATA,Developer Not Disclosed,Confirmed Grid-Scale Storage (BESS),36571,2.251147556571429e+26,false
J3785,MISO,MI,Kenosha,Pleasant Prairie,200,Active,,NOT PUBLISHED IN MISO GI QUEUE DATA,Developer Not Disclosed,Confirmed Grid-Scale Storage (BESS),36571,2.251147556571429e+26,false
J3236,MISO,MN,Chisago,Chisago County 115kV Substation,200,Active,,NOT PUBLISHED IN MISO GI QUEUE DATA,Developer Not Disclosed,Confirmed Grid-Scale Storage (BESS),36571,2.251147556571429e+26,false
S1107,MISO,IA,Clinton,Calamus East,200,Active,,NOT PUBLISHED IN MISO GI QUEUE DATA,Developer Not Disclosed,Confirmed Grid-Scale Storage (BESS),36571,2.251147556571429e+26,false
S1095,MISO,IL,Perry,7ASTER - 7CMDR 345.0kV,200,Active,,NOT PUBLISHED IN MISO GI QUEUE DATA,Developer Not Disclosed,Confirmed Grid-Scale Storage (BESS),36571,2.251147556571429e+26,false
J3357,MISO,IN,Kosciusko,LEESBURG,200,Active,,NOT PUBLISHED IN MISO GI QUEUE DATA,Developer Not Disclosed,Confirmed Grid-Scale Storage (BESS),36571,2.251147556571429e+26,false
S1101,MISO,AR,St. Francis,BRINKLEY EAST - AECC AUBREY 230.0kV,200,Active,,NOT PUBLISHED IN MISO GI QUEUE DATA,Developer Not Disclosed,Confirmed Grid-Scale Storage (BESS),36571,2.251147556571429e+26,false
J3784,MISO,WI,Ozaukee,Saukville (Cedarsauk),200,Active,,NOT PUBLISHED IN MISO GI QUEUE DATA,Developer Not Disclosed,Confirmed Grid-Scale Storage (BESS),36571,2.251147556571429e+26,false
30INR0140,ERCOT,TX,Montague,(741) DYEMOUND Substation 138kV,200,Facilities Study,Enfinity Primrose,EG Primrose LLC,Developer Not Matched To Known List,Confirmed Grid-Scale Storage (BESS),36571,2.251147556571429e+26,false
28INR0110,ERCOT,TX,McCulloch,76006 Bow Wood 345 kV,200,Facilities Study,Biggs BESS,"Biggs Battery Facility, LLC",Developer Not Matched To Known List,Confirmed Grid-Scale Storage (BESS),36571,2.251147556571429e+26,false
29INR0267,ERCOT,TX,Borden,Tap 138kV Key (1307) to 138kV Gail (1308),200,Facilities Study,Enfinity White Oak BESS,EG White Oak LLC,Developer Not Matched To Known List,Confirmed Grid-Scale Storage (BESS),36571,2.251147556571429e+26,false
27INR0371,ERCOT,TX,Glasscock,59902 Sand_Bluff 345kV,200,Facilities Study,Feather Dalea BESS,"RWE Clean Energy Development, LLC",Developer Not Matched To Known List,Confirmed Grid-Scale Storage (BESS),36571,2.251147556571429e+26,false
27INR0231,ERCOT,TX,Schleicher,Tap 345 kV 76003 Big Hill to 76005 Schneeman Draw,200,Facilities Study,Easy Battery Energy Storage Center,"Easy Wind Energy Center, LLC",Developer Not Matched To Known List,Confirmed Grid-Scale Storage (BESS),36571,2.251147556571429e+26,false
24INR0446,ERCOT,TX,Starr,Tap 138kV 8796 Roma – 7870 Escobares,200,Facilities Study,PSE Gongora Hill TX Storage,PureSky Development Inc,Developer Not Matched To Known List,Confirmed Grid-Scale Storage (BESS),36571,2.251147556571429e+26,false
24INR0447,ERCOT,TX,Hidalgo,Tap 138kV 8392 Bates – 8394 Liston,200,Facilities Study,PSE Chihuahua TX Storage,PureSky Development Inc,Developer Not Matched To Known List,Confirmed Grid-Scale Storage (BESS),36571,2.251147556571429e+26,false
29INR0250,ERCOT,TX,Kaufman,1698 Sulphur Springs Switch and 3174 Canton Switch 138 kV,200,Facilities Study,Slash Pine Storage,EG Slash Pine LLC,Developer Not Matched To Known List,Confirmed Grid-Scale Storage (BESS),36571,2.251147556571429e+26,false
29INR0280,ERCOT,TX,Crane,Tap 345 kV #18668 ROCK DRAW - #76000 NORTH MCCAMEY ckt 1,200,Facilities Study,Tierra Loma Storage,"Tierra Loma Solar, LLC",Developer Not Matched To Known List,Confirmed Grid-Scale Storage (BESS),36571,2.251147556571429e+26,false
24INR0445,ERCOT,TX,Starr,TAP 138KV 8793 RIO GRANDE CITY - 8798 LAGRULLA,200,Facilities Study,PSE Flores TX Storage,PureSky Development Inc,Developer Not Matched To Known List,Confirmed Grid-Scale Storage (BESS),36571,2.251147556571429e+26,false
29INR0214,ERCOT,TX,Atascosa,TAP 345KV (#5709) Fowlerton - (#5901) SAN MIGUEL LINE Ckt-2,200,Facilities Study,Amphion Storage,"Amphion Solar, LLC",Developer Not Matched To Known List,Confirmed Grid-Scale Storage (BESS),36571,2.251147556571429e+26,false
25INR0039,ERCOT,TX,Hidalgo,tap 138kV 8380 NEDIN4A – 8632 NMCALLEN4C,200,Facilities Study,Borderland ESC,"FRESH AIR ENERGY II, LLC",Developer Not Matched To Known List,Confirmed Grid-Scale Storage (BESS),36571,2.251147556571429e+26,false
26INR0179,ERCOT,TX,Zavala,8008 La Pryor4A,200,Facilities Study,SunShiner ESS,SunShiner ESS LLC,Developer Not Matched To Known List,Confirmed Grid-Scale Storage (BESS),36571,2.251147556571429e+26,false
GI-TC-2024-30,SPP,CO,Morgan County,Story 230 Substation,199.9,IA in Progress,,NOT PUBLISHED IN SPP GI QUEUE EXPORT,Developer Not Disclosed,Confirmed Grid-Scale Storage (BESS),36553,2.250021982793143e+26,false
GI-CS-2025-19,SPP,CO,"Morgan County,",Story 230 Substation,199.9,Under Study,,NOT PUBLISHED IN SPP GI QUEUE EXPORT,Developer Not Disclosed,Confirmed Grid-Scale Storage (BESS),36553,2.250021982793143e+26,false
GI-CS-2025-20,SPP,CO,"Morgan County,",Story 230 Substation,199.9,Under Study,,NOT PUBLISHED IN SPP GI QUEUE EXPORT,Developer Not Disclosed,Confirmed Grid-Scale Storage (BESS),36553,2.250021982793143e+26,false
J3515,MISO,IL,Sangamon,343505 Interstate,199.9,Active,,NOT PUBLISHED IN MISO GI QUEUE DATA,Developer Not Disclosed,Confirmed Grid-Scale Storage (BESS),36553,2.250021982793143e+26,false
2221,CAISO,CA,Alameda,TESLA 230 kV,199.9,Active,Emerita Energy Storage,NOT PUBLISHED IN CAISO CLUSTER REQUEST LIST,Developer Not Disclosed,Confirmed Grid-Scale Storage (BESS),36553,2.250021982793143e+26,false
J3480,MISO,MI,Allegan,SCOTT LAKE,199.9,Active,,NOT PUBLISHED IN MISO GI QUEUE DATA,Developer Not Disclosed,Confirmed Grid-Scale Storage (BESS),36553,2.250021982793143e+26,false
GEN-2024-260,SPP,MO,Buchan,East Town 161 kV Substation,199.8,Under Study,,NOT PUBLISHED IN SPP GI QUEUE EXPORT,Developer Not Disclosed,Confirmed Grid-Scale Storage (BESS),36535,2.2488964090148576e+26,false
GI-CS-2025-17,SPP,CO,"Moffat County,",Craig - Meeker 345 Line,199.5,Under Study,,NOT PUBLISHED IN SPP GI QUEUE EXPORT,Developer Not Disclosed,Confirmed Grid-Scale Storage (BESS),36480,2.24551968768e+26,false
J1336,MISO,IN,"Jasper, Starke",Schahfer - Burr Oak 345kV Line,199.5,IA in Progress,,NOT PUBLISHED IN MISO GI QUEUE DATA,Developer Not Disclosed,Confirmed Grid-Scale Storage (BESS),36480,2.24551968768e+26,false
J1340,MISO,IN,"Jasper, Starke",Schahfer - Burr Oak 345kV Line,199.5,IA in Progress,,NOT PUBLISHED IN MISO GI QUEUE DATA,Developer Not Disclosed,Confirmed Grid-Scale Storage (BESS),36480,2.24551968768e+26,false
J1339,MISO,IN,"Jasper, Starke",Schahfer - Burr Oak 345kV Line,199.5,IA in Progress,,NOT PUBLISHED IN MISO GI QUEUE DATA,Developer Not Disclosed,Confirmed Grid-Scale Storage (BESS),36480,2.24551968768e+26,false
GI-DISIS-2022-02,SPP,CO,Weld County,Keota 345 Substation,199,IA in Progress,,NOT PUBLISHED IN SPP GI QUEUE EXPORT,Developer Not Disclosed,Confirmed Grid-Scale Storage (BESS),36389,2.239891818788572e+26,false
GI-DISIS-2022-07,SPP,CO,Weld County,"West Sand Creek 230 Switching
Station",199,IA in Progress,,NOT PUBLISHED IN SPP GI QUEUE EXPORT,Developer Not Disclosed,Confirmed Grid-Scale Storage (BESS),36389,2.239891818788572e+26,false
GEN-2024-318,SPP,OK,Tulsa,Tulsa North - American Airlines 138 kV Line,199,Under Study,,NOT PUBLISHED IN SPP GI QUEUE EXPORT,Developer Not Disclosed,Confirmed Grid-Scale Storage (BESS),36389,2.239891818788572e+26,false
GEN-2024-352,SPP,MO,Jackson,Sibley 345 kV Substation,199,Under Study,,NOT PUBLISHED IN SPP GI QUEUE EXPORT,Developer Not Disclosed,Confirmed Grid-Scale Storage (BESS),36389,2.239891818788572e+26,false
GEN-2024-320,SPP,KS,Wyandotte,Jaggard 115 kV Substation,199,Under Study,,NOT PUBLISHED IN SPP GI QUEUE EXPORT,Developer Not Disclosed,Confirmed Grid-Scale Storage (BESS),36389,2.239891818788572e+26,false
GEN-2024-319,SPP,KS,Wyandotte,Metro 5 161 kV Substation,199,Under Study,,NOT PUBLISHED IN SPP GI QUEUE EXPORT,Developer Not Disclosed,Confirmed Grid-Scale Storage (BESS),36389,2.239891818788572e+26,false
GEN-2024-181,SPP,MO,Greene,Brookline 161 kV Substation,199,Under Study,,NOT PUBLISHED IN SPP GI QUEUE EXPORT,Developer Not Disclosed,Confirmed Grid-Scale Storage (BESS),36389,2.239891818788572e+26,false
GEN-2024-118,SPP,OK,Wagoner,East 11th Street 138kV Substation,199,Under Study,,NOT PUBLISHED IN SPP GI QUEUE EXPORT,Developer Not Disclosed,Confirmed Grid-Scale Storage (BESS),36389,2.239891818788572e+26,false
GI-TC-2024-26,SPP,CO,Elbert County,Lincoln – Midway 230  Line,199,IA in Progress,,NOT PUBLISHED IN SPP GI QUEUE EXPORT,Developer Not Disclosed,Confirmed Grid-Scale Storage (BESS),36389,2.239891818788572e+26,false
GEN-2024-177,SPP,LA,Bossier Parish,Red Point 138 kV Substation,199,Under Study,,NOT PUBLISHED IN SPP GI QUEUE EXPORT,Developer Not Disclosed,Confirmed Grid-Scale Storage (BESS),36389,2.239891818788572e+26,false
GEN-2024-120,SPP,OK,Oklahoma,JNS KAMO 138 kV Substation,199,Under Study,,NOT PUBLISHED IN SPP GI QUEUE EXPORT,Developer Not Disclosed,Confirmed Grid-Scale Storage (BESS),36389,2.239891818788572e+26,false
GEN-2024-178,SPP,TX,Harrison,Pirkey 138 kV Substation,199,Under Study,,NOT PUBLISHED IN SPP GI QUEUE EXPORT,Developer Not Disclosed,Confirmed Grid-Scale Storage (BESS),36389,2.239891818788572e+26,false
GI-CS-2025-02,SPP,CO,"Adams County,",230 West Sand Creek Switching Station,199,Under Study,,NOT PUBLISHED IN SPP GI QUEUE EXPORT,Developer Not Disclosed,Confirmed Grid-Scale Storage (BESS),36389,2.239891818788572e+26,false
2227,CAISO,CA,San Bernardino,LUGO 500 kV,199,Active,Conduit Energy Storage 2,NOT PUBLISHED IN CAISO CLUSTER REQUEST LIST,Developer Not Disclosed,Confirmed Grid-Scale Storage (BESS),36389,2.239891818788572e+26,false
2339,CAISO,CA,San Bernardino,LUGO 500 kV,199,Active,Comstock,NOT PUBLISHED IN CAISO CLUSTER REQUEST LIST,Developer Not Disclosed,Confirmed Grid-Scale Storage (BESS),36389,2.239891818788572e+26,false
2262,CAISO,CA,Calaveras,LOCKEFORD 115 kV,199,Active,Helios Grid Reliability,NOT PUBLISHED IN CAISO CLUSTER REQUEST LIST,Developer Not Disclosed,Confirmed Grid-Scale Storage (BESS),36389,2.239891818788572e+26,false
J4173,MISO,IA,Wapello,Ottumwa Generating St. 161 kV,199,Active,,NOT PUBLISHED IN MISO GI QUEUE DATA,Developer Not Disclosed,Confirmed Grid-Scale Storage (BESS),36389,2.239891818788572e+26,false
2204,CAISO,CA,Monterey,MOSS LANDING PP 115 kV,199,Active,Antlia,NOT PUBLISHED IN CAISO CLUSTER REQUEST LIST,Developer Not Disclosed,Confirmed Grid-Scale Storage (BESS),36389,2.239891818788572e+26,false
C24-324,NYISO,NY,Dutchess,Pleasant Valley - Todd Hill 115 kV,199,Facilities Study,Overlook Storage,Origis Development LLC,Developer Not Matched To Known List,Confirmed Grid-Scale Storage (BESS),36389,2.239891818788572e+26,false
J2280,MISO,IN,UNKNOWN,GREENWOOD CLARK TOWNSHIP,198,Facilities Study,,NOT PUBLISHED IN MISO GI QUEUE DATA,Developer Not Disclosed,Confirmed Grid-Scale Storage (BESS),36206,2.2286360810057143e+26,false
J2575,MISO,IL,Tazewell,Cincinnati 138 kV Substation,198,Facilities Study,,NOT PUBLISHED IN MISO GI QUEUE DATA,Developer Not Disclosed,Confirmed Grid-Scale Storage (BESS),36206,2.2286360810057143e+26,false
2359,CAISO,CA,Los Angeles,ANTELOPE 230 kV,197,Active,Brundage Energy Storage,NOT PUBLISHED IN CAISO CLUSTER REQUEST LIST,Developer Not Disclosed,Confirmed Grid-Scale Storage (BESS),36023,2.2173803432228577e+26,false
GEN-2026-SR29,SPP,KS,Thomas County,Mingo 115kV,196.6,Under Study,,NOT PUBLISHED IN SPP GI QUEUE EXPORT,Developer Not Disclosed,Confirmed Grid-Scale Storage (BESS),35942,2.2124278185984e+26,false
C01-1439,PJM,IL,Bureau,NOT PUBLISHED BY PJM (Transmission Owner: ComEd),195,Active,Kewanee - Putnam 138 kV,"CPV Meadowsweet Solar, LLC",Developer Not Matched To Known List,Confirmed Grid-Scale Storage (BESS),35657,2.1948688676571428e+26,false
J4155,MISO,IA,Linn,Prairie Creek - Stony Point 115kV,195,Active,,NOT PUBLISHED IN MISO GI QUEUE DATA,Developer Not Disclosed,Confirmed Grid-Scale Storage (BESS),35657,2.1948688676571428e+26,false
C01-1939,PJM,OH,Holmes,NOT PUBLISHED BY PJM (Transmission Owner: AEP),192.4,Active,West Millersburg 138 kV,"Coms Run Storage, LLC",Developer Not Matched To Known List,Confirmed Grid-Scale Storage (BESS),35182,2.1656039494217145e+26,false
27INR0145,ERCOT,TX,Fannin,Tap 1593 BONHAM_P8 to Allens Creek 1835 138kV,192.1,Facilities Study,Steelhead Energy Storage,"GRS BESS TEXAS SEVEN, LLC",Developer Not Matched To Known List,Confirmed Grid-Scale Storage (BESS),35127,2.1622272280868573e+26,false
25INR0061,ERCOT,TX,Bee,Tap 345kV 8689 Tango - 8606 Goddard,192,Facilities Study,Argenta Storage,"Charter Oak Storage, LLC",Developer Not Matched To Known List,Confirmed Grid-Scale Storage (BESS),35109,2.161101654308572e+26,false
27INR0112,ERCOT,TX,Wharton,Tap 345 kV 44200 Hillje – 9073 Holman,191.1,Facilities Study,Malachite BESS,Malachite Storage LLC,Developer Not Matched To Known List,Confirmed Grid-Scale Storage (BESS),34948,2.1511966050596573e+26,false
C01-1932,PJM,KY,Harrison,NOT PUBLISHED BY PJM (Transmission Owner: EKPC),190,Active,Renaker 138 kV,"Blue Bend Storage, LLC",Developer Not Matched To Known List,Confirmed Grid-Scale Storage (BESS),34743,2.138590178742857e+26,false
C01-1861,PJM,IL,Ogle,NOT PUBLISHED BY PJM (Transmission Owner: ComEd),190,Active,Dixon - Sterling 138 kV,Kings Castle Solar LLC,Developer Not Matched To Known List,Confirmed Grid-Scale Storage (BESS),34743,2.138590178742857e+26,false
C01-1940,PJM,OH,Tuscarawas,NOT PUBLISHED BY PJM (Transmission Owner: AEP),190,Active,Hillview 138 kV,"Forge Storage, LLC",Developer Not Matched To Known List,Confirmed Grid-Scale Storage (BESS),34743,2.138590178742857e+26,false
C01-1945,PJM,OH,Hamilton,NOT PUBLISHED BY PJM (Transmission Owner: DEOK),190,Active,Willey 138 kV,"Second Wind Storage, LLC",Developer Not Matched To Known List,Confirmed Grid-Scale Storage (BESS),34743,2.138590178742857e+26,false
C01-1173,PJM,VA,Fauquier,NOT PUBLISHED BY PJM (Transmission Owner: Dominion),190,Active,Sowego 115 kV,Idemitsu Renewables America Development LLC,Developer Not Matched To Known List,Confirmed Grid-Scale Storage (BESS),34743,2.138590178742857e+26,false
C01-1946,PJM,WV,Hancock,NOT PUBLISHED BY PJM (Transmission Owner: AEP),190,Active,East Liverpool 138kV - South Chester 138kV 138 kV,"Tiny Blue Storage, LLC",Developer Not Matched To Known List,Confirmed Grid-Scale Storage (BESS),34743,2.138590178742857e+26,false
C01-1943,PJM,MD,Charles,NOT PUBLISHED BY PJM (Transmission Owner: PEPCO),190,Active,Morgantown 230 kV,"Heritage Solar, LLC",Developer Not Matched To Known List,Confirmed Grid-Scale Storage (BESS),34743,2.138590178742857e+26,false
C01-1556,PJM,NC,Washington,NOT PUBLISHED BY PJM (Transmission Owner: Dominion),190,Active,Creswell 115 kV,ENGIE IR Holdings LLC,Developer Not Matched To Known List,Confirmed Grid-Scale Storage (BESS),34743,2.138590178742857e+26,false
C24-013,NYISO,NY,Brooklyn,Greenwood 138KV,190,Facilities Study,Battery Park Storage,Battery Park Storage LLC,Developer Not Matched To Known List,Confirmed Grid-Scale Storage (BESS),34743,2.138590178742857e+26,false
J3517,MISO,IL,Williamson,Ordill,190,Under Study,,NOT PUBLISHED IN MISO GI QUEUE DATA,Developer Not Disclosed,Confirmed Grid-Scale Storage (BESS),34743,2.138590178742857e+26,false
25INR0552,ERCOT,TX,Cameron,8319 Rio Hondo sub 138kV,190,Facilities Study,HarryoungBESS,Gransolar Texas Four LLC,Developer Not Matched To Known List,Confirmed Grid-Scale Storage (BESS),34745,2.1387027361206854e+26,false
27INR0206,ERCOT,TX,Medina,(#8962)  LYTLE4A 138KV,188.9,Facilities Study,Chacon Creek,Cattlemen BESS LLC,Developer Not Matched To Known List,Confirmed Grid-Scale Storage (BESS),34551,2.1267716540708572e+26,false
24INR0617,ERCOT,TX,Maverick,8267 GANSO Substation 138kV,185.6,Facilities Study,Serrano Storage,"Maverick ESS, LLC",Developer Not Matched To Known List,Confirmed Grid-Scale Storage (BESS),33936,2.088952375120457e+26,false
24INR0544,ERCOT,TX,Brown,Tap 138kV 1654 Zephyr – 1655 Brownwood Switch,185.6,Facilities Study,Wetzel BESS,"Brown ESS, LLC",Developer Not Matched To Known List,Confirmed Grid-Scale Storage (BESS),33933,2.0887272603648005e+26,false
C01-1098,PJM,IL,Livingston,NOT PUBLISHED BY PJM (Transmission Owner: ComEd),185,Active,Dresden - Ponitac Midpoint 345 kV,"CPV Prairie Dock Solar, LLC",Developer Not Matched To Known List,Confirmed Grid-Scale Storage (BESS),33829,2.0823114898285717e+26,false
R5087,MISO,IL,Washington,4JORD - 4ASHLEY 138.0kV,185,Active,,NOT PUBLISHED IN MISO GI QUEUE DATA,Developer Not Disclosed,Confirmed Grid-Scale Storage (BESS),33829,2.0823114898285717e+26,false
27INR0555,ERCOT,TX,Colorado,L_GLIDDE8_1Y; Bus number - 7258 138KV,183.9,Facilities Study,Montezuma Storage,Montezuma Storage LLC,Developer Not Matched To Known List,Confirmed Grid-Scale Storage (BESS),33624,2.069705063511772e+26,false
24INR0306,ERCOT,TX,Cameron,Tap 345kV 8318 Rio Hondo - 8317 La Palma (New Gulch Substation ),183.8,Facilities Study,Arroyo Storage,"BT Cantwell Solar, LLC",Developer Not Matched To Known List,Confirmed Grid-Scale Storage (BESS),33602,2.068354374977829e+26,false
GEN-2025-SR14,SPP,OK,Oklahoma City,Mustang 138 KV Substation,183,Under Study,,NOT PUBLISHED IN SPP GI QUEUE EXPORT,Developer Not Disclosed,Confirmed Grid-Scale Storage (BESS),33463,2.0598000142628572e+26,false
26INR0385,ERCOT,TX,Reeves,38113 TNCOYOTSPG1 138kV,181.5,Facilities Study,Nanulak BESS,"Nanulak BESS, L.L.C.",Developer Not Matched To Known List,Confirmed Grid-Scale Storage (BESS),33196,2.043366637099886e+26,false
27INR0562,ERCOT,TX,Ward,"#38143, TNSLVRLEAF1, 138kV",180.9,Facilities Study,Frizzle BESS,"Frizzle BESS, L.L.C.",Developer Not Matched To Known List,Confirmed Grid-Scale Storage (BESS),33079,2.0361629649188573e+26,false
23INR0312,ERCOT,TX,Tom Green,6442 Redcreek 138kV,180.7,Facilities Study,Hofbrau BESS,Momentum Hofbrau LLC,Developer Not Matched To Known List,Confirmed Grid-Scale Storage (BESS),33046,2.034136932117943e+26,false
26INR0314,ERCOT,TX,Brazoria,Tap 138kV 39530 West Colombia LOCAL TNP - 39560 ANGLETON TNP,180.4,Facilities Study,Brazos River BESS,Brazos River BESS LLC,Developer Not Matched To Known List,Confirmed Grid-Scale Storage (BESS),32980,2.0300848665161146e+26,false
C01-1233,PJM,PA,Allegheny,NOT PUBLISHED BY PJM (Transmission Owner: DL),180,Active,Clinton 138 kV,PA-202 LLC,Developer Not Matched To Known List,Confirmed Grid-Scale Storage (BESS),32914,2.0260328009142857e+26,false
C01-1934,PJM,NJ,Cape May,NOT PUBLISHED BY PJM (Transmission Owner: AEC),180,Active,Dennis 138 kV,Great Cedar Storage LLC,Developer Not Matched To Known List,Confirmed Grid-Scale Storage (BESS),32914,2.0260328009142857e+26,false
C01-1172,PJM,PA,McKean,NOT PUBLISHED BY PJM (Transmission Owner: APS),180,Active,Farmers Valley - Ridgeway 115 kV,Idemitsu Renewables America Development LLC,Developer Not Matched To Known List,Confirmed Grid-Scale Storage (BESS),32914,2.0260328009142857e+26,false
C01-1649,PJM,VA,Westmoreland,NOT PUBLISHED BY PJM (Transmission Owner: Dominion),180,Active,Westmoreland - Oak Grove 230 kV,Invenergy Storage Development LLC,Developer Not Matched To Known List,Confirmed Grid-Scale Storage (BESS),32914,2.0260328009142857e+26,false
C24-131,NYISO,NY,Richmond,Fresh Kills 345 kV substation,180,Facilities Study,Elevate Arthur Kill II,"Lighthouse Arthur Kill II, LLC",Developer Not Matched To Known List,Confirmed Grid-Scale Storage (BESS),32914,2.0260328009142857e+26,false
J3782,MISO,MI,Saginaw,18MURPHY,180,Active,,NOT PUBLISHED IN MISO GI QUEUE DATA,Developer Not Disclosed,Confirmed Grid-Scale Storage (BESS),32914,2.0260328009142857e+26,false
S1094,MISO,AR,Crittenden,BOB WHITE,180,Active,,NOT PUBLISHED IN MISO GI QUEUE DATA,Developer Not Disclosed,Confirmed Grid-Scale Storage (BESS),32914,2.0260328009142857e+26,false
1551,ISO-NE,MA,Worcester,"The Point of Interconnection will be located on the IC’s property (Lat, long: 42°21'44.53""N, 72° 2'22.57""W) by tapping the 115-kV Line A127-4 (Barre-Paxton) at approx. 6km from Barre Substation owned by MA_NGRID.",180,Active,Battery Storage,NOT PUBLISHED IN ISO-NE IRTT PUBLIC QUEUE,Developer Not Disclosed,Confirmed Grid-Scale Storage (BESS),32914,2.0260328009142857e+26,false
J2689,MISO,TX,Liberty,JACINTO 230kV,180,Under Study,,NOT PUBLISHED IN MISO GI QUEUE DATA,Developer Not Disclosed,Confirmed Grid-Scale Storage (BESS),32914,2.0260328009142857e+26,false
C24-326,NYISO,NY,Niagara,Robinson Road 230 kV,180,Facilities Study,Lockport Storage,Origis Development LLC,Developer Not Matched To Known List,Confirmed Grid-Scale Storage (BESS),32914,2.0260328009142857e+26,false
26INR0640,ERCOT,TX,Cameron,79501 KINGFISHER 345KV,180,Facilities Study,Amberjack2 BESS,"Hunt Energy Network, LLC",Developer Not Matched To Known List,Confirmed Grid-Scale Storage (BESS),32914,2.0260328009142857e+26,false
26INR0420,ERCOT,TX,Mitchell,tap Salt Mine (#23846) to Bulldog (#23833) 138kV,180,Facilities Study,Whitetail BESS,"Hunt Energy Network, LLC",Developer Not Matched To Known List,Confirmed Grid-Scale Storage (BESS),32914,2.0260328009142857e+26,false
28INR0189,ERCOT,TX,Kenedy,Tap 345kV 80076 Ajo 80076 - 8601 Cebolla,178.5,Facilities Study,Green Ocelot Storage,Ocelot Solar LLC,Developer Not Matched To Known List,Confirmed Grid-Scale Storage (BESS),32640,2.00914919424e+26,false
27INR0350,ERCOT,TX,Comanche,tap 138kV 1650 COMANCHE_T8  - 290SHILOHC,177.4,Facilities Study,Saddle Horn Station BESS SLF,Saddle Horn Station BESS LLC,Developer Not Matched To Known List,Confirmed Grid-Scale Storage (BESS),32441,1.996880440056686e+26,false
GEN-2024-SR5,SPP,OK,Drumright,138 kV Greenwood Station,176.9,IA in Progress,,NOT PUBLISHED IN SPP GI QUEUE EXPORT,Developer Not Disclosed,Confirmed Grid-Scale Storage (BESS),32347,1.991140013787429e+26,false
25INR0370,ERCOT,TX,Rains,tap 138kV Emory North 3171 to Liberty POD 1723,176.1,Facilities Study,Willis Storage,Majewski Storage LLC,Developer Not Matched To Known List,Confirmed Grid-Scale Storage (BESS),32207,1.982473095694629e+26,false
25INR0432,ERCOT,TX,Anderson,6937 Tucker Sub 138kV,176.1,Facilities Study,Brotherton Storage,"BT Brotherton Storage, LLC",Developer Not Matched To Known List,Confirmed Grid-Scale Storage (BESS),32207,1.982473095694629e+26,false
25INR0371,ERCOT,TX,Hunt,tap 138kV 1819 Commerce South - 1815 Cumby Tap,176.1,Facilities Study,McMurtre Storage,"BT McMurtre Storage, LLC",Developer Not Matched To Known List,Confirmed Grid-Scale Storage (BESS),32207,1.982473095694629e+26,false
25INR0466,ERCOT,TX,Wise,Tap 138 kV 580 Westbrook Switch - 588 Willow,175.7,Facilities Study,Yooperlite Storage,"BT Yooperlite Storage, LLC",Developer Not Matched To Known List,Confirmed Grid-Scale Storage (BESS),32119,1.977070341558857e+26,false
21INR0262,ERCOT,TX,Upton,tap 345kV 11028 Odessa - 76000 North McCamey,175.6,Facilities Study,Grandfalls Storage SLF,King Mountain Storage LLC,Developer Not Matched To Known List,Confirmed Grid-Scale Storage (BESS),32110,1.9765075546697144e+26,false
C01-1235,PJM,IL,Ogle,NOT PUBLISHED BY PJM (Transmission Owner: ComEd),175,Active,BYRON - WEMPLETOW 345 kV,Acciona Energy USA Global LLC,Developer Not Matched To Known List,Confirmed Grid-Scale Storage (BESS),32000,1.969754112e+26,false
C01-1270,PJM,NJ,Bergen,NOT PUBLISHED BY PJM (Transmission Owner: PSEG),175,Active,Bergen 138 kV,"Lighthouse Bergen, LLC",Developer Not Matched To Known List,Confirmed Grid-Scale Storage (BESS),32000,1.969754112e+26,false
C01-2091,PJM,IL,McHenry,NOT PUBLISHED BY PJM (Transmission Owner: ComEd),175,Active,Marengo - Woodstock 138 kV,Boralex US Development LLC,Developer Not Matched To Known List,Confirmed Grid-Scale Storage (BESS),32000,1.969754112e+26,false
C01-1539,PJM,IL,Kankakee,NOT PUBLISHED BY PJM (Transmission Owner: ComEd),175,Active,Davis Creek - Frankfort 138 kV,"Forked Creek Solar, LLC",Developer Not Matched To Known List,Confirmed Grid-Scale Storage (BESS),32000,1.969754112e+26,false
J2273,MISO,IL,Clinton,Tabor,175,Facilities Study,,NOT PUBLISHED IN MISO GI QUEUE DATA,Developer Not Disclosed,Confirmed Grid-Scale Storage (BESS),32000,1.969754112e+26,false
J2266,MISO,IL,Edgar,7KANSAS   - 08SUGCRK 345.0kV,175,Facilities Study,,NOT PUBLISHED IN MISO GI QUEUE DATA,Developer Not Disclosed,Confirmed Grid-Scale Storage (BESS),32000,1.969754112e+26,false
R5084,MISO,LA,Iberville,DONALDSONVILLE - EVERGREEN 230.0kV,175,Active,,NOT PUBLISHED IN MISO GI QUEUE DATA,Developer Not Disclosed,Confirmed Grid-Scale Storage (BESS),32000,1.969754112e+26,false
J3254,MISO,IL,Pulaski,5CAPE GIR3 - 5JOPPA SR 161.0kV,175,Active,,NOT PUBLISHED IN MISO GI QUEUE DATA,Developer Not Disclosed,Confirmed Grid-Scale Storage (BESS),32000,1.969754112e+26,false
J3732,MISO,IL,Saline,Niles 138 kV (J1208/J1209) to be built near existing Harco Tap,175,Active,,NOT PUBLISHED IN MISO GI QUEUE DATA,Developer Not Disclosed,Confirmed Grid-Scale Storage (BESS),32000,1.969754112e+26,false
J3904,MISO,IL,Tazewell,Other_,175,Under Study,,NOT PUBLISHED IN MISO GI QUEUE DATA,Developer Not Disclosed,Confirmed Grid-Scale Storage (BESS),32000,1.969754112e+26,false
28INR0247,ERCOT,TX,Hidalgo,"tap 138kV Liston (#8394) – JL Bates (#8392) line, AEP",174.7,Facilities Study,Eligius BESS,Eligius Storage LLC,Developer Not Matched To Known List,Confirmed Grid-Scale Storage (BESS),31938,1.9659271611538284e+26,false
26INR0280,ERCOT,TX,Wichita,Tap Wichita Falls Switch (#1464) – North Star (#1467) 138 kV Line,174.1,Facilities Study,Pethrus BESS,"Pethrus BESS, LLC",Developer Not Matched To Known List,Confirmed Grid-Scale Storage (BESS),31832,1.9593988332397717e+26,false
J2127,MISO,MS,Jefferson Davis,Silver Creek 115kV,172.5,IA in Progress,,NOT PUBLISHED IN MISO GI QUEUE DATA,Developer Not Disclosed,Confirmed Grid-Scale Storage (BESS),31543,1.9416147675428573e+26,false
J4170,MISO,ND,Richland,Hankinson - Wahpeton 230.0kV,172,Active,,NOT PUBLISHED IN MISO GI QUEUE DATA,Developer Not Disclosed,Confirmed Grid-Scale Storage (BESS),31451,1.9359868986514288e+26,false
26INR0291,ERCOT,TX,Schleicher,Tap 345kV line Big Hill (#76003) - Twin Buttes (#76009),171.8,Facilities Study,Cold Creek Storage 2,Cold Creek Solar and Storage LLC,Developer Not Matched To Known List,Confirmed Grid-Scale Storage (BESS),31406,1.9331729642057142e+26,false
23INR0425,ERCOT,TX,Chambers,40855 JORDON 138 kV,170.8,Facilities Study,Coneflower Storage Project,Coneflower Storage Project LLC,Developer Not Matched To Known List,Confirmed Grid-Scale Storage (BESS),31241,1.923042800201143e+26,false
GEN-2024-113,SPP,OK,Sequoyah,Muskogee - Ft. Smith 345 kV Line,170,Under Study,,NOT PUBLISHED IN SPP GI QUEUE EXPORT,Developer Not Disclosed,Confirmed Grid-Scale Storage (BESS),31086,1.9134754230857143e+26,false
GEN-2023-SR4,SPP,ND,Burke,Tande 345 kV Substation,170,IA in Progress,,NOT PUBLISHED IN SPP GI QUEUE EXPORT,Developer Not Disclosed,Confirmed Grid-Scale Storage (BESS),31086,1.9134754230857143e+26,false
GEN-2025-SR31,SPP,NE,Meadow Grove,Antelope(640520) - Hoskins(640226) 345kV,170,Under Study,,NOT PUBLISHED IN SPP GI QUEUE EXPORT,Developer Not Disclosed,Confirmed Grid-Scale Storage (BESS),31086,1.9134754230857143e+26,false
J3764,MISO,MS,Madison,Andes Substation 230 kV,170,Active,,NOT PUBLISHED IN MISO GI QUEUE DATA,Developer Not Disclosed,Confirmed Grid-Scale Storage (BESS),31086,1.9134754230857143e+26,false
R5063,MISO,MI,Shiawassee,BELL ROAD - CORNELL 138.0kV,170,Active,,NOT PUBLISHED IN MISO GI QUEUE DATA,Developer Not Disclosed,Confirmed Grid-Scale Storage (BESS),31086,1.9134754230857143e+26,false
C24-097,NYISO,NY,Chautauqua,Laona Station 115kV,170,Facilities Study,Basecamp BESS,"RWE Solar Development, LLC",Developer Not Matched To Known List,Confirmed Grid-Scale Storage (BESS),31086,1.9134754230857143e+26,false
S1127,MISO,MS,Washington,GERALD ANDRUS SES SWYD - TINNIN ROAD 230.0kV,170,Active,,NOT PUBLISHED IN MISO GI QUEUE DATA,Developer Not Disclosed,Confirmed Grid-Scale Storage (BESS),31086,1.9134754230857143e+26,false
J2653,MISO,IA,Polk,Army Post 161kV Substation,170,Under Study,,NOT PUBLISHED IN MISO GI QUEUE DATA,Developer Not Disclosed,Confirmed Grid-Scale Storage (BESS),31086,1.9134754230857143e+26,false
J2655,MISO,IA,Polk,Army Post 161 kV Substation,170,Under Study,,NOT PUBLISHED IN MISO GI QUEUE DATA,Developer Not Disclosed,Confirmed Grid-Scale Storage (BESS),31086,1.9134754230857143e+26,false
877,ISO-NE,MA,Norfolk,National Grid's South Wrentham 115kV substation,170,Active,Energy Storage,NOT PUBLISHED IN ISO-NE IRTT PUBLIC QUEUE,Developer Not Disclosed,Confirmed Grid-Scale Storage (BESS),31086,1.9134754230857143e+26,false
J2786,MISO,MI,Allegan,ARGENTA - TALLMADGE 345.0kV,170,Under Study,,NOT PUBLISHED IN MISO GI QUEUE DATA,Developer Not Disclosed,Confirmed Grid-Scale Storage (BESS),31086,1.9134754230857143e+26,false
27INR0097,ERCOT,TX,Hopkins,TAP CASHSW_T5 (2464) -SULSP_SS1_5 (1697),169.6,Facilities Study,JUNIPERUS BESS,BLUE STONE RENEWABLE XXI LLC,Developer Not Matched To Known List,Confirmed Grid-Scale Storage (BESS),31013,1.9089731279725718e+26,false
P3065,AESO,AB,Valleyview,NOT PUBLISHED IN AESO CONNECTION PROJECT LIST,169,Facilities Study,UK LS2 & LS6 Solar Battery,NOT PUBLISHED IN AESO CONNECTION PROJECT LIST,Developer Not Disclosed,Confirmed Grid-Scale Storage (BESS),30903,1.9022196853028573e+26,false
1412,ISO-NE,MA,Bristol,"Direct tap into the Pottersville Substation in Somerset, MA",168,Active,Battery Storage,NOT PUBLISHED IN ISO-NE IRTT PUBLIC QUEUE,Developer Not Disclosed,Confirmed Grid-Scale Storage (BESS),30720,1.89096394752e+26,false
2026-890,IESO,ON,Northwest,NOT PUBLISHED IN IESO APPLICATION STATUS DATA,166.3,Under Study,CarbonFree Fort Frances,CarbonFree Fort Frances Ltd,Developer Not Matched To Known List,Confirmed Grid-Scale Storage (BESS),30413,1.8720543080448004e+26,false
C01-2144,PJM,NC,Gates,NOT PUBLISHED BY PJM (Transmission Owner: Dominion),166,Active,Suffolk - Nucor Tap 230 kV,Nimble Hybrid LLC,Developer Not Matched To Known List,Confirmed Grid-Scale Storage (BESS),30354,1.8684524719542855e+26,false
GEN-2026-SR2,SPP,KS,Cimmaron,Buckner 345kV,165.6,Under Study,,NOT PUBLISHED IN SPP GI QUEUE EXPORT,Developer Not Disclosed,Confirmed Grid-Scale Storage (BESS),30281,1.863950176841143e+26,false
C01-1287,PJM,WV,Hardy,NOT PUBLISHED BY PJM (Transmission Owner: APS),165,Active,Hardy - Junction 138 kV,"Old Fields Solar, LLC",Developer Not Matched To Known List,Confirmed Grid-Scale Storage (BESS),30171,1.857196734171429e+26,false
J3962,MISO,MI,Bay,BAUER - HAMPTON 1 345.0kV,165,Active,,NOT PUBLISHED IN MISO GI QUEUE DATA,Developer Not Disclosed,Confirmed Grid-Scale Storage (BESS),30171,1.857196734171429e+26,false
24INR0584,ERCOT,TX,Harris,44140 CLODINE 138kV,164.6,Facilities Study,Kegans BESS (Houston IV BESS),SMT Houston IV LLC,Developer Not Matched To Known List,Confirmed Grid-Scale Storage (BESS),30098,1.852694439058286e+26,false
26INR0083,ERCOT,TX,Tom Green,6464 San Angelo North,163.9,Facilities Study,Zeppelin Energy Storage,ZEPPELIN ENERGY STORAGE LLC,Developer Not Matched To Known List,Confirmed Grid-Scale Storage (BESS),29976,1.845153094743772e+26,false
26INR0455,ERCOT,TX,Tom Green,Tap at Big Hill - Twin Buttes 345 kV line (76003 / 76009),162.5,Facilities Study,Dove Creek Storage,"Dove Creek Solar, LLC",Developer Not Matched To Known List,Confirmed Grid-Scale Storage (BESS),29714,1.829057389714286e+26,false
25INR0175,ERCOT,TX,Concho,Tap 345kV 76009 Twin Buttes - 7077 Amos Creek,162.4,Facilities Study,Concho Pearl Storage,"Concho Pearl Solar, LLC",Developer Not Matched To Known List,Confirmed Grid-Scale Storage (BESS),29696,1.827931815936e+26,false
GEN-2024-122,SPP,TX,Marion,Lieberman - IPC Jefferson 138 kV Line,160,Under Study,,NOT PUBLISHED IN SPP GI QUEUE EXPORT,Developer Not Disclosed,Confirmed Grid-Scale Storage (BESS),29257,1.800918045257143e+26,false
AG2-545,PJM,IL,McHenry,NOT PUBLISHED BY PJM (Transmission Owner: ComEd),160,Active,Silver Lake 345 kV,"Monarch Grid, LLC",Developer Not Matched To Known List,Confirmed Grid-Scale Storage (BESS),29257,1.800918045257143e+26,false
C01-1936,PJM,NJ,Warren,NOT PUBLISHED BY PJM (Transmission Owner: JCPL),160,Active,Pequest River 115 kV,Steampunk Storage LLC,Developer Not Matched To Known List,Confirmed Grid-Scale Storage (BESS),29257,1.800918045257143e+26,false
GEN-2024-360,SPP,OK,Konawa,Seminole - Maud 138 kV Line,160,Under Study,,NOT PUBLISHED IN SPP GI QUEUE EXPORT,Developer Not Disclosed,Confirmed Grid-Scale Storage (BESS),29257,1.800918045257143e+26,false
GEN-2024-219,SPP,OK,Murray,Chigley - Oaklawn 138 kV Line,160,Under Study,,NOT PUBLISHED IN SPP GI QUEUE EXPORT,Developer Not Disclosed,Confirmed Grid-Scale Storage (BESS),29257,1.800918045257143e+26,false
J1355,MISO,IN,LaPorte,Stillwell 138kV Subtation,160,IA in Progress,,NOT PUBLISHED IN MISO GI QUEUE DATA,Developer Not Disclosed,Confirmed Grid-Scale Storage (BESS),29257,1.800918045257143e+26,false
J3742,MISO,MN,Otter Tail,Wahpeton - Fergus Falls 230.0kV,160,Active,,NOT PUBLISHED IN MISO GI QUEUE DATA,Developer Not Disclosed,Confirmed Grid-Scale Storage (BESS),29257,1.800918045257143e+26,false
J3118,MISO,LA,Morehouse,Taping the 'Galion / 3GALION (337444)' to 'Oak Grove / 3OAK_GROVE! (337445)' 115kV line,160,Under Study,,NOT PUBLISHED IN MISO GI QUEUE DATA,Developer Not Disclosed,Confirmed Grid-Scale Storage (BESS),29257,1.800918045257143e+26,false
J2397,MISO,AR,Calhoun,SHERIDAN EHV - EL DORADO EHV 500.0kV,160,Under Study,,NOT PUBLISHED IN MISO GI QUEUE DATA,Developer Not Disclosed,Confirmed Grid-Scale Storage (BESS),29257,1.800918045257143e+26,false
J2997,MISO,MI,Livingston,COLFAX - MADRID 120.0kV,160,Under Study,,NOT PUBLISHED IN MISO GI QUEUE DATA,Developer Not Disclosed,Confirmed Grid-Scale Storage (BESS),29257,1.800918045257143e+26,false
25INR0579,ERCOT,TX,McLennan,Tap 138kV 165 Windsor Switch - 161 McGregor,159.6,Facilities Study,Albatross BESS 2,"Albatross Solar, LLC",Developer Not Matched To Known List,Confirmed Grid-Scale Storage (BESS),29184,1.796415750144e+26,false
C01-1190,PJM,NJ,Burlington,NOT PUBLISHED BY PJM (Transmission Owner: PSEG),158,Active,Crosswicks 230 kV,"Scarlet Oak Energy Center, LLC",Developer Not Matched To Known List,Confirmed Grid-Scale Storage (BESS),28891,1.7784065696914286e+26,false
GEN-2026-SR14,SPP,TX,Panhandle,Martin 115 kV Substation,158,Under Study,,NOT PUBLISHED IN SPP GI QUEUE EXPORT,Developer Not Disclosed,Confirmed Grid-Scale Storage (BESS),28891,1.7784065696914286e+26,false
GI-DISIS-2022-04,SPP,CO,Kit Carson County,South Fork 115 Substation,158,IA in Progress,,NOT PUBLISHED IN SPP GI QUEUE EXPORT,Developer Not Disclosed,Confirmed Grid-Scale Storage (BESS),28891,1.7784065696914286e+26,false
24INR0419,ERCOT,TX,Harris,45880 Hockley 138kV,157.7,Facilities Study,High Plains Storage,"ROBP Holdings, LLC",Developer Not Matched To Known List,Confirmed Grid-Scale Storage (BESS),28837,1.7750298483565714e+26,false
27INR0092,ERCOT,TX,Leon,(PSSE BUS# 47) HILTOPLKS8 138kV,157.1,Facilities Study,Pecan BESS,Gransolar Texas Three LLC,Developer Not Matched To Known List,Confirmed Grid-Scale Storage (BESS),28731,1.7685015204425143e+26,false
27INR0180,ERCOT,TX,Bexar,5378 SHEPHERD RD 138kV,157.1,Facilities Study,Otter BESS,"GRS BESS TEXAS TEN, LLC",Developer Not Matched To Known List,Confirmed Grid-Scale Storage (BESS),28731,1.7685015204425143e+26,false
28INR0438,ERCOT,TX,Mills,#7070 Goldthwaite 138kV,157.1,Facilities Study,Moss Rock Storage,Invenergy Storage Development LLC,Developer Not Matched To Known List,Confirmed Grid-Scale Storage (BESS),28731,1.7685015204425143e+26,false
27INR0151,ERCOT,TX,Karnes,The Kenedy Switching Station #2 (#8186) to Rosata POD  (#8153) Line ; AEP,156.9,Facilities Study,Coyote Den Storage,"Coyote Den Energy Center, LLC",Developer Not Matched To Known List,Confirmed Grid-Scale Storage (BESS),28696,1.7663629302637714e+26,false
23INR0495,ERCOT,TX,Hopkins,Tap 345kV 1697 Sulphur Springs Switch –  2464 Cash Switch,156.9,Facilities Study,Cartwheel BESS 2,RWE Renewables,Developer Not Matched To Known List,Confirmed Grid-Scale Storage (BESS),28692,1.7661378155081144e+26,false
25INR0248,ERCOT,TX,Wilson,5132 Eagle Creek Substation 138kV,156.7,Facilities Study,Strawberry Acres Storage,"Strawberry Acres Energy Center, LLC",Developer Not Matched To Known List,Confirmed Grid-Scale Storage (BESS),28659,1.7641117827072e+26,false
25INR0236,ERCOT,TX,Brazoria,Tap to CKT#27 from Savana (Bus# 43180) to Oasis (Bus# 43035) – 345 kV Line,156.6,Facilities Study,Austin Bayou Storage II,"Austin Bayou Solar, LLC",Developer Not Matched To Known List,Confirmed Grid-Scale Storage (BESS),28635,1.762648536795429e+26,false
25INR0237,ERCOT,TX,Brazoria,Tap 345 kV Savana 43180 to Seabreeze 43020 - Ckt 27,156.6,Facilities Study,Austin Bayou Storage III,"Austin Bayou Solar, LLC",Developer Not Matched To Known List,Confirmed Grid-Scale Storage (BESS),28635,1.762648536795429e+26,false
29INR0123,ERCOT,TX,Colorado,Tap 138 kV 57640 Rock Island to 7258 Glidden,156.5,Facilities Study,Firefly Fields Storage,Firefly Fields Energy Center LLC,Developer Not Matched To Known List,Confirmed Grid-Scale Storage (BESS),28621,1.7617480777728e+26,false
23INR0462,ERCOT,TX,Hidalgo,Tap 138 kV 8656 Luna - 8033 Pantera,156.3,Facilities Study,Palladium Storage,Palladium Energy Storage LLC,Developer Not Matched To Known List,Confirmed Grid-Scale Storage (BESS),28586,1.7596094875940573e+26,false
AG2-329,PJM,OH,Wyandot,NOT PUBLISHED BY PJM (Transmission Owner: AEP),156,Active,S Berwick - Galion 345 kV,Wombat Solar LLC,Developer Not Matched To Known List,Confirmed Grid-Scale Storage (BESS),28526,1.7558950941257144e+26,false
25INR0392,ERCOT,TX,Collin,Anna 345 kV Bus# 2373,156,Facilities Study,Purple Sage BESS 2,"Purple Sage, LLC",Developer Not Matched To Known List,Confirmed Grid-Scale Storage (BESS),28526,1.7558950941257144e+26,false
25INR0391,ERCOT,TX,Collin,Anna 345 kV Bus# 2373.,156,Facilities Study,Purple Sage BESS 1,"Purple Sage, LLC",Developer Not Matched To Known List,Confirmed Grid-Scale Storage (BESS),28526,1.7558950941257144e+26,false
28INR0156,ERCOT,TX,Taylor,Tap 138kV 76317 MOORE - 76318 BUTMAN,156,Facilities Study,Chimney Rock BESS,"Taylor ESS, LLC",Developer Not Matched To Known List,Confirmed Grid-Scale Storage (BESS),28526,1.7558950941257144e+26,false
27INR0029,ERCOT,TX,Wichita,Tap 345kV 6101 Riley - 1425 Fisher Road Switch Ckt 1,155.7,Facilities Study,Short Creek BESS,"Wichita Solar I, LLC",Developer Not Matched To Known List,Confirmed Grid-Scale Storage (BESS),28464,1.752068143279543e+26,false
29INR0152,ERCOT,TX,Medina,"SSWG Bus name: CSTROVILESB8 , Bus# : 5804
Planning Bus long name: CSTROVILESB8, 138 kV",155.2,Facilities Study,Ranger BESS,Nova Clean Energy LLC,Developer Not Matched To Known List,Confirmed Grid-Scale Storage (BESS),28379,1.7468905038994287e+26,false
28INR0199,ERCOT,TX,Runnels,tap 345kV 1444 BROWN SWITCH  - 11406 CENTRAL BLUFF,155.2,Facilities Study,Winters Glow Storage,"Winters Glow Storage, LLC",Developer Not Matched To Known List,Confirmed Grid-Scale Storage (BESS),28379,1.7468905038994287e+26,false
29INR0057,ERCOT,TX,Hopkins,Tap 345kV 1695 Monticello - 1697 Sulphur Springs,155.1,Facilities Study,Palomino Storage,Palomino Renewables,Developer Not Matched To Known List,Confirmed Grid-Scale Storage (BESS),28361,1.745764930121143e+26,false
GEN-2024-205,SPP,KS,Stafford,St. John 115 kV Substation,155,Under Study,,NOT PUBLISHED IN SPP GI QUEUE EXPORT,Developer Not Disclosed,Confirmed Grid-Scale Storage (BESS),28343,1.744639356342857e+26,false
GEN-2024-265,SPP,NM,Lea,Bensing 115 kV Substation,155,Under Study,,NOT PUBLISHED IN SPP GI QUEUE EXPORT,Developer Not Disclosed,Confirmed Grid-Scale Storage (BESS),28343,1.744639356342857e+26,false
27INR0220,ERCOT,TX,Ellis,Stainback Switch (bus #2217) - Elrod Switch (bus #3159),155,Facilities Study,Galaxy Storage,"Galaxy Solar, LLC",Developer Not Matched To Known List,Confirmed Grid-Scale Storage (BESS),28343,1.744639356342857e+26,false
22INR0443,ERCOT,TX,San Patricio,138kV 8961 WHITEPT4A - 8418 RINCON4A,155,Facilities Study,Bowstring BESS,"Longbow Energy Storage, LLC",Developer Not Matched To Known List,Confirmed Grid-Scale Storage (BESS),28343,1.744639356342857e+26,false
24INR0491,ERCOT,TX,Hidalgo,8029 CLOSNER4A 138kV,154.8,Facilities Study,Gunnar BESS,Gunnar Reliability Project LLC,Developer Not Matched To Known List,Confirmed Grid-Scale Storage (BESS),28297,1.7418254218971432e+26,false
24INR0425,ERCOT,TX,Victoria,8911 BLKBYU4A 138kV,154.7,Facilities Study,Two Brothers ESS,"BRP Blue Topaz 2, LLC",Developer Not Matched To Known List,Confirmed Grid-Scale Storage (BESS),28279,1.7406998481188573e+26,false
25INR0131,ERCOT,TX,Madison,Tap 138kV 25 North Zulch - 47 Hilltop Lakes,154.6,Facilities Study,SOSA Storage,"Sosa Energy Center, LLC",Developer Not Matched To Known List,Confirmed Grid-Scale Storage (BESS),28275,1.7404747333632003e+26,false
28INR0341,ERCOT,TX,Matagorda,Blessing Substation 138 kV (ID 8121),154.3,Facilities Study,Bastion BESS,BESS BASTION LLC,Developer Not Matched To Known List,Confirmed Grid-Scale Storage (BESS),28215,1.736760339894857e+26,false
27INR0117,ERCOT,TX,Guadalupe,7180 L_ZORN__8_1Y 138kV,154.3,Facilities Study,Roble BESS,Flexen USA LLC,Developer Not Matched To Known List,Confirmed Grid-Scale Storage (BESS),28215,1.736760339894857e+26,false
28INR0465,ERCOT,TX,Galveston,tap 138 kV 43500 WEBSTR_B138A - 48403 W_GALV01TP_8,154.2,Facilities Study,Valcrest BESS,Flexen USA LLC,Developer Not Matched To Known List,Confirmed Grid-Scale Storage (BESS),28206,1.736197553005714e+26,false
27INR0441,ERCOT,TX,Milam,Tap #3659 Thorndale North - #3701 Rookie Switch 138 kV,154.2,Facilities Study,Pavo Creek Storage,"Pavo Creek Storage, LLC",Developer Not Matched To Known List,Confirmed Grid-Scale Storage (BESS),28197,1.7356347661165714e+26,false
23INR0494,ERCOT,TX,Hopkins,Tap 345kV 1697 Sulphur Springs Switch –  2464 Cash Switch,154.2,Facilities Study,Cartwheel BESS 1,"Cartwheel BESS, LLC",Developer Not Matched To Known List,Confirmed Grid-Scale Storage (BESS),28197,1.7356347661165714e+26,false
24INR0493,ERCOT,TX,Fort Bend,WA Parish 345 kV Bus #44000,154.2,Facilities Study,Crowned Heron BESS 2,RWE Renewables,Developer Not Matched To Known List,Confirmed Grid-Scale Storage (BESS),28197,1.7356347661165714e+26,false
24INR0405,ERCOT,TX,Fort Bend,WA Parish 345 kV Bus #44000,154.2,Facilities Study,Crowned Heron BESS,RWE Renewables,Developer Not Matched To Known List,Confirmed Grid-Scale Storage (BESS),28197,1.7356347661165714e+26,false
28INR0213,ERCOT,TX,Upton,Tap 345kV 59903 Bearkat - 76000 L_NORTMC5_1Y,154.1,Facilities Study,Badger BESS,"Greasewood BESS, LLC",Developer Not Matched To Known List,Confirmed Grid-Scale Storage (BESS),28182,1.734734307093943e+26,false
24INR0196,ERCOT,TX,Harris,138kV line Holmes (#47210) - Garden Villas (#42680); CNP,154,Facilities Study,Dori BQ BESS,Sunnyside Energy LLC,Developer Not Matched To Known List,Confirmed Grid-Scale Storage (BESS),28160,1.7333836185600002e+26,false
26INR0426,ERCOT,TX,Waller,Tap 138kV 44750 FULSHR_S25_8 to 44860 TWINWD_S25_8,154,Facilities Study,Maderagemela BESS1,"Twinwood ES1, LLC",Developer Not Matched To Known List,Confirmed Grid-Scale Storage (BESS),28153,1.732933389048686e+26,false
29INR0324,ERCOT,TX,Pecos,860 GIRVINSW 345kV,153.9,Facilities Study,Ashtrom Marigold BESS SLF,Marigold BESS LLC,Developer Not Matched To Known List,Confirmed Grid-Scale Storage (BESS),28142,1.7322580447817142e+26,false
28INR0226,ERCOT,TX,Austin,Tap 138 kV 44740 WALLIS_S65_8 - 44700 GEBHRT_X65B8 Ckt#65,153.9,Facilities Study,Pamplona Storage,Karol Solar V,Developer Not Matched To Known List,Confirmed Grid-Scale Storage (BESS),28138,1.7320329300260572e+26,false
24INR0274,ERCOT,TX,Collin,2475 Lavon Switch 138kV,153.8,Facilities Study,Bufflehead BESS,"Boxcar Energy Storage, LLC",Developer Not Matched To Known List,Confirmed Grid-Scale Storage (BESS),28118,1.730794798869943e+26,false
25INR0253,ERCOT,TX,Van Zandt,6828 Canton Tap 138 kV,153.7,Facilities Study,Whiskey BESS,Whiskey BESS LLC,Developer Not Matched To Known List,Confirmed Grid-Scale Storage (BESS),28109,1.7302320119808e+26,false
25INR0693,ERCOT,TX,Leon,Tab 138kv 3355  Grapeland_Magnolia - 3357 Pleasant_Springs.,153.7,Facilities Study,Leon BESS,Leon BESS,Developer Not Matched To Known List,Confirmed Grid-Scale Storage (BESS),28105,1.730006897225143e+26,false
25INR0384,ERCOT,TX,Van Zandt,138 kV Ben Wheeler (Bus# 6852),153.7,Facilities Study,Zorro BESS,ZORRO BESS LLC,Developer Not Matched To Known List,Confirmed Grid-Scale Storage (BESS),28103,1.7298943398473143e+26,false
26INR0613,ERCOT,TX,Wichita,Tap 345kV Fisher Road Switch (#1425) – Riley (#6101) Line,153.6,Facilities Study,Wichita County Mawson Storage,"DM-WCM, LLC",Developer Not Matched To Known List,Confirmed Grid-Scale Storage (BESS),28091,1.7291064382025143e+26,false
26INR0616,ERCOT,TX,Blanco,#70482 Blanco Substation 138 kV - currently being upgraded,153.6,Facilities Study,Blanco County Behrends Storage,"DM-BCB, LLC",Developer Not Matched To Known List,Confirmed Grid-Scale Storage (BESS),28091,1.7291064382025143e+26,false
27INR0014,ERCOT,TX,Henderson,Walton Switch (6899) 138KV,153.6,Facilities Study,Kit Fox Storage,"Kit Fox Storage, LLC",Developer Not Matched To Known List,Confirmed Grid-Scale Storage (BESS),28087,1.728881323446857e+26,false
22INR0457,ERCOT,TX,Jones,tap 345 kV 68004 Phantom Hill station,153.6,Facilities Study,Anson BAT,Anson II Storage LLC,Developer Not Matched To Known List,Confirmed Grid-Scale Storage (BESS),28078,1.7283185365577144e+26,false
29INR0174,ERCOT,TX,Brazoria,Hoffman (42810) - Lake Jackson (42880) 138 kV line,153.5,Facilities Study,Palisade BESS,Flexen USA LLC,Developer Not Matched To Known List,Confirmed Grid-Scale Storage (BESS),28069,1.7277557496685714e+26,false
23INR0183,ERCOT,TX,Webb,tap 345 kV Lobo 80219 - Fowlerton 5709 ckt #2,153.1,Facilities Study,Pradera Storage,"Pradera Storage, LLC",Developer Not Matched To Known List,Confirmed Grid-Scale Storage (BESS),27997,1.7233660119332572e+26,false
26INR0312,ERCOT,TX,Maverick,138 kV Sunglow Substation (#78016),153.1,Facilities Study,Senator Aggreko Storage,Senator Aggreko Storage LLC,Developer Not Matched To Known List,Confirmed Grid-Scale Storage (BESS),27995,1.723253454555429e+26,false
27INR0187,ERCOT,TX,Freestone,Tap 345 kV Big Brown 3380 to Navarro 68091 ckt#2,153.1,Facilities Study,Silver Dollar Storage,"Silver Dollar Solar Project, LLC",Developer Not Matched To Known List,Confirmed Grid-Scale Storage (BESS),27995,1.723253454555429e+26,false
26INR0602,ERCOT,TX,Eastland,Tap 138kV 6317 Cisco - 3545 MTNBRANCH_8,153,Facilities Study,Damia Storage,"Damia Solar, LLC",Developer Not Matched To Known List,Confirmed Grid-Scale Storage (BESS),27977,1.722127880777143e+26,false
24INR0168,ERCOT,TX,Victoria,Tap 138kV 8125 Lolita - 8172 Victoria,152.3,Facilities Study,Tejano Storage,"Tejano Storage, LLC",Developer Not Matched To Known List,Confirmed Grid-Scale Storage (BESS),27851,1.7143614217069715e+26,false
J2378,MISO,MI,Macomb,LENOX - ST.CLAIR 120.0kV,152,Under Study,,NOT PUBLISHED IN MISO GI QUEUE DATA,Developer Not Disclosed,Confirmed Grid-Scale Storage (BESS),27794,1.7108721429942856e+26,false
28INR0349,ERCOT,TX,Nolan,"Bus # 1339, Eskota 138kV",152,Facilities Study,Jaguarundi Energy Storage,PowerPulse LLC,Developer Not Matched To Known List,Confirmed Grid-Scale Storage (BESS),27798,1.711097257749943e+26,false
28INR0304,ERCOT,TX,Goliad,Tap - Coleto Creek (Bus # 8162) - Victoria (Bus# 8172) 138 kV CKT 1,151.5,Facilities Study,Kuy Creek Storage 1 SLF,Kuy Creek Storage 1 LLC,Developer Not Matched To Known List,Confirmed Grid-Scale Storage (BESS),27696,1.7047940445915432e+26,false
26INR0222,ERCOT,TX,Nueces,5640 DRISCOLLSUB9 69kV,151.2,Facilities Study,GOTHAM BESS,AEU BATTERY PROJECT IV LLC,Developer Not Matched To Known List,Confirmed Grid-Scale Storage (BESS),27648,1.701867552768e+26,false
25INR0076,ERCOT,TX,Nueces,McKenzie Road (8858) 138 kV Substation,151,Facilities Study,Violet Storage,VIOLET STORAGE,Developer Not Matched To Known List,Confirmed Grid-Scale Storage (BESS),27611,1.6996164052114287e+26,false
21INR0456,ERCOT,TX,Wharton,tap Blue – Hillje 345 kv Ckt.#27,150.8,Facilities Study,Maleza Storage,"Brush Storage, LLC",Developer Not Matched To Known List,Confirmed Grid-Scale Storage (BESS),27580,1.697702929788343e+26,false
28INR0290,ERCOT,TX,Erath,Dublin (1636) - Fullhouse (1652) 138kV,150.8,Facilities Study,Field Marshal Storage,Field Marshal Storage LLC,Developer Not Matched To Known List,Confirmed Grid-Scale Storage (BESS),27575,1.697365257654857e+26,false
27INR0593,ERCOT,TX,McCulloch,60386 HEARTLAN2A 69kV,150.8,Facilities Study,Pecan Ridge,Luminous Energy Renewables LLC,Developer Not Matched To Known List,Confirmed Grid-Scale Storage (BESS),27573,1.6972527002770284e+26,false
26INR0084,ERCOT,TX,Freestone,Tap 345kV 3133 RICHLND2_5 - 3381 BIGBRNW_5,150.8,Facilities Study,Amerada Storage,"Amerada Solar, LLC",Developer Not Matched To Known List,Confirmed Grid-Scale Storage (BESS),27571,1.6971401428992e+26,false
24INR0331,ERCOT,TX,Brown,Tap 345 kV 1444 BROWN SWITCH - 3424 BUCKHORN SWITCH,150.7,Facilities Study,Chisme Storage,"Blue Heron Solar, LLC",Developer Not Matched To Known List,Confirmed Grid-Scale Storage (BESS),27557,1.6962396838765715e+26,false
25INR0235,ERCOT,TX,Brazoria,Tap 345 kV Savana 43180 to Seabreeze 43020 - Ckt 27,150.7,Facilities Study,Austin Bayou Storage I,"Austin Bayou Solar, LLC",Developer Not Matched To Known List,Confirmed Grid-Scale Storage (BESS),27553,1.6960145691209145e+26,false
21INR0492,ERCOT,TX,Tarrant,2082 Hicks 138kV,150.6,Facilities Study,Stockyard Grid Batt,"Stockyard Grid, LLC",Developer Not Matched To Known List,Confirmed Grid-Scale Storage (BESS),27538,1.695114110098286e+26,false
30INR0100,ERCOT,TX,Pecos,138 kV Pig Creek (#60393),150.6,Facilities Study,Pentarise BESS,"Pentarise BESS, LLC",Developer Not Matched To Known List,Confirmed Grid-Scale Storage (BESS),27538,1.695114110098286e+26,false
26INR0189,ERCOT,TX,Brazoria,Tap 138 42980 Nash - 44010 W A Parish ckt #2,150.6,Facilities Study,Skipjack Energy Storage,Skipper Energy Storage LLC,Developer Not Matched To Known List,Confirmed Grid-Scale Storage (BESS),27538,1.695114110098286e+26,false
26INR0219,ERCOT,TX,Cooke,704 Mountain Springs 138 kV,150.5,Facilities Study,Mountain Springs BESS,Mountain Springs BESS,Developer Not Matched To Known List,Confirmed Grid-Scale Storage (BESS),27524,1.6942136510756572e+26,false
26INR0180,ERCOT,TX,Navarro,3387 Revolution Switch 138kV,150.5,Facilities Study,Cape Rich BESS,Cape Rich BESS,Developer Not Matched To Known List,Confirmed Grid-Scale Storage (BESS),27524,1.6942136510756572e+26,false
25INR0402,ERCOT,TX,Colorado,7254 WEIMAR8 138kV,150.5,Facilities Study,Driet BESS,Driet BESS LLC,Developer Not Matched To Known List,Confirmed Grid-Scale Storage (BESS),27524,1.6942136510756572e+26,false
27INR0050,ERCOT,TX,Comanche,Tap 345KV 1900 Comanche Peak - 1440 Comanche Switch,150.5,Facilities Study,Darkwood BESS,"Mustang Creek Solar, LLC",Developer Not Matched To Known List,Confirmed Grid-Scale Storage (BESS),27520,1.69398853632e+26,false
25INR0396,ERCOT,TX,Martin,Tap 138kV 11368 Expanse Switch – 23841 Sale Ranch,150.5,Facilities Study,Stewart Grady BESS,Grady BESS,Developer Not Matched To Known List,Confirmed Grid-Scale Storage (BESS),27520,1.69398853632e+26,false
26INR0328,ERCOT,TX,Dewitt,(#78575) LCRA Yorktown 138 kV,150.5,Facilities Study,Yorktown BESS,Navitas Energy LLC,Developer Not Matched To Known List,Confirmed Grid-Scale Storage (BESS),27518,1.6938759789421716e+26,false
25INR0706,ERCOT,TX,Brazoria,39030 TNMP Alvin 138kV,150.5,Facilities Study,Bocanova Power II,Bocanova Power II LLC,Developer Not Matched To Known List,Confirmed Grid-Scale Storage (BESS),27513,1.693538306808686e+26,false
27INR0364,ERCOT,TX,Schleicher,6500 Live Oak AEP 138kV,150.4,Facilities Study,Cashel BESS,TIPPSOL LLC,Developer Not Matched To Known List,Confirmed Grid-Scale Storage (BESS),27509,1.6933131920530286e+26,false
25INR0376,ERCOT,TX,Hidalgo,85005 ELGATO4A 138 kV,150.4,Facilities Study,Hawkins BESS,"BRP BLUE TOPAZ 7, LLC",Developer Not Matched To Known List,Confirmed Grid-Scale Storage (BESS),27507,1.6932006346752e+26,false
27INR0342,ERCOT,TX,Bexar,Tap 138 kV Chavanea (5085) - Palo Alto (5330).,150.4,Facilities Study,Dorsey Road BESS,Horizon Energy Storage Greenfield Project Holdings LLC,Developer Not Matched To Known List,Confirmed Grid-Scale Storage (BESS),27500,1.692750405163886e+26,false
28INR0009,ERCOT,TX,Knox,Tap 345kV 6076 Foxtail - 60791 Perigee,150.4,Facilities Study,Oriole BES,Rolling Plains Solar,Developer Not Matched To Known List,Confirmed Grid-Scale Storage (BESS),27500,1.692750405163886e+26,false
30INR0111,ERCOT,TX,Burleson,32878 Greens Prairie 138kV,150.4,Facilities Study,Tradition BESS,Horizon Energy Storage Greenfield Project Holdings LLC,Developer Not Matched To Known List,Confirmed Grid-Scale Storage (BESS),27494,1.6924127330304e+26,false
30INR0112,ERCOT,TX,Comal,7456 LOP3378 138kV,150.4,Facilities Study,Short River BESS,Horizon Energy Storage Greenfield Project Holdings LLC,Developer Not Matched To Known List,Confirmed Grid-Scale Storage (BESS),27494,1.6924127330304e+26,false
30INR0038,ERCOT,TX,Lampasas,7066 Adamsville 138kV,150.3,Facilities Study,Solgen Storage,Lampasas Hybrid Energy LLC,Developer Not Matched To Known List,Confirmed Grid-Scale Storage (BESS),27483,1.691737388763429e+26,false
GEN-2026-SR25,SPP,CO,Burlington,Looff 230 kV,150,Under Study,,NOT PUBLISHED IN SPP GI QUEUE EXPORT,Developer Not Disclosed,Confirmed Grid-Scale Storage (BESS),27429,1.6883606674285714e+26,false
GEN-2026-SR26,SPP,CO,Burlington,Looff 230 kV,150,Under Study,,NOT PUBLISHED IN SPP GI QUEUE EXPORT,Developer Not Disclosed,Confirmed Grid-Scale Storage (BESS),27429,1.6883606674285714e+26,false
GEN-2026-SR6,SPP,ND,South Heart,Daglum 230kV Switching Station,150,Under Study,,NOT PUBLISHED IN SPP GI QUEUE EXPORT,Developer Not Disclosed,Confirmed Grid-Scale Storage (BESS),27429,1.6883606674285714e+26,false
GEN-2026-SR7,SPP,ND,South Heart,Daglum 230kV Switching Station,150,Under Study,,NOT PUBLISHED IN SPP GI QUEUE EXPORT,Developer Not Disclosed,Confirmed Grid-Scale Storage (BESS),27429,1.6883606674285714e+26,false
GEN-2026-SR22,SPP,KS,Oxford,Wild Plains 345kV Substation,150,Under Study,,NOT PUBLISHED IN SPP GI QUEUE EXPORT,Developer Not Disclosed,Confirmed Grid-Scale Storage (BESS),27429,1.6883606674285714e+26,false
GEN-2026-SR18,SPP,MO,Sarcoxie,La Russell 161 kV Substation,150,Under Study,,NOT PUBLISHED IN SPP GI QUEUE EXPORT,Developer Not Disclosed,Confirmed Grid-Scale Storage (BESS),27429,1.6883606674285714e+26,false
GEN-2025-SR3,SPP,KS,Minneola,Clark County 345kV Substation,150,IA in Progress,,NOT PUBLISHED IN SPP GI QUEUE EXPORT,Developer Not Disclosed,Confirmed Grid-Scale Storage (BESS),27429,1.6883606674285714e+26,false
GI-CS-2025-16,SPP,CO,"Weld County,",Henry Lake - Badger Creek 230 Line,150,Under Study,,NOT PUBLISHED IN SPP GI QUEUE EXPORT,Developer Not Disclosed,Confirmed Grid-Scale Storage (BESS),27429,1.6883606674285714e+26,false
GEN-2024-SR9,SPP,OK,Beaver County,Beaver County Substation 345 kV,150,IA in Progress,,NOT PUBLISHED IN SPP GI QUEUE EXPORT,Developer Not Disclosed,Confirmed Grid-Scale Storage (BESS),27429,1.6883606674285714e+26,false
GEN-2024-065,SPP,NE,Dodge,FREMONT7 115 kV Substation,150,Under Study,,NOT PUBLISHED IN SPP GI QUEUE EXPORT,Developer Not Disclosed,Confirmed Grid-Scale Storage (BESS),27429,1.6883606674285714e+26,false
AG2-288,PJM,VA,Frederick,NOT PUBLISHED BY PJM (Transmission Owner: APS),150,Active,Stonewall 138 kV,Rockline Reliability Center LLC,Developer Not Matched To Known List,Confirmed Grid-Scale Storage (BESS),27429,1.6883606674285714e+26,false
AH1-563,PJM,IL,Nan,NOT PUBLISHED BY PJM (Transmission Owner: ComEd),150,Active,Aurora E.C. 138kV,"Aurora Generation, LLC",Developer Not Matched To Known List,Confirmed Grid-Scale Storage (BESS),27429,1.6883606674285714e+26,false
AG2-621,PJM,PA,Beaver,NOT PUBLISHED BY PJM (Transmission Owner: ATSI),150,Active,Hoytdale 138 kV,"ACE Development Company, LLC",Developer Not Matched To Known List,Confirmed Grid-Scale Storage (BESS),27429,1.6883606674285714e+26,false
AG2-088,PJM,VA,Chesterfield,NOT PUBLISHED BY PJM (Transmission Owner: Dominion),150,Active,Midlothian 230 kV,"Hermon Energy Center, LLC",Developer Not Matched To Known List,Confirmed Grid-Scale Storage (BESS),27429,1.6883606674285714e+26,false
C01-1596,PJM,MI,Berrien,NOT PUBLISHED BY PJM (Transmission Owner: AEP),150,Active,Blossom Trail 138kV 138 kV,"Scout Solar LandCo, LLC",Developer Not Matched To Known List,Confirmed Grid-Scale Storage (BESS),27429,1.6883606674285714e+26,false
C01-1587,PJM,IL,Whiteside,NOT PUBLISHED BY PJM (Transmission Owner: ComEd),150,Active,Garden Plain 138 kV,"Gipper Wind Farm, LLC",Developer Not Matched To Known List,Confirmed Grid-Scale Storage (BESS),27429,1.6883606674285714e+26,false
C01-1576,PJM,IL,Grundy,NOT PUBLISHED BY PJM (Transmission Owner: ComEd),150,Active,Collins 345 kV,"COLLINS BATTERY STORAGE, LLC",Developer Not Matched To Known List,Confirmed Grid-Scale Storage (BESS),27429,1.6883606674285714e+26,false
C01-2189,PJM,IL,Livingston,NOT PUBLISHED BY PJM (Transmission Owner: ComEd),150,Active,Pontiac - Dresden 345 kV,"Eagle Wing Firm Power, LLC",Developer Not Matched To Known List,Confirmed Grid-Scale Storage (BESS),27429,1.6883606674285714e+26,false
C01-1490,PJM,MD,Harford,NOT PUBLISHED BY PJM (Transmission Owner: BGE),150,Active,Rock Ridge 115 kV,Rock Ridge BESS LLC,Developer Not Matched To Known List,Confirmed Grid-Scale Storage (BESS),27429,1.6883606674285714e+26,false
C01-1016,PJM,VA,Brunswick,NOT PUBLISHED BY PJM (Transmission Owner: Dominion),150,Active,Brunswick 115 kV,"BWB1, LLC",Developer Not Matched To Known List,Confirmed Grid-Scale Storage (BESS),27429,1.6883606674285714e+26,false
C01-1099,PJM,VA,Charlotte,NOT PUBLISHED BY PJM (Transmission Owner: Dominion),150,Active,Madisonville 115 kV,"CPV County Line Solar, LLC",Developer Not Matched To Known List,Confirmed Grid-Scale Storage (BESS),27429,1.6883606674285714e+26,false
C01-1444,PJM,NJ,Cumberland,NOT PUBLISHED BY PJM (Transmission Owner: AEC),150,Active,Orchard - Cumberland 230 kV,Atlantic City Electric Company,Developer Not Matched To Known List,Confirmed Grid-Scale Storage (BESS),27429,1.6883606674285714e+26,false
C01-1874,PJM,MD,Allegany,NOT PUBLISHED BY PJM (Transmission Owner: APS),150,Active,Ridgeley - Frostburg 138 kV,"Frostburg Storage, LLC",Developer Not Matched To Known List,Confirmed Grid-Scale Storage (BESS),27429,1.6883606674285714e+26,false
C01-1872,PJM,VA,New Kent,NOT PUBLISHED BY PJM (Transmission Owner: Dominion),150,Active,Lanexa - King Queen 230 kV,"Carps Point Storage, LLC",Developer Not Matched To Known List,Confirmed Grid-Scale Storage (BESS),27429,1.6883606674285714e+26,false
C01-1753,PJM,VA,Frederick,NOT PUBLISHED BY PJM (Transmission Owner: NEET),150,Active,Woodside 500 kV,"NextEra Energy Resources Interconnection Holdings, LLC",Developer Not Matched To Known List,Confirmed Grid-Scale Storage (BESS),27429,1.6883606674285714e+26,false
C01-1860,PJM,VA,Lancaster,NOT PUBLISHED BY PJM (Transmission Owner: Dominion),150,Active,Ocran 115 kV,"Old Mill Cove BESS, LLC",Developer Not Matched To Known List,Confirmed Grid-Scale Storage (BESS),27429,1.6883606674285714e+26,false
C01-1564,PJM,MD,Anne Arundel,NOT PUBLISHED BY PJM (Transmission Owner: BGE),150,Active,Riverside 115 kV,"RIVERSIDE BATTERY STORAGE, LLC",Developer Not Matched To Known List,Confirmed Grid-Scale Storage (BESS),27429,1.6883606674285714e+26,false
C01-1910,PJM,MD,Frederick,NOT PUBLISHED BY PJM (Transmission Owner: APS),150,Active,Stonewall 138 kV,VA-202 LLC,Developer Not Matched To Known List,Confirmed Grid-Scale Storage (BESS),27429,1.6883606674285714e+26,false
C01-1573,PJM,IL,Lake,NOT PUBLISHED BY PJM (Transmission Owner: ComEd),150,Active,Zion 345 kV,"ZION BATTERY STORAGE, LLC",Developer Not Matched To Known List,Confirmed Grid-Scale Storage (BESS),27429,1.6883606674285714e+26,false
C01-1715,PJM,OH,Ross,NOT PUBLISHED BY PJM (Transmission Owner: AEP),150,Active,Lutz 138 kV,"AE Renewable Development, LLC",Developer Not Matched To Known List,Confirmed Grid-Scale Storage (BESS),27429,1.6883606674285714e+26,false
C01-2256,PJM,VA,King George,NOT PUBLISHED BY PJM (Transmission Owner: Dominion),150,Active,Birchwood - Fines corner 230 kV,Peregrine DevCO Holdings LLC,Developer Not Matched To Known List,Confirmed Grid-Scale Storage (BESS),27429,1.6883606674285714e+26,false
C01-2003,PJM,VA,Orange,NOT PUBLISHED BY PJM (Transmission Owner: Dominion),150,Active,Oak Green 230 kV,Sunflower Storage LLC,Developer Not Matched To Known List,Confirmed Grid-Scale Storage (BESS),27429,1.6883606674285714e+26,false
GI-TC-2024-01,SPP,CO,Lincoln County,Lincoln 230 Substation,150,IA in Progress,,NOT PUBLISHED IN SPP GI QUEUE EXPORT,Developer Not Disclosed,Confirmed Grid-Scale Storage (BESS),27429,1.6883606674285714e+26,false
GI-SISS-2025-05,SPP,CO,Kit Carson County,Burlington 230 Substation,150,IA in Progress,,NOT PUBLISHED IN SPP GI QUEUE EXPORT,Developer Not Disclosed,Confirmed Grid-Scale Storage (BESS),27429,1.6883606674285714e+26,false
GI-TC-2024-02,SPP,CO,Lincoln County,Lincoln 230 Substation,150,IA in Progress,,NOT PUBLISHED IN SPP GI QUEUE EXPORT,Developer Not Disclosed,Confirmed Grid-Scale Storage (BESS),27429,1.6883606674285714e+26,false
GEN-2024-117,SPP,OK,Washington,Coffeyville Tap - North Bartlesville 138kV Line,150,Under Study,,NOT PUBLISHED IN SPP GI QUEUE EXPORT,Developer Not Disclosed,Confirmed Grid-Scale Storage (BESS),27429,1.6883606674285714e+26,false
C01-2168,PJM,VA,Halifax,NOT PUBLISHED BY PJM (Transmission Owner: Dominion),150,Active,Huber DP - Woodchuck Trail 115 kV,"T Creek Energy, LLC",Developer Not Matched To Known List,Confirmed Grid-Scale Storage (BESS),27429,1.6883606674285714e+26,false
AH1-564,PJM,IL,Winnebago,NOT PUBLISHED BY PJM (Transmission Owner: ComEd),150,Active,Rockford II 138 kV,"Rockford Generation, LLC",Developer Not Matched To Known List,Confirmed Grid-Scale Storage (BESS),27429,1.6883606674285714e+26,false
C01-1787,PJM,MI,Berrien,NOT PUBLISHED BY PJM (Transmission Owner: AEP),150,Active,Derby 138 kV,ENGIE IR Holdings LLC,Developer Not Matched To Known List,Confirmed Grid-Scale Storage (BESS),27429,1.6883606674285714e+26,false
C01-2169,PJM,VA,Charlotte,NOT PUBLISHED BY PJM (Transmission Owner: Dominion),150,Active,Twittys - Madisonville 115 kV,"Lineberry Energy, LLC",Developer Not Matched To Known List,Confirmed Grid-Scale Storage (BESS),27429,1.6883606674285714e+26,false
C01-1643,PJM,VA,Hopewell,NOT PUBLISHED BY PJM (Transmission Owner: Dominion),150,Active,Hopewell 230 kV,"New Hopewell Energy Center, LLC",Developer Not Matched To Known List,Confirmed Grid-Scale Storage (BESS),27429,1.6883606674285714e+26,false
AG2-107,PJM,OH,Madison,NOT PUBLISHED BY PJM (Transmission Owner: AEP),150,Active,Marysville-Flatlick 765 kV,"Oak Run Solar Project, LLC",Developer Not Matched To Known List,Confirmed Grid-Scale Storage (BESS),27429,1.6883606674285714e+26,false
C01-1288,PJM,VA,Chesapeake,NOT PUBLISHED BY PJM (Transmission Owner: Dominion),150,Active,Hickory - Fentress 230 kV,"Mill Stone Energy Center, LLC",Developer Not Matched To Known List,Confirmed Grid-Scale Storage (BESS),27429,1.6883606674285714e+26,false
C01-1352,PJM,OH,Crawford,NOT PUBLISHED BY PJM (Transmission Owner: AEP),150,Active,Bucyrus Center 138 kV,Juno Power Management LLC,Developer Not Matched To Known List,Confirmed Grid-Scale Storage (BESS),27429,1.6883606674285714e+26,false
AG2-106,PJM,OH,Madison,NOT PUBLISHED BY PJM (Transmission Owner: AEP),150,Active,Marysville-Flatlick 765 kV,"Oak Run Solar Project, LLC",Developer Not Matched To Known List,Confirmed Grid-Scale Storage (BESS),27429,1.6883606674285714e+26,false
J3776,MISO,MI,Midland,TittabawASSEe,150,Active,,NOT PUBLISHED IN MISO GI QUEUE DATA,Developer Not Disclosed,Confirmed Grid-Scale Storage (BESS),27429,1.6883606674285714e+26,false
J3733,MISO,IN,Gibson,Oakland City  - Old Ben Coal 138.0kV,150,Active,,NOT PUBLISHED IN MISO GI QUEUE DATA,Developer Not Disclosed,Confirmed Grid-Scale Storage (BESS),27429,1.6883606674285714e+26,false
S1163,MISO,IN,Newton,MORRISON DITCH,150,Active,,NOT PUBLISHED IN MISO GI QUEUE DATA,Developer Not Disclosed,Confirmed Grid-Scale Storage (BESS),27429,1.6883606674285714e+26,false
S1141,MISO,MS,Hinds,TINNIN ROAD,150,Active,,NOT PUBLISHED IN MISO GI QUEUE DATA,Developer Not Disclosed,Confirmed Grid-Scale Storage (BESS),27429,1.6883606674285714e+26,false
J3636,MISO,MI,Tuscola,BAUER,150,Active,,NOT PUBLISHED IN MISO GI QUEUE DATA,Developer Not Disclosed,Confirmed Grid-Scale Storage (BESS),27429,1.6883606674285714e+26,false
J2151,MISO,IL,Saline,Muddy to West Frankfort 138 kV line,150,Facilities Study,,NOT PUBLISHED IN MISO GI QUEUE DATA,Developer Not Disclosed,Confirmed Grid-Scale Storage (BESS),27429,1.6883606674285714e+26,false
J2203,MISO,IL,Adams,East Quincy,150,Facilities Study,,NOT PUBLISHED IN MISO GI QUEUE DATA,Developer Not Disclosed,Confirmed Grid-Scale Storage (BESS),27429,1.6883606674285714e+26,false
J2129,MISO,MI,Barry,Bradley 138 kV Substation,150,Facilities Study,,NOT PUBLISHED IN MISO GI QUEUE DATA,Developer Not Disclosed,Confirmed Grid-Scale Storage (BESS),27429,1.6883606674285714e+26,false
J2627,MISO,IL,Adams,East Quincy,150,Facilities Study,,NOT PUBLISHED IN MISO GI QUEUE DATA,Developer Not Disclosed,Confirmed Grid-Scale Storage (BESS),27429,1.6883606674285714e+26,false
J4122,MISO,MI,Shiawassee,Goss,150,Active,,NOT PUBLISHED IN MISO GI QUEUE DATA,Developer Not Disclosed,Confirmed Grid-Scale Storage (BESS),27429,1.6883606674285714e+26,false
J2869,MISO,MS,Sunflower,GERALDANDRUS SES SWITCHYARD-INDIANOLA 230 KV,150,Under Study,,NOT PUBLISHED IN MISO GI QUEUE DATA,Developer Not Disclosed,Confirmed Grid-Scale Storage (BESS),27429,1.6883606674285714e+26,false
J3650,MISO,MI,Genesee,BEVERIDGE,150,Active,,NOT PUBLISHED IN MISO GI QUEUE DATA,Developer Not Disclosed,Confirmed Grid-Scale Storage (BESS),27429,1.6883606674285714e+26,false
J3009,MISO,MI,Washtenaw,VOYAGER,150,Under Study,,NOT PUBLISHED IN MISO GI QUEUE DATA,Developer Not Disclosed,Confirmed Grid-Scale Storage (BESS),27429,1.6883606674285714e+26,false
C24-167,NYISO,NY,Suffolk,Sills Rd - Brookhaven 138 kV line,150,Facilities Study,KCE NY 37,"KCE NY 37, LLC",Developer Not Matched To Known List,Confirmed Grid-Scale Storage (BESS),27429,1.6883606674285714e+26,false
C24-139,NYISO,NY,Clinton,Patnode 230 kV substation,150,Facilities Study,Valcour Storage,"Emeren US, LLC",Developer Not Matched To Known List,Confirmed Grid-Scale Storage (BESS),27429,1.6883606674285714e+26,false
J3316,MISO,IL,Washington,Okawville 138 kV,150,Active,,NOT PUBLISHED IN MISO GI QUEUE DATA,Developer Not Disclosed,Confirmed Grid-Scale Storage (BESS),27429,1.6883606674285714e+26,false
C24-338,NYISO,NY,Dutchess,East Fishkill 345 kV,150,Facilities Study,Aria Storage 2,"Terra-Gen Development Company, LLC",Developer Not Matched To Known List,Confirmed Grid-Scale Storage (BESS),27429,1.6883606674285714e+26,false
C26-0006,NYISO,NY,Ulster,Hurley 345kV Substation,150,Active,Alcazar 2,"Terra-Gen Development Company, LLC",Developer Not Matched To Known List,Confirmed Grid-Scale Storage (BESS),27429,1.6883606674285714e+26,false
C24-178,NYISO,NY,Kings,Gowanus 138kV Substation,150,Facilities Study,Gowanus Energy Storage,"Astoria Generating Company, L.P.",Developer Not Matched To Known List,Confirmed Grid-Scale Storage (BESS),27429,1.6883606674285714e+26,false
C26-0015,NYISO,NY,Dutchess,East Fishkill 115 kV,150,Active,Aria Storage 3,"Terra-Gen Development Company, LLC",Developer Not Matched To Known List,Confirmed Grid-Scale Storage (BESS),27429,1.6883606674285714e+26,false
C24-304-004,NYISO,NY,Franklin,Willis 230kV substation,150,Facilities Study,NY Chateaugay 0 Willis Rd Storage,"Chateauguay River, LLC",Developer Not Matched To Known List,Confirmed Grid-Scale Storage (BESS),27429,1.6883606674285714e+26,false
J3651,MISO,MI,Lenawee,BEECHER - KNOWLES 138.0kV,150,Active,,NOT PUBLISHED IN MISO GI QUEUE DATA,Developer Not Disclosed,Confirmed Grid-Scale Storage (BESS),27429,1.6883606674285714e+26,false
S1084,MISO,IN,Greene,Worthington,150,Active,,NOT PUBLISHED IN MISO GI QUEUE DATA,Developer Not Disclosed,Confirmed Grid-Scale Storage (BESS),27429,1.6883606674285714e+26,false
J3695,MISO,IL,Clark,7CASEY - 7SNYDER  345.0kV,150,Active,,NOT PUBLISHED IN MISO GI QUEUE DATA,Developer Not Disclosed,Confirmed Grid-Scale Storage (BESS),27429,1.6883606674285714e+26,false
J2897,MISO,TX,San Jacinto,RIVTRIN - SHECO CALVIN 138.0kV,150,Under Study,,NOT PUBLISHED IN MISO GI QUEUE DATA,Developer Not Disclosed,Confirmed Grid-Scale Storage (BESS),27429,1.6883606674285714e+26,false
J3387,MISO,IN,Henry,Connersville  - New Castle 138.0kV,150,Active,,NOT PUBLISHED IN MISO GI QUEUE DATA,Developer Not Disclosed,Confirmed Grid-Scale Storage (BESS),27429,1.6883606674285714e+26,false
J3654,MISO,MI,Washtenaw,"Line tap on Superior-Wayne 120kV line at 42.275480, -83.628250",150,Active,,NOT PUBLISHED IN MISO GI QUEUE DATA,Developer Not Disclosed,Confirmed Grid-Scale Storage (BESS),27429,1.6883606674285714e+26,false
J3505,MISO,MO,Bollinger,5HERITAGE - 5FREDTN  161.0kV,150,Active,,NOT PUBLISHED IN MISO GI QUEUE DATA,Developer Not Disclosed,Confirmed Grid-Scale Storage (BESS),27429,1.6883606674285714e+26,false
J2326,MISO,WI,Outagamie,Werner West,150,Under Study,,NOT PUBLISHED IN MISO GI QUEUE DATA,Developer Not Disclosed,Confirmed Grid-Scale Storage (BESS),27429,1.6883606674285714e+26,false
S1080,MISO,MN,Martin,Rutland,150,Active,,NOT PUBLISHED IN MISO GI QUEUE DATA,Developer Not Disclosed,Confirmed Grid-Scale Storage (BESS),27429,1.6883606674285714e+26,false
J1934,MISO,WI,Kenosha,Lakeview 138kV,150,Facilities Study,,NOT PUBLISHED IN MISO GI QUEUE DATA,Developer Not Disclosed,Confirmed Grid-Scale Storage (BESS),27429,1.6883606674285714e+26,false
C26-0023,NYISO,NY,Onondaga,CLAY 115kV Substation,150,Active,Clay Energy Storage 2,"Terra-Gen Development Company, LLC",Developer Not Matched To Known List,Confirmed Grid-Scale Storage (BESS),27429,1.6883606674285714e+26,false
J2170,MISO,IL,Clark,Snyder 345 kV (J1180/J1475 POI),150,Facilities Study,,NOT PUBLISHED IN MISO GI QUEUE DATA,Developer Not Disclosed,Confirmed Grid-Scale Storage (BESS),27429,1.6883606674285714e+26,false
J4079,MISO,LA,Calcasieu,NELSON 230 SWYD - PENTON ROAD (CLECO) 230.0kV,150,Active,,NOT PUBLISHED IN MISO GI QUEUE DATA,Developer Not Disclosed,Confirmed Grid-Scale Storage (BESS),27429,1.6883606674285714e+26,false
S1181,MISO,IA,Story,Story County,150,Active,,NOT PUBLISHED IN MISO GI QUEUE DATA,Developer Not Disclosed,Confirmed Grid-Scale Storage (BESS),27429,1.6883606674285714e+26,false
C24-098,NYISO,NY,Orange,Roseton 345 kV Substation,150,Facilities Study,Farmhouse BESS,"RWE Solar Development, LLC",Developer Not Matched To Known List,Confirmed Grid-Scale Storage (BESS),27429,1.6883606674285714e+26,false
C24-094,NYISO,NY,Ulster,Hurley 345kV Substation,150,Facilities Study,Alcazar 2,"Terra-Gen Development Company, LLC",Developer Not Matched To Known List,Confirmed Grid-Scale Storage (BESS),27429,1.6883606674285714e+26,false
J1572,MISO,MN,Faribault,Huntley to Blue Earth 161kV,150,IA in Progress,,NOT PUBLISHED IN MISO GI QUEUE DATA,Developer Not Disclosed,Confirmed Grid-Scale Storage (BESS),27429,1.6883606674285714e+26,false
J2728,MISO,MN,Freeborn,Glenworth,150,Under Study,,NOT PUBLISHED IN MISO GI QUEUE DATA,Developer Not Disclosed,Confirmed Grid-Scale Storage (BESS),27429,1.6883606674285714e+26,false
2344,CAISO,CA,Colusa,DELEVAN-CORTINA,150,Active,Cowboy,NOT PUBLISHED IN CAISO CLUSTER REQUEST LIST,Developer Not Disclosed,Confirmed Grid-Scale Storage (BESS),27429,1.6883606674285714e+26,false
J2589,MISO,MI,Jackson,TOMPKINS - VROOMAN 138.0kV,150,Under Study,,NOT PUBLISHED IN MISO GI QUEUE DATA,Developer Not Disclosed,Confirmed Grid-Scale Storage (BESS),27429,1.6883606674285714e+26,false
J2838,MISO,LA,Richland,DUNN - OAK RIDGE (LA) 115.0kV,150,Under Study,,NOT PUBLISHED IN MISO GI QUEUE DATA,Developer Not Disclosed,Confirmed Grid-Scale Storage (BESS),27429,1.6883606674285714e+26,false
J2764,MISO,AR,Craighead,JONESBORO (APL) - CASH 161.0kV,150,Under Study,,NOT PUBLISHED IN MISO GI QUEUE DATA,Developer Not Disclosed,Confirmed Grid-Scale Storage (BESS),27429,1.6883606674285714e+26,false
J2880,MISO,AR,Jefferson,STUTTGART RICUSKEY - WOODWARD 230 SUB 230.0kV,150,Under Study,,NOT PUBLISHED IN MISO GI QUEUE DATA,Developer Not Disclosed,Confirmed Grid-Scale Storage (BESS),27429,1.6883606674285714e+26,false
J2797,MISO,IL,White,Norris City North,150,Facilities Study,,NOT PUBLISHED IN MISO GI QUEUE DATA,Developer Not Disclosed,Confirmed Grid-Scale Storage (BESS),27429,1.6883606674285714e+26,false
J2731,MISO,MN,Olmsted,Maple Leaf,150,Under Study,,NOT PUBLISHED IN MISO GI QUEUE DATA,Developer Not Disclosed,Confirmed Grid-Scale Storage (BESS),27429,1.6883606674285714e+26,false
2279,CAISO,AZ,Maricopa,HASSAYAMPA 500 kV,150,Active,Mesquite Solar 6,NOT PUBLISHED IN CAISO CLUSTER REQUEST LIST,Developer Not Disclosed,Confirmed Grid-Scale Storage (BESS),27429,1.6883606674285714e+26,false
C24-032,NYISO,NY,Broome,Oakdale 115 kV,150,Facilities Study,Oakdale Battery Storage LLC,BayWa r.e Projects LLC.,Developer Not Matched To Known List,Confirmed Grid-Scale Storage (BESS),27429,1.6883606674285714e+26,false
C24-085,NYISO,NY,Orange,Rock Tavern 345kV Substation,150,Facilities Study,Arch 4,"Terra-Gen Development Company, LLC",Developer Not Matched To Known List,Confirmed Grid-Scale Storage (BESS),27429,1.6883606674285714e+26,false
C24-047,NYISO,NY,Ulster,Lincoln Park - East Kingston 115 kV,150,Facilities Study,"Lincoln Park DG, LLC",BayWa r.e Projects LLC.,Developer Not Matched To Known List,Confirmed Grid-Scale Storage (BESS),27429,1.6883606674285714e+26,false
J2734,MISO,AR,Crittenden,GILMORE - WILSON 161.0kV,150,Under Study,,NOT PUBLISHED IN MISO GI QUEUE DATA,Developer Not Disclosed,Confirmed Grid-Scale Storage (BESS),27429,1.6883606674285714e+26,false
J2730,MISO,MN,Jackson,Jackson North 161kV Substation,150,Under Study,,NOT PUBLISHED IN MISO GI QUEUE DATA,Developer Not Disclosed,Confirmed Grid-Scale Storage (BESS),27429,1.6883606674285714e+26,false
J3185,MISO,IL,Effingham,Effingham - Newton 138KV (4EFFINGHM 347025 -4NEWTON 347831),150,Facilities Study,,NOT PUBLISHED IN MISO GI QUEUE DATA,Developer Not Disclosed,Confirmed Grid-Scale Storage (BESS),27429,1.6883606674285714e+26,false
J3224,MISO,IL,Marion,4KINMUNDY-4TANNER 138kv,150,Facilities Study,,NOT PUBLISHED IN MISO GI QUEUE DATA,Developer Not Disclosed,Confirmed Grid-Scale Storage (BESS),27429,1.6883606674285714e+26,false
J1422,MISO,IL,Edwards,Albion - Olney 138 kV Line Tap,150,IA in Progress,,NOT PUBLISHED IN MISO GI QUEUE DATA,Developer Not Disclosed,Confirmed Grid-Scale Storage (BESS),27429,1.6883606674285714e+26,false
J2142,MISO,MO,Adair,Maywood - Zachary 345 kV line,150,Facilities Study,,NOT PUBLISHED IN MISO GI QUEUE DATA,Developer Not Disclosed,Confirmed Grid-Scale Storage (BESS),27429,1.6883606674285714e+26,false
J2454,MISO,MI,Montcalm,Eureka - Vestaburg 138kV,150,Under Study,,NOT PUBLISHED IN MISO GI QUEUE DATA,Developer Not Disclosed,Confirmed Grid-Scale Storage (BESS),27429,1.6883606674285714e+26,false
J2389,MISO,IL,Adams,Monument,150,Facilities Study,,NOT PUBLISHED IN MISO GI QUEUE DATA,Developer Not Disclosed,Confirmed Grid-Scale Storage (BESS),27429,1.6883606674285714e+26,false
S1120,MISO,IN,Knox,Edwardsport  - Washington Mun,150,Active,,NOT PUBLISHED IN MISO GI QUEUE DATA,Developer Not Disclosed,Confirmed Grid-Scale Storage (BESS),27429,1.6883606674285714e+26,false
J1357,MISO,IN,Madison,Madison 138 KV SUBSTATION,150,IA in Progress,,NOT PUBLISHED IN MISO GI QUEUE DATA,Developer Not Disclosed,Confirmed Grid-Scale Storage (BESS),27429,1.6883606674285714e+26,false
J2473,MISO,IN,Marion,Hanna 138kV,150,Facilities Study,,NOT PUBLISHED IN MISO GI QUEUE DATA,Developer Not Disclosed,Confirmed Grid-Scale Storage (BESS),27429,1.6883606674285714e+26,false
S1179,MISO,WI,Portage,Plover,150,Active,,NOT PUBLISHED IN MISO GI QUEUE DATA,Developer Not Disclosed,Confirmed Grid-Scale Storage (BESS),27429,1.6883606674285714e+26,false
J4103,MISO,TX,Trinity,ONALASKA,150,Under Study,,NOT PUBLISHED IN MISO GI QUEUE DATA,Developer Not Disclosed,Confirmed Grid-Scale Storage (BESS),27429,1.6883606674285714e+26,false
S1077,MISO,IL,St. Clair,Fayetteville Bee Hollow Road,150,Active,,NOT PUBLISHED IN MISO GI QUEUE DATA,Developer Not Disclosed,Confirmed Grid-Scale Storage (BESS),27429,1.6883606674285714e+26,false
J4083,MISO,MS,Perry,Purvis Bulk 161 - Hintonville 161 161.0kV,150,Active,,NOT PUBLISHED IN MISO GI QUEUE DATA,Developer Not Disclosed,Confirmed Grid-Scale Storage (BESS),27429,1.6883606674285714e+26,false
P3040,AESO,AB,Red Deer,NOT PUBLISHED IN AESO CONNECTION PROJECT LIST,150,Facilities Study,AHI Prairie Eagle Cogen,NOT PUBLISHED IN AESO CONNECTION PROJECT LIST,Developer Not Disclosed,Confirmed Grid-Scale Storage (BESS),27429,1.6883606674285714e+26,false
25INR0354,ERCOT,TX,Gillespie,"New POI station between 7132 L_GILLES8_1Y - 7126 L_FERGUS8_1Y 138kV line and 7132 L_GILLES8_1Y - 7128 L_HORSBA8_1Y 138kV line, then loop in both lines into the new POI station.",150,Facilities Study,Marshall Spring Storage,"Marshall Springs Storage, LLC",Developer Not Matched To Known List,Confirmed Grid-Scale Storage (BESS),27429,1.6883606674285714e+26,false
24INR0379,ERCOT,TX,Jones,60387 Hendrick 138kV,150,Facilities Study,Solara BESS 2,CED Development Inc.,Developer Not Matched To Known List,Confirmed Grid-Scale Storage (BESS),27429,1.6883606674285714e+26,false
24INR0394,ERCOT,TX,Upton,76635 King Mountain 138kV,150,Facilities Study,CATHODE BESS,CED Development Inc.,Developer Not Matched To Known List,Confirmed Grid-Scale Storage (BESS),27429,1.6883606674285714e+26,false
23INR0206,ERCOT,TX,Goliad,tap 345kV 8624 Grissom - 8164 Coleto Creek,150,Facilities Study,PEREGRINE BESS,CED Development Inc.,Developer Not Matched To Known List,Confirmed Grid-Scale Storage (BESS),27429,1.6883606674285714e+26,false
23INR0168,ERCOT,TX,Matagorda,tap 345kV 44000 W A Parish - 5915 STP,150,Facilities Study,Charolais Storage,"RWE Solar Development, LLC",Developer Not Matched To Known List,Confirmed Grid-Scale Storage (BESS),27429,1.6883606674285714e+26,false
27INR0227,ERCOT,TX,San Patricio,Tap 345kV 8624 Grissom – 8455 Lon C Hill,150,Facilities Study,PALO VERDE BESS,"RWE Clean Energy Development, LLC",Developer Not Matched To Known List,Confirmed Grid-Scale Storage (BESS),27429,1.6883606674285714e+26,false
25INR0489,ERCOT,TX,Crockett,7053 Noelke 345 kV,150,Facilities Study,Ranchero BESS,"Ranchero Battery Facility, LLC",Developer Not Matched To Known List,Confirmed Grid-Scale Storage (BESS),27429,1.6883606674285714e+26,false
29INR0356,ERCOT,TX,Irion,138kV Newton T.Busby Substation (60356),150,Facilities Study,Enfinity Cedar,EG Cedar LLC,Developer Not Matched To Known List,Confirmed Grid-Scale Storage (BESS),27429,1.6883606674285714e+26,false
25INR0078,ERCOT,TX,Goliad,8673 RAPTOR7A 345kV,150,Facilities Study,Peregrine BESS 2,CED Development Inc.,Developer Not Matched To Known List,Confirmed Grid-Scale Storage (BESS),27429,1.6883606674285714e+26,false
24INR0122,ERCOT,TX,Uvalde,5885 Downie 138kV,150,Facilities Study,PHOTO BESS 2,CED Development Inc.,Developer Not Matched To Known List,Confirmed Grid-Scale Storage (BESS),27429,1.6883606674285714e+26,false
24INR0378,ERCOT,TX,Jones,60387 Hendrick 138kV,150,Facilities Study,Solara BESS 1,CED Development Inc.,Developer Not Matched To Known List,Confirmed Grid-Scale Storage (BESS),27429,1.6883606674285714e+26,false
24INR0393,ERCOT,TX,Upton,76040 Castillo 138kV,150,Facilities Study,ELECTRODE BESS,CED Development Inc.,Developer Not Matched To Known List,Confirmed Grid-Scale Storage (BESS),27429,1.6883606674285714e+26,false
24INR0514,ERCOT,TX,Gillespie,7751 Headwaters substation 138kV,148.6,Facilities Study,Rogers Draw BESS,"ROGERS DRAW ENERGY STORAGE, LLC",Developer Not Matched To Known List,Confirmed Grid-Scale Storage (BESS),27174,1.6727151919104003e+26,false
GEN-2026-SR21,SPP,OK,South Coffeyville,Farmland-Delaware 138kV line,148,Under Study,,NOT PUBLISHED IN SPP GI QUEUE EXPORT,Developer Not Disclosed,Confirmed Grid-Scale Storage (BESS),27063,1.6658491918628572e+26,false
J1354,MISO,IN,Decatur,Decatur  County 138kV Switching Station,146,IA in Progress,,NOT PUBLISHED IN MISO GI QUEUE DATA,Developer Not Disclosed,Confirmed Grid-Scale Storage (BESS),26697,1.643337716297143e+26,false
C01-1471,PJM,VA,Fauquier,NOT PUBLISHED BY PJM (Transmission Owner: Dominion),145,Active,Elk Run DP - Vint Hill 230 kV,Elk Run BESS LLC,Developer Not Matched To Known List,Confirmed Grid-Scale Storage (BESS),26514,1.6320819785142857e+26,false
C01-1933,PJM,VA,Prince William,NOT PUBLISHED BY PJM (Transmission Owner: Dominion),145,Active,Liberty 230 kV,Iron Junction Storage LLC,Developer Not Matched To Known List,Confirmed Grid-Scale Storage (BESS),26514,1.6320819785142857e+26,false
J3184,MISO,IL,St. Clair,Turkey Hill 138 kV,145,Facilities Study,,NOT PUBLISHED IN MISO GI QUEUE DATA,Developer Not Disclosed,Confirmed Grid-Scale Storage (BESS),26514,1.6320819785142857e+26,false
23INR0342,ERCOT,TX,Victoria,138 kV Loop 463 Substation (#5680),144.2,Facilities Study,Brizo BESS,BRP Brizo BESS LLC,Developer Not Matched To Known List,Confirmed Grid-Scale Storage (BESS),26372,1.623302503043657e+26,false
25INR0271,ERCOT,TX,Matagorda,8111 MAGILL4A 138KV,143.1,Facilities Study,City Breeze BESS,City Breeze BESS LLC,Developer Not Matched To Known List,Confirmed Grid-Scale Storage (BESS),26167,1.610696076726857e+26,false
J3063,MISO,IL,Perry,7JORD - 7CMDR 345.0kV,143,Facilities Study,,NOT PUBLISHED IN MISO GI QUEUE DATA,Developer Not Disclosed,Confirmed Grid-Scale Storage (BESS),26149,1.6095705029485715e+26,false
28INR0254,ERCOT,TX,Taylor,Tap 138kv 6228 ABNTHWST4A - 6288 MULBERRY4D,143,Facilities Study,Summerhill BESS,"Taylor ESS, LLC",Developer Not Matched To Known List,Confirmed Grid-Scale Storage (BESS),26149,1.6095705029485715e+26,false
25INR0666,ERCOT,TX,Lampasas,7064 Lampasas Substation 138kV,142.9,Facilities Study,GIBSON BRANCH BESS,Gibson Branch BESS LLC,Developer Not Matched To Known List,Confirmed Grid-Scale Storage (BESS),26130,1.608444929170286e+26,false
28INR0221,ERCOT,TX,Wichita,Tap 1464 Wichita Falls South Switch – 1474 Scotland 138 kV,142.6,Facilities Study,Rio Star Energy Storage,"Rio Star Energy Storage, LLC",Developer Not Matched To Known List,Confirmed Grid-Scale Storage (BESS),26072,1.6048430930797713e+26,false
1319,ISO-NE,CT,Litchfield,115 kV line between Rocky River and Bulls Bridge substations,141.6,Active,Battery Storage,NOT PUBLISHED IN ISO-NE IRTT PUBLIC QUEUE,Developer Not Disclosed,Confirmed Grid-Scale Storage (BESS),25893,1.5938124700525714e+26,false
C01-2039,PJM,MD,Anne Arundel,NOT PUBLISHED BY PJM (Transmission Owner: BGE),141.4,Active,Brandon Shores 230 kV,FS CT Project LLC,Developer Not Matched To Known List,Confirmed Grid-Scale Storage (BESS),25856,1.591561322496e+26,false
23INR0478,ERCOT,TX,Milam,Tap 138kV 32 Robertson - 64  Milano,141.2,Facilities Study,Rhoda Storage,"Milam Energy, LLC",Developer Not Matched To Known List,Confirmed Grid-Scale Storage (BESS),25825,1.5896478470729145e+26,false
23INR0794,ERCOT,TX,Coleman,6390 FIREROCK4A 138kV,140.5,Facilities Study,Invictus Energy Storage,GSA Land Holdings,Developer Not Matched To Known List,Confirmed Grid-Scale Storage (BESS),25697,1.5817688306249144e+26,false
C01-1189,PJM,KY,Martin,NOT PUBLISHED BY PJM (Transmission Owner: AEP),140,Active,Inez 138 kV,"Threeforks Energy Storage, LLC",Developer Not Matched To Known List,Confirmed Grid-Scale Storage (BESS),25600,1.5758032896e+26,false
C01-1777,PJM,IN,Adams,NOT PUBLISHED BY PJM (Transmission Owner: AEP),140,Active,Adams - Magley 138 kV,ENGIE IR Holdings LLC,Developer Not Matched To Known List,Confirmed Grid-Scale Storage (BESS),25600,1.5758032896e+26,false
C01-2049,PJM,VA,Shenandoah,NOT PUBLISHED BY PJM (Transmission Owner: APS),140,Active,Strasburg 138 kV,Hanwha Energy USA Holdings Corp,Developer Not Matched To Known List,Confirmed Grid-Scale Storage (BESS),25600,1.5758032896e+26,false
C01-1988,PJM,VA,Mecklenburg,NOT PUBLISHED BY PJM (Transmission Owner: Dominion),140,Active,Palmer Springs 115 kV,Oriden LLC,Developer Not Matched To Known List,Confirmed Grid-Scale Storage (BESS),25600,1.5758032896e+26,false
GEN-2024-261,SPP,NM,Lea,Hobbs - LCEC West 115 kV Line,140,Under Study,,NOT PUBLISHED IN SPP GI QUEUE EXPORT,Developer Not Disclosed,Confirmed Grid-Scale Storage (BESS),25600,1.5758032896e+26,false
J2619,MISO,MI,Montcalm,Kenowa to Nelson Rd. 345kV,140,Under Study,,NOT PUBLISHED IN MISO GI QUEUE DATA,Developer Not Disclosed,Confirmed Grid-Scale Storage (BESS),25600,1.5758032896e+26,false
J2684,MISO,MI,St. Clair,BUNCE,140,Under Study,,NOT PUBLISHED IN MISO GI QUEUE DATA,Developer Not Disclosed,Confirmed Grid-Scale Storage (BESS),25600,1.5758032896e+26,false
C24-004,NYISO,NY,Bronx,Hell Gate Annex 138KV Substation,140,Facilities Study,Palladium Storage,Palladium Storage LLC,Developer Not Matched To Known List,Confirmed Grid-Scale Storage (BESS),25600,1.5758032896e+26,false
J2593,MISO,MO,Gasconade,Bland 138 kV Substation,140,Facilities Study,,NOT PUBLISHED IN MISO GI QUEUE DATA,Developer Not Disclosed,Confirmed Grid-Scale Storage (BESS),25600,1.5758032896e+26,false
J3229,MISO,MO,Maries,4DILLON - 4LKSIDE TP2 138.0kV,140,Facilities Study,,NOT PUBLISHED IN MISO GI QUEUE DATA,Developer Not Disclosed,Confirmed Grid-Scale Storage (BESS),25600,1.5758032896e+26,false
J4174,MISO,AR,Poinsett,MARKED TREE,140,Active,,NOT PUBLISHED IN MISO GI QUEUE DATA,Developer Not Disclosed,Confirmed Grid-Scale Storage (BESS),25600,1.5758032896e+26,false
C24-162,NYISO,NY,Suffolk,William Floyd to West Yaphank 69kV,140,Facilities Study,Ramadi Utility Storage,"Calpine Mid-Atlantic Development, LLC",Developer Not Matched To Known List,Confirmed Grid-Scale Storage (BESS),25600,1.5758032896e+26,false
J2657,MISO,IN,White,REYNOLDS - BURR OAK 345.0kV,138,Facilities Study,,NOT PUBLISHED IN MISO GI QUEUE DATA,Developer Not Disclosed,Confirmed Grid-Scale Storage (BESS),25234,1.5532918140342858e+26,false
26INR0523,ERCOT,TX,Caldwell,Tap 138kV 7224 LULING - 7216 Lockhart,138,Facilities Study,Demeter Storage 2,"Demeter Solar, LLC",Developer Not Matched To Known List,Confirmed Grid-Scale Storage (BESS),25234,1.5532918140342858e+26,false
1518,ISO-NE,MA,Berkshire,"Eversource, New Substation to be built at 42.488290, -73.219503",136,Active,Battery Storage,NOT PUBLISHED IN ISO-NE IRTT PUBLIC QUEUE,Developer Not Disclosed,Confirmed Grid-Scale Storage (BESS),24869,1.5307803384685715e+26,false
28INR0080,ERCOT,TX,Freestone,Tap 138 kV 13501 Clayhill to 13681 Reed,135.6,Facilities Study,Turtle Rock Storage,"Turtle Rock Energy Center, LLC",Developer Not Matched To Known List,Confirmed Grid-Scale Storage (BESS),24794,1.5261654859776002e+26,false
25INR0122,ERCOT,TX,Hill,Chatt(234) - Pecan Street (3352) 138kV,135.2,Facilities Study,Vial BESS,Gransolar Texas Eleven LLC,Developer Not Matched To Known List,Confirmed Grid-Scale Storage (BESS),24719,1.5215506334866289e+26,false
C01-2116,PJM,IL,Cook,NOT PUBLISHED BY PJM (Transmission Owner: ComEd),135,Active,Fisk 138 kV,Prologis Energy LLC,Developer Not Matched To Known List,Confirmed Grid-Scale Storage (BESS),24686,1.5195246006857144e+26,false
AH1-261,PJM,MD,Baltimore County,NOT PUBLISHED BY PJM (Transmission Owner: BGE),135,Active,Northeast - Riverside 230 kV,Pulaski Energy Storage LLC,Developer Not Matched To Known List,Confirmed Grid-Scale Storage (BESS),24686,1.5195246006857144e+26,false
GEN-2024-277,SPP,KS,Shawnee,Tecumseh Hill - Swissvale 230kV Line,135,Under Study,,NOT PUBLISHED IN SPP GI QUEUE EXPORT,Developer Not Disclosed,Confirmed Grid-Scale Storage (BESS),24686,1.5195246006857144e+26,false
GEN-2024-276,SPP,KS,Shawnee,Tecumseh Hill - Swissvale 230kV Line,135,Under Study,,NOT PUBLISHED IN SPP GI QUEUE EXPORT,Developer Not Disclosed,Confirmed Grid-Scale Storage (BESS),24686,1.5195246006857144e+26,false
C24-138,NYISO,NY,Suffolk,Greenlawn 138kV,135,Facilities Study,Marathon BESS,Marathon Power,Developer Not Matched To Known List,Confirmed Grid-Scale Storage (BESS),24686,1.5195246006857144e+26,false
J2648,MISO,IL,Champaign,Sidney 138 kV,135,Facilities Study,,NOT PUBLISHED IN MISO GI QUEUE DATA,Developer Not Disclosed,Confirmed Grid-Scale Storage (BESS),24686,1.5195246006857144e+26,false
C24-064,NYISO,NY,Delaware,Fraser substation 115 kV,135,Facilities Study,Fraser Energy Storage,"EDF Renewables Development, Inc.",Developer Not Matched To Known List,Confirmed Grid-Scale Storage (BESS),24686,1.5195246006857144e+26,false
R5083,MISO,LA,St. James,CHACKBAY - VACHERIE 230.0kV,135,Active,,NOT PUBLISHED IN MISO GI QUEUE DATA,Developer Not Disclosed,Confirmed Grid-Scale Storage (BESS),24686,1.5195246006857144e+26,false
P3014,AESO,AB,Edmonton,NOT PUBLISHED IN AESO CONNECTION PROJECT LIST,135,Facilities Study,Meadowview Solar Battery,NOT PUBLISHED IN AESO CONNECTION PROJECT LIST,Developer Not Disclosed,Confirmed Grid-Scale Storage (BESS),24686,1.5195246006857144e+26,false
J3543,MISO,MN,Dakota,Chub Lake 115 kV,135,Active,,NOT PUBLISHED IN MISO GI QUEUE DATA,Developer Not Disclosed,Confirmed Grid-Scale Storage (BESS),24686,1.5195246006857144e+26,false
J3082,MISO,LA,Franklin,Taping the 'Gilbert / 3GILBERT_LA (303322)' to 'Winnsboro / 3WINNSBORO! (337330)' 115kV line.,135,Under Study,,NOT PUBLISHED IN MISO GI QUEUE DATA,Developer Not Disclosed,Confirmed Grid-Scale Storage (BESS),24686,1.5195246006857144e+26,false
28INR0253,ERCOT,TX,Stonewall,tap 138kV 6150 SPUR4A  - 6158 ASPM4A,135,Facilities Study,Stonewall BESS,"Stonewall ESS, LLC",Developer Not Matched To Known List,Confirmed Grid-Scale Storage (BESS),24686,1.5195246006857144e+26,false
25INR0688,ERCOT,TX,Travis,"HORNSBY Substation POIB# 7047 

Site will be connected behind the meter at Medium Voltage  24.9 kV with non export controls

GSU TRANSFORMER
80/106/133MVA
345kV DELTA PRIMARY
24.9kV WYE-G SECONDARY
Z=XX%, 65DEG C RISE",133,Facilities Study,Giga Texas Data Center,"Giga Texas Energy, LLC",Developer Not Matched To Known List,Confirmed Grid-Scale Storage (BESS),24320,1.49701312512e+26,false
28INR0094,ERCOT,TX,Anderson,Tap 138kV 3281 TENNCLNY_8 - 3499 BLACKFTAP_8,133,Facilities Study,Pham BESS,"ASB1, LLC",Developer Not Matched To Known List,Confirmed Grid-Scale Storage (BESS),24316,1.496788010364343e+26,false
25INR0241,ERCOT,TX,Starr,Tap 138kV 8957 Central Lopeno - 80106 Falcon Dam,132.7,Facilities Study,Halcon Storage,TX BESS A LLC,Developer Not Matched To Known List,Confirmed Grid-Scale Storage (BESS),24256,1.493073616896e+26,false
GEN-2026-PR4,SPP,TX,Spearman,Hitchland 345kV,131.6,Under Study,,NOT PUBLISHED IN SPP GI QUEUE EXPORT,Developer Not Disclosed,Confirmed Grid-Scale Storage (BESS),24057,1.4808048627126858e+26,false
2249,CAISO,CA,Fresno,MANNING 500 kV,131,Active,Shoestring,NOT PUBLISHED IN CAISO CLUSTER REQUEST LIST,Developer Not Disclosed,Confirmed Grid-Scale Storage (BESS),23954,1.474501649554286e+26,false
26INR0402,ERCOT,TX,Hill,Tap 138kV Ash Creek Switch (Bus #3473) – Revolution Switch (Bus #3387),130.9,Facilities Study,HILLBORO BESS,Abei Energy Green XI LLC,Developer Not Matched To Known List,Confirmed Grid-Scale Storage (BESS),23936,1.4733760757760002e+26,false
27INR0333,ERCOT,TX,Wilbarger,Tap 345 kV (#60504) Tesla - (#6111) Riley,130.4,Facilities Study,White Wing Storage,"White Wing Solar, LLC",Developer Not Matched To Known List,Confirmed Grid-Scale Storage (BESS),23845,1.4677482068845712e+26,false
C01-2098,PJM,MD,Talbot,NOT PUBLISHED BY PJM (Transmission Owner: DPL),130,Active,Steele - Easton 138 kV,NewEdge Power Holdings LLC,Developer Not Matched To Known List,Confirmed Grid-Scale Storage (BESS),23771,1.4632459117714287e+26,false
C01-2002,PJM,MD,Wicomico,NOT PUBLISHED BY PJM (Transmission Owner: DPL),130,Active,Walston Switch - New Hope 69 kV,Sunrise Storage LLC,Developer Not Matched To Known List,Confirmed Grid-Scale Storage (BESS),23771,1.4632459117714287e+26,false
C01-1746,PJM,PA,Clearfield,NOT PUBLISHED BY PJM (Transmission Owner: PENELEC),130,Active,Madera - Bionol 115 kV,Clemente Solar LLC,Developer Not Matched To Known List,Confirmed Grid-Scale Storage (BESS),23771,1.4632459117714287e+26,false
S1112,MISO,IN,Pike,Cato 138/69kV (facilities above 100kV),130,Active,,NOT PUBLISHED IN MISO GI QUEUE DATA,Developer Not Disclosed,Confirmed Grid-Scale Storage (BESS),23771,1.4632459117714287e+26,false
C24-081,NYISO,NY,Bronx,Hell Gate Annex 138kV,130,Facilities Study,Port Morris Energy Storage,The New York Power Authority,Developer Not Matched To Known List,Confirmed Grid-Scale Storage (BESS),23771,1.4632459117714287e+26,false
J2818,MISO,AR,Ouachita,AECC CAMDEN SOUTH - STEPHENS 115.0kV,130,Under Study,,NOT PUBLISHED IN MISO GI QUEUE DATA,Developer Not Disclosed,Confirmed Grid-Scale Storage (BESS),23771,1.4632459117714287e+26,false
J2343,MISO,IN,Marion,Georgetown  - North 138.0kV,130,Facilities Study,,NOT PUBLISHED IN MISO GI QUEUE DATA,Developer Not Disclosed,Confirmed Grid-Scale Storage (BESS),23771,1.4632459117714287e+26,false
22INR0386,ERCOT,TX,Pecos,6671 Tombstone 138kV,129.6,Facilities Study,BRP Octans BESS,BRP OCTANS BESS LLC,Developer Not Matched To Known List,Confirmed Grid-Scale Storage (BESS),23693,1.4584059445248e+26,false
28INR0124,ERCOT,TX,Red River,Tap 138kV Rivercrest SES 1780 - Deport REA 1768,129.2,Facilities Study,Silverbell Storage,"Silverbell Energy Center, LLC",Developer Not Matched To Known List,Confirmed Grid-Scale Storage (BESS),23621,1.454016206789486e+26,false
26INR0330,ERCOT,TX,Bexar,Tap 138kV 5294 Martinez - 5110 JT Deely,128.2,Facilities Study,Alamo City BESS,ALAMO CITY ESS LLC,Developer Not Matched To Known List,Confirmed Grid-Scale Storage (BESS),23442,1.4429855837622858e+26,false
J2738,MISO,IL,Rock Island,SUB 17,128,Under Study,,NOT PUBLISHED IN MISO GI QUEUE DATA,Developer Not Disclosed,Confirmed Grid-Scale Storage (BESS),23406,1.4407344362057143e+26,false
28INR0116,ERCOT,TX,Tarrant,2068 Rosen Heights 138kV,127.8,Facilities Study,Salazar BESS,Salazar Energy Storage LLC,Developer Not Matched To Known List,Confirmed Grid-Scale Storage (BESS),23373,1.4387084034048e+26,false
28INR0191,ERCOT,TX,Milam,Tap 138 kV 3750 Vosslake - 3749 Buckholts,127.5,Facilities Study,San Gabriel Storage,San Gabriel Solar LLC,Developer Not Matched To Known List,Confirmed Grid-Scale Storage (BESS),23314,1.4351065673142855e+26,false
24INR0174,ERCOT,TX,Angelina,3307 Redland Switch 138 kV,125.9,Facilities Study,Solar Star North Herty Storage,"Solar Star North Herty Storage, LLC",Developer Not Matched To Known List,Confirmed Grid-Scale Storage (BESS),23022,1.4170973868617143e+26,false
25INR0495,ERCOT,TX,Ellis,218 Rockett 69kV,125.7,Facilities Study,Dolomite Storage,"BT Wilson Storage, LLC",Developer Not Matched To Known List,Confirmed Grid-Scale Storage (BESS),22985,1.4148462393051427e+26,false
27INR0083,ERCOT,TX,Bee,8196 Poesta Substation 138kV,125.6,Facilities Study,Spinner Energy Storage,"GCI Wolf Energy Storage, LLC",Developer Not Matched To Known List,Confirmed Grid-Scale Storage (BESS),22972,1.414058337660343e+26,false
26INR0024,ERCOT,TX,Webb,345 kV Cenizo Substation (#80220),125.6,Facilities Study,Becerra Creek Storage 1,"Bordas Renewable Energy, LLC",Developer Not Matched To Known List,Confirmed Grid-Scale Storage (BESS),22971,1.4139457802825144e+26,false
27INR0003,ERCOT,TX,Webb,345 kV Cenizo Substation (#80220),125.6,Facilities Study,Becerra Creek Storage 2,"Bordas Renewable Energy, LLC",Developer Not Matched To Known List,Confirmed Grid-Scale Storage (BESS),22971,1.4139457802825144e+26,false
26INR0273,ERCOT,TX,Ector,Tap 138kV 1102 Judkins - 1110 Edward,125.5,Facilities Study,Momentum Hazy Jane BESS,"MOMENTUM HAZY JANE, LLC",Developer Not Matched To Known List,Confirmed Grid-Scale Storage (BESS),22949,1.4125950917485711e+26,false
26INR0356,ERCOT,TX,Dimmit,Asherton 8283 - Big wells 8613 -138 kV,125.4,Facilities Study,Saluga Ranch Storage,"Saluga Ranch Energy, LLC",Developer Not Matched To Known List,Confirmed Grid-Scale Storage (BESS),22930,1.4114695179702857e+26,false
27INR0196,ERCOT,TX,Houston,Tap ETEC 138kV #6733 Mustang Prairie to #6732 Latexo Sub,125.4,Facilities Study,Houston County BESS,"Houston ESS, LLC",Developer Not Matched To Known List,Confirmed Grid-Scale Storage (BESS),22930,1.4114695179702857e+26,false
26INR0391,ERCOT,TX,Duval,138 kV Zenaida Bus# 80043,125.3,Facilities Study,Jumping Cactus Storage,"Dove Wing Energy Center, LLC",Developer Not Matched To Known List,Confirmed Grid-Scale Storage (BESS),22916,1.4105690589476572e+26,false
26INR0418,ERCOT,TX,Rockwall,2478 Royse 345kV,125.3,Facilities Study,TE Smith Storage 2,"Smith II Battery Storage, LLC",Developer Not Matched To Known List,Confirmed Grid-Scale Storage (BESS),22916,1.4105690589476572e+26,false
25INR0329,ERCOT,TX,Nueces,138KV Tap 8921 Terra Verde - 8518 Kingsville,125.3,Facilities Study,Lynx Energy Storage,"Corpus Battery Storage, LLC",Developer Not Matched To Known List,Confirmed Grid-Scale Storage (BESS),22912,1.4103439441920002e+26,false
C01-1286,PJM,OH,Butler,NOT PUBLISHED BY PJM (Transmission Owner: DEOK),125,Active,Garver 345 kV,"Mariner Shaker Creek, LLC",Developer Not Matched To Known List,Confirmed Grid-Scale Storage (BESS),22857,1.406967222857143e+26,false
C01-2117,PJM,NJ,Essex,NOT PUBLISHED BY PJM (Transmission Owner: PSEG),125,Active,Foundry 138 kV,Prologis Energy LLC,Developer Not Matched To Known List,Confirmed Grid-Scale Storage (BESS),22857,1.406967222857143e+26,false
GI-TC-2024-21,SPP,CO,Montezuma County,East Cortez 115 Substation,125,IA in Progress,,NOT PUBLISHED IN SPP GI QUEUE EXPORT,Developer Not Disclosed,Confirmed Grid-Scale Storage (BESS),22857,1.406967222857143e+26,false
C01-1751,PJM,VA,Chesapeake,NOT PUBLISHED BY PJM (Transmission Owner: Dominion),125,Active,Shillelagh 115 kV,"NextEra Energy Resources Interconnection Holdings, LLC",Developer Not Matched To Known List,Confirmed Grid-Scale Storage (BESS),22857,1.406967222857143e+26,false
J1358,MISO,IN,LaPorte,Luchtman - Michigan City138kV Line,125,IA in Progress,,NOT PUBLISHED IN MISO GI QUEUE DATA,Developer Not Disclosed,Confirmed Grid-Scale Storage (BESS),22857,1.406967222857143e+26,false
0971,NYISO,NY,Suffolk,Holbrook - Miller Place 138kV,125,IA in Progress,East Setauket Energy Storage,"East Setauket Energy Storage, LLC",Developer Not Matched To Known List,Confirmed Grid-Scale Storage (BESS),22857,1.406967222857143e+26,false
2282,CAISO,CA,Calaveras,VALLEY SPRINGS 230 kV,125,Active,Holly Oaks,NOT PUBLISHED IN CAISO CLUSTER REQUEST LIST,Developer Not Disclosed,Confirmed Grid-Scale Storage (BESS),22857,1.406967222857143e+26,false
J2826,MISO,IN,Greene,Sandborn Primary - Worthington Primary 161.0kV,125,Facilities Study,,NOT PUBLISHED IN MISO GI QUEUE DATA,Developer Not Disclosed,Confirmed Grid-Scale Storage (BESS),22857,1.406967222857143e+26,false
24INR0155,ERCOT,TX,Franklin,Hagansport Switch (old Monticello Tap bus# 1794),124.5,Facilities Study,Lupinus Storage 2,"Lupinus Solar 2, LLC",Developer Not Matched To Known List,Confirmed Grid-Scale Storage (BESS),22775,1.4019021408548574e+26,false
24INR0313,ERCOT,TX,Burnet,7351 STARCKE 138kV,124.1,Facilities Study,Backbone Creek BESS,Backbone Creek BESS LLC,Developer Not Matched To Known List,Confirmed Grid-Scale Storage (BESS),22693,1.3968370588525714e+26,false
26INR0327,ERCOT,TX,Throckmorton,Tap 138 kV 792 Murray - 6169 Paint Creek,123.1,Facilities Study,Sleepy Hollow BESS,"Sleepy Hollow BESS, LLC",Developer Not Matched To Known List,Confirmed Grid-Scale Storage (BESS),22510,1.3855813210697144e+26,false
26INR0654,ERCOT,TX,Atascosa,#5700 Miracle Lake Substation 138kV,123,Facilities Study,Great Hambino BESS,"Atascosa BESS, LLC",Developer Not Matched To Known List,Confirmed Grid-Scale Storage (BESS),22488,1.3842306325357716e+26,false
26INR0544,ERCOT,TX,Wichita,138kV Wichita Falls Cogen (Bus #1498),122.8,Facilities Study,Signal Hill BESS I,Signal Hill Generating LLC,Developer Not Matched To Known List,Confirmed Grid-Scale Storage (BESS),22451,1.3819794849792e+26,false
25INR0202,ERCOT,TX,Kerr,7750 LCRA MOUNTAIN HOME SUB,122.6,Facilities Study,East West BESS,"East West Energy Storage, LLC",Developer Not Matched To Known List,Confirmed Grid-Scale Storage (BESS),22418,1.3799534521782858e+26,false
27INR0323,ERCOT,TX,Howard,Tap 138kV #1322 Big Spring Switch – #1366 Big Spring CRMWD,122.5,Facilities Study,Prairie Blossom Storage,"Prairie Blossom Storage, LLC",Developer Not Matched To Known List,Confirmed Grid-Scale Storage (BESS),22400,1.3788278784e+26,false
27INR0260,ERCOT,TX,Jackson,Tap 69kV #5522 Edna - #5518 El Toro SW,122.3,Facilities Study,Sayle Storage SLF,Sayle Storage LLC,Developer Not Matched To Known List,Confirmed Grid-Scale Storage (BESS),22363,1.3765767308434287e+26,false
26INR0393,ERCOT,TX,Duval,138 kV Zenaida Bus# 80043,122.2,Facilities Study,Dove Wing Storage,"Dove Wing Energy Center, LLC",Developer Not Matched To Known List,Confirmed Grid-Scale Storage (BESS),22347,1.3755637144429716e+26,false
23INR0074,ERCOT,TX,Crane,10002 NS Crane Switch 138kV,121.6,Facilities Study,BRP Ampato BESS,BRP Ampato BESS LLC,Developer Not Matched To Known List,Confirmed Grid-Scale Storage (BESS),22228,1.3682474848841142e+26,false
28INR0452,ERCOT,TX,Wharton,tap of 138kV 8750 CHARMERP4A - 8127 South Lane City,120.5,Facilities Study,Neal Battery,CH Neal Battery LLC,Developer Not Matched To Known List,Confirmed Grid-Scale Storage (BESS),22038,1.356541517589943e+26,false
26INR0033,ERCOT,TX,Freestone,Tap 138kV 3503 FAIRWPOD_8 - 196 FAIRFIELD,120.3,Facilities Study,Fairway Storage,Fairway Storage LLC,Developer Not Matched To Known List,Confirmed Grid-Scale Storage (BESS),21998,1.3540652552777143e+26,false
C01-1405,PJM,VA,Suffolk,NOT PUBLISHED BY PJM (Transmission Owner: Dominion),120,Active,Suffolk - Nucor Tap 230 kV,"Whaley Power, LLC",Developer Not Matched To Known List,Confirmed Grid-Scale Storage (BESS),21943,1.3506885339428571e+26,false
C01-2252,PJM,VA,Carroll,NOT PUBLISHED BY PJM (Transmission Owner: AEP),120,Active,Wolf Glade 138 kV,IOWN Energy Projects LLC,Developer Not Matched To Known List,Confirmed Grid-Scale Storage (BESS),21943,1.3506885339428571e+26,false
C01-1543,PJM,VA,Chesterfield,NOT PUBLISHED BY PJM (Transmission Owner: Dominion),120,Active,Basin - Chesterfield 230 kV,Gemini Power Project LLC,Developer Not Matched To Known List,Confirmed Grid-Scale Storage (BESS),21943,1.3506885339428571e+26,false
C01-2088,PJM,IN,Vermillion,NOT PUBLISHED BY PJM (Transmission Owner: AEP),120,Active,Eugene 345 kV,"TGE Illinois 211, LLC",Developer Not Matched To Known List,Confirmed Grid-Scale Storage (BESS),21943,1.3506885339428571e+26,false
C01-1500,PJM,VA,Surry,NOT PUBLISHED BY PJM (Transmission Owner: Dominion),120,Active,Surry - Wards Creek 230 kV (AG1-000B/AF2-304 switching station),"Clenera DevCo, LLC",Developer Not Matched To Known List,Confirmed Grid-Scale Storage (BESS),21943,1.3506885339428571e+26,false
C01-1755,PJM,IN,Jay,NOT PUBLISHED BY PJM (Transmission Owner: AEP),120,Active,Bluff Point 138 kV,"NextEra Energy Resources Interconnection Holdings, LLC",Developer Not Matched To Known List,Confirmed Grid-Scale Storage (BESS),21943,1.3506885339428571e+26,false
GEN-2026-SR24,SPP,KS,Barber,Thistle 345kV Substation,120,Under Study,,NOT PUBLISHED IN SPP GI QUEUE EXPORT,Developer Not Disclosed,Confirmed Grid-Scale Storage (BESS),21943,1.3506885339428571e+26,false
GEN-2024-362,SPP,OK,Grady,Leonard 138 kV Substation,120,Under Study,,NOT PUBLISHED IN SPP GI QUEUE EXPORT,Developer Not Disclosed,Confirmed Grid-Scale Storage (BESS),21943,1.3506885339428571e+26,false
C01-1332,PJM,IL,Cook,NOT PUBLISHED BY PJM (Transmission Owner: ComEd),120,Active,Burnham 138 kV,"Lincoln Reserve Energy, LLC",Developer Not Matched To Known List,Confirmed Grid-Scale Storage (BESS),21943,1.3506885339428571e+26,false
C01-1462,PJM,IL,McHenry,NOT PUBLISHED BY PJM (Transmission Owner: ComEd),120,Active,Silver Lake (Red Bus) 345 kV,"Monarch Grid, LLC",Developer Not Matched To Known List,Confirmed Grid-Scale Storage (BESS),21943,1.3506885339428571e+26,false
GEN-2023-SR12,SPP,TX,Whiteface,Tap Cochran to Lehman 115 kV Line,120,IA in Progress,,NOT PUBLISHED IN SPP GI QUEUE EXPORT,Developer Not Disclosed,Confirmed Grid-Scale Storage (BESS),21943,1.3506885339428571e+26,false
C01-1366,PJM,VA,Chesapeake,NOT PUBLISHED BY PJM (Transmission Owner: Dominion),120,Active,Hickory 230 kV,"La Feria Energy Storage, LLC",Developer Not Matched To Known List,Confirmed Grid-Scale Storage (BESS),21943,1.3506885339428571e+26,false
C01-1461,PJM,OH,Licking,NOT PUBLISHED BY PJM (Transmission Owner: AEP),120,Active,Jug Street 138 kV,"Flint Grid, LLC",Developer Not Matched To Known List,Confirmed Grid-Scale Storage (BESS),21943,1.3506885339428571e+26,false
C01-2016,PJM,VA,Suffolk,NOT PUBLISHED BY PJM (Transmission Owner: Dominion),120,Active,Suffolk - Sunbury 230 kV,"Simi Solar, LLC",Developer Not Matched To Known List,Confirmed Grid-Scale Storage (BESS),21943,1.3506885339428571e+26,false
J3133,MISO,MI,Saginaw,Murphy to Nelson Road 345 kV,120,Under Study,,NOT PUBLISHED IN MISO GI QUEUE DATA,Developer Not Disclosed,Confirmed Grid-Scale Storage (BESS),21943,1.3506885339428571e+26,false
C24-207,NYISO,NY,"Seneca, Ontario",Border City to Station 168 115 kV,120,Facilities Study,Trelina Energy Storage,"NextEra Energy Resources Interconnection Holdings, LLC",Developer Not Matched To Known List,Confirmed Grid-Scale Storage (BESS),21943,1.3506885339428571e+26,false
2208,CAISO,CA,Orange,MARGARITA 138 kV,120,Active,Bonita Bateria 2,NOT PUBLISHED IN CAISO CLUSTER REQUEST LIST,Developer Not Disclosed,Confirmed Grid-Scale Storage (BESS),21943,1.3506885339428571e+26,false
J3109,MISO,AR,Lonoke,Taping the 'Carlisle / 3CARISLE! (338003)' to 'Screeton / 3SCREETON (338005)' 115kV line,120,Under Study,,NOT PUBLISHED IN MISO GI QUEUE DATA,Developer Not Disclosed,Confirmed Grid-Scale Storage (BESS),21943,1.3506885339428571e+26,false
C24-130,NYISO,NY,Albany,Albany Steam 115 kV Substation,120,Facilities Study,Elevate Bethlehem,"Lighthouse Bethlehem, LLC",Developer Not Matched To Known List,Confirmed Grid-Scale Storage (BESS),21943,1.3506885339428571e+26,false
J2152,MISO,LA,Tangipahoa,INDEPENDENCE [LA] - HAMMOND 230.0kV,120,IA in Progress,,NOT PUBLISHED IN MISO GI QUEUE DATA,Developer Not Disclosed,Confirmed Grid-Scale Storage (BESS),21943,1.3506885339428571e+26,false
J2588,MISO,MI,Jackson,TOMPKINS - VROOMAN 138.0kV,120,Under Study,,NOT PUBLISHED IN MISO GI QUEUE DATA,Developer Not Disclosed,Confirmed Grid-Scale Storage (BESS),21943,1.3506885339428571e+26,false
25INR0447,ERCOT,TX,Bastrop,Tap 345-kV 7040 Austrop to 7042 Zorn,120,Facilities Study,Waterloo BESS 1,"Waterloo BESS, LLC",Developer Not Matched To Known List,Confirmed Grid-Scale Storage (BESS),21943,1.3506885339428571e+26,false
23INR0469,ERCOT,TX,Bell,3404 Belfalls 345kV,120,Facilities Study,Big Elm Storage,"Big Elm Storage, LLC",Developer Not Matched To Known List,Confirmed Grid-Scale Storage (BESS),21943,1.3506885339428571e+26,false
28INR0411,ERCOT,TX,Frio,New tap between line Bigfoot4A (8221) - MooreSw8 (5827),120,Facilities Study,Black Creek BESS,Francitas Renewables LLC,Developer Not Matched To Known List,Confirmed Grid-Scale Storage (BESS),21943,1.3506885339428571e+26,false
26INR0501,ERCOT,TX,Haskell,6104 SMOKY HILL 345kV,120,Facilities Study,Rolling Plains BESS,Haskell County BESS LLC,Developer Not Matched To Known List,Confirmed Grid-Scale Storage (BESS),21943,1.3506885339428571e+26,false
26INR0498,ERCOT,TX,Parker,Tap 138kV BROCK(487) – STHBROCKSW(489),120,Facilities Study,Buckaroo BESS,Weatherford BESS LLC,Developer Not Matched To Known List,Confirmed Grid-Scale Storage (BESS),21943,1.3506885339428571e+26,false
22INR0382,ERCOT,TX,Matagorda,tap 345kV 5915 STP to 44200 Hillje 345kV Ckt 64,120,Facilities Study,Razorbill Storage,"RWE Solar Development, LLC",Developer Not Matched To Known List,Confirmed Grid-Scale Storage (BESS),21943,1.3506885339428571e+26,false
26INR0497,ERCOT,TX,Brazoria,138 kV 42570 Archer (ACH),120,Facilities Study,Rosharon BESS,Rosharon BESS LLC,Developer Not Matched To Known List,Confirmed Grid-Scale Storage (BESS),21943,1.3506885339428571e+26,false
24INR0392,ERCOT,TX,Bexar,5294 Martinez Substation 138kV,120,Facilities Study,Riverwalk BESS,"RWE Solar Developement, LLC",Developer Not Matched To Known List,Confirmed Grid-Scale Storage (BESS),21943,1.3506885339428571e+26,false
C01-1081,PJM,PA,Crawford,NOT PUBLISHED BY PJM (Transmission Owner: PENELEC),116.5,Active,Venango Junction - Edinboro South 115 kV,"Lightsource Renewable Energy Development, LLC",Developer Not Matched To Known List,Confirmed Grid-Scale Storage (BESS),21303,1.3112934517028572e+26,false
GEN-2025-SR12,SPP,OK,Red Rock,Sooner 138 kV Substation,116,Under Study,,NOT PUBLISHED IN SPP GI QUEUE EXPORT,Developer Not Disclosed,Confirmed Grid-Scale Storage (BESS),21211,1.3056655828114289e+26,false
27INR0170,ERCOT,TX,Victoria,To the 138 kV line from EDNA (#8118) to VICTORIA4A (#8172),115.9,Facilities Study,Marcos BESS,GRS BESS Texas Eight LLC,Developer Not Matched To Known List,Confirmed Grid-Scale Storage (BESS),21189,1.3043148942774856e+26,false
27INR0374,ERCOT,TX,Dimmit,Tap 138kv 78281 Dimmit - 8274 Conoco Chittam.,115.2,Facilities Study,Velado Storage SLF,"Velado Solar, LLC",Developer Not Matched To Known List,Confirmed Grid-Scale Storage (BESS),21065,1.296660992585143e+26,false
C01-1779,PJM,VA,Culpeper,NOT PUBLISHED BY PJM (Transmission Owner: Dominion),115,Active,Brandy - McDevitt 230 kV,ENGIE IR Holdings LLC,Developer Not Matched To Known List,Confirmed Grid-Scale Storage (BESS),21029,1.2944098450285714e+26,false
GEN-2024-295,SPP,NM,Eddy,S Loving 115 kV Substation,115,Under Study,,NOT PUBLISHED IN SPP GI QUEUE EXPORT,Developer Not Disclosed,Confirmed Grid-Scale Storage (BESS),21029,1.2944098450285714e+26,false
J2382,MISO,MO,Randolph,5ADAIR    - 5THMHIL (AECI)  161.0kV,115,Facilities Study,,NOT PUBLISHED IN MISO GI QUEUE DATA,Developer Not Disclosed,Confirmed Grid-Scale Storage (BESS),21029,1.2944098450285714e+26,false
J3523,MISO,WI,Barron,BARRON  - WASHCO  161.0kV,115,Active,,NOT PUBLISHED IN MISO GI QUEUE DATA,Developer Not Disclosed,Confirmed Grid-Scale Storage (BESS),21029,1.2944098450285714e+26,false
J2886,MISO,IL,Sangamon,4Auburn N-4Jacksnvl 138kV,115,Facilities Study,,NOT PUBLISHED IN MISO GI QUEUE DATA,Developer Not Disclosed,Confirmed Grid-Scale Storage (BESS),21029,1.2944098450285714e+26,false
C01-1941,PJM,NJ,Salem,NOT PUBLISHED BY PJM (Transmission Owner: AEC),114,Active,Churchtown - Orchard 230 kV,"Goldenrod Energy Center, LLC",Developer Not Matched To Known List,Confirmed Grid-Scale Storage (BESS),20846,1.283154107245714e+26,false
25INR0135,ERCOT,TX,Coke,6351 Nicole 138kV,113.9,Facilities Study,Hayrick BESS,Gransolar Texas Five LLC,Developer Not Matched To Known List,Confirmed Grid-Scale Storage (BESS),20827,1.2820285334674288e+26,false
GEN-2025-SR11,SPP,OK,Red Rock,Sooner 345 kV Substation,112,Under Study,,NOT PUBLISHED IN SPP GI QUEUE EXPORT,Developer Not Disclosed,Confirmed Grid-Scale Storage (BESS),20480,1.26064263168e+26,false
27INR0432,ERCOT,TX,Brown,292 Holder 138 kV,111.1,Facilities Study,Coyote Ridge BESS,Grenergy USA,Developer Not Matched To Known List,Confirmed Grid-Scale Storage (BESS),20308,1.2500622381641145e+26,false
AG2-524,PJM,IL,Grundy,NOT PUBLISHED BY PJM (Transmission Owner: ComEd),110,Active,LaSalle Station - Mazon 138  kV,"Hog Run Solar, LLC",Developer Not Matched To Known List,Confirmed Grid-Scale Storage (BESS),20114,1.238131156114286e+26,false
C01-2084,PJM,VA,Frederick,NOT PUBLISHED BY PJM (Transmission Owner: APS),110,Active,Greenwood 138 kV,Hanwha Energy USA Holdings Corp,Developer Not Matched To Known List,Confirmed Grid-Scale Storage (BESS),20114,1.238131156114286e+26,false
C01-1545,PJM,PA,Venango,NOT PUBLISHED BY PJM (Transmission Owner: PENELEC),110,Active,Utica Junction 115 kV,"Sleepy Hollow Generating, LLC",Developer Not Matched To Known List,Confirmed Grid-Scale Storage (BESS),20114,1.238131156114286e+26,false
J2551,MISO,IL,Putnam,Putnam,110,Facilities Study,,NOT PUBLISHED IN MISO GI QUEUE DATA,Developer Not Disclosed,Confirmed Grid-Scale Storage (BESS),20114,1.238131156114286e+26,false
0956,NYISO,NY,Suffolk,West Bus 138 kV,110,IA in Progress,Holtsville 138kV Energy Storage,"Holtsville Energy Storage, LLC",Developer Not Matched To Known List,Confirmed Grid-Scale Storage (BESS),20114,1.238131156114286e+26,false
24INR0572,ERCOT,TX,Cameron,8320 WEST HARLINGEN 69kV,110,Facilities Study,Megacharge BESS,SMT Harlingen III LLC,Developer Not Matched To Known List,Confirmed Grid-Scale Storage (BESS),20114,1.238131156114286e+26,false
26INR0559,ERCOT,TX,Victoria,80064 CHOCBAYU4A 138 kV,108.7,Facilities Study,Georgia-Lynn BESS,Georgia Lynn BESS LLC,Developer Not Matched To Known List,Confirmed Grid-Scale Storage (BESS),19877,1.2234986969965714e+26,false
24INR0455,ERCOT,TX,Pecos,38432 TNCENTRY2_1 138 KV,105.8,Facilities Study,Longfellow BESS II,"CENTURY GAS PROCESSING, LLC",Developer Not Matched To Known List,Confirmed Grid-Scale Storage (BESS),19337,1.190294270537143e+26,false
27INR0285,ERCOT,TX,Hood,Tap 138kV #350 ABBYBEND - #363 HOOD,105.6,Facilities Study,Rain Lily Storage 1,"Rain Lily Storage One, LLC",Developer Not Matched To Known List,Confirmed Grid-Scale Storage (BESS),19310,1.1886059098697142e+26,false
25INR0550,ERCOT,TX,Brazoria,TAP 138kV 39010 HASTINGS - 38980 FRIENDSWOOD,105.1,Facilities Study,Friendswood Energy Storage,Friendswood Energy Storage LLC,Developer Not Matched To Known List,Confirmed Grid-Scale Storage (BESS),19215,1.1827529262226288e+26,false
AG2-270,PJM,VA,Halifax,NOT PUBLISHED BY PJM (Transmission Owner: Dominion),105,Active,Clover 230 kV,"Clover Storage, LLC",Developer Not Matched To Known List,Confirmed Grid-Scale Storage (BESS),19200,1.1818524672000002e+26,false
27INR0274,ERCOT,TX,Zavala,Tap the 138 kV La Pryor (#8008) - Poblano (#8009),104.9,Facilities Study,Flying Kite Bess,"Flying Kite BESS, LLC",Developer Not Matched To Known List,Confirmed Grid-Scale Storage (BESS),19187,1.1810645655552e+26,false
26INR0619,ERCOT,TX,Limestone,Tap 138kV 3632 Mexia_Main - 3634 Groesbeck_Main,104.9,Facilities Study,Bonham Storage SLF,J&J Solar Ranch LLC,Developer Not Matched To Known List,Confirmed Grid-Scale Storage (BESS),19185,1.1809520081773712e+26,false
27INR0107,ERCOT,TX,Mills,Tap 138kV 7070 Goldthwaite – 77074 San Saba Switch,104.7,Facilities Study,Starlight Storage,Mills Tx Solar LLC,Developer Not Matched To Known List,Confirmed Grid-Scale Storage (BESS),19138,1.1780255163538284e+26,false
29INR0106,ERCOT,TX,San Patricio,8606 GODDARD 345kV,104.6,Facilities Study,Kalina Storage,Aurora Solar LLC,Developer Not Matched To Known List,Confirmed Grid-Scale Storage (BESS),19120,1.176899942575543e+26,false
25INR0442,ERCOT,TX,Milam,Tap 345kV 3704 Hog Creek Switch – 3687 Bell County East Switch,104.5,Facilities Study,Happy Dog Storage,Rosula Storage LLC,Developer Not Matched To Known List,Confirmed Grid-Scale Storage (BESS),19112,1.1764497130642288e+26,false
26INR0302,ERCOT,TX,Young,"TAP 138 KV BUS AND CREAT NEW BUS BETWEEN MURRAY (792) AND GRAHAM SES (1431)
COUNTY : YOUNG",104.5,Facilities Study,Young County Energy Storage,Young County Energy Storage LLC,Developer Not Matched To Known List,Confirmed Grid-Scale Storage (BESS),19109,1.1762245983085712e+26,false
25INR0556,ERCOT,TX,Brazoria,44010 WA Parish - 42980 Nash 138 kV ckt 02,104.5,Facilities Study,Stargazer BESS,Stargazer Solar LLC,Developer Not Matched To Known List,Confirmed Grid-Scale Storage (BESS),19109,1.1762245983085712e+26,false
26INR0252,ERCOT,TX,McLennan,Tap 345kV 13405 Trading House - 68090 Sam Switch,104.5,Facilities Study,Neutron Storage,"Elawan Neutron Storage, LLC",Developer Not Matched To Known List,Confirmed Grid-Scale Storage (BESS),19109,1.1762245983085712e+26,false
GEN-2026-PR22,SPP,NM,Rogers,Sagamore Wind South 345kV,104.4,Under Study,,NOT PUBLISHED IN SPP GI QUEUE EXPORT,Developer Not Disclosed,Confirmed Grid-Scale Storage (BESS),19090,1.175099024530286e+26,false
25INR0347,ERCOT,TX,Brazos,Tap 69kV 32864 BRYN_ATK69 to 32873 BRYN SHADY,104.4,Facilities Study,Cadet Storage,"TX BESS 5, LLC",Developer Not Matched To Known List,Confirmed Grid-Scale Storage (BESS),19094,1.175324139285943e+26,false
26INR0502,ERCOT,TX,Kaufman,<6902><TALTY_RC><138kV>,104,Facilities Study,Fudge Ranch BESS,Crandall BESS LLC,Developer Not Matched To Known List,Confirmed Grid-Scale Storage (BESS),19017,1.1705967294171429e+26,false
26INR0496,ERCOT,TX,Hardeman,6050 PAUL 138kV,104,Facilities Study,Hardeman BESS,Quanah BESS LLC,Developer Not Matched To Known List,Confirmed Grid-Scale Storage (BESS),19017,1.1705967294171429e+26,false
26INR0499,ERCOT,TX,Burnet,7065 DOBVI 138kV,104,Facilities Study,Mineral Springs BESS,Burnet County LLC,Developer Not Matched To Known List,Confirmed Grid-Scale Storage (BESS),19017,1.1705967294171429e+26,false
27INR0233,ERCOT,TX,Hidalgo,Tap 138KV 8394 Liston- 8392 Bates,103.7,Facilities Study,Anawa La BESS,Anawa La Solar LLC,Developer Not Matched To Known List,Confirmed Grid-Scale Storage (BESS),18962,1.1672200080822858e+26,false
25INR0169,ERCOT,TX,Freestone,Tap 345-kV line Navarro (68091) – Limestone (46020),103.7,Facilities Study,Piedra BESS,"Piedra Solar, LLC",Developer Not Matched To Known List,Confirmed Grid-Scale Storage (BESS),18953,1.1666572211931428e+26,false
24INR0210,ERCOT,TX,Wharton,Tap 138kV 44740 Wallis - 44190 East Bernard CKT#65,103.5,Facilities Study,Raven Storage,"Raven Storage, LLC",Developer Not Matched To Known List,Confirmed Grid-Scale Storage (BESS),18931,1.1653065326592e+26,false
23INR0456,ERCOT,TX,Hidalgo,S_MCALLN 8371 (S. McAllen 138kV Substation),103.5,Facilities Study,Bronze Quinta Storage,"KCE TX 28, LLC",Developer Not Matched To Known List,Confirmed Grid-Scale Storage (BESS),18928,1.1650814179035427e+26,false
27INR0444,ERCOT,TX,Webb,Tap 345kV LOBO7A (80219) - FOWLERTONSW5 (5709),103.5,Facilities Study,Diamond Sage BESS 2,"DGC Renewables, LLC",Developer Not Matched To Known List,Confirmed Grid-Scale Storage (BESS),18926,1.1649688605257142e+26,false
27INR0414,ERCOT,TX,Webb,tap 345kV 80219 LOBO7A - 5709 FOWLERTONSW5 CKT2,103.5,Facilities Study,Diamond Sage BESS 1,"DGC Renewables, LLC",Developer Not Matched To Known List,Confirmed Grid-Scale Storage (BESS),18926,1.1649688605257142e+26,false
26INR0429,ERCOT,TX,Matagorda,Tap 138kV Conoco 8138 - Black Cat 80124,103.5,Facilities Study,Post Trail Energy,"Post Trail Energy, LLC",Developer Not Matched To Known List,Confirmed Grid-Scale Storage (BESS),18926,1.1649688605257142e+26,false
26INR0428,ERCOT,TX,San Patricio,Tap 345kV 8249 Angstrom - 8624 Grissom,103.5,Facilities Study,Diamond Cowboy Storage,"Diamond B Storage, LLC",Developer Not Matched To Known List,Confirmed Grid-Scale Storage (BESS),18926,1.1649688605257142e+26,false
23INR0194,ERCOT,TX,Brazoria,39500 TN West Columbia 138kV,103.4,Facilities Study,Pequin Energy Storage,"Pequin Energy Storage, LLC",Developer Not Matched To Known List,Confirmed Grid-Scale Storage (BESS),18907,1.1638432867474288e+26,false
28INR0261,ERCOT,TX,Pecos,Tap 138kV #60393 Pigcreek4A – #60385 Solstice4A,103.4,Facilities Study,Rio Vista Storage,"Rio Vista Storage, LLC",Developer Not Matched To Known List,Confirmed Grid-Scale Storage (BESS),18902,1.163505614613943e+26,false
29INR0170,ERCOT,TX,Brewster,TAP 138kV #6680 Alamitto Creek - #60444 Hayter Ranch,103.4,Facilities Study,Three Ranches BESS,Three Ranches Energy LLC,Developer Not Matched To Known List,Confirmed Grid-Scale Storage (BESS),18902,1.163505614613943e+26,false
27INR0139,ERCOT,TX,Pecos,Fort Lancaster 138 kV Substation (PSSE Bus #76579),103.4,Facilities Study,Gatsby Energy Storage,Gatsby Energy Storage LLC,Developer Not Matched To Known List,Confirmed Grid-Scale Storage (BESS),18900,1.1633930572361145e+26,false
28INR0483,ERCOT,TX,Zapata,8004 Revilla 138 kV,103.3,Facilities Study,Falcon II BESS,Falcon Energy Project,Developer Not Matched To Known List,Confirmed Grid-Scale Storage (BESS),18889,1.162717712969143e+26,false
27INR0325,ERCOT,TX,Howard,Buffalo 138 kV Substation #23837,103.3,Facilities Study,Calf Creek Storage,"Coyote Ridge Storage, LLC",Developer Not Matched To Known List,Confirmed Grid-Scale Storage (BESS),18889,1.162717712969143e+26,false
27INR0456,ERCOT,TX,Kaufman,Tap 138kV Crandall (#2727) – Kaufman Northwest (#2724),103.1,Facilities Study,Yellow Leaf BESS,Lightsource Renewable Energy Development LLC,Developer Not Matched To Known List,Confirmed Grid-Scale Storage (BESS),18853,1.1604665654125714e+26,false
24INR0073,ERCOT,TX,Harris,46500 Tomball 345 kV,103,Facilities Study,Hyacinth Storage,"Hyacinth Storage, LLC",Developer Not Matched To Known List,Confirmed Grid-Scale Storage (BESS),18843,1.1599037785234288e+26,false
24INR0238,ERCOT,TX,Upton,New Palouse 138kV (#60278),103,Facilities Study,Appaloosa Run BESS,"APPALOOSA RUN STORAGE, LLC",Developer Not Matched To Known List,Confirmed Grid-Scale Storage (BESS),18834,1.1593409916342858e+26,false
23INR0137,ERCOT,TX,Wharton,43190 South Lane City 138kV,103,Facilities Study,Diran BESS,BRP Diran BESS LLC,Developer Not Matched To Known List,Confirmed Grid-Scale Storage (BESS),18834,1.1593409916342858e+26,false
27INR0236,ERCOT,TX,Sutton,Tap 69 KV 6570 Bond Road - 6513 Sonora,103,Facilities Study,Atticus Energy Storage,Atticus Energy Storage,Developer Not Matched To Known List,Confirmed Grid-Scale Storage (BESS),18831,1.1591158768786288e+26,false
26INR0260,ERCOT,TX,Val Verde,Comstock 138kV Substation (PSSE Bus #8683),103,Facilities Study,Evans Creek Energy Storage,Evans Creek Energy Storage LLC,Developer Not Matched To Known List,Confirmed Grid-Scale Storage (BESS),18827,1.1588907621229716e+26,false
27INR0440,ERCOT,TX,Pecos,Tap 138 kV #38455 HOLIDAY SUB TNP - 138 kV #38450 SOAPTREE TNP,102.9,Facilities Study,Wisdom BESS SLF,Wisdom Green Energy LLC,Developer Not Matched To Known List,Confirmed Grid-Scale Storage (BESS),18812,1.157990303100343e+26,false
28INR0074,ERCOT,TX,Harris,Tap 138kV  Chevron_NewSub(#99300) and Cedar Bayou Tap(#48065) circuit 84,102.9,Facilities Study,Massey Storage,"Massey Storage, LLC",Developer Not Matched To Known List,Confirmed Grid-Scale Storage (BESS),18809,1.1577651883446858e+26,false
23INR0361,ERCOT,TX,Jackson,8125 Lolita substation 138kV,102.8,Facilities Study,Third Coast BESS,Third Coast BESS LLC,Developer Not Matched To Known List,Confirmed Grid-Scale Storage (BESS),18801,1.1573149588333712e+26,false
24INR0108,ERCOT,TX,Bexar,138 kV Helotes (#5200),102.8,Facilities Study,Louisa Energy Storage,VESI 49 LLC,Developer Not Matched To Known List,Confirmed Grid-Scale Storage (BESS),18792,1.1567521719442289e+26,false
25INR0287,ERCOT,TX,Scurry,18555 Union Switch 138 kV,102.8,Facilities Study,Hide Town Energy Storage,Hide Town Energy Storage LLC,Developer Not Matched To Known List,Confirmed Grid-Scale Storage (BESS),18790,1.1566396145664e+26,false
2024-822,IESO,ON,Ottawa,NOT PUBLISHED IN IESO APPLICATION STATUS DATA,102.7,Under Study,Mer Bleue MTS,Fitzroy BESS Inc.,Developer Not Matched To Known List,Confirmed Grid-Scale Storage (BESS),18779,1.1559642702994287e+26,false
26INR0287,ERCOT,TX,Ector,Tap 138kV #1099 Southwestern Portland Tap - #1052 Rexall,102.7,Facilities Study,Firebird BESS,"TX BESS 6, LLC",Developer Not Matched To Known List,Confirmed Grid-Scale Storage (BESS),18770,1.155401483410286e+26,false
24INR0472,ERCOT,TX,Van Zandt,6833 Explorer Switching Station 138kV,102.4,Facilities Study,Amador Storage,"BT Amador Storage, LLC",Developer Not Matched To Known List,Confirmed Grid-Scale Storage (BESS),18726,1.1527001063424e+26,false
24INR0519,ERCOT,TX,Scurry,the Knapp Sub (bus# 1310) – Union Switch (bus# 18555),102.4,Facilities Study,Roost Energy Storage,Bluff Creek Energy Storage LLC,Developer Not Matched To Known List,Confirmed Grid-Scale Storage (BESS),18717,1.1521373194532572e+26,false
23INR0200,ERCOT,TX,Atascosa,8203 Pleasanton 138kV,102.3,Facilities Study,Paradiso BESS,VESI 13,Developer Not Matched To Known List,Confirmed Grid-Scale Storage (BESS),18706,1.151461975186286e+26,false
25INR0239,ERCOT,TX,Hidalgo,Tap 138kV (5784) Redgtss - (8380) Nedina,102.2,Facilities Study,Big Five Storage,TX BESS 3 LLC,Developer Not Matched To Known List,Confirmed Grid-Scale Storage (BESS),18684,1.150111286652343e+26,false
27INR0426,ERCOT,TX,Robertson,Tap 345kV 39950 TNP ONE PLANT - 3400 TWIN OAK Ckt 2,102.1,Facilities Study,Prairie Horizon Energy Storage 1,Tempus Power management LLC,Developer Not Matched To Known List,Confirmed Grid-Scale Storage (BESS),18677,1.1496610571410284e+26,false
27INR0418,ERCOT,TX,Robertson,Tap 345kV 39950 TNP ONE PLANT - 3400 TWIN OAK Ckt 2,102.1,Facilities Study,Pioneer Path Energy Storage 1,Tempus Power management LLC,Developer Not Matched To Known List,Confirmed Grid-Scale Storage (BESS),18677,1.1496610571410284e+26,false
27INR0424,ERCOT,TX,Robertson,Tap 345kV 39950 TNP ONE PLANT - 3400 TWIN OAK Ckt 2,102.1,Facilities Study,Pioneer Path Energy Storage 3,Tempus Power management LLC,Developer Not Matched To Known List,Confirmed Grid-Scale Storage (BESS),18677,1.1496610571410284e+26,false
27INR0429,ERCOT,TX,Robertson,Tap 345kV 39950 TNP ONE PLANT - 3400 TWIN OAK Ckt 2,102.1,Facilities Study,Prairie Horizon Energy Storage 4,Tempus Power management LLC,Developer Not Matched To Known List,Confirmed Grid-Scale Storage (BESS),18677,1.1496610571410284e+26,false
27INR0427,ERCOT,TX,Robertson,Tap 345kV 39950 TNP ONE PLANT - 3400 TWIN OAK Ckt 2,102.1,Facilities Study,Prairie Horizon Energy Storage 2,Tempus Power management LLC,Developer Not Matched To Known List,Confirmed Grid-Scale Storage (BESS),18677,1.1496610571410284e+26,false
27INR0425,ERCOT,TX,Robertson,Tap 345kV 39950 TNP ONE PLANT - 3400 TWIN OAK Ckt 2,102.1,Facilities Study,Pioneer Path Energy Storage 4,Tempus Power management LLC,Developer Not Matched To Known List,Confirmed Grid-Scale Storage (BESS),18677,1.1496610571410284e+26,false
27INR0428,ERCOT,TX,Robertson,Tap 345kV 39950 TNP ONE PLANT - 3400 TWIN OAK Ckt 2,102.1,Facilities Study,Prairie Horizon Energy Storage 3,Tempus Power management LLC,Developer Not Matched To Known List,Confirmed Grid-Scale Storage (BESS),18677,1.1496610571410284e+26,false
27INR0423,ERCOT,TX,Robertson,Tap 345kV 39950 TNP ONE PLANT - 3400 TWIN OAK Ckt 2,102.1,Facilities Study,Pioneer Path Energy Storage 2,Tempus Power management LLC,Developer Not Matched To Known List,Confirmed Grid-Scale Storage (BESS),18677,1.1496610571410284e+26,false
27INR0457,ERCOT,TX,Dallas,Tap on 2427 WATMLL_W5   345.00 - 2432 TRICRN1_5   345.00 345kV line ckt 1.,102.1,Facilities Study,watermelon 1 energy storage,Tempus power management LLC,Developer Not Matched To Known List,Confirmed Grid-Scale Storage (BESS),18670,1.1492108276297145e+26,false
27INR0460,ERCOT,TX,Dallas,Tap on 2427 WATMLL_W5 345.00 - 2432 TRICRN1_5 345.00 345kV line ckt 1.,102.1,Facilities Study,watermelon 4 energy storage,Tempus power management LLC,Developer Not Matched To Known List,Confirmed Grid-Scale Storage (BESS),18670,1.1492108276297145e+26,false
27INR0485,ERCOT,TX,Travis,9328 Austrop 138kV,102.1,Facilities Study,Blackland Prairie 1 Energy Storage,Balcones Ridge Resiliency LLC,Developer Not Matched To Known List,Confirmed Grid-Scale Storage (BESS),18670,1.1492108276297145e+26,false
27INR0486,ERCOT,TX,Travis,9328 Austrop 138kV,102.1,Facilities Study,Blackland Prairie 2 Energy Storage,Balcones Ridge Resiliency II LLC,Developer Not Matched To Known List,Confirmed Grid-Scale Storage (BESS),18670,1.1492108276297145e+26,false
28INR0256,ERCOT,TX,Dallas,Tap on 2427 WATMLL_W5 345.00 - 2432 TRICRN1_5 345.00 345kV line ckt 1.,102.1,Facilities Study,watermelon 6 energy storage,Tempus power management LLC,Developer Not Matched To Known List,Confirmed Grid-Scale Storage (BESS),18670,1.1492108276297145e+26,false
27INR0459,ERCOT,TX,Dallas,Tap on 2427 WATMLL_W5 345.00 - 2432 TRICRN1_5 345.00 345kV line ckt 1. 1.6 miles from 2427 WATMLL_W5,102.1,Facilities Study,watermelon 3 energy storage,Tempus power management LLC,Developer Not Matched To Known List,Confirmed Grid-Scale Storage (BESS),18670,1.1492108276297145e+26,false
27INR0487,ERCOT,TX,Travis,9328 Austrop 138kV,102.1,Facilities Study,Blackland Prairie 3 Energy Storage,Balcones Ridge Resiliency III LLC,Developer Not Matched To Known List,Confirmed Grid-Scale Storage (BESS),18670,1.1492108276297145e+26,false
27INR0458,ERCOT,TX,Dallas,Tap on 2427 WATMLL_W5 345.00 - 2432 TRICRN1_5 345.00 345kV line ckt 1.,102.1,Facilities Study,watermelon 2 energy storage,Tempus power management LLC,Developer Not Matched To Known List,Confirmed Grid-Scale Storage (BESS),18670,1.1492108276297145e+26,false
28INR0258,ERCOT,TX,Dallas,Tap on 2427 WATMLL_W5 345.00 - 2432 TRICRN1_5 345.00 345kV line ckt 1.,102.1,Facilities Study,watermelon 8 energy storage,Tempus power management LLC,Developer Not Matched To Known List,Confirmed Grid-Scale Storage (BESS),18670,1.1492108276297145e+26,false
27INR0413,ERCOT,TX,Van Zandt,Tap Edgewood 138kV bus(3181) to 3174,102.1,Facilities Study,Edgewood BESS 2,Tempus Power management LLC,Developer Not Matched To Known List,Confirmed Grid-Scale Storage (BESS),18670,1.1492108276297145e+26,false
28INR0257,ERCOT,TX,Dallas,Tap on 2427 WATMLL_W5 345.00 - 2432 TRICRN1_5 345.00 345kV line ckt 1.,102.1,Facilities Study,watermelon 7 energy storage,Tempus power management LLC,Developer Not Matched To Known List,Confirmed Grid-Scale Storage (BESS),18670,1.1492108276297145e+26,false
28INR0255,ERCOT,TX,Dallas,Tap on 2427 WATMLL_W5 345.00 - 2432 TRICRN1_5 345.00 345kV line ckt 1.,102.1,Facilities Study,watermelon 5 energy storage,Tempus power management LLC,Developer Not Matched To Known List,Confirmed Grid-Scale Storage (BESS),18670,1.1492108276297145e+26,false
27INR0317,ERCOT,TX,Van Zandt,Tap Edgewood 138kV bus(3181) to CANTNSW_8 (3174),102.1,Facilities Study,Edgewood BESS 1,Tempus Power management LLC,Developer Not Matched To Known List,Confirmed Grid-Scale Storage (BESS),18670,1.1492108276297145e+26,false
26INR0469,ERCOT,TX,Lamar,Tap 138 KV Bois Pump (1835) - Brookston (1833),102,Facilities Study,Roxton Storage,"Roxton Solar, LLC",Developer Not Matched To Known List,Confirmed Grid-Scale Storage (BESS),18651,1.1480852538514288e+26,false
25INR0389,ERCOT,TX,Milam,Tap 345 kV 13429 SANDOW SWITCH - 7040 AUSTROP CKT 2,101.9,Facilities Study,Stoneridge BESS,"Stoneridge Solar, LLC",Developer Not Matched To Known List,Confirmed Grid-Scale Storage (BESS),18633,1.1469596800731429e+26,false
28INR0154,ERCOT,TX,Harris,#47150 HOC 138kV,101.7,Facilities Study,Pamela Heights I,Pamela heights I Energy Center LLC,Developer Not Matched To Known List,Confirmed Grid-Scale Storage (BESS),18587,1.1441457456274288e+26,false
GEN-2023-SR27,SPP,OK,Mayes County,GRDA1 to CLARMR 5 161kV line,101.5,IA in Progress,,NOT PUBLISHED IN SPP GI QUEUE EXPORT,Developer Not Disclosed,Confirmed Grid-Scale Storage (BESS),18560,1.14245738496e+26,false
25INR0133,ERCOT,TX,Dimmit,Tap 138kV 8283 Asherton - 8613 Bigwells,101.4,Facilities Study,Rose Quartz BESS,"Rose Quartz BESS, LLC",Developer Not Matched To Known List,Confirmed Grid-Scale Storage (BESS),18544,1.1414443685595427e+26,false
24INR0087,ERCOT,TX,Navarro,Tap 345kV 68091 Navarro - 46020 Limestone,101.4,Facilities Study,Pisgah Ridge Storage 3,"Pisgah Ridge 3, LLC",Developer Not Matched To Known List,Confirmed Grid-Scale Storage (BESS),18534,1.1408815816704002e+26,false
28INR0295,ERCOT,TX,Brazoria,Tap 138kV 42750 Mykawa - 48353 Telephone Ckt 06,101.3,Facilities Study,Margay Energy Storage,PowerPulse LLC,Developer Not Matched To Known List,Confirmed Grid-Scale Storage (BESS),18523,1.1402062374034288e+26,false
26INR0317,ERCOT,TX,Harris,Tap Highlands (Bus # 40812) - HANEY ( BUS # 40790) 138 kV,101.3,Facilities Study,Pinnacle Point Energy Storage,"GCI Pinnacle Point, LLC",Developer Not Matched To Known List,Confirmed Grid-Scale Storage (BESS),18523,1.1402062374034288e+26,false
24INR0530,ERCOT,TX,Brazoria,Tap 138kV 42960 Mustang Bayou - 42100 HUDSON ckt 4,101.2,Facilities Study,Southside Energy,"Southside Energy, LLC",Developer Not Matched To Known List,Confirmed Grid-Scale Storage (BESS),18505,1.139080663625143e+26,false
25INR0542,ERCOT,TX,Wharton,Tap 138kV 5546 DANEVANG SW - 8121 BLESSING,101.2,Facilities Study,Hynes Bay Energy Storage,"Hynes Bay Energy Storage, LLC",Developer Not Matched To Known List,Confirmed Grid-Scale Storage (BESS),18505,1.139080663625143e+26,false
24INR0541,ERCOT,TX,Kinney,Tap 138kV 8252 Brackett4A - 78255  L_PINTCR8_1Y,101.2,Facilities Study,Kinney County Energy,"Kinney County Energy,  LLC",Developer Not Matched To Known List,Confirmed Grid-Scale Storage (BESS),18505,1.139080663625143e+26,false
24INR0534,ERCOT,TX,Willacy,5745 E Raymondville 138kV,101.2,Facilities Study,Lyford Energy,"Lyford Energy, LLC",Developer Not Matched To Known List,Confirmed Grid-Scale Storage (BESS),18505,1.139080663625143e+26,false
25INR0545,ERCOT,TX,Wharton,Tap 138kV 42985 DYANN_POI8 - 43190 S_LANE_B138 Ckt 60,101.2,Facilities Study,Blue Creek Energy Storage,"Blue Creek Energy Storage, LLC",Developer Not Matched To Known List,Confirmed Grid-Scale Storage (BESS),18505,1.139080663625143e+26,false
24INR0569,ERCOT,TX,Wharton,Line Tap 138kV #43012 NEWGLF60T3_8 - #43190 S_LANE_B138,101.2,Facilities Study,Hadrian Energy Storage,"Hadrian Energy Storage, LLC",Developer Not Matched To Known List,Confirmed Grid-Scale Storage (BESS),18505,1.139080663625143e+26,false
2321,CAISO,CA,Kern,WHIRLWIND 230 kV,101,Active,Voyager Energy Storage,NOT PUBLISHED IN CAISO CLUSTER REQUEST LIST,Developer Not Disclosed,Confirmed Grid-Scale Storage (BESS),18469,1.1368295160685714e+26,false
26INR0181,ERCOT,TX,Cameron,8656 Luna 138kV,101,Facilities Study,Solar Star Frontier BESS,"Solar Star Frontier BESS, LLC",Developer Not Matched To Known List,Confirmed Grid-Scale Storage (BESS),18472,1.1370546308242284e+26,false
24INR0207,ERCOT,TX,Navarro,Tap 345kV #2466 Big Onion  - #68091 Navarro,101,Facilities Study,Glasgow Storage,Glasgow Solar LLC,Developer Not Matched To Known List,Confirmed Grid-Scale Storage (BESS),18469,1.1368295160685714e+26,false
23INR0284,ERCOT,TX,Kinney,8252 Brackett 138kV,101,Facilities Study,Las Moras Battery,"Las Moras Storage, LLC",Developer Not Matched To Known List,Confirmed Grid-Scale Storage (BESS),18469,1.1368295160685714e+26,false
23INR0123,ERCOT,TX,Calhoun,138kV 8723 Cangrejo,101,Facilities Study,Vaca Storage,"Long Mount Storage, LLC",Developer Not Matched To Known List,Confirmed Grid-Scale Storage (BESS),18469,1.1368295160685714e+26,false
26INR0319,ERCOT,TX,Wise,Tap 345kV Bird Dog (Bus #11736) - Jacksboro (Bus #1429),100.9,Facilities Study,Sandford Storage,"BT Sandford Solar, LLC",Developer Not Matched To Known List,Confirmed Grid-Scale Storage (BESS),18456,1.1360416144237716e+26,false
24INR0275,ERCOT,TX,Martin,23837 Buffalo 138kV,100.8,Facilities Study,Picadillo BESS,Black Mountain Energy Storage II,Developer Not Matched To Known List,Confirmed Grid-Scale Storage (BESS),18437,1.134916040645486e+26,false
23INR0216,ERCOT,TX,Ellis,138 kV Tap #442 Rail Port - #1905 Griffith,100.8,Facilities Study,Venus Mill Storage,"AIH Texas Acquisitions, LLC",Developer Not Matched To Known List,Confirmed Grid-Scale Storage (BESS),18432,1.134578368512e+26,false
24INR0494,ERCOT,TX,Lampasas,7064 LAMPASAS 138KV,100.8,Facilities Study,Hana Springs BESS,Black Mountain Energy Storage II LLC,Developer Not Matched To Known List,Confirmed Grid-Scale Storage (BESS),18432,1.134578368512e+26,false
27INR0437,ERCOT,TX,Medina,Tap 138 kV 5225 Hondo - 5813 Pearson,100.7,Facilities Study,Hondo Arroyo Storage,"Hondo Creek Solar, LLC",Developer Not Matched To Known List,Confirmed Grid-Scale Storage (BESS),18414,1.1334527947337143e+26,false
26INR0611,ERCOT,TX,Sterling,76030-Gasconades Creek 345 kV,100.7,Facilities Study,Goat Mountain BESS 2,Clearway Energy Group LLC,Developer Not Matched To Known List,Confirmed Grid-Scale Storage (BESS),18414,1.1334527947337143e+26,false
24INR0376,ERCOT,TX,Wilson,Tapping the Elm Creek to Shaula circuit 1,100.7,Facilities Study,Huisache BESS,"Huisache Solar, LLC",Developer Not Matched To Known List,Confirmed Grid-Scale Storage (BESS),18408,1.1331151226002289e+26,false
24INR0485,ERCOT,TX,Runnels,Tap 138kV 6340 BALLINGER - 60399 WEISS,100.7,Facilities Study,Rutile BESS,"Rutile BESS, LLC",Developer Not Matched To Known List,Confirmed Grid-Scale Storage (BESS),18405,1.1328900078445712e+26,false
25INR0139,ERCOT,TX,Mitchell,Tap 138kV 1189 BARBER_LK1_8 - 19520 CHINAGRVX2_8,100.7,Facilities Study,Dolce BESS,"Dolce BESS, LLC",Developer Not Matched To Known List,Confirmed Grid-Scale Storage (BESS),18405,1.1328900078445712e+26,false
21INR0444,ERCOT,TX,Brazoria,138 KV  (CEHE Sub) Tap Burke (42410) - Eagle Nest (42430)  ckt 02,100.6,Facilities Study,Long Point Storage,"Long Point Storage, LLC",Developer Not Matched To Known List,Confirmed Grid-Scale Storage (BESS),18399,1.1325523357110855e+26,false
28INR0175,ERCOT,TX,Refugio,#8805 BONIVIEW2A 69kV,100.6,Facilities Study,Mobee Springs BESS,"Mobee Springs, LLC",Developer Not Matched To Known List,Confirmed Grid-Scale Storage (BESS),18397,1.1324397783332572e+26,false
27INR0208,ERCOT,TX,Dimmit,(#80481) PILONCIL4 138KV,100.6,Facilities Study,Sugarloaf BESS,Sugarloaf Clean Energy LLC,Developer Not Matched To Known List,Confirmed Grid-Scale Storage (BESS),18395,1.1323272209554289e+26,false
23INR0163,ERCOT,TX,Kendall,7150 Kendall 138kV,100.6,Facilities Study,Ringtail Ridge Storage,"KCE TX 26, LLC",Developer Not Matched To Known List,Confirmed Grid-Scale Storage (BESS),18390,1.1319895488219429e+26,false
25INR0142,ERCOT,TX,Glasscock,tap McDonald Road Switch (1333) – Pastores Switch (10121) ckt 1,100.6,Facilities Study,Sagewood BESS,"Sagewood BESS, LLC",Developer Not Matched To Known List,Confirmed Grid-Scale Storage (BESS),18390,1.1319895488219429e+26,false
27INR0009,ERCOT,TX,Wilbarger,The 345 kV Riley Substation (#6101); AEP,100.5,Facilities Study,Felix Storage,"Felix 1, LLC",Developer Not Matched To Known List,Confirmed Grid-Scale Storage (BESS),18384,1.1316518766884574e+26,false
22INR0383,ERCOT,TX,Reagan,60361 Santa Rita 138kV,100.5,Facilities Study,BRP Musca BESS,BRP Musca BESS LLC,Developer Not Matched To Known List,Confirmed Grid-Scale Storage (BESS),18379,1.1313142045549714e+26,false
26INR0162,ERCOT,TX,Nacogdoches,Tap 345 kV 3119 Nacogdoches SE - 3116 Mt Enterprise,100.5,Facilities Study,Timberline Storage,"Timberline Renewables, LLC",Developer Not Matched To Known List,Confirmed Grid-Scale Storage (BESS),18377,1.1312016471771427e+26,false
23INR0474,ERCOT,TX,Travis,Austrop – Lost Pines 345 kV transmission line (Bus #7040 – 9041),100.5,Facilities Study,AP Greenport,AP Greenport,Developer Not Matched To Known List,Confirmed Grid-Scale Storage (BESS),18368,1.130638860288e+26,false
26INR0254,ERCOT,TX,Van Zandt,Tap Connection Bus 2485 Poetry Switch – 3223 Shamburger Switch,100.4,Facilities Study,Goldfinch Storage,"BT DJ4M Solar, LLC",Developer Not Matched To Known List,Confirmed Grid-Scale Storage (BESS),18366,1.1305263029101714e+26,false
24INR0365,ERCOT,TX,Bell,Tap 345kV 3687 Bell County East Switch -  39950 TNP One Plant Ckt 2,100.4,Facilities Study,Hermes Storage,Bell 1 Storage LLC,Developer Not Matched To Known List,Confirmed Grid-Scale Storage (BESS),18363,1.1303011881545144e+26,false
26INR0374,ERCOT,TX,Brazoria,looped on circuit 04 between Mustang Bayou (#42960) and Hudson (#42100),100.4,Facilities Study,Cobra Clean Energy Center,Cobra Clean Energy Center LLC,Developer Not Matched To Known List,Confirmed Grid-Scale Storage (BESS),18359,1.1300760733988573e+26,false
25INR0414,ERCOT,TX,Cherokee,Tap 138 KV DailVille (3160) - Neches Pump (3296),100.3,Facilities Study,Rogers Creek BESS,Dialville BESS,Developer Not Matched To Known List,Confirmed Grid-Scale Storage (BESS),18346,1.1292881717540571e+26,false
25INR0405,ERCOT,TX,Matagorda,Tap Gulftie (43340) – Pledger (43120) circuit 60,100.3,Facilities Study,Pledgor BESS,Pledgor BESS,Developer Not Matched To Known List,Confirmed Grid-Scale Storage (BESS),18346,1.1292881717540571e+26,false
25INR0143,ERCOT,TX,Howard,Tap 138kV 1394 GTTYVTAP_8 - 1322 BIGSPRIG_8,100.3,Facilities Study,Ariji BESS,"Ariji BESS, LLC",Developer Not Matched To Known List,Confirmed Grid-Scale Storage (BESS),18344,1.1291756143762286e+26,false
C01-1602,PJM,VA,Westmoreland,NOT PUBLISHED BY PJM (Transmission Owner: Dominion),100,Active,Oak Grove - West Moreland 230 kV,"Scout Solar LandCo, LLC",Developer Not Matched To Known List,Confirmed Grid-Scale Storage (BESS),18286,1.1255737782857144e+26,false
C01-1323,PJM,IL,Dekalb,NOT PUBLISHED BY PJM (Transmission Owner: ComEd),100,Active,Crego Rd Tap (B) - Crego Rd (B) 138 kV,"IL Crego Storage, LLC",Developer Not Matched To Known List,Confirmed Grid-Scale Storage (BESS),18286,1.1255737782857144e+26,false
C01-1327,PJM,NJ,Mercer,NOT PUBLISHED BY PJM (Transmission Owner: PSEG),100,Active,Mercer 230 kV,"Baywell Energy, LLC",Developer Not Matched To Known List,Confirmed Grid-Scale Storage (BESS),18286,1.1255737782857144e+26,false
C01-1292,PJM,VA,Chesterfield,NOT PUBLISHED BY PJM (Transmission Owner: Dominion),100,Active,Midlothian 230 kV,"Munster Energy Center, LLC",Developer Not Matched To Known List,Confirmed Grid-Scale Storage (BESS),18286,1.1255737782857144e+26,false
C01-1791,PJM,PA,Somerset,NOT PUBLISHED BY PJM (Transmission Owner: PENELEC),100,Active,Alleghany - Pride 115 kV,"Turnpike Solar, LLC",Developer Not Matched To Known List,Confirmed Grid-Scale Storage (BESS),18286,1.1255737782857144e+26,false
C01-1231,PJM,VA,Mecklenburg,NOT PUBLISHED BY PJM (Transmission Owner: Dominion),100,Active,Finneywood - Butlerfarm 230 kV,"Mitchell Energy Center, LLC",Developer Not Matched To Known List,Confirmed Grid-Scale Storage (BESS),18286,1.1255737782857144e+26,false
AG2-332,PJM,IN,Elkhart,NOT PUBLISHED BY PJM (Transmission Owner: AEP),100,Active,East Elkhart - Elcona Tap 138 kV,Amberjack Solar LLC,Developer Not Matched To Known List,Confirmed Grid-Scale Storage (BESS),18286,1.1255737782857144e+26,false
C01-2259,PJM,NJ,Cape May,NOT PUBLISHED BY PJM (Transmission Owner: AEC),100,Active,Corson - Union 138 kV,"Woodbine Reserve Energy, LLC",Developer Not Matched To Known List,Confirmed Grid-Scale Storage (BESS),18286,1.1255737782857144e+26,false
C01-1456,PJM,IL,Will,NOT PUBLISHED BY PJM (Transmission Owner: ComEd),100,Active,Wilton Center 345kV 345 kV,"Lincoln Bess, LLC",Developer Not Matched To Known List,Confirmed Grid-Scale Storage (BESS),18286,1.1255737782857144e+26,false
C01-1367,PJM,VA,Prince Edward,NOT PUBLISHED BY PJM (Transmission Owner: Dominion),100,Active,Curdsville - Willis 115 kV,"Cumberland Solar USA, LLC",Developer Not Matched To Known List,Confirmed Grid-Scale Storage (BESS),18286,1.1255737782857144e+26,false
GEN-2024-333,SPP,OK,Oklahoma,Kelley Avenue 138 kV,100,Under Study,,NOT PUBLISHED IN SPP GI QUEUE EXPORT,Developer Not Disclosed,Confirmed Grid-Scale Storage (BESS),18286,1.1255737782857144e+26,false
GEN-2024-090,SPP,MO,Clay,Smithville 161 kV Substation,100,Under Study,,NOT PUBLISHED IN SPP GI QUEUE EXPORT,Developer Not Disclosed,Confirmed Grid-Scale Storage (BESS),18286,1.1255737782857144e+26,false
GEN-2024-373,SPP,OK,Choctaw,Unger - West Bank Tap 138 kV Line,100,Under Study,,NOT PUBLISHED IN SPP GI QUEUE EXPORT,Developer Not Disclosed,Confirmed Grid-Scale Storage (BESS),18286,1.1255737782857144e+26,false
C01-1186,PJM,VA,Dinwiddie,NOT PUBLISHED BY PJM (Transmission Owner: Dominion),100,Active,Carson 230 kV,"A-Train Storage, LLC",Developer Not Matched To Known List,Confirmed Grid-Scale Storage (BESS),18286,1.1255737782857144e+26,false
C01-1999,PJM,WV,Jefferson,NOT PUBLISHED BY PJM (Transmission Owner: APS),100,Active,Old Chapel - Millville 138 kV,"Rippon Energy Facility, LLC",Developer Not Matched To Known List,Confirmed Grid-Scale Storage (BESS),18286,1.1255737782857144e+26,false
GI-TC-2024-18,SPP,CO,Montezuma County,Lost Canyon 115 Substation,100,Facilities Study,,NOT PUBLISHED IN SPP GI QUEUE EXPORT,Developer Not Disclosed,Confirmed Grid-Scale Storage (BESS),18286,1.1255737782857144e+26,false
C01-2013,PJM,VA,Culpeper,NOT PUBLISHED BY PJM (Transmission Owner: Dominion),100,Active,Germanna 230 kV,Viridity Energy Solutions Inc,Developer Not Matched To Known List,Confirmed Grid-Scale Storage (BESS),18286,1.1255737782857144e+26,false
C01-2000,PJM,VA,Amelia,NOT PUBLISHED BY PJM (Transmission Owner: Dominion),100,Active,Jetersville-Ponton 115 kV,"Amelia Energy Facility, LLC",Developer Not Matched To Known List,Confirmed Grid-Scale Storage (BESS),18286,1.1255737782857144e+26,false
C01-1380,PJM,WV,Barbour,NOT PUBLISHED BY PJM (Transmission Owner: APS),100,Active,Leadsville 138 kV,"ACE Development Company, LLC",Developer Not Matched To Known List,Confirmed Grid-Scale Storage (BESS),18286,1.1255737782857144e+26,false
C01-1369,PJM,IN,Delaware,NOT PUBLISHED BY PJM (Transmission Owner: AEP),100,Active,ROYERTON - DESOTO 138 kV,"Muncie Jr. Energy Storage, LLC",Developer Not Matched To Known List,Confirmed Grid-Scale Storage (BESS),18286,1.1255737782857144e+26,false
C01-1128,PJM,VA,Prince William,NOT PUBLISHED BY PJM (Transmission Owner: Dominion),100,Active,Possum Point 230 kV,Virginia Electric and Power Company (d/b/a Dominion Energy Virginia),Developer Not Matched To Known List,Confirmed Grid-Scale Storage (BESS),18286,1.1255737782857144e+26,false
AH1-314,PJM,VA,Pittsylvania,NOT PUBLISHED BY PJM (Transmission Owner: AEP),100,Active,East Danville 138 kV,Pittsylvania Energy Storage LLC,Developer Not Matched To Known List,Confirmed Grid-Scale Storage (BESS),18286,1.1255737782857144e+26,false
GI-TC-2024-19,SPP,CO,Montrose County,Montrose 115 Substation,100,IA in Progress,,NOT PUBLISHED IN SPP GI QUEUE EXPORT,Developer Not Disclosed,Confirmed Grid-Scale Storage (BESS),18286,1.1255737782857144e+26,false
C01-2010,PJM,VA,Henrico,NOT PUBLISHED BY PJM (Transmission Owner: Dominion),100,Active,White Oak 230 kV,Viridity Energy Solutions Inc,Developer Not Matched To Known List,Confirmed Grid-Scale Storage (BESS),18286,1.1255737782857144e+26,false
C01-1363,PJM,VA,Augusta,NOT PUBLISHED BY PJM (Transmission Owner: Dominion),100,Active,Staunton - Trimbles Mill DP 115 kV,Aurora Solar LLC,Developer Not Matched To Known List,Confirmed Grid-Scale Storage (BESS),18286,1.1255737782857144e+26,false
C01-2006,PJM,VA,Mecklenburg,NOT PUBLISHED BY PJM (Transmission Owner: Dominion),100,Active,Palmer Springs 115 kV,Viridity Energy Solutions Inc,Developer Not Matched To Known List,Confirmed Grid-Scale Storage (BESS),18286,1.1255737782857144e+26,false
C01-2007,PJM,VA,Southampton,NOT PUBLISHED BY PJM (Transmission Owner: Dominion),100,Active,Boykins 115 kV,Viridity Energy Solutions Inc,Developer Not Matched To Known List,Confirmed Grid-Scale Storage (BESS),18286,1.1255737782857144e+26,false
C01-2008,PJM,VA,Isle of Wight,NOT PUBLISHED BY PJM (Transmission Owner: Dominion),100,Active,Chuckatuk 230 kV,Viridity Energy Solutions Inc,Developer Not Matched To Known List,Confirmed Grid-Scale Storage (BESS),18286,1.1255737782857144e+26,false
C01-2009,PJM,VA,Dinwiddie,NOT PUBLISHED BY PJM (Transmission Owner: Dominion),100,Active,Carson 230 kV,Viridity Energy Solutions Inc,Developer Not Matched To Known List,Confirmed Grid-Scale Storage (BESS),18286,1.1255737782857144e+26,false
C01-2012,PJM,MD,Frederick,NOT PUBLISHED BY PJM (Transmission Owner: APS),100,Active,Doubs 230 kV,Viridity Energy Solutions Inc,Developer Not Matched To Known List,Confirmed Grid-Scale Storage (BESS),18286,1.1255737782857144e+26,false
C01-1605,PJM,NJ,Middlesex,NOT PUBLISHED BY PJM (Transmission Owner: PSEG),100,Active,PSEG Sewaren 230 kV,PSEG Energy Holdings L.L.C.,Developer Not Matched To Known List,Confirmed Grid-Scale Storage (BESS),18286,1.1255737782857144e+26,false
C01-1909,PJM,MD,Montgomery,NOT PUBLISHED BY PJM (Transmission Owner: PEPCO),100,Active,PEPCO Quince Orchard 69 kV,Dogwood Storage LLC,Developer Not Matched To Known List,Confirmed Grid-Scale Storage (BESS),18286,1.1255737782857144e+26,false
C01-1560,PJM,MD,Charles,NOT PUBLISHED BY PJM (Transmission Owner: SMECO),100,Active,Hughesville 69 kV,"MDHF BATTERY STORAGE, LLC",Developer Not Matched To Known List,Confirmed Grid-Scale Storage (BESS),18286,1.1255737782857144e+26,false
C01-2118,PJM,NJ,Hudson,NOT PUBLISHED BY PJM (Transmission Owner: PSEG),100,Active,Constable Hook 69 kV,Prologis Energy LLC,Developer Not Matched To Known List,Confirmed Grid-Scale Storage (BESS),18286,1.1255737782857144e+26,false
C01-2104,PJM,VA,Virginia Beach,NOT PUBLISHED BY PJM (Transmission Owner: Dominion),100,Active,Landstown - Lynnhaven 230 kV,"American Power Ventures, LLC",Developer Not Matched To Known List,Confirmed Grid-Scale Storage (BESS),18286,1.1255737782857144e+26,false
C01-2145,PJM,NC,Halifax,NOT PUBLISHED BY PJM (Transmission Owner: Dominion),100,Active,South Justice - Dawsons Crossroads DP 115 kV,Beech Sapling Solar LLC,Developer Not Matched To Known List,Confirmed Grid-Scale Storage (BESS),18286,1.1255737782857144e+26,false
GEN-2026-SR3,SPP,OK,Sayre,Sweetwater 230kV,100,Under Study,,NOT PUBLISHED IN SPP GI QUEUE EXPORT,Developer Not Disclosed,Confirmed Grid-Scale Storage (BESS),18286,1.1255737782857144e+26,false
GEN-2026-SR1,SPP,KS,Garden Plain,Buffalo Flats 345kV Substation,100,Under Study,,NOT PUBLISHED IN SPP GI QUEUE EXPORT,Developer Not Disclosed,Confirmed Grid-Scale Storage (BESS),18286,1.1255737782857144e+26,false
GEN-2026-SR12,SPP,OK,Balko,Bull Creek 115 kV substation,100,Under Study,,NOT PUBLISHED IN SPP GI QUEUE EXPORT,Developer Not Disclosed,Confirmed Grid-Scale Storage (BESS),18286,1.1255737782857144e+26,false
GEN-2024-204,SPP,OK,Bryan,Brown 138 kV Substation,100,Under Study,,NOT PUBLISHED IN SPP GI QUEUE EXPORT,Developer Not Disclosed,Confirmed Grid-Scale Storage (BESS),18286,1.1255737782857144e+26,false
J2383,MISO,IL,Macon,Faraday,100,Facilities Study,,NOT PUBLISHED IN MISO GI QUEUE DATA,Developer Not Disclosed,Confirmed Grid-Scale Storage (BESS),18286,1.1255737782857144e+26,false
J2555,MISO,MI,Ingham,DELHI to TOMPKINS 138kV,100,Under Study,,NOT PUBLISHED IN MISO GI QUEUE DATA,Developer Not Disclosed,Confirmed Grid-Scale Storage (BESS),18286,1.1255737782857144e+26,false
J2392,MISO,MI,Mason,PERE MARQUETTE 138 KV,100,Under Study,,NOT PUBLISHED IN MISO GI QUEUE DATA,Developer Not Disclosed,Confirmed Grid-Scale Storage (BESS),18286,1.1255737782857144e+26,false
J3565,MISO,IL,Champaign,Rising,100,Active,,NOT PUBLISHED IN MISO GI QUEUE DATA,Developer Not Disclosed,Confirmed Grid-Scale Storage (BESS),18286,1.1255737782857144e+26,false
J2474,MISO,IL,Sangamon,4AUSTIN - 4VIRDEN   138.0kV,100,Facilities Study,,NOT PUBLISHED IN MISO GI QUEUE DATA,Developer Not Disclosed,Confirmed Grid-Scale Storage (BESS),18286,1.1255737782857144e+26,false
J2375,MISO,IL,Macon,Faraday,100,Facilities Study,,NOT PUBLISHED IN MISO GI QUEUE DATA,Developer Not Disclosed,Confirmed Grid-Scale Storage (BESS),18286,1.1255737782857144e+26,false
S1116,MISO,MS,Tallahatchie,WEBB,100,Active,,NOT PUBLISHED IN MISO GI QUEUE DATA,Developer Not Disclosed,Confirmed Grid-Scale Storage (BESS),18286,1.1255737782857144e+26,false
J1844,MISO,MI,Washtenaw,19CVTRY,100,Facilities Study,,NOT PUBLISHED IN MISO GI QUEUE DATA,Developer Not Disclosed,Confirmed Grid-Scale Storage (BESS),18286,1.1255737782857144e+26,false
J1686,MISO,LA,Evangeline,Coughlin - Plaisance 138 kV,100,IA in Progress,,NOT PUBLISHED IN MISO GI QUEUE DATA,Developer Not Disclosed,Confirmed Grid-Scale Storage (BESS),18286,1.1255737782857144e+26,false
J1659,MISO,MI,Washtenaw,DORSET,100,IA in Progress,,NOT PUBLISHED IN MISO GI QUEUE DATA,Developer Not Disclosed,Confirmed Grid-Scale Storage (BESS),18286,1.1255737782857144e+26,false
J1635,MISO,MI,Branch,BUTTERS - NEWTON (MI AVE) 138.0kV,100,IA in Progress,,NOT PUBLISHED IN MISO GI QUEUE DATA,Developer Not Disclosed,Confirmed Grid-Scale Storage (BESS),18286,1.1255737782857144e+26,false
J1269,MISO,IN,Warrick,Elliott 69kV Substation,100,IA in Progress,,NOT PUBLISHED IN MISO GI QUEUE DATA,Developer Not Disclosed,Confirmed Grid-Scale Storage (BESS),18286,1.1255737782857144e+26,false
S1153,MISO,WI,Waushara,Sand Lake 138kV,100,Active,,NOT PUBLISHED IN MISO GI QUEUE DATA,Developer Not Disclosed,Confirmed Grid-Scale Storage (BESS),18286,1.1255737782857144e+26,false
S1135,MISO,MN,Mower,Adams,100,Active,,NOT PUBLISHED IN MISO GI QUEUE DATA,Developer Not Disclosed,Confirmed Grid-Scale Storage (BESS),18286,1.1255737782857144e+26,false
J4128,MISO,MI,Eaton,Clinton Interconnection,100,Active,,NOT PUBLISHED IN MISO GI QUEUE DATA,Developer Not Disclosed,Confirmed Grid-Scale Storage (BESS),18286,1.1255737782857144e+26,false
J4131,MISO,MS,Scott,J1347 TO Switchyard (115kV Entergy MS Switchyard),100,Under Study,,NOT PUBLISHED IN MISO GI QUEUE DATA,Developer Not Disclosed,Confirmed Grid-Scale Storage (BESS),18286,1.1255737782857144e+26,false
R5067,MISO,IN,Lake,NIPSCO Green Acres 138kV Sub,100,Active,,NOT PUBLISHED IN MISO GI QUEUE DATA,Developer Not Disclosed,Confirmed Grid-Scale Storage (BESS),18286,1.1255737782857144e+26,false
P3015,AESO,AB,Edmonton,NOT PUBLISHED IN AESO CONNECTION PROJECT LIST,100,Facilities Study,Spruce Grove North Solar Battery,NOT PUBLISHED IN AESO CONNECTION PROJECT LIST,Developer Not Disclosed,Confirmed Grid-Scale Storage (BESS),18286,1.1255737782857144e+26,false
2214,CAISO,CA,Fresno,ORO LOMA 70 kV,100,Active,Octans,NOT PUBLISHED IN CAISO CLUSTER REQUEST LIST,Developer Not Disclosed,Confirmed Grid-Scale Storage (BESS),18286,1.1255737782857144e+26,false
2258,CAISO,CA,Fresno,ORO LOMA 115 kV,100,Active,Telluride,NOT PUBLISHED IN CAISO CLUSTER REQUEST LIST,Developer Not Disclosed,Confirmed Grid-Scale Storage (BESS),18286,1.1255737782857144e+26,false
J3111,MISO,AR,Craighead,AECC TRUMANN WEST - POWERLINE ROAD 161kv,100,Under Study,,NOT PUBLISHED IN MISO GI QUEUE DATA,Developer Not Disclosed,Confirmed Grid-Scale Storage (BESS),18286,1.1255737782857144e+26,false
J3112,MISO,AR,Phillips,Barton - West Helena 115kV,100,Under Study,,NOT PUBLISHED IN MISO GI QUEUE DATA,Developer Not Disclosed,Confirmed Grid-Scale Storage (BESS),18286,1.1255737782857144e+26,false
J3166,MISO,IN,Knox,Edwardsport Station IGCC,100,Facilities Study,,NOT PUBLISHED IN MISO GI QUEUE DATA,Developer Not Disclosed,Confirmed Grid-Scale Storage (BESS),18286,1.1255737782857144e+26,false
J2618,MISO,MI,Macomb,Lenox 120kV,100,Under Study,,NOT PUBLISHED IN MISO GI QUEUE DATA,Developer Not Disclosed,Confirmed Grid-Scale Storage (BESS),18286,1.1255737782857144e+26,false
0931,NYISO,NY,Queens,Astoria West 138kV,100,IA in Progress,Astoria Energy Storage,"East River ESS, LLC",Developer Not Matched To Known List,Confirmed Grid-Scale Storage (BESS),18286,1.1255737782857144e+26,false
J3159,MISO,IA,Dubuque,Gardner 69 kV substation,100,Under Study,,NOT PUBLISHED IN MISO GI QUEUE DATA,Developer Not Disclosed,Confirmed Grid-Scale Storage (BESS),18286,1.1255737782857144e+26,false
J3093,MISO,MS,Madison,LAKEOVER EHV - MCADAMS EHV 500.0kV,100,Under Study,,NOT PUBLISHED IN MISO GI QUEUE DATA,Developer Not Disclosed,Confirmed Grid-Scale Storage (BESS),18286,1.1255737782857144e+26,false
J3158,MISO,IA,Cerro Gordo,Colby 345 kV Substation,100,Under Study,,NOT PUBLISHED IN MISO GI QUEUE DATA,Developer Not Disclosed,Confirmed Grid-Scale Storage (BESS),18286,1.1255737782857144e+26,false
2301,CAISO,CA,Kern,ARCO-MIDWAY,100,Active,TENDRIL,NOT PUBLISHED IN CAISO CLUSTER REQUEST LIST,Developer Not Disclosed,Confirmed Grid-Scale Storage (BESS),18286,1.1255737782857144e+26,false
J2949,MISO,IA,Marshall,Marshalltown 161 kV Substation,100,Under Study,,NOT PUBLISHED IN MISO GI QUEUE DATA,Developer Not Disclosed,Confirmed Grid-Scale Storage (BESS),18286,1.1255737782857144e+26,false
J3028,MISO,MS,Perry,Waynesboro 161 - Hintonville 161 161.0kV,100,Under Study,,NOT PUBLISHED IN MISO GI QUEUE DATA,Developer Not Disclosed,Confirmed Grid-Scale Storage (BESS),18286,1.1255737782857144e+26,false
J3231,MISO,MS,Amite,GLOSTER - LIBERTY 115.0kV,100,Under Study,,NOT PUBLISHED IN MISO GI QUEUE DATA,Developer Not Disclosed,Confirmed Grid-Scale Storage (BESS),18286,1.1255737782857144e+26,false
J2956,MISO,LA,Morehouse,Galion 115 kV Substation,100,Under Study,,NOT PUBLISHED IN MISO GI QUEUE DATA,Developer Not Disclosed,Confirmed Grid-Scale Storage (BESS),18286,1.1255737782857144e+26,false
J2957,MISO,MS,Panola,Como - Crenshaw 115 kV Line,100,Under Study,,NOT PUBLISHED IN MISO GI QUEUE DATA,Developer Not Disclosed,Confirmed Grid-Scale Storage (BESS),18286,1.1255737782857144e+26,false
2209,CAISO,CA,Fresno,TRANQUILLITY SW STA 230 kV,100,Active,Fornax,NOT PUBLISHED IN CAISO CLUSTER REQUEST LIST,Developer Not Disclosed,Confirmed Grid-Scale Storage (BESS),18286,1.1255737782857144e+26,false
J2133,MISO,AR,White,Garner 115 kV Substation,100,IA in Progress,,NOT PUBLISHED IN MISO GI QUEUE DATA,Developer Not Disclosed,Confirmed Grid-Scale Storage (BESS),18286,1.1255737782857144e+26,false
2206,CAISO,CA,Orange,TALEGA 138 kV,100,Active,Bonita Bateria,NOT PUBLISHED IN CAISO CLUSTER REQUEST LIST,Developer Not Disclosed,Confirmed Grid-Scale Storage (BESS),18286,1.1255737782857144e+26,false
J2773,MISO,AR,Poinsett,Newport - Fisher 161 kV Line,100,Under Study,,NOT PUBLISHED IN MISO GI QUEUE DATA,Developer Not Disclosed,Confirmed Grid-Scale Storage (BESS),18286,1.1255737782857144e+26,false
J3162,MISO,WI,Rock,Beloit Gateway,100,Under Study,,NOT PUBLISHED IN MISO GI QUEUE DATA,Developer Not Disclosed,Confirmed Grid-Scale Storage (BESS),18286,1.1255737782857144e+26,false
J3160,MISO,WI,Fond Du Lac,South Fond du Lac 345 kV,100,Under Study,,NOT PUBLISHED IN MISO GI QUEUE DATA,Developer Not Disclosed,Confirmed Grid-Scale Storage (BESS),18286,1.1255737782857144e+26,false
J3181,MISO,IL,Logan,4FOGARTY - 4LIMIT 138.0kV,100,Facilities Study,,NOT PUBLISHED IN MISO GI QUEUE DATA,Developer Not Disclosed,Confirmed Grid-Scale Storage (BESS),18286,1.1255737782857144e+26,false
J3186,MISO,MS,Bolivar,Rosedale - Delta 115 kV,100,Under Study,,NOT PUBLISHED IN MISO GI QUEUE DATA,Developer Not Disclosed,Confirmed Grid-Scale Storage (BESS),18286,1.1255737782857144e+26,false
J3007,MISO,MI,Mason,PERE MARQUETTE - LINDEMAN 138.0kV,100,Under Study,,NOT PUBLISHED IN MISO GI QUEUE DATA,Developer Not Disclosed,Confirmed Grid-Scale Storage (BESS),18286,1.1255737782857144e+26,false
J3172,MISO,MN,Dakota,GRE-NININGR7 115 kV,100,Under Study,,NOT PUBLISHED IN MISO GI QUEUE DATA,Developer Not Disclosed,Confirmed Grid-Scale Storage (BESS),18286,1.1255737782857144e+26,false
C24-093,NYISO,NY,Ulster,Hurley 345kV Substation,100,Facilities Study,Alcazar 1,"Terra-Gen Development Company, LLC",Developer Not Matched To Known List,Confirmed Grid-Scale Storage (BESS),18286,1.1255737782857144e+26,false
C24-088,NYISO,NY,Orange,Rock Tavern 345kV Substation,100,Facilities Study,Arch 3,"Terra-Gen Development Company, LLC",Developer Not Matched To Known List,Confirmed Grid-Scale Storage (BESS),18286,1.1255737782857144e+26,false
C24-072,NYISO,NY,Monroe,Station 82 - Station 121 Line 23 115kV,100,Facilities Study,Eastwater Energy Storage,"GCI Eastwater, LLC",Developer Not Matched To Known List,Confirmed Grid-Scale Storage (BESS),18286,1.1255737782857144e+26,false
C24-066,NYISO,NY,Chemung,Yawger 115kV Substation,100,Facilities Study,Coral Energy Storage,TransGrid Energy LLC,Developer Not Matched To Known List,Confirmed Grid-Scale Storage (BESS),18286,1.1255737782857144e+26,false
C24-104,NYISO,NY,Suffolk,West Yaphank 69kV Substation,100,Facilities Study,Horseblock Energy Storage,"ACE DevCo NC, LLC",Developer Not Matched To Known List,Confirmed Grid-Scale Storage (BESS),18286,1.1255737782857144e+26,false
C24-129,NYISO,NY,Niagara,Dupont to Packard 115 kV Line #184,100,Facilities Study,Buffalo Road Energy Storage,MN8 Energy Development Company LLC,Developer Not Matched To Known List,Confirmed Grid-Scale Storage (BESS),18286,1.1255737782857144e+26,false
J2450,MISO,IN,Tippecanoe,WESTWOOD 345 KV,100,Facilities Study,,NOT PUBLISHED IN MISO GI QUEUE DATA,Developer Not Disclosed,Confirmed Grid-Scale Storage (BESS),18286,1.1255737782857144e+26,false
J2120,MISO,IA,Linn,Fairfax,100,Facilities Study,,NOT PUBLISHED IN MISO GI QUEUE DATA,Developer Not Disclosed,Confirmed Grid-Scale Storage (BESS),18286,1.1255737782857144e+26,false
S1170,MISO,AR,Union,HUTTIG SS - STRONG SS 115.0kV,100,Active,,NOT PUBLISHED IN MISO GI QUEUE DATA,Developer Not Disclosed,Confirmed Grid-Scale Storage (BESS),18286,1.1255737782857144e+26,false
C26-0021,NYISO,NY,Ulster,Saugerties - Hurley 69 kV,100,Active,Blue Mountain BESS,"ACE DevCo NC, LLC",Developer Not Matched To Known List,Confirmed Grid-Scale Storage (BESS),18286,1.1255737782857144e+26,false
S1108,MISO,IN,LaGrange,LAGRANGE,100,Active,,NOT PUBLISHED IN MISO GI QUEUE DATA,Developer Not Disclosed,Confirmed Grid-Scale Storage (BESS),18286,1.1255737782857144e+26,false
S1128,MISO,IL,Sangamon,343515 Chatham Main - 346555 North Aurburn (Ameren) 138.0kV,100,Active,,NOT PUBLISHED IN MISO GI QUEUE DATA,Developer Not Disclosed,Confirmed Grid-Scale Storage (BESS),18286,1.1255737782857144e+26,false
S1088,MISO,MN,Benton,GRE-BENTON 7 115kV,100,Active,,NOT PUBLISHED IN MISO GI QUEUE DATA,Developer Not Disclosed,Confirmed Grid-Scale Storage (BESS),18286,1.1255737782857144e+26,false
S1110,MISO,MN,Chisago,CHISAGO COUNTY,100,Active,,NOT PUBLISHED IN MISO GI QUEUE DATA,Developer Not Disclosed,Confirmed Grid-Scale Storage (BESS),18286,1.1255737782857144e+26,false
S1134,MISO,MS,DeSoto,TWINKLETOWN,100,Active,,NOT PUBLISHED IN MISO GI QUEUE DATA,Developer Not Disclosed,Confirmed Grid-Scale Storage (BESS),18286,1.1255737782857144e+26,false
R5081,MISO,MN,Mower,Adams,100,Active,,NOT PUBLISHED IN MISO GI QUEUE DATA,Developer Not Disclosed,Confirmed Grid-Scale Storage (BESS),18286,1.1255737782857144e+26,false
C24-238,NYISO,NY,Allegany,Moraine Rd 115kV Substation,100,Facilities Study,Zenobe Burns LLC,Zenobe Americas Inc.,Developer Not Matched To Known List,Confirmed Grid-Scale Storage (BESS),18286,1.1255737782857144e+26,false
C24-284,NYISO,NY,Bronx,Hell Gate 138 kV Substation,100,Facilities Study,South Bronx Energy Storage,Prologis Energy LLC,Developer Not Matched To Known List,Confirmed Grid-Scale Storage (BESS),18286,1.1255737782857144e+26,false
C24-341,NYISO,NY,Ulster,Marlboro 115kV Substation,100,Facilities Study,Marlboro Storage,Origis Development LLC,Developer Not Matched To Known List,Confirmed Grid-Scale Storage (BESS),18286,1.1255737782857144e+26,false
C24-337,NYISO,NY,Dutchess,East Fishkill 345 kV substation,100,Facilities Study,Aria Storage 1,"Terra-Gen Development Company, LLC",Developer Not Matched To Known List,Confirmed Grid-Scale Storage (BESS),18286,1.1255737782857144e+26,false
C26-0003,NYISO,NY,Ulster,Hurley 345kV Substation,100,Active,Alcazar 1,"Terra-Gen Development Company, LLC",Developer Not Matched To Known List,Confirmed Grid-Scale Storage (BESS),18286,1.1255737782857144e+26,false
C26-0008,NYISO,NY,Ulster,Saugerties 69 kV,100,Active,KCE NY 34,"KCE NY 34, LLC",Developer Not Matched To Known List,Confirmed Grid-Scale Storage (BESS),18286,1.1255737782857144e+26,false
C24-173,NYISO,NY,Ulster,Saugerties 69 kV,100,Facilities Study,KCE NY 34,"KCE NY 34, LLC",Developer Not Matched To Known List,Confirmed Grid-Scale Storage (BESS),18286,1.1255737782857144e+26,false
S1169,MISO,LA,Washington,BOGALUSA - TALISHEEK (LAGEN) 230.0kV,100,Active,,NOT PUBLISHED IN MISO GI QUEUE DATA,Developer Not Disclosed,Confirmed Grid-Scale Storage (BESS),18286,1.1255737782857144e+26,false
J1845,MISO,MI,Calhoun,18BATTLC,100,Facilities Study,,NOT PUBLISHED IN MISO GI QUEUE DATA,Developer Not Disclosed,Confirmed Grid-Scale Storage (BESS),18286,1.1255737782857144e+26,false
S1103,MISO,IL,Perry,Aster 138kV Station,100,Active,,NOT PUBLISHED IN MISO GI QUEUE DATA,Developer Not Disclosed,Confirmed Grid-Scale Storage (BESS),18286,1.1255737782857144e+26,false
S1145,MISO,MI,Huron,Harvest Wind Point Tap 120 kV,100,Active,,NOT PUBLISHED IN MISO GI QUEUE DATA,Developer Not Disclosed,Confirmed Grid-Scale Storage (BESS),18286,1.1255737782857144e+26,false
J3968,MISO,IL,Coles,Mattoon West,100,Under Study,,NOT PUBLISHED IN MISO GI QUEUE DATA,Developer Not Disclosed,Confirmed Grid-Scale Storage (BESS),18286,1.1255737782857144e+26,false
J3688,MISO,IN,White,Luse Road Substation,100,Active,,NOT PUBLISHED IN MISO GI QUEUE DATA,Developer Not Disclosed,Confirmed Grid-Scale Storage (BESS),18286,1.1255737782857144e+26,false
S1104,MISO,IL,Fayette,Ramsey,100,Active,,NOT PUBLISHED IN MISO GI QUEUE DATA,Developer Not Disclosed,Confirmed Grid-Scale Storage (BESS),18286,1.1255737782857144e+26,false
J3736,MISO,MO,Osage,LOOSE CREEK,100,Active,,NOT PUBLISHED IN MISO GI QUEUE DATA,Developer Not Disclosed,Confirmed Grid-Scale Storage (BESS),18286,1.1255737782857144e+26,false
J2026,MISO,MI,Gratiot,REGAL,100,Facilities Study,,NOT PUBLISHED IN MISO GI QUEUE DATA,Developer Not Disclosed,Confirmed Grid-Scale Storage (BESS),18286,1.1255737782857144e+26,false
J3973,MISO,MI,Branch,COLDWATER - MOORE ROAD 138.0kV,100,Active,,NOT PUBLISHED IN MISO GI QUEUE DATA,Developer Not Disclosed,Confirmed Grid-Scale Storage (BESS),18286,1.1255737782857144e+26,false
J2069,MISO,MI,Montcalm,EUREKA - VESTABURG 138.0kV,100,Facilities Study,,NOT PUBLISHED IN MISO GI QUEUE DATA,Developer Not Disclosed,Confirmed Grid-Scale Storage (BESS),18286,1.1255737782857144e+26,false
S1081,MISO,MI,Muskegon,DU PONT - WHITE LAKE 138.0kV,100,Active,,NOT PUBLISHED IN MISO GI QUEUE DATA,Developer Not Disclosed,Confirmed Grid-Scale Storage (BESS),18286,1.1255737782857144e+26,false
J2064,MISO,MI,Jackson,Tompkins 138 kV,100,Facilities Study,,NOT PUBLISHED IN MISO GI QUEUE DATA,Developer Not Disclosed,Confirmed Grid-Scale Storage (BESS),18286,1.1255737782857144e+26,false
J2197,MISO,IL,Clay,Xenia,100,Facilities Study,,NOT PUBLISHED IN MISO GI QUEUE DATA,Developer Not Disclosed,Confirmed Grid-Scale Storage (BESS),18286,1.1255737782857144e+26,false
J2178,MISO,IN,Sullivan,Merom 345 kV,100,Facilities Study,,NOT PUBLISHED IN MISO GI QUEUE DATA,Developer Not Disclosed,Confirmed Grid-Scale Storage (BESS),18286,1.1255737782857144e+26,false
J2195,MISO,IL,Fayette,Ramsey East 138 kV,100,Facilities Study,,NOT PUBLISHED IN MISO GI QUEUE DATA,Developer Not Disclosed,Confirmed Grid-Scale Storage (BESS),18286,1.1255737782857144e+26,false
J2193,MISO,WI,Waushara,Sand Lake,100,Facilities Study,,NOT PUBLISHED IN MISO GI QUEUE DATA,Developer Not Disclosed,Confirmed Grid-Scale Storage (BESS),18286,1.1255737782857144e+26,false
J2232,MISO,IN,Tipton,Tipton West 230 kV,100,Facilities Study,,NOT PUBLISHED IN MISO GI QUEUE DATA,Developer Not Disclosed,Confirmed Grid-Scale Storage (BESS),18286,1.1255737782857144e+26,false
J2124,MISO,IL,Champaign,Rising,100,Facilities Study,,NOT PUBLISHED IN MISO GI QUEUE DATA,Developer Not Disclosed,Confirmed Grid-Scale Storage (BESS),18286,1.1255737782857144e+26,false
J2179,MISO,MO,Montgomery,MONTGOMERY,100,Facilities Study,,NOT PUBLISHED IN MISO GI QUEUE DATA,Developer Not Disclosed,Confirmed Grid-Scale Storage (BESS),18286,1.1255737782857144e+26,false
J3735,MISO,MI,Genesee,BEVERIDGE 138kV,100,Active,,NOT PUBLISHED IN MISO GI QUEUE DATA,Developer Not Disclosed,Confirmed Grid-Scale Storage (BESS),18286,1.1255737782857144e+26,false
J3344,MISO,IL,Knox,7FARGO - 7SANDBURG 345.0kV,100,Active,,NOT PUBLISHED IN MISO GI QUEUE DATA,Developer Not Disclosed,Confirmed Grid-Scale Storage (BESS),18286,1.1255737782857144e+26,false
P2520,AESO,AB,High River,NOT PUBLISHED IN AESO CONNECTION PROJECT LIST,100,IA in Progress,Laramide MPC Battery,NOT PUBLISHED IN AESO CONNECTION PROJECT LIST,Developer Not Disclosed,Confirmed Grid-Scale Storage (BESS),18286,1.1255737782857144e+26,false
P2517,AESO,AB,Medicine Hat,NOT PUBLISHED IN AESO CONNECTION PROJECT LIST,100,Facilities Study,Hutchison MPC Battery,NOT PUBLISHED IN AESO CONNECTION PROJECT LIST,Developer Not Disclosed,Confirmed Grid-Scale Storage (BESS),18286,1.1255737782857144e+26,false
J2499,MISO,MI,Ottawa,Blendon 138 kV,100,Under Study,,NOT PUBLISHED IN MISO GI QUEUE DATA,Developer Not Disclosed,Confirmed Grid-Scale Storage (BESS),18286,1.1255737782857144e+26,false
J3421,MISO,MI,Huron,SEASIDE,100,Active,,NOT PUBLISHED IN MISO GI QUEUE DATA,Developer Not Disclosed,Confirmed Grid-Scale Storage (BESS),18286,1.1255737782857144e+26,false
J3268,MISO,MI,Gratiot,REGAL,100,Active,,NOT PUBLISHED IN MISO GI QUEUE DATA,Developer Not Disclosed,Confirmed Grid-Scale Storage (BESS),18286,1.1255737782857144e+26,false
J2456,MISO,AR,Phillips,AECC AUBREY-RITCHIE SES SWITCHYARD 230 KV,100,Under Study,,NOT PUBLISHED IN MISO GI QUEUE DATA,Developer Not Disclosed,Confirmed Grid-Scale Storage (BESS),18286,1.1255737782857144e+26,false
J3485,MISO,MI,Huron,RAPSON,100,Active,,NOT PUBLISHED IN MISO GI QUEUE DATA,Developer Not Disclosed,Confirmed Grid-Scale Storage (BESS),18286,1.1255737782857144e+26,false
23INR0204,ERCOT,TX,Kinney,8252 Bracketville 138kV,100,Facilities Study,GALVANIC BESS,CED Development Inc,Developer Not Matched To Known List,Confirmed Grid-Scale Storage (BESS),18286,1.1255737782857144e+26,false
21INR0455,ERCOT,TX,Childress,60501 Tesla 345kV,100,Facilities Study,Independence Trail Storage,"KCE TX 16, LLC",Developer Not Matched To Known List,Confirmed Grid-Scale Storage (BESS),18286,1.1255737782857144e+26,false
27INR0624,ERCOT,TX,Scurry,59912 GALVANI 345,100,Facilities Study,Helion BESS,Helion BESS,Developer Not Matched To Known List,Confirmed Grid-Scale Storage (BESS),18286,1.1255737782857144e+26,false
27INR0531,ERCOT,TX,Kaufman,Tap 345kV ELKTON 5 (#3105 ) to Tricrn1 5 (#2432),100,Facilities Study,Erika BESS,"Erika Solar, LLC",Developer Not Matched To Known List,Confirmed Grid-Scale Storage (BESS),18286,1.1255737782857144e+26,false
25INR0192,ERCOT,TX,Hidalgo,Frontera (#8980),100,Facilities Study,Palmvalley Storage,Palm Valley BESS LLC,Developer Not Matched To Known List,Confirmed Grid-Scale Storage (BESS),18286,1.1255737782857144e+26,false
29INR0145,ERCOT,TX,Fort Bend,44030 Arcola 138 kV,100,Facilities Study,Elysium Energy Center BESS,Adapture Solar Development,Developer Not Matched To Known List,Confirmed Grid-Scale Storage (BESS),18286,1.1255737782857144e+26,false
30INR0045,ERCOT,TX,Colorado,Tap 138-kV Weimar (7254) to Schulenburg (7252),100,Facilities Study,Radiant Plains Energy Center BESS,Adapture Solar Development,Developer Not Matched To Known List,Confirmed Grid-Scale Storage (BESS),18286,1.1255737782857144e+26,false
27INR0627,ERCOT,TX,Fort Bend,44090 Cedar Creek 345kV,100,Facilities Study,Redbird BESS,"Redbird BESS, LLC",Developer Not Matched To Known List,Confirmed Grid-Scale Storage (BESS),18286,1.1255737782857144e+26,false
26INR0590,ERCOT,TX,Harris,47150 (H_O_C__B138) 138kV,100,Facilities Study,Callisto ID Energy Center,Tempus Power management LLC,Developer Not Matched To Known List,Confirmed Grid-Scale Storage (BESS),18286,1.1255737782857144e+26,false
23INR0354,ERCOT,TX,Starr,8796 Roma 138kV,100,Facilities Study,Bordertown BESS,Bordertown BESS LLC,Developer Not Matched To Known List,Confirmed Grid-Scale Storage (BESS),18286,1.1255737782857144e+26,false
23INR0503,ERCOT,TX,Caldwell,Tap 138kV 7325 Mendoza - 7216 Lockhart,100,Facilities Study,Ardesia Storage,Ardesia Storage Project LLC,Developer Not Matched To Known List,Confirmed Grid-Scale Storage (BESS),18286,1.1255737782857144e+26,false
24INR0380,ERCOT,TX,Uvalde,5885 Downie Substation 138kV,100,Facilities Study,Photo BESS 3,CED Development Inc.,Developer Not Matched To Known List,Confirmed Grid-Scale Storage (BESS),18286,1.1255737782857144e+26,false
25INR0310,ERCOT,TX,Galveston,38740 Heights Substation 138kV,100,Facilities Study,IEP Blackhawk,"IEP Texas Verde II, llc",Developer Not Matched To Known List,Confirmed Grid-Scale Storage (BESS),18286,1.1255737782857144e+26,false
23INR0205,ERCOT,TX,Uvalde,5885 Downie 138kV,100,Facilities Study,SUNSETTER BESS,CED Development Inc.,Developer Not Matched To Known List,Confirmed Grid-Scale Storage (BESS),18286,1.1255737782857144e+26,false
24INR0449,ERCOT,TX,Hidalgo,TAP 138KV 8374 SOUTH EAST EDINBURG - 8029 CLOSNER,100,Facilities Study,PSE Richardson TX Storage,PureSky Development Inc.,Developer Not Matched To Known List,Confirmed Grid-Scale Storage (BESS),18286,1.1255737782857144e+26,false
25INR0492,ERCOT,TX,Wilbarger,61001 JIM TREECE 345kV,100,Facilities Study,Blue Summit Energy Storage,"NextEra Energy Interconnection Holdings, LLC",Developer Not Matched To Known List,Confirmed Grid-Scale Storage (BESS),18286,1.1255737782857144e+26,false
