{
  "type": "FeatureCollection",
  "source": {
    "dataset": "Overture Maps buildings",
    "url": "https://docs.overturemaps.org/getting-data/",
    "accessed_on": "2026-09-28",
    "release": "2026-09-23.1",
    "site_epoch_id": "EPOCH-e06bc7faa8b1b187",
    "site_name": "Google Lincoln",
    "site_latitude": 40.907472,
    "site_longitude": -96.6457832,
    "search_bbox": [
      -96.66578319999999,
      40.887471999999995,
      -96.6257832,
      40.927472
    ],
    "filter_radius_km": 3.0,
    "semantics": "Current building polygons are ingested for physical geometry. They are not, by themselves, AI-facility identity evidence or a construction time series."
  },
  "features": [
    {
      "type": "Feature",
      "id": "8c88cfbd-cb2b-4cf9-bed4-39022374b0c1",
      "geometry": {
        "type": "Polygon",
        "coordinates": [
          [
            [
              -96.6394713,
              40.9227092
            ],
            [
              -96.6393077,
              40.9226934
            ],
            [
              -96.6392672,
              40.9229327
            ],
            [
              -96.6394308,
              40.9229485
            ],
            [
              -96.6394713,
              40.9227092
            ]
          ]
        ]
      },
      "properties": {
        "epoch_id": "EPOCH-e06bc7faa8b1b187",
        "site_name": "Google Lincoln",
        "distance_to_site_km": 1.7898,
        "footprint_area_m2_webmercator": 652.56,
        "source_dataset": "Overture Maps buildings",
        "source_url": "https://docs.overturemaps.org/getting-data/",
        "source_release": "2026-09-23.1",
        "source_accessed_on": "2026-09-28",
        "geometry_role": "current building-footprint polygon",
        "linkage_semantics": "Overlap/proximity only; not evidence that the building hosts AI compute."
      }
    },
    {
      "type": "Feature",
      "id": "b89835c2-58b3-45f4-a3d4-edd7b3d41d6f",
      "geometry": {
        "type": "Polygon",
        "coordinates": [
          [
            [
              -96.6393671,
              40.9222332
            ],
            [
              -96.6393315,
              40.9221396
            ],
            [
              -96.6391382,
              40.9221815
            ],
            [
              -96.6392205,
              40.9223978
            ],
            [
              -96.6393602,
              40.9223675
            ],
            [
              -96.6393417,
              40.9223188
            ],
            [
              -96.6394324,
              40.9222991
            ],
            [
              -96.6394043,
              40.9222251
            ],
            [
              -96.6393671,
              40.9222332
            ]
          ]
        ]
      },
      "properties": {
        "epoch_id": "EPOCH-e06bc7faa8b1b187",
        "site_name": "Google Lincoln",
        "distance_to_site_km": 1.7333,
        "footprint_area_m2_webmercator": 744.71,
        "source_dataset": "Overture Maps buildings",
        "source_url": "https://docs.overturemaps.org/getting-data/",
        "source_release": "2026-09-23.1",
        "source_accessed_on": "2026-09-28",
        "geometry_role": "current building-footprint polygon",
        "linkage_semantics": "Overlap/proximity only; not evidence that the building hosts AI compute."
      }
    },
    {
      "type": "Feature",
      "id": "f145fd4f-8af5-4c3a-b225-3138d4d0aa06",
      "geometry": {
        "type": "Polygon",
        "coordinates": [
          [
            [
              -96.63954,
              40.9275115
            ],
            [
              -96.6396536,
              40.9275284
            ],
            [
              -96.6396805,
              40.927425
            ],
            [
              -96.6395669,
              40.9274081
            ],
            [
              -96.63954,
              40.9275115
            ]
          ]
        ]
      },
      "properties": {
        "epoch_id": "EPOCH-e06bc7faa8b1b187",
        "site_name": "Google Lincoln",
        "distance_to_site_km": 2.2832,
        "footprint_area_m2_webmercator": 200.11,
        "source_dataset": "Overture Maps buildings",
        "source_url": "https://docs.overturemaps.org/getting-data/",
        "source_release": "2026-09-23.1",
        "source_accessed_on": "2026-09-28",
        "geometry_role": "current building-footprint polygon",
        "linkage_semantics": "Overlap/proximity only; not evidence that the building hosts AI compute."
      }
    },
    {
      "type": "Feature",
      "id": "2f767946-1188-47c4-b0bd-5962d42f65aa",
      "geometry": {
        "type": "Polygon",
        "coordinates": [
          [
            [
              -96.6416945,
              40.9276554
            ],
            [
              -96.6418807,
              40.927656
            ],
            [
              -96.6418795,
              40.9278769
            ],
            [
              -96.6422497,
              40.927878
            ],
            [
              -96.6422509,
              40.9276531
            ],
            [
              -96.64196,
              40.9276522
            ],
            [
              -96.6419605,
              40.927563
            ],
            [
              -96.6419536,
              40.927563
            ],
            [
              -96.6419542,
              40.9274597
            ],
            [
              -96.6416955,
              40.9274589
            ],
            [
              -96.6416945,
              40.9276554
            ]
          ]
        ]
      },
      "properties": {
        "epoch_id": "EPOCH-e06bc7faa8b1b187",
        "site_name": "Google Lincoln",
        "distance_to_site_km": 2.2704,
        "footprint_area_m2_webmercator": 2204.61,
        "source_dataset": "Overture Maps buildings",
        "source_url": "https://docs.overturemaps.org/getting-data/",
        "source_release": "2026-09-23.1",
        "source_accessed_on": "2026-09-28",
        "geometry_role": "current building-footprint polygon",
        "linkage_semantics": "Overlap/proximity only; not evidence that the building hosts AI compute."
      }
    },
    {
      "type": "Feature",
      "id": "fa4b35c9-635d-460e-8f05-f4d44822f098",
      "geometry": {
        "type": "Polygon",
        "coordinates": [
          [
            [
              -96.6421036,
              40.9268334
            ],
            [
              -96.6422537,
              40.9268363
            ],
            [
              -96.6422555,
              40.9267868
            ],
            [
              -96.6421054,
              40.9267838
            ],
            [
              -96.6421036,
              40.9268334
            ]
          ]
        ]
      },
      "properties": {
        "epoch_id": "EPOCH-e06bc7faa8b1b187",
        "site_name": "Google Lincoln",
        "distance_to_site_km": 2.1715,
        "footprint_area_m2_webmercator": 122.07,
        "source_dataset": "Overture Maps buildings",
        "source_url": "https://docs.overturemaps.org/getting-data/",
        "source_release": "2026-09-23.1",
        "source_accessed_on": "2026-09-28",
        "geometry_role": "current building-footprint polygon",
        "linkage_semantics": "Overlap/proximity only; not evidence that the building hosts AI compute."
      }
    },
    {
      "type": "Feature",
      "id": "5a51a3d3-54cc-4ecb-be73-da5adfe67c44",
      "geometry": {
        "type": "Polygon",
        "coordinates": [
          [
            [
              -96.6423249,
              40.9273622
            ],
            [
              -96.6423283,
              40.9269479
            ],
            [
              -96.6420279,
              40.9269465
            ],
            [
              -96.6420259,
              40.9271937
            ],
            [
              -96.6419227,
              40.9271932
            ],
            [
              -96.6419214,
              40.9273604
            ],
            [
              -96.6423249,
              40.9273622
            ]
          ]
        ]
      },
      "properties": {
        "epoch_id": "EPOCH-e06bc7faa8b1b187",
        "site_name": "Google Lincoln",
        "distance_to_site_km": 2.2114,
        "footprint_area_m2_webmercator": 2324.23,
        "source_dataset": "Overture Maps buildings",
        "source_url": "https://docs.overturemaps.org/getting-data/",
        "source_release": "2026-09-23.1",
        "source_accessed_on": "2026-09-28",
        "geometry_role": "current building-footprint polygon",
        "linkage_semantics": "Overlap/proximity only; not evidence that the building hosts AI compute."
      }
    },
    {
      "type": "Feature",
      "id": "4ddc6e81-a040-4b7c-b758-f4e5decc92d0",
      "geometry": {
        "type": "Polygon",
        "coordinates": [
          [
            [
              -96.6420451,
              40.9253104
            ],
            [
              -96.6420769,
              40.9252238
            ],
            [
              -96.6418965,
              40.9251859
            ],
            [
              -96.6418591,
              40.9252875
            ],
            [
              -96.6418827,
              40.9252924
            ],
            [
              -96.6418598,
              40.9253545
            ],
            [
              -96.6419694,
              40.9253775
            ],
            [
              -96.6419978,
              40.9253004
            ],
            [
              -96.6420451,
              40.9253104
            ]
          ]
        ]
      },
      "properties": {
        "epoch_id": "EPOCH-e06bc7faa8b1b187",
        "site_name": "Google Lincoln",
        "distance_to_site_km": 2.0057,
        "footprint_area_m2_webmercator": 431.47,
        "source_dataset": "Overture Maps buildings",
        "source_url": "https://docs.overturemaps.org/getting-data/",
        "source_release": "2026-09-23.1",
        "source_accessed_on": "2026-09-28",
        "geometry_role": "current building-footprint polygon",
        "linkage_semantics": "Overlap/proximity only; not evidence that the building hosts AI compute."
      }
    },
    {
      "type": "Feature",
      "id": "f7558123-a5b6-4edc-8655-90ea1f5ebdf3",
      "geometry": {
        "type": "Polygon",
        "coordinates": [
          [
            [
              -96.642756,
              40.926208
            ],
            [
              -96.642756,
              40.92608
            ],
            [
              -96.642579,
              40.92608
            ],
            [
              -96.642579,
              40.926208
            ],
            [
              -96.642756,
              40.926208
            ]
          ]
        ]
      },
      "properties": {
        "epoch_id": "EPOCH-e06bc7faa8b1b187",
        "site_name": "Google Lincoln",
        "distance_to_site_km": 2.0927,
        "footprint_area_m2_webmercator": 371.59,
        "source_dataset": "Overture Maps buildings",
        "source_url": "https://docs.overturemaps.org/getting-data/",
        "source_release": "2026-09-23.1",
        "source_accessed_on": "2026-09-28",
        "geometry_role": "current building-footprint polygon",
        "linkage_semantics": "Overlap/proximity only; not evidence that the building hosts AI compute."
      }
    },
    {
      "type": "Feature",
      "id": "da20893d-4d06-48c5-bad4-617c16bb17f5",
      "geometry": {
        "type": "Polygon",
        "coordinates": [
          [
            [
              -96.6428817,
              40.9264869
            ],
            [
              -96.6428307,
              40.9264876
            ],
            [
              -96.6428361,
              40.9267044
            ],
            [
              -96.6429541,
              40.9267027
            ],
            [
              -96.6429472,
              40.9264232
            ],
            [
              -96.6428801,
              40.9264241
            ],
            [
              -96.6428817,
              40.9264869
            ]
          ]
        ]
      },
      "properties": {
        "epoch_id": "EPOCH-e06bc7faa8b1b187",
        "site_name": "Google Lincoln",
        "distance_to_site_km": 2.138,
        "footprint_area_m2_webmercator": 488.84,
        "source_dataset": "Overture Maps buildings",
        "source_url": "https://docs.overturemaps.org/getting-data/",
        "source_release": "2026-09-23.1",
        "source_accessed_on": "2026-09-28",
        "geometry_role": "current building-footprint polygon",
        "linkage_semantics": "Overlap/proximity only; not evidence that the building hosts AI compute."
      }
    },
    {
      "type": "Feature",
      "id": "d896a5e2-b6e7-478f-ae0d-91e51248f441",
      "geometry": {
        "type": "Polygon",
        "coordinates": [
          [
            [
              -96.644415,
              40.9229556
            ],
            [
              -96.644541,
              40.9229588
            ],
            [
              -96.6445443,
              40.9228818
            ],
            [
              -96.6444184,
              40.9228787
            ],
            [
              -96.644415,
              40.9229556
            ]
          ]
        ]
      },
      "properties": {
        "epoch_id": "EPOCH-e06bc7faa8b1b187",
        "site_name": "Google Lincoln",
        "distance_to_site_km": 1.7211,
        "footprint_area_m2_webmercator": 159.12,
        "source_dataset": "Overture Maps buildings",
        "source_url": "https://docs.overturemaps.org/getting-data/",
        "source_release": "2026-09-23.1",
        "source_accessed_on": "2026-09-28",
        "geometry_role": "current building-footprint polygon",
        "linkage_semantics": "Overlap/proximity only; not evidence that the building hosts AI compute."
      }
    },
    {
      "type": "Feature",
      "id": "6ec3df63-ddb1-47b6-8148-f1cb016afb37",
      "geometry": {
        "type": "Polygon",
        "coordinates": [
          [
            [
              -96.6442778,
              40.9229815
            ],
            [
              -96.6441785,
              40.9229117
            ],
            [
              -96.6440468,
              40.9230188
            ],
            [
              -96.6441461,
              40.9230885
            ],
            [
              -96.6442778,
              40.9229815
            ]
          ]
        ]
      },
      "properties": {
        "epoch_id": "EPOCH-e06bc7faa8b1b187",
        "site_name": "Google Lincoln",
        "distance_to_site_km": 1.732,
        "footprint_area_m2_webmercator": 324.99,
        "source_dataset": "Overture Maps buildings",
        "source_url": "https://docs.overturemaps.org/getting-data/",
        "source_release": "2026-09-23.1",
        "source_accessed_on": "2026-09-28",
        "geometry_role": "current building-footprint polygon",
        "linkage_semantics": "Overlap/proximity only; not evidence that the building hosts AI compute."
      }
    },
    {
      "type": "Feature",
      "id": "d960ddbf-befb-44e4-96a1-2a6c3189b1db",
      "geometry": {
        "type": "Polygon",
        "coordinates": [
          [
            [
              -96.6452206,
              40.923064
            ],
            [
              -96.6452726,
              40.9235676
            ],
            [
              -96.6455578,
              40.9235507
            ],
            [
              -96.6455058,
              40.9230471
            ],
            [
              -96.6452206,
              40.923064
            ]
          ]
        ]
      },
      "properties": {
        "epoch_id": "EPOCH-e06bc7faa8b1b187",
        "site_name": "Google Lincoln",
        "distance_to_site_km": 1.7611,
        "footprint_area_m2_webmercator": 2369.97,
        "source_dataset": "Overture Maps buildings",
        "source_url": "https://docs.overturemaps.org/getting-data/",
        "source_release": "2026-09-23.1",
        "source_accessed_on": "2026-09-28",
        "geometry_role": "current building-footprint polygon",
        "linkage_semantics": "Overlap/proximity only; not evidence that the building hosts AI compute."
      }
    },
    {
      "type": "Feature",
      "id": "255b3eca-bde4-417c-9b91-fb994923e2a7",
      "geometry": {
        "type": "Polygon",
        "coordinates": [
          [
            [
              -96.6466321,
              40.9235336
            ],
            [
              -96.646628,
              40.9234392
            ],
            [
              -96.6463777,
              40.9234453
            ],
            [
              -96.6463818,
              40.9235398
            ],
            [
              -96.6466321,
              40.9235336
            ]
          ]
        ]
      },
      "properties": {
        "epoch_id": "EPOCH-e06bc7faa8b1b187",
        "site_name": "Google Lincoln",
        "distance_to_site_km": 1.7821,
        "footprint_area_m2_webmercator": 388.14,
        "source_dataset": "Overture Maps buildings",
        "source_url": "https://docs.overturemaps.org/getting-data/",
        "source_release": "2026-09-23.1",
        "source_accessed_on": "2026-09-28",
        "geometry_role": "current building-footprint polygon",
        "linkage_semantics": "Overlap/proximity only; not evidence that the building hosts AI compute."
      }
    },
    {
      "type": "Feature",
      "id": "a57af121-d7ad-4adb-ba1f-a5a4919480e5",
      "geometry": {
        "type": "Polygon",
        "coordinates": [
          [
            [
              -96.647806,
              40.923672
            ],
            [
              -96.647795,
              40.923508
            ],
            [
              -96.647623,
              40.923515
            ],
            [
              -96.647635,
              40.923679
            ],
            [
              -96.647806,
              40.923672
            ]
          ]
        ]
      },
      "properties": {
        "epoch_id": "EPOCH-e06bc7faa8b1b187",
        "site_name": "Google Lincoln",
        "distance_to_site_km": 1.8,
        "footprint_area_m2_webmercator": 462.6,
        "source_dataset": "Overture Maps buildings",
        "source_url": "https://docs.overturemaps.org/getting-data/",
        "source_release": "2026-09-23.1",
        "source_accessed_on": "2026-09-28",
        "geometry_role": "current building-footprint polygon",
        "linkage_semantics": "Overlap/proximity only; not evidence that the building hosts AI compute."
      }
    },
    {
      "type": "Feature",
      "id": "2067e4c4-f807-4af8-896c-92194827927e",
      "geometry": {
        "type": "Polygon",
        "coordinates": [
          [
            [
              -96.6491399,
              40.927473
            ],
            [
              -96.6490139,
              40.9274719
            ],
            [
              -96.6490116,
              40.9276137
            ],
            [
              -96.6491377,
              40.9276149
            ],
            [
              -96.6491399,
              40.927473
            ]
          ]
        ]
      },
      "properties": {
        "epoch_id": "EPOCH-e06bc7faa8b1b187",
        "site_name": "Google Lincoln",
        "distance_to_site_km": 2.2489,
        "footprint_area_m2_webmercator": 293.31,
        "source_dataset": "Overture Maps buildings",
        "source_url": "https://docs.overturemaps.org/getting-data/",
        "source_release": "2026-09-23.1",
        "source_accessed_on": "2026-09-28",
        "geometry_role": "current building-footprint polygon",
        "linkage_semantics": "Overlap/proximity only; not evidence that the building hosts AI compute."
      }
    },
    {
      "type": "Feature",
      "id": "1e4fe9d4-12b3-425a-8d51-4119d5c9eea1",
      "geometry": {
        "type": "Polygon",
        "coordinates": [
          [
            [
              -96.6492218,
              40.9271793
            ],
            [
              -96.6491173,
              40.9271822
            ],
            [
              -96.6491233,
              40.9273076
            ],
            [
              -96.6492278,
              40.9273048
            ],
            [
              -96.6492218,
              40.9271793
            ]
          ]
        ]
      },
      "properties": {
        "epoch_id": "EPOCH-e06bc7faa8b1b187",
        "site_name": "Google Lincoln",
        "distance_to_site_km": 2.2169,
        "footprint_area_m2_webmercator": 215.3,
        "source_dataset": "Overture Maps buildings",
        "source_url": "https://docs.overturemaps.org/getting-data/",
        "source_release": "2026-09-23.1",
        "source_accessed_on": "2026-09-28",
        "geometry_role": "current building-footprint polygon",
        "linkage_semantics": "Overlap/proximity only; not evidence that the building hosts AI compute."
      }
    },
    {
      "type": "Feature",
      "id": "b2bd715e-2cb0-4ec8-b7f8-da2f3b0a37f6",
      "geometry": {
        "type": "Polygon",
        "coordinates": [
          [
            [
              -96.6487644,
              40.9272322
            ],
            [
              -96.6487628,
              40.9271937
            ],
            [
              -96.6486824,
              40.9271957
            ],
            [
              -96.648684,
              40.9272341
            ],
            [
              -96.6487644,
              40.9272322
            ]
          ]
        ]
      },
      "properties": {
        "epoch_id": "EPOCH-e06bc7faa8b1b187",
        "site_name": "Google Lincoln",
        "distance_to_site_km": 2.2091,
        "footprint_area_m2_webmercator": 50.75,
        "source_dataset": "Overture Maps buildings",
        "source_url": "https://docs.overturemaps.org/getting-data/",
        "source_release": "2026-09-23.1",
        "source_accessed_on": "2026-09-28",
        "geometry_role": "current building-footprint polygon",
        "linkage_semantics": "Overlap/proximity only; not evidence that the building hosts AI compute."
      }
    },
    {
      "type": "Feature",
      "id": "36a19e93-ef4e-4e9c-bb8e-f82896c6a766",
      "geometry": {
        "type": "Polygon",
        "coordinates": [
          [
            [
              -96.6487816,
              40.927474
            ],
            [
              -96.648874,
              40.9274706
            ],
            [
              -96.64887,
              40.9274059
            ],
            [
              -96.6487775,
              40.9274093
            ],
            [
              -96.6487816,
              40.927474
            ]
          ]
        ]
      },
      "properties": {
        "epoch_id": "EPOCH-e06bc7faa8b1b187",
        "site_name": "Google Lincoln",
        "distance_to_site_km": 2.235,
        "footprint_area_m2_webmercator": 98.33,
        "source_dataset": "Overture Maps buildings",
        "source_url": "https://docs.overturemaps.org/getting-data/",
        "source_release": "2026-09-23.1",
        "source_accessed_on": "2026-09-28",
        "geometry_role": "current building-footprint polygon",
        "linkage_semantics": "Overlap/proximity only; not evidence that the building hosts AI compute."
      }
    },
    {
      "type": "Feature",
      "id": "6b6e5314-3dd6-49fe-97e0-c66b3143429c",
      "geometry": {
        "type": "Polygon",
        "coordinates": [
          [
            [
              -96.663346,
              40.9260477
            ],
            [
              -96.6633534,
              40.9258289
            ],
            [
              -96.6632462,
              40.9258269
            ],
            [
              -96.6632375,
              40.926083
            ],
            [
              -96.6633716,
              40.9260856
            ],
            [
              -96.6633728,
              40.9260482
            ],
            [
              -96.663346,
              40.9260477
            ]
          ]
        ]
      },
      "properties": {
        "epoch_id": "EPOCH-e06bc7faa8b1b187",
        "site_name": "Google Lincoln",
        "distance_to_site_km": 2.5282,
        "footprint_area_m2_webmercator": 467.18,
        "source_dataset": "Overture Maps buildings",
        "source_url": "https://docs.overturemaps.org/getting-data/",
        "source_release": "2026-09-23.1",
        "source_accessed_on": "2026-09-28",
        "geometry_role": "current building-footprint polygon",
        "linkage_semantics": "Overlap/proximity only; not evidence that the building hosts AI compute."
      }
    },
    {
      "type": "Feature",
      "id": "c41610b9-ac25-4995-935f-22cbb4ef1d4f",
      "geometry": {
        "type": "Polygon",
        "coordinates": [
          [
            [
              -96.6632908,
              40.9222247
            ],
            [
              -96.6632928,
              40.9221234
            ],
            [
              -96.6631801,
              40.9221222
            ],
            [
              -96.6631782,
              40.9222235
            ],
            [
              -96.6632908,
              40.9222247
            ]
          ]
        ]
      },
      "properties": {
        "epoch_id": "EPOCH-e06bc7faa8b1b187",
        "site_name": "Google Lincoln",
        "distance_to_site_km": 2.1961,
        "footprint_area_m2_webmercator": 187.19,
        "source_dataset": "Overture Maps buildings",
        "source_url": "https://docs.overturemaps.org/getting-data/",
        "source_release": "2026-09-23.1",
        "source_accessed_on": "2026-09-28",
        "geometry_role": "current building-footprint polygon",
        "linkage_semantics": "Overlap/proximity only; not evidence that the building hosts AI compute."
      }
    },
    {
      "type": "Feature",
      "id": "5d8738a6-1378-4b7a-97f3-903d5f3e98ac",
      "geometry": {
        "type": "Polygon",
        "coordinates": [
          [
            [
              -96.6637847,
              40.9222117
            ],
            [
              -96.664152,
              40.9222059
            ],
            [
              -96.6641491,
              40.9221006
            ],
            [
              -96.6637818,
              40.9221064
            ],
            [
              -96.6637847,
              40.9222117
            ]
          ]
        ]
      },
      "properties": {
        "epoch_id": "EPOCH-e06bc7faa8b1b187",
        "site_name": "Google Lincoln",
        "distance_to_site_km": 2.2362,
        "footprint_area_m2_webmercator": 634.58,
        "source_dataset": "Overture Maps buildings",
        "source_url": "https://docs.overturemaps.org/getting-data/",
        "source_release": "2026-09-23.1",
        "source_accessed_on": "2026-09-28",
        "geometry_role": "current building-footprint polygon",
        "linkage_semantics": "Overlap/proximity only; not evidence that the building hosts AI compute."
      }
    },
    {
      "type": "Feature",
      "id": "f8d3c9b6-1345-4a83-92d8-372f246bb80c",
      "geometry": {
        "type": "Polygon",
        "coordinates": [
          [
            [
              -96.6536659,
              40.9121861
            ],
            [
              -96.6537667,
              40.9122038
            ],
            [
              -96.6538132,
              40.9120517
            ],
            [
              -96.653748,
              40.9120404
            ],
            [
              -96.6537374,
              40.912075
            ],
            [
              -96.6536891,
              40.9120665
            ],
            [
              -96.6536994,
              40.9120328
            ],
            [
              -96.6536194,
              40.9120188
            ],
            [
              -96.653592,
              40.9121084
            ],
            [
              -96.6535396,
              40.9120992
            ],
            [
              -96.6535143,
              40.912182
            ],
            [
              -96.6536594,
              40.9122073
            ],
            [
              -96.6536659,
              40.9121861
            ]
          ]
        ]
      },
      "properties": {
        "epoch_id": "EPOCH-e06bc7faa8b1b187",
        "site_name": "Google Lincoln",
        "distance_to_site_km": 0.8406,
        "footprint_area_m2_webmercator": 586.89,
        "source_dataset": "Overture Maps buildings",
        "source_url": "https://docs.overturemaps.org/getting-data/",
        "source_release": "2026-09-23.1",
        "source_accessed_on": "2026-09-28",
        "geometry_role": "current building-footprint polygon",
        "linkage_semantics": "Overlap/proximity only; not evidence that the building hosts AI compute."
      }
    },
    {
      "type": "Feature",
      "id": "1e85f223-55ca-4449-8e81-c8483cb18c9f",
      "geometry": {
        "type": "Polygon",
        "coordinates": [
          [
            [
              -96.6545588,
              40.9120461
            ],
            [
              -96.6545625,
              40.9119144
            ],
            [
              -96.6544285,
              40.9119122
            ],
            [
              -96.6544247,
              40.9120439
            ],
            [
              -96.6545588,
              40.9120461
            ]
          ]
        ]
      },
      "properties": {
        "epoch_id": "EPOCH-e06bc7faa8b1b187",
        "site_name": "Google Lincoln",
        "distance_to_site_km": 0.8871,
        "footprint_area_m2_webmercator": 289.63,
        "source_dataset": "Overture Maps buildings",
        "source_url": "https://docs.overturemaps.org/getting-data/",
        "source_release": "2026-09-23.1",
        "source_accessed_on": "2026-09-28",
        "geometry_role": "current building-footprint polygon",
        "linkage_semantics": "Overlap/proximity only; not evidence that the building hosts AI compute."
      }
    },
    {
      "type": "Feature",
      "id": "28070802-4d63-4309-aa43-de2678b0ba90",
      "geometry": {
        "type": "Polygon",
        "coordinates": [
          [
            [
              -96.6552042,
              40.9121602
            ],
            [
              -96.6552535,
              40.9121011
            ],
            [
              -96.6550995,
              40.9120278
            ],
            [
              -96.6551004,
              40.9120117
            ],
            [
              -96.6550931,
              40.9120034
            ],
            [
              -96.6550427,
              40.9120017
            ],
            [
              -96.6550369,
              40.9120071
            ],
            [
              -96.6549182,
              40.9120034
            ],
            [
              -96.6549191,
              40.911988
            ],
            [
              -96.6548658,
              40.9119863
            ],
            [
              -96.6548592,
              40.9121054
            ],
            [
              -96.6549448,
              40.912108
            ],
            [
              -96.6549445,
              40.9121145
            ],
            [
              -96.6549787,
              40.9121156
            ],
            [
              -96.654978,
              40.9121277
            ],
            [
              -96.6550149,
              40.9121289
            ],
            [
              -96.6550158,
              40.9121129
            ],
            [
              -96.6550864,
              40.9121151
            ],
            [
              -96.6551368,
              40.9121391
            ],
            [
              -96.6551434,
              40.9121312
            ],
            [
              -96.6552042,
              40.9121602
            ]
          ]
        ]
      },
      "properties": {
        "epoch_id": "EPOCH-e06bc7faa8b1b187",
        "site_name": "Google Lincoln",
        "distance_to_site_km": 0.9304,
        "footprint_area_m2_webmercator": 624.38,
        "source_dataset": "Overture Maps buildings",
        "source_url": "https://docs.overturemaps.org/getting-data/",
        "source_release": "2026-09-23.1",
        "source_accessed_on": "2026-09-28",
        "geometry_role": "current building-footprint polygon",
        "linkage_semantics": "Overlap/proximity only; not evidence that the building hosts AI compute."
      }
    },
    {
      "type": "Feature",
      "id": "44316059-6cc0-45d4-8f05-ffa916828c99",
      "geometry": {
        "type": "Polygon",
        "coordinates": [
          [
            [
              -96.6556384,
              40.9117326
            ],
            [
              -96.6554847,
              40.9117194
            ],
            [
              -96.6554579,
              40.9118978
            ],
            [
              -96.6556116,
              40.911911
            ],
            [
              -96.6556384,
              40.9117326
            ]
          ]
        ]
      },
      "properties": {
        "epoch_id": "EPOCH-e06bc7faa8b1b187",
        "site_name": "Google Lincoln",
        "distance_to_site_km": 0.9522,
        "footprint_area_m2_webmercator": 455.43,
        "source_dataset": "Overture Maps buildings",
        "source_url": "https://docs.overturemaps.org/getting-data/",
        "source_release": "2026-09-23.1",
        "source_accessed_on": "2026-09-28",
        "geometry_role": "current building-footprint polygon",
        "linkage_semantics": "Overlap/proximity only; not evidence that the building hosts AI compute."
      }
    },
    {
      "type": "Feature",
      "id": "b939a9ae-86bc-4a27-990f-d1b5918d5d11",
      "geometry": {
        "type": "Polygon",
        "coordinates": [
          [
            [
              -96.6559,
              40.911927
            ],
            [
              -96.6558294,
              40.9119165
            ],
            [
              -96.6558024,
              40.9120194
            ],
            [
              -96.6557867,
              40.912017
            ],
            [
              -96.6557692,
              40.9120835
            ],
            [
              -96.6558036,
              40.9120887
            ],
            [
              -96.6558025,
              40.9120929
            ],
            [
              -96.655884,
              40.9121051
            ],
            [
              -96.6558911,
              40.9120778
            ],
            [
              -96.6559629,
              40.9120886
            ],
            [
              -96.6559642,
              40.9120833
            ],
            [
              -96.6560104,
              40.9120902
            ],
            [
              -96.6560358,
              40.9119933
            ],
            [
              -96.6559312,
              40.9119776
            ],
            [
              -96.6559415,
              40.9119384
            ],
            [
              -96.6558987,
              40.911932
            ],
            [
              -96.6559,
              40.911927
            ]
          ]
        ]
      },
      "properties": {
        "epoch_id": "EPOCH-e06bc7faa8b1b187",
        "site_name": "Google Lincoln",
        "distance_to_site_km": 0.989,
        "footprint_area_m2_webmercator": 520.29,
        "source_dataset": "Overture Maps buildings",
        "source_url": "https://docs.overturemaps.org/getting-data/",
        "source_release": "2026-09-23.1",
        "source_accessed_on": "2026-09-28",
        "geometry_role": "current building-footprint polygon",
        "linkage_semantics": "Overlap/proximity only; not evidence that the building hosts AI compute."
      }
    },
    {
      "type": "Feature",
      "id": "1afa52d0-9e4c-4693-8039-8ad2ff3b39ca",
      "geometry": {
        "type": "Polygon",
        "coordinates": [
          [
            [
              -96.6568571,
              40.9126809
            ],
            [
              -96.6571722,
              40.9127982
            ],
            [
              -96.6572322,
              40.9126946
            ],
            [
              -96.6569298,
              40.9125701
            ],
            [
              -96.6568571,
              40.9126809
            ]
          ]
        ]
      },
      "properties": {
        "epoch_id": "EPOCH-e06bc7faa8b1b187",
        "site_name": "Google Lincoln",
        "distance_to_site_km": 1.1098,
        "footprint_area_m2_webmercator": 674.28,
        "source_dataset": "Overture Maps buildings",
        "source_url": "https://docs.overturemaps.org/getting-data/",
        "source_release": "2026-09-23.1",
        "source_accessed_on": "2026-09-28",
        "geometry_role": "current building-footprint polygon",
        "linkage_semantics": "Overlap/proximity only; not evidence that the building hosts AI compute."
      }
    },
    {
      "type": "Feature",
      "id": "9d5a0968-ce02-4948-a07f-38adf74e4b67",
      "geometry": {
        "type": "Polygon",
        "coordinates": [
          [
            [
              -96.6570069,
              40.9121915
            ],
            [
              -96.6568992,
              40.9122801
            ],
            [
              -96.6569343,
              40.9123044
            ],
            [
              -96.6569201,
              40.9123161
            ],
            [
              -96.6569506,
              40.9123372
            ],
            [
              -96.6569388,
              40.9123469
            ],
            [
              -96.656978,
              40.9123741
            ],
            [
              -96.6569982,
              40.9123574
            ],
            [
              -96.6570277,
              40.9123779
            ],
            [
              -96.6570425,
              40.9123656
            ],
            [
              -96.6570559,
              40.9123749
            ],
            [
              -96.6570509,
              40.912379
            ],
            [
              -96.6571041,
              40.9124159
            ],
            [
              -96.6572085,
              40.91233
            ],
            [
              -96.6571328,
              40.9122775
            ],
            [
              -96.6571027,
              40.9123023
            ],
            [
              -96.657029,
              40.9122511
            ],
            [
              -96.6570582,
              40.9122271
            ],
            [
              -96.6570069,
              40.9121915
            ]
          ]
        ]
      },
      "properties": {
        "epoch_id": "EPOCH-e06bc7faa8b1b187",
        "site_name": "Google Lincoln",
        "distance_to_site_km": 1.0886,
        "footprint_area_m2_webmercator": 517.18,
        "source_dataset": "Overture Maps buildings",
        "source_url": "https://docs.overturemaps.org/getting-data/",
        "source_release": "2026-09-23.1",
        "source_accessed_on": "2026-09-28",
        "geometry_role": "current building-footprint polygon",
        "linkage_semantics": "Overlap/proximity only; not evidence that the building hosts AI compute."
      }
    },
    {
      "type": "Feature",
      "id": "73bbf614-4884-4366-862f-b72c32c1a6e9",
      "geometry": {
        "type": "Polygon",
        "coordinates": [
          [
            [
              -96.6620894,
              40.8926576
            ],
            [
              -96.662091,
              40.89276
            ],
            [
              -96.6623672,
              40.8927576
            ],
            [
              -96.6623657,
              40.8926552
            ],
            [
              -96.6620894,
              40.8926576
            ]
          ]
        ]
      },
      "properties": {
        "epoch_id": "EPOCH-e06bc7faa8b1b187",
        "site_name": "Google Lincoln",
        "distance_to_site_km": 2.1461,
        "footprint_area_m2_webmercator": 463.78,
        "source_dataset": "Overture Maps buildings",
        "source_url": "https://docs.overturemaps.org/getting-data/",
        "source_release": "2026-09-23.1",
        "source_accessed_on": "2026-09-28",
        "geometry_role": "current building-footprint polygon",
        "linkage_semantics": "Overlap/proximity only; not evidence that the building hosts AI compute."
      }
    },
    {
      "type": "Feature",
      "id": "58ebd443-468a-4d5d-a38c-d8355c1c20e3",
      "geometry": {
        "type": "Polygon",
        "coordinates": [
          [
            [
              -96.6632115,
              40.9113782
            ],
            [
              -96.6632095,
              40.9114633
            ],
            [
              -96.6634133,
              40.9114661
            ],
            [
              -96.6634153,
              40.911381
            ],
            [
              -96.6632115,
              40.9113782
            ]
          ]
        ]
      },
      "properties": {
        "epoch_id": "EPOCH-e06bc7faa8b1b187",
        "site_name": "Google Lincoln",
        "distance_to_site_km": 1.5372,
        "footprint_area_m2_webmercator": 284.48,
        "source_dataset": "Overture Maps buildings",
        "source_url": "https://docs.overturemaps.org/getting-data/",
        "source_release": "2026-09-23.1",
        "source_accessed_on": "2026-09-28",
        "geometry_role": "current building-footprint polygon",
        "linkage_semantics": "Overlap/proximity only; not evidence that the building hosts AI compute."
      }
    },
    {
      "type": "Feature",
      "id": "963215ec-24d5-4278-a4fb-68df8369f461",
      "geometry": {
        "type": "Polygon",
        "coordinates": [
          [
            [
              -96.6637827,
              40.9113797
            ],
            [
              -96.6639483,
              40.9113792
            ],
            [
              -96.6639476,
              40.9112571
            ],
            [
              -96.663782,
              40.9112576
            ],
            [
              -96.6637827,
              40.9113797
            ]
          ]
        ]
      },
      "properties": {
        "epoch_id": "EPOCH-e06bc7faa8b1b187",
        "site_name": "Google Lincoln",
        "distance_to_site_km": 1.5786,
        "footprint_area_m2_webmercator": 331.56,
        "source_dataset": "Overture Maps buildings",
        "source_url": "https://docs.overturemaps.org/getting-data/",
        "source_release": "2026-09-23.1",
        "source_accessed_on": "2026-09-28",
        "geometry_role": "current building-footprint polygon",
        "linkage_semantics": "Overlap/proximity only; not evidence that the building hosts AI compute."
      }
    },
    {
      "type": "Feature",
      "id": "2f884013-8781-4a0b-b52f-b6429064685b",
      "geometry": {
        "type": "Polygon",
        "coordinates": [
          [
            [
              -96.663602,
              40.91082
            ],
            [
              -96.663602,
              40.91089
            ],
            [
              -96.663755,
              40.91089
            ],
            [
              -96.663755,
              40.91082
            ],
            [
              -96.663602,
              40.91082
            ]
          ]
        ]
      },
      "properties": {
        "epoch_id": "EPOCH-e06bc7faa8b1b187",
        "site_name": "Google Lincoln",
        "distance_to_site_km": 1.5502,
        "footprint_area_m2_webmercator": 175.62,
        "source_dataset": "Overture Maps buildings",
        "source_url": "https://docs.overturemaps.org/getting-data/",
        "source_release": "2026-09-23.1",
        "source_accessed_on": "2026-09-28",
        "geometry_role": "current building-footprint polygon",
        "linkage_semantics": "Overlap/proximity only; not evidence that the building hosts AI compute."
      }
    },
    {
      "type": "Feature",
      "id": "6bb95de9-63fd-4bec-b664-ef742e0e78f4",
      "geometry": {
        "type": "Polygon",
        "coordinates": [
          [
            [
              -96.6482164,
              40.8926106
            ],
            [
              -96.648286,
              40.8926123
            ],
            [
              -96.6482897,
              40.8925232
            ],
            [
              -96.6482201,
              40.8925215
            ],
            [
              -96.6482164,
              40.8926106
            ]
          ]
        ]
      },
      "properties": {
        "epoch_id": "EPOCH-e06bc7faa8b1b187",
        "site_name": "Google Lincoln",
        "distance_to_site_km": 1.6703,
        "footprint_area_m2_webmercator": 101.76,
        "source_dataset": "Overture Maps buildings",
        "source_url": "https://docs.overturemaps.org/getting-data/",
        "source_release": "2026-09-23.1",
        "source_accessed_on": "2026-09-28",
        "geometry_role": "current building-footprint polygon",
        "linkage_semantics": "Overlap/proximity only; not evidence that the building hosts AI compute."
      }
    },
    {
      "type": "Feature",
      "id": "e5e7cdc7-fe4a-4738-a123-9ce5e508e15a",
      "geometry": {
        "type": "Polygon",
        "coordinates": [
          [
            [
              -96.6481869,
              40.8920847
            ],
            [
              -96.6481875,
              40.8918405
            ],
            [
              -96.6473131,
              40.8918385
            ],
            [
              -96.6473126,
              40.8920863
            ],
            [
              -96.6481869,
              40.8920847
            ]
          ]
        ]
      },
      "properties": {
        "epoch_id": "EPOCH-e06bc7faa8b1b187",
        "site_name": "Google Lincoln",
        "distance_to_site_km": 1.7325,
        "footprint_area_m2_webmercator": 3525.92,
        "source_dataset": "Overture Maps buildings",
        "source_url": "https://docs.overturemaps.org/getting-data/",
        "source_release": "2026-09-23.1",
        "source_accessed_on": "2026-09-28",
        "geometry_role": "current building-footprint polygon",
        "linkage_semantics": "Overlap/proximity only; not evidence that the building hosts AI compute."
      }
    },
    {
      "type": "Feature",
      "id": "e1445371-b197-4466-815f-b1f8ba1a5c20",
      "geometry": {
        "type": "Polygon",
        "coordinates": [
          [
            [
              -96.6515875,
              40.8936002
            ],
            [
              -96.6514756,
              40.8936002
            ],
            [
              -96.6514755,
              40.893722
            ],
            [
              -96.6518143,
              40.8937221
            ],
            [
              -96.6518144,
              40.8935961
            ],
            [
              -96.6516849,
              40.893596
            ],
            [
              -96.6516848,
              40.8936195
            ],
            [
              -96.6515875,
              40.8936194
            ],
            [
              -96.6515875,
              40.8936002
            ]
          ]
        ]
      },
      "properties": {
        "epoch_id": "EPOCH-e06bc7faa8b1b187",
        "site_name": "Google Lincoln",
        "distance_to_site_km": 1.6127,
        "footprint_area_m2_webmercator": 654.85,
        "source_dataset": "Overture Maps buildings",
        "source_url": "https://docs.overturemaps.org/getting-data/",
        "source_release": "2026-09-23.1",
        "source_accessed_on": "2026-09-28",
        "geometry_role": "current building-footprint polygon",
        "linkage_semantics": "Overlap/proximity only; not evidence that the building hosts AI compute."
      }
    },
    {
      "type": "Feature",
      "id": "775f14ea-0b21-455f-a26e-c36675ad5307",
      "geometry": {
        "type": "Polygon",
        "coordinates": [
          [
            [
              -96.6517349,
              40.8942449
            ],
            [
              -96.651373,
              40.8942395
            ],
            [
              -96.65137,
              40.894353
            ],
            [
              -96.6516006,
              40.8943564
            ],
            [
              -96.6515985,
              40.8944395
            ],
            [
              -96.6517298,
              40.8944414
            ],
            [
              -96.6517349,
              40.8942449
            ]
          ]
        ]
      },
      "properties": {
        "epoch_id": "EPOCH-e06bc7faa8b1b187",
        "site_name": "Google Lincoln",
        "distance_to_site_km": 1.5414,
        "footprint_area_m2_webmercator": 852.43,
        "source_dataset": "Overture Maps buildings",
        "source_url": "https://docs.overturemaps.org/getting-data/",
        "source_release": "2026-09-23.1",
        "source_accessed_on": "2026-09-28",
        "geometry_role": "current building-footprint polygon",
        "linkage_semantics": "Overlap/proximity only; not evidence that the building hosts AI compute."
      }
    },
    {
      "type": "Feature",
      "id": "7fb70d4d-fd42-4490-9f89-22c5caad6796",
      "geometry": {
        "type": "Polygon",
        "coordinates": [
          [
            [
              -96.6502756,
              40.9056395
            ],
            [
              -96.6535211,
              40.9056943
            ],
            [
              -96.6535398,
              40.904782
            ],
            [
              -96.6502863,
              40.9047374
            ],
            [
              -96.6502756,
              40.9056395
            ]
          ]
        ]
      },
      "properties": {
        "epoch_id": "EPOCH-e06bc7faa8b1b187",
        "site_name": "Google Lincoln",
        "distance_to_site_km": 0.5728,
        "footprint_area_m2_webmercator": 48346.63,
        "source_dataset": "Overture Maps buildings",
        "source_url": "https://docs.overturemaps.org/getting-data/",
        "source_release": "2026-09-23.1",
        "source_accessed_on": "2026-09-28",
        "geometry_role": "current building-footprint polygon",
        "linkage_semantics": "Overlap/proximity only; not evidence that the building hosts AI compute."
      }
    },
    {
      "type": "Feature",
      "id": "1bd2c1b2-ba46-4bf2-976b-b42dce737df8",
      "geometry": {
        "type": "Polygon",
        "coordinates": [
          [
            [
              -96.6508389,
              40.913425
            ],
            [
              -96.6508382,
              40.9134506
            ],
            [
              -96.650951,
              40.9134522
            ],
            [
              -96.6509517,
              40.9134248
            ],
            [
              -96.6509845,
              40.9134253
            ],
            [
              -96.650989,
              40.9132454
            ],
            [
              -96.6508187,
              40.9132429
            ],
            [
              -96.6508142,
              40.9134246
            ],
            [
              -96.6508389,
              40.913425
            ]
          ]
        ]
      },
      "properties": {
        "epoch_id": "EPOCH-e06bc7faa8b1b187",
        "site_name": "Google Lincoln",
        "distance_to_site_km": 0.7818,
        "footprint_area_m2_webmercator": 553.94,
        "source_dataset": "Overture Maps buildings",
        "source_url": "https://docs.overturemaps.org/getting-data/",
        "source_release": "2026-09-23.1",
        "source_accessed_on": "2026-09-28",
        "geometry_role": "current building-footprint polygon",
        "linkage_semantics": "Overlap/proximity only; not evidence that the building hosts AI compute."
      }
    },
    {
      "type": "Feature",
      "id": "fecda81d-6a02-454f-b216-3c4ca3958f73",
      "geometry": {
        "type": "Polygon",
        "coordinates": [
          [
            [
              -96.6508501,
              40.91394
            ],
            [
              -96.6508541,
              40.9138199
            ],
            [
              -96.6507325,
              40.9138176
            ],
            [
              -96.6507285,
              40.9139377
            ],
            [
              -96.6508501,
              40.91394
            ]
          ]
        ]
      },
      "properties": {
        "epoch_id": "EPOCH-e06bc7faa8b1b187",
        "site_name": "Google Lincoln",
        "distance_to_site_km": 0.8274,
        "footprint_area_m2_webmercator": 239.63,
        "source_dataset": "Overture Maps buildings",
        "source_url": "https://docs.overturemaps.org/getting-data/",
        "source_release": "2026-09-23.1",
        "source_accessed_on": "2026-09-28",
        "geometry_role": "current building-footprint polygon",
        "linkage_semantics": "Overlap/proximity only; not evidence that the building hosts AI compute."
      }
    },
    {
      "type": "Feature",
      "id": "a7263977-8fb1-4cc4-a7d2-e7bcdb2cd273",
      "geometry": {
        "type": "Polygon",
        "coordinates": [
          [
            [
              -96.6512341,
              40.9137852
            ],
            [
              -96.6511334,
              40.9139722
            ],
            [
              -96.6512311,
              40.9140022
            ],
            [
              -96.6512336,
              40.9139977
            ],
            [
              -96.6512891,
              40.9140147
            ],
            [
              -96.6512729,
              40.9140448
            ],
            [
              -96.6513444,
              40.9140668
            ],
            [
              -96.6513606,
              40.9140366
            ],
            [
              -96.6514011,
              40.9140491
            ],
            [
              -96.6513845,
              40.9140799
            ],
            [
              -96.6514778,
              40.9141086
            ],
            [
              -96.6515913,
              40.9138974
            ],
            [
              -96.6514876,
              40.9138655
            ],
            [
              -96.65151,
              40.9138237
            ],
            [
              -96.6513514,
              40.913775
            ],
            [
              -96.6513298,
              40.9138152
            ],
            [
              -96.6513198,
              40.9138121
            ],
            [
              -96.6513359,
              40.9137822
            ],
            [
              -96.6512719,
              40.9137625
            ],
            [
              -96.6512561,
              40.913792
            ],
            [
              -96.6512341,
              40.9137852
            ]
          ]
        ]
      },
      "properties": {
        "epoch_id": "EPOCH-e06bc7faa8b1b187",
        "site_name": "Google Lincoln",
        "distance_to_site_km": 0.8576,
        "footprint_area_m2_webmercator": 1506.2,
        "source_dataset": "Overture Maps buildings",
        "source_url": "https://docs.overturemaps.org/getting-data/",
        "source_release": "2026-09-23.1",
        "source_accessed_on": "2026-09-28",
        "geometry_role": "current building-footprint polygon",
        "linkage_semantics": "Overlap/proximity only; not evidence that the building hosts AI compute."
      }
    },
    {
      "type": "Feature",
      "id": "177f74ea-3ce4-4c85-a453-a52f55fae07a",
      "geometry": {
        "type": "Polygon",
        "coordinates": [
          [
            [
              -96.6492092,
              40.9131445
            ],
            [
              -96.6489007,
              40.9131103
            ],
            [
              -96.6488762,
              40.9132361
            ],
            [
              -96.6491847,
              40.9132703
            ],
            [
              -96.6492092,
              40.9131445
            ]
          ]
        ]
      },
      "properties": {
        "epoch_id": "EPOCH-e06bc7faa8b1b187",
        "site_name": "Google Lincoln",
        "distance_to_site_km": 0.6923,
        "footprint_area_m2_webmercator": 650.14,
        "source_dataset": "Overture Maps buildings",
        "source_url": "https://docs.overturemaps.org/getting-data/",
        "source_release": "2026-09-23.1",
        "source_accessed_on": "2026-09-28",
        "geometry_role": "current building-footprint polygon",
        "linkage_semantics": "Overlap/proximity only; not evidence that the building hosts AI compute."
      }
    },
    {
      "type": "Feature",
      "id": "2c9e9769-f0c0-4097-b3b1-9cc5064aebfe",
      "geometry": {
        "type": "Polygon",
        "coordinates": [
          [
            [
              -96.6485915,
              40.9127045
            ],
            [
              -96.6484735,
              40.9125586
            ],
            [
              -96.6483882,
              40.912598
            ],
            [
              -96.6485063,
              40.9127439
            ],
            [
              -96.6485915,
              40.9127045
            ]
          ]
        ]
      },
      "properties": {
        "epoch_id": "EPOCH-e06bc7faa8b1b187",
        "site_name": "Google Lincoln",
        "distance_to_site_km": 0.6192,
        "footprint_area_m2_webmercator": 280.23,
        "source_dataset": "Overture Maps buildings",
        "source_url": "https://docs.overturemaps.org/getting-data/",
        "source_release": "2026-09-23.1",
        "source_accessed_on": "2026-09-28",
        "geometry_role": "current building-footprint polygon",
        "linkage_semantics": "Overlap/proximity only; not evidence that the building hosts AI compute."
      }
    },
    {
      "type": "Feature",
      "id": "41a0eeff-5626-47ea-a1a0-c73e8ad15ee6",
      "geometry": {
        "type": "Polygon",
        "coordinates": [
          [
            [
              -96.6453137,
              40.9046933
            ],
            [
              -96.645311,
              40.9045706
            ],
            [
              -96.6452007,
              40.904572
            ],
            [
              -96.6452034,
              40.9046946
            ],
            [
              -96.6453137,
              40.9046933
            ]
          ]
        ]
      },
      "properties": {
        "epoch_id": "EPOCH-e06bc7faa8b1b187",
        "site_name": "Google Lincoln",
        "distance_to_site_km": 0.3188,
        "footprint_area_m2_webmercator": 221.87,
        "source_dataset": "Overture Maps buildings",
        "source_url": "https://docs.overturemaps.org/getting-data/",
        "source_release": "2026-09-23.1",
        "source_accessed_on": "2026-09-28",
        "geometry_role": "current building-footprint polygon",
        "linkage_semantics": "Overlap/proximity only; not evidence that the building hosts AI compute."
      }
    },
    {
      "type": "Feature",
      "id": "ba342e5d-f736-4580-bba0-f27d9b7959ee",
      "geometry": {
        "type": "Polygon",
        "coordinates": [
          [
            [
              -96.643491,
              40.910192
            ],
            [
              -96.643451,
              40.910192
            ],
            [
              -96.643451,
              40.910334
            ],
            [
              -96.643491,
              40.910334
            ],
            [
              -96.643491,
              40.910192
            ]
          ]
        ]
      },
      "properties": {
        "epoch_id": "EPOCH-e06bc7faa8b1b187",
        "site_name": "Google Lincoln",
        "distance_to_site_km": 0.3662,
        "footprint_area_m2_webmercator": 93.14,
        "source_dataset": "Overture Maps buildings",
        "source_url": "https://docs.overturemaps.org/getting-data/",
        "source_release": "2026-09-23.1",
        "source_accessed_on": "2026-09-28",
        "geometry_role": "current building-footprint polygon",
        "linkage_semantics": "Overlap/proximity only; not evidence that the building hosts AI compute."
      }
    },
    {
      "type": "Feature",
      "id": "9f9965e2-5362-4602-bb5d-56009206f220",
      "geometry": {
        "type": "Polygon",
        "coordinates": [
          [
            [
              -96.642332,
              40.915073
            ],
            [
              -96.642332,
              40.915039
            ],
            [
              -96.642241,
              40.915039
            ],
            [
              -96.642241,
              40.915079
            ],
            [
              -96.642185,
              40.915079
            ],
            [
              -96.642185,
              40.915156
            ],
            [
              -96.642367,
              40.915156
            ],
            [
              -96.642367,
              40.915073
            ],
            [
              -96.642332,
              40.915073
            ]
          ]
        ]
      },
      "properties": {
        "epoch_id": "EPOCH-e06bc7faa8b1b187",
        "site_name": "Google Lincoln",
        "distance_to_site_km": 0.8984,
        "footprint_area_m2_webmercator": 292.94,
        "source_dataset": "Overture Maps buildings",
        "source_url": "https://docs.overturemaps.org/getting-data/",
        "source_release": "2026-09-23.1",
        "source_accessed_on": "2026-09-28",
        "geometry_role": "current building-footprint polygon",
        "linkage_semantics": "Overlap/proximity only; not evidence that the building hosts AI compute."
      }
    },
    {
      "type": "Feature",
      "id": "183aa7da-6a5c-4764-a54f-e911cbda9010",
      "geometry": {
        "type": "Polygon",
        "coordinates": [
          [
            [
              -96.642241,
              40.915325
            ],
            [
              -96.642343,
              40.915325
            ],
            [
              -96.642343,
              40.915217
            ],
            [
              -96.642241,
              40.915217
            ],
            [
              -96.642241,
              40.915325
            ]
          ]
        ]
      },
      "properties": {
        "epoch_id": "EPOCH-e06bc7faa8b1b187",
        "site_name": "Google Lincoln",
        "distance_to_site_km": 0.9155,
        "footprint_area_m2_webmercator": 180.65,
        "source_dataset": "Overture Maps buildings",
        "source_url": "https://docs.overturemaps.org/getting-data/",
        "source_release": "2026-09-23.1",
        "source_accessed_on": "2026-09-28",
        "geometry_role": "current building-footprint polygon",
        "linkage_semantics": "Overlap/proximity only; not evidence that the building hosts AI compute."
      }
    },
    {
      "type": "Feature",
      "id": "e92961b4-200e-48fe-a552-73b35c1c0c73",
      "geometry": {
        "type": "Polygon",
        "coordinates": [
          [
            [
              -96.642008,
              40.915663
            ],
            [
              -96.642008,
              40.915619
            ],
            [
              -96.64193,
              40.915619
            ],
            [
              -96.64193,
              40.915663
            ],
            [
              -96.642008,
              40.915663
            ]
          ]
        ]
      },
      "properties": {
        "epoch_id": "EPOCH-e06bc7faa8b1b187",
        "site_name": "Google Lincoln",
        "distance_to_site_km": 0.9632,
        "footprint_area_m2_webmercator": 56.28,
        "source_dataset": "Overture Maps buildings",
        "source_url": "https://docs.overturemaps.org/getting-data/",
        "source_release": "2026-09-23.1",
        "source_accessed_on": "2026-09-28",
        "geometry_role": "current building-footprint polygon",
        "linkage_semantics": "Overlap/proximity only; not evidence that the building hosts AI compute."
      }
    },
    {
      "type": "Feature",
      "id": "7fb4cbd7-c456-4d8e-a34d-99610259c61b",
      "geometry": {
        "type": "Polygon",
        "coordinates": [
          [
            [
              -96.6422379,
              40.9185587
            ],
            [
              -96.6422793,
              40.9185579
            ],
            [
              -96.6422818,
              40.9186236
            ],
            [
              -96.6423997,
              40.9186212
            ],
            [
              -96.642397,
              40.9185493
            ],
            [
              -96.6423556,
              40.9185502
            ],
            [
              -96.6423525,
              40.9184651
            ],
            [
              -96.6423793,
              40.9184646
            ],
            [
              -96.6423746,
              40.918337
            ],
            [
              -96.6422338,
              40.9183399
            ],
            [
              -96.6422367,
              40.9184199
            ],
            [
              -96.6421536,
              40.9184216
            ],
            [
              -96.642156,
              40.9184855
            ],
            [
              -96.6422351,
              40.9184838
            ],
            [
              -96.6422379,
              40.9185587
            ]
          ]
        ]
      },
      "properties": {
        "epoch_id": "EPOCH-e06bc7faa8b1b187",
        "site_name": "Google Lincoln",
        "distance_to_site_km": 1.2578,
        "footprint_area_m2_webmercator": 688.77,
        "source_dataset": "Overture Maps buildings",
        "source_url": "https://docs.overturemaps.org/getting-data/",
        "source_release": "2026-09-23.1",
        "source_accessed_on": "2026-09-28",
        "geometry_role": "current building-footprint polygon",
        "linkage_semantics": "Overlap/proximity only; not evidence that the building hosts AI compute."
      }
    },
    {
      "type": "Feature",
      "id": "202a2f92-6734-4fa1-b15c-fb780e680162",
      "geometry": {
        "type": "Polygon",
        "coordinates": [
          [
            [
              -96.642405,
              40.9188919
            ],
            [
              -96.6422522,
              40.9188934
            ],
            [
              -96.6422536,
              40.9189785
            ],
            [
              -96.6424065,
              40.918977
            ],
            [
              -96.642405,
              40.9188919
            ]
          ]
        ]
      },
      "properties": {
        "epoch_id": "EPOCH-e06bc7faa8b1b187",
        "site_name": "Google Lincoln",
        "distance_to_site_km": 1.3073,
        "footprint_area_m2_webmercator": 213.35,
        "source_dataset": "Overture Maps buildings",
        "source_url": "https://docs.overturemaps.org/getting-data/",
        "source_release": "2026-09-23.1",
        "source_accessed_on": "2026-09-28",
        "geometry_role": "current building-footprint polygon",
        "linkage_semantics": "Overlap/proximity only; not evidence that the building hosts AI compute."
      }
    },
    {
      "type": "Feature",
      "id": "cce40071-1300-44b3-ad6f-8f2538471193",
      "geometry": {
        "type": "Polygon",
        "coordinates": [
          [
            [
              -96.641622,
              40.915848
            ],
            [
              -96.641622,
              40.91571
            ],
            [
              -96.641404,
              40.91571
            ],
            [
              -96.641404,
              40.915848
            ],
            [
              -96.641622,
              40.915848
            ]
          ]
        ]
      },
      "properties": {
        "epoch_id": "EPOCH-e06bc7faa8b1b187",
        "site_name": "Google Lincoln",
        "distance_to_site_km": 0.9909,
        "footprint_area_m2_webmercator": 493.34,
        "source_dataset": "Overture Maps buildings",
        "source_url": "https://docs.overturemaps.org/getting-data/",
        "source_release": "2026-09-23.1",
        "source_accessed_on": "2026-09-28",
        "geometry_role": "current building-footprint polygon",
        "linkage_semantics": "Overlap/proximity only; not evidence that the building hosts AI compute."
      }
    },
    {
      "type": "Feature",
      "id": "910d9a17-778d-4dce-a9ab-9ba36918fb3d",
      "geometry": {
        "type": "Polygon",
        "coordinates": [
          [
            [
              -96.6410624,
              40.9034386
            ],
            [
              -96.6412083,
              40.9035156
            ],
            [
              -96.6412465,
              40.9034742
            ],
            [
              -96.6413096,
              40.9035075
            ],
            [
              -96.6413739,
              40.9034379
            ],
            [
              -96.6411648,
              40.9033277
            ],
            [
              -96.6410624,
              40.9034386
            ]
          ]
        ]
      },
      "properties": {
        "epoch_id": "EPOCH-e06bc7faa8b1b187",
        "site_name": "Google Lincoln",
        "distance_to_site_km": 0.5913,
        "footprint_area_m2_webmercator": 501.76,
        "source_dataset": "Overture Maps buildings",
        "source_url": "https://docs.overturemaps.org/getting-data/",
        "source_release": "2026-09-23.1",
        "source_accessed_on": "2026-09-28",
        "geometry_role": "current building-footprint polygon",
        "linkage_semantics": "Overlap/proximity only; not evidence that the building hosts AI compute."
      }
    },
    {
      "type": "Feature",
      "id": "3649094c-3002-4e68-8245-0135ef3afd2b",
      "geometry": {
        "type": "Polygon",
        "coordinates": [
          [
            [
              -96.6411078,
              40.9031266
            ],
            [
              -96.6410625,
              40.9030882
            ],
            [
              -96.6410087,
              40.9031245
            ],
            [
              -96.641054,
              40.9031628
            ],
            [
              -96.6411078,
              40.9031266
            ]
          ]
        ]
      },
      "properties": {
        "epoch_id": "EPOCH-e06bc7faa8b1b187",
        "site_name": "Google Lincoln",
        "distance_to_site_km": 0.6255,
        "footprint_area_m2_webmercator": 60.75,
        "source_dataset": "Overture Maps buildings",
        "source_url": "https://docs.overturemaps.org/getting-data/",
        "source_release": "2026-09-23.1",
        "source_accessed_on": "2026-09-28",
        "geometry_role": "current building-footprint polygon",
        "linkage_semantics": "Overlap/proximity only; not evidence that the building hosts AI compute."
      }
    },
    {
      "type": "Feature",
      "id": "48f45170-8942-4d57-8a84-1c4f91578617",
      "geometry": {
        "type": "Polygon",
        "coordinates": [
          [
            [
              -96.6407761,
              40.8954004
            ],
            [
              -96.6410369,
              40.895401
            ],
            [
              -96.6410384,
              40.8949863
            ],
            [
              -96.6407777,
              40.8949858
            ],
            [
              -96.6407761,
              40.8954004
            ]
          ]
        ]
      },
      "properties": {
        "epoch_id": "EPOCH-e06bc7faa8b1b187",
        "site_name": "Google Lincoln",
        "distance_to_site_km": 1.4255,
        "footprint_area_m2_webmercator": 1772.49,
        "source_dataset": "Overture Maps buildings",
        "source_url": "https://docs.overturemaps.org/getting-data/",
        "source_release": "2026-09-23.1",
        "source_accessed_on": "2026-09-28",
        "geometry_role": "current building-footprint polygon",
        "linkage_semantics": "Overlap/proximity only; not evidence that the building hosts AI compute."
      }
    },
    {
      "type": "Feature",
      "id": "3aa202a5-ec53-47a5-902b-339a0cc0ba39",
      "geometry": {
        "type": "Polygon",
        "coordinates": [
          [
            [
              -96.641271,
              40.8952502
            ],
            [
              -96.6414435,
              40.895123
            ],
            [
              -96.6413386,
              40.8950418
            ],
            [
              -96.6411661,
              40.895169
            ],
            [
              -96.641271,
              40.8952502
            ]
          ]
        ]
      },
      "properties": {
        "epoch_id": "EPOCH-e06bc7faa8b1b187",
        "site_name": "Google Lincoln",
        "distance_to_site_km": 1.4213,
        "footprint_area_m2_webmercator": 448.37,
        "source_dataset": "Overture Maps buildings",
        "source_url": "https://docs.overturemaps.org/getting-data/",
        "source_release": "2026-09-23.1",
        "source_accessed_on": "2026-09-28",
        "geometry_role": "current building-footprint polygon",
        "linkage_semantics": "Overlap/proximity only; not evidence that the building hosts AI compute."
      }
    },
    {
      "type": "Feature",
      "id": "91ce3a40-9455-4f8b-ad30-86501d55d9ef",
      "geometry": {
        "type": "Polygon",
        "coordinates": [
          [
            [
              -96.641183,
              40.8935139
            ],
            [
              -96.641182,
              40.8935666
            ],
            [
              -96.6413469,
              40.8935683
            ],
            [
              -96.6413478,
              40.8935156
            ],
            [
              -96.641183,
              40.8935139
            ]
          ]
        ]
      },
      "properties": {
        "epoch_id": "EPOCH-e06bc7faa8b1b187",
        "site_name": "Google Lincoln",
        "distance_to_site_km": 1.5949,
        "footprint_area_m2_webmercator": 142.44,
        "source_dataset": "Overture Maps buildings",
        "source_url": "https://docs.overturemaps.org/getting-data/",
        "source_release": "2026-09-23.1",
        "source_accessed_on": "2026-09-28",
        "geometry_role": "current building-footprint polygon",
        "linkage_semantics": "Overlap/proximity only; not evidence that the building hosts AI compute."
      }
    },
    {
      "type": "Feature",
      "id": "73ec7b69-69e7-40c7-a976-7e076c46e904",
      "geometry": {
        "type": "Polygon",
        "coordinates": [
          [
            [
              -96.6410422,
              40.8942061
            ],
            [
              -96.6410527,
              40.893308
            ],
            [
              -96.64066,
              40.8933053
            ],
            [
              -96.6406584,
              40.8934443
            ],
            [
              -96.6407569,
              40.893445
            ],
            [
              -96.6407517,
              40.8938901
            ],
            [
              -96.6405525,
              40.8938888
            ],
            [
              -96.6405488,
              40.8942029
            ],
            [
              -96.6410422,
              40.8942061
            ]
          ]
        ]
      },
      "properties": {
        "epoch_id": "EPOCH-e06bc7faa8b1b187",
        "site_name": "Google Lincoln",
        "distance_to_site_km": 1.5765,
        "footprint_area_m2_webmercator": 5582.0,
        "source_dataset": "Overture Maps buildings",
        "source_url": "https://docs.overturemaps.org/getting-data/",
        "source_release": "2026-09-23.1",
        "source_accessed_on": "2026-09-28",
        "geometry_role": "current building-footprint polygon",
        "linkage_semantics": "Overlap/proximity only; not evidence that the building hosts AI compute."
      }
    },
    {
      "type": "Feature",
      "id": "895825c4-ba50-49ca-9850-cb23ea6cece3",
      "geometry": {
        "type": "Polygon",
        "coordinates": [
          [
            [
              -96.640753,
              40.8925046
            ],
            [
              -96.6412327,
              40.8925071
            ],
            [
              -96.641234,
              40.8923655
            ],
            [
              -96.6407543,
              40.892363
            ],
            [
              -96.640753,
              40.8925046
            ]
          ]
        ]
      },
      "properties": {
        "epoch_id": "EPOCH-e06bc7faa8b1b187",
        "site_name": "Google Lincoln",
        "distance_to_site_km": 1.7198,
        "footprint_area_m2_webmercator": 1113.55,
        "source_dataset": "Overture Maps buildings",
        "source_url": "https://docs.overturemaps.org/getting-data/",
        "source_release": "2026-09-23.1",
        "source_accessed_on": "2026-09-28",
        "geometry_role": "current building-footprint polygon",
        "linkage_semantics": "Overlap/proximity only; not evidence that the building hosts AI compute."
      }
    },
    {
      "type": "Feature",
      "id": "0bd6964a-7f6b-4b3c-91bb-0a897e06a828",
      "geometry": {
        "type": "Polygon",
        "coordinates": [
          [
            [
              -96.6420619,
              40.8926238
            ],
            [
              -96.6425182,
              40.8926238
            ],
            [
              -96.6425225,
              40.8917137
            ],
            [
              -96.6420533,
              40.8917169
            ],
            [
              -96.6420383,
              40.8922206
            ],
            [
              -96.6420662,
              40.8922206
            ],
            [
              -96.6420619,
              40.8926238
            ]
          ]
        ]
      },
      "properties": {
        "epoch_id": "EPOCH-e06bc7faa8b1b187",
        "site_name": "Google Lincoln",
        "distance_to_site_km": 1.7272,
        "footprint_area_m2_webmercator": 6946.53,
        "source_dataset": "Overture Maps buildings",
        "source_url": "https://docs.overturemaps.org/getting-data/",
        "source_release": "2026-09-23.1",
        "source_accessed_on": "2026-09-28",
        "geometry_role": "current building-footprint polygon",
        "linkage_semantics": "Overlap/proximity only; not evidence that the building hosts AI compute."
      }
    },
    {
      "type": "Feature",
      "id": "692c7c01-8f48-43c2-91d8-7f8bd90b2c37",
      "geometry": {
        "type": "Polygon",
        "coordinates": [
          [
            [
              -96.6426323,
              40.8933012
            ],
            [
              -96.6426317,
              40.8932262
            ],
            [
              -96.6425628,
              40.8932265
            ],
            [
              -96.6425634,
              40.8933099
            ],
            [
              -96.6425839,
              40.8933098
            ],
            [
              -96.6425845,
              40.8933777
            ],
            [
              -96.6426541,
              40.8933774
            ],
            [
              -96.6426535,
              40.8933011
            ],
            [
              -96.6426323,
              40.8933012
            ]
          ]
        ]
      },
      "properties": {
        "epoch_id": "EPOCH-e06bc7faa8b1b187",
        "site_name": "Google Lincoln",
        "distance_to_site_km": 1.5981,
        "footprint_area_m2_webmercator": 174.67,
        "source_dataset": "Overture Maps buildings",
        "source_url": "https://docs.overturemaps.org/getting-data/",
        "source_release": "2026-09-23.1",
        "source_accessed_on": "2026-09-28",
        "geometry_role": "current building-footprint polygon",
        "linkage_semantics": "Overlap/proximity only; not evidence that the building hosts AI compute."
      }
    },
    {
      "type": "Feature",
      "id": "b18e620e-4062-44df-9122-134206714d36",
      "geometry": {
        "type": "Polygon",
        "coordinates": [
          [
            [
              -96.6423507,
              40.8934004
            ],
            [
              -96.6424982,
              40.8934004
            ],
            [
              -96.6424982,
              40.8932626
            ],
            [
              -96.6423508,
              40.8932625
            ],
            [
              -96.6423507,
              40.8934004
            ]
          ]
        ]
      },
      "properties": {
        "epoch_id": "EPOCH-e06bc7faa8b1b187",
        "site_name": "Google Lincoln",
        "distance_to_site_km": 1.5975,
        "footprint_area_m2_webmercator": 333.21,
        "source_dataset": "Overture Maps buildings",
        "source_url": "https://docs.overturemaps.org/getting-data/",
        "source_release": "2026-09-23.1",
        "source_accessed_on": "2026-09-28",
        "geometry_role": "current building-footprint polygon",
        "linkage_semantics": "Overlap/proximity only; not evidence that the building hosts AI compute."
      }
    },
    {
      "type": "Feature",
      "id": "1ca3fa28-c627-4b7c-97c2-4b99ef1c362c",
      "geometry": {
        "type": "Polygon",
        "coordinates": [
          [
            [
              -96.6444427,
              40.8933916
            ],
            [
              -96.6444438,
              40.8932696
            ],
            [
              -96.6443228,
              40.893269
            ],
            [
              -96.6443213,
              40.8934503
            ],
            [
              -96.6444424,
              40.8934509
            ],
            [
              -96.6444425,
              40.8934405
            ],
            [
              -96.6444684,
              40.8934406
            ],
            [
              -96.6444688,
              40.8933917
            ],
            [
              -96.6444427,
              40.8933916
            ]
          ]
        ]
      },
      "properties": {
        "epoch_id": "EPOCH-e06bc7faa8b1b187",
        "site_name": "Google Lincoln",
        "distance_to_site_km": 1.5732,
        "footprint_area_m2_webmercator": 380.41,
        "source_dataset": "Overture Maps buildings",
        "source_url": "https://docs.overturemaps.org/getting-data/",
        "source_release": "2026-09-23.1",
        "source_accessed_on": "2026-09-28",
        "geometry_role": "current building-footprint polygon",
        "linkage_semantics": "Overlap/proximity only; not evidence that the building hosts AI compute."
      }
    },
    {
      "type": "Feature",
      "id": "c20d976a-4c19-4c65-8225-5be3b346b29b",
      "geometry": {
        "type": "Polygon",
        "coordinates": [
          [
            [
              -96.6442945,
              40.893451
            ],
            [
              -96.6442969,
              40.8933561
            ],
            [
              -96.6441244,
              40.8933536
            ],
            [
              -96.644122,
              40.8934485
            ],
            [
              -96.6442945,
              40.893451
            ]
          ]
        ]
      },
      "properties": {
        "epoch_id": "EPOCH-e06bc7faa8b1b187",
        "site_name": "Google Lincoln",
        "distance_to_site_km": 1.5701,
        "footprint_area_m2_webmercator": 268.46,
        "source_dataset": "Overture Maps buildings",
        "source_url": "https://docs.overturemaps.org/getting-data/",
        "source_release": "2026-09-23.1",
        "source_accessed_on": "2026-09-28",
        "geometry_role": "current building-footprint polygon",
        "linkage_semantics": "Overlap/proximity only; not evidence that the building hosts AI compute."
      }
    },
    {
      "type": "Feature",
      "id": "263e897c-673d-4c1d-bedd-45a67ef1a333",
      "geometry": {
        "type": "Polygon",
        "coordinates": [
          [
            [
              -96.6441056,
              40.8918719
            ],
            [
              -96.6443973,
              40.8918768
            ],
            [
              -96.6443995,
              40.8917024
            ],
            [
              -96.6441121,
              40.8917024
            ],
            [
              -96.6441056,
              40.8918719
            ]
          ]
        ]
      },
      "properties": {
        "epoch_id": "EPOCH-e06bc7faa8b1b187",
        "site_name": "Google Lincoln",
        "distance_to_site_km": 1.7486,
        "footprint_area_m2_webmercator": 816.34,
        "source_dataset": "Overture Maps buildings",
        "source_url": "https://docs.overturemaps.org/getting-data/",
        "source_release": "2026-09-23.1",
        "source_accessed_on": "2026-09-28",
        "geometry_role": "current building-footprint polygon",
        "linkage_semantics": "Overlap/proximity only; not evidence that the building hosts AI compute."
      }
    },
    {
      "type": "Feature",
      "id": "1a71ae10-23b3-46b6-bd84-46784e3b74f2",
      "geometry": {
        "type": "Polygon",
        "coordinates": [
          [
            [
              -96.6440948,
              40.8924265
            ],
            [
              -96.6449067,
              40.8924302
            ],
            [
              -96.6449178,
              40.89215
            ],
            [
              -96.6444627,
              40.8921468
            ],
            [
              -96.6444627,
              40.8920661
            ],
            [
              -96.6440948,
              40.8920661
            ],
            [
              -96.6440948,
              40.8924265
            ]
          ]
        ]
      },
      "properties": {
        "epoch_id": "EPOCH-e06bc7faa8b1b187",
        "site_name": "Google Lincoln",
        "distance_to_site_km": 1.6943,
        "footprint_area_m2_webmercator": 4248.08,
        "source_dataset": "Overture Maps buildings",
        "source_url": "https://docs.overturemaps.org/getting-data/",
        "source_release": "2026-09-23.1",
        "source_accessed_on": "2026-09-28",
        "geometry_role": "current building-footprint polygon",
        "linkage_semantics": "Overlap/proximity only; not evidence that the building hosts AI compute."
      }
    },
    {
      "type": "Feature",
      "id": "33cc9793-d579-498d-8293-789b1b06e332",
      "geometry": {
        "type": "Polygon",
        "coordinates": [
          [
            [
              -96.643082,
              40.8897621
            ],
            [
              -96.6430815,
              40.8896171
            ],
            [
              -96.6429224,
              40.8896174
            ],
            [
              -96.6429229,
              40.8897625
            ],
            [
              -96.643082,
              40.8897621
            ]
          ]
        ]
      },
      "properties": {
        "epoch_id": "EPOCH-e06bc7faa8b1b187",
        "site_name": "Google Lincoln",
        "distance_to_site_km": 1.9911,
        "footprint_area_m2_webmercator": 378.29,
        "source_dataset": "Overture Maps buildings",
        "source_url": "https://docs.overturemaps.org/getting-data/",
        "source_release": "2026-09-23.1",
        "source_accessed_on": "2026-09-28",
        "geometry_role": "current building-footprint polygon",
        "linkage_semantics": "Overlap/proximity only; not evidence that the building hosts AI compute."
      }
    },
    {
      "type": "Feature",
      "id": "1a0bb790-d812-4e13-bf02-3c082ac7c6d2",
      "geometry": {
        "type": "Polygon",
        "coordinates": [
          [
            [
              -96.642678,
              40.8896168
            ],
            [
              -96.6425641,
              40.8896163
            ],
            [
              -96.6425629,
              40.8897613
            ],
            [
              -96.6426768,
              40.8897618
            ],
            [
              -96.642678,
              40.8896168
            ]
          ]
        ]
      },
      "properties": {
        "epoch_id": "EPOCH-e06bc7faa8b1b187",
        "site_name": "Google Lincoln",
        "distance_to_site_km": 1.9952,
        "footprint_area_m2_webmercator": 270.74,
        "source_dataset": "Overture Maps buildings",
        "source_url": "https://docs.overturemaps.org/getting-data/",
        "source_release": "2026-09-23.1",
        "source_accessed_on": "2026-09-28",
        "geometry_role": "current building-footprint polygon",
        "linkage_semantics": "Overlap/proximity only; not evidence that the building hosts AI compute."
      }
    },
    {
      "type": "Feature",
      "id": "4105d86e-b2b5-405b-b79e-0755d1ab000c",
      "geometry": {
        "type": "Polygon",
        "coordinates": [
          [
            [
              -96.6419174,
              40.8881652
            ],
            [
              -96.6426061,
              40.8881657
            ],
            [
              -96.6426066,
              40.8877357
            ],
            [
              -96.6423137,
              40.8877355
            ],
            [
              -96.6423139,
              40.8875443
            ],
            [
              -96.6426062,
              40.8875445
            ],
            [
              -96.6426063,
              40.8874319
            ],
            [
              -96.6426066,
              40.8871602
            ],
            [
              -96.6417257,
              40.8871598
            ],
            [
              -96.6417256,
              40.887269
            ],
            [
              -96.6415849,
              40.8872689
            ],
            [
              -96.6415847,
              40.8875065
            ],
            [
              -96.6417188,
              40.8875066
            ],
            [
              -96.6417186,
              40.887734
            ],
            [
              -96.6419179,
              40.8877342
            ],
            [
              -96.6419174,
              40.8881652
            ]
          ]
        ]
      },
      "properties": {
        "epoch_id": "EPOCH-e06bc7faa8b1b187",
        "site_name": "Google Lincoln",
        "distance_to_site_km": 2.2281,
        "footprint_area_m2_webmercator": 12815.16,
        "source_dataset": "Overture Maps buildings",
        "source_url": "https://docs.overturemaps.org/getting-data/",
        "source_release": "2026-09-23.1",
        "source_accessed_on": "2026-09-28",
        "geometry_role": "current building-footprint polygon",
        "linkage_semantics": "Overlap/proximity only; not evidence that the building hosts AI compute."
      }
    },
    {
      "type": "Feature",
      "id": "61b7d1d5-375f-41fd-84d0-efa72f72de7a",
      "geometry": {
        "type": "Polygon",
        "coordinates": [
          [
            [
              -96.6419117,
              40.8904199
            ],
            [
              -96.6419156,
              40.8902938
            ],
            [
              -96.6416444,
              40.8902891
            ],
            [
              -96.6416414,
              40.8903865
            ],
            [
              -96.6418055,
              40.8903894
            ],
            [
              -96.6418046,
              40.890418
            ],
            [
              -96.6419117,
              40.8904199
            ]
          ]
        ]
      },
      "properties": {
        "epoch_id": "EPOCH-e06bc7faa8b1b187",
        "site_name": "Google Lincoln",
        "distance_to_site_km": 1.9336,
        "footprint_area_m2_webmercator": 483.67,
        "source_dataset": "Overture Maps buildings",
        "source_url": "https://docs.overturemaps.org/getting-data/",
        "source_release": "2026-09-23.1",
        "source_accessed_on": "2026-09-28",
        "geometry_role": "current building-footprint polygon",
        "linkage_semantics": "Overlap/proximity only; not evidence that the building hosts AI compute."
      }
    },
    {
      "type": "Feature",
      "id": "1c6ce1fa-f618-47de-bd80-e580516d8ece",
      "geometry": {
        "type": "Polygon",
        "coordinates": [
          [
            [
              -96.6412948,
              40.8890942
            ],
            [
              -96.6426053,
              40.8891045
            ],
            [
              -96.6426049,
              40.8886135
            ],
            [
              -96.6423153,
              40.8886112
            ],
            [
              -96.6423115,
              40.8888798
            ],
            [
              -96.6420245,
              40.8888782
            ],
            [
              -96.6420251,
              40.8888236
            ],
            [
              -96.6412966,
              40.8888207
            ],
            [
              -96.6412948,
              40.8890942
            ]
          ]
        ]
      },
      "properties": {
        "epoch_id": "EPOCH-e06bc7faa8b1b187",
        "site_name": "Google Lincoln",
        "distance_to_site_km": 2.086,
        "footprint_area_m2_webmercator": 6684.05,
        "source_dataset": "Overture Maps buildings",
        "source_url": "https://docs.overturemaps.org/getting-data/",
        "source_release": "2026-09-23.1",
        "source_accessed_on": "2026-09-28",
        "geometry_role": "current building-footprint polygon",
        "linkage_semantics": "Overlap/proximity only; not evidence that the building hosts AI compute."
      }
    },
    {
      "type": "Feature",
      "id": "3885315d-3c6a-4a52-ad26-19b91377f47d",
      "geometry": {
        "type": "Polygon",
        "coordinates": [
          [
            [
              -96.6385143,
              40.8905454
            ],
            [
              -96.6388737,
              40.8905423
            ],
            [
              -96.6388703,
              40.8903173
            ],
            [
              -96.6385109,
              40.8903204
            ],
            [
              -96.6385143,
              40.8905454
            ]
          ]
        ]
      },
      "properties": {
        "epoch_id": "EPOCH-e06bc7faa8b1b187",
        "site_name": "Google Lincoln",
        "distance_to_site_km": 1.9864,
        "footprint_area_m2_webmercator": 1325.74,
        "source_dataset": "Overture Maps buildings",
        "source_url": "https://docs.overturemaps.org/getting-data/",
        "source_release": "2026-09-23.1",
        "source_accessed_on": "2026-09-28",
        "geometry_role": "current building-footprint polygon",
        "linkage_semantics": "Overlap/proximity only; not evidence that the building hosts AI compute."
      }
    },
    {
      "type": "Feature",
      "id": "e14aa403-4131-4c72-8e2d-6528fbb9db95",
      "geometry": {
        "type": "Polygon",
        "coordinates": [
          [
            [
              -96.6381038,
              40.8875511
            ],
            [
              -96.6381063,
              40.887157
            ],
            [
              -96.6378439,
              40.887156
            ],
            [
              -96.6378413,
              40.8875501
            ],
            [
              -96.6381038,
              40.8875511
            ]
          ]
        ]
      },
      "properties": {
        "epoch_id": "EPOCH-e06bc7faa8b1b187",
        "site_name": "Google Lincoln",
        "distance_to_site_km": 2.3314,
        "footprint_area_m2_webmercator": 1695.45,
        "source_dataset": "Overture Maps buildings",
        "source_url": "https://docs.overturemaps.org/getting-data/",
        "source_release": "2026-09-23.1",
        "source_accessed_on": "2026-09-28",
        "geometry_role": "current building-footprint polygon",
        "linkage_semantics": "Overlap/proximity only; not evidence that the building hosts AI compute."
      }
    },
    {
      "type": "Feature",
      "id": "e5b67782-7e9a-4d70-8b32-810923768bb4",
      "geometry": {
        "type": "Polygon",
        "coordinates": [
          [
            [
              -96.6359585,
              40.8874921
            ],
            [
              -96.6362025,
              40.8874951
            ],
            [
              -96.6362044,
              40.8874059
            ],
            [
              -96.6359604,
              40.8874029
            ],
            [
              -96.6359585,
              40.8874921
            ]
          ]
        ]
      },
      "properties": {
        "epoch_id": "EPOCH-e06bc7faa8b1b187",
        "site_name": "Google Lincoln",
        "distance_to_site_km": 2.3711,
        "footprint_area_m2_webmercator": 356.85,
        "source_dataset": "Overture Maps buildings",
        "source_url": "https://docs.overturemaps.org/getting-data/",
        "source_release": "2026-09-23.1",
        "source_accessed_on": "2026-09-28",
        "geometry_role": "current building-footprint polygon",
        "linkage_semantics": "Overlap/proximity only; not evidence that the building hosts AI compute."
      }
    },
    {
      "type": "Feature",
      "id": "f0c17c01-31e8-4016-919d-d0f0f5d926e9",
      "geometry": {
        "type": "Polygon",
        "coordinates": [
          [
            [
              -96.6366289,
              40.8877129
            ],
            [
              -96.6369915,
              40.8877119
            ],
            [
              -96.6369964,
              40.8872777
            ],
            [
              -96.6367768,
              40.8872807
            ],
            [
              -96.6367746,
              40.8875163
            ],
            [
              -96.6366298,
              40.8875173
            ],
            [
              -96.6366289,
              40.8877129
            ]
          ]
        ]
      },
      "properties": {
        "epoch_id": "EPOCH-e06bc7faa8b1b187",
        "site_name": "Google Lincoln",
        "distance_to_site_km": 2.3421,
        "footprint_area_m2_webmercator": 2018.89,
        "source_dataset": "Overture Maps buildings",
        "source_url": "https://docs.overturemaps.org/getting-data/",
        "source_release": "2026-09-23.1",
        "source_accessed_on": "2026-09-28",
        "geometry_role": "current building-footprint polygon",
        "linkage_semantics": "Overlap/proximity only; not evidence that the building hosts AI compute."
      }
    },
    {
      "type": "Feature",
      "id": "262b1bc0-abb2-4089-94d3-6ee3d1f46de1",
      "geometry": {
        "type": "Polygon",
        "coordinates": [
          [
            [
              -96.6369471,
              40.8953145
            ],
            [
              -96.6372371,
              40.8953153
            ],
            [
              -96.6372383,
              40.8950689
            ],
            [
              -96.6369483,
              40.8950681
            ],
            [
              -96.6369471,
              40.8953145
            ]
          ]
        ]
      },
      "properties": {
        "epoch_id": "EPOCH-e06bc7faa8b1b187",
        "site_name": "Google Lincoln",
        "distance_to_site_km": 1.5486,
        "footprint_area_m2_webmercator": 1171.43,
        "source_dataset": "Overture Maps buildings",
        "source_url": "https://docs.overturemaps.org/getting-data/",
        "source_release": "2026-09-23.1",
        "source_accessed_on": "2026-09-28",
        "geometry_role": "current building-footprint polygon",
        "linkage_semantics": "Overlap/proximity only; not evidence that the building hosts AI compute."
      }
    },
    {
      "type": "Feature",
      "id": "90d7a74e-466a-461d-8010-8230f22c2ee5",
      "geometry": {
        "type": "Polygon",
        "coordinates": [
          [
            [
              -96.6366608,
              40.894016
            ],
            [
              -96.6371188,
              40.8940181
            ],
            [
              -96.6371226,
              40.8935252
            ],
            [
              -96.6363448,
              40.8935217
            ],
            [
              -96.6363438,
              40.8936513
            ],
            [
              -96.6366637,
              40.8936527
            ],
            [
              -96.6366608,
              40.894016
            ]
          ]
        ]
      },
      "properties": {
        "epoch_id": "EPOCH-e06bc7faa8b1b187",
        "site_name": "Google Lincoln",
        "distance_to_site_km": 1.702,
        "footprint_area_m2_webmercator": 4379.78,
        "source_dataset": "Overture Maps buildings",
        "source_url": "https://docs.overturemaps.org/getting-data/",
        "source_release": "2026-09-23.1",
        "source_accessed_on": "2026-09-28",
        "geometry_role": "current building-footprint polygon",
        "linkage_semantics": "Overlap/proximity only; not evidence that the building hosts AI compute."
      }
    },
    {
      "type": "Feature",
      "id": "2c2822fc-2a51-4bc1-9bcf-aa0059d253d1",
      "geometry": {
        "type": "Polygon",
        "coordinates": [
          [
            [
              -96.6365105,
              40.8953114
            ],
            [
              -96.6368737,
              40.8953121
            ],
            [
              -96.6368744,
              40.8950649
            ],
            [
              -96.6365113,
              40.8950642
            ],
            [
              -96.6365105,
              40.8953114
            ]
          ]
        ]
      },
      "properties": {
        "epoch_id": "EPOCH-e06bc7faa8b1b187",
        "site_name": "Google Lincoln",
        "distance_to_site_km": 1.5651,
        "footprint_area_m2_webmercator": 1471.67,
        "source_dataset": "Overture Maps buildings",
        "source_url": "https://docs.overturemaps.org/getting-data/",
        "source_release": "2026-09-23.1",
        "source_accessed_on": "2026-09-28",
        "geometry_role": "current building-footprint polygon",
        "linkage_semantics": "Overlap/proximity only; not evidence that the building hosts AI compute."
      }
    },
    {
      "type": "Feature",
      "id": "48fbb77b-8f51-490a-8114-546dd1b7a02b",
      "geometry": {
        "type": "Polygon",
        "coordinates": [
          [
            [
              -96.6363108,
              40.89532
            ],
            [
              -96.6361864,
              40.8953228
            ],
            [
              -96.6361878,
              40.8953592
            ],
            [
              -96.6363122,
              40.8953565
            ],
            [
              -96.6363108,
              40.89532
            ]
          ]
        ]
      },
      "properties": {
        "epoch_id": "EPOCH-e06bc7faa8b1b187",
        "site_name": "Google Lincoln",
        "distance_to_site_km": 1.5691,
        "footprint_area_m2_webmercator": 74.4,
        "source_dataset": "Overture Maps buildings",
        "source_url": "https://docs.overturemaps.org/getting-data/",
        "source_release": "2026-09-23.1",
        "source_accessed_on": "2026-09-28",
        "geometry_role": "current building-footprint polygon",
        "linkage_semantics": "Overlap/proximity only; not evidence that the building hosts AI compute."
      }
    },
    {
      "type": "Feature",
      "id": "412ba4b6-e030-4b98-8f35-c8cdc2b4053d",
      "geometry": {
        "type": "Polygon",
        "coordinates": [
          [
            [
              -96.6364917,
              40.8908819
            ],
            [
              -96.6369124,
              40.8908812
            ],
            [
              -96.6369123,
              40.8908597
            ],
            [
              -96.6370351,
              40.8908595
            ],
            [
              -96.6370346,
              40.8906851
            ],
            [
              -96.63692,
              40.8906853
            ],
            [
              -96.6369199,
              40.8906578
            ],
            [
              -96.636491,
              40.8906585
            ],
            [
              -96.6364917,
              40.8908819
            ]
          ]
        ]
      },
      "properties": {
        "epoch_id": "EPOCH-e06bc7faa8b1b187",
        "site_name": "Google Lincoln",
        "distance_to_site_km": 2.0063,
        "footprint_area_m2_webmercator": 1895.32,
        "source_dataset": "Overture Maps buildings",
        "source_url": "https://docs.overturemaps.org/getting-data/",
        "source_release": "2026-09-23.1",
        "source_accessed_on": "2026-09-28",
        "geometry_role": "current building-footprint polygon",
        "linkage_semantics": "Overlap/proximity only; not evidence that the building hosts AI compute."
      }
    },
    {
      "type": "Feature",
      "id": "2363e450-579e-4d5e-b206-54f8137d9fd2",
      "geometry": {
        "type": "Polygon",
        "coordinates": [
          [
            [
              -96.6346667,
              40.8939427
            ],
            [
              -96.6349623,
              40.8939446
            ],
            [
              -96.6349672,
              40.8934892
            ],
            [
              -96.6350029,
              40.8934633
            ],
            [
              -96.6349592,
              40.8934289
            ],
            [
              -96.6349216,
              40.8934561
            ],
            [
              -96.6346721,
              40.8934545
            ],
            [
              -96.6346667,
              40.8939427
            ]
          ]
        ]
      },
      "properties": {
        "epoch_id": "EPOCH-e06bc7faa8b1b187",
        "site_name": "Google Lincoln",
        "distance_to_site_km": 1.7876,
        "footprint_area_m2_webmercator": 2392.68,
        "source_dataset": "Overture Maps buildings",
        "source_url": "https://docs.overturemaps.org/getting-data/",
        "source_release": "2026-09-23.1",
        "source_accessed_on": "2026-09-28",
        "geometry_role": "current building-footprint polygon",
        "linkage_semantics": "Overlap/proximity only; not evidence that the building hosts AI compute."
      }
    },
    {
      "type": "Feature",
      "id": "29c04ed1-e895-4ae2-a0c5-ea1a6b7008d3",
      "geometry": {
        "type": "Polygon",
        "coordinates": [
          [
            [
              -96.6350599,
              40.895995
            ],
            [
              -96.6352773,
              40.8959943
            ],
            [
              -96.6352757,
              40.8957358
            ],
            [
              -96.6350373,
              40.8957366
            ],
            [
              -96.635035,
              40.8953653
            ],
            [
              -96.6345314,
              40.8953671
            ],
            [
              -96.6345352,
              40.8959965
            ],
            [
              -96.6346715,
              40.895996
            ],
            [
              -96.6346719,
              40.8960613
            ],
            [
              -96.6350603,
              40.8960599
            ],
            [
              -96.6350599,
              40.895995
            ]
          ]
        ]
      },
      "properties": {
        "epoch_id": "EPOCH-e06bc7faa8b1b187",
        "site_name": "Google Lincoln",
        "distance_to_site_km": 1.5967,
        "footprint_area_m2_webmercator": 6622.63,
        "source_dataset": "Overture Maps buildings",
        "source_url": "https://docs.overturemaps.org/getting-data/",
        "source_release": "2026-09-23.1",
        "source_accessed_on": "2026-09-28",
        "geometry_role": "current building-footprint polygon",
        "linkage_semantics": "Overlap/proximity only; not evidence that the building hosts AI compute."
      }
    },
    {
      "type": "Feature",
      "id": "c97edc2c-0345-4c71-a144-76d7c555363a",
      "geometry": {
        "type": "Polygon",
        "coordinates": [
          [
            [
              -96.639194,
              40.8951211
            ],
            [
              -96.6390481,
              40.89512
            ],
            [
              -96.6390406,
              40.8956683
            ],
            [
              -96.6391865,
              40.8956694
            ],
            [
              -96.639194,
              40.8951211
            ]
          ]
        ]
      },
      "properties": {
        "epoch_id": "EPOCH-e06bc7faa8b1b187",
        "site_name": "Google Lincoln",
        "distance_to_site_km": 1.4551,
        "footprint_area_m2_webmercator": 1311.57,
        "source_dataset": "Overture Maps buildings",
        "source_url": "https://docs.overturemaps.org/getting-data/",
        "source_release": "2026-09-23.1",
        "source_accessed_on": "2026-09-28",
        "geometry_role": "current building-footprint polygon",
        "linkage_semantics": "Overlap/proximity only; not evidence that the building hosts AI compute."
      }
    },
    {
      "type": "Feature",
      "id": "414d561c-37a3-4c72-8273-e9827c8793a9",
      "geometry": {
        "type": "Polygon",
        "coordinates": [
          [
            [
              -96.6378162,
              40.896128
            ],
            [
              -96.638545,
              40.8961323
            ],
            [
              -96.6385595,
              40.8947636
            ],
            [
              -96.6378303,
              40.8947593
            ],
            [
              -96.6378162,
              40.896128
            ]
          ]
        ]
      },
      "properties": {
        "epoch_id": "EPOCH-e06bc7faa8b1b187",
        "site_name": "Google Lincoln",
        "distance_to_site_km": 1.4818,
        "footprint_area_m2_webmercator": 16358.27,
        "source_dataset": "Overture Maps buildings",
        "source_url": "https://docs.overturemaps.org/getting-data/",
        "source_release": "2026-09-23.1",
        "source_accessed_on": "2026-09-28",
        "geometry_role": "current building-footprint polygon",
        "linkage_semantics": "Overlap/proximity only; not evidence that the building hosts AI compute."
      }
    },
    {
      "type": "Feature",
      "id": "635fb7d1-044c-4e27-b8a7-8c9f5b6d19e2",
      "geometry": {
        "type": "Polygon",
        "coordinates": [
          [
            [
              -96.6381096,
              40.8937407
            ],
            [
              -96.6384415,
              40.8937424
            ],
            [
              -96.6384426,
              40.8936187
            ],
            [
              -96.6381126,
              40.893617
            ],
            [
              -96.6381126,
              40.893622
            ],
            [
              -96.6379747,
              40.8936213
            ],
            [
              -96.6379737,
              40.8937331
            ],
            [
              -96.6381096,
              40.8937337
            ],
            [
              -96.6381096,
              40.8937407
            ]
          ]
        ]
      },
      "properties": {
        "epoch_id": "EPOCH-e06bc7faa8b1b187",
        "site_name": "Google Lincoln",
        "distance_to_site_km": 1.6604,
        "footprint_area_m2_webmercator": 922.03,
        "source_dataset": "Overture Maps buildings",
        "source_url": "https://docs.overturemaps.org/getting-data/",
        "source_release": "2026-09-23.1",
        "source_accessed_on": "2026-09-28",
        "geometry_role": "current building-footprint polygon",
        "linkage_semantics": "Overlap/proximity only; not evidence that the building hosts AI compute."
      }
    },
    {
      "type": "Feature",
      "id": "41678b8e-10af-4aaa-b4cb-54a38cae2d2d",
      "geometry": {
        "type": "Polygon",
        "coordinates": [
          [
            [
              -96.6379808,
              40.8927154
            ],
            [
              -96.6379816,
              40.8928567
            ],
            [
              -96.6381276,
              40.8928563
            ],
            [
              -96.6381268,
              40.8927149
            ],
            [
              -96.6379808,
              40.8927154
            ]
          ]
        ]
      },
      "properties": {
        "epoch_id": "EPOCH-e06bc7faa8b1b187",
        "site_name": "Google Lincoln",
        "distance_to_site_km": 1.7575,
        "footprint_area_m2_webmercator": 338.31,
        "source_dataset": "Overture Maps buildings",
        "source_url": "https://docs.overturemaps.org/getting-data/",
        "source_release": "2026-09-23.1",
        "source_accessed_on": "2026-09-28",
        "geometry_role": "current building-footprint polygon",
        "linkage_semantics": "Overlap/proximity only; not evidence that the building hosts AI compute."
      }
    },
    {
      "type": "Feature",
      "id": "37cfceab-0ae4-4570-a3e5-c5a4d429b0ef",
      "geometry": {
        "type": "Polygon",
        "coordinates": [
          [
            [
              -96.6383225,
              40.8927011
            ],
            [
              -96.6383205,
              40.8927882
            ],
            [
              -96.6385189,
              40.8927909
            ],
            [
              -96.638518,
              40.8928294
            ],
            [
              -96.6386199,
              40.8928308
            ],
            [
              -96.6386229,
              40.8927051
            ],
            [
              -96.6383225,
              40.8927011
            ]
          ]
        ]
      },
      "properties": {
        "epoch_id": "EPOCH-e06bc7faa8b1b187",
        "site_name": "Google Lincoln",
        "distance_to_site_km": 1.7477,
        "footprint_area_m2_webmercator": 493.56,
        "source_dataset": "Overture Maps buildings",
        "source_url": "https://docs.overturemaps.org/getting-data/",
        "source_release": "2026-09-23.1",
        "source_accessed_on": "2026-09-28",
        "geometry_role": "current building-footprint polygon",
        "linkage_semantics": "Overlap/proximity only; not evidence that the building hosts AI compute."
      }
    },
    {
      "type": "Feature",
      "id": "2f75f7c0-5141-44d9-8cc6-5e4c30fee72c",
      "geometry": {
        "type": "Polygon",
        "coordinates": [
          [
            [
              -96.6395506,
              40.8950414
            ],
            [
              -96.6396922,
              40.895041
            ],
            [
              -96.6396894,
              40.8944946
            ],
            [
              -96.6395478,
              40.8944951
            ],
            [
              -96.6395506,
              40.8950414
            ]
          ]
        ]
      },
      "properties": {
        "epoch_id": "EPOCH-e06bc7faa8b1b187",
        "site_name": "Google Lincoln",
        "distance_to_site_km": 1.5046,
        "footprint_area_m2_webmercator": 1268.27,
        "source_dataset": "Overture Maps buildings",
        "source_url": "https://docs.overturemaps.org/getting-data/",
        "source_release": "2026-09-23.1",
        "source_accessed_on": "2026-09-28",
        "geometry_role": "current building-footprint polygon",
        "linkage_semantics": "Overlap/proximity only; not evidence that the building hosts AI compute."
      }
    },
    {
      "type": "Feature",
      "id": "4d6c65db-56f5-4658-94d5-532ff2ff222d",
      "geometry": {
        "type": "Polygon",
        "coordinates": [
          [
            [
              -96.6398151,
              40.8950388
            ],
            [
              -96.6399567,
              40.8950384
            ],
            [
              -96.6399539,
              40.894492
            ],
            [
              -96.6398123,
              40.8944925
            ],
            [
              -96.6398151,
              40.8950388
            ]
          ]
        ]
      },
      "properties": {
        "epoch_id": "EPOCH-e06bc7faa8b1b187",
        "site_name": "Google Lincoln",
        "distance_to_site_km": 1.4974,
        "footprint_area_m2_webmercator": 1268.27,
        "source_dataset": "Overture Maps buildings",
        "source_url": "https://docs.overturemaps.org/getting-data/",
        "source_release": "2026-09-23.1",
        "source_accessed_on": "2026-09-28",
        "geometry_role": "current building-footprint polygon",
        "linkage_semantics": "Overlap/proximity only; not evidence that the building hosts AI compute."
      }
    },
    {
      "type": "Feature",
      "id": "01c1ff88-c3b5-4ce3-8ed3-1542231fa5b6",
      "geometry": {
        "type": "Polygon",
        "coordinates": [
          [
            [
              -96.6392084,
              40.8937993
            ],
            [
              -96.6400269,
              40.8938101
            ],
            [
              -96.6400339,
              40.8935069
            ],
            [
              -96.6397188,
              40.8935028
            ],
            [
              -96.6397194,
              40.8934744
            ],
            [
              -96.6395349,
              40.893472
            ],
            [
              -96.6395343,
              40.893497
            ],
            [
              -96.6392155,
              40.8934928
            ],
            [
              -96.6392084,
              40.8937993
            ]
          ]
        ]
      },
      "properties": {
        "epoch_id": "EPOCH-e06bc7faa8b1b187",
        "site_name": "Google Lincoln",
        "distance_to_site_km": 1.622,
        "footprint_area_m2_webmercator": 4172.3,
        "source_dataset": "Overture Maps buildings",
        "source_url": "https://docs.overturemaps.org/getting-data/",
        "source_release": "2026-09-23.1",
        "source_accessed_on": "2026-09-28",
        "geometry_role": "current building-footprint polygon",
        "linkage_semantics": "Overlap/proximity only; not evidence that the building hosts AI compute."
      }
    },
    {
      "type": "Feature",
      "id": "1bd58a61-e913-4414-a680-4ecae7c34d09",
      "geometry": {
        "type": "Polygon",
        "coordinates": [
          [
            [
              -96.6409328,
              40.8923032
            ],
            [
              -96.6409342,
              40.8920377
            ],
            [
              -96.6404941,
              40.8920363
            ],
            [
              -96.6404926,
              40.8923018
            ],
            [
              -96.6409328,
              40.8923032
            ]
          ]
        ]
      },
      "properties": {
        "epoch_id": "EPOCH-e06bc7faa8b1b187",
        "site_name": "Google Lincoln",
        "distance_to_site_km": 1.7541,
        "footprint_area_m2_webmercator": 1915.69,
        "source_dataset": "Overture Maps buildings",
        "source_url": "https://docs.overturemaps.org/getting-data/",
        "source_release": "2026-09-23.1",
        "source_accessed_on": "2026-09-28",
        "geometry_role": "current building-footprint polygon",
        "linkage_semantics": "Overlap/proximity only; not evidence that the building hosts AI compute."
      }
    },
    {
      "type": "Feature",
      "id": "db1d93b3-179b-49aa-bb63-bb0aaefad656",
      "geometry": {
        "type": "Polygon",
        "coordinates": [
          [
            [
              -96.6401155,
              40.8950917
            ],
            [
              -96.6404122,
              40.89509
            ],
            [
              -96.6404077,
              40.8946499
            ],
            [
              -96.640111,
              40.8946516
            ],
            [
              -96.6401155,
              40.8950917
            ]
          ]
        ]
      },
      "properties": {
        "epoch_id": "EPOCH-e06bc7faa8b1b187",
        "site_name": "Google Lincoln",
        "distance_to_site_km": 1.476,
        "footprint_area_m2_webmercator": 2140.75,
        "source_dataset": "Overture Maps buildings",
        "source_url": "https://docs.overturemaps.org/getting-data/",
        "source_release": "2026-09-23.1",
        "source_accessed_on": "2026-09-28",
        "geometry_role": "current building-footprint polygon",
        "linkage_semantics": "Overlap/proximity only; not evidence that the building hosts AI compute."
      }
    },
    {
      "type": "Feature",
      "id": "6d452c21-e63d-405d-b530-7276ea287a00",
      "geometry": {
        "type": "Polygon",
        "coordinates": [
          [
            [
              -96.6401077,
              40.8957626
            ],
            [
              -96.6404224,
              40.8957655
            ],
            [
              -96.640431,
              40.895226
            ],
            [
              -96.6401163,
              40.8952231
            ],
            [
              -96.6401077,
              40.8957626
            ]
          ]
        ]
      },
      "properties": {
        "epoch_id": "EPOCH-e06bc7faa8b1b187",
        "site_name": "Google Lincoln",
        "distance_to_site_km": 1.4102,
        "footprint_area_m2_webmercator": 2783.73,
        "source_dataset": "Overture Maps buildings",
        "source_url": "https://docs.overturemaps.org/getting-data/",
        "source_release": "2026-09-23.1",
        "source_accessed_on": "2026-09-28",
        "geometry_role": "current building-footprint polygon",
        "linkage_semantics": "Overlap/proximity only; not evidence that the building hosts AI compute."
      }
    },
    {
      "type": "Feature",
      "id": "c79c5ab8-8d63-4aea-8829-d1f0cb7bca2e",
      "geometry": {
        "type": "Polygon",
        "coordinates": [
          [
            [
              -96.6397991,
              40.8956686
            ],
            [
              -96.6399469,
              40.8956682
            ],
            [
              -96.6399509,
              40.8951239
            ],
            [
              -96.6398051,
              40.8951233
            ],
            [
              -96.6397991,
              40.8956686
            ]
          ]
        ]
      },
      "properties": {
        "epoch_id": "EPOCH-e06bc7faa8b1b187",
        "site_name": "Google Lincoln",
        "distance_to_site_km": 1.4316,
        "footprint_area_m2_webmercator": 1311.11,
        "source_dataset": "Overture Maps buildings",
        "source_url": "https://docs.overturemaps.org/getting-data/",
        "source_release": "2026-09-23.1",
        "source_accessed_on": "2026-09-28",
        "geometry_role": "current building-footprint polygon",
        "linkage_semantics": "Overlap/proximity only; not evidence that the building hosts AI compute."
      }
    },
    {
      "type": "Feature",
      "id": "294b3cad-b905-43ba-91a2-c91e379dbf90",
      "geometry": {
        "type": "Polygon",
        "coordinates": [
          [
            [
              -96.6395458,
              40.8956685
            ],
            [
              -96.6396922,
              40.8956695
            ],
            [
              -96.6396986,
              40.8951226
            ],
            [
              -96.6395521,
              40.8951216
            ],
            [
              -96.6395458,
              40.8956685
            ]
          ]
        ]
      },
      "properties": {
        "epoch_id": "EPOCH-e06bc7faa8b1b187",
        "site_name": "Google Lincoln",
        "distance_to_site_km": 1.4392,
        "footprint_area_m2_webmercator": 1313.13,
        "source_dataset": "Overture Maps buildings",
        "source_url": "https://docs.overturemaps.org/getting-data/",
        "source_release": "2026-09-23.1",
        "source_accessed_on": "2026-09-28",
        "geometry_role": "current building-footprint polygon",
        "linkage_semantics": "Overlap/proximity only; not evidence that the building hosts AI compute."
      }
    },
    {
      "type": "Feature",
      "id": "a9812ac5-c339-4f43-9832-7553d7f2104c",
      "geometry": {
        "type": "Polygon",
        "coordinates": [
          [
            [
              -96.6392941,
              40.895668
            ],
            [
              -96.6394405,
              40.8956686
            ],
            [
              -96.6394445,
              40.8951209
            ],
            [
              -96.6392979,
              40.8951203
            ],
            [
              -96.6392941,
              40.895668
            ]
          ]
        ]
      },
      "properties": {
        "epoch_id": "EPOCH-e06bc7faa8b1b187",
        "site_name": "Google Lincoln",
        "distance_to_site_km": 1.4471,
        "footprint_area_m2_webmercator": 1315.43,
        "source_dataset": "Overture Maps buildings",
        "source_url": "https://docs.overturemaps.org/getting-data/",
        "source_release": "2026-09-23.1",
        "source_accessed_on": "2026-09-28",
        "geometry_role": "current building-footprint polygon",
        "linkage_semantics": "Overlap/proximity only; not evidence that the building hosts AI compute."
      }
    },
    {
      "type": "Feature",
      "id": "241a69d4-52df-431c-a772-0d093a6aa2bf",
      "geometry": {
        "type": "Polygon",
        "coordinates": [
          [
            [
              -96.6363701,
              40.9125905
            ],
            [
              -96.636534,
              40.9124584
            ],
            [
              -96.6361498,
              40.9121864
            ],
            [
              -96.6359859,
              40.9123186
            ],
            [
              -96.6363701,
              40.9125905
            ]
          ]
        ]
      },
      "properties": {
        "epoch_id": "EPOCH-e06bc7faa8b1b187",
        "site_name": "Google Lincoln",
        "distance_to_site_km": 0.9692,
        "footprint_area_m2_webmercator": 1563.44,
        "source_dataset": "Overture Maps buildings",
        "source_url": "https://docs.overturemaps.org/getting-data/",
        "source_release": "2026-09-23.1",
        "source_accessed_on": "2026-09-28",
        "geometry_role": "current building-footprint polygon",
        "linkage_semantics": "Overlap/proximity only; not evidence that the building hosts AI compute."
      }
    },
    {
      "type": "Feature",
      "id": "3e271dec-396f-4524-815a-254879338478",
      "geometry": {
        "type": "Polygon",
        "coordinates": [
          [
            [
              -96.6370412,
              40.9129285
            ],
            [
              -96.637113,
              40.9128145
            ],
            [
              -96.636993,
              40.9127714
            ],
            [
              -96.6369212,
              40.9128854
            ],
            [
              -96.6370412,
              40.9129285
            ]
          ]
        ]
      },
      "properties": {
        "epoch_id": "EPOCH-e06bc7faa8b1b187",
        "site_name": "Google Lincoln",
        "distance_to_site_km": 0.9488,
        "footprint_area_m2_webmercator": 275.07,
        "source_dataset": "Overture Maps buildings",
        "source_url": "https://docs.overturemaps.org/getting-data/",
        "source_release": "2026-09-23.1",
        "source_accessed_on": "2026-09-28",
        "geometry_role": "current building-footprint polygon",
        "linkage_semantics": "Overlap/proximity only; not evidence that the building hosts AI compute."
      }
    },
    {
      "type": "Feature",
      "id": "3a2ce620-b316-4096-8d64-dc59fed53469",
      "geometry": {
        "type": "Polygon",
        "coordinates": [
          [
            [
              -96.635718,
              40.9026691
            ],
            [
              -96.6357421,
              40.9026694
            ],
            [
              -96.6357434,
              40.9026187
            ],
            [
              -96.6357192,
              40.9026184
            ],
            [
              -96.635718,
              40.9026691
            ]
          ]
        ]
      },
      "properties": {
        "epoch_id": "EPOCH-e06bc7faa8b1b187",
        "site_name": "Google Lincoln",
        "distance_to_site_km": 1.001,
        "footprint_area_m2_webmercator": 20.08,
        "source_dataset": "Overture Maps buildings",
        "source_url": "https://docs.overturemaps.org/getting-data/",
        "source_release": "2026-09-23.1",
        "source_accessed_on": "2026-09-28",
        "geometry_role": "current building-footprint polygon",
        "linkage_semantics": "Overlap/proximity only; not evidence that the building hosts AI compute."
      }
    },
    {
      "type": "Feature",
      "id": "3bfb8f04-c012-46f5-babf-4076ddeeb964",
      "geometry": {
        "type": "Polygon",
        "coordinates": [
          [
            [
              -96.6297824,
              40.9139021
            ],
            [
              -96.6298763,
              40.9139036
            ],
            [
              -96.6298797,
              40.9137881
            ],
            [
              -96.6297858,
              40.9137866
            ],
            [
              -96.6297824,
              40.9139021
            ]
          ]
        ]
      },
      "properties": {
        "epoch_id": "EPOCH-e06bc7faa8b1b187",
        "site_name": "Google Lincoln",
        "distance_to_site_km": 1.5163,
        "footprint_area_m2_webmercator": 177.93,
        "source_dataset": "Overture Maps buildings",
        "source_url": "https://docs.overturemaps.org/getting-data/",
        "source_release": "2026-09-23.1",
        "source_accessed_on": "2026-09-28",
        "geometry_role": "current building-footprint polygon",
        "linkage_semantics": "Overlap/proximity only; not evidence that the building hosts AI compute."
      }
    },
    {
      "type": "Feature",
      "id": "fd252b3b-21c1-44e5-bb34-5bbcc8570088",
      "geometry": {
        "type": "Polygon",
        "coordinates": [
          [
            [
              -96.6309909,
              40.8946754
            ],
            [
              -96.6309992,
              40.8936969
            ],
            [
              -96.6298071,
              40.8936927
            ],
            [
              -96.6298016,
              40.8946712
            ],
            [
              -96.6309909,
              40.8946754
            ]
          ]
        ]
      },
      "properties": {
        "epoch_id": "EPOCH-e06bc7faa8b1b187",
        "site_name": "Google Lincoln",
        "distance_to_site_km": 1.9634,
        "footprint_area_m2_webmercator": 19100.32,
        "source_dataset": "Overture Maps buildings",
        "source_url": "https://docs.overturemaps.org/getting-data/",
        "source_release": "2026-09-23.1",
        "source_accessed_on": "2026-09-28",
        "geometry_role": "current building-footprint polygon",
        "linkage_semantics": "Overlap/proximity only; not evidence that the building hosts AI compute."
      }
    },
    {
      "type": "Feature",
      "id": "8310cc7f-b402-4833-bc5b-2c906588fb55",
      "geometry": {
        "type": "Polygon",
        "coordinates": [
          [
            [
              -96.6342504,
              40.8953988
            ],
            [
              -96.6342464,
              40.895118
            ],
            [
              -96.6340633,
              40.8951195
            ],
            [
              -96.6340673,
              40.8954003
            ],
            [
              -96.6342504,
              40.8953988
            ]
          ]
        ]
      },
      "properties": {
        "epoch_id": "EPOCH-e06bc7faa8b1b187",
        "site_name": "Google Lincoln",
        "distance_to_site_km": 1.673,
        "footprint_area_m2_webmercator": 842.97,
        "source_dataset": "Overture Maps buildings",
        "source_url": "https://docs.overturemaps.org/getting-data/",
        "source_release": "2026-09-23.1",
        "source_accessed_on": "2026-09-28",
        "geometry_role": "current building-footprint polygon",
        "linkage_semantics": "Overlap/proximity only; not evidence that the building hosts AI compute."
      }
    },
    {
      "type": "Feature",
      "id": "bc97483c-cc83-427c-9279-3bbbf0122fdc",
      "geometry": {
        "type": "Polygon",
        "coordinates": [
          [
            [
              -96.6328332,
              40.8940191
            ],
            [
              -96.6328332,
              40.8939141
            ],
            [
              -96.6325646,
              40.8939141
            ],
            [
              -96.6325646,
              40.893969
            ],
            [
              -96.632468,
              40.893969
            ],
            [
              -96.6324679,
              40.8945158
            ],
            [
              -96.6323225,
              40.8945158
            ],
            [
              -96.6323225,
              40.8948477
            ],
            [
              -96.6329808,
              40.8948477
            ],
            [
              -96.6329808,
              40.8945115
            ],
            [
              -96.632832,
              40.8945114
            ],
            [
              -96.632832,
              40.8941373
            ],
            [
              -96.6328782,
              40.8941373
            ],
            [
              -96.6328782,
              40.8940191
            ],
            [
              -96.6328332,
              40.8940191
            ]
          ]
        ]
      },
      "properties": {
        "epoch_id": "EPOCH-e06bc7faa8b1b187",
        "site_name": "Google Lincoln",
        "distance_to_site_km": 1.8205,
        "footprint_area_m2_webmercator": 7187.95,
        "source_dataset": "Overture Maps buildings",
        "source_url": "https://docs.overturemaps.org/getting-data/",
        "source_release": "2026-09-23.1",
        "source_accessed_on": "2026-09-28",
        "geometry_role": "current building-footprint polygon",
        "linkage_semantics": "Overlap/proximity only; not evidence that the building hosts AI compute."
      }
    }
  ]
}
