{
  "type": "FeatureCollection",
  "source": {
    "dataset": "Overture Maps buildings",
    "url": "https://docs.overturemaps.org/getting-data/",
    "accessed_on": "2026-09-27",
    "release": "2026-09-23.1",
    "site_epoch_id": "EPOCH-85492d2b8df586a1",
    "site_name": "Google Midlothian",
    "site_latitude": 32.438927,
    "site_longitude": -97.0507991,
    "search_bbox": [
      -97.0707991,
      32.418927,
      -97.03079910000001,
      32.458927
    ],
    "filter_radius_km": 3.0,
    "semantics": "Current building polygons are ingested for physical geometry. They are not, by themselves, AI-facility identity evidence or a construction time series."
  },
  "features": [
    {
      "type": "Feature",
      "id": "eb4fcbbc-085d-41fb-a71c-663a0d661bbd",
      "geometry": {
        "type": "Polygon",
        "coordinates": [
          [
            [
              -97.066977,
              32.420024
            ],
            [
              -97.066886,
              32.420026
            ],
            [
              -97.066892,
              32.420171
            ],
            [
              -97.066983,
              32.420168
            ],
            [
              -97.066977,
              32.420024
            ]
          ]
        ]
      },
      "properties": {
        "epoch_id": "EPOCH-85492d2b8df586a1",
        "site_name": "Google Midlothian",
        "distance_to_site_km": 2.584,
        "footprint_area_m2_webmercator": 193.26,
        "source_dataset": "Overture Maps buildings",
        "source_url": "https://docs.overturemaps.org/getting-data/",
        "source_release": "2026-09-23.1",
        "source_accessed_on": "2026-09-27",
        "geometry_role": "current building-footprint polygon",
        "linkage_semantics": "Overlap/proximity only; not evidence that the building hosts AI compute."
      }
    },
    {
      "type": "Feature",
      "id": "d05cc0ca-e395-406b-bb52-de6dada12a99",
      "geometry": {
        "type": "Polygon",
        "coordinates": [
          [
            [
              -97.066874,
              32.419493
            ],
            [
              -97.066792,
              32.419532
            ],
            [
              -97.066833,
              32.419593
            ],
            [
              -97.066915,
              32.419553
            ],
            [
              -97.066874,
              32.419493
            ]
          ]
        ]
      },
      "properties": {
        "epoch_id": "EPOCH-85492d2b8df586a1",
        "site_name": "Google Midlothian",
        "distance_to_site_km": 2.6299,
        "footprint_area_m2_webmercator": 96.6,
        "source_dataset": "Overture Maps buildings",
        "source_url": "https://docs.overturemaps.org/getting-data/",
        "source_release": "2026-09-23.1",
        "source_accessed_on": "2026-09-27",
        "geometry_role": "current building-footprint polygon",
        "linkage_semantics": "Overlap/proximity only; not evidence that the building hosts AI compute."
      }
    },
    {
      "type": "Feature",
      "id": "d8fc0c94-9d6e-4752-9ef1-acec9242562d",
      "geometry": {
        "type": "Polygon",
        "coordinates": [
          [
            [
              -97.066785,
              32.41981
            ],
            [
              -97.066866,
              32.419769
            ],
            [
              -97.066787,
              32.419657
            ],
            [
              -97.066706,
              32.419697
            ],
            [
              -97.066785,
              32.41981
            ]
          ]
        ]
      },
      "properties": {
        "epoch_id": "EPOCH-85492d2b8df586a1",
        "site_name": "Google Midlothian",
        "distance_to_site_km": 2.6089,
        "footprint_area_m2_webmercator": 180.74,
        "source_dataset": "Overture Maps buildings",
        "source_url": "https://docs.overturemaps.org/getting-data/",
        "source_release": "2026-09-23.1",
        "source_accessed_on": "2026-09-27",
        "geometry_role": "current building-footprint polygon",
        "linkage_semantics": "Overlap/proximity only; not evidence that the building hosts AI compute."
      }
    },
    {
      "type": "Feature",
      "id": "dd150416-c49c-4c77-bb1f-f8c25fdc5540",
      "geometry": {
        "type": "Polygon",
        "coordinates": [
          [
            [
              -97.066748,
              32.419563
            ],
            [
              -97.066689,
              32.419593
            ],
            [
              -97.066723,
              32.41964
            ],
            [
              -97.066782,
              32.419609
            ],
            [
              -97.066748,
              32.419563
            ]
          ]
        ]
      },
      "properties": {
        "epoch_id": "EPOCH-85492d2b8df586a1",
        "site_name": "Google Midlothian",
        "distance_to_site_km": 2.6182,
        "footprint_area_m2_webmercator": 55.5,
        "source_dataset": "Overture Maps buildings",
        "source_url": "https://docs.overturemaps.org/getting-data/",
        "source_release": "2026-09-23.1",
        "source_accessed_on": "2026-09-27",
        "geometry_role": "current building-footprint polygon",
        "linkage_semantics": "Overlap/proximity only; not evidence that the building hosts AI compute."
      }
    },
    {
      "type": "Feature",
      "id": "dee91bc4-7f8e-40fb-9171-487f9d609ca6",
      "geometry": {
        "type": "Polygon",
        "coordinates": [
          [
            [
              -97.066947,
              32.4221576
            ],
            [
              -97.0669102,
              32.4220905
            ],
            [
              -97.0668328,
              32.4221207
            ],
            [
              -97.0668696,
              32.4221878
            ],
            [
              -97.066947,
              32.4221576
            ]
          ]
        ]
      },
      "properties": {
        "epoch_id": "EPOCH-85492d2b8df586a1",
        "site_name": "Google Midlothian",
        "distance_to_site_km": 2.4011,
        "footprint_area_m2_webmercator": 92.56,
        "source_dataset": "Overture Maps buildings",
        "source_url": "https://docs.overturemaps.org/getting-data/",
        "source_release": "2026-09-23.1",
        "source_accessed_on": "2026-09-27",
        "geometry_role": "current building-footprint polygon",
        "linkage_semantics": "Overlap/proximity only; not evidence that the building hosts AI compute."
      }
    },
    {
      "type": "Feature",
      "id": "798bca3b-8127-4258-b408-222de0a852cf",
      "geometry": {
        "type": "Polygon",
        "coordinates": [
          [
            [
              -97.067017,
              32.42227
            ],
            [
              -97.066797,
              32.422354
            ],
            [
              -97.066836,
              32.422427
            ],
            [
              -97.067057,
              32.422343
            ],
            [
              -97.067017,
              32.42227
            ]
          ]
        ]
      },
      "properties": {
        "epoch_id": "EPOCH-85492d2b8df586a1",
        "site_name": "Google Midlothian",
        "distance_to_site_km": 2.3852,
        "footprint_area_m2_webmercator": 285.01,
        "source_dataset": "Overture Maps buildings",
        "source_url": "https://docs.overturemaps.org/getting-data/",
        "source_release": "2026-09-23.1",
        "source_accessed_on": "2026-09-27",
        "geometry_role": "current building-footprint polygon",
        "linkage_semantics": "Overlap/proximity only; not evidence that the building hosts AI compute."
      }
    },
    {
      "type": "Feature",
      "id": "1750f626-9bb6-498c-bb02-e868526b1fc5",
      "geometry": {
        "type": "Polygon",
        "coordinates": [
          [
            [
              -97.067258,
              32.422196
            ],
            [
              -97.067481,
              32.422114
            ],
            [
              -97.067442,
              32.42204
            ],
            [
              -97.067219,
              32.422122
            ],
            [
              -97.067258,
              32.422196
            ]
          ]
        ]
      },
      "properties": {
        "epoch_id": "EPOCH-85492d2b8df586a1",
        "site_name": "Google Midlothian",
        "distance_to_site_km": 2.4303,
        "footprint_area_m2_webmercator": 289.2,
        "source_dataset": "Overture Maps buildings",
        "source_url": "https://docs.overturemaps.org/getting-data/",
        "source_release": "2026-09-23.1",
        "source_accessed_on": "2026-09-27",
        "geometry_role": "current building-footprint polygon",
        "linkage_semantics": "Overlap/proximity only; not evidence that the building hosts AI compute."
      }
    },
    {
      "type": "Feature",
      "id": "8a2d76c3-0ccd-4fb1-b10b-ee2a25265c17",
      "geometry": {
        "type": "Polygon",
        "coordinates": [
          [
            [
              -97.067677,
              32.421844
            ],
            [
              -97.067865,
              32.421844
            ],
            [
              -97.067865,
              32.421715
            ],
            [
              -97.067677,
              32.421715
            ],
            [
              -97.067677,
              32.421844
            ]
          ]
        ]
      },
      "properties": {
        "epoch_id": "EPOCH-85492d2b8df586a1",
        "site_name": "Google Midlothian",
        "distance_to_site_km": 2.4845,
        "footprint_area_m2_webmercator": 356.03,
        "source_dataset": "Overture Maps buildings",
        "source_url": "https://docs.overturemaps.org/getting-data/",
        "source_release": "2026-09-23.1",
        "source_accessed_on": "2026-09-27",
        "geometry_role": "current building-footprint polygon",
        "linkage_semantics": "Overlap/proximity only; not evidence that the building hosts AI compute."
      }
    },
    {
      "type": "Feature",
      "id": "b91388bd-b179-4d63-bd60-a6022959738a",
      "geometry": {
        "type": "Polygon",
        "coordinates": [
          [
            [
              -97.068254,
              32.421921
            ],
            [
              -97.068094,
              32.421857
            ],
            [
              -97.068053,
              32.42193
            ],
            [
              -97.068213,
              32.421994
            ],
            [
              -97.068254,
              32.421921
            ]
          ]
        ]
      },
      "properties": {
        "epoch_id": "EPOCH-85492d2b8df586a1",
        "site_name": "Google Midlothian",
        "distance_to_site_km": 2.4954,
        "footprint_area_m2_webmercator": 209.99,
        "source_dataset": "Overture Maps buildings",
        "source_url": "https://docs.overturemaps.org/getting-data/",
        "source_release": "2026-09-23.1",
        "source_accessed_on": "2026-09-27",
        "geometry_role": "current building-footprint polygon",
        "linkage_semantics": "Overlap/proximity only; not evidence that the building hosts AI compute."
      }
    },
    {
      "type": "Feature",
      "id": "f633ff85-2827-4bc7-90b8-3b2032abfe40",
      "geometry": {
        "type": "Polygon",
        "coordinates": [
          [
            [
              -97.068426,
              32.421877
            ],
            [
              -97.068361,
              32.421842
            ],
            [
              -97.068311,
              32.421908
            ],
            [
              -97.068376,
              32.421943
            ],
            [
              -97.068426,
              32.421877
            ]
          ]
        ]
      },
      "properties": {
        "epoch_id": "EPOCH-85492d2b8df586a1",
        "site_name": "Google Midlothian",
        "distance_to_site_km": 2.5113,
        "footprint_area_m2_webmercator": 88.67,
        "source_dataset": "Overture Maps buildings",
        "source_url": "https://docs.overturemaps.org/getting-data/",
        "source_release": "2026-09-23.1",
        "source_accessed_on": "2026-09-27",
        "geometry_role": "current building-footprint polygon",
        "linkage_semantics": "Overlap/proximity only; not evidence that the building hosts AI compute."
      }
    },
    {
      "type": "Feature",
      "id": "64da300e-4818-4aad-8ab5-4891e57d710e",
      "geometry": {
        "type": "Polygon",
        "coordinates": [
          [
            [
              -97.068367,
              32.422238
            ],
            [
              -97.068402,
              32.422449
            ],
            [
              -97.068494,
              32.422438
            ],
            [
              -97.068459,
              32.422227
            ],
            [
              -97.068367,
              32.422238
            ]
          ]
        ]
      },
      "properties": {
        "epoch_id": "EPOCH-85492d2b8df586a1",
        "site_name": "Google Midlothian",
        "distance_to_site_km": 2.4781,
        "footprint_area_m2_webmercator": 290.63,
        "source_dataset": "Overture Maps buildings",
        "source_url": "https://docs.overturemaps.org/getting-data/",
        "source_release": "2026-09-23.1",
        "source_accessed_on": "2026-09-27",
        "geometry_role": "current building-footprint polygon",
        "linkage_semantics": "Overlap/proximity only; not evidence that the building hosts AI compute."
      }
    },
    {
      "type": "Feature",
      "id": "022e4251-f675-41d5-829b-5e78b5416ce6",
      "geometry": {
        "type": "Polygon",
        "coordinates": [
          [
            [
              -97.068724,
              32.422423
            ],
            [
              -97.06879,
              32.422415
            ],
            [
              -97.06878,
              32.422355
            ],
            [
              -97.068715,
              32.422363
            ],
            [
              -97.068724,
              32.422423
            ]
          ]
        ]
      },
      "properties": {
        "epoch_id": "EPOCH-85492d2b8df586a1",
        "site_name": "Google Midlothian",
        "distance_to_site_km": 2.4942,
        "footprint_area_m2_webmercator": 58.81,
        "source_dataset": "Overture Maps buildings",
        "source_url": "https://docs.overturemaps.org/getting-data/",
        "source_release": "2026-09-23.1",
        "source_accessed_on": "2026-09-27",
        "geometry_role": "current building-footprint polygon",
        "linkage_semantics": "Overlap/proximity only; not evidence that the building hosts AI compute."
      }
    },
    {
      "type": "Feature",
      "id": "9ae949f4-11d8-4ded-a45a-183c215cbeb6",
      "geometry": {
        "type": "Polygon",
        "coordinates": [
          [
            [
              -97.0687247,
              32.4217799
            ],
            [
              -97.0687643,
              32.4218201
            ],
            [
              -97.0688936,
              32.4217294
            ],
            [
              -97.068854,
              32.4216892
            ],
            [
              -97.0687247,
              32.4217799
            ]
          ]
        ]
      },
      "properties": {
        "epoch_id": "EPOCH-85492d2b8df586a1",
        "site_name": "Google Midlothian",
        "distance_to_site_km": 2.5501,
        "footprint_area_m2_webmercator": 129.03,
        "source_dataset": "Overture Maps buildings",
        "source_url": "https://docs.overturemaps.org/getting-data/",
        "source_release": "2026-09-23.1",
        "source_accessed_on": "2026-09-27",
        "geometry_role": "current building-footprint polygon",
        "linkage_semantics": "Overlap/proximity only; not evidence that the building hosts AI compute."
      }
    },
    {
      "type": "Feature",
      "id": "aef456f1-b7ba-4ad6-8291-8629a5435272",
      "geometry": {
        "type": "Polygon",
        "coordinates": [
          [
            [
              -97.0707095,
              32.4245689
            ],
            [
              -97.0707468,
              32.4246246
            ],
            [
              -97.0708293,
              32.4245853
            ],
            [
              -97.070792,
              32.4245296
            ],
            [
              -97.0707095,
              32.4245689
            ]
          ]
        ]
      },
      "properties": {
        "epoch_id": "EPOCH-85492d2b8df586a1",
        "site_name": "Google Midlothian",
        "distance_to_site_km": 2.4615,
        "footprint_area_m2_webmercator": 88.98,
        "source_dataset": "Overture Maps buildings",
        "source_url": "https://docs.overturemaps.org/getting-data/",
        "source_release": "2026-09-23.1",
        "source_accessed_on": "2026-09-27",
        "geometry_role": "current building-footprint polygon",
        "linkage_semantics": "Overlap/proximity only; not evidence that the building hosts AI compute."
      }
    },
    {
      "type": "Feature",
      "id": "11ae7a1c-5910-49cf-a1d2-092ee4d5ffba",
      "geometry": {
        "type": "Polygon",
        "coordinates": [
          [
            [
              -97.070785,
              32.424734
            ],
            [
              -97.070737,
              32.424665
            ],
            [
              -97.070536,
              32.424764
            ],
            [
              -97.070583,
              32.424833
            ],
            [
              -97.070785,
              32.424734
            ]
          ]
        ]
      },
      "properties": {
        "epoch_id": "EPOCH-85492d2b8df586a1",
        "site_name": "Google Midlothian",
        "distance_to_site_km": 2.4413,
        "footprint_area_m2_webmercator": 273.15,
        "source_dataset": "Overture Maps buildings",
        "source_url": "https://docs.overturemaps.org/getting-data/",
        "source_release": "2026-09-23.1",
        "source_accessed_on": "2026-09-27",
        "geometry_role": "current building-footprint polygon",
        "linkage_semantics": "Overlap/proximity only; not evidence that the building hosts AI compute."
      }
    },
    {
      "type": "Feature",
      "id": "d67590ce-b03a-45a0-b3f1-74ee37939bc5",
      "geometry": {
        "type": "Polygon",
        "coordinates": [
          [
            [
              -97.070825,
              32.424762
            ],
            [
              -97.070888,
              32.424735
            ],
            [
              -97.070857,
              32.424684
            ],
            [
              -97.070794,
              32.424711
            ],
            [
              -97.070825,
              32.424762
            ]
          ]
        ]
      },
      "properties": {
        "epoch_id": "EPOCH-85492d2b8df586a1",
        "site_name": "Google Midlothian",
        "distance_to_site_km": 2.4561,
        "footprint_area_m2_webmercator": 59.46,
        "source_dataset": "Overture Maps buildings",
        "source_url": "https://docs.overturemaps.org/getting-data/",
        "source_release": "2026-09-23.1",
        "source_accessed_on": "2026-09-27",
        "geometry_role": "current building-footprint polygon",
        "linkage_semantics": "Overlap/proximity only; not evidence that the building hosts AI compute."
      }
    },
    {
      "type": "Feature",
      "id": "2e3e3ebf-702c-4347-aab1-b7d71e572b3e",
      "geometry": {
        "type": "Polygon",
        "coordinates": [
          [
            [
              -97.070169,
              32.425068
            ],
            [
              -97.070378,
              32.424974
            ],
            [
              -97.070317,
              32.424879
            ],
            [
              -97.070188,
              32.424938
            ],
            [
              -97.070201,
              32.424957
            ],
            [
              -97.070121,
              32.424993
            ],
            [
              -97.070169,
              32.425068
            ]
          ]
        ]
      },
      "properties": {
        "epoch_id": "EPOCH-85492d2b8df586a1",
        "site_name": "Google Midlothian",
        "distance_to_site_km": 2.3958,
        "footprint_area_m2_webmercator": 344.38,
        "source_dataset": "Overture Maps buildings",
        "source_url": "https://docs.overturemaps.org/getting-data/",
        "source_release": "2026-09-23.1",
        "source_accessed_on": "2026-09-27",
        "geometry_role": "current building-footprint polygon",
        "linkage_semantics": "Overlap/proximity only; not evidence that the building hosts AI compute."
      }
    },
    {
      "type": "Feature",
      "id": "26307eab-99bc-4d91-adb2-1b68ec89688c",
      "geometry": {
        "type": "Polygon",
        "coordinates": [
          [
            [
              -97.069912,
              32.424881
            ],
            [
              -97.069826,
              32.424925
            ],
            [
              -97.069914,
              32.425045
            ],
            [
              -97.069999,
              32.425001
            ],
            [
              -97.069912,
              32.424881
            ]
          ]
        ]
      },
      "properties": {
        "epoch_id": "EPOCH-85492d2b8df586a1",
        "site_name": "Google Midlothian",
        "distance_to_site_km": 2.3725,
        "footprint_area_m2_webmercator": 207.15,
        "source_dataset": "Overture Maps buildings",
        "source_url": "https://docs.overturemaps.org/getting-data/",
        "source_release": "2026-09-23.1",
        "source_accessed_on": "2026-09-27",
        "geometry_role": "current building-footprint polygon",
        "linkage_semantics": "Overlap/proximity only; not evidence that the building hosts AI compute."
      }
    },
    {
      "type": "Feature",
      "id": "44609f48-8595-4fd1-bf75-f618685b8cb6",
      "geometry": {
        "type": "Polygon",
        "coordinates": [
          [
            [
              -97.0697761,
              32.4235092
            ],
            [
              -97.0699447,
              32.4234349
            ],
            [
              -97.0698797,
              32.42333
            ],
            [
              -97.0697111,
              32.4234043
            ],
            [
              -97.0697761,
              32.4235092
            ]
          ]
        ]
      },
      "properties": {
        "epoch_id": "EPOCH-85492d2b8df586a1",
        "site_name": "Google Midlothian",
        "distance_to_site_km": 2.4825,
        "footprint_area_m2_webmercator": 330.54,
        "source_dataset": "Overture Maps buildings",
        "source_url": "https://docs.overturemaps.org/getting-data/",
        "source_release": "2026-09-23.1",
        "source_accessed_on": "2026-09-27",
        "geometry_role": "current building-footprint polygon",
        "linkage_semantics": "Overlap/proximity only; not evidence that the building hosts AI compute."
      }
    },
    {
      "type": "Feature",
      "id": "d968417e-1388-4bf4-ba0e-428d46442ef8",
      "geometry": {
        "type": "Polygon",
        "coordinates": [
          [
            [
              -97.0696943,
              32.4234343
            ],
            [
              -97.069636,
              32.42334
            ],
            [
              -97.0695128,
              32.4233942
            ],
            [
              -97.0695711,
              32.4234886
            ],
            [
              -97.0696943,
              32.4234343
            ]
          ]
        ]
      },
      "properties": {
        "epoch_id": "EPOCH-85492d2b8df586a1",
        "site_name": "Google Midlothian",
        "distance_to_site_km": 2.4678,
        "footprint_area_m2_webmercator": 217.08,
        "source_dataset": "Overture Maps buildings",
        "source_url": "https://docs.overturemaps.org/getting-data/",
        "source_release": "2026-09-23.1",
        "source_accessed_on": "2026-09-27",
        "geometry_role": "current building-footprint polygon",
        "linkage_semantics": "Overlap/proximity only; not evidence that the building hosts AI compute."
      }
    },
    {
      "type": "Feature",
      "id": "30a036ec-3976-4f36-86e4-51a54201f311",
      "geometry": {
        "type": "Polygon",
        "coordinates": [
          [
            [
              -97.0695424,
              32.4249616
            ],
            [
              -97.0695956,
              32.4249378
            ],
            [
              -97.0695606,
              32.4248821
            ],
            [
              -97.0695577,
              32.4248834
            ],
            [
              -97.0695266,
              32.424834
            ],
            [
              -97.0694764,
              32.4248564
            ],
            [
              -97.0695424,
              32.4249616
            ]
          ]
        ]
      },
      "properties": {
        "epoch_id": "EPOCH-85492d2b8df586a1",
        "site_name": "Google Midlothian",
        "distance_to_site_km": 2.3507,
        "footprint_area_m2_webmercator": 102.4,
        "source_dataset": "Overture Maps buildings",
        "source_url": "https://docs.overturemaps.org/getting-data/",
        "source_release": "2026-09-23.1",
        "source_accessed_on": "2026-09-27",
        "geometry_role": "current building-footprint polygon",
        "linkage_semantics": "Overlap/proximity only; not evidence that the building hosts AI compute."
      }
    },
    {
      "type": "Feature",
      "id": "e16ce31b-3bee-4e9b-b5da-27b9d61dae16",
      "geometry": {
        "type": "Polygon",
        "coordinates": [
          [
            [
              -97.069676,
              32.425198
            ],
            [
              -97.069533,
              32.425292
            ],
            [
              -97.069587,
              32.425351
            ],
            [
              -97.069731,
              32.425257
            ],
            [
              -97.069676,
              32.425198
            ]
          ]
        ]
      },
      "properties": {
        "epoch_id": "EPOCH-85492d2b8df586a1",
        "site_name": "Google Midlothian",
        "distance_to_site_km": 2.3299,
        "footprint_area_m2_webmercator": 199.51,
        "source_dataset": "Overture Maps buildings",
        "source_url": "https://docs.overturemaps.org/getting-data/",
        "source_release": "2026-09-23.1",
        "source_accessed_on": "2026-09-27",
        "geometry_role": "current building-footprint polygon",
        "linkage_semantics": "Overlap/proximity only; not evidence that the building hosts AI compute."
      }
    },
    {
      "type": "Feature",
      "id": "48199663-2640-4200-a6cf-076492d085b9",
      "geometry": {
        "type": "Polygon",
        "coordinates": [
          [
            [
              -97.0701179,
              32.4344974
            ],
            [
              -97.0700813,
              32.4344313
            ],
            [
              -97.0700197,
              32.4344556
            ],
            [
              -97.0700562,
              32.4345216
            ],
            [
              -97.0701179,
              32.4344974
            ]
          ]
        ]
      },
      "properties": {
        "epoch_id": "EPOCH-85492d2b8df586a1",
        "site_name": "Google Midlothian",
        "distance_to_site_km": 1.8749,
        "footprint_area_m2_webmercator": 72.8,
        "source_dataset": "Overture Maps buildings",
        "source_url": "https://docs.overturemaps.org/getting-data/",
        "source_release": "2026-09-23.1",
        "source_accessed_on": "2026-09-27",
        "geometry_role": "current building-footprint polygon",
        "linkage_semantics": "Overlap/proximity only; not evidence that the building hosts AI compute."
      }
    },
    {
      "type": "Feature",
      "id": "3ea22224-c7eb-4cf6-aa1c-48f1484dc3f6",
      "geometry": {
        "type": "Polygon",
        "coordinates": [
          [
            [
              -97.069828,
              32.434522
            ],
            [
              -97.069846,
              32.434582
            ],
            [
              -97.069888,
              32.434572
            ],
            [
              -97.069915,
              32.434662
            ],
            [
              -97.07001,
              32.434641
            ],
            [
              -97.069993,
              32.434584
            ],
            [
              -97.070006,
              32.434581
            ],
            [
              -97.069967,
              32.434451
            ],
            [
              -97.069851,
              32.434476
            ],
            [
              -97.069863,
              32.434515
            ],
            [
              -97.069828,
              32.434522
            ]
          ]
        ]
      },
      "properties": {
        "epoch_id": "EPOCH-85492d2b8df586a1",
        "site_name": "Google Midlothian",
        "distance_to_site_km": 1.8599,
        "footprint_area_m2_webmercator": 349.29,
        "source_dataset": "Overture Maps buildings",
        "source_url": "https://docs.overturemaps.org/getting-data/",
        "source_release": "2026-09-23.1",
        "source_accessed_on": "2026-09-27",
        "geometry_role": "current building-footprint polygon",
        "linkage_semantics": "Overlap/proximity only; not evidence that the building hosts AI compute."
      }
    },
    {
      "type": "Feature",
      "id": "2e67e4ea-89e6-43f6-b72d-7ad493c1fce5",
      "geometry": {
        "type": "Polygon",
        "coordinates": [
          [
            [
              -97.0702853,
              32.4414579
            ],
            [
              -97.0703545,
              32.441603
            ],
            [
              -97.0705335,
              32.4415422
            ],
            [
              -97.0704643,
              32.4413971
            ],
            [
              -97.0702853,
              32.4414579
            ]
          ]
        ]
      },
      "properties": {
        "epoch_id": "EPOCH-85492d2b8df586a1",
        "site_name": "Google Midlothian",
        "distance_to_site_km": 1.8624,
        "footprint_area_m2_webmercator": 443.15,
        "source_dataset": "Overture Maps buildings",
        "source_url": "https://docs.overturemaps.org/getting-data/",
        "source_release": "2026-09-23.1",
        "source_accessed_on": "2026-09-27",
        "geometry_role": "current building-footprint polygon",
        "linkage_semantics": "Overlap/proximity only; not evidence that the building hosts AI compute."
      }
    },
    {
      "type": "Feature",
      "id": "f99884c8-a5a5-42c5-8fed-2d50dd41a28e",
      "geometry": {
        "type": "Polygon",
        "coordinates": [
          [
            [
              -97.0703143,
              32.4415969
            ],
            [
              -97.0702712,
              32.441497
            ],
            [
              -97.0702368,
              32.4415076
            ],
            [
              -97.0702799,
              32.4416075
            ],
            [
              -97.0703143,
              32.4415969
            ]
          ]
        ]
      },
      "properties": {
        "epoch_id": "EPOCH-85492d2b8df586a1",
        "site_name": "Google Midlothian",
        "distance_to_site_km": 1.8509,
        "footprint_area_m2_webmercator": 57.17,
        "source_dataset": "Overture Maps buildings",
        "source_url": "https://docs.overturemaps.org/getting-data/",
        "source_release": "2026-09-23.1",
        "source_accessed_on": "2026-09-27",
        "geometry_role": "current building-footprint polygon",
        "linkage_semantics": "Overlap/proximity only; not evidence that the building hosts AI compute."
      }
    },
    {
      "type": "Feature",
      "id": "6dce56bb-e98c-41b9-8271-4623df20c959",
      "geometry": {
        "type": "Polygon",
        "coordinates": [
          [
            [
              -97.0701673,
              32.4410803
            ],
            [
              -97.0701664,
              32.4410783
            ],
            [
              -97.070194,
              32.4410688
            ],
            [
              -97.0701426,
              32.4409619
            ],
            [
              -97.0700239,
              32.4410026
            ],
            [
              -97.0700762,
              32.4411114
            ],
            [
              -97.0701673,
              32.4410803
            ]
          ]
        ]
      },
      "properties": {
        "epoch_id": "EPOCH-85492d2b8df586a1",
        "site_name": "Google Midlothian",
        "distance_to_site_km": 1.8272,
        "footprint_area_m2_webmercator": 220.1,
        "source_dataset": "Overture Maps buildings",
        "source_url": "https://docs.overturemaps.org/getting-data/",
        "source_release": "2026-09-23.1",
        "source_accessed_on": "2026-09-27",
        "geometry_role": "current building-footprint polygon",
        "linkage_semantics": "Overlap/proximity only; not evidence that the building hosts AI compute."
      }
    },
    {
      "type": "Feature",
      "id": "89f44cb9-4008-4aa4-9346-32863d5526ff",
      "geometry": {
        "type": "Polygon",
        "coordinates": [
          [
            [
              -97.070605,
              32.442492
            ],
            [
              -97.070515,
              32.44253
            ],
            [
              -97.070542,
              32.442575
            ],
            [
              -97.070333,
              32.442664
            ],
            [
              -97.07039,
              32.44276
            ],
            [
              -97.070604,
              32.442669
            ],
            [
              -97.070563,
              32.442598
            ],
            [
              -97.070647,
              32.442563
            ],
            [
              -97.070605,
              32.442492
            ]
          ]
        ]
      },
      "properties": {
        "epoch_id": "EPOCH-85492d2b8df586a1",
        "site_name": "Google Midlothian",
        "distance_to_site_km": 1.8938,
        "footprint_area_m2_webmercator": 492.97,
        "source_dataset": "Overture Maps buildings",
        "source_url": "https://docs.overturemaps.org/getting-data/",
        "source_release": "2026-09-23.1",
        "source_accessed_on": "2026-09-27",
        "geometry_role": "current building-footprint polygon",
        "linkage_semantics": "Overlap/proximity only; not evidence that the building hosts AI compute."
      }
    },
    {
      "type": "Feature",
      "id": "b64533bf-e26f-45e3-b94f-da3f36238342",
      "geometry": {
        "type": "Polygon",
        "coordinates": [
          [
            [
              -97.0675026,
              32.450985
            ],
            [
              -97.0675574,
              32.4510861
            ],
            [
              -97.0676284,
              32.4510587
            ],
            [
              -97.0675737,
              32.4509576
            ],
            [
              -97.0675026,
              32.450985
            ]
          ]
        ]
      },
      "properties": {
        "epoch_id": "EPOCH-85492d2b8df586a1",
        "site_name": "Google Midlothian",
        "distance_to_site_km": 2.0698,
        "footprint_area_m2_webmercator": 127.52,
        "source_dataset": "Overture Maps buildings",
        "source_url": "https://docs.overturemaps.org/getting-data/",
        "source_release": "2026-09-23.1",
        "source_accessed_on": "2026-09-27",
        "geometry_role": "current building-footprint polygon",
        "linkage_semantics": "Overlap/proximity only; not evidence that the building hosts AI compute."
      }
    },
    {
      "type": "Feature",
      "id": "f864a9a0-91a7-4870-981c-fa4ee4a035ed",
      "geometry": {
        "type": "Polygon",
        "coordinates": [
          [
            [
              -97.0667047,
              32.4474088
            ],
            [
              -97.0665967,
              32.4474445
            ],
            [
              -97.0666262,
              32.4475082
            ],
            [
              -97.0667342,
              32.4474724
            ],
            [
              -97.0667047,
              32.4474088
            ]
          ]
        ]
      },
      "properties": {
        "epoch_id": "EPOCH-85492d2b8df586a1",
        "site_name": "Google Midlothian",
        "distance_to_site_km": 1.7654,
        "footprint_area_m2_webmercator": 116.43,
        "source_dataset": "Overture Maps buildings",
        "source_url": "https://docs.overturemaps.org/getting-data/",
        "source_release": "2026-09-23.1",
        "source_accessed_on": "2026-09-27",
        "geometry_role": "current building-footprint polygon",
        "linkage_semantics": "Overlap/proximity only; not evidence that the building hosts AI compute."
      }
    },
    {
      "type": "Feature",
      "id": "6ddc9a7c-7845-4373-ba9d-57e7af240fa0",
      "geometry": {
        "type": "Polygon",
        "coordinates": [
          [
            [
              -97.0668355,
              32.4385076
            ],
            [
              -97.0666956,
              32.4382757
            ],
            [
              -97.0665465,
              32.4383398
            ],
            [
              -97.0666864,
              32.4385717
            ],
            [
              -97.0668355,
              32.4385076
            ]
          ]
        ]
      },
      "properties": {
        "epoch_id": "EPOCH-85492d2b8df586a1",
        "site_name": "Google Midlothian",
        "distance_to_site_km": 1.4924,
        "footprint_area_m2_webmercator": 639.36,
        "source_dataset": "Overture Maps buildings",
        "source_url": "https://docs.overturemaps.org/getting-data/",
        "source_release": "2026-09-23.1",
        "source_accessed_on": "2026-09-27",
        "geometry_role": "current building-footprint polygon",
        "linkage_semantics": "Overlap/proximity only; not evidence that the building hosts AI compute."
      }
    },
    {
      "type": "Feature",
      "id": "034c1389-6795-4694-b2d6-62b0f9b9bc66",
      "geometry": {
        "type": "Polygon",
        "coordinates": [
          [
            [
              -97.067177,
              32.438511
            ],
            [
              -97.067292,
              32.438455
            ],
            [
              -97.067239,
              32.438378
            ],
            [
              -97.067124,
              32.438434
            ],
            [
              -97.067177,
              32.438511
            ]
          ]
        ]
      },
      "properties": {
        "epoch_id": "EPOCH-85492d2b8df586a1",
        "site_name": "Google Midlothian",
        "distance_to_site_km": 1.5408,
        "footprint_area_m2_webmercator": 173.6,
        "source_dataset": "Overture Maps buildings",
        "source_url": "https://docs.overturemaps.org/getting-data/",
        "source_release": "2026-09-23.1",
        "source_accessed_on": "2026-09-27",
        "geometry_role": "current building-footprint polygon",
        "linkage_semantics": "Overlap/proximity only; not evidence that the building hosts AI compute."
      }
    },
    {
      "type": "Feature",
      "id": "10925528-99e3-4a69-8c24-72da3da3f4f1",
      "geometry": {
        "type": "Polygon",
        "coordinates": [
          [
            [
              -97.06762,
              32.439232
            ],
            [
              -97.067486,
              32.439267
            ],
            [
              -97.067497,
              32.439297
            ],
            [
              -97.067631,
              32.439261
            ],
            [
              -97.06762,
              32.439232
            ]
          ]
        ]
      },
      "properties": {
        "epoch_id": "EPOCH-85492d2b8df586a1",
        "site_name": "Google Midlothian",
        "distance_to_site_km": 1.5732,
        "footprint_area_m2_webmercator": 63.78,
        "source_dataset": "Overture Maps buildings",
        "source_url": "https://docs.overturemaps.org/getting-data/",
        "source_release": "2026-09-23.1",
        "source_accessed_on": "2026-09-27",
        "geometry_role": "current building-footprint polygon",
        "linkage_semantics": "Overlap/proximity only; not evidence that the building hosts AI compute."
      }
    },
    {
      "type": "Feature",
      "id": "35168b14-d9c0-4452-ab5f-65c48c6768ca",
      "geometry": {
        "type": "Polygon",
        "coordinates": [
          [
            [
              -97.067421,
              32.439788
            ],
            [
              -97.067617,
              32.439702
            ],
            [
              -97.067574,
              32.439632
            ],
            [
              -97.067378,
              32.439719
            ],
            [
              -97.067421,
              32.439788
            ]
          ]
        ]
      },
      "properties": {
        "epoch_id": "EPOCH-85492d2b8df586a1",
        "site_name": "Google Midlothian",
        "distance_to_site_km": 1.5695,
        "footprint_area_m2_webmercator": 254.63,
        "source_dataset": "Overture Maps buildings",
        "source_url": "https://docs.overturemaps.org/getting-data/",
        "source_release": "2026-09-23.1",
        "source_accessed_on": "2026-09-27",
        "geometry_role": "current building-footprint polygon",
        "linkage_semantics": "Overlap/proximity only; not evidence that the building hosts AI compute."
      }
    },
    {
      "type": "Feature",
      "id": "2519bd64-f6ed-4ec5-9b70-9e9d075527ae",
      "geometry": {
        "type": "Polygon",
        "coordinates": [
          [
            [
              -97.067386,
              32.4384225
            ],
            [
              -97.0674285,
              32.4384041
            ],
            [
              -97.0674268,
              32.4384013
            ],
            [
              -97.0674587,
              32.4383876
            ],
            [
              -97.0674434,
              32.4383625
            ],
            [
              -97.0674592,
              32.4383556
            ],
            [
              -97.0674272,
              32.4383028
            ],
            [
              -97.067337,
              32.4383418
            ],
            [
              -97.067386,
              32.4384225
            ]
          ]
        ]
      },
      "properties": {
        "epoch_id": "EPOCH-85492d2b8df586a1",
        "site_name": "Google Midlothian",
        "distance_to_site_km": 1.5594,
        "footprint_area_m2_webmercator": 125.07,
        "source_dataset": "Overture Maps buildings",
        "source_url": "https://docs.overturemaps.org/getting-data/",
        "source_release": "2026-09-23.1",
        "source_accessed_on": "2026-09-27",
        "geometry_role": "current building-footprint polygon",
        "linkage_semantics": "Overlap/proximity only; not evidence that the building hosts AI compute."
      }
    },
    {
      "type": "Feature",
      "id": "581d560f-2f30-4868-b869-c2214b7dbf00",
      "geometry": {
        "type": "Polygon",
        "coordinates": [
          [
            [
              -97.0677688,
              32.4385792
            ],
            [
              -97.0678904,
              32.4388464
            ],
            [
              -97.0682213,
              32.4387392
            ],
            [
              -97.0680997,
              32.438472
            ],
            [
              -97.0677688,
              32.4385792
            ]
          ]
        ]
      },
      "properties": {
        "epoch_id": "EPOCH-85492d2b8df586a1",
        "site_name": "Google Midlothian",
        "distance_to_site_km": 1.614,
        "footprint_area_m2_webmercator": 1489.63,
        "source_dataset": "Overture Maps buildings",
        "source_url": "https://docs.overturemaps.org/getting-data/",
        "source_release": "2026-09-23.1",
        "source_accessed_on": "2026-09-27",
        "geometry_role": "current building-footprint polygon",
        "linkage_semantics": "Overlap/proximity only; not evidence that the building hosts AI compute."
      }
    },
    {
      "type": "Feature",
      "id": "02945ae6-6c64-4541-bc78-d655d6032307",
      "geometry": {
        "type": "Polygon",
        "coordinates": [
          [
            [
              -97.067857,
              32.439374
            ],
            [
              -97.067814,
              32.439298
            ],
            [
              -97.06774,
              32.439328
            ],
            [
              -97.067782,
              32.439403
            ],
            [
              -97.067857,
              32.439374
            ]
          ]
        ]
      },
      "properties": {
        "epoch_id": "EPOCH-85492d2b8df586a1",
        "site_name": "Google Midlothian",
        "distance_to_site_km": 1.596,
        "footprint_area_m2_webmercator": 101.0,
        "source_dataset": "Overture Maps buildings",
        "source_url": "https://docs.overturemaps.org/getting-data/",
        "source_release": "2026-09-23.1",
        "source_accessed_on": "2026-09-27",
        "geometry_role": "current building-footprint polygon",
        "linkage_semantics": "Overlap/proximity only; not evidence that the building hosts AI compute."
      }
    },
    {
      "type": "Feature",
      "id": "2a3b04d2-4d1d-498a-a147-e00c1274e5c6",
      "geometry": {
        "type": "Polygon",
        "coordinates": [
          [
            [
              -97.0691989,
              32.441729
            ],
            [
              -97.0692809,
              32.4418599
            ],
            [
              -97.069327,
              32.4418393
            ],
            [
              -97.069245,
              32.4417084
            ],
            [
              -97.0691989,
              32.441729
            ]
          ]
        ]
      },
      "properties": {
        "epoch_id": "EPOCH-85492d2b8df586a1",
        "site_name": "Google Midlothian",
        "distance_to_site_km": 1.7616,
        "footprint_area_m2_webmercator": 113.41,
        "source_dataset": "Overture Maps buildings",
        "source_url": "https://docs.overturemaps.org/getting-data/",
        "source_release": "2026-09-23.1",
        "source_accessed_on": "2026-09-27",
        "geometry_role": "current building-footprint polygon",
        "linkage_semantics": "Overlap/proximity only; not evidence that the building hosts AI compute."
      }
    },
    {
      "type": "Feature",
      "id": "aa0030c4-1f8c-42fd-9d69-9419faea1f0e",
      "geometry": {
        "type": "Polygon",
        "coordinates": [
          [
            [
              -97.0696902,
              32.4417038
            ],
            [
              -97.0695963,
              32.4415394
            ],
            [
              -97.0692446,
              32.4416824
            ],
            [
              -97.0693385,
              32.4418468
            ],
            [
              -97.0696902,
              32.4417038
            ]
          ]
        ]
      },
      "properties": {
        "epoch_id": "EPOCH-85492d2b8df586a1",
        "site_name": "Google Midlothian",
        "distance_to_site_km": 1.7787,
        "footprint_area_m2_webmercator": 1046.16,
        "source_dataset": "Overture Maps buildings",
        "source_url": "https://docs.overturemaps.org/getting-data/",
        "source_release": "2026-09-23.1",
        "source_accessed_on": "2026-09-27",
        "geometry_role": "current building-footprint polygon",
        "linkage_semantics": "Overlap/proximity only; not evidence that the building hosts AI compute."
      }
    },
    {
      "type": "Feature",
      "id": "705b2910-abfd-4703-a689-bed329d4510b",
      "geometry": {
        "type": "Polygon",
        "coordinates": [
          [
            [
              -97.0687414,
              32.4405088
            ],
            [
              -97.0686969,
              32.4405232
            ],
            [
              -97.0687174,
              32.4405686
            ],
            [
              -97.0687619,
              32.4405543
            ],
            [
              -97.0687414,
              32.4405088
            ]
          ]
        ]
      },
      "properties": {
        "epoch_id": "EPOCH-85492d2b8df586a1",
        "site_name": "Google Midlothian",
        "distance_to_site_km": 1.6922,
        "footprint_area_m2_webmercator": 34.02,
        "source_dataset": "Overture Maps buildings",
        "source_url": "https://docs.overturemaps.org/getting-data/",
        "source_release": "2026-09-23.1",
        "source_accessed_on": "2026-09-27",
        "geometry_role": "current building-footprint polygon",
        "linkage_semantics": "Overlap/proximity only; not evidence that the building hosts AI compute."
      }
    },
    {
      "type": "Feature",
      "id": "ae0335c9-7bfc-4a22-9613-4f83bdacff87",
      "geometry": {
        "type": "Polygon",
        "coordinates": [
          [
            [
              -97.068208,
              32.439101
            ],
            [
              -97.068141,
              32.43913
            ],
            [
              -97.068175,
              32.439186
            ],
            [
              -97.068242,
              32.439158
            ],
            [
              -97.068208,
              32.439101
            ]
          ]
        ]
      },
      "properties": {
        "epoch_id": "EPOCH-85492d2b8df586a1",
        "site_name": "Google Midlothian",
        "distance_to_site_km": 1.6324,
        "footprint_area_m2_webmercator": 69.81,
        "source_dataset": "Overture Maps buildings",
        "source_url": "https://docs.overturemaps.org/getting-data/",
        "source_release": "2026-09-23.1",
        "source_accessed_on": "2026-09-27",
        "geometry_role": "current building-footprint polygon",
        "linkage_semantics": "Overlap/proximity only; not evidence that the building hosts AI compute."
      }
    },
    {
      "type": "Feature",
      "id": "1ea88a7e-66a3-4366-a80a-daa3eebcd11f",
      "geometry": {
        "type": "Polygon",
        "coordinates": [
          [
            [
              -97.069178,
              32.42554
            ],
            [
              -97.069132,
              32.425468
            ],
            [
              -97.068908,
              32.425571
            ],
            [
              -97.068954,
              32.425643
            ],
            [
              -97.069178,
              32.42554
            ]
          ]
        ]
      },
      "properties": {
        "epoch_id": "EPOCH-85492d2b8df586a1",
        "site_name": "Google Midlothian",
        "distance_to_site_km": 2.2677,
        "footprint_area_m2_webmercator": 306.33,
        "source_dataset": "Overture Maps buildings",
        "source_url": "https://docs.overturemaps.org/getting-data/",
        "source_release": "2026-09-23.1",
        "source_accessed_on": "2026-09-27",
        "geometry_role": "current building-footprint polygon",
        "linkage_semantics": "Overlap/proximity only; not evidence that the building hosts AI compute."
      }
    },
    {
      "type": "Feature",
      "id": "956b99e9-a581-4eda-8bd9-d03bc0944a77",
      "geometry": {
        "type": "Polygon",
        "coordinates": [
          [
            [
              -97.068499,
              32.425811
            ],
            [
              -97.068455,
              32.425832
            ],
            [
              -97.068499,
              32.425898
            ],
            [
              -97.06872,
              32.425794
            ],
            [
              -97.068668,
              32.425716
            ],
            [
              -97.068492,
              32.425799
            ],
            [
              -97.068499,
              32.425811
            ]
          ]
        ]
      },
      "properties": {
        "epoch_id": "EPOCH-85492d2b8df586a1",
        "site_name": "Google Midlothian",
        "distance_to_site_km": 2.2171,
        "footprint_area_m2_webmercator": 322.03,
        "source_dataset": "Overture Maps buildings",
        "source_url": "https://docs.overturemaps.org/getting-data/",
        "source_release": "2026-09-23.1",
        "source_accessed_on": "2026-09-27",
        "geometry_role": "current building-footprint polygon",
        "linkage_semantics": "Overlap/proximity only; not evidence that the building hosts AI compute."
      }
    },
    {
      "type": "Feature",
      "id": "1471e08e-dca1-4d67-802d-eb1370942db2",
      "geometry": {
        "type": "Polygon",
        "coordinates": [
          [
            [
              -97.068339,
              32.422717
            ],
            [
              -97.068247,
              32.422793
            ],
            [
              -97.06832,
              32.422857
            ],
            [
              -97.068356,
              32.422827
            ],
            [
              -97.068376,
              32.422845
            ],
            [
              -97.068433,
              32.422798
            ],
            [
              -97.068339,
              32.422717
            ]
          ]
        ]
      },
      "properties": {
        "epoch_id": "EPOCH-85492d2b8df586a1",
        "site_name": "Google Midlothian",
        "distance_to_site_km": 2.435,
        "footprint_area_m2_webmercator": 196.98,
        "source_dataset": "Overture Maps buildings",
        "source_url": "https://docs.overturemaps.org/getting-data/",
        "source_release": "2026-09-23.1",
        "source_accessed_on": "2026-09-27",
        "geometry_role": "current building-footprint polygon",
        "linkage_semantics": "Overlap/proximity only; not evidence that the building hosts AI compute."
      }
    },
    {
      "type": "Feature",
      "id": "15d970c3-d1f0-42ca-bd4e-485073f870a3",
      "geometry": {
        "type": "Polygon",
        "coordinates": [
          [
            [
              -97.0681976,
              32.4231074
            ],
            [
              -97.0681193,
              32.4229439
            ],
            [
              -97.0680456,
              32.4229691
            ],
            [
              -97.0681238,
              32.4231326
            ],
            [
              -97.0681976,
              32.4231074
            ]
          ]
        ]
      },
      "properties": {
        "epoch_id": "EPOCH-85492d2b8df586a1",
        "site_name": "Google Midlothian",
        "distance_to_site_km": 2.4009,
        "footprint_area_m2_webmercator": 205.97,
        "source_dataset": "Overture Maps buildings",
        "source_url": "https://docs.overturemaps.org/getting-data/",
        "source_release": "2026-09-23.1",
        "source_accessed_on": "2026-09-27",
        "geometry_role": "current building-footprint polygon",
        "linkage_semantics": "Overlap/proximity only; not evidence that the building hosts AI compute."
      }
    },
    {
      "type": "Feature",
      "id": "3084ac14-4c05-4b04-93db-865097e55d50",
      "geometry": {
        "type": "Polygon",
        "coordinates": [
          [
            [
              -97.0677491,
              32.4255281
            ],
            [
              -97.0677977,
              32.4256152
            ],
            [
              -97.0679681,
              32.4255475
            ],
            [
              -97.0679195,
              32.4254604
            ],
            [
              -97.0677491,
              32.4255281
            ]
          ]
        ]
      },
      "properties": {
        "epoch_id": "EPOCH-85492d2b8df586a1",
        "site_name": "Google Midlothian",
        "distance_to_site_km": 2.1863,
        "footprint_area_m2_webmercator": 266.2,
        "source_dataset": "Overture Maps buildings",
        "source_url": "https://docs.overturemaps.org/getting-data/",
        "source_release": "2026-09-23.1",
        "source_accessed_on": "2026-09-27",
        "geometry_role": "current building-footprint polygon",
        "linkage_semantics": "Overlap/proximity only; not evidence that the building hosts AI compute."
      }
    },
    {
      "type": "Feature",
      "id": "a04a9fd9-b304-4e2a-a2f5-cc0dfd9facf8",
      "geometry": {
        "type": "Polygon",
        "coordinates": [
          [
            [
              -97.067664,
              32.422835
            ],
            [
              -97.067607,
              32.42284
            ],
            [
              -97.067614,
              32.422898
            ],
            [
              -97.067782,
              32.422884
            ],
            [
              -97.067768,
              32.422768
            ],
            [
              -97.067657,
              32.422778
            ],
            [
              -97.067664,
              32.422835
            ]
          ]
        ]
      },
      "properties": {
        "epoch_id": "EPOCH-85492d2b8df586a1",
        "site_name": "Google Midlothian",
        "distance_to_site_km": 2.3911,
        "footprint_area_m2_webmercator": 239.47,
        "source_dataset": "Overture Maps buildings",
        "source_url": "https://docs.overturemaps.org/getting-data/",
        "source_release": "2026-09-23.1",
        "source_accessed_on": "2026-09-27",
        "geometry_role": "current building-footprint polygon",
        "linkage_semantics": "Overlap/proximity only; not evidence that the building hosts AI compute."
      }
    },
    {
      "type": "Feature",
      "id": "7c4cbb60-f5f4-47dc-88ab-fb18d9beae20",
      "geometry": {
        "type": "Polygon",
        "coordinates": [
          [
            [
              -97.0674649,
              32.4258984
            ],
            [
              -97.0675526,
              32.4260362
            ],
            [
              -97.0676429,
              32.4259953
            ],
            [
              -97.0675552,
              32.4258575
            ],
            [
              -97.0674649,
              32.4258984
            ]
          ]
        ]
      },
      "properties": {
        "epoch_id": "EPOCH-85492d2b8df586a1",
        "site_name": "Google Midlothian",
        "distance_to_site_km": 2.1344,
        "footprint_area_m2_webmercator": 235.34,
        "source_dataset": "Overture Maps buildings",
        "source_url": "https://docs.overturemaps.org/getting-data/",
        "source_release": "2026-09-23.1",
        "source_accessed_on": "2026-09-27",
        "geometry_role": "current building-footprint polygon",
        "linkage_semantics": "Overlap/proximity only; not evidence that the building hosts AI compute."
      }
    },
    {
      "type": "Feature",
      "id": "a2388456-2fd9-4755-b6c3-9f6e8245e223",
      "geometry": {
        "type": "Polygon",
        "coordinates": [
          [
            [
              -97.067665,
              32.4263
            ],
            [
              -97.067626,
              32.426229
            ],
            [
              -97.067405,
              32.426315
            ],
            [
              -97.067443,
              32.426386
            ],
            [
              -97.067665,
              32.4263
            ]
          ]
        ]
      },
      "properties": {
        "epoch_id": "EPOCH-85492d2b8df586a1",
        "site_name": "Google Midlothian",
        "distance_to_site_km": 2.1062,
        "footprint_area_m2_webmercator": 279.49,
        "source_dataset": "Overture Maps buildings",
        "source_url": "https://docs.overturemaps.org/getting-data/",
        "source_release": "2026-09-23.1",
        "source_accessed_on": "2026-09-27",
        "geometry_role": "current building-footprint polygon",
        "linkage_semantics": "Overlap/proximity only; not evidence that the building hosts AI compute."
      }
    },
    {
      "type": "Feature",
      "id": "47735d65-57aa-40d6-8046-bbfdb2631f67",
      "geometry": {
        "type": "Polygon",
        "coordinates": [
          [
            [
              -97.067984,
              32.426118
            ],
            [
              -97.068196,
              32.426023
            ],
            [
              -97.068152,
              32.425952
            ],
            [
              -97.06794,
              32.426047
            ],
            [
              -97.067984,
              32.426118
            ]
          ]
        ]
      },
      "properties": {
        "epoch_id": "EPOCH-85492d2b8df586a1",
        "site_name": "Google Midlothian",
        "distance_to_site_km": 2.1637,
        "footprint_area_m2_webmercator": 282.35,
        "source_dataset": "Overture Maps buildings",
        "source_url": "https://docs.overturemaps.org/getting-data/",
        "source_release": "2026-09-23.1",
        "source_accessed_on": "2026-09-27",
        "geometry_role": "current building-footprint polygon",
        "linkage_semantics": "Overlap/proximity only; not evidence that the building hosts AI compute."
      }
    },
    {
      "type": "Feature",
      "id": "baa74889-ca3a-482a-849b-686fce7d469f",
      "geometry": {
        "type": "Polygon",
        "coordinates": [
          [
            [
              -97.066718,
              32.4307074
            ],
            [
              -97.0681848,
              32.4300004
            ],
            [
              -97.0668947,
              32.4280931
            ],
            [
              -97.0654274,
              32.4288003
            ],
            [
              -97.066718,
              32.4307074
            ]
          ]
        ]
      },
      "properties": {
        "epoch_id": "EPOCH-85492d2b8df586a1",
        "site_name": "Google Midlothian",
        "distance_to_site_km": 1.8382,
        "footprint_area_m2_webmercator": 54474.01,
        "source_dataset": "Overture Maps buildings",
        "source_url": "https://docs.overturemaps.org/getting-data/",
        "source_release": "2026-09-23.1",
        "source_accessed_on": "2026-09-27",
        "geometry_role": "current building-footprint polygon",
        "linkage_semantics": "Overlap/proximity only; not evidence that the building hosts AI compute."
      }
    },
    {
      "type": "Feature",
      "id": "c3816141-65ad-4503-8bda-5a505f6e1952",
      "geometry": {
        "type": "Polygon",
        "coordinates": [
          [
            [
              -97.066925,
              32.426613
            ],
            [
              -97.066867,
              32.426635
            ],
            [
              -97.066893,
              32.426684
            ],
            [
              -97.066951,
              32.426662
            ],
            [
              -97.066925,
              32.426613
            ]
          ]
        ]
      },
      "properties": {
        "epoch_id": "EPOCH-85492d2b8df586a1",
        "site_name": "Google Midlothian",
        "distance_to_site_km": 2.0372,
        "footprint_area_m2_webmercator": 50.12,
        "source_dataset": "Overture Maps buildings",
        "source_url": "https://docs.overturemaps.org/getting-data/",
        "source_release": "2026-09-23.1",
        "source_accessed_on": "2026-09-27",
        "geometry_role": "current building-footprint polygon",
        "linkage_semantics": "Overlap/proximity only; not evidence that the building hosts AI compute."
      }
    },
    {
      "type": "Feature",
      "id": "74536ff0-dbeb-4698-b9b2-685aca6f129a",
      "geometry": {
        "type": "Polygon",
        "coordinates": [
          [
            [
              -97.067086,
              32.42669
            ],
            [
              -97.067169,
              32.426652
            ],
            [
              -97.067063,
              32.42649
            ],
            [
              -97.066981,
              32.426528
            ],
            [
              -97.067086,
              32.42669
            ]
          ]
        ]
      },
      "properties": {
        "epoch_id": "EPOCH-85492d2b8df586a1",
        "site_name": "Google Midlothian",
        "distance_to_site_km": 2.0531,
        "footprint_area_m2_webmercator": 255.07,
        "source_dataset": "Overture Maps buildings",
        "source_url": "https://docs.overturemaps.org/getting-data/",
        "source_release": "2026-09-23.1",
        "source_accessed_on": "2026-09-27",
        "geometry_role": "current building-footprint polygon",
        "linkage_semantics": "Overlap/proximity only; not evidence that the building hosts AI compute."
      }
    },
    {
      "type": "Feature",
      "id": "610db461-f4bd-4c88-a788-81b53d6b4689",
      "geometry": {
        "type": "Polygon",
        "coordinates": [
          [
            [
              -97.0672378,
              32.42556
            ],
            [
              -97.0672837,
              32.4256606
            ],
            [
              -97.0673865,
              32.4256272
            ],
            [
              -97.0673406,
              32.4255266
            ],
            [
              -97.0672378,
              32.42556
            ]
          ]
        ]
      },
      "properties": {
        "epoch_id": "EPOCH-85492d2b8df586a1",
        "site_name": "Google Midlothian",
        "distance_to_site_km": 2.1447,
        "footprint_area_m2_webmercator": 174.33,
        "source_dataset": "Overture Maps buildings",
        "source_url": "https://docs.overturemaps.org/getting-data/",
        "source_release": "2026-09-23.1",
        "source_accessed_on": "2026-09-27",
        "geometry_role": "current building-footprint polygon",
        "linkage_semantics": "Overlap/proximity only; not evidence that the building hosts AI compute."
      }
    },
    {
      "type": "Feature",
      "id": "f4a0e63c-25c4-4895-819e-10cb5a05c68f",
      "geometry": {
        "type": "Polygon",
        "coordinates": [
          [
            [
              -97.067235,
              32.422985
            ],
            [
              -97.06714,
              32.423025
            ],
            [
              -97.06718,
              32.423094
            ],
            [
              -97.067353,
              32.423022
            ],
            [
              -97.067291,
              32.422916
            ],
            [
              -97.067214,
              32.422949
            ],
            [
              -97.067235,
              32.422985
            ]
          ]
        ]
      },
      "properties": {
        "epoch_id": "EPOCH-85492d2b8df586a1",
        "site_name": "Google Midlothian",
        "distance_to_site_km": 2.3487,
        "footprint_area_m2_webmercator": 269.62,
        "source_dataset": "Overture Maps buildings",
        "source_url": "https://docs.overturemaps.org/getting-data/",
        "source_release": "2026-09-23.1",
        "source_accessed_on": "2026-09-27",
        "geometry_role": "current building-footprint polygon",
        "linkage_semantics": "Overlap/proximity only; not evidence that the building hosts AI compute."
      }
    },
    {
      "type": "Feature",
      "id": "3181a7d1-83f5-4ce6-8fd0-3024ff227dbb",
      "geometry": {
        "type": "Polygon",
        "coordinates": [
          [
            [
              -97.0668496,
              32.4231589
            ],
            [
              -97.0669136,
              32.4231427
            ],
            [
              -97.0668941,
              32.4230878
            ],
            [
              -97.0668301,
              32.4231039
            ],
            [
              -97.0668496,
              32.4231589
            ]
          ]
        ]
      },
      "properties": {
        "epoch_id": "EPOCH-85492d2b8df586a1",
        "site_name": "Google Midlothian",
        "distance_to_site_km": 2.3159,
        "footprint_area_m2_webmercator": 56.25,
        "source_dataset": "Overture Maps buildings",
        "source_url": "https://docs.overturemaps.org/getting-data/",
        "source_release": "2026-09-23.1",
        "source_accessed_on": "2026-09-27",
        "geometry_role": "current building-footprint polygon",
        "linkage_semantics": "Overlap/proximity only; not evidence that the building hosts AI compute."
      }
    },
    {
      "type": "Feature",
      "id": "6e3f26c4-c8d9-4f1e-aeb7-9dbece41bc0c",
      "geometry": {
        "type": "Polygon",
        "coordinates": [
          [
            [
              -97.066853,
              32.423177
            ],
            [
              -97.066817,
              32.423104
            ],
            [
              -97.066598,
              32.423181
            ],
            [
              -97.066634,
              32.423254
            ],
            [
              -97.066853,
              32.423177
            ]
          ]
        ]
      },
      "properties": {
        "epoch_id": "EPOCH-85492d2b8df586a1",
        "site_name": "Google Midlothian",
        "distance_to_site_km": 2.3023,
        "footprint_area_m2_webmercator": 275.39,
        "source_dataset": "Overture Maps buildings",
        "source_url": "https://docs.overturemaps.org/getting-data/",
        "source_release": "2026-09-23.1",
        "source_accessed_on": "2026-09-27",
        "geometry_role": "current building-footprint polygon",
        "linkage_semantics": "Overlap/proximity only; not evidence that the building hosts AI compute."
      }
    },
    {
      "type": "Feature",
      "id": "1eb66ae3-305d-4c47-8b47-dec87e3e32ec",
      "geometry": {
        "type": "Polygon",
        "coordinates": [
          [
            [
              -97.066828,
              32.422443
            ],
            [
              -97.066795,
              32.422389
            ],
            [
              -97.066729,
              32.422418
            ],
            [
              -97.066762,
              32.422472
            ],
            [
              -97.066828,
              32.422443
            ]
          ]
        ]
      },
      "properties": {
        "epoch_id": "EPOCH-85492d2b8df586a1",
        "site_name": "Google Midlothian",
        "distance_to_site_km": 2.3694,
        "footprint_area_m2_webmercator": 66.37,
        "source_dataset": "Overture Maps buildings",
        "source_url": "https://docs.overturemaps.org/getting-data/",
        "source_release": "2026-09-23.1",
        "source_accessed_on": "2026-09-27",
        "geometry_role": "current building-footprint polygon",
        "linkage_semantics": "Overlap/proximity only; not evidence that the building hosts AI compute."
      }
    },
    {
      "type": "Feature",
      "id": "673d1d2d-f3c3-4f1d-a184-33344d954b01",
      "geometry": {
        "type": "Polygon",
        "coordinates": [
          [
            [
              -97.066473,
              32.422503
            ],
            [
              -97.066277,
              32.422578
            ],
            [
              -97.066316,
              32.42265
            ],
            [
              -97.066512,
              32.422576
            ],
            [
              -97.066473,
              32.422503
            ]
          ]
        ]
      },
      "properties": {
        "epoch_id": "EPOCH-85492d2b8df586a1",
        "site_name": "Google Midlothian",
        "distance_to_site_km": 2.3341,
        "footprint_area_m2_webmercator": 251.26,
        "source_dataset": "Overture Maps buildings",
        "source_url": "https://docs.overturemaps.org/getting-data/",
        "source_release": "2026-09-23.1",
        "source_accessed_on": "2026-09-27",
        "geometry_role": "current building-footprint polygon",
        "linkage_semantics": "Overlap/proximity only; not evidence that the building hosts AI compute."
      }
    },
    {
      "type": "Feature",
      "id": "d77a15c9-59d3-4dff-8146-892c459052a6",
      "geometry": {
        "type": "Polygon",
        "coordinates": [
          [
            [
              -97.0661308,
              32.4234857
            ],
            [
              -97.0662075,
              32.4236256
            ],
            [
              -97.0662617,
              32.4236044
            ],
            [
              -97.0661851,
              32.4234645
            ],
            [
              -97.0661308,
              32.4234857
            ]
          ]
        ]
      },
      "properties": {
        "epoch_id": "EPOCH-85492d2b8df586a1",
        "site_name": "Google Midlothian",
        "distance_to_site_km": 2.2391,
        "footprint_area_m2_webmercator": 135.28,
        "source_dataset": "Overture Maps buildings",
        "source_url": "https://docs.overturemaps.org/getting-data/",
        "source_release": "2026-09-23.1",
        "source_accessed_on": "2026-09-27",
        "geometry_role": "current building-footprint polygon",
        "linkage_semantics": "Overlap/proximity only; not evidence that the building hosts AI compute."
      }
    },
    {
      "type": "Feature",
      "id": "268e3d3e-93af-4369-8e00-854e082501a0",
      "geometry": {
        "type": "Polygon",
        "coordinates": [
          [
            [
              -97.066319,
              32.423391
            ],
            [
              -97.066281,
              32.423318
            ],
            [
              -97.066088,
              32.423388
            ],
            [
              -97.066126,
              32.423462
            ],
            [
              -97.066319,
              32.423391
            ]
          ]
        ]
      },
      "properties": {
        "epoch_id": "EPOCH-85492d2b8df586a1",
        "site_name": "Google Midlothian",
        "distance_to_site_km": 2.2528,
        "footprint_area_m2_webmercator": 247.58,
        "source_dataset": "Overture Maps buildings",
        "source_url": "https://docs.overturemaps.org/getting-data/",
        "source_release": "2026-09-23.1",
        "source_accessed_on": "2026-09-27",
        "geometry_role": "current building-footprint polygon",
        "linkage_semantics": "Overlap/proximity only; not evidence that the building hosts AI compute."
      }
    },
    {
      "type": "Feature",
      "id": "ab0db530-b7d9-4d08-bef5-a0349ea48915",
      "geometry": {
        "type": "Polygon",
        "coordinates": [
          [
            [
              -97.0663024,
              32.427015
            ],
            [
              -97.0662641,
              32.426964
            ],
            [
              -97.066199,
              32.4269988
            ],
            [
              -97.0662373,
              32.4270498
            ],
            [
              -97.0663024,
              32.427015
            ]
          ]
        ]
      },
      "properties": {
        "epoch_id": "EPOCH-85492d2b8df586a1",
        "site_name": "Google Midlothian",
        "distance_to_site_km": 1.9646,
        "footprint_area_m2_webmercator": 68.31,
        "source_dataset": "Overture Maps buildings",
        "source_url": "https://docs.overturemaps.org/getting-data/",
        "source_release": "2026-09-23.1",
        "source_accessed_on": "2026-09-27",
        "geometry_role": "current building-footprint polygon",
        "linkage_semantics": "Overlap/proximity only; not evidence that the building hosts AI compute."
      }
    },
    {
      "type": "Feature",
      "id": "6a705ce3-5cef-4015-b560-f67725566f2a",
      "geometry": {
        "type": "Polygon",
        "coordinates": [
          [
            [
              -97.0662571,
              32.4269627
            ],
            [
              -97.0662062,
              32.426871
            ],
            [
              -97.0661556,
              32.426891
            ],
            [
              -97.0662065,
              32.4269827
            ],
            [
              -97.0662571,
              32.4269627
            ]
          ]
        ]
      },
      "properties": {
        "epoch_id": "EPOCH-85492d2b8df586a1",
        "site_name": "Google Midlothian",
        "distance_to_site_km": 1.9676,
        "footprint_area_m2_webmercator": 83.07,
        "source_dataset": "Overture Maps buildings",
        "source_url": "https://docs.overturemaps.org/getting-data/",
        "source_release": "2026-09-23.1",
        "source_accessed_on": "2026-09-27",
        "geometry_role": "current building-footprint polygon",
        "linkage_semantics": "Overlap/proximity only; not evidence that the building hosts AI compute."
      }
    },
    {
      "type": "Feature",
      "id": "4806e608-cf76-480e-a279-b23a462724af",
      "geometry": {
        "type": "Polygon",
        "coordinates": [
          [
            [
              -97.066193,
              32.426718
            ],
            [
              -97.066335,
              32.426647
            ],
            [
              -97.066264,
              32.426547
            ],
            [
              -97.066123,
              32.426617
            ],
            [
              -97.066193,
              32.426718
            ]
          ]
        ]
      },
      "properties": {
        "epoch_id": "EPOCH-85492d2b8df586a1",
        "site_name": "Google Midlothian",
        "distance_to_site_km": 1.9915,
        "footprint_area_m2_webmercator": 281.75,
        "source_dataset": "Overture Maps buildings",
        "source_url": "https://docs.overturemaps.org/getting-data/",
        "source_release": "2026-09-23.1",
        "source_accessed_on": "2026-09-27",
        "geometry_role": "current building-footprint polygon",
        "linkage_semantics": "Overlap/proximity only; not evidence that the building hosts AI compute."
      }
    },
    {
      "type": "Feature",
      "id": "bb63c7ae-0afe-471f-92d7-ea01de0a01dc",
      "geometry": {
        "type": "Polygon",
        "coordinates": [
          [
            [
              -97.0660119,
              32.4267361
            ],
            [
              -97.0659616,
              32.4266336
            ],
            [
              -97.0658503,
              32.4266726
            ],
            [
              -97.0659005,
              32.426775
            ],
            [
              -97.0660119,
              32.4267361
            ]
          ]
        ]
      },
      "properties": {
        "epoch_id": "EPOCH-85492d2b8df586a1",
        "site_name": "Google Midlothian",
        "distance_to_site_km": 1.9657,
        "footprint_area_m2_webmercator": 196.21,
        "source_dataset": "Overture Maps buildings",
        "source_url": "https://docs.overturemaps.org/getting-data/",
        "source_release": "2026-09-23.1",
        "source_accessed_on": "2026-09-27",
        "geometry_role": "current building-footprint polygon",
        "linkage_semantics": "Overlap/proximity only; not evidence that the building hosts AI compute."
      }
    },
    {
      "type": "Feature",
      "id": "5dff976d-9db2-41d7-8d3e-a648be5a8c1f",
      "geometry": {
        "type": "Polygon",
        "coordinates": [
          [
            [
              -97.065992,
              32.427137
            ],
            [
              -97.066143,
              32.427059
            ],
            [
              -97.066097,
              32.426995
            ],
            [
              -97.065946,
              32.427073
            ],
            [
              -97.065992,
              32.427137
            ]
          ]
        ]
      },
      "properties": {
        "epoch_id": "EPOCH-85492d2b8df586a1",
        "site_name": "Google Midlothian",
        "distance_to_site_km": 1.9459,
        "footprint_area_m2_webmercator": 194.56,
        "source_dataset": "Overture Maps buildings",
        "source_url": "https://docs.overturemaps.org/getting-data/",
        "source_release": "2026-09-23.1",
        "source_accessed_on": "2026-09-27",
        "geometry_role": "current building-footprint polygon",
        "linkage_semantics": "Overlap/proximity only; not evidence that the building hosts AI compute."
      }
    },
    {
      "type": "Feature",
      "id": "d296dbd3-2e1f-4d4c-999a-af89b114a59e",
      "geometry": {
        "type": "Polygon",
        "coordinates": [
          [
            [
              -97.0664026,
              32.4262473
            ],
            [
              -97.0664745,
              32.4262158
            ],
            [
              -97.066412,
              32.4261141
            ],
            [
              -97.0663402,
              32.4261456
            ],
            [
              -97.0664026,
              32.4262473
            ]
          ]
        ]
      },
      "properties": {
        "epoch_id": "EPOCH-85492d2b8df586a1",
        "site_name": "Google Midlothian",
        "distance_to_site_km": 2.0383,
        "footprint_area_m2_webmercator": 136.16,
        "source_dataset": "Overture Maps buildings",
        "source_url": "https://docs.overturemaps.org/getting-data/",
        "source_release": "2026-09-23.1",
        "source_accessed_on": "2026-09-27",
        "geometry_role": "current building-footprint polygon",
        "linkage_semantics": "Overlap/proximity only; not evidence that the building hosts AI compute."
      }
    },
    {
      "type": "Feature",
      "id": "46ad55af-f575-47ad-b715-cedc761ea15f",
      "geometry": {
        "type": "Polygon",
        "coordinates": [
          [
            [
              -97.066665,
              32.426843
            ],
            [
              -97.066604,
              32.426748
            ],
            [
              -97.066477,
              32.426807
            ],
            [
              -97.066522,
              32.426877
            ],
            [
              -97.066567,
              32.426856
            ],
            [
              -97.066582,
              32.426881
            ],
            [
              -97.066665,
              32.426843
            ]
          ]
        ]
      },
      "properties": {
        "epoch_id": "EPOCH-85492d2b8df586a1",
        "site_name": "Google Midlothian",
        "distance_to_site_km": 2.001,
        "footprint_area_m2_webmercator": 208.3,
        "source_dataset": "Overture Maps buildings",
        "source_url": "https://docs.overturemaps.org/getting-data/",
        "source_release": "2026-09-23.1",
        "source_accessed_on": "2026-09-27",
        "geometry_role": "current building-footprint polygon",
        "linkage_semantics": "Overlap/proximity only; not evidence that the building hosts AI compute."
      }
    },
    {
      "type": "Feature",
      "id": "d51261b6-87e1-48a9-8b3e-2225804e6263",
      "geometry": {
        "type": "Polygon",
        "coordinates": [
          [
            [
              -97.0652159,
              32.4265983
            ],
            [
              -97.0653053,
              32.426729
            ],
            [
              -97.0654011,
              32.4266823
            ],
            [
              -97.0653117,
              32.4265516
            ],
            [
              -97.0652159,
              32.4265983
            ]
          ]
        ]
      },
      "properties": {
        "epoch_id": "EPOCH-85492d2b8df586a1",
        "site_name": "Google Midlothian",
        "distance_to_site_km": 1.9289,
        "footprint_area_m2_webmercator": 245.12,
        "source_dataset": "Overture Maps buildings",
        "source_url": "https://docs.overturemaps.org/getting-data/",
        "source_release": "2026-09-23.1",
        "source_accessed_on": "2026-09-27",
        "geometry_role": "current building-footprint polygon",
        "linkage_semantics": "Overlap/proximity only; not evidence that the building hosts AI compute."
      }
    },
    {
      "type": "Feature",
      "id": "ba66dee5-d98b-4aed-88f3-f267b57f82c3",
      "geometry": {
        "type": "Polygon",
        "coordinates": [
          [
            [
              -97.0652751,
              32.4270229
            ],
            [
              -97.0652966,
              32.4270665
            ],
            [
              -97.0653592,
              32.4270445
            ],
            [
              -97.0653377,
              32.4270009
            ],
            [
              -97.0652751,
              32.4270229
            ]
          ]
        ]
      },
      "properties": {
        "epoch_id": "EPOCH-85492d2b8df586a1",
        "site_name": "Google Midlothian",
        "distance_to_site_km": 1.8988,
        "footprint_area_m2_webmercator": 47.01,
        "source_dataset": "Overture Maps buildings",
        "source_url": "https://docs.overturemaps.org/getting-data/",
        "source_release": "2026-09-23.1",
        "source_accessed_on": "2026-09-27",
        "geometry_role": "current building-footprint polygon",
        "linkage_semantics": "Overlap/proximity only; not evidence that the building hosts AI compute."
      }
    },
    {
      "type": "Feature",
      "id": "23d72cf6-ddcc-4cdc-8889-77ae8ffd41ff",
      "geometry": {
        "type": "Polygon",
        "coordinates": [
          [
            [
              -97.065373,
              32.427412
            ],
            [
              -97.065522,
              32.427334
            ],
            [
              -97.06547,
              32.427264
            ],
            [
              -97.065321,
              32.427342
            ],
            [
              -97.065373,
              32.427412
            ]
          ]
        ]
      },
      "properties": {
        "epoch_id": "EPOCH-85492d2b8df586a1",
        "site_name": "Google Midlothian",
        "distance_to_site_km": 1.8825,
        "footprint_area_m2_webmercator": 212.67,
        "source_dataset": "Overture Maps buildings",
        "source_url": "https://docs.overturemaps.org/getting-data/",
        "source_release": "2026-09-23.1",
        "source_accessed_on": "2026-09-27",
        "geometry_role": "current building-footprint polygon",
        "linkage_semantics": "Overlap/proximity only; not evidence that the building hosts AI compute."
      }
    },
    {
      "type": "Feature",
      "id": "b3944b8c-06e9-476c-8759-04e17748a8fe",
      "geometry": {
        "type": "Polygon",
        "coordinates": [
          [
            [
              -97.065885,
              32.426385
            ],
            [
              -97.065798,
              32.426425
            ],
            [
              -97.065845,
              32.426499
            ],
            [
              -97.065932,
              32.426459
            ],
            [
              -97.065885,
              32.426385
            ]
          ]
        ]
      },
      "properties": {
        "epoch_id": "EPOCH-85492d2b8df586a1",
        "site_name": "Google Midlothian",
        "distance_to_site_km": 1.9816,
        "footprint_area_m2_webmercator": 122.12,
        "source_dataset": "Overture Maps buildings",
        "source_url": "https://docs.overturemaps.org/getting-data/",
        "source_release": "2026-09-23.1",
        "source_accessed_on": "2026-09-27",
        "geometry_role": "current building-footprint polygon",
        "linkage_semantics": "Overlap/proximity only; not evidence that the building hosts AI compute."
      }
    },
    {
      "type": "Feature",
      "id": "90840962-0d2a-4b5d-8a36-432a0ed221a5",
      "geometry": {
        "type": "Polygon",
        "coordinates": [
          [
            [
              -97.0655047,
              32.4272635
            ],
            [
              -97.0656157,
              32.427226
            ],
            [
              -97.0655815,
              32.4271538
            ],
            [
              -97.0654705,
              32.4271913
            ],
            [
              -97.0655047,
              32.4272635
            ]
          ]
        ]
      },
      "properties": {
        "epoch_id": "EPOCH-85492d2b8df586a1",
        "site_name": "Google Midlothian",
        "distance_to_site_km": 1.9007,
        "footprint_area_m2_webmercator": 136.49,
        "source_dataset": "Overture Maps buildings",
        "source_url": "https://docs.overturemaps.org/getting-data/",
        "source_release": "2026-09-23.1",
        "source_accessed_on": "2026-09-27",
        "geometry_role": "current building-footprint polygon",
        "linkage_semantics": "Overlap/proximity only; not evidence that the building hosts AI compute."
      }
    },
    {
      "type": "Feature",
      "id": "488858f1-95a2-4602-9ffa-5a3668a85aea",
      "geometry": {
        "type": "Polygon",
        "coordinates": [
          [
            [
              -97.065781,
              32.422859
            ],
            [
              -97.066026,
              32.422802
            ],
            [
              -97.065999,
              32.422718
            ],
            [
              -97.065754,
              32.422775
            ],
            [
              -97.065781,
              32.422859
            ]
          ]
        ]
      },
      "properties": {
        "epoch_id": "EPOCH-85492d2b8df586a1",
        "site_name": "Google Midlothian",
        "distance_to_site_km": 2.2861,
        "footprint_area_m2_webmercator": 324.72,
        "source_dataset": "Overture Maps buildings",
        "source_url": "https://docs.overturemaps.org/getting-data/",
        "source_release": "2026-09-23.1",
        "source_accessed_on": "2026-09-27",
        "geometry_role": "current building-footprint polygon",
        "linkage_semantics": "Overlap/proximity only; not evidence that the building hosts AI compute."
      }
    },
    {
      "type": "Feature",
      "id": "ab6cdc05-e16b-467c-8e69-2a7c1ecb1e1e",
      "geometry": {
        "type": "Polygon",
        "coordinates": [
          [
            [
              -97.065749,
              32.423603
            ],
            [
              -97.065712,
              32.423531
            ],
            [
              -97.065574,
              32.423581
            ],
            [
              -97.065612,
              32.423653
            ],
            [
              -97.065749,
              32.423603
            ]
          ]
        ]
      },
      "properties": {
        "epoch_id": "EPOCH-85492d2b8df586a1",
        "site_name": "Google Midlothian",
        "distance_to_site_km": 2.203,
        "footprint_area_m2_webmercator": 172.86,
        "source_dataset": "Overture Maps buildings",
        "source_url": "https://docs.overturemaps.org/getting-data/",
        "source_release": "2026-09-23.1",
        "source_accessed_on": "2026-09-27",
        "geometry_role": "current building-footprint polygon",
        "linkage_semantics": "Overlap/proximity only; not evidence that the building hosts AI compute."
      }
    },
    {
      "type": "Feature",
      "id": "4b0288ba-d3e5-4989-ab2e-06dd2e7ec4db",
      "geometry": {
        "type": "Polygon",
        "coordinates": [
          [
            [
              -97.0653226,
              32.4239858
            ],
            [
              -97.0653346,
              32.4240499
            ],
            [
              -97.0654392,
              32.4240359
            ],
            [
              -97.0654272,
              32.4239718
            ],
            [
              -97.0653226,
              32.4239858
            ]
          ]
        ]
      },
      "properties": {
        "epoch_id": "EPOCH-85492d2b8df586a1",
        "site_name": "Google Midlothian",
        "distance_to_site_km": 2.1503,
        "footprint_area_m2_webmercator": 100.9,
        "source_dataset": "Overture Maps buildings",
        "source_url": "https://docs.overturemaps.org/getting-data/",
        "source_release": "2026-09-23.1",
        "source_accessed_on": "2026-09-27",
        "geometry_role": "current building-footprint polygon",
        "linkage_semantics": "Overlap/proximity only; not evidence that the building hosts AI compute."
      }
    },
    {
      "type": "Feature",
      "id": "ca72ac55-8a70-446f-ac72-19d9e9d25b16",
      "geometry": {
        "type": "Polygon",
        "coordinates": [
          [
            [
              -97.065297,
              32.423824
            ],
            [
              -97.065347,
              32.423817
            ],
            [
              -97.065338,
              32.423768
            ],
            [
              -97.065288,
              32.423774
            ],
            [
              -97.065297,
              32.423824
            ]
          ]
        ]
      },
      "properties": {
        "epoch_id": "EPOCH-85492d2b8df586a1",
        "site_name": "Google Midlothian",
        "distance_to_site_km": 2.1651,
        "footprint_area_m2_webmercator": 37.19,
        "source_dataset": "Overture Maps buildings",
        "source_url": "https://docs.overturemaps.org/getting-data/",
        "source_release": "2026-09-23.1",
        "source_accessed_on": "2026-09-27",
        "geometry_role": "current building-footprint polygon",
        "linkage_semantics": "Overlap/proximity only; not evidence that the building hosts AI compute."
      }
    },
    {
      "type": "Feature",
      "id": "a8436a02-005f-443d-b5db-d21eb531100a",
      "geometry": {
        "type": "Polygon",
        "coordinates": [
          [
            [
              -97.065364,
              32.422891
            ],
            [
              -97.065157,
              32.422947
            ],
            [
              -97.065192,
              32.423041
            ],
            [
              -97.065399,
              32.422985
            ],
            [
              -97.065364,
              32.422891
            ]
          ]
        ]
      },
      "properties": {
        "epoch_id": "EPOCH-85492d2b8df586a1",
        "site_name": "Google Midlothian",
        "distance_to_site_km": 2.2353,
        "footprint_area_m2_webmercator": 314.43,
        "source_dataset": "Overture Maps buildings",
        "source_url": "https://docs.overturemaps.org/getting-data/",
        "source_release": "2026-09-23.1",
        "source_accessed_on": "2026-09-27",
        "geometry_role": "current building-footprint polygon",
        "linkage_semantics": "Overlap/proximity only; not evidence that the building hosts AI compute."
      }
    },
    {
      "type": "Feature",
      "id": "3109d615-511d-42ef-a0ef-66bb3c3d332d",
      "geometry": {
        "type": "Polygon",
        "coordinates": [
          [
            [
              -97.065203,
              32.423698
            ],
            [
              -97.065048,
              32.423741
            ],
            [
              -97.06508,
              32.423825
            ],
            [
              -97.065235,
              32.423782
            ],
            [
              -97.065203,
              32.423698
            ]
          ]
        ]
      },
      "properties": {
        "epoch_id": "EPOCH-85492d2b8df586a1",
        "site_name": "Google Midlothian",
        "distance_to_site_km": 2.1577,
        "footprint_area_m2_webmercator": 211.34,
        "source_dataset": "Overture Maps buildings",
        "source_url": "https://docs.overturemaps.org/getting-data/",
        "source_release": "2026-09-23.1",
        "source_accessed_on": "2026-09-27",
        "geometry_role": "current building-footprint polygon",
        "linkage_semantics": "Overlap/proximity only; not evidence that the building hosts AI compute."
      }
    },
    {
      "type": "Feature",
      "id": "96025d68-cd4b-4dba-a0c3-764d051ce32b",
      "geometry": {
        "type": "Polygon",
        "coordinates": [
          [
            [
              -97.064816,
              32.422803
            ],
            [
              -97.064914,
              32.42278
            ],
            [
              -97.064863,
              32.422622
            ],
            [
              -97.064764,
              32.422645
            ],
            [
              -97.064816,
              32.422803
            ]
          ]
        ]
      },
      "properties": {
        "epoch_id": "EPOCH-85492d2b8df586a1",
        "site_name": "Google Midlothian",
        "distance_to_site_km": 2.2332,
        "footprint_area_m2_webmercator": 245.86,
        "source_dataset": "Overture Maps buildings",
        "source_url": "https://docs.overturemaps.org/getting-data/",
        "source_release": "2026-09-23.1",
        "source_accessed_on": "2026-09-27",
        "geometry_role": "current building-footprint polygon",
        "linkage_semantics": "Overlap/proximity only; not evidence that the building hosts AI compute."
      }
    },
    {
      "type": "Feature",
      "id": "9225edad-7291-48b5-a0ec-1324e4c03135",
      "geometry": {
        "type": "Polygon",
        "coordinates": [
          [
            [
              -97.0644929,
              32.4268974
            ],
            [
              -97.0645562,
              32.4270001
            ],
            [
              -97.0646372,
              32.4269645
            ],
            [
              -97.0645739,
              32.4268618
            ],
            [
              -97.0644929,
              32.4268974
            ]
          ]
        ]
      },
      "properties": {
        "epoch_id": "EPOCH-85492d2b8df586a1",
        "site_name": "Google Midlothian",
        "distance_to_site_km": 1.857,
        "footprint_area_m2_webmercator": 155.21,
        "source_dataset": "Overture Maps buildings",
        "source_url": "https://docs.overturemaps.org/getting-data/",
        "source_release": "2026-09-23.1",
        "source_accessed_on": "2026-09-27",
        "geometry_role": "current building-footprint polygon",
        "linkage_semantics": "Overlap/proximity only; not evidence that the building hosts AI compute."
      }
    },
    {
      "type": "Feature",
      "id": "3fdad369-7a4e-40a6-88a7-eedc719cb026",
      "geometry": {
        "type": "Polygon",
        "coordinates": [
          [
            [
              -97.0643544,
              32.4243874
            ],
            [
              -97.0644229,
              32.4243858
            ],
            [
              -97.0644162,
              32.4241709
            ],
            [
              -97.0643476,
              32.4241724
            ],
            [
              -97.0643544,
              32.4243874
            ]
          ]
        ]
      },
      "properties": {
        "epoch_id": "EPOCH-85492d2b8df586a1",
        "site_name": "Google Midlothian",
        "distance_to_site_km": 2.0685,
        "footprint_area_m2_webmercator": 216.47,
        "source_dataset": "Overture Maps buildings",
        "source_url": "https://docs.overturemaps.org/getting-data/",
        "source_release": "2026-09-23.1",
        "source_accessed_on": "2026-09-27",
        "geometry_role": "current building-footprint polygon",
        "linkage_semantics": "Overlap/proximity only; not evidence that the building hosts AI compute."
      }
    },
    {
      "type": "Feature",
      "id": "84fdce94-2988-4407-8456-64727081050f",
      "geometry": {
        "type": "Polygon",
        "coordinates": [
          [
            [
              -97.064252,
              32.425774
            ],
            [
              -97.064315,
              32.425759
            ],
            [
              -97.064298,
              32.425709
            ],
            [
              -97.064236,
              32.425723
            ],
            [
              -97.064252,
              32.425774
            ]
          ]
        ]
      },
      "properties": {
        "epoch_id": "EPOCH-85492d2b8df586a1",
        "site_name": "Google Midlothian",
        "distance_to_site_km": 1.9363,
        "footprint_area_m2_webmercator": 49.85,
        "source_dataset": "Overture Maps buildings",
        "source_url": "https://docs.overturemaps.org/getting-data/",
        "source_release": "2026-09-23.1",
        "source_accessed_on": "2026-09-27",
        "geometry_role": "current building-footprint polygon",
        "linkage_semantics": "Overlap/proximity only; not evidence that the building hosts AI compute."
      }
    },
    {
      "type": "Feature",
      "id": "c9a4282e-ec4b-472b-ba94-808cca1c7d65",
      "geometry": {
        "type": "Polygon",
        "coordinates": [
          [
            [
              -97.0640519,
              32.4232468
            ],
            [
              -97.0641419,
              32.4232044
            ],
            [
              -97.0640324,
              32.4230387
            ],
            [
              -97.0639424,
              32.4230811
            ],
            [
              -97.0640519,
              32.4232468
            ]
          ]
        ]
      },
      "properties": {
        "epoch_id": "EPOCH-85492d2b8df586a1",
        "site_name": "Google Midlothian",
        "distance_to_site_km": 2.1506,
        "footprint_area_m2_webmercator": 287.09,
        "source_dataset": "Overture Maps buildings",
        "source_url": "https://docs.overturemaps.org/getting-data/",
        "source_release": "2026-09-23.1",
        "source_accessed_on": "2026-09-27",
        "geometry_role": "current building-footprint polygon",
        "linkage_semantics": "Overlap/proximity only; not evidence that the building hosts AI compute."
      }
    },
    {
      "type": "Feature",
      "id": "5241e74f-7923-4573-854b-e2149242f5d0",
      "geometry": {
        "type": "Polygon",
        "coordinates": [
          [
            [
              -97.064059,
              32.424015
            ],
            [
              -97.064059,
              32.423866
            ],
            [
              -97.06397,
              32.423866
            ],
            [
              -97.06397,
              32.424015
            ],
            [
              -97.064059,
              32.424015
            ]
          ]
        ]
      },
      "properties": {
        "epoch_id": "EPOCH-85492d2b8df586a1",
        "site_name": "Google Midlothian",
        "distance_to_site_km": 2.0773,
        "footprint_area_m2_webmercator": 194.68,
        "source_dataset": "Overture Maps buildings",
        "source_url": "https://docs.overturemaps.org/getting-data/",
        "source_release": "2026-09-23.1",
        "source_accessed_on": "2026-09-27",
        "geometry_role": "current building-footprint polygon",
        "linkage_semantics": "Overlap/proximity only; not evidence that the building hosts AI compute."
      }
    },
    {
      "type": "Feature",
      "id": "64353466-3200-49f2-b394-97a9660247d1",
      "geometry": {
        "type": "Polygon",
        "coordinates": [
          [
            [
              -97.0640395,
              32.4226468
            ],
            [
              -97.063951,
              32.4226485
            ],
            [
              -97.0639537,
              32.4227458
            ],
            [
              -97.0640422,
              32.4227441
            ],
            [
              -97.0640395,
              32.4226468
            ]
          ]
        ]
      },
      "properties": {
        "epoch_id": "EPOCH-85492d2b8df586a1",
        "site_name": "Google Midlothian",
        "distance_to_site_km": 2.1889,
        "footprint_area_m2_webmercator": 126.48,
        "source_dataset": "Overture Maps buildings",
        "source_url": "https://docs.overturemaps.org/getting-data/",
        "source_release": "2026-09-23.1",
        "source_accessed_on": "2026-09-27",
        "geometry_role": "current building-footprint polygon",
        "linkage_semantics": "Overlap/proximity only; not evidence that the building hosts AI compute."
      }
    },
    {
      "type": "Feature",
      "id": "c0224f84-6fc9-4a15-90a0-5e7faa150af0",
      "geometry": {
        "type": "Polygon",
        "coordinates": [
          [
            [
              -97.063906,
              32.422522
            ],
            [
              -97.063944,
              32.42252
            ],
            [
              -97.06395,
              32.422624
            ],
            [
              -97.064062,
              32.422619
            ],
            [
              -97.06405,
              32.422407
            ],
            [
              -97.06394,
              32.422412
            ],
            [
              -97.063944,
              32.422473
            ],
            [
              -97.063904,
              32.422474
            ],
            [
              -97.063906,
              32.422522
            ]
          ]
        ]
      },
      "properties": {
        "epoch_id": "EPOCH-85492d2b8df586a1",
        "site_name": "Google Midlothian",
        "distance_to_site_km": 2.2055,
        "footprint_area_m2_webmercator": 373.81,
        "source_dataset": "Overture Maps buildings",
        "source_url": "https://docs.overturemaps.org/getting-data/",
        "source_release": "2026-09-23.1",
        "source_accessed_on": "2026-09-27",
        "geometry_role": "current building-footprint polygon",
        "linkage_semantics": "Overlap/proximity only; not evidence that the building hosts AI compute."
      }
    },
    {
      "type": "Feature",
      "id": "f62f0d12-25bf-4e36-847f-2a2655b3ebe0",
      "geometry": {
        "type": "Polygon",
        "coordinates": [
          [
            [
              -97.064021,
              32.425536
            ],
            [
              -97.063925,
              32.425536
            ],
            [
              -97.063925,
              32.425724
            ],
            [
              -97.064021,
              32.425724
            ],
            [
              -97.064021,
              32.425536
            ]
          ]
        ]
      },
      "properties": {
        "epoch_id": "EPOCH-85492d2b8df586a1",
        "site_name": "Google Midlothian",
        "distance_to_site_km": 1.9274,
        "footprint_area_m2_webmercator": 264.96,
        "source_dataset": "Overture Maps buildings",
        "source_url": "https://docs.overturemaps.org/getting-data/",
        "source_release": "2026-09-23.1",
        "source_accessed_on": "2026-09-27",
        "geometry_role": "current building-footprint polygon",
        "linkage_semantics": "Overlap/proximity only; not evidence that the building hosts AI compute."
      }
    },
    {
      "type": "Feature",
      "id": "21258a31-b5f3-409f-939e-92c09a7df76f",
      "geometry": {
        "type": "Polygon",
        "coordinates": [
          [
            [
              -97.063949,
              32.424604
            ],
            [
              -97.064043,
              32.424604
            ],
            [
              -97.064042,
              32.424426
            ],
            [
              -97.063948,
              32.424426
            ],
            [
              -97.063949,
              32.424604
            ]
          ]
        ]
      },
      "properties": {
        "epoch_id": "EPOCH-85492d2b8df586a1",
        "site_name": "Google Midlothian",
        "distance_to_site_km": 2.0254,
        "footprint_area_m2_webmercator": 245.64,
        "source_dataset": "Overture Maps buildings",
        "source_url": "https://docs.overturemaps.org/getting-data/",
        "source_release": "2026-09-23.1",
        "source_accessed_on": "2026-09-27",
        "geometry_role": "current building-footprint polygon",
        "linkage_semantics": "Overlap/proximity only; not evidence that the building hosts AI compute."
      }
    },
    {
      "type": "Feature",
      "id": "b5da5440-d025-48c9-a3fa-27c2b3ac4e30",
      "geometry": {
        "type": "Polygon",
        "coordinates": [
          [
            [
              -97.0639926,
              32.4260979
            ],
            [
              -97.0640072,
              32.4261673
            ],
            [
              -97.0640982,
              32.4261537
            ],
            [
              -97.0640836,
              32.4260842
            ],
            [
              -97.0639926,
              32.4260979
            ]
          ]
        ]
      },
      "properties": {
        "epoch_id": "EPOCH-85492d2b8df586a1",
        "site_name": "Google Midlothian",
        "distance_to_site_km": 1.8899,
        "footprint_area_m2_webmercator": 95.71,
        "source_dataset": "Overture Maps buildings",
        "source_url": "https://docs.overturemaps.org/getting-data/",
        "source_release": "2026-09-23.1",
        "source_accessed_on": "2026-09-27",
        "geometry_role": "current building-footprint polygon",
        "linkage_semantics": "Overlap/proximity only; not evidence that the building hosts AI compute."
      }
    },
    {
      "type": "Feature",
      "id": "91ea080b-f687-40db-9b8c-1d3437d19b4a",
      "geometry": {
        "type": "Polygon",
        "coordinates": [
          [
            [
              -97.0641757,
              32.4272901
            ],
            [
              -97.0641161,
              32.4271576
            ],
            [
              -97.0638793,
              32.4272334
            ],
            [
              -97.0639247,
              32.4273344
            ],
            [
              -97.0640481,
              32.4272948
            ],
            [
              -97.0640623,
              32.4273265
            ],
            [
              -97.0641757,
              32.4272901
            ]
          ]
        ]
      },
      "properties": {
        "epoch_id": "EPOCH-85492d2b8df586a1",
        "site_name": "Google Midlothian",
        "distance_to_site_km": 1.7966,
        "footprint_area_m2_webmercator": 461.68,
        "source_dataset": "Overture Maps buildings",
        "source_url": "https://docs.overturemaps.org/getting-data/",
        "source_release": "2026-09-23.1",
        "source_accessed_on": "2026-09-27",
        "geometry_role": "current building-footprint polygon",
        "linkage_semantics": "Overlap/proximity only; not evidence that the building hosts AI compute."
      }
    },
    {
      "type": "Feature",
      "id": "0a1838c0-047e-499a-b347-1ace53a36118",
      "geometry": {
        "type": "Polygon",
        "coordinates": [
          [
            [
              -97.0639,
              32.426361
            ],
            [
              -97.063998,
              32.426339
            ],
            [
              -97.063954,
              32.4262
            ],
            [
              -97.063856,
              32.426222
            ],
            [
              -97.0639,
              32.426361
            ]
          ]
        ]
      },
      "properties": {
        "epoch_id": "EPOCH-85492d2b8df586a1",
        "site_name": "Google Midlothian",
        "distance_to_site_km": 1.8696,
        "footprint_area_m2_webmercator": 214.2,
        "source_dataset": "Overture Maps buildings",
        "source_url": "https://docs.overturemaps.org/getting-data/",
        "source_release": "2026-09-23.1",
        "source_accessed_on": "2026-09-27",
        "geometry_role": "current building-footprint polygon",
        "linkage_semantics": "Overlap/proximity only; not evidence that the building hosts AI compute."
      }
    },
    {
      "type": "Feature",
      "id": "647ebe01-4ea2-4b3b-b3bb-498b9b82e17a",
      "geometry": {
        "type": "Polygon",
        "coordinates": [
          [
            [
              -97.0639181,
              32.4261737
            ],
            [
              -97.0639852,
              32.4261672
            ],
            [
              -97.0639728,
              32.4260756
            ],
            [
              -97.0639056,
              32.4260821
            ],
            [
              -97.0639181,
              32.4261737
            ]
          ]
        ]
      },
      "properties": {
        "epoch_id": "EPOCH-85492d2b8df586a1",
        "site_name": "Google Midlothian",
        "distance_to_site_km": 1.8838,
        "footprint_area_m2_webmercator": 91.49,
        "source_dataset": "Overture Maps buildings",
        "source_url": "https://docs.overturemaps.org/getting-data/",
        "source_release": "2026-09-23.1",
        "source_accessed_on": "2026-09-27",
        "geometry_role": "current building-footprint polygon",
        "linkage_semantics": "Overlap/proximity only; not evidence that the building hosts AI compute."
      }
    },
    {
      "type": "Feature",
      "id": "386ae2e8-323b-4fe7-8b62-e24640a53f5e",
      "geometry": {
        "type": "Polygon",
        "coordinates": [
          [
            [
              -97.064181,
              32.426547
            ],
            [
              -97.064089,
              32.426567
            ],
            [
              -97.064146,
              32.426751
            ],
            [
              -97.064289,
              32.426719
            ],
            [
              -97.064271,
              32.42666
            ],
            [
              -97.064221,
              32.426671
            ],
            [
              -97.064181,
              32.426547
            ]
          ]
        ]
      },
      "properties": {
        "epoch_id": "EPOCH-85492d2b8df586a1",
        "site_name": "Google Midlothian",
        "distance_to_site_km": 1.8543,
        "footprint_area_m2_webmercator": 313.85,
        "source_dataset": "Overture Maps buildings",
        "source_url": "https://docs.overturemaps.org/getting-data/",
        "source_release": "2026-09-23.1",
        "source_accessed_on": "2026-09-27",
        "geometry_role": "current building-footprint polygon",
        "linkage_semantics": "Overlap/proximity only; not evidence that the building hosts AI compute."
      }
    },
    {
      "type": "Feature",
      "id": "4a70ead6-5751-4ee4-b815-433cf836ce6d",
      "geometry": {
        "type": "Polygon",
        "coordinates": [
          [
            [
              -97.064353,
              32.427765
            ],
            [
              -97.064259,
              32.427807
            ],
            [
              -97.064345,
              32.427946
            ],
            [
              -97.064439,
              32.427904
            ],
            [
              -97.064353,
              32.427765
            ]
          ]
        ]
      },
      "properties": {
        "epoch_id": "EPOCH-85492d2b8df586a1",
        "site_name": "Google Midlothian",
        "distance_to_site_km": 1.77,
        "footprint_area_m2_webmercator": 244.86,
        "source_dataset": "Overture Maps buildings",
        "source_url": "https://docs.overturemaps.org/getting-data/",
        "source_release": "2026-09-23.1",
        "source_accessed_on": "2026-09-27",
        "geometry_role": "current building-footprint polygon",
        "linkage_semantics": "Overlap/proximity only; not evidence that the building hosts AI compute."
      }
    },
    {
      "type": "Feature",
      "id": "d613cd42-3034-4dfd-bc39-0b5967f82e46",
      "geometry": {
        "type": "Polygon",
        "coordinates": [
          [
            [
              -97.064505,
              32.443165
            ],
            [
              -97.0644505,
              32.4431893
            ],
            [
              -97.0644316,
              32.4431593
            ],
            [
              -97.0643332,
              32.4432033
            ],
            [
              -97.0643683,
              32.4432592
            ],
            [
              -97.0645212,
              32.4431909
            ],
            [
              -97.064505,
              32.443165
            ]
          ]
        ]
      },
      "properties": {
        "epoch_id": "EPOCH-85492d2b8df586a1",
        "site_name": "Google Midlothian",
        "distance_to_site_km": 1.3637,
        "footprint_area_m2_webmercator": 130.03,
        "source_dataset": "Overture Maps buildings",
        "source_url": "https://docs.overturemaps.org/getting-data/",
        "source_release": "2026-09-23.1",
        "source_accessed_on": "2026-09-27",
        "geometry_role": "current building-footprint polygon",
        "linkage_semantics": "Overlap/proximity only; not evidence that the building hosts AI compute."
      }
    },
    {
      "type": "Feature",
      "id": "589258b1-2f66-41c3-a925-ffba87087c73",
      "geometry": {
        "type": "Polygon",
        "coordinates": [
          [
            [
              -97.0644052,
              32.4429877
            ],
            [
              -97.0643798,
              32.4429274
            ],
            [
              -97.0642798,
              32.4429575
            ],
            [
              -97.0643052,
              32.4430177
            ],
            [
              -97.0644052,
              32.4429877
            ]
          ]
        ]
      },
      "properties": {
        "epoch_id": "EPOCH-85492d2b8df586a1",
        "site_name": "Google Midlothian",
        "distance_to_site_km": 1.3482,
        "footprint_area_m2_webmercator": 99.68,
        "source_dataset": "Overture Maps buildings",
        "source_url": "https://docs.overturemaps.org/getting-data/",
        "source_release": "2026-09-23.1",
        "source_accessed_on": "2026-09-27",
        "geometry_role": "current building-footprint polygon",
        "linkage_semantics": "Overlap/proximity only; not evidence that the building hosts AI compute."
      }
    },
    {
      "type": "Feature",
      "id": "85ea1ce5-a669-438e-84b4-5440eff4210e",
      "geometry": {
        "type": "Polygon",
        "coordinates": [
          [
            [
              -97.0641826,
              32.4433958
            ],
            [
              -97.0642116,
              32.4434495
            ],
            [
              -97.0643537,
              32.4433948
            ],
            [
              -97.0643247,
              32.4433411
            ],
            [
              -97.0641826,
              32.4433958
            ]
          ]
        ]
      },
      "properties": {
        "epoch_id": "EPOCH-85492d2b8df586a1",
        "site_name": "Google Midlothian",
        "distance_to_site_km": 1.3581,
        "footprint_area_m2_webmercator": 135.34,
        "source_dataset": "Overture Maps buildings",
        "source_url": "https://docs.overturemaps.org/getting-data/",
        "source_release": "2026-09-23.1",
        "source_accessed_on": "2026-09-27",
        "geometry_role": "current building-footprint polygon",
        "linkage_semantics": "Overlap/proximity only; not evidence that the building hosts AI compute."
      }
    },
    {
      "type": "Feature",
      "id": "261e21ca-6f8d-4705-b4b3-42dc7b6e7be7",
      "geometry": {
        "type": "Polygon",
        "coordinates": [
          [
            [
              -97.0642049,
              32.4433101
            ],
            [
              -97.0643401,
              32.4432843
            ],
            [
              -97.0643211,
              32.4432132
            ],
            [
              -97.0642088,
              32.4432347
            ],
            [
              -97.0642192,
              32.4432734
            ],
            [
              -97.0641707,
              32.4432827
            ],
            [
              -97.0641684,
              32.4432741
            ],
            [
              -97.0641352,
              32.4432804
            ],
            [
              -97.0641526,
              32.443345
            ],
            [
              -97.0642113,
              32.4433338
            ],
            [
              -97.0642049,
              32.4433101
            ]
          ]
        ]
      },
      "properties": {
        "epoch_id": "EPOCH-85492d2b8df586a1",
        "site_name": "Google Midlothian",
        "distance_to_site_km": 1.3509,
        "footprint_area_m2_webmercator": 189.72,
        "source_dataset": "Overture Maps buildings",
        "source_url": "https://docs.overturemaps.org/getting-data/",
        "source_release": "2026-09-23.1",
        "source_accessed_on": "2026-09-27",
        "geometry_role": "current building-footprint polygon",
        "linkage_semantics": "Overlap/proximity only; not evidence that the building hosts AI compute."
      }
    },
    {
      "type": "Feature",
      "id": "844c474f-5285-4ee6-9c2f-b5fe23d2829e",
      "geometry": {
        "type": "Polygon",
        "coordinates": [
          [
            [
              -97.0642673,
              32.4431925
            ],
            [
              -97.0642776,
              32.4431203
            ],
            [
              -97.0642126,
              32.4431137
            ],
            [
              -97.0642023,
              32.4431859
            ],
            [
              -97.0642673,
              32.4431925
            ]
          ]
        ]
      },
      "properties": {
        "epoch_id": "EPOCH-85492d2b8df586a1",
        "site_name": "Google Midlothian",
        "distance_to_site_km": 1.346,
        "footprint_area_m2_webmercator": 69.91,
        "source_dataset": "Overture Maps buildings",
        "source_url": "https://docs.overturemaps.org/getting-data/",
        "source_release": "2026-09-23.1",
        "source_accessed_on": "2026-09-27",
        "geometry_role": "current building-footprint polygon",
        "linkage_semantics": "Overlap/proximity only; not evidence that the building hosts AI compute."
      }
    },
    {
      "type": "Feature",
      "id": "737a5c55-8bbe-497b-a979-6b6f79ec9a96",
      "geometry": {
        "type": "Polygon",
        "coordinates": [
          [
            [
              -97.0642068,
              32.4428987
            ],
            [
              -97.0642264,
              32.442931
            ],
            [
              -97.0643465,
              32.442879
            ],
            [
              -97.0643269,
              32.4428467
            ],
            [
              -97.0642068,
              32.4428987
            ]
          ]
        ]
      },
      "properties": {
        "epoch_id": "EPOCH-85492d2b8df586a1",
        "site_name": "Google Midlothian",
        "distance_to_site_km": 1.3393,
        "footprint_area_m2_webmercator": 71.93,
        "source_dataset": "Overture Maps buildings",
        "source_url": "https://docs.overturemaps.org/getting-data/",
        "source_release": "2026-09-23.1",
        "source_accessed_on": "2026-09-27",
        "geometry_role": "current building-footprint polygon",
        "linkage_semantics": "Overlap/proximity only; not evidence that the building hosts AI compute."
      }
    },
    {
      "type": "Feature",
      "id": "4cfe30bc-dffc-4082-9c25-975d0ad0481e",
      "geometry": {
        "type": "Polygon",
        "coordinates": [
          [
            [
              -97.0639678,
              32.4425837
            ],
            [
              -97.0640431,
              32.4427191
            ],
            [
              -97.0641103,
              32.4426925
            ],
            [
              -97.0640349,
              32.4425571
            ],
            [
              -97.0639678,
              32.4425837
            ]
          ]
        ]
      },
      "properties": {
        "epoch_id": "EPOCH-85492d2b8df586a1",
        "site_name": "Google Midlothian",
        "distance_to_site_km": 1.3092,
        "footprint_area_m2_webmercator": 162.94,
        "source_dataset": "Overture Maps buildings",
        "source_url": "https://docs.overturemaps.org/getting-data/",
        "source_release": "2026-09-23.1",
        "source_accessed_on": "2026-09-27",
        "geometry_role": "current building-footprint polygon",
        "linkage_semantics": "Overlap/proximity only; not evidence that the building hosts AI compute."
      }
    },
    {
      "type": "Feature",
      "id": "e20be880-d9fb-419d-815b-d2573f72d182",
      "geometry": {
        "type": "Polygon",
        "coordinates": [
          [
            [
              -97.0644609,
              32.4433388
            ],
            [
              -97.0645918,
              32.4432982
            ],
            [
              -97.064564,
              32.4432344
            ],
            [
              -97.0644246,
              32.4432776
            ],
            [
              -97.0644333,
              32.4432976
            ],
            [
              -97.064386,
              32.4433122
            ],
            [
              -97.06439,
              32.4433215
            ],
            [
              -97.0643475,
              32.4433347
            ],
            [
              -97.0643643,
              32.4433733
            ],
            [
              -97.0643549,
              32.4433762
            ],
            [
              -97.0643624,
              32.4433934
            ],
            [
              -97.0644701,
              32.44336
            ],
            [
              -97.0644609,
              32.4433388
            ]
          ]
        ]
      },
      "properties": {
        "epoch_id": "EPOCH-85492d2b8df586a1",
        "site_name": "Google Midlothian",
        "distance_to_site_km": 1.3722,
        "footprint_area_m2_webmercator": 244.81,
        "source_dataset": "Overture Maps buildings",
        "source_url": "https://docs.overturemaps.org/getting-data/",
        "source_release": "2026-09-23.1",
        "source_accessed_on": "2026-09-27",
        "geometry_role": "current building-footprint polygon",
        "linkage_semantics": "Overlap/proximity only; not evidence that the building hosts AI compute."
      }
    },
    {
      "type": "Feature",
      "id": "0607fa35-59aa-4540-9f4f-cf7b421d6535",
      "geometry": {
        "type": "Polygon",
        "coordinates": [
          [
            [
              -97.0645124,
              32.4440955
            ],
            [
              -97.0647333,
              32.4440045
            ],
            [
              -97.0646931,
              32.443935
            ],
            [
              -97.0644722,
              32.4440261
            ],
            [
              -97.0645124,
              32.4440955
            ]
          ]
        ]
      },
      "properties": {
        "epoch_id": "EPOCH-85492d2b8df586a1",
        "site_name": "Google Midlothian",
        "distance_to_site_km": 1.4135,
        "footprint_area_m2_webmercator": 279.02,
        "source_dataset": "Overture Maps buildings",
        "source_url": "https://docs.overturemaps.org/getting-data/",
        "source_release": "2026-09-23.1",
        "source_accessed_on": "2026-09-27",
        "geometry_role": "current building-footprint polygon",
        "linkage_semantics": "Overlap/proximity only; not evidence that the building hosts AI compute."
      }
    },
    {
      "type": "Feature",
      "id": "e8de83a3-7704-46fe-8729-50dda5b982ed",
      "geometry": {
        "type": "Polygon",
        "coordinates": [
          [
            [
              -97.0668511,
              32.4556803
            ],
            [
              -97.068257,
              32.4549966
            ],
            [
              -97.0663124,
              32.4521495
            ],
            [
              -97.0649065,
              32.4528333
            ],
            [
              -97.0668511,
              32.4556803
            ]
          ]
        ]
      },
      "properties": {
        "epoch_id": "EPOCH-85492d2b8df586a1",
        "site_name": "Google Midlothian",
        "distance_to_site_km": 2.2295,
        "footprint_area_m2_webmercator": 78307.7,
        "source_dataset": "Overture Maps buildings",
        "source_url": "https://docs.overturemaps.org/getting-data/",
        "source_release": "2026-09-23.1",
        "source_accessed_on": "2026-09-27",
        "geometry_role": "current building-footprint polygon",
        "linkage_semantics": "Overlap/proximity only; not evidence that the building hosts AI compute."
      }
    },
    {
      "type": "Feature",
      "id": "51b1bf47-a850-48e8-b5a8-70fcd93d34a5",
      "geometry": {
        "type": "Polygon",
        "coordinates": [
          [
            [
              -97.0644551,
              32.4517253
            ],
            [
              -97.0664287,
              32.4507681
            ],
            [
              -97.0660043,
              32.4501449
            ],
            [
              -97.0640306,
              32.4511021
            ],
            [
              -97.0644551,
              32.4517253
            ]
          ]
        ]
      },
      "properties": {
        "epoch_id": "EPOCH-85492d2b8df586a1",
        "site_name": "Google Midlothian",
        "distance_to_site_km": 1.9017,
        "footprint_area_m2_webmercator": 24028.65,
        "source_dataset": "Overture Maps buildings",
        "source_url": "https://docs.overturemaps.org/getting-data/",
        "source_release": "2026-09-23.1",
        "source_accessed_on": "2026-09-27",
        "geometry_role": "current building-footprint polygon",
        "linkage_semantics": "Overlap/proximity only; not evidence that the building hosts AI compute."
      }
    },
    {
      "type": "Feature",
      "id": "41522b05-de9b-4741-af97-31c6d1511615",
      "geometry": {
        "type": "Polygon",
        "coordinates": [
          [
            [
              -97.06387,
              32.457207
            ],
            [
              -97.063869,
              32.457006
            ],
            [
              -97.063734,
              32.457006
            ],
            [
              -97.063735,
              32.457208
            ],
            [
              -97.06387,
              32.457207
            ]
          ]
        ]
      },
      "properties": {
        "epoch_id": "EPOCH-85492d2b8df586a1",
        "site_name": "Google Midlothian",
        "distance_to_site_km": 2.3612,
        "footprint_area_m2_webmercator": 399.51,
        "source_dataset": "Overture Maps buildings",
        "source_url": "https://docs.overturemaps.org/getting-data/",
        "source_release": "2026-09-23.1",
        "source_accessed_on": "2026-09-27",
        "geometry_role": "current building-footprint polygon",
        "linkage_semantics": "Overlap/proximity only; not evidence that the building hosts AI compute."
      }
    },
    {
      "type": "Feature",
      "id": "0766ae9e-7393-4dc0-bb94-8d4ae6f04bd8",
      "geometry": {
        "type": "Polygon",
        "coordinates": [
          [
            [
              -97.063708,
              32.456716
            ],
            [
              -97.06394,
              32.456644
            ],
            [
              -97.063868,
              32.456478
            ],
            [
              -97.063636,
              32.45655
            ],
            [
              -97.063708,
              32.456716
            ]
          ]
        ]
      },
      "properties": {
        "epoch_id": "EPOCH-85492d2b8df586a1",
        "site_name": "Google Midlothian",
        "distance_to_site_km": 2.3121,
        "footprint_area_m2_webmercator": 641.72,
        "source_dataset": "Overture Maps buildings",
        "source_url": "https://docs.overturemaps.org/getting-data/",
        "source_release": "2026-09-23.1",
        "source_accessed_on": "2026-09-27",
        "geometry_role": "current building-footprint polygon",
        "linkage_semantics": "Overlap/proximity only; not evidence that the building hosts AI compute."
      }
    },
    {
      "type": "Feature",
      "id": "d7db7d52-b891-4aa8-bcbc-20204543d7ed",
      "geometry": {
        "type": "Polygon",
        "coordinates": [
          [
            [
              -97.06392,
              32.456852
            ],
            [
              -97.063854,
              32.456712
            ],
            [
              -97.063785,
              32.456736
            ],
            [
              -97.063851,
              32.456876
            ],
            [
              -97.06392,
              32.456852
            ]
          ]
        ]
      },
      "properties": {
        "epoch_id": "EPOCH-85492d2b8df586a1",
        "site_name": "Google Midlothian",
        "distance_to_site_km": 2.334,
        "footprint_area_m2_webmercator": 165.13,
        "source_dataset": "Overture Maps buildings",
        "source_url": "https://docs.overturemaps.org/getting-data/",
        "source_release": "2026-09-23.1",
        "source_accessed_on": "2026-09-27",
        "geometry_role": "current building-footprint polygon",
        "linkage_semantics": "Overlap/proximity only; not evidence that the building hosts AI compute."
      }
    },
    {
      "type": "Feature",
      "id": "2f448c88-69b4-4446-86e2-68120a7380fc",
      "geometry": {
        "type": "Polygon",
        "coordinates": [
          [
            [
              -97.0647066,
              32.4567836
            ],
            [
              -97.0658387,
              32.4562377
            ],
            [
              -97.063811,
              32.4532435
            ],
            [
              -97.0626789,
              32.4537894
            ],
            [
              -97.0647066,
              32.4567836
            ]
          ]
        ]
      },
      "properties": {
        "epoch_id": "EPOCH-85492d2b8df586a1",
        "site_name": "Google Midlothian",
        "distance_to_site_km": 2.1897,
        "footprint_area_m2_webmercator": 66036.76,
        "source_dataset": "Overture Maps buildings",
        "source_url": "https://docs.overturemaps.org/getting-data/",
        "source_release": "2026-09-23.1",
        "source_accessed_on": "2026-09-27",
        "geometry_role": "current building-footprint polygon",
        "linkage_semantics": "Overlap/proximity only; not evidence that the building hosts AI compute."
      }
    },
    {
      "type": "Feature",
      "id": "e7ef14af-6419-443e-b129-696335cc8ec2",
      "geometry": {
        "type": "Polygon",
        "coordinates": [
          [
            [
              -97.0618082,
              32.4530226
            ],
            [
              -97.0642265,
              32.4518375
            ],
            [
              -97.0638722,
              32.4513226
            ],
            [
              -97.0628072,
              32.4518445
            ],
            [
              -97.0628921,
              32.4519678
            ],
            [
              -97.0615388,
              32.452631
            ],
            [
              -97.0618082,
              32.4530226
            ]
          ]
        ]
      },
      "properties": {
        "epoch_id": "EPOCH-85492d2b8df586a1",
        "site_name": "Google Midlothian",
        "distance_to_site_km": 1.8614,
        "footprint_area_m2_webmercator": 21174.62,
        "source_dataset": "Overture Maps buildings",
        "source_url": "https://docs.overturemaps.org/getting-data/",
        "source_release": "2026-09-23.1",
        "source_accessed_on": "2026-09-27",
        "geometry_role": "current building-footprint polygon",
        "linkage_semantics": "Overlap/proximity only; not evidence that the building hosts AI compute."
      }
    },
    {
      "type": "Feature",
      "id": "5be07cb8-4a3b-4025-81e9-be65e1c22a35",
      "geometry": {
        "type": "Polygon",
        "coordinates": [
          [
            [
              -97.062538,
              32.457378
            ],
            [
              -97.062493,
              32.457313
            ],
            [
              -97.06237,
              32.457372
            ],
            [
              -97.062415,
              32.457438
            ],
            [
              -97.062538,
              32.457378
            ]
          ]
        ]
      },
      "properties": {
        "epoch_id": "EPOCH-85492d2b8df586a1",
        "site_name": "Google Midlothian",
        "distance_to_site_km": 2.3247,
        "footprint_area_m2_webmercator": 157.64,
        "source_dataset": "Overture Maps buildings",
        "source_url": "https://docs.overturemaps.org/getting-data/",
        "source_release": "2026-09-23.1",
        "source_accessed_on": "2026-09-27",
        "geometry_role": "current building-footprint polygon",
        "linkage_semantics": "Overlap/proximity only; not evidence that the building hosts AI compute."
      }
    },
    {
      "type": "Feature",
      "id": "a9320075-0b40-4303-a80d-d3b0929e61e2",
      "geometry": {
        "type": "Polygon",
        "coordinates": [
          [
            [
              -97.063478,
              32.457618
            ],
            [
              -97.063432,
              32.457442
            ],
            [
              -97.063312,
              32.457465
            ],
            [
              -97.063358,
              32.45764
            ],
            [
              -97.063478,
              32.457618
            ]
          ]
        ]
      },
      "properties": {
        "epoch_id": "EPOCH-85492d2b8df586a1",
        "site_name": "Google Midlothian",
        "distance_to_site_km": 2.3835,
        "footprint_area_m2_webmercator": 324.49,
        "source_dataset": "Overture Maps buildings",
        "source_url": "https://docs.overturemaps.org/getting-data/",
        "source_release": "2026-09-23.1",
        "source_accessed_on": "2026-09-27",
        "geometry_role": "current building-footprint polygon",
        "linkage_semantics": "Overlap/proximity only; not evidence that the building hosts AI compute."
      }
    },
    {
      "type": "Feature",
      "id": "37f527cb-a3d8-4ef1-a13e-0cfd5dfaa6d8",
      "geometry": {
        "type": "Polygon",
        "coordinates": [
          [
            [
              -97.063484,
              32.456098
            ],
            [
              -97.063297,
              32.456165
            ],
            [
              -97.063357,
              32.456284
            ],
            [
              -97.063544,
              32.456216
            ],
            [
              -97.063484,
              32.456098
            ]
          ]
        ]
      },
      "properties": {
        "epoch_id": "EPOCH-85492d2b8df586a1",
        "site_name": "Google Midlothian",
        "distance_to_site_km": 2.2556,
        "footprint_area_m2_webmercator": 384.91,
        "source_dataset": "Overture Maps buildings",
        "source_url": "https://docs.overturemaps.org/getting-data/",
        "source_release": "2026-09-23.1",
        "source_accessed_on": "2026-09-27",
        "geometry_role": "current building-footprint polygon",
        "linkage_semantics": "Overlap/proximity only; not evidence that the building hosts AI compute."
      }
    },
    {
      "type": "Feature",
      "id": "ea48506a-fbda-4f07-afd0-4dc4ff39f17b",
      "geometry": {
        "type": "Polygon",
        "coordinates": [
          [
            [
              -97.063363,
              32.457226
            ],
            [
              -97.063392,
              32.457346
            ],
            [
              -97.063622,
              32.457306
            ],
            [
              -97.063593,
              32.457187
            ],
            [
              -97.063363,
              32.457226
            ]
          ]
        ]
      },
      "properties": {
        "epoch_id": "EPOCH-85492d2b8df586a1",
        "site_name": "Google Midlothian",
        "distance_to_site_km": 2.3616,
        "footprint_area_m2_webmercator": 420.47,
        "source_dataset": "Overture Maps buildings",
        "source_url": "https://docs.overturemaps.org/getting-data/",
        "source_release": "2026-09-23.1",
        "source_accessed_on": "2026-09-27",
        "geometry_role": "current building-footprint polygon",
        "linkage_semantics": "Overlap/proximity only; not evidence that the building hosts AI compute."
      }
    },
    {
      "type": "Feature",
      "id": "8e9f3585-39a9-4bcb-8b04-6ba28b4f077c",
      "geometry": {
        "type": "Polygon",
        "coordinates": [
          [
            [
              -97.060875,
              32.456817
            ],
            [
              -97.061023,
              32.456761
            ],
            [
              -97.060937,
              32.4566
            ],
            [
              -97.06079,
              32.456655
            ],
            [
              -97.060875,
              32.456817
            ]
          ]
        ]
      },
      "properties": {
        "epoch_id": "EPOCH-85492d2b8df586a1",
        "site_name": "Google Midlothian",
        "distance_to_site_km": 2.1929,
        "footprint_area_m2_webmercator": 419.53,
        "source_dataset": "Overture Maps buildings",
        "source_url": "https://docs.overturemaps.org/getting-data/",
        "source_release": "2026-09-23.1",
        "source_accessed_on": "2026-09-27",
        "geometry_role": "current building-footprint polygon",
        "linkage_semantics": "Overlap/proximity only; not evidence that the building hosts AI compute."
      }
    },
    {
      "type": "Feature",
      "id": "aeac35b0-d36f-4f69-8a52-5ec470394a19",
      "geometry": {
        "type": "Polygon",
        "coordinates": [
          [
            [
              -97.0613057,
              32.4444161
            ],
            [
              -97.0611642,
              32.4444241
            ],
            [
              -97.061172,
              32.4445223
            ],
            [
              -97.0613135,
              32.4445143
            ],
            [
              -97.0613057,
              32.4444161
            ]
          ]
        ]
      },
      "properties": {
        "epoch_id": "EPOCH-85492d2b8df586a1",
        "site_name": "Google Midlothian",
        "distance_to_site_km": 1.1574,
        "footprint_area_m2_webmercator": 204.96,
        "source_dataset": "Overture Maps buildings",
        "source_url": "https://docs.overturemaps.org/getting-data/",
        "source_release": "2026-09-23.1",
        "source_accessed_on": "2026-09-27",
        "geometry_role": "current building-footprint polygon",
        "linkage_semantics": "Overlap/proximity only; not evidence that the building hosts AI compute."
      }
    },
    {
      "type": "Feature",
      "id": "33f009c0-73e5-46c3-8841-97598f5d8e26",
      "geometry": {
        "type": "Polygon",
        "coordinates": [
          [
            [
              -97.0613909,
              32.444674
            ],
            [
              -97.0614166,
              32.4445652
            ],
            [
              -97.0612799,
              32.4445422
            ],
            [
              -97.0612542,
              32.444651
            ],
            [
              -97.0613909,
              32.444674
            ]
          ]
        ]
      },
      "properties": {
        "epoch_id": "EPOCH-85492d2b8df586a1",
        "site_name": "Google Midlothian",
        "distance_to_site_km": 1.1733,
        "footprint_area_m2_webmercator": 227.08,
        "source_dataset": "Overture Maps buildings",
        "source_url": "https://docs.overturemaps.org/getting-data/",
        "source_release": "2026-09-23.1",
        "source_accessed_on": "2026-09-27",
        "geometry_role": "current building-footprint polygon",
        "linkage_semantics": "Overlap/proximity only; not evidence that the building hosts AI compute."
      }
    },
    {
      "type": "Feature",
      "id": "1200a16a-6e13-42e7-98d2-f27606dbce33",
      "geometry": {
        "type": "Polygon",
        "coordinates": [
          [
            [
              -97.0615258,
              32.4445084
            ],
            [
              -97.0615275,
              32.4444713
            ],
            [
              -97.0615579,
              32.4444723
            ],
            [
              -97.0615617,
              32.4443919
            ],
            [
              -97.0614321,
              32.4443876
            ],
            [
              -97.0614267,
              32.4445051
            ],
            [
              -97.0615258,
              32.4445084
            ]
          ]
        ]
      },
      "properties": {
        "epoch_id": "EPOCH-85492d2b8df586a1",
        "site_name": "Google Midlothian",
        "distance_to_site_km": 1.176,
        "footprint_area_m2_webmercator": 207.26,
        "source_dataset": "Overture Maps buildings",
        "source_url": "https://docs.overturemaps.org/getting-data/",
        "source_release": "2026-09-23.1",
        "source_accessed_on": "2026-09-27",
        "geometry_role": "current building-footprint polygon",
        "linkage_semantics": "Overlap/proximity only; not evidence that the building hosts AI compute."
      }
    },
    {
      "type": "Feature",
      "id": "d65aa541-fe12-4c87-af4c-458d76ac4b0a",
      "geometry": {
        "type": "Polygon",
        "coordinates": [
          [
            [
              -97.0614865,
              32.4442683
            ],
            [
              -97.061365,
              32.4442389
            ],
            [
              -97.0613281,
              32.4443477
            ],
            [
              -97.0614496,
              32.4443771
            ],
            [
              -97.0614865,
              32.4442683
            ]
          ]
        ]
      },
      "properties": {
        "epoch_id": "EPOCH-85492d2b8df586a1",
        "site_name": "Google Midlothian",
        "distance_to_site_km": 1.1615,
        "footprint_area_m2_webmercator": 210.04,
        "source_dataset": "Overture Maps buildings",
        "source_url": "https://docs.overturemaps.org/getting-data/",
        "source_release": "2026-09-23.1",
        "source_accessed_on": "2026-09-27",
        "geometry_role": "current building-footprint polygon",
        "linkage_semantics": "Overlap/proximity only; not evidence that the building hosts AI compute."
      }
    },
    {
      "type": "Feature",
      "id": "377f5d99-2f06-4beb-81b6-bb645bd9313e",
      "geometry": {
        "type": "Polygon",
        "coordinates": [
          [
            [
              -97.0612793,
              32.4441819
            ],
            [
              -97.0614601,
              32.4441039
            ],
            [
              -97.0614113,
              32.4440234
            ],
            [
              -97.0612305,
              32.4441013
            ],
            [
              -97.0612793,
              32.4441819
            ]
          ]
        ]
      },
      "properties": {
        "epoch_id": "EPOCH-85492d2b8df586a1",
        "site_name": "Google Midlothian",
        "distance_to_site_km": 1.1448,
        "footprint_area_m2_webmercator": 269.71,
        "source_dataset": "Overture Maps buildings",
        "source_url": "https://docs.overturemaps.org/getting-data/",
        "source_release": "2026-09-23.1",
        "source_accessed_on": "2026-09-27",
        "geometry_role": "current building-footprint polygon",
        "linkage_semantics": "Overlap/proximity only; not evidence that the building hosts AI compute."
      }
    },
    {
      "type": "Feature",
      "id": "d84cdfb9-bb85-43bc-a4b6-bbdec3bb92f3",
      "geometry": {
        "type": "Polygon",
        "coordinates": [
          [
            [
              -97.0604346,
              32.4421078
            ],
            [
              -97.0602977,
              32.4421611
            ],
            [
              -97.06035,
              32.4422364
            ],
            [
              -97.0601773,
              32.4423099
            ],
            [
              -97.0602101,
              32.4423648
            ],
            [
              -97.060248,
              32.4424282
            ],
            [
              -97.0604474,
              32.4423433
            ],
            [
              -97.0604787,
              32.4423957
            ],
            [
              -97.0602661,
              32.442486
            ],
            [
              -97.0603408,
              32.4426111
            ],
            [
              -97.0605563,
              32.4425196
            ],
            [
              -97.0605908,
              32.4425776
            ],
            [
              -97.0603838,
              32.4426654
            ],
            [
              -97.0604481,
              32.4427734
            ],
            [
              -97.0606652,
              32.4426813
            ],
            [
              -97.0607092,
              32.4427552
            ],
            [
              -97.060495,
              32.442846
            ],
            [
              -97.060558,
              32.4429518
            ],
            [
              -97.0607734,
              32.4428604
            ],
            [
              -97.0608146,
              32.4429298
            ],
            [
              -97.0606006,
              32.4430206
            ],
            [
              -97.0606645,
              32.4431277
            ],
            [
              -97.0608792,
              32.4430366
            ],
            [
              -97.0609238,
              32.4431114
            ],
            [
              -97.0607093,
              32.4432026
            ],
            [
              -97.0607667,
              32.4432987
            ],
            [
              -97.0609882,
              32.4432045
            ],
            [
              -97.0610379,
              32.4432877
            ],
            [
              -97.06082,
              32.4433804
            ],
            [
              -97.0608774,
              32.4434764
            ],
            [
              -97.061086,
              32.4433876
            ],
            [
              -97.0611288,
              32.4434592
            ],
            [
              -97.0609117,
              32.4435517
            ],
            [
              -97.0609766,
              32.4436601
            ],
            [
              -97.0611507,
              32.4435858
            ],
            [
              -97.0611913,
              32.4436536
            ],
            [
              -97.0610142,
              32.4437292
            ],
            [
              -97.0610823,
              32.4438428
            ],
            [
              -97.0612979,
              32.4437508
            ],
            [
              -97.0613347,
              32.4438122
            ],
            [
              -97.0611192,
              32.4439042
            ],
            [
              -97.0611883,
              32.4440195
            ],
            [
              -97.0613952,
              32.4439312
            ],
            [
              -97.0614333,
              32.4439948
            ],
            [
              -97.0615446,
              32.4439473
            ],
            [
              -97.060453,
              32.4421247
            ],
            [
              -97.0604346,
              32.4421078
            ]
          ]
        ]
      },
      "properties": {
        "epoch_id": "EPOCH-85492d2b8df586a1",
        "site_name": "Google Midlothian",
        "distance_to_site_km": 1.0504,
        "footprint_area_m2_webmercator": 7801.38,
        "source_dataset": "Overture Maps buildings",
        "source_url": "https://docs.overturemaps.org/getting-data/",
        "source_release": "2026-09-23.1",
        "source_accessed_on": "2026-09-27",
        "geometry_role": "current building-footprint polygon",
        "linkage_semantics": "Overlap/proximity only; not evidence that the building hosts AI compute."
      }
    },
    {
      "type": "Feature",
      "id": "d51a90a6-e9c1-42c6-9326-1afba3d15777",
      "geometry": {
        "type": "Polygon",
        "coordinates": [
          [
            [
              -97.061081,
              32.4414023
            ],
            [
              -97.06201,
              32.440998
            ],
            [
              -97.0609026,
              32.4391361
            ],
            [
              -97.0609928,
              32.4390903
            ],
            [
              -97.0608333,
              32.4388054
            ],
            [
              -97.0598298,
              32.43927
            ],
            [
              -97.061081,
              32.4414023
            ]
          ]
        ]
      },
      "properties": {
        "epoch_id": "EPOCH-85492d2b8df586a1",
        "site_name": "Google Midlothian",
        "distance_to_site_km": 0.9585,
        "footprint_area_m2_webmercator": 36925.29,
        "source_dataset": "Overture Maps buildings",
        "source_url": "https://docs.overturemaps.org/getting-data/",
        "source_release": "2026-09-23.1",
        "source_accessed_on": "2026-09-27",
        "geometry_role": "current building-footprint polygon",
        "linkage_semantics": "Overlap/proximity only; not evidence that the building hosts AI compute."
      }
    },
    {
      "type": "Feature",
      "id": "1d806184-0c78-4039-9bec-2547df52e299",
      "geometry": {
        "type": "Polygon",
        "coordinates": [
          [
            [
              -97.0619556,
              32.4443896
            ],
            [
              -97.0621068,
              32.4443256
            ],
            [
              -97.0620743,
              32.4442709
            ],
            [
              -97.0619231,
              32.4443349
            ],
            [
              -97.0619556,
              32.4443896
            ]
          ]
        ]
      },
      "properties": {
        "epoch_id": "EPOCH-85492d2b8df586a1",
        "site_name": "Google Midlothian",
        "distance_to_site_km": 1.2119,
        "footprint_area_m2_webmercator": 151.99,
        "source_dataset": "Overture Maps buildings",
        "source_url": "https://docs.overturemaps.org/getting-data/",
        "source_release": "2026-09-23.1",
        "source_accessed_on": "2026-09-27",
        "geometry_role": "current building-footprint polygon",
        "linkage_semantics": "Overlap/proximity only; not evidence that the building hosts AI compute."
      }
    },
    {
      "type": "Feature",
      "id": "d0c8221c-6f4f-4057-9a46-b72dcc3b0ec0",
      "geometry": {
        "type": "Polygon",
        "coordinates": [
          [
            [
              -97.0618789,
              32.44425
            ],
            [
              -97.062023,
              32.4441881
            ],
            [
              -97.061991,
              32.4441349
            ],
            [
              -97.0618468,
              32.4441968
            ],
            [
              -97.0618789,
              32.44425
            ]
          ]
        ]
      },
      "properties": {
        "epoch_id": "EPOCH-85492d2b8df586a1",
        "site_name": "Google Midlothian",
        "distance_to_site_km": 1.1978,
        "footprint_area_m2_webmercator": 141.74,
        "source_dataset": "Overture Maps buildings",
        "source_url": "https://docs.overturemaps.org/getting-data/",
        "source_release": "2026-09-23.1",
        "source_accessed_on": "2026-09-27",
        "geometry_role": "current building-footprint polygon",
        "linkage_semantics": "Overlap/proximity only; not evidence that the building hosts AI compute."
      }
    },
    {
      "type": "Feature",
      "id": "e8385e9d-9d61-4b39-ba41-00fc438b396e",
      "geometry": {
        "type": "Polygon",
        "coordinates": [
          [
            [
              -97.0617,
              32.4444292
            ],
            [
              -97.0617757,
              32.4443962
            ],
            [
              -97.061611,
              32.4441268
            ],
            [
              -97.0615354,
              32.4441597
            ],
            [
              -97.0617,
              32.4444292
            ]
          ]
        ]
      },
      "properties": {
        "epoch_id": "EPOCH-85492d2b8df586a1",
        "site_name": "Google Midlothian",
        "distance_to_site_km": 1.1798,
        "footprint_area_m2_webmercator": 378.98,
        "source_dataset": "Overture Maps buildings",
        "source_url": "https://docs.overturemaps.org/getting-data/",
        "source_release": "2026-09-23.1",
        "source_accessed_on": "2026-09-27",
        "geometry_role": "current building-footprint polygon",
        "linkage_semantics": "Overlap/proximity only; not evidence that the building hosts AI compute."
      }
    },
    {
      "type": "Feature",
      "id": "debf4ac2-28b9-49a2-9254-9a52f4db46a1",
      "geometry": {
        "type": "Polygon",
        "coordinates": [
          [
            [
              -97.0625848,
              32.4465596
            ],
            [
              -97.062309,
              32.4460885
            ],
            [
              -97.0621683,
              32.4461472
            ],
            [
              -97.062152,
              32.4461194
            ],
            [
              -97.0621241,
              32.4461311
            ],
            [
              -97.0620382,
              32.4461668
            ],
            [
              -97.0620261,
              32.4461719
            ],
            [
              -97.0620415,
              32.4461981
            ],
            [
              -97.0619086,
              32.4462535
            ],
            [
              -97.0621376,
              32.4466448
            ],
            [
              -97.0622666,
              32.4468651
            ],
            [
              -97.0626661,
              32.4466985
            ],
            [
              -97.0626435,
              32.4466598
            ],
            [
              -97.0625848,
              32.4465596
            ]
          ]
        ]
      },
      "properties": {
        "epoch_id": "EPOCH-85492d2b8df586a1",
        "site_name": "Google Midlothian",
        "distance_to_site_km": 1.3659,
        "footprint_area_m2_webmercator": 4519.98,
        "source_dataset": "Overture Maps buildings",
        "source_url": "https://docs.overturemaps.org/getting-data/",
        "source_release": "2026-09-23.1",
        "source_accessed_on": "2026-09-27",
        "geometry_role": "current building-footprint polygon",
        "linkage_semantics": "Overlap/proximity only; not evidence that the building hosts AI compute."
      }
    },
    {
      "type": "Feature",
      "id": "108b2098-ec2c-4ec1-a8f3-3e32dda0d15e",
      "geometry": {
        "type": "Polygon",
        "coordinates": [
          [
            [
              -97.0627466,
              32.4453052
            ],
            [
              -97.0628037,
              32.4452826
            ],
            [
              -97.0626623,
              32.4450285
            ],
            [
              -97.0626052,
              32.4450512
            ],
            [
              -97.0627466,
              32.4453052
            ]
          ]
        ]
      },
      "properties": {
        "epoch_id": "EPOCH-85492d2b8df586a1",
        "site_name": "Google Midlothian",
        "distance_to_site_km": 1.3151,
        "footprint_area_m2_webmercator": 260.04,
        "source_dataset": "Overture Maps buildings",
        "source_url": "https://docs.overturemaps.org/getting-data/",
        "source_release": "2026-09-23.1",
        "source_accessed_on": "2026-09-27",
        "geometry_role": "current building-footprint polygon",
        "linkage_semantics": "Overlap/proximity only; not evidence that the building hosts AI compute."
      }
    },
    {
      "type": "Feature",
      "id": "35b0e83e-3975-4eea-8896-a1c661f5aa29",
      "geometry": {
        "type": "Polygon",
        "coordinates": [
          [
            [
              -97.0637098,
              32.4430887
            ],
            [
              -97.0635786,
              32.4428688
            ],
            [
              -97.0633865,
              32.4429505
            ],
            [
              -97.0633496,
              32.4429662
            ],
            [
              -97.0633004,
              32.4429871
            ],
            [
              -97.0632189,
              32.4430217
            ],
            [
              -97.0631096,
              32.4430682
            ],
            [
              -97.0628835,
              32.4431643
            ],
            [
              -97.0628005,
              32.4431996
            ],
            [
              -97.0625892,
              32.4432895
            ],
            [
              -97.0624791,
              32.4433363
            ],
            [
              -97.0625231,
              32.4434101
            ],
            [
              -97.062599,
              32.4435373
            ],
            [
              -97.062632,
              32.4435924
            ],
            [
              -97.0627117,
              32.4435585
            ],
            [
              -97.0630711,
              32.4441601
            ],
            [
              -97.0630363,
              32.444174
            ],
            [
              -97.0630446,
              32.4441897
            ],
            [
              -97.0630814,
              32.4442591
            ],
            [
              -97.0640811,
              32.443834
            ],
            [
              -97.0641399,
              32.443809
            ],
            [
              -97.0639543,
              32.4434982
            ],
            [
              -97.0637098,
              32.4430887
            ]
          ]
        ]
      },
      "properties": {
        "epoch_id": "EPOCH-85492d2b8df586a1",
        "site_name": "Google Midlothian",
        "distance_to_site_km": 1.2839,
        "footprint_area_m2_webmercator": 18083.16,
        "source_dataset": "Overture Maps buildings",
        "source_url": "https://docs.overturemaps.org/getting-data/",
        "source_release": "2026-09-23.1",
        "source_accessed_on": "2026-09-27",
        "geometry_role": "current building-footprint polygon",
        "linkage_semantics": "Overlap/proximity only; not evidence that the building hosts AI compute."
      }
    },
    {
      "type": "Feature",
      "id": "b300084b-a732-4fe2-9b41-e60ac49899f6",
      "geometry": {
        "type": "Polygon",
        "coordinates": [
          [
            [
              -97.0628317,
              32.4409601
            ],
            [
              -97.0630267,
              32.4413374
            ],
            [
              -97.0632836,
              32.4412428
            ],
            [
              -97.0630886,
              32.4408655
            ],
            [
              -97.0628317,
              32.4409601
            ]
          ]
        ]
      },
      "properties": {
        "epoch_id": "EPOCH-85492d2b8df586a1",
        "site_name": "Google Midlothian",
        "distance_to_site_km": 1.1755,
        "footprint_area_m2_webmercator": 1694.11,
        "source_dataset": "Overture Maps buildings",
        "source_url": "https://docs.overturemaps.org/getting-data/",
        "source_release": "2026-09-23.1",
        "source_accessed_on": "2026-09-27",
        "geometry_role": "current building-footprint polygon",
        "linkage_semantics": "Overlap/proximity only; not evidence that the building hosts AI compute."
      }
    },
    {
      "type": "Feature",
      "id": "70f73f95-e3d0-4bf4-a9cf-9a93de18a6b0",
      "geometry": {
        "type": "Polygon",
        "coordinates": [
          [
            [
              -97.0617327,
              32.4418464
            ],
            [
              -97.0616195,
              32.4418928
            ],
            [
              -97.0616407,
              32.4419281
            ],
            [
              -97.0616893,
              32.4420091
            ],
            [
              -97.0617652,
              32.4421354
            ],
            [
              -97.0617881,
              32.4421737
            ],
            [
              -97.0618726,
              32.4421406
            ],
            [
              -97.0622191,
              32.4427726
            ],
            [
              -97.0622596,
              32.4428465
            ],
            [
              -97.06331,
              32.4423837
            ],
            [
              -97.0631332,
              32.4420864
            ],
            [
              -97.0629539,
              32.4417848
            ],
            [
              -97.0628888,
              32.4416753
            ],
            [
              -97.0627439,
              32.4414317
            ],
            [
              -97.0625333,
              32.4415181
            ],
            [
              -97.062501,
              32.4415313
            ],
            [
              -97.0624507,
              32.4415519
            ],
            [
              -97.0623695,
              32.4415852
            ],
            [
              -97.0622672,
              32.4416272
            ],
            [
              -97.0620308,
              32.4417242
            ],
            [
              -97.0619419,
              32.4417606
            ],
            [
              -97.0617327,
              32.4418464
            ]
          ]
        ]
      },
      "properties": {
        "epoch_id": "EPOCH-85492d2b8df586a1",
        "site_name": "Google Midlothian",
        "distance_to_site_km": 1.1533,
        "footprint_area_m2_webmercator": 18912.38,
        "source_dataset": "Overture Maps buildings",
        "source_url": "https://docs.overturemaps.org/getting-data/",
        "source_release": "2026-09-23.1",
        "source_accessed_on": "2026-09-27",
        "geometry_role": "current building-footprint polygon",
        "linkage_semantics": "Overlap/proximity only; not evidence that the building hosts AI compute."
      }
    },
    {
      "type": "Feature",
      "id": "b9db7449-3d96-4cb6-83a6-7303d68c2d7a",
      "geometry": {
        "type": "Polygon",
        "coordinates": [
          [
            [
              -97.061154,
              32.418909
            ],
            [
              -97.061114,
              32.418909
            ],
            [
              -97.061114,
              32.419
            ],
            [
              -97.061205,
              32.419
            ],
            [
              -97.061205,
              32.418826
            ],
            [
              -97.061154,
              32.418826
            ],
            [
              -97.061154,
              32.418909
            ]
          ]
        ]
      },
      "properties": {
        "epoch_id": "EPOCH-85492d2b8df586a1",
        "site_name": "Google Midlothian",
        "distance_to_site_km": 2.4276,
        "footprint_area_m2_webmercator": 183.7,
        "source_dataset": "Overture Maps buildings",
        "source_url": "https://docs.overturemaps.org/getting-data/",
        "source_release": "2026-09-23.1",
        "source_accessed_on": "2026-09-27",
        "geometry_role": "current building-footprint polygon",
        "linkage_semantics": "Overlap/proximity only; not evidence that the building hosts AI compute."
      }
    },
    {
      "type": "Feature",
      "id": "e669d35f-5797-42a2-aac3-9e3ea1b48cfd",
      "geometry": {
        "type": "Polygon",
        "coordinates": [
          [
            [
              -97.0613118,
              32.4188465
            ],
            [
              -97.0613251,
              32.4189814
            ],
            [
              -97.0613703,
              32.4189783
            ],
            [
              -97.0613571,
              32.4188433
            ],
            [
              -97.0613118,
              32.4188465
            ]
          ]
        ]
      },
      "properties": {
        "epoch_id": "EPOCH-85492d2b8df586a1",
        "site_name": "Google Midlothian",
        "distance_to_site_km": 2.4356,
        "footprint_area_m2_webmercator": 90.26,
        "source_dataset": "Overture Maps buildings",
        "source_url": "https://docs.overturemaps.org/getting-data/",
        "source_release": "2026-09-23.1",
        "source_accessed_on": "2026-09-27",
        "geometry_role": "current building-footprint polygon",
        "linkage_semantics": "Overlap/proximity only; not evidence that the building hosts AI compute."
      }
    },
    {
      "type": "Feature",
      "id": "bc94c669-9a81-4d7f-a2ff-8f67da561629",
      "geometry": {
        "type": "Polygon",
        "coordinates": [
          [
            [
              -97.062771,
              32.419546
            ],
            [
              -97.062653,
              32.419546
            ],
            [
              -97.062653,
              32.419688
            ],
            [
              -97.062771,
              32.419688
            ],
            [
              -97.062771,
              32.419546
            ]
          ]
        ]
      },
      "properties": {
        "epoch_id": "EPOCH-85492d2b8df586a1",
        "site_name": "Google Midlothian",
        "distance_to_site_km": 2.4208,
        "footprint_area_m2_webmercator": 245.98,
        "source_dataset": "Overture Maps buildings",
        "source_url": "https://docs.overturemaps.org/getting-data/",
        "source_release": "2026-09-23.1",
        "source_accessed_on": "2026-09-27",
        "geometry_role": "current building-footprint polygon",
        "linkage_semantics": "Overlap/proximity only; not evidence that the building hosts AI compute."
      }
    },
    {
      "type": "Feature",
      "id": "54607a9e-f6e5-4479-8a68-ca2d684e670d",
      "geometry": {
        "type": "Polygon",
        "coordinates": [
          [
            [
              -97.063206,
              32.419804
            ],
            [
              -97.063206,
              32.419915
            ],
            [
              -97.063377,
              32.419915
            ],
            [
              -97.063377,
              32.419727
            ],
            [
              -97.063249,
              32.419727
            ],
            [
              -97.063249,
              32.419804
            ],
            [
              -97.063206,
              32.419804
            ]
          ]
        ]
      },
      "properties": {
        "epoch_id": "EPOCH-85492d2b8df586a1",
        "site_name": "Google Midlothian",
        "distance_to_site_km": 2.4263,
        "footprint_area_m2_webmercator": 423.33,
        "source_dataset": "Overture Maps buildings",
        "source_url": "https://docs.overturemaps.org/getting-data/",
        "source_release": "2026-09-23.1",
        "source_accessed_on": "2026-09-27",
        "geometry_role": "current building-footprint polygon",
        "linkage_semantics": "Overlap/proximity only; not evidence that the building hosts AI compute."
      }
    },
    {
      "type": "Feature",
      "id": "bb7a3ec9-0955-455c-a15a-e893bebf892f",
      "geometry": {
        "type": "Polygon",
        "coordinates": [
          [
            [
              -97.064027,
              32.421576
            ],
            [
              -97.064171,
              32.421541
            ],
            [
              -97.064151,
              32.421484
            ],
            [
              -97.064208,
              32.42147
            ],
            [
              -97.064179,
              32.421385
            ],
            [
              -97.063978,
              32.421433
            ],
            [
              -97.064027,
              32.421576
            ]
          ]
        ]
      },
      "properties": {
        "epoch_id": "EPOCH-85492d2b8df586a1",
        "site_name": "Google Midlothian",
        "distance_to_site_km": 2.3068,
        "footprint_area_m2_webmercator": 403.37,
        "source_dataset": "Overture Maps buildings",
        "source_url": "https://docs.overturemaps.org/getting-data/",
        "source_release": "2026-09-23.1",
        "source_accessed_on": "2026-09-27",
        "geometry_role": "current building-footprint polygon",
        "linkage_semantics": "Overlap/proximity only; not evidence that the building hosts AI compute."
      }
    },
    {
      "type": "Feature",
      "id": "dc40643f-4f78-400d-9598-5e15148f73f4",
      "geometry": {
        "type": "Polygon",
        "coordinates": [
          [
            [
              -97.06433,
              32.421359
            ],
            [
              -97.064212,
              32.421359
            ],
            [
              -97.064212,
              32.421425
            ],
            [
              -97.06433,
              32.421425
            ],
            [
              -97.06433,
              32.421359
            ]
          ]
        ]
      },
      "properties": {
        "epoch_id": "EPOCH-85492d2b8df586a1",
        "site_name": "Google Midlothian",
        "distance_to_site_km": 2.3239,
        "footprint_area_m2_webmercator": 114.33,
        "source_dataset": "Overture Maps buildings",
        "source_url": "https://docs.overturemaps.org/getting-data/",
        "source_release": "2026-09-23.1",
        "source_accessed_on": "2026-09-27",
        "geometry_role": "current building-footprint polygon",
        "linkage_semantics": "Overlap/proximity only; not evidence that the building hosts AI compute."
      }
    },
    {
      "type": "Feature",
      "id": "925652d0-1f38-429e-9225-7ce9ebb6c842",
      "geometry": {
        "type": "Polygon",
        "coordinates": [
          [
            [
              -97.06405,
              32.420621
            ],
            [
              -97.064294,
              32.420584
            ],
            [
              -97.064278,
              32.420508
            ],
            [
              -97.064034,
              32.420544
            ],
            [
              -97.06405,
              32.420621
            ]
          ]
        ]
      },
      "properties": {
        "epoch_id": "EPOCH-85492d2b8df586a1",
        "site_name": "Google Midlothian",
        "distance_to_site_km": 2.3963,
        "footprint_area_m2_webmercator": 282.59,
        "source_dataset": "Overture Maps buildings",
        "source_url": "https://docs.overturemaps.org/getting-data/",
        "source_release": "2026-09-23.1",
        "source_accessed_on": "2026-09-27",
        "geometry_role": "current building-footprint polygon",
        "linkage_semantics": "Overlap/proximity only; not evidence that the building hosts AI compute."
      }
    },
    {
      "type": "Feature",
      "id": "97b5b09e-393e-4011-8f21-4d530525a3c6",
      "geometry": {
        "type": "Polygon",
        "coordinates": [
          [
            [
              -97.06482,
              32.420264
            ],
            [
              -97.064595,
              32.420342
            ],
            [
              -97.064631,
              32.420416
            ],
            [
              -97.064856,
              32.420338
            ],
            [
              -97.06482,
              32.420264
            ]
          ]
        ]
      },
      "properties": {
        "epoch_id": "EPOCH-85492d2b8df586a1",
        "site_name": "Google Midlothian",
        "distance_to_site_km": 2.4454,
        "footprint_area_m2_webmercator": 285.65,
        "source_dataset": "Overture Maps buildings",
        "source_url": "https://docs.overturemaps.org/getting-data/",
        "source_release": "2026-09-23.1",
        "source_accessed_on": "2026-09-27",
        "geometry_role": "current building-footprint polygon",
        "linkage_semantics": "Overlap/proximity only; not evidence that the building hosts AI compute."
      }
    },
    {
      "type": "Feature",
      "id": "a91c9708-448b-41c8-bd1f-978b7bf5a70f",
      "geometry": {
        "type": "Polygon",
        "coordinates": [
          [
            [
              -97.0644573,
              32.4202282
            ],
            [
              -97.0644856,
              32.4203242
            ],
            [
              -97.0645499,
              32.4203106
            ],
            [
              -97.0645216,
              32.4202147
            ],
            [
              -97.0644573,
              32.4202282
            ]
          ]
        ]
      },
      "properties": {
        "epoch_id": "EPOCH-85492d2b8df586a1",
        "site_name": "Google Midlothian",
        "distance_to_site_km": 2.441,
        "footprint_area_m2_webmercator": 96.2,
        "source_dataset": "Overture Maps buildings",
        "source_url": "https://docs.overturemaps.org/getting-data/",
        "source_release": "2026-09-23.1",
        "source_accessed_on": "2026-09-27",
        "geometry_role": "current building-footprint polygon",
        "linkage_semantics": "Overlap/proximity only; not evidence that the building hosts AI compute."
      }
    },
    {
      "type": "Feature",
      "id": "d22bf625-b02c-402f-a1dc-e49e2bec5b8d",
      "geometry": {
        "type": "Polygon",
        "coordinates": [
          [
            [
              -97.064573,
              32.421127
            ],
            [
              -97.064589,
              32.421177
            ],
            [
              -97.064574,
              32.421181
            ],
            [
              -97.064597,
              32.421252
            ],
            [
              -97.064747,
              32.421218
            ],
            [
              -97.064708,
              32.421096
            ],
            [
              -97.064573,
              32.421127
            ]
          ]
        ]
      },
      "properties": {
        "epoch_id": "EPOCH-85492d2b8df586a1",
        "site_name": "Google Midlothian",
        "distance_to_site_km": 2.3638,
        "footprint_area_m2_webmercator": 276.0,
        "source_dataset": "Overture Maps buildings",
        "source_url": "https://docs.overturemaps.org/getting-data/",
        "source_release": "2026-09-23.1",
        "source_accessed_on": "2026-09-27",
        "geometry_role": "current building-footprint polygon",
        "linkage_semantics": "Overlap/proximity only; not evidence that the building hosts AI compute."
      }
    },
    {
      "type": "Feature",
      "id": "e5c5d554-5bae-4c6d-9187-0e5effc3ae42",
      "geometry": {
        "type": "Polygon",
        "coordinates": [
          [
            [
              -97.0649462,
              32.4200047
            ],
            [
              -97.0649195,
              32.4199507
            ],
            [
              -97.0648396,
              32.4199789
            ],
            [
              -97.0648663,
              32.4200329
            ],
            [
              -97.0649462,
              32.4200047
            ]
          ]
        ]
      },
      "properties": {
        "epoch_id": "EPOCH-85492d2b8df586a1",
        "site_name": "Google Midlothian",
        "distance_to_site_km": 2.4865,
        "footprint_area_m2_webmercator": 74.39,
        "source_dataset": "Overture Maps buildings",
        "source_url": "https://docs.overturemaps.org/getting-data/",
        "source_release": "2026-09-23.1",
        "source_accessed_on": "2026-09-27",
        "geometry_role": "current building-footprint polygon",
        "linkage_semantics": "Overlap/proximity only; not evidence that the building hosts AI compute."
      }
    },
    {
      "type": "Feature",
      "id": "5b54b9da-711f-496b-8555-d57ec4e50b31",
      "geometry": {
        "type": "Polygon",
        "coordinates": [
          [
            [
              -97.0650561,
              32.4198527
            ],
            [
              -97.065094,
              32.4200021
            ],
            [
              -97.0651607,
              32.4199901
            ],
            [
              -97.0651053,
              32.4197714
            ],
            [
              -97.06505,
              32.4197814
            ],
            [
              -97.0650675,
              32.4198506
            ],
            [
              -97.0650561,
              32.4198527
            ]
          ]
        ]
      },
      "properties": {
        "epoch_id": "EPOCH-85492d2b8df586a1",
        "site_name": "Google Midlothian",
        "distance_to_site_km": 2.5065,
        "footprint_area_m2_webmercator": 211.85,
        "source_dataset": "Overture Maps buildings",
        "source_url": "https://docs.overturemaps.org/getting-data/",
        "source_release": "2026-09-23.1",
        "source_accessed_on": "2026-09-27",
        "geometry_role": "current building-footprint polygon",
        "linkage_semantics": "Overlap/proximity only; not evidence that the building hosts AI compute."
      }
    },
    {
      "type": "Feature",
      "id": "d6835097-63ce-4381-8b46-a1cb4c3104c4",
      "geometry": {
        "type": "Polygon",
        "coordinates": [
          [
            [
              -97.0649994,
              32.4213853
            ],
            [
              -97.0650686,
              32.4213648
            ],
            [
              -97.0650334,
              32.4212801
            ],
            [
              -97.0649642,
              32.4213007
            ],
            [
              -97.0649994,
              32.4213853
            ]
          ]
        ]
      },
      "properties": {
        "epoch_id": "EPOCH-85492d2b8df586a1",
        "site_name": "Google Midlothian",
        "distance_to_site_km": 2.3681,
        "footprint_area_m2_webmercator": 96.61,
        "source_dataset": "Overture Maps buildings",
        "source_url": "https://docs.overturemaps.org/getting-data/",
        "source_release": "2026-09-23.1",
        "source_accessed_on": "2026-09-27",
        "geometry_role": "current building-footprint polygon",
        "linkage_semantics": "Overlap/proximity only; not evidence that the building hosts AI compute."
      }
    },
    {
      "type": "Feature",
      "id": "327b2d40-bad4-4ae3-a5ce-8d5493d936ca",
      "geometry": {
        "type": "Polygon",
        "coordinates": [
          [
            [
              -97.065317,
              32.420935
            ],
            [
              -97.065156,
              32.420985
            ],
            [
              -97.065188,
              32.421059
            ],
            [
              -97.06535,
              32.421009
            ],
            [
              -97.065317,
              32.420935
            ]
          ]
        ]
      },
      "properties": {
        "epoch_id": "EPOCH-85492d2b8df586a1",
        "site_name": "Google Midlothian",
        "distance_to_site_km": 2.4115,
        "footprint_area_m2_webmercator": 199.3,
        "source_dataset": "Overture Maps buildings",
        "source_url": "https://docs.overturemaps.org/getting-data/",
        "source_release": "2026-09-23.1",
        "source_accessed_on": "2026-09-27",
        "geometry_role": "current building-footprint polygon",
        "linkage_semantics": "Overlap/proximity only; not evidence that the building hosts AI compute."
      }
    },
    {
      "type": "Feature",
      "id": "ecda27ae-88a2-4382-a710-e95f285f87b5",
      "geometry": {
        "type": "Polygon",
        "coordinates": [
          [
            [
              -97.065349,
              32.420085
            ],
            [
              -97.065203,
              32.420131
            ],
            [
              -97.065236,
              32.420207
            ],
            [
              -97.065382,
              32.420161
            ],
            [
              -97.065349,
              32.420085
            ]
          ]
        ]
      },
      "properties": {
        "epoch_id": "EPOCH-85492d2b8df586a1",
        "site_name": "Google Midlothian",
        "distance_to_site_km": 2.4923,
        "footprint_area_m2_webmercator": 185.17,
        "source_dataset": "Overture Maps buildings",
        "source_url": "https://docs.overturemaps.org/getting-data/",
        "source_release": "2026-09-23.1",
        "source_accessed_on": "2026-09-27",
        "geometry_role": "current building-footprint polygon",
        "linkage_semantics": "Overlap/proximity only; not evidence that the building hosts AI compute."
      }
    },
    {
      "type": "Feature",
      "id": "c0e6de90-b720-4685-a305-b8a8e3cd449e",
      "geometry": {
        "type": "Polygon",
        "coordinates": [
          [
            [
              -97.065851,
              32.419861
            ],
            [
              -97.065625,
              32.419947
            ],
            [
              -97.065684,
              32.420057
            ],
            [
              -97.065979,
              32.419944
            ],
            [
              -97.065935,
              32.419861
            ],
            [
              -97.065866,
              32.419888
            ],
            [
              -97.065851,
              32.419861
            ]
          ]
        ]
      },
      "properties": {
        "epoch_id": "EPOCH-85492d2b8df586a1",
        "site_name": "Google Midlothian",
        "distance_to_site_km": 2.5365,
        "footprint_area_m2_webmercator": 540.13,
        "source_dataset": "Overture Maps buildings",
        "source_url": "https://docs.overturemaps.org/getting-data/",
        "source_release": "2026-09-23.1",
        "source_accessed_on": "2026-09-27",
        "geometry_role": "current building-footprint polygon",
        "linkage_semantics": "Overlap/proximity only; not evidence that the building hosts AI compute."
      }
    },
    {
      "type": "Feature",
      "id": "90bd87e2-2b50-4bf5-8358-bf9b4a0da023",
      "geometry": {
        "type": "Polygon",
        "coordinates": [
          [
            [
              -97.065638,
              32.420877
            ],
            [
              -97.06584,
              32.420816
            ],
            [
              -97.065808,
              32.420739
            ],
            [
              -97.065605,
              32.4208
            ],
            [
              -97.065638,
              32.420877
            ]
          ]
        ]
      },
      "properties": {
        "epoch_id": "EPOCH-85492d2b8df586a1",
        "site_name": "Google Midlothian",
        "distance_to_site_km": 2.4538,
        "footprint_area_m2_webmercator": 258.0,
        "source_dataset": "Overture Maps buildings",
        "source_url": "https://docs.overturemaps.org/getting-data/",
        "source_release": "2026-09-23.1",
        "source_accessed_on": "2026-09-27",
        "geometry_role": "current building-footprint polygon",
        "linkage_semantics": "Overlap/proximity only; not evidence that the building hosts AI compute."
      }
    },
    {
      "type": "Feature",
      "id": "2f585fe3-8171-449b-ac86-b5507637d743",
      "geometry": {
        "type": "Polygon",
        "coordinates": [
          [
            [
              -97.066116,
              32.419447
            ],
            [
              -97.066012,
              32.419449
            ],
            [
              -97.066014,
              32.419515
            ],
            [
              -97.066119,
              32.419512
            ],
            [
              -97.066116,
              32.419447
            ]
          ]
        ]
      },
      "properties": {
        "epoch_id": "EPOCH-85492d2b8df586a1",
        "site_name": "Google Midlothian",
        "distance_to_site_km": 2.5939,
        "footprint_area_m2_webmercator": 100.57,
        "source_dataset": "Overture Maps buildings",
        "source_url": "https://docs.overturemaps.org/getting-data/",
        "source_release": "2026-09-23.1",
        "source_accessed_on": "2026-09-27",
        "geometry_role": "current building-footprint polygon",
        "linkage_semantics": "Overlap/proximity only; not evidence that the building hosts AI compute."
      }
    },
    {
      "type": "Feature",
      "id": "17b4ad15-e9d3-4647-8c9c-02504a2ea8b4",
      "geometry": {
        "type": "Polygon",
        "coordinates": [
          [
            [
              -97.066244,
              32.420651
            ],
            [
              -97.066226,
              32.42062
            ],
            [
              -97.066317,
              32.420583
            ],
            [
              -97.066278,
              32.420515
            ],
            [
              -97.066113,
              32.420583
            ],
            [
              -97.066171,
              32.420682
            ],
            [
              -97.066244,
              32.420651
            ]
          ]
        ]
      },
      "properties": {
        "epoch_id": "EPOCH-85492d2b8df586a1",
        "site_name": "Google Midlothian",
        "distance_to_site_km": 2.4996,
        "footprint_area_m2_webmercator": 244.29,
        "source_dataset": "Overture Maps buildings",
        "source_url": "https://docs.overturemaps.org/getting-data/",
        "source_release": "2026-09-23.1",
        "source_accessed_on": "2026-09-27",
        "geometry_role": "current building-footprint polygon",
        "linkage_semantics": "Overlap/proximity only; not evidence that the building hosts AI compute."
      }
    },
    {
      "type": "Feature",
      "id": "032abfa9-fd5b-4913-9c8f-1664f5869a00",
      "geometry": {
        "type": "Polygon",
        "coordinates": [
          [
            [
              -97.066395,
              32.420553
            ],
            [
              -97.066358,
              32.420484
            ],
            [
              -97.066299,
              32.420507
            ],
            [
              -97.066336,
              32.420575
            ],
            [
              -97.066395,
              32.420553
            ]
          ]
        ]
      },
      "properties": {
        "epoch_id": "EPOCH-85492d2b8df586a1",
        "site_name": "Google Midlothian",
        "distance_to_site_km": 2.5128,
        "footprint_area_m2_webmercator": 71.55,
        "source_dataset": "Overture Maps buildings",
        "source_url": "https://docs.overturemaps.org/getting-data/",
        "source_release": "2026-09-23.1",
        "source_accessed_on": "2026-09-27",
        "geometry_role": "current building-footprint polygon",
        "linkage_semantics": "Overlap/proximity only; not evidence that the building hosts AI compute."
      }
    },
    {
      "type": "Feature",
      "id": "beaeeb7d-19b9-413f-a4bc-548a77c2f31d",
      "geometry": {
        "type": "Polygon",
        "coordinates": [
          [
            [
              -97.066365,
              32.419643
            ],
            [
              -97.066365,
              32.419573
            ],
            [
              -97.066277,
              32.419573
            ],
            [
              -97.066277,
              32.419643
            ],
            [
              -97.066365,
              32.419643
            ]
          ]
        ]
      },
      "properties": {
        "epoch_id": "EPOCH-85492d2b8df586a1",
        "site_name": "Google Midlothian",
        "distance_to_site_km": 2.5956,
        "footprint_area_m2_webmercator": 90.43,
        "source_dataset": "Overture Maps buildings",
        "source_url": "https://docs.overturemaps.org/getting-data/",
        "source_release": "2026-09-23.1",
        "source_accessed_on": "2026-09-27",
        "geometry_role": "current building-footprint polygon",
        "linkage_semantics": "Overlap/proximity only; not evidence that the building hosts AI compute."
      }
    },
    {
      "type": "Feature",
      "id": "b43b73d3-7452-4a01-8f90-b29789e2285e",
      "geometry": {
        "type": "Polygon",
        "coordinates": [
          [
            [
              -97.055338,
              32.419661
            ],
            [
              -97.055341,
              32.419555
            ],
            [
              -97.055435,
              32.419557
            ],
            [
              -97.055436,
              32.419513
            ],
            [
              -97.055345,
              32.419511
            ],
            [
              -97.055347,
              32.419449
            ],
            [
              -97.055295,
              32.419448
            ],
            [
              -97.055289,
              32.41966
            ],
            [
              -97.055338,
              32.419661
            ]
          ]
        ]
      },
      "properties": {
        "epoch_id": "EPOCH-85492d2b8df586a1",
        "site_name": "Google Midlothian",
        "distance_to_site_km": 2.1966,
        "footprint_area_m2_webmercator": 215.94,
        "source_dataset": "Overture Maps buildings",
        "source_url": "https://docs.overturemaps.org/getting-data/",
        "source_release": "2026-09-23.1",
        "source_accessed_on": "2026-09-27",
        "geometry_role": "current building-footprint polygon",
        "linkage_semantics": "Overlap/proximity only; not evidence that the building hosts AI compute."
      }
    },
    {
      "type": "Feature",
      "id": "5efc23c1-02c9-4782-a95f-ad9728fc0990",
      "geometry": {
        "type": "Polygon",
        "coordinates": [
          [
            [
              -97.055564,
              32.419643
            ],
            [
              -97.055564,
              32.41991
            ],
            [
              -97.055607,
              32.41991
            ],
            [
              -97.055607,
              32.419643
            ],
            [
              -97.055564,
              32.419643
            ]
          ]
        ]
      },
      "properties": {
        "epoch_id": "EPOCH-85492d2b8df586a1",
        "site_name": "Google Midlothian",
        "distance_to_site_km": 2.1763,
        "footprint_area_m2_webmercator": 168.54,
        "source_dataset": "Overture Maps buildings",
        "source_url": "https://docs.overturemaps.org/getting-data/",
        "source_release": "2026-09-23.1",
        "source_accessed_on": "2026-09-27",
        "geometry_role": "current building-footprint polygon",
        "linkage_semantics": "Overlap/proximity only; not evidence that the building hosts AI compute."
      }
    },
    {
      "type": "Feature",
      "id": "8d761584-e376-49c0-953a-452e7ff79dc6",
      "geometry": {
        "type": "Polygon",
        "coordinates": [
          [
            [
              -97.058633,
              32.418962
            ],
            [
              -97.05881,
              32.418959
            ],
            [
              -97.058807,
              32.418793
            ],
            [
              -97.05872,
              32.418794
            ],
            [
              -97.05872,
              32.418824
            ],
            [
              -97.05863,
              32.418826
            ],
            [
              -97.058633,
              32.418962
            ]
          ]
        ]
      },
      "properties": {
        "epoch_id": "EPOCH-85492d2b8df586a1",
        "site_name": "Google Midlothian",
        "distance_to_site_km": 2.3495,
        "footprint_area_m2_webmercator": 393.1,
        "source_dataset": "Overture Maps buildings",
        "source_url": "https://docs.overturemaps.org/getting-data/",
        "source_release": "2026-09-23.1",
        "source_accessed_on": "2026-09-27",
        "geometry_role": "current building-footprint polygon",
        "linkage_semantics": "Overlap/proximity only; not evidence that the building hosts AI compute."
      }
    },
    {
      "type": "Feature",
      "id": "2adf5b13-d51a-496b-8a83-6b57bee7b9d7",
      "geometry": {
        "type": "Polygon",
        "coordinates": [
          [
            [
              -97.0606175,
              32.4198984
            ],
            [
              -97.0607836,
              32.4199035
            ],
            [
              -97.0607866,
              32.4198344
            ],
            [
              -97.0606205,
              32.4198293
            ],
            [
              -97.0606175,
              32.4198984
            ]
          ]
        ]
      },
      "properties": {
        "epoch_id": "EPOCH-85492d2b8df586a1",
        "site_name": "Google Midlothian",
        "distance_to_site_km": 2.3143,
        "footprint_area_m2_webmercator": 168.71,
        "source_dataset": "Overture Maps buildings",
        "source_url": "https://docs.overturemaps.org/getting-data/",
        "source_release": "2026-09-23.1",
        "source_accessed_on": "2026-09-27",
        "geometry_role": "current building-footprint polygon",
        "linkage_semantics": "Overlap/proximity only; not evidence that the building hosts AI compute."
      }
    },
    {
      "type": "Feature",
      "id": "6ff467f2-5b99-4b47-a1a2-ba52ed25427e",
      "geometry": {
        "type": "Polygon",
        "coordinates": [
          [
            [
              -97.060797,
              32.41977
            ],
            [
              -97.060797,
              32.41972
            ],
            [
              -97.060639,
              32.41972
            ],
            [
              -97.060639,
              32.41977
            ],
            [
              -97.060797,
              32.41977
            ]
          ]
        ]
      },
      "properties": {
        "epoch_id": "EPOCH-85492d2b8df586a1",
        "site_name": "Google Midlothian",
        "distance_to_site_km": 2.3272,
        "footprint_area_m2_webmercator": 115.97,
        "source_dataset": "Overture Maps buildings",
        "source_url": "https://docs.overturemaps.org/getting-data/",
        "source_release": "2026-09-23.1",
        "source_accessed_on": "2026-09-27",
        "geometry_role": "current building-footprint polygon",
        "linkage_semantics": "Overlap/proximity only; not evidence that the building hosts AI compute."
      }
    },
    {
      "type": "Feature",
      "id": "27e9fe7e-8125-40e2-8472-0053cf4144b3",
      "geometry": {
        "type": "Polygon",
        "coordinates": [
          [
            [
              -97.0588343,
              32.4339478
            ],
            [
              -97.0588974,
              32.4341091
            ],
            [
              -97.0590159,
              32.4340761
            ],
            [
              -97.0589529,
              32.4339148
            ],
            [
              -97.0588343,
              32.4339478
            ]
          ]
        ]
      },
      "properties": {
        "epoch_id": "EPOCH-85492d2b8df586a1",
        "site_name": "Google Midlothian",
        "distance_to_site_km": 0.9382,
        "footprint_area_m2_webmercator": 311.31,
        "source_dataset": "Overture Maps buildings",
        "source_url": "https://docs.overturemaps.org/getting-data/",
        "source_release": "2026-09-23.1",
        "source_accessed_on": "2026-09-27",
        "geometry_role": "current building-footprint polygon",
        "linkage_semantics": "Overlap/proximity only; not evidence that the building hosts AI compute."
      }
    },
    {
      "type": "Feature",
      "id": "cb93b872-69cf-4099-af4c-1bd6a4cf9d0c",
      "geometry": {
        "type": "Polygon",
        "coordinates": [
          [
            [
              -97.0589023,
              32.439941
            ],
            [
              -97.0589519,
              32.4400412
            ],
            [
              -97.0591402,
              32.4399747
            ],
            [
              -97.0590906,
              32.4398745
            ],
            [
              -97.0589023,
              32.439941
            ]
          ]
        ]
      },
      "properties": {
        "epoch_id": "EPOCH-85492d2b8df586a1",
        "site_name": "Google Midlothian",
        "distance_to_site_km": 0.7801,
        "footprint_area_m2_webmercator": 325.47,
        "source_dataset": "Overture Maps buildings",
        "source_url": "https://docs.overturemaps.org/getting-data/",
        "source_release": "2026-09-23.1",
        "source_accessed_on": "2026-09-27",
        "geometry_role": "current building-footprint polygon",
        "linkage_semantics": "Overlap/proximity only; not evidence that the building hosts AI compute."
      }
    },
    {
      "type": "Feature",
      "id": "a2304e7f-cefa-452e-af27-d1e0eccabec6",
      "geometry": {
        "type": "Polygon",
        "coordinates": [
          [
            [
              -97.0588739,
              32.4425858
            ],
            [
              -97.0590418,
              32.4425227
            ],
            [
              -97.0589471,
              32.4423433
            ],
            [
              -97.0587792,
              32.4424063
            ],
            [
              -97.0588739,
              32.4425858
            ]
          ]
        ]
      },
      "properties": {
        "epoch_id": "EPOCH-85492d2b8df586a1",
        "site_name": "Google Midlothian",
        "distance_to_site_km": 0.8568,
        "footprint_area_m2_webmercator": 530.09,
        "source_dataset": "Overture Maps buildings",
        "source_url": "https://docs.overturemaps.org/getting-data/",
        "source_release": "2026-09-23.1",
        "source_accessed_on": "2026-09-27",
        "geometry_role": "current building-footprint polygon",
        "linkage_semantics": "Overlap/proximity only; not evidence that the building hosts AI compute."
      }
    },
    {
      "type": "Feature",
      "id": "f4f02dc0-f91f-4d46-81d9-ee88a0732b92",
      "geometry": {
        "type": "Polygon",
        "coordinates": [
          [
            [
              -97.0588048,
              32.4364148
            ],
            [
              -97.0587958,
              32.4364181
            ],
            [
              -97.0587665,
              32.4363609
            ],
            [
              -97.0585526,
              32.4364388
            ],
            [
              -97.0586219,
              32.4365743
            ],
            [
              -97.0588448,
              32.436493
            ],
            [
              -97.0588048,
              32.4364148
            ]
          ]
        ]
      },
      "properties": {
        "epoch_id": "EPOCH-85492d2b8df586a1",
        "site_name": "Google Midlothian",
        "distance_to_site_km": 0.7901,
        "footprint_area_m2_webmercator": 516.98,
        "source_dataset": "Overture Maps buildings",
        "source_url": "https://docs.overturemaps.org/getting-data/",
        "source_release": "2026-09-23.1",
        "source_accessed_on": "2026-09-27",
        "geometry_role": "current building-footprint polygon",
        "linkage_semantics": "Overlap/proximity only; not evidence that the building hosts AI compute."
      }
    },
    {
      "type": "Feature",
      "id": "f9e9a0b0-13c3-45ab-9491-a04172d309dc",
      "geometry": {
        "type": "Polygon",
        "coordinates": [
          [
            [
              -97.0582329,
              32.4401534
            ],
            [
              -97.0582871,
              32.4402523
            ],
            [
              -97.05836,
              32.4402238
            ],
            [
              -97.0583058,
              32.440125
            ],
            [
              -97.0582329,
              32.4401534
            ]
          ]
        ]
      },
      "properties": {
        "epoch_id": "EPOCH-85492d2b8df586a1",
        "site_name": "Google Midlothian",
        "distance_to_site_km": 0.7174,
        "footprint_area_m2_webmercator": 128.45,
        "source_dataset": "Overture Maps buildings",
        "source_url": "https://docs.overturemaps.org/getting-data/",
        "source_release": "2026-09-23.1",
        "source_accessed_on": "2026-09-27",
        "geometry_role": "current building-footprint polygon",
        "linkage_semantics": "Overlap/proximity only; not evidence that the building hosts AI compute."
      }
    },
    {
      "type": "Feature",
      "id": "7072bdbe-a80e-4744-8952-ad2d2264903b",
      "geometry": {
        "type": "Polygon",
        "coordinates": [
          [
            [
              -97.0580747,
              32.4404113
            ],
            [
              -97.0581485,
              32.4403848
            ],
            [
              -97.0581031,
              32.4402947
            ],
            [
              -97.0580293,
              32.4403212
            ],
            [
              -97.0580747,
              32.4404113
            ]
          ]
        ]
      },
      "properties": {
        "epoch_id": "EPOCH-85492d2b8df586a1",
        "site_name": "Google Midlothian",
        "distance_to_site_km": 0.7022,
        "footprint_area_m2_webmercator": 115.3,
        "source_dataset": "Overture Maps buildings",
        "source_url": "https://docs.overturemaps.org/getting-data/",
        "source_release": "2026-09-23.1",
        "source_accessed_on": "2026-09-27",
        "geometry_role": "current building-footprint polygon",
        "linkage_semantics": "Overlap/proximity only; not evidence that the building hosts AI compute."
      }
    },
    {
      "type": "Feature",
      "id": "234914e8-ed3d-4121-ba3c-f894a6a1ff33",
      "geometry": {
        "type": "Polygon",
        "coordinates": [
          [
            [
              -97.0595762,
              32.44018
            ],
            [
              -97.0596173,
              32.4402544
            ],
            [
              -97.059787,
              32.4401877
            ],
            [
              -97.0596534,
              32.4399459
            ],
            [
              -97.0594772,
              32.4400153
            ],
            [
              -97.059508,
              32.4400711
            ],
            [
              -97.0594815,
              32.4400815
            ],
            [
              -97.0595432,
              32.440193
            ],
            [
              -97.0595762,
              32.44018
            ]
          ]
        ]
      },
      "properties": {
        "epoch_id": "EPOCH-85492d2b8df586a1",
        "site_name": "Google Midlothian",
        "distance_to_site_km": 0.8386,
        "footprint_area_m2_webmercator": 805.59,
        "source_dataset": "Overture Maps buildings",
        "source_url": "https://docs.overturemaps.org/getting-data/",
        "source_release": "2026-09-23.1",
        "source_accessed_on": "2026-09-27",
        "geometry_role": "current building-footprint polygon",
        "linkage_semantics": "Overlap/proximity only; not evidence that the building hosts AI compute."
      }
    },
    {
      "type": "Feature",
      "id": "83d74a3b-4638-46db-b93a-9edbb8b0b5c5",
      "geometry": {
        "type": "Polygon",
        "coordinates": [
          [
            [
              -97.0604346,
              32.4421078
            ],
            [
              -97.059834,
              32.4410076
            ],
            [
              -97.0596844,
              32.4410658
            ],
            [
              -97.0597376,
              32.4411633
            ],
            [
              -97.0595377,
              32.4412411
            ],
            [
              -97.0595907,
              32.4413382
            ],
            [
              -97.0598269,
              32.4412463
            ],
            [
              -97.0598751,
              32.4413344
            ],
            [
              -97.0596556,
              32.4414199
            ],
            [
              -97.0597058,
              32.4415117
            ],
            [
              -97.059932,
              32.4414237
            ],
            [
              -97.0599726,
              32.4414979
            ],
            [
              -97.0597412,
              32.441588
            ],
            [
              -97.0598096,
              32.441713
            ],
            [
              -97.0600178,
              32.441632
            ],
            [
              -97.060038,
              32.4416689
            ],
            [
              -97.0598245,
              32.441752
            ],
            [
              -97.0599011,
              32.4418921
            ],
            [
              -97.0601353,
              32.4418009
            ],
            [
              -97.0601625,
              32.4418506
            ],
            [
              -97.0599421,
              32.4419364
            ],
            [
              -97.0600049,
              32.4420513
            ],
            [
              -97.0602375,
              32.4419608
            ],
            [
              -97.0602705,
              32.4420213
            ],
            [
              -97.0600352,
              32.4421129
            ],
            [
              -97.0601029,
              32.4422368
            ],
            [
              -97.0602977,
              32.4421611
            ],
            [
              -97.0604346,
              32.4421078
            ]
          ]
        ]
      },
      "properties": {
        "epoch_id": "EPOCH-85492d2b8df586a1",
        "site_name": "Google Midlothian",
        "distance_to_site_km": 0.9148,
        "footprint_area_m2_webmercator": 5025.04,
        "source_dataset": "Overture Maps buildings",
        "source_url": "https://docs.overturemaps.org/getting-data/",
        "source_release": "2026-09-23.1",
        "source_accessed_on": "2026-09-27",
        "geometry_role": "current building-footprint polygon",
        "linkage_semantics": "Overlap/proximity only; not evidence that the building hosts AI compute."
      }
    },
    {
      "type": "Feature",
      "id": "331cbbd2-20d1-4bf7-b8c8-298a5a6612b8",
      "geometry": {
        "type": "Polygon",
        "coordinates": [
          [
            [
              -97.0607945,
              32.4446174
            ],
            [
              -97.0608172,
              32.4446595
            ],
            [
              -97.0608882,
              32.4446321
            ],
            [
              -97.0608655,
              32.4445901
            ],
            [
              -97.0607945,
              32.4446174
            ]
          ]
        ]
      },
      "properties": {
        "epoch_id": "EPOCH-85492d2b8df586a1",
        "site_name": "Google Midlothian",
        "distance_to_site_km": 1.1356,
        "footprint_area_m2_webmercator": 52.96,
        "source_dataset": "Overture Maps buildings",
        "source_url": "https://docs.overturemaps.org/getting-data/",
        "source_release": "2026-09-23.1",
        "source_accessed_on": "2026-09-27",
        "geometry_role": "current building-footprint polygon",
        "linkage_semantics": "Overlap/proximity only; not evidence that the building hosts AI compute."
      }
    },
    {
      "type": "Feature",
      "id": "558b005e-ac96-4206-9669-bdc9faff2548",
      "geometry": {
        "type": "Polygon",
        "coordinates": [
          [
            [
              -97.0603326,
              32.4430267
            ],
            [
              -97.0603694,
              32.4430744
            ],
            [
              -97.060429,
              32.4430418
            ],
            [
              -97.0604057,
              32.4430115
            ],
            [
              -97.0603774,
              32.443027
            ],
            [
              -97.0603639,
              32.4430095
            ],
            [
              -97.0603326,
              32.4430267
            ]
          ]
        ]
      },
      "properties": {
        "epoch_id": "EPOCH-85492d2b8df586a1",
        "site_name": "Google Midlothian",
        "distance_to_site_km": 1.0087,
        "footprint_area_m2_webmercator": 49.11,
        "source_dataset": "Overture Maps buildings",
        "source_url": "https://docs.overturemaps.org/getting-data/",
        "source_release": "2026-09-23.1",
        "source_accessed_on": "2026-09-27",
        "geometry_role": "current building-footprint polygon",
        "linkage_semantics": "Overlap/proximity only; not evidence that the building hosts AI compute."
      }
    },
    {
      "type": "Feature",
      "id": "474dcb02-b267-4dec-892b-ee144efe75a9",
      "geometry": {
        "type": "Polygon",
        "coordinates": [
          [
            [
              -97.0600346,
              32.4554524
            ],
            [
              -97.0601954,
              32.4556925
            ],
            [
              -97.0602625,
              32.4556605
            ],
            [
              -97.0601018,
              32.4554204
            ],
            [
              -97.0600346,
              32.4554524
            ]
          ]
        ]
      },
      "properties": {
        "epoch_id": "EPOCH-85492d2b8df586a1",
        "site_name": "Google Midlothian",
        "distance_to_site_km": 2.0467,
        "footprint_area_m2_webmercator": 312.32,
        "source_dataset": "Overture Maps buildings",
        "source_url": "https://docs.overturemaps.org/getting-data/",
        "source_release": "2026-09-23.1",
        "source_accessed_on": "2026-09-27",
        "geometry_role": "current building-footprint polygon",
        "linkage_semantics": "Overlap/proximity only; not evidence that the building hosts AI compute."
      }
    },
    {
      "type": "Feature",
      "id": "95505d12-15ed-474d-bfbd-7d07799b8462",
      "geometry": {
        "type": "Polygon",
        "coordinates": [
          [
            [
              -97.059787,
              32.458114
            ],
            [
              -97.059943,
              32.457988
            ],
            [
              -97.059876,
              32.45793
            ],
            [
              -97.059721,
              32.458055
            ],
            [
              -97.059787,
              32.458114
            ]
          ]
        ]
      },
      "properties": {
        "epoch_id": "EPOCH-85492d2b8df586a1",
        "site_name": "Google Midlothian",
        "distance_to_site_km": 2.2862,
        "footprint_area_m2_webmercator": 256.16,
        "source_dataset": "Overture Maps buildings",
        "source_url": "https://docs.overturemaps.org/getting-data/",
        "source_release": "2026-09-23.1",
        "source_accessed_on": "2026-09-27",
        "geometry_role": "current building-footprint polygon",
        "linkage_semantics": "Overlap/proximity only; not evidence that the building hosts AI compute."
      }
    },
    {
      "type": "Feature",
      "id": "01aa90c4-b5f2-428d-b595-ac333c83b110",
      "geometry": {
        "type": "Polygon",
        "coordinates": [
          [
            [
              -97.060479,
              32.456544
            ],
            [
              -97.060699,
              32.45644
            ],
            [
              -97.060673,
              32.4564
            ],
            [
              -97.060453,
              32.456504
            ],
            [
              -97.060479,
              32.456544
            ]
          ]
        ]
      },
      "properties": {
        "epoch_id": "EPOCH-85492d2b8df586a1",
        "site_name": "Google Midlothian",
        "distance_to_site_km": 2.1559,
        "footprint_area_m2_webmercator": 168.95,
        "source_dataset": "Overture Maps buildings",
        "source_url": "https://docs.overturemaps.org/getting-data/",
        "source_release": "2026-09-23.1",
        "source_accessed_on": "2026-09-27",
        "geometry_role": "current building-footprint polygon",
        "linkage_semantics": "Overlap/proximity only; not evidence that the building hosts AI compute."
      }
    },
    {
      "type": "Feature",
      "id": "c9e411e9-0053-4d8f-914f-c1a86ba6a6ad",
      "geometry": {
        "type": "Polygon",
        "coordinates": [
          [
            [
              -97.060883,
              32.456536
            ],
            [
              -97.060787,
              32.45636
            ],
            [
              -97.060711,
              32.456389
            ],
            [
              -97.060808,
              32.456566
            ],
            [
              -97.060883,
              32.456536
            ]
          ]
        ]
      },
      "properties": {
        "epoch_id": "EPOCH-85492d2b8df586a1",
        "site_name": "Google Midlothian",
        "distance_to_site_km": 2.1638,
        "footprint_area_m2_webmercator": 237.51,
        "source_dataset": "Overture Maps buildings",
        "source_url": "https://docs.overturemaps.org/getting-data/",
        "source_release": "2026-09-23.1",
        "source_accessed_on": "2026-09-27",
        "geometry_role": "current building-footprint polygon",
        "linkage_semantics": "Overlap/proximity only; not evidence that the building hosts AI compute."
      }
    },
    {
      "type": "Feature",
      "id": "a2160095-e921-4ee9-b1c6-373142b7bb8e",
      "geometry": {
        "type": "Polygon",
        "coordinates": [
          [
            [
              -97.0587364,
              32.4566709
            ],
            [
              -97.0599582,
              32.4560822
            ],
            [
              -97.0598215,
              32.4558803
            ],
            [
              -97.0585998,
              32.456469
            ],
            [
              -97.0587364,
              32.4566709
            ]
          ]
        ]
      },
      "properties": {
        "epoch_id": "EPOCH-85492d2b8df586a1",
        "site_name": "Google Midlothian",
        "distance_to_site_km": 2.0867,
        "footprint_area_m2_webmercator": 4804.03,
        "source_dataset": "Overture Maps buildings",
        "source_url": "https://docs.overturemaps.org/getting-data/",
        "source_release": "2026-09-23.1",
        "source_accessed_on": "2026-09-27",
        "geometry_role": "current building-footprint polygon",
        "linkage_semantics": "Overlap/proximity only; not evidence that the building hosts AI compute."
      }
    },
    {
      "type": "Feature",
      "id": "28056cf3-c449-44e5-a66e-a61ba2c93008",
      "geometry": {
        "type": "Polygon",
        "coordinates": [
          [
            [
              -97.0596975,
              32.4553856
            ],
            [
              -97.0597331,
              32.4553686
            ],
            [
              -97.0596528,
              32.4552494
            ],
            [
              -97.0596169,
              32.4552666
            ],
            [
              -97.0595434,
              32.4551582
            ],
            [
              -97.0596295,
              32.4551172
            ],
            [
              -97.0595396,
              32.4549825
            ],
            [
              -97.0594524,
              32.4550239
            ],
            [
              -97.0590468,
              32.4544254
            ],
            [
              -97.0587701,
              32.4545589
            ],
            [
              -97.0596953,
              32.4559241
            ],
            [
              -97.059972,
              32.4557906
            ],
            [
              -97.0596975,
              32.4553856
            ]
          ]
        ]
      },
      "properties": {
        "epoch_id": "EPOCH-85492d2b8df586a1",
        "site_name": "Google Midlothian",
        "distance_to_site_km": 1.9778,
        "footprint_area_m2_webmercator": 7669.95,
        "source_dataset": "Overture Maps buildings",
        "source_url": "https://docs.overturemaps.org/getting-data/",
        "source_release": "2026-09-23.1",
        "source_accessed_on": "2026-09-27",
        "geometry_role": "current building-footprint polygon",
        "linkage_semantics": "Overlap/proximity only; not evidence that the building hosts AI compute."
      }
    },
    {
      "type": "Feature",
      "id": "3c484386-c64e-4459-b713-320903b8a227",
      "geometry": {
        "type": "Polygon",
        "coordinates": [
          [
            [
              -97.0581072,
              32.454458
            ],
            [
              -97.0581367,
              32.4545077
            ],
            [
              -97.0582088,
              32.4544771
            ],
            [
              -97.0581792,
              32.4544275
            ],
            [
              -97.0581072,
              32.454458
            ]
          ]
        ]
      },
      "properties": {
        "epoch_id": "EPOCH-85492d2b8df586a1",
        "site_name": "Google Midlothian",
        "distance_to_site_km": 1.8609,
        "footprint_area_m2_webmercator": 65.79,
        "source_dataset": "Overture Maps buildings",
        "source_url": "https://docs.overturemaps.org/getting-data/",
        "source_release": "2026-09-23.1",
        "source_accessed_on": "2026-09-27",
        "geometry_role": "current building-footprint polygon",
        "linkage_semantics": "Overlap/proximity only; not evidence that the building hosts AI compute."
      }
    },
    {
      "type": "Feature",
      "id": "6c95c3f3-376e-4626-899c-3fc3d1df9798",
      "geometry": {
        "type": "Polygon",
        "coordinates": [
          [
            [
              -97.055226,
              32.457621
            ],
            [
              -97.055226,
              32.457408
            ],
            [
              -97.055132,
              32.457408
            ],
            [
              -97.055132,
              32.457621
            ],
            [
              -97.055226,
              32.457621
            ]
          ]
        ]
      },
      "properties": {
        "epoch_id": "EPOCH-85492d2b8df586a1",
        "site_name": "Google Midlothian",
        "distance_to_site_km": 2.1073,
        "footprint_area_m2_webmercator": 294.05,
        "source_dataset": "Overture Maps buildings",
        "source_url": "https://docs.overturemaps.org/getting-data/",
        "source_release": "2026-09-23.1",
        "source_accessed_on": "2026-09-27",
        "geometry_role": "current building-footprint polygon",
        "linkage_semantics": "Overlap/proximity only; not evidence that the building hosts AI compute."
      }
    },
    {
      "type": "Feature",
      "id": "31924de0-8490-4d99-85b2-7e539579842c",
      "geometry": {
        "type": "Polygon",
        "coordinates": [
          [
            [
              -97.055299,
              32.457965
            ],
            [
              -97.055205,
              32.457965
            ],
            [
              -97.055205,
              32.458071
            ],
            [
              -97.055299,
              32.458071
            ],
            [
              -97.055299,
              32.457965
            ]
          ]
        ]
      },
      "properties": {
        "epoch_id": "EPOCH-85492d2b8df586a1",
        "site_name": "Google Midlothian",
        "distance_to_site_km": 2.1636,
        "footprint_area_m2_webmercator": 146.33,
        "source_dataset": "Overture Maps buildings",
        "source_url": "https://docs.overturemaps.org/getting-data/",
        "source_release": "2026-09-23.1",
        "source_accessed_on": "2026-09-27",
        "geometry_role": "current building-footprint polygon",
        "linkage_semantics": "Overlap/proximity only; not evidence that the building hosts AI compute."
      }
    },
    {
      "type": "Feature",
      "id": "c9bdb7fe-a98f-4d41-a2c6-fcc5a4e407d0",
      "geometry": {
        "type": "Polygon",
        "coordinates": [
          [
            [
              -97.055293,
              32.458345
            ],
            [
              -97.055293,
              32.458185
            ],
            [
              -97.055199,
              32.458185
            ],
            [
              -97.055199,
              32.458345
            ],
            [
              -97.055293,
              32.458345
            ]
          ]
        ]
      },
      "properties": {
        "epoch_id": "EPOCH-85492d2b8df586a1",
        "site_name": "Google Midlothian",
        "distance_to_site_km": 2.1904,
        "footprint_area_m2_webmercator": 220.88,
        "source_dataset": "Overture Maps buildings",
        "source_url": "https://docs.overturemaps.org/getting-data/",
        "source_release": "2026-09-23.1",
        "source_accessed_on": "2026-09-27",
        "geometry_role": "current building-footprint polygon",
        "linkage_semantics": "Overlap/proximity only; not evidence that the building hosts AI compute."
      }
    },
    {
      "type": "Feature",
      "id": "37268b17-b9ff-4a3e-9271-61e8b8b7972c",
      "geometry": {
        "type": "Polygon",
        "coordinates": [
          [
            [
              -97.055285,
              32.458977
            ],
            [
              -97.055285,
              32.458839
            ],
            [
              -97.055183,
              32.458839
            ],
            [
              -97.055183,
              32.458977
            ],
            [
              -97.055285,
              32.458977
            ]
          ]
        ]
      },
      "properties": {
        "epoch_id": "EPOCH-85492d2b8df586a1",
        "site_name": "Google Midlothian",
        "distance_to_site_km": 2.2604,
        "footprint_area_m2_webmercator": 206.73,
        "source_dataset": "Overture Maps buildings",
        "source_url": "https://docs.overturemaps.org/getting-data/",
        "source_release": "2026-09-23.1",
        "source_accessed_on": "2026-09-27",
        "geometry_role": "current building-footprint polygon",
        "linkage_semantics": "Overlap/proximity only; not evidence that the building hosts AI compute."
      }
    },
    {
      "type": "Feature",
      "id": "b37125e3-70e2-4191-8f8f-39a1cd145d42",
      "geometry": {
        "type": "Polygon",
        "coordinates": [
          [
            [
              -97.055613,
              32.45742
            ],
            [
              -97.055613,
              32.457526
            ],
            [
              -97.055798,
              32.457526
            ],
            [
              -97.055798,
              32.45742
            ],
            [
              -97.055613,
              32.45742
            ]
          ]
        ]
      },
      "properties": {
        "epoch_id": "EPOCH-85492d2b8df586a1",
        "site_name": "Google Midlothian",
        "distance_to_site_km": 2.113,
        "footprint_area_m2_webmercator": 288.0,
        "source_dataset": "Overture Maps buildings",
        "source_url": "https://docs.overturemaps.org/getting-data/",
        "source_release": "2026-09-23.1",
        "source_accessed_on": "2026-09-27",
        "geometry_role": "current building-footprint polygon",
        "linkage_semantics": "Overlap/proximity only; not evidence that the building hosts AI compute."
      }
    },
    {
      "type": "Feature",
      "id": "cff60152-80ca-4e47-ae62-7bec0f530bcf",
      "geometry": {
        "type": "Polygon",
        "coordinates": [
          [
            [
              -97.05572,
              32.458162
            ],
            [
              -97.055715,
              32.457926
            ],
            [
              -97.055593,
              32.457928
            ],
            [
              -97.055595,
              32.458059
            ],
            [
              -97.055554,
              32.45806
            ],
            [
              -97.055556,
              32.458164
            ],
            [
              -97.05572,
              32.458162
            ]
          ]
        ]
      },
      "properties": {
        "epoch_id": "EPOCH-85492d2b8df586a1",
        "site_name": "Google Midlothian",
        "distance_to_site_km": 2.1749,
        "footprint_area_m2_webmercator": 487.43,
        "source_dataset": "Overture Maps buildings",
        "source_url": "https://docs.overturemaps.org/getting-data/",
        "source_release": "2026-09-23.1",
        "source_accessed_on": "2026-09-27",
        "geometry_role": "current building-footprint polygon",
        "linkage_semantics": "Overlap/proximity only; not evidence that the building hosts AI compute."
      }
    },
    {
      "type": "Feature",
      "id": "6d485669-dcbb-409e-8b2e-2412c66ee5a6",
      "geometry": {
        "type": "Polygon",
        "coordinates": [
          [
            [
              -97.056556,
              32.458238
            ],
            [
              -97.056559,
              32.458071
            ],
            [
              -97.055902,
              32.458062
            ],
            [
              -97.055901,
              32.458107
            ],
            [
              -97.05577,
              32.458105
            ],
            [
              -97.055769,
              32.458164
            ],
            [
              -97.055905,
              32.458166
            ],
            [
              -97.055904,
              32.458229
            ],
            [
              -97.056556,
              32.458238
            ]
          ]
        ]
      },
      "properties": {
        "epoch_id": "EPOCH-85492d2b8df586a1",
        "site_name": "Google Midlothian",
        "distance_to_site_km": 2.1967,
        "footprint_area_m2_webmercator": 1720.53,
        "source_dataset": "Overture Maps buildings",
        "source_url": "https://docs.overturemaps.org/getting-data/",
        "source_release": "2026-09-23.1",
        "source_accessed_on": "2026-09-27",
        "geometry_role": "current building-footprint polygon",
        "linkage_semantics": "Overlap/proximity only; not evidence that the building hosts AI compute."
      }
    },
    {
      "type": "Feature",
      "id": "01a211cb-aa7a-4f44-8425-1ec7f2e84a8e",
      "geometry": {
        "type": "Polygon",
        "coordinates": [
          [
            [
              -97.0554917,
              32.4521968
            ],
            [
              -97.0571349,
              32.4515038
            ],
            [
              -97.0557236,
              32.4491208
            ],
            [
              -97.0540804,
              32.4498138
            ],
            [
              -97.0554917,
              32.4521968
            ]
          ]
        ]
      },
      "properties": {
        "epoch_id": "EPOCH-85492d2b8df586a1",
        "site_name": "Google Midlothian",
        "distance_to_site_km": 1.3804,
        "footprint_area_m2_webmercator": 71865.31,
        "source_dataset": "Overture Maps buildings",
        "source_url": "https://docs.overturemaps.org/getting-data/",
        "source_release": "2026-09-23.1",
        "source_accessed_on": "2026-09-27",
        "geometry_role": "current building-footprint polygon",
        "linkage_semantics": "Overlap/proximity only; not evidence that the building hosts AI compute."
      }
    },
    {
      "type": "Feature",
      "id": "a8219554-c5eb-4903-abab-c94ecd51f5ec",
      "geometry": {
        "type": "Polygon",
        "coordinates": [
          [
            [
              -97.0550342,
              32.4439307
            ],
            [
              -97.0549869,
              32.4440028
            ],
            [
              -97.0550256,
              32.4440218
            ],
            [
              -97.055119,
              32.4440678
            ],
            [
              -97.0552015,
              32.4441084
            ],
            [
              -97.0552485,
              32.4441316
            ],
            [
              -97.0553493,
              32.4439884
            ],
            [
              -97.0553052,
              32.4439657
            ],
            [
              -97.0552165,
              32.4439201
            ],
            [
              -97.0551239,
              32.4438724
            ],
            [
              -97.0550855,
              32.4438527
            ],
            [
              -97.0550342,
              32.4439307
            ]
          ]
        ]
      },
      "properties": {
        "epoch_id": "EPOCH-85492d2b8df586a1",
        "site_name": "Google Midlothian",
        "distance_to_site_km": 0.6967,
        "footprint_area_m2_webmercator": 759.27,
        "source_dataset": "Overture Maps buildings",
        "source_url": "https://docs.overturemaps.org/getting-data/",
        "source_release": "2026-09-23.1",
        "source_accessed_on": "2026-09-27",
        "geometry_role": "current building-footprint polygon",
        "linkage_semantics": "Overlap/proximity only; not evidence that the building hosts AI compute."
      }
    },
    {
      "type": "Feature",
      "id": "17b43215-5a66-43b9-86a6-a72be8b8ec78",
      "geometry": {
        "type": "Polygon",
        "coordinates": [
          [
            [
              -97.056526,
              32.428795
            ],
            [
              -97.056469,
              32.428818
            ],
            [
              -97.056561,
              32.428985
            ],
            [
              -97.056618,
              32.428962
            ],
            [
              -97.056526,
              32.428795
            ]
          ]
        ]
      },
      "properties": {
        "epoch_id": "EPOCH-85492d2b8df586a1",
        "site_name": "Google Midlothian",
        "distance_to_site_km": 1.2395,
        "footprint_area_m2_webmercator": 170.82,
        "source_dataset": "Overture Maps buildings",
        "source_url": "https://docs.overturemaps.org/getting-data/",
        "source_release": "2026-09-23.1",
        "source_accessed_on": "2026-09-27",
        "geometry_role": "current building-footprint polygon",
        "linkage_semantics": "Overlap/proximity only; not evidence that the building hosts AI compute."
      }
    },
    {
      "type": "Feature",
      "id": "78dd90f1-63cd-4f91-8e86-a8cc61507c30",
      "geometry": {
        "type": "Polygon",
        "coordinates": [
          [
            [
              -97.055923,
              32.429003
            ],
            [
              -97.056062,
              32.42896
            ],
            [
              -97.055974,
              32.428756
            ],
            [
              -97.055835,
              32.4288
            ],
            [
              -97.055923,
              32.429003
            ]
          ]
        ]
      },
      "properties": {
        "epoch_id": "EPOCH-85492d2b8df586a1",
        "site_name": "Google Midlothian",
        "distance_to_site_km": 1.2173,
        "footprint_area_m2_webmercator": 471.49,
        "source_dataset": "Overture Maps buildings",
        "source_url": "https://docs.overturemaps.org/getting-data/",
        "source_release": "2026-09-23.1",
        "source_accessed_on": "2026-09-27",
        "geometry_role": "current building-footprint polygon",
        "linkage_semantics": "Overlap/proximity only; not evidence that the building hosts AI compute."
      }
    },
    {
      "type": "Feature",
      "id": "63722ef4-fefc-47b9-a027-29de081ea455",
      "geometry": {
        "type": "Polygon",
        "coordinates": [
          [
            [
              -97.056084,
              32.428644
            ],
            [
              -97.056209,
              32.428597
            ],
            [
              -97.056126,
              32.428438
            ],
            [
              -97.056,
              32.428485
            ],
            [
              -97.056084,
              32.428644
            ]
          ]
        ]
      },
      "properties": {
        "epoch_id": "EPOCH-85492d2b8df586a1",
        "site_name": "Google Midlothian",
        "distance_to_site_km": 1.2577,
        "footprint_area_m2_webmercator": 350.58,
        "source_dataset": "Overture Maps buildings",
        "source_url": "https://docs.overturemaps.org/getting-data/",
        "source_release": "2026-09-23.1",
        "source_accessed_on": "2026-09-27",
        "geometry_role": "current building-footprint polygon",
        "linkage_semantics": "Overlap/proximity only; not evidence that the building hosts AI compute."
      }
    },
    {
      "type": "Feature",
      "id": "39e6a0bb-abf1-439d-aee6-506a4387416d",
      "geometry": {
        "type": "Polygon",
        "coordinates": [
          [
            [
              -97.0560905,
              32.4298629
            ],
            [
              -97.0561934,
              32.4298186
            ],
            [
              -97.0561124,
              32.4296847
            ],
            [
              -97.0560095,
              32.429729
            ],
            [
              -97.0560905,
              32.4298629
            ]
          ]
        ]
      },
      "properties": {
        "epoch_id": "EPOCH-85492d2b8df586a1",
        "site_name": "Google Midlothian",
        "distance_to_site_km": 1.1329,
        "footprint_area_m2_webmercator": 254.97,
        "source_dataset": "Overture Maps buildings",
        "source_url": "https://docs.overturemaps.org/getting-data/",
        "source_release": "2026-09-23.1",
        "source_accessed_on": "2026-09-27",
        "geometry_role": "current building-footprint polygon",
        "linkage_semantics": "Overlap/proximity only; not evidence that the building hosts AI compute."
      }
    },
    {
      "type": "Feature",
      "id": "8a3736c8-5fbd-4b2e-a068-4672e58a5571",
      "geometry": {
        "type": "Polygon",
        "coordinates": [
          [
            [
              -97.0559589,
              32.4299157
            ],
            [
              -97.0560617,
              32.4298714
            ],
            [
              -97.0559807,
              32.4297375
            ],
            [
              -97.0558779,
              32.4297818
            ],
            [
              -97.0559589,
              32.4299157
            ]
          ]
        ]
      },
      "properties": {
        "epoch_id": "EPOCH-85492d2b8df586a1",
        "site_name": "Google Midlothian",
        "distance_to_site_km": 1.1223,
        "footprint_area_m2_webmercator": 254.77,
        "source_dataset": "Overture Maps buildings",
        "source_url": "https://docs.overturemaps.org/getting-data/",
        "source_release": "2026-09-23.1",
        "source_accessed_on": "2026-09-27",
        "geometry_role": "current building-footprint polygon",
        "linkage_semantics": "Overlap/proximity only; not evidence that the building hosts AI compute."
      }
    },
    {
      "type": "Feature",
      "id": "9e3593f2-1bbe-41bc-9386-9c29af82b943",
      "geometry": {
        "type": "Polygon",
        "coordinates": [
          [
            [
              -97.0537659,
              32.4356766
            ],
            [
              -97.0538802,
              32.4356307
            ],
            [
              -97.0539207,
              32.4356964
            ],
            [
              -97.0540666,
              32.435639
            ],
            [
              -97.0540218,
              32.435572
            ],
            [
              -97.0583334,
              32.4337571
            ],
            [
              -97.0583216,
              32.4337368
            ],
            [
              -97.0574224,
              32.4321934
            ],
            [
              -97.0556358,
              32.4329467
            ],
            [
              -97.0526876,
              32.4341896
            ],
            [
              -97.052131,
              32.4344243
            ],
            [
              -97.0521544,
              32.4344645
            ],
            [
              -97.0542072,
              32.4379946
            ],
            [
              -97.0549469,
              32.4376852
            ],
            [
              -97.0537659,
              32.4356766
            ]
          ]
        ]
      },
      "properties": {
        "epoch_id": "EPOCH-85492d2b8df586a1",
        "site_name": "Google Midlothian",
        "distance_to_site_km": 0.6327,
        "footprint_area_m2_webmercator": 178320.45,
        "source_dataset": "Overture Maps buildings",
        "source_url": "https://docs.overturemaps.org/getting-data/",
        "source_release": "2026-09-23.1",
        "source_accessed_on": "2026-09-27",
        "geometry_role": "current building-footprint polygon",
        "linkage_semantics": "Overlap/proximity only; not evidence that the building hosts AI compute."
      }
    },
    {
      "type": "Feature",
      "id": "a80a8a01-495f-4379-bb43-e7f7d702647f",
      "geometry": {
        "type": "Polygon",
        "coordinates": [
          [
            [
              -97.0551123,
              32.4306184
            ],
            [
              -97.0551287,
              32.430663
            ],
            [
              -97.0551606,
              32.4307012
            ],
            [
              -97.0552049,
              32.4307291
            ],
            [
              -97.0552633,
              32.430745
            ],
            [
              -97.0553247,
              32.430743
            ],
            [
              -97.0553815,
              32.4307234
            ],
            [
              -97.055427,
              32.4306886
            ],
            [
              -97.0554556,
              32.4306428
            ],
            [
              -97.0554639,
              32.4305915
            ],
            [
              -97.055451,
              32.4305408
            ],
            [
              -97.0554183,
              32.430497
            ],
            [
              -97.0553699,
              32.4304652
            ],
            [
              -97.0553175,
              32.4304501
            ],
            [
              -97.0552622,
              32.4304494
            ],
            [
              -97.0552093,
              32.4304632
            ],
            [
              -97.0551641,
              32.4304901
            ],
            [
              -97.0551309,
              32.4305275
            ],
            [
              -97.0551131,
              32.4305717
            ],
            [
              -97.0551123,
              32.4306184
            ]
          ]
        ]
      },
      "properties": {
        "epoch_id": "EPOCH-85492d2b8df586a1",
        "site_name": "Google Midlothian",
        "distance_to_site_km": 1.0175,
        "footprint_area_m2_webmercator": 1194.52,
        "source_dataset": "Overture Maps buildings",
        "source_url": "https://docs.overturemaps.org/getting-data/",
        "source_release": "2026-09-23.1",
        "source_accessed_on": "2026-09-27",
        "geometry_role": "current building-footprint polygon",
        "linkage_semantics": "Overlap/proximity only; not evidence that the building hosts AI compute."
      }
    },
    {
      "type": "Feature",
      "id": "f172857f-b4dd-464c-9f5b-2e745dc7c84d",
      "geometry": {
        "type": "Polygon",
        "coordinates": [
          [
            [
              -97.0552884,
              32.4291038
            ],
            [
              -97.0553625,
              32.4292461
            ],
            [
              -97.0554939,
              32.4291974
            ],
            [
              -97.0554129,
              32.4290418
            ],
            [
              -97.0551356,
              32.4289988
            ],
            [
              -97.0551873,
              32.4289796
            ],
            [
              -97.0551342,
              32.4289714
            ],
            [
              -97.055109,
              32.4289946
            ],
            [
              -97.0550994,
              32.4289931
            ],
            [
              -97.055103,
              32.4290001
            ],
            [
              -97.0549535,
              32.4291382
            ],
            [
              -97.0550327,
              32.4292905
            ],
            [
              -97.0551159,
              32.4292596
            ],
            [
              -97.055138,
              32.4293022
            ],
            [
              -97.0551162,
              32.4293223
            ],
            [
              -97.0551102,
              32.4293496
            ],
            [
              -97.0550667,
              32.429316
            ],
            [
              -97.0550266,
              32.4293531
            ],
            [
              -97.0551964,
              32.4293795
            ],
            [
              -97.0551877,
              32.4294196
            ],
            [
              -97.0551147,
              32.4294466
            ],
            [
              -97.0551028,
              32.4295014
            ],
            [
              -97.0551693,
              32.4295527
            ],
            [
              -97.0551544,
              32.4296214
            ],
            [
              -97.0552465,
              32.4295364
            ],
            [
              -97.0552232,
              32.4294915
            ],
            [
              -97.0551808,
              32.4295072
            ],
            [
              -97.0551563,
              32.4294884
            ],
            [
              -97.0551905,
              32.4294568
            ],
            [
              -97.0551922,
              32.4294602
            ],
            [
              -97.0552369,
              32.4292551
            ],
            [
              -97.0551792,
              32.4291443
            ],
            [
              -97.0552884,
              32.4291038
            ]
          ]
        ]
      },
      "properties": {
        "epoch_id": "EPOCH-85492d2b8df586a1",
        "site_name": "Google Midlothian",
        "distance_to_site_km": 1.1581,
        "footprint_area_m2_webmercator": 1728.18,
        "source_dataset": "Overture Maps buildings",
        "source_url": "https://docs.overturemaps.org/getting-data/",
        "source_release": "2026-09-23.1",
        "source_accessed_on": "2026-09-27",
        "geometry_role": "current building-footprint polygon",
        "linkage_semantics": "Overlap/proximity only; not evidence that the building hosts AI compute."
      }
    },
    {
      "type": "Feature",
      "id": "81f48dd7-4264-41b0-a1df-e5a1ae2a55eb",
      "geometry": {
        "type": "Polygon",
        "coordinates": [
          [
            [
              -97.0550817,
              32.4281449
            ],
            [
              -97.0552947,
              32.4285859
            ],
            [
              -97.0556227,
              32.4284729
            ],
            [
              -97.0554087,
              32.4280319
            ],
            [
              -97.0550817,
              32.4281449
            ]
          ]
        ]
      },
      "properties": {
        "epoch_id": "EPOCH-85492d2b8df586a1",
        "site_name": "Google Midlothian",
        "distance_to_site_km": 1.2556,
        "footprint_area_m2_webmercator": 2474.59,
        "source_dataset": "Overture Maps buildings",
        "source_url": "https://docs.overturemaps.org/getting-data/",
        "source_release": "2026-09-23.1",
        "source_accessed_on": "2026-09-27",
        "geometry_role": "current building-footprint polygon",
        "linkage_semantics": "Overlap/proximity only; not evidence that the building hosts AI compute."
      }
    },
    {
      "type": "Feature",
      "id": "8b74c73b-e116-4943-8e18-5ddd6d8c21f4",
      "geometry": {
        "type": "Polygon",
        "coordinates": [
          [
            [
              -97.0545016,
              32.4283667
            ],
            [
              -97.0547146,
              32.4288077
            ],
            [
              -97.0550426,
              32.4286947
            ],
            [
              -97.0548286,
              32.4282537
            ],
            [
              -97.0545016,
              32.4283667
            ]
          ]
        ]
      },
      "properties": {
        "epoch_id": "EPOCH-85492d2b8df586a1",
        "site_name": "Google Midlothian",
        "distance_to_site_km": 1.2146,
        "footprint_area_m2_webmercator": 2474.6,
        "source_dataset": "Overture Maps buildings",
        "source_url": "https://docs.overturemaps.org/getting-data/",
        "source_release": "2026-09-23.1",
        "source_accessed_on": "2026-09-27",
        "geometry_role": "current building-footprint polygon",
        "linkage_semantics": "Overlap/proximity only; not evidence that the building hosts AI compute."
      }
    },
    {
      "type": "Feature",
      "id": "cd2867c2-3228-4c7f-930d-3d2a8b769e9d",
      "geometry": {
        "type": "Polygon",
        "coordinates": [
          [
            [
              -97.05486,
              32.42894
            ],
            [
              -97.054775,
              32.428971
            ],
            [
              -97.054837,
              32.429091
            ],
            [
              -97.054922,
              32.429059
            ],
            [
              -97.05486,
              32.42894
            ]
          ]
        ]
      },
      "properties": {
        "epoch_id": "EPOCH-85492d2b8df586a1",
        "site_name": "Google Midlothian",
        "distance_to_site_km": 1.1658,
        "footprint_area_m2_webmercator": 177.8,
        "source_dataset": "Overture Maps buildings",
        "source_url": "https://docs.overturemaps.org/getting-data/",
        "source_release": "2026-09-23.1",
        "source_accessed_on": "2026-09-27",
        "geometry_role": "current building-footprint polygon",
        "linkage_semantics": "Overlap/proximity only; not evidence that the building hosts AI compute."
      }
    },
    {
      "type": "Feature",
      "id": "9d63125f-f400-45ca-b1f3-d9783e999040",
      "geometry": {
        "type": "Polygon",
        "coordinates": [
          [
            [
              -97.0551163,
              32.4307065
            ],
            [
              -97.0551091,
              32.4306807
            ],
            [
              -97.0550928,
              32.4306581
            ],
            [
              -97.0550691,
              32.4306409
            ],
            [
              -97.0550368,
              32.4306301
            ],
            [
              -97.0550022,
              32.4306292
            ],
            [
              -97.0549693,
              32.4306384
            ],
            [
              -97.054942,
              32.4306565
            ],
            [
              -97.0549238,
              32.4306814
            ],
            [
              -97.0549167,
              32.43071
            ],
            [
              -97.0549216,
              32.430739
            ],
            [
              -97.0549379,
              32.4307648
            ],
            [
              -97.0549637,
              32.4307844
            ],
            [
              -97.0549926,
              32.4307946
            ],
            [
              -97.0550238,
              32.4307969
            ],
            [
              -97.0550543,
              32.4307909
            ],
            [
              -97.0550811,
              32.4307772
            ],
            [
              -97.0551016,
              32.4307572
            ],
            [
              -97.0551137,
              32.4307328
            ],
            [
              -97.0551163,
              32.4307065
            ]
          ]
        ]
      },
      "properties": {
        "epoch_id": "EPOCH-85492d2b8df586a1",
        "site_name": "Google Midlothian",
        "distance_to_site_km": 0.9955,
        "footprint_area_m2_webmercator": 382.05,
        "source_dataset": "Overture Maps buildings",
        "source_url": "https://docs.overturemaps.org/getting-data/",
        "source_release": "2026-09-23.1",
        "source_accessed_on": "2026-09-27",
        "geometry_role": "current building-footprint polygon",
        "linkage_semantics": "Overlap/proximity only; not evidence that the building hosts AI compute."
      }
    },
    {
      "type": "Feature",
      "id": "72068e92-0bce-454e-876b-dde3a53f7d1d",
      "geometry": {
        "type": "Polygon",
        "coordinates": [
          [
            [
              -97.055058,
              32.430497
            ],
            [
              -97.055039,
              32.430461
            ],
            [
              -97.054927,
              32.430502
            ],
            [
              -97.054945,
              32.430538
            ],
            [
              -97.055058,
              32.430497
            ]
          ]
        ]
      },
      "properties": {
        "epoch_id": "EPOCH-85492d2b8df586a1",
        "site_name": "Google Midlothian",
        "distance_to_site_km": 1.0164,
        "footprint_area_m2_webmercator": 70.6,
        "source_dataset": "Overture Maps buildings",
        "source_url": "https://docs.overturemaps.org/getting-data/",
        "source_release": "2026-09-23.1",
        "source_accessed_on": "2026-09-27",
        "geometry_role": "current building-footprint polygon",
        "linkage_semantics": "Overlap/proximity only; not evidence that the building hosts AI compute."
      }
    },
    {
      "type": "Feature",
      "id": "b1e2b9e8-e54c-4031-ac82-79fe28789f7c",
      "geometry": {
        "type": "Polygon",
        "coordinates": [
          [
            [
              -97.054861,
              32.4307791
            ],
            [
              -97.0548437,
              32.4307562
            ],
            [
              -97.0548189,
              32.4307389
            ],
            [
              -97.054789,
              32.430729
            ],
            [
              -97.0547535,
              32.4307277
            ],
            [
              -97.0547195,
              32.4307367
            ],
            [
              -97.0546913,
              32.4307549
            ],
            [
              -97.0546721,
              32.4307802
            ],
            [
              -97.0546643,
              32.4308095
            ],
            [
              -97.0546688,
              32.4308393
            ],
            [
              -97.0546851,
              32.4308659
            ],
            [
              -97.0547112,
              32.4308863
            ],
            [
              -97.054744,
              32.430898
            ],
            [
              -97.0547761,
              32.4308998
            ],
            [
              -97.0548073,
              32.4308931
            ],
            [
              -97.0548345,
              32.4308786
            ],
            [
              -97.0548551,
              32.4308578
            ],
            [
              -97.0548669,
              32.4308325
            ],
            [
              -97.054869,
              32.4308054
            ],
            [
              -97.054861,
              32.4307791
            ]
          ]
        ]
      },
      "properties": {
        "epoch_id": "EPOCH-85492d2b8df586a1",
        "site_name": "Google Midlothian",
        "distance_to_site_km": 0.976,
        "footprint_area_m2_webmercator": 402.43,
        "source_dataset": "Overture Maps buildings",
        "source_url": "https://docs.overturemaps.org/getting-data/",
        "source_release": "2026-09-23.1",
        "source_accessed_on": "2026-09-27",
        "geometry_role": "current building-footprint polygon",
        "linkage_semantics": "Overlap/proximity only; not evidence that the building hosts AI compute."
      }
    },
    {
      "type": "Feature",
      "id": "17640dfc-f6e4-4ace-9cfc-e54a34b3d0da",
      "geometry": {
        "type": "Polygon",
        "coordinates": [
          [
            [
              -97.0545623,
              32.4310179
            ],
            [
              -97.0546086,
              32.4310893
            ],
            [
              -97.054654,
              32.4310683
            ],
            [
              -97.0546077,
              32.4309969
            ],
            [
              -97.0545623,
              32.4310179
            ]
          ]
        ]
      },
      "properties": {
        "epoch_id": "EPOCH-85492d2b8df586a1",
        "site_name": "Google Midlothian",
        "distance_to_site_km": 0.9467,
        "footprint_area_m2_webmercator": 61.87,
        "source_dataset": "Overture Maps buildings",
        "source_url": "https://docs.overturemaps.org/getting-data/",
        "source_release": "2026-09-23.1",
        "source_accessed_on": "2026-09-27",
        "geometry_role": "current building-footprint polygon",
        "linkage_semantics": "Overlap/proximity only; not evidence that the building hosts AI compute."
      }
    },
    {
      "type": "Feature",
      "id": "5d0a2ba4-4cd4-4cd3-9312-e07ab0913883",
      "geometry": {
        "type": "Polygon",
        "coordinates": [
          [
            [
              -97.0545354,
              32.4305162
            ],
            [
              -97.0546383,
              32.4304719
            ],
            [
              -97.0545572,
              32.430338
            ],
            [
              -97.0544544,
              32.4303823
            ],
            [
              -97.0545354,
              32.4305162
            ]
          ]
        ]
      },
      "properties": {
        "epoch_id": "EPOCH-85492d2b8df586a1",
        "site_name": "Google Midlothian",
        "distance_to_site_km": 1.0085,
        "footprint_area_m2_webmercator": 254.91,
        "source_dataset": "Overture Maps buildings",
        "source_url": "https://docs.overturemaps.org/getting-data/",
        "source_release": "2026-09-23.1",
        "source_accessed_on": "2026-09-27",
        "geometry_role": "current building-footprint polygon",
        "linkage_semantics": "Overlap/proximity only; not evidence that the building hosts AI compute."
      }
    },
    {
      "type": "Feature",
      "id": "e6c17dcb-5f84-4437-8ddf-c6ea829f4e3c",
      "geometry": {
        "type": "Polygon",
        "coordinates": [
          [
            [
              -97.0546216,
              32.4306497
            ],
            [
              -97.0545769,
              32.4306391
            ],
            [
              -97.054552,
              32.4307138
            ],
            [
              -97.0545968,
              32.4307245
            ],
            [
              -97.0546216,
              32.4306497
            ]
          ]
        ]
      },
      "properties": {
        "epoch_id": "EPOCH-85492d2b8df586a1",
        "site_name": "Google Midlothian",
        "distance_to_site_km": 0.9833,
        "footprint_area_m2_webmercator": 53.0,
        "source_dataset": "Overture Maps buildings",
        "source_url": "https://docs.overturemaps.org/getting-data/",
        "source_release": "2026-09-23.1",
        "source_accessed_on": "2026-09-27",
        "geometry_role": "current building-footprint polygon",
        "linkage_semantics": "Overlap/proximity only; not evidence that the building hosts AI compute."
      }
    },
    {
      "type": "Feature",
      "id": "48055f2d-c25f-4961-907e-d8b484519d61",
      "geometry": {
        "type": "Polygon",
        "coordinates": [
          [
            [
              -97.0546625,
              32.4304617
            ],
            [
              -97.0547653,
              32.4304174
            ],
            [
              -97.0546843,
              32.4302835
            ],
            [
              -97.0545815,
              32.4303278
            ],
            [
              -97.0546625,
              32.4304617
            ]
          ]
        ]
      },
      "properties": {
        "epoch_id": "EPOCH-85492d2b8df586a1",
        "site_name": "Google Midlothian",
        "distance_to_site_km": 1.0183,
        "footprint_area_m2_webmercator": 254.78,
        "source_dataset": "Overture Maps buildings",
        "source_url": "https://docs.overturemaps.org/getting-data/",
        "source_release": "2026-09-23.1",
        "source_accessed_on": "2026-09-27",
        "geometry_role": "current building-footprint polygon",
        "linkage_semantics": "Overlap/proximity only; not evidence that the building hosts AI compute."
      }
    },
    {
      "type": "Feature",
      "id": "084b20b7-e154-4515-aa6f-307e9e23c5ed",
      "geometry": {
        "type": "Polygon",
        "coordinates": [
          [
            [
              -97.05448,
              32.429617
            ],
            [
              -97.054619,
              32.429564
            ],
            [
              -97.054508,
              32.429361
            ],
            [
              -97.05437,
              32.429414
            ],
            [
              -97.05448,
              32.429617
            ]
          ]
        ]
      },
      "properties": {
        "epoch_id": "EPOCH-85492d2b8df586a1",
        "site_name": "Google Midlothian",
        "distance_to_site_km": 1.1053,
        "footprint_area_m2_webmercator": 498.76,
        "source_dataset": "Overture Maps buildings",
        "source_url": "https://docs.overturemaps.org/getting-data/",
        "source_release": "2026-09-23.1",
        "source_accessed_on": "2026-09-27",
        "geometry_role": "current building-footprint polygon",
        "linkage_semantics": "Overlap/proximity only; not evidence that the building hosts AI compute."
      }
    },
    {
      "type": "Feature",
      "id": "fe88642f-9a40-4571-8555-0b2aab2e121d",
      "geometry": {
        "type": "Polygon",
        "coordinates": [
          [
            [
              -97.054304,
              32.429375
            ],
            [
              -97.054198,
              32.429413
            ],
            [
              -97.054249,
              32.429513
            ],
            [
              -97.054355,
              32.429475
            ],
            [
              -97.054304,
              32.429375
            ]
          ]
        ]
      },
      "properties": {
        "epoch_id": "EPOCH-85492d2b8df586a1",
        "site_name": "Google Midlothian",
        "distance_to_site_km": 1.1038,
        "footprint_area_m2_webmercator": 184.08,
        "source_dataset": "Overture Maps buildings",
        "source_url": "https://docs.overturemaps.org/getting-data/",
        "source_release": "2026-09-23.1",
        "source_accessed_on": "2026-09-27",
        "geometry_role": "current building-footprint polygon",
        "linkage_semantics": "Overlap/proximity only; not evidence that the building hosts AI compute."
      }
    },
    {
      "type": "Feature",
      "id": "1503c64d-c84b-4e09-b328-ee70e8911d8d",
      "geometry": {
        "type": "Polygon",
        "coordinates": [
          [
            [
              -97.053973,
              32.429463
            ],
            [
              -97.054071,
              32.429421
            ],
            [
              -97.053996,
              32.429294
            ],
            [
              -97.053898,
              32.429336
            ],
            [
              -97.053973,
              32.429463
            ]
          ]
        ]
      },
      "properties": {
        "epoch_id": "EPOCH-85492d2b8df586a1",
        "site_name": "Google Midlothian",
        "distance_to_site_km": 1.103,
        "footprint_area_m2_webmercator": 228.97,
        "source_dataset": "Overture Maps buildings",
        "source_url": "https://docs.overturemaps.org/getting-data/",
        "source_release": "2026-09-23.1",
        "source_accessed_on": "2026-09-27",
        "geometry_role": "current building-footprint polygon",
        "linkage_semantics": "Overlap/proximity only; not evidence that the building hosts AI compute."
      }
    },
    {
      "type": "Feature",
      "id": "ab6654d3-3e0a-4866-8111-1609d12cec7f",
      "geometry": {
        "type": "Polygon",
        "coordinates": [
          [
            [
              -97.053671,
              32.430886
            ],
            [
              -97.054337,
              32.430645
            ],
            [
              -97.054258,
              32.43049
            ],
            [
              -97.053593,
              32.430732
            ],
            [
              -97.053671,
              32.430886
            ]
          ]
        ]
      },
      "properties": {
        "epoch_id": "EPOCH-85492d2b8df586a1",
        "site_name": "Google Midlothian",
        "distance_to_site_km": 0.9631,
        "footprint_area_m2_webmercator": 1787.91,
        "source_dataset": "Overture Maps buildings",
        "source_url": "https://docs.overturemaps.org/getting-data/",
        "source_release": "2026-09-23.1",
        "source_accessed_on": "2026-09-27",
        "geometry_role": "current building-footprint polygon",
        "linkage_semantics": "Overlap/proximity only; not evidence that the building hosts AI compute."
      }
    },
    {
      "type": "Feature",
      "id": "a766cd5a-1567-41cb-8860-3b2974b69348",
      "geometry": {
        "type": "Polygon",
        "coordinates": [
          [
            [
              -97.054414,
              32.430765
            ],
            [
              -97.053798,
              32.430982
            ],
            [
              -97.053989,
              32.431368
            ],
            [
              -97.054605,
              32.43115
            ],
            [
              -97.054414,
              32.430765
            ]
          ]
        ]
      },
      "properties": {
        "epoch_id": "EPOCH-85492d2b8df586a1",
        "site_name": "Google Midlothian",
        "distance_to_site_km": 0.9306,
        "footprint_area_m2_webmercator": 4096.39,
        "source_dataset": "Overture Maps buildings",
        "source_url": "https://docs.overturemaps.org/getting-data/",
        "source_release": "2026-09-23.1",
        "source_accessed_on": "2026-09-27",
        "geometry_role": "current building-footprint polygon",
        "linkage_semantics": "Overlap/proximity only; not evidence that the building hosts AI compute."
      }
    },
    {
      "type": "Feature",
      "id": "92fe8633-6220-4720-8280-cbfa06a81226",
      "geometry": {
        "type": "Polygon",
        "coordinates": [
          [
            [
              -97.053904,
              32.42967
            ],
            [
              -97.053915,
              32.429665
            ],
            [
              -97.05389,
              32.429621
            ],
            [
              -97.053788,
              32.429663
            ],
            [
              -97.053902,
              32.429861
            ],
            [
              -97.053993,
              32.429824
            ],
            [
              -97.053904,
              32.42967
            ]
          ]
        ]
      },
      "properties": {
        "epoch_id": "EPOCH-85492d2b8df586a1",
        "site_name": "Google Midlothian",
        "distance_to_site_km": 1.0619,
        "footprint_area_m2_webmercator": 335.27,
        "source_dataset": "Overture Maps buildings",
        "source_url": "https://docs.overturemaps.org/getting-data/",
        "source_release": "2026-09-23.1",
        "source_accessed_on": "2026-09-27",
        "geometry_role": "current building-footprint polygon",
        "linkage_semantics": "Overlap/proximity only; not evidence that the building hosts AI compute."
      }
    },
    {
      "type": "Feature",
      "id": "e8924b36-d85b-4fc6-a745-9c541f540ec5",
      "geometry": {
        "type": "Polygon",
        "coordinates": [
          [
            [
              -97.0536189,
              32.4300242
            ],
            [
              -97.053594,
              32.4300184
            ],
            [
              -97.0535829,
              32.430052
            ],
            [
              -97.0536177,
              32.4300602
            ],
            [
              -97.0536093,
              32.4300854
            ],
            [
              -97.0536641,
              32.4300983
            ],
            [
              -97.0536606,
              32.4301088
            ],
            [
              -97.053688,
              32.4301153
            ],
            [
              -97.0537026,
              32.4300712
            ],
            [
              -97.0537374,
              32.4300794
            ],
            [
              -97.0537464,
              32.4300521
            ],
            [
              -97.0536196,
              32.4300221
            ],
            [
              -97.0536189,
              32.4300242
            ]
          ]
        ]
      },
      "properties": {
        "epoch_id": "EPOCH-85492d2b8df586a1",
        "site_name": "Google Midlothian",
        "distance_to_site_km": 1.0217,
        "footprint_area_m2_webmercator": 117.66,
        "source_dataset": "Overture Maps buildings",
        "source_url": "https://docs.overturemaps.org/getting-data/",
        "source_release": "2026-09-23.1",
        "source_accessed_on": "2026-09-27",
        "geometry_role": "current building-footprint polygon",
        "linkage_semantics": "Overlap/proximity only; not evidence that the building hosts AI compute."
      }
    },
    {
      "type": "Feature",
      "id": "4fb75207-77fc-4291-8a50-af57bdff4643",
      "geometry": {
        "type": "Polygon",
        "coordinates": [
          [
            [
              -97.053622,
              32.4287583
            ],
            [
              -97.053835,
              32.4291993
            ],
            [
              -97.054163,
              32.4290863
            ],
            [
              -97.053949,
              32.4286453
            ],
            [
              -97.053622,
              32.4287583
            ]
          ]
        ]
      },
      "properties": {
        "epoch_id": "EPOCH-85492d2b8df586a1",
        "site_name": "Google Midlothian",
        "distance_to_site_km": 1.1497,
        "footprint_area_m2_webmercator": 2474.61,
        "source_dataset": "Overture Maps buildings",
        "source_url": "https://docs.overturemaps.org/getting-data/",
        "source_release": "2026-09-23.1",
        "source_accessed_on": "2026-09-27",
        "geometry_role": "current building-footprint polygon",
        "linkage_semantics": "Overlap/proximity only; not evidence that the building hosts AI compute."
      }
    },
    {
      "type": "Feature",
      "id": "d7e7438f-41df-433b-988a-0e4936f0865d",
      "geometry": {
        "type": "Polygon",
        "coordinates": [
          [
            [
              -97.052573,
              32.428965
            ],
            [
              -97.052504,
              32.428845
            ],
            [
              -97.052438,
              32.428871
            ],
            [
              -97.052506,
              32.428992
            ],
            [
              -97.052573,
              32.428965
            ]
          ]
        ]
      },
      "properties": {
        "epoch_id": "EPOCH-85492d2b8df586a1",
        "site_name": "Google Midlothian",
        "distance_to_site_km": 1.1244,
        "footprint_area_m2_webmercator": 144.3,
        "source_dataset": "Overture Maps buildings",
        "source_url": "https://docs.overturemaps.org/getting-data/",
        "source_release": "2026-09-23.1",
        "source_accessed_on": "2026-09-27",
        "geometry_role": "current building-footprint polygon",
        "linkage_semantics": "Overlap/proximity only; not evidence that the building hosts AI compute."
      }
    },
    {
      "type": "Feature",
      "id": "3125a3e1-a8ac-4525-9852-6ded84c6bd2d",
      "geometry": {
        "type": "Polygon",
        "coordinates": [
          [
            [
              -97.0528761,
              32.4302543
            ],
            [
              -97.0527459,
              32.4303016
            ],
            [
              -97.0527702,
              32.4303493
            ],
            [
              -97.0529004,
              32.4303021
            ],
            [
              -97.0528761,
              32.4302543
            ]
          ]
        ]
      },
      "properties": {
        "epoch_id": "EPOCH-85492d2b8df586a1",
        "site_name": "Google Midlothian",
        "distance_to_site_km": 0.9777,
        "footprint_area_m2_webmercator": 108.13,
        "source_dataset": "Overture Maps buildings",
        "source_url": "https://docs.overturemaps.org/getting-data/",
        "source_release": "2026-09-23.1",
        "source_accessed_on": "2026-09-27",
        "geometry_role": "current building-footprint polygon",
        "linkage_semantics": "Overlap/proximity only; not evidence that the building hosts AI compute."
      }
    },
    {
      "type": "Feature",
      "id": "be13568d-3fa2-42fb-813a-b9feef293f16",
      "geometry": {
        "type": "Polygon",
        "coordinates": [
          [
            [
              -97.0526307,
              32.4321212
            ],
            [
              -97.0526296,
              32.4321755
            ],
            [
              -97.0526505,
              32.4322268
            ],
            [
              -97.052691,
              32.432269
            ],
            [
              -97.0527402,
              32.4322949
            ],
            [
              -97.0527964,
              32.4323067
            ],
            [
              -97.0528542,
              32.4323033
            ],
            [
              -97.0529079,
              32.432285
            ],
            [
              -97.0529523,
              32.4322535
            ],
            [
              -97.052983,
              32.4322121
            ],
            [
              -97.052997,
              32.4321646
            ],
            [
              -97.0529929,
              32.4321158
            ],
            [
              -97.0529712,
              32.4320705
            ],
            [
              -97.052934,
              32.432033
            ],
            [
              -97.0528788,
              32.4320051
            ],
            [
              -97.0528157,
              32.4319947
            ],
            [
              -97.0527522,
              32.4320032
            ],
            [
              -97.0526959,
              32.4320295
            ],
            [
              -97.0526538,
              32.4320705
            ],
            [
              -97.0526307,
              32.4321212
            ]
          ]
        ]
      },
      "properties": {
        "epoch_id": "EPOCH-85492d2b8df586a1",
        "site_name": "Google Midlothian",
        "distance_to_site_km": 0.7768,
        "footprint_area_m2_webmercator": 1310.84,
        "source_dataset": "Overture Maps buildings",
        "source_url": "https://docs.overturemaps.org/getting-data/",
        "source_release": "2026-09-23.1",
        "source_accessed_on": "2026-09-27",
        "geometry_role": "current building-footprint polygon",
        "linkage_semantics": "Overlap/proximity only; not evidence that the building hosts AI compute."
      }
    },
    {
      "type": "Feature",
      "id": "715c0acc-ae37-4725-90c2-896a02375bcc",
      "geometry": {
        "type": "Polygon",
        "coordinates": [
          [
            [
              -97.0523848,
              32.4318135
            ],
            [
              -97.0524157,
              32.4318569
            ],
            [
              -97.0524609,
              32.4318901
            ],
            [
              -97.052516,
              32.4319099
            ],
            [
              -97.0525824,
              32.4319138
            ],
            [
              -97.0526464,
              32.4318984
            ],
            [
              -97.0527002,
              32.4318654
            ],
            [
              -97.0527375,
              32.4318189
            ],
            [
              -97.0527536,
              32.4317644
            ],
            [
              -97.0527467,
              32.4317085
            ],
            [
              -97.0527176,
              32.431658
            ],
            [
              -97.0526697,
              32.431619
            ],
            [
              -97.052609,
              32.4315961
            ],
            [
              -97.0525493,
              32.4315917
            ],
            [
              -97.0524908,
              32.431603
            ],
            [
              -97.0524395,
              32.4316291
            ],
            [
              -97.0524001,
              32.4316672
            ],
            [
              -97.0523766,
              32.4317138
            ],
            [
              -97.0523714,
              32.4317642
            ],
            [
              -97.0523848,
              32.4318135
            ]
          ]
        ]
      },
      "properties": {
        "epoch_id": "EPOCH-85492d2b8df586a1",
        "site_name": "Google Midlothian",
        "distance_to_site_km": 0.8147,
        "footprint_area_m2_webmercator": 1402.93,
        "source_dataset": "Overture Maps buildings",
        "source_url": "https://docs.overturemaps.org/getting-data/",
        "source_release": "2026-09-23.1",
        "source_accessed_on": "2026-09-27",
        "geometry_role": "current building-footprint polygon",
        "linkage_semantics": "Overlap/proximity only; not evidence that the building hosts AI compute."
      }
    },
    {
      "type": "Feature",
      "id": "762ab65e-2346-4d29-ba14-73e02c72c238",
      "geometry": {
        "type": "Polygon",
        "coordinates": [
          [
            [
              -97.0526116,
              32.4300353
            ],
            [
              -97.0525575,
              32.4299102
            ],
            [
              -97.0524712,
              32.4299368
            ],
            [
              -97.0525253,
              32.4300619
            ],
            [
              -97.0526116,
              32.4300353
            ]
          ]
        ]
      },
      "properties": {
        "epoch_id": "EPOCH-85492d2b8df586a1",
        "site_name": "Google Midlothian",
        "distance_to_site_km": 1.0075,
        "footprint_area_m2_webmercator": 179.63,
        "source_dataset": "Overture Maps buildings",
        "source_url": "https://docs.overturemaps.org/getting-data/",
        "source_release": "2026-09-23.1",
        "source_accessed_on": "2026-09-27",
        "geometry_role": "current building-footprint polygon",
        "linkage_semantics": "Overlap/proximity only; not evidence that the building hosts AI compute."
      }
    },
    {
      "type": "Feature",
      "id": "87e01d34-3a35-49cd-9bce-cb919337b7dd",
      "geometry": {
        "type": "Polygon",
        "coordinates": [
          [
            [
              -97.052341,
              32.430261
            ],
            [
              -97.052444,
              32.430468
            ],
            [
              -97.052573,
              32.430423
            ],
            [
              -97.052469,
              32.430215
            ],
            [
              -97.052341,
              32.430261
            ]
          ]
        ]
      },
      "properties": {
        "epoch_id": "EPOCH-85492d2b8df586a1",
        "site_name": "Google Midlothian",
        "distance_to_site_km": 0.9672,
        "footprint_area_m2_webmercator": 460.61,
        "source_dataset": "Overture Maps buildings",
        "source_url": "https://docs.overturemaps.org/getting-data/",
        "source_release": "2026-09-23.1",
        "source_accessed_on": "2026-09-27",
        "geometry_role": "current building-footprint polygon",
        "linkage_semantics": "Overlap/proximity only; not evidence that the building hosts AI compute."
      }
    },
    {
      "type": "Feature",
      "id": "15edf5bf-e5c4-4aa4-aa9a-d6cefa7c7312",
      "geometry": {
        "type": "Polygon",
        "coordinates": [
          [
            [
              -97.0523724,
              32.4298193
            ],
            [
              -97.0527203,
              32.429679
            ],
            [
              -97.0524766,
              32.4292484
            ],
            [
              -97.0521288,
              32.4293886
            ],
            [
              -97.0523724,
              32.4298193
            ]
          ]
        ]
      },
      "properties": {
        "epoch_id": "EPOCH-85492d2b8df586a1",
        "site_name": "Google Midlothian",
        "distance_to_site_km": 1.0556,
        "footprint_area_m2_webmercator": 2701.03,
        "source_dataset": "Overture Maps buildings",
        "source_url": "https://docs.overturemaps.org/getting-data/",
        "source_release": "2026-09-23.1",
        "source_accessed_on": "2026-09-27",
        "geometry_role": "current building-footprint polygon",
        "linkage_semantics": "Overlap/proximity only; not evidence that the building hosts AI compute."
      }
    },
    {
      "type": "Feature",
      "id": "3bf90053-ec92-4a0d-b817-9976c59b9752",
      "geometry": {
        "type": "Polygon",
        "coordinates": [
          [
            [
              -97.052197,
              32.430368
            ],
            [
              -97.052324,
              32.430337
            ],
            [
              -97.052288,
              32.430231
            ],
            [
              -97.05216,
              32.430262
            ],
            [
              -97.052197,
              32.430368
            ]
          ]
        ]
      },
      "properties": {
        "epoch_id": "EPOCH-85492d2b8df586a1",
        "site_name": "Google Midlothian",
        "distance_to_site_km": 0.9689,
        "footprint_area_m2_webmercator": 215.04,
        "source_dataset": "Overture Maps buildings",
        "source_url": "https://docs.overturemaps.org/getting-data/",
        "source_release": "2026-09-23.1",
        "source_accessed_on": "2026-09-27",
        "geometry_role": "current building-footprint polygon",
        "linkage_semantics": "Overlap/proximity only; not evidence that the building hosts AI compute."
      }
    },
    {
      "type": "Feature",
      "id": "58acc8c8-6135-4225-8e5a-3a215e2e988d",
      "geometry": {
        "type": "Polygon",
        "coordinates": [
          [
            [
              -97.0521734,
              32.4307108
            ],
            [
              -97.0522382,
              32.4308202
            ],
            [
              -97.0523616,
              32.4307681
            ],
            [
              -97.0522737,
              32.4306195
            ],
            [
              -97.0521653,
              32.4306653
            ],
            [
              -97.0521781,
              32.430687
            ],
            [
              -97.0521642,
              32.4306929
            ],
            [
              -97.0521745,
              32.4307103
            ],
            [
              -97.0521734,
              32.4307108
            ]
          ]
        ]
      },
      "properties": {
        "epoch_id": "EPOCH-85492d2b8df586a1",
        "site_name": "Google Midlothian",
        "distance_to_site_km": 0.9227,
        "footprint_area_m2_webmercator": 330.2,
        "source_dataset": "Overture Maps buildings",
        "source_url": "https://docs.overturemaps.org/getting-data/",
        "source_release": "2026-09-23.1",
        "source_accessed_on": "2026-09-27",
        "geometry_role": "current building-footprint polygon",
        "linkage_semantics": "Overlap/proximity only; not evidence that the building hosts AI compute."
      }
    },
    {
      "type": "Feature",
      "id": "128d4c54-f895-44f1-a3d5-9514fbf3a18a",
      "geometry": {
        "type": "Polygon",
        "coordinates": [
          [
            [
              -97.052507,
              32.431463
            ],
            [
              -97.05248,
              32.431398
            ],
            [
              -97.052278,
              32.431459
            ],
            [
              -97.052305,
              32.431524
            ],
            [
              -97.052507,
              32.431463
            ]
          ]
        ]
      },
      "properties": {
        "epoch_id": "EPOCH-85492d2b8df586a1",
        "site_name": "Google Midlothian",
        "distance_to_site_km": 0.8435,
        "footprint_area_m2_webmercator": 216.95,
        "source_dataset": "Overture Maps buildings",
        "source_url": "https://docs.overturemaps.org/getting-data/",
        "source_release": "2026-09-23.1",
        "source_accessed_on": "2026-09-27",
        "geometry_role": "current building-footprint polygon",
        "linkage_semantics": "Overlap/proximity only; not evidence that the building hosts AI compute."
      }
    },
    {
      "type": "Feature",
      "id": "ae21b0de-35ed-4e50-9fd6-334c3fcd84ae",
      "geometry": {
        "type": "Polygon",
        "coordinates": [
          [
            [
              -97.052776,
              32.431313
            ],
            [
              -97.053064,
              32.431212
            ],
            [
              -97.053029,
              32.431142
            ],
            [
              -97.052955,
              32.431168
            ],
            [
              -97.052943,
              32.431143
            ],
            [
              -97.052729,
              32.431218
            ],
            [
              -97.052776,
              32.431313
            ]
          ]
        ]
      },
      "properties": {
        "epoch_id": "EPOCH-85492d2b8df586a1",
        "site_name": "Google Midlothian",
        "distance_to_site_km": 0.8791,
        "footprint_area_m2_webmercator": 439.29,
        "source_dataset": "Overture Maps buildings",
        "source_url": "https://docs.overturemaps.org/getting-data/",
        "source_release": "2026-09-23.1",
        "source_accessed_on": "2026-09-27",
        "geometry_role": "current building-footprint polygon",
        "linkage_semantics": "Overlap/proximity only; not evidence that the building hosts AI compute."
      }
    },
    {
      "type": "Feature",
      "id": "c1549d75-0506-4e81-a823-82b05a6959c7",
      "geometry": {
        "type": "Polygon",
        "coordinates": [
          [
            [
              -97.052922,
              32.430022
            ],
            [
              -97.053026,
              32.430227
            ],
            [
              -97.053167,
              32.430176
            ],
            [
              -97.053063,
              32.429971
            ],
            [
              -97.052922,
              32.430022
            ]
          ]
        ]
      },
      "properties": {
        "epoch_id": "EPOCH-85492d2b8df586a1",
        "site_name": "Google Midlothian",
        "distance_to_site_km": 1.004,
        "footprint_area_m2_webmercator": 502.25,
        "source_dataset": "Overture Maps buildings",
        "source_url": "https://docs.overturemaps.org/getting-data/",
        "source_release": "2026-09-23.1",
        "source_accessed_on": "2026-09-27",
        "geometry_role": "current building-footprint polygon",
        "linkage_semantics": "Overlap/proximity only; not evidence that the building hosts AI compute."
      }
    },
    {
      "type": "Feature",
      "id": "853829c8-f677-4315-a5c3-7d4596ae8a6a",
      "geometry": {
        "type": "Polygon",
        "coordinates": [
          [
            [
              -97.053154,
              32.4310987
            ],
            [
              -97.0532569,
              32.4310544
            ],
            [
              -97.0531759,
              32.4309205
            ],
            [
              -97.053073,
              32.4309648
            ],
            [
              -97.053154,
              32.4310987
            ]
          ]
        ]
      },
      "properties": {
        "epoch_id": "EPOCH-85492d2b8df586a1",
        "site_name": "Google Midlothian",
        "distance_to_site_km": 0.9079,
        "footprint_area_m2_webmercator": 254.97,
        "source_dataset": "Overture Maps buildings",
        "source_url": "https://docs.overturemaps.org/getting-data/",
        "source_release": "2026-09-23.1",
        "source_accessed_on": "2026-09-27",
        "geometry_role": "current building-footprint polygon",
        "linkage_semantics": "Overlap/proximity only; not evidence that the building hosts AI compute."
      }
    },
    {
      "type": "Feature",
      "id": "76bd9673-12fd-4b9f-ac33-db005e955447",
      "geometry": {
        "type": "Polygon",
        "coordinates": [
          [
            [
              -97.053278,
              32.4310465
            ],
            [
              -97.0533808,
              32.4310022
            ],
            [
              -97.0532998,
              32.4308683
            ],
            [
              -97.053197,
              32.4309126
            ],
            [
              -97.053278,
              32.4310465
            ]
          ]
        ]
      },
      "properties": {
        "epoch_id": "EPOCH-85492d2b8df586a1",
        "site_name": "Google Midlothian",
        "distance_to_site_km": 0.9165,
        "footprint_area_m2_webmercator": 254.78,
        "source_dataset": "Overture Maps buildings",
        "source_url": "https://docs.overturemaps.org/getting-data/",
        "source_release": "2026-09-23.1",
        "source_accessed_on": "2026-09-27",
        "geometry_role": "current building-footprint polygon",
        "linkage_semantics": "Overlap/proximity only; not evidence that the building hosts AI compute."
      }
    },
    {
      "type": "Feature",
      "id": "ef2636d6-df79-469c-bfe9-0f819c5e4184",
      "geometry": {
        "type": "Polygon",
        "coordinates": [
          [
            [
              -97.0530261,
              32.4290079
            ],
            [
              -97.0532361,
              32.4294179
            ],
            [
              -97.0532951,
              32.4293959
            ],
            [
              -97.0533061,
              32.4294189
            ],
            [
              -97.0535761,
              32.4293199
            ],
            [
              -97.0533551,
              32.4288879
            ],
            [
              -97.0530261,
              32.4290079
            ]
          ]
        ]
      },
      "properties": {
        "epoch_id": "EPOCH-85492d2b8df586a1",
        "site_name": "Google Midlothian",
        "distance_to_site_km": 1.111,
        "footprint_area_m2_webmercator": 2453.5,
        "source_dataset": "Overture Maps buildings",
        "source_url": "https://docs.overturemaps.org/getting-data/",
        "source_release": "2026-09-23.1",
        "source_accessed_on": "2026-09-27",
        "geometry_role": "current building-footprint polygon",
        "linkage_semantics": "Overlap/proximity only; not evidence that the building hosts AI compute."
      }
    },
    {
      "type": "Feature",
      "id": "e24cb775-3a5e-4a96-81eb-2289fd61bf59",
      "geometry": {
        "type": "Polygon",
        "coordinates": [
          [
            [
              -97.053559,
              32.431657
            ],
            [
              -97.053489,
              32.431507
            ],
            [
              -97.053329,
              32.43156
            ],
            [
              -97.053399,
              32.43171
            ],
            [
              -97.053559,
              32.431657
            ]
          ]
        ]
      },
      "properties": {
        "epoch_id": "EPOCH-85492d2b8df586a1",
        "site_name": "Google Midlothian",
        "distance_to_site_km": 0.8508,
        "footprint_area_m2_webmercator": 406.84,
        "source_dataset": "Overture Maps buildings",
        "source_url": "https://docs.overturemaps.org/getting-data/",
        "source_release": "2026-09-23.1",
        "source_accessed_on": "2026-09-27",
        "geometry_role": "current building-footprint polygon",
        "linkage_semantics": "Overlap/proximity only; not evidence that the building hosts AI compute."
      }
    },
    {
      "type": "Feature",
      "id": "47508edd-c870-4887-a6e1-f40b4c45169c",
      "geometry": {
        "type": "Polygon",
        "coordinates": [
          [
            [
              -97.0536532,
              32.4425902
            ],
            [
              -97.0535631,
              32.4424273
            ],
            [
              -97.0534882,
              32.4424568
            ],
            [
              -97.0535783,
              32.4426197
            ],
            [
              -97.0536532,
              32.4425902
            ]
          ]
        ]
      },
      "properties": {
        "epoch_id": "EPOCH-85492d2b8df586a1",
        "site_name": "Google Midlothian",
        "distance_to_site_km": 0.4771,
        "footprint_area_m2_webmercator": 218.19,
        "source_dataset": "Overture Maps buildings",
        "source_url": "https://docs.overturemaps.org/getting-data/",
        "source_release": "2026-09-23.1",
        "source_accessed_on": "2026-09-27",
        "geometry_role": "current building-footprint polygon",
        "linkage_semantics": "Overlap/proximity only; not evidence that the building hosts AI compute."
      }
    },
    {
      "type": "Feature",
      "id": "bbc1474a-c2d1-48b5-a755-07475c9c18b6",
      "geometry": {
        "type": "Polygon",
        "coordinates": [
          [
            [
              -97.052546,
              32.444337
            ],
            [
              -97.052812,
              32.444239
            ],
            [
              -97.052708,
              32.444035
            ],
            [
              -97.052434,
              32.444135
            ],
            [
              -97.052465,
              32.444194
            ],
            [
              -97.052336,
              32.444241
            ],
            [
              -97.052389,
              32.444344
            ],
            [
              -97.052524,
              32.444295
            ],
            [
              -97.052546,
              32.444337
            ]
          ]
        ]
      },
      "properties": {
        "epoch_id": "EPOCH-85492d2b8df586a1",
        "site_name": "Google Midlothian",
        "distance_to_site_km": 0.6101,
        "footprint_area_m2_webmercator": 1199.67,
        "source_dataset": "Overture Maps buildings",
        "source_url": "https://docs.overturemaps.org/getting-data/",
        "source_release": "2026-09-23.1",
        "source_accessed_on": "2026-09-27",
        "geometry_role": "current building-footprint polygon",
        "linkage_semantics": "Overlap/proximity only; not evidence that the building hosts AI compute."
      }
    },
    {
      "type": "Feature",
      "id": "e09fed07-4452-4da4-bc00-2353771a6a32",
      "geometry": {
        "type": "Polygon",
        "coordinates": [
          [
            [
              -97.0538148,
              32.4421952
            ],
            [
              -97.053764,
              32.4420825
            ],
            [
              -97.05362,
              32.4421287
            ],
            [
              -97.0536709,
              32.4422414
            ],
            [
              -97.0538148,
              32.4421952
            ]
          ]
        ]
      },
      "properties": {
        "epoch_id": "EPOCH-85492d2b8df586a1",
        "site_name": "Google Midlothian",
        "distance_to_site_km": 0.4521,
        "footprint_area_m2_webmercator": 272.71,
        "source_dataset": "Overture Maps buildings",
        "source_url": "https://docs.overturemaps.org/getting-data/",
        "source_release": "2026-09-23.1",
        "source_accessed_on": "2026-09-27",
        "geometry_role": "current building-footprint polygon",
        "linkage_semantics": "Overlap/proximity only; not evidence that the building hosts AI compute."
      }
    },
    {
      "type": "Feature",
      "id": "96dfc1bd-3ff0-4e1a-a0fe-8d1fbac6b25d",
      "geometry": {
        "type": "Polygon",
        "coordinates": [
          [
            [
              -97.054954,
              32.438382
            ],
            [
              -97.055109,
              32.43832
            ],
            [
              -97.05509,
              32.438287
            ],
            [
              -97.054936,
              32.438349
            ],
            [
              -97.054954,
              32.438382
            ]
          ]
        ]
      },
      "properties": {
        "epoch_id": "EPOCH-85492d2b8df586a1",
        "site_name": "Google Midlothian",
        "distance_to_site_km": 0.4018,
        "footprint_area_m2_webmercator": 91.7,
        "source_dataset": "Overture Maps buildings",
        "source_url": "https://docs.overturemaps.org/getting-data/",
        "source_release": "2026-09-23.1",
        "source_accessed_on": "2026-09-27",
        "geometry_role": "current building-footprint polygon",
        "linkage_semantics": "Overlap/proximity only; not evidence that the building hosts AI compute."
      }
    },
    {
      "type": "Feature",
      "id": "93d7fb49-721b-473f-8496-a7741e4fae2c",
      "geometry": {
        "type": "Polygon",
        "coordinates": [
          [
            [
              -97.0549859,
              32.4432065
            ],
            [
              -97.0550371,
              32.443187
            ],
            [
              -97.0549458,
              32.4430168
            ],
            [
              -97.0547811,
              32.4430798
            ],
            [
              -97.0548916,
              32.4432856
            ],
            [
              -97.0550051,
              32.4432422
            ],
            [
              -97.0549859,
              32.4432065
            ]
          ]
        ]
      },
      "properties": {
        "epoch_id": "EPOCH-85492d2b8df586a1",
        "site_name": "Google Midlothian",
        "distance_to_site_km": 0.6077,
        "footprint_area_m2_webmercator": 567.51,
        "source_dataset": "Overture Maps buildings",
        "source_url": "https://docs.overturemaps.org/getting-data/",
        "source_release": "2026-09-23.1",
        "source_accessed_on": "2026-09-27",
        "geometry_role": "current building-footprint polygon",
        "linkage_semantics": "Overlap/proximity only; not evidence that the building hosts AI compute."
      }
    },
    {
      "type": "Feature",
      "id": "9f9b2381-3c4e-4e52-9d9b-4718748a7d0a",
      "geometry": {
        "type": "Polygon",
        "coordinates": [
          [
            [
              -97.0546297,
              32.4428207
            ],
            [
              -97.0547416,
              32.4430292
            ],
            [
              -97.0549085,
              32.4429654
            ],
            [
              -97.0547966,
              32.4427569
            ],
            [
              -97.0546297,
              32.4428207
            ]
          ]
        ]
      },
      "properties": {
        "epoch_id": "EPOCH-85492d2b8df586a1",
        "site_name": "Google Midlothian",
        "distance_to_site_km": 0.5773,
        "footprint_area_m2_webmercator": 615.81,
        "source_dataset": "Overture Maps buildings",
        "source_url": "https://docs.overturemaps.org/getting-data/",
        "source_release": "2026-09-23.1",
        "source_accessed_on": "2026-09-27",
        "geometry_role": "current building-footprint polygon",
        "linkage_semantics": "Overlap/proximity only; not evidence that the building hosts AI compute."
      }
    },
    {
      "type": "Feature",
      "id": "671743df-7616-425f-88b2-cc4a8fd2b1e7",
      "geometry": {
        "type": "Polygon",
        "coordinates": [
          [
            [
              -97.0547445,
              32.4431151
            ],
            [
              -97.0545821,
              32.4431852
            ],
            [
              -97.0546343,
              32.4432713
            ],
            [
              -97.0546598,
              32.4432603
            ],
            [
              -97.0546891,
              32.4433087
            ],
            [
              -97.0547878,
              32.4432662
            ],
            [
              -97.0547585,
              32.4432177
            ],
            [
              -97.0547967,
              32.4432012
            ],
            [
              -97.0547445,
              32.4431151
            ]
          ]
        ]
      },
      "properties": {
        "epoch_id": "EPOCH-85492d2b8df586a1",
        "site_name": "Google Midlothian",
        "distance_to_site_km": 0.6007,
        "footprint_area_m2_webmercator": 347.59,
        "source_dataset": "Overture Maps buildings",
        "source_url": "https://docs.overturemaps.org/getting-data/",
        "source_release": "2026-09-23.1",
        "source_accessed_on": "2026-09-27",
        "geometry_role": "current building-footprint polygon",
        "linkage_semantics": "Overlap/proximity only; not evidence that the building hosts AI compute."
      }
    },
    {
      "type": "Feature",
      "id": "1bf75497-a243-46a9-8a69-8da7eb5654f7",
      "geometry": {
        "type": "Polygon",
        "coordinates": [
          [
            [
              -97.0546072,
              32.4433473
            ],
            [
              -97.0545294,
              32.4432086
            ],
            [
              -97.0544383,
              32.443245
            ],
            [
              -97.054516,
              32.4433837
            ],
            [
              -97.0546072,
              32.4433473
            ]
          ]
        ]
      },
      "properties": {
        "epoch_id": "EPOCH-85492d2b8df586a1",
        "site_name": "Google Midlothian",
        "distance_to_site_km": 0.5984,
        "footprint_area_m2_webmercator": 227.2,
        "source_dataset": "Overture Maps buildings",
        "source_url": "https://docs.overturemaps.org/getting-data/",
        "source_release": "2026-09-23.1",
        "source_accessed_on": "2026-09-27",
        "geometry_role": "current building-footprint polygon",
        "linkage_semantics": "Overlap/proximity only; not evidence that the building hosts AI compute."
      }
    },
    {
      "type": "Feature",
      "id": "5c405b42-bdc3-4683-b740-d4fd6bf12151",
      "geometry": {
        "type": "Polygon",
        "coordinates": [
          [
            [
              -97.0544217,
              32.4433926
            ],
            [
              -97.0543498,
              32.4432456
            ],
            [
              -97.0540175,
              32.4433615
            ],
            [
              -97.0541302,
              32.4435916
            ],
            [
              -97.0541155,
              32.4435967
            ],
            [
              -97.0541411,
              32.4436489
            ],
            [
              -97.0541846,
              32.4436337
            ],
            [
              -97.0542717,
              32.4438116
            ],
            [
              -97.0546094,
              32.4436939
            ],
            [
              -97.0545772,
              32.4436281
            ],
            [
              -97.0546322,
              32.443609
            ],
            [
              -97.054646,
              32.4436372
            ],
            [
              -97.0549324,
              32.4435374
            ],
            [
              -97.0548618,
              32.4433931
            ],
            [
              -97.0545663,
              32.4434962
            ],
            [
              -97.0545924,
              32.4435495
            ],
            [
              -97.0545374,
              32.4435687
            ],
            [
              -97.0545185,
              32.44353
            ],
            [
              -97.0544374,
              32.4435583
            ],
            [
              -97.0543658,
              32.4434121
            ],
            [
              -97.0544217,
              32.4433926
            ]
          ]
        ]
      },
      "properties": {
        "epoch_id": "EPOCH-85492d2b8df586a1",
        "site_name": "Google Midlothian",
        "distance_to_site_km": 0.6136,
        "footprint_area_m2_webmercator": 3282.98,
        "source_dataset": "Overture Maps buildings",
        "source_url": "https://docs.overturemaps.org/getting-data/",
        "source_release": "2026-09-23.1",
        "source_accessed_on": "2026-09-27",
        "geometry_role": "current building-footprint polygon",
        "linkage_semantics": "Overlap/proximity only; not evidence that the building hosts AI compute."
      }
    },
    {
      "type": "Feature",
      "id": "727907d0-4487-4dc2-9752-e0da39b1fce0",
      "geometry": {
        "type": "Polygon",
        "coordinates": [
          [
            [
              -97.0516518,
              32.4360152
            ],
            [
              -97.050463,
              32.4365119
            ],
            [
              -97.0509788,
              32.4373915
            ],
            [
              -97.0510827,
              32.4375687
            ],
            [
              -97.0512389,
              32.4375781
            ],
            [
              -97.0523068,
              32.4371317
            ],
            [
              -97.0516518,
              32.4360152
            ]
          ]
        ]
      },
      "properties": {
        "epoch_id": "EPOCH-85492d2b8df586a1",
        "site_name": "Google Midlothian",
        "distance_to_site_km": 0.2407,
        "footprint_area_m2_webmercator": 24203.31,
        "source_dataset": "Overture Maps buildings",
        "source_url": "https://docs.overturemaps.org/getting-data/",
        "source_release": "2026-09-23.1",
        "source_accessed_on": "2026-09-27",
        "geometry_role": "current building-footprint polygon",
        "linkage_semantics": "Overlap/proximity only; not evidence that the building hosts AI compute."
      }
    },
    {
      "type": "Feature",
      "id": "cceaa23e-b52c-49a3-b37c-7f251fb6448f",
      "geometry": {
        "type": "Polygon",
        "coordinates": [
          [
            [
              -97.0507093,
              32.4418806
            ],
            [
              -97.0507531,
              32.4418637
            ],
            [
              -97.0507242,
              32.4418103
            ],
            [
              -97.0506804,
              32.4418272
            ],
            [
              -97.0507093,
              32.4418806
            ]
          ]
        ]
      },
      "properties": {
        "epoch_id": "EPOCH-85492d2b8df586a1",
        "site_name": "Google Midlothian",
        "distance_to_site_km": 0.3246,
        "footprint_area_m2_webmercator": 41.52,
        "source_dataset": "Overture Maps buildings",
        "source_url": "https://docs.overturemaps.org/getting-data/",
        "source_release": "2026-09-23.1",
        "source_accessed_on": "2026-09-27",
        "geometry_role": "current building-footprint polygon",
        "linkage_semantics": "Overlap/proximity only; not evidence that the building hosts AI compute."
      }
    },
    {
      "type": "Feature",
      "id": "13708bcb-2470-450b-8fe0-3883a29b4fce",
      "geometry": {
        "type": "Polygon",
        "coordinates": [
          [
            [
              -97.0515956,
              32.4346401
            ],
            [
              -97.0516147,
              32.4346352
            ],
            [
              -97.0516312,
              32.4346256
            ],
            [
              -97.0516432,
              32.4346121
            ],
            [
              -97.0516501,
              32.4345944
            ],
            [
              -97.0516494,
              32.4345758
            ],
            [
              -97.0516412,
              32.4345585
            ],
            [
              -97.0516265,
              32.4345446
            ],
            [
              -97.0516071,
              32.4345357
            ],
            [
              -97.0515852,
              32.434533
            ],
            [
              -97.0515636,
              32.4345367
            ],
            [
              -97.0515448,
              32.4345464
            ],
            [
              -97.051531,
              32.434561
            ],
            [
              -97.0515243,
              32.4345769
            ],
            [
              -97.0515237,
              32.4345938
            ],
            [
              -97.0515294,
              32.43461
            ],
            [
              -97.0515408,
              32.4346239
            ],
            [
              -97.0515567,
              32.4346342
            ],
            [
              -97.0515756,
              32.4346398
            ],
            [
              -97.0515956,
              32.4346401
            ]
          ]
        ]
      },
      "properties": {
        "epoch_id": "EPOCH-85492d2b8df586a1",
        "site_name": "Google Midlothian",
        "distance_to_site_km": 0.4882,
        "footprint_area_m2_webmercator": 155.43,
        "source_dataset": "Overture Maps buildings",
        "source_url": "https://docs.overturemaps.org/getting-data/",
        "source_release": "2026-09-23.1",
        "source_accessed_on": "2026-09-27",
        "geometry_role": "current building-footprint polygon",
        "linkage_semantics": "Overlap/proximity only; not evidence that the building hosts AI compute."
      }
    },
    {
      "type": "Feature",
      "id": "0465ed6b-a21d-4fa2-b3fc-4f6b36dde8d4",
      "geometry": {
        "type": "Polygon",
        "coordinates": [
          [
            [
              -97.0515256,
              32.43454
            ],
            [
              -97.0516073,
              32.4345186
            ],
            [
              -97.0515811,
              32.4344476
            ],
            [
              -97.0514995,
              32.434469
            ],
            [
              -97.0515256,
              32.43454
            ]
          ]
        ]
      },
      "properties": {
        "epoch_id": "EPOCH-85492d2b8df586a1",
        "site_name": "Google Midlothian",
        "distance_to_site_km": 0.498,
        "footprint_area_m2_webmercator": 93.33,
        "source_dataset": "Overture Maps buildings",
        "source_url": "https://docs.overturemaps.org/getting-data/",
        "source_release": "2026-09-23.1",
        "source_accessed_on": "2026-09-27",
        "geometry_role": "current building-footprint polygon",
        "linkage_semantics": "Overlap/proximity only; not evidence that the building hosts AI compute."
      }
    },
    {
      "type": "Feature",
      "id": "0d83e397-8fbd-49f4-935d-008deee6ad50",
      "geometry": {
        "type": "Polygon",
        "coordinates": [
          [
            [
              -97.0515461,
              32.4343875
            ],
            [
              -97.0515444,
              32.4343702
            ],
            [
              -97.0515364,
              32.4343542
            ],
            [
              -97.051523,
              32.434341
            ],
            [
              -97.0515034,
              32.4343315
            ],
            [
              -97.0514811,
              32.4343281
            ],
            [
              -97.0514588,
              32.4343313
            ],
            [
              -97.0514392,
              32.4343407
            ],
            [
              -97.0514245,
              32.4343552
            ],
            [
              -97.0514165,
              32.4343731
            ],
            [
              -97.0514163,
              32.4343922
            ],
            [
              -97.0514237,
              32.4344102
            ],
            [
              -97.051438,
              32.434425
            ],
            [
              -97.0514554,
              32.4344342
            ],
            [
              -97.0514754,
              32.4344384
            ],
            [
              -97.0514959,
              32.4344371
            ],
            [
              -97.051515,
              32.4344305
            ],
            [
              -97.0515306,
              32.4344192
            ],
            [
              -97.0515414,
              32.4344044
            ],
            [
              -97.0515461,
              32.4343875
            ]
          ]
        ]
      },
      "properties": {
        "epoch_id": "EPOCH-85492d2b8df586a1",
        "site_name": "Google Midlothian",
        "distance_to_site_km": 0.5093,
        "footprint_area_m2_webmercator": 163.71,
        "source_dataset": "Overture Maps buildings",
        "source_url": "https://docs.overturemaps.org/getting-data/",
        "source_release": "2026-09-23.1",
        "source_accessed_on": "2026-09-27",
        "geometry_role": "current building-footprint polygon",
        "linkage_semantics": "Overlap/proximity only; not evidence that the building hosts AI compute."
      }
    },
    {
      "type": "Feature",
      "id": "448aff13-5dee-4eb9-96c1-aaa410efe7db",
      "geometry": {
        "type": "Polygon",
        "coordinates": [
          [
            [
              -97.051973,
              32.430161
            ],
            [
              -97.051876,
              32.430201
            ],
            [
              -97.051946,
              32.430323
            ],
            [
              -97.052044,
              32.430283
            ],
            [
              -97.051973,
              32.430161
            ]
          ]
        ]
      },
      "properties": {
        "epoch_id": "EPOCH-85492d2b8df586a1",
        "site_name": "Google Midlothian",
        "distance_to_site_km": 0.9718,
        "footprint_area_m2_webmercator": 216.04,
        "source_dataset": "Overture Maps buildings",
        "source_url": "https://docs.overturemaps.org/getting-data/",
        "source_release": "2026-09-23.1",
        "source_accessed_on": "2026-09-27",
        "geometry_role": "current building-footprint polygon",
        "linkage_semantics": "Overlap/proximity only; not evidence that the building hosts AI compute."
      }
    },
    {
      "type": "Feature",
      "id": "e910398f-51e0-44b4-9019-e46d0a1ba534",
      "geometry": {
        "type": "Polygon",
        "coordinates": [
          [
            [
              -97.0517961,
              32.4300661
            ],
            [
              -97.052144,
              32.4299258
            ],
            [
              -97.0519003,
              32.4294952
            ],
            [
              -97.0515525,
              32.4296354
            ],
            [
              -97.0517961,
              32.4300661
            ]
          ]
        ]
      },
      "properties": {
        "epoch_id": "EPOCH-85492d2b8df586a1",
        "site_name": "Google Midlothian",
        "distance_to_site_km": 1.0218,
        "footprint_area_m2_webmercator": 2701.03,
        "source_dataset": "Overture Maps buildings",
        "source_url": "https://docs.overturemaps.org/getting-data/",
        "source_release": "2026-09-23.1",
        "source_accessed_on": "2026-09-27",
        "geometry_role": "current building-footprint polygon",
        "linkage_semantics": "Overlap/proximity only; not evidence that the building hosts AI compute."
      }
    },
    {
      "type": "Feature",
      "id": "6999552c-d311-41ec-b017-b3c4fbf5f2f0",
      "geometry": {
        "type": "Polygon",
        "coordinates": [
          [
            [
              -97.051419,
              32.428828
            ],
            [
              -97.051481,
              32.428956
            ],
            [
              -97.05177,
              32.428855
            ],
            [
              -97.051708,
              32.428728
            ],
            [
              -97.051419,
              32.428828
            ]
          ]
        ]
      },
      "properties": {
        "epoch_id": "EPOCH-85492d2b8df586a1",
        "site_name": "Google Midlothian",
        "distance_to_site_km": 1.1239,
        "footprint_area_m2_webmercator": 632.46,
        "source_dataset": "Overture Maps buildings",
        "source_url": "https://docs.overturemaps.org/getting-data/",
        "source_release": "2026-09-23.1",
        "source_accessed_on": "2026-09-27",
        "geometry_role": "current building-footprint polygon",
        "linkage_semantics": "Overlap/proximity only; not evidence that the building hosts AI compute."
      }
    },
    {
      "type": "Feature",
      "id": "88f633c3-2d90-458f-8e56-b41c26b5856e",
      "geometry": {
        "type": "Polygon",
        "coordinates": [
          [
            [
              -97.051425,
              32.42914
            ],
            [
              -97.051354,
              32.429004
            ],
            [
              -97.051289,
              32.429029
            ],
            [
              -97.05136,
              32.429165
            ],
            [
              -97.051425,
              32.42914
            ]
          ]
        ]
      },
      "properties": {
        "epoch_id": "EPOCH-85492d2b8df586a1",
        "site_name": "Google Midlothian",
        "distance_to_site_km": 1.0957,
        "footprint_area_m2_webmercator": 155.84,
        "source_dataset": "Overture Maps buildings",
        "source_url": "https://docs.overturemaps.org/getting-data/",
        "source_release": "2026-09-23.1",
        "source_accessed_on": "2026-09-27",
        "geometry_role": "current building-footprint polygon",
        "linkage_semantics": "Overlap/proximity only; not evidence that the building hosts AI compute."
      }
    },
    {
      "type": "Feature",
      "id": "24afde69-a544-4dff-a0a5-009c563ed971",
      "geometry": {
        "type": "Polygon",
        "coordinates": [
          [
            [
              -97.0511573,
              32.4269677
            ],
            [
              -97.0511604,
              32.4268242
            ],
            [
              -97.0510639,
              32.4268227
            ],
            [
              -97.0510607,
              32.4269662
            ],
            [
              -97.0511573,
              32.4269677
            ]
          ]
        ]
      },
      "properties": {
        "epoch_id": "EPOCH-85492d2b8df586a1",
        "site_name": "Google Midlothian",
        "distance_to_site_km": 1.3382,
        "footprint_area_m2_webmercator": 203.48,
        "source_dataset": "Overture Maps buildings",
        "source_url": "https://docs.overturemaps.org/getting-data/",
        "source_release": "2026-09-23.1",
        "source_accessed_on": "2026-09-27",
        "geometry_role": "current building-footprint polygon",
        "linkage_semantics": "Overlap/proximity only; not evidence that the building hosts AI compute."
      }
    },
    {
      "type": "Feature",
      "id": "c448a954-b170-4014-9ac1-4f13031a48b7",
      "geometry": {
        "type": "Polygon",
        "coordinates": [
          [
            [
              -97.0511773,
              32.4272477
            ],
            [
              -97.0512507,
              32.4272492
            ],
            [
              -97.0512527,
              32.4271813
            ],
            [
              -97.0511793,
              32.4271798
            ],
            [
              -97.0511773,
              32.4272477
            ]
          ]
        ]
      },
      "properties": {
        "epoch_id": "EPOCH-85492d2b8df586a1",
        "site_name": "Google Midlothian",
        "distance_to_site_km": 1.303,
        "footprint_area_m2_webmercator": 73.21,
        "source_dataset": "Overture Maps buildings",
        "source_url": "https://docs.overturemaps.org/getting-data/",
        "source_release": "2026-09-23.1",
        "source_accessed_on": "2026-09-27",
        "geometry_role": "current building-footprint polygon",
        "linkage_semantics": "Overlap/proximity only; not evidence that the building hosts AI compute."
      }
    },
    {
      "type": "Feature",
      "id": "7771ef54-4be3-48b2-9101-2218d3a06753",
      "geometry": {
        "type": "Polygon",
        "coordinates": [
          [
            [
              -97.0487128,
              32.433585
            ],
            [
              -97.0508289,
              32.4326997
            ],
            [
              -97.0502527,
              32.431719
            ],
            [
              -97.0483397,
              32.4325197
            ],
            [
              -97.0488206,
              32.4333381
            ],
            [
              -97.0486176,
              32.433423
            ],
            [
              -97.0487128,
              32.433585
            ]
          ]
        ]
      },
      "properties": {
        "epoch_id": "EPOCH-85492d2b8df586a1",
        "site_name": "Google Midlothian",
        "distance_to_site_km": 0.7103,
        "footprint_area_m2_webmercator": 34914.34,
        "source_dataset": "Overture Maps buildings",
        "source_url": "https://docs.overturemaps.org/getting-data/",
        "source_release": "2026-09-23.1",
        "source_accessed_on": "2026-09-27",
        "geometry_role": "current building-footprint polygon",
        "linkage_semantics": "Overlap/proximity only; not evidence that the building hosts AI compute."
      }
    },
    {
      "type": "Feature",
      "id": "0834f8a9-6597-4a8c-9f19-17d1426b42dc",
      "geometry": {
        "type": "Polygon",
        "coordinates": [
          [
            [
              -97.0494047,
              32.4261991
            ],
            [
              -97.0495461,
              32.4262176
            ],
            [
              -97.0495653,
              32.4261137
            ],
            [
              -97.0494238,
              32.4260952
            ],
            [
              -97.0494047,
              32.4261991
            ]
          ]
        ]
      },
      "properties": {
        "epoch_id": "EPOCH-85492d2b8df586a1",
        "site_name": "Google Midlothian",
        "distance_to_site_km": 1.4254,
        "footprint_area_m2_webmercator": 220.96,
        "source_dataset": "Overture Maps buildings",
        "source_url": "https://docs.overturemaps.org/getting-data/",
        "source_release": "2026-09-23.1",
        "source_accessed_on": "2026-09-27",
        "geometry_role": "current building-footprint polygon",
        "linkage_semantics": "Overlap/proximity only; not evidence that the building hosts AI compute."
      }
    },
    {
      "type": "Feature",
      "id": "4d1ea899-6ead-433d-bb18-f07060ad8af9",
      "geometry": {
        "type": "Polygon",
        "coordinates": [
          [
            [
              -97.0547997,
              32.4196158
            ],
            [
              -97.0547995,
              32.4195795
            ],
            [
              -97.0547056,
              32.41958
            ],
            [
              -97.0547068,
              32.4197724
            ],
            [
              -97.0548007,
              32.419772
            ],
            [
              -97.0548,
              32.4196656
            ],
            [
              -97.0548805,
              32.4196652
            ],
            [
              -97.0548802,
              32.4196154
            ],
            [
              -97.0547997,
              32.4196158
            ]
          ]
        ]
      },
      "properties": {
        "epoch_id": "EPOCH-85492d2b8df586a1",
        "site_name": "Google Midlothian",
        "distance_to_site_km": 2.1735,
        "footprint_area_m2_webmercator": 324.08,
        "source_dataset": "Overture Maps buildings",
        "source_url": "https://docs.overturemaps.org/getting-data/",
        "source_release": "2026-09-23.1",
        "source_accessed_on": "2026-09-27",
        "geometry_role": "current building-footprint polygon",
        "linkage_semantics": "Overlap/proximity only; not evidence that the building hosts AI compute."
      }
    },
    {
      "type": "Feature",
      "id": "60463cfd-b8bd-41e3-b698-051cdc5a3473",
      "geometry": {
        "type": "Polygon",
        "coordinates": [
          [
            [
              -97.0474771,
              32.4324269
            ],
            [
              -97.0474627,
              32.4324446
            ],
            [
              -97.0474558,
              32.4324653
            ],
            [
              -97.0474571,
              32.4324868
            ],
            [
              -97.0474665,
              32.4325068
            ],
            [
              -97.0474839,
              32.432524
            ],
            [
              -97.0475072,
              32.4325353
            ],
            [
              -97.0475336,
              32.4325393
            ],
            [
              -97.04756,
              32.4325357
            ],
            [
              -97.0475835,
              32.4325247
            ],
            [
              -97.0476013,
              32.4325078
            ],
            [
              -97.0476114,
              32.4324868
            ],
            [
              -97.0476126,
              32.4324653
            ],
            [
              -97.0476058,
              32.4324446
            ],
            [
              -97.0475914,
              32.4324268
            ],
            [
              -97.0475711,
              32.4324139
            ],
            [
              -97.047547,
              32.432407
            ],
            [
              -97.0475215,
              32.432407
            ],
            [
              -97.0474974,
              32.4324139
            ],
            [
              -97.0474771,
              32.4324269
            ]
          ]
        ]
      },
      "properties": {
        "epoch_id": "EPOCH-85492d2b8df586a1",
        "site_name": "Google Midlothian",
        "distance_to_site_km": 0.7804,
        "footprint_area_m2_webmercator": 237.91,
        "source_dataset": "Overture Maps buildings",
        "source_url": "https://docs.overturemaps.org/getting-data/",
        "source_release": "2026-09-23.1",
        "source_accessed_on": "2026-09-27",
        "geometry_role": "current building-footprint polygon",
        "linkage_semantics": "Overlap/proximity only; not evidence that the building hosts AI compute."
      }
    },
    {
      "type": "Feature",
      "id": "9d141c79-6b42-4c9e-8b03-3e4e827ff504",
      "geometry": {
        "type": "Polygon",
        "coordinates": [
          [
            [
              -97.0476611,
              32.4323565
            ],
            [
              -97.0476411,
              32.4323693
            ],
            [
              -97.0476271,
              32.432387
            ],
            [
              -97.0476207,
              32.4324075
            ],
            [
              -97.0476226,
              32.4324287
            ],
            [
              -97.0476324,
              32.4324481
            ],
            [
              -97.0476492,
              32.4324639
            ],
            [
              -97.0476712,
              32.4324742
            ],
            [
              -97.0476959,
              32.4324779
            ],
            [
              -97.0477207,
              32.4324747
            ],
            [
              -97.0477429,
              32.4324648
            ],
            [
              -97.0477601,
              32.4324494
            ],
            [
              -97.0477705,
              32.4324301
            ],
            [
              -97.0477729,
              32.432409
            ],
            [
              -97.0477671,
              32.4323883
            ],
            [
              -97.0477536,
              32.4323704
            ],
            [
              -97.0477339,
              32.4323571
            ],
            [
              -97.0477102,
              32.43235
            ],
            [
              -97.047685,
              32.4323498
            ],
            [
              -97.0476611,
              32.4323565
            ]
          ]
        ]
      },
      "properties": {
        "epoch_id": "EPOCH-85492d2b8df586a1",
        "site_name": "Google Midlothian",
        "distance_to_site_km": 0.7806,
        "footprint_area_m2_webmercator": 222.9,
        "source_dataset": "Overture Maps buildings",
        "source_url": "https://docs.overturemaps.org/getting-data/",
        "source_release": "2026-09-23.1",
        "source_accessed_on": "2026-09-27",
        "geometry_role": "current building-footprint polygon",
        "linkage_semantics": "Overlap/proximity only; not evidence that the building hosts AI compute."
      }
    },
    {
      "type": "Feature",
      "id": "67260e9e-ee76-4858-ab63-0c3e69c4d427",
      "geometry": {
        "type": "Polygon",
        "coordinates": [
          [
            [
              -97.0476429,
              32.435422
            ],
            [
              -97.0476165,
              32.4353625
            ],
            [
              -97.0475686,
              32.4353777
            ],
            [
              -97.0475509,
              32.435338
            ],
            [
              -97.0475345,
              32.4353432
            ],
            [
              -97.0475786,
              32.4354424
            ],
            [
              -97.0476429,
              32.435422
            ]
          ]
        ]
      },
      "properties": {
        "epoch_id": "EPOCH-85492d2b8df586a1",
        "site_name": "Google Midlothian",
        "distance_to_site_km": 0.4948,
        "footprint_area_m2_webmercator": 75.03,
        "source_dataset": "Overture Maps buildings",
        "source_url": "https://docs.overturemaps.org/getting-data/",
        "source_release": "2026-09-23.1",
        "source_accessed_on": "2026-09-27",
        "geometry_role": "current building-footprint polygon",
        "linkage_semantics": "Overlap/proximity only; not evidence that the building hosts AI compute."
      }
    },
    {
      "type": "Feature",
      "id": "6a7cf73e-67ca-4005-8779-30abe0fbc994",
      "geometry": {
        "type": "Polygon",
        "coordinates": [
          [
            [
              -97.048399,
              32.4380869
            ],
            [
              -97.0492354,
              32.437736
            ],
            [
              -97.0487483,
              32.4369092
            ],
            [
              -97.0479328,
              32.4372515
            ],
            [
              -97.0472569,
              32.4361044
            ],
            [
              -97.046329,
              32.4364939
            ],
            [
              -97.0472807,
              32.4381086
            ],
            [
              -97.0478539,
              32.4378679
            ],
            [
              -97.0480105,
              32.4381336
            ],
            [
              -97.048344,
              32.4379936
            ],
            [
              -97.048399,
              32.4380869
            ]
          ]
        ]
      },
      "properties": {
        "epoch_id": "EPOCH-85492d2b8df586a1",
        "site_name": "Google Midlothian",
        "distance_to_site_km": 0.3455,
        "footprint_area_m2_webmercator": 41544.75,
        "source_dataset": "Overture Maps buildings",
        "source_url": "https://docs.overturemaps.org/getting-data/",
        "source_release": "2026-09-23.1",
        "source_accessed_on": "2026-09-27",
        "geometry_role": "current building-footprint polygon",
        "linkage_semantics": "Overlap/proximity only; not evidence that the building hosts AI compute."
      }
    },
    {
      "type": "Feature",
      "id": "d0f0fdfc-b537-4faf-b30e-6105e8530a6a",
      "geometry": {
        "type": "Polygon",
        "coordinates": [
          [
            [
              -97.0471812,
              32.4359075
            ],
            [
              -97.0472391,
              32.4360669
            ],
            [
              -97.0473077,
              32.4360491
            ],
            [
              -97.0472499,
              32.4358898
            ],
            [
              -97.0471812,
              32.4359075
            ]
          ]
        ]
      },
      "properties": {
        "epoch_id": "EPOCH-85492d2b8df586a1",
        "site_name": "Google Midlothian",
        "distance_to_site_km": 0.4677,
        "footprint_area_m2_webmercator": 175.7,
        "source_dataset": "Overture Maps buildings",
        "source_url": "https://docs.overturemaps.org/getting-data/",
        "source_release": "2026-09-23.1",
        "source_accessed_on": "2026-09-27",
        "geometry_role": "current building-footprint polygon",
        "linkage_semantics": "Overlap/proximity only; not evidence that the building hosts AI compute."
      }
    },
    {
      "type": "Feature",
      "id": "1f4a64d0-4d8e-4532-892e-d06c31036c76",
      "geometry": {
        "type": "Polygon",
        "coordinates": [
          [
            [
              -97.0475296,
              32.4479595
            ],
            [
              -97.0475304,
              32.4479991
            ],
            [
              -97.047596,
              32.4479981
            ],
            [
              -97.0475952,
              32.4479585
            ],
            [
              -97.0475296,
              32.4479595
            ]
          ]
        ]
      },
      "properties": {
        "epoch_id": "EPOCH-85492d2b8df586a1",
        "site_name": "Google Midlothian",
        "distance_to_site_km": 1.0513,
        "footprint_area_m2_webmercator": 38.16,
        "source_dataset": "Overture Maps buildings",
        "source_url": "https://docs.overturemaps.org/getting-data/",
        "source_release": "2026-09-23.1",
        "source_accessed_on": "2026-09-27",
        "geometry_role": "current building-footprint polygon",
        "linkage_semantics": "Overlap/proximity only; not evidence that the building hosts AI compute."
      }
    },
    {
      "type": "Feature",
      "id": "779105f0-5822-490e-912f-f6c28d4361bf",
      "geometry": {
        "type": "Polygon",
        "coordinates": [
          [
            [
              -97.0485091,
              32.44503
            ],
            [
              -97.0506765,
              32.4441159
            ],
            [
              -97.0491009,
              32.4414553
            ],
            [
              -97.0469335,
              32.4423694
            ],
            [
              -97.0485091,
              32.44503
            ]
          ]
        ]
      },
      "properties": {
        "epoch_id": "EPOCH-85492d2b8df586a1",
        "site_name": "Google Midlothian",
        "distance_to_site_km": 0.5151,
        "footprint_area_m2_webmercator": 105824.05,
        "source_dataset": "Overture Maps buildings",
        "source_url": "https://docs.overturemaps.org/getting-data/",
        "source_release": "2026-09-23.1",
        "source_accessed_on": "2026-09-27",
        "geometry_role": "current building-footprint polygon",
        "linkage_semantics": "Overlap/proximity only; not evidence that the building hosts AI compute."
      }
    },
    {
      "type": "Feature",
      "id": "d8257a46-3996-464a-b318-1331c0a16708",
      "geometry": {
        "type": "Polygon",
        "coordinates": [
          [
            [
              -97.0479155,
              32.4529468
            ],
            [
              -97.0478642,
              32.4529635
            ],
            [
              -97.0478669,
              32.4529694
            ],
            [
              -97.0478053,
              32.4529894
            ],
            [
              -97.0478255,
              32.4530338
            ],
            [
              -97.0479385,
              32.452997
            ],
            [
              -97.0479155,
              32.4529468
            ]
          ]
        ]
      },
      "properties": {
        "epoch_id": "EPOCH-85492d2b8df586a1",
        "site_name": "Google Midlothian",
        "distance_to_site_km": 1.5878,
        "footprint_area_m2_webmercator": 89.58,
        "source_dataset": "Overture Maps buildings",
        "source_url": "https://docs.overturemaps.org/getting-data/",
        "source_release": "2026-09-23.1",
        "source_accessed_on": "2026-09-27",
        "geometry_role": "current building-footprint polygon",
        "linkage_semantics": "Overlap/proximity only; not evidence that the building hosts AI compute."
      }
    },
    {
      "type": "Feature",
      "id": "db95387c-12e0-41f9-855e-9531c0aa170a",
      "geometry": {
        "type": "Polygon",
        "coordinates": [
          [
            [
              -97.047001,
              32.4536174
            ],
            [
              -97.0468404,
              32.4536231
            ],
            [
              -97.0468442,
              32.4536999
            ],
            [
              -97.0470049,
              32.4536942
            ],
            [
              -97.047001,
              32.4536174
            ]
          ]
        ]
      },
      "properties": {
        "epoch_id": "EPOCH-85492d2b8df586a1",
        "site_name": "Google Midlothian",
        "distance_to_site_km": 1.678,
        "footprint_area_m2_webmercator": 181.51,
        "source_dataset": "Overture Maps buildings",
        "source_url": "https://docs.overturemaps.org/getting-data/",
        "source_release": "2026-09-23.1",
        "source_accessed_on": "2026-09-27",
        "geometry_role": "current building-footprint polygon",
        "linkage_semantics": "Overlap/proximity only; not evidence that the building hosts AI compute."
      }
    },
    {
      "type": "Feature",
      "id": "ef8b9289-b9d3-41d4-b02a-5d34d5e12e2b",
      "geometry": {
        "type": "Polygon",
        "coordinates": [
          [
            [
              -97.045999,
              32.45531
            ],
            [
              -97.045855,
              32.45531
            ],
            [
              -97.045855,
              32.455428
            ],
            [
              -97.045999,
              32.455428
            ],
            [
              -97.045999,
              32.45531
            ]
          ]
        ]
      },
      "properties": {
        "epoch_id": "EPOCH-85492d2b8df586a1",
        "site_name": "Google Midlothian",
        "distance_to_site_km": 1.8846,
        "footprint_area_m2_webmercator": 249.54,
        "source_dataset": "Overture Maps buildings",
        "source_url": "https://docs.overturemaps.org/getting-data/",
        "source_release": "2026-09-23.1",
        "source_accessed_on": "2026-09-27",
        "geometry_role": "current building-footprint polygon",
        "linkage_semantics": "Overlap/proximity only; not evidence that the building hosts AI compute."
      }
    },
    {
      "type": "Feature",
      "id": "91645041-311e-47ef-988b-0c1c628943aa",
      "geometry": {
        "type": "Polygon",
        "coordinates": [
          [
            [
              -97.0447158,
              32.4562971
            ],
            [
              -97.0447694,
              32.4562962
            ],
            [
              -97.0447666,
              32.4561853
            ],
            [
              -97.0447129,
              32.4561863
            ],
            [
              -97.0447158,
              32.4562971
            ]
          ]
        ]
      },
      "properties": {
        "epoch_id": "EPOCH-85492d2b8df586a1",
        "site_name": "Google Midlothian",
        "distance_to_site_km": 2.0074,
        "footprint_area_m2_webmercator": 87.38,
        "source_dataset": "Overture Maps buildings",
        "source_url": "https://docs.overturemaps.org/getting-data/",
        "source_release": "2026-09-23.1",
        "source_accessed_on": "2026-09-27",
        "geometry_role": "current building-footprint polygon",
        "linkage_semantics": "Overlap/proximity only; not evidence that the building hosts AI compute."
      }
    },
    {
      "type": "Feature",
      "id": "7cba9ad8-2944-4f80-a1b1-70f74a4a3ab5",
      "geometry": {
        "type": "Polygon",
        "coordinates": [
          [
            [
              -97.044253,
              32.456173
            ],
            [
              -97.044122,
              32.456173
            ],
            [
              -97.044122,
              32.456283
            ],
            [
              -97.044253,
              32.456283
            ],
            [
              -97.044253,
              32.456173
            ]
          ]
        ]
      },
      "properties": {
        "epoch_id": "EPOCH-85492d2b8df586a1",
        "site_name": "Google Midlothian",
        "distance_to_site_km": 2.0213,
        "footprint_area_m2_webmercator": 211.62,
        "source_dataset": "Overture Maps buildings",
        "source_url": "https://docs.overturemaps.org/getting-data/",
        "source_release": "2026-09-23.1",
        "source_accessed_on": "2026-09-27",
        "geometry_role": "current building-footprint polygon",
        "linkage_semantics": "Overlap/proximity only; not evidence that the building hosts AI compute."
      }
    },
    {
      "type": "Feature",
      "id": "a862d126-d807-4ba5-a9b8-d5043384d3ab",
      "geometry": {
        "type": "Polygon",
        "coordinates": [
          [
            [
              -97.044197,
              32.45385
            ],
            [
              -97.044132,
              32.453848
            ],
            [
              -97.044126,
              32.453965
            ],
            [
              -97.044261,
              32.45397
            ],
            [
              -97.044266,
              32.453865
            ],
            [
              -97.044196,
              32.453862
            ],
            [
              -97.044197,
              32.45385
            ]
          ]
        ]
      },
      "properties": {
        "epoch_id": "EPOCH-85492d2b8df586a1",
        "site_name": "Google Midlothian",
        "distance_to_site_km": 1.7778,
        "footprint_area_m2_webmercator": 220.09,
        "source_dataset": "Overture Maps buildings",
        "source_url": "https://docs.overturemaps.org/getting-data/",
        "source_release": "2026-09-23.1",
        "source_accessed_on": "2026-09-27",
        "geometry_role": "current building-footprint polygon",
        "linkage_semantics": "Overlap/proximity only; not evidence that the building hosts AI compute."
      }
    },
    {
      "type": "Feature",
      "id": "edb4162e-3db7-4cbb-b16f-0fbeca0ee1b9",
      "geometry": {
        "type": "Polygon",
        "coordinates": [
          [
            [
              -97.0444347,
              32.4535506
            ],
            [
              -97.044438,
              32.4534307
            ],
            [
              -97.0442396,
              32.4534269
            ],
            [
              -97.0442363,
              32.4535468
            ],
            [
              -97.0444347,
              32.4535506
            ]
          ]
        ]
      },
      "properties": {
        "epoch_id": "EPOCH-85492d2b8df586a1",
        "site_name": "Google Midlothian",
        "distance_to_site_km": 1.729,
        "footprint_area_m2_webmercator": 349.53,
        "source_dataset": "Overture Maps buildings",
        "source_url": "https://docs.overturemaps.org/getting-data/",
        "source_release": "2026-09-23.1",
        "source_accessed_on": "2026-09-27",
        "geometry_role": "current building-footprint polygon",
        "linkage_semantics": "Overlap/proximity only; not evidence that the building hosts AI compute."
      }
    },
    {
      "type": "Feature",
      "id": "66a45c1c-0965-4228-8047-7913b2a7eca6",
      "geometry": {
        "type": "Polygon",
        "coordinates": [
          [
            [
              -97.044777,
              32.455199
            ],
            [
              -97.04475,
              32.456054
            ],
            [
              -97.044979,
              32.456059
            ],
            [
              -97.045006,
              32.455204
            ],
            [
              -97.044777,
              32.455199
            ]
          ]
        ]
      },
      "properties": {
        "epoch_id": "EPOCH-85492d2b8df586a1",
        "site_name": "Google Midlothian",
        "distance_to_site_km": 1.9385,
        "footprint_area_m2_webmercator": 2877.4,
        "source_dataset": "Overture Maps buildings",
        "source_url": "https://docs.overturemaps.org/getting-data/",
        "source_release": "2026-09-23.1",
        "source_accessed_on": "2026-09-27",
        "geometry_role": "current building-footprint polygon",
        "linkage_semantics": "Overlap/proximity only; not evidence that the building hosts AI compute."
      }
    },
    {
      "type": "Feature",
      "id": "a0c1c71c-b098-43ff-b6cc-b39bfdf2ad86",
      "geometry": {
        "type": "Polygon",
        "coordinates": [
          [
            [
              -97.0441014,
              32.4522268
            ],
            [
              -97.0439379,
              32.4522224
            ],
            [
              -97.0439337,
              32.4523331
            ],
            [
              -97.0440971,
              32.4523376
            ],
            [
              -97.0441014,
              32.4522268
            ]
          ]
        ]
      },
      "properties": {
        "epoch_id": "EPOCH-85492d2b8df586a1",
        "site_name": "Google Midlothian",
        "distance_to_site_km": 1.6154,
        "footprint_area_m2_webmercator": 266.11,
        "source_dataset": "Overture Maps buildings",
        "source_url": "https://docs.overturemaps.org/getting-data/",
        "source_release": "2026-09-23.1",
        "source_accessed_on": "2026-09-27",
        "geometry_role": "current building-footprint polygon",
        "linkage_semantics": "Overlap/proximity only; not evidence that the building hosts AI compute."
      }
    },
    {
      "type": "Feature",
      "id": "bf99b88d-d234-493f-8a50-7f6dc2a87689",
      "geometry": {
        "type": "Polygon",
        "coordinates": [
          [
            [
              -97.0441941,
              32.4536745
            ],
            [
              -97.0441963,
              32.4536112
            ],
            [
              -97.0440972,
              32.4536087
            ],
            [
              -97.0440954,
              32.4536585
            ],
            [
              -97.0440472,
              32.4536573
            ],
            [
              -97.0440448,
              32.4537251
            ],
            [
              -97.0441681,
              32.4537282
            ],
            [
              -97.04417,
              32.4536739
            ],
            [
              -97.0441941,
              32.4536745
            ]
          ]
        ]
      },
      "properties": {
        "epoch_id": "EPOCH-85492d2b8df586a1",
        "site_name": "Google Midlothian",
        "distance_to_site_km": 1.7551,
        "footprint_area_m2_webmercator": 200.23,
        "source_dataset": "Overture Maps buildings",
        "source_url": "https://docs.overturemaps.org/getting-data/",
        "source_release": "2026-09-23.1",
        "source_accessed_on": "2026-09-27",
        "geometry_role": "current building-footprint polygon",
        "linkage_semantics": "Overlap/proximity only; not evidence that the building hosts AI compute."
      }
    },
    {
      "type": "Feature",
      "id": "c3a7638c-ebb1-441f-a161-53b2c185f90d",
      "geometry": {
        "type": "Polygon",
        "coordinates": [
          [
            [
              -97.043821,
              32.455163
            ],
            [
              -97.04382,
              32.455229
            ],
            [
              -97.043874,
              32.455229
            ],
            [
              -97.043873,
              32.455315
            ],
            [
              -97.044066,
              32.455316
            ],
            [
              -97.044067,
              32.455164
            ],
            [
              -97.043821,
              32.455163
            ]
          ]
        ]
      },
      "properties": {
        "epoch_id": "EPOCH-85492d2b8df586a1",
        "site_name": "Google Midlothian",
        "distance_to_site_km": 1.9237,
        "footprint_area_m2_webmercator": 481.82,
        "source_dataset": "Overture Maps buildings",
        "source_url": "https://docs.overturemaps.org/getting-data/",
        "source_release": "2026-09-23.1",
        "source_accessed_on": "2026-09-27",
        "geometry_role": "current building-footprint polygon",
        "linkage_semantics": "Overlap/proximity only; not evidence that the building hosts AI compute."
      }
    },
    {
      "type": "Feature",
      "id": "cc37c9aa-25ff-41b3-9fd6-11a9411e69f9",
      "geometry": {
        "type": "Polygon",
        "coordinates": [
          [
            [
              -97.044057,
              32.455546
            ],
            [
              -97.044057,
              32.455327
            ],
            [
              -97.04379,
              32.455326
            ],
            [
              -97.04379,
              32.455546
            ],
            [
              -97.044057,
              32.455546
            ]
          ]
        ]
      },
      "properties": {
        "epoch_id": "EPOCH-85492d2b8df586a1",
        "site_name": "Google Midlothian",
        "distance_to_site_km": 1.9458,
        "footprint_area_m2_webmercator": 860.68,
        "source_dataset": "Overture Maps buildings",
        "source_url": "https://docs.overturemaps.org/getting-data/",
        "source_release": "2026-09-23.1",
        "source_accessed_on": "2026-09-27",
        "geometry_role": "current building-footprint polygon",
        "linkage_semantics": "Overlap/proximity only; not evidence that the building hosts AI compute."
      }
    },
    {
      "type": "Feature",
      "id": "8ac24a3a-7331-42af-a8f0-9ac3d231c8b5",
      "geometry": {
        "type": "Polygon",
        "coordinates": [
          [
            [
              -97.043847,
              32.452604
            ],
            [
              -97.043846,
              32.452733
            ],
            [
              -97.044146,
              32.452735
            ],
            [
              -97.044147,
              32.452606
            ],
            [
              -97.043847,
              32.452604
            ]
          ]
        ]
      },
      "properties": {
        "epoch_id": "EPOCH-85492d2b8df586a1",
        "site_name": "Google Midlothian",
        "distance_to_site_km": 1.6561,
        "footprint_area_m2_webmercator": 568.35,
        "source_dataset": "Overture Maps buildings",
        "source_url": "https://docs.overturemaps.org/getting-data/",
        "source_release": "2026-09-23.1",
        "source_accessed_on": "2026-09-27",
        "geometry_role": "current building-footprint polygon",
        "linkage_semantics": "Overlap/proximity only; not evidence that the building hosts AI compute."
      }
    },
    {
      "type": "Feature",
      "id": "ba6a7b52-3131-4742-a27e-865a114c0b31",
      "geometry": {
        "type": "Polygon",
        "coordinates": [
          [
            [
              -97.0439074,
              32.4531223
            ],
            [
              -97.043906,
              32.4531675
            ],
            [
              -97.0436219,
              32.4531613
            ],
            [
              -97.0436163,
              32.4533445
            ],
            [
              -97.0438951,
              32.4533506
            ],
            [
              -97.0438988,
              32.4532262
            ],
            [
              -97.0440704,
              32.4532299
            ],
            [
              -97.0440736,
              32.4531259
            ],
            [
              -97.0439074,
              32.4531223
            ]
          ]
        ]
      },
      "properties": {
        "epoch_id": "EPOCH-85492d2b8df586a1",
        "site_name": "Google Midlothian",
        "distance_to_site_km": 1.7207,
        "footprint_area_m2_webmercator": 1009.13,
        "source_dataset": "Overture Maps buildings",
        "source_url": "https://docs.overturemaps.org/getting-data/",
        "source_release": "2026-09-23.1",
        "source_accessed_on": "2026-09-27",
        "geometry_role": "current building-footprint polygon",
        "linkage_semantics": "Overlap/proximity only; not evidence that the building hosts AI compute."
      }
    },
    {
      "type": "Feature",
      "id": "32047ec0-2adf-4388-a2ca-10df685ade26",
      "geometry": {
        "type": "Polygon",
        "coordinates": [
          [
            [
              -97.043664,
              32.4528676
            ],
            [
              -97.0438345,
              32.4528719
            ],
            [
              -97.0438387,
              32.4527553
            ],
            [
              -97.0436682,
              32.4527509
            ],
            [
              -97.043664,
              32.4528676
            ]
          ]
        ]
      },
      "properties": {
        "epoch_id": "EPOCH-85492d2b8df586a1",
        "site_name": "Google Midlothian",
        "distance_to_site_km": 1.6796,
        "footprint_area_m2_webmercator": 292.34,
        "source_dataset": "Overture Maps buildings",
        "source_url": "https://docs.overturemaps.org/getting-data/",
        "source_release": "2026-09-23.1",
        "source_accessed_on": "2026-09-27",
        "geometry_role": "current building-footprint polygon",
        "linkage_semantics": "Overlap/proximity only; not evidence that the building hosts AI compute."
      }
    },
    {
      "type": "Feature",
      "id": "e34c207a-39e5-4a54-a807-41f700d5e896",
      "geometry": {
        "type": "Polygon",
        "coordinates": [
          [
            [
              -97.043386,
              32.453586
            ],
            [
              -97.043376,
              32.454034
            ],
            [
              -97.043695,
              32.454039
            ],
            [
              -97.043701,
              32.45379
            ],
            [
              -97.043803,
              32.453791
            ],
            [
              -97.043805,
              32.453681
            ],
            [
              -97.043658,
              32.453679
            ],
            [
              -97.04366,
              32.453591
            ],
            [
              -97.043386,
              32.453586
            ]
          ]
        ]
      },
      "properties": {
        "epoch_id": "EPOCH-85492d2b8df586a1",
        "site_name": "Google Midlothian",
        "distance_to_site_km": 1.7893,
        "footprint_area_m2_webmercator": 2205.69,
        "source_dataset": "Overture Maps buildings",
        "source_url": "https://docs.overturemaps.org/getting-data/",
        "source_release": "2026-09-23.1",
        "source_accessed_on": "2026-09-27",
        "geometry_role": "current building-footprint polygon",
        "linkage_semantics": "Overlap/proximity only; not evidence that the building hosts AI compute."
      }
    },
    {
      "type": "Feature",
      "id": "d873bb5a-61ad-4715-87f3-817d1127936d",
      "geometry": {
        "type": "Polygon",
        "coordinates": [
          [
            [
              -97.0435425,
              32.4523136
            ],
            [
              -97.0437811,
              32.4523188
            ],
            [
              -97.0437844,
              32.452207
            ],
            [
              -97.0435459,
              32.4522019
            ],
            [
              -97.0435425,
              32.4523136
            ]
          ]
        ]
      },
      "properties": {
        "epoch_id": "EPOCH-85492d2b8df586a1",
        "site_name": "Google Midlothian",
        "distance_to_site_km": 1.6268,
        "footprint_area_m2_webmercator": 391.73,
        "source_dataset": "Overture Maps buildings",
        "source_url": "https://docs.overturemaps.org/getting-data/",
        "source_release": "2026-09-23.1",
        "source_accessed_on": "2026-09-27",
        "geometry_role": "current building-footprint polygon",
        "linkage_semantics": "Overlap/proximity only; not evidence that the building hosts AI compute."
      }
    },
    {
      "type": "Feature",
      "id": "e560f3f6-f963-4f36-80e1-3ab78563935d",
      "geometry": {
        "type": "Polygon",
        "coordinates": [
          [
            [
              -97.043903,
              32.443834
            ],
            [
              -97.043802,
              32.443809
            ],
            [
              -97.043763,
              32.443922
            ],
            [
              -97.043864,
              32.443947
            ],
            [
              -97.043903,
              32.443834
            ]
          ]
        ]
      },
      "properties": {
        "epoch_id": "EPOCH-85492d2b8df586a1",
        "site_name": "Google Midlothian",
        "distance_to_site_km": 0.8546,
        "footprint_area_m2_webmercator": 181.9,
        "source_dataset": "Overture Maps buildings",
        "source_url": "https://docs.overturemaps.org/getting-data/",
        "source_release": "2026-09-23.1",
        "source_accessed_on": "2026-09-27",
        "geometry_role": "current building-footprint polygon",
        "linkage_semantics": "Overlap/proximity only; not evidence that the building hosts AI compute."
      }
    },
    {
      "type": "Feature",
      "id": "de308fd0-07e7-4836-95b7-d0dcc1019696",
      "geometry": {
        "type": "Polygon",
        "coordinates": [
          [
            [
              -97.042028,
              32.440523
            ],
            [
              -97.04197,
              32.440518
            ],
            [
              -97.041963,
              32.440569
            ],
            [
              -97.042022,
              32.440575
            ],
            [
              -97.042028,
              32.440523
            ]
          ]
        ]
      },
      "properties": {
        "epoch_id": "EPOCH-85492d2b8df586a1",
        "site_name": "Google Midlothian",
        "distance_to_site_km": 0.8455,
        "footprint_area_m2_webmercator": 44.76,
        "source_dataset": "Overture Maps buildings",
        "source_url": "https://docs.overturemaps.org/getting-data/",
        "source_release": "2026-09-23.1",
        "source_accessed_on": "2026-09-27",
        "geometry_role": "current building-footprint polygon",
        "linkage_semantics": "Overlap/proximity only; not evidence that the building hosts AI compute."
      }
    },
    {
      "type": "Feature",
      "id": "5d8a48d8-ce45-418d-b863-b67746c64896",
      "geometry": {
        "type": "Polygon",
        "coordinates": [
          [
            [
              -97.041209,
              32.437309
            ],
            [
              -97.040973,
              32.437309
            ],
            [
              -97.040973,
              32.43742
            ],
            [
              -97.041209,
              32.43742
            ],
            [
              -97.041209,
              32.437309
            ]
          ]
        ]
      },
      "properties": {
        "epoch_id": "EPOCH-85492d2b8df586a1",
        "site_name": "Google Midlothian",
        "distance_to_site_km": 0.9275,
        "footprint_area_m2_webmercator": 384.63,
        "source_dataset": "Overture Maps buildings",
        "source_url": "https://docs.overturemaps.org/getting-data/",
        "source_release": "2026-09-23.1",
        "source_accessed_on": "2026-09-27",
        "geometry_role": "current building-footprint polygon",
        "linkage_semantics": "Overlap/proximity only; not evidence that the building hosts AI compute."
      }
    },
    {
      "type": "Feature",
      "id": "aedeb498-d1ee-4dd8-9b94-ed7b0da2111f",
      "geometry": {
        "type": "Polygon",
        "coordinates": [
          [
            [
              -97.041365,
              32.445334
            ],
            [
              -97.041119,
              32.445323
            ],
            [
              -97.041111,
              32.445452
            ],
            [
              -97.041314,
              32.445461
            ],
            [
              -97.041316,
              32.445427
            ],
            [
              -97.041359,
              32.445429
            ],
            [
              -97.041365,
              32.445334
            ]
          ]
        ]
      },
      "properties": {
        "epoch_id": "EPOCH-85492d2b8df586a1",
        "site_name": "Google Midlothian",
        "distance_to_site_km": 1.1499,
        "footprint_area_m2_webmercator": 445.51,
        "source_dataset": "Overture Maps buildings",
        "source_url": "https://docs.overturemaps.org/getting-data/",
        "source_release": "2026-09-23.1",
        "source_accessed_on": "2026-09-27",
        "geometry_role": "current building-footprint polygon",
        "linkage_semantics": "Overlap/proximity only; not evidence that the building hosts AI compute."
      }
    },
    {
      "type": "Feature",
      "id": "e9f1e30e-9966-4a6e-a21e-f7da2aea54f1",
      "geometry": {
        "type": "Polygon",
        "coordinates": [
          [
            [
              -97.0413,
              32.445837
            ],
            [
              -97.041304,
              32.445748
            ],
            [
              -97.041119,
              32.445742
            ],
            [
              -97.041124,
              32.44563
            ],
            [
              -97.041025,
              32.445627
            ],
            [
              -97.041015,
              32.445853
            ],
            [
              -97.041111,
              32.445856
            ],
            [
              -97.041113,
              32.445831
            ],
            [
              -97.0413,
              32.445837
            ]
          ]
        ]
      },
      "properties": {
        "epoch_id": "EPOCH-85492d2b8df586a1",
        "site_name": "Google Midlothian",
        "distance_to_site_km": 1.1837,
        "footprint_area_m2_webmercator": 570.2,
        "source_dataset": "Overture Maps buildings",
        "source_url": "https://docs.overturemaps.org/getting-data/",
        "source_release": "2026-09-23.1",
        "source_accessed_on": "2026-09-27",
        "geometry_role": "current building-footprint polygon",
        "linkage_semantics": "Overlap/proximity only; not evidence that the building hosts AI compute."
      }
    },
    {
      "type": "Feature",
      "id": "fcb50cc5-06c3-4429-8093-5c923cd0af7b",
      "geometry": {
        "type": "Polygon",
        "coordinates": [
          [
            [
              -97.041079,
              32.444885
            ],
            [
              -97.040996,
              32.445158
            ],
            [
              -97.041193,
              32.445201
            ],
            [
              -97.041277,
              32.444928
            ],
            [
              -97.041079,
              32.444885
            ]
          ]
        ]
      },
      "properties": {
        "epoch_id": "EPOCH-85492d2b8df586a1",
        "site_name": "Google Midlothian",
        "distance_to_site_km": 1.1335,
        "footprint_area_m2_webmercator": 844.45,
        "source_dataset": "Overture Maps buildings",
        "source_url": "https://docs.overturemaps.org/getting-data/",
        "source_release": "2026-09-23.1",
        "source_accessed_on": "2026-09-27",
        "geometry_role": "current building-footprint polygon",
        "linkage_semantics": "Overlap/proximity only; not evidence that the building hosts AI compute."
      }
    },
    {
      "type": "Feature",
      "id": "6b5f862f-87e5-4662-84e6-b20b3e1b7ffa",
      "geometry": {
        "type": "Polygon",
        "coordinates": [
          [
            [
              -97.0409162,
              32.4459677
            ],
            [
              -97.040925,
              32.4457687
            ],
            [
              -97.0408409,
              32.4457661
            ],
            [
              -97.0408322,
              32.445965
            ],
            [
              -97.0409162,
              32.4459677
            ]
          ]
        ]
      },
      "properties": {
        "epoch_id": "EPOCH-85492d2b8df586a1",
        "site_name": "Google Midlothian",
        "distance_to_site_km": 1.2092,
        "footprint_area_m2_webmercator": 245.89,
        "source_dataset": "Overture Maps buildings",
        "source_url": "https://docs.overturemaps.org/getting-data/",
        "source_release": "2026-09-23.1",
        "source_accessed_on": "2026-09-27",
        "geometry_role": "current building-footprint polygon",
        "linkage_semantics": "Overlap/proximity only; not evidence that the building hosts AI compute."
      }
    },
    {
      "type": "Feature",
      "id": "73c3aaf8-302f-4848-b199-50041feb91d5",
      "geometry": {
        "type": "Polygon",
        "coordinates": [
          [
            [
              -97.040633,
              32.445867
            ],
            [
              -97.040628,
              32.446019
            ],
            [
              -97.040757,
              32.446022
            ],
            [
              -97.040762,
              32.445869
            ],
            [
              -97.040633,
              32.445867
            ]
          ]
        ]
      },
      "properties": {
        "epoch_id": "EPOCH-85492d2b8df586a1",
        "site_name": "Google Midlothian",
        "distance_to_site_km": 1.228,
        "footprint_area_m2_webmercator": 289.06,
        "source_dataset": "Overture Maps buildings",
        "source_url": "https://docs.overturemaps.org/getting-data/",
        "source_release": "2026-09-23.1",
        "source_accessed_on": "2026-09-27",
        "geometry_role": "current building-footprint polygon",
        "linkage_semantics": "Overlap/proximity only; not evidence that the building hosts AI compute."
      }
    },
    {
      "type": "Feature",
      "id": "a76d1aa1-5d09-46a7-adae-12e63586b7ee",
      "geometry": {
        "type": "Polygon",
        "coordinates": [
          [
            [
              -97.041706,
              32.446148
            ],
            [
              -97.041712,
              32.445982
            ],
            [
              -97.041313,
              32.445971
            ],
            [
              -97.041307,
              32.446137
            ],
            [
              -97.041706,
              32.446148
            ]
          ]
        ]
      },
      "properties": {
        "epoch_id": "EPOCH-85492d2b8df586a1",
        "site_name": "Google Midlothian",
        "distance_to_site_km": 1.1785,
        "footprint_area_m2_webmercator": 973.57,
        "source_dataset": "Overture Maps buildings",
        "source_url": "https://docs.overturemaps.org/getting-data/",
        "source_release": "2026-09-23.1",
        "source_accessed_on": "2026-09-27",
        "geometry_role": "current building-footprint polygon",
        "linkage_semantics": "Overlap/proximity only; not evidence that the building hosts AI compute."
      }
    },
    {
      "type": "Feature",
      "id": "12d2e5e7-5e77-45c3-a1ac-3d0e67978ad6",
      "geometry": {
        "type": "Polygon",
        "coordinates": [
          [
            [
              -97.041448,
              32.444179
            ],
            [
              -97.041448,
              32.444258
            ],
            [
              -97.041534,
              32.444258
            ],
            [
              -97.041534,
              32.444179
            ],
            [
              -97.041448,
              32.444179
            ]
          ]
        ]
      },
      "properties": {
        "epoch_id": "EPOCH-85492d2b8df586a1",
        "site_name": "Google Midlothian",
        "distance_to_site_km": 1.0532,
        "footprint_area_m2_webmercator": 99.76,
        "source_dataset": "Overture Maps buildings",
        "source_url": "https://docs.overturemaps.org/getting-data/",
        "source_release": "2026-09-23.1",
        "source_accessed_on": "2026-09-27",
        "geometry_role": "current building-footprint polygon",
        "linkage_semantics": "Overlap/proximity only; not evidence that the building hosts AI compute."
      }
    },
    {
      "type": "Feature",
      "id": "5fc50066-7171-42b7-8f18-6ca5e901247d",
      "geometry": {
        "type": "Polygon",
        "coordinates": [
          [
            [
              -97.041876,
              32.444792
            ],
            [
              -97.041681,
              32.444752
            ],
            [
              -97.041658,
              32.444833
            ],
            [
              -97.041853,
              32.444873
            ],
            [
              -97.041876,
              32.444792
            ]
          ]
        ]
      },
      "properties": {
        "epoch_id": "EPOCH-85492d2b8df586a1",
        "site_name": "Google Midlothian",
        "distance_to_site_km": 1.0708,
        "footprint_area_m2_webmercator": 245.44,
        "source_dataset": "Overture Maps buildings",
        "source_url": "https://docs.overturemaps.org/getting-data/",
        "source_release": "2026-09-23.1",
        "source_accessed_on": "2026-09-27",
        "geometry_role": "current building-footprint polygon",
        "linkage_semantics": "Overlap/proximity only; not evidence that the building hosts AI compute."
      }
    },
    {
      "type": "Feature",
      "id": "c8aafa6c-299a-4674-8888-73fc644b4c5d",
      "geometry": {
        "type": "Polygon",
        "coordinates": [
          [
            [
              -97.041539,
              32.443906
            ],
            [
              -97.041479,
              32.444071
            ],
            [
              -97.04185,
              32.444166
            ],
            [
              -97.04191,
              32.444001
            ],
            [
              -97.041539,
              32.443906
            ]
          ]
        ]
      },
      "properties": {
        "epoch_id": "EPOCH-85492d2b8df586a1",
        "site_name": "Google Midlothian",
        "distance_to_site_km": 1.026,
        "footprint_area_m2_webmercator": 982.58,
        "source_dataset": "Overture Maps buildings",
        "source_url": "https://docs.overturemaps.org/getting-data/",
        "source_release": "2026-09-23.1",
        "source_accessed_on": "2026-09-27",
        "geometry_role": "current building-footprint polygon",
        "linkage_semantics": "Overlap/proximity only; not evidence that the building hosts AI compute."
      }
    },
    {
      "type": "Feature",
      "id": "892d5740-1b57-40b0-9e3e-9e06c5fb222d",
      "geometry": {
        "type": "Polygon",
        "coordinates": [
          [
            [
              -97.041784,
              32.445269
            ],
            [
              -97.041783,
              32.445351
            ],
            [
              -97.041985,
              32.445353
            ],
            [
              -97.041985,
              32.44527
            ],
            [
              -97.041784,
              32.445269
            ]
          ]
        ]
      },
      "properties": {
        "epoch_id": "EPOCH-85492d2b8df586a1",
        "site_name": "Google Midlothian",
        "distance_to_site_km": 1.0971,
        "footprint_area_m2_webmercator": 244.12,
        "source_dataset": "Overture Maps buildings",
        "source_url": "https://docs.overturemaps.org/getting-data/",
        "source_release": "2026-09-23.1",
        "source_accessed_on": "2026-09-27",
        "geometry_role": "current building-footprint polygon",
        "linkage_semantics": "Overlap/proximity only; not evidence that the building hosts AI compute."
      }
    },
    {
      "type": "Feature",
      "id": "0dafab13-cc11-4048-823a-e45029ab5395",
      "geometry": {
        "type": "Polygon",
        "coordinates": [
          [
            [
              -97.041797,
              32.446021
            ],
            [
              -97.041796,
              32.446109
            ],
            [
              -97.042003,
              32.446111
            ],
            [
              -97.042003,
              32.446023
            ],
            [
              -97.041797,
              32.446021
            ]
          ]
        ]
      },
      "properties": {
        "epoch_id": "EPOCH-85492d2b8df586a1",
        "site_name": "Google Midlothian",
        "distance_to_site_km": 1.1522,
        "footprint_area_m2_webmercator": 266.86,
        "source_dataset": "Overture Maps buildings",
        "source_url": "https://docs.overturemaps.org/getting-data/",
        "source_release": "2026-09-23.1",
        "source_accessed_on": "2026-09-27",
        "geometry_role": "current building-footprint polygon",
        "linkage_semantics": "Overlap/proximity only; not evidence that the building hosts AI compute."
      }
    },
    {
      "type": "Feature",
      "id": "ac6bbcf2-5c23-4197-b17b-dc4ffc2f6962",
      "geometry": {
        "type": "Polygon",
        "coordinates": [
          [
            [
              -97.042098,
              32.436379
            ],
            [
              -97.041959,
              32.436378
            ],
            [
              -97.041957,
              32.436536
            ],
            [
              -97.042096,
              32.436538
            ],
            [
              -97.042098,
              32.436379
            ]
          ]
        ]
      },
      "properties": {
        "epoch_id": "EPOCH-85492d2b8df586a1",
        "site_name": "Google Midlothian",
        "distance_to_site_km": 0.8678,
        "footprint_area_m2_webmercator": 323.53,
        "source_dataset": "Overture Maps buildings",
        "source_url": "https://docs.overturemaps.org/getting-data/",
        "source_release": "2026-09-23.1",
        "source_accessed_on": "2026-09-27",
        "geometry_role": "current building-footprint polygon",
        "linkage_semantics": "Overlap/proximity only; not evidence that the building hosts AI compute."
      }
    },
    {
      "type": "Feature",
      "id": "7483e620-5cf7-4fe9-b8f7-7815761c25ff",
      "geometry": {
        "type": "Polygon",
        "coordinates": [
          [
            [
              -97.043329,
              32.443694
            ],
            [
              -97.043233,
              32.443614
            ],
            [
              -97.042997,
              32.443813
            ],
            [
              -97.043093,
              32.443894
            ],
            [
              -97.043329,
              32.443694
            ]
          ]
        ]
      },
      "properties": {
        "epoch_id": "EPOCH-85492d2b8df586a1",
        "site_name": "Google Midlothian",
        "distance_to_site_km": 0.8953,
        "footprint_area_m2_webmercator": 560.19,
        "source_dataset": "Overture Maps buildings",
        "source_url": "https://docs.overturemaps.org/getting-data/",
        "source_release": "2026-09-23.1",
        "source_accessed_on": "2026-09-27",
        "geometry_role": "current building-footprint polygon",
        "linkage_semantics": "Overlap/proximity only; not evidence that the building hosts AI compute."
      }
    },
    {
      "type": "Feature",
      "id": "59f8c1ac-ed2d-4c7e-8099-58ed8eea246f",
      "geometry": {
        "type": "Polygon",
        "coordinates": [
          [
            [
              -97.043374,
              32.45534
            ],
            [
              -97.043374,
              32.455412
            ],
            [
              -97.043535,
              32.455412
            ],
            [
              -97.043535,
              32.45534
            ],
            [
              -97.043374,
              32.45534
            ]
          ]
        ]
      },
      "properties": {
        "epoch_id": "EPOCH-85492d2b8df586a1",
        "site_name": "Google Midlothian",
        "distance_to_site_km": 1.9546,
        "footprint_area_m2_webmercator": 170.24,
        "source_dataset": "Overture Maps buildings",
        "source_url": "https://docs.overturemaps.org/getting-data/",
        "source_release": "2026-09-23.1",
        "source_accessed_on": "2026-09-27",
        "geometry_role": "current building-footprint polygon",
        "linkage_semantics": "Overlap/proximity only; not evidence that the building hosts AI compute."
      }
    },
    {
      "type": "Feature",
      "id": "27a14c13-3f4f-4380-a3dd-0dcca58d0c6c",
      "geometry": {
        "type": "Polygon",
        "coordinates": [
          [
            [
              -97.0432321,
              32.4543276
            ],
            [
              -97.0432337,
              32.4542846
            ],
            [
              -97.0433774,
              32.4542886
            ],
            [
              -97.0433802,
              32.4542185
            ],
            [
              -97.0431364,
              32.4542118
            ],
            [
              -97.043132,
              32.4543248
            ],
            [
              -97.0432321,
              32.4543276
            ]
          ]
        ]
      },
      "properties": {
        "epoch_id": "EPOCH-85492d2b8df586a1",
        "site_name": "Google Midlothian",
        "distance_to_site_km": 1.8467,
        "footprint_area_m2_webmercator": 314.31,
        "source_dataset": "Overture Maps buildings",
        "source_url": "https://docs.overturemaps.org/getting-data/",
        "source_release": "2026-09-23.1",
        "source_accessed_on": "2026-09-27",
        "geometry_role": "current building-footprint polygon",
        "linkage_semantics": "Overlap/proximity only; not evidence that the building hosts AI compute."
      }
    },
    {
      "type": "Feature",
      "id": "f4447a62-643b-4184-b507-e218c8935760",
      "geometry": {
        "type": "Polygon",
        "coordinates": [
          [
            [
              -97.043248,
              32.453414
            ],
            [
              -97.043154,
              32.453414
            ],
            [
              -97.043154,
              32.453703
            ],
            [
              -97.043248,
              32.453703
            ],
            [
              -97.043248,
              32.453414
            ]
          ]
        ]
      },
      "properties": {
        "epoch_id": "EPOCH-85492d2b8df586a1",
        "site_name": "Google Midlothian",
        "distance_to_site_km": 1.7763,
        "footprint_area_m2_webmercator": 398.95,
        "source_dataset": "Overture Maps buildings",
        "source_url": "https://docs.overturemaps.org/getting-data/",
        "source_release": "2026-09-23.1",
        "source_accessed_on": "2026-09-27",
        "geometry_role": "current building-footprint polygon",
        "linkage_semantics": "Overlap/proximity only; not evidence that the building hosts AI compute."
      }
    },
    {
      "type": "Feature",
      "id": "1e7c2052-99db-43ad-922a-468172fcf774",
      "geometry": {
        "type": "Polygon",
        "coordinates": [
          [
            [
              -97.0424456,
              32.4538236
            ],
            [
              -97.0424436,
              32.4538846
            ],
            [
              -97.0425267,
              32.4538865
            ],
            [
              -97.0425286,
              32.4538255
            ],
            [
              -97.0424456,
              32.4538236
            ]
          ]
        ]
      },
      "properties": {
        "epoch_id": "EPOCH-85492d2b8df586a1",
        "site_name": "Google Midlothian",
        "distance_to_site_km": 1.8341,
        "footprint_area_m2_webmercator": 74.45,
        "source_dataset": "Overture Maps buildings",
        "source_url": "https://docs.overturemaps.org/getting-data/",
        "source_release": "2026-09-23.1",
        "source_accessed_on": "2026-09-27",
        "geometry_role": "current building-footprint polygon",
        "linkage_semantics": "Overlap/proximity only; not evidence that the building hosts AI compute."
      }
    },
    {
      "type": "Feature",
      "id": "8eaa88a8-841a-4641-911a-499d189d26ca",
      "geometry": {
        "type": "Polygon",
        "coordinates": [
          [
            [
              -97.042513,
              32.454062
            ],
            [
              -97.04251,
              32.454355
            ],
            [
              -97.042698,
              32.454356
            ],
            [
              -97.042701,
              32.454063
            ],
            [
              -97.042513,
              32.454062
            ]
          ]
        ]
      },
      "properties": {
        "epoch_id": "EPOCH-85492d2b8df586a1",
        "site_name": "Google Midlothian",
        "distance_to_site_km": 1.8651,
        "footprint_area_m2_webmercator": 808.99,
        "source_dataset": "Overture Maps buildings",
        "source_url": "https://docs.overturemaps.org/getting-data/",
        "source_release": "2026-09-23.1",
        "source_accessed_on": "2026-09-27",
        "geometry_role": "current building-footprint polygon",
        "linkage_semantics": "Overlap/proximity only; not evidence that the building hosts AI compute."
      }
    },
    {
      "type": "Feature",
      "id": "dc960cf3-9e7f-4aa2-afbb-3400e928459f",
      "geometry": {
        "type": "Polygon",
        "coordinates": [
          [
            [
              -97.0427915,
              32.4558827
            ],
            [
              -97.0427908,
              32.4558894
            ],
            [
              -97.0427217,
              32.4558841
            ],
            [
              -97.0427079,
              32.4560106
            ],
            [
              -97.0427504,
              32.4560139
            ],
            [
              -97.0427443,
              32.45607
            ],
            [
              -97.0428853,
              32.4560809
            ],
            [
              -97.0428893,
              32.4560442
            ],
            [
              -97.0429053,
              32.4560454
            ],
            [
              -97.0429216,
              32.4558951
            ],
            [
              -97.0428365,
              32.4558885
            ],
            [
              -97.0428368,
              32.4558862
            ],
            [
              -97.0427915,
              32.4558827
            ]
          ]
        ]
      },
      "properties": {
        "epoch_id": "EPOCH-85492d2b8df586a1",
        "site_name": "Google Midlothian",
        "distance_to_site_km": 2.0384,
        "footprint_area_m2_webmercator": 505.57,
        "source_dataset": "Overture Maps buildings",
        "source_url": "https://docs.overturemaps.org/getting-data/",
        "source_release": "2026-09-23.1",
        "source_accessed_on": "2026-09-27",
        "geometry_role": "current building-footprint polygon",
        "linkage_semantics": "Overlap/proximity only; not evidence that the building hosts AI compute."
      }
    },
    {
      "type": "Feature",
      "id": "fefadf0c-f83a-4e32-af15-d492bb6d1229",
      "geometry": {
        "type": "Polygon",
        "coordinates": [
          [
            [
              -97.043362,
              32.457691
            ],
            [
              -97.043361,
              32.45765
            ],
            [
              -97.043302,
              32.45765
            ],
            [
              -97.043302,
              32.457597
            ],
            [
              -97.043168,
              32.457598
            ],
            [
              -97.043169,
              32.457693
            ],
            [
              -97.043362,
              32.457691
            ]
          ]
        ]
      },
      "properties": {
        "epoch_id": "EPOCH-85492d2b8df586a1",
        "site_name": "Google Midlothian",
        "distance_to_site_km": 2.199,
        "footprint_area_m2_webmercator": 222.0,
        "source_dataset": "Overture Maps buildings",
        "source_url": "https://docs.overturemaps.org/getting-data/",
        "source_release": "2026-09-23.1",
        "source_accessed_on": "2026-09-27",
        "geometry_role": "current building-footprint polygon",
        "linkage_semantics": "Overlap/proximity only; not evidence that the building hosts AI compute."
      }
    },
    {
      "type": "Feature",
      "id": "1ddc0072-5f11-411a-a761-692e27dfd7d1",
      "geometry": {
        "type": "Polygon",
        "coordinates": [
          [
            [
              -97.043139,
              32.456152
            ],
            [
              -97.043271,
              32.456218
            ],
            [
              -97.043325,
              32.45614
            ],
            [
              -97.043193,
              32.456074
            ],
            [
              -97.043139,
              32.456152
            ]
          ]
        ]
      },
      "properties": {
        "epoch_id": "EPOCH-85492d2b8df586a1",
        "site_name": "Google Midlothian",
        "distance_to_site_km": 2.0421,
        "footprint_area_m2_webmercator": 203.55,
        "source_dataset": "Overture Maps buildings",
        "source_url": "https://docs.overturemaps.org/getting-data/",
        "source_release": "2026-09-23.1",
        "source_accessed_on": "2026-09-27",
        "geometry_role": "current building-footprint polygon",
        "linkage_semantics": "Overlap/proximity only; not evidence that the building hosts AI compute."
      }
    },
    {
      "type": "Feature",
      "id": "cc1997f7-0f1a-41b5-8fbb-9aaee9c11010",
      "geometry": {
        "type": "Polygon",
        "coordinates": [
          [
            [
              -97.0407747,
              32.4581534
            ],
            [
              -97.0408283,
              32.4581548
            ],
            [
              -97.0408323,
              32.458044
            ],
            [
              -97.0407787,
              32.4580426
            ],
            [
              -97.0407747,
              32.4581534
            ]
          ]
        ]
      },
      "properties": {
        "epoch_id": "EPOCH-85492d2b8df586a1",
        "site_name": "Google Midlothian",
        "distance_to_site_km": 2.329,
        "footprint_area_m2_webmercator": 87.3,
        "source_dataset": "Overture Maps buildings",
        "source_url": "https://docs.overturemaps.org/getting-data/",
        "source_release": "2026-09-23.1",
        "source_accessed_on": "2026-09-27",
        "geometry_role": "current building-footprint polygon",
        "linkage_semantics": "Overlap/proximity only; not evidence that the building hosts AI compute."
      }
    },
    {
      "type": "Feature",
      "id": "3b53cd29-6289-49ea-bd4d-89266824c04a",
      "geometry": {
        "type": "Polygon",
        "coordinates": [
          [
            [
              -97.0408504,
              32.4585651
            ],
            [
              -97.0407994,
              32.4585637
            ],
            [
              -97.0407953,
              32.4586708
            ],
            [
              -97.0408462,
              32.4586722
            ],
            [
              -97.0408504,
              32.4585651
            ]
          ]
        ]
      },
      "properties": {
        "epoch_id": "EPOCH-85492d2b8df586a1",
        "site_name": "Google Midlothian",
        "distance_to_site_km": 2.3813,
        "footprint_area_m2_webmercator": 80.22,
        "source_dataset": "Overture Maps buildings",
        "source_url": "https://docs.overturemaps.org/getting-data/",
        "source_release": "2026-09-23.1",
        "source_accessed_on": "2026-09-27",
        "geometry_role": "current building-footprint polygon",
        "linkage_semantics": "Overlap/proximity only; not evidence that the building hosts AI compute."
      }
    },
    {
      "type": "Feature",
      "id": "f3ed0200-b308-49cc-8bbf-10d81e2b7415",
      "geometry": {
        "type": "Polygon",
        "coordinates": [
          [
            [
              -97.041818,
              32.454991
            ],
            [
              -97.041965,
              32.454991
            ],
            [
              -97.041965,
              32.454862
            ],
            [
              -97.041818,
              32.454862
            ],
            [
              -97.041818,
              32.454991
            ]
          ]
        ]
      },
      "properties": {
        "epoch_id": "EPOCH-85492d2b8df586a1",
        "site_name": "Google Midlothian",
        "distance_to_site_km": 1.9656,
        "footprint_area_m2_webmercator": 278.49,
        "source_dataset": "Overture Maps buildings",
        "source_url": "https://docs.overturemaps.org/getting-data/",
        "source_release": "2026-09-23.1",
        "source_accessed_on": "2026-09-27",
        "geometry_role": "current building-footprint polygon",
        "linkage_semantics": "Overlap/proximity only; not evidence that the building hosts AI compute."
      }
    },
    {
      "type": "Feature",
      "id": "49923218-e493-4e99-9177-c81e5dc4991c",
      "geometry": {
        "type": "Polygon",
        "coordinates": [
          [
            [
              -97.0394129,
              32.4580226
            ],
            [
              -97.0392709,
              32.4580193
            ],
            [
              -97.03927,
              32.4580451
            ],
            [
              -97.0392084,
              32.4580437
            ],
            [
              -97.0392048,
              32.4581545
            ],
            [
              -97.0394085,
              32.4581593
            ],
            [
              -97.0394129,
              32.4580226
            ]
          ]
        ]
      },
      "properties": {
        "epoch_id": "EPOCH-85492d2b8df586a1",
        "site_name": "Google Midlothian",
        "distance_to_site_km": 2.3881,
        "footprint_area_m2_webmercator": 385.73,
        "source_dataset": "Overture Maps buildings",
        "source_url": "https://docs.overturemaps.org/getting-data/",
        "source_release": "2026-09-23.1",
        "source_accessed_on": "2026-09-27",
        "geometry_role": "current building-footprint polygon",
        "linkage_semantics": "Overlap/proximity only; not evidence that the building hosts AI compute."
      }
    },
    {
      "type": "Feature",
      "id": "f9723c24-aec5-4808-a371-1c03077c2b54",
      "geometry": {
        "type": "Polygon",
        "coordinates": [
          [
            [
              -97.037935,
              32.4576822
            ],
            [
              -97.0376071,
              32.457671
            ],
            [
              -97.0376024,
              32.4577681
            ],
            [
              -97.0379304,
              32.4577793
            ],
            [
              -97.037935,
              32.4576822
            ]
          ]
        ]
      },
      "properties": {
        "epoch_id": "EPOCH-85492d2b8df586a1",
        "site_name": "Google Midlothian",
        "distance_to_site_km": 2.4216,
        "footprint_area_m2_webmercator": 468.43,
        "source_dataset": "Overture Maps buildings",
        "source_url": "https://docs.overturemaps.org/getting-data/",
        "source_release": "2026-09-23.1",
        "source_accessed_on": "2026-09-27",
        "geometry_role": "current building-footprint polygon",
        "linkage_semantics": "Overlap/proximity only; not evidence that the building hosts AI compute."
      }
    },
    {
      "type": "Feature",
      "id": "acf3a8ab-764c-4439-960b-3c2c60544b20",
      "geometry": {
        "type": "Polygon",
        "coordinates": [
          [
            [
              -97.03745,
              32.457932
            ],
            [
              -97.037448,
              32.458055
            ],
            [
              -97.038075,
              32.458064
            ],
            [
              -97.038078,
              32.457946
            ],
            [
              -97.037996,
              32.457945
            ],
            [
              -97.037997,
              32.457893
            ],
            [
              -97.037899,
              32.457892
            ],
            [
              -97.037898,
              32.457939
            ],
            [
              -97.03745,
              32.457932
            ]
          ]
        ]
      },
      "properties": {
        "epoch_id": "EPOCH-85492d2b8df586a1",
        "site_name": "Google Midlothian",
        "distance_to_site_km": 2.4473,
        "footprint_area_m2_webmercator": 1193.08,
        "source_dataset": "Overture Maps buildings",
        "source_url": "https://docs.overturemaps.org/getting-data/",
        "source_release": "2026-09-23.1",
        "source_accessed_on": "2026-09-27",
        "geometry_role": "current building-footprint polygon",
        "linkage_semantics": "Overlap/proximity only; not evidence that the building hosts AI compute."
      }
    },
    {
      "type": "Feature",
      "id": "2361a195-05c2-4503-b8a1-8d9cc4968bbf",
      "geometry": {
        "type": "Polygon",
        "coordinates": [
          [
            [
              -97.037515,
              32.458067
            ],
            [
              -97.037513,
              32.458164
            ],
            [
              -97.037864,
              32.458171
            ],
            [
              -97.037866,
              32.458074
            ],
            [
              -97.037515,
              32.458067
            ]
          ]
        ]
      },
      "properties": {
        "epoch_id": "EPOCH-85492d2b8df586a1",
        "site_name": "Google Midlothian",
        "distance_to_site_km": 2.4632,
        "footprint_area_m2_webmercator": 500.23,
        "source_dataset": "Overture Maps buildings",
        "source_url": "https://docs.overturemaps.org/getting-data/",
        "source_release": "2026-09-23.1",
        "source_accessed_on": "2026-09-27",
        "geometry_role": "current building-footprint polygon",
        "linkage_semantics": "Overlap/proximity only; not evidence that the building hosts AI compute."
      }
    },
    {
      "type": "Feature",
      "id": "a93f390c-3442-4908-8913-1887a0db9fb8",
      "geometry": {
        "type": "Polygon",
        "coordinates": [
          [
            [
              -97.038141,
              32.457897
            ],
            [
              -97.038141,
              32.458008
            ],
            [
              -97.038344,
              32.458008
            ],
            [
              -97.038344,
              32.457897
            ],
            [
              -97.038141,
              32.457897
            ]
          ]
        ]
      },
      "properties": {
        "epoch_id": "EPOCH-85492d2b8df586a1",
        "site_name": "Google Midlothian",
        "distance_to_site_km": 2.4215,
        "footprint_area_m2_webmercator": 330.92,
        "source_dataset": "Overture Maps buildings",
        "source_url": "https://docs.overturemaps.org/getting-data/",
        "source_release": "2026-09-23.1",
        "source_accessed_on": "2026-09-27",
        "geometry_role": "current building-footprint polygon",
        "linkage_semantics": "Overlap/proximity only; not evidence that the building hosts AI compute."
      }
    },
    {
      "type": "Feature",
      "id": "2f799d7e-4e24-4266-8fad-0e229af91dfe",
      "geometry": {
        "type": "Polygon",
        "coordinates": [
          [
            [
              -97.0387954,
              32.4579894
            ],
            [
              -97.0390447,
              32.4579934
            ],
            [
              -97.0390462,
              32.4579268
            ],
            [
              -97.0387968,
              32.4579228
            ],
            [
              -97.0387954,
              32.4579894
            ]
          ]
        ]
      },
      "properties": {
        "epoch_id": "EPOCH-85492d2b8df586a1",
        "site_name": "Google Midlothian",
        "distance_to_site_km": 2.3918,
        "footprint_area_m2_webmercator": 243.98,
        "source_dataset": "Overture Maps buildings",
        "source_url": "https://docs.overturemaps.org/getting-data/",
        "source_release": "2026-09-23.1",
        "source_accessed_on": "2026-09-27",
        "geometry_role": "current building-footprint polygon",
        "linkage_semantics": "Overlap/proximity only; not evidence that the building hosts AI compute."
      }
    },
    {
      "type": "Feature",
      "id": "f4da4614-8c65-48a1-ba3e-b9e0f534c4a7",
      "geometry": {
        "type": "Polygon",
        "coordinates": [
          [
            [
              -97.0381324,
              32.4584028
            ],
            [
              -97.0370562,
              32.458377
            ],
            [
              -97.0370373,
              32.4589371
            ],
            [
              -97.0370669,
              32.4589378
            ],
            [
              -97.0370641,
              32.4590208
            ],
            [
              -97.0372193,
              32.4590246
            ],
            [
              -97.0372219,
              32.4589456
            ],
            [
              -97.0374526,
              32.4589511
            ],
            [
              -97.0374513,
              32.458988
            ],
            [
              -97.0381993,
              32.459006
            ],
            [
              -97.0382012,
              32.4589485
            ],
            [
              -97.0385871,
              32.4589577
            ],
            [
              -97.0385918,
              32.4588191
            ],
            [
              -97.0382087,
              32.45881
            ],
            [
              -97.0382102,
              32.4587653
            ],
            [
              -97.0389002,
              32.4587819
            ],
            [
              -97.0388737,
              32.4595688
            ],
            [
              -97.0395151,
              32.4595841
            ],
            [
              -97.0395197,
              32.4594487
            ],
            [
              -97.0397315,
              32.4594538
            ],
            [
              -97.0397379,
              32.4592623
            ],
            [
              -97.0395286,
              32.4592573
            ],
            [
              -97.0395431,
              32.4588291
            ],
            [
              -97.0398444,
              32.4588364
            ],
            [
              -97.0398459,
              32.4587924
            ],
            [
              -97.040016,
              32.4587965
            ],
            [
              -97.0400109,
              32.4589468
            ],
            [
              -97.0407924,
              32.4589655
            ],
            [
              -97.0407901,
              32.4590349
            ],
            [
              -97.0412099,
              32.459045
            ],
            [
              -97.0412208,
              32.4587189
            ],
            [
              -97.0406315,
              32.4587048
            ],
            [
              -97.0406334,
              32.4586481
            ],
            [
              -97.0395559,
              32.4586223
            ],
            [
              -97.0395563,
              32.4586092
            ],
            [
              -97.0389094,
              32.4585937
            ],
            [
              -97.0389114,
              32.4585333
            ],
            [
              -97.0386299,
              32.4585266
            ],
            [
              -97.0386313,
              32.4584861
            ],
            [
              -97.0403169,
              32.4585265
            ],
            [
              -97.0403218,
              32.4583804
            ],
            [
              -97.0382945,
              32.4583318
            ],
            [
              -97.0382882,
              32.4585197
            ],
            [
              -97.0381286,
              32.4585159
            ],
            [
              -97.0381324,
              32.4584028
            ]
          ]
        ]
      },
      "properties": {
        "epoch_id": "EPOCH-85492d2b8df586a1",
        "site_name": "Google Midlothian",
        "distance_to_site_km": 2.4742,
        "footprint_area_m2_webmercator": 34572.17,
        "source_dataset": "Overture Maps buildings",
        "source_url": "https://docs.overturemaps.org/getting-data/",
        "source_release": "2026-09-23.1",
        "source_accessed_on": "2026-09-27",
        "geometry_role": "current building-footprint polygon",
        "linkage_semantics": "Overlap/proximity only; not evidence that the building hosts AI compute."
      }
    },
    {
      "type": "Feature",
      "id": "c05bed47-340c-4a95-85de-7b676f4e4457",
      "geometry": {
        "type": "Polygon",
        "coordinates": [
          [
            [
              -97.038328,
              32.455925
            ],
            [
              -97.038324,
              32.456058
            ],
            [
              -97.039025,
              32.456074
            ],
            [
              -97.039025,
              32.45606
            ],
            [
              -97.039522,
              32.456072
            ],
            [
              -97.039525,
              32.455988
            ],
            [
              -97.039023,
              32.455977
            ],
            [
              -97.039024,
              32.455944
            ],
            [
              -97.039061,
              32.455945
            ],
            [
              -97.039064,
              32.455851
            ],
            [
              -97.038376,
              32.455835
            ],
            [
              -97.038373,
              32.455926
            ],
            [
              -97.038328,
              32.455925
            ]
          ]
        ]
      },
      "properties": {
        "epoch_id": "EPOCH-85492d2b8df586a1",
        "site_name": "Google Midlothian",
        "distance_to_site_km": 2.2035,
        "footprint_area_m2_webmercator": 2897.6,
        "source_dataset": "Overture Maps buildings",
        "source_url": "https://docs.overturemaps.org/getting-data/",
        "source_release": "2026-09-23.1",
        "source_accessed_on": "2026-09-27",
        "geometry_role": "current building-footprint polygon",
        "linkage_semantics": "Overlap/proximity only; not evidence that the building hosts AI compute."
      }
    },
    {
      "type": "Feature",
      "id": "d6c17400-f9f2-49f4-9c3d-0d3270cb2179",
      "geometry": {
        "type": "Polygon",
        "coordinates": [
          [
            [
              -97.038686,
              32.458248
            ],
            [
              -97.038694,
              32.458022
            ],
            [
              -97.038476,
              32.458017
            ],
            [
              -97.038468,
              32.458243
            ],
            [
              -97.038686,
              32.458248
            ]
          ]
        ]
      },
      "properties": {
        "epoch_id": "EPOCH-85492d2b8df586a1",
        "site_name": "Google Midlothian",
        "distance_to_site_km": 2.4238,
        "footprint_area_m2_webmercator": 724.15,
        "source_dataset": "Overture Maps buildings",
        "source_url": "https://docs.overturemaps.org/getting-data/",
        "source_release": "2026-09-23.1",
        "source_accessed_on": "2026-09-27",
        "geometry_role": "current building-footprint polygon",
        "linkage_semantics": "Overlap/proximity only; not evidence that the building hosts AI compute."
      }
    },
    {
      "type": "Feature",
      "id": "8ae45bb5-ed0b-4f81-b0d9-f9d4dab10471",
      "geometry": {
        "type": "Polygon",
        "coordinates": [
          [
            [
              -97.0388952,
              32.4473769
            ],
            [
              -97.0386861,
              32.447374
            ],
            [
              -97.0386803,
              32.4476626
            ],
            [
              -97.0388895,
              32.4476655
            ],
            [
              -97.0388952,
              32.4473769
            ]
          ]
        ]
      },
      "properties": {
        "epoch_id": "EPOCH-85492d2b8df586a1",
        "site_name": "Google Midlothian",
        "distance_to_site_km": 1.4776,
        "footprint_area_m2_webmercator": 886.61,
        "source_dataset": "Overture Maps buildings",
        "source_url": "https://docs.overturemaps.org/getting-data/",
        "source_release": "2026-09-23.1",
        "source_accessed_on": "2026-09-27",
        "geometry_role": "current building-footprint polygon",
        "linkage_semantics": "Overlap/proximity only; not evidence that the building hosts AI compute."
      }
    },
    {
      "type": "Feature",
      "id": "e7979360-c534-472e-9871-04ae03efd4b3",
      "geometry": {
        "type": "Polygon",
        "coordinates": [
          [
            [
              -97.0389204,
              32.4472363
            ],
            [
              -97.0389235,
              32.4471309
            ],
            [
              -97.0387504,
              32.4471273
            ],
            [
              -97.0387473,
              32.4472326
            ],
            [
              -97.0389204,
              32.4472363
            ]
          ]
        ]
      },
      "properties": {
        "epoch_id": "EPOCH-85492d2b8df586a1",
        "site_name": "Google Midlothian",
        "distance_to_site_km": 1.4501,
        "footprint_area_m2_webmercator": 267.95,
        "source_dataset": "Overture Maps buildings",
        "source_url": "https://docs.overturemaps.org/getting-data/",
        "source_release": "2026-09-23.1",
        "source_accessed_on": "2026-09-27",
        "geometry_role": "current building-footprint polygon",
        "linkage_semantics": "Overlap/proximity only; not evidence that the building hosts AI compute."
      }
    },
    {
      "type": "Feature",
      "id": "f1f3c7ca-6a92-4d23-a976-a0960a3ca76e",
      "geometry": {
        "type": "Polygon",
        "coordinates": [
          [
            [
              -97.0389753,
              32.4473065
            ],
            [
              -97.0389243,
              32.4473069
            ],
            [
              -97.0389255,
              32.4473997
            ],
            [
              -97.0389765,
              32.4473993
            ],
            [
              -97.0389753,
              32.4473065
            ]
          ]
        ]
      },
      "properties": {
        "epoch_id": "EPOCH-85492d2b8df586a1",
        "site_name": "Google Midlothian",
        "distance_to_site_km": 1.454,
        "footprint_area_m2_webmercator": 69.51,
        "source_dataset": "Overture Maps buildings",
        "source_url": "https://docs.overturemaps.org/getting-data/",
        "source_release": "2026-09-23.1",
        "source_accessed_on": "2026-09-27",
        "geometry_role": "current building-footprint polygon",
        "linkage_semantics": "Overlap/proximity only; not evidence that the building hosts AI compute."
      }
    },
    {
      "type": "Feature",
      "id": "c5634b9e-3bef-4af0-9ab9-c3d59b7c2e32",
      "geometry": {
        "type": "Polygon",
        "coordinates": [
          [
            [
              -97.0389832,
              32.4472398
            ],
            [
              -97.0391065,
              32.4472421
            ],
            [
              -97.0391093,
              32.4471335
            ],
            [
              -97.0389592,
              32.4471307
            ],
            [
              -97.038958,
              32.447176
            ],
            [
              -97.0389848,
              32.4471765
            ],
            [
              -97.0389832,
              32.4472398
            ]
          ]
        ]
      },
      "properties": {
        "epoch_id": "EPOCH-85492d2b8df586a1",
        "site_name": "Google Midlothian",
        "distance_to_site_km": 1.4355,
        "footprint_area_m2_webmercator": 214.59,
        "source_dataset": "Overture Maps buildings",
        "source_url": "https://docs.overturemaps.org/getting-data/",
        "source_release": "2026-09-23.1",
        "source_accessed_on": "2026-09-27",
        "geometry_role": "current building-footprint polygon",
        "linkage_semantics": "Overlap/proximity only; not evidence that the building hosts AI compute."
      }
    },
    {
      "type": "Feature",
      "id": "eff6d839-a503-4325-aa0d-31ee0d812c81",
      "geometry": {
        "type": "Polygon",
        "coordinates": [
          [
            [
              -97.0389816,
              32.4473898
            ],
            [
              -97.0391827,
              32.4473929
            ],
            [
              -97.0391848,
              32.4472956
            ],
            [
              -97.0389837,
              32.4472925
            ],
            [
              -97.0389816,
              32.4473898
            ]
          ]
        ]
      },
      "properties": {
        "epoch_id": "EPOCH-85492d2b8df586a1",
        "site_name": "Google Midlothian",
        "distance_to_site_km": 1.4438,
        "footprint_area_m2_webmercator": 287.43,
        "source_dataset": "Overture Maps buildings",
        "source_url": "https://docs.overturemaps.org/getting-data/",
        "source_release": "2026-09-23.1",
        "source_accessed_on": "2026-09-27",
        "geometry_role": "current building-footprint polygon",
        "linkage_semantics": "Overlap/proximity only; not evidence that the building hosts AI compute."
      }
    },
    {
      "type": "Feature",
      "id": "2407db36-f853-4f5b-a522-0b7822f3f9af",
      "geometry": {
        "type": "Polygon",
        "coordinates": [
          [
            [
              -97.0392493,
              32.4475053
            ],
            [
              -97.0394691,
              32.4475107
            ],
            [
              -97.0394723,
              32.447418
            ],
            [
              -97.0391131,
              32.4474091
            ],
            [
              -97.0391084,
              32.4475471
            ],
            [
              -97.0392478,
              32.4475505
            ],
            [
              -97.0392493,
              32.4475053
            ]
          ]
        ]
      },
      "properties": {
        "epoch_id": "EPOCH-85492d2b8df586a1",
        "site_name": "Google Midlothian",
        "distance_to_site_km": 1.4396,
        "footprint_area_m2_webmercator": 582.16,
        "source_dataset": "Overture Maps buildings",
        "source_url": "https://docs.overturemaps.org/getting-data/",
        "source_release": "2026-09-23.1",
        "source_accessed_on": "2026-09-27",
        "geometry_role": "current building-footprint polygon",
        "linkage_semantics": "Overlap/proximity only; not evidence that the building hosts AI compute."
      }
    },
    {
      "type": "Feature",
      "id": "98f9c8cb-ca6f-4fec-8892-d6d1234f7e10",
      "geometry": {
        "type": "Polygon",
        "coordinates": [
          [
            [
              -97.0396718,
              32.4470174
            ],
            [
              -97.0396764,
              32.4467639
            ],
            [
              -97.0388247,
              32.446753
            ],
            [
              -97.0388202,
              32.4470065
            ],
            [
              -97.0396718,
              32.4470174
            ]
          ]
        ]
      },
      "properties": {
        "epoch_id": "EPOCH-85492d2b8df586a1",
        "site_name": "Google Midlothian",
        "distance_to_site_km": 1.3993,
        "footprint_area_m2_webmercator": 3171.0,
        "source_dataset": "Overture Maps buildings",
        "source_url": "https://docs.overturemaps.org/getting-data/",
        "source_release": "2026-09-23.1",
        "source_accessed_on": "2026-09-27",
        "geometry_role": "current building-footprint polygon",
        "linkage_semantics": "Overlap/proximity only; not evidence that the building hosts AI compute."
      }
    },
    {
      "type": "Feature",
      "id": "560a7d42-a3f2-4e29-8fc5-802b4d53513c",
      "geometry": {
        "type": "Polygon",
        "coordinates": [
          [
            [
              -97.0402164,
              32.4475939
            ],
            [
              -97.0402208,
              32.4472942
            ],
            [
              -97.0399606,
              32.4472915
            ],
            [
              -97.0399563,
              32.4475912
            ],
            [
              -97.0402164,
              32.4475939
            ]
          ]
        ]
      },
      "properties": {
        "epoch_id": "EPOCH-85492d2b8df586a1",
        "site_name": "Google Midlothian",
        "distance_to_site_km": 1.3809,
        "footprint_area_m2_webmercator": 1145.08,
        "source_dataset": "Overture Maps buildings",
        "source_url": "https://docs.overturemaps.org/getting-data/",
        "source_release": "2026-09-23.1",
        "source_accessed_on": "2026-09-27",
        "geometry_role": "current building-footprint polygon",
        "linkage_semantics": "Overlap/proximity only; not evidence that the building hosts AI compute."
      }
    },
    {
      "type": "Feature",
      "id": "8b774f36-e493-43d2-9fce-bce24055f3e0",
      "geometry": {
        "type": "Polygon",
        "coordinates": [
          [
            [
              -97.040032,
              32.445492
            ],
            [
              -97.040032,
              32.445616
            ],
            [
              -97.040222,
              32.445616
            ],
            [
              -97.040222,
              32.445492
            ],
            [
              -97.040032,
              32.445492
            ]
          ]
        ]
      },
      "properties": {
        "epoch_id": "EPOCH-85492d2b8df586a1",
        "site_name": "Google Midlothian",
        "distance_to_site_km": 1.2434,
        "footprint_area_m2_webmercator": 345.96,
        "source_dataset": "Overture Maps buildings",
        "source_url": "https://docs.overturemaps.org/getting-data/",
        "source_release": "2026-09-23.1",
        "source_accessed_on": "2026-09-27",
        "geometry_role": "current building-footprint polygon",
        "linkage_semantics": "Overlap/proximity only; not evidence that the building hosts AI compute."
      }
    },
    {
      "type": "Feature",
      "id": "a72405e3-f851-40d8-9355-db893080a580",
      "geometry": {
        "type": "Polygon",
        "coordinates": [
          [
            [
              -97.036475,
              32.431545
            ],
            [
              -97.036201,
              32.431545
            ],
            [
              -97.036201,
              32.431574
            ],
            [
              -97.036475,
              32.431574
            ],
            [
              -97.036475,
              32.431545
            ]
          ]
        ]
      },
      "properties": {
        "epoch_id": "EPOCH-85492d2b8df586a1",
        "site_name": "Google Midlothian",
        "distance_to_site_km": 1.5852,
        "footprint_area_m2_webmercator": 116.66,
        "source_dataset": "Overture Maps buildings",
        "source_url": "https://docs.overturemaps.org/getting-data/",
        "source_release": "2026-09-23.1",
        "source_accessed_on": "2026-09-27",
        "geometry_role": "current building-footprint polygon",
        "linkage_semantics": "Overlap/proximity only; not evidence that the building hosts AI compute."
      }
    },
    {
      "type": "Feature",
      "id": "90f1d774-176c-4345-9ea1-b78498a2a745",
      "geometry": {
        "type": "Polygon",
        "coordinates": [
          [
            [
              -97.0368718,
              32.4571297
            ],
            [
              -97.0368718,
              32.4571977
            ],
            [
              -97.0370278,
              32.4571977
            ],
            [
              -97.0370278,
              32.4571297
            ],
            [
              -97.0368718,
              32.4571297
            ]
          ]
        ]
      },
      "properties": {
        "epoch_id": "EPOCH-85492d2b8df586a1",
        "site_name": "Google Midlothian",
        "distance_to_site_km": 2.4085,
        "footprint_area_m2_webmercator": 155.79,
        "source_dataset": "Overture Maps buildings",
        "source_url": "https://docs.overturemaps.org/getting-data/",
        "source_release": "2026-09-23.1",
        "source_accessed_on": "2026-09-27",
        "geometry_role": "current building-footprint polygon",
        "linkage_semantics": "Overlap/proximity only; not evidence that the building hosts AI compute."
      }
    },
    {
      "type": "Feature",
      "id": "a20534b1-f890-4261-939a-35d36b7537c8",
      "geometry": {
        "type": "Polygon",
        "coordinates": [
          [
            [
              -97.0366871,
              32.4568798
            ],
            [
              -97.036545,
              32.4568769
            ],
            [
              -97.0365434,
              32.4569335
            ],
            [
              -97.0366855,
              32.4569363
            ],
            [
              -97.0366871,
              32.4568798
            ]
          ]
        ]
      },
      "properties": {
        "epoch_id": "EPOCH-85492d2b8df586a1",
        "site_name": "Google Midlothian",
        "distance_to_site_km": 2.4018,
        "footprint_area_m2_webmercator": 118.08,
        "source_dataset": "Overture Maps buildings",
        "source_url": "https://docs.overturemaps.org/getting-data/",
        "source_release": "2026-09-23.1",
        "source_accessed_on": "2026-09-27",
        "geometry_role": "current building-footprint polygon",
        "linkage_semantics": "Overlap/proximity only; not evidence that the building hosts AI compute."
      }
    },
    {
      "type": "Feature",
      "id": "afa2a9ba-a3d0-41ca-bb4a-24ac625511a2",
      "geometry": {
        "type": "Polygon",
        "coordinates": [
          [
            [
              -97.037145,
              32.456682
            ],
            [
              -97.037054,
              32.456682
            ],
            [
              -97.037054,
              32.456743
            ],
            [
              -97.037145,
              32.456743
            ],
            [
              -97.037145,
              32.456682
            ]
          ]
        ]
      },
      "properties": {
        "epoch_id": "EPOCH-85492d2b8df586a1",
        "site_name": "Google Midlothian",
        "distance_to_site_km": 2.3587,
        "footprint_area_m2_webmercator": 81.52,
        "source_dataset": "Overture Maps buildings",
        "source_url": "https://docs.overturemaps.org/getting-data/",
        "source_release": "2026-09-23.1",
        "source_accessed_on": "2026-09-27",
        "geometry_role": "current building-footprint polygon",
        "linkage_semantics": "Overlap/proximity only; not evidence that the building hosts AI compute."
      }
    },
    {
      "type": "Feature",
      "id": "dbbf37d3-0abc-46b4-8954-eb1a4ce8e850",
      "geometry": {
        "type": "Polygon",
        "coordinates": [
          [
            [
              -97.0371,
              32.45632
            ],
            [
              -97.0371,
              32.456428
            ],
            [
              -97.037255,
              32.456428
            ],
            [
              -97.037255,
              32.45632
            ],
            [
              -97.0371,
              32.45632
            ]
          ]
        ]
      },
      "properties": {
        "epoch_id": "EPOCH-85492d2b8df586a1",
        "site_name": "Google Midlothian",
        "distance_to_site_km": 2.3232,
        "footprint_area_m2_webmercator": 245.84,
        "source_dataset": "Overture Maps buildings",
        "source_url": "https://docs.overturemaps.org/getting-data/",
        "source_release": "2026-09-23.1",
        "source_accessed_on": "2026-09-27",
        "geometry_role": "current building-footprint polygon",
        "linkage_semantics": "Overlap/proximity only; not evidence that the building hosts AI compute."
      }
    },
    {
      "type": "Feature",
      "id": "b31502e1-8502-4e89-a29e-666fc68c2b2c",
      "geometry": {
        "type": "Polygon",
        "coordinates": [
          [
            [
              -97.037225,
              32.456227
            ],
            [
              -97.037242,
              32.456162
            ],
            [
              -97.037151,
              32.456144
            ],
            [
              -97.037133,
              32.45621
            ],
            [
              -97.037225,
              32.456227
            ]
          ]
        ]
      },
      "properties": {
        "epoch_id": "EPOCH-85492d2b8df586a1",
        "site_name": "Google Midlothian",
        "distance_to_site_km": 2.3053,
        "footprint_area_m2_webmercator": 92.51,
        "source_dataset": "Overture Maps buildings",
        "source_url": "https://docs.overturemaps.org/getting-data/",
        "source_release": "2026-09-23.1",
        "source_accessed_on": "2026-09-27",
        "geometry_role": "current building-footprint polygon",
        "linkage_semantics": "Overlap/proximity only; not evidence that the building hosts AI compute."
      }
    },
    {
      "type": "Feature",
      "id": "c4027069-1357-46e4-8df9-d7d38901bcdf",
      "geometry": {
        "type": "Polygon",
        "coordinates": [
          [
            [
              -97.037186,
              32.456727
            ],
            [
              -97.037186,
              32.45684
            ],
            [
              -97.03739,
              32.45684
            ],
            [
              -97.03739,
              32.456727
            ],
            [
              -97.037186,
              32.456727
            ]
          ]
        ]
      },
      "properties": {
        "epoch_id": "EPOCH-85492d2b8df586a1",
        "site_name": "Google Midlothian",
        "distance_to_site_km": 2.3558,
        "footprint_area_m2_webmercator": 338.54,
        "source_dataset": "Overture Maps buildings",
        "source_url": "https://docs.overturemaps.org/getting-data/",
        "source_release": "2026-09-23.1",
        "source_accessed_on": "2026-09-27",
        "geometry_role": "current building-footprint polygon",
        "linkage_semantics": "Overlap/proximity only; not evidence that the building hosts AI compute."
      }
    },
    {
      "type": "Feature",
      "id": "287c25e1-dcf9-4183-be13-1076975e5d6a",
      "geometry": {
        "type": "Polygon",
        "coordinates": [
          [
            [
              -97.037258,
              32.457098
            ],
            [
              -97.037258,
              32.457295
            ],
            [
              -97.037373,
              32.457295
            ],
            [
              -97.037373,
              32.457098
            ],
            [
              -97.037258,
              32.457098
            ]
          ]
        ]
      },
      "properties": {
        "epoch_id": "EPOCH-85492d2b8df586a1",
        "site_name": "Google Midlothian",
        "distance_to_site_km": 2.3933,
        "footprint_area_m2_webmercator": 332.71,
        "source_dataset": "Overture Maps buildings",
        "source_url": "https://docs.overturemaps.org/getting-data/",
        "source_release": "2026-09-23.1",
        "source_accessed_on": "2026-09-27",
        "geometry_role": "current building-footprint polygon",
        "linkage_semantics": "Overlap/proximity only; not evidence that the building hosts AI compute."
      }
    },
    {
      "type": "Feature",
      "id": "088fd518-1233-4d4f-831d-0db873b1242c",
      "geometry": {
        "type": "Polygon",
        "coordinates": [
          [
            [
              -97.037188,
              32.458349
            ],
            [
              -97.037187,
              32.458315
            ],
            [
              -97.03725,
              32.458314
            ],
            [
              -97.037249,
              32.458237
            ],
            [
              -97.037052,
              32.45824
            ],
            [
              -97.037054,
              32.458351
            ],
            [
              -97.037188,
              32.458349
            ]
          ]
        ]
      },
      "properties": {
        "epoch_id": "EPOCH-85492d2b8df586a1",
        "site_name": "Google Midlothian",
        "distance_to_site_km": 2.5055,
        "footprint_area_m2_webmercator": 289.5,
        "source_dataset": "Overture Maps buildings",
        "source_url": "https://docs.overturemaps.org/getting-data/",
        "source_release": "2026-09-23.1",
        "source_accessed_on": "2026-09-27",
        "geometry_role": "current building-footprint polygon",
        "linkage_semantics": "Overlap/proximity only; not evidence that the building hosts AI compute."
      }
    },
    {
      "type": "Feature",
      "id": "c057361d-6c1a-4502-b640-74a16e21a2f3",
      "geometry": {
        "type": "Polygon",
        "coordinates": [
          [
            [
              -97.0375946,
              32.4576151
            ],
            [
              -97.037379,
              32.4576083
            ],
            [
              -97.0373754,
              32.4576907
            ],
            [
              -97.0375909,
              32.4576975
            ],
            [
              -97.0375946,
              32.4576151
            ]
          ]
        ]
      },
      "properties": {
        "epoch_id": "EPOCH-85492d2b8df586a1",
        "site_name": "Google Midlothian",
        "distance_to_site_km": 2.4283,
        "footprint_area_m2_webmercator": 261.21,
        "source_dataset": "Overture Maps buildings",
        "source_url": "https://docs.overturemaps.org/getting-data/",
        "source_release": "2026-09-23.1",
        "source_accessed_on": "2026-09-27",
        "geometry_role": "current building-footprint polygon",
        "linkage_semantics": "Overlap/proximity only; not evidence that the building hosts AI compute."
      }
    },
    {
      "type": "Feature",
      "id": "00b8f10f-9c76-4236-b10c-bb3fe97a55c2",
      "geometry": {
        "type": "Polygon",
        "coordinates": [
          [
            [
              -97.0352224,
              32.4588486
            ],
            [
              -97.0348791,
              32.4588402
            ],
            [
              -97.034857,
              32.459483
            ],
            [
              -97.0339768,
              32.4594615
            ],
            [
              -97.0339601,
              32.4599477
            ],
            [
              -97.034133,
              32.459952
            ],
            [
              -97.034139,
              32.459776
            ],
            [
              -97.0348443,
              32.4597932
            ],
            [
              -97.0348223,
              32.4604342
            ],
            [
              -97.0349859,
              32.4604382
            ],
            [
              -97.0349487,
              32.4615222
            ],
            [
              -97.0352732,
              32.4615301
            ],
            [
              -97.0353102,
              32.4604525
            ],
            [
              -97.0354084,
              32.4604549
            ],
            [
              -97.0354134,
              32.46031
            ],
            [
              -97.035536,
              32.460313
            ],
            [
              -97.0354969,
              32.461454
            ],
            [
              -97.0358337,
              32.4614622
            ],
            [
              -97.0359001,
              32.4595272
            ],
            [
              -97.0355729,
              32.4595192
            ],
            [
              -97.0355633,
              32.4597982
            ],
            [
              -97.0354347,
              32.4597951
            ],
            [
              -97.0354636,
              32.4589545
            ],
            [
              -97.0357749,
              32.4589621
            ],
            [
              -97.0357768,
              32.4589068
            ],
            [
              -97.0358818,
              32.4589094
            ],
            [
              -97.035884,
              32.4588455
            ],
            [
              -97.0357819,
              32.458843
            ],
            [
              -97.0357897,
              32.4586143
            ],
            [
              -97.0369597,
              32.4586429
            ],
            [
              -97.0369689,
              32.4583752
            ],
            [
              -97.036882,
              32.4583731
            ],
            [
              -97.0368831,
              32.458343
            ],
            [
              -97.0366993,
              32.4583385
            ],
            [
              -97.0367042,
              32.4581949
            ],
            [
              -97.0370911,
              32.4582044
            ],
            [
              -97.0370924,
              32.4581664
            ],
            [
              -97.0373115,
              32.4581718
            ],
            [
              -97.0373156,
              32.4580513
            ],
            [
              -97.0371268,
              32.4580467
            ],
            [
              -97.0371422,
              32.4575991
            ],
            [
              -97.0354848,
              32.4575586
            ],
            [
              -97.0354714,
              32.4579504
            ],
            [
              -97.0350426,
              32.4579399
            ],
            [
              -97.0350567,
              32.4575289
            ],
            [
              -97.0347832,
              32.4575223
            ],
            [
              -97.0347743,
              32.4577821
            ],
            [
              -97.0345828,
              32.4577774
            ],
            [
              -97.0345809,
              32.4578329
            ],
            [
              -97.0330551,
              32.4577956
            ],
            [
              -97.0330493,
              32.4579634
            ],
            [
              -97.0324443,
              32.4579486
            ],
            [
              -97.0324323,
              32.4582956
            ],
            [
              -97.033036,
              32.4583104
            ],
            [
              -97.0330307,
              32.4584643
            ],
            [
              -97.0342879,
              32.458495
            ],
            [
              -97.0342952,
              32.4582809
            ],
            [
              -97.0346862,
              32.4582905
            ],
            [
              -97.034692,
              32.4581239
            ],
            [
              -97.0349543,
              32.4581303
            ],
            [
              -97.0349565,
              32.4580644
            ],
            [
              -97.0354663,
              32.4580769
            ],
            [
              -97.0354663,
              32.4580784
            ],
            [
              -97.0356028,
              32.4580817
            ],
            [
              -97.035585,
              32.4585988
            ],
            [
              -97.0352313,
              32.4585902
            ],
            [
              -97.0352224,
              32.4588486
            ]
          ]
        ]
      },
      "properties": {
        "epoch_id": "EPOCH-85492d2b8df586a1",
        "site_name": "Google Midlothian",
        "distance_to_site_km": 2.6655,
        "footprint_area_m2_webmercator": 81379.22,
        "source_dataset": "Overture Maps buildings",
        "source_url": "https://docs.overturemaps.org/getting-data/",
        "source_release": "2026-09-23.1",
        "source_accessed_on": "2026-09-27",
        "geometry_role": "current building-footprint polygon",
        "linkage_semantics": "Overlap/proximity only; not evidence that the building hosts AI compute."
      }
    },
    {
      "type": "Feature",
      "id": "e14a8d02-6e36-4a6c-a91e-03317455e0d2",
      "geometry": {
        "type": "Polygon",
        "coordinates": [
          [
            [
              -97.0349615,
              32.4586816
            ],
            [
              -97.0349643,
              32.4586149
            ],
            [
              -97.0347688,
              32.4586089
            ],
            [
              -97.0347659,
              32.4586757
            ],
            [
              -97.0349615,
              32.4586816
            ]
          ]
        ]
      },
      "properties": {
        "epoch_id": "EPOCH-85492d2b8df586a1",
        "site_name": "Google Midlothian",
        "distance_to_site_km": 2.6538,
        "footprint_area_m2_webmercator": 191.95,
        "source_dataset": "Overture Maps buildings",
        "source_url": "https://docs.overturemaps.org/getting-data/",
        "source_release": "2026-09-23.1",
        "source_accessed_on": "2026-09-27",
        "geometry_role": "current building-footprint polygon",
        "linkage_semantics": "Overlap/proximity only; not evidence that the building hosts AI compute."
      }
    },
    {
      "type": "Feature",
      "id": "62b5dc1b-0c18-402e-aeaf-43ee2edd01a7",
      "geometry": {
        "type": "Polygon",
        "coordinates": [
          [
            [
              -97.0351963,
              32.4573118
            ],
            [
              -97.0350893,
              32.4573075
            ],
            [
              -97.0350853,
              32.4573775
            ],
            [
              -97.0351923,
              32.4573818
            ],
            [
              -97.0351963,
              32.4573118
            ]
          ]
        ]
      },
      "properties": {
        "epoch_id": "EPOCH-85492d2b8df586a1",
        "site_name": "Google Midlothian",
        "distance_to_site_km": 2.5205,
        "footprint_area_m2_webmercator": 110.25,
        "source_dataset": "Overture Maps buildings",
        "source_url": "https://docs.overturemaps.org/getting-data/",
        "source_release": "2026-09-23.1",
        "source_accessed_on": "2026-09-27",
        "geometry_role": "current building-footprint polygon",
        "linkage_semantics": "Overlap/proximity only; not evidence that the building hosts AI compute."
      }
    },
    {
      "type": "Feature",
      "id": "3e78d300-7d55-4e8f-8ca2-12cef350cec3",
      "geometry": {
        "type": "Polygon",
        "coordinates": [
          [
            [
              -97.0350461,
              32.458287
            ],
            [
              -97.0350496,
              32.4581978
            ],
            [
              -97.034921,
              32.4581943
            ],
            [
              -97.0349175,
              32.4582834
            ],
            [
              -97.0350461,
              32.458287
            ]
          ]
        ]
      },
      "properties": {
        "epoch_id": "EPOCH-85492d2b8df586a1",
        "site_name": "Google Midlothian",
        "distance_to_site_km": 2.6105,
        "footprint_area_m2_webmercator": 168.56,
        "source_dataset": "Overture Maps buildings",
        "source_url": "https://docs.overturemaps.org/getting-data/",
        "source_release": "2026-09-23.1",
        "source_accessed_on": "2026-09-27",
        "geometry_role": "current building-footprint polygon",
        "linkage_semantics": "Overlap/proximity only; not evidence that the building hosts AI compute."
      }
    },
    {
      "type": "Feature",
      "id": "edd43336-41b7-4177-be4b-80f3ad5c9524",
      "geometry": {
        "type": "Polygon",
        "coordinates": [
          [
            [
              -97.0350821,
              32.4588207
            ],
            [
              -97.0351449,
              32.4588178
            ],
            [
              -97.0351425,
              32.4587795
            ],
            [
              -97.0350796,
              32.4587823
            ],
            [
              -97.0350821,
              32.4588207
            ]
          ]
        ]
      },
      "properties": {
        "epoch_id": "EPOCH-85492d2b8df586a1",
        "site_name": "Google Midlothian",
        "distance_to_site_km": 2.6552,
        "footprint_area_m2_webmercator": 35.5,
        "source_dataset": "Overture Maps buildings",
        "source_url": "https://docs.overturemaps.org/getting-data/",
        "source_release": "2026-09-23.1",
        "source_accessed_on": "2026-09-27",
        "geometry_role": "current building-footprint polygon",
        "linkage_semantics": "Overlap/proximity only; not evidence that the building hosts AI compute."
      }
    },
    {
      "type": "Feature",
      "id": "488586e3-16fa-482c-8bb5-c257489e963a",
      "geometry": {
        "type": "Polygon",
        "coordinates": [
          [
            [
              -97.035791,
              32.456546
            ],
            [
              -97.035791,
              32.456659
            ],
            [
              -97.035981,
              32.456659
            ],
            [
              -97.035981,
              32.456546
            ],
            [
              -97.035791,
              32.456546
            ]
          ]
        ]
      },
      "properties": {
        "epoch_id": "EPOCH-85492d2b8df586a1",
        "site_name": "Google Midlothian",
        "distance_to_site_km": 2.4127,
        "footprint_area_m2_webmercator": 315.31,
        "source_dataset": "Overture Maps buildings",
        "source_url": "https://docs.overturemaps.org/getting-data/",
        "source_release": "2026-09-23.1",
        "source_accessed_on": "2026-09-27",
        "geometry_role": "current building-footprint polygon",
        "linkage_semantics": "Overlap/proximity only; not evidence that the building hosts AI compute."
      }
    },
    {
      "type": "Feature",
      "id": "6fbf0097-9044-4f91-a1b0-868f695f434c",
      "geometry": {
        "type": "Polygon",
        "coordinates": [
          [
            [
              -97.036078,
              32.456037
            ],
            [
              -97.036078,
              32.455872
            ],
            [
              -97.035939,
              32.455872
            ],
            [
              -97.035939,
              32.455926
            ],
            [
              -97.035744,
              32.455926
            ],
            [
              -97.035744,
              32.456037
            ],
            [
              -97.036078,
              32.456037
            ]
          ]
        ]
      },
      "properties": {
        "epoch_id": "EPOCH-85492d2b8df586a1",
        "site_name": "Google Midlothian",
        "distance_to_site_km": 2.3533,
        "footprint_area_m2_webmercator": 654.7,
        "source_dataset": "Overture Maps buildings",
        "source_url": "https://docs.overturemaps.org/getting-data/",
        "source_release": "2026-09-23.1",
        "source_accessed_on": "2026-09-27",
        "geometry_role": "current building-footprint polygon",
        "linkage_semantics": "Overlap/proximity only; not evidence that the building hosts AI compute."
      }
    },
    {
      "type": "Feature",
      "id": "58b7fd5d-e4eb-46c9-a645-08a4522e9788",
      "geometry": {
        "type": "Polygon",
        "coordinates": [
          [
            [
              -97.035761,
              32.455052
            ],
            [
              -97.035761,
              32.455269
            ],
            [
              -97.035845,
              32.455269
            ],
            [
              -97.035845,
              32.455052
            ],
            [
              -97.035761,
              32.455052
            ]
          ]
        ]
      },
      "properties": {
        "epoch_id": "EPOCH-85492d2b8df586a1",
        "site_name": "Google Midlothian",
        "distance_to_site_km": 2.2888,
        "footprint_area_m2_webmercator": 267.69,
        "source_dataset": "Overture Maps buildings",
        "source_url": "https://docs.overturemaps.org/getting-data/",
        "source_release": "2026-09-23.1",
        "source_accessed_on": "2026-09-27",
        "geometry_role": "current building-footprint polygon",
        "linkage_semantics": "Overlap/proximity only; not evidence that the building hosts AI compute."
      }
    },
    {
      "type": "Feature",
      "id": "8df57358-a0fe-4425-9c03-a4d02605af28",
      "geometry": {
        "type": "Polygon",
        "coordinates": [
          [
            [
              -97.035982,
              32.455199
            ],
            [
              -97.036097,
              32.455323
            ],
            [
              -97.036266,
              32.455211
            ],
            [
              -97.036125,
              32.455059
            ],
            [
              -97.035992,
              32.455147
            ],
            [
              -97.036018,
              32.455175
            ],
            [
              -97.035982,
              32.455199
            ]
          ]
        ]
      },
      "properties": {
        "epoch_id": "EPOCH-85492d2b8df586a1",
        "site_name": "Google Midlothian",
        "distance_to_site_km": 2.2736,
        "footprint_area_m2_webmercator": 585.35,
        "source_dataset": "Overture Maps buildings",
        "source_url": "https://docs.overturemaps.org/getting-data/",
        "source_release": "2026-09-23.1",
        "source_accessed_on": "2026-09-27",
        "geometry_role": "current building-footprint polygon",
        "linkage_semantics": "Overlap/proximity only; not evidence that the building hosts AI compute."
      }
    },
    {
      "type": "Feature",
      "id": "65590bd1-525c-4433-b7ce-30ab6c7927ec",
      "geometry": {
        "type": "Polygon",
        "coordinates": [
          [
            [
              -97.0343656,
              32.4522756
            ],
            [
              -97.0343325,
              32.4522779
            ],
            [
              -97.0343374,
              32.4523283
            ],
            [
              -97.0343134,
              32.45233
            ],
            [
              -97.0343185,
              32.4523829
            ],
            [
              -97.0343745,
              32.4523791
            ],
            [
              -97.0343672,
              32.4523036
            ],
            [
              -97.0343885,
              32.4523022
            ],
            [
              -97.0343834,
              32.4522495
            ],
            [
              -97.0343632,
              32.4522509
            ],
            [
              -97.0343656,
              32.4522756
            ]
          ]
        ]
      },
      "properties": {
        "epoch_id": "EPOCH-85492d2b8df586a1",
        "site_name": "Google Midlothian",
        "distance_to_site_km": 2.1451,
        "footprint_area_m2_webmercator": 83.85,
        "source_dataset": "Overture Maps buildings",
        "source_url": "https://docs.overturemaps.org/getting-data/",
        "source_release": "2026-09-23.1",
        "source_accessed_on": "2026-09-27",
        "geometry_role": "current building-footprint polygon",
        "linkage_semantics": "Overlap/proximity only; not evidence that the building hosts AI compute."
      }
    },
    {
      "type": "Feature",
      "id": "a2932ec6-7a3f-470f-8bca-c20c9066357e",
      "geometry": {
        "type": "Polygon",
        "coordinates": [
          [
            [
              -97.0336855,
              32.4570842
            ],
            [
              -97.0331653,
              32.4570784
            ],
            [
              -97.0331641,
              32.4571553
            ],
            [
              -97.0336843,
              32.4571612
            ],
            [
              -97.0336855,
              32.4570842
            ]
          ]
        ]
      },
      "properties": {
        "epoch_id": "EPOCH-85492d2b8df586a1",
        "site_name": "Google Midlothian",
        "distance_to_site_km": 2.5981,
        "footprint_area_m2_webmercator": 587.98,
        "source_dataset": "Overture Maps buildings",
        "source_url": "https://docs.overturemaps.org/getting-data/",
        "source_release": "2026-09-23.1",
        "source_accessed_on": "2026-09-27",
        "geometry_role": "current building-footprint polygon",
        "linkage_semantics": "Overlap/proximity only; not evidence that the building hosts AI compute."
      }
    },
    {
      "type": "Feature",
      "id": "e0ee4d4f-54bb-42e4-871c-a08cfe2ec0cb",
      "geometry": {
        "type": "Polygon",
        "coordinates": [
          [
            [
              -97.0333603,
              32.4577816
            ],
            [
              -97.0334943,
              32.457785
            ],
            [
              -97.033496,
              32.4577353
            ],
            [
              -97.033362,
              32.4577319
            ],
            [
              -97.0333603,
              32.4577816
            ]
          ]
        ]
      },
      "properties": {
        "epoch_id": "EPOCH-85492d2b8df586a1",
        "site_name": "Google Midlothian",
        "distance_to_site_km": 2.6536,
        "footprint_area_m2_webmercator": 97.89,
        "source_dataset": "Overture Maps buildings",
        "source_url": "https://docs.overturemaps.org/getting-data/",
        "source_release": "2026-09-23.1",
        "source_accessed_on": "2026-09-27",
        "geometry_role": "current building-footprint polygon",
        "linkage_semantics": "Overlap/proximity only; not evidence that the building hosts AI compute."
      }
    },
    {
      "type": "Feature",
      "id": "4b8d1709-d874-4507-9b03-75ba91312d4f",
      "geometry": {
        "type": "Polygon",
        "coordinates": [
          [
            [
              -97.0342732,
              32.457537
            ],
            [
              -97.0341391,
              32.4575342
            ],
            [
              -97.0341344,
              32.4576971
            ],
            [
              -97.0342684,
              32.4576998
            ],
            [
              -97.0342732,
              32.457537
            ]
          ]
        ]
      },
      "properties": {
        "epoch_id": "EPOCH-85492d2b8df586a1",
        "site_name": "Google Midlothian",
        "distance_to_site_km": 2.5969,
        "footprint_area_m2_webmercator": 320.79,
        "source_dataset": "Overture Maps buildings",
        "source_url": "https://docs.overturemaps.org/getting-data/",
        "source_release": "2026-09-23.1",
        "source_accessed_on": "2026-09-27",
        "geometry_role": "current building-footprint polygon",
        "linkage_semantics": "Overlap/proximity only; not evidence that the building hosts AI compute."
      }
    },
    {
      "type": "Feature",
      "id": "25344630-9275-4c13-8725-2d0d91ffd7cf",
      "geometry": {
        "type": "Polygon",
        "coordinates": [
          [
            [
              -97.0346647,
              32.4577658
            ],
            [
              -97.0346682,
              32.4576582
            ],
            [
              -97.0345905,
              32.4576564
            ],
            [
              -97.034587,
              32.4577639
            ],
            [
              -97.0346647,
              32.4577658
            ]
          ]
        ]
      },
      "properties": {
        "epoch_id": "EPOCH-85492d2b8df586a1",
        "site_name": "Google Midlothian",
        "distance_to_site_km": 2.5817,
        "footprint_area_m2_webmercator": 122.82,
        "source_dataset": "Overture Maps buildings",
        "source_url": "https://docs.overturemaps.org/getting-data/",
        "source_release": "2026-09-23.1",
        "source_accessed_on": "2026-09-27",
        "geometry_role": "current building-footprint polygon",
        "linkage_semantics": "Overlap/proximity only; not evidence that the building hosts AI compute."
      }
    },
    {
      "type": "Feature",
      "id": "c0edbb35-a3bb-4962-a89a-6e7a5b3ca1b9",
      "geometry": {
        "type": "Polygon",
        "coordinates": [
          [
            [
              -97.032104,
              32.458608
            ],
            [
              -97.032067,
              32.458606
            ],
            [
              -97.03206,
              32.458676
            ],
            [
              -97.032097,
              32.458678
            ],
            [
              -97.032104,
              32.458608
            ]
          ]
        ]
      },
      "properties": {
        "epoch_id": "EPOCH-85492d2b8df586a1",
        "site_name": "Google Midlothian",
        "distance_to_site_km": 2.809,
        "footprint_area_m2_webmercator": 38.24,
        "source_dataset": "Overture Maps buildings",
        "source_url": "https://docs.overturemaps.org/getting-data/",
        "source_release": "2026-09-23.1",
        "source_accessed_on": "2026-09-27",
        "geometry_role": "current building-footprint polygon",
        "linkage_semantics": "Overlap/proximity only; not evidence that the building hosts AI compute."
      }
    },
    {
      "type": "Feature",
      "id": "31040bcc-6144-463b-8557-c78304c1d65c",
      "geometry": {
        "type": "Polygon",
        "coordinates": [
          [
            [
              -97.033252,
              32.4574978
            ],
            [
              -97.0330896,
              32.4575002
            ],
            [
              -97.0330921,
              32.4576156
            ],
            [
              -97.0332544,
              32.4576131
            ],
            [
              -97.033252,
              32.4574978
            ]
          ]
        ]
      },
      "properties": {
        "epoch_id": "EPOCH-85492d2b8df586a1",
        "site_name": "Google Midlothian",
        "distance_to_site_km": 2.6509,
        "footprint_area_m2_webmercator": 275.12,
        "source_dataset": "Overture Maps buildings",
        "source_url": "https://docs.overturemaps.org/getting-data/",
        "source_release": "2026-09-23.1",
        "source_accessed_on": "2026-09-27",
        "geometry_role": "current building-footprint polygon",
        "linkage_semantics": "Overlap/proximity only; not evidence that the building hosts AI compute."
      }
    },
    {
      "type": "Feature",
      "id": "d0d09381-4d57-4575-ada3-8706837aa2ee",
      "geometry": {
        "type": "Polygon",
        "coordinates": [
          [
            [
              -97.0329169,
              32.4584987
            ],
            [
              -97.0329169,
              32.4584287
            ],
            [
              -97.0327359,
              32.4584287
            ],
            [
              -97.0327359,
              32.4584987
            ],
            [
              -97.0329169,
              32.4584987
            ]
          ]
        ]
      },
      "properties": {
        "epoch_id": "EPOCH-85492d2b8df586a1",
        "site_name": "Google Midlothian",
        "distance_to_site_km": 2.7502,
        "footprint_area_m2_webmercator": 186.08,
        "source_dataset": "Overture Maps buildings",
        "source_url": "https://docs.overturemaps.org/getting-data/",
        "source_release": "2026-09-23.1",
        "source_accessed_on": "2026-09-27",
        "geometry_role": "current building-footprint polygon",
        "linkage_semantics": "Overlap/proximity only; not evidence that the building hosts AI compute."
      }
    },
    {
      "type": "Feature",
      "id": "17f8561a-c882-42a9-9282-a126ef42198f",
      "geometry": {
        "type": "Polygon",
        "coordinates": [
          [
            [
              -97.03246,
              32.422695
            ],
            [
              -97.03246,
              32.422627
            ],
            [
              -97.032304,
              32.422627
            ],
            [
              -97.032304,
              32.422695
            ],
            [
              -97.03246,
              32.422695
            ]
          ]
        ]
      },
      "properties": {
        "epoch_id": "EPOCH-85492d2b8df586a1",
        "site_name": "Google Midlothian",
        "distance_to_site_km": 2.5018,
        "footprint_area_m2_webmercator": 155.73,
        "source_dataset": "Overture Maps buildings",
        "source_url": "https://docs.overturemaps.org/getting-data/",
        "source_release": "2026-09-23.1",
        "source_accessed_on": "2026-09-27",
        "geometry_role": "current building-footprint polygon",
        "linkage_semantics": "Overlap/proximity only; not evidence that the building hosts AI compute."
      }
    },
    {
      "type": "Feature",
      "id": "d0d131c1-7c89-4870-ae1c-e9997a9aa25e",
      "geometry": {
        "type": "Polygon",
        "coordinates": [
          [
            [
              -97.030692,
              32.425792
            ],
            [
              -97.030546,
              32.425967
            ],
            [
              -97.030666,
              32.426039
            ],
            [
              -97.030812,
              32.425864
            ],
            [
              -97.030692,
              32.425792
            ]
          ]
        ]
      },
      "properties": {
        "epoch_id": "EPOCH-85492d2b8df586a1",
        "site_name": "Google Midlothian",
        "distance_to_site_km": 2.3789,
        "footprint_area_m2_webmercator": 462.63,
        "source_dataset": "Overture Maps buildings",
        "source_url": "https://docs.overturemaps.org/getting-data/",
        "source_release": "2026-09-23.1",
        "source_accessed_on": "2026-09-27",
        "geometry_role": "current building-footprint polygon",
        "linkage_semantics": "Overlap/proximity only; not evidence that the building hosts AI compute."
      }
    },
    {
      "type": "Feature",
      "id": "dd7d1bfd-7579-4c58-85bf-946dc51fe466",
      "geometry": {
        "type": "Polygon",
        "coordinates": [
          [
            [
              -97.031215,
              32.426983
            ],
            [
              -97.031272,
              32.426851
            ],
            [
              -97.031071,
              32.42679
            ],
            [
              -97.031032,
              32.426881
            ],
            [
              -97.030925,
              32.426848
            ],
            [
              -97.030892,
              32.426923
            ],
            [
              -97.031087,
              32.426983
            ],
            [
              -97.031101,
              32.426949
            ],
            [
              -97.031215,
              32.426983
            ]
          ]
        ]
      },
      "properties": {
        "epoch_id": "EPOCH-85492d2b8df586a1",
        "site_name": "Google Midlothian",
        "distance_to_site_km": 2.2823,
        "footprint_area_m2_webmercator": 624.3,
        "source_dataset": "Overture Maps buildings",
        "source_url": "https://docs.overturemaps.org/getting-data/",
        "source_release": "2026-09-23.1",
        "source_accessed_on": "2026-09-27",
        "geometry_role": "current building-footprint polygon",
        "linkage_semantics": "Overlap/proximity only; not evidence that the building hosts AI compute."
      }
    },
    {
      "type": "Feature",
      "id": "035d132e-fda1-43ff-911c-99b7821f6e04",
      "geometry": {
        "type": "Polygon",
        "coordinates": [
          [
            [
              -97.03187,
              32.454983
            ],
            [
              -97.031253,
              32.454974
            ],
            [
              -97.03125,
              32.455116
            ],
            [
              -97.031867,
              32.455126
            ],
            [
              -97.03187,
              32.454983
            ]
          ]
        ]
      },
      "properties": {
        "epoch_id": "EPOCH-85492d2b8df586a1",
        "site_name": "Google Midlothian",
        "distance_to_site_km": 2.5442,
        "footprint_area_m2_webmercator": 1291.63,
        "source_dataset": "Overture Maps buildings",
        "source_url": "https://docs.overturemaps.org/getting-data/",
        "source_release": "2026-09-23.1",
        "source_accessed_on": "2026-09-27",
        "geometry_role": "current building-footprint polygon",
        "linkage_semantics": "Overlap/proximity only; not evidence that the building hosts AI compute."
      }
    },
    {
      "type": "Feature",
      "id": "adb342cb-833c-4615-863e-221bef12bce6",
      "geometry": {
        "type": "Polygon",
        "coordinates": [
          [
            [
              -97.031471,
              32.455185
            ],
            [
              -97.031356,
              32.455176
            ],
            [
              -97.031349,
              32.455248
            ],
            [
              -97.031463,
              32.455256
            ],
            [
              -97.031471,
              32.455185
            ]
          ]
        ]
      },
      "properties": {
        "epoch_id": "EPOCH-85492d2b8df586a1",
        "site_name": "Google Midlothian",
        "distance_to_site_km": 2.5673,
        "footprint_area_m2_webmercator": 121.17,
        "source_dataset": "Overture Maps buildings",
        "source_url": "https://docs.overturemaps.org/getting-data/",
        "source_release": "2026-09-23.1",
        "source_accessed_on": "2026-09-27",
        "geometry_role": "current building-footprint polygon",
        "linkage_semantics": "Overlap/proximity only; not evidence that the building hosts AI compute."
      }
    },
    {
      "type": "Feature",
      "id": "45c1a7f3-118e-41af-8662-fe7bef405cac",
      "geometry": {
        "type": "Polygon",
        "coordinates": [
          [
            [
              -97.031319,
              32.4547625
            ],
            [
              -97.0314289,
              32.4547649
            ],
            [
              -97.0314309,
              32.4546993
            ],
            [
              -97.031321,
              32.4546969
            ],
            [
              -97.031319,
              32.4547625
            ]
          ]
        ]
      },
      "properties": {
        "epoch_id": "EPOCH-85492d2b8df586a1",
        "site_name": "Google Midlothian",
        "distance_to_site_km": 2.5319,
        "footprint_area_m2_webmercator": 105.95,
        "source_dataset": "Overture Maps buildings",
        "source_url": "https://docs.overturemaps.org/getting-data/",
        "source_release": "2026-09-23.1",
        "source_accessed_on": "2026-09-27",
        "geometry_role": "current building-footprint polygon",
        "linkage_semantics": "Overlap/proximity only; not evidence that the building hosts AI compute."
      }
    },
    {
      "type": "Feature",
      "id": "18ed0da0-e90d-404f-9520-908ddcd8c328",
      "geometry": {
        "type": "Polygon",
        "coordinates": [
          [
            [
              -97.03125,
              32.455111
            ],
            [
              -97.03125,
              32.454971
            ],
            [
              -97.031113,
              32.454971
            ],
            [
              -97.031113,
              32.455111
            ],
            [
              -97.03125,
              32.455111
            ]
          ]
        ]
      },
      "properties": {
        "epoch_id": "EPOCH-85492d2b8df586a1",
        "site_name": "Google Midlothian",
        "distance_to_site_km": 2.5689,
        "footprint_area_m2_webmercator": 281.67,
        "source_dataset": "Overture Maps buildings",
        "source_url": "https://docs.overturemaps.org/getting-data/",
        "source_release": "2026-09-23.1",
        "source_accessed_on": "2026-09-27",
        "geometry_role": "current building-footprint polygon",
        "linkage_semantics": "Overlap/proximity only; not evidence that the building hosts AI compute."
      }
    },
    {
      "type": "Feature",
      "id": "0d993c1e-bad6-4fdf-ae96-e3a352d31b3c",
      "geometry": {
        "type": "Polygon",
        "coordinates": [
          [
            [
              -97.0307024,
              32.4547514
            ],
            [
              -97.0307963,
              32.454753
            ],
            [
              -97.0307973,
              32.4547123
            ],
            [
              -97.0306354,
              32.4547095
            ],
            [
              -97.0306339,
              32.4547705
            ],
            [
              -97.0307019,
              32.4547717
            ],
            [
              -97.0307024,
              32.4547514
            ]
          ]
        ]
      },
      "properties": {
        "epoch_id": "EPOCH-85492d2b8df586a1",
        "site_name": "Google Midlothian",
        "distance_to_site_km": 2.5777,
        "footprint_area_m2_webmercator": 117.12,
        "source_dataset": "Overture Maps buildings",
        "source_url": "https://docs.overturemaps.org/getting-data/",
        "source_release": "2026-09-23.1",
        "source_accessed_on": "2026-09-27",
        "geometry_role": "current building-footprint polygon",
        "linkage_semantics": "Overlap/proximity only; not evidence that the building hosts AI compute."
      }
    },
    {
      "type": "Feature",
      "id": "90e78f4f-ffaa-4e83-a93c-18910f9bf528",
      "geometry": {
        "type": "Polygon",
        "coordinates": [
          [
            [
              -97.030732,
              32.454991
            ],
            [
              -97.030732,
              32.455079
            ],
            [
              -97.030821,
              32.455079
            ],
            [
              -97.030821,
              32.454991
            ],
            [
              -97.030732,
              32.454991
            ]
          ]
        ]
      },
      "properties": {
        "epoch_id": "EPOCH-85492d2b8df586a1",
        "site_name": "Google Midlothian",
        "distance_to_site_km": 2.5958,
        "footprint_area_m2_webmercator": 115.02,
        "source_dataset": "Overture Maps buildings",
        "source_url": "https://docs.overturemaps.org/getting-data/",
        "source_release": "2026-09-23.1",
        "source_accessed_on": "2026-09-27",
        "geometry_role": "current building-footprint polygon",
        "linkage_semantics": "Overlap/proximity only; not evidence that the building hosts AI compute."
      }
    },
    {
      "type": "Feature",
      "id": "7cacaea1-be7e-4a90-b705-44a312429d96",
      "geometry": {
        "type": "Polygon",
        "coordinates": [
          [
            [
              -97.031808,
              32.458927
            ],
            [
              -97.031808,
              32.458852
            ],
            [
              -97.031695,
              32.458852
            ],
            [
              -97.031695,
              32.458927
            ],
            [
              -97.031808,
              32.458927
            ]
          ]
        ]
      },
      "properties": {
        "epoch_id": "EPOCH-85492d2b8df586a1",
        "site_name": "Google Midlothian",
        "distance_to_site_km": 2.8499,
        "footprint_area_m2_webmercator": 124.47,
        "source_dataset": "Overture Maps buildings",
        "source_url": "https://docs.overturemaps.org/getting-data/",
        "source_release": "2026-09-23.1",
        "source_accessed_on": "2026-09-27",
        "geometry_role": "current building-footprint polygon",
        "linkage_semantics": "Overlap/proximity only; not evidence that the building hosts AI compute."
      }
    },
    {
      "type": "Feature",
      "id": "3ec024ee-bb4f-4d56-a46a-fb9401f19897",
      "geometry": {
        "type": "Polygon",
        "coordinates": [
          [
            [
              -97.031559,
              32.422049
            ],
            [
              -97.031546,
              32.422141
            ],
            [
              -97.031673,
              32.422154
            ],
            [
              -97.031666,
              32.422207
            ],
            [
              -97.031827,
              32.422224
            ],
            [
              -97.031848,
              32.422078
            ],
            [
              -97.031559,
              32.422049
            ]
          ]
        ]
      },
      "properties": {
        "epoch_id": "EPOCH-85492d2b8df586a1",
        "site_name": "Google Midlothian",
        "distance_to_site_km": 2.5882,
        "footprint_area_m2_webmercator": 524.81,
        "source_dataset": "Overture Maps buildings",
        "source_url": "https://docs.overturemaps.org/getting-data/",
        "source_release": "2026-09-23.1",
        "source_accessed_on": "2026-09-27",
        "geometry_role": "current building-footprint polygon",
        "linkage_semantics": "Overlap/proximity only; not evidence that the building hosts AI compute."
      }
    }
  ]
}
