{
  "type": "FeatureCollection",
  "source": {
    "dataset": "Overture Maps buildings",
    "url": "https://docs.overturemaps.org/getting-data/",
    "accessed_on": "2026-09-28",
    "release": "2026-09-23.1",
    "site_epoch_id": "EPOCH-f48a533b01898dfd",
    "site_name": "CoreWeave Norway",
    "site_latitude": 58.257573,
    "site_longitude": 7.89205,
    "search_bbox": [
      7.872050000000001,
      58.237573,
      7.91205,
      58.277573000000004
    ],
    "filter_radius_km": 3.0,
    "semantics": "Current building polygons are ingested for physical geometry. They are not, by themselves, AI-facility identity evidence or a construction time series."
  },
  "features": [
    {
      "type": "Feature",
      "id": "18c88a9c-f1a4-4eea-a039-73736502312a",
      "geometry": {
        "type": "Polygon",
        "coordinates": [
          [
            [
              7.882392,
              58.241384
            ],
            [
              7.882364,
              58.241362
            ],
            [
              7.88234,
              58.241371
            ],
            [
              7.88232,
              58.241355
            ],
            [
              7.882398,
              58.241327
            ],
            [
              7.882437,
              58.241314
            ],
            [
              7.88242,
              58.2413
            ],
            [
              7.882459,
              58.241287
            ],
            [
              7.882491,
              58.241314
            ],
            [
              7.882522,
              58.241304
            ],
            [
              7.882571,
              58.241349
            ],
            [
              7.882438,
              58.241397
            ],
            [
              7.882413,
              58.241376
            ],
            [
              7.882392,
              58.241384
            ]
          ]
        ]
      },
      "properties": {
        "epoch_id": "EPOCH-f48a533b01898dfd",
        "site_name": "CoreWeave Norway",
        "distance_to_site_km": 1.8898,
        "footprint_area_m2_webmercator": 311.55,
        "source_dataset": "Overture Maps buildings",
        "source_url": "https://docs.overturemaps.org/getting-data/",
        "source_release": "2026-09-23.1",
        "source_accessed_on": "2026-09-28",
        "geometry_role": "current building-footprint polygon",
        "linkage_semantics": "Overlap/proximity only; not evidence that the building hosts AI compute."
      }
    },
    {
      "type": "Feature",
      "id": "81d2c854-1b72-4410-8574-dfd5ac12c2ad",
      "geometry": {
        "type": "Polygon",
        "coordinates": [
          [
            [
              7.882347,
              58.241286
            ],
            [
              7.882398,
              58.241327
            ],
            [
              7.88232,
              58.241355
            ],
            [
              7.882315,
              58.241356
            ],
            [
              7.88231,
              58.241352
            ],
            [
              7.882294,
              58.241358
            ],
            [
              7.88225,
              58.241321
            ],
            [
              7.882225,
              58.241329
            ],
            [
              7.882151,
              58.241265
            ],
            [
              7.88228,
              58.241223
            ],
            [
              7.882354,
              58.241284
            ],
            [
              7.882347,
              58.241286
            ]
          ]
        ]
      },
      "properties": {
        "epoch_id": "EPOCH-f48a533b01898dfd",
        "site_name": "CoreWeave Norway",
        "distance_to_site_km": 1.8986,
        "footprint_area_m2_webmercator": 400.12,
        "source_dataset": "Overture Maps buildings",
        "source_url": "https://docs.overturemaps.org/getting-data/",
        "source_release": "2026-09-23.1",
        "source_accessed_on": "2026-09-28",
        "geometry_role": "current building-footprint polygon",
        "linkage_semantics": "Overlap/proximity only; not evidence that the building hosts AI compute."
      }
    },
    {
      "type": "Feature",
      "id": "cb697b2c-4845-4844-8c0d-9d030d722136",
      "geometry": {
        "type": "Polygon",
        "coordinates": [
          [
            [
              7.8822762,
              58.2414097
            ],
            [
              7.8823472,
              58.2413852
            ],
            [
              7.8823878,
              58.2414178
            ],
            [
              7.8823168,
              58.2414423
            ],
            [
              7.8822762,
              58.2414097
            ]
          ]
        ]
      },
      "properties": {
        "epoch_id": "EPOCH-f48a533b01898dfd",
        "site_name": "CoreWeave Norway",
        "distance_to_site_km": 1.8847,
        "footprint_area_m2_webmercator": 77.91,
        "source_dataset": "Overture Maps buildings",
        "source_url": "https://docs.overturemaps.org/getting-data/",
        "source_release": "2026-09-23.1",
        "source_accessed_on": "2026-09-28",
        "geometry_role": "current building-footprint polygon",
        "linkage_semantics": "Overlap/proximity only; not evidence that the building hosts AI compute."
      }
    },
    {
      "type": "Feature",
      "id": "3dda2ceb-1e9d-4d55-b509-fabc85d8f5be",
      "geometry": {
        "type": "Polygon",
        "coordinates": [
          [
            [
              7.8824096,
              58.2414247
            ],
            [
              7.8825195,
              58.2413996
            ],
            [
              7.882569,
              58.2414596
            ],
            [
              7.8824591,
              58.2414846
            ],
            [
              7.8824096,
              58.2414247
            ]
          ]
        ]
      },
      "properties": {
        "epoch_id": "EPOCH-f48a533b01898dfd",
        "site_name": "CoreWeave Norway",
        "distance_to_site_km": 1.8789,
        "footprint_area_m2_webmercator": 184.31,
        "source_dataset": "Overture Maps buildings",
        "source_url": "https://docs.overturemaps.org/getting-data/",
        "source_release": "2026-09-23.1",
        "source_accessed_on": "2026-09-28",
        "geometry_role": "current building-footprint polygon",
        "linkage_semantics": "Overlap/proximity only; not evidence that the building hosts AI compute."
      }
    },
    {
      "type": "Feature",
      "id": "882cd0b6-86b8-4a71-b2e7-f8085cd62d25",
      "geometry": {
        "type": "Polygon",
        "coordinates": [
          [
            [
              7.8830122,
              58.2402691
            ],
            [
              7.883053,
              58.2402464
            ],
            [
              7.8831199,
              58.2402798
            ],
            [
              7.8830791,
              58.2403025
            ],
            [
              7.8830122,
              58.2402691
            ]
          ]
        ]
      },
      "properties": {
        "epoch_id": "EPOCH-f48a533b01898dfd",
        "site_name": "CoreWeave Norway",
        "distance_to_site_km": 1.9941,
        "footprint_area_m2_webmercator": 67.84,
        "source_dataset": "Overture Maps buildings",
        "source_url": "https://docs.overturemaps.org/getting-data/",
        "source_release": "2026-09-23.1",
        "source_accessed_on": "2026-09-28",
        "geometry_role": "current building-footprint polygon",
        "linkage_semantics": "Overlap/proximity only; not evidence that the building hosts AI compute."
      }
    },
    {
      "type": "Feature",
      "id": "675f8da0-85e6-43d1-a8f1-e5b3f5a7c7fb",
      "geometry": {
        "type": "Polygon",
        "coordinates": [
          [
            [
              7.8830889,
              58.240058
            ],
            [
              7.8830721,
              58.240023
            ],
            [
              7.8831996,
              58.240006
            ],
            [
              7.8832164,
              58.240041
            ],
            [
              7.8830889,
              58.240058
            ]
          ]
        ]
      },
      "properties": {
        "epoch_id": "EPOCH-f48a533b01898dfd",
        "site_name": "CoreWeave Norway",
        "distance_to_site_km": 2.0189,
        "footprint_area_m2_webmercator": 111.78,
        "source_dataset": "Overture Maps buildings",
        "source_url": "https://docs.overturemaps.org/getting-data/",
        "source_release": "2026-09-23.1",
        "source_accessed_on": "2026-09-28",
        "geometry_role": "current building-footprint polygon",
        "linkage_semantics": "Overlap/proximity only; not evidence that the building hosts AI compute."
      }
    },
    {
      "type": "Feature",
      "id": "7352e56c-eaf0-4678-bcbb-17a0bd12a79b",
      "geometry": {
        "type": "Polygon",
        "coordinates": [
          [
            [
              7.883133,
              58.240157
            ],
            [
              7.883046,
              58.240207
            ],
            [
              7.882928,
              58.24015
            ],
            [
              7.883015,
              58.240096
            ],
            [
              7.883133,
              58.240157
            ]
          ]
        ]
      },
      "properties": {
        "epoch_id": "EPOCH-f48a533b01898dfd",
        "site_name": "CoreWeave Norway",
        "distance_to_site_km": 2.0077,
        "footprint_area_m2_webmercator": 265.3,
        "source_dataset": "Overture Maps buildings",
        "source_url": "https://docs.overturemaps.org/getting-data/",
        "source_release": "2026-09-23.1",
        "source_accessed_on": "2026-09-28",
        "geometry_role": "current building-footprint polygon",
        "linkage_semantics": "Overlap/proximity only; not evidence that the building hosts AI compute."
      }
    },
    {
      "type": "Feature",
      "id": "6401ecd5-f729-4b87-a509-37ea833d0f3a",
      "geometry": {
        "type": "Polygon",
        "coordinates": [
          [
            [
              7.8876639,
              58.2701987
            ],
            [
              7.887553,
              58.2702049
            ],
            [
              7.8875491,
              58.270155
            ],
            [
              7.8876599,
              58.2701487
            ],
            [
              7.8876639,
              58.2701987
            ]
          ]
        ]
      },
      "properties": {
        "epoch_id": "EPOCH-f48a533b01898dfd",
        "site_name": "CoreWeave Norway",
        "distance_to_site_km": 1.4254,
        "footprint_area_m2_webmercator": 131.05,
        "source_dataset": "Overture Maps buildings",
        "source_url": "https://docs.overturemaps.org/getting-data/",
        "source_release": "2026-09-23.1",
        "source_accessed_on": "2026-09-28",
        "geometry_role": "current building-footprint polygon",
        "linkage_semantics": "Overlap/proximity only; not evidence that the building hosts AI compute."
      }
    },
    {
      "type": "Feature",
      "id": "2ddc501b-4873-4439-9169-4341096aac41",
      "geometry": {
        "type": "Polygon",
        "coordinates": [
          [
            [
              7.889164,
              58.269985
            ],
            [
              7.889161,
              58.269946
            ],
            [
              7.889269,
              58.269952
            ],
            [
              7.889271,
              58.269989
            ],
            [
              7.889164,
              58.269985
            ]
          ]
        ]
      },
      "properties": {
        "epoch_id": "EPOCH-f48a533b01898dfd",
        "site_name": "CoreWeave Norway",
        "distance_to_site_km": 1.3882,
        "footprint_area_m2_webmercator": 95.96,
        "source_dataset": "Overture Maps buildings",
        "source_url": "https://docs.overturemaps.org/getting-data/",
        "source_release": "2026-09-23.1",
        "source_accessed_on": "2026-09-28",
        "geometry_role": "current building-footprint polygon",
        "linkage_semantics": "Overlap/proximity only; not evidence that the building hosts AI compute."
      }
    },
    {
      "type": "Feature",
      "id": "746ee84f-6722-48dc-829e-1096ffcc1368",
      "geometry": {
        "type": "Polygon",
        "coordinates": [
          [
            [
              7.8791449,
              58.261503
            ],
            [
              7.8790761,
              58.261423
            ],
            [
              7.8791981,
              58.261394
            ],
            [
              7.8792669,
              58.261474
            ],
            [
              7.8791449,
              58.261503
            ]
          ]
        ]
      },
      "properties": {
        "epoch_id": "EPOCH-f48a533b01898dfd",
        "site_name": "CoreWeave Norway",
        "distance_to_site_km": 0.8679,
        "footprint_area_m2_webmercator": 276.92,
        "source_dataset": "Overture Maps buildings",
        "source_url": "https://docs.overturemaps.org/getting-data/",
        "source_release": "2026-09-23.1",
        "source_accessed_on": "2026-09-28",
        "geometry_role": "current building-footprint polygon",
        "linkage_semantics": "Overlap/proximity only; not evidence that the building hosts AI compute."
      }
    },
    {
      "type": "Feature",
      "id": "e943e182-a81a-4fc0-a0d2-d632ec461985",
      "geometry": {
        "type": "Polygon",
        "coordinates": [
          [
            [
              7.8789049,
              58.261378
            ],
            [
              7.8789151,
              58.261395
            ],
            [
              7.8790235,
              58.2613769
            ],
            [
              7.8790645,
              58.2614451
            ],
            [
              7.878915,
              58.26147
            ],
            [
              7.878874,
              58.2614019
            ],
            [
              7.8788792,
              58.2614011
            ],
            [
              7.8788689,
              58.261384
            ],
            [
              7.8789049,
              58.261378
            ]
          ]
        ]
      },
      "properties": {
        "epoch_id": "EPOCH-f48a533b01898dfd",
        "site_name": "CoreWeave Norway",
        "distance_to_site_km": 0.8769,
        "footprint_area_m2_webmercator": 280.02,
        "source_dataset": "Overture Maps buildings",
        "source_url": "https://docs.overturemaps.org/getting-data/",
        "source_release": "2026-09-23.1",
        "source_accessed_on": "2026-09-28",
        "geometry_role": "current building-footprint polygon",
        "linkage_semantics": "Overlap/proximity only; not evidence that the building hosts AI compute."
      }
    },
    {
      "type": "Feature",
      "id": "1ed22357-4b17-428f-bf5f-2a96d4b5e004",
      "geometry": {
        "type": "Polygon",
        "coordinates": [
          [
            [
              7.8925175,
              58.2610679
            ],
            [
              7.8924786,
              58.2610261
            ],
            [
              7.8923935,
              58.2610481
            ],
            [
              7.8923615,
              58.2610139
            ],
            [
              7.8925471,
              58.260966
            ],
            [
              7.8926179,
              58.261042
            ],
            [
              7.8925175,
              58.2610679
            ]
          ]
        ]
      },
      "properties": {
        "epoch_id": "EPOCH-f48a533b01898dfd",
        "site_name": "CoreWeave Norway",
        "distance_to_site_km": 0.384,
        "footprint_area_m2_webmercator": 308.04,
        "source_dataset": "Overture Maps buildings",
        "source_url": "https://docs.overturemaps.org/getting-data/",
        "source_release": "2026-09-23.1",
        "source_accessed_on": "2026-09-28",
        "geometry_role": "current building-footprint polygon",
        "linkage_semantics": "Overlap/proximity only; not evidence that the building hosts AI compute."
      }
    },
    {
      "type": "Feature",
      "id": "153865b7-4311-4201-a3b4-71ce5246aa4d",
      "geometry": {
        "type": "Polygon",
        "coordinates": [
          [
            [
              7.9043503,
              58.2607031
            ],
            [
              7.9044859,
              58.2607703
            ],
            [
              7.9043447,
              58.2608491
            ],
            [
              7.9042091,
              58.2607819
            ],
            [
              7.9043503,
              58.2607031
            ]
          ]
        ]
      },
      "properties": {
        "epoch_id": "EPOCH-f48a533b01898dfd",
        "site_name": "CoreWeave Norway",
        "distance_to_site_km": 0.8027,
        "footprint_area_m2_webmercator": 475.23,
        "source_dataset": "Overture Maps buildings",
        "source_url": "https://docs.overturemaps.org/getting-data/",
        "source_release": "2026-09-23.1",
        "source_accessed_on": "2026-09-28",
        "geometry_role": "current building-footprint polygon",
        "linkage_semantics": "Overlap/proximity only; not evidence that the building hosts AI compute."
      }
    },
    {
      "type": "Feature",
      "id": "822f353b-dfdd-4b4d-ad17-d43a7e6a3424",
      "geometry": {
        "type": "Polygon",
        "coordinates": [
          [
            [
              7.9020787,
              58.2606317
            ],
            [
              7.902127,
              58.2606258
            ],
            [
              7.9021512,
              58.26068
            ],
            [
              7.9021029,
              58.260686
            ],
            [
              7.9020787,
              58.2606317
            ]
          ]
        ]
      },
      "properties": {
        "epoch_id": "EPOCH-f48a533b01898dfd",
        "site_name": "CoreWeave Norway",
        "distance_to_site_km": 0.6813,
        "footprint_area_m2_webmercator": 65.12,
        "source_dataset": "Overture Maps buildings",
        "source_url": "https://docs.overturemaps.org/getting-data/",
        "source_release": "2026-09-23.1",
        "source_accessed_on": "2026-09-28",
        "geometry_role": "current building-footprint polygon",
        "linkage_semantics": "Overlap/proximity only; not evidence that the building hosts AI compute."
      }
    },
    {
      "type": "Feature",
      "id": "b8f9ca26-d654-4f40-8539-a776419dd2be",
      "geometry": {
        "type": "Polygon",
        "coordinates": [
          [
            [
              7.9018683,
              58.2607489
            ],
            [
              7.9017767,
              58.2607537
            ],
            [
              7.9017686,
              58.2607104
            ],
            [
              7.9018602,
              58.2607056
            ],
            [
              7.9018683,
              58.2607489
            ]
          ]
        ]
      },
      "properties": {
        "epoch_id": "EPOCH-f48a533b01898dfd",
        "site_name": "CoreWeave Norway",
        "distance_to_site_km": 0.6706,
        "footprint_area_m2_webmercator": 94.35,
        "source_dataset": "Overture Maps buildings",
        "source_url": "https://docs.overturemaps.org/getting-data/",
        "source_release": "2026-09-23.1",
        "source_accessed_on": "2026-09-28",
        "geometry_role": "current building-footprint polygon",
        "linkage_semantics": "Overlap/proximity only; not evidence that the building hosts AI compute."
      }
    },
    {
      "type": "Feature",
      "id": "8b8acc10-54ce-4acb-9bb5-bd159135ae74",
      "geometry": {
        "type": "Polygon",
        "coordinates": [
          [
            [
              7.9020318,
              58.2608038
            ],
            [
              7.9019484,
              58.2608212
            ],
            [
              7.901871,
              58.2607189
            ],
            [
              7.9019544,
              58.2607014
            ],
            [
              7.9020318,
              58.2608038
            ]
          ]
        ]
      },
      "properties": {
        "epoch_id": "EPOCH-f48a533b01898dfd",
        "site_name": "CoreWeave Norway",
        "distance_to_site_km": 0.6791,
        "footprint_area_m2_webmercator": 232.89,
        "source_dataset": "Overture Maps buildings",
        "source_url": "https://docs.overturemaps.org/getting-data/",
        "source_release": "2026-09-23.1",
        "source_accessed_on": "2026-09-28",
        "geometry_role": "current building-footprint polygon",
        "linkage_semantics": "Overlap/proximity only; not evidence that the building hosts AI compute."
      }
    },
    {
      "type": "Feature",
      "id": "2d643b97-526c-48bc-816f-9979cb233373",
      "geometry": {
        "type": "Polygon",
        "coordinates": [
          [
            [
              7.9015889,
              58.2607307
            ],
            [
              7.9017245,
              58.2607122
            ],
            [
              7.9017924,
              58.2608496
            ],
            [
              7.9016567,
              58.2608682
            ],
            [
              7.9015889,
              58.2607307
            ]
          ]
        ]
      },
      "properties": {
        "epoch_id": "EPOCH-f48a533b01898dfd",
        "site_name": "CoreWeave Norway",
        "distance_to_site_km": 0.6678,
        "footprint_area_m2_webmercator": 468.86,
        "source_dataset": "Overture Maps buildings",
        "source_url": "https://docs.overturemaps.org/getting-data/",
        "source_release": "2026-09-23.1",
        "source_accessed_on": "2026-09-28",
        "geometry_role": "current building-footprint polygon",
        "linkage_semantics": "Overlap/proximity only; not evidence that the building hosts AI compute."
      }
    },
    {
      "type": "Feature",
      "id": "316b00e6-1944-43cb-9e32-d52900906d67",
      "geometry": {
        "type": "Polygon",
        "coordinates": [
          [
            [
              7.8994044,
              58.261134
            ],
            [
              7.8993294,
              58.2609927
            ],
            [
              7.8994231,
              58.260979
            ],
            [
              7.8995169,
              58.2609652
            ],
            [
              7.8996107,
              58.2609514
            ],
            [
              7.8997044,
              58.2609376
            ],
            [
              7.8997795,
              58.2610789
            ],
            [
              7.8996916,
              58.2610918
            ],
            [
              7.8994044,
              58.261134
            ]
          ]
        ]
      },
      "properties": {
        "epoch_id": "EPOCH-f48a533b01898dfd",
        "site_name": "CoreWeave Norway",
        "distance_to_site_km": 0.5839,
        "footprint_area_m2_webmercator": 1345.41,
        "source_dataset": "Overture Maps buildings",
        "source_url": "https://docs.overturemaps.org/getting-data/",
        "source_release": "2026-09-23.1",
        "source_accessed_on": "2026-09-28",
        "geometry_role": "current building-footprint polygon",
        "linkage_semantics": "Overlap/proximity only; not evidence that the building hosts AI compute."
      }
    },
    {
      "type": "Feature",
      "id": "93b7924e-d4ed-42d8-86e4-75122d1a310e",
      "geometry": {
        "type": "Polygon",
        "coordinates": [
          [
            [
              7.8998861,
              58.2609109
            ],
            [
              7.8999612,
              58.2610522
            ],
            [
              7.8997795,
              58.2610789
            ],
            [
              7.8997044,
              58.2609376
            ],
            [
              7.8998861,
              58.2609109
            ]
          ]
        ]
      },
      "properties": {
        "epoch_id": "EPOCH-f48a533b01898dfd",
        "site_name": "CoreWeave Norway",
        "distance_to_site_km": 0.5933,
        "footprint_area_m2_webmercator": 652.04,
        "source_dataset": "Overture Maps buildings",
        "source_url": "https://docs.overturemaps.org/getting-data/",
        "source_release": "2026-09-23.1",
        "source_accessed_on": "2026-09-28",
        "geometry_role": "current building-footprint polygon",
        "linkage_semantics": "Overlap/proximity only; not evidence that the building hosts AI compute."
      }
    },
    {
      "type": "Feature",
      "id": "227f701e-d473-4db9-b6f3-04ef4da520a7",
      "geometry": {
        "type": "Polygon",
        "coordinates": [
          [
            [
              7.900448,
              58.2610796
            ],
            [
              7.9004024,
              58.260981
            ],
            [
              7.900576,
              58.2609589
            ],
            [
              7.9006215,
              58.2610574
            ],
            [
              7.900448,
              58.2610796
            ]
          ]
        ]
      },
      "properties": {
        "epoch_id": "EPOCH-f48a533b01898dfd",
        "site_name": "CoreWeave Norway",
        "distance_to_site_km": 0.626,
        "footprint_area_m2_webmercator": 426.67,
        "source_dataset": "Overture Maps buildings",
        "source_url": "https://docs.overturemaps.org/getting-data/",
        "source_release": "2026-09-23.1",
        "source_accessed_on": "2026-09-28",
        "geometry_role": "current building-footprint polygon",
        "linkage_semantics": "Overlap/proximity only; not evidence that the building hosts AI compute."
      }
    },
    {
      "type": "Feature",
      "id": "fbd7c16e-0dc6-497c-8f14-7a73a9ec243d",
      "geometry": {
        "type": "Polygon",
        "coordinates": [
          [
            [
              7.8999612,
              58.2610522
            ],
            [
              7.8998861,
              58.2609109
            ],
            [
              7.8999808,
              58.260897
            ],
            [
              7.9000755,
              58.2608831
            ],
            [
              7.9001702,
              58.2608691
            ],
            [
              7.9002649,
              58.2608552
            ],
            [
              7.90034,
              58.2609966
            ],
            [
              7.9000599,
              58.2610377
            ],
            [
              7.8999612,
              58.2610522
            ]
          ]
        ]
      },
      "properties": {
        "epoch_id": "EPOCH-f48a533b01898dfd",
        "site_name": "CoreWeave Norway",
        "distance_to_site_km": 0.6031,
        "footprint_area_m2_webmercator": 1359.59,
        "source_dataset": "Overture Maps buildings",
        "source_url": "https://docs.overturemaps.org/getting-data/",
        "source_release": "2026-09-23.1",
        "source_accessed_on": "2026-09-28",
        "geometry_role": "current building-footprint polygon",
        "linkage_semantics": "Overlap/proximity only; not evidence that the building hosts AI compute."
      }
    },
    {
      "type": "Feature",
      "id": "cb4d8a3b-fa4e-4a04-8be4-d136d55178d9",
      "geometry": {
        "type": "Polygon",
        "coordinates": [
          [
            [
              7.9010118,
              58.2609177
            ],
            [
              7.9007372,
              58.2609582
            ],
            [
              7.9006515,
              58.2607975
            ],
            [
              7.9007366,
              58.2607849
            ],
            [
              7.9008546,
              58.2607675
            ],
            [
              7.9009726,
              58.2607501
            ],
            [
              7.9010907,
              58.2607327
            ],
            [
              7.9012933,
              58.2607028
            ],
            [
              7.901317,
              58.2607472
            ],
            [
              7.9014031,
              58.2607345
            ],
            [
              7.9014651,
              58.2608508
            ],
            [
              7.9010118,
              58.2609177
            ]
          ]
        ]
      },
      "properties": {
        "epoch_id": "EPOCH-f48a533b01898dfd",
        "site_name": "CoreWeave Norway",
        "distance_to_site_km": 0.6388,
        "footprint_area_m2_webmercator": 2875.62,
        "source_dataset": "Overture Maps buildings",
        "source_url": "https://docs.overturemaps.org/getting-data/",
        "source_release": "2026-09-23.1",
        "source_accessed_on": "2026-09-28",
        "geometry_role": "current building-footprint polygon",
        "linkage_semantics": "Overlap/proximity only; not evidence that the building hosts AI compute."
      }
    },
    {
      "type": "Feature",
      "id": "dcbf4f54-c669-4e3c-b383-ddcbe8890972",
      "geometry": {
        "type": "Polygon",
        "coordinates": [
          [
            [
              7.8997421,
              58.2613893
            ],
            [
              7.899568,
              58.261411
            ],
            [
              7.8995241,
              58.2613135
            ],
            [
              7.8996981,
              58.2612917
            ],
            [
              7.8997421,
              58.2613893
            ]
          ]
        ]
      },
      "properties": {
        "epoch_id": "EPOCH-f48a533b01898dfd",
        "site_name": "CoreWeave Norway",
        "distance_to_site_km": 0.611,
        "footprint_area_m2_webmercator": 422.48,
        "source_dataset": "Overture Maps buildings",
        "source_url": "https://docs.overturemaps.org/getting-data/",
        "source_release": "2026-09-23.1",
        "source_accessed_on": "2026-09-28",
        "geometry_role": "current building-footprint polygon",
        "linkage_semantics": "Overlap/proximity only; not evidence that the building hosts AI compute."
      }
    },
    {
      "type": "Feature",
      "id": "0da4f391-52d5-413b-937e-1d3ebee507d5",
      "geometry": {
        "type": "Polygon",
        "coordinates": [
          [
            [
              7.8989726,
              58.2613827
            ],
            [
              7.8991077,
              58.2613649
            ],
            [
              7.8991315,
              58.2614149
            ],
            [
              7.8989963,
              58.2614327
            ],
            [
              7.8989726,
              58.2613827
            ]
          ]
        ]
      },
      "properties": {
        "epoch_id": "EPOCH-f48a533b01898dfd",
        "site_name": "CoreWeave Norway",
        "distance_to_site_km": 0.5905,
        "footprint_area_m2_webmercator": 169.15,
        "source_dataset": "Overture Maps buildings",
        "source_url": "https://docs.overturemaps.org/getting-data/",
        "source_release": "2026-09-23.1",
        "source_accessed_on": "2026-09-28",
        "geometry_role": "current building-footprint polygon",
        "linkage_semantics": "Overlap/proximity only; not evidence that the building hosts AI compute."
      }
    },
    {
      "type": "Feature",
      "id": "3e346819-8c77-433d-b692-2c85f72159ec",
      "geometry": {
        "type": "Polygon",
        "coordinates": [
          [
            [
              7.8992573,
              58.2614261
            ],
            [
              7.8992523,
              58.2614475
            ],
            [
              7.8991267,
              58.2614393
            ],
            [
              7.8991317,
              58.2614179
            ],
            [
              7.8992573,
              58.2614261
            ]
          ]
        ]
      },
      "properties": {
        "epoch_id": "EPOCH-f48a533b01898dfd",
        "site_name": "CoreWeave Norway",
        "distance_to_site_km": 0.5989,
        "footprint_area_m2_webmercator": 64.28,
        "source_dataset": "Overture Maps buildings",
        "source_url": "https://docs.overturemaps.org/getting-data/",
        "source_release": "2026-09-23.1",
        "source_accessed_on": "2026-09-28",
        "geometry_role": "current building-footprint polygon",
        "linkage_semantics": "Overlap/proximity only; not evidence that the building hosts AI compute."
      }
    },
    {
      "type": "Feature",
      "id": "c5e42f2b-52ef-4ba4-ba25-33e04124a069",
      "geometry": {
        "type": "Polygon",
        "coordinates": [
          [
            [
              7.8993689,
              58.2614621
            ],
            [
              7.8993088,
              58.2614613
            ],
            [
              7.8993116,
              58.2614077
            ],
            [
              7.8993717,
              58.2614085
            ],
            [
              7.8993689,
              58.2614621
            ]
          ]
        ]
      },
      "properties": {
        "epoch_id": "EPOCH-f48a533b01898dfd",
        "site_name": "CoreWeave Norway",
        "distance_to_site_km": 0.6052,
        "footprint_area_m2_webmercator": 75.94,
        "source_dataset": "Overture Maps buildings",
        "source_url": "https://docs.overturemaps.org/getting-data/",
        "source_release": "2026-09-23.1",
        "source_accessed_on": "2026-09-28",
        "geometry_role": "current building-footprint polygon",
        "linkage_semantics": "Overlap/proximity only; not evidence that the building hosts AI compute."
      }
    },
    {
      "type": "Feature",
      "id": "31cb0b44-6153-4136-a21e-8685a5c98f74",
      "geometry": {
        "type": "Polygon",
        "coordinates": [
          [
            [
              7.8991153,
              58.261231
            ],
            [
              7.8988629,
              58.2612696
            ],
            [
              7.8988016,
              58.2611587
            ],
            [
              7.8989905,
              58.2611298
            ],
            [
              7.8991163,
              58.2611105
            ],
            [
              7.8991777,
              58.2612214
            ],
            [
              7.8991153,
              58.261231
            ]
          ]
        ]
      },
      "properties": {
        "epoch_id": "EPOCH-f48a533b01898dfd",
        "site_name": "CoreWeave Norway",
        "distance_to_site_km": 0.5715,
        "footprint_area_m2_webmercator": 891.98,
        "source_dataset": "Overture Maps buildings",
        "source_url": "https://docs.overturemaps.org/getting-data/",
        "source_release": "2026-09-23.1",
        "source_accessed_on": "2026-09-28",
        "geometry_role": "current building-footprint polygon",
        "linkage_semantics": "Overlap/proximity only; not evidence that the building hosts AI compute."
      }
    },
    {
      "type": "Feature",
      "id": "d2a2d89e-e9d6-4e19-9059-ac34af011a8e",
      "geometry": {
        "type": "Polygon",
        "coordinates": [
          [
            [
              7.8891476,
              58.2618202
            ],
            [
              7.8891294,
              58.2618188
            ],
            [
              7.8891177,
              58.261858
            ],
            [
              7.8889952,
              58.261848
            ],
            [
              7.8890218,
              58.261758
            ],
            [
              7.8891438,
              58.261768
            ],
            [
              7.8891381,
              58.2617872
            ],
            [
              7.8891569,
              58.2617888
            ],
            [
              7.8891622,
              58.2617709
            ],
            [
              7.8892389,
              58.2617771
            ],
            [
              7.889222,
              58.2618342
            ],
            [
              7.8891454,
              58.2618279
            ],
            [
              7.8891476,
              58.2618202
            ]
          ]
        ]
      },
      "properties": {
        "epoch_id": "EPOCH-f48a533b01898dfd",
        "site_name": "CoreWeave Norway",
        "distance_to_site_km": 0.5012,
        "footprint_area_m2_webmercator": 385.18,
        "source_dataset": "Overture Maps buildings",
        "source_url": "https://docs.overturemaps.org/getting-data/",
        "source_release": "2026-09-23.1",
        "source_accessed_on": "2026-09-28",
        "geometry_role": "current building-footprint polygon",
        "linkage_semantics": "Overlap/proximity only; not evidence that the building hosts AI compute."
      }
    },
    {
      "type": "Feature",
      "id": "88e6f4ab-0654-493e-9a29-30fcfaa02414",
      "geometry": {
        "type": "Polygon",
        "coordinates": [
          [
            [
              7.8870097,
              58.2626016
            ],
            [
              7.8869867,
              58.2626392
            ],
            [
              7.8869323,
              58.2626299
            ],
            [
              7.8869553,
              58.2625924
            ],
            [
              7.8870097,
              58.2626016
            ]
          ]
        ]
      },
      "properties": {
        "epoch_id": "EPOCH-f48a533b01898dfd",
        "site_name": "CoreWeave Norway",
        "distance_to_site_km": 0.6346,
        "footprint_area_m2_webmercator": 53.13,
        "source_dataset": "Overture Maps buildings",
        "source_url": "https://docs.overturemaps.org/getting-data/",
        "source_release": "2026-09-23.1",
        "source_accessed_on": "2026-09-28",
        "geometry_role": "current building-footprint polygon",
        "linkage_semantics": "Overlap/proximity only; not evidence that the building hosts AI compute."
      }
    },
    {
      "type": "Feature",
      "id": "9a514e40-2540-4ffb-8028-2d2f7693d375",
      "geometry": {
        "type": "Polygon",
        "coordinates": [
          [
            [
              7.9106186,
              58.2601065
            ],
            [
              7.9106732,
              58.260079
            ],
            [
              7.9107456,
              58.2601188
            ],
            [
              7.9106909,
              58.2601463
            ],
            [
              7.9106186,
              58.2601065
            ]
          ]
        ]
      },
      "properties": {
        "epoch_id": "EPOCH-f48a533b01898dfd",
        "site_name": "CoreWeave Norway",
        "distance_to_site_km": 1.1259,
        "footprint_area_m2_webmercator": 98.1,
        "source_dataset": "Overture Maps buildings",
        "source_url": "https://docs.overturemaps.org/getting-data/",
        "source_release": "2026-09-23.1",
        "source_accessed_on": "2026-09-28",
        "geometry_role": "current building-footprint polygon",
        "linkage_semantics": "Overlap/proximity only; not evidence that the building hosts AI compute."
      }
    },
    {
      "type": "Feature",
      "id": "d07407da-0a5f-47cb-9223-60fd54f1caad",
      "geometry": {
        "type": "Polygon",
        "coordinates": [
          [
            [
              7.9106383,
              58.2600412
            ],
            [
              7.910565,
              58.2600717
            ],
            [
              7.9105027,
              58.2600301
            ],
            [
              7.9105682,
              58.2600029
            ],
            [
              7.910603,
              58.2600262
            ],
            [
              7.9106109,
              58.2600229
            ],
            [
              7.9106383,
              58.2600412
            ]
          ]
        ]
      },
      "properties": {
        "epoch_id": "EPOCH-f48a533b01898dfd",
        "site_name": "CoreWeave Norway",
        "distance_to_site_km": 1.1175,
        "footprint_area_m2_webmercator": 109.53,
        "source_dataset": "Overture Maps buildings",
        "source_url": "https://docs.overturemaps.org/getting-data/",
        "source_release": "2026-09-23.1",
        "source_accessed_on": "2026-09-28",
        "geometry_role": "current building-footprint polygon",
        "linkage_semantics": "Overlap/proximity only; not evidence that the building hosts AI compute."
      }
    },
    {
      "type": "Feature",
      "id": "aaf7c501-5a6c-46c0-8ddd-1001f9cce571",
      "geometry": {
        "type": "Polygon",
        "coordinates": [
          [
            [
              7.8952707,
              58.2599574
            ],
            [
              7.8952038,
              58.2599724
            ],
            [
              7.895155,
              58.2599121
            ],
            [
              7.895222,
              58.2598971
            ],
            [
              7.8952707,
              58.2599574
            ]
          ]
        ]
      },
      "properties": {
        "epoch_id": "EPOCH-f48a533b01898dfd",
        "site_name": "CoreWeave Norway",
        "distance_to_site_km": 0.3212,
        "footprint_area_m2_webmercator": 112.32,
        "source_dataset": "Overture Maps buildings",
        "source_url": "https://docs.overturemaps.org/getting-data/",
        "source_release": "2026-09-23.1",
        "source_accessed_on": "2026-09-28",
        "geometry_role": "current building-footprint polygon",
        "linkage_semantics": "Overlap/proximity only; not evidence that the building hosts AI compute."
      }
    },
    {
      "type": "Feature",
      "id": "60cef5af-263b-46b7-8525-44fe28f341df",
      "geometry": {
        "type": "Polygon",
        "coordinates": [
          [
            [
              7.8948837,
              58.2600081
            ],
            [
              7.8949447,
              58.2600046
            ],
            [
              7.8949516,
              58.2600381
            ],
            [
              7.8948906,
              58.2600416
            ],
            [
              7.8948837,
              58.2600081
            ]
          ]
        ]
      },
      "properties": {
        "epoch_id": "EPOCH-f48a533b01898dfd",
        "site_name": "CoreWeave Norway",
        "distance_to_site_km": 0.3199,
        "footprint_area_m2_webmercator": 48.71,
        "source_dataset": "Overture Maps buildings",
        "source_url": "https://docs.overturemaps.org/getting-data/",
        "source_release": "2026-09-23.1",
        "source_accessed_on": "2026-09-28",
        "geometry_role": "current building-footprint polygon",
        "linkage_semantics": "Overlap/proximity only; not evidence that the building hosts AI compute."
      }
    },
    {
      "type": "Feature",
      "id": "99219b91-c034-4684-887e-45d2083a5071",
      "geometry": {
        "type": "Polygon",
        "coordinates": [
          [
            [
              7.8970531,
              58.2604562
            ],
            [
              7.8971107,
              58.2604571
            ],
            [
              7.8971085,
              58.260498
            ],
            [
              7.8970508,
              58.2604971
            ],
            [
              7.8970531,
              58.2604562
            ]
          ]
        ]
      },
      "properties": {
        "epoch_id": "EPOCH-f48a533b01898dfd",
        "site_name": "CoreWeave Norway",
        "distance_to_site_km": 0.4369,
        "footprint_area_m2_webmercator": 55.59,
        "source_dataset": "Overture Maps buildings",
        "source_url": "https://docs.overturemaps.org/getting-data/",
        "source_release": "2026-09-23.1",
        "source_accessed_on": "2026-09-28",
        "geometry_role": "current building-footprint polygon",
        "linkage_semantics": "Overlap/proximity only; not evidence that the building hosts AI compute."
      }
    },
    {
      "type": "Feature",
      "id": "7c2e1a63-0d2f-4120-a474-082579b84086",
      "geometry": {
        "type": "Polygon",
        "coordinates": [
          [
            [
              7.8969972,
              58.260439
            ],
            [
              7.8969496,
              58.2604479
            ],
            [
              7.8969251,
              58.2604116
            ],
            [
              7.8969727,
              58.2604027
            ],
            [
              7.8969972,
              58.260439
            ]
          ]
        ]
      },
      "properties": {
        "epoch_id": "EPOCH-f48a533b01898dfd",
        "site_name": "CoreWeave Norway",
        "distance_to_site_km": 0.4279,
        "footprint_area_m2_webmercator": 45.84,
        "source_dataset": "Overture Maps buildings",
        "source_url": "https://docs.overturemaps.org/getting-data/",
        "source_release": "2026-09-23.1",
        "source_accessed_on": "2026-09-28",
        "geometry_role": "current building-footprint polygon",
        "linkage_semantics": "Overlap/proximity only; not evidence that the building hosts AI compute."
      }
    },
    {
      "type": "Feature",
      "id": "aee66735-3c07-4fa8-bdca-c5d1e3361e6a",
      "geometry": {
        "type": "Polygon",
        "coordinates": [
          [
            [
              7.8968995,
              58.2603948
            ],
            [
              7.8968985,
              58.2604236
            ],
            [
              7.8968448,
              58.260423
            ],
            [
              7.8968459,
              58.2603942
            ],
            [
              7.8968995,
              58.2603948
            ]
          ]
        ]
      },
      "properties": {
        "epoch_id": "EPOCH-f48a533b01898dfd",
        "site_name": "CoreWeave Norway",
        "distance_to_site_km": 0.4231,
        "footprint_area_m2_webmercator": 36.41,
        "source_dataset": "Overture Maps buildings",
        "source_url": "https://docs.overturemaps.org/getting-data/",
        "source_release": "2026-09-23.1",
        "source_accessed_on": "2026-09-28",
        "geometry_role": "current building-footprint polygon",
        "linkage_semantics": "Overlap/proximity only; not evidence that the building hosts AI compute."
      }
    },
    {
      "type": "Feature",
      "id": "8eaa17c7-ca1f-4021-bb47-b8f4913d2d36",
      "geometry": {
        "type": "Polygon",
        "coordinates": [
          [
            [
              7.8973393,
              58.260383
            ],
            [
              7.8973183,
              58.2603453
            ],
            [
              7.8973653,
              58.260338
            ],
            [
              7.8973862,
              58.2603757
            ],
            [
              7.8973393,
              58.260383
            ]
          ]
        ]
      },
      "properties": {
        "epoch_id": "EPOCH-f48a533b01898dfd",
        "site_name": "CoreWeave Norway",
        "distance_to_site_km": 0.4385,
        "footprint_area_m2_webmercator": 45.3,
        "source_dataset": "Overture Maps buildings",
        "source_url": "https://docs.overturemaps.org/getting-data/",
        "source_release": "2026-09-23.1",
        "source_accessed_on": "2026-09-28",
        "geometry_role": "current building-footprint polygon",
        "linkage_semantics": "Overlap/proximity only; not evidence that the building hosts AI compute."
      }
    },
    {
      "type": "Feature",
      "id": "3c003041-7f49-45fe-a038-64d56b7be003",
      "geometry": {
        "type": "Polygon",
        "coordinates": [
          [
            [
              7.8971227,
              58.2603789
            ],
            [
              7.897171,
              58.2603716
            ],
            [
              7.8971909,
              58.2604081
            ],
            [
              7.8971425,
              58.2604154
            ],
            [
              7.8971227,
              58.2603789
            ]
          ]
        ]
      },
      "properties": {
        "epoch_id": "EPOCH-f48a533b01898dfd",
        "site_name": "CoreWeave Norway",
        "distance_to_site_km": 0.4331,
        "footprint_area_m2_webmercator": 44.99,
        "source_dataset": "Overture Maps buildings",
        "source_url": "https://docs.overturemaps.org/getting-data/",
        "source_release": "2026-09-23.1",
        "source_accessed_on": "2026-09-28",
        "geometry_role": "current building-footprint polygon",
        "linkage_semantics": "Overlap/proximity only; not evidence that the building hosts AI compute."
      }
    },
    {
      "type": "Feature",
      "id": "7b7db8fe-7e16-47f8-8dd7-bcd27e881e52",
      "geometry": {
        "type": "Polygon",
        "coordinates": [
          [
            [
              7.8960899,
              58.2606689
            ],
            [
              7.8959196,
              58.2606938
            ],
            [
              7.8958907,
              58.2606981
            ],
            [
              7.8957791,
              58.2604871
            ],
            [
              7.8957376,
              58.2604932
            ],
            [
              7.8956129,
              58.2602572
            ],
            [
              7.8955165,
              58.2602713
            ],
            [
              7.8954878,
              58.2602171
            ],
            [
              7.895584,
              58.2602031
            ],
            [
              7.8954796,
              58.2600057
            ],
            [
              7.895681,
              58.2599762
            ],
            [
              7.8956896,
              58.2599925
            ],
            [
              7.895961,
              58.2605058
            ],
            [
              7.8960005,
              58.2605
            ],
            [
              7.8960899,
              58.2606689
            ]
          ]
        ]
      },
      "properties": {
        "epoch_id": "EPOCH-f48a533b01898dfd",
        "site_name": "CoreWeave Norway",
        "distance_to_site_km": 0.376,
        "footprint_area_m2_webmercator": 3646.58,
        "source_dataset": "Overture Maps buildings",
        "source_url": "https://docs.overturemaps.org/getting-data/",
        "source_release": "2026-09-23.1",
        "source_accessed_on": "2026-09-28",
        "geometry_role": "current building-footprint polygon",
        "linkage_semantics": "Overlap/proximity only; not evidence that the building hosts AI compute."
      }
    },
    {
      "type": "Feature",
      "id": "6b13b115-4098-4cb4-bff9-00c20340babe",
      "geometry": {
        "type": "Polygon",
        "coordinates": [
          [
            [
              7.8890519,
              58.2603598
            ],
            [
              7.889037,
              58.2603632
            ],
            [
              7.8890403,
              58.2603672
            ],
            [
              7.8889573,
              58.2603859
            ],
            [
              7.8889093,
              58.2603266
            ],
            [
              7.8889914,
              58.2603082
            ],
            [
              7.889019,
              58.2603423
            ],
            [
              7.8890348,
              58.2603388
            ],
            [
              7.8890519,
              58.2603598
            ]
          ]
        ]
      },
      "properties": {
        "epoch_id": "EPOCH-f48a533b01898dfd",
        "site_name": "CoreWeave Norway",
        "distance_to_site_km": 0.357,
        "footprint_area_m2_webmercator": 144.77,
        "source_dataset": "Overture Maps buildings",
        "source_url": "https://docs.overturemaps.org/getting-data/",
        "source_release": "2026-09-23.1",
        "source_accessed_on": "2026-09-28",
        "geometry_role": "current building-footprint polygon",
        "linkage_semantics": "Overlap/proximity only; not evidence that the building hosts AI compute."
      }
    },
    {
      "type": "Feature",
      "id": "cd8cedec-b5a4-4078-a22c-8da141bf69a6",
      "geometry": {
        "type": "Polygon",
        "coordinates": [
          [
            [
              7.8934082,
              58.2594921
            ],
            [
              7.8933991,
              58.2594618
            ],
            [
              7.8934409,
              58.2594583
            ],
            [
              7.8934559,
              58.2595079
            ],
            [
              7.8934035,
              58.2595122
            ],
            [
              7.8933977,
              58.2594929
            ],
            [
              7.8934082,
              58.2594921
            ]
          ]
        ]
      },
      "properties": {
        "epoch_id": "EPOCH-f48a533b01898dfd",
        "site_name": "CoreWeave Norway",
        "distance_to_site_km": 0.2275,
        "footprint_area_m2_webmercator": 54.97,
        "source_dataset": "Overture Maps buildings",
        "source_url": "https://docs.overturemaps.org/getting-data/",
        "source_release": "2026-09-23.1",
        "source_accessed_on": "2026-09-28",
        "geometry_role": "current building-footprint polygon",
        "linkage_semantics": "Overlap/proximity only; not evidence that the building hosts AI compute."
      }
    },
    {
      "type": "Feature",
      "id": "a3fe0972-746a-4726-b9f6-ccc038fd4c1c",
      "geometry": {
        "type": "Polygon",
        "coordinates": [
          [
            [
              7.893714,
              58.2595673
            ],
            [
              7.8935746,
              58.2595798
            ],
            [
              7.8935754,
              58.2595821
            ],
            [
              7.893556,
              58.2595839
            ],
            [
              7.8935199,
              58.2594728
            ],
            [
              7.8935609,
              58.2594692
            ],
            [
              7.8935762,
              58.2595163
            ],
            [
              7.893694,
              58.2595057
            ],
            [
              7.893714,
              58.2595673
            ]
          ]
        ]
      },
      "properties": {
        "epoch_id": "EPOCH-f48a533b01898dfd",
        "site_name": "CoreWeave Norway",
        "distance_to_site_km": 0.2366,
        "footprint_area_m2_webmercator": 284.93,
        "source_dataset": "Overture Maps buildings",
        "source_url": "https://docs.overturemaps.org/getting-data/",
        "source_release": "2026-09-23.1",
        "source_accessed_on": "2026-09-28",
        "geometry_role": "current building-footprint polygon",
        "linkage_semantics": "Overlap/proximity only; not evidence that the building hosts AI compute."
      }
    },
    {
      "type": "Feature",
      "id": "7e4e278b-fec5-4aa2-875d-2044303714a6",
      "geometry": {
        "type": "Polygon",
        "coordinates": [
          [
            [
              7.894476,
              58.2594775
            ],
            [
              7.8944575,
              58.2594273
            ],
            [
              7.8948921,
              58.2593828
            ],
            [
              7.8949291,
              58.2594827
            ],
            [
              7.8944945,
              58.2595272
            ],
            [
              7.894476,
              58.2594775
            ]
          ]
        ]
      },
      "properties": {
        "epoch_id": "EPOCH-f48a533b01898dfd",
        "site_name": "CoreWeave Norway",
        "distance_to_site_km": 0.2602,
        "footprint_area_m2_webmercator": 1061.6,
        "source_dataset": "Overture Maps buildings",
        "source_url": "https://docs.overturemaps.org/getting-data/",
        "source_release": "2026-09-23.1",
        "source_accessed_on": "2026-09-28",
        "geometry_role": "current building-footprint polygon",
        "linkage_semantics": "Overlap/proximity only; not evidence that the building hosts AI compute."
      }
    },
    {
      "type": "Feature",
      "id": "fb514db5-87d7-4d86-a872-60436085fab8",
      "geometry": {
        "type": "Polygon",
        "coordinates": [
          [
            [
              7.8948831,
              58.2593126
            ],
            [
              7.8949084,
              58.2593811
            ],
            [
              7.8948921,
              58.2593828
            ],
            [
              7.8944575,
              58.2594273
            ],
            [
              7.8944224,
              58.2593326
            ],
            [
              7.8948733,
              58.2592863
            ],
            [
              7.8948831,
              58.2593126
            ]
          ]
        ]
      },
      "properties": {
        "epoch_id": "EPOCH-f48a533b01898dfd",
        "site_name": "CoreWeave Norway",
        "distance_to_site_km": 0.2505,
        "footprint_area_m2_webmercator": 1044.83,
        "source_dataset": "Overture Maps buildings",
        "source_url": "https://docs.overturemaps.org/getting-data/",
        "source_release": "2026-09-23.1",
        "source_accessed_on": "2026-09-28",
        "geometry_role": "current building-footprint polygon",
        "linkage_semantics": "Overlap/proximity only; not evidence that the building hosts AI compute."
      }
    },
    {
      "type": "Feature",
      "id": "9ec770d2-6a8f-4dca-9d4f-f8ff2b49dd8f",
      "geometry": {
        "type": "Polygon",
        "coordinates": [
          [
            [
              7.8983682,
              58.2593246
            ],
            [
              7.8980222,
              58.259376
            ],
            [
              7.8979896,
              58.2593155
            ],
            [
              7.8984287,
              58.2592502
            ],
            [
              7.8984708,
              58.2593284
            ],
            [
              7.8985152,
              58.2593218
            ],
            [
              7.898547,
              58.2593808
            ],
            [
              7.8984094,
              58.2594013
            ],
            [
              7.8983682,
              58.2593246
            ]
          ]
        ]
      },
      "properties": {
        "epoch_id": "EPOCH-f48a533b01898dfd",
        "site_name": "CoreWeave Norway",
        "distance_to_site_km": 0.4136,
        "footprint_area_m2_webmercator": 924.62,
        "source_dataset": "Overture Maps buildings",
        "source_url": "https://docs.overturemaps.org/getting-data/",
        "source_release": "2026-09-23.1",
        "source_accessed_on": "2026-09-28",
        "geometry_role": "current building-footprint polygon",
        "linkage_semantics": "Overlap/proximity only; not evidence that the building hosts AI compute."
      }
    },
    {
      "type": "Feature",
      "id": "3de7766c-c519-477c-9b01-ebee8831a932",
      "geometry": {
        "type": "Polygon",
        "coordinates": [
          [
            [
              7.8966456,
              58.2595053
            ],
            [
              7.8966231,
              58.2594635
            ],
            [
              7.8966361,
              58.2594616
            ],
            [
              7.8968928,
              58.2594233
            ],
            [
              7.8969153,
              58.2594651
            ],
            [
              7.8967663,
              58.2594873
            ],
            [
              7.8966456,
              58.2595053
            ]
          ]
        ]
      },
      "properties": {
        "epoch_id": "EPOCH-f48a533b01898dfd",
        "site_name": "CoreWeave Norway",
        "distance_to_site_km": 0.347,
        "footprint_area_m2_webmercator": 286.71,
        "source_dataset": "Overture Maps buildings",
        "source_url": "https://docs.overturemaps.org/getting-data/",
        "source_release": "2026-09-23.1",
        "source_accessed_on": "2026-09-28",
        "geometry_role": "current building-footprint polygon",
        "linkage_semantics": "Overlap/proximity only; not evidence that the building hosts AI compute."
      }
    },
    {
      "type": "Feature",
      "id": "4c6c95e0-92a9-45df-aa62-b16423186db3",
      "geometry": {
        "type": "Polygon",
        "coordinates": [
          [
            [
              7.8971852,
              58.2595615
            ],
            [
              7.8970956,
              58.2593954
            ],
            [
              7.8973669,
              58.2593549
            ],
            [
              7.8973804,
              58.25938
            ],
            [
              7.8974002,
              58.259377
            ],
            [
              7.8974763,
              58.259518
            ],
            [
              7.8971852,
              58.2595615
            ]
          ]
        ]
      },
      "properties": {
        "epoch_id": "EPOCH-f48a533b01898dfd",
        "site_name": "CoreWeave Norway",
        "distance_to_site_km": 0.3711,
        "footprint_area_m2_webmercator": 1217.89,
        "source_dataset": "Overture Maps buildings",
        "source_url": "https://docs.overturemaps.org/getting-data/",
        "source_release": "2026-09-23.1",
        "source_accessed_on": "2026-09-28",
        "geometry_role": "current building-footprint polygon",
        "linkage_semantics": "Overlap/proximity only; not evidence that the building hosts AI compute."
      }
    },
    {
      "type": "Feature",
      "id": "c195bfde-d0eb-46a7-8d11-0adeea673183",
      "geometry": {
        "type": "Polygon",
        "coordinates": [
          [
            [
              7.8952373,
              58.259653
            ],
            [
              7.8952817,
              58.259736
            ],
            [
              7.8950662,
              58.259768
            ],
            [
              7.8950218,
              58.259685
            ],
            [
              7.8952373,
              58.259653
            ]
          ]
        ]
      },
      "properties": {
        "epoch_id": "EPOCH-f48a533b01898dfd",
        "site_name": "CoreWeave Norway",
        "distance_to_site_km": 0.299,
        "footprint_area_m2_webmercator": 454.8,
        "source_dataset": "Overture Maps buildings",
        "source_url": "https://docs.overturemaps.org/getting-data/",
        "source_release": "2026-09-23.1",
        "source_accessed_on": "2026-09-28",
        "geometry_role": "current building-footprint polygon",
        "linkage_semantics": "Overlap/proximity only; not evidence that the building hosts AI compute."
      }
    },
    {
      "type": "Feature",
      "id": "9021adbb-16dc-49cf-872b-3f3be7b5c79e",
      "geometry": {
        "type": "Polygon",
        "coordinates": [
          [
            [
              7.9013285,
              58.2598486
            ],
            [
              7.9009032,
              58.2598732
            ],
            [
              7.9008763,
              58.259744
            ],
            [
              7.9009915,
              58.2597374
            ],
            [
              7.9009969,
              58.2597633
            ],
            [
              7.9010354,
              58.2597611
            ],
            [
              7.9010225,
              58.2596989
            ],
            [
              7.9010873,
              58.2596952
            ],
            [
              7.9010937,
              58.2597259
            ],
            [
              7.901111,
              58.2597249
            ],
            [
              7.9011097,
              58.2597187
            ],
            [
              7.9011216,
              58.259718
            ],
            [
              7.9011348,
              58.2597813
            ],
            [
              7.901201,
              58.2597775
            ],
            [
              7.9011984,
              58.259765
            ],
            [
              7.9014887,
              58.2597482
            ],
            [
              7.9014867,
              58.2597384
            ],
            [
              7.9015635,
              58.259734
            ],
            [
              7.901572,
              58.2597744
            ],
            [
              7.9014089,
              58.2597839
            ],
            [
              7.9014162,
              58.2598187
            ],
            [
              7.9013234,
              58.2598241
            ],
            [
              7.9013285,
              58.2598486
            ]
          ]
        ]
      },
      "properties": {
        "epoch_id": "EPOCH-f48a533b01898dfd",
        "site_name": "CoreWeave Norway",
        "distance_to_site_km": 0.587,
        "footprint_area_m2_webmercator": 1444.14,
        "source_dataset": "Overture Maps buildings",
        "source_url": "https://docs.overturemaps.org/getting-data/",
        "source_release": "2026-09-23.1",
        "source_accessed_on": "2026-09-28",
        "geometry_role": "current building-footprint polygon",
        "linkage_semantics": "Overlap/proximity only; not evidence that the building hosts AI compute."
      }
    },
    {
      "type": "Feature",
      "id": "49978ea4-c91b-4ead-81e6-bbb981e8e4ec",
      "geometry": {
        "type": "Polygon",
        "coordinates": [
          [
            [
              7.9018857,
              58.2596334
            ],
            [
              7.901888,
              58.2596417
            ],
            [
              7.9019443,
              58.2596373
            ],
            [
              7.901956,
              58.2596787
            ],
            [
              7.9018196,
              58.2596893
            ],
            [
              7.9018102,
              58.2596562
            ],
            [
              7.9018548,
              58.2596527
            ],
            [
              7.9018501,
              58.2596362
            ],
            [
              7.9018857,
              58.2596334
            ]
          ]
        ]
      },
      "properties": {
        "epoch_id": "EPOCH-f48a533b01898dfd",
        "site_name": "CoreWeave Norway",
        "distance_to_site_km": 0.6205,
        "footprint_area_m2_webmercator": 134.13,
        "source_dataset": "Overture Maps buildings",
        "source_url": "https://docs.overturemaps.org/getting-data/",
        "source_release": "2026-09-23.1",
        "source_accessed_on": "2026-09-28",
        "geometry_role": "current building-footprint polygon",
        "linkage_semantics": "Overlap/proximity only; not evidence that the building hosts AI compute."
      }
    },
    {
      "type": "Feature",
      "id": "5e840f95-1926-488f-8034-2fecab6aed48",
      "geometry": {
        "type": "Polygon",
        "coordinates": [
          [
            [
              7.9016334,
              58.2597396
            ],
            [
              7.9016224,
              58.2597234
            ],
            [
              7.9017224,
              58.2597046
            ],
            [
              7.9017512,
              58.2597472
            ],
            [
              7.9016631,
              58.2597637
            ],
            [
              7.9016453,
              58.2597374
            ],
            [
              7.9016334,
              58.2597396
            ]
          ]
        ]
      },
      "properties": {
        "epoch_id": "EPOCH-f48a533b01898dfd",
        "site_name": "CoreWeave Norway",
        "distance_to_site_km": 0.613,
        "footprint_area_m2_webmercator": 104.67,
        "source_dataset": "Overture Maps buildings",
        "source_url": "https://docs.overturemaps.org/getting-data/",
        "source_release": "2026-09-23.1",
        "source_accessed_on": "2026-09-28",
        "geometry_role": "current building-footprint polygon",
        "linkage_semantics": "Overlap/proximity only; not evidence that the building hosts AI compute."
      }
    },
    {
      "type": "Feature",
      "id": "d1fc9a91-1784-4401-bd35-bca8e268d2de",
      "geometry": {
        "type": "Polygon",
        "coordinates": [
          [
            [
              7.9034751,
              58.2594574
            ],
            [
              7.9034456,
              58.2594168
            ],
            [
              7.903524,
              58.2594011
            ],
            [
              7.9035534,
              58.2594417
            ],
            [
              7.9034751,
              58.2594574
            ]
          ]
        ]
      },
      "properties": {
        "epoch_id": "EPOCH-f48a533b01898dfd",
        "site_name": "CoreWeave Norway",
        "distance_to_site_km": 0.7009,
        "footprint_area_m2_webmercator": 85.82,
        "source_dataset": "Overture Maps buildings",
        "source_url": "https://docs.overturemaps.org/getting-data/",
        "source_release": "2026-09-23.1",
        "source_accessed_on": "2026-09-28",
        "geometry_role": "current building-footprint polygon",
        "linkage_semantics": "Overlap/proximity only; not evidence that the building hosts AI compute."
      }
    },
    {
      "type": "Feature",
      "id": "1804f342-2361-45ed-920b-5012a6e377d6",
      "geometry": {
        "type": "Polygon",
        "coordinates": [
          [
            [
              7.9019871,
              58.2592428
            ],
            [
              7.9019009,
              58.259255
            ],
            [
              7.9018151,
              58.2592503
            ],
            [
              7.9017281,
              58.2590795
            ],
            [
              7.901733,
              58.2590545
            ],
            [
              7.9017134,
              58.2590161
            ],
            [
              7.9018286,
              58.2589999
            ],
            [
              7.9018467,
              58.2590355
            ],
            [
              7.9018568,
              58.258984
            ],
            [
              7.902286,
              58.2589235
            ],
            [
              7.9022925,
              58.2588908
            ],
            [
              7.9023283,
              58.2588857
            ],
            [
              7.9023391,
              58.2589068
            ],
            [
              7.9024367,
              58.258893
            ],
            [
              7.9024802,
              58.2589785
            ],
            [
              7.9024787,
              58.2589861
            ],
            [
              7.9025403,
              58.259107
            ],
            [
              7.9024194,
              58.2591241
            ],
            [
              7.9024054,
              58.259195
            ],
            [
              7.9023565,
              58.2591923
            ],
            [
              7.9023519,
              58.2592154
            ],
            [
              7.9021562,
              58.259243
            ],
            [
              7.9021455,
              58.2592219
            ],
            [
              7.9020815,
              58.2592309
            ],
            [
              7.902139,
              58.2592341
            ],
            [
              7.9021298,
              58.2592808
            ],
            [
              7.9021123,
              58.2592464
            ],
            [
              7.9019972,
              58.2592626
            ],
            [
              7.9019871,
              58.2592428
            ]
          ]
        ]
      },
      "properties": {
        "epoch_id": "EPOCH-f48a533b01898dfd",
        "site_name": "CoreWeave Norway",
        "distance_to_site_km": 0.6131,
        "footprint_area_m2_webmercator": 4844.13,
        "source_dataset": "Overture Maps buildings",
        "source_url": "https://docs.overturemaps.org/getting-data/",
        "source_release": "2026-09-23.1",
        "source_accessed_on": "2026-09-28",
        "geometry_role": "current building-footprint polygon",
        "linkage_semantics": "Overlap/proximity only; not evidence that the building hosts AI compute."
      }
    },
    {
      "type": "Feature",
      "id": "cef87942-4afc-4285-884d-05e2cb41819f",
      "geometry": {
        "type": "Polygon",
        "coordinates": [
          [
            [
              7.8990829,
              58.2590114
            ],
            [
              7.8989312,
              58.2587448
            ],
            [
              7.899044,
              58.258727
            ],
            [
              7.9009467,
              58.2584275
            ],
            [
              7.9010645,
              58.2586347
            ],
            [
              7.9010984,
              58.2586942
            ],
            [
              7.9003607,
              58.2588104
            ],
            [
              7.9004173,
              58.2589097
            ],
            [
              7.9002528,
              58.2589354
            ],
            [
              7.9001444,
              58.2589527
            ],
            [
              7.9000288,
              58.2589713
            ],
            [
              7.8998696,
              58.258996
            ],
            [
              7.899813,
              58.2588965
            ],
            [
              7.8990829,
              58.2590114
            ]
          ]
        ]
      },
      "properties": {
        "epoch_id": "EPOCH-f48a533b01898dfd",
        "site_name": "CoreWeave Norway",
        "distance_to_site_km": 0.4841,
        "footprint_area_m2_webmercator": 15193.21,
        "source_dataset": "Overture Maps buildings",
        "source_url": "https://docs.overturemaps.org/getting-data/",
        "source_release": "2026-09-23.1",
        "source_accessed_on": "2026-09-28",
        "geometry_role": "current building-footprint polygon",
        "linkage_semantics": "Overlap/proximity only; not evidence that the building hosts AI compute."
      }
    },
    {
      "type": "Feature",
      "id": "ff7cdc78-c366-4aa6-8646-b4b92d6df4a6",
      "geometry": {
        "type": "Polygon",
        "coordinates": [
          [
            [
              7.8962871,
              58.2587634
            ],
            [
              7.8959978,
              58.2588069
            ],
            [
              7.8959401,
              58.2587007
            ],
            [
              7.8962294,
              58.2586572
            ],
            [
              7.8962871,
              58.2587634
            ]
          ]
        ]
      },
      "properties": {
        "epoch_id": "EPOCH-f48a533b01898dfd",
        "site_name": "CoreWeave Norway",
        "distance_to_site_km": 0.2704,
        "footprint_area_m2_webmercator": 782.82,
        "source_dataset": "Overture Maps buildings",
        "source_url": "https://docs.overturemaps.org/getting-data/",
        "source_release": "2026-09-23.1",
        "source_accessed_on": "2026-09-28",
        "geometry_role": "current building-footprint polygon",
        "linkage_semantics": "Overlap/proximity only; not evidence that the building hosts AI compute."
      }
    },
    {
      "type": "Feature",
      "id": "d69a05d0-637e-4d37-bad3-4019ee0dfde0",
      "geometry": {
        "type": "Polygon",
        "coordinates": [
          [
            [
              7.8983397,
              58.2588989
            ],
            [
              7.8982424,
              58.2588294
            ],
            [
              7.8983407,
              58.2587913
            ],
            [
              7.8984163,
              58.2588453
            ],
            [
              7.8983659,
              58.2588648
            ],
            [
              7.8983877,
              58.2588804
            ],
            [
              7.8983397,
              58.2588989
            ]
          ]
        ]
      },
      "properties": {
        "epoch_id": "EPOCH-f48a533b01898dfd",
        "site_name": "CoreWeave Norway",
        "distance_to_site_km": 0.3937,
        "footprint_area_m2_webmercator": 219.91,
        "source_dataset": "Overture Maps buildings",
        "source_url": "https://docs.overturemaps.org/getting-data/",
        "source_release": "2026-09-23.1",
        "source_accessed_on": "2026-09-28",
        "geometry_role": "current building-footprint polygon",
        "linkage_semantics": "Overlap/proximity only; not evidence that the building hosts AI compute."
      }
    },
    {
      "type": "Feature",
      "id": "47dc974d-c4a3-4b78-967d-93064bf6e56d",
      "geometry": {
        "type": "Polygon",
        "coordinates": [
          [
            [
              7.9010671,
              58.2589434
            ],
            [
              7.9008019,
              58.2589752
            ],
            [
              7.9007781,
              58.2589202
            ],
            [
              7.9010432,
              58.2588884
            ],
            [
              7.9010671,
              58.2589434
            ]
          ]
        ]
      },
      "properties": {
        "epoch_id": "EPOCH-f48a533b01898dfd",
        "site_name": "CoreWeave Norway",
        "distance_to_site_km": 0.5406,
        "footprint_area_m2_webmercator": 361.38,
        "source_dataset": "Overture Maps buildings",
        "source_url": "https://docs.overturemaps.org/getting-data/",
        "source_release": "2026-09-23.1",
        "source_accessed_on": "2026-09-28",
        "geometry_role": "current building-footprint polygon",
        "linkage_semantics": "Overlap/proximity only; not evidence that the building hosts AI compute."
      }
    },
    {
      "type": "Feature",
      "id": "b5ec3b82-4679-4ca6-840d-6fd573cfd558",
      "geometry": {
        "type": "Polygon",
        "coordinates": [
          [
            [
              7.8990445,
              58.2592125
            ],
            [
              7.8988692,
              58.2592402
            ],
            [
              7.8986181,
              58.2588001
            ],
            [
              7.8987934,
              58.2587725
            ],
            [
              7.8990445,
              58.2592125
            ]
          ]
        ]
      },
      "properties": {
        "epoch_id": "EPOCH-f48a533b01898dfd",
        "site_name": "CoreWeave Norway",
        "distance_to_site_km": 0.4275,
        "footprint_area_m2_webmercator": 1980.62,
        "source_dataset": "Overture Maps buildings",
        "source_url": "https://docs.overturemaps.org/getting-data/",
        "source_release": "2026-09-23.1",
        "source_accessed_on": "2026-09-28",
        "geometry_role": "current building-footprint polygon",
        "linkage_semantics": "Overlap/proximity only; not evidence that the building hosts AI compute."
      }
    },
    {
      "type": "Feature",
      "id": "3776c4bd-d402-4a06-aec3-6e2810a0448a",
      "geometry": {
        "type": "Polygon",
        "coordinates": [
          [
            [
              7.8995971,
              58.2590625
            ],
            [
              7.8998365,
              58.2590254
            ],
            [
              7.8998954,
              58.2591305
            ],
            [
              7.8996561,
              58.2591677
            ],
            [
              7.8995971,
              58.2590625
            ]
          ]
        ]
      },
      "properties": {
        "epoch_id": "EPOCH-f48a533b01898dfd",
        "site_name": "CoreWeave Norway",
        "distance_to_site_km": 0.481,
        "footprint_area_m2_webmercator": 644.42,
        "source_dataset": "Overture Maps buildings",
        "source_url": "https://docs.overturemaps.org/getting-data/",
        "source_release": "2026-09-23.1",
        "source_accessed_on": "2026-09-28",
        "geometry_role": "current building-footprint polygon",
        "linkage_semantics": "Overlap/proximity only; not evidence that the building hosts AI compute."
      }
    },
    {
      "type": "Feature",
      "id": "fc4a5c63-71e5-4b2c-824a-cbec272a60ae",
      "geometry": {
        "type": "Polygon",
        "coordinates": [
          [
            [
              7.8850087,
              58.2584184
            ],
            [
              7.8849386,
              58.2584583
            ],
            [
              7.8849059,
              58.2584424
            ],
            [
              7.8848945,
              58.2584489
            ],
            [
              7.8848338,
              58.2584193
            ],
            [
              7.8849153,
              58.258373
            ],
            [
              7.8850087,
              58.2584184
            ]
          ]
        ]
      },
      "properties": {
        "epoch_id": "EPOCH-f48a533b01898dfd",
        "site_name": "CoreWeave Norway",
        "distance_to_site_km": 0.4274,
        "footprint_area_m2_webmercator": 179.97,
        "source_dataset": "Overture Maps buildings",
        "source_url": "https://docs.overturemaps.org/getting-data/",
        "source_release": "2026-09-23.1",
        "source_accessed_on": "2026-09-28",
        "geometry_role": "current building-footprint polygon",
        "linkage_semantics": "Overlap/proximity only; not evidence that the building hosts AI compute."
      }
    },
    {
      "type": "Feature",
      "id": "47034c0e-989d-4d8c-bc7c-945f775c75fe",
      "geometry": {
        "type": "Polygon",
        "coordinates": [
          [
            [
              7.891726,
              58.2553959
            ],
            [
              7.892285,
              58.2554031
            ],
            [
              7.892281,
              58.2554896
            ],
            [
              7.891722,
              58.2554824
            ],
            [
              7.891726,
              58.2553959
            ]
          ]
        ]
      },
      "properties": {
        "epoch_id": "EPOCH-f48a533b01898dfd",
        "site_name": "CoreWeave Norway",
        "distance_to_site_km": 0.2369,
        "footprint_area_m2_webmercator": 1139.55,
        "source_dataset": "Overture Maps buildings",
        "source_url": "https://docs.overturemaps.org/getting-data/",
        "source_release": "2026-09-23.1",
        "source_accessed_on": "2026-09-28",
        "geometry_role": "current building-footprint polygon",
        "linkage_semantics": "Overlap/proximity only; not evidence that the building hosts AI compute."
      }
    },
    {
      "type": "Feature",
      "id": "c439bc40-3a45-4d62-9631-a40f9ff2c3ad",
      "geometry": {
        "type": "Polygon",
        "coordinates": [
          [
            [
              7.889277,
              58.2561441
            ],
            [
              7.8893479,
              58.256073
            ],
            [
              7.889377,
              58.256081
            ],
            [
              7.8893951,
              58.2560629
            ],
            [
              7.8894946,
              58.2560903
            ],
            [
              7.8894173,
              58.2561678
            ],
            [
              7.8893784,
              58.2561571
            ],
            [
              7.8893667,
              58.2561688
            ],
            [
              7.889277,
              58.2561441
            ]
          ]
        ]
      },
      "properties": {
        "epoch_id": "EPOCH-f48a533b01898dfd",
        "site_name": "CoreWeave Norway",
        "distance_to_site_km": 0.2247,
        "footprint_area_m2_webmercator": 315.01,
        "source_dataset": "Overture Maps buildings",
        "source_url": "https://docs.overturemaps.org/getting-data/",
        "source_release": "2026-09-23.1",
        "source_accessed_on": "2026-09-28",
        "geometry_role": "current building-footprint polygon",
        "linkage_semantics": "Overlap/proximity only; not evidence that the building hosts AI compute."
      }
    },
    {
      "type": "Feature",
      "id": "32aace61-7333-4b6b-984e-4260ffeb310e",
      "geometry": {
        "type": "Polygon",
        "coordinates": [
          [
            [
              7.8911783,
              58.2563799
            ],
            [
              7.8909067,
              58.2565512
            ],
            [
              7.8905185,
              58.2563808
            ],
            [
              7.8907901,
              58.2562095
            ],
            [
              7.8911783,
              58.2563799
            ]
          ]
        ]
      },
      "properties": {
        "epoch_id": "EPOCH-f48a533b01898dfd",
        "site_name": "CoreWeave Norway",
        "distance_to_site_km": 0.1501,
        "footprint_area_m2_webmercator": 2656.36,
        "source_dataset": "Overture Maps buildings",
        "source_url": "https://docs.overturemaps.org/getting-data/",
        "source_release": "2026-09-23.1",
        "source_accessed_on": "2026-09-28",
        "geometry_role": "current building-footprint polygon",
        "linkage_semantics": "Overlap/proximity only; not evidence that the building hosts AI compute."
      }
    },
    {
      "type": "Feature",
      "id": "744dab1d-972b-46cb-acc9-6c4757b0c963",
      "geometry": {
        "type": "Polygon",
        "coordinates": [
          [
            [
              7.8924497,
              58.2573369
            ],
            [
              7.8915457,
              58.2569329
            ],
            [
              7.8919265,
              58.256697
            ],
            [
              7.8925309,
              58.2569672
            ],
            [
              7.8926169,
              58.2569139
            ],
            [
              7.8927378,
              58.256968
            ],
            [
              7.8926519,
              58.2570212
            ],
            [
              7.8928305,
              58.257101
            ],
            [
              7.8924497,
              58.2573369
            ]
          ]
        ]
      },
      "properties": {
        "epoch_id": "EPOCH-f48a533b01898dfd",
        "site_name": "CoreWeave Norway",
        "distance_to_site_km": 0.0626,
        "footprint_area_m2_webmercator": 8906.91,
        "source_dataset": "Overture Maps buildings",
        "source_url": "https://docs.overturemaps.org/getting-data/",
        "source_release": "2026-09-23.1",
        "source_accessed_on": "2026-09-28",
        "geometry_role": "current building-footprint polygon",
        "linkage_semantics": "Overlap/proximity only; not evidence that the building hosts AI compute."
      }
    },
    {
      "type": "Feature",
      "id": "095ffeaf-8fcc-45aa-a8c6-cd158b882afc",
      "geometry": {
        "type": "Polygon",
        "coordinates": [
          [
            [
              7.8927866,
              58.2568289
            ],
            [
              7.8928852,
              58.2567678
            ],
            [
              7.8931668,
              58.2568937
            ],
            [
              7.8930682,
              58.2569548
            ],
            [
              7.8927866,
              58.2568289
            ]
          ]
        ]
      },
      "properties": {
        "epoch_id": "EPOCH-f48a533b01898dfd",
        "site_name": "CoreWeave Norway",
        "distance_to_site_km": 0.0959,
        "footprint_area_m2_webmercator": 697.66,
        "source_dataset": "Overture Maps buildings",
        "source_url": "https://docs.overturemaps.org/getting-data/",
        "source_release": "2026-09-23.1",
        "source_accessed_on": "2026-09-28",
        "geometry_role": "current building-footprint polygon",
        "linkage_semantics": "Overlap/proximity only; not evidence that the building hosts AI compute."
      }
    },
    {
      "type": "Feature",
      "id": "d4bbca22-bca5-4464-b9f9-921a5c2309a0",
      "geometry": {
        "type": "Polygon",
        "coordinates": [
          [
            [
              7.8924265,
              58.2566694
            ],
            [
              7.8925251,
              58.2566083
            ],
            [
              7.8928068,
              58.2567343
            ],
            [
              7.8927081,
              58.2567953
            ],
            [
              7.8924265,
              58.2566694
            ]
          ]
        ]
      },
      "properties": {
        "epoch_id": "EPOCH-f48a533b01898dfd",
        "site_name": "CoreWeave Norway",
        "distance_to_site_km": 0.1024,
        "footprint_area_m2_webmercator": 697.66,
        "source_dataset": "Overture Maps buildings",
        "source_url": "https://docs.overturemaps.org/getting-data/",
        "source_release": "2026-09-23.1",
        "source_accessed_on": "2026-09-28",
        "geometry_role": "current building-footprint polygon",
        "linkage_semantics": "Overlap/proximity only; not evidence that the building hosts AI compute."
      }
    },
    {
      "type": "Feature",
      "id": "2266a4ab-37a9-4b5e-9d05-57abb7a3c1dd",
      "geometry": {
        "type": "Polygon",
        "coordinates": [
          [
            [
              7.8898627,
              58.256454
            ],
            [
              7.8899116,
              58.2564757
            ],
            [
              7.8895649,
              58.256692
            ],
            [
              7.889516,
              58.2566703
            ],
            [
              7.8898627,
              58.256454
            ]
          ]
        ]
      },
      "properties": {
        "epoch_id": "EPOCH-f48a533b01898dfd",
        "site_name": "CoreWeave Norway",
        "distance_to_site_km": 0.1762,
        "footprint_area_m2_webmercator": 426.33,
        "source_dataset": "Overture Maps buildings",
        "source_url": "https://docs.overturemaps.org/getting-data/",
        "source_release": "2026-09-23.1",
        "source_accessed_on": "2026-09-28",
        "geometry_role": "current building-footprint polygon",
        "linkage_semantics": "Overlap/proximity only; not evidence that the building hosts AI compute."
      }
    },
    {
      "type": "Feature",
      "id": "a2c7f761-d11a-4600-b400-3e0a0517d035",
      "geometry": {
        "type": "Polygon",
        "coordinates": [
          [
            [
              7.8920667,
              58.2565089
            ],
            [
              7.8921653,
              58.2564478
            ],
            [
              7.892447,
              58.2565737
            ],
            [
              7.8923484,
              58.2566348
            ],
            [
              7.8920667,
              58.2565089
            ]
          ]
        ]
      },
      "properties": {
        "epoch_id": "EPOCH-f48a533b01898dfd",
        "site_name": "CoreWeave Norway",
        "distance_to_site_km": 0.1154,
        "footprint_area_m2_webmercator": 697.79,
        "source_dataset": "Overture Maps buildings",
        "source_url": "https://docs.overturemaps.org/getting-data/",
        "source_release": "2026-09-23.1",
        "source_accessed_on": "2026-09-28",
        "geometry_role": "current building-footprint polygon",
        "linkage_semantics": "Overlap/proximity only; not evidence that the building hosts AI compute."
      }
    },
    {
      "type": "Feature",
      "id": "a476c968-ad2d-4834-a8b7-f5c4ecf3f969",
      "geometry": {
        "type": "Polygon",
        "coordinates": [
          [
            [
              7.8926243,
              58.2562226
            ],
            [
              7.8938819,
              58.2567858
            ],
            [
              7.8936363,
              58.2569376
            ],
            [
              7.8923786,
              58.2563744
            ],
            [
              7.8926243,
              58.2562226
            ]
          ]
        ]
      },
      "properties": {
        "epoch_id": "EPOCH-f48a533b01898dfd",
        "site_name": "CoreWeave Norway",
        "distance_to_site_km": 0.1272,
        "footprint_area_m2_webmercator": 7755.35,
        "source_dataset": "Overture Maps buildings",
        "source_url": "https://docs.overturemaps.org/getting-data/",
        "source_release": "2026-09-23.1",
        "source_accessed_on": "2026-09-28",
        "geometry_role": "current building-footprint polygon",
        "linkage_semantics": "Overlap/proximity only; not evidence that the building hosts AI compute."
      }
    },
    {
      "type": "Feature",
      "id": "3be6745c-c368-4460-87e2-17dd562b792e",
      "geometry": {
        "type": "Polygon",
        "coordinates": [
          [
            [
              7.8965608,
              58.2564323
            ],
            [
              7.8958887,
              58.2568499
            ],
            [
              7.8962019,
              58.2569895
            ],
            [
              7.8959375,
              58.2571537
            ],
            [
              7.8956242,
              58.2570142
            ],
            [
              7.8949595,
              58.2574272
            ],
            [
              7.8946044,
              58.257269
            ],
            [
              7.8952692,
              58.256856
            ],
            [
              7.8950337,
              58.2567511
            ],
            [
              7.8952982,
              58.2565868
            ],
            [
              7.8955336,
              58.2566917
            ],
            [
              7.8962057,
              58.2562741
            ],
            [
              7.8965608,
              58.2564323
            ]
          ]
        ]
      },
      "properties": {
        "epoch_id": "EPOCH-f48a533b01898dfd",
        "site_name": "CoreWeave Norway",
        "distance_to_site_km": 0.2221,
        "footprint_area_m2_webmercator": 17933.2,
        "source_dataset": "Overture Maps buildings",
        "source_url": "https://docs.overturemaps.org/getting-data/",
        "source_release": "2026-09-23.1",
        "source_accessed_on": "2026-09-28",
        "geometry_role": "current building-footprint polygon",
        "linkage_semantics": "Overlap/proximity only; not evidence that the building hosts AI compute."
      }
    },
    {
      "type": "Feature",
      "id": "434d4a42-20cf-48ff-8613-30e2b069cf82",
      "geometry": {
        "type": "Polygon",
        "coordinates": [
          [
            [
              7.8919488,
              58.2574763
            ],
            [
              7.8923773,
              58.2576668
            ],
            [
              7.8922707,
              58.2577332
            ],
            [
              7.8918422,
              58.2575427
            ],
            [
              7.8919488,
              58.2574763
            ]
          ]
        ]
      },
      "properties": {
        "epoch_id": "EPOCH-f48a533b01898dfd",
        "site_name": "CoreWeave Norway",
        "distance_to_site_km": 0.005,
        "footprint_area_m2_webmercator": 1148.51,
        "source_dataset": "Overture Maps buildings",
        "source_url": "https://docs.overturemaps.org/getting-data/",
        "source_release": "2026-09-23.1",
        "source_accessed_on": "2026-09-28",
        "geometry_role": "current building-footprint polygon",
        "linkage_semantics": "Overlap/proximity only; not evidence that the building hosts AI compute."
      }
    },
    {
      "type": "Feature",
      "id": "82209a5d-a230-4bc6-b177-3ee75f7d502c",
      "geometry": {
        "type": "Polygon",
        "coordinates": [
          [
            [
              7.8934652,
              58.2573321
            ],
            [
              7.8935141,
              58.2573539
            ],
            [
              7.8931675,
              58.2575701
            ],
            [
              7.8931185,
              58.2575484
            ],
            [
              7.8934652,
              58.2573321
            ]
          ]
        ]
      },
      "properties": {
        "epoch_id": "EPOCH-f48a533b01898dfd",
        "site_name": "CoreWeave Norway",
        "distance_to_site_km": 0.0753,
        "footprint_area_m2_webmercator": 426.92,
        "source_dataset": "Overture Maps buildings",
        "source_url": "https://docs.overturemaps.org/getting-data/",
        "source_release": "2026-09-23.1",
        "source_accessed_on": "2026-09-28",
        "geometry_role": "current building-footprint polygon",
        "linkage_semantics": "Overlap/proximity only; not evidence that the building hosts AI compute."
      }
    },
    {
      "type": "Feature",
      "id": "c53043c1-046a-411e-ae6b-779c6bcf03cb",
      "geometry": {
        "type": "Polygon",
        "coordinates": [
          [
            [
              7.8948269,
              58.2527837
            ],
            [
              7.8947636,
              58.2528147
            ],
            [
              7.8947195,
              58.2527897
            ],
            [
              7.8947827,
              58.2527588
            ],
            [
              7.8948269,
              58.2527837
            ]
          ]
        ]
      },
      "properties": {
        "epoch_id": "EPOCH-f48a533b01898dfd",
        "site_name": "CoreWeave Norway",
        "distance_to_site_km": 0.5555,
        "footprint_area_m2_webmercator": 69.35,
        "source_dataset": "Overture Maps buildings",
        "source_url": "https://docs.overturemaps.org/getting-data/",
        "source_release": "2026-09-23.1",
        "source_accessed_on": "2026-09-28",
        "geometry_role": "current building-footprint polygon",
        "linkage_semantics": "Overlap/proximity only; not evidence that the building hosts AI compute."
      }
    },
    {
      "type": "Feature",
      "id": "85b5b03c-29ae-4ea6-a835-bc4e78937f0f",
      "geometry": {
        "type": "Polygon",
        "coordinates": [
          [
            [
              7.8954876,
              58.252918
            ],
            [
              7.8956182,
              58.2528571
            ],
            [
              7.8951055,
              58.2525527
            ],
            [
              7.8954325,
              58.2524003
            ],
            [
              7.8963554,
              58.2529483
            ],
            [
              7.8958978,
              58.2531616
            ],
            [
              7.8954876,
              58.252918
            ]
          ]
        ]
      },
      "properties": {
        "epoch_id": "EPOCH-f48a533b01898dfd",
        "site_name": "CoreWeave Norway",
        "distance_to_site_km": 0.5739,
        "footprint_area_m2_webmercator": 8870.16,
        "source_dataset": "Overture Maps buildings",
        "source_url": "https://docs.overturemaps.org/getting-data/",
        "source_release": "2026-09-23.1",
        "source_accessed_on": "2026-09-28",
        "geometry_role": "current building-footprint polygon",
        "linkage_semantics": "Overlap/proximity only; not evidence that the building hosts AI compute."
      }
    },
    {
      "type": "Feature",
      "id": "c6b28d08-4d8d-4f25-9bf6-feda8fd40def",
      "geometry": {
        "type": "Polygon",
        "coordinates": [
          [
            [
              7.8971703,
              58.2531266
            ],
            [
              7.8969725,
              58.2530183
            ],
            [
              7.8977862,
              58.2526069
            ],
            [
              7.897984,
              58.2527152
            ],
            [
              7.8971703,
              58.2531266
            ]
          ]
        ]
      },
      "properties": {
        "epoch_id": "EPOCH-f48a533b01898dfd",
        "site_name": "CoreWeave Norway",
        "distance_to_site_km": 0.6121,
        "footprint_area_m2_webmercator": 3991.92,
        "source_dataset": "Overture Maps buildings",
        "source_url": "https://docs.overturemaps.org/getting-data/",
        "source_release": "2026-09-23.1",
        "source_accessed_on": "2026-09-28",
        "geometry_role": "current building-footprint polygon",
        "linkage_semantics": "Overlap/proximity only; not evidence that the building hosts AI compute."
      }
    },
    {
      "type": "Feature",
      "id": "caea29d9-ae5f-46c2-a9b6-e22d13680541",
      "geometry": {
        "type": "Polygon",
        "coordinates": [
          [
            [
              7.8969302,
              58.2529567
            ],
            [
              7.8968519,
              58.2529884
            ],
            [
              7.8968221,
              58.252968
            ],
            [
              7.8969004,
              58.2529363
            ],
            [
              7.8969302,
              58.2529567
            ]
          ]
        ]
      },
      "properties": {
        "epoch_id": "EPOCH-f48a533b01898dfd",
        "site_name": "CoreWeave Norway",
        "distance_to_site_km": 0.5853,
        "footprint_area_m2_webmercator": 59.87,
        "source_dataset": "Overture Maps buildings",
        "source_url": "https://docs.overturemaps.org/getting-data/",
        "source_release": "2026-09-23.1",
        "source_accessed_on": "2026-09-28",
        "geometry_role": "current building-footprint polygon",
        "linkage_semantics": "Overlap/proximity only; not evidence that the building hosts AI compute."
      }
    },
    {
      "type": "Feature",
      "id": "cc53225f-62dd-4cf4-adaa-955f7cc94970",
      "geometry": {
        "type": "Polygon",
        "coordinates": [
          [
            [
              7.8968172,
              58.2530024
            ],
            [
              7.8967292,
              58.2530408
            ],
            [
              7.8966976,
              58.2530207
            ],
            [
              7.8967856,
              58.2529823
            ],
            [
              7.8968172,
              58.2530024
            ]
          ]
        ]
      },
      "properties": {
        "epoch_id": "EPOCH-f48a533b01898dfd",
        "site_name": "CoreWeave Norway",
        "distance_to_site_km": 0.5772,
        "footprint_area_m2_webmercator": 70.24,
        "source_dataset": "Overture Maps buildings",
        "source_url": "https://docs.overturemaps.org/getting-data/",
        "source_release": "2026-09-23.1",
        "source_accessed_on": "2026-09-28",
        "geometry_role": "current building-footprint polygon",
        "linkage_semantics": "Overlap/proximity only; not evidence that the building hosts AI compute."
      }
    },
    {
      "type": "Feature",
      "id": "846115b9-513f-44bd-8f5d-f11504989ce4",
      "geometry": {
        "type": "Polygon",
        "coordinates": [
          [
            [
              7.8967963,
              58.2531068
            ],
            [
              7.8968512,
              58.2531584
            ],
            [
              7.8963704,
              58.2533002
            ],
            [
              7.8963155,
              58.2532486
            ],
            [
              7.8967963,
              58.2531068
            ]
          ]
        ]
      },
      "properties": {
        "epoch_id": "EPOCH-f48a533b01898dfd",
        "site_name": "CoreWeave Norway",
        "distance_to_site_km": 0.5535,
        "footprint_area_m2_webmercator": 767.64,
        "source_dataset": "Overture Maps buildings",
        "source_url": "https://docs.overturemaps.org/getting-data/",
        "source_release": "2026-09-23.1",
        "source_accessed_on": "2026-09-28",
        "geometry_role": "current building-footprint polygon",
        "linkage_semantics": "Overlap/proximity only; not evidence that the building hosts AI compute."
      }
    },
    {
      "type": "Feature",
      "id": "752434b1-3679-4fd8-a5c9-06b6d00382a1",
      "geometry": {
        "type": "Polygon",
        "coordinates": [
          [
            [
              7.8962429,
              58.2534977
            ],
            [
              7.8953079,
              58.2535953
            ],
            [
              7.8952221,
              58.2533678
            ],
            [
              7.8961571,
              58.2532702
            ],
            [
              7.8962429,
              58.2534977
            ]
          ]
        ]
      },
      "properties": {
        "epoch_id": "EPOCH-f48a533b01898dfd",
        "site_name": "CoreWeave Norway",
        "distance_to_site_km": 0.5083,
        "footprint_area_m2_webmercator": 5206.96,
        "source_dataset": "Overture Maps buildings",
        "source_url": "https://docs.overturemaps.org/getting-data/",
        "source_release": "2026-09-23.1",
        "source_accessed_on": "2026-09-28",
        "geometry_role": "current building-footprint polygon",
        "linkage_semantics": "Overlap/proximity only; not evidence that the building hosts AI compute."
      }
    },
    {
      "type": "Feature",
      "id": "38c6ef70-7bec-4e8e-af8d-f03a4352301b",
      "geometry": {
        "type": "Polygon",
        "coordinates": [
          [
            [
              7.8966626,
              58.2534016
            ],
            [
              7.8966907,
              58.253386
            ],
            [
              7.8968524,
              58.2534667
            ],
            [
              7.8968243,
              58.2534823
            ],
            [
              7.8966626,
              58.2534016
            ]
          ]
        ]
      },
      "properties": {
        "epoch_id": "EPOCH-f48a533b01898dfd",
        "site_name": "CoreWeave Norway",
        "distance_to_site_km": 0.5363,
        "footprint_area_m2_webmercator": 112.82,
        "source_dataset": "Overture Maps buildings",
        "source_url": "https://docs.overturemaps.org/getting-data/",
        "source_release": "2026-09-23.1",
        "source_accessed_on": "2026-09-28",
        "geometry_role": "current building-footprint polygon",
        "linkage_semantics": "Overlap/proximity only; not evidence that the building hosts AI compute."
      }
    },
    {
      "type": "Feature",
      "id": "5dc977b6-4fb0-44c5-a5a4-ec92a90a3130",
      "geometry": {
        "type": "Polygon",
        "coordinates": [
          [
            [
              7.8964185,
              58.2536168
            ],
            [
              7.8965041,
              58.2536148
            ],
            [
              7.8965138,
              58.253726
            ],
            [
              7.8964067,
              58.2537286
            ],
            [
              7.8964033,
              58.2536892
            ],
            [
              7.8964247,
              58.2536886
            ],
            [
              7.8964185,
              58.2536168
            ]
          ]
        ]
      },
      "properties": {
        "epoch_id": "EPOCH-f48a533b01898dfd",
        "site_name": "CoreWeave Norway",
        "distance_to_site_km": 0.5045,
        "footprint_area_m2_webmercator": 244.77,
        "source_dataset": "Overture Maps buildings",
        "source_url": "https://docs.overturemaps.org/getting-data/",
        "source_release": "2026-09-23.1",
        "source_accessed_on": "2026-09-28",
        "geometry_role": "current building-footprint polygon",
        "linkage_semantics": "Overlap/proximity only; not evidence that the building hosts AI compute."
      }
    },
    {
      "type": "Feature",
      "id": "2be87499-597c-4c6f-b1a2-3551968cdf4b",
      "geometry": {
        "type": "Polygon",
        "coordinates": [
          [
            [
              7.8964357,
              58.253804
            ],
            [
              7.896332,
              58.2537837
            ],
            [
              7.8963696,
              58.2537304
            ],
            [
              7.8964733,
              58.2537507
            ],
            [
              7.8964357,
              58.253804
            ]
          ]
        ]
      },
      "properties": {
        "epoch_id": "EPOCH-f48a533b01898dfd",
        "site_name": "CoreWeave Norway",
        "distance_to_site_km": 0.4939,
        "footprint_area_m2_webmercator": 148.15,
        "source_dataset": "Overture Maps buildings",
        "source_url": "https://docs.overturemaps.org/getting-data/",
        "source_release": "2026-09-23.1",
        "source_accessed_on": "2026-09-28",
        "geometry_role": "current building-footprint polygon",
        "linkage_semantics": "Overlap/proximity only; not evidence that the building hosts AI compute."
      }
    },
    {
      "type": "Feature",
      "id": "e9456577-76f0-47ed-a778-10a6425061ca",
      "geometry": {
        "type": "Polygon",
        "coordinates": [
          [
            [
              7.8944219,
              58.2537327
            ],
            [
              7.8944585,
              58.2537148
            ],
            [
              7.894518,
              58.2537485
            ],
            [
              7.8944813,
              58.2537664
            ],
            [
              7.8944219,
              58.2537327
            ]
          ]
        ]
      },
      "properties": {
        "epoch_id": "EPOCH-f48a533b01898dfd",
        "site_name": "CoreWeave Norway",
        "distance_to_site_km": 0.449,
        "footprint_area_m2_webmercator": 54.15,
        "source_dataset": "Overture Maps buildings",
        "source_url": "https://docs.overturemaps.org/getting-data/",
        "source_release": "2026-09-23.1",
        "source_accessed_on": "2026-09-28",
        "geometry_role": "current building-footprint polygon",
        "linkage_semantics": "Overlap/proximity only; not evidence that the building hosts AI compute."
      }
    },
    {
      "type": "Feature",
      "id": "bd00e2f9-c4f3-40f5-8ec3-f84b14a14a72",
      "geometry": {
        "type": "Polygon",
        "coordinates": [
          [
            [
              7.8943478,
              58.2536606
            ],
            [
              7.8944503,
              58.2536154
            ],
            [
              7.8944782,
              58.2536329
            ],
            [
              7.8943757,
              58.2536781
            ],
            [
              7.8943478,
              58.2536606
            ]
          ]
        ]
      },
      "properties": {
        "epoch_id": "EPOCH-f48a533b01898dfd",
        "site_name": "CoreWeave Norway",
        "distance_to_site_km": 0.4579,
        "footprint_area_m2_webmercator": 71.95,
        "source_dataset": "Overture Maps buildings",
        "source_url": "https://docs.overturemaps.org/getting-data/",
        "source_release": "2026-09-23.1",
        "source_accessed_on": "2026-09-28",
        "geometry_role": "current building-footprint polygon",
        "linkage_semantics": "Overlap/proximity only; not evidence that the building hosts AI compute."
      }
    },
    {
      "type": "Feature",
      "id": "0e7fce36-b856-42ef-b742-02d31e00057a",
      "geometry": {
        "type": "Polygon",
        "coordinates": [
          [
            [
              7.894224,
              58.254165
            ],
            [
              7.894225,
              58.254143
            ],
            [
              7.894053,
              58.254052
            ],
            [
              7.894053,
              58.254032
            ],
            [
              7.894095,
              58.25401
            ],
            [
              7.894096,
              58.25401
            ],
            [
              7.894094,
              58.254008
            ],
            [
              7.894139,
              58.253985
            ],
            [
              7.894143,
              58.253987
            ],
            [
              7.894145,
              58.253963
            ],
            [
              7.894179,
              58.253944
            ],
            [
              7.894224,
              58.253944
            ],
            [
              7.89426,
              58.253964
            ],
            [
              7.89426,
              58.25397
            ],
            [
              7.894401,
              58.254045
            ],
            [
              7.894409,
              58.25404
            ],
            [
              7.894483,
              58.25408
            ],
            [
              7.894337,
              58.254157
            ],
            [
              7.894335,
              58.254168
            ],
            [
              7.894306,
              58.254183
            ],
            [
              7.894258,
              58.254182
            ],
            [
              7.894224,
              58.254165
            ]
          ]
        ]
      },
      "properties": {
        "epoch_id": "EPOCH-f48a533b01898dfd",
        "site_name": "CoreWeave Norway",
        "distance_to_site_km": 0.4111,
        "footprint_area_m2_webmercator": 1255.32,
        "source_dataset": "Overture Maps buildings",
        "source_url": "https://docs.overturemaps.org/getting-data/",
        "source_release": "2026-09-23.1",
        "source_accessed_on": "2026-09-28",
        "geometry_role": "current building-footprint polygon",
        "linkage_semantics": "Overlap/proximity only; not evidence that the building hosts AI compute."
      }
    },
    {
      "type": "Feature",
      "id": "01eeffbc-572b-45d8-93d9-da9f6936124a",
      "geometry": {
        "type": "Polygon",
        "coordinates": [
          [
            [
              7.8946011,
              58.2543453
            ],
            [
              7.8945639,
              58.2543228
            ],
            [
              7.8946662,
              58.254276
            ],
            [
              7.8947034,
              58.2542985
            ],
            [
              7.8946011,
              58.2543453
            ]
          ]
        ]
      },
      "properties": {
        "epoch_id": "EPOCH-f48a533b01898dfd",
        "site_name": "CoreWeave Norway",
        "distance_to_site_km": 0.393,
        "footprint_area_m2_webmercator": 95.22,
        "source_dataset": "Overture Maps buildings",
        "source_url": "https://docs.overturemaps.org/getting-data/",
        "source_release": "2026-09-23.1",
        "source_accessed_on": "2026-09-28",
        "geometry_role": "current building-footprint polygon",
        "linkage_semantics": "Overlap/proximity only; not evidence that the building hosts AI compute."
      }
    },
    {
      "type": "Feature",
      "id": "763eb72f-1cca-4f6e-a415-e7b7051e46e9",
      "geometry": {
        "type": "Polygon",
        "coordinates": [
          [
            [
              7.8943477,
              58.2546804
            ],
            [
              7.8942821,
              58.2546484
            ],
            [
              7.8943576,
              58.2546056
            ],
            [
              7.8944232,
              58.2546376
            ],
            [
              7.8943477,
              58.2546804
            ]
          ]
        ]
      },
      "properties": {
        "epoch_id": "EPOCH-f48a533b01898dfd",
        "site_name": "CoreWeave Norway",
        "distance_to_site_km": 0.3526,
        "footprint_area_m2_webmercator": 123.03,
        "source_dataset": "Overture Maps buildings",
        "source_url": "https://docs.overturemaps.org/getting-data/",
        "source_release": "2026-09-23.1",
        "source_accessed_on": "2026-09-28",
        "geometry_role": "current building-footprint polygon",
        "linkage_semantics": "Overlap/proximity only; not evidence that the building hosts AI compute."
      }
    },
    {
      "type": "Feature",
      "id": "f5989a9c-eddc-4867-97af-e29f1a35cabb",
      "geometry": {
        "type": "Polygon",
        "coordinates": [
          [
            [
              7.895922,
              58.2541643
            ],
            [
              7.8958489,
              58.2541315
            ],
            [
              7.895882,
              58.2541111
            ],
            [
              7.8959551,
              58.2541438
            ],
            [
              7.895922,
              58.2541643
            ]
          ]
        ]
      },
      "properties": {
        "epoch_id": "EPOCH-f48a533b01898dfd",
        "site_name": "CoreWeave Norway",
        "distance_to_site_km": 0.4435,
        "footprint_area_m2_webmercator": 60.74,
        "source_dataset": "Overture Maps buildings",
        "source_url": "https://docs.overturemaps.org/getting-data/",
        "source_release": "2026-09-23.1",
        "source_accessed_on": "2026-09-28",
        "geometry_role": "current building-footprint polygon",
        "linkage_semantics": "Overlap/proximity only; not evidence that the building hosts AI compute."
      }
    },
    {
      "type": "Feature",
      "id": "dd8b314c-8fdb-4ea9-b2df-3f4dd9522f4e",
      "geometry": {
        "type": "Polygon",
        "coordinates": [
          [
            [
              7.8962417,
              58.2540118
            ],
            [
              7.8961473,
              58.2540653
            ],
            [
              7.8961012,
              58.2540428
            ],
            [
              7.8961956,
              58.2539892
            ],
            [
              7.8962417,
              58.2540118
            ]
          ]
        ]
      },
      "properties": {
        "epoch_id": "EPOCH-f48a533b01898dfd",
        "site_name": "CoreWeave Norway",
        "distance_to_site_km": 0.4622,
        "footprint_area_m2_webmercator": 108.28,
        "source_dataset": "Overture Maps buildings",
        "source_url": "https://docs.overturemaps.org/getting-data/",
        "source_release": "2026-09-23.1",
        "source_accessed_on": "2026-09-28",
        "geometry_role": "current building-footprint polygon",
        "linkage_semantics": "Overlap/proximity only; not evidence that the building hosts AI compute."
      }
    },
    {
      "type": "Feature",
      "id": "bdc74825-a341-4585-8136-f4ab3a66507b",
      "geometry": {
        "type": "Polygon",
        "coordinates": [
          [
            [
              7.8957637,
              58.2539952
            ],
            [
              7.8955009,
              58.2538756
            ],
            [
              7.8956723,
              58.2537713
            ],
            [
              7.8959351,
              58.2538909
            ],
            [
              7.8957637,
              58.2539952
            ]
          ]
        ]
      },
      "properties": {
        "epoch_id": "EPOCH-f48a533b01898dfd",
        "site_name": "CoreWeave Norway",
        "distance_to_site_km": 0.463,
        "footprint_area_m2_webmercator": 1128.36,
        "source_dataset": "Overture Maps buildings",
        "source_url": "https://docs.overturemaps.org/getting-data/",
        "source_release": "2026-09-23.1",
        "source_accessed_on": "2026-09-28",
        "geometry_role": "current building-footprint polygon",
        "linkage_semantics": "Overlap/proximity only; not evidence that the building hosts AI compute."
      }
    },
    {
      "type": "Feature",
      "id": "ef2c8a6c-bf36-42ce-96df-47023b40af02",
      "geometry": {
        "type": "Polygon",
        "coordinates": [
          [
            [
              7.8966164,
              58.252336
            ],
            [
              7.896664,
              58.2523642
            ],
            [
              7.8973328,
              58.2520519
            ],
            [
              7.8971339,
              58.251934
            ],
            [
              7.8974251,
              58.251798
            ],
            [
              7.8975867,
              58.2518939
            ],
            [
              7.8979219,
              58.2517373
            ],
            [
              7.8983613,
              58.2519978
            ],
            [
              7.897952,
              58.252189
            ],
            [
              7.8979945,
              58.2522143
            ],
            [
              7.8976895,
              58.2523567
            ],
            [
              7.8977003,
              58.2523631
            ],
            [
              7.8970929,
              58.2526468
            ],
            [
              7.897102,
              58.2526521
            ],
            [
              7.8969115,
              58.2527411
            ],
            [
              7.8969801,
              58.2527817
            ],
            [
              7.8967984,
              58.2528666
            ],
            [
              7.8957576,
              58.2522495
            ],
            [
              7.8961177,
              58.2520813
            ],
            [
              7.89642,
              58.2522605
            ],
            [
              7.8964333,
              58.2522543
            ],
            [
              7.896591,
              58.2523478
            ],
            [
              7.8966164,
              58.252336
            ]
          ]
        ]
      },
      "properties": {
        "epoch_id": "EPOCH-f48a533b01898dfd",
        "site_name": "CoreWeave Norway",
        "distance_to_site_km": 0.6588,
        "footprint_area_m2_webmercator": 25448.9,
        "source_dataset": "Overture Maps buildings",
        "source_url": "https://docs.overturemaps.org/getting-data/",
        "source_release": "2026-09-23.1",
        "source_accessed_on": "2026-09-28",
        "geometry_role": "current building-footprint polygon",
        "linkage_semantics": "Overlap/proximity only; not evidence that the building hosts AI compute."
      }
    },
    {
      "type": "Feature",
      "id": "10884049-8f9d-40d1-a61b-6a7b10638fca",
      "geometry": {
        "type": "Polygon",
        "coordinates": [
          [
            [
              7.8993098,
              58.2513549
            ],
            [
              7.8991223,
              58.2514555
            ],
            [
              7.8990326,
              58.2514092
            ],
            [
              7.8992201,
              58.2513086
            ],
            [
              7.8993098,
              58.2513549
            ]
          ]
        ]
      },
      "properties": {
        "epoch_id": "EPOCH-f48a533b01898dfd",
        "site_name": "CoreWeave Norway",
        "distance_to_site_km": 0.8047,
        "footprint_area_m2_webmercator": 416.96,
        "source_dataset": "Overture Maps buildings",
        "source_url": "https://docs.overturemaps.org/getting-data/",
        "source_release": "2026-09-23.1",
        "source_accessed_on": "2026-09-28",
        "geometry_role": "current building-footprint polygon",
        "linkage_semantics": "Overlap/proximity only; not evidence that the building hosts AI compute."
      }
    },
    {
      "type": "Feature",
      "id": "ceb8b220-546c-4f00-97db-1c8826d13ccb",
      "geometry": {
        "type": "Polygon",
        "coordinates": [
          [
            [
              7.8983308,
              58.2517967
            ],
            [
              7.898367,
              58.2517804
            ],
            [
              7.8981118,
              58.2516245
            ],
            [
              7.8982883,
              58.2515445
            ],
            [
              7.8984034,
              58.2516148
            ],
            [
              7.8984134,
              58.2516103
            ],
            [
              7.8984698,
              58.2516448
            ],
            [
              7.8984606,
              58.251649
            ],
            [
              7.8986227,
              58.2517481
            ],
            [
              7.8986011,
              58.2517579
            ],
            [
              7.8986539,
              58.2517902
            ],
            [
              7.89852,
              58.2518509
            ],
            [
              7.8984681,
              58.2518192
            ],
            [
              7.8984468,
              58.2518288
            ],
            [
              7.8984386,
              58.2518238
            ],
            [
              7.8984022,
              58.2518403
            ],
            [
              7.8983308,
              58.2517967
            ]
          ]
        ]
      },
      "properties": {
        "epoch_id": "EPOCH-f48a533b01898dfd",
        "site_name": "CoreWeave Norway",
        "distance_to_site_km": 0.7507,
        "footprint_area_m2_webmercator": 1735.56,
        "source_dataset": "Overture Maps buildings",
        "source_url": "https://docs.overturemaps.org/getting-data/",
        "source_release": "2026-09-23.1",
        "source_accessed_on": "2026-09-28",
        "geometry_role": "current building-footprint polygon",
        "linkage_semantics": "Overlap/proximity only; not evidence that the building hosts AI compute."
      }
    },
    {
      "type": "Feature",
      "id": "6c643e42-64fe-4cc9-be36-1ae7fc6ca0a0",
      "geometry": {
        "type": "Polygon",
        "coordinates": [
          [
            [
              7.8989478,
              58.2516409
            ],
            [
              7.8988297,
              58.2515807
            ],
            [
              7.8990776,
              58.251446
            ],
            [
              7.8991958,
              58.2515062
            ],
            [
              7.8989478,
              58.2516409
            ]
          ]
        ]
      },
      "properties": {
        "epoch_id": "EPOCH-f48a533b01898dfd",
        "site_name": "CoreWeave Norway",
        "distance_to_site_km": 0.7845,
        "footprint_area_m2_webmercator": 726.33,
        "source_dataset": "Overture Maps buildings",
        "source_url": "https://docs.overturemaps.org/getting-data/",
        "source_release": "2026-09-23.1",
        "source_accessed_on": "2026-09-28",
        "geometry_role": "current building-footprint polygon",
        "linkage_semantics": "Overlap/proximity only; not evidence that the building hosts AI compute."
      }
    },
    {
      "type": "Feature",
      "id": "70c68ec0-7df4-4685-8c02-d9bd40f83709",
      "geometry": {
        "type": "Polygon",
        "coordinates": [
          [
            [
              7.8984034,
              58.2516148
            ],
            [
              7.8982883,
              58.2515445
            ],
            [
              7.8982353,
              58.2515121
            ],
            [
              7.8986275,
              58.2513343
            ],
            [
              7.8987956,
              58.2514371
            ],
            [
              7.8984134,
              58.2516103
            ],
            [
              7.8984034,
              58.2516148
            ]
          ]
        ]
      },
      "properties": {
        "epoch_id": "EPOCH-f48a533b01898dfd",
        "site_name": "CoreWeave Norway",
        "distance_to_site_km": 0.7765,
        "footprint_area_m2_webmercator": 1652.91,
        "source_dataset": "Overture Maps buildings",
        "source_url": "https://docs.overturemaps.org/getting-data/",
        "source_release": "2026-09-23.1",
        "source_accessed_on": "2026-09-28",
        "geometry_role": "current building-footprint polygon",
        "linkage_semantics": "Overlap/proximity only; not evidence that the building hosts AI compute."
      }
    },
    {
      "type": "Feature",
      "id": "9f8e0aff-5c6f-44bd-a79b-5d6396a3ecd0",
      "geometry": {
        "type": "Polygon",
        "coordinates": [
          [
            [
              7.9041486,
              58.2512142
            ],
            [
              7.9040383,
              58.2511923
            ],
            [
              7.9040574,
              58.2511657
            ],
            [
              7.9041677,
              58.2511877
            ],
            [
              7.9041486,
              58.2512142
            ]
          ]
        ]
      },
      "properties": {
        "epoch_id": "EPOCH-f48a533b01898dfd",
        "site_name": "CoreWeave Norway",
        "distance_to_site_km": 1.0005,
        "footprint_area_m2_webmercator": 78.84,
        "source_dataset": "Overture Maps buildings",
        "source_url": "https://docs.overturemaps.org/getting-data/",
        "source_release": "2026-09-23.1",
        "source_accessed_on": "2026-09-28",
        "geometry_role": "current building-footprint polygon",
        "linkage_semantics": "Overlap/proximity only; not evidence that the building hosts AI compute."
      }
    },
    {
      "type": "Feature",
      "id": "b4236c2c-97d8-47a4-83bc-61fd9bf8a2c2",
      "geometry": {
        "type": "Polygon",
        "coordinates": [
          [
            [
              7.8982498,
              58.2503788
            ],
            [
              7.8981949,
              58.2503917
            ],
            [
              7.8981543,
              58.250344
            ],
            [
              7.8982092,
              58.250331
            ],
            [
              7.8982498,
              58.2503788
            ]
          ]
        ]
      },
      "properties": {
        "epoch_id": "EPOCH-f48a533b01898dfd",
        "site_name": "CoreWeave Norway",
        "distance_to_site_km": 0.879,
        "footprint_area_m2_webmercator": 74.12,
        "source_dataset": "Overture Maps buildings",
        "source_url": "https://docs.overturemaps.org/getting-data/",
        "source_release": "2026-09-23.1",
        "source_accessed_on": "2026-09-28",
        "geometry_role": "current building-footprint polygon",
        "linkage_semantics": "Overlap/proximity only; not evidence that the building hosts AI compute."
      }
    },
    {
      "type": "Feature",
      "id": "3e0e9a18-7e40-4ba5-9a93-de000fa4ed50",
      "geometry": {
        "type": "Polygon",
        "coordinates": [
          [
            [
              7.9034685,
              58.2500464
            ],
            [
              7.9034631,
              58.2500992
            ],
            [
              7.9034054,
              58.2500976
            ],
            [
              7.9034108,
              58.2500448
            ],
            [
              7.9034685,
              58.2500464
            ]
          ]
        ]
      },
      "properties": {
        "epoch_id": "EPOCH-f48a533b01898dfd",
        "site_name": "CoreWeave Norway",
        "distance_to_site_km": 1.0675,
        "footprint_area_m2_webmercator": 71.95,
        "source_dataset": "Overture Maps buildings",
        "source_url": "https://docs.overturemaps.org/getting-data/",
        "source_release": "2026-09-23.1",
        "source_accessed_on": "2026-09-28",
        "geometry_role": "current building-footprint polygon",
        "linkage_semantics": "Overlap/proximity only; not evidence that the building hosts AI compute."
      }
    },
    {
      "type": "Feature",
      "id": "bcd6146c-4dbb-4a94-a4d0-dca70a349c35",
      "geometry": {
        "type": "Polygon",
        "coordinates": [
          [
            [
              7.904901,
              58.2497806
            ],
            [
              7.9048846,
              58.2498203
            ],
            [
              7.9048462,
              58.2498159
            ],
            [
              7.9048626,
              58.2497762
            ],
            [
              7.904901,
              58.2497806
            ]
          ]
        ]
      },
      "properties": {
        "epoch_id": "EPOCH-f48a533b01898dfd",
        "site_name": "CoreWeave Norway",
        "distance_to_site_km": 1.1447,
        "footprint_area_m2_webmercator": 37.6,
        "source_dataset": "Overture Maps buildings",
        "source_url": "https://docs.overturemaps.org/getting-data/",
        "source_release": "2026-09-23.1",
        "source_accessed_on": "2026-09-28",
        "geometry_role": "current building-footprint polygon",
        "linkage_semantics": "Overlap/proximity only; not evidence that the building hosts AI compute."
      }
    },
    {
      "type": "Feature",
      "id": "53e27885-25df-44ef-b135-cf7f24334081",
      "geometry": {
        "type": "Polygon",
        "coordinates": [
          [
            [
              7.9076128,
              58.2499164
            ],
            [
              7.9076581,
              58.249908
            ],
            [
              7.9076939,
              58.2499612
            ],
            [
              7.9076485,
              58.2499697
            ],
            [
              7.9076128,
              58.2499164
            ]
          ]
        ]
      },
      "properties": {
        "epoch_id": "EPOCH-f48a533b01898dfd",
        "site_name": "CoreWeave Norway",
        "distance_to_site_km": 1.2466,
        "footprint_area_m2_webmercator": 63.98,
        "source_dataset": "Overture Maps buildings",
        "source_url": "https://docs.overturemaps.org/getting-data/",
        "source_release": "2026-09-23.1",
        "source_accessed_on": "2026-09-28",
        "geometry_role": "current building-footprint polygon",
        "linkage_semantics": "Overlap/proximity only; not evidence that the building hosts AI compute."
      }
    },
    {
      "type": "Feature",
      "id": "d9bb035a-3ea1-4ad7-87a7-4ba33f214304",
      "geometry": {
        "type": "Polygon",
        "coordinates": [
          [
            [
              7.9071559,
              58.2496081
            ],
            [
              7.9071654,
              58.2495799
            ],
            [
              7.907229,
              58.2495859
            ],
            [
              7.9072195,
              58.249614
            ],
            [
              7.9071559,
              58.2496081
            ]
          ]
        ]
      },
      "properties": {
        "epoch_id": "EPOCH-f48a533b01898dfd",
        "site_name": "CoreWeave Norway",
        "distance_to_site_km": 1.2536,
        "footprint_area_m2_webmercator": 43.49,
        "source_dataset": "Overture Maps buildings",
        "source_url": "https://docs.overturemaps.org/getting-data/",
        "source_release": "2026-09-23.1",
        "source_accessed_on": "2026-09-28",
        "geometry_role": "current building-footprint polygon",
        "linkage_semantics": "Overlap/proximity only; not evidence that the building hosts AI compute."
      }
    },
    {
      "type": "Feature",
      "id": "d2c771bb-2c0f-4f8a-b1a4-a7bdcb073477",
      "geometry": {
        "type": "Polygon",
        "coordinates": [
          [
            [
              7.873543,
              58.246046
            ],
            [
              7.87365,
              58.245973
            ],
            [
              7.873778,
              58.246025
            ],
            [
              7.873671,
              58.246098
            ],
            [
              7.873543,
              58.246046
            ]
          ]
        ]
      },
      "properties": {
        "epoch_id": "EPOCH-f48a533b01898dfd",
        "site_name": "CoreWeave Norway",
        "distance_to_site_km": 1.6744,
        "footprint_area_m2_webmercator": 351.04,
        "source_dataset": "Overture Maps buildings",
        "source_url": "https://docs.overturemaps.org/getting-data/",
        "source_release": "2026-09-23.1",
        "source_accessed_on": "2026-09-28",
        "geometry_role": "current building-footprint polygon",
        "linkage_semantics": "Overlap/proximity only; not evidence that the building hosts AI compute."
      }
    },
    {
      "type": "Feature",
      "id": "012becbe-9615-484f-86c6-70de9547443e",
      "geometry": {
        "type": "Polygon",
        "coordinates": [
          [
            [
              7.874803,
              58.245372
            ],
            [
              7.874834,
              58.245349
            ],
            [
              7.874816,
              58.245342
            ],
            [
              7.874953,
              58.245242
            ],
            [
              7.875096,
              58.245296
            ],
            [
              7.875017,
              58.245354
            ],
            [
              7.874996,
              58.245346
            ],
            [
              7.874938,
              58.245389
            ],
            [
              7.874928,
              58.245385
            ],
            [
              7.874914,
              58.245395
            ],
            [
              7.874888,
              58.245404
            ],
            [
              7.874803,
              58.245372
            ]
          ]
        ]
      },
      "properties": {
        "epoch_id": "EPOCH-f48a533b01898dfd",
        "site_name": "CoreWeave Norway",
        "distance_to_site_km": 1.6903,
        "footprint_area_m2_webmercator": 555.92,
        "source_dataset": "Overture Maps buildings",
        "source_url": "https://docs.overturemaps.org/getting-data/",
        "source_release": "2026-09-23.1",
        "source_accessed_on": "2026-09-28",
        "geometry_role": "current building-footprint polygon",
        "linkage_semantics": "Overlap/proximity only; not evidence that the building hosts AI compute."
      }
    },
    {
      "type": "Feature",
      "id": "e13d4a53-62c0-4acb-9148-890f8ed41ec2",
      "geometry": {
        "type": "Polygon",
        "coordinates": [
          [
            [
              7.8743946,
              58.2455232
            ],
            [
              7.87436,
              58.245542
            ],
            [
              7.8743664,
              58.2455452
            ],
            [
              7.8741998,
              58.2456357
            ],
            [
              7.8740981,
              58.2455838
            ],
            [
              7.8742642,
              58.2454936
            ],
            [
              7.8742704,
              58.2454968
            ],
            [
              7.8743054,
              58.2454778
            ],
            [
              7.8743946,
              58.2455232
            ]
          ]
        ]
      },
      "properties": {
        "epoch_id": "EPOCH-f48a533b01898dfd",
        "site_name": "CoreWeave Norway",
        "distance_to_site_km": 1.6942,
        "footprint_area_m2_webmercator": 496.38,
        "source_dataset": "Overture Maps buildings",
        "source_url": "https://docs.overturemaps.org/getting-data/",
        "source_release": "2026-09-23.1",
        "source_accessed_on": "2026-09-28",
        "geometry_role": "current building-footprint polygon",
        "linkage_semantics": "Overlap/proximity only; not evidence that the building hosts AI compute."
      }
    },
    {
      "type": "Feature",
      "id": "af0c3d59-45ba-4449-950b-742fc6888e79",
      "geometry": {
        "type": "Polygon",
        "coordinates": [
          [
            [
              7.8752845,
              58.2448995
            ],
            [
              7.8751413,
              58.2449856
            ],
            [
              7.875014,
              58.244927
            ],
            [
              7.8751572,
              58.2448409
            ],
            [
              7.8752845,
              58.2448995
            ]
          ]
        ]
      },
      "properties": {
        "epoch_id": "EPOCH-f48a533b01898dfd",
        "site_name": "CoreWeave Norway",
        "distance_to_site_km": 1.7203,
        "footprint_area_m2_webmercator": 455.66,
        "source_dataset": "Overture Maps buildings",
        "source_url": "https://docs.overturemaps.org/getting-data/",
        "source_release": "2026-09-23.1",
        "source_accessed_on": "2026-09-28",
        "geometry_role": "current building-footprint polygon",
        "linkage_semantics": "Overlap/proximity only; not evidence that the building hosts AI compute."
      }
    },
    {
      "type": "Feature",
      "id": "a39fe76f-5f8d-427a-af7b-6afa07fc6b63",
      "geometry": {
        "type": "Polygon",
        "coordinates": [
          [
            [
              7.875807,
              58.2449562
            ],
            [
              7.8757797,
              58.2449777
            ],
            [
              7.87571,
              58.2449532
            ],
            [
              7.8757372,
              58.2449317
            ],
            [
              7.875807,
              58.2449562
            ]
          ]
        ]
      },
      "properties": {
        "epoch_id": "EPOCH-f48a533b01898dfd",
        "site_name": "CoreWeave Norway",
        "distance_to_site_km": 1.6963,
        "footprint_area_m2_webmercator": 51.03,
        "source_dataset": "Overture Maps buildings",
        "source_url": "https://docs.overturemaps.org/getting-data/",
        "source_release": "2026-09-23.1",
        "source_accessed_on": "2026-09-28",
        "geometry_role": "current building-footprint polygon",
        "linkage_semantics": "Overlap/proximity only; not evidence that the building hosts AI compute."
      }
    },
    {
      "type": "Feature",
      "id": "e3d021b3-5066-4e93-9085-9495762170b8",
      "geometry": {
        "type": "Polygon",
        "coordinates": [
          [
            [
              7.8757438,
              58.2450101
            ],
            [
              7.8756966,
              58.245041
            ],
            [
              7.8756591,
              58.2450252
            ],
            [
              7.8757063,
              58.2449943
            ],
            [
              7.8757438,
              58.2450101
            ]
          ]
        ]
      },
      "properties": {
        "epoch_id": "EPOCH-f48a533b01898dfd",
        "site_name": "CoreWeave Norway",
        "distance_to_site_km": 1.6924,
        "footprint_area_m2_webmercator": 44.84,
        "source_dataset": "Overture Maps buildings",
        "source_url": "https://docs.overturemaps.org/getting-data/",
        "source_release": "2026-09-23.1",
        "source_accessed_on": "2026-09-28",
        "geometry_role": "current building-footprint polygon",
        "linkage_semantics": "Overlap/proximity only; not evidence that the building hosts AI compute."
      }
    },
    {
      "type": "Feature",
      "id": "ce390689-14aa-470e-9147-cfd2011afa69",
      "geometry": {
        "type": "Polygon",
        "coordinates": [
          [
            [
              7.8749611,
              58.2449499
            ],
            [
              7.874943,
              58.244962
            ],
            [
              7.8750288,
              58.2449973
            ],
            [
              7.8749422,
              58.2450556
            ],
            [
              7.8748506,
              58.2450179
            ],
            [
              7.87489,
              58.2449914
            ],
            [
              7.8748634,
              58.2449804
            ],
            [
              7.8749287,
              58.2449365
            ],
            [
              7.8749611,
              58.2449499
            ]
          ]
        ]
      },
      "properties": {
        "epoch_id": "EPOCH-f48a533b01898dfd",
        "site_name": "CoreWeave Norway",
        "distance_to_site_km": 1.7198,
        "footprint_area_m2_webmercator": 249.61,
        "source_dataset": "Overture Maps buildings",
        "source_url": "https://docs.overturemaps.org/getting-data/",
        "source_release": "2026-09-23.1",
        "source_accessed_on": "2026-09-28",
        "geometry_role": "current building-footprint polygon",
        "linkage_semantics": "Overlap/proximity only; not evidence that the building hosts AI compute."
      }
    },
    {
      "type": "Feature",
      "id": "c2012e7a-fa5f-49e2-a22c-20ba07ca3f63",
      "geometry": {
        "type": "Polygon",
        "coordinates": [
          [
            [
              7.8755335,
              58.2450691
            ],
            [
              7.8754354,
              58.2450278
            ],
            [
              7.8754865,
              58.2449943
            ],
            [
              7.8755845,
              58.2450356
            ],
            [
              7.8755335,
              58.2450691
            ]
          ]
        ]
      },
      "properties": {
        "epoch_id": "EPOCH-f48a533b01898dfd",
        "site_name": "CoreWeave Norway",
        "distance_to_site_km": 1.6974,
        "footprint_area_m2_webmercator": 126.99,
        "source_dataset": "Overture Maps buildings",
        "source_url": "https://docs.overturemaps.org/getting-data/",
        "source_release": "2026-09-23.1",
        "source_accessed_on": "2026-09-28",
        "geometry_role": "current building-footprint polygon",
        "linkage_semantics": "Overlap/proximity only; not evidence that the building hosts AI compute."
      }
    },
    {
      "type": "Feature",
      "id": "48418093-2932-4c93-8eea-22c4aaf95483",
      "geometry": {
        "type": "Polygon",
        "coordinates": [
          [
            [
              7.8814559,
              58.2444561
            ],
            [
              7.8814069,
              58.2444911
            ],
            [
              7.8813521,
              58.2444699
            ],
            [
              7.8814011,
              58.2444349
            ],
            [
              7.8814559,
              58.2444561
            ]
          ]
        ]
      },
      "properties": {
        "epoch_id": "EPOCH-f48a533b01898dfd",
        "site_name": "CoreWeave Norway",
        "distance_to_site_km": 1.5853,
        "footprint_area_m2_webmercator": 69.62,
        "source_dataset": "Overture Maps buildings",
        "source_url": "https://docs.overturemaps.org/getting-data/",
        "source_release": "2026-09-23.1",
        "source_accessed_on": "2026-09-28",
        "geometry_role": "current building-footprint polygon",
        "linkage_semantics": "Overlap/proximity only; not evidence that the building hosts AI compute."
      }
    },
    {
      "type": "Feature",
      "id": "503d5b05-4f72-4451-b1c9-3acee96fd4d0",
      "geometry": {
        "type": "Polygon",
        "coordinates": [
          [
            [
              7.9068839,
              58.246043
            ],
            [
              7.9067699,
              58.246014
            ],
            [
              7.9068111,
              58.245969
            ],
            [
              7.9069251,
              58.245998
            ],
            [
              7.9068839,
              58.246043
            ]
          ]
        ]
      },
      "properties": {
        "epoch_id": "EPOCH-f48a533b01898dfd",
        "site_name": "CoreWeave Norway",
        "distance_to_site_km": 1.5504,
        "footprint_area_m2_webmercator": 148.93,
        "source_dataset": "Overture Maps buildings",
        "source_url": "https://docs.overturemaps.org/getting-data/",
        "source_release": "2026-09-23.1",
        "source_accessed_on": "2026-09-28",
        "geometry_role": "current building-footprint polygon",
        "linkage_semantics": "Overlap/proximity only; not evidence that the building hosts AI compute."
      }
    },
    {
      "type": "Feature",
      "id": "67056a3d-d41b-47c4-b5da-6033f7f53c81",
      "geometry": {
        "type": "Polygon",
        "coordinates": [
          [
            [
              7.8816299,
              58.2444298
            ],
            [
              7.8815533,
              58.2444841
            ],
            [
              7.8814709,
              58.244452
            ],
            [
              7.8815823,
              58.2443729
            ],
            [
              7.8816292,
              58.2443913
            ],
            [
              7.8815945,
              58.244416
            ],
            [
              7.8816299,
              58.2444298
            ]
          ]
        ]
      },
      "properties": {
        "epoch_id": "EPOCH-f48a533b01898dfd",
        "site_name": "CoreWeave Norway",
        "distance_to_site_km": 1.585,
        "footprint_area_m2_webmercator": 205.75,
        "source_dataset": "Overture Maps buildings",
        "source_url": "https://docs.overturemaps.org/getting-data/",
        "source_release": "2026-09-23.1",
        "source_accessed_on": "2026-09-28",
        "geometry_role": "current building-footprint polygon",
        "linkage_semantics": "Overlap/proximity only; not evidence that the building hosts AI compute."
      }
    },
    {
      "type": "Feature",
      "id": "4f4def0a-ca8f-4d79-a77d-740a30d8b569",
      "geometry": {
        "type": "Polygon",
        "coordinates": [
          [
            [
              7.9029139,
              58.2427675
            ],
            [
              7.9028875,
              58.2427441
            ],
            [
              7.9029362,
              58.2427289
            ],
            [
              7.9029626,
              58.2427523
            ],
            [
              7.9029139,
              58.2427675
            ]
          ]
        ]
      },
      "properties": {
        "epoch_id": "EPOCH-f48a533b01898dfd",
        "site_name": "CoreWeave Norway",
        "distance_to_site_km": 1.767,
        "footprint_area_m2_webmercator": 36.28,
        "source_dataset": "Overture Maps buildings",
        "source_url": "https://docs.overturemaps.org/getting-data/",
        "source_release": "2026-09-23.1",
        "source_accessed_on": "2026-09-28",
        "geometry_role": "current building-footprint polygon",
        "linkage_semantics": "Overlap/proximity only; not evidence that the building hosts AI compute."
      }
    }
  ]
}
