{
  "type": "FeatureCollection",
  "source": {
    "dataset": "Overture Maps buildings",
    "url": "https://docs.overturemaps.org/getting-data/",
    "accessed_on": "2026-09-27",
    "release": "2026-09-23.1",
    "site_epoch_id": "EPOCH-5b353d56a567a70b",
    "site_name": "Google New Albany",
    "site_latitude": 40.070051,
    "site_longitude": -82.754042,
    "search_bbox": [
      -82.774042,
      40.050050999999996,
      -82.734042,
      40.090051
    ],
    "filter_radius_km": 3.0,
    "semantics": "Current building polygons are ingested for physical geometry. They are not, by themselves, AI-facility identity evidence or a construction time series."
  },
  "features": [
    {
      "type": "Feature",
      "id": "257249a6-68d4-4056-a107-e7fe7f6a1437",
      "geometry": {
        "type": "Polygon",
        "coordinates": [
          [
            [
              -82.7729086,
              40.0584058
            ],
            [
              -82.7729121,
              40.0583422
            ],
            [
              -82.772766,
              40.0583376
            ],
            [
              -82.7727626,
              40.0584011
            ],
            [
              -82.7729086,
              40.0584058
            ]
          ]
        ]
      },
      "properties": {
        "epoch_id": "EPOCH-5b353d56a567a70b",
        "site_name": "Google New Albany",
        "distance_to_site_km": 2.0603,
        "footprint_area_m2_webmercator": 150.53,
        "source_dataset": "Overture Maps buildings",
        "source_url": "https://docs.overturemaps.org/getting-data/",
        "source_release": "2026-09-23.1",
        "source_accessed_on": "2026-09-27",
        "geometry_role": "current building-footprint polygon",
        "linkage_semantics": "Overlap/proximity only; not evidence that the building hosts AI compute."
      }
    },
    {
      "type": "Feature",
      "id": "69cd3a6b-d068-4f6b-a1f0-f7b060f5280c",
      "geometry": {
        "type": "Polygon",
        "coordinates": [
          [
            [
              -82.7691667,
              40.0581747
            ],
            [
              -82.7695228,
              40.058187
            ],
            [
              -82.7695364,
              40.0579546
            ],
            [
              -82.7691804,
              40.0579424
            ],
            [
              -82.7691667,
              40.0581747
            ]
          ]
        ]
      },
      "properties": {
        "epoch_id": "EPOCH-5b353d56a567a70b",
        "site_name": "Google New Albany",
        "distance_to_site_km": 1.8638,
        "footprint_area_m2_webmercator": 1342.11,
        "source_dataset": "Overture Maps buildings",
        "source_url": "https://docs.overturemaps.org/getting-data/",
        "source_release": "2026-09-23.1",
        "source_accessed_on": "2026-09-27",
        "geometry_role": "current building-footprint polygon",
        "linkage_semantics": "Overlap/proximity only; not evidence that the building hosts AI compute."
      }
    },
    {
      "type": "Feature",
      "id": "ae8bb2a1-b090-4277-a0ca-24ea88a97e1d",
      "geometry": {
        "type": "Polygon",
        "coordinates": [
          [
            [
              -82.770869,
              40.0576818
            ],
            [
              -82.7709355,
              40.057693
            ],
            [
              -82.7709541,
              40.0576284
            ],
            [
              -82.7708875,
              40.0576172
            ],
            [
              -82.770869,
              40.0576818
            ]
          ]
        ]
      },
      "properties": {
        "epoch_id": "EPOCH-5b353d56a567a70b",
        "site_name": "Google New Albany",
        "distance_to_site_km": 1.9902,
        "footprint_area_m2_webmercator": 72.97,
        "source_dataset": "Overture Maps buildings",
        "source_url": "https://docs.overturemaps.org/getting-data/",
        "source_release": "2026-09-23.1",
        "source_accessed_on": "2026-09-27",
        "geometry_role": "current building-footprint polygon",
        "linkage_semantics": "Overlap/proximity only; not evidence that the building hosts AI compute."
      }
    },
    {
      "type": "Feature",
      "id": "acdb79a6-b7ed-4f21-9c94-53f7bf2586e9",
      "geometry": {
        "type": "Polygon",
        "coordinates": [
          [
            [
              -82.7729611,
              40.0570794
            ],
            [
              -82.77297,
              40.0570587
            ],
            [
              -82.7729691,
              40.057037
            ],
            [
              -82.7729588,
              40.0570168
            ],
            [
              -82.7729419,
              40.0570017
            ],
            [
              -82.7729197,
              40.0569913
            ],
            [
              -82.7728944,
              40.0569867
            ],
            [
              -82.7728684,
              40.0569884
            ],
            [
              -82.7728445,
              40.0569963
            ],
            [
              -82.7728249,
              40.0570094
            ],
            [
              -82.7728117,
              40.0570265
            ],
            [
              -82.7728061,
              40.057046
            ],
            [
              -82.7728087,
              40.0570658
            ],
            [
              -82.7728192,
              40.057084
            ],
            [
              -82.7728386,
              40.0570999
            ],
            [
              -82.7728638,
              40.0571099
            ],
            [
              -82.7728919,
              40.0571127
            ],
            [
              -82.7729196,
              40.057108
            ],
            [
              -82.7729436,
              40.0570965
            ],
            [
              -82.7729611,
              40.0570794
            ]
          ]
        ]
      },
      "properties": {
        "epoch_id": "EPOCH-5b353d56a567a70b",
        "site_name": "Google New Albany",
        "distance_to_site_km": 2.1592,
        "footprint_area_m2_webmercator": 259.71,
        "source_dataset": "Overture Maps buildings",
        "source_url": "https://docs.overturemaps.org/getting-data/",
        "source_release": "2026-09-23.1",
        "source_accessed_on": "2026-09-27",
        "geometry_role": "current building-footprint polygon",
        "linkage_semantics": "Overlap/proximity only; not evidence that the building hosts AI compute."
      }
    },
    {
      "type": "Feature",
      "id": "bdd56390-913e-43b8-b2f8-51c65c8feb6e",
      "geometry": {
        "type": "Polygon",
        "coordinates": [
          [
            [
              -82.7731552,
              40.0572055
            ],
            [
              -82.7731641,
              40.0571849
            ],
            [
              -82.7731633,
              40.0571632
            ],
            [
              -82.7731529,
              40.057143
            ],
            [
              -82.773136,
              40.0571278
            ],
            [
              -82.7731138,
              40.0571175
            ],
            [
              -82.7730885,
              40.0571129
            ],
            [
              -82.7730625,
              40.0571146
            ],
            [
              -82.7730386,
              40.0571224
            ],
            [
              -82.773019,
              40.0571356
            ],
            [
              -82.7730058,
              40.0571527
            ],
            [
              -82.7730002,
              40.0571721
            ],
            [
              -82.7730028,
              40.057192
            ],
            [
              -82.7730133,
              40.0572102
            ],
            [
              -82.7730327,
              40.0572261
            ],
            [
              -82.7730579,
              40.057236
            ],
            [
              -82.773086,
              40.0572389
            ],
            [
              -82.7731137,
              40.0572342
            ],
            [
              -82.7731377,
              40.0572226
            ],
            [
              -82.7731552,
              40.0572055
            ]
          ]
        ]
      },
      "properties": {
        "epoch_id": "EPOCH-5b353d56a567a70b",
        "site_name": "Google New Albany",
        "distance_to_site_km": 2.1622,
        "footprint_area_m2_webmercator": 259.72,
        "source_dataset": "Overture Maps buildings",
        "source_url": "https://docs.overturemaps.org/getting-data/",
        "source_release": "2026-09-23.1",
        "source_accessed_on": "2026-09-27",
        "geometry_role": "current building-footprint polygon",
        "linkage_semantics": "Overlap/proximity only; not evidence that the building hosts AI compute."
      }
    },
    {
      "type": "Feature",
      "id": "336636bc-4fb9-4b77-9ab1-c81961042615",
      "geometry": {
        "type": "Polygon",
        "coordinates": [
          [
            [
              -82.7711636,
              40.056882
            ],
            [
              -82.7712172,
              40.0568832
            ],
            [
              -82.7712211,
              40.0567827
            ],
            [
              -82.7711675,
              40.0567815
            ],
            [
              -82.7711636,
              40.056882
            ]
          ]
        ]
      },
      "properties": {
        "epoch_id": "EPOCH-5b353d56a567a70b",
        "site_name": "Google New Albany",
        "distance_to_site_km": 2.0714,
        "footprint_area_m2_webmercator": 87.29,
        "source_dataset": "Overture Maps buildings",
        "source_url": "https://docs.overturemaps.org/getting-data/",
        "source_release": "2026-09-23.1",
        "source_accessed_on": "2026-09-27",
        "geometry_role": "current building-footprint polygon",
        "linkage_semantics": "Overlap/proximity only; not evidence that the building hosts AI compute."
      }
    },
    {
      "type": "Feature",
      "id": "ae600090-6227-48ab-8fd4-6e6c6a5c0133",
      "geometry": {
        "type": "Polygon",
        "coordinates": [
          [
            [
              -82.7712102,
              40.0569675
            ],
            [
              -82.7711486,
              40.056966
            ],
            [
              -82.7711421,
              40.0571198
            ],
            [
              -82.7712037,
              40.0571213
            ],
            [
              -82.7712102,
              40.0569675
            ]
          ]
        ]
      },
      "properties": {
        "epoch_id": "EPOCH-5b353d56a567a70b",
        "site_name": "Google New Albany",
        "distance_to_site_km": 2.0538,
        "footprint_area_m2_webmercator": 153.54,
        "source_dataset": "Overture Maps buildings",
        "source_url": "https://docs.overturemaps.org/getting-data/",
        "source_release": "2026-09-23.1",
        "source_accessed_on": "2026-09-27",
        "geometry_role": "current building-footprint polygon",
        "linkage_semantics": "Overlap/proximity only; not evidence that the building hosts AI compute."
      }
    },
    {
      "type": "Feature",
      "id": "0af05d2c-682b-4373-ae6b-ed726ef56c79",
      "geometry": {
        "type": "Polygon",
        "coordinates": [
          [
            [
              -82.7712427,
              40.0565963
            ],
            [
              -82.7711784,
              40.0565948
            ],
            [
              -82.771172,
              40.0567514
            ],
            [
              -82.7712363,
              40.056753
            ],
            [
              -82.7712427,
              40.0565963
            ]
          ]
        ]
      },
      "properties": {
        "epoch_id": "EPOCH-5b353d56a567a70b",
        "site_name": "Google New Albany",
        "distance_to_site_km": 2.0848,
        "footprint_area_m2_webmercator": 163.24,
        "source_dataset": "Overture Maps buildings",
        "source_url": "https://docs.overturemaps.org/getting-data/",
        "source_release": "2026-09-23.1",
        "source_accessed_on": "2026-09-27",
        "geometry_role": "current building-footprint polygon",
        "linkage_semantics": "Overlap/proximity only; not evidence that the building hosts AI compute."
      }
    },
    {
      "type": "Feature",
      "id": "801bdbaa-bf84-4aac-aa2a-199de26a4ceb",
      "geometry": {
        "type": "Polygon",
        "coordinates": [
          [
            [
              -82.7712764,
              40.0576832
            ],
            [
              -82.7725212,
              40.0577445
            ],
            [
              -82.7727369,
              40.0553155
            ],
            [
              -82.7715969,
              40.0552778
            ],
            [
              -82.7713997,
              40.0573625
            ],
            [
              -82.7713011,
              40.0573625
            ],
            [
              -82.7712764,
              40.0576832
            ]
          ]
        ]
      },
      "properties": {
        "epoch_id": "EPOCH-5b353d56a567a70b",
        "site_name": "Google New Albany",
        "distance_to_site_km": 2.1475,
        "footprint_area_m2_webmercator": 45566.11,
        "source_dataset": "Overture Maps buildings",
        "source_url": "https://docs.overturemaps.org/getting-data/",
        "source_release": "2026-09-23.1",
        "source_accessed_on": "2026-09-27",
        "geometry_role": "current building-footprint polygon",
        "linkage_semantics": "Overlap/proximity only; not evidence that the building hosts AI compute."
      }
    },
    {
      "type": "Feature",
      "id": "44e6c2b1-4be9-4320-abf8-a27f670a958f",
      "geometry": {
        "type": "Polygon",
        "coordinates": [
          [
            [
              -82.7731077,
              40.0562755
            ],
            [
              -82.7731173,
              40.0561672
            ],
            [
              -82.7729171,
              40.0561567
            ],
            [
              -82.7729062,
              40.0562793
            ],
            [
              -82.7730317,
              40.0562859
            ],
            [
              -82.7730211,
              40.0564044
            ],
            [
              -82.7731439,
              40.0564108
            ],
            [
              -82.773143,
              40.056421
            ],
            [
              -82.7731964,
              40.0564238
            ],
            [
              -82.773199,
              40.0563952
            ],
            [
              -82.773239,
              40.0563973
            ],
            [
              -82.7732492,
              40.0562828
            ],
            [
              -82.7731077,
              40.0562755
            ]
          ]
        ]
      },
      "properties": {
        "epoch_id": "EPOCH-5b353d56a567a70b",
        "site_name": "Google New Albany",
        "distance_to_site_km": 2.2285,
        "footprint_area_m2_webmercator": 845.97,
        "source_dataset": "Overture Maps buildings",
        "source_url": "https://docs.overturemaps.org/getting-data/",
        "source_release": "2026-09-23.1",
        "source_accessed_on": "2026-09-27",
        "geometry_role": "current building-footprint polygon",
        "linkage_semantics": "Overlap/proximity only; not evidence that the building hosts AI compute."
      }
    },
    {
      "type": "Feature",
      "id": "2d09cb8b-bc25-4752-9933-14fe40bc1f28",
      "geometry": {
        "type": "Polygon",
        "coordinates": [
          [
            [
              -82.7733044,
              40.0556366
            ],
            [
              -82.7733188,
              40.0553619
            ],
            [
              -82.773134,
              40.0553563
            ],
            [
              -82.7731196,
              40.0556309
            ],
            [
              -82.7733044,
              40.0556366
            ]
          ]
        ]
      },
      "properties": {
        "epoch_id": "EPOCH-5b353d56a567a70b",
        "site_name": "Google New Albany",
        "distance_to_site_km": 2.2984,
        "footprint_area_m2_webmercator": 823.04,
        "source_dataset": "Overture Maps buildings",
        "source_url": "https://docs.overturemaps.org/getting-data/",
        "source_release": "2026-09-23.1",
        "source_accessed_on": "2026-09-27",
        "geometry_role": "current building-footprint polygon",
        "linkage_semantics": "Overlap/proximity only; not evidence that the building hosts AI compute."
      }
    },
    {
      "type": "Feature",
      "id": "ce4b1087-06da-45bf-8c4f-6d32e9d41d89",
      "geometry": {
        "type": "Polygon",
        "coordinates": [
          [
            [
              -82.771152,
              40.05237
            ],
            [
              -82.7711592,
              40.0523098
            ],
            [
              -82.7711546,
              40.05231
            ],
            [
              -82.771152,
              40.05237
            ]
          ]
        ]
      },
      "properties": {
        "epoch_id": "EPOCH-5b353d56a567a70b",
        "site_name": "Google New Albany",
        "distance_to_site_km": 2.4503,
        "footprint_area_m2_webmercator": 2.23,
        "source_dataset": "Overture Maps buildings",
        "source_url": "https://docs.overturemaps.org/getting-data/",
        "source_release": "2026-09-23.1",
        "source_accessed_on": "2026-09-27",
        "geometry_role": "current building-footprint polygon",
        "linkage_semantics": "Overlap/proximity only; not evidence that the building hosts AI compute."
      }
    },
    {
      "type": "Feature",
      "id": "efacc60c-046f-4b2d-a5b0-dc04fdf714f7",
      "geometry": {
        "type": "Polygon",
        "coordinates": [
          [
            [
              -82.7716084,
              40.0521334
            ],
            [
              -82.7716051,
              40.0521828
            ],
            [
              -82.7716687,
              40.0521854
            ],
            [
              -82.7716639,
              40.0522554
            ],
            [
              -82.7717901,
              40.0522605
            ],
            [
              -82.7717976,
              40.0521503
            ],
            [
              -82.7716784,
              40.0521455
            ],
            [
              -82.771679,
              40.0521363
            ],
            [
              -82.7716721,
              40.052136
            ],
            [
              -82.7716211,
              40.0521339
            ],
            [
              -82.7716084,
              40.0521334
            ]
          ]
        ]
      },
      "properties": {
        "epoch_id": "EPOCH-5b353d56a567a70b",
        "site_name": "Google New Albany",
        "distance_to_site_km": 2.4908,
        "footprint_area_m2_webmercator": 277.78,
        "source_dataset": "Overture Maps buildings",
        "source_url": "https://docs.overturemaps.org/getting-data/",
        "source_release": "2026-09-23.1",
        "source_accessed_on": "2026-09-27",
        "geometry_role": "current building-footprint polygon",
        "linkage_semantics": "Overlap/proximity only; not evidence that the building hosts AI compute."
      }
    },
    {
      "type": "Feature",
      "id": "daebfa03-7719-4c06-b9e0-de60a60ec256",
      "geometry": {
        "type": "Polygon",
        "coordinates": [
          [
            [
              -82.7718374,
              40.0522288
            ],
            [
              -82.771829,
              40.0522279
            ],
            [
              -82.7718268,
              40.0522625
            ],
            [
              -82.7718374,
              40.0522288
            ]
          ]
        ]
      },
      "properties": {
        "epoch_id": "EPOCH-5b353d56a567a70b",
        "site_name": "Google New Albany",
        "distance_to_site_km": 2.4929,
        "footprint_area_m2_webmercator": 2.37,
        "source_dataset": "Overture Maps buildings",
        "source_url": "https://docs.overturemaps.org/getting-data/",
        "source_release": "2026-09-23.1",
        "source_accessed_on": "2026-09-27",
        "geometry_role": "current building-footprint polygon",
        "linkage_semantics": "Overlap/proximity only; not evidence that the building hosts AI compute."
      }
    },
    {
      "type": "Feature",
      "id": "7a315a69-0fe6-455a-acfe-5ec9bc827adb",
      "geometry": {
        "type": "Polygon",
        "coordinates": [
          [
            [
              -82.7725574,
              40.0520602
            ],
            [
              -82.7722316,
              40.0520648
            ],
            [
              -82.7722348,
              40.0521987
            ],
            [
              -82.7725606,
              40.0521941
            ],
            [
              -82.7725574,
              40.0520602
            ]
          ]
        ]
      },
      "properties": {
        "epoch_id": "EPOCH-5b353d56a567a70b",
        "site_name": "Google New Albany",
        "distance_to_site_km": 2.532,
        "footprint_area_m2_webmercator": 706.48,
        "source_dataset": "Overture Maps buildings",
        "source_url": "https://docs.overturemaps.org/getting-data/",
        "source_release": "2026-09-23.1",
        "source_accessed_on": "2026-09-27",
        "geometry_role": "current building-footprint polygon",
        "linkage_semantics": "Overlap/proximity only; not evidence that the building hosts AI compute."
      }
    },
    {
      "type": "Feature",
      "id": "fa379d33-c7ad-46e1-b707-d0894193a860",
      "geometry": {
        "type": "Polygon",
        "coordinates": [
          [
            [
              -82.7738983,
              40.0516104
            ],
            [
              -82.7738886,
              40.0517318
            ],
            [
              -82.7739657,
              40.0517355
            ],
            [
              -82.7739675,
              40.051714
            ],
            [
              -82.7740537,
              40.0517181
            ],
            [
              -82.7740609,
              40.051628
            ],
            [
              -82.7739943,
              40.0516248
            ],
            [
              -82.7739951,
              40.0516149
            ],
            [
              -82.7738983,
              40.0516104
            ]
          ]
        ]
      },
      "properties": {
        "epoch_id": "EPOCH-5b353d56a567a70b",
        "site_name": "Google New Albany",
        "distance_to_site_km": 2.6557,
        "footprint_area_m2_webmercator": 281.72,
        "source_dataset": "Overture Maps buildings",
        "source_url": "https://docs.overturemaps.org/getting-data/",
        "source_release": "2026-09-23.1",
        "source_accessed_on": "2026-09-27",
        "geometry_role": "current building-footprint polygon",
        "linkage_semantics": "Overlap/proximity only; not evidence that the building hosts AI compute."
      }
    },
    {
      "type": "Feature",
      "id": "8121ef83-d57a-449c-8a41-dcfa1ef44d8b",
      "geometry": {
        "type": "Polygon",
        "coordinates": [
          [
            [
              -82.7738225,
              40.0517474
            ],
            [
              -82.7737263,
              40.0517501
            ],
            [
              -82.7737297,
              40.0518205
            ],
            [
              -82.7738258,
              40.0518178
            ],
            [
              -82.7738225,
              40.0517474
            ]
          ]
        ]
      },
      "properties": {
        "epoch_id": "EPOCH-5b353d56a567a70b",
        "site_name": "Google New Albany",
        "distance_to_site_km": 2.6356,
        "footprint_area_m2_webmercator": 109.73,
        "source_dataset": "Overture Maps buildings",
        "source_url": "https://docs.overturemaps.org/getting-data/",
        "source_release": "2026-09-23.1",
        "source_accessed_on": "2026-09-27",
        "geometry_role": "current building-footprint polygon",
        "linkage_semantics": "Overlap/proximity only; not evidence that the building hosts AI compute."
      }
    },
    {
      "type": "Feature",
      "id": "18f3ad4e-df9c-4883-ba0f-7dbcab849269",
      "geometry": {
        "type": "Polygon",
        "coordinates": [
          [
            [
              -82.7732804,
              40.051617
            ],
            [
              -82.7732747,
              40.0517182
            ],
            [
              -82.773336,
              40.0517202
            ],
            [
              -82.773337,
              40.0517022
            ],
            [
              -82.7735203,
              40.0517082
            ],
            [
              -82.7735267,
              40.0515925
            ],
            [
              -82.773426,
              40.0515891
            ],
            [
              -82.7734242,
              40.0516217
            ],
            [
              -82.7732804,
              40.051617
            ]
          ]
        ]
      },
      "properties": {
        "epoch_id": "EPOCH-5b353d56a567a70b",
        "site_name": "Google New Albany",
        "distance_to_site_km": 2.6266,
        "footprint_area_m2_webmercator": 401.04,
        "source_dataset": "Overture Maps buildings",
        "source_url": "https://docs.overturemaps.org/getting-data/",
        "source_release": "2026-09-23.1",
        "source_accessed_on": "2026-09-27",
        "geometry_role": "current building-footprint polygon",
        "linkage_semantics": "Overlap/proximity only; not evidence that the building hosts AI compute."
      }
    },
    {
      "type": "Feature",
      "id": "0fdbcdd3-1b29-4cb9-ab19-9ead318ac831",
      "geometry": {
        "type": "Polygon",
        "coordinates": [
          [
            [
              -82.7721485,
              40.0515328
            ],
            [
              -82.7721435,
              40.0515932
            ],
            [
              -82.772266,
              40.0515993
            ],
            [
              -82.772271,
              40.0515388
            ],
            [
              -82.7721485,
              40.0515328
            ]
          ]
        ]
      },
      "properties": {
        "epoch_id": "EPOCH-5b353d56a567a70b",
        "site_name": "Google New Albany",
        "distance_to_site_km": 2.5719,
        "footprint_area_m2_webmercator": 120.37,
        "source_dataset": "Overture Maps buildings",
        "source_url": "https://docs.overturemaps.org/getting-data/",
        "source_release": "2026-09-23.1",
        "source_accessed_on": "2026-09-27",
        "geometry_role": "current building-footprint polygon",
        "linkage_semantics": "Overlap/proximity only; not evidence that the building hosts AI compute."
      }
    },
    {
      "type": "Feature",
      "id": "cfac8ee0-c4fb-46bc-9c9b-004816da5928",
      "geometry": {
        "type": "Polygon",
        "coordinates": [
          [
            [
              -82.7716449,
              40.0517112
            ],
            [
              -82.7716387,
              40.0517108
            ],
            [
              -82.7716393,
              40.0517464
            ],
            [
              -82.7716449,
              40.0517112
            ]
          ]
        ]
      },
      "properties": {
        "epoch_id": "EPOCH-5b353d56a567a70b",
        "site_name": "Google New Albany",
        "distance_to_site_km": 2.5292,
        "footprint_area_m2_webmercator": 1.78,
        "source_dataset": "Overture Maps buildings",
        "source_url": "https://docs.overturemaps.org/getting-data/",
        "source_release": "2026-09-23.1",
        "source_accessed_on": "2026-09-27",
        "geometry_role": "current building-footprint polygon",
        "linkage_semantics": "Overlap/proximity only; not evidence that the building hosts AI compute."
      }
    },
    {
      "type": "Feature",
      "id": "c2abace2-6f29-4f28-a01d-3e8b7f74dca0",
      "geometry": {
        "type": "Polygon",
        "coordinates": [
          [
            [
              -82.7715639,
              40.051656
            ],
            [
              -82.7715627,
              40.0516775
            ],
            [
              -82.7715869,
              40.0516782
            ],
            [
              -82.7715882,
              40.0516547
            ],
            [
              -82.7715811,
              40.0516465
            ],
            [
              -82.7715512,
              40.0515898
            ],
            [
              -82.7715434,
              40.0515897
            ],
            [
              -82.7715503,
              40.0516585
            ],
            [
              -82.7715639,
              40.051656
            ]
          ]
        ]
      },
      "properties": {
        "epoch_id": "EPOCH-5b353d56a567a70b",
        "site_name": "Google New Albany",
        "distance_to_site_km": 2.5327,
        "footprint_area_m2_webmercator": 32.59,
        "source_dataset": "Overture Maps buildings",
        "source_url": "https://docs.overturemaps.org/getting-data/",
        "source_release": "2026-09-23.1",
        "source_accessed_on": "2026-09-27",
        "geometry_role": "current building-footprint polygon",
        "linkage_semantics": "Overlap/proximity only; not evidence that the building hosts AI compute."
      }
    },
    {
      "type": "Feature",
      "id": "78092bf6-7059-48ef-b0f8-197152762b8e",
      "geometry": {
        "type": "Polygon",
        "coordinates": [
          [
            [
              -82.7716394,
              40.0516634
            ],
            [
              -82.7716378,
              40.0515949
            ],
            [
              -82.7716316,
              40.0515953
            ],
            [
              -82.7716394,
              40.0516634
            ]
          ]
        ]
      },
      "properties": {
        "epoch_id": "EPOCH-5b353d56a567a70b",
        "site_name": "Google New Albany",
        "distance_to_site_km": 2.5383,
        "footprint_area_m2_webmercator": 3.44,
        "source_dataset": "Overture Maps buildings",
        "source_url": "https://docs.overturemaps.org/getting-data/",
        "source_release": "2026-09-23.1",
        "source_accessed_on": "2026-09-27",
        "geometry_role": "current building-footprint polygon",
        "linkage_semantics": "Overlap/proximity only; not evidence that the building hosts AI compute."
      }
    },
    {
      "type": "Feature",
      "id": "75e645f0-3a07-48b0-b117-1319ef7d785f",
      "geometry": {
        "type": "Polygon",
        "coordinates": [
          [
            [
              -82.7716423,
              40.051751
            ],
            [
              -82.7716358,
              40.0518137
            ],
            [
              -82.7718171,
              40.0518248
            ],
            [
              -82.7718236,
              40.0517621
            ],
            [
              -82.7716423,
              40.051751
            ]
          ]
        ]
      },
      "properties": {
        "epoch_id": "EPOCH-5b353d56a567a70b",
        "site_name": "Google New Albany",
        "distance_to_site_km": 2.5278,
        "footprint_area_m2_webmercator": 185.2,
        "source_dataset": "Overture Maps buildings",
        "source_url": "https://docs.overturemaps.org/getting-data/",
        "source_release": "2026-09-23.1",
        "source_accessed_on": "2026-09-27",
        "geometry_role": "current building-footprint polygon",
        "linkage_semantics": "Overlap/proximity only; not evidence that the building hosts AI compute."
      }
    },
    {
      "type": "Feature",
      "id": "25ccd57a-0b96-4863-affc-5ab98b08e053",
      "geometry": {
        "type": "Polygon",
        "coordinates": [
          [
            [
              -82.7716314,
              40.0518364
            ],
            [
              -82.7716248,
              40.0518979
            ],
            [
              -82.7717396,
              40.0519052
            ],
            [
              -82.7717462,
              40.0518437
            ],
            [
              -82.7716314,
              40.0518364
            ]
          ]
        ]
      },
      "properties": {
        "epoch_id": "EPOCH-5b353d56a567a70b",
        "site_name": "Google New Albany",
        "distance_to_site_km": 2.5182,
        "footprint_area_m2_webmercator": 115.08,
        "source_dataset": "Overture Maps buildings",
        "source_url": "https://docs.overturemaps.org/getting-data/",
        "source_release": "2026-09-23.1",
        "source_accessed_on": "2026-09-27",
        "geometry_role": "current building-footprint polygon",
        "linkage_semantics": "Overlap/proximity only; not evidence that the building hosts AI compute."
      }
    },
    {
      "type": "Feature",
      "id": "18346f5d-af27-4e07-a8bc-9c3d34263133",
      "geometry": {
        "type": "Polygon",
        "coordinates": [
          [
            [
              -82.7720282,
              40.0518315
            ],
            [
              -82.7720203,
              40.0519105
            ],
            [
              -82.7721427,
              40.0519177
            ],
            [
              -82.7721478,
              40.0518666
            ],
            [
              -82.7721274,
              40.0518654
            ],
            [
              -82.7721302,
              40.0518375
            ],
            [
              -82.7720282,
              40.0518315
            ]
          ]
        ]
      },
      "properties": {
        "epoch_id": "EPOCH-5b353d56a567a70b",
        "site_name": "Google New Albany",
        "distance_to_site_km": 2.538,
        "footprint_area_m2_webmercator": 148.19,
        "source_dataset": "Overture Maps buildings",
        "source_url": "https://docs.overturemaps.org/getting-data/",
        "source_release": "2026-09-23.1",
        "source_accessed_on": "2026-09-27",
        "geometry_role": "current building-footprint polygon",
        "linkage_semantics": "Overlap/proximity only; not evidence that the building hosts AI compute."
      }
    },
    {
      "type": "Feature",
      "id": "edd1fc63-e362-4497-9b30-e8249efcb3f2",
      "geometry": {
        "type": "Polygon",
        "coordinates": [
          [
            [
              -82.772029,
              40.0519642
            ],
            [
              -82.7720246,
              40.0519641
            ],
            [
              -82.7720274,
              40.0520061
            ],
            [
              -82.772029,
              40.0519642
            ]
          ]
        ]
      },
      "properties": {
        "epoch_id": "EPOCH-5b353d56a567a70b",
        "site_name": "Google New Albany",
        "distance_to_site_km": 2.5261,
        "footprint_area_m2_webmercator": 1.49,
        "source_dataset": "Overture Maps buildings",
        "source_url": "https://docs.overturemaps.org/getting-data/",
        "source_release": "2026-09-23.1",
        "source_accessed_on": "2026-09-27",
        "geometry_role": "current building-footprint polygon",
        "linkage_semantics": "Overlap/proximity only; not evidence that the building hosts AI compute."
      }
    },
    {
      "type": "Feature",
      "id": "342129d2-c210-4fe4-a749-664fab61e8f0",
      "geometry": {
        "type": "Polygon",
        "coordinates": [
          [
            [
              -82.7718674,
              40.0519419
            ],
            [
              -82.771861,
              40.0520483
            ],
            [
              -82.7719783,
              40.0520525
            ],
            [
              -82.7719847,
              40.051946
            ],
            [
              -82.7718674,
              40.0519419
            ]
          ]
        ]
      },
      "properties": {
        "epoch_id": "EPOCH-5b353d56a567a70b",
        "site_name": "Google New Albany",
        "distance_to_site_km": 2.5191,
        "footprint_area_m2_webmercator": 202.58,
        "source_dataset": "Overture Maps buildings",
        "source_url": "https://docs.overturemaps.org/getting-data/",
        "source_release": "2026-09-23.1",
        "source_accessed_on": "2026-09-27",
        "geometry_role": "current building-footprint polygon",
        "linkage_semantics": "Overlap/proximity only; not evidence that the building hosts AI compute."
      }
    },
    {
      "type": "Feature",
      "id": "9a5bd2a5-552f-4f25-afaf-91c11fa64cc0",
      "geometry": {
        "type": "Polygon",
        "coordinates": [
          [
            [
              -82.7716395,
              40.0520199
            ],
            [
              -82.7716585,
              40.0519926
            ],
            [
              -82.7716292,
              40.0519799
            ],
            [
              -82.7716395,
              40.0520199
            ]
          ]
        ]
      },
      "properties": {
        "epoch_id": "EPOCH-5b353d56a567a70b",
        "site_name": "Google New Albany",
        "distance_to_site_km": 2.5047,
        "footprint_area_m2_webmercator": 8.43,
        "source_dataset": "Overture Maps buildings",
        "source_url": "https://docs.overturemaps.org/getting-data/",
        "source_release": "2026-09-23.1",
        "source_accessed_on": "2026-09-27",
        "geometry_role": "current building-footprint polygon",
        "linkage_semantics": "Overlap/proximity only; not evidence that the building hosts AI compute."
      }
    },
    {
      "type": "Feature",
      "id": "2f2174b6-6490-4b3b-b956-14743c4fe394",
      "geometry": {
        "type": "Polygon",
        "coordinates": [
          [
            [
              -82.7713159,
              40.0519165
            ],
            [
              -82.7712953,
              40.0520771
            ],
            [
              -82.7714327,
              40.0520875
            ],
            [
              -82.7714533,
              40.0519269
            ],
            [
              -82.7713159,
              40.0519165
            ]
          ]
        ]
      },
      "properties": {
        "epoch_id": "EPOCH-5b353d56a567a70b",
        "site_name": "Google New Albany",
        "distance_to_site_km": 2.4907,
        "footprint_area_m2_webmercator": 360.7,
        "source_dataset": "Overture Maps buildings",
        "source_url": "https://docs.overturemaps.org/getting-data/",
        "source_release": "2026-09-23.1",
        "source_accessed_on": "2026-09-27",
        "geometry_role": "current building-footprint polygon",
        "linkage_semantics": "Overlap/proximity only; not evidence that the building hosts AI compute."
      }
    },
    {
      "type": "Feature",
      "id": "e1d17881-636f-4e2b-8819-bc29d2287971",
      "geometry": {
        "type": "Polygon",
        "coordinates": [
          [
            [
              -82.7716275,
              40.0514469
            ],
            [
              -82.7716357,
              40.0514097
            ],
            [
              -82.7716247,
              40.0514089
            ],
            [
              -82.7716275,
              40.0514469
            ]
          ]
        ]
      },
      "properties": {
        "epoch_id": "EPOCH-5b353d56a567a70b",
        "site_name": "Google New Albany",
        "distance_to_site_km": 2.5556,
        "footprint_area_m2_webmercator": 3.37,
        "source_dataset": "Overture Maps buildings",
        "source_url": "https://docs.overturemaps.org/getting-data/",
        "source_release": "2026-09-23.1",
        "source_accessed_on": "2026-09-27",
        "geometry_role": "current building-footprint polygon",
        "linkage_semantics": "Overlap/proximity only; not evidence that the building hosts AI compute."
      }
    },
    {
      "type": "Feature",
      "id": "be86fd94-48d4-4c06-8dc0-19fe483fc42e",
      "geometry": {
        "type": "Polygon",
        "coordinates": [
          [
            [
              -82.7717692,
              40.0513626
            ],
            [
              -82.7717591,
              40.0514053
            ],
            [
              -82.771757,
              40.0514141
            ],
            [
              -82.7717514,
              40.0514375
            ],
            [
              -82.7718066,
              40.0514453
            ],
            [
              -82.7718007,
              40.05147
            ],
            [
              -82.7718066,
              40.0514709
            ],
            [
              -82.7718437,
              40.0514761
            ],
            [
              -82.7718675,
              40.0514794
            ],
            [
              -82.771875,
              40.0514477
            ],
            [
              -82.7718983,
              40.0513497
            ],
            [
              -82.7718316,
              40.0513403
            ],
            [
              -82.7718244,
              40.0513704
            ],
            [
              -82.7717692,
              40.0513626
            ]
          ]
        ]
      },
      "properties": {
        "epoch_id": "EPOCH-5b353d56a567a70b",
        "site_name": "Google New Albany",
        "distance_to_site_km": 2.5669,
        "footprint_area_m2_webmercator": 214.03,
        "source_dataset": "Overture Maps buildings",
        "source_url": "https://docs.overturemaps.org/getting-data/",
        "source_release": "2026-09-23.1",
        "source_accessed_on": "2026-09-27",
        "geometry_role": "current building-footprint polygon",
        "linkage_semantics": "Overlap/proximity only; not evidence that the building hosts AI compute."
      }
    },
    {
      "type": "Feature",
      "id": "709423a9-8683-4e30-b3cc-3258b0d3d06b",
      "geometry": {
        "type": "Polygon",
        "coordinates": [
          [
            [
              -82.7721266,
              40.0514138
            ],
            [
              -82.772121,
              40.0514742
            ],
            [
              -82.7722072,
              40.0514789
            ],
            [
              -82.7722127,
              40.0514185
            ],
            [
              -82.7721266,
              40.0514138
            ]
          ]
        ]
      },
      "properties": {
        "epoch_id": "EPOCH-5b353d56a567a70b",
        "site_name": "Google New Albany",
        "distance_to_site_km": 2.5805,
        "footprint_area_m2_webmercator": 84.66,
        "source_dataset": "Overture Maps buildings",
        "source_url": "https://docs.overturemaps.org/getting-data/",
        "source_release": "2026-09-23.1",
        "source_accessed_on": "2026-09-27",
        "geometry_role": "current building-footprint polygon",
        "linkage_semantics": "Overlap/proximity only; not evidence that the building hosts AI compute."
      }
    },
    {
      "type": "Feature",
      "id": "2e94dd83-de73-4412-bca2-401ebe41390f",
      "geometry": {
        "type": "Polygon",
        "coordinates": [
          [
            [
              -82.7692708,
              40.0504786
            ],
            [
              -82.769259,
              40.0506011
            ],
            [
              -82.7695447,
              40.0506173
            ],
            [
              -82.7695564,
              40.0504948
            ],
            [
              -82.7692708,
              40.0504786
            ]
          ]
        ]
      },
      "properties": {
        "epoch_id": "EPOCH-5b353d56a567a70b",
        "site_name": "Google New Albany",
        "distance_to_site_km": 2.5324,
        "footprint_area_m2_webmercator": 569.56,
        "source_dataset": "Overture Maps buildings",
        "source_url": "https://docs.overturemaps.org/getting-data/",
        "source_release": "2026-09-23.1",
        "source_accessed_on": "2026-09-27",
        "geometry_role": "current building-footprint polygon",
        "linkage_semantics": "Overlap/proximity only; not evidence that the building hosts AI compute."
      }
    },
    {
      "type": "Feature",
      "id": "ef6ec0ba-c52a-4fe9-be7c-e442f21fe3ae",
      "geometry": {
        "type": "Polygon",
        "coordinates": [
          [
            [
              -82.7697379,
              40.0504851
            ],
            [
              -82.7697225,
              40.0506326
            ],
            [
              -82.7699136,
              40.0506443
            ],
            [
              -82.7699157,
              40.050624
            ],
            [
              -82.7699233,
              40.0506245
            ],
            [
              -82.7699322,
              40.0505386
            ],
            [
              -82.769822,
              40.0505318
            ],
            [
              -82.7698226,
              40.0505254
            ],
            [
              -82.7697939,
              40.0505236
            ],
            [
              -82.7697975,
              40.0504888
            ],
            [
              -82.7697379,
              40.0504851
            ]
          ]
        ]
      },
      "properties": {
        "epoch_id": "EPOCH-5b353d56a567a70b",
        "site_name": "Google New Albany",
        "distance_to_site_km": 2.548,
        "footprint_area_m2_webmercator": 384.29,
        "source_dataset": "Overture Maps buildings",
        "source_url": "https://docs.overturemaps.org/getting-data/",
        "source_release": "2026-09-23.1",
        "source_accessed_on": "2026-09-27",
        "geometry_role": "current building-footprint polygon",
        "linkage_semantics": "Overlap/proximity only; not evidence that the building hosts AI compute."
      }
    },
    {
      "type": "Feature",
      "id": "8a16cc09-c406-4a66-b886-1aeb78b7fc81",
      "geometry": {
        "type": "Polygon",
        "coordinates": [
          [
            [
              -82.769666,
              40.0503373
            ],
            [
              -82.7696655,
              40.0503972
            ],
            [
              -82.7697089,
              40.0503974
            ],
            [
              -82.7697094,
              40.0503375
            ],
            [
              -82.769666,
              40.0503373
            ]
          ]
        ]
      },
      "properties": {
        "epoch_id": "EPOCH-5b353d56a567a70b",
        "site_name": "Google New Albany",
        "distance_to_site_km": 2.5619,
        "footprint_area_m2_webmercator": 42.09,
        "source_dataset": "Overture Maps buildings",
        "source_url": "https://docs.overturemaps.org/getting-data/",
        "source_release": "2026-09-23.1",
        "source_accessed_on": "2026-09-27",
        "geometry_role": "current building-footprint polygon",
        "linkage_semantics": "Overlap/proximity only; not evidence that the building hosts AI compute."
      }
    },
    {
      "type": "Feature",
      "id": "084febe6-edd2-4005-8751-9047751845d8",
      "geometry": {
        "type": "Polygon",
        "coordinates": [
          [
            [
              -82.7705916,
              40.0504256
            ],
            [
              -82.7705851,
              40.0505322
            ],
            [
              -82.7706765,
              40.0505355
            ],
            [
              -82.7706831,
              40.0504289
            ],
            [
              -82.7705916,
              40.0504256
            ]
          ]
        ]
      },
      "properties": {
        "epoch_id": "EPOCH-5b353d56a567a70b",
        "site_name": "Google New Albany",
        "distance_to_site_km": 2.5941,
        "footprint_area_m2_webmercator": 158.17,
        "source_dataset": "Overture Maps buildings",
        "source_url": "https://docs.overturemaps.org/getting-data/",
        "source_release": "2026-09-23.1",
        "source_accessed_on": "2026-09-27",
        "geometry_role": "current building-footprint polygon",
        "linkage_semantics": "Overlap/proximity only; not evidence that the building hosts AI compute."
      }
    },
    {
      "type": "Feature",
      "id": "8929516a-5d92-4606-8ce8-745681975f97",
      "geometry": {
        "type": "Polygon",
        "coordinates": [
          [
            [
              -82.7700704,
              40.0505783
            ],
            [
              -82.770068,
              40.0506186
            ],
            [
              -82.7700717,
              40.0506188
            ],
            [
              -82.7701694,
              40.0506222
            ],
            [
              -82.7701666,
              40.0506682
            ],
            [
              -82.7702635,
              40.0506716
            ],
            [
              -82.770274,
              40.0504959
            ],
            [
              -82.7701877,
              40.0504929
            ],
            [
              -82.7701862,
              40.0505191
            ],
            [
              -82.7700779,
              40.0505152
            ],
            [
              -82.7700741,
              40.0505784
            ],
            [
              -82.7700704,
              40.0505783
            ]
          ]
        ]
      },
      "properties": {
        "epoch_id": "EPOCH-5b353d56a567a70b",
        "site_name": "Google New Albany",
        "distance_to_site_km": 2.5643,
        "footprint_area_m2_webmercator": 438.08,
        "source_dataset": "Overture Maps buildings",
        "source_url": "https://docs.overturemaps.org/getting-data/",
        "source_release": "2026-09-23.1",
        "source_accessed_on": "2026-09-27",
        "geometry_role": "current building-footprint polygon",
        "linkage_semantics": "Overlap/proximity only; not evidence that the building hosts AI compute."
      }
    },
    {
      "type": "Feature",
      "id": "41e761a3-633a-4cf6-92ea-3f0ed2693d06",
      "geometry": {
        "type": "Polygon",
        "coordinates": [
          [
            [
              -82.7721086,
              40.0504806
            ],
            [
              -82.772106,
              40.050524
            ],
            [
              -82.7721377,
              40.0505251
            ],
            [
              -82.7721402,
              40.0504817
            ],
            [
              -82.7721086,
              40.0504806
            ]
          ]
        ]
      },
      "properties": {
        "epoch_id": "EPOCH-5b353d56a567a70b",
        "site_name": "Google New Albany",
        "distance_to_site_km": 2.6632,
        "footprint_area_m2_webmercator": 22.28,
        "source_dataset": "Overture Maps buildings",
        "source_url": "https://docs.overturemaps.org/getting-data/",
        "source_release": "2026-09-23.1",
        "source_accessed_on": "2026-09-27",
        "geometry_role": "current building-footprint polygon",
        "linkage_semantics": "Overlap/proximity only; not evidence that the building hosts AI compute."
      }
    },
    {
      "type": "Feature",
      "id": "dc27d908-07f3-4fb8-959f-3273ea4d90b2",
      "geometry": {
        "type": "Polygon",
        "coordinates": [
          [
            [
              -82.7718187,
              40.0506774
            ],
            [
              -82.7718099,
              40.0507613
            ],
            [
              -82.771902,
              40.0507669
            ],
            [
              -82.7719015,
              40.0507721
            ],
            [
              -82.7719534,
              40.0507753
            ],
            [
              -82.7719517,
              40.0507922
            ],
            [
              -82.7720492,
              40.0507982
            ],
            [
              -82.7720509,
              40.0507813
            ],
            [
              -82.7720515,
              40.0507761
            ],
            [
              -82.7720602,
              40.0506923
            ],
            [
              -82.7720514,
              40.0506917
            ],
            [
              -82.7720537,
              40.0506698
            ],
            [
              -82.7719815,
              40.0506654
            ],
            [
              -82.7719792,
              40.0506873
            ],
            [
              -82.7718187,
              40.0506774
            ]
          ]
        ]
      },
      "properties": {
        "epoch_id": "EPOCH-5b353d56a567a70b",
        "site_name": "Google New Albany",
        "distance_to_site_km": 2.634,
        "footprint_area_m2_webmercator": 395.22,
        "source_dataset": "Overture Maps buildings",
        "source_url": "https://docs.overturemaps.org/getting-data/",
        "source_release": "2026-09-23.1",
        "source_accessed_on": "2026-09-27",
        "geometry_role": "current building-footprint polygon",
        "linkage_semantics": "Overlap/proximity only; not evidence that the building hosts AI compute."
      }
    },
    {
      "type": "Feature",
      "id": "d6819f1a-d43a-45b2-876d-81ff34c4fe1b",
      "geometry": {
        "type": "Polygon",
        "coordinates": [
          [
            [
              -82.7714816,
              40.0506387
            ],
            [
              -82.771471,
              40.0507386
            ],
            [
              -82.7715877,
              40.0507459
            ],
            [
              -82.7715899,
              40.0507255
            ],
            [
              -82.7716518,
              40.0507294
            ],
            [
              -82.771661,
              40.0506427
            ],
            [
              -82.7715991,
              40.0506388
            ],
            [
              -82.7715443,
              40.0506354
            ],
            [
              -82.771547,
              40.0506096
            ],
            [
              -82.7714851,
              40.0506057
            ],
            [
              -82.7714833,
              40.0506056
            ],
            [
              -82.7714798,
              40.0506386
            ],
            [
              -82.7714816,
              40.0506387
            ]
          ]
        ]
      },
      "properties": {
        "epoch_id": "EPOCH-5b353d56a567a70b",
        "site_name": "Google New Albany",
        "distance_to_site_km": 2.6193,
        "footprint_area_m2_webmercator": 318.17,
        "source_dataset": "Overture Maps buildings",
        "source_url": "https://docs.overturemaps.org/getting-data/",
        "source_release": "2026-09-23.1",
        "source_accessed_on": "2026-09-27",
        "geometry_role": "current building-footprint polygon",
        "linkage_semantics": "Overlap/proximity only; not evidence that the building hosts AI compute."
      }
    },
    {
      "type": "Feature",
      "id": "091d659a-4f40-4c1e-b92f-e64092fd2cbb",
      "geometry": {
        "type": "Polygon",
        "coordinates": [
          [
            [
              -82.7710827,
              40.0506093
            ],
            [
              -82.7710721,
              40.0506963
            ],
            [
              -82.7711404,
              40.0507012
            ],
            [
              -82.7711381,
              40.0507205
            ],
            [
              -82.7712549,
              40.0507289
            ],
            [
              -82.7712572,
              40.0507096
            ],
            [
              -82.7712672,
              40.0506277
            ],
            [
              -82.7711975,
              40.0506227
            ],
            [
              -82.7711981,
              40.0506176
            ],
            [
              -82.7710827,
              40.0506093
            ]
          ]
        ]
      },
      "properties": {
        "epoch_id": "EPOCH-5b353d56a567a70b",
        "site_name": "Google New Albany",
        "distance_to_site_km": 2.6021,
        "footprint_area_m2_webmercator": 293.97,
        "source_dataset": "Overture Maps buildings",
        "source_url": "https://docs.overturemaps.org/getting-data/",
        "source_release": "2026-09-23.1",
        "source_accessed_on": "2026-09-27",
        "geometry_role": "current building-footprint polygon",
        "linkage_semantics": "Overlap/proximity only; not evidence that the building hosts AI compute."
      }
    },
    {
      "type": "Feature",
      "id": "0e43aedd-38ba-44e7-b597-c2d11cc2d673",
      "geometry": {
        "type": "Polygon",
        "coordinates": [
          [
            [
              -82.7706834,
              40.0506843
            ],
            [
              -82.7706822,
              40.0506973
            ],
            [
              -82.7707764,
              40.0507022
            ],
            [
              -82.7707776,
              40.0506892
            ],
            [
              -82.7709133,
              40.0506964
            ],
            [
              -82.7709227,
              40.0505904
            ],
            [
              -82.7708807,
              40.0505882
            ],
            [
              -82.7708843,
              40.0505471
            ],
            [
              -82.7708093,
              40.0505432
            ],
            [
              -82.7708056,
              40.0505842
            ],
            [
              -82.7706928,
              40.0505783
            ],
            [
              -82.7706834,
              40.0506843
            ]
          ]
        ]
      },
      "properties": {
        "epoch_id": "EPOCH-5b353d56a567a70b",
        "site_name": "Google New Albany",
        "distance_to_site_km": 2.588,
        "footprint_area_m2_webmercator": 466.31,
        "source_dataset": "Overture Maps buildings",
        "source_url": "https://docs.overturemaps.org/getting-data/",
        "source_release": "2026-09-23.1",
        "source_accessed_on": "2026-09-27",
        "geometry_role": "current building-footprint polygon",
        "linkage_semantics": "Overlap/proximity only; not evidence that the building hosts AI compute."
      }
    },
    {
      "type": "Feature",
      "id": "aabdf70a-9177-4a52-802e-326108f3232f",
      "geometry": {
        "type": "Polygon",
        "coordinates": [
          [
            [
              -82.7726741,
              40.050868
            ],
            [
              -82.7726719,
              40.0508961
            ],
            [
              -82.7727881,
              40.0509014
            ],
            [
              -82.7727903,
              40.0508733
            ],
            [
              -82.7728637,
              40.0508767
            ],
            [
              -82.7728726,
              40.050762
            ],
            [
              -82.7726629,
              40.0507523
            ],
            [
              -82.772667,
              40.0506993
            ],
            [
              -82.7726093,
              40.0506966
            ],
            [
              -82.7726052,
              40.0507497
            ],
            [
              -82.7725724,
              40.0507482
            ],
            [
              -82.7725635,
              40.0508629
            ],
            [
              -82.7726741,
              40.050868
            ]
          ]
        ]
      },
      "properties": {
        "epoch_id": "EPOCH-5b353d56a567a70b",
        "site_name": "Google New Albany",
        "distance_to_site_km": 2.6649,
        "footprint_area_m2_webmercator": 662.32,
        "source_dataset": "Overture Maps buildings",
        "source_url": "https://docs.overturemaps.org/getting-data/",
        "source_release": "2026-09-23.1",
        "source_accessed_on": "2026-09-27",
        "geometry_role": "current building-footprint polygon",
        "linkage_semantics": "Overlap/proximity only; not evidence that the building hosts AI compute."
      }
    },
    {
      "type": "Feature",
      "id": "2a855085-8ad1-4bcb-9600-002a8786cc4c",
      "geometry": {
        "type": "Polygon",
        "coordinates": [
          [
            [
              -82.7722437,
              40.0507526
            ],
            [
              -82.7722369,
              40.0508468
            ],
            [
              -82.7724896,
              40.0508575
            ],
            [
              -82.7724964,
              40.0507633
            ],
            [
              -82.7722437,
              40.0507526
            ]
          ]
        ]
      },
      "properties": {
        "epoch_id": "EPOCH-5b353d56a567a70b",
        "site_name": "Google New Albany",
        "distance_to_site_km": 2.648,
        "footprint_area_m2_webmercator": 386.54,
        "source_dataset": "Overture Maps buildings",
        "source_url": "https://docs.overturemaps.org/getting-data/",
        "source_release": "2026-09-23.1",
        "source_accessed_on": "2026-09-27",
        "geometry_role": "current building-footprint polygon",
        "linkage_semantics": "Overlap/proximity only; not evidence that the building hosts AI compute."
      }
    },
    {
      "type": "Feature",
      "id": "e59f2943-7a2f-4f02-ac90-c233d5564f69",
      "geometry": {
        "type": "Polygon",
        "coordinates": [
          [
            [
              -82.7730342,
              40.050837
            ],
            [
              -82.7730333,
              40.0508507
            ],
            [
              -82.773038,
              40.0508509
            ],
            [
              -82.7730366,
              40.0508734
            ],
            [
              -82.7731343,
              40.0508771
            ],
            [
              -82.7731337,
              40.050887
            ],
            [
              -82.7732917,
              40.050893
            ],
            [
              -82.7732977,
              40.0507987
            ],
            [
              -82.7731636,
              40.0507936
            ],
            [
              -82.7731682,
              40.0507217
            ],
            [
              -82.7730518,
              40.0507173
            ],
            [
              -82.7730472,
              40.0507892
            ],
            [
              -82.773042,
              40.050789
            ],
            [
              -82.7730389,
              40.0508371
            ],
            [
              -82.7730342,
              40.050837
            ]
          ]
        ]
      },
      "properties": {
        "epoch_id": "EPOCH-5b353d56a567a70b",
        "site_name": "Google New Albany",
        "distance_to_site_km": 2.6869,
        "footprint_area_m2_webmercator": 512.52,
        "source_dataset": "Overture Maps buildings",
        "source_url": "https://docs.overturemaps.org/getting-data/",
        "source_release": "2026-09-23.1",
        "source_accessed_on": "2026-09-27",
        "geometry_role": "current building-footprint polygon",
        "linkage_semantics": "Overlap/proximity only; not evidence that the building hosts AI compute."
      }
    },
    {
      "type": "Feature",
      "id": "e1b17782-da80-4e32-8d8c-d0fd9b574c65",
      "geometry": {
        "type": "Polygon",
        "coordinates": [
          [
            [
              -82.7733915,
              40.050789
            ],
            [
              -82.7733843,
              40.0508853
            ],
            [
              -82.7734903,
              40.05089
            ],
            [
              -82.77349,
              40.0508946
            ],
            [
              -82.7736263,
              40.0509006
            ],
            [
              -82.7736267,
              40.0508961
            ],
            [
              -82.7736336,
              40.0508042
            ],
            [
              -82.7734972,
              40.0507981
            ],
            [
              -82.7734976,
              40.0507938
            ],
            [
              -82.7733915,
              40.050789
            ]
          ]
        ]
      },
      "properties": {
        "epoch_id": "EPOCH-5b353d56a567a70b",
        "site_name": "Google New Albany",
        "distance_to_site_km": 2.7029,
        "footprint_area_m2_webmercator": 379.43,
        "source_dataset": "Overture Maps buildings",
        "source_url": "https://docs.overturemaps.org/getting-data/",
        "source_release": "2026-09-23.1",
        "source_accessed_on": "2026-09-27",
        "geometry_role": "current building-footprint polygon",
        "linkage_semantics": "Overlap/proximity only; not evidence that the building hosts AI compute."
      }
    },
    {
      "type": "Feature",
      "id": "b4a69136-8fd5-4fd8-927b-4288a485c2f7",
      "geometry": {
        "type": "Polygon",
        "coordinates": [
          [
            [
              -82.7737847,
              40.0507189
            ],
            [
              -82.7737784,
              40.0508242
            ],
            [
              -82.7738821,
              40.0508279
            ],
            [
              -82.7738817,
              40.0508349
            ],
            [
              -82.7739854,
              40.0508385
            ],
            [
              -82.7739921,
              40.0507263
            ],
            [
              -82.7737847,
              40.0507189
            ]
          ]
        ]
      },
      "properties": {
        "epoch_id": "EPOCH-5b353d56a567a70b",
        "site_name": "Google New Albany",
        "distance_to_site_km": 2.7286,
        "footprint_area_m2_webmercator": 366.01,
        "source_dataset": "Overture Maps buildings",
        "source_url": "https://docs.overturemaps.org/getting-data/",
        "source_release": "2026-09-23.1",
        "source_accessed_on": "2026-09-27",
        "geometry_role": "current building-footprint polygon",
        "linkage_semantics": "Overlap/proximity only; not evidence that the building hosts AI compute."
      }
    },
    {
      "type": "Feature",
      "id": "28ef77c8-1bde-4477-8d9e-e8cca08ff964",
      "geometry": {
        "type": "Polygon",
        "coordinates": [
          [
            [
              -82.7740405,
              40.0505645
            ],
            [
              -82.7740161,
              40.050602
            ],
            [
              -82.7740486,
              40.0506145
            ],
            [
              -82.774073,
              40.050577
            ],
            [
              -82.7740405,
              40.0505645
            ]
          ]
        ]
      },
      "properties": {
        "epoch_id": "EPOCH-5b353d56a567a70b",
        "site_name": "Google New Albany",
        "distance_to_site_km": 2.7533,
        "footprint_area_m2_webmercator": 24.67,
        "source_dataset": "Overture Maps buildings",
        "source_url": "https://docs.overturemaps.org/getting-data/",
        "source_release": "2026-09-23.1",
        "source_accessed_on": "2026-09-27",
        "geometry_role": "current building-footprint polygon",
        "linkage_semantics": "Overlap/proximity only; not evidence that the building hosts AI compute."
      }
    },
    {
      "type": "Feature",
      "id": "37773cf8-2783-49b9-85c2-4f1f6e1c1d28",
      "geometry": {
        "type": "Polygon",
        "coordinates": [
          [
            [
              -82.773693,
              40.0503091
            ],
            [
              -82.7736908,
              40.0503486
            ],
            [
              -82.7737286,
              40.0503499
            ],
            [
              -82.7737309,
              40.0503103
            ],
            [
              -82.773693,
              40.0503091
            ]
          ]
        ]
      },
      "properties": {
        "epoch_id": "EPOCH-5b353d56a567a70b",
        "site_name": "Google New Albany",
        "distance_to_site_km": 2.7588,
        "footprint_area_m2_webmercator": 24.28,
        "source_dataset": "Overture Maps buildings",
        "source_url": "https://docs.overturemaps.org/getting-data/",
        "source_release": "2026-09-23.1",
        "source_accessed_on": "2026-09-27",
        "geometry_role": "current building-footprint polygon",
        "linkage_semantics": "Overlap/proximity only; not evidence that the building hosts AI compute."
      }
    },
    {
      "type": "Feature",
      "id": "bfc8d9e5-ba0b-4d15-b7ec-1ad0ba65653f",
      "geometry": {
        "type": "Polygon",
        "coordinates": [
          [
            [
              -82.7726233,
              40.0504142
            ],
            [
              -82.7726202,
              40.0504496
            ],
            [
              -82.7726519,
              40.0504512
            ],
            [
              -82.772655,
              40.0504158
            ],
            [
              -82.7726233,
              40.0504142
            ]
          ]
        ]
      },
      "properties": {
        "epoch_id": "EPOCH-5b353d56a567a70b",
        "site_name": "Google New Albany",
        "distance_to_site_km": 2.6951,
        "footprint_area_m2_webmercator": 18.25,
        "source_dataset": "Overture Maps buildings",
        "source_url": "https://docs.overturemaps.org/getting-data/",
        "source_release": "2026-09-23.1",
        "source_accessed_on": "2026-09-27",
        "geometry_role": "current building-footprint polygon",
        "linkage_semantics": "Overlap/proximity only; not evidence that the building hosts AI compute."
      }
    },
    {
      "type": "Feature",
      "id": "80c913c1-5fe2-4348-81a6-24696d1c33a9",
      "geometry": {
        "type": "Polygon",
        "coordinates": [
          [
            [
              -82.7716183,
              40.0501733
            ],
            [
              -82.7715577,
              40.0501739
            ],
            [
              -82.7715586,
              40.0502316
            ],
            [
              -82.7716192,
              40.050231
            ],
            [
              -82.7716183,
              40.0501733
            ]
          ]
        ]
      },
      "properties": {
        "epoch_id": "EPOCH-5b353d56a567a70b",
        "site_name": "Google New Albany",
        "distance_to_site_km": 2.6648,
        "footprint_area_m2_webmercator": 56.61,
        "source_dataset": "Overture Maps buildings",
        "source_url": "https://docs.overturemaps.org/getting-data/",
        "source_release": "2026-09-23.1",
        "source_accessed_on": "2026-09-27",
        "geometry_role": "current building-footprint polygon",
        "linkage_semantics": "Overlap/proximity only; not evidence that the building hosts AI compute."
      }
    },
    {
      "type": "Feature",
      "id": "a75737ed-fd9c-45a9-a007-8851e3e9b3cb",
      "geometry": {
        "type": "Polygon",
        "coordinates": [
          [
            [
              -82.770276,
              40.0501635
            ],
            [
              -82.7702732,
              40.0502577
            ],
            [
              -82.7704565,
              40.0502609
            ],
            [
              -82.7704593,
              40.0501667
            ],
            [
              -82.770276,
              40.0501635
            ]
          ]
        ]
      },
      "properties": {
        "epoch_id": "EPOCH-5b353d56a567a70b",
        "site_name": "Google New Albany",
        "distance_to_site_km": 2.607,
        "footprint_area_m2_webmercator": 279.67,
        "source_dataset": "Overture Maps buildings",
        "source_url": "https://docs.overturemaps.org/getting-data/",
        "source_release": "2026-09-23.1",
        "source_accessed_on": "2026-09-27",
        "geometry_role": "current building-footprint polygon",
        "linkage_semantics": "Overlap/proximity only; not evidence that the building hosts AI compute."
      }
    },
    {
      "type": "Feature",
      "id": "4cb0734f-61cb-402a-80b8-39b0f53a29f6",
      "geometry": {
        "type": "Polygon",
        "coordinates": [
          [
            [
              -82.7701812,
              40.0501911
            ],
            [
              -82.7701805,
              40.0502455
            ],
            [
              -82.7702248,
              40.0502458
            ],
            [
              -82.7702255,
              40.0501915
            ],
            [
              -82.7701812,
              40.0501911
            ]
          ]
        ]
      },
      "properties": {
        "epoch_id": "EPOCH-5b353d56a567a70b",
        "site_name": "Google New Albany",
        "distance_to_site_km": 2.599,
        "footprint_area_m2_webmercator": 38.98,
        "source_dataset": "Overture Maps buildings",
        "source_url": "https://docs.overturemaps.org/getting-data/",
        "source_release": "2026-09-23.1",
        "source_accessed_on": "2026-09-27",
        "geometry_role": "current building-footprint polygon",
        "linkage_semantics": "Overlap/proximity only; not evidence that the building hosts AI compute."
      }
    },
    {
      "type": "Feature",
      "id": "886b45a7-3db9-4989-9b88-b74ea070e6ce",
      "geometry": {
        "type": "Polygon",
        "coordinates": [
          [
            [
              -82.769421,
              40.0500063
            ],
            [
              -82.7694115,
              40.0500939
            ],
            [
              -82.7694765,
              40.0500981
            ],
            [
              -82.7694859,
              40.0500105
            ],
            [
              -82.769421,
              40.0500063
            ]
          ]
        ]
      },
      "properties": {
        "epoch_id": "EPOCH-5b353d56a567a70b",
        "site_name": "Google New Albany",
        "distance_to_site_km": 2.5815,
        "footprint_area_m2_webmercator": 92.75,
        "source_dataset": "Overture Maps buildings",
        "source_url": "https://docs.overturemaps.org/getting-data/",
        "source_release": "2026-09-23.1",
        "source_accessed_on": "2026-09-27",
        "geometry_role": "current building-footprint polygon",
        "linkage_semantics": "Overlap/proximity only; not evidence that the building hosts AI compute."
      }
    },
    {
      "type": "Feature",
      "id": "f37becbf-2fe9-4cfd-b14d-c06f685f78ff",
      "geometry": {
        "type": "Polygon",
        "coordinates": [
          [
            [
              -82.7672734,
              40.0502738
            ],
            [
              -82.7674255,
              40.0502796
            ],
            [
              -82.7674297,
              40.0502139
            ],
            [
              -82.7673517,
              40.0502109
            ],
            [
              -82.7673538,
              40.0501789
            ],
            [
              -82.7672153,
              40.0501737
            ],
            [
              -82.7672137,
              40.0501993
            ],
            [
              -82.7671168,
              40.0501956
            ],
            [
              -82.7671118,
              40.050273
            ],
            [
              -82.767273,
              40.0502791
            ],
            [
              -82.7672734,
              40.0502738
            ]
          ]
        ]
      },
      "properties": {
        "epoch_id": "EPOCH-5b353d56a567a70b",
        "site_name": "Google New Albany",
        "distance_to_site_km": 2.4745,
        "footprint_area_m2_webmercator": 429.87,
        "source_dataset": "Overture Maps buildings",
        "source_url": "https://docs.overturemaps.org/getting-data/",
        "source_release": "2026-09-23.1",
        "source_accessed_on": "2026-09-27",
        "geometry_role": "current building-footprint polygon",
        "linkage_semantics": "Overlap/proximity only; not evidence that the building hosts AI compute."
      }
    },
    {
      "type": "Feature",
      "id": "f8bbeb25-e87d-40d8-92b8-491fe86cac11",
      "geometry": {
        "type": "Polygon",
        "coordinates": [
          [
            [
              -82.768202,
              40.0502548
            ],
            [
              -82.7681989,
              40.0503246
            ],
            [
              -82.7683595,
              40.0503288
            ],
            [
              -82.7683626,
              40.050259
            ],
            [
              -82.768202,
              40.0502548
            ]
          ]
        ]
      },
      "properties": {
        "epoch_id": "EPOCH-5b353d56a567a70b",
        "site_name": "Google New Albany",
        "distance_to_site_km": 2.5091,
        "footprint_area_m2_webmercator": 181.68,
        "source_dataset": "Overture Maps buildings",
        "source_url": "https://docs.overturemaps.org/getting-data/",
        "source_release": "2026-09-23.1",
        "source_accessed_on": "2026-09-27",
        "geometry_role": "current building-footprint polygon",
        "linkage_semantics": "Overlap/proximity only; not evidence that the building hosts AI compute."
      }
    },
    {
      "type": "Feature",
      "id": "654b3d72-bb56-40d3-be36-1f331bfa63bd",
      "geometry": {
        "type": "Polygon",
        "coordinates": [
          [
            [
              -82.7688353,
              40.0503877
            ],
            [
              -82.7688325,
              40.0504377
            ],
            [
              -82.7688779,
              40.0504392
            ],
            [
              -82.7688807,
              40.0503892
            ],
            [
              -82.7688353,
              40.0503877
            ]
          ]
        ]
      },
      "properties": {
        "epoch_id": "EPOCH-5b353d56a567a70b",
        "site_name": "Google New Albany",
        "distance_to_site_km": 2.5215,
        "footprint_area_m2_webmercator": 36.82,
        "source_dataset": "Overture Maps buildings",
        "source_url": "https://docs.overturemaps.org/getting-data/",
        "source_release": "2026-09-23.1",
        "source_accessed_on": "2026-09-27",
        "geometry_role": "current building-footprint polygon",
        "linkage_semantics": "Overlap/proximity only; not evidence that the building hosts AI compute."
      }
    },
    {
      "type": "Feature",
      "id": "08613b41-abb0-4b70-9751-18b75ff4c027",
      "geometry": {
        "type": "Polygon",
        "coordinates": [
          [
            [
              -82.7687031,
              40.0503475
            ],
            [
              -82.7686863,
              40.0503588
            ],
            [
              -82.768685,
              40.0503597
            ],
            [
              -82.768686,
              40.0503794
            ],
            [
              -82.7687006,
              40.0503922
            ],
            [
              -82.768725,
              40.0503945
            ],
            [
              -82.768743,
              40.0503823
            ],
            [
              -82.7687444,
              40.0503625
            ],
            [
              -82.7687298,
              40.0503497
            ],
            [
              -82.7687031,
              40.0503475
            ]
          ]
        ]
      },
      "properties": {
        "epoch_id": "EPOCH-5b353d56a567a70b",
        "site_name": "Google New Albany",
        "distance_to_site_km": 2.5196,
        "footprint_area_m2_webmercator": 35.71,
        "source_dataset": "Overture Maps buildings",
        "source_url": "https://docs.overturemaps.org/getting-data/",
        "source_release": "2026-09-23.1",
        "source_accessed_on": "2026-09-27",
        "geometry_role": "current building-footprint polygon",
        "linkage_semantics": "Overlap/proximity only; not evidence that the building hosts AI compute."
      }
    },
    {
      "type": "Feature",
      "id": "a17bf0c3-3f85-47d8-aeb9-7685bb77f350",
      "geometry": {
        "type": "Polygon",
        "coordinates": [
          [
            [
              -82.7676889,
              40.0504742
            ],
            [
              -82.7676875,
              40.0504975
            ],
            [
              -82.7677725,
              40.0505003
            ],
            [
              -82.7677738,
              40.050477
            ],
            [
              -82.7678067,
              40.0504781
            ],
            [
              -82.7678072,
              40.0504685
            ],
            [
              -82.7678724,
              40.0504707
            ],
            [
              -82.7678774,
              40.0503819
            ],
            [
              -82.7678277,
              40.0503802
            ],
            [
              -82.7678285,
              40.050366
            ],
            [
              -82.7676952,
              40.0503615
            ],
            [
              -82.7676944,
              40.0503758
            ],
            [
              -82.7676894,
              40.0504646
            ],
            [
              -82.7676889,
              40.0504742
            ]
          ]
        ]
      },
      "properties": {
        "epoch_id": "EPOCH-5b353d56a567a70b",
        "site_name": "Google New Albany",
        "distance_to_site_km": 2.4754,
        "footprint_area_m2_webmercator": 344.83,
        "source_dataset": "Overture Maps buildings",
        "source_url": "https://docs.overturemaps.org/getting-data/",
        "source_release": "2026-09-23.1",
        "source_accessed_on": "2026-09-27",
        "geometry_role": "current building-footprint polygon",
        "linkage_semantics": "Overlap/proximity only; not evidence that the building hosts AI compute."
      }
    },
    {
      "type": "Feature",
      "id": "83d6c12e-5727-491e-9a58-d6b658fa54c2",
      "geometry": {
        "type": "Polygon",
        "coordinates": [
          [
            [
              -82.7680842,
              40.0504443
            ],
            [
              -82.768077,
              40.0505297
            ],
            [
              -82.7681564,
              40.0505336
            ],
            [
              -82.768155,
              40.0505505
            ],
            [
              -82.7682503,
              40.0505552
            ],
            [
              -82.7682587,
              40.0504553
            ],
            [
              -82.7682488,
              40.0504548
            ],
            [
              -82.7682511,
              40.0504281
            ],
            [
              -82.7681777,
              40.0504244
            ],
            [
              -82.7681757,
              40.0504488
            ],
            [
              -82.7680842,
              40.0504443
            ]
          ]
        ]
      },
      "properties": {
        "epoch_id": "EPOCH-5b353d56a567a70b",
        "site_name": "Google New Albany",
        "distance_to_site_km": 2.4854,
        "footprint_area_m2_webmercator": 297.38,
        "source_dataset": "Overture Maps buildings",
        "source_url": "https://docs.overturemaps.org/getting-data/",
        "source_release": "2026-09-23.1",
        "source_accessed_on": "2026-09-27",
        "geometry_role": "current building-footprint polygon",
        "linkage_semantics": "Overlap/proximity only; not evidence that the building hosts AI compute."
      }
    },
    {
      "type": "Feature",
      "id": "2ed8c50c-df2b-4ea3-8123-a351d5d8de97",
      "geometry": {
        "type": "Polygon",
        "coordinates": [
          [
            [
              -82.7684271,
              40.0504178
            ],
            [
              -82.7684208,
              40.0504939
            ],
            [
              -82.7684743,
              40.0504965
            ],
            [
              -82.7685265,
              40.0504991
            ],
            [
              -82.7685255,
              40.0505114
            ],
            [
              -82.7686076,
              40.0505155
            ],
            [
              -82.7686029,
              40.050572
            ],
            [
              -82.7686983,
              40.0505767
            ],
            [
              -82.7687046,
              40.050577
            ],
            [
              -82.76871,
              40.0505127
            ],
            [
              -82.7687037,
              40.0505124
            ],
            [
              -82.7687041,
              40.0505078
            ],
            [
              -82.7687115,
              40.050419
            ],
            [
              -82.7686349,
              40.0504152
            ],
            [
              -82.7686381,
              40.0503768
            ],
            [
              -82.7684849,
              40.0503692
            ],
            [
              -82.7684817,
              40.0504077
            ],
            [
              -82.7684806,
              40.0504204
            ],
            [
              -82.7684271,
              40.0504178
            ]
          ]
        ]
      },
      "properties": {
        "epoch_id": "EPOCH-5b353d56a567a70b",
        "site_name": "Google New Albany",
        "distance_to_site_km": 2.505,
        "footprint_area_m2_webmercator": 623.69,
        "source_dataset": "Overture Maps buildings",
        "source_url": "https://docs.overturemaps.org/getting-data/",
        "source_release": "2026-09-23.1",
        "source_accessed_on": "2026-09-27",
        "geometry_role": "current building-footprint polygon",
        "linkage_semantics": "Overlap/proximity only; not evidence that the building hosts AI compute."
      }
    },
    {
      "type": "Feature",
      "id": "c23b4eac-73b1-4717-b340-5950c3b66c17",
      "geometry": {
        "type": "Polygon",
        "coordinates": [
          [
            [
              -82.7689231,
              40.0505862
            ],
            [
              -82.7690632,
              40.0505921
            ],
            [
              -82.7690634,
              40.050589
            ],
            [
              -82.7691048,
              40.0505908
            ],
            [
              -82.7691103,
              40.0505126
            ],
            [
              -82.7690689,
              40.0505109
            ],
            [
              -82.7690691,
              40.0505079
            ],
            [
              -82.7690716,
              40.0504725
            ],
            [
              -82.768992,
              40.0504691
            ],
            [
              -82.7689895,
              40.0505046
            ],
            [
              -82.768929,
              40.0505021
            ],
            [
              -82.7689295,
              40.0504962
            ],
            [
              -82.7689132,
              40.0504955
            ],
            [
              -82.7688372,
              40.0504923
            ],
            [
              -82.7688368,
              40.0504982
            ],
            [
              -82.7688308,
              40.0505824
            ],
            [
              -82.7688304,
              40.050588
            ],
            [
              -82.7689227,
              40.0505918
            ],
            [
              -82.7689231,
              40.0505862
            ]
          ]
        ]
      },
      "properties": {
        "epoch_id": "EPOCH-5b353d56a567a70b",
        "site_name": "Google New Albany",
        "distance_to_site_km": 2.5143,
        "footprint_area_m2_webmercator": 433.04,
        "source_dataset": "Overture Maps buildings",
        "source_url": "https://docs.overturemaps.org/getting-data/",
        "source_release": "2026-09-23.1",
        "source_accessed_on": "2026-09-27",
        "geometry_role": "current building-footprint polygon",
        "linkage_semantics": "Overlap/proximity only; not evidence that the building hosts AI compute."
      }
    },
    {
      "type": "Feature",
      "id": "93428afc-3449-4390-98f0-54098b6aae88",
      "geometry": {
        "type": "Polygon",
        "coordinates": [
          [
            [
              -82.7675876,
              40.0503137
            ],
            [
              -82.7675849,
              40.0503462
            ],
            [
              -82.767647,
              40.0503492
            ],
            [
              -82.7676496,
              40.0503166
            ],
            [
              -82.7675876,
              40.0503137
            ]
          ]
        ]
      },
      "properties": {
        "epoch_id": "EPOCH-5b353d56a567a70b",
        "site_name": "Google New Albany",
        "distance_to_site_km": 2.4785,
        "footprint_area_m2_webmercator": 32.82,
        "source_dataset": "Overture Maps buildings",
        "source_url": "https://docs.overturemaps.org/getting-data/",
        "source_release": "2026-09-23.1",
        "source_accessed_on": "2026-09-27",
        "geometry_role": "current building-footprint polygon",
        "linkage_semantics": "Overlap/proximity only; not evidence that the building hosts AI compute."
      }
    },
    {
      "type": "Feature",
      "id": "8724cd12-57d7-48b8-917b-8c7ef3515fc7",
      "geometry": {
        "type": "Polygon",
        "coordinates": [
          [
            [
              -82.7651094,
              40.0503953
            ],
            [
              -82.765116,
              40.0504368
            ],
            [
              -82.7651953,
              40.0504293
            ],
            [
              -82.7651886,
              40.0503879
            ],
            [
              -82.7651094,
              40.0503953
            ]
          ]
        ]
      },
      "properties": {
        "epoch_id": "EPOCH-5b353d56a567a70b",
        "site_name": "Google New Albany",
        "distance_to_site_km": 2.3796,
        "footprint_area_m2_webmercator": 53.98,
        "source_dataset": "Overture Maps buildings",
        "source_url": "https://docs.overturemaps.org/getting-data/",
        "source_release": "2026-09-23.1",
        "source_accessed_on": "2026-09-27",
        "geometry_role": "current building-footprint polygon",
        "linkage_semantics": "Overlap/proximity only; not evidence that the building hosts AI compute."
      }
    },
    {
      "type": "Feature",
      "id": "ac8a391f-03a8-4874-bbf5-8a63eaf90d1a",
      "geometry": {
        "type": "Polygon",
        "coordinates": [
          [
            [
              -82.7653327,
              40.0504385
            ],
            [
              -82.7653339,
              40.0504755
            ],
            [
              -82.7654036,
              40.0504741
            ],
            [
              -82.7654024,
              40.0504371
            ],
            [
              -82.7653327,
              40.0504385
            ]
          ]
        ]
      },
      "properties": {
        "epoch_id": "EPOCH-5b353d56a567a70b",
        "site_name": "Google New Albany",
        "distance_to_site_km": 2.3825,
        "footprint_area_m2_webmercator": 41.78,
        "source_dataset": "Overture Maps buildings",
        "source_url": "https://docs.overturemaps.org/getting-data/",
        "source_release": "2026-09-23.1",
        "source_accessed_on": "2026-09-27",
        "geometry_role": "current building-footprint polygon",
        "linkage_semantics": "Overlap/proximity only; not evidence that the building hosts AI compute."
      }
    },
    {
      "type": "Feature",
      "id": "67a9ab98-e3d7-40b5-994b-8f5423494870",
      "geometry": {
        "type": "Polygon",
        "coordinates": [
          [
            [
              -82.7652429,
              40.0505936
            ],
            [
              -82.7653689,
              40.0505954
            ],
            [
              -82.7653698,
              40.0505605
            ],
            [
              -82.7654797,
              40.0505621
            ],
            [
              -82.7654818,
              40.050478
            ],
            [
              -82.7652458,
              40.0504746
            ],
            [
              -82.7652429,
              40.0505936
            ]
          ]
        ]
      },
      "properties": {
        "epoch_id": "EPOCH-5b353d56a567a70b",
        "site_name": "Google New Albany",
        "distance_to_site_km": 2.3746,
        "footprint_area_m2_webmercator": 392.58,
        "source_dataset": "Overture Maps buildings",
        "source_url": "https://docs.overturemaps.org/getting-data/",
        "source_release": "2026-09-23.1",
        "source_accessed_on": "2026-09-27",
        "geometry_role": "current building-footprint polygon",
        "linkage_semantics": "Overlap/proximity only; not evidence that the building hosts AI compute."
      }
    },
    {
      "type": "Feature",
      "id": "3bf4f280-1766-4d0d-bb17-cb6476fd5e83",
      "geometry": {
        "type": "Polygon",
        "coordinates": [
          [
            [
              -82.7647111,
              40.0505502
            ],
            [
              -82.7649561,
              40.0505559
            ],
            [
              -82.7649592,
              40.050478
            ],
            [
              -82.7647142,
              40.0504723
            ],
            [
              -82.7647111,
              40.0505502
            ]
          ]
        ]
      },
      "properties": {
        "epoch_id": "EPOCH-5b353d56a567a70b",
        "site_name": "Google New Albany",
        "distance_to_site_km": 2.3586,
        "footprint_area_m2_webmercator": 309.25,
        "source_dataset": "Overture Maps buildings",
        "source_url": "https://docs.overturemaps.org/getting-data/",
        "source_release": "2026-09-23.1",
        "source_accessed_on": "2026-09-27",
        "geometry_role": "current building-footprint polygon",
        "linkage_semantics": "Overlap/proximity only; not evidence that the building hosts AI compute."
      }
    },
    {
      "type": "Feature",
      "id": "67acab61-16c0-4d21-8fea-c486bdf1a7cf",
      "geometry": {
        "type": "Polygon",
        "coordinates": [
          [
            [
              -82.7642319,
              40.0505428
            ],
            [
              -82.7644864,
              40.0505498
            ],
            [
              -82.7644899,
              40.050476
            ],
            [
              -82.7644095,
              40.0504738
            ],
            [
              -82.7644117,
              40.0504287
            ],
            [
              -82.764342,
              40.0504267
            ],
            [
              -82.7643404,
              40.0504616
            ],
            [
              -82.7642359,
              40.0504587
            ],
            [
              -82.7642319,
              40.0505428
            ]
          ]
        ]
      },
      "properties": {
        "epoch_id": "EPOCH-5b353d56a567a70b",
        "site_name": "Google New Albany",
        "distance_to_site_km": 2.3447,
        "footprint_area_m2_webmercator": 372.81,
        "source_dataset": "Overture Maps buildings",
        "source_url": "https://docs.overturemaps.org/getting-data/",
        "source_release": "2026-09-23.1",
        "source_accessed_on": "2026-09-27",
        "geometry_role": "current building-footprint polygon",
        "linkage_semantics": "Overlap/proximity only; not evidence that the building hosts AI compute."
      }
    },
    {
      "type": "Feature",
      "id": "c84b1fdb-43d1-4eb8-ab75-b1f6b1b51eab",
      "geometry": {
        "type": "Polygon",
        "coordinates": [
          [
            [
              -82.7638056,
              40.0505143
            ],
            [
              -82.764063,
              40.0505188
            ],
            [
              -82.7640652,
              40.050445
            ],
            [
              -82.7640116,
              40.050444
            ],
            [
              -82.7640129,
              40.0503989
            ],
            [
              -82.7639325,
              40.0503975
            ],
            [
              -82.7639317,
              40.0504241
            ],
            [
              -82.7638084,
              40.050422
            ],
            [
              -82.7638056,
              40.0505143
            ]
          ]
        ]
      },
      "properties": {
        "epoch_id": "EPOCH-5b353d56a567a70b",
        "site_name": "Google New Albany",
        "distance_to_site_km": 2.3348,
        "footprint_area_m2_webmercator": 403.52,
        "source_dataset": "Overture Maps buildings",
        "source_url": "https://docs.overturemaps.org/getting-data/",
        "source_release": "2026-09-23.1",
        "source_accessed_on": "2026-09-27",
        "geometry_role": "current building-footprint polygon",
        "linkage_semantics": "Overlap/proximity only; not evidence that the building hosts AI compute."
      }
    },
    {
      "type": "Feature",
      "id": "a27260fc-e9ae-4207-97ea-8f293e5d48be",
      "geometry": {
        "type": "Polygon",
        "coordinates": [
          [
            [
              -82.7635022,
              40.0504937
            ],
            [
              -82.7635022,
              40.0504762
            ],
            [
              -82.7635504,
              40.0504761
            ],
            [
              -82.7635504,
              40.050392
            ],
            [
              -82.7633546,
              40.0503921
            ],
            [
              -82.7633547,
              40.0504938
            ],
            [
              -82.7635022,
              40.0504937
            ]
          ]
        ]
      },
      "properties": {
        "epoch_id": "EPOCH-5b353d56a567a70b",
        "site_name": "Google New Albany",
        "distance_to_site_km": 2.3229,
        "footprint_area_m2_webmercator": 308.55,
        "source_dataset": "Overture Maps buildings",
        "source_url": "https://docs.overturemaps.org/getting-data/",
        "source_release": "2026-09-23.1",
        "source_accessed_on": "2026-09-27",
        "geometry_role": "current building-footprint polygon",
        "linkage_semantics": "Overlap/proximity only; not evidence that the building hosts AI compute."
      }
    },
    {
      "type": "Feature",
      "id": "fe4be81e-5cc2-41e9-9bf5-bbe05163505b",
      "geometry": {
        "type": "Polygon",
        "coordinates": [
          [
            [
              -82.7644751,
              40.0500509
            ],
            [
              -82.7644429,
              40.0500506
            ],
            [
              -82.7644411,
              40.0501523
            ],
            [
              -82.7645269,
              40.0501531
            ],
            [
              -82.7645273,
              40.0501315
            ],
            [
              -82.7645917,
              40.0501322
            ],
            [
              -82.7645941,
              40.0499926
            ],
            [
              -82.7644761,
              40.0499914
            ],
            [
              -82.7644751,
              40.0500509
            ]
          ]
        ]
      },
      "properties": {
        "epoch_id": "EPOCH-5b353d56a567a70b",
        "site_name": "Google New Albany",
        "distance_to_site_km": 2.3938,
        "footprint_area_m2_webmercator": 338.43,
        "source_dataset": "Overture Maps buildings",
        "source_url": "https://docs.overturemaps.org/getting-data/",
        "source_release": "2026-09-23.1",
        "source_accessed_on": "2026-09-27",
        "geometry_role": "current building-footprint polygon",
        "linkage_semantics": "Overlap/proximity only; not evidence that the building hosts AI compute."
      }
    },
    {
      "type": "Feature",
      "id": "fcff7f05-8a02-4263-bc59-2be535e5452f",
      "geometry": {
        "type": "Polygon",
        "coordinates": [
          [
            [
              -82.7650219,
              40.0502716
            ],
            [
              -82.7650242,
              40.0501977
            ],
            [
              -82.7649411,
              40.0501963
            ],
            [
              -82.7649388,
              40.0502701
            ],
            [
              -82.7650219,
              40.0502716
            ]
          ]
        ]
      },
      "properties": {
        "epoch_id": "EPOCH-5b353d56a567a70b",
        "site_name": "Google New Albany",
        "distance_to_site_km": 2.3922,
        "footprint_area_m2_webmercator": 99.4,
        "source_dataset": "Overture Maps buildings",
        "source_url": "https://docs.overturemaps.org/getting-data/",
        "source_release": "2026-09-23.1",
        "source_accessed_on": "2026-09-27",
        "geometry_role": "current building-footprint polygon",
        "linkage_semantics": "Overlap/proximity only; not evidence that the building hosts AI compute."
      }
    },
    {
      "type": "Feature",
      "id": "349a5be3-2f81-4d79-9933-ad58286bcd33",
      "geometry": {
        "type": "Polygon",
        "coordinates": [
          [
            [
              -82.7623612,
              40.0501922
            ],
            [
              -82.762364,
              40.0501192
            ],
            [
              -82.76223,
              40.0501162
            ],
            [
              -82.7622272,
              40.0501892
            ],
            [
              -82.7623612,
              40.0501922
            ]
          ]
        ]
      },
      "properties": {
        "epoch_id": "EPOCH-5b353d56a567a70b",
        "site_name": "Google New Albany",
        "distance_to_site_km": 2.3213,
        "footprint_area_m2_webmercator": 158.49,
        "source_dataset": "Overture Maps buildings",
        "source_url": "https://docs.overturemaps.org/getting-data/",
        "source_release": "2026-09-23.1",
        "source_accessed_on": "2026-09-27",
        "geometry_role": "current building-footprint polygon",
        "linkage_semantics": "Overlap/proximity only; not evidence that the building hosts AI compute."
      }
    },
    {
      "type": "Feature",
      "id": "a6e972e3-636b-4fe0-88d6-178e69eaaedc",
      "geometry": {
        "type": "Polygon",
        "coordinates": [
          [
            [
              -82.761463,
              40.0501369
            ],
            [
              -82.7614609,
              40.0501717
            ],
            [
              -82.7614073,
              40.0501697
            ],
            [
              -82.7613969,
              40.0503377
            ],
            [
              -82.7614852,
              40.0503409
            ],
            [
              -82.7614893,
              40.0502754
            ],
            [
              -82.7615963,
              40.0502793
            ],
            [
              -82.7615981,
              40.0502506
            ],
            [
              -82.7616516,
              40.0502526
            ],
            [
              -82.7616583,
              40.050146
            ],
            [
              -82.7615887,
              40.0501435
            ],
            [
              -82.7615874,
              40.050164
            ],
            [
              -82.7615125,
              40.0501613
            ],
            [
              -82.7615139,
              40.0501387
            ],
            [
              -82.761463,
              40.0501369
            ]
          ]
        ]
      },
      "properties": {
        "epoch_id": "EPOCH-5b353d56a567a70b",
        "site_name": "Google New Albany",
        "distance_to_site_km": 2.2941,
        "footprint_area_m2_webmercator": 563.36,
        "source_dataset": "Overture Maps buildings",
        "source_url": "https://docs.overturemaps.org/getting-data/",
        "source_release": "2026-09-23.1",
        "source_accessed_on": "2026-09-27",
        "geometry_role": "current building-footprint polygon",
        "linkage_semantics": "Overlap/proximity only; not evidence that the building hosts AI compute."
      }
    },
    {
      "type": "Feature",
      "id": "59c934c8-2ba3-45f1-9962-3bb2b06178ae",
      "geometry": {
        "type": "Polygon",
        "coordinates": [
          [
            [
              -82.7621133,
              40.0502861
            ],
            [
              -82.7621116,
              40.0503127
            ],
            [
              -82.761943,
              40.0503066
            ],
            [
              -82.7619385,
              40.0503804
            ],
            [
              -82.7620307,
              40.0503837
            ],
            [
              -82.762029,
              40.0504112
            ],
            [
              -82.7621857,
              40.0504168
            ],
            [
              -82.7621936,
              40.050289
            ],
            [
              -82.7621133,
              40.0502861
            ]
          ]
        ]
      },
      "properties": {
        "epoch_id": "EPOCH-5b353d56a567a70b",
        "site_name": "Google New Albany",
        "distance_to_site_km": 2.2947,
        "footprint_area_m2_webmercator": 402.43,
        "source_dataset": "Overture Maps buildings",
        "source_url": "https://docs.overturemaps.org/getting-data/",
        "source_release": "2026-09-23.1",
        "source_accessed_on": "2026-09-27",
        "geometry_role": "current building-footprint polygon",
        "linkage_semantics": "Overlap/proximity only; not evidence that the building hosts AI compute."
      }
    },
    {
      "type": "Feature",
      "id": "0e06d3f3-b704-45bd-b606-355ffbfe3f34",
      "geometry": {
        "type": "Polygon",
        "coordinates": [
          [
            [
              -82.762512,
              40.0505034
            ],
            [
              -82.7625141,
              40.0504644
            ],
            [
              -82.7626587,
              40.050469
            ],
            [
              -82.762663,
              40.0503891
            ],
            [
              -82.7625211,
              40.0503846
            ],
            [
              -82.7625228,
              40.0503538
            ],
            [
              -82.7624799,
              40.0503525
            ],
            [
              -82.7624784,
              40.0503812
            ],
            [
              -82.7624436,
              40.0503801
            ],
            [
              -82.762437,
              40.050501
            ],
            [
              -82.762512,
              40.0505034
            ]
          ]
        ]
      },
      "properties": {
        "epoch_id": "EPOCH-5b353d56a567a70b",
        "site_name": "Google New Albany",
        "distance_to_site_km": 2.2985,
        "footprint_area_m2_webmercator": 354.37,
        "source_dataset": "Overture Maps buildings",
        "source_url": "https://docs.overturemaps.org/getting-data/",
        "source_release": "2026-09-23.1",
        "source_accessed_on": "2026-09-27",
        "geometry_role": "current building-footprint polygon",
        "linkage_semantics": "Overlap/proximity only; not evidence that the building hosts AI compute."
      }
    },
    {
      "type": "Feature",
      "id": "6907f165-2b9f-4e37-acb9-18ab248625df",
      "geometry": {
        "type": "Polygon",
        "coordinates": [
          [
            [
              -82.7629199,
              40.0504968
            ],
            [
              -82.7631569,
              40.050501
            ],
            [
              -82.7631597,
              40.0504098
            ],
            [
              -82.7629226,
              40.0504056
            ],
            [
              -82.7629199,
              40.0504968
            ]
          ]
        ]
      },
      "properties": {
        "epoch_id": "EPOCH-5b353d56a567a70b",
        "site_name": "Google New Albany",
        "distance_to_site_km": 2.3098,
        "footprint_area_m2_webmercator": 350.17,
        "source_dataset": "Overture Maps buildings",
        "source_url": "https://docs.overturemaps.org/getting-data/",
        "source_release": "2026-09-23.1",
        "source_accessed_on": "2026-09-27",
        "geometry_role": "current building-footprint polygon",
        "linkage_semantics": "Overlap/proximity only; not evidence that the building hosts AI compute."
      }
    },
    {
      "type": "Feature",
      "id": "7af756ac-aeac-4cbd-8d23-dec3e9d87525",
      "geometry": {
        "type": "Polygon",
        "coordinates": [
          [
            [
              -82.7666167,
              40.0517837
            ],
            [
              -82.7669363,
              40.0517986
            ],
            [
              -82.7669498,
              40.0516288
            ],
            [
              -82.765269,
              40.0515504
            ],
            [
              -82.7652695,
              40.0515433
            ],
            [
              -82.7646079,
              40.0515124
            ],
            [
              -82.7645941,
              40.0516852
            ],
            [
              -82.765026,
              40.0517054
            ],
            [
              -82.7650235,
              40.0517361
            ],
            [
              -82.7652036,
              40.0517445
            ],
            [
              -82.7652056,
              40.0517199
            ],
            [
              -82.7663814,
              40.0517748
            ],
            [
              -82.7663786,
              40.0518096
            ],
            [
              -82.7666138,
              40.0518205
            ],
            [
              -82.7666167,
              40.0517837
            ]
          ]
        ]
      },
      "properties": {
        "epoch_id": "EPOCH-5b353d56a567a70b",
        "site_name": "Google New Albany",
        "distance_to_site_km": 2.2756,
        "footprint_area_m2_webmercator": 6768.64,
        "source_dataset": "Overture Maps buildings",
        "source_url": "https://docs.overturemaps.org/getting-data/",
        "source_release": "2026-09-23.1",
        "source_accessed_on": "2026-09-27",
        "geometry_role": "current building-footprint polygon",
        "linkage_semantics": "Overlap/proximity only; not evidence that the building hosts AI compute."
      }
    },
    {
      "type": "Feature",
      "id": "33cf198d-0fa1-4f0e-8dea-62869935500c",
      "geometry": {
        "type": "Polygon",
        "coordinates": [
          [
            [
              -82.7671786,
              40.051676
            ],
            [
              -82.7671438,
              40.0516746
            ],
            [
              -82.7671462,
              40.0516418
            ],
            [
              -82.7669697,
              40.0516344
            ],
            [
              -82.7669582,
              40.051794
            ],
            [
              -82.7671695,
              40.0518029
            ],
            [
              -82.7671786,
              40.051676
            ]
          ]
        ]
      },
      "properties": {
        "epoch_id": "EPOCH-5b353d56a567a70b",
        "site_name": "Google New Albany",
        "distance_to_site_km": 2.3201,
        "footprint_area_m2_webmercator": 529.1,
        "source_dataset": "Overture Maps buildings",
        "source_url": "https://docs.overturemaps.org/getting-data/",
        "source_release": "2026-09-23.1",
        "source_accessed_on": "2026-09-27",
        "geometry_role": "current building-footprint polygon",
        "linkage_semantics": "Overlap/proximity only; not evidence that the building hosts AI compute."
      }
    },
    {
      "type": "Feature",
      "id": "a0008f0f-3d41-4429-a1f9-71ff2b88f3da",
      "geometry": {
        "type": "Polygon",
        "coordinates": [
          [
            [
              -82.7674156,
              40.0517912
            ],
            [
              -82.7673958,
              40.0517907
            ],
            [
              -82.7674015,
              40.0516512
            ],
            [
              -82.7671845,
              40.051646
            ],
            [
              -82.7671776,
              40.0518142
            ],
            [
              -82.7674144,
              40.0518199
            ],
            [
              -82.7674156,
              40.0517912
            ]
          ]
        ]
      },
      "properties": {
        "epoch_id": "EPOCH-5b353d56a567a70b",
        "site_name": "Google New Albany",
        "distance_to_site_km": 2.3281,
        "footprint_area_m2_webmercator": 600.75,
        "source_dataset": "Overture Maps buildings",
        "source_url": "https://docs.overturemaps.org/getting-data/",
        "source_release": "2026-09-23.1",
        "source_accessed_on": "2026-09-27",
        "geometry_role": "current building-footprint polygon",
        "linkage_semantics": "Overlap/proximity only; not evidence that the building hosts AI compute."
      }
    },
    {
      "type": "Feature",
      "id": "7153a200-7270-41ed-872e-d8916a1614b3",
      "geometry": {
        "type": "Polygon",
        "coordinates": [
          [
            [
              -82.7675153,
              40.05166
            ],
            [
              -82.7674242,
              40.0516591
            ],
            [
              -82.7674214,
              40.0518254
            ],
            [
              -82.7675126,
              40.0518263
            ],
            [
              -82.7675153,
              40.05166
            ]
          ]
        ]
      },
      "properties": {
        "epoch_id": "EPOCH-5b353d56a567a70b",
        "site_name": "Google New Albany",
        "distance_to_site_km": 2.3345,
        "footprint_area_m2_webmercator": 245.44,
        "source_dataset": "Overture Maps buildings",
        "source_url": "https://docs.overturemaps.org/getting-data/",
        "source_release": "2026-09-23.1",
        "source_accessed_on": "2026-09-27",
        "geometry_role": "current building-footprint polygon",
        "linkage_semantics": "Overlap/proximity only; not evidence that the building hosts AI compute."
      }
    },
    {
      "type": "Feature",
      "id": "6f9de7e7-6133-4972-8c14-f70ca5f0aeac",
      "geometry": {
        "type": "Polygon",
        "coordinates": [
          [
            [
              -82.7677051,
              40.0518373
            ],
            [
              -82.7677132,
              40.0516712
            ],
            [
              -82.7676259,
              40.0516687
            ],
            [
              -82.7676177,
              40.0518348
            ],
            [
              -82.7677051,
              40.0518373
            ]
          ]
        ]
      },
      "properties": {
        "epoch_id": "EPOCH-5b353d56a567a70b",
        "site_name": "Google New Albany",
        "distance_to_site_km": 2.3418,
        "footprint_area_m2_webmercator": 235.21,
        "source_dataset": "Overture Maps buildings",
        "source_url": "https://docs.overturemaps.org/getting-data/",
        "source_release": "2026-09-23.1",
        "source_accessed_on": "2026-09-27",
        "geometry_role": "current building-footprint polygon",
        "linkage_semantics": "Overlap/proximity only; not evidence that the building hosts AI compute."
      }
    },
    {
      "type": "Feature",
      "id": "ed07b81b-b737-4581-b0da-b6a9c0e9a6e1",
      "geometry": {
        "type": "Polygon",
        "coordinates": [
          [
            [
              -82.7649732,
              40.0525779
            ],
            [
              -82.7647622,
              40.0525674
            ],
            [
              -82.7647482,
              40.052733
            ],
            [
              -82.76527,
              40.052759
            ],
            [
              -82.7652839,
              40.0525955
            ],
            [
              -82.7650639,
              40.0525845
            ],
            [
              -82.7650658,
              40.052562
            ],
            [
              -82.7652875,
              40.0525731
            ],
            [
              -82.7652898,
              40.0525455
            ],
            [
              -82.7652267,
              40.0525423
            ],
            [
              -82.7652342,
              40.0524544
            ],
            [
              -82.7652225,
              40.0524538
            ],
            [
              -82.7652251,
              40.0524232
            ],
            [
              -82.7652865,
              40.0524262
            ],
            [
              -82.7652881,
              40.0524078
            ],
            [
              -82.7647806,
              40.0523826
            ],
            [
              -82.7647667,
              40.0525461
            ],
            [
              -82.764975,
              40.0525565
            ],
            [
              -82.7649732,
              40.0525779
            ]
          ]
        ]
      },
      "properties": {
        "epoch_id": "EPOCH-5b353d56a567a70b",
        "site_name": "Google New Albany",
        "distance_to_site_km": 2.1559,
        "footprint_area_m2_webmercator": 2686.27,
        "source_dataset": "Overture Maps buildings",
        "source_url": "https://docs.overturemaps.org/getting-data/",
        "source_release": "2026-09-23.1",
        "source_accessed_on": "2026-09-27",
        "geometry_role": "current building-footprint polygon",
        "linkage_semantics": "Overlap/proximity only; not evidence that the building hosts AI compute."
      }
    },
    {
      "type": "Feature",
      "id": "cdf171cf-f084-4f81-acbd-7b0e229199c3",
      "geometry": {
        "type": "Polygon",
        "coordinates": [
          [
            [
              -82.7654058,
              40.0525781
            ],
            [
              -82.7654105,
              40.0524129
            ],
            [
              -82.7653086,
              40.0524111
            ],
            [
              -82.7653039,
              40.0525764
            ],
            [
              -82.7654058,
              40.0525781
            ]
          ]
        ]
      },
      "properties": {
        "epoch_id": "EPOCH-5b353d56a567a70b",
        "site_name": "Google New Albany",
        "distance_to_site_km": 2.1768,
        "footprint_area_m2_webmercator": 272.74,
        "source_dataset": "Overture Maps buildings",
        "source_url": "https://docs.overturemaps.org/getting-data/",
        "source_release": "2026-09-23.1",
        "source_accessed_on": "2026-09-27",
        "geometry_role": "current building-footprint polygon",
        "linkage_semantics": "Overlap/proximity only; not evidence that the building hosts AI compute."
      }
    },
    {
      "type": "Feature",
      "id": "4162c8a6-612d-4764-891a-9ffdc67c4493",
      "geometry": {
        "type": "Polygon",
        "coordinates": [
          [
            [
              -82.7656997,
              40.0524301
            ],
            [
              -82.7656087,
              40.0524271
            ],
            [
              -82.7655997,
              40.052587
            ],
            [
              -82.7656399,
              40.0525883
            ],
            [
              -82.7656426,
              40.0525391
            ],
            [
              -82.7656694,
              40.05254
            ],
            [
              -82.7656701,
              40.0525277
            ],
            [
              -82.765646,
              40.0525269
            ],
            [
              -82.7656484,
              40.0524838
            ],
            [
              -82.7656966,
              40.0524854
            ],
            [
              -82.7656997,
              40.0524301
            ]
          ]
        ]
      },
      "properties": {
        "epoch_id": "EPOCH-5b353d56a567a70b",
        "site_name": "Google New Albany",
        "distance_to_site_km": 2.1876,
        "footprint_area_m2_webmercator": 156.95,
        "source_dataset": "Overture Maps buildings",
        "source_url": "https://docs.overturemaps.org/getting-data/",
        "source_release": "2026-09-23.1",
        "source_accessed_on": "2026-09-27",
        "geometry_role": "current building-footprint polygon",
        "linkage_semantics": "Overlap/proximity only; not evidence that the building hosts AI compute."
      }
    },
    {
      "type": "Feature",
      "id": "ee02d25e-d729-4638-ad3f-fd5660a48395",
      "geometry": {
        "type": "Polygon",
        "coordinates": [
          [
            [
              -82.7655814,
              40.0524241
            ],
            [
              -82.7655386,
              40.0524227
            ],
            [
              -82.7655295,
              40.0525867
            ],
            [
              -82.7655723,
              40.0525881
            ],
            [
              -82.7655814,
              40.0524241
            ]
          ]
        ]
      },
      "properties": {
        "epoch_id": "EPOCH-5b353d56a567a70b",
        "site_name": "Google New Albany",
        "distance_to_site_km": 2.1832,
        "footprint_area_m2_webmercator": 113.84,
        "source_dataset": "Overture Maps buildings",
        "source_url": "https://docs.overturemaps.org/getting-data/",
        "source_release": "2026-09-23.1",
        "source_accessed_on": "2026-09-27",
        "geometry_role": "current building-footprint polygon",
        "linkage_semantics": "Overlap/proximity only; not evidence that the building hosts AI compute."
      }
    },
    {
      "type": "Feature",
      "id": "5fa7c603-0751-4d1b-b545-7d413f4a849e",
      "geometry": {
        "type": "Polygon",
        "coordinates": [
          [
            [
              -82.7654592,
              40.0525824
            ],
            [
              -82.7655011,
              40.0525837
            ],
            [
              -82.7655103,
              40.0524177
            ],
            [
              -82.7654685,
              40.0524164
            ],
            [
              -82.7654592,
              40.0525824
            ]
          ]
        ]
      },
      "properties": {
        "epoch_id": "EPOCH-5b353d56a567a70b",
        "site_name": "Google New Albany",
        "distance_to_site_km": 2.1811,
        "footprint_area_m2_webmercator": 112.66,
        "source_dataset": "Overture Maps buildings",
        "source_url": "https://docs.overturemaps.org/getting-data/",
        "source_release": "2026-09-23.1",
        "source_accessed_on": "2026-09-27",
        "geometry_role": "current building-footprint polygon",
        "linkage_semantics": "Overlap/proximity only; not evidence that the building hosts AI compute."
      }
    },
    {
      "type": "Feature",
      "id": "e42bacc2-7fe7-4758-bc71-0938cc03a1f4",
      "geometry": {
        "type": "Polygon",
        "coordinates": [
          [
            [
              -82.7654169,
              40.0527677
            ],
            [
              -82.7654229,
              40.0526056
            ],
            [
              -82.7653612,
              40.0526043
            ],
            [
              -82.7653552,
              40.0527664
            ],
            [
              -82.7654169,
              40.0527677
            ]
          ]
        ]
      },
      "properties": {
        "epoch_id": "EPOCH-5b353d56a567a70b",
        "site_name": "Google New Albany",
        "distance_to_site_km": 2.1589,
        "footprint_area_m2_webmercator": 162.04,
        "source_dataset": "Overture Maps buildings",
        "source_url": "https://docs.overturemaps.org/getting-data/",
        "source_release": "2026-09-23.1",
        "source_accessed_on": "2026-09-27",
        "geometry_role": "current building-footprint polygon",
        "linkage_semantics": "Overlap/proximity only; not evidence that the building hosts AI compute."
      }
    },
    {
      "type": "Feature",
      "id": "cc665ec2-2a86-424a-973b-1ddfb8a1507b",
      "geometry": {
        "type": "Polygon",
        "coordinates": [
          [
            [
              -82.7652836,
              40.0527526
            ],
            [
              -82.7653452,
              40.0527536
            ],
            [
              -82.7653495,
              40.0526007
            ],
            [
              -82.7652879,
              40.0525997
            ],
            [
              -82.7652836,
              40.0527526
            ]
          ]
        ]
      },
      "properties": {
        "epoch_id": "EPOCH-5b353d56a567a70b",
        "site_name": "Google New Albany",
        "distance_to_site_km": 2.1571,
        "footprint_area_m2_webmercator": 152.55,
        "source_dataset": "Overture Maps buildings",
        "source_url": "https://docs.overturemaps.org/getting-data/",
        "source_release": "2026-09-23.1",
        "source_accessed_on": "2026-09-27",
        "geometry_role": "current building-footprint polygon",
        "linkage_semantics": "Overlap/proximity only; not evidence that the building hosts AI compute."
      }
    },
    {
      "type": "Feature",
      "id": "efeb9fa0-9492-4880-9d8a-eff1df4f61a3",
      "geometry": {
        "type": "Polygon",
        "coordinates": [
          [
            [
              -82.7688565,
              40.0530196
            ],
            [
              -82.7688653,
              40.0529989
            ],
            [
              -82.7688645,
              40.0529772
            ],
            [
              -82.7688541,
              40.052957
            ],
            [
              -82.7688373,
              40.0529418
            ],
            [
              -82.768815,
              40.0529315
            ],
            [
              -82.7687897,
              40.0529269
            ],
            [
              -82.7687638,
              40.0529286
            ],
            [
              -82.7687399,
              40.0529364
            ],
            [
              -82.7687203,
              40.0529496
            ],
            [
              -82.7687071,
              40.0529667
            ],
            [
              -82.7687015,
              40.0529862
            ],
            [
              -82.7687041,
              40.053006
            ],
            [
              -82.7687146,
              40.0530242
            ],
            [
              -82.7687339,
              40.0530401
            ],
            [
              -82.7687591,
              40.0530501
            ],
            [
              -82.7687873,
              40.0530529
            ],
            [
              -82.768815,
              40.0530482
            ],
            [
              -82.768839,
              40.0530367
            ],
            [
              -82.7688565,
              40.0530196
            ]
          ]
        ]
      },
      "properties": {
        "epoch_id": "EPOCH-5b353d56a567a70b",
        "site_name": "Google New Albany",
        "distance_to_site_km": 2.2744,
        "footprint_area_m2_webmercator": 259.72,
        "source_dataset": "Overture Maps buildings",
        "source_url": "https://docs.overturemaps.org/getting-data/",
        "source_release": "2026-09-23.1",
        "source_accessed_on": "2026-09-27",
        "geometry_role": "current building-footprint polygon",
        "linkage_semantics": "Overlap/proximity only; not evidence that the building hosts AI compute."
      }
    },
    {
      "type": "Feature",
      "id": "46875bd2-5e94-4355-9ac9-39c95d7f5b00",
      "geometry": {
        "type": "Polygon",
        "coordinates": [
          [
            [
              -82.768839,
              40.0532146
            ],
            [
              -82.7688479,
              40.053194
            ],
            [
              -82.7688471,
              40.0531723
            ],
            [
              -82.7688367,
              40.053152
            ],
            [
              -82.7688198,
              40.0531369
            ],
            [
              -82.7687976,
              40.0531265
            ],
            [
              -82.7687723,
              40.053122
            ],
            [
              -82.7687464,
              40.0531237
            ],
            [
              -82.7687224,
              40.0531315
            ],
            [
              -82.7687029,
              40.0531446
            ],
            [
              -82.7686896,
              40.0531618
            ],
            [
              -82.768684,
              40.0531812
            ],
            [
              -82.7686866,
              40.053201
            ],
            [
              -82.7686972,
              40.0532192
            ],
            [
              -82.7687165,
              40.0532351
            ],
            [
              -82.7687417,
              40.0532451
            ],
            [
              -82.7687698,
              40.0532479
            ],
            [
              -82.7687975,
              40.0532433
            ],
            [
              -82.7688216,
              40.0532317
            ],
            [
              -82.768839,
              40.0532146
            ]
          ]
        ]
      },
      "properties": {
        "epoch_id": "EPOCH-5b353d56a567a70b",
        "site_name": "Google New Albany",
        "distance_to_site_km": 2.2555,
        "footprint_area_m2_webmercator": 259.64,
        "source_dataset": "Overture Maps buildings",
        "source_url": "https://docs.overturemaps.org/getting-data/",
        "source_release": "2026-09-23.1",
        "source_accessed_on": "2026-09-27",
        "geometry_role": "current building-footprint polygon",
        "linkage_semantics": "Overlap/proximity only; not evidence that the building hosts AI compute."
      }
    },
    {
      "type": "Feature",
      "id": "c50424a1-85cf-48a2-bbcc-31bf5b96c31f",
      "geometry": {
        "type": "Polygon",
        "coordinates": [
          [
            [
              -82.7687145,
              40.0544984
            ],
            [
              -82.7691212,
              40.0545196
            ],
            [
              -82.7691982,
              40.0535574
            ],
            [
              -82.7660617,
              40.0533994
            ],
            [
              -82.7659909,
              40.0542814
            ],
            [
              -82.7687114,
              40.0544253
            ],
            [
              -82.7687145,
              40.0544984
            ]
          ]
        ]
      },
      "properties": {
        "epoch_id": "EPOCH-5b353d56a567a70b",
        "site_name": "Google New Albany",
        "distance_to_site_km": 2.1326,
        "footprint_area_m2_webmercator": 45654.11,
        "source_dataset": "Overture Maps buildings",
        "source_url": "https://docs.overturemaps.org/getting-data/",
        "source_release": "2026-09-23.1",
        "source_accessed_on": "2026-09-27",
        "geometry_role": "current building-footprint polygon",
        "linkage_semantics": "Overlap/proximity only; not evidence that the building hosts AI compute."
      }
    },
    {
      "type": "Feature",
      "id": "1b661cc3-5553-4809-8efb-a007cbc81e58",
      "geometry": {
        "type": "Polygon",
        "coordinates": [
          [
            [
              -82.765413,
              40.0535357
            ],
            [
              -82.7624784,
              40.0533804
            ],
            [
              -82.762424,
              40.0542719
            ],
            [
              -82.7648654,
              40.0544044
            ],
            [
              -82.7648654,
              40.054479
            ],
            [
              -82.7653246,
              40.054498
            ],
            [
              -82.765413,
              40.0535357
            ]
          ]
        ]
      },
      "properties": {
        "epoch_id": "EPOCH-5b353d56a567a70b",
        "site_name": "Google New Albany",
        "distance_to_site_km": 1.9821,
        "footprint_area_m2_webmercator": 42921.95,
        "source_dataset": "Overture Maps buildings",
        "source_url": "https://docs.overturemaps.org/getting-data/",
        "source_release": "2026-09-23.1",
        "source_accessed_on": "2026-09-27",
        "geometry_role": "current building-footprint polygon",
        "linkage_semantics": "Overlap/proximity only; not evidence that the building hosts AI compute."
      }
    },
    {
      "type": "Feature",
      "id": "3913dc12-ffe3-46d3-a935-55ff4b242c7b",
      "geometry": {
        "type": "Polygon",
        "coordinates": [
          [
            [
              -82.7570954,
              40.054169
            ],
            [
              -82.7571192,
              40.0538644
            ],
            [
              -82.7567904,
              40.0538494
            ],
            [
              -82.7569234,
              40.0521474
            ],
            [
              -82.7571004,
              40.0521555
            ],
            [
              -82.7571108,
              40.0520236
            ],
            [
              -82.7563172,
              40.0519871
            ],
            [
              -82.7561493,
              40.0541255
            ],
            [
              -82.7570954,
              40.054169
            ]
          ]
        ]
      },
      "properties": {
        "epoch_id": "EPOCH-5b353d56a567a70b",
        "site_name": "Google New Albany",
        "distance_to_site_km": 1.895,
        "footprint_area_m2_webmercator": 23440.22,
        "source_dataset": "Overture Maps buildings",
        "source_url": "https://docs.overturemaps.org/getting-data/",
        "source_release": "2026-09-23.1",
        "source_accessed_on": "2026-09-27",
        "geometry_role": "current building-footprint polygon",
        "linkage_semantics": "Overlap/proximity only; not evidence that the building hosts AI compute."
      }
    },
    {
      "type": "Feature",
      "id": "992bc99d-4a42-4387-a9e7-0bb69902ac6e",
      "geometry": {
        "type": "Polygon",
        "coordinates": [
          [
            [
              -82.7447203,
              40.0518702
            ],
            [
              -82.7447389,
              40.0519729
            ],
            [
              -82.744982,
              40.0519471
            ],
            [
              -82.7449634,
              40.0518443
            ],
            [
              -82.7447203,
              40.0518702
            ]
          ]
        ]
      },
      "properties": {
        "epoch_id": "EPOCH-5b353d56a567a70b",
        "site_name": "Google New Albany",
        "distance_to_site_km": 2.1637,
        "footprint_area_m2_webmercator": 412.16,
        "source_dataset": "Overture Maps buildings",
        "source_url": "https://docs.overturemaps.org/getting-data/",
        "source_release": "2026-09-23.1",
        "source_accessed_on": "2026-09-27",
        "geometry_role": "current building-footprint polygon",
        "linkage_semantics": "Overlap/proximity only; not evidence that the building hosts AI compute."
      }
    },
    {
      "type": "Feature",
      "id": "5b1cf110-04da-4dbb-a297-e5da1908e412",
      "geometry": {
        "type": "Polygon",
        "coordinates": [
          [
            [
              -82.74533,
              40.0519109
            ],
            [
              -82.7455592,
              40.0518904
            ],
            [
              -82.7455382,
              40.0517527
            ],
            [
              -82.7454641,
              40.0517593
            ],
            [
              -82.7454712,
              40.0518059
            ],
            [
              -82.745368,
              40.0518151
            ],
            [
              -82.7453643,
              40.0517908
            ],
            [
              -82.7453124,
              40.0517954
            ],
            [
              -82.74533,
              40.0519109
            ]
          ]
        ]
      },
      "properties": {
        "epoch_id": "EPOCH-5b353d56a567a70b",
        "site_name": "Google New Albany",
        "distance_to_site_km": 2.1529,
        "footprint_area_m2_webmercator": 420.14,
        "source_dataset": "Overture Maps buildings",
        "source_url": "https://docs.overturemaps.org/getting-data/",
        "source_release": "2026-09-23.1",
        "source_accessed_on": "2026-09-27",
        "geometry_role": "current building-footprint polygon",
        "linkage_semantics": "Overlap/proximity only; not evidence that the building hosts AI compute."
      }
    },
    {
      "type": "Feature",
      "id": "8bfd128b-c002-4cae-a8f8-4e354e8e4e47",
      "geometry": {
        "type": "Polygon",
        "coordinates": [
          [
            [
              -82.7456519,
              40.0516481
            ],
            [
              -82.7456287,
              40.0515371
            ],
            [
              -82.7455136,
              40.0515512
            ],
            [
              -82.7455368,
              40.0516622
            ],
            [
              -82.7456519,
              40.0516481
            ]
          ]
        ]
      },
      "properties": {
        "epoch_id": "EPOCH-5b353d56a567a70b",
        "site_name": "Google New Albany",
        "distance_to_site_km": 2.1743,
        "footprint_area_m2_webmercator": 212.13,
        "source_dataset": "Overture Maps buildings",
        "source_url": "https://docs.overturemaps.org/getting-data/",
        "source_release": "2026-09-23.1",
        "source_accessed_on": "2026-09-27",
        "geometry_role": "current building-footprint polygon",
        "linkage_semantics": "Overlap/proximity only; not evidence that the building hosts AI compute."
      }
    },
    {
      "type": "Feature",
      "id": "8a0191cd-5d8e-417c-be48-838e5b826ea4",
      "geometry": {
        "type": "Polygon",
        "coordinates": [
          [
            [
              -82.7455058,
              40.0516648
            ],
            [
              -82.7455346,
              40.0516614
            ],
            [
              -82.7455251,
              40.0516133
            ],
            [
              -82.7454963,
              40.0516166
            ],
            [
              -82.7455058,
              40.0516648
            ]
          ]
        ]
      },
      "properties": {
        "epoch_id": "EPOCH-5b353d56a567a70b",
        "site_name": "Google New Albany",
        "distance_to_site_km": 2.1721,
        "footprint_area_m2_webmercator": 22.96,
        "source_dataset": "Overture Maps buildings",
        "source_url": "https://docs.overturemaps.org/getting-data/",
        "source_release": "2026-09-23.1",
        "source_accessed_on": "2026-09-27",
        "geometry_role": "current building-footprint polygon",
        "linkage_semantics": "Overlap/proximity only; not evidence that the building hosts AI compute."
      }
    },
    {
      "type": "Feature",
      "id": "5ed9ab2a-6b76-4837-9ba3-77ce4b263f49",
      "geometry": {
        "type": "Polygon",
        "coordinates": [
          [
            [
              -82.7454151,
              40.0514397
            ],
            [
              -82.7454219,
              40.0512601
            ],
            [
              -82.7453066,
              40.0512576
            ],
            [
              -82.7452999,
              40.0514372
            ],
            [
              -82.7454151,
              40.0514397
            ]
          ]
        ]
      },
      "properties": {
        "epoch_id": "EPOCH-5b353d56a567a70b",
        "site_name": "Google New Albany",
        "distance_to_site_km": 2.2069,
        "footprint_area_m2_webmercator": 335.36,
        "source_dataset": "Overture Maps buildings",
        "source_url": "https://docs.overturemaps.org/getting-data/",
        "source_release": "2026-09-23.1",
        "source_accessed_on": "2026-09-27",
        "geometry_role": "current building-footprint polygon",
        "linkage_semantics": "Overlap/proximity only; not evidence that the building hosts AI compute."
      }
    },
    {
      "type": "Feature",
      "id": "490f35ae-09bc-4e44-925f-42597d8030f4",
      "geometry": {
        "type": "Polygon",
        "coordinates": [
          [
            [
              -82.7453115,
              40.0509593
            ],
            [
              -82.7453068,
              40.0510124
            ],
            [
              -82.74524,
              40.0510089
            ],
            [
              -82.7452336,
              40.0510805
            ],
            [
              -82.7453122,
              40.0510846
            ],
            [
              -82.7453073,
              40.0511397
            ],
            [
              -82.745429,
              40.0511461
            ],
            [
              -82.745445,
              40.0509662
            ],
            [
              -82.7453115,
              40.0509593
            ]
          ]
        ]
      },
      "properties": {
        "epoch_id": "EPOCH-5b353d56a567a70b",
        "site_name": "Google New Albany",
        "distance_to_site_km": 2.2384,
        "footprint_area_m2_webmercator": 457.66,
        "source_dataset": "Overture Maps buildings",
        "source_url": "https://docs.overturemaps.org/getting-data/",
        "source_release": "2026-09-23.1",
        "source_accessed_on": "2026-09-27",
        "geometry_role": "current building-footprint polygon",
        "linkage_semantics": "Overlap/proximity only; not evidence that the building hosts AI compute."
      }
    },
    {
      "type": "Feature",
      "id": "95cce705-1b32-43f0-8bb8-d20bf0383b5b",
      "geometry": {
        "type": "Polygon",
        "coordinates": [
          [
            [
              -82.7448448,
              40.0510392
            ],
            [
              -82.7448398,
              40.0511221
            ],
            [
              -82.7449908,
              40.0511274
            ],
            [
              -82.7449958,
              40.0510445
            ],
            [
              -82.7448448,
              40.0510392
            ]
          ]
        ]
      },
      "properties": {
        "epoch_id": "EPOCH-5b353d56a567a70b",
        "site_name": "Google New Albany",
        "distance_to_site_km": 2.2475,
        "footprint_area_m2_webmercator": 203.08,
        "source_dataset": "Overture Maps buildings",
        "source_url": "https://docs.overturemaps.org/getting-data/",
        "source_release": "2026-09-23.1",
        "source_accessed_on": "2026-09-27",
        "geometry_role": "current building-footprint polygon",
        "linkage_semantics": "Overlap/proximity only; not evidence that the building hosts AI compute."
      }
    },
    {
      "type": "Feature",
      "id": "b46fbc08-14d5-4b9d-808b-010e4003a938",
      "geometry": {
        "type": "Polygon",
        "coordinates": [
          [
            [
              -82.7523514,
              40.0505916
            ],
            [
              -82.7523208,
              40.0505146
            ],
            [
              -82.7520987,
              40.0505662
            ],
            [
              -82.7521293,
              40.0506433
            ],
            [
              -82.7523514,
              40.0505916
            ]
          ]
        ]
      },
      "properties": {
        "epoch_id": "EPOCH-5b353d56a567a70b",
        "site_name": "Google New Albany",
        "distance_to_site_km": 2.1707,
        "footprint_area_m2_webmercator": 302.62,
        "source_dataset": "Overture Maps buildings",
        "source_url": "https://docs.overturemaps.org/getting-data/",
        "source_release": "2026-09-23.1",
        "source_accessed_on": "2026-09-27",
        "geometry_role": "current building-footprint polygon",
        "linkage_semantics": "Overlap/proximity only; not evidence that the building hosts AI compute."
      }
    },
    {
      "type": "Feature",
      "id": "c85f297d-0d8d-4355-88d7-5360f8d03ebe",
      "geometry": {
        "type": "Polygon",
        "coordinates": [
          [
            [
              -82.7547139,
              40.0501504
            ],
            [
              -82.7547147,
              40.0501709
            ],
            [
              -82.7547897,
              40.0501692
            ],
            [
              -82.7547863,
              40.050083
            ],
            [
              -82.7547408,
              40.0500841
            ],
            [
              -82.7547387,
              40.0500307
            ],
            [
              -82.7546288,
              40.0500332
            ],
            [
              -82.7546335,
              40.0501522
            ],
            [
              -82.7547139,
              40.0501504
            ]
          ]
        ]
      },
      "properties": {
        "epoch_id": "EPOCH-5b353d56a567a70b",
        "site_name": "Google New Albany",
        "distance_to_site_km": 2.219,
        "footprint_area_m2_webmercator": 285.25,
        "source_dataset": "Overture Maps buildings",
        "source_url": "https://docs.overturemaps.org/getting-data/",
        "source_release": "2026-09-23.1",
        "source_accessed_on": "2026-09-27",
        "geometry_role": "current building-footprint polygon",
        "linkage_semantics": "Overlap/proximity only; not evidence that the building hosts AI compute."
      }
    },
    {
      "type": "Feature",
      "id": "99f752dd-4450-4898-b330-e4370187b66b",
      "geometry": {
        "type": "Polygon",
        "coordinates": [
          [
            [
              -82.745417,
              40.050643
            ],
            [
              -82.7452804,
              40.0506397
            ],
            [
              -82.745273,
              40.0508223
            ],
            [
              -82.7454097,
              40.0508255
            ],
            [
              -82.745417,
              40.050643
            ]
          ]
        ]
      },
      "properties": {
        "epoch_id": "EPOCH-5b353d56a567a70b",
        "site_name": "Google New Albany",
        "distance_to_site_km": 2.272,
        "footprint_area_m2_webmercator": 404.22,
        "source_dataset": "Overture Maps buildings",
        "source_url": "https://docs.overturemaps.org/getting-data/",
        "source_release": "2026-09-23.1",
        "source_accessed_on": "2026-09-27",
        "geometry_role": "current building-footprint polygon",
        "linkage_semantics": "Overlap/proximity only; not evidence that the building hosts AI compute."
      }
    },
    {
      "type": "Feature",
      "id": "c52a4f24-3de3-46fd-ae15-26fa80aa039a",
      "geometry": {
        "type": "Polygon",
        "coordinates": [
          [
            [
              -82.7452769,
              40.0503845
            ],
            [
              -82.7453798,
              40.0503945
            ],
            [
              -82.745406,
              40.0502369
            ],
            [
              -82.745303,
              40.0502269
            ],
            [
              -82.7452769,
              40.0503845
            ]
          ]
        ]
      },
      "properties": {
        "epoch_id": "EPOCH-5b353d56a567a70b",
        "site_name": "Google New Albany",
        "distance_to_site_km": 2.3166,
        "footprint_area_m2_webmercator": 266.89,
        "source_dataset": "Overture Maps buildings",
        "source_url": "https://docs.overturemaps.org/getting-data/",
        "source_release": "2026-09-23.1",
        "source_accessed_on": "2026-09-27",
        "geometry_role": "current building-footprint polygon",
        "linkage_semantics": "Overlap/proximity only; not evidence that the building hosts AI compute."
      }
    },
    {
      "type": "Feature",
      "id": "3540889e-ab29-4551-8190-01d1f101cff7",
      "geometry": {
        "type": "Polygon",
        "coordinates": [
          [
            [
              -82.7435039,
              40.0501966
            ],
            [
              -82.7433512,
              40.0502003
            ],
            [
              -82.7433568,
              40.0503377
            ],
            [
              -82.7434908,
              40.0503345
            ],
            [
              -82.7434889,
              40.0502873
            ],
            [
              -82.7435076,
              40.0502869
            ],
            [
              -82.7435039,
              40.0501966
            ]
          ]
        ]
      },
      "properties": {
        "epoch_id": "EPOCH-5b353d56a567a70b",
        "site_name": "Google New Albany",
        "distance_to_site_km": 2.3783,
        "footprint_area_m2_webmercator": 325.78,
        "source_dataset": "Overture Maps buildings",
        "source_url": "https://docs.overturemaps.org/getting-data/",
        "source_release": "2026-09-23.1",
        "source_accessed_on": "2026-09-27",
        "geometry_role": "current building-footprint polygon",
        "linkage_semantics": "Overlap/proximity only; not evidence that the building hosts AI compute."
      }
    },
    {
      "type": "Feature",
      "id": "e2edd3cf-ba66-4772-a070-56ea0ee3cd5e",
      "geometry": {
        "type": "Polygon",
        "coordinates": [
          [
            [
              -82.7423461,
              40.050297
            ],
            [
              -82.7423505,
              40.0503748
            ],
            [
              -82.7425555,
              40.050368
            ],
            [
              -82.7425505,
              40.0502799
            ],
            [
              -82.7425249,
              40.0502807
            ],
            [
              -82.7425216,
              40.0502224
            ],
            [
              -82.7424145,
              40.050226
            ],
            [
              -82.7424184,
              40.0502946
            ],
            [
              -82.7423461,
              40.050297
            ]
          ]
        ]
      },
      "properties": {
        "epoch_id": "EPOCH-5b353d56a567a70b",
        "site_name": "Google New Albany",
        "distance_to_site_km": 2.4064,
        "footprint_area_m2_webmercator": 382.15,
        "source_dataset": "Overture Maps buildings",
        "source_url": "https://docs.overturemaps.org/getting-data/",
        "source_release": "2026-09-23.1",
        "source_accessed_on": "2026-09-27",
        "geometry_role": "current building-footprint polygon",
        "linkage_semantics": "Overlap/proximity only; not evidence that the building hosts AI compute."
      }
    },
    {
      "type": "Feature",
      "id": "06418ad1-b3be-41e6-868f-c1e7b733f47f",
      "geometry": {
        "type": "Polygon",
        "coordinates": [
          [
            [
              -82.740925,
              40.0505414
            ],
            [
              -82.7410662,
              40.0505506
            ],
            [
              -82.7410772,
              40.0504507
            ],
            [
              -82.7410319,
              40.0504477
            ],
            [
              -82.7410353,
              40.0504172
            ],
            [
              -82.7408862,
              40.0504075
            ],
            [
              -82.7408828,
              40.0504381
            ],
            [
              -82.740723,
              40.0504277
            ],
            [
              -82.7407126,
              40.0505215
            ],
            [
              -82.7407925,
              40.0505267
            ],
            [
              -82.7407939,
              40.0505144
            ],
            [
              -82.740927,
              40.0505231
            ],
            [
              -82.740925,
              40.0505414
            ]
          ]
        ]
      },
      "properties": {
        "epoch_id": "EPOCH-5b353d56a567a70b",
        "site_name": "Google New Albany",
        "distance_to_site_km": 2.4467,
        "footprint_area_m2_webmercator": 603.47,
        "source_dataset": "Overture Maps buildings",
        "source_url": "https://docs.overturemaps.org/getting-data/",
        "source_release": "2026-09-23.1",
        "source_accessed_on": "2026-09-27",
        "geometry_role": "current building-footprint polygon",
        "linkage_semantics": "Overlap/proximity only; not evidence that the building hosts AI compute."
      }
    },
    {
      "type": "Feature",
      "id": "3788dbca-a758-46af-8781-9786f91d7c69",
      "geometry": {
        "type": "Polygon",
        "coordinates": [
          [
            [
              -82.7406287,
              40.0503488
            ],
            [
              -82.7405081,
              40.0503347
            ],
            [
              -82.7404933,
              40.050409
            ],
            [
              -82.7406139,
              40.0504231
            ],
            [
              -82.7406287,
              40.0503488
            ]
          ]
        ]
      },
      "properties": {
        "epoch_id": "EPOCH-5b353d56a567a70b",
        "site_name": "Google New Albany",
        "distance_to_site_km": 2.4701,
        "footprint_area_m2_webmercator": 148.44,
        "source_dataset": "Overture Maps buildings",
        "source_url": "https://docs.overturemaps.org/getting-data/",
        "source_release": "2026-09-23.1",
        "source_accessed_on": "2026-09-27",
        "geometry_role": "current building-footprint polygon",
        "linkage_semantics": "Overlap/proximity only; not evidence that the building hosts AI compute."
      }
    },
    {
      "type": "Feature",
      "id": "c6eaf8bd-8360-4047-b1eb-f750598c6c19",
      "geometry": {
        "type": "Polygon",
        "coordinates": [
          [
            [
              -82.7395423,
              40.0505516
            ],
            [
              -82.7396048,
              40.0505432
            ],
            [
              -82.7395887,
              40.0504723
            ],
            [
              -82.7394273,
              40.0504938
            ],
            [
              -82.739459,
              40.0506333
            ],
            [
              -82.7395579,
              40.0506201
            ],
            [
              -82.7395423,
              40.0505516
            ]
          ]
        ]
      },
      "properties": {
        "epoch_id": "EPOCH-5b353d56a567a70b",
        "site_name": "Google New Albany",
        "distance_to_site_km": 2.4967,
        "footprint_area_m2_webmercator": 304.01,
        "source_dataset": "Overture Maps buildings",
        "source_url": "https://docs.overturemaps.org/getting-data/",
        "source_release": "2026-09-23.1",
        "source_accessed_on": "2026-09-27",
        "geometry_role": "current building-footprint polygon",
        "linkage_semantics": "Overlap/proximity only; not evidence that the building hosts AI compute."
      }
    },
    {
      "type": "Feature",
      "id": "b4ff19b6-0b59-4beb-9921-6bfec4f83d1f",
      "geometry": {
        "type": "Polygon",
        "coordinates": [
          [
            [
              -82.7424694,
              40.0506088
            ],
            [
              -82.7424781,
              40.0507583
            ],
            [
              -82.7426307,
              40.0507532
            ],
            [
              -82.7426253,
              40.050661
            ],
            [
              -82.7426012,
              40.0506618
            ],
            [
              -82.7425979,
              40.0506044
            ],
            [
              -82.7424694,
              40.0506088
            ]
          ]
        ]
      },
      "properties": {
        "epoch_id": "EPOCH-5b353d56a567a70b",
        "site_name": "Google New Albany",
        "distance_to_site_km": 2.3653,
        "footprint_area_m2_webmercator": 347.72,
        "source_dataset": "Overture Maps buildings",
        "source_url": "https://docs.overturemaps.org/getting-data/",
        "source_release": "2026-09-23.1",
        "source_accessed_on": "2026-09-27",
        "geometry_role": "current building-footprint polygon",
        "linkage_semantics": "Overlap/proximity only; not evidence that the building hosts AI compute."
      }
    },
    {
      "type": "Feature",
      "id": "f218e79a-35fa-4c3f-b445-e00e377be649",
      "geometry": {
        "type": "Polygon",
        "coordinates": [
          [
            [
              -82.7425522,
              40.0503737
            ],
            [
              -82.7424544,
              40.0503771
            ],
            [
              -82.7424588,
              40.0504519
            ],
            [
              -82.7425567,
              40.0504485
            ],
            [
              -82.7425522,
              40.0503737
            ]
          ]
        ]
      },
      "properties": {
        "epoch_id": "EPOCH-5b353d56a567a70b",
        "site_name": "Google New Albany",
        "distance_to_site_km": 2.3942,
        "footprint_area_m2_webmercator": 118.73,
        "source_dataset": "Overture Maps buildings",
        "source_url": "https://docs.overturemaps.org/getting-data/",
        "source_release": "2026-09-23.1",
        "source_accessed_on": "2026-09-27",
        "geometry_role": "current building-footprint polygon",
        "linkage_semantics": "Overlap/proximity only; not evidence that the building hosts AI compute."
      }
    },
    {
      "type": "Feature",
      "id": "21faada3-2171-4888-8f0d-6faf480a7d2d",
      "geometry": {
        "type": "Polygon",
        "coordinates": [
          [
            [
              -82.7433936,
              40.0505192
            ],
            [
              -82.7434121,
              40.0506522
            ],
            [
              -82.7435341,
              40.0506422
            ],
            [
              -82.7435156,
              40.0505093
            ],
            [
              -82.7433936,
              40.0505192
            ]
          ]
        ]
      },
      "properties": {
        "epoch_id": "EPOCH-5b353d56a567a70b",
        "site_name": "Google New Albany",
        "distance_to_site_km": 2.3447,
        "footprint_area_m2_webmercator": 265.56,
        "source_dataset": "Overture Maps buildings",
        "source_url": "https://docs.overturemaps.org/getting-data/",
        "source_release": "2026-09-23.1",
        "source_accessed_on": "2026-09-27",
        "geometry_role": "current building-footprint polygon",
        "linkage_semantics": "Overlap/proximity only; not evidence that the building hosts AI compute."
      }
    },
    {
      "type": "Feature",
      "id": "13a3a894-e960-410b-9910-6649bd3d4cb5",
      "geometry": {
        "type": "Polygon",
        "coordinates": [
          [
            [
              -82.7440696,
              40.050818
            ],
            [
              -82.7441511,
              40.0508163
            ],
            [
              -82.7441467,
              40.0506912
            ],
            [
              -82.7440651,
              40.0506929
            ],
            [
              -82.7440696,
              40.050818
            ]
          ]
        ]
      },
      "properties": {
        "epoch_id": "EPOCH-5b353d56a567a70b",
        "site_name": "Google New Albany",
        "distance_to_site_km": 2.3062,
        "footprint_area_m2_webmercator": 165.28,
        "source_dataset": "Overture Maps buildings",
        "source_url": "https://docs.overturemaps.org/getting-data/",
        "source_release": "2026-09-23.1",
        "source_accessed_on": "2026-09-27",
        "geometry_role": "current building-footprint polygon",
        "linkage_semantics": "Overlap/proximity only; not evidence that the building hosts AI compute."
      }
    },
    {
      "type": "Feature",
      "id": "35451ebb-10bb-47bd-b4d9-9fe9502ee9cd",
      "geometry": {
        "type": "Polygon",
        "coordinates": [
          [
            [
              -82.7434652,
              40.0508522
            ],
            [
              -82.7434908,
              40.0509828
            ],
            [
              -82.743622,
              40.0509677
            ],
            [
              -82.7436086,
              40.0508994
            ],
            [
              -82.7436427,
              40.0508955
            ],
            [
              -82.7436305,
              40.0508333
            ],
            [
              -82.7434652,
              40.0508522
            ]
          ]
        ]
      },
      "properties": {
        "epoch_id": "EPOCH-5b353d56a567a70b",
        "site_name": "Google New Albany",
        "distance_to_site_km": 2.3085,
        "footprint_area_m2_webmercator": 318.63,
        "source_dataset": "Overture Maps buildings",
        "source_url": "https://docs.overturemaps.org/getting-data/",
        "source_release": "2026-09-23.1",
        "source_accessed_on": "2026-09-27",
        "geometry_role": "current building-footprint polygon",
        "linkage_semantics": "Overlap/proximity only; not evidence that the building hosts AI compute."
      }
    },
    {
      "type": "Feature",
      "id": "e6b48302-fcd1-4499-b478-d4b90a47f3e5",
      "geometry": {
        "type": "Polygon",
        "coordinates": [
          [
            [
              -82.742614,
              40.0510679
            ],
            [
              -82.7426189,
              40.0511252
            ],
            [
              -82.7427364,
              40.0511192
            ],
            [
              -82.7427214,
              40.0509454
            ],
            [
              -82.7425173,
              40.0509558
            ],
            [
              -82.7425274,
              40.0510723
            ],
            [
              -82.742614,
              40.0510679
            ]
          ]
        ]
      },
      "properties": {
        "epoch_id": "EPOCH-5b353d56a567a70b",
        "site_name": "Google New Albany",
        "distance_to_site_km": 2.3274,
        "footprint_area_m2_webmercator": 496.06,
        "source_dataset": "Overture Maps buildings",
        "source_url": "https://docs.overturemaps.org/getting-data/",
        "source_release": "2026-09-23.1",
        "source_accessed_on": "2026-09-27",
        "geometry_role": "current building-footprint polygon",
        "linkage_semantics": "Overlap/proximity only; not evidence that the building hosts AI compute."
      }
    },
    {
      "type": "Feature",
      "id": "171a87b0-98e4-4cde-9a1d-0576fc03fd19",
      "geometry": {
        "type": "Polygon",
        "coordinates": [
          [
            [
              -82.742233,
              40.0512342
            ],
            [
              -82.7422179,
              40.05116
            ],
            [
              -82.7420649,
              40.0511783
            ],
            [
              -82.7420801,
              40.0512525
            ],
            [
              -82.742233,
              40.0512342
            ]
          ]
        ]
      },
      "properties": {
        "epoch_id": "EPOCH-5b353d56a567a70b",
        "site_name": "Google New Albany",
        "distance_to_site_km": 2.3271,
        "footprint_area_m2_webmercator": 188.21,
        "source_dataset": "Overture Maps buildings",
        "source_url": "https://docs.overturemaps.org/getting-data/",
        "source_release": "2026-09-23.1",
        "source_accessed_on": "2026-09-27",
        "geometry_role": "current building-footprint polygon",
        "linkage_semantics": "Overlap/proximity only; not evidence that the building hosts AI compute."
      }
    },
    {
      "type": "Feature",
      "id": "99012e61-c955-4a0b-af1b-e3ad14800b3c",
      "geometry": {
        "type": "Polygon",
        "coordinates": [
          [
            [
              -82.742703,
              40.0512708
            ],
            [
              -82.7427394,
              40.051466
            ],
            [
              -82.7428445,
              40.0514545
            ],
            [
              -82.7428082,
              40.0512593
            ],
            [
              -82.742703,
              40.0512708
            ]
          ]
        ]
      },
      "properties": {
        "epoch_id": "EPOCH-5b353d56a567a70b",
        "site_name": "Google New Albany",
        "distance_to_site_km": 2.2887,
        "footprint_area_m2_webmercator": 339.05,
        "source_dataset": "Overture Maps buildings",
        "source_url": "https://docs.overturemaps.org/getting-data/",
        "source_release": "2026-09-23.1",
        "source_accessed_on": "2026-09-27",
        "geometry_role": "current building-footprint polygon",
        "linkage_semantics": "Overlap/proximity only; not evidence that the building hosts AI compute."
      }
    },
    {
      "type": "Feature",
      "id": "e3b9afdc-ce06-429d-a4fb-9e574698079d",
      "geometry": {
        "type": "Polygon",
        "coordinates": [
          [
            [
              -82.7438357,
              40.0513303
            ],
            [
              -82.7438436,
              40.051383
            ],
            [
              -82.7439363,
              40.0513748
            ],
            [
              -82.7439284,
              40.0513221
            ],
            [
              -82.7438357,
              40.0513303
            ]
          ]
        ]
      },
      "properties": {
        "epoch_id": "EPOCH-5b353d56a567a70b",
        "site_name": "Google New Albany",
        "distance_to_site_km": 2.2517,
        "footprint_area_m2_webmercator": 80.14,
        "source_dataset": "Overture Maps buildings",
        "source_url": "https://docs.overturemaps.org/getting-data/",
        "source_release": "2026-09-23.1",
        "source_accessed_on": "2026-09-27",
        "geometry_role": "current building-footprint polygon",
        "linkage_semantics": "Overlap/proximity only; not evidence that the building hosts AI compute."
      }
    },
    {
      "type": "Feature",
      "id": "cfa6a43f-2ef1-40f2-835c-3138216587d3",
      "geometry": {
        "type": "Polygon",
        "coordinates": [
          [
            [
              -82.7435491,
              40.0512332
            ],
            [
              -82.7435771,
              40.0513483
            ],
            [
              -82.743716,
              40.0513284
            ],
            [
              -82.7436904,
              40.0512233
            ],
            [
              -82.7437319,
              40.0512174
            ],
            [
              -82.743713,
              40.05114
            ],
            [
              -82.7434875,
              40.0511722
            ],
            [
              -82.7435039,
              40.0512397
            ],
            [
              -82.7435491,
              40.0512332
            ]
          ]
        ]
      },
      "properties": {
        "epoch_id": "EPOCH-5b353d56a567a70b",
        "site_name": "Google New Albany",
        "distance_to_site_km": 2.2723,
        "footprint_area_m2_webmercator": 529.5,
        "source_dataset": "Overture Maps buildings",
        "source_url": "https://docs.overturemaps.org/getting-data/",
        "source_release": "2026-09-23.1",
        "source_accessed_on": "2026-09-27",
        "geometry_role": "current building-footprint polygon",
        "linkage_semantics": "Overlap/proximity only; not evidence that the building hosts AI compute."
      }
    },
    {
      "type": "Feature",
      "id": "f8125337-6716-4317-b7ab-4b771dcdd3f6",
      "geometry": {
        "type": "Polygon",
        "coordinates": [
          [
            [
              -82.7444446,
              40.0512785
            ],
            [
              -82.7444244,
              40.0511668
            ],
            [
              -82.7440439,
              40.0512071
            ],
            [
              -82.7440596,
              40.0512937
            ],
            [
              -82.7441743,
              40.0512816
            ],
            [
              -82.7441788,
              40.0513067
            ],
            [
              -82.7444446,
              40.0512785
            ]
          ]
        ]
      },
      "properties": {
        "epoch_id": "EPOCH-5b353d56a567a70b",
        "site_name": "Google New Albany",
        "distance_to_site_km": 2.2516,
        "footprint_area_m2_webmercator": 653.86,
        "source_dataset": "Overture Maps buildings",
        "source_url": "https://docs.overturemaps.org/getting-data/",
        "source_release": "2026-09-23.1",
        "source_accessed_on": "2026-09-27",
        "geometry_role": "current building-footprint polygon",
        "linkage_semantics": "Overlap/proximity only; not evidence that the building hosts AI compute."
      }
    },
    {
      "type": "Feature",
      "id": "889ae593-f588-4fa5-aa3e-06231a0e79f1",
      "geometry": {
        "type": "Polygon",
        "coordinates": [
          [
            [
              -82.7447283,
              40.0516368
            ],
            [
              -82.7447188,
              40.0514667
            ],
            [
              -82.7445662,
              40.0514718
            ],
            [
              -82.7445757,
              40.0516419
            ],
            [
              -82.7447283,
              40.0516368
            ]
          ]
        ]
      },
      "properties": {
        "epoch_id": "EPOCH-5b353d56a567a70b",
        "site_name": "Google New Albany",
        "distance_to_site_km": 2.2067,
        "footprint_area_m2_webmercator": 421.0,
        "source_dataset": "Overture Maps buildings",
        "source_url": "https://docs.overturemaps.org/getting-data/",
        "source_release": "2026-09-23.1",
        "source_accessed_on": "2026-09-27",
        "geometry_role": "current building-footprint polygon",
        "linkage_semantics": "Overlap/proximity only; not evidence that the building hosts AI compute."
      }
    },
    {
      "type": "Feature",
      "id": "f47b2f7f-3232-43b3-9d45-7dd908cecab5",
      "geometry": {
        "type": "Polygon",
        "coordinates": [
          [
            [
              -82.7439771,
              40.0517336
            ],
            [
              -82.744008,
              40.051869
            ],
            [
              -82.7441225,
              40.0518537
            ],
            [
              -82.7440916,
              40.0517182
            ],
            [
              -82.7439771,
              40.0517336
            ]
          ]
        ]
      },
      "properties": {
        "epoch_id": "EPOCH-5b353d56a567a70b",
        "site_name": "Google New Albany",
        "distance_to_site_km": 2.201,
        "footprint_area_m2_webmercator": 258.75,
        "source_dataset": "Overture Maps buildings",
        "source_url": "https://docs.overturemaps.org/getting-data/",
        "source_release": "2026-09-23.1",
        "source_accessed_on": "2026-09-27",
        "geometry_role": "current building-footprint polygon",
        "linkage_semantics": "Overlap/proximity only; not evidence that the building hosts AI compute."
      }
    },
    {
      "type": "Feature",
      "id": "f0e2179b-1f73-4531-9c2a-f04308134eee",
      "geometry": {
        "type": "Polygon",
        "coordinates": [
          [
            [
              -82.7442451,
              40.0520054
            ],
            [
              -82.7442484,
              40.0520214
            ],
            [
              -82.7444133,
              40.0520014
            ],
            [
              -82.7443936,
              40.0519063
            ],
            [
              -82.744357,
              40.0519107
            ],
            [
              -82.7443462,
              40.0518587
            ],
            [
              -82.7442363,
              40.051872
            ],
            [
              -82.7442473,
              40.051925
            ],
            [
              -82.7441567,
              40.051936
            ],
            [
              -82.7441729,
              40.0520141
            ],
            [
              -82.7442451,
              40.0520054
            ]
          ]
        ]
      },
      "properties": {
        "epoch_id": "EPOCH-5b353d56a567a70b",
        "site_name": "Google New Albany",
        "distance_to_site_km": 2.1771,
        "footprint_area_m2_webmercator": 448.52,
        "source_dataset": "Overture Maps buildings",
        "source_url": "https://docs.overturemaps.org/getting-data/",
        "source_release": "2026-09-23.1",
        "source_accessed_on": "2026-09-27",
        "geometry_role": "current building-footprint polygon",
        "linkage_semantics": "Overlap/proximity only; not evidence that the building hosts AI compute."
      }
    },
    {
      "type": "Feature",
      "id": "d21b91be-ad5f-4ed5-8792-4de9f2af8aea",
      "geometry": {
        "type": "Polygon",
        "coordinates": [
          [
            [
              -82.7436541,
              40.0519968
            ],
            [
              -82.743674,
              40.0520993
            ],
            [
              -82.7439049,
              40.0520729
            ],
            [
              -82.7438849,
              40.0519705
            ],
            [
              -82.7436541,
              40.0519968
            ]
          ]
        ]
      },
      "properties": {
        "epoch_id": "EPOCH-5b353d56a567a70b",
        "site_name": "Google New Albany",
        "distance_to_site_km": 2.1854,
        "footprint_area_m2_webmercator": 391.39,
        "source_dataset": "Overture Maps buildings",
        "source_url": "https://docs.overturemaps.org/getting-data/",
        "source_release": "2026-09-23.1",
        "source_accessed_on": "2026-09-27",
        "geometry_role": "current building-footprint polygon",
        "linkage_semantics": "Overlap/proximity only; not evidence that the building hosts AI compute."
      }
    },
    {
      "type": "Feature",
      "id": "2a5012dd-accc-4bbb-8972-75717a86c808",
      "geometry": {
        "type": "Polygon",
        "coordinates": [
          [
            [
              -82.7427132,
              40.0519884
            ],
            [
              -82.7427972,
              40.0519788
            ],
            [
              -82.7427864,
              40.0519235
            ],
            [
              -82.7427024,
              40.0519331
            ],
            [
              -82.7427132,
              40.0519884
            ]
          ]
        ]
      },
      "properties": {
        "epoch_id": "EPOCH-5b353d56a567a70b",
        "site_name": "Google New Albany",
        "distance_to_site_km": 2.2298,
        "footprint_area_m2_webmercator": 76.88,
        "source_dataset": "Overture Maps buildings",
        "source_url": "https://docs.overturemaps.org/getting-data/",
        "source_release": "2026-09-23.1",
        "source_accessed_on": "2026-09-27",
        "geometry_role": "current building-footprint polygon",
        "linkage_semantics": "Overlap/proximity only; not evidence that the building hosts AI compute."
      }
    },
    {
      "type": "Feature",
      "id": "79ad607b-7971-4297-b243-b68542b98a4f",
      "geometry": {
        "type": "Polygon",
        "coordinates": [
          [
            [
              -82.7417097,
              40.0519925
            ],
            [
              -82.7418566,
              40.0519805
            ],
            [
              -82.741846,
              40.0519042
            ],
            [
              -82.7416991,
              40.0519162
            ],
            [
              -82.7417097,
              40.0519925
            ]
          ]
        ]
      },
      "properties": {
        "epoch_id": "EPOCH-5b353d56a567a70b",
        "site_name": "Google New Albany",
        "distance_to_site_km": 2.2674,
        "footprint_area_m2_webmercator": 183.51,
        "source_dataset": "Overture Maps buildings",
        "source_url": "https://docs.overturemaps.org/getting-data/",
        "source_release": "2026-09-23.1",
        "source_accessed_on": "2026-09-27",
        "geometry_role": "current building-footprint polygon",
        "linkage_semantics": "Overlap/proximity only; not evidence that the building hosts AI compute."
      }
    },
    {
      "type": "Feature",
      "id": "9cae1801-05d8-4f17-84e4-38190664bf8d",
      "geometry": {
        "type": "Polygon",
        "coordinates": [
          [
            [
              -82.7423766,
              40.0519017
            ],
            [
              -82.7425291,
              40.0518962
            ],
            [
              -82.7425245,
              40.0518215
            ],
            [
              -82.742372,
              40.051827
            ],
            [
              -82.7423766,
              40.0519017
            ]
          ]
        ]
      },
      "properties": {
        "epoch_id": "EPOCH-5b353d56a567a70b",
        "site_name": "Google New Albany",
        "distance_to_site_km": 2.2503,
        "footprint_area_m2_webmercator": 184.83,
        "source_dataset": "Overture Maps buildings",
        "source_url": "https://docs.overturemaps.org/getting-data/",
        "source_release": "2026-09-23.1",
        "source_accessed_on": "2026-09-27",
        "geometry_role": "current building-footprint polygon",
        "linkage_semantics": "Overlap/proximity only; not evidence that the building hosts AI compute."
      }
    },
    {
      "type": "Feature",
      "id": "b7b5ae34-27b3-4194-b6f8-4da5d3e22f3c",
      "geometry": {
        "type": "Polygon",
        "coordinates": [
          [
            [
              -82.7427894,
              40.0517769
            ],
            [
              -82.7429034,
              40.0517604
            ],
            [
              -82.742859,
              40.05158
            ],
            [
              -82.7426482,
              40.0516104
            ],
            [
              -82.7426694,
              40.0516967
            ],
            [
              -82.7427663,
              40.0516827
            ],
            [
              -82.7427894,
              40.0517769
            ]
          ]
        ]
      },
      "properties": {
        "epoch_id": "EPOCH-5b353d56a567a70b",
        "site_name": "Google New Albany",
        "distance_to_site_km": 2.2571,
        "footprint_area_m2_webmercator": 484.8,
        "source_dataset": "Overture Maps buildings",
        "source_url": "https://docs.overturemaps.org/getting-data/",
        "source_release": "2026-09-23.1",
        "source_accessed_on": "2026-09-27",
        "geometry_role": "current building-footprint polygon",
        "linkage_semantics": "Overlap/proximity only; not evidence that the building hosts AI compute."
      }
    },
    {
      "type": "Feature",
      "id": "f9744a79-467a-400f-896d-b823fbdc5b89",
      "geometry": {
        "type": "Polygon",
        "coordinates": [
          [
            [
              -82.7421063,
              40.0515443
            ],
            [
              -82.7422818,
              40.0515177
            ],
            [
              -82.7422573,
              40.0514229
            ],
            [
              -82.7420818,
              40.0514495
            ],
            [
              -82.7421063,
              40.0515443
            ]
          ]
        ]
      },
      "properties": {
        "epoch_id": "EPOCH-5b353d56a567a70b",
        "site_name": "Google New Albany",
        "distance_to_site_km": 2.2981,
        "footprint_area_m2_webmercator": 279.89,
        "source_dataset": "Overture Maps buildings",
        "source_url": "https://docs.overturemaps.org/getting-data/",
        "source_release": "2026-09-23.1",
        "source_accessed_on": "2026-09-27",
        "geometry_role": "current building-footprint polygon",
        "linkage_semantics": "Overlap/proximity only; not evidence that the building hosts AI compute."
      }
    },
    {
      "type": "Feature",
      "id": "783d9fbc-8890-43b8-a97d-a0a1a19fc5c7",
      "geometry": {
        "type": "Polygon",
        "coordinates": [
          [
            [
              -82.7392459,
              40.0517881
            ],
            [
              -82.739209,
              40.0517031
            ],
            [
              -82.7389495,
              40.051769
            ],
            [
              -82.7389972,
              40.0518788
            ],
            [
              -82.7391044,
              40.0518516
            ],
            [
              -82.7390937,
              40.0518268
            ],
            [
              -82.7392459,
              40.0517881
            ]
          ]
        ]
      },
      "properties": {
        "epoch_id": "EPOCH-5b353d56a567a70b",
        "site_name": "Google New Albany",
        "distance_to_site_km": 2.3965,
        "footprint_area_m2_webmercator": 444.33,
        "source_dataset": "Overture Maps buildings",
        "source_url": "https://docs.overturemaps.org/getting-data/",
        "source_release": "2026-09-23.1",
        "source_accessed_on": "2026-09-27",
        "geometry_role": "current building-footprint polygon",
        "linkage_semantics": "Overlap/proximity only; not evidence that the building hosts AI compute."
      }
    },
    {
      "type": "Feature",
      "id": "820a3b81-282d-440d-8a28-89ed5989be7c",
      "geometry": {
        "type": "Polygon",
        "coordinates": [
          [
            [
              -82.7376807,
              40.0521745
            ],
            [
              -82.7379692,
              40.0521058
            ],
            [
              -82.7377972,
              40.0516828
            ],
            [
              -82.7375086,
              40.0517515
            ],
            [
              -82.7376807,
              40.0521745
            ]
          ]
        ]
      },
      "properties": {
        "epoch_id": "EPOCH-5b353d56a567a70b",
        "site_name": "Google New Albany",
        "distance_to_site_km": 2.4466,
        "footprint_area_m2_webmercator": 2167.32,
        "source_dataset": "Overture Maps buildings",
        "source_url": "https://docs.overturemaps.org/getting-data/",
        "source_release": "2026-09-23.1",
        "source_accessed_on": "2026-09-27",
        "geometry_role": "current building-footprint polygon",
        "linkage_semantics": "Overlap/proximity only; not evidence that the building hosts AI compute."
      }
    },
    {
      "type": "Feature",
      "id": "c912b180-de62-47ef-8107-80a478e05f1b",
      "geometry": {
        "type": "Polygon",
        "coordinates": [
          [
            [
              -82.7347901,
              40.0517919
            ],
            [
              -82.7347918,
              40.0516729
            ],
            [
              -82.734698,
              40.0516721
            ],
            [
              -82.7346962,
              40.0517911
            ],
            [
              -82.7347901,
              40.0517919
            ]
          ]
        ]
      },
      "properties": {
        "epoch_id": "EPOCH-5b353d56a567a70b",
        "site_name": "Google New Albany",
        "distance_to_site_km": 2.6166,
        "footprint_area_m2_webmercator": 180.82,
        "source_dataset": "Overture Maps buildings",
        "source_url": "https://docs.overturemaps.org/getting-data/",
        "source_release": "2026-09-23.1",
        "source_accessed_on": "2026-09-27",
        "geometry_role": "current building-footprint polygon",
        "linkage_semantics": "Overlap/proximity only; not evidence that the building hosts AI compute."
      }
    },
    {
      "type": "Feature",
      "id": "78a1cfb5-b58d-4448-b1ad-5a292ac651a0",
      "geometry": {
        "type": "Polygon",
        "coordinates": [
          [
            [
              -82.7370376,
              40.0503067
            ],
            [
              -82.7369625,
              40.0503071
            ],
            [
              -82.736963,
              40.0503625
            ],
            [
              -82.7370381,
              40.0503621
            ],
            [
              -82.7370376,
              40.0503067
            ]
          ]
        ]
      },
      "properties": {
        "epoch_id": "EPOCH-5b353d56a567a70b",
        "site_name": "Google New Albany",
        "distance_to_site_km": 2.6287,
        "footprint_area_m2_webmercator": 67.36,
        "source_dataset": "Overture Maps buildings",
        "source_url": "https://docs.overturemaps.org/getting-data/",
        "source_release": "2026-09-23.1",
        "source_accessed_on": "2026-09-27",
        "geometry_role": "current building-footprint polygon",
        "linkage_semantics": "Overlap/proximity only; not evidence that the building hosts AI compute."
      }
    },
    {
      "type": "Feature",
      "id": "dfeee1af-19ef-4b9b-8590-be3a2280fc87",
      "geometry": {
        "type": "Polygon",
        "coordinates": [
          [
            [
              -82.7343824,
              40.0538257
            ],
            [
              -82.7343825,
              40.0538083
            ],
            [
              -82.7341733,
              40.0538074
            ],
            [
              -82.7341719,
              40.053989
            ],
            [
              -82.7344589,
              40.0539902
            ],
            [
              -82.7344601,
              40.053826
            ],
            [
              -82.7343824,
              40.0538257
            ]
          ]
        ]
      },
      "properties": {
        "epoch_id": "EPOCH-5b353d56a567a70b",
        "site_name": "Google New Albany",
        "distance_to_site_km": 2.4584,
        "footprint_area_m2_webmercator": 821.75,
        "source_dataset": "Overture Maps buildings",
        "source_url": "https://docs.overturemaps.org/getting-data/",
        "source_release": "2026-09-23.1",
        "source_accessed_on": "2026-09-27",
        "geometry_role": "current building-footprint polygon",
        "linkage_semantics": "Overlap/proximity only; not evidence that the building hosts AI compute."
      }
    },
    {
      "type": "Feature",
      "id": "0902de98-4b2a-4719-9cef-b7070126712e",
      "geometry": {
        "type": "Polygon",
        "coordinates": [
          [
            [
              -82.7350687,
              40.0540095
            ],
            [
              -82.735176,
              40.0540226
            ],
            [
              -82.7351965,
              40.0539245
            ],
            [
              -82.7350892,
              40.0539114
            ],
            [
              -82.7350687,
              40.0540095
            ]
          ]
        ]
      },
      "properties": {
        "epoch_id": "EPOCH-5b353d56a567a70b",
        "site_name": "Google New Albany",
        "distance_to_site_km": 2.4059,
        "footprint_area_m2_webmercator": 174.76,
        "source_dataset": "Overture Maps buildings",
        "source_url": "https://docs.overturemaps.org/getting-data/",
        "source_release": "2026-09-23.1",
        "source_accessed_on": "2026-09-27",
        "geometry_role": "current building-footprint polygon",
        "linkage_semantics": "Overlap/proximity only; not evidence that the building hosts AI compute."
      }
    },
    {
      "type": "Feature",
      "id": "3f51cde7-1557-4598-91e8-77cfbc0f10ad",
      "geometry": {
        "type": "Polygon",
        "coordinates": [
          [
            [
              -82.7342055,
              40.0542619
            ],
            [
              -82.7340258,
              40.05426
            ],
            [
              -82.7340237,
              40.0543761
            ],
            [
              -82.7342034,
              40.054378
            ],
            [
              -82.7342055,
              40.0542619
            ]
          ]
        ]
      },
      "properties": {
        "epoch_id": "EPOCH-5b353d56a567a70b",
        "site_name": "Google New Albany",
        "distance_to_site_km": 2.4364,
        "footprint_area_m2_webmercator": 337.83,
        "source_dataset": "Overture Maps buildings",
        "source_url": "https://docs.overturemaps.org/getting-data/",
        "source_release": "2026-09-23.1",
        "source_accessed_on": "2026-09-27",
        "geometry_role": "current building-footprint polygon",
        "linkage_semantics": "Overlap/proximity only; not evidence that the building hosts AI compute."
      }
    },
    {
      "type": "Feature",
      "id": "714b52de-4670-4fc5-9209-8e0332c9aa2b",
      "geometry": {
        "type": "Polygon",
        "coordinates": [
          [
            [
              -82.7352014,
              40.0543366
            ],
            [
              -82.735489,
              40.0543612
            ],
            [
              -82.7355093,
              40.0542221
            ],
            [
              -82.7352216,
              40.0541975
            ],
            [
              -82.7352014,
              40.0543366
            ]
          ]
        ]
      },
      "properties": {
        "epoch_id": "EPOCH-5b353d56a567a70b",
        "site_name": "Google New Albany",
        "distance_to_site_km": 2.3674,
        "footprint_area_m2_webmercator": 655.84,
        "source_dataset": "Overture Maps buildings",
        "source_url": "https://docs.overturemaps.org/getting-data/",
        "source_release": "2026-09-23.1",
        "source_accessed_on": "2026-09-27",
        "geometry_role": "current building-footprint polygon",
        "linkage_semantics": "Overlap/proximity only; not evidence that the building hosts AI compute."
      }
    },
    {
      "type": "Feature",
      "id": "efe6b18d-5521-4d08-8e06-2a583ec6f604",
      "geometry": {
        "type": "Polygon",
        "coordinates": [
          [
            [
              -82.7368822,
              40.0545671
            ],
            [
              -82.7368852,
              40.0545874
            ],
            [
              -82.7374441,
              40.0545391
            ],
            [
              -82.7373649,
              40.0540019
            ],
            [
              -82.7371434,
              40.054021
            ],
            [
              -82.7371034,
              40.0537494
            ],
            [
              -82.7369562,
              40.0537621
            ],
            [
              -82.7369013,
              40.0537864
            ],
            [
              -82.7369306,
              40.0539857
            ],
            [
              -82.7368206,
              40.0540345
            ],
            [
              -82.7367695,
              40.0540389
            ],
            [
              -82.7367644,
              40.0540045
            ],
            [
              -82.7367168,
              40.0540086
            ],
            [
              -82.7367221,
              40.0540451
            ],
            [
              -82.7365113,
              40.0540633
            ],
            [
              -82.7365077,
              40.0540389
            ],
            [
              -82.7363478,
              40.0540528
            ],
            [
              -82.7363799,
              40.0542705
            ],
            [
              -82.7365441,
              40.0542563
            ],
            [
              -82.7365416,
              40.0542393
            ],
            [
              -82.7365623,
              40.0542375
            ],
            [
              -82.7366433,
              40.0542015
            ],
            [
              -82.7366367,
              40.0541571
            ],
            [
              -82.7368142,
              40.0541418
            ],
            [
              -82.736859,
              40.0544459
            ],
            [
              -82.736823,
              40.054449
            ],
            [
              -82.7368197,
              40.0544267
            ],
            [
              -82.7363843,
              40.0544643
            ],
            [
              -82.73641,
              40.0546387
            ],
            [
              -82.736847,
              40.0546009
            ],
            [
              -82.7368425,
              40.0545705
            ],
            [
              -82.7368822,
              40.0545671
            ]
          ]
        ]
      },
      "properties": {
        "epoch_id": "EPOCH-5b353d56a567a70b",
        "site_name": "Google New Albany",
        "distance_to_site_km": 2.2797,
        "footprint_area_m2_webmercator": 8458.32,
        "source_dataset": "Overture Maps buildings",
        "source_url": "https://docs.overturemaps.org/getting-data/",
        "source_release": "2026-09-23.1",
        "source_accessed_on": "2026-09-27",
        "geometry_role": "current building-footprint polygon",
        "linkage_semantics": "Overlap/proximity only; not evidence that the building hosts AI compute."
      }
    },
    {
      "type": "Feature",
      "id": "6944f2ee-6444-4949-8af4-2266a2e2b37b",
      "geometry": {
        "type": "Polygon",
        "coordinates": [
          [
            [
              -82.7374695,
              40.0542898
            ],
            [
              -82.7374114,
              40.0542951
            ],
            [
              -82.7374195,
              40.054347
            ],
            [
              -82.737466,
              40.0543427
            ],
            [
              -82.7374724,
              40.0543832
            ],
            [
              -82.7375184,
              40.054379
            ],
            [
              -82.7375096,
              40.0543231
            ],
            [
              -82.7374753,
              40.0543262
            ],
            [
              -82.7374695,
              40.0542898
            ]
          ]
        ]
      },
      "properties": {
        "epoch_id": "EPOCH-5b353d56a567a70b",
        "site_name": "Google New Albany",
        "distance_to_site_km": 2.2459,
        "footprint_area_m2_webmercator": 88.83,
        "source_dataset": "Overture Maps buildings",
        "source_url": "https://docs.overturemaps.org/getting-data/",
        "source_release": "2026-09-23.1",
        "source_accessed_on": "2026-09-27",
        "geometry_role": "current building-footprint polygon",
        "linkage_semantics": "Overlap/proximity only; not evidence that the building hosts AI compute."
      }
    },
    {
      "type": "Feature",
      "id": "1ac1d7d5-d9fc-41ba-85e5-a21005d02a2a",
      "geometry": {
        "type": "Polygon",
        "coordinates": [
          [
            [
              -82.7357887,
              40.0539827
            ],
            [
              -82.7357939,
              40.0538761
            ],
            [
              -82.7357136,
              40.0538738
            ],
            [
              -82.7357083,
              40.0539804
            ],
            [
              -82.7357887,
              40.0539827
            ]
          ]
        ]
      },
      "properties": {
        "epoch_id": "EPOCH-5b353d56a567a70b",
        "site_name": "Google New Albany",
        "distance_to_site_km": 2.3742,
        "footprint_area_m2_webmercator": 138.86,
        "source_dataset": "Overture Maps buildings",
        "source_url": "https://docs.overturemaps.org/getting-data/",
        "source_release": "2026-09-23.1",
        "source_accessed_on": "2026-09-27",
        "geometry_role": "current building-footprint polygon",
        "linkage_semantics": "Overlap/proximity only; not evidence that the building hosts AI compute."
      }
    },
    {
      "type": "Feature",
      "id": "31772709-d61d-4840-8fb3-d8af1588f179",
      "geometry": {
        "type": "Polygon",
        "coordinates": [
          [
            [
              -82.7358341,
              40.0538306
            ],
            [
              -82.73596,
              40.0538337
            ],
            [
              -82.7359643,
              40.0537291
            ],
            [
              -82.7358384,
              40.053726
            ],
            [
              -82.7358341,
              40.0538306
            ]
          ]
        ]
      },
      "properties": {
        "epoch_id": "EPOCH-5b353d56a567a70b",
        "site_name": "Google New Albany",
        "distance_to_site_km": 2.3785,
        "footprint_area_m2_webmercator": 213.42,
        "source_dataset": "Overture Maps buildings",
        "source_url": "https://docs.overturemaps.org/getting-data/",
        "source_release": "2026-09-23.1",
        "source_accessed_on": "2026-09-27",
        "geometry_role": "current building-footprint polygon",
        "linkage_semantics": "Overlap/proximity only; not evidence that the building hosts AI compute."
      }
    },
    {
      "type": "Feature",
      "id": "3631cfa3-48ea-4f49-b7f7-eb99be871759",
      "geometry": {
        "type": "Polygon",
        "coordinates": [
          [
            [
              -82.7353965,
              40.0526747
            ],
            [
              -82.7354599,
              40.0526685
            ],
            [
              -82.7354526,
              40.0526252
            ],
            [
              -82.7353893,
              40.0526314
            ],
            [
              -82.7353965,
              40.0526747
            ]
          ]
        ]
      },
      "properties": {
        "epoch_id": "EPOCH-5b353d56a567a70b",
        "site_name": "Google New Albany",
        "distance_to_site_km": 2.5008,
        "footprint_area_m2_webmercator": 45.14,
        "source_dataset": "Overture Maps buildings",
        "source_url": "https://docs.overturemaps.org/getting-data/",
        "source_release": "2026-09-23.1",
        "source_accessed_on": "2026-09-27",
        "geometry_role": "current building-footprint polygon",
        "linkage_semantics": "Overlap/proximity only; not evidence that the building hosts AI compute."
      }
    },
    {
      "type": "Feature",
      "id": "81591b25-372d-41d5-864f-ff22c9b36fa6",
      "geometry": {
        "type": "Polygon",
        "coordinates": [
          [
            [
              -82.734618,
              40.0528148
            ],
            [
              -82.7348699,
              40.0528207
            ],
            [
              -82.7348746,
              40.0527038
            ],
            [
              -82.7346227,
              40.0526979
            ],
            [
              -82.734618,
              40.0528148
            ]
          ]
        ]
      },
      "properties": {
        "epoch_id": "EPOCH-5b353d56a567a70b",
        "site_name": "Google New Albany",
        "distance_to_site_km": 2.5286,
        "footprint_area_m2_webmercator": 477.17,
        "source_dataset": "Overture Maps buildings",
        "source_url": "https://docs.overturemaps.org/getting-data/",
        "source_release": "2026-09-23.1",
        "source_accessed_on": "2026-09-27",
        "geometry_role": "current building-footprint polygon",
        "linkage_semantics": "Overlap/proximity only; not evidence that the building hosts AI compute."
      }
    },
    {
      "type": "Feature",
      "id": "025355d6-a932-4caa-87ef-952248674c2b",
      "geometry": {
        "type": "Polygon",
        "coordinates": [
          [
            [
              -82.7334803,
              40.0519977
            ],
            [
              -82.7334877,
              40.052396
            ],
            [
              -82.7343931,
              40.0523862
            ],
            [
              -82.7343857,
              40.0519879
            ],
            [
              -82.7334803,
              40.0519977
            ]
          ]
        ]
      },
      "properties": {
        "epoch_id": "EPOCH-5b353d56a567a70b",
        "site_name": "Google New Albany",
        "distance_to_site_km": 2.6213,
        "footprint_area_m2_webmercator": 5839.27,
        "source_dataset": "Overture Maps buildings",
        "source_url": "https://docs.overturemaps.org/getting-data/",
        "source_release": "2026-09-23.1",
        "source_accessed_on": "2026-09-27",
        "geometry_role": "current building-footprint polygon",
        "linkage_semantics": "Overlap/proximity only; not evidence that the building hosts AI compute."
      }
    },
    {
      "type": "Feature",
      "id": "e4c0e2d5-1593-4cb6-af3b-0b7365f8ee00",
      "geometry": {
        "type": "Polygon",
        "coordinates": [
          [
            [
              -82.7350456,
              40.0524752
            ],
            [
              -82.7353726,
              40.0524824
            ],
            [
              -82.7353817,
              40.0522383
            ],
            [
              -82.7350547,
              40.0522311
            ],
            [
              -82.7350456,
              40.0524752
            ]
          ]
        ]
      },
      "properties": {
        "epoch_id": "EPOCH-5b353d56a567a70b",
        "site_name": "Google New Albany",
        "distance_to_site_km": 2.5375,
        "footprint_area_m2_webmercator": 1293.28,
        "source_dataset": "Overture Maps buildings",
        "source_url": "https://docs.overturemaps.org/getting-data/",
        "source_release": "2026-09-23.1",
        "source_accessed_on": "2026-09-27",
        "geometry_role": "current building-footprint polygon",
        "linkage_semantics": "Overlap/proximity only; not evidence that the building hosts AI compute."
      }
    },
    {
      "type": "Feature",
      "id": "57c3c334-06f4-48d8-b995-a0d1b9e5f238",
      "geometry": {
        "type": "Polygon",
        "coordinates": [
          [
            [
              -82.7359364,
              40.0524404
            ],
            [
              -82.7362326,
              40.0524566
            ],
            [
              -82.736266,
              40.0521004
            ],
            [
              -82.7359698,
              40.0520841
            ],
            [
              -82.7359364,
              40.0524404
            ]
          ]
        ]
      },
      "properties": {
        "epoch_id": "EPOCH-5b353d56a567a70b",
        "site_name": "Google New Albany",
        "distance_to_site_km": 2.498,
        "footprint_area_m2_webmercator": 1717.07,
        "source_dataset": "Overture Maps buildings",
        "source_url": "https://docs.overturemaps.org/getting-data/",
        "source_release": "2026-09-23.1",
        "source_accessed_on": "2026-09-27",
        "geometry_role": "current building-footprint polygon",
        "linkage_semantics": "Overlap/proximity only; not evidence that the building hosts AI compute."
      }
    },
    {
      "type": "Feature",
      "id": "c192d0f8-fa90-4eae-937d-6724f7f27678",
      "geometry": {
        "type": "Polygon",
        "coordinates": [
          [
            [
              -82.7357193,
              40.052182
            ],
            [
              -82.7357785,
              40.0521302
            ],
            [
              -82.735784,
              40.0521909
            ],
            [
              -82.7359184,
              40.0521837
            ],
            [
              -82.7359582,
              40.0521489
            ],
            [
              -82.7359534,
              40.0520956
            ],
            [
              -82.7358995,
              40.0520595
            ],
            [
              -82.7358197,
              40.0520637
            ],
            [
              -82.7357827,
              40.0520961
            ],
            [
              -82.7357123,
              40.0520489
            ],
            [
              -82.7356419,
              40.0520527
            ],
            [
              -82.7355978,
              40.0520913
            ],
            [
              -82.7356179,
              40.0521048
            ],
            [
              -82.7356203,
              40.0521302
            ],
            [
              -82.7355998,
              40.0521481
            ],
            [
              -82.7356555,
              40.0521854
            ],
            [
              -82.7357193,
              40.052182
            ]
          ]
        ]
      },
      "properties": {
        "epoch_id": "EPOCH-5b353d56a567a70b",
        "site_name": "Google New Albany",
        "distance_to_site_km": 2.5279,
        "footprint_area_m2_webmercator": 612.43,
        "source_dataset": "Overture Maps buildings",
        "source_url": "https://docs.overturemaps.org/getting-data/",
        "source_release": "2026-09-23.1",
        "source_accessed_on": "2026-09-27",
        "geometry_role": "current building-footprint polygon",
        "linkage_semantics": "Overlap/proximity only; not evidence that the building hosts AI compute."
      }
    },
    {
      "type": "Feature",
      "id": "a72cdf98-10cf-4fd4-bb8e-b6d5ea0ef7ff",
      "geometry": {
        "type": "Polygon",
        "coordinates": [
          [
            [
              -82.7358854,
              40.0527445
            ],
            [
              -82.7359549,
              40.0527473
            ],
            [
              -82.7359597,
              40.0526777
            ],
            [
              -82.7358901,
              40.0526749
            ],
            [
              -82.7358854,
              40.0527445
            ]
          ]
        ]
      },
      "properties": {
        "epoch_id": "EPOCH-5b353d56a567a70b",
        "site_name": "Google New Albany",
        "distance_to_site_km": 2.4689,
        "footprint_area_m2_webmercator": 78.58,
        "source_dataset": "Overture Maps buildings",
        "source_url": "https://docs.overturemaps.org/getting-data/",
        "source_release": "2026-09-23.1",
        "source_accessed_on": "2026-09-27",
        "geometry_role": "current building-footprint polygon",
        "linkage_semantics": "Overlap/proximity only; not evidence that the building hosts AI compute."
      }
    },
    {
      "type": "Feature",
      "id": "8665034d-e0aa-40ef-b039-f01d02fa4f18",
      "geometry": {
        "type": "Polygon",
        "coordinates": [
          [
            [
              -82.7359757,
              40.052647
            ],
            [
              -82.7359549,
              40.0527547
            ],
            [
              -82.7358718,
              40.0527453
            ],
            [
              -82.7358473,
              40.0528718
            ],
            [
              -82.7361597,
              40.0529072
            ],
            [
              -82.7361848,
              40.0527775
            ],
            [
              -82.7361218,
              40.0527703
            ],
            [
              -82.736142,
              40.0526659
            ],
            [
              -82.7359757,
              40.052647
            ]
          ]
        ]
      },
      "properties": {
        "epoch_id": "EPOCH-5b353d56a567a70b",
        "site_name": "Google New Albany",
        "distance_to_site_km": 2.4565,
        "footprint_area_m2_webmercator": 953.43,
        "source_dataset": "Overture Maps buildings",
        "source_url": "https://docs.overturemaps.org/getting-data/",
        "source_release": "2026-09-23.1",
        "source_accessed_on": "2026-09-27",
        "geometry_role": "current building-footprint polygon",
        "linkage_semantics": "Overlap/proximity only; not evidence that the building hosts AI compute."
      }
    },
    {
      "type": "Feature",
      "id": "123b6c83-7caa-4dd0-abc9-a126cf974158",
      "geometry": {
        "type": "Polygon",
        "coordinates": [
          [
            [
              -82.7380667,
              40.0529611
            ],
            [
              -82.7379097,
              40.052986
            ],
            [
              -82.7379433,
              40.05311
            ],
            [
              -82.7379905,
              40.0531025
            ],
            [
              -82.7380006,
              40.05314
            ],
            [
              -82.7381103,
              40.0531226
            ],
            [
              -82.7380667,
              40.0529611
            ]
          ]
        ]
      },
      "properties": {
        "epoch_id": "EPOCH-5b353d56a567a70b",
        "site_name": "Google New Albany",
        "distance_to_site_km": 2.3313,
        "footprint_area_m2_webmercator": 398.0,
        "source_dataset": "Overture Maps buildings",
        "source_url": "https://docs.overturemaps.org/getting-data/",
        "source_release": "2026-09-23.1",
        "source_accessed_on": "2026-09-27",
        "geometry_role": "current building-footprint polygon",
        "linkage_semantics": "Overlap/proximity only; not evidence that the building hosts AI compute."
      }
    },
    {
      "type": "Feature",
      "id": "a1d95312-1463-436f-a007-3acfce6468fc",
      "geometry": {
        "type": "Polygon",
        "coordinates": [
          [
            [
              -82.7383318,
              40.0530729
            ],
            [
              -82.7384206,
              40.0530597
            ],
            [
              -82.7384022,
              40.0529872
            ],
            [
              -82.7383134,
              40.0530004
            ],
            [
              -82.7383318,
              40.0530729
            ]
          ]
        ]
      },
      "properties": {
        "epoch_id": "EPOCH-5b353d56a567a70b",
        "site_name": "Google New Albany",
        "distance_to_site_km": 2.3155,
        "footprint_area_m2_webmercator": 108.16,
        "source_dataset": "Overture Maps buildings",
        "source_url": "https://docs.overturemaps.org/getting-data/",
        "source_release": "2026-09-23.1",
        "source_accessed_on": "2026-09-27",
        "geometry_role": "current building-footprint polygon",
        "linkage_semantics": "Overlap/proximity only; not evidence that the building hosts AI compute."
      }
    },
    {
      "type": "Feature",
      "id": "5074be8e-0b82-4d26-b343-39526fd7fe33",
      "geometry": {
        "type": "Polygon",
        "coordinates": [
          [
            [
              -82.7406585,
              40.0530515
            ],
            [
              -82.7404809,
              40.0530662
            ],
            [
              -82.7404913,
              40.0531393
            ],
            [
              -82.7405549,
              40.053134
            ],
            [
              -82.7405552,
              40.053136
            ],
            [
              -82.7406692,
              40.0531266
            ],
            [
              -82.7406585,
              40.0530515
            ]
          ]
        ]
      },
      "properties": {
        "epoch_id": "EPOCH-5b353d56a567a70b",
        "site_name": "Google New Albany",
        "distance_to_site_km": 2.2063,
        "footprint_area_m2_webmercator": 216.35,
        "source_dataset": "Overture Maps buildings",
        "source_url": "https://docs.overturemaps.org/getting-data/",
        "source_release": "2026-09-23.1",
        "source_accessed_on": "2026-09-27",
        "geometry_role": "current building-footprint polygon",
        "linkage_semantics": "Overlap/proximity only; not evidence that the building hosts AI compute."
      }
    },
    {
      "type": "Feature",
      "id": "7c06b1a3-51b5-493b-901a-b951437be85e",
      "geometry": {
        "type": "Polygon",
        "coordinates": [
          [
            [
              -82.7409104,
              40.0532393
            ],
            [
              -82.7409786,
              40.0532313
            ],
            [
              -82.7409624,
              40.0531511
            ],
            [
              -82.7408943,
              40.0531591
            ],
            [
              -82.7409104,
              40.0532393
            ]
          ]
        ]
      },
      "properties": {
        "epoch_id": "EPOCH-5b353d56a567a70b",
        "site_name": "Google New Albany",
        "distance_to_site_km": 2.181,
        "footprint_area_m2_webmercator": 90.58,
        "source_dataset": "Overture Maps buildings",
        "source_url": "https://docs.overturemaps.org/getting-data/",
        "source_release": "2026-09-23.1",
        "source_accessed_on": "2026-09-27",
        "geometry_role": "current building-footprint polygon",
        "linkage_semantics": "Overlap/proximity only; not evidence that the building hosts AI compute."
      }
    },
    {
      "type": "Feature",
      "id": "741ddb88-f649-4f31-b8e2-1461ed8dfd9e",
      "geometry": {
        "type": "Polygon",
        "coordinates": [
          [
            [
              -82.7414356,
              40.0530548
            ],
            [
              -82.7414473,
              40.0531421
            ],
            [
              -82.7415402,
              40.0531348
            ],
            [
              -82.7415196,
              40.0529815
            ],
            [
              -82.7414453,
              40.0529874
            ],
            [
              -82.7414542,
              40.0530533
            ],
            [
              -82.7414356,
              40.0530548
            ]
          ]
        ]
      },
      "properties": {
        "epoch_id": "EPOCH-5b353d56a567a70b",
        "site_name": "Google New Albany",
        "distance_to_site_km": 2.1699,
        "footprint_area_m2_webmercator": 212.84,
        "source_dataset": "Overture Maps buildings",
        "source_url": "https://docs.overturemaps.org/getting-data/",
        "source_release": "2026-09-23.1",
        "source_accessed_on": "2026-09-27",
        "geometry_role": "current building-footprint polygon",
        "linkage_semantics": "Overlap/proximity only; not evidence that the building hosts AI compute."
      }
    },
    {
      "type": "Feature",
      "id": "8b814d6e-28a0-47ce-8983-a4b862f40f7d",
      "geometry": {
        "type": "Polygon",
        "coordinates": [
          [
            [
              -82.7415634,
              40.0529483
            ],
            [
              -82.7416175,
              40.0529446
            ],
            [
              -82.7416069,
              40.052855
            ],
            [
              -82.7414899,
              40.0528631
            ],
            [
              -82.7415042,
              40.0529842
            ],
            [
              -82.7415671,
              40.0529798
            ],
            [
              -82.7415634,
              40.0529483
            ]
          ]
        ]
      },
      "properties": {
        "epoch_id": "EPOCH-5b353d56a567a70b",
        "site_name": "Google New Albany",
        "distance_to_site_km": 2.182,
        "footprint_area_m2_webmercator": 203.42,
        "source_dataset": "Overture Maps buildings",
        "source_url": "https://docs.overturemaps.org/getting-data/",
        "source_release": "2026-09-23.1",
        "source_accessed_on": "2026-09-27",
        "geometry_role": "current building-footprint polygon",
        "linkage_semantics": "Overlap/proximity only; not evidence that the building hosts AI compute."
      }
    },
    {
      "type": "Feature",
      "id": "87e83d0d-db08-4a96-b6d2-f1110ed6f3ad",
      "geometry": {
        "type": "Polygon",
        "coordinates": [
          [
            [
              -82.7400439,
              40.0527745
            ],
            [
              -82.7401916,
              40.0527531
            ],
            [
              -82.740172,
              40.0526738
            ],
            [
              -82.7400244,
              40.0526952
            ],
            [
              -82.7400439,
              40.0527745
            ]
          ]
        ]
      },
      "properties": {
        "epoch_id": "EPOCH-5b353d56a567a70b",
        "site_name": "Google New Albany",
        "distance_to_site_km": 2.2624,
        "footprint_area_m2_webmercator": 196.33,
        "source_dataset": "Overture Maps buildings",
        "source_url": "https://docs.overturemaps.org/getting-data/",
        "source_release": "2026-09-23.1",
        "source_accessed_on": "2026-09-27",
        "geometry_role": "current building-footprint polygon",
        "linkage_semantics": "Overlap/proximity only; not evidence that the building hosts AI compute."
      }
    },
    {
      "type": "Feature",
      "id": "555fc1b0-97d3-4442-bb70-ac15e818add4",
      "geometry": {
        "type": "Polygon",
        "coordinates": [
          [
            [
              -82.7389807,
              40.0526623
            ],
            [
              -82.7389628,
              40.0525818
            ],
            [
              -82.738736,
              40.0526112
            ],
            [
              -82.7387574,
              40.0527078
            ],
            [
              -82.7389095,
              40.052688
            ],
            [
              -82.738906,
              40.052672
            ],
            [
              -82.7389807,
              40.0526623
            ]
          ]
        ]
      },
      "properties": {
        "epoch_id": "EPOCH-5b353d56a567a70b",
        "site_name": "Google New Albany",
        "distance_to_site_km": 2.3275,
        "footprint_area_m2_webmercator": 344.81,
        "source_dataset": "Overture Maps buildings",
        "source_url": "https://docs.overturemaps.org/getting-data/",
        "source_release": "2026-09-23.1",
        "source_accessed_on": "2026-09-27",
        "geometry_role": "current building-footprint polygon",
        "linkage_semantics": "Overlap/proximity only; not evidence that the building hosts AI compute."
      }
    },
    {
      "type": "Feature",
      "id": "12908c99-350b-4cd4-ac8e-8deafc4d23a8",
      "geometry": {
        "type": "Polygon",
        "coordinates": [
          [
            [
              -82.7389609,
              40.0525038
            ],
            [
              -82.7389792,
              40.0525763
            ],
            [
              -82.739093,
              40.0525594
            ],
            [
              -82.7390747,
              40.052487
            ],
            [
              -82.7389609,
              40.0525038
            ]
          ]
        ]
      },
      "properties": {
        "epoch_id": "EPOCH-5b353d56a567a70b",
        "site_name": "Google New Albany",
        "distance_to_site_km": 2.3298,
        "footprint_area_m2_webmercator": 138.47,
        "source_dataset": "Overture Maps buildings",
        "source_url": "https://docs.overturemaps.org/getting-data/",
        "source_release": "2026-09-23.1",
        "source_accessed_on": "2026-09-27",
        "geometry_role": "current building-footprint polygon",
        "linkage_semantics": "Overlap/proximity only; not evidence that the building hosts AI compute."
      }
    },
    {
      "type": "Feature",
      "id": "9faaa4c9-a5e1-4b7f-a4be-9f68c88665b6",
      "geometry": {
        "type": "Polygon",
        "coordinates": [
          [
            [
              -82.7405609,
              40.052267
            ],
            [
              -82.7405655,
              40.0523366
            ],
            [
              -82.7408207,
              40.0523268
            ],
            [
              -82.7408141,
              40.0522265
            ],
            [
              -82.740675,
              40.0522318
            ],
            [
              -82.740677,
              40.0522625
            ],
            [
              -82.7405609,
              40.052267
            ]
          ]
        ]
      },
      "properties": {
        "epoch_id": "EPOCH-5b353d56a567a70b",
        "site_name": "Google New Albany",
        "distance_to_site_km": 2.2783,
        "footprint_area_m2_webmercator": 357.69,
        "source_dataset": "Overture Maps buildings",
        "source_url": "https://docs.overturemaps.org/getting-data/",
        "source_release": "2026-09-23.1",
        "source_accessed_on": "2026-09-27",
        "geometry_role": "current building-footprint polygon",
        "linkage_semantics": "Overlap/proximity only; not evidence that the building hosts AI compute."
      }
    },
    {
      "type": "Feature",
      "id": "e36f97ec-ae1a-40ab-9f62-82ededdb9c4a",
      "geometry": {
        "type": "Polygon",
        "coordinates": [
          [
            [
              -82.7414757,
              40.0523384
            ],
            [
              -82.7412425,
              40.0523334
            ],
            [
              -82.7412385,
              40.0524413
            ],
            [
              -82.7414717,
              40.0524462
            ],
            [
              -82.7414757,
              40.0523384
            ]
          ]
        ]
      },
      "properties": {
        "epoch_id": "EPOCH-5b353d56a567a70b",
        "site_name": "Google New Albany",
        "distance_to_site_km": 2.241,
        "footprint_area_m2_webmercator": 407.49,
        "source_dataset": "Overture Maps buildings",
        "source_url": "https://docs.overturemaps.org/getting-data/",
        "source_release": "2026-09-23.1",
        "source_accessed_on": "2026-09-27",
        "geometry_role": "current building-footprint polygon",
        "linkage_semantics": "Overlap/proximity only; not evidence that the building hosts AI compute."
      }
    },
    {
      "type": "Feature",
      "id": "2cb2fd52-bd9f-4198-be45-75d86176004e",
      "geometry": {
        "type": "Polygon",
        "coordinates": [
          [
            [
              -82.7403224,
              40.0525066
            ],
            [
              -82.7403,
              40.0523951
            ],
            [
              -82.7401837,
              40.0524088
            ],
            [
              -82.7402062,
              40.0525203
            ],
            [
              -82.7403224,
              40.0525066
            ]
          ]
        ]
      },
      "properties": {
        "epoch_id": "EPOCH-5b353d56a567a70b",
        "site_name": "Google New Albany",
        "distance_to_site_km": 2.2813,
        "footprint_area_m2_webmercator": 214.82,
        "source_dataset": "Overture Maps buildings",
        "source_url": "https://docs.overturemaps.org/getting-data/",
        "source_release": "2026-09-23.1",
        "source_accessed_on": "2026-09-27",
        "geometry_role": "current building-footprint polygon",
        "linkage_semantics": "Overlap/proximity only; not evidence that the building hosts AI compute."
      }
    },
    {
      "type": "Feature",
      "id": "a3e597cd-e933-4693-99ab-42ed2503bf13",
      "geometry": {
        "type": "Polygon",
        "coordinates": [
          [
            [
              -82.7404453,
              40.0525186
            ],
            [
              -82.7404473,
              40.0525494
            ],
            [
              -82.740557,
              40.0525452
            ],
            [
              -82.740555,
              40.0525145
            ],
            [
              -82.7404453,
              40.0525186
            ]
          ]
        ]
      },
      "properties": {
        "epoch_id": "EPOCH-5b353d56a567a70b",
        "site_name": "Google New Albany",
        "distance_to_site_km": 2.2634,
        "footprint_area_m2_webmercator": 54.74,
        "source_dataset": "Overture Maps buildings",
        "source_url": "https://docs.overturemaps.org/getting-data/",
        "source_release": "2026-09-23.1",
        "source_accessed_on": "2026-09-27",
        "geometry_role": "current building-footprint polygon",
        "linkage_semantics": "Overlap/proximity only; not evidence that the building hosts AI compute."
      }
    },
    {
      "type": "Feature",
      "id": "3591ce2b-bc56-4b20-8b96-8afd41cf8be1",
      "geometry": {
        "type": "Polygon",
        "coordinates": [
          [
            [
              -82.7425451,
              40.0522594
            ],
            [
              -82.7426893,
              40.0522523
            ],
            [
              -82.7426804,
              40.052146
            ],
            [
              -82.7424427,
              40.0521576
            ],
            [
              -82.7424497,
              40.0522415
            ],
            [
              -82.7425432,
              40.0522369
            ],
            [
              -82.7425451,
              40.0522594
            ]
          ]
        ]
      },
      "properties": {
        "epoch_id": "EPOCH-5b353d56a567a70b",
        "site_name": "Google New Albany",
        "distance_to_site_km": 2.2119,
        "footprint_area_m2_webmercator": 376.75,
        "source_dataset": "Overture Maps buildings",
        "source_url": "https://docs.overturemaps.org/getting-data/",
        "source_release": "2026-09-23.1",
        "source_accessed_on": "2026-09-27",
        "geometry_role": "current building-footprint polygon",
        "linkage_semantics": "Overlap/proximity only; not evidence that the building hosts AI compute."
      }
    },
    {
      "type": "Feature",
      "id": "8a5ea2e5-4950-4505-a9e4-7b63c25ae487",
      "geometry": {
        "type": "Polygon",
        "coordinates": [
          [
            [
              -82.742828,
              40.0528436
            ],
            [
              -82.7429834,
              40.0528274
            ],
            [
              -82.7429701,
              40.0527528
            ],
            [
              -82.7427401,
              40.0527767
            ],
            [
              -82.7427526,
              40.0528473
            ],
            [
              -82.7427166,
              40.052851
            ],
            [
              -82.7427327,
              40.0529417
            ],
            [
              -82.7428433,
              40.0529303
            ],
            [
              -82.742828,
              40.0528436
            ]
          ]
        ]
      },
      "properties": {
        "epoch_id": "EPOCH-5b353d56a567a70b",
        "site_name": "Google New Albany",
        "distance_to_site_km": 2.1389,
        "footprint_area_m2_webmercator": 443.57,
        "source_dataset": "Overture Maps buildings",
        "source_url": "https://docs.overturemaps.org/getting-data/",
        "source_release": "2026-09-23.1",
        "source_accessed_on": "2026-09-27",
        "geometry_role": "current building-footprint polygon",
        "linkage_semantics": "Overlap/proximity only; not evidence that the building hosts AI compute."
      }
    },
    {
      "type": "Feature",
      "id": "e4b6d590-a78c-4519-a67b-76d3a3ce27d7",
      "geometry": {
        "type": "Polygon",
        "coordinates": [
          [
            [
              -82.7408135,
              40.0533883
            ],
            [
              -82.7408294,
              40.0534559
            ],
            [
              -82.740793,
              40.0534609
            ],
            [
              -82.7408098,
              40.0535325
            ],
            [
              -82.7409725,
              40.0535101
            ],
            [
              -82.7409399,
              40.0533709
            ],
            [
              -82.7408135,
              40.0533883
            ]
          ]
        ]
      },
      "properties": {
        "epoch_id": "EPOCH-5b353d56a567a70b",
        "site_name": "Google New Albany",
        "distance_to_site_km": 2.1586,
        "footprint_area_m2_webmercator": 337.45,
        "source_dataset": "Overture Maps buildings",
        "source_url": "https://docs.overturemaps.org/getting-data/",
        "source_release": "2026-09-23.1",
        "source_accessed_on": "2026-09-27",
        "geometry_role": "current building-footprint polygon",
        "linkage_semantics": "Overlap/proximity only; not evidence that the building hosts AI compute."
      }
    },
    {
      "type": "Feature",
      "id": "834caea8-5903-482b-a67d-b130d6914df8",
      "geometry": {
        "type": "Polygon",
        "coordinates": [
          [
            [
              -82.7394179,
              40.0534674
            ],
            [
              -82.7393455,
              40.0534676
            ],
            [
              -82.739346,
              40.0535608
            ],
            [
              -82.7396089,
              40.0535599
            ],
            [
              -82.7396084,
              40.0534675
            ],
            [
              -82.7395262,
              40.0534678
            ],
            [
              -82.7395261,
              40.0534465
            ],
            [
              -82.7394178,
              40.0534468
            ],
            [
              -82.7394179,
              40.0534674
            ]
          ]
        ]
      },
      "properties": {
        "epoch_id": "EPOCH-5b353d56a567a70b",
        "site_name": "Google New Albany",
        "distance_to_site_km": 2.2181,
        "footprint_area_m2_webmercator": 431.55,
        "source_dataset": "Overture Maps buildings",
        "source_url": "https://docs.overturemaps.org/getting-data/",
        "source_release": "2026-09-23.1",
        "source_accessed_on": "2026-09-27",
        "geometry_role": "current building-footprint polygon",
        "linkage_semantics": "Overlap/proximity only; not evidence that the building hosts AI compute."
      }
    },
    {
      "type": "Feature",
      "id": "21ff2e1a-b370-43e7-ba03-233809dfacc8",
      "geometry": {
        "type": "Polygon",
        "coordinates": [
          [
            [
              -82.7392136,
              40.0536367
            ],
            [
              -82.7393405,
              40.0536337
            ],
            [
              -82.7393361,
              40.0535217
            ],
            [
              -82.7392091,
              40.0535247
            ],
            [
              -82.7392136,
              40.0536367
            ]
          ]
        ]
      },
      "properties": {
        "epoch_id": "EPOCH-5b353d56a567a70b",
        "site_name": "Google New Albany",
        "distance_to_site_km": 2.2213,
        "footprint_area_m2_webmercator": 230.4,
        "source_dataset": "Overture Maps buildings",
        "source_url": "https://docs.overturemaps.org/getting-data/",
        "source_release": "2026-09-23.1",
        "source_accessed_on": "2026-09-27",
        "geometry_role": "current building-footprint polygon",
        "linkage_semantics": "Overlap/proximity only; not evidence that the building hosts AI compute."
      }
    },
    {
      "type": "Feature",
      "id": "243bddab-4094-4589-bfa6-a84e7c217294",
      "geometry": {
        "type": "Polygon",
        "coordinates": [
          [
            [
              -82.7413987,
              40.0539862
            ],
            [
              -82.7414063,
              40.0540253
            ],
            [
              -82.7417237,
              40.0539887
            ],
            [
              -82.7417075,
              40.0539064
            ],
            [
              -82.7411777,
              40.0539674
            ],
            [
              -82.7411862,
              40.0540107
            ],
            [
              -82.7413987,
              40.0539862
            ]
          ]
        ]
      },
      "properties": {
        "epoch_id": "EPOCH-5b353d56a567a70b",
        "site_name": "Google New Albany",
        "distance_to_site_km": 2.0832,
        "footprint_area_m2_webmercator": 584.81,
        "source_dataset": "Overture Maps buildings",
        "source_url": "https://docs.overturemaps.org/getting-data/",
        "source_release": "2026-09-23.1",
        "source_accessed_on": "2026-09-27",
        "geometry_role": "current building-footprint polygon",
        "linkage_semantics": "Overlap/proximity only; not evidence that the building hosts AI compute."
      }
    },
    {
      "type": "Feature",
      "id": "fa21228f-bb3c-4dd9-94d4-d63565740ce8",
      "geometry": {
        "type": "Polygon",
        "coordinates": [
          [
            [
              -82.7419239,
              40.054875
            ],
            [
              -82.7419358,
              40.0548308
            ],
            [
              -82.7420324,
              40.0548461
            ],
            [
              -82.7420712,
              40.0547023
            ],
            [
              -82.7421604,
              40.0545857
            ],
            [
              -82.742059,
              40.0545402
            ],
            [
              -82.7420628,
              40.0545408
            ],
            [
              -82.7419076,
              40.0544712
            ],
            [
              -82.7418461,
              40.0545514
            ],
            [
              -82.7418812,
              40.0545672
            ],
            [
              -82.7418584,
              40.0545969
            ],
            [
              -82.7419151,
              40.0546224
            ],
            [
              -82.741806,
              40.0547649
            ],
            [
              -82.7418054,
              40.0547672
            ],
            [
              -82.7418604,
              40.0547919
            ],
            [
              -82.7418431,
              40.054856
            ],
            [
              -82.7418647,
              40.0548657
            ],
            [
              -82.7419239,
              40.054875
            ]
          ]
        ]
      },
      "properties": {
        "epoch_id": "EPOCH-5b353d56a567a70b",
        "site_name": "Google New Albany",
        "distance_to_site_km": 1.9949,
        "footprint_area_m2_webmercator": 1249.08,
        "source_dataset": "Overture Maps buildings",
        "source_url": "https://docs.overturemaps.org/getting-data/",
        "source_release": "2026-09-23.1",
        "source_accessed_on": "2026-09-27",
        "geometry_role": "current building-footprint polygon",
        "linkage_semantics": "Overlap/proximity only; not evidence that the building hosts AI compute."
      }
    },
    {
      "type": "Feature",
      "id": "8bd42852-8110-486f-9046-bd561858413b",
      "geometry": {
        "type": "Polygon",
        "coordinates": [
          [
            [
              -82.7415988,
              40.0544507
            ],
            [
              -82.7417018,
              40.0544523
            ],
            [
              -82.7417045,
              40.0543497
            ],
            [
              -82.7416015,
              40.0543481
            ],
            [
              -82.7415988,
              40.0544507
            ]
          ]
        ]
      },
      "properties": {
        "epoch_id": "EPOCH-5b353d56a567a70b",
        "site_name": "Google New Albany",
        "distance_to_site_km": 2.0348,
        "footprint_area_m2_webmercator": 171.16,
        "source_dataset": "Overture Maps buildings",
        "source_url": "https://docs.overturemaps.org/getting-data/",
        "source_release": "2026-09-23.1",
        "source_accessed_on": "2026-09-27",
        "geometry_role": "current building-footprint polygon",
        "linkage_semantics": "Overlap/proximity only; not evidence that the building hosts AI compute."
      }
    },
    {
      "type": "Feature",
      "id": "aaf1b7a3-69c1-4c90-903a-27fe271b414c",
      "geometry": {
        "type": "Polygon",
        "coordinates": [
          [
            [
              -82.7369003,
              40.0561271
            ],
            [
              -82.736978,
              40.056129
            ],
            [
              -82.7369804,
              40.0560716
            ],
            [
              -82.7369027,
              40.0560696
            ],
            [
              -82.7369003,
              40.0561271
            ]
          ]
        ]
      },
      "properties": {
        "epoch_id": "EPOCH-5b353d56a567a70b",
        "site_name": "Google New Albany",
        "distance_to_site_km": 2.1272,
        "footprint_area_m2_webmercator": 72.35,
        "source_dataset": "Overture Maps buildings",
        "source_url": "https://docs.overturemaps.org/getting-data/",
        "source_release": "2026-09-23.1",
        "source_accessed_on": "2026-09-27",
        "geometry_role": "current building-footprint polygon",
        "linkage_semantics": "Overlap/proximity only; not evidence that the building hosts AI compute."
      }
    },
    {
      "type": "Feature",
      "id": "7f4698d5-f6d4-4086-9151-f1bc86894917",
      "geometry": {
        "type": "Polygon",
        "coordinates": [
          [
            [
              -82.7370616,
              40.0565059
            ],
            [
              -82.7370651,
              40.0564144
            ],
            [
              -82.7368936,
              40.0564105
            ],
            [
              -82.7368901,
              40.0565021
            ],
            [
              -82.7370616,
              40.0565059
            ]
          ]
        ]
      },
      "properties": {
        "epoch_id": "EPOCH-5b353d56a567a70b",
        "site_name": "Google New Albany",
        "distance_to_site_km": 2.096,
        "footprint_area_m2_webmercator": 254.42,
        "source_dataset": "Overture Maps buildings",
        "source_url": "https://docs.overturemaps.org/getting-data/",
        "source_release": "2026-09-23.1",
        "source_accessed_on": "2026-09-27",
        "geometry_role": "current building-footprint polygon",
        "linkage_semantics": "Overlap/proximity only; not evidence that the building hosts AI compute."
      }
    },
    {
      "type": "Feature",
      "id": "577d1fc1-456c-4212-8f1a-5554b8eeb02c",
      "geometry": {
        "type": "Polygon",
        "coordinates": [
          [
            [
              -82.7366387,
              40.0562765
            ],
            [
              -82.7366415,
              40.056217
            ],
            [
              -82.7367005,
              40.0562186
            ],
            [
              -82.7367049,
              40.0561251
            ],
            [
              -82.7366245,
              40.0561229
            ],
            [
              -82.736624,
              40.0561344
            ],
            [
              -82.7365731,
              40.056133
            ],
            [
              -82.7365715,
              40.0561658
            ],
            [
              -82.7365219,
              40.0561644
            ],
            [
              -82.7365168,
              40.0562731
            ],
            [
              -82.7366387,
              40.0562765
            ]
          ]
        ]
      },
      "properties": {
        "epoch_id": "EPOCH-5b353d56a567a70b",
        "site_name": "Google New Albany",
        "distance_to_site_km": 2.1386,
        "footprint_area_m2_webmercator": 346.67,
        "source_dataset": "Overture Maps buildings",
        "source_url": "https://docs.overturemaps.org/getting-data/",
        "source_release": "2026-09-23.1",
        "source_accessed_on": "2026-09-27",
        "geometry_role": "current building-footprint polygon",
        "linkage_semantics": "Overlap/proximity only; not evidence that the building hosts AI compute."
      }
    },
    {
      "type": "Feature",
      "id": "f7a7edaf-ad25-4ccc-8824-0dd136221d04",
      "geometry": {
        "type": "Polygon",
        "coordinates": [
          [
            [
              -82.73547,
              40.0563117
            ],
            [
              -82.7353607,
              40.0561612
            ],
            [
              -82.7351855,
              40.0562358
            ],
            [
              -82.7352948,
              40.0563863
            ],
            [
              -82.73547,
              40.0563117
            ]
          ]
        ]
      },
      "properties": {
        "epoch_id": "EPOCH-5b353d56a567a70b",
        "site_name": "Google New Albany",
        "distance_to_site_km": 2.2098,
        "footprint_area_m2_webmercator": 558.9,
        "source_dataset": "Overture Maps buildings",
        "source_url": "https://docs.overturemaps.org/getting-data/",
        "source_release": "2026-09-23.1",
        "source_accessed_on": "2026-09-27",
        "geometry_role": "current building-footprint polygon",
        "linkage_semantics": "Overlap/proximity only; not evidence that the building hosts AI compute."
      }
    },
    {
      "type": "Feature",
      "id": "d5cc8a20-b531-4542-9c0d-7887d35d2adf",
      "geometry": {
        "type": "Polygon",
        "coordinates": [
          [
            [
              -82.7378705,
              40.0548464
            ],
            [
              -82.7376401,
              40.0548403
            ],
            [
              -82.7376317,
              40.0550248
            ],
            [
              -82.7378621,
              40.055031
            ],
            [
              -82.7378705,
              40.0548464
            ]
          ]
        ]
      },
      "properties": {
        "epoch_id": "EPOCH-5b353d56a567a70b",
        "site_name": "Google New Albany",
        "distance_to_site_km": 2.1788,
        "footprint_area_m2_webmercator": 689.23,
        "source_dataset": "Overture Maps buildings",
        "source_url": "https://docs.overturemaps.org/getting-data/",
        "source_release": "2026-09-23.1",
        "source_accessed_on": "2026-09-27",
        "geometry_role": "current building-footprint polygon",
        "linkage_semantics": "Overlap/proximity only; not evidence that the building hosts AI compute."
      }
    },
    {
      "type": "Feature",
      "id": "163d5d02-f34e-4735-8e63-a84dc1761491",
      "geometry": {
        "type": "Polygon",
        "coordinates": [
          [
            [
              -82.73806,
              40.0577093
            ],
            [
              -82.7380587,
              40.0575491
            ],
            [
              -82.7378924,
              40.0575499
            ],
            [
              -82.737893,
              40.0576238
            ],
            [
              -82.7378326,
              40.0576241
            ],
            [
              -82.7378335,
              40.0577296
            ],
            [
              -82.7379287,
              40.0577291
            ],
            [
              -82.7379286,
              40.0577099
            ],
            [
              -82.73806,
              40.0577093
            ]
          ]
        ]
      },
      "properties": {
        "epoch_id": "EPOCH-5b353d56a567a70b",
        "site_name": "Google New Albany",
        "distance_to_site_km": 1.944,
        "footprint_area_m2_webmercator": 545.27,
        "source_dataset": "Overture Maps buildings",
        "source_url": "https://docs.overturemaps.org/getting-data/",
        "source_release": "2026-09-23.1",
        "source_accessed_on": "2026-09-27",
        "geometry_role": "current building-footprint polygon",
        "linkage_semantics": "Overlap/proximity only; not evidence that the building hosts AI compute."
      }
    },
    {
      "type": "Feature",
      "id": "a916bf21-ba31-40ce-89e4-1c9149fecae9",
      "geometry": {
        "type": "Polygon",
        "coordinates": [
          [
            [
              -82.7384092,
              40.0579476
            ],
            [
              -82.7386072,
              40.0579548
            ],
            [
              -82.7386193,
              40.0577602
            ],
            [
              -82.7384213,
              40.057753
            ],
            [
              -82.7384092,
              40.0579476
            ]
          ]
        ]
      },
      "properties": {
        "epoch_id": "EPOCH-5b353d56a567a70b",
        "site_name": "Google New Albany",
        "distance_to_site_km": 1.8936,
        "footprint_area_m2_webmercator": 625.24,
        "source_dataset": "Overture Maps buildings",
        "source_url": "https://docs.overturemaps.org/getting-data/",
        "source_release": "2026-09-23.1",
        "source_accessed_on": "2026-09-27",
        "geometry_role": "current building-footprint polygon",
        "linkage_semantics": "Overlap/proximity only; not evidence that the building hosts AI compute."
      }
    },
    {
      "type": "Feature",
      "id": "eafbb2fc-20a1-4694-b828-00bcfe001ffa",
      "geometry": {
        "type": "Polygon",
        "coordinates": [
          [
            [
              -82.7472505,
              40.0584178
            ],
            [
              -82.747095,
              40.0584143
            ],
            [
              -82.7470907,
              40.0585271
            ],
            [
              -82.7472462,
              40.0585306
            ],
            [
              -82.7472505,
              40.0584178
            ]
          ]
        ]
      },
      "properties": {
        "epoch_id": "EPOCH-5b353d56a567a70b",
        "site_name": "Google New Albany",
        "distance_to_site_km": 1.4141,
        "footprint_area_m2_webmercator": 284.23,
        "source_dataset": "Overture Maps buildings",
        "source_url": "https://docs.overturemaps.org/getting-data/",
        "source_release": "2026-09-23.1",
        "source_accessed_on": "2026-09-27",
        "geometry_role": "current building-footprint polygon",
        "linkage_semantics": "Overlap/proximity only; not evidence that the building hosts AI compute."
      }
    },
    {
      "type": "Feature",
      "id": "3d530343-1ff6-4b6b-a90c-6aa427fed2bb",
      "geometry": {
        "type": "Polygon",
        "coordinates": [
          [
            [
              -82.7557683,
              40.0573704
            ],
            [
              -82.7557108,
              40.0573689
            ],
            [
              -82.7557074,
              40.0574437
            ],
            [
              -82.755765,
              40.0574452
            ],
            [
              -82.7557683,
              40.0573704
            ]
          ]
        ]
      },
      "properties": {
        "epoch_id": "EPOCH-5b353d56a567a70b",
        "site_name": "Google New Albany",
        "distance_to_site_km": 1.4133,
        "footprint_area_m2_webmercator": 69.78,
        "source_dataset": "Overture Maps buildings",
        "source_url": "https://docs.overturemaps.org/getting-data/",
        "source_release": "2026-09-23.1",
        "source_accessed_on": "2026-09-27",
        "geometry_role": "current building-footprint polygon",
        "linkage_semantics": "Overlap/proximity only; not evidence that the building hosts AI compute."
      }
    },
    {
      "type": "Feature",
      "id": "0bda1821-1db5-42eb-b78a-b5496547c8e0",
      "geometry": {
        "type": "Polygon",
        "coordinates": [
          [
            [
              -82.7481006,
              40.0578827
            ],
            [
              -82.7481568,
              40.0578848
            ],
            [
              -82.7481632,
              40.0577831
            ],
            [
              -82.748107,
              40.0577811
            ],
            [
              -82.7481006,
              40.0578827
            ]
          ]
        ]
      },
      "properties": {
        "epoch_id": "EPOCH-5b353d56a567a70b",
        "site_name": "Google New Albany",
        "distance_to_site_km": 1.4487,
        "footprint_area_m2_webmercator": 92.7,
        "source_dataset": "Overture Maps buildings",
        "source_url": "https://docs.overturemaps.org/getting-data/",
        "source_release": "2026-09-23.1",
        "source_accessed_on": "2026-09-27",
        "geometry_role": "current building-footprint polygon",
        "linkage_semantics": "Overlap/proximity only; not evidence that the building hosts AI compute."
      }
    },
    {
      "type": "Feature",
      "id": "fa1eb23d-5502-4603-a5a0-905f0d420060",
      "geometry": {
        "type": "Polygon",
        "coordinates": [
          [
            [
              -82.7567298,
              40.0569354
            ],
            [
              -82.7567404,
              40.0568025
            ],
            [
              -82.7565612,
              40.0567941
            ],
            [
              -82.756714,
              40.0548793
            ],
            [
              -82.7570477,
              40.054895
            ],
            [
              -82.7570727,
              40.054582
            ],
            [
              -82.7561179,
              40.0545371
            ],
            [
              -82.7559286,
              40.0568978
            ],
            [
              -82.7567298,
              40.0569354
            ]
          ]
        ]
      },
      "properties": {
        "epoch_id": "EPOCH-5b353d56a567a70b",
        "site_name": "Google New Albany",
        "distance_to_site_km": 1.6099,
        "footprint_area_m2_webmercator": 25928.3,
        "source_dataset": "Overture Maps buildings",
        "source_url": "https://docs.overturemaps.org/getting-data/",
        "source_release": "2026-09-23.1",
        "source_accessed_on": "2026-09-27",
        "geometry_role": "current building-footprint polygon",
        "linkage_semantics": "Overlap/proximity only; not evidence that the building hosts AI compute."
      }
    },
    {
      "type": "Feature",
      "id": "319b9ad7-7dfb-44a6-a0b4-4d79aafb9d10",
      "geometry": {
        "type": "Polygon",
        "coordinates": [
          [
            [
              -82.7619532,
              40.0556154
            ],
            [
              -82.7619547,
              40.0555456
            ],
            [
              -82.7618099,
              40.0555438
            ],
            [
              -82.7618084,
              40.0556136
            ],
            [
              -82.7619532,
              40.0556154
            ]
          ]
        ]
      },
      "properties": {
        "epoch_id": "EPOCH-5b353d56a567a70b",
        "site_name": "Google New Albany",
        "distance_to_site_km": 1.742,
        "footprint_area_m2_webmercator": 163.67,
        "source_dataset": "Overture Maps buildings",
        "source_url": "https://docs.overturemaps.org/getting-data/",
        "source_release": "2026-09-23.1",
        "source_accessed_on": "2026-09-27",
        "geometry_role": "current building-footprint polygon",
        "linkage_semantics": "Overlap/proximity only; not evidence that the building hosts AI compute."
      }
    },
    {
      "type": "Feature",
      "id": "31d7a4dc-236f-40d2-a38b-aaa26d655da3",
      "geometry": {
        "type": "Polygon",
        "coordinates": [
          [
            [
              -82.763571,
              40.0553779
            ],
            [
              -82.7636234,
              40.0553786
            ],
            [
              -82.7636248,
              40.0553211
            ],
            [
              -82.7635724,
              40.0553204
            ],
            [
              -82.763571,
              40.0553779
            ]
          ]
        ]
      },
      "properties": {
        "epoch_id": "EPOCH-5b353d56a567a70b",
        "site_name": "Google New Albany",
        "distance_to_site_km": 1.8258,
        "footprint_area_m2_webmercator": 48.8,
        "source_dataset": "Overture Maps buildings",
        "source_url": "https://docs.overturemaps.org/getting-data/",
        "source_release": "2026-09-23.1",
        "source_accessed_on": "2026-09-27",
        "geometry_role": "current building-footprint polygon",
        "linkage_semantics": "Overlap/proximity only; not evidence that the building hosts AI compute."
      }
    },
    {
      "type": "Feature",
      "id": "b9e2dc59-a90c-4f30-b156-a4a0af0aff09",
      "geometry": {
        "type": "Polygon",
        "coordinates": [
          [
            [
              -82.7683122,
              40.0554598
            ],
            [
              -82.7683161,
              40.0553573
            ],
            [
              -82.7682625,
              40.0553561
            ],
            [
              -82.7682623,
              40.0553622
            ],
            [
              -82.7682221,
              40.0553613
            ],
            [
              -82.7682184,
              40.0554577
            ],
            [
              -82.7683122,
              40.0554598
            ]
          ]
        ]
      },
      "properties": {
        "epoch_id": "EPOCH-5b353d56a567a70b",
        "site_name": "Google New Albany",
        "distance_to_site_km": 2.0289,
        "footprint_area_m2_webmercator": 151.79,
        "source_dataset": "Overture Maps buildings",
        "source_url": "https://docs.overturemaps.org/getting-data/",
        "source_release": "2026-09-23.1",
        "source_accessed_on": "2026-09-27",
        "geometry_role": "current building-footprint polygon",
        "linkage_semantics": "Overlap/proximity only; not evidence that the building hosts AI compute."
      }
    },
    {
      "type": "Feature",
      "id": "e2f93604-25bc-412c-b23a-9315ecc1f66d",
      "geometry": {
        "type": "Polygon",
        "coordinates": [
          [
            [
              -82.7668136,
              40.0556238
            ],
            [
              -82.7665085,
              40.0556132
            ],
            [
              -82.7664814,
              40.056068
            ],
            [
              -82.7667866,
              40.0560786
            ],
            [
              -82.7668136,
              40.0556238
            ]
          ]
        ]
      },
      "properties": {
        "epoch_id": "EPOCH-5b353d56a567a70b",
        "site_name": "Google New Albany",
        "distance_to_site_km": 1.9094,
        "footprint_area_m2_webmercator": 2251.51,
        "source_dataset": "Overture Maps buildings",
        "source_url": "https://docs.overturemaps.org/getting-data/",
        "source_release": "2026-09-23.1",
        "source_accessed_on": "2026-09-27",
        "geometry_role": "current building-footprint polygon",
        "linkage_semantics": "Overlap/proximity only; not evidence that the building hosts AI compute."
      }
    },
    {
      "type": "Feature",
      "id": "98ae41a0-fc02-48d8-a745-93c03e314968",
      "geometry": {
        "type": "Polygon",
        "coordinates": [
          [
            [
              -82.7676701,
              40.0566446
            ],
            [
              -82.7675683,
              40.0566415
            ],
            [
              -82.7675661,
              40.0566845
            ],
            [
              -82.7676678,
              40.0566877
            ],
            [
              -82.7676701,
              40.0566446
            ]
          ]
        ]
      },
      "properties": {
        "epoch_id": "EPOCH-5b353d56a567a70b",
        "site_name": "Google New Albany",
        "distance_to_site_km": 1.8843,
        "footprint_area_m2_webmercator": 71.03,
        "source_dataset": "Overture Maps buildings",
        "source_url": "https://docs.overturemaps.org/getting-data/",
        "source_release": "2026-09-23.1",
        "source_accessed_on": "2026-09-27",
        "geometry_role": "current building-footprint polygon",
        "linkage_semantics": "Overlap/proximity only; not evidence that the building hosts AI compute."
      }
    },
    {
      "type": "Feature",
      "id": "d85e1289-5883-4620-9028-e8d0677fbaba",
      "geometry": {
        "type": "Polygon",
        "coordinates": [
          [
            [
              -82.7644607,
              40.0572168
            ],
            [
              -82.7644647,
              40.0571564
            ],
            [
              -82.7642667,
              40.0571487
            ],
            [
              -82.7642587,
              40.0572695
            ],
            [
              -82.7644325,
              40.0572763
            ],
            [
              -82.7644347,
              40.0572435
            ],
            [
              -82.7644615,
              40.0572446
            ],
            [
              -82.7644624,
              40.0572302
            ],
            [
              -82.7643942,
              40.0572276
            ],
            [
              -82.7643951,
              40.0572142
            ],
            [
              -82.7644607,
              40.0572168
            ]
          ]
        ]
      },
      "properties": {
        "epoch_id": "EPOCH-5b353d56a567a70b",
        "site_name": "Google New Albany",
        "distance_to_site_km": 1.676,
        "footprint_area_m2_webmercator": 361.84,
        "source_dataset": "Overture Maps buildings",
        "source_url": "https://docs.overturemaps.org/getting-data/",
        "source_release": "2026-09-23.1",
        "source_accessed_on": "2026-09-27",
        "geometry_role": "current building-footprint polygon",
        "linkage_semantics": "Overlap/proximity only; not evidence that the building hosts AI compute."
      }
    },
    {
      "type": "Feature",
      "id": "41f8a675-2912-4b08-83b3-4abecc6347e6",
      "geometry": {
        "type": "Polygon",
        "coordinates": [
          [
            [
              -82.7633056,
              40.0567361
            ],
            [
              -82.7631635,
              40.0567338
            ],
            [
              -82.7631617,
              40.0567994
            ],
            [
              -82.7633038,
              40.0568018
            ],
            [
              -82.7633056,
              40.0567361
            ]
          ]
        ]
      },
      "properties": {
        "epoch_id": "EPOCH-5b353d56a567a70b",
        "site_name": "Google New Albany",
        "distance_to_site_km": 1.6714,
        "footprint_area_m2_webmercator": 151.1,
        "source_dataset": "Overture Maps buildings",
        "source_url": "https://docs.overturemaps.org/getting-data/",
        "source_release": "2026-09-23.1",
        "source_accessed_on": "2026-09-27",
        "geometry_role": "current building-footprint polygon",
        "linkage_semantics": "Overlap/proximity only; not evidence that the building hosts AI compute."
      }
    },
    {
      "type": "Feature",
      "id": "86663060-d585-4d3d-875a-a4c0fbfb53b7",
      "geometry": {
        "type": "Polygon",
        "coordinates": [
          [
            [
              -82.7572119,
              40.0571925
            ],
            [
              -82.7572051,
              40.0572784
            ],
            [
              -82.7572759,
              40.0572817
            ],
            [
              -82.7572827,
              40.0571958
            ],
            [
              -82.7572119,
              40.0571925
            ]
          ]
        ]
      },
      "properties": {
        "epoch_id": "EPOCH-5b353d56a567a70b",
        "site_name": "Google New Albany",
        "distance_to_site_km": 1.4507,
        "footprint_area_m2_webmercator": 98.83,
        "source_dataset": "Overture Maps buildings",
        "source_url": "https://docs.overturemaps.org/getting-data/",
        "source_release": "2026-09-23.1",
        "source_accessed_on": "2026-09-27",
        "geometry_role": "current building-footprint polygon",
        "linkage_semantics": "Overlap/proximity only; not evidence that the building hosts AI compute."
      }
    },
    {
      "type": "Feature",
      "id": "7100165b-37bc-4d1a-83af-4dfb691ea451",
      "geometry": {
        "type": "Polygon",
        "coordinates": [
          [
            [
              -82.7572669,
              40.0574409
            ],
            [
              -82.7572716,
              40.0573516
            ],
            [
              -82.7571979,
              40.0573493
            ],
            [
              -82.7571932,
              40.0574387
            ],
            [
              -82.7572669,
              40.0574409
            ]
          ]
        ]
      },
      "properties": {
        "epoch_id": "EPOCH-5b353d56a567a70b",
        "site_name": "Google New Albany",
        "distance_to_site_km": 1.4332,
        "footprint_area_m2_webmercator": 106.79,
        "source_dataset": "Overture Maps buildings",
        "source_url": "https://docs.overturemaps.org/getting-data/",
        "source_release": "2026-09-23.1",
        "source_accessed_on": "2026-09-27",
        "geometry_role": "current building-footprint polygon",
        "linkage_semantics": "Overlap/proximity only; not evidence that the building hosts AI compute."
      }
    },
    {
      "type": "Feature",
      "id": "8df14b33-4d5b-4f68-abcf-f3388c45d491",
      "geometry": {
        "type": "Polygon",
        "coordinates": [
          [
            [
              -82.7623601,
              40.0580159
            ],
            [
              -82.7623617,
              40.0579617
            ],
            [
              -82.7623241,
              40.0579611
            ],
            [
              -82.7623226,
              40.0580153
            ],
            [
              -82.7623601,
              40.0580159
            ]
          ]
        ]
      },
      "properties": {
        "epoch_id": "EPOCH-5b353d56a567a70b",
        "site_name": "Google New Albany",
        "distance_to_site_km": 1.5159,
        "footprint_area_m2_webmercator": 32.97,
        "source_dataset": "Overture Maps buildings",
        "source_url": "https://docs.overturemaps.org/getting-data/",
        "source_release": "2026-09-23.1",
        "source_accessed_on": "2026-09-27",
        "geometry_role": "current building-footprint polygon",
        "linkage_semantics": "Overlap/proximity only; not evidence that the building hosts AI compute."
      }
    },
    {
      "type": "Feature",
      "id": "7e7deddd-a572-44e3-aec9-815f1398b402",
      "geometry": {
        "type": "Polygon",
        "coordinates": [
          [
            [
              -82.7629512,
              40.0582925
            ],
            [
              -82.7629485,
              40.0583951
            ],
            [
              -82.7629726,
              40.0583954
            ],
            [
              -82.7629731,
              40.0583758
            ],
            [
              -82.7630026,
              40.0583763
            ],
            [
              -82.7630048,
              40.0582933
            ],
            [
              -82.7629512,
              40.0582925
            ]
          ]
        ]
      },
      "properties": {
        "epoch_id": "EPOCH-5b353d56a567a70b",
        "site_name": "Google New Albany",
        "distance_to_site_km": 1.5079,
        "footprint_area_m2_webmercator": 79.67,
        "source_dataset": "Overture Maps buildings",
        "source_url": "https://docs.overturemaps.org/getting-data/",
        "source_release": "2026-09-23.1",
        "source_accessed_on": "2026-09-27",
        "geometry_role": "current building-footprint polygon",
        "linkage_semantics": "Overlap/proximity only; not evidence that the building hosts AI compute."
      }
    },
    {
      "type": "Feature",
      "id": "659b03e3-540f-4057-9a7d-0db986f25de8",
      "geometry": {
        "type": "Polygon",
        "coordinates": [
          [
            [
              -82.7625035,
              40.0589828
            ],
            [
              -82.7625,
              40.0590071
            ],
            [
              -82.7625689,
              40.0590128
            ],
            [
              -82.7625724,
              40.0589885
            ],
            [
              -82.7625035,
              40.0589828
            ]
          ]
        ]
      },
      "properties": {
        "epoch_id": "EPOCH-5b353d56a567a70b",
        "site_name": "Google New Albany",
        "distance_to_site_km": 1.4259,
        "footprint_area_m2_webmercator": 27.43,
        "source_dataset": "Overture Maps buildings",
        "source_url": "https://docs.overturemaps.org/getting-data/",
        "source_release": "2026-09-23.1",
        "source_accessed_on": "2026-09-27",
        "geometry_role": "current building-footprint polygon",
        "linkage_semantics": "Overlap/proximity only; not evidence that the building hosts AI compute."
      }
    },
    {
      "type": "Feature",
      "id": "a1cb0099-c399-4430-8dda-53ad988a76f8",
      "geometry": {
        "type": "Polygon",
        "coordinates": [
          [
            [
              -82.7625132,
              40.0588769
            ],
            [
              -82.7624356,
              40.058874
            ],
            [
              -82.7624341,
              40.0588974
            ],
            [
              -82.7625117,
              40.0589003
            ],
            [
              -82.7625132,
              40.0588769
            ]
          ]
        ]
      },
      "properties": {
        "epoch_id": "EPOCH-5b353d56a567a70b",
        "site_name": "Google New Albany",
        "distance_to_site_km": 1.4338,
        "footprint_area_m2_webmercator": 29.47,
        "source_dataset": "Overture Maps buildings",
        "source_url": "https://docs.overturemaps.org/getting-data/",
        "source_release": "2026-09-23.1",
        "source_accessed_on": "2026-09-27",
        "geometry_role": "current building-footprint polygon",
        "linkage_semantics": "Overlap/proximity only; not evidence that the building hosts AI compute."
      }
    },
    {
      "type": "Feature",
      "id": "4c0e9e18-7b17-46ce-ae5b-12a32b455ce5",
      "geometry": {
        "type": "Polygon",
        "coordinates": [
          [
            [
              -82.7648303,
              40.0586313
            ],
            [
              -82.764833,
              40.0585883
            ],
            [
              -82.7643862,
              40.0585714
            ],
            [
              -82.7643764,
              40.058723
            ],
            [
              -82.764743,
              40.0587368
            ],
            [
              -82.76475,
              40.0586282
            ],
            [
              -82.7648303,
              40.0586313
            ]
          ]
        ]
      },
      "properties": {
        "epoch_id": "EPOCH-5b353d56a567a70b",
        "site_name": "Google New Albany",
        "distance_to_site_km": 1.5526,
        "footprint_area_m2_webmercator": 957.75,
        "source_dataset": "Overture Maps buildings",
        "source_url": "https://docs.overturemaps.org/getting-data/",
        "source_release": "2026-09-23.1",
        "source_accessed_on": "2026-09-27",
        "geometry_role": "current building-footprint polygon",
        "linkage_semantics": "Overlap/proximity only; not evidence that the building hosts AI compute."
      }
    },
    {
      "type": "Feature",
      "id": "a789c822-9f26-4e7b-bbd3-bc2ec5de7364",
      "geometry": {
        "type": "Polygon",
        "coordinates": [
          [
            [
              -82.7637248,
              40.0583111
            ],
            [
              -82.7668525,
              40.0584728
            ],
            [
              -82.766931,
              40.0575838
            ],
            [
              -82.7642156,
              40.0574433
            ],
            [
              -82.7642228,
              40.057361
            ],
            [
              -82.7638105,
              40.0573397
            ],
            [
              -82.7637248,
              40.0583111
            ]
          ]
        ]
      },
      "properties": {
        "epoch_id": "EPOCH-5b353d56a567a70b",
        "site_name": "Google New Albany",
        "distance_to_site_km": 1.6532,
        "footprint_area_m2_webmercator": 45778.97,
        "source_dataset": "Overture Maps buildings",
        "source_url": "https://docs.overturemaps.org/getting-data/",
        "source_release": "2026-09-23.1",
        "source_accessed_on": "2026-09-27",
        "geometry_role": "current building-footprint polygon",
        "linkage_semantics": "Overlap/proximity only; not evidence that the building hosts AI compute."
      }
    },
    {
      "type": "Feature",
      "id": "898dede3-04fd-4f98-950c-49441e01540f",
      "geometry": {
        "type": "Polygon",
        "coordinates": [
          [
            [
              -82.7657546,
              40.0600374
            ],
            [
              -82.7658146,
              40.0600392
            ],
            [
              -82.7658177,
              40.0599767
            ],
            [
              -82.7657577,
              40.0599749
            ],
            [
              -82.7657546,
              40.0600374
            ]
          ]
        ]
      },
      "properties": {
        "epoch_id": "EPOCH-5b353d56a567a70b",
        "site_name": "Google New Albany",
        "distance_to_site_km": 1.4987,
        "footprint_area_m2_webmercator": 60.81,
        "source_dataset": "Overture Maps buildings",
        "source_url": "https://docs.overturemaps.org/getting-data/",
        "source_release": "2026-09-23.1",
        "source_accessed_on": "2026-09-27",
        "geometry_role": "current building-footprint polygon",
        "linkage_semantics": "Overlap/proximity only; not evidence that the building hosts AI compute."
      }
    },
    {
      "type": "Feature",
      "id": "c8d3d85b-133d-4e98-a4f8-10cc58e86ab1",
      "geometry": {
        "type": "Polygon",
        "coordinates": [
          [
            [
              -82.7656854,
              40.0601531
            ],
            [
              -82.7658046,
              40.0601585
            ],
            [
              -82.7658096,
              40.060093
            ],
            [
              -82.7656904,
              40.0600877
            ],
            [
              -82.7656854,
              40.0601531
            ]
          ]
        ]
      },
      "properties": {
        "epoch_id": "EPOCH-5b353d56a567a70b",
        "site_name": "Google New Albany",
        "distance_to_site_km": 1.4869,
        "footprint_area_m2_webmercator": 126.75,
        "source_dataset": "Overture Maps buildings",
        "source_url": "https://docs.overturemaps.org/getting-data/",
        "source_release": "2026-09-23.1",
        "source_accessed_on": "2026-09-27",
        "geometry_role": "current building-footprint polygon",
        "linkage_semantics": "Overlap/proximity only; not evidence that the building hosts AI compute."
      }
    },
    {
      "type": "Feature",
      "id": "35647238-23d1-429a-a6bc-502b7c272095",
      "geometry": {
        "type": "Polygon",
        "coordinates": [
          [
            [
              -82.7637615,
              40.060121
            ],
            [
              -82.7650752,
              40.0601875
            ],
            [
              -82.7651676,
              40.0591186
            ],
            [
              -82.7637902,
              40.0590488
            ],
            [
              -82.763765,
              40.0593406
            ],
            [
              -82.7638788,
              40.0593463
            ],
            [
              -82.7638201,
              40.0600236
            ],
            [
              -82.7637702,
              40.0600211
            ],
            [
              -82.7637615,
              40.060121
            ]
          ]
        ]
      },
      "properties": {
        "epoch_id": "EPOCH-5b353d56a567a70b",
        "site_name": "Google New Albany",
        "distance_to_site_km": 1.4611,
        "footprint_area_m2_webmercator": 22586.64,
        "source_dataset": "Overture Maps buildings",
        "source_url": "https://docs.overturemaps.org/getting-data/",
        "source_release": "2026-09-23.1",
        "source_accessed_on": "2026-09-27",
        "geometry_role": "current building-footprint polygon",
        "linkage_semantics": "Overlap/proximity only; not evidence that the building hosts AI compute."
      }
    },
    {
      "type": "Feature",
      "id": "87c519a0-10a9-4944-95a6-cc1ef336abe8",
      "geometry": {
        "type": "Polygon",
        "coordinates": [
          [
            [
              -82.765803,
              40.0595533
            ],
            [
              -82.7658007,
              40.0595706
            ],
            [
              -82.7658315,
              40.059573
            ],
            [
              -82.7658383,
              40.0595212
            ],
            [
              -82.765781,
              40.0595167
            ],
            [
              -82.7657764,
              40.0595513
            ],
            [
              -82.765803,
              40.0595533
            ]
          ]
        ]
      },
      "properties": {
        "epoch_id": "EPOCH-5b353d56a567a70b",
        "site_name": "Google New Albany",
        "distance_to_site_km": 1.5389,
        "footprint_area_m2_webmercator": 41.1,
        "source_dataset": "Overture Maps buildings",
        "source_url": "https://docs.overturemaps.org/getting-data/",
        "source_release": "2026-09-23.1",
        "source_accessed_on": "2026-09-27",
        "geometry_role": "current building-footprint polygon",
        "linkage_semantics": "Overlap/proximity only; not evidence that the building hosts AI compute."
      }
    },
    {
      "type": "Feature",
      "id": "36686765-6a41-4f66-a6d0-f1af748a5c55",
      "geometry": {
        "type": "Polygon",
        "coordinates": [
          [
            [
              -82.7627324,
              40.0608589
            ],
            [
              -82.7630065,
              40.0576239
            ],
            [
              -82.7628873,
              40.0576179
            ],
            [
              -82.7628811,
              40.0576909
            ],
            [
              -82.7626206,
              40.057678
            ],
            [
              -82.7626101,
              40.0578024
            ],
            [
              -82.762867,
              40.0578151
            ],
            [
              -82.7628611,
              40.0578846
            ],
            [
              -82.7626032,
              40.0578719
            ],
            [
              -82.7625926,
              40.057998
            ],
            [
              -82.7628482,
              40.0580106
            ],
            [
              -82.7628418,
              40.0580876
            ],
            [
              -82.7625783,
              40.0580746
            ],
            [
              -82.7625683,
              40.0581933
            ],
            [
              -82.7628306,
              40.0582061
            ],
            [
              -82.7628247,
              40.0582771
            ],
            [
              -82.7625747,
              40.0582649
            ],
            [
              -82.7625646,
              40.0583858
            ],
            [
              -82.7628246,
              40.0583985
            ],
            [
              -82.7628179,
              40.0584782
            ],
            [
              -82.7625494,
              40.0584651
            ],
            [
              -82.7625387,
              40.0585939
            ],
            [
              -82.7627934,
              40.0586062
            ],
            [
              -82.7627877,
              40.058675
            ],
            [
              -82.7625336,
              40.0586627
            ],
            [
              -82.7625235,
              40.058786
            ],
            [
              -82.7627343,
              40.0587962
            ],
            [
              -82.7627281,
              40.0588716
            ],
            [
              -82.7625196,
              40.0588615
            ],
            [
              -82.76251,
              40.0589791
            ],
            [
              -82.7627625,
              40.0589913
            ],
            [
              -82.7627558,
              40.0590727
            ],
            [
              -82.7624988,
              40.0590603
            ],
            [
              -82.7624891,
              40.0591782
            ],
            [
              -82.7627449,
              40.0591905
            ],
            [
              -82.7627385,
              40.0592681
            ],
            [
              -82.7624805,
              40.0592557
            ],
            [
              -82.7624704,
              40.0593779
            ],
            [
              -82.7627231,
              40.0593901
            ],
            [
              -82.7627172,
              40.0594613
            ],
            [
              -82.7624606,
              40.0594489
            ],
            [
              -82.76245,
              40.0595766
            ],
            [
              -82.7627029,
              40.0595888
            ],
            [
              -82.7626974,
              40.0596557
            ],
            [
              -82.7624406,
              40.0596433
            ],
            [
              -82.76243,
              40.059772
            ],
            [
              -82.7626927,
              40.0597847
            ],
            [
              -82.7626864,
              40.0598602
            ],
            [
              -82.7624302,
              40.0598477
            ],
            [
              -82.7624204,
              40.0599657
            ],
            [
              -82.7626769,
              40.0599781
            ],
            [
              -82.7626703,
              40.0600574
            ],
            [
              -82.7624112,
              40.0600448
            ],
            [
              -82.7624011,
              40.0601658
            ],
            [
              -82.7626552,
              40.0601782
            ],
            [
              -82.7626491,
              40.0602512
            ],
            [
              -82.7623938,
              40.0602388
            ],
            [
              -82.7623833,
              40.0603641
            ],
            [
              -82.7625954,
              40.0603745
            ],
            [
              -82.7625895,
              40.060445
            ],
            [
              -82.7623763,
              40.0604345
            ],
            [
              -82.7623656,
              40.0605617
            ],
            [
              -82.7626175,
              40.0605741
            ],
            [
              -82.7626114,
              40.0606469
            ],
            [
              -82.7623587,
              40.0606344
            ],
            [
              -82.7623484,
              40.0607575
            ],
            [
              -82.762602,
              40.06077
            ],
            [
              -82.762595,
              40.0608521
            ],
            [
              -82.7627324,
              40.0608589
            ]
          ]
        ]
      },
      "properties": {
        "epoch_id": "EPOCH-5b353d56a567a70b",
        "site_name": "Google New Albany",
        "distance_to_site_km": 1.4092,
        "footprint_area_m2_webmercator": 15113.88,
        "source_dataset": "Overture Maps buildings",
        "source_url": "https://docs.overturemaps.org/getting-data/",
        "source_release": "2026-09-23.1",
        "source_accessed_on": "2026-09-27",
        "geometry_role": "current building-footprint polygon",
        "linkage_semantics": "Overlap/proximity only; not evidence that the building hosts AI compute."
      }
    },
    {
      "type": "Feature",
      "id": "1902a576-6575-486f-96c8-096648ea9963",
      "geometry": {
        "type": "Polygon",
        "coordinates": [
          [
            [
              -82.7621004,
              40.0610217
            ],
            [
              -82.7621092,
              40.0610011
            ],
            [
              -82.7621084,
              40.0609794
            ],
            [
              -82.7620981,
              40.0609592
            ],
            [
              -82.7620812,
              40.060944
            ],
            [
              -82.762059,
              40.0609337
            ],
            [
              -82.7620336,
              40.0609291
            ],
            [
              -82.7620077,
              40.0609308
            ],
            [
              -82.7619838,
              40.0609386
            ],
            [
              -82.7619642,
              40.0609518
            ],
            [
              -82.761951,
              40.0609689
            ],
            [
              -82.7619454,
              40.0609883
            ],
            [
              -82.761948,
              40.0610082
            ],
            [
              -82.7619585,
              40.0610264
            ],
            [
              -82.7619778,
              40.0610423
            ],
            [
              -82.7620031,
              40.0610522
            ],
            [
              -82.7620312,
              40.0610551
            ],
            [
              -82.7620589,
              40.0610504
            ],
            [
              -82.7620829,
              40.0610388
            ],
            [
              -82.7621004,
              40.0610217
            ]
          ]
        ]
      },
      "properties": {
        "epoch_id": "EPOCH-5b353d56a567a70b",
        "site_name": "Google New Albany",
        "distance_to_site_km": 1.2151,
        "footprint_area_m2_webmercator": 259.68,
        "source_dataset": "Overture Maps buildings",
        "source_url": "https://docs.overturemaps.org/getting-data/",
        "source_release": "2026-09-23.1",
        "source_accessed_on": "2026-09-27",
        "geometry_role": "current building-footprint polygon",
        "linkage_semantics": "Overlap/proximity only; not evidence that the building hosts AI compute."
      }
    },
    {
      "type": "Feature",
      "id": "d0f7d821-9b1a-4bac-b5f8-229211bbd25d",
      "geometry": {
        "type": "Polygon",
        "coordinates": [
          [
            [
              -82.7623252,
              40.0609273
            ],
            [
              -82.762558,
              40.060938
            ],
            [
              -82.7625644,
              40.0608572
            ],
            [
              -82.7623315,
              40.0608465
            ],
            [
              -82.7623252,
              40.0609273
            ]
          ]
        ]
      },
      "properties": {
        "epoch_id": "EPOCH-5b353d56a567a70b",
        "site_name": "Google New Albany",
        "distance_to_site_km": 1.2444,
        "footprint_area_m2_webmercator": 305.72,
        "source_dataset": "Overture Maps buildings",
        "source_url": "https://docs.overturemaps.org/getting-data/",
        "source_release": "2026-09-23.1",
        "source_accessed_on": "2026-09-27",
        "geometry_role": "current building-footprint polygon",
        "linkage_semantics": "Overlap/proximity only; not evidence that the building hosts AI compute."
      }
    },
    {
      "type": "Feature",
      "id": "30ba25d3-71b9-4896-91ce-eab279703e9d",
      "geometry": {
        "type": "Polygon",
        "coordinates": [
          [
            [
              -82.7625879,
              40.0609066
            ],
            [
              -82.76259,
              40.0608533
            ],
            [
              -82.7625659,
              40.0608527
            ],
            [
              -82.762563,
              40.0609245
            ],
            [
              -82.7625952,
              40.0609253
            ],
            [
              -82.7625959,
              40.0609068
            ],
            [
              -82.7625879,
              40.0609066
            ]
          ]
        ]
      },
      "properties": {
        "epoch_id": "EPOCH-5b353d56a567a70b",
        "site_name": "Google New Albany",
        "distance_to_site_km": 1.251,
        "footprint_area_m2_webmercator": 30.49,
        "source_dataset": "Overture Maps buildings",
        "source_url": "https://docs.overturemaps.org/getting-data/",
        "source_release": "2026-09-23.1",
        "source_accessed_on": "2026-09-27",
        "geometry_role": "current building-footprint polygon",
        "linkage_semantics": "Overlap/proximity only; not evidence that the building hosts AI compute."
      }
    },
    {
      "type": "Feature",
      "id": "95587a1d-b425-4a34-aa2f-2301379fa85d",
      "geometry": {
        "type": "Polygon",
        "coordinates": [
          [
            [
              -82.7624192,
              40.0611572
            ],
            [
              -82.7626093,
              40.0611653
            ],
            [
              -82.7626138,
              40.0611031
            ],
            [
              -82.7624237,
              40.0610949
            ],
            [
              -82.7624192,
              40.0611572
            ]
          ]
        ]
      },
      "properties": {
        "epoch_id": "EPOCH-5b353d56a567a70b",
        "site_name": "Google New Albany",
        "distance_to_site_km": 1.2264,
        "footprint_area_m2_webmercator": 192.2,
        "source_dataset": "Overture Maps buildings",
        "source_url": "https://docs.overturemaps.org/getting-data/",
        "source_release": "2026-09-23.1",
        "source_accessed_on": "2026-09-27",
        "geometry_role": "current building-footprint polygon",
        "linkage_semantics": "Overlap/proximity only; not evidence that the building hosts AI compute."
      }
    },
    {
      "type": "Feature",
      "id": "b4d4e471-0f40-431a-88ec-3016c28f38dd",
      "geometry": {
        "type": "Polygon",
        "coordinates": [
          [
            [
              -82.7619073,
              40.0610941
            ],
            [
              -82.7619161,
              40.0610735
            ],
            [
              -82.7619153,
              40.0610517
            ],
            [
              -82.7619049,
              40.0610315
            ],
            [
              -82.7618881,
              40.0610164
            ],
            [
              -82.7618659,
              40.061006
            ],
            [
              -82.7618405,
              40.0610015
            ],
            [
              -82.7618146,
              40.0610032
            ],
            [
              -82.7617907,
              40.061011
            ],
            [
              -82.7617711,
              40.0610241
            ],
            [
              -82.7617579,
              40.0610412
            ],
            [
              -82.7617523,
              40.0610607
            ],
            [
              -82.7617549,
              40.0610805
            ],
            [
              -82.7617654,
              40.0610987
            ],
            [
              -82.7617847,
              40.0611146
            ],
            [
              -82.7618099,
              40.0611246
            ],
            [
              -82.7618381,
              40.0611274
            ],
            [
              -82.7618658,
              40.0611228
            ],
            [
              -82.7618898,
              40.0611112
            ],
            [
              -82.7619073,
              40.0610941
            ]
          ]
        ]
      },
      "properties": {
        "epoch_id": "EPOCH-5b353d56a567a70b",
        "site_name": "Google New Albany",
        "distance_to_site_km": 1.1993,
        "footprint_area_m2_webmercator": 259.66,
        "source_dataset": "Overture Maps buildings",
        "source_url": "https://docs.overturemaps.org/getting-data/",
        "source_release": "2026-09-23.1",
        "source_accessed_on": "2026-09-27",
        "geometry_role": "current building-footprint polygon",
        "linkage_semantics": "Overlap/proximity only; not evidence that the building hosts AI compute."
      }
    },
    {
      "type": "Feature",
      "id": "0c887c5e-e6af-4c10-9053-2f59246f7197",
      "geometry": {
        "type": "Polygon",
        "coordinates": [
          [
            [
              -82.7620869,
              40.0611849
            ],
            [
              -82.7620958,
              40.0611643
            ],
            [
              -82.762095,
              40.0611425
            ],
            [
              -82.7620846,
              40.0611223
            ],
            [
              -82.7620677,
              40.0611072
            ],
            [
              -82.7620455,
              40.0610968
            ],
            [
              -82.7620202,
              40.0610923
            ],
            [
              -82.7619943,
              40.061094
            ],
            [
              -82.7619703,
              40.0611018
            ],
            [
              -82.7619508,
              40.0611149
            ],
            [
              -82.7619375,
              40.061132
            ],
            [
              -82.7619319,
              40.0611515
            ],
            [
              -82.7619345,
              40.0611713
            ],
            [
              -82.7619451,
              40.0611895
            ],
            [
              -82.7619644,
              40.0612054
            ],
            [
              -82.7619896,
              40.0612154
            ],
            [
              -82.7620177,
              40.0612182
            ],
            [
              -82.7620454,
              40.0612136
            ],
            [
              -82.7620695,
              40.061202
            ],
            [
              -82.7620869,
              40.0611849
            ]
          ]
        ]
      },
      "properties": {
        "epoch_id": "EPOCH-5b353d56a567a70b",
        "site_name": "Google New Albany",
        "distance_to_site_km": 1.1995,
        "footprint_area_m2_webmercator": 259.69,
        "source_dataset": "Overture Maps buildings",
        "source_url": "https://docs.overturemaps.org/getting-data/",
        "source_release": "2026-09-23.1",
        "source_accessed_on": "2026-09-27",
        "geometry_role": "current building-footprint polygon",
        "linkage_semantics": "Overlap/proximity only; not evidence that the building hosts AI compute."
      }
    },
    {
      "type": "Feature",
      "id": "c138d14f-2bee-4acb-925c-e62f32e2e63a",
      "geometry": {
        "type": "Polygon",
        "coordinates": [
          [
            [
              -82.761892,
              40.061259
            ],
            [
              -82.7619009,
              40.0612384
            ],
            [
              -82.7619001,
              40.0612167
            ],
            [
              -82.7618897,
              40.0611964
            ],
            [
              -82.7618728,
              40.0611813
            ],
            [
              -82.7618506,
              40.0611709
            ],
            [
              -82.7618253,
              40.0611664
            ],
            [
              -82.7617994,
              40.0611681
            ],
            [
              -82.7617754,
              40.0611759
            ],
            [
              -82.7617559,
              40.061189
            ],
            [
              -82.7617426,
              40.0612062
            ],
            [
              -82.761737,
              40.0612256
            ],
            [
              -82.7617396,
              40.0612454
            ],
            [
              -82.7617502,
              40.0612636
            ],
            [
              -82.7617695,
              40.0612795
            ],
            [
              -82.7617947,
              40.0612895
            ],
            [
              -82.7618228,
              40.0612923
            ],
            [
              -82.7618506,
              40.0612877
            ],
            [
              -82.7618746,
              40.0612761
            ],
            [
              -82.761892,
              40.061259
            ]
          ]
        ]
      },
      "properties": {
        "epoch_id": "EPOCH-5b353d56a567a70b",
        "site_name": "Google New Albany",
        "distance_to_site_km": 1.1833,
        "footprint_area_m2_webmercator": 259.68,
        "source_dataset": "Overture Maps buildings",
        "source_url": "https://docs.overturemaps.org/getting-data/",
        "source_release": "2026-09-23.1",
        "source_accessed_on": "2026-09-27",
        "geometry_role": "current building-footprint polygon",
        "linkage_semantics": "Overlap/proximity only; not evidence that the building hosts AI compute."
      }
    },
    {
      "type": "Feature",
      "id": "8a93121b-d4ad-4f88-90dd-a19cf7440ad3",
      "geometry": {
        "type": "Polygon",
        "coordinates": [
          [
            [
              -82.7620709,
              40.0613508
            ],
            [
              -82.7620798,
              40.0613302
            ],
            [
              -82.762079,
              40.0613084
            ],
            [
              -82.7620686,
              40.0612882
            ],
            [
              -82.7620517,
              40.0612731
            ],
            [
              -82.7620295,
              40.0612627
            ],
            [
              -82.7620042,
              40.0612582
            ],
            [
              -82.7619782,
              40.0612599
            ],
            [
              -82.7619543,
              40.0612677
            ],
            [
              -82.7619348,
              40.0612808
            ],
            [
              -82.7619215,
              40.0612979
            ],
            [
              -82.7619159,
              40.0613174
            ],
            [
              -82.7619185,
              40.0613372
            ],
            [
              -82.7619291,
              40.0613554
            ],
            [
              -82.7619484,
              40.0613713
            ],
            [
              -82.7619736,
              40.0613813
            ],
            [
              -82.7620017,
              40.0613841
            ],
            [
              -82.7620294,
              40.0613795
            ],
            [
              -82.7620534,
              40.0613679
            ],
            [
              -82.7620709,
              40.0613508
            ]
          ]
        ]
      },
      "properties": {
        "epoch_id": "EPOCH-5b353d56a567a70b",
        "site_name": "Google New Albany",
        "distance_to_site_km": 1.1835,
        "footprint_area_m2_webmercator": 259.68,
        "source_dataset": "Overture Maps buildings",
        "source_url": "https://docs.overturemaps.org/getting-data/",
        "source_release": "2026-09-23.1",
        "source_accessed_on": "2026-09-27",
        "geometry_role": "current building-footprint polygon",
        "linkage_semantics": "Overlap/proximity only; not evidence that the building hosts AI compute."
      }
    },
    {
      "type": "Feature",
      "id": "41a1b974-71c1-4e7b-86ab-6269e2ddb864",
      "geometry": {
        "type": "Polygon",
        "coordinates": [
          [
            [
              -82.7621951,
              40.0614085
            ],
            [
              -82.7622889,
              40.0614129
            ],
            [
              -82.7623117,
              40.0611283
            ],
            [
              -82.7622178,
              40.0611239
            ],
            [
              -82.7621951,
              40.0614085
            ]
          ]
        ]
      },
      "properties": {
        "epoch_id": "EPOCH-5b353d56a567a70b",
        "site_name": "Google New Albany",
        "distance_to_site_km": 1.2008,
        "footprint_area_m2_webmercator": 434.08,
        "source_dataset": "Overture Maps buildings",
        "source_url": "https://docs.overturemaps.org/getting-data/",
        "source_release": "2026-09-23.1",
        "source_accessed_on": "2026-09-27",
        "geometry_role": "current building-footprint polygon",
        "linkage_semantics": "Overlap/proximity only; not evidence that the building hosts AI compute."
      }
    },
    {
      "type": "Feature",
      "id": "66eec863-9474-4ae9-9968-71096ccd2274",
      "geometry": {
        "type": "Polygon",
        "coordinates": [
          [
            [
              -82.7624078,
              40.0612968
            ],
            [
              -82.7625969,
              40.0613075
            ],
            [
              -82.762603,
              40.0612447
            ],
            [
              -82.7624139,
              40.061234
            ],
            [
              -82.7624078,
              40.0612968
            ]
          ]
        ]
      },
      "properties": {
        "epoch_id": "EPOCH-5b353d56a567a70b",
        "site_name": "Google New Albany",
        "distance_to_site_km": 1.2132,
        "footprint_area_m2_webmercator": 193.33,
        "source_dataset": "Overture Maps buildings",
        "source_url": "https://docs.overturemaps.org/getting-data/",
        "source_release": "2026-09-23.1",
        "source_accessed_on": "2026-09-27",
        "geometry_role": "current building-footprint polygon",
        "linkage_semantics": "Overlap/proximity only; not evidence that the building hosts AI compute."
      }
    },
    {
      "type": "Feature",
      "id": "ae119d36-f6b7-4aa5-9263-0bd9d92bc0e5",
      "geometry": {
        "type": "Polygon",
        "coordinates": [
          [
            [
              -82.765031,
              40.0606634
            ],
            [
              -82.7636569,
              40.0605944
            ],
            [
              -82.763632,
              40.0608853
            ],
            [
              -82.7637437,
              40.0608909
            ],
            [
              -82.763686,
              40.0615662
            ],
            [
              -82.7636345,
              40.0615637
            ],
            [
              -82.7636262,
              40.0616608
            ],
            [
              -82.7649398,
              40.0617268
            ],
            [
              -82.765031,
              40.0606634
            ]
          ]
        ]
      },
      "properties": {
        "epoch_id": "EPOCH-5b353d56a567a70b",
        "site_name": "Google New Albany",
        "distance_to_site_km": 1.3213,
        "footprint_area_m2_webmercator": 22436.28,
        "source_dataset": "Overture Maps buildings",
        "source_url": "https://docs.overturemaps.org/getting-data/",
        "source_release": "2026-09-23.1",
        "source_accessed_on": "2026-09-27",
        "geometry_role": "current building-footprint polygon",
        "linkage_semantics": "Overlap/proximity only; not evidence that the building hosts AI compute."
      }
    },
    {
      "type": "Feature",
      "id": "8f876d86-1908-4aa2-b9a5-04f65dd2536f",
      "geometry": {
        "type": "Polygon",
        "coordinates": [
          [
            [
              -82.7652959,
              40.0613279
            ],
            [
              -82.7654191,
              40.0613319
            ],
            [
              -82.7654226,
              40.0612684
            ],
            [
              -82.7652994,
              40.0612644
            ],
            [
              -82.7652959,
              40.0613279
            ]
          ]
        ]
      },
      "properties": {
        "epoch_id": "EPOCH-5b353d56a567a70b",
        "site_name": "Google New Albany",
        "distance_to_site_km": 1.3692,
        "footprint_area_m2_webmercator": 126.89,
        "source_dataset": "Overture Maps buildings",
        "source_url": "https://docs.overturemaps.org/getting-data/",
        "source_release": "2026-09-23.1",
        "source_accessed_on": "2026-09-27",
        "geometry_role": "current building-footprint polygon",
        "linkage_semantics": "Overlap/proximity only; not evidence that the building hosts AI compute."
      }
    },
    {
      "type": "Feature",
      "id": "9c316b5b-0e75-48ec-acb3-4d668239992f",
      "geometry": {
        "type": "Polygon",
        "coordinates": [
          [
            [
              -82.7656483,
              40.061349
            ],
            [
              -82.7656993,
              40.0613497
            ],
            [
              -82.7657009,
              40.061282
            ],
            [
              -82.7655776,
              40.0612802
            ],
            [
              -82.7655765,
              40.0613233
            ],
            [
              -82.7655273,
              40.0613226
            ],
            [
              -82.7655268,
              40.0613452
            ],
            [
              -82.7656484,
              40.061347
            ],
            [
              -82.7656483,
              40.061349
            ]
          ]
        ]
      },
      "properties": {
        "epoch_id": "EPOCH-5b353d56a567a70b",
        "site_name": "Google New Albany",
        "distance_to_site_km": 1.384,
        "footprint_area_m2_webmercator": 150.99,
        "source_dataset": "Overture Maps buildings",
        "source_url": "https://docs.overturemaps.org/getting-data/",
        "source_release": "2026-09-23.1",
        "source_accessed_on": "2026-09-27",
        "geometry_role": "current building-footprint polygon",
        "linkage_semantics": "Overlap/proximity only; not evidence that the building hosts AI compute."
      }
    },
    {
      "type": "Feature",
      "id": "1f3cce05-d085-4e51-98ee-eaad06f15fd7",
      "geometry": {
        "type": "Polygon",
        "coordinates": [
          [
            [
              -82.7656012,
              40.0612263
            ],
            [
              -82.7657093,
              40.061229
            ],
            [
              -82.7657119,
              40.0611685
            ],
            [
              -82.7656038,
              40.0611658
            ],
            [
              -82.7656012,
              40.0612263
            ]
          ]
        ]
      },
      "properties": {
        "epoch_id": "EPOCH-5b353d56a567a70b",
        "site_name": "Google New Albany",
        "distance_to_site_km": 1.395,
        "footprint_area_m2_webmercator": 106.0,
        "source_dataset": "Overture Maps buildings",
        "source_url": "https://docs.overturemaps.org/getting-data/",
        "source_release": "2026-09-23.1",
        "source_accessed_on": "2026-09-27",
        "geometry_role": "current building-footprint polygon",
        "linkage_semantics": "Overlap/proximity only; not evidence that the building hosts AI compute."
      }
    },
    {
      "type": "Feature",
      "id": "afed75de-527d-482b-ae14-4940d6108c60",
      "geometry": {
        "type": "Polygon",
        "coordinates": [
          [
            [
              -82.765554,
              40.0611118
            ],
            [
              -82.7657189,
              40.0611184
            ],
            [
              -82.7657233,
              40.0610529
            ],
            [
              -82.7655682,
              40.0610467
            ],
            [
              -82.7655681,
              40.0610477
            ],
            [
              -82.7654959,
              40.0610449
            ],
            [
              -82.7654922,
              40.0610991
            ],
            [
              -82.7655243,
              40.0611004
            ],
            [
              -82.7655236,
              40.0611106
            ],
            [
              -82.765554,
              40.0611118
            ]
          ]
        ]
      },
      "properties": {
        "epoch_id": "EPOCH-5b353d56a567a70b",
        "site_name": "Google New Albany",
        "distance_to_site_km": 1.4014,
        "footprint_area_m2_webmercator": 235.22,
        "source_dataset": "Overture Maps buildings",
        "source_url": "https://docs.overturemaps.org/getting-data/",
        "source_release": "2026-09-23.1",
        "source_accessed_on": "2026-09-27",
        "geometry_role": "current building-footprint polygon",
        "linkage_semantics": "Overlap/proximity only; not evidence that the building hosts AI compute."
      }
    },
    {
      "type": "Feature",
      "id": "51e56bb9-de97-459e-b8e1-bec5a19d4b70",
      "geometry": {
        "type": "Polygon",
        "coordinates": [
          [
            [
              -82.7654007,
              40.060531
            ],
            [
              -82.7655159,
              40.0605332
            ],
            [
              -82.7655172,
              40.0604922
            ],
            [
              -82.765402,
              40.06049
            ],
            [
              -82.7654007,
              40.060531
            ]
          ]
        ]
      },
      "properties": {
        "epoch_id": "EPOCH-5b353d56a567a70b",
        "site_name": "Google New Albany",
        "distance_to_site_km": 1.4384,
        "footprint_area_m2_webmercator": 76.52,
        "source_dataset": "Overture Maps buildings",
        "source_url": "https://docs.overturemaps.org/getting-data/",
        "source_release": "2026-09-23.1",
        "source_accessed_on": "2026-09-27",
        "geometry_role": "current building-footprint polygon",
        "linkage_semantics": "Overlap/proximity only; not evidence that the building hosts AI compute."
      }
    },
    {
      "type": "Feature",
      "id": "30d4d63d-2957-4a98-9541-c2678a9eb358",
      "geometry": {
        "type": "Polygon",
        "coordinates": [
          [
            [
              -82.7655705,
              40.061567
            ],
            [
              -82.7656802,
              40.0615712
            ],
            [
              -82.7656839,
              40.0615138
            ],
            [
              -82.7655742,
              40.0615097
            ],
            [
              -82.7655705,
              40.061567
            ]
          ]
        ]
      },
      "properties": {
        "epoch_id": "EPOCH-5b353d56a567a70b",
        "site_name": "Google New Albany",
        "distance_to_site_km": 1.3666,
        "footprint_area_m2_webmercator": 102.11,
        "source_dataset": "Overture Maps buildings",
        "source_url": "https://docs.overturemaps.org/getting-data/",
        "source_release": "2026-09-23.1",
        "source_accessed_on": "2026-09-27",
        "geometry_role": "current building-footprint polygon",
        "linkage_semantics": "Overlap/proximity only; not evidence that the building hosts AI compute."
      }
    },
    {
      "type": "Feature",
      "id": "36347ff7-a6ec-435c-ba9b-8e9b48eb258d",
      "geometry": {
        "type": "Polygon",
        "coordinates": [
          [
            [
              -82.7604562,
              40.0633982
            ],
            [
              -82.756049,
              40.0632176
            ],
            [
              -82.7559985,
              40.0639398
            ],
            [
              -82.7563918,
              40.0639559
            ],
            [
              -82.756409,
              40.0637098
            ],
            [
              -82.7602459,
              40.0638661
            ],
            [
              -82.7602365,
              40.0640018
            ],
            [
              -82.7604135,
              40.064009
            ],
            [
              -82.7604562,
              40.0633982
            ]
          ]
        ]
      },
      "properties": {
        "epoch_id": "EPOCH-5b353d56a567a70b",
        "site_name": "Google New Albany",
        "distance_to_site_km": 0.8025,
        "footprint_area_m2_webmercator": 36000.99,
        "source_dataset": "Overture Maps buildings",
        "source_url": "https://docs.overturemaps.org/getting-data/",
        "source_release": "2026-09-23.1",
        "source_accessed_on": "2026-09-27",
        "geometry_role": "current building-footprint polygon",
        "linkage_semantics": "Overlap/proximity only; not evidence that the building hosts AI compute."
      }
    },
    {
      "type": "Feature",
      "id": "52c43967-77ad-4def-be33-502dd1ded001",
      "geometry": {
        "type": "Polygon",
        "coordinates": [
          [
            [
              -82.7576338,
              40.0628701
            ],
            [
              -82.7577999,
              40.0628741
            ],
            [
              -82.7578062,
              40.0627203
            ],
            [
              -82.7576401,
              40.0627163
            ],
            [
              -82.7576338,
              40.0628701
            ]
          ]
        ]
      },
      "properties": {
        "epoch_id": "EPOCH-5b353d56a567a70b",
        "site_name": "Google New Albany",
        "distance_to_site_km": 0.8654,
        "footprint_area_m2_webmercator": 414.04,
        "source_dataset": "Overture Maps buildings",
        "source_url": "https://docs.overturemaps.org/getting-data/",
        "source_release": "2026-09-23.1",
        "source_accessed_on": "2026-09-27",
        "geometry_role": "current building-footprint polygon",
        "linkage_semantics": "Overlap/proximity only; not evidence that the building hosts AI compute."
      }
    },
    {
      "type": "Feature",
      "id": "72c33cf2-2e7a-4d5f-95c3-43c2651f1854",
      "geometry": {
        "type": "Polygon",
        "coordinates": [
          [
            [
              -82.7620794,
              40.0619578
            ],
            [
              -82.7621519,
              40.061962
            ],
            [
              -82.7621577,
              40.0619041
            ],
            [
              -82.7620853,
              40.0618998
            ],
            [
              -82.7620794,
              40.0619578
            ]
          ]
        ]
      },
      "properties": {
        "epoch_id": "EPOCH-5b353d56a567a70b",
        "site_name": "Google New Albany",
        "distance_to_site_km": 1.1347,
        "footprint_area_m2_webmercator": 68.38,
        "source_dataset": "Overture Maps buildings",
        "source_url": "https://docs.overturemaps.org/getting-data/",
        "source_release": "2026-09-23.1",
        "source_accessed_on": "2026-09-27",
        "geometry_role": "current building-footprint polygon",
        "linkage_semantics": "Overlap/proximity only; not evidence that the building hosts AI compute."
      }
    },
    {
      "type": "Feature",
      "id": "d0895c22-24fb-477a-9a23-266b71a1c5bf",
      "geometry": {
        "type": "Polygon",
        "coordinates": [
          [
            [
              -82.7619717,
              40.0618982
            ],
            [
              -82.7618673,
              40.0618944
            ],
            [
              -82.7618621,
              40.0619784
            ],
            [
              -82.7619664,
              40.0619822
            ],
            [
              -82.7619717,
              40.0618982
            ]
          ]
        ]
      },
      "properties": {
        "epoch_id": "EPOCH-5b353d56a567a70b",
        "site_name": "Google New Albany",
        "distance_to_site_km": 1.1238,
        "footprint_area_m2_webmercator": 142.25,
        "source_dataset": "Overture Maps buildings",
        "source_url": "https://docs.overturemaps.org/getting-data/",
        "source_release": "2026-09-23.1",
        "source_accessed_on": "2026-09-27",
        "geometry_role": "current building-footprint polygon",
        "linkage_semantics": "Overlap/proximity only; not evidence that the building hosts AI compute."
      }
    },
    {
      "type": "Feature",
      "id": "72e8a311-1ea5-40cc-a246-25850a32f1fd",
      "geometry": {
        "type": "Polygon",
        "coordinates": [
          [
            [
              -82.7620536,
              40.0615141
            ],
            [
              -82.7620625,
              40.0614935
            ],
            [
              -82.7620617,
              40.0614718
            ],
            [
              -82.7620513,
              40.0614516
            ],
            [
              -82.7620344,
              40.0614364
            ],
            [
              -82.7620122,
              40.0614261
            ],
            [
              -82.7619869,
              40.0614215
            ],
            [
              -82.761961,
              40.0614232
            ],
            [
              -82.761937,
              40.061431
            ],
            [
              -82.7619175,
              40.0614442
            ],
            [
              -82.7619042,
              40.0614613
            ],
            [
              -82.7618986,
              40.0614807
            ],
            [
              -82.7619012,
              40.0615006
            ],
            [
              -82.7619118,
              40.0615188
            ],
            [
              -82.7619311,
              40.0615347
            ],
            [
              -82.7619563,
              40.0615446
            ],
            [
              -82.7619844,
              40.0615475
            ],
            [
              -82.7620122,
              40.0615428
            ],
            [
              -82.7620362,
              40.0615312
            ],
            [
              -82.7620536,
              40.0615141
            ]
          ]
        ]
      },
      "properties": {
        "epoch_id": "EPOCH-5b353d56a567a70b",
        "site_name": "Google New Albany",
        "distance_to_site_km": 1.1678,
        "footprint_area_m2_webmercator": 259.71,
        "source_dataset": "Overture Maps buildings",
        "source_url": "https://docs.overturemaps.org/getting-data/",
        "source_release": "2026-09-23.1",
        "source_accessed_on": "2026-09-27",
        "geometry_role": "current building-footprint polygon",
        "linkage_semantics": "Overlap/proximity only; not evidence that the building hosts AI compute."
      }
    },
    {
      "type": "Feature",
      "id": "29109953-43e9-45f4-87b6-6f97e96b256a",
      "geometry": {
        "type": "Polygon",
        "coordinates": [
          [
            [
              -82.7623817,
              40.061582
            ],
            [
              -82.7625717,
              40.0615921
            ],
            [
              -82.7625773,
              40.0615302
            ],
            [
              -82.7623873,
              40.0615202
            ],
            [
              -82.7623817,
              40.061582
            ]
          ]
        ]
      },
      "properties": {
        "epoch_id": "EPOCH-5b353d56a567a70b",
        "site_name": "Google New Albany",
        "distance_to_site_km": 1.1865,
        "footprint_area_m2_webmercator": 191.18,
        "source_dataset": "Overture Maps buildings",
        "source_url": "https://docs.overturemaps.org/getting-data/",
        "source_release": "2026-09-23.1",
        "source_accessed_on": "2026-09-27",
        "geometry_role": "current building-footprint polygon",
        "linkage_semantics": "Overlap/proximity only; not evidence that the building hosts AI compute."
      }
    },
    {
      "type": "Feature",
      "id": "1f1bf3ed-8bb5-47ae-80ed-9aa7a7d72bc7",
      "geometry": {
        "type": "Polygon",
        "coordinates": [
          [
            [
              -82.7623955,
              40.0614415
            ],
            [
              -82.7625856,
              40.0614494
            ],
            [
              -82.7625901,
              40.061386
            ],
            [
              -82.7623999,
              40.0613782
            ],
            [
              -82.7623955,
              40.0614415
            ]
          ]
        ]
      },
      "properties": {
        "epoch_id": "EPOCH-5b353d56a567a70b",
        "site_name": "Google New Albany",
        "distance_to_site_km": 1.1998,
        "footprint_area_m2_webmercator": 195.61,
        "source_dataset": "Overture Maps buildings",
        "source_url": "https://docs.overturemaps.org/getting-data/",
        "source_release": "2026-09-23.1",
        "source_accessed_on": "2026-09-27",
        "geometry_role": "current building-footprint polygon",
        "linkage_semantics": "Overlap/proximity only; not evidence that the building hosts AI compute."
      }
    },
    {
      "type": "Feature",
      "id": "3c261ab4-96a9-465d-8628-d529b8a3ace7",
      "geometry": {
        "type": "Polygon",
        "coordinates": [
          [
            [
              -82.7618829,
              40.0614239
            ],
            [
              -82.7618917,
              40.0614033
            ],
            [
              -82.7618909,
              40.0613816
            ],
            [
              -82.7618806,
              40.0613614
            ],
            [
              -82.7618637,
              40.0613462
            ],
            [
              -82.7618415,
              40.0613358
            ],
            [
              -82.7618161,
              40.0613313
            ],
            [
              -82.7617902,
              40.061333
            ],
            [
              -82.7617663,
              40.0613408
            ],
            [
              -82.7617467,
              40.0613539
            ],
            [
              -82.7617335,
              40.0613711
            ],
            [
              -82.7617279,
              40.0613905
            ],
            [
              -82.7617305,
              40.0614103
            ],
            [
              -82.761741,
              40.0614285
            ],
            [
              -82.7617603,
              40.0614444
            ],
            [
              -82.7617856,
              40.0614544
            ],
            [
              -82.7618137,
              40.0614572
            ],
            [
              -82.7618414,
              40.0614526
            ],
            [
              -82.7618654,
              40.061441
            ],
            [
              -82.7618829,
              40.0614239
            ]
          ]
        ]
      },
      "properties": {
        "epoch_id": "EPOCH-5b353d56a567a70b",
        "site_name": "Google New Albany",
        "distance_to_site_km": 1.1677,
        "footprint_area_m2_webmercator": 259.63,
        "source_dataset": "Overture Maps buildings",
        "source_url": "https://docs.overturemaps.org/getting-data/",
        "source_release": "2026-09-23.1",
        "source_accessed_on": "2026-09-27",
        "geometry_role": "current building-footprint polygon",
        "linkage_semantics": "Overlap/proximity only; not evidence that the building hosts AI compute."
      }
    },
    {
      "type": "Feature",
      "id": "70d77571-1a7a-4d68-9be4-55903ebf406a",
      "geometry": {
        "type": "Polygon",
        "coordinates": [
          [
            [
              -82.756781,
              40.0626904
            ],
            [
              -82.7567747,
              40.062618
            ],
            [
              -82.7566081,
              40.0626263
            ],
            [
              -82.7566224,
              40.0627928
            ],
            [
              -82.7567223,
              40.0627878
            ],
            [
              -82.756716,
              40.0627153
            ],
            [
              -82.7568229,
              40.06271
            ],
            [
              -82.756821,
              40.0626884
            ],
            [
              -82.756781,
              40.0626904
            ]
          ]
        ]
      },
      "properties": {
        "epoch_id": "EPOCH-5b353d56a567a70b",
        "site_name": "Google New Albany",
        "distance_to_site_km": 0.8483,
        "footprint_area_m2_webmercator": 386.47,
        "source_dataset": "Overture Maps buildings",
        "source_url": "https://docs.overturemaps.org/getting-data/",
        "source_release": "2026-09-23.1",
        "source_accessed_on": "2026-09-27",
        "geometry_role": "current building-footprint polygon",
        "linkage_semantics": "Overlap/proximity only; not evidence that the building hosts AI compute."
      }
    },
    {
      "type": "Feature",
      "id": "d5fd0e30-3c22-4b60-89be-e412553a5441",
      "geometry": {
        "type": "Polygon",
        "coordinates": [
          [
            [
              -82.7565152,
              40.0627974
            ],
            [
              -82.7564959,
              40.0626378
            ],
            [
              -82.7561688,
              40.0626609
            ],
            [
              -82.7561881,
              40.0628206
            ],
            [
              -82.7565152,
              40.0627974
            ]
          ]
        ]
      },
      "properties": {
        "epoch_id": "EPOCH-5b353d56a567a70b",
        "site_name": "Google New Albany",
        "distance_to_site_km": 0.8373,
        "footprint_area_m2_webmercator": 852.78,
        "source_dataset": "Overture Maps buildings",
        "source_url": "https://docs.overturemaps.org/getting-data/",
        "source_release": "2026-09-23.1",
        "source_accessed_on": "2026-09-27",
        "geometry_role": "current building-footprint polygon",
        "linkage_semantics": "Overlap/proximity only; not evidence that the building hosts AI compute."
      }
    },
    {
      "type": "Feature",
      "id": "f7caa0a7-c20c-4574-bcdf-4915a4ae06f3",
      "geometry": {
        "type": "Polygon",
        "coordinates": [
          [
            [
              -82.7565273,
              40.0626349
            ],
            [
              -82.7565338,
              40.0627517
            ],
            [
              -82.7565349,
              40.0627517
            ],
            [
              -82.756537,
              40.0627895
            ],
            [
              -82.7565788,
              40.0627881
            ],
            [
              -82.7565701,
              40.0626335
            ],
            [
              -82.7565273,
              40.0626349
            ]
          ]
        ]
      },
      "properties": {
        "epoch_id": "EPOCH-5b353d56a567a70b",
        "site_name": "Google New Albany",
        "distance_to_site_km": 0.8437,
        "footprint_area_m2_webmercator": 106.79,
        "source_dataset": "Overture Maps buildings",
        "source_url": "https://docs.overturemaps.org/getting-data/",
        "source_release": "2026-09-23.1",
        "source_accessed_on": "2026-09-27",
        "geometry_role": "current building-footprint polygon",
        "linkage_semantics": "Overlap/proximity only; not evidence that the building hosts AI compute."
      }
    },
    {
      "type": "Feature",
      "id": "5815a479-bdea-46d7-8afb-1a61f6d261d0",
      "geometry": {
        "type": "Polygon",
        "coordinates": [
          [
            [
              -82.7486329,
              40.0629657
            ],
            [
              -82.7486885,
              40.0632341
            ],
            [
              -82.7504703,
              40.063018
            ],
            [
              -82.7504111,
              40.0627316
            ],
            [
              -82.7490228,
              40.0629
            ],
            [
              -82.7490214,
              40.0628933
            ],
            [
              -82.7488775,
              40.0629107
            ],
            [
              -82.7488826,
              40.0629355
            ],
            [
              -82.7486329,
              40.0629657
            ]
          ]
        ]
      },
      "properties": {
        "epoch_id": "EPOCH-5b353d56a567a70b",
        "site_name": "Google New Albany",
        "distance_to_site_km": 0.8737,
        "footprint_area_m2_webmercator": 8411.16,
        "source_dataset": "Overture Maps buildings",
        "source_url": "https://docs.overturemaps.org/getting-data/",
        "source_release": "2026-09-23.1",
        "source_accessed_on": "2026-09-27",
        "geometry_role": "current building-footprint polygon",
        "linkage_semantics": "Overlap/proximity only; not evidence that the building hosts AI compute."
      }
    },
    {
      "type": "Feature",
      "id": "84ead55b-5b68-4c43-8299-ee226164b86e",
      "geometry": {
        "type": "Polygon",
        "coordinates": [
          [
            [
              -82.7487982,
              40.0634422
            ],
            [
              -82.748783,
              40.0633872
            ],
            [
              -82.7486073,
              40.0634156
            ],
            [
              -82.748615,
              40.0634438
            ],
            [
              -82.7486341,
              40.0634407
            ],
            [
              -82.7486415,
              40.0634675
            ],
            [
              -82.7487982,
              40.0634422
            ]
          ]
        ]
      },
      "properties": {
        "epoch_id": "EPOCH-5b353d56a567a70b",
        "site_name": "Google New Albany",
        "distance_to_site_km": 0.8652,
        "footprint_area_m2_webmercator": 154.82,
        "source_dataset": "Overture Maps buildings",
        "source_url": "https://docs.overturemaps.org/getting-data/",
        "source_release": "2026-09-23.1",
        "source_accessed_on": "2026-09-27",
        "geometry_role": "current building-footprint polygon",
        "linkage_semantics": "Overlap/proximity only; not evidence that the building hosts AI compute."
      }
    },
    {
      "type": "Feature",
      "id": "a4bbd090-3c80-49a1-b080-284c8f66dbc9",
      "geometry": {
        "type": "Polygon",
        "coordinates": [
          [
            [
              -82.7489716,
              40.0612685
            ],
            [
              -82.7489809,
              40.0612069
            ],
            [
              -82.7486579,
              40.0611785
            ],
            [
              -82.7486487,
              40.06124
            ],
            [
              -82.7489716,
              40.0612685
            ]
          ]
        ]
      },
      "properties": {
        "epoch_id": "EPOCH-5b353d56a567a70b",
        "site_name": "Google New Albany",
        "distance_to_site_km": 1.0777,
        "footprint_area_m2_webmercator": 326.1,
        "source_dataset": "Overture Maps buildings",
        "source_url": "https://docs.overturemaps.org/getting-data/",
        "source_release": "2026-09-23.1",
        "source_accessed_on": "2026-09-27",
        "geometry_role": "current building-footprint polygon",
        "linkage_semantics": "Overlap/proximity only; not evidence that the building hosts AI compute."
      }
    },
    {
      "type": "Feature",
      "id": "eec8d394-e2f1-4bec-82ed-6e5c81914e8f",
      "geometry": {
        "type": "Polygon",
        "coordinates": [
          [
            [
              -82.7486625,
              40.0610987
            ],
            [
              -82.7530659,
              40.0614771
            ],
            [
              -82.7531732,
              40.0608595
            ],
            [
              -82.7511487,
              40.0606952
            ],
            [
              -82.7511581,
              40.0605453
            ],
            [
              -82.75134,
              40.0605596
            ],
            [
              -82.7513773,
              40.0602418
            ],
            [
              -82.7512,
              40.0602168
            ],
            [
              -82.7512187,
              40.0600633
            ],
            [
              -82.7532618,
              40.0602632
            ],
            [
              -82.7533271,
              40.0596528
            ],
            [
              -82.7489191,
              40.0592743
            ],
            [
              -82.7488631,
              40.0598598
            ],
            [
              -82.7503884,
              40.0600026
            ],
            [
              -82.7503091,
              40.0606131
            ],
            [
              -82.7487558,
              40.0604846
            ],
            [
              -82.7486625,
              40.0610987
            ]
          ]
        ]
      },
      "properties": {
        "epoch_id": "EPOCH-5b353d56a567a70b",
        "site_name": "Google New Albany",
        "distance_to_site_km": 1.1064,
        "footprint_area_m2_webmercator": 96659.3,
        "source_dataset": "Overture Maps buildings",
        "source_url": "https://docs.overturemaps.org/getting-data/",
        "source_release": "2026-09-23.1",
        "source_accessed_on": "2026-09-27",
        "geometry_role": "current building-footprint polygon",
        "linkage_semantics": "Overlap/proximity only; not evidence that the building hosts AI compute."
      }
    },
    {
      "type": "Feature",
      "id": "30aa79c1-2b7e-4cd7-bad0-ff496c0b91da",
      "geometry": {
        "type": "Polygon",
        "coordinates": [
          [
            [
              -82.7489419,
              40.0591739
            ],
            [
              -82.749293,
              40.0591911
            ],
            [
              -82.7492967,
              40.0591469
            ],
            [
              -82.7491273,
              40.0591385
            ],
            [
              -82.7491344,
              40.059054
            ],
            [
              -82.7489527,
              40.0590451
            ],
            [
              -82.7489419,
              40.0591739
            ]
          ]
        ]
      },
      "properties": {
        "epoch_id": "EPOCH-5b353d56a567a70b",
        "site_name": "Google New Albany",
        "distance_to_site_km": 1.2861,
        "footprint_area_m2_webmercator": 502.32,
        "source_dataset": "Overture Maps buildings",
        "source_url": "https://docs.overturemaps.org/getting-data/",
        "source_release": "2026-09-23.1",
        "source_accessed_on": "2026-09-27",
        "geometry_role": "current building-footprint polygon",
        "linkage_semantics": "Overlap/proximity only; not evidence that the building hosts AI compute."
      }
    },
    {
      "type": "Feature",
      "id": "27f27afb-5ae4-4c80-bae6-9d87ada74b1d",
      "geometry": {
        "type": "Polygon",
        "coordinates": [
          [
            [
              -82.7412343,
              40.0621717
            ],
            [
              -82.7408764,
              40.059913
            ],
            [
              -82.7397289,
              40.0600269
            ],
            [
              -82.7400758,
              40.062266
            ],
            [
              -82.740008,
              40.0622896
            ],
            [
              -82.7400881,
              40.0627187
            ],
            [
              -82.7402422,
              40.0626999
            ],
            [
              -82.7402853,
              40.0630725
            ],
            [
              -82.7413144,
              40.0629781
            ],
            [
              -82.7412527,
              40.0626056
            ],
            [
              -82.741376,
              40.0625961
            ],
            [
              -82.7412959,
              40.0621622
            ],
            [
              -82.7412343,
              40.0621717
            ]
          ]
        ]
      },
      "properties": {
        "epoch_id": "EPOCH-5b353d56a567a70b",
        "site_name": "Google New Albany",
        "distance_to_site_km": 1.4914,
        "footprint_area_m2_webmercator": 58043.71,
        "source_dataset": "Overture Maps buildings",
        "source_url": "https://docs.overturemaps.org/getting-data/",
        "source_release": "2026-09-23.1",
        "source_accessed_on": "2026-09-27",
        "geometry_role": "current building-footprint polygon",
        "linkage_semantics": "Overlap/proximity only; not evidence that the building hosts AI compute."
      }
    },
    {
      "type": "Feature",
      "id": "89028975-6a9f-4312-b722-bd3d1ca68b3f",
      "geometry": {
        "type": "Polygon",
        "coordinates": [
          [
            [
              -82.7419327,
              40.0621733
            ],
            [
              -82.7419401,
              40.06229
            ],
            [
              -82.7420916,
              40.0622844
            ],
            [
              -82.7420842,
              40.0621676
            ],
            [
              -82.7419327,
              40.0621733
            ]
          ]
        ]
      },
      "properties": {
        "epoch_id": "EPOCH-5b353d56a567a70b",
        "site_name": "Google New Albany",
        "distance_to_site_km": 1.3433,
        "footprint_area_m2_webmercator": 287.06,
        "source_dataset": "Overture Maps buildings",
        "source_url": "https://docs.overturemaps.org/getting-data/",
        "source_release": "2026-09-23.1",
        "source_accessed_on": "2026-09-27",
        "geometry_role": "current building-footprint polygon",
        "linkage_semantics": "Overlap/proximity only; not evidence that the building hosts AI compute."
      }
    },
    {
      "type": "Feature",
      "id": "04356502-111d-4d8f-a852-120cd119406c",
      "geometry": {
        "type": "Polygon",
        "coordinates": [
          [
            [
              -82.7390608,
              40.0631482
            ],
            [
              -82.7390692,
              40.0632575
            ],
            [
              -82.7391157,
              40.0632554
            ],
            [
              -82.7391074,
              40.0631462
            ],
            [
              -82.7390608,
              40.0631482
            ]
          ]
        ]
      },
      "properties": {
        "epoch_id": "EPOCH-5b353d56a567a70b",
        "site_name": "Google New Albany",
        "distance_to_site_km": 1.483,
        "footprint_area_m2_webmercator": 82.62,
        "source_dataset": "Overture Maps buildings",
        "source_url": "https://docs.overturemaps.org/getting-data/",
        "source_release": "2026-09-23.1",
        "source_accessed_on": "2026-09-27",
        "geometry_role": "current building-footprint polygon",
        "linkage_semantics": "Overlap/proximity only; not evidence that the building hosts AI compute."
      }
    },
    {
      "type": "Feature",
      "id": "77017e21-44f0-4cbc-aa68-dfcc7d1db4ee",
      "geometry": {
        "type": "Polygon",
        "coordinates": [
          [
            [
              -82.7435933,
              40.0640705
            ],
            [
              -82.7443116,
              40.0640063
            ],
            [
              -82.7442779,
              40.0637856
            ],
            [
              -82.7435596,
              40.0638497
            ],
            [
              -82.7435933,
              40.0640705
            ]
          ]
        ]
      },
      "properties": {
        "epoch_id": "EPOCH-5b353d56a567a70b",
        "site_name": "Google New Albany",
        "distance_to_site_km": 1.0969,
        "footprint_area_m2_webmercator": 2602.45,
        "source_dataset": "Overture Maps buildings",
        "source_url": "https://docs.overturemaps.org/getting-data/",
        "source_release": "2026-09-23.1",
        "source_accessed_on": "2026-09-27",
        "geometry_role": "current building-footprint polygon",
        "linkage_semantics": "Overlap/proximity only; not evidence that the building hosts AI compute."
      }
    },
    {
      "type": "Feature",
      "id": "84d32626-4847-4a19-b8e1-eb4ade4dae6a",
      "geometry": {
        "type": "Polygon",
        "coordinates": [
          [
            [
              -82.7391612,
              40.0638041
            ],
            [
              -82.7392085,
              40.0637989
            ],
            [
              -82.7391864,
              40.0636822
            ],
            [
              -82.7391391,
              40.0636875
            ],
            [
              -82.7391612,
              40.0638041
            ]
          ]
        ]
      },
      "properties": {
        "epoch_id": "EPOCH-5b353d56a567a70b",
        "site_name": "Google New Albany",
        "distance_to_site_km": 1.4466,
        "footprint_area_m2_webmercator": 91.22,
        "source_dataset": "Overture Maps buildings",
        "source_url": "https://docs.overturemaps.org/getting-data/",
        "source_release": "2026-09-23.1",
        "source_accessed_on": "2026-09-27",
        "geometry_role": "current building-footprint polygon",
        "linkage_semantics": "Overlap/proximity only; not evidence that the building hosts AI compute."
      }
    },
    {
      "type": "Feature",
      "id": "f7273dcf-9395-47bf-858a-a445a589d269",
      "geometry": {
        "type": "Polygon",
        "coordinates": [
          [
            [
              -82.7392081,
              40.064075
            ],
            [
              -82.7392554,
              40.0640697
            ],
            [
              -82.7392348,
              40.0639604
            ],
            [
              -82.7391875,
              40.0639656
            ],
            [
              -82.7392081,
              40.064075
            ]
          ]
        ]
      },
      "properties": {
        "epoch_id": "EPOCH-5b353d56a567a70b",
        "site_name": "Google New Albany",
        "distance_to_site_km": 1.4285,
        "footprint_area_m2_webmercator": 85.5,
        "source_dataset": "Overture Maps buildings",
        "source_url": "https://docs.overturemaps.org/getting-data/",
        "source_release": "2026-09-23.1",
        "source_accessed_on": "2026-09-27",
        "geometry_role": "current building-footprint polygon",
        "linkage_semantics": "Overlap/proximity only; not evidence that the building hosts AI compute."
      }
    },
    {
      "type": "Feature",
      "id": "683a9444-4df7-4b8f-b62d-f0c65bf5d397",
      "geometry": {
        "type": "Polygon",
        "coordinates": [
          [
            [
              -82.7414824,
              40.0641709
            ],
            [
              -82.7414454,
              40.0638832
            ],
            [
              -82.7404164,
              40.0639823
            ],
            [
              -82.740478,
              40.0642888
            ],
            [
              -82.740404,
              40.0642935
            ],
            [
              -82.7407923,
              40.066576
            ],
            [
              -82.7419322,
              40.0664676
            ],
            [
              -82.7415564,
              40.0641521
            ],
            [
              -82.7414824,
              40.0641709
            ]
          ]
        ]
      },
      "properties": {
        "epoch_id": "EPOCH-5b353d56a567a70b",
        "site_name": "Google New Albany",
        "distance_to_site_km": 1.2206,
        "footprint_area_m2_webmercator": 48293.42,
        "source_dataset": "Overture Maps buildings",
        "source_url": "https://docs.overturemaps.org/getting-data/",
        "source_release": "2026-09-23.1",
        "source_accessed_on": "2026-09-27",
        "geometry_role": "current building-footprint polygon",
        "linkage_semantics": "Overlap/proximity only; not evidence that the building hosts AI compute."
      }
    },
    {
      "type": "Feature",
      "id": "84c9b601-b20c-47bf-b0d6-d17ef1b116d8",
      "geometry": {
        "type": "Polygon",
        "coordinates": [
          [
            [
              -82.734339,
              40.0655003
            ],
            [
              -82.7343424,
              40.0654348
            ],
            [
              -82.734191,
              40.0654302
            ],
            [
              -82.7341877,
              40.0654958
            ],
            [
              -82.734339,
              40.0655003
            ]
          ]
        ]
      },
      "properties": {
        "epoch_id": "EPOCH-5b353d56a567a70b",
        "site_name": "Google New Albany",
        "distance_to_site_km": 1.7585,
        "footprint_area_m2_webmercator": 160.89,
        "source_dataset": "Overture Maps buildings",
        "source_url": "https://docs.overturemaps.org/getting-data/",
        "source_release": "2026-09-23.1",
        "source_accessed_on": "2026-09-27",
        "geometry_role": "current building-footprint polygon",
        "linkage_semantics": "Overlap/proximity only; not evidence that the building hosts AI compute."
      }
    },
    {
      "type": "Feature",
      "id": "8818fad5-a99a-44fb-a5ba-6112a18502b5",
      "geometry": {
        "type": "Polygon",
        "coordinates": [
          [
            [
              -82.734434,
              40.0659309
            ],
            [
              -82.7344386,
              40.0658026
            ],
            [
              -82.7343314,
              40.0658003
            ],
            [
              -82.7343268,
              40.0659286
            ],
            [
              -82.734434,
              40.0659309
            ]
          ]
        ]
      },
      "properties": {
        "epoch_id": "EPOCH-5b353d56a567a70b",
        "site_name": "Google New Albany",
        "distance_to_site_km": 1.7364,
        "footprint_area_m2_webmercator": 222.88,
        "source_dataset": "Overture Maps buildings",
        "source_url": "https://docs.overturemaps.org/getting-data/",
        "source_release": "2026-09-23.1",
        "source_accessed_on": "2026-09-27",
        "geometry_role": "current building-footprint polygon",
        "linkage_semantics": "Overlap/proximity only; not evidence that the building hosts AI compute."
      }
    },
    {
      "type": "Feature",
      "id": "b91e265f-fec7-4185-a094-e8e3f436694b",
      "geometry": {
        "type": "Polygon",
        "coordinates": [
          [
            [
              -82.7343394,
              40.0648567
            ],
            [
              -82.734366,
              40.0648128
            ],
            [
              -82.7342755,
              40.0647807
            ],
            [
              -82.7342489,
              40.0648246
            ],
            [
              -82.7343394,
              40.0648567
            ]
          ]
        ]
      },
      "properties": {
        "epoch_id": "EPOCH-5b353d56a567a70b",
        "site_name": "Google New Albany",
        "distance_to_site_km": 1.7773,
        "footprint_area_m2_webmercator": 78.16,
        "source_dataset": "Overture Maps buildings",
        "source_url": "https://docs.overturemaps.org/getting-data/",
        "source_release": "2026-09-23.1",
        "source_accessed_on": "2026-09-27",
        "geometry_role": "current building-footprint polygon",
        "linkage_semantics": "Overlap/proximity only; not evidence that the building hosts AI compute."
      }
    },
    {
      "type": "Feature",
      "id": "82b97ad0-30c3-4ff9-950e-4d570010e969",
      "geometry": {
        "type": "Polygon",
        "coordinates": [
          [
            [
              -82.7354576,
              40.0644888
            ],
            [
              -82.7355929,
              40.0644932
            ],
            [
              -82.7355967,
              40.0644256
            ],
            [
              -82.7354614,
              40.0644212
            ],
            [
              -82.7354576,
              40.0644888
            ]
          ]
        ]
      },
      "properties": {
        "epoch_id": "EPOCH-5b353d56a567a70b",
        "site_name": "Google New Albany",
        "distance_to_site_km": 1.6939,
        "footprint_area_m2_webmercator": 148.37,
        "source_dataset": "Overture Maps buildings",
        "source_url": "https://docs.overturemaps.org/getting-data/",
        "source_release": "2026-09-23.1",
        "source_accessed_on": "2026-09-27",
        "geometry_role": "current building-footprint polygon",
        "linkage_semantics": "Overlap/proximity only; not evidence that the building hosts AI compute."
      }
    },
    {
      "type": "Feature",
      "id": "61db57e5-b78e-43a1-b884-4973fa18ca38",
      "geometry": {
        "type": "Polygon",
        "coordinates": [
          [
            [
              -82.7355388,
              40.0646673
            ],
            [
              -82.7355417,
              40.0645852
            ],
            [
              -82.7353996,
              40.0645822
            ],
            [
              -82.7353967,
              40.0646643
            ],
            [
              -82.7355388,
              40.0646673
            ]
          ]
        ]
      },
      "properties": {
        "epoch_id": "EPOCH-5b353d56a567a70b",
        "site_name": "Google New Albany",
        "distance_to_site_km": 1.6917,
        "footprint_area_m2_webmercator": 189.04,
        "source_dataset": "Overture Maps buildings",
        "source_url": "https://docs.overturemaps.org/getting-data/",
        "source_release": "2026-09-23.1",
        "source_accessed_on": "2026-09-27",
        "geometry_role": "current building-footprint polygon",
        "linkage_semantics": "Overlap/proximity only; not evidence that the building hosts AI compute."
      }
    },
    {
      "type": "Feature",
      "id": "9a010a2a-4d10-4d7f-8982-19e5a93ea863",
      "geometry": {
        "type": "Polygon",
        "coordinates": [
          [
            [
              -82.7355643,
              40.0641277
            ],
            [
              -82.7355682,
              40.0640457
            ],
            [
              -82.7354583,
              40.0640427
            ],
            [
              -82.7354486,
              40.0642518
            ],
            [
              -82.7355558,
              40.0642547
            ],
            [
              -82.7355591,
              40.0641838
            ],
            [
              -82.7355858,
              40.0641845
            ],
            [
              -82.7355885,
              40.0641283
            ],
            [
              -82.7355643,
              40.0641277
            ]
          ]
        ]
      },
      "properties": {
        "epoch_id": "EPOCH-5b353d56a567a70b",
        "site_name": "Google New Albany",
        "distance_to_site_km": 1.708,
        "footprint_area_m2_webmercator": 391.29,
        "source_dataset": "Overture Maps buildings",
        "source_url": "https://docs.overturemaps.org/getting-data/",
        "source_release": "2026-09-23.1",
        "source_accessed_on": "2026-09-27",
        "geometry_role": "current building-footprint polygon",
        "linkage_semantics": "Overlap/proximity only; not evidence that the building hosts AI compute."
      }
    },
    {
      "type": "Feature",
      "id": "e0d88a20-f746-4659-b5f4-7801c1362cff",
      "geometry": {
        "type": "Polygon",
        "coordinates": [
          [
            [
              -82.7359673,
              40.0680566
            ],
            [
              -82.7357477,
              40.0680509
            ],
            [
              -82.7357424,
              40.0681698
            ],
            [
              -82.7359621,
              40.0681755
            ],
            [
              -82.7359673,
              40.0680566
            ]
          ]
        ]
      },
      "properties": {
        "epoch_id": "EPOCH-5b353d56a567a70b",
        "site_name": "Google New Albany",
        "distance_to_site_km": 1.5625,
        "footprint_area_m2_webmercator": 423.38,
        "source_dataset": "Overture Maps buildings",
        "source_url": "https://docs.overturemaps.org/getting-data/",
        "source_release": "2026-09-23.1",
        "source_accessed_on": "2026-09-27",
        "geometry_role": "current building-footprint polygon",
        "linkage_semantics": "Overlap/proximity only; not evidence that the building hosts AI compute."
      }
    },
    {
      "type": "Feature",
      "id": "5e99e6a7-d1dd-40a0-b7c4-cbb389bf686c",
      "geometry": {
        "type": "Polygon",
        "coordinates": [
          [
            [
              -82.7341278,
              40.0660215
            ],
            [
              -82.7342618,
              40.0660243
            ],
            [
              -82.7342642,
              40.0659587
            ],
            [
              -82.7341302,
              40.0659558
            ],
            [
              -82.7341278,
              40.0660215
            ]
          ]
        ]
      },
      "properties": {
        "epoch_id": "EPOCH-5b353d56a567a70b",
        "site_name": "Google New Albany",
        "distance_to_site_km": 1.7481,
        "footprint_area_m2_webmercator": 142.56,
        "source_dataset": "Overture Maps buildings",
        "source_url": "https://docs.overturemaps.org/getting-data/",
        "source_release": "2026-09-23.1",
        "source_accessed_on": "2026-09-27",
        "geometry_role": "current building-footprint polygon",
        "linkage_semantics": "Overlap/proximity only; not evidence that the building hosts AI compute."
      }
    },
    {
      "type": "Feature",
      "id": "3c330949-aa3e-45dc-ab73-0466c0ee6398",
      "geometry": {
        "type": "Polygon",
        "coordinates": [
          [
            [
              -82.7387844,
              40.0663772
            ],
            [
              -82.7387307,
              40.0663781
            ],
            [
              -82.7387287,
              40.0663084
            ],
            [
              -82.7386777,
              40.0663093
            ],
            [
              -82.7386808,
              40.0664111
            ],
            [
              -82.7388121,
              40.0664088
            ],
            [
              -82.7388104,
              40.0663514
            ],
            [
              -82.7387836,
              40.0663518
            ],
            [
              -82.7387844,
              40.0663772
            ]
          ]
        ]
      },
      "properties": {
        "epoch_id": "EPOCH-5b353d56a567a70b",
        "site_name": "Google New Albany",
        "distance_to_site_km": 1.3655,
        "footprint_area_m2_webmercator": 136.79,
        "source_dataset": "Overture Maps buildings",
        "source_url": "https://docs.overturemaps.org/getting-data/",
        "source_release": "2026-09-23.1",
        "source_accessed_on": "2026-09-27",
        "geometry_role": "current building-footprint polygon",
        "linkage_semantics": "Overlap/proximity only; not evidence that the building hosts AI compute."
      }
    },
    {
      "type": "Feature",
      "id": "e7920a4f-5d90-43c4-be32-a306133b7ade",
      "geometry": {
        "type": "Polygon",
        "coordinates": [
          [
            [
              -82.7387505,
              40.0661591
            ],
            [
              -82.7388746,
              40.0661438
            ],
            [
              -82.7388543,
              40.0660477
            ],
            [
              -82.7388099,
              40.0660532
            ],
            [
              -82.7388051,
              40.0660305
            ],
            [
              -82.7388469,
              40.0660253
            ],
            [
              -82.7388401,
              40.0659933
            ],
            [
              -82.7387186,
              40.0660083
            ],
            [
              -82.7387505,
              40.0661591
            ]
          ]
        ]
      },
      "properties": {
        "epoch_id": "EPOCH-5b353d56a567a70b",
        "site_name": "Google New Albany",
        "distance_to_site_km": 1.3706,
        "footprint_area_m2_webmercator": 292.86,
        "source_dataset": "Overture Maps buildings",
        "source_url": "https://docs.overturemaps.org/getting-data/",
        "source_release": "2026-09-23.1",
        "source_accessed_on": "2026-09-27",
        "geometry_role": "current building-footprint polygon",
        "linkage_semantics": "Overlap/proximity only; not evidence that the building hosts AI compute."
      }
    },
    {
      "type": "Feature",
      "id": "5f40f362-f29b-47c4-b3e2-ad58bfe57bcc",
      "geometry": {
        "type": "Polygon",
        "coordinates": [
          [
            [
              -82.7488009,
              40.0674111
            ],
            [
              -82.7487352,
              40.0674141
            ],
            [
              -82.7487393,
              40.0674653
            ],
            [
              -82.7488049,
              40.0674622
            ],
            [
              -82.7488009,
              40.0674111
            ]
          ]
        ]
      },
      "properties": {
        "epoch_id": "EPOCH-5b353d56a567a70b",
        "site_name": "Google New Albany",
        "distance_to_site_km": 0.5345,
        "footprint_area_m2_webmercator": 54.57,
        "source_dataset": "Overture Maps buildings",
        "source_url": "https://docs.overturemaps.org/getting-data/",
        "source_release": "2026-09-23.1",
        "source_accessed_on": "2026-09-27",
        "geometry_role": "current building-footprint polygon",
        "linkage_semantics": "Overlap/proximity only; not evidence that the building hosts AI compute."
      }
    },
    {
      "type": "Feature",
      "id": "47b2faa4-21c9-47f8-8283-8ba8802ec97a",
      "geometry": {
        "type": "Polygon",
        "coordinates": [
          [
            [
              -82.7497564,
              40.0672223
            ],
            [
              -82.7497659,
              40.0672804
            ],
            [
              -82.7498129,
              40.0672647
            ],
            [
              -82.7498261,
              40.0672879
            ],
            [
              -82.7498353,
              40.0672478
            ],
            [
              -82.7498561,
              40.0672506
            ],
            [
              -82.7498551,
              40.0672443
            ],
            [
              -82.7498768,
              40.0672472
            ],
            [
              -82.7498798,
              40.067234
            ],
            [
              -82.7499813,
              40.0672476
            ],
            [
              -82.7499827,
              40.0672416
            ],
            [
              -82.7500414,
              40.0672495
            ],
            [
              -82.7500561,
              40.0671851
            ],
            [
              -82.7500555,
              40.0671816
            ],
            [
              -82.750029,
              40.067178
            ],
            [
              -82.7500543,
              40.0671696
            ],
            [
              -82.7500625,
              40.0671337
            ],
            [
              -82.7500552,
              40.0671208
            ],
            [
              -82.7500066,
              40.067137
            ],
            [
              -82.7499978,
              40.0671754
            ],
            [
              -82.749972,
              40.0671301
            ],
            [
              -82.7499817,
              40.0671269
            ],
            [
              -82.7496124,
              40.0671622
            ],
            [
              -82.7495906,
              40.0671695
            ],
            [
              -82.749602,
              40.0671894
            ],
            [
              -82.7496132,
              40.067258
            ],
            [
              -82.7496302,
              40.0672878
            ],
            [
              -82.7496797,
              40.067283
            ],
            [
              -82.7496851,
              40.0672592
            ],
            [
              -82.7497179,
              40.067256
            ],
            [
              -82.7497399,
              40.0672946
            ],
            [
              -82.7497564,
              40.0672223
            ]
          ]
        ]
      },
      "properties": {
        "epoch_id": "EPOCH-5b353d56a567a70b",
        "site_name": "Google New Albany",
        "distance_to_site_km": 0.4788,
        "footprint_area_m2_webmercator": 821.76,
        "source_dataset": "Overture Maps buildings",
        "source_url": "https://docs.overturemaps.org/getting-data/",
        "source_release": "2026-09-23.1",
        "source_accessed_on": "2026-09-27",
        "geometry_role": "current building-footprint polygon",
        "linkage_semantics": "Overlap/proximity only; not evidence that the building hosts AI compute."
      }
    },
    {
      "type": "Feature",
      "id": "ccba113f-2719-427a-a63b-dc3964e997fe",
      "geometry": {
        "type": "Polygon",
        "coordinates": [
          [
            [
              -82.745181,
              40.0662006
            ],
            [
              -82.7459959,
              40.0662309
            ],
            [
              -82.7460313,
              40.0656739
            ],
            [
              -82.7452165,
              40.0656435
            ],
            [
              -82.745181,
              40.0662006
            ]
          ]
        ]
      },
      "properties": {
        "epoch_id": "EPOCH-5b353d56a567a70b",
        "site_name": "Google New Albany",
        "distance_to_site_km": 0.8512,
        "footprint_area_m2_webmercator": 7367.3,
        "source_dataset": "Overture Maps buildings",
        "source_url": "https://docs.overturemaps.org/getting-data/",
        "source_release": "2026-09-23.1",
        "source_accessed_on": "2026-09-27",
        "geometry_role": "current building-footprint polygon",
        "linkage_semantics": "Overlap/proximity only; not evidence that the building hosts AI compute."
      }
    },
    {
      "type": "Feature",
      "id": "7aa4d6d2-26c8-490b-8c7b-54e071adb84d",
      "geometry": {
        "type": "Polygon",
        "coordinates": [
          [
            [
              -82.7470116,
              40.0666975
            ],
            [
              -82.7513731,
              40.0660681
            ],
            [
              -82.751218,
              40.0654383
            ],
            [
              -82.7494546,
              40.0656929
            ],
            [
              -82.7492228,
              40.064752
            ],
            [
              -82.748414,
              40.0648717
            ],
            [
              -82.7486508,
              40.0658329
            ],
            [
              -82.7468621,
              40.066091
            ],
            [
              -82.7470116,
              40.0666975
            ]
          ]
        ]
      },
      "properties": {
        "epoch_id": "EPOCH-5b353d56a567a70b",
        "site_name": "Google New Albany",
        "distance_to_site_km": 0.6252,
        "footprint_area_m2_webmercator": 58109.58,
        "source_dataset": "Overture Maps buildings",
        "source_url": "https://docs.overturemaps.org/getting-data/",
        "source_release": "2026-09-23.1",
        "source_accessed_on": "2026-09-27",
        "geometry_role": "current building-footprint polygon",
        "linkage_semantics": "Overlap/proximity only; not evidence that the building hosts AI compute."
      }
    },
    {
      "type": "Feature",
      "id": "54a121dc-4b4a-4e40-af4e-d6b7813f03c1",
      "geometry": {
        "type": "Polygon",
        "coordinates": [
          [
            [
              -82.7473928,
              40.0645138
            ],
            [
              -82.7474054,
              40.0645708
            ],
            [
              -82.7475424,
              40.0645531
            ],
            [
              -82.7475298,
              40.064496
            ],
            [
              -82.7473928,
              40.0645138
            ]
          ]
        ]
      },
      "properties": {
        "epoch_id": "EPOCH-5b353d56a567a70b",
        "site_name": "Google New Albany",
        "distance_to_site_km": 0.8303,
        "footprint_area_m2_webmercator": 130.18,
        "source_dataset": "Overture Maps buildings",
        "source_url": "https://docs.overturemaps.org/getting-data/",
        "source_release": "2026-09-23.1",
        "source_accessed_on": "2026-09-27",
        "geometry_role": "current building-footprint polygon",
        "linkage_semantics": "Overlap/proximity only; not evidence that the building hosts AI compute."
      }
    },
    {
      "type": "Feature",
      "id": "1299c540-d8c9-4d45-9271-f521a6386254",
      "geometry": {
        "type": "Polygon",
        "coordinates": [
          [
            [
              -82.7468476,
              40.0641373
            ],
            [
              -82.7468579,
              40.0642908
            ],
            [
              -82.7469409,
              40.0642875
            ],
            [
              -82.7469305,
              40.064134
            ],
            [
              -82.7468476,
              40.0641373
            ]
          ]
        ]
      },
      "properties": {
        "epoch_id": "EPOCH-5b353d56a567a70b",
        "site_name": "Google New Albany",
        "distance_to_site_km": 0.8896,
        "footprint_area_m2_webmercator": 206.72,
        "source_dataset": "Overture Maps buildings",
        "source_url": "https://docs.overturemaps.org/getting-data/",
        "source_release": "2026-09-23.1",
        "source_accessed_on": "2026-09-27",
        "geometry_role": "current building-footprint polygon",
        "linkage_semantics": "Overlap/proximity only; not evidence that the building hosts AI compute."
      }
    },
    {
      "type": "Feature",
      "id": "e7ba5690-bf32-4122-bc1a-38480c97d371",
      "geometry": {
        "type": "Polygon",
        "coordinates": [
          [
            [
              -82.7470301,
              40.0642427
            ],
            [
              -82.7472389,
              40.0642359
            ],
            [
              -82.747233,
              40.0641294
            ],
            [
              -82.7470242,
              40.0641362
            ],
            [
              -82.7470301,
              40.0642427
            ]
          ]
        ]
      },
      "properties": {
        "epoch_id": "EPOCH-5b353d56a567a70b",
        "site_name": "Google New Albany",
        "distance_to_site_km": 0.8781,
        "footprint_area_m2_webmercator": 360.71,
        "source_dataset": "Overture Maps buildings",
        "source_url": "https://docs.overturemaps.org/getting-data/",
        "source_release": "2026-09-23.1",
        "source_accessed_on": "2026-09-27",
        "geometry_role": "current building-footprint polygon",
        "linkage_semantics": "Overlap/proximity only; not evidence that the building hosts AI compute."
      }
    },
    {
      "type": "Feature",
      "id": "f62b88a4-35f3-4f61-a59e-94b3ea07b294",
      "geometry": {
        "type": "Polygon",
        "coordinates": [
          [
            [
              -82.7485908,
              40.0644389
            ],
            [
              -82.7485909,
              40.0644397
            ],
            [
              -82.7484666,
              40.064451
            ],
            [
              -82.7484832,
              40.0645575
            ],
            [
              -82.7486948,
              40.0645383
            ],
            [
              -82.7486781,
              40.064431
            ],
            [
              -82.7485908,
              40.0644389
            ]
          ]
        ]
      },
      "properties": {
        "epoch_id": "EPOCH-5b353d56a567a70b",
        "site_name": "Google New Albany",
        "distance_to_site_km": 0.7731,
        "footprint_area_m2_webmercator": 371.25,
        "source_dataset": "Overture Maps buildings",
        "source_url": "https://docs.overturemaps.org/getting-data/",
        "source_release": "2026-09-23.1",
        "source_accessed_on": "2026-09-27",
        "geometry_role": "current building-footprint polygon",
        "linkage_semantics": "Overlap/proximity only; not evidence that the building hosts AI compute."
      }
    },
    {
      "type": "Feature",
      "id": "bd014b6d-894c-4acf-9309-4e099609c15e",
      "geometry": {
        "type": "Polygon",
        "coordinates": [
          [
            [
              -82.7489617,
              40.0644564
            ],
            [
              -82.7489564,
              40.0644116
            ],
            [
              -82.7488712,
              40.0644174
            ],
            [
              -82.7488835,
              40.0645213
            ],
            [
              -82.7489713,
              40.0645152
            ],
            [
              -82.7489643,
              40.0644562
            ],
            [
              -82.7489617,
              40.0644564
            ]
          ]
        ]
      },
      "properties": {
        "epoch_id": "EPOCH-5b353d56a567a70b",
        "site_name": "Google New Albany",
        "distance_to_site_km": 0.7586,
        "footprint_area_m2_webmercator": 146.92,
        "source_dataset": "Overture Maps buildings",
        "source_url": "https://docs.overturemaps.org/getting-data/",
        "source_release": "2026-09-23.1",
        "source_accessed_on": "2026-09-27",
        "geometry_role": "current building-footprint polygon",
        "linkage_semantics": "Overlap/proximity only; not evidence that the building hosts AI compute."
      }
    },
    {
      "type": "Feature",
      "id": "e571534d-38a5-44b6-a6cc-963d628321cd",
      "geometry": {
        "type": "Polygon",
        "coordinates": [
          [
            [
              -82.7483006,
              40.0646098
            ],
            [
              -82.7484339,
              40.0645932
            ],
            [
              -82.7484064,
              40.0644639
            ],
            [
              -82.7482731,
              40.0644805
            ],
            [
              -82.7483006,
              40.0646098
            ]
          ]
        ]
      },
      "properties": {
        "epoch_id": "EPOCH-5b353d56a567a70b",
        "site_name": "Google New Albany",
        "distance_to_site_km": 0.7812,
        "footprint_area_m2_webmercator": 286.47,
        "source_dataset": "Overture Maps buildings",
        "source_url": "https://docs.overturemaps.org/getting-data/",
        "source_release": "2026-09-23.1",
        "source_accessed_on": "2026-09-27",
        "geometry_role": "current building-footprint polygon",
        "linkage_semantics": "Overlap/proximity only; not evidence that the building hosts AI compute."
      }
    },
    {
      "type": "Feature",
      "id": "1b79e383-e4db-4c75-92ea-7a174bed2ebe",
      "geometry": {
        "type": "Polygon",
        "coordinates": [
          [
            [
              -82.7603096,
              40.0654639
            ],
            [
              -82.7603547,
              40.0648607
            ],
            [
              -82.760176,
              40.0648529
            ],
            [
              -82.7601661,
              40.0649853
            ],
            [
              -82.7563338,
              40.0648166
            ],
            [
              -82.7563534,
              40.0645557
            ],
            [
              -82.7559614,
              40.0645385
            ],
            [
              -82.7559066,
              40.065271
            ],
            [
              -82.7603096,
              40.0654639
            ]
          ]
        ]
      },
      "properties": {
        "epoch_id": "EPOCH-5b353d56a567a70b",
        "site_name": "Google New Albany",
        "distance_to_site_km": 0.6471,
        "footprint_area_m2_webmercator": 35748.7,
        "source_dataset": "Overture Maps buildings",
        "source_url": "https://docs.overturemaps.org/getting-data/",
        "source_release": "2026-09-23.1",
        "source_accessed_on": "2026-09-27",
        "geometry_role": "current building-footprint polygon",
        "linkage_semantics": "Overlap/proximity only; not evidence that the building hosts AI compute."
      }
    },
    {
      "type": "Feature",
      "id": "889c0c79-eefc-4c17-a23c-ddeb962593d0",
      "geometry": {
        "type": "Polygon",
        "coordinates": [
          [
            [
              -82.764626,
              40.0667802
            ],
            [
              -82.7646304,
              40.0666818
            ],
            [
              -82.7645646,
              40.0666801
            ],
            [
              -82.7645602,
              40.0667785
            ],
            [
              -82.764626,
              40.0667802
            ]
          ]
        ]
      },
      "properties": {
        "epoch_id": "EPOCH-5b353d56a567a70b",
        "site_name": "Google New Albany",
        "distance_to_site_km": 0.971,
        "footprint_area_m2_webmercator": 104.96,
        "source_dataset": "Overture Maps buildings",
        "source_url": "https://docs.overturemaps.org/getting-data/",
        "source_release": "2026-09-23.1",
        "source_accessed_on": "2026-09-27",
        "geometry_role": "current building-footprint polygon",
        "linkage_semantics": "Overlap/proximity only; not evidence that the building hosts AI compute."
      }
    },
    {
      "type": "Feature",
      "id": "108bf34d-13b5-4d12-8459-0efd2a01a95d",
      "geometry": {
        "type": "Polygon",
        "coordinates": [
          [
            [
              -82.760031,
              40.0668157
            ],
            [
              -82.7600684,
              40.0668169
            ],
            [
              -82.7600752,
              40.0666981
            ],
            [
              -82.7599975,
              40.0666955
            ],
            [
              -82.7599898,
              40.0668328
            ],
            [
              -82.7600299,
              40.0668341
            ],
            [
              -82.760031,
              40.0668157
            ]
          ]
        ]
      },
      "properties": {
        "epoch_id": "EPOCH-5b353d56a567a70b",
        "site_name": "Google New Albany",
        "distance_to_site_km": 0.6273,
        "footprint_area_m2_webmercator": 161.67,
        "source_dataset": "Overture Maps buildings",
        "source_url": "https://docs.overturemaps.org/getting-data/",
        "source_release": "2026-09-23.1",
        "source_accessed_on": "2026-09-27",
        "geometry_role": "current building-footprint polygon",
        "linkage_semantics": "Overlap/proximity only; not evidence that the building hosts AI compute."
      }
    },
    {
      "type": "Feature",
      "id": "e9983d7d-156f-4e2c-a49f-686ddeb2fc0b",
      "geometry": {
        "type": "Polygon",
        "coordinates": [
          [
            [
              -82.7608273,
              40.0689397
            ],
            [
              -82.760928,
              40.0672685
            ],
            [
              -82.7567978,
              40.0671227
            ],
            [
              -82.756789,
              40.0672678
            ],
            [
              -82.7563956,
              40.0672539
            ],
            [
              -82.7563312,
              40.0683173
            ],
            [
              -82.7566857,
              40.0683298
            ],
            [
              -82.7566578,
              40.0687924
            ],
            [
              -82.7608273,
              40.0689397
            ]
          ]
        ]
      },
      "properties": {
        "epoch_id": "EPOCH-5b353d56a567a70b",
        "site_name": "Google New Albany",
        "distance_to_site_km": 0.4547,
        "footprint_area_m2_webmercator": 119090.27,
        "source_dataset": "Overture Maps buildings",
        "source_url": "https://docs.overturemaps.org/getting-data/",
        "source_release": "2026-09-23.1",
        "source_accessed_on": "2026-09-27",
        "geometry_role": "current building-footprint polygon",
        "linkage_semantics": "Overlap/proximity only; not evidence that the building hosts AI compute."
      }
    },
    {
      "type": "Feature",
      "id": "56faf114-8fb4-411d-b515-5892549b1da8",
      "geometry": {
        "type": "Polygon",
        "coordinates": [
          [
            [
              -82.7708224,
              40.061761
            ],
            [
              -82.7714622,
              40.061794
            ],
            [
              -82.7714891,
              40.0614889
            ],
            [
              -82.7712977,
              40.061479
            ],
            [
              -82.771304,
              40.0614077
            ],
            [
              -82.7716976,
              40.061428
            ],
            [
              -82.7717159,
              40.06122
            ],
            [
              -82.7711825,
              40.0611925
            ],
            [
              -82.7711647,
              40.061394
            ],
            [
              -82.7710305,
              40.0613871
            ],
            [
              -82.7710484,
              40.0611839
            ],
            [
              -82.7700869,
              40.0611342
            ],
            [
              -82.77006,
              40.0614398
            ],
            [
              -82.7703218,
              40.0614533
            ],
            [
              -82.7703302,
              40.0613577
            ],
            [
              -82.7709958,
              40.0613921
            ],
            [
              -82.7709898,
              40.0614595
            ],
            [
              -82.7708496,
              40.0614522
            ],
            [
              -82.7708224,
              40.061761
            ]
          ]
        ]
      },
      "properties": {
        "epoch_id": "EPOCH-5b353d56a567a70b",
        "site_name": "Google New Albany",
        "distance_to_site_km": 1.7301,
        "footprint_area_m2_webmercator": 9050.24,
        "source_dataset": "Overture Maps buildings",
        "source_url": "https://docs.overturemaps.org/getting-data/",
        "source_release": "2026-09-23.1",
        "source_accessed_on": "2026-09-27",
        "geometry_role": "current building-footprint polygon",
        "linkage_semantics": "Overlap/proximity only; not evidence that the building hosts AI compute."
      }
    },
    {
      "type": "Feature",
      "id": "d193b57c-815c-489e-b5d6-d84a706f6786",
      "geometry": {
        "type": "Polygon",
        "coordinates": [
          [
            [
              -82.7710168,
              40.0605271
            ],
            [
              -82.772258,
              40.0605915
            ],
            [
              -82.7724725,
              40.0581734
            ],
            [
              -82.7713277,
              40.0581139
            ],
            [
              -82.7711413,
              40.0602112
            ],
            [
              -82.7710452,
              40.0602062
            ],
            [
              -82.7710168,
              40.0605271
            ]
          ]
        ]
      },
      "properties": {
        "epoch_id": "EPOCH-5b353d56a567a70b",
        "site_name": "Google New Albany",
        "distance_to_site_km": 1.9215,
        "footprint_area_m2_webmercator": 45536.76,
        "source_dataset": "Overture Maps buildings",
        "source_url": "https://docs.overturemaps.org/getting-data/",
        "source_release": "2026-09-23.1",
        "source_accessed_on": "2026-09-27",
        "geometry_role": "current building-footprint polygon",
        "linkage_semantics": "Overlap/proximity only; not evidence that the building hosts AI compute."
      }
    },
    {
      "type": "Feature",
      "id": "04f75024-576b-4b8d-aea2-9d2e55b0e22a",
      "geometry": {
        "type": "Polygon",
        "coordinates": [
          [
            [
              -82.7727034,
              40.0599322
            ],
            [
              -82.7727122,
              40.0599116
            ],
            [
              -82.7727114,
              40.0598898
            ],
            [
              -82.772701,
              40.0598696
            ],
            [
              -82.7726842,
              40.0598545
            ],
            [
              -82.772662,
              40.0598441
            ],
            [
              -82.7726366,
              40.0598396
            ],
            [
              -82.7726107,
              40.0598413
            ],
            [
              -82.7725868,
              40.0598491
            ],
            [
              -82.7725672,
              40.0598622
            ],
            [
              -82.772554,
              40.0598793
            ],
            [
              -82.7725484,
              40.0598988
            ],
            [
              -82.772551,
              40.0599186
            ],
            [
              -82.7725615,
              40.0599368
            ],
            [
              -82.7725808,
              40.0599527
            ],
            [
              -82.772606,
              40.0599627
            ],
            [
              -82.7726342,
              40.0599655
            ],
            [
              -82.7726619,
              40.0599609
            ],
            [
              -82.7726859,
              40.0599493
            ],
            [
              -82.7727034,
              40.0599322
            ]
          ]
        ]
      },
      "properties": {
        "epoch_id": "EPOCH-5b353d56a567a70b",
        "site_name": "Google New Albany",
        "distance_to_site_km": 1.9431,
        "footprint_area_m2_webmercator": 259.65,
        "source_dataset": "Overture Maps buildings",
        "source_url": "https://docs.overturemaps.org/getting-data/",
        "source_release": "2026-09-23.1",
        "source_accessed_on": "2026-09-27",
        "geometry_role": "current building-footprint polygon",
        "linkage_semantics": "Overlap/proximity only; not evidence that the building hosts AI compute."
      }
    },
    {
      "type": "Feature",
      "id": "50205dea-889d-4a5c-9b2e-da95f7f7645f",
      "geometry": {
        "type": "Polygon",
        "coordinates": [
          [
            [
              -82.7729042,
              40.0600609
            ],
            [
              -82.7729131,
              40.0600402
            ],
            [
              -82.7729122,
              40.0600185
            ],
            [
              -82.7729019,
              40.0599983
            ],
            [
              -82.772885,
              40.0599832
            ],
            [
              -82.7728628,
              40.0599728
            ],
            [
              -82.7728374,
              40.0599682
            ],
            [
              -82.7728115,
              40.0599699
            ],
            [
              -82.7727876,
              40.0599778
            ],
            [
              -82.772768,
              40.0599909
            ],
            [
              -82.7727548,
              40.060008
            ],
            [
              -82.7727492,
              40.0600275
            ],
            [
              -82.7727518,
              40.0600473
            ],
            [
              -82.7727623,
              40.0600655
            ],
            [
              -82.7727816,
              40.0600814
            ],
            [
              -82.7728069,
              40.0600914
            ],
            [
              -82.772835,
              40.0600942
            ],
            [
              -82.7728627,
              40.0600895
            ],
            [
              -82.7728867,
              40.060078
            ],
            [
              -82.7729042,
              40.0600609
            ]
          ]
        ]
      },
      "properties": {
        "epoch_id": "EPOCH-5b353d56a567a70b",
        "site_name": "Google New Albany",
        "distance_to_site_km": 1.9489,
        "footprint_area_m2_webmercator": 259.74,
        "source_dataset": "Overture Maps buildings",
        "source_url": "https://docs.overturemaps.org/getting-data/",
        "source_release": "2026-09-23.1",
        "source_accessed_on": "2026-09-27",
        "geometry_role": "current building-footprint polygon",
        "linkage_semantics": "Overlap/proximity only; not evidence that the building hosts AI compute."
      }
    },
    {
      "type": "Feature",
      "id": "9f3d376e-3bf6-4169-9fbf-4bcd48e26b24",
      "geometry": {
        "type": "Polygon",
        "coordinates": [
          [
            [
              -82.7739004,
              40.0700544
            ],
            [
              -82.7738881,
              40.0701377
            ],
            [
              -82.7740703,
              40.0701537
            ],
            [
              -82.7740827,
              40.0700704
            ],
            [
              -82.7739004,
              40.0700544
            ]
          ]
        ]
      },
      "properties": {
        "epoch_id": "EPOCH-5b353d56a567a70b",
        "site_name": "Google New Albany",
        "distance_to_site_km": 1.697,
        "footprint_area_m2_webmercator": 249.04,
        "source_dataset": "Overture Maps buildings",
        "source_url": "https://docs.overturemaps.org/getting-data/",
        "source_release": "2026-09-23.1",
        "source_accessed_on": "2026-09-27",
        "geometry_role": "current building-footprint polygon",
        "linkage_semantics": "Overlap/proximity only; not evidence that the building hosts AI compute."
      }
    },
    {
      "type": "Feature",
      "id": "b48334a0-e7c6-42e7-89d9-d5bed1c145cf",
      "geometry": {
        "type": "Polygon",
        "coordinates": [
          [
            [
              -82.7740109,
              40.0731267
            ],
            [
              -82.7739078,
              40.0731275
            ],
            [
              -82.7739092,
              40.0732427
            ],
            [
              -82.7740122,
              40.073242
            ],
            [
              -82.7740109,
              40.0731267
            ]
          ]
        ]
      },
      "properties": {
        "epoch_id": "EPOCH-5b353d56a567a70b",
        "site_name": "Google New Albany",
        "distance_to_site_km": 1.7303,
        "footprint_area_m2_webmercator": 192.34,
        "source_dataset": "Overture Maps buildings",
        "source_url": "https://docs.overturemaps.org/getting-data/",
        "source_release": "2026-09-23.1",
        "source_accessed_on": "2026-09-27",
        "geometry_role": "current building-footprint polygon",
        "linkage_semantics": "Overlap/proximity only; not evidence that the building hosts AI compute."
      }
    },
    {
      "type": "Feature",
      "id": "df1e7c11-b55a-4c23-87fe-3992f3152a75",
      "geometry": {
        "type": "Polygon",
        "coordinates": [
          [
            [
              -82.7738907,
              40.0733231
            ],
            [
              -82.7737755,
              40.0733233
            ],
            [
              -82.7737759,
              40.0734177
            ],
            [
              -82.7738911,
              40.0734174
            ],
            [
              -82.7738907,
              40.0733231
            ]
          ]
        ]
      },
      "properties": {
        "epoch_id": "EPOCH-5b353d56a567a70b",
        "site_name": "Google New Albany",
        "distance_to_site_km": 1.724,
        "footprint_area_m2_webmercator": 176.02,
        "source_dataset": "Overture Maps buildings",
        "source_url": "https://docs.overturemaps.org/getting-data/",
        "source_release": "2026-09-23.1",
        "source_accessed_on": "2026-09-27",
        "geometry_role": "current building-footprint polygon",
        "linkage_semantics": "Overlap/proximity only; not evidence that the building hosts AI compute."
      }
    },
    {
      "type": "Feature",
      "id": "249707ec-3015-4cb2-9666-b8b8e53db75a",
      "geometry": {
        "type": "Polygon",
        "coordinates": [
          [
            [
              -82.7729284,
              40.0732247
            ],
            [
              -82.7729168,
              40.0733694
            ],
            [
              -82.7736401,
              40.0734036
            ],
            [
              -82.7736516,
              40.0732588
            ],
            [
              -82.7729284,
              40.0732247
            ]
          ]
        ]
      },
      "properties": {
        "epoch_id": "EPOCH-5b353d56a567a70b",
        "site_name": "Google New Albany",
        "distance_to_site_km": 1.6771,
        "footprint_area_m2_webmercator": 1701.75,
        "source_dataset": "Overture Maps buildings",
        "source_url": "https://docs.overturemaps.org/getting-data/",
        "source_release": "2026-09-23.1",
        "source_accessed_on": "2026-09-27",
        "geometry_role": "current building-footprint polygon",
        "linkage_semantics": "Overlap/proximity only; not evidence that the building hosts AI compute."
      }
    },
    {
      "type": "Feature",
      "id": "978fdb62-e329-43b3-b4e9-cf37a419b095",
      "geometry": {
        "type": "Polygon",
        "coordinates": [
          [
            [
              -82.7738419,
              40.0746686
            ],
            [
              -82.7738253,
              40.0747038
            ],
            [
              -82.7738037,
              40.0747497
            ],
            [
              -82.7737942,
              40.0747699
            ],
            [
              -82.7738056,
              40.0747731
            ],
            [
              -82.7738308,
              40.0747801
            ],
            [
              -82.7739175,
              40.0748042
            ],
            [
              -82.7739652,
              40.0747028
            ],
            [
              -82.7738419,
              40.0746686
            ]
          ]
        ]
      },
      "properties": {
        "epoch_id": "EPOCH-5b353d56a567a70b",
        "site_name": "Google New Albany",
        "distance_to_site_km": 1.7666,
        "footprint_area_m2_webmercator": 228.88,
        "source_dataset": "Overture Maps buildings",
        "source_url": "https://docs.overturemaps.org/getting-data/",
        "source_release": "2026-09-23.1",
        "source_accessed_on": "2026-09-27",
        "geometry_role": "current building-footprint polygon",
        "linkage_semantics": "Overlap/proximity only; not evidence that the building hosts AI compute."
      }
    },
    {
      "type": "Feature",
      "id": "bcf75132-57d1-4922-97b2-51c72adbea46",
      "geometry": {
        "type": "Polygon",
        "coordinates": [
          [
            [
              -82.7734413,
              40.0767881
            ],
            [
              -82.7734322,
              40.0768763
            ],
            [
              -82.7735198,
              40.0768817
            ],
            [
              -82.773529,
              40.0767934
            ],
            [
              -82.7734413,
              40.0767881
            ]
          ]
        ]
      },
      "properties": {
        "epoch_id": "EPOCH-5b353d56a567a70b",
        "site_name": "Google New Albany",
        "distance_to_site_km": 1.8179,
        "footprint_area_m2_webmercator": 126.06,
        "source_dataset": "Overture Maps buildings",
        "source_url": "https://docs.overturemaps.org/getting-data/",
        "source_release": "2026-09-23.1",
        "source_accessed_on": "2026-09-27",
        "geometry_role": "current building-footprint polygon",
        "linkage_semantics": "Overlap/proximity only; not evidence that the building hosts AI compute."
      }
    },
    {
      "type": "Feature",
      "id": "148c77f6-1db7-4acb-b93e-c9f5fef6f6ff",
      "geometry": {
        "type": "Polygon",
        "coordinates": [
          [
            [
              -82.7733858,
              40.0767925
            ],
            [
              -82.773384,
              40.076828
            ],
            [
              -82.7734204,
              40.076829
            ],
            [
              -82.7734221,
              40.0767935
            ],
            [
              -82.7733858,
              40.0767925
            ]
          ]
        ]
      },
      "properties": {
        "epoch_id": "EPOCH-5b353d56a567a70b",
        "site_name": "Google New Albany",
        "distance_to_site_km": 1.8108,
        "footprint_area_m2_webmercator": 20.93,
        "source_dataset": "Overture Maps buildings",
        "source_url": "https://docs.overturemaps.org/getting-data/",
        "source_release": "2026-09-23.1",
        "source_accessed_on": "2026-09-27",
        "geometry_role": "current building-footprint polygon",
        "linkage_semantics": "Overlap/proximity only; not evidence that the building hosts AI compute."
      }
    },
    {
      "type": "Feature",
      "id": "ccc473b5-5d4f-49b5-9564-4364a9ffe234",
      "geometry": {
        "type": "Polygon",
        "coordinates": [
          [
            [
              -82.7733047,
              40.0870254
            ],
            [
              -82.7735278,
              40.0844325
            ],
            [
              -82.7711186,
              40.0843112
            ],
            [
              -82.7708279,
              40.0876885
            ],
            [
              -82.7732282,
              40.0878094
            ],
            [
              -82.7732436,
              40.0876301
            ],
            [
              -82.7732847,
              40.0876321
            ],
            [
              -82.7733368,
              40.087027
            ],
            [
              -82.7733047,
              40.0870254
            ]
          ]
        ]
      },
      "properties": {
        "epoch_id": "EPOCH-5b353d56a567a70b",
        "site_name": "Google New Albany",
        "distance_to_site_km": 2.3562,
        "footprint_area_m2_webmercator": 132653.5,
        "source_dataset": "Overture Maps buildings",
        "source_url": "https://docs.overturemaps.org/getting-data/",
        "source_release": "2026-09-23.1",
        "source_accessed_on": "2026-09-27",
        "geometry_role": "current building-footprint polygon",
        "linkage_semantics": "Overlap/proximity only; not evidence that the building hosts AI compute."
      }
    },
    {
      "type": "Feature",
      "id": "39fde8de-be80-4579-8cb1-7534de746b6d",
      "geometry": {
        "type": "Polygon",
        "coordinates": [
          [
            [
              -82.7691938,
              40.0845483
            ],
            [
              -82.7692474,
              40.0845491
            ],
            [
              -82.7692512,
              40.0843965
            ],
            [
              -82.7691976,
              40.0843957
            ],
            [
              -82.7691938,
              40.0845483
            ]
          ]
        ]
      },
      "properties": {
        "epoch_id": "EPOCH-5b353d56a567a70b",
        "site_name": "Google New Albany",
        "distance_to_site_km": 2.0591,
        "footprint_area_m2_webmercator": 132.53,
        "source_dataset": "Overture Maps buildings",
        "source_url": "https://docs.overturemaps.org/getting-data/",
        "source_release": "2026-09-23.1",
        "source_accessed_on": "2026-09-27",
        "geometry_role": "current building-footprint polygon",
        "linkage_semantics": "Overlap/proximity only; not evidence that the building hosts AI compute."
      }
    },
    {
      "type": "Feature",
      "id": "fac90b9a-4f68-4620-ae23-8a275b91bd85",
      "geometry": {
        "type": "Polygon",
        "coordinates": [
          [
            [
              -82.7701653,
              40.084326
            ],
            [
              -82.7701983,
              40.0843282
            ],
            [
              -82.7702029,
              40.0842891
            ],
            [
              -82.7701699,
              40.0842868
            ],
            [
              -82.7701653,
              40.084326
            ]
          ]
        ]
      },
      "properties": {
        "epoch_id": "EPOCH-5b353d56a567a70b",
        "site_name": "Google New Albany",
        "distance_to_site_km": 2.0975,
        "footprint_area_m2_webmercator": 21.09,
        "source_dataset": "Overture Maps buildings",
        "source_url": "https://docs.overturemaps.org/getting-data/",
        "source_release": "2026-09-23.1",
        "source_accessed_on": "2026-09-27",
        "geometry_role": "current building-footprint polygon",
        "linkage_semantics": "Overlap/proximity only; not evidence that the building hosts AI compute."
      }
    },
    {
      "type": "Feature",
      "id": "a83219c6-4247-4978-9937-739c42943c98",
      "geometry": {
        "type": "Polygon",
        "coordinates": [
          [
            [
              -82.7716135,
              40.0819318
            ],
            [
              -82.7716169,
              40.0818847
            ],
            [
              -82.7715634,
              40.0818825
            ],
            [
              -82.7715488,
              40.082085
            ],
            [
              -82.7716157,
              40.0820878
            ],
            [
              -82.7716226,
              40.0819917
            ],
            [
              -82.7717162,
              40.0819956
            ],
            [
              -82.7717205,
              40.0819363
            ],
            [
              -82.7716135,
              40.0819318
            ]
          ]
        ]
      },
      "properties": {
        "epoch_id": "EPOCH-5b353d56a567a70b",
        "site_name": "Google New Albany",
        "distance_to_site_km": 1.9988,
        "footprint_area_m2_webmercator": 300.0,
        "source_dataset": "Overture Maps buildings",
        "source_url": "https://docs.overturemaps.org/getting-data/",
        "source_release": "2026-09-23.1",
        "source_accessed_on": "2026-09-27",
        "geometry_role": "current building-footprint polygon",
        "linkage_semantics": "Overlap/proximity only; not evidence that the building hosts AI compute."
      }
    },
    {
      "type": "Feature",
      "id": "08a38d97-ed9e-4771-a5f0-5d9bb5e4fc46",
      "geometry": {
        "type": "Polygon",
        "coordinates": [
          [
            [
              -82.7714527,
              40.0833373
            ],
            [
              -82.7734997,
              40.0834137
            ],
            [
              -82.7736664,
              40.0807993
            ],
            [
              -82.7716408,
              40.0807237
            ],
            [
              -82.7715698,
              40.0818376
            ],
            [
              -82.7716111,
              40.0818242
            ],
            [
              -82.7717535,
              40.0816904
            ],
            [
              -82.7717523,
              40.0817088
            ],
            [
              -82.771864,
              40.081713
            ],
            [
              -82.7718066,
              40.0817317
            ],
            [
              -82.771851,
              40.0817594
            ],
            [
              -82.7718445,
              40.081862
            ],
            [
              -82.771807,
              40.0818606
            ],
            [
              -82.7717414,
              40.0819222
            ],
            [
              -82.7717374,
              40.081985
            ],
            [
              -82.7717668,
              40.0820377
            ],
            [
              -82.7718171,
              40.0820396
            ],
            [
              -82.7718197,
              40.0819979
            ],
            [
              -82.7718486,
              40.0820498
            ],
            [
              -82.7718455,
              40.0820987
            ],
            [
              -82.7718789,
              40.0820878
            ],
            [
              -82.7718887,
              40.0820785
            ],
            [
              -82.7719022,
              40.0821027
            ],
            [
              -82.7717331,
              40.0821579
            ],
            [
              -82.7717872,
              40.0821915
            ],
            [
              -82.7717496,
              40.0822269
            ],
            [
              -82.7717231,
              40.0822104
            ],
            [
              -82.7716737,
              40.0822265
            ],
            [
              -82.7716793,
              40.0821391
            ],
            [
              -82.7715295,
              40.0821335
            ],
            [
              -82.7714527,
              40.0833373
            ]
          ]
        ]
      },
      "properties": {
        "epoch_id": "EPOCH-5b353d56a567a70b",
        "site_name": "Google New Albany",
        "distance_to_site_km": 2.0678,
        "footprint_area_m2_webmercator": 84756.27,
        "source_dataset": "Overture Maps buildings",
        "source_url": "https://docs.overturemaps.org/getting-data/",
        "source_release": "2026-09-23.1",
        "source_accessed_on": "2026-09-27",
        "geometry_role": "current building-footprint polygon",
        "linkage_semantics": "Overlap/proximity only; not evidence that the building hosts AI compute."
      }
    },
    {
      "type": "Feature",
      "id": "a17cbd2c-f0a4-492b-b334-f0dbe5f099b3",
      "geometry": {
        "type": "Polygon",
        "coordinates": [
          [
            [
              -82.7653301,
              40.078073
            ],
            [
              -82.7653401,
              40.0779565
            ],
            [
              -82.7652547,
              40.0779522
            ],
            [
              -82.7652445,
              40.0780707
            ],
            [
              -82.7652365,
              40.0780703
            ],
            [
              -82.7652313,
              40.0781306
            ],
            [
              -82.7653444,
              40.0781363
            ],
            [
              -82.7653498,
              40.078074
            ],
            [
              -82.7653301,
              40.078073
            ]
          ]
        ]
      },
      "properties": {
        "epoch_id": "EPOCH-5b353d56a567a70b",
        "site_name": "Google New Albany",
        "distance_to_site_km": 1.3066,
        "footprint_area_m2_webmercator": 276.22,
        "source_dataset": "Overture Maps buildings",
        "source_url": "https://docs.overturemaps.org/getting-data/",
        "source_release": "2026-09-23.1",
        "source_accessed_on": "2026-09-27",
        "geometry_role": "current building-footprint polygon",
        "linkage_semantics": "Overlap/proximity only; not evidence that the building hosts AI compute."
      }
    },
    {
      "type": "Feature",
      "id": "2615f191-2377-40d0-88f9-4656a9d01def",
      "geometry": {
        "type": "Polygon",
        "coordinates": [
          [
            [
              -82.7650416,
              40.0779891
            ],
            [
              -82.7650275,
              40.0780916
            ],
            [
              -82.7652264,
              40.0781076
            ],
            [
              -82.7652489,
              40.0779442
            ],
            [
              -82.7650324,
              40.0779268
            ],
            [
              -82.7650287,
              40.0779531
            ],
            [
              -82.76505,
              40.0779549
            ],
            [
              -82.7650452,
              40.0779894
            ],
            [
              -82.7650416,
              40.0779891
            ]
          ]
        ]
      },
      "properties": {
        "epoch_id": "EPOCH-5b353d56a567a70b",
        "site_name": "Google New Albany",
        "distance_to_site_km": 1.2945,
        "footprint_area_m2_webmercator": 537.73,
        "source_dataset": "Overture Maps buildings",
        "source_url": "https://docs.overturemaps.org/getting-data/",
        "source_release": "2026-09-23.1",
        "source_accessed_on": "2026-09-27",
        "geometry_role": "current building-footprint polygon",
        "linkage_semantics": "Overlap/proximity only; not evidence that the building hosts AI compute."
      }
    },
    {
      "type": "Feature",
      "id": "9b746723-6484-4bb0-9e14-e2f68a1c884a",
      "geometry": {
        "type": "Polygon",
        "coordinates": [
          [
            [
              -82.7671095,
              40.0788574
            ],
            [
              -82.7671071,
              40.0788671
            ],
            [
              -82.7671362,
              40.0788714
            ],
            [
              -82.7671386,
              40.0788616
            ],
            [
              -82.7671953,
              40.0788699
            ],
            [
              -82.7672237,
              40.0787548
            ],
            [
              -82.7672639,
              40.0785925
            ],
            [
              -82.7671114,
              40.0785703
            ],
            [
              -82.7670713,
              40.0787326
            ],
            [
              -82.7665819,
              40.0786611
            ],
            [
              -82.7665534,
              40.0787762
            ],
            [
              -82.7666096,
              40.0787844
            ],
            [
              -82.7666072,
              40.0787944
            ],
            [
              -82.7666377,
              40.0787988
            ],
            [
              -82.7666402,
              40.0787889
            ],
            [
              -82.7666788,
              40.0787945
            ],
            [
              -82.7666762,
              40.0788048
            ],
            [
              -82.766706,
              40.0788091
            ],
            [
              -82.7667085,
              40.0787989
            ],
            [
              -82.7667481,
              40.0788046
            ],
            [
              -82.7667458,
              40.078814
            ],
            [
              -82.7667762,
              40.0788185
            ],
            [
              -82.7667786,
              40.0788091
            ],
            [
              -82.7668066,
              40.0788132
            ],
            [
              -82.7668034,
              40.0788262
            ],
            [
              -82.7669376,
              40.0788458
            ],
            [
              -82.7669409,
              40.0788328
            ],
            [
              -82.7669706,
              40.0788371
            ],
            [
              -82.7669681,
              40.0788472
            ],
            [
              -82.7669962,
              40.0788513
            ],
            [
              -82.7669987,
              40.0788412
            ],
            [
              -82.7670373,
              40.0788468
            ],
            [
              -82.7670351,
              40.0788555
            ],
            [
              -82.7670664,
              40.0788601
            ],
            [
              -82.7670686,
              40.0788514
            ],
            [
              -82.7671095,
              40.0788574
            ]
          ]
        ]
      },
      "properties": {
        "epoch_id": "EPOCH-5b353d56a567a70b",
        "site_name": "Google New Albany",
        "distance_to_site_km": 1.4633,
        "footprint_area_m2_webmercator": 1713.06,
        "source_dataset": "Overture Maps buildings",
        "source_url": "https://docs.overturemaps.org/getting-data/",
        "source_release": "2026-09-23.1",
        "source_accessed_on": "2026-09-27",
        "geometry_role": "current building-footprint polygon",
        "linkage_semantics": "Overlap/proximity only; not evidence that the building hosts AI compute."
      }
    },
    {
      "type": "Feature",
      "id": "57f48073-95f3-4a68-9f28-d78414b3739d",
      "geometry": {
        "type": "Polygon",
        "coordinates": [
          [
            [
              -82.7663484,
              40.0787253
            ],
            [
              -82.7663388,
              40.0787242
            ],
            [
              -82.7663376,
              40.0787604
            ],
            [
              -82.7663484,
              40.0787253
            ]
          ]
        ]
      },
      "properties": {
        "epoch_id": "EPOCH-5b353d56a567a70b",
        "site_name": "Google New Albany",
        "distance_to_site_km": 1.4241,
        "footprint_area_m2_webmercator": 2.82,
        "source_dataset": "Overture Maps buildings",
        "source_url": "https://docs.overturemaps.org/getting-data/",
        "source_release": "2026-09-23.1",
        "source_accessed_on": "2026-09-27",
        "geometry_role": "current building-footprint polygon",
        "linkage_semantics": "Overlap/proximity only; not evidence that the building hosts AI compute."
      }
    },
    {
      "type": "Feature",
      "id": "b7361336-9304-4daa-a492-dc1ded798855",
      "geometry": {
        "type": "Polygon",
        "coordinates": [
          [
            [
              -82.7480945,
              40.0780353
            ],
            [
              -82.747999,
              40.0780329
            ],
            [
              -82.7479945,
              40.0781354
            ],
            [
              -82.74809,
              40.0781378
            ],
            [
              -82.7480945,
              40.0780353
            ]
          ]
        ]
      },
      "properties": {
        "epoch_id": "EPOCH-5b353d56a567a70b",
        "site_name": "Google New Albany",
        "distance_to_site_km": 1.0289,
        "footprint_area_m2_webmercator": 158.71,
        "source_dataset": "Overture Maps buildings",
        "source_url": "https://docs.overturemaps.org/getting-data/",
        "source_release": "2026-09-23.1",
        "source_accessed_on": "2026-09-27",
        "geometry_role": "current building-footprint polygon",
        "linkage_semantics": "Overlap/proximity only; not evidence that the building hosts AI compute."
      }
    },
    {
      "type": "Feature",
      "id": "07d9f90c-d8c2-4f61-a0c0-ff4aacc1fceb",
      "geometry": {
        "type": "Polygon",
        "coordinates": [
          [
            [
              -82.746809,
              40.078866
            ],
            [
              -82.7468443,
              40.078344
            ],
            [
              -82.7467169,
              40.078339
            ],
            [
              -82.7466816,
              40.0788609
            ],
            [
              -82.746809,
              40.078866
            ]
          ]
        ]
      },
      "properties": {
        "epoch_id": "EPOCH-5b353d56a567a70b",
        "site_name": "Google New Albany",
        "distance_to_site_km": 1.1348,
        "footprint_area_m2_webmercator": 1079.82,
        "source_dataset": "Overture Maps buildings",
        "source_url": "https://docs.overturemaps.org/getting-data/",
        "source_release": "2026-09-23.1",
        "source_accessed_on": "2026-09-27",
        "geometry_role": "current building-footprint polygon",
        "linkage_semantics": "Overlap/proximity only; not evidence that the building hosts AI compute."
      }
    },
    {
      "type": "Feature",
      "id": "f78d13dd-5c6d-4abb-9c5d-c01748dc1326",
      "geometry": {
        "type": "Polygon",
        "coordinates": [
          [
            [
              -82.7466116,
              40.0783348
            ],
            [
              -82.7465019,
              40.0783305
            ],
            [
              -82.7464668,
              40.0788495
            ],
            [
              -82.7465765,
              40.0788539
            ],
            [
              -82.7466116,
              40.0783348
            ]
          ]
        ]
      },
      "properties": {
        "epoch_id": "EPOCH-5b353d56a567a70b",
        "site_name": "Google New Albany",
        "distance_to_site_km": 1.1444,
        "footprint_area_m2_webmercator": 924.63,
        "source_dataset": "Overture Maps buildings",
        "source_url": "https://docs.overturemaps.org/getting-data/",
        "source_release": "2026-09-23.1",
        "source_accessed_on": "2026-09-27",
        "geometry_role": "current building-footprint polygon",
        "linkage_semantics": "Overlap/proximity only; not evidence that the building hosts AI compute."
      }
    },
    {
      "type": "Feature",
      "id": "0c6dab52-ad7e-40c6-8740-924b3e10f66d",
      "geometry": {
        "type": "Polygon",
        "coordinates": [
          [
            [
              -82.7463648,
              40.0788421
            ],
            [
              -82.746396,
              40.0783228
            ],
            [
              -82.7462675,
              40.0783183
            ],
            [
              -82.7462363,
              40.0788376
            ],
            [
              -82.7463648,
              40.0788421
            ]
          ]
        ]
      },
      "properties": {
        "epoch_id": "EPOCH-5b353d56a567a70b",
        "site_name": "Google New Albany",
        "distance_to_site_km": 1.154,
        "footprint_area_m2_webmercator": 1082.99,
        "source_dataset": "Overture Maps buildings",
        "source_url": "https://docs.overturemaps.org/getting-data/",
        "source_release": "2026-09-23.1",
        "source_accessed_on": "2026-09-27",
        "geometry_role": "current building-footprint polygon",
        "linkage_semantics": "Overlap/proximity only; not evidence that the building hosts AI compute."
      }
    },
    {
      "type": "Feature",
      "id": "2d72af6f-a8f7-4d4c-a4ab-f501ffa125a4",
      "geometry": {
        "type": "Polygon",
        "coordinates": [
          [
            [
              -82.7471279,
              40.0788551
            ],
            [
              -82.7471587,
              40.0783604
            ],
            [
              -82.7470302,
              40.0783557
            ],
            [
              -82.7469995,
              40.0788504
            ],
            [
              -82.7471279,
              40.0788551
            ]
          ]
        ]
      },
      "properties": {
        "epoch_id": "EPOCH-5b353d56a567a70b",
        "site_name": "Google New Albany",
        "distance_to_site_km": 1.1206,
        "footprint_area_m2_webmercator": 1031.46,
        "source_dataset": "Overture Maps buildings",
        "source_url": "https://docs.overturemaps.org/getting-data/",
        "source_release": "2026-09-23.1",
        "source_accessed_on": "2026-09-27",
        "geometry_role": "current building-footprint polygon",
        "linkage_semantics": "Overlap/proximity only; not evidence that the building hosts AI compute."
      }
    },
    {
      "type": "Feature",
      "id": "6427a012-14d5-4612-b754-66bb3bcea1c3",
      "geometry": {
        "type": "Polygon",
        "coordinates": [
          [
            [
              -82.7479195,
              40.078642
            ],
            [
              -82.7479198,
              40.0786604
            ],
            [
              -82.7477874,
              40.0786616
            ],
            [
              -82.7477886,
              40.0787396
            ],
            [
              -82.7478781,
              40.0787388
            ],
            [
              -82.7478784,
              40.0787593
            ],
            [
              -82.747932,
              40.0787588
            ],
            [
              -82.7479325,
              40.0787917
            ],
            [
              -82.7480505,
              40.0787906
            ],
            [
              -82.7480483,
              40.0786408
            ],
            [
              -82.7479195,
              40.078642
            ]
          ]
        ]
      },
      "properties": {
        "epoch_id": "EPOCH-5b353d56a567a70b",
        "site_name": "Google New Albany",
        "distance_to_site_km": 1.0941,
        "footprint_area_m2_webmercator": 488.2,
        "source_dataset": "Overture Maps buildings",
        "source_url": "https://docs.overturemaps.org/getting-data/",
        "source_release": "2026-09-23.1",
        "source_accessed_on": "2026-09-27",
        "geometry_role": "current building-footprint polygon",
        "linkage_semantics": "Overlap/proximity only; not evidence that the building hosts AI compute."
      }
    },
    {
      "type": "Feature",
      "id": "48bd22dc-d228-499c-a19b-3c4b0b7045d6",
      "geometry": {
        "type": "Polygon",
        "coordinates": [
          [
            [
              -82.7485841,
              40.0780744
            ],
            [
              -82.7484867,
              40.0780718
            ],
            [
              -82.7484786,
              40.0782473
            ],
            [
              -82.748576,
              40.07825
            ],
            [
              -82.7485841,
              40.0780744
            ]
          ]
        ]
      },
      "properties": {
        "epoch_id": "EPOCH-5b353d56a567a70b",
        "site_name": "Google New Albany",
        "distance_to_site_km": 1.0164,
        "footprint_area_m2_webmercator": 277.26,
        "source_dataset": "Overture Maps buildings",
        "source_url": "https://docs.overturemaps.org/getting-data/",
        "source_release": "2026-09-23.1",
        "source_accessed_on": "2026-09-27",
        "geometry_role": "current building-footprint polygon",
        "linkage_semantics": "Overlap/proximity only; not evidence that the building hosts AI compute."
      }
    },
    {
      "type": "Feature",
      "id": "d6a578f9-4127-477f-b938-45507428041a",
      "geometry": {
        "type": "Polygon",
        "coordinates": [
          [
            [
              -82.7489554,
              40.0784378
            ],
            [
              -82.7489619,
              40.0782417
            ],
            [
              -82.748853,
              40.0782395
            ],
            [
              -82.7488465,
              40.0784357
            ],
            [
              -82.7489554,
              40.0784378
            ]
          ]
        ]
      },
      "properties": {
        "epoch_id": "EPOCH-5b353d56a567a70b",
        "site_name": "Google New Albany",
        "distance_to_site_km": 1.02,
        "footprint_area_m2_webmercator": 346.17,
        "source_dataset": "Overture Maps buildings",
        "source_url": "https://docs.overturemaps.org/getting-data/",
        "source_release": "2026-09-23.1",
        "source_accessed_on": "2026-09-27",
        "geometry_role": "current building-footprint polygon",
        "linkage_semantics": "Overlap/proximity only; not evidence that the building hosts AI compute."
      }
    },
    {
      "type": "Feature",
      "id": "45f97a0d-f934-49a7-a776-7d3c75839fd3",
      "geometry": {
        "type": "Polygon",
        "coordinates": [
          [
            [
              -82.7484614,
              40.0787955
            ],
            [
              -82.7485562,
              40.0787985
            ],
            [
              -82.7485601,
              40.078726
            ],
            [
              -82.7484878,
              40.0787237
            ],
            [
              -82.7484893,
              40.0786958
            ],
            [
              -82.7482741,
              40.078689
            ],
            [
              -82.7482679,
              40.0788037
            ],
            [
              -82.7483412,
              40.078806
            ],
            [
              -82.748342,
              40.0787917
            ],
            [
              -82.7484614,
              40.0787955
            ]
          ]
        ]
      },
      "properties": {
        "epoch_id": "EPOCH-5b353d56a567a70b",
        "site_name": "Google New Albany",
        "distance_to_site_km": 1.0796,
        "footprint_area_m2_webmercator": 452.58,
        "source_dataset": "Overture Maps buildings",
        "source_url": "https://docs.overturemaps.org/getting-data/",
        "source_release": "2026-09-23.1",
        "source_accessed_on": "2026-09-27",
        "geometry_role": "current building-footprint polygon",
        "linkage_semantics": "Overlap/proximity only; not evidence that the building hosts AI compute."
      }
    },
    {
      "type": "Feature",
      "id": "9d2888f1-4c77-4921-8d3c-d4c854bbe302",
      "geometry": {
        "type": "Polygon",
        "coordinates": [
          [
            [
              -82.7459802,
              40.0794737
            ],
            [
              -82.7461303,
              40.0794769
            ],
            [
              -82.7461367,
              40.0793035
            ],
            [
              -82.7459866,
              40.0793003
            ],
            [
              -82.7459802,
              40.0794737
            ]
          ]
        ]
      },
      "properties": {
        "epoch_id": "EPOCH-5b353d56a567a70b",
        "site_name": "Google New Albany",
        "distance_to_site_km": 1.2408,
        "footprint_area_m2_webmercator": 421.86,
        "source_dataset": "Overture Maps buildings",
        "source_url": "https://docs.overturemaps.org/getting-data/",
        "source_release": "2026-09-23.1",
        "source_accessed_on": "2026-09-27",
        "geometry_role": "current building-footprint polygon",
        "linkage_semantics": "Overlap/proximity only; not evidence that the building hosts AI compute."
      }
    },
    {
      "type": "Feature",
      "id": "fa99d07a-8c60-4bfe-86c4-69616fac5926",
      "geometry": {
        "type": "Polygon",
        "coordinates": [
          [
            [
              -82.7454975,
              40.0795125
            ],
            [
              -82.7454894,
              40.0796291
            ],
            [
              -82.7456751,
              40.0796366
            ],
            [
              -82.7456796,
              40.0795711
            ],
            [
              -82.7456411,
              40.0795696
            ],
            [
              -82.745643,
              40.0795409
            ],
            [
              -82.7455548,
              40.0795374
            ],
            [
              -82.7455563,
              40.0795148
            ],
            [
              -82.7454975,
              40.0795125
            ]
          ]
        ]
      },
      "properties": {
        "epoch_id": "EPOCH-5b353d56a567a70b",
        "site_name": "Google New Albany",
        "distance_to_site_km": 1.2815,
        "footprint_area_m2_webmercator": 287.38,
        "source_dataset": "Overture Maps buildings",
        "source_url": "https://docs.overturemaps.org/getting-data/",
        "source_release": "2026-09-23.1",
        "source_accessed_on": "2026-09-27",
        "geometry_role": "current building-footprint polygon",
        "linkage_semantics": "Overlap/proximity only; not evidence that the building hosts AI compute."
      }
    },
    {
      "type": "Feature",
      "id": "ddb3a40f-4913-456c-be5c-0a1fdc6530f7",
      "geometry": {
        "type": "Polygon",
        "coordinates": [
          [
            [
              -82.7530908,
              40.078707
            ],
            [
              -82.7529631,
              40.0787053
            ],
            [
              -82.7529594,
              40.0788685
            ],
            [
              -82.753087,
              40.0788702
            ],
            [
              -82.7530908,
              40.078707
            ]
          ]
        ]
      },
      "properties": {
        "epoch_id": "EPOCH-5b353d56a567a70b",
        "site_name": "Google New Albany",
        "distance_to_site_km": 0.9753,
        "footprint_area_m2_webmercator": 337.49,
        "source_dataset": "Overture Maps buildings",
        "source_url": "https://docs.overturemaps.org/getting-data/",
        "source_release": "2026-09-23.1",
        "source_accessed_on": "2026-09-27",
        "geometry_role": "current building-footprint polygon",
        "linkage_semantics": "Overlap/proximity only; not evidence that the building hosts AI compute."
      }
    },
    {
      "type": "Feature",
      "id": "e42ad962-da67-47c0-bcfc-64ed3909b0f4",
      "geometry": {
        "type": "Polygon",
        "coordinates": [
          [
            [
              -82.7530853,
              40.0789624
            ],
            [
              -82.7529994,
              40.0789619
            ],
            [
              -82.7529979,
              40.0791261
            ],
            [
              -82.7530837,
              40.0791266
            ],
            [
              -82.7530853,
              40.0789624
            ]
          ]
        ]
      },
      "properties": {
        "epoch_id": "EPOCH-5b353d56a567a70b",
        "site_name": "Google New Albany",
        "distance_to_site_km": 1.0036,
        "footprint_area_m2_webmercator": 228.31,
        "source_dataset": "Overture Maps buildings",
        "source_url": "https://docs.overturemaps.org/getting-data/",
        "source_release": "2026-09-23.1",
        "source_accessed_on": "2026-09-27",
        "geometry_role": "current building-footprint polygon",
        "linkage_semantics": "Overlap/proximity only; not evidence that the building hosts AI compute."
      }
    },
    {
      "type": "Feature",
      "id": "1b09c638-e968-474d-a9f7-97c227425503",
      "geometry": {
        "type": "Polygon",
        "coordinates": [
          [
            [
              -82.7543942,
              40.0821704
            ],
            [
              -82.7548319,
              40.0821847
            ],
            [
              -82.7548364,
              40.0821051
            ],
            [
              -82.7548207,
              40.0821046
            ],
            [
              -82.7548261,
              40.0820073
            ],
            [
              -82.7547872,
              40.082006
            ],
            [
              -82.7547877,
              40.0819972
            ],
            [
              -82.7545938,
              40.0819908
            ],
            [
              -82.7545891,
              40.0820007
            ],
            [
              -82.7543974,
              40.0819943
            ],
            [
              -82.7543981,
              40.0819816
            ],
            [
              -82.754261,
              40.081977
            ],
            [
              -82.7542601,
              40.081992
            ],
            [
              -82.7540209,
              40.0819841
            ],
            [
              -82.754011,
              40.0821583
            ],
            [
              -82.7542501,
              40.0821663
            ],
            [
              -82.7542494,
              40.0821791
            ],
            [
              -82.7543934,
              40.0821838
            ],
            [
              -82.7543942,
              40.0821704
            ]
          ]
        ]
      },
      "properties": {
        "epoch_id": "EPOCH-5b353d56a567a70b",
        "site_name": "Google New Albany",
        "distance_to_site_km": 1.3383,
        "footprint_area_m2_webmercator": 2403.17,
        "source_dataset": "Overture Maps buildings",
        "source_url": "https://docs.overturemaps.org/getting-data/",
        "source_release": "2026-09-23.1",
        "source_accessed_on": "2026-09-27",
        "geometry_role": "current building-footprint polygon",
        "linkage_semantics": "Overlap/proximity only; not evidence that the building hosts AI compute."
      }
    },
    {
      "type": "Feature",
      "id": "f3b883cd-0c60-46dc-88fd-1eef9179771b",
      "geometry": {
        "type": "Polygon",
        "coordinates": [
          [
            [
              -82.7657875,
              40.080886
            ],
            [
              -82.7660488,
              40.0808943
            ],
            [
              -82.7660644,
              40.0806083
            ],
            [
              -82.7657255,
              40.0805974
            ],
            [
              -82.7657123,
              40.0808389
            ],
            [
              -82.76579,
              40.0808413
            ],
            [
              -82.7657875,
              40.080886
            ]
          ]
        ]
      },
      "properties": {
        "epoch_id": "EPOCH-5b353d56a567a70b",
        "site_name": "Google New Albany",
        "distance_to_site_km": 1.5588,
        "footprint_area_m2_webmercator": 1516.7,
        "source_dataset": "Overture Maps buildings",
        "source_url": "https://docs.overturemaps.org/getting-data/",
        "source_release": "2026-09-23.1",
        "source_accessed_on": "2026-09-27",
        "geometry_role": "current building-footprint polygon",
        "linkage_semantics": "Overlap/proximity only; not evidence that the building hosts AI compute."
      }
    },
    {
      "type": "Feature",
      "id": "ddff9c4c-c710-48e0-8f1c-35df2b3af6b1",
      "geometry": {
        "type": "Polygon",
        "coordinates": [
          [
            [
              -82.7675657,
              40.0806439
            ],
            [
              -82.7685364,
              40.0806893
            ],
            [
              -82.7685602,
              40.0803924
            ],
            [
              -82.7677625,
              40.0803549
            ],
            [
              -82.7677548,
              40.0804502
            ],
            [
              -82.7675818,
              40.0804421
            ],
            [
              -82.7675657,
              40.0806439
            ]
          ]
        ]
      },
      "properties": {
        "epoch_id": "EPOCH-5b353d56a567a70b",
        "site_name": "Google New Albany",
        "distance_to_site_km": 1.6687,
        "footprint_area_m2_webmercator": 4419.08,
        "source_dataset": "Overture Maps buildings",
        "source_url": "https://docs.overturemaps.org/getting-data/",
        "source_release": "2026-09-23.1",
        "source_accessed_on": "2026-09-27",
        "geometry_role": "current building-footprint polygon",
        "linkage_semantics": "Overlap/proximity only; not evidence that the building hosts AI compute."
      }
    },
    {
      "type": "Feature",
      "id": "5ac3dfe3-5481-4a12-a1a8-ccc392a6523f",
      "geometry": {
        "type": "Polygon",
        "coordinates": [
          [
            [
              -82.7663926,
              40.0814894
            ],
            [
              -82.7676286,
              40.0815288
            ],
            [
              -82.7676384,
              40.0813489
            ],
            [
              -82.7675543,
              40.0813462
            ],
            [
              -82.7675656,
              40.0811379
            ],
            [
              -82.7676128,
              40.0811394
            ],
            [
              -82.767623,
              40.0809537
            ],
            [
              -82.7674157,
              40.080947
            ],
            [
              -82.7674249,
              40.0807786
            ],
            [
              -82.7670941,
              40.0807679
            ],
            [
              -82.7670847,
              40.080939
            ],
            [
              -82.7663167,
              40.0809144
            ],
            [
              -82.7663075,
              40.0810818
            ],
            [
              -82.7664146,
              40.0810852
            ],
            [
              -82.7664091,
              40.0811873
            ],
            [
              -82.7663926,
              40.0814894
            ]
          ]
        ]
      },
      "properties": {
        "epoch_id": "EPOCH-5b353d56a567a70b",
        "site_name": "Google New Albany",
        "distance_to_site_km": 1.6589,
        "footprint_area_m2_webmercator": 12283.19,
        "source_dataset": "Overture Maps buildings",
        "source_url": "https://docs.overturemaps.org/getting-data/",
        "source_release": "2026-09-23.1",
        "source_accessed_on": "2026-09-27",
        "geometry_role": "current building-footprint polygon",
        "linkage_semantics": "Overlap/proximity only; not evidence that the building hosts AI compute."
      }
    },
    {
      "type": "Feature",
      "id": "0eed2bf5-902e-41e0-ae28-473103d7e349",
      "geometry": {
        "type": "Polygon",
        "coordinates": [
          [
            [
              -82.7664864,
              40.0831368
            ],
            [
              -82.7664837,
              40.0831717
            ],
            [
              -82.7665655,
              40.0831753
            ],
            [
              -82.7665681,
              40.0831405
            ],
            [
              -82.7664864,
              40.0831368
            ]
          ]
        ]
      },
      "properties": {
        "epoch_id": "EPOCH-5b353d56a567a70b",
        "site_name": "Google New Albany",
        "distance_to_site_km": 1.8033,
        "footprint_area_m2_webmercator": 46.3,
        "source_dataset": "Overture Maps buildings",
        "source_url": "https://docs.overturemaps.org/getting-data/",
        "source_release": "2026-09-23.1",
        "source_accessed_on": "2026-09-27",
        "geometry_role": "current building-footprint polygon",
        "linkage_semantics": "Overlap/proximity only; not evidence that the building hosts AI compute."
      }
    },
    {
      "type": "Feature",
      "id": "cb5eb272-ef7a-44f9-8df8-ce1152a1b7f2",
      "geometry": {
        "type": "Polygon",
        "coordinates": [
          [
            [
              -82.7641604,
              40.0841824
            ],
            [
              -82.7641552,
              40.0842312
            ],
            [
              -82.7642489,
              40.0842372
            ],
            [
              -82.7642541,
              40.0841884
            ],
            [
              -82.7641604,
              40.0841824
            ]
          ]
        ]
      },
      "properties": {
        "epoch_id": "EPOCH-5b353d56a567a70b",
        "site_name": "Google New Albany",
        "distance_to_site_km": 1.7962,
        "footprint_area_m2_webmercator": 74.57,
        "source_dataset": "Overture Maps buildings",
        "source_url": "https://docs.overturemaps.org/getting-data/",
        "source_release": "2026-09-23.1",
        "source_accessed_on": "2026-09-27",
        "geometry_role": "current building-footprint polygon",
        "linkage_semantics": "Overlap/proximity only; not evidence that the building hosts AI compute."
      }
    },
    {
      "type": "Feature",
      "id": "6f6f7ac6-3d21-47a2-9c12-4852199143eb",
      "geometry": {
        "type": "Polygon",
        "coordinates": [
          [
            [
              -82.7636974,
              40.0840718
            ],
            [
              -82.763683,
              40.0842512
            ],
            [
              -82.7638111,
              40.0842573
            ],
            [
              -82.7638255,
              40.0840778
            ],
            [
              -82.7636974,
              40.0840718
            ]
          ]
        ]
      },
      "properties": {
        "epoch_id": "EPOCH-5b353d56a567a70b",
        "site_name": "Google New Albany",
        "distance_to_site_km": 1.7736,
        "footprint_area_m2_webmercator": 373.73,
        "source_dataset": "Overture Maps buildings",
        "source_url": "https://docs.overturemaps.org/getting-data/",
        "source_release": "2026-09-23.1",
        "source_accessed_on": "2026-09-27",
        "geometry_role": "current building-footprint polygon",
        "linkage_semantics": "Overlap/proximity only; not evidence that the building hosts AI compute."
      }
    },
    {
      "type": "Feature",
      "id": "97e7ad60-e15e-4a84-bacb-8d6758ed091b",
      "geometry": {
        "type": "Polygon",
        "coordinates": [
          [
            [
              -82.7684674,
              40.0860202
            ],
            [
              -82.7686404,
              40.084164
            ],
            [
              -82.7674967,
              40.0841016
            ],
            [
              -82.7673234,
              40.0859577
            ],
            [
              -82.7684674,
              40.0860202
            ]
          ]
        ]
      },
      "properties": {
        "epoch_id": "EPOCH-5b353d56a567a70b",
        "site_name": "Google New Albany",
        "distance_to_site_km": 2.0475,
        "footprint_area_m2_webmercator": 34563.58,
        "source_dataset": "Overture Maps buildings",
        "source_url": "https://docs.overturemaps.org/getting-data/",
        "source_release": "2026-09-23.1",
        "source_accessed_on": "2026-09-27",
        "geometry_role": "current building-footprint polygon",
        "linkage_semantics": "Overlap/proximity only; not evidence that the building hosts AI compute."
      }
    },
    {
      "type": "Feature",
      "id": "75a8c99d-df29-4a8a-8a4a-f8740ffad6db",
      "geometry": {
        "type": "Polygon",
        "coordinates": [
          [
            [
              -82.7616551,
              40.0857682
            ],
            [
              -82.7621049,
              40.0855922
            ],
            [
              -82.7618585,
              40.0852976
            ],
            [
              -82.7614425,
              40.0854924
            ],
            [
              -82.7614333,
              40.0854783
            ],
            [
              -82.7610204,
              40.0856621
            ],
            [
              -82.7610728,
              40.0857093
            ],
            [
              -82.7605136,
              40.0860853
            ],
            [
              -82.7605639,
              40.0861292
            ],
            [
              -82.7606012,
              40.0861617
            ],
            [
              -82.7607123,
              40.0862585
            ],
            [
              -82.7607508,
              40.0862302
            ],
            [
              -82.7608355,
              40.0863033
            ],
            [
              -82.7613362,
              40.0859662
            ],
            [
              -82.7613609,
              40.0859544
            ],
            [
              -82.7616551,
              40.0857682
            ]
          ]
        ]
      },
      "properties": {
        "epoch_id": "EPOCH-5b353d56a567a70b",
        "site_name": "Google New Albany",
        "distance_to_site_km": 1.8558,
        "footprint_area_m2_webmercator": 9064.12,
        "source_dataset": "Overture Maps buildings",
        "source_url": "https://docs.overturemaps.org/getting-data/",
        "source_release": "2026-09-23.1",
        "source_accessed_on": "2026-09-27",
        "geometry_role": "current building-footprint polygon",
        "linkage_semantics": "Overlap/proximity only; not evidence that the building hosts AI compute."
      }
    },
    {
      "type": "Feature",
      "id": "0001a2b1-8a3d-42c8-865e-917bd25913f9",
      "geometry": {
        "type": "Polygon",
        "coordinates": [
          [
            [
              -82.7627723,
              40.0862374
            ],
            [
              -82.7628874,
              40.0862414
            ],
            [
              -82.7628926,
              40.0861533
            ],
            [
              -82.7627775,
              40.0861494
            ],
            [
              -82.7627723,
              40.0862374
            ]
          ]
        ]
      },
      "properties": {
        "epoch_id": "EPOCH-5b353d56a567a70b",
        "site_name": "Google New Albany",
        "distance_to_site_km": 1.9447,
        "footprint_area_m2_webmercator": 164.48,
        "source_dataset": "Overture Maps buildings",
        "source_url": "https://docs.overturemaps.org/getting-data/",
        "source_release": "2026-09-23.1",
        "source_accessed_on": "2026-09-27",
        "geometry_role": "current building-footprint polygon",
        "linkage_semantics": "Overlap/proximity only; not evidence that the building hosts AI compute."
      }
    },
    {
      "type": "Feature",
      "id": "967f1172-b7a1-4143-ab08-4cace8448db6",
      "geometry": {
        "type": "Polygon",
        "coordinates": [
          [
            [
              -82.7600757,
              40.0867464
            ],
            [
              -82.7601968,
              40.0866593
            ],
            [
              -82.7601813,
              40.0866467
            ],
            [
              -82.7600601,
              40.0867337
            ],
            [
              -82.7600757,
              40.0867464
            ]
          ]
        ]
      },
      "properties": {
        "epoch_id": "EPOCH-5b353d56a567a70b",
        "site_name": "Google New Albany",
        "distance_to_site_km": 1.922,
        "footprint_area_m2_webmercator": 46.75,
        "source_dataset": "Overture Maps buildings",
        "source_url": "https://docs.overturemaps.org/getting-data/",
        "source_release": "2026-09-23.1",
        "source_accessed_on": "2026-09-27",
        "geometry_role": "current building-footprint polygon",
        "linkage_semantics": "Overlap/proximity only; not evidence that the building hosts AI compute."
      }
    },
    {
      "type": "Feature",
      "id": "b32ffef9-5a79-4c08-8486-e8481e684cf4",
      "geometry": {
        "type": "Polygon",
        "coordinates": [
          [
            [
              -82.7592438,
              40.087337
            ],
            [
              -82.7592638,
              40.0872982
            ],
            [
              -82.7593778,
              40.087337
            ],
            [
              -82.7596428,
              40.086868
            ],
            [
              -82.7596675,
              40.0868562
            ],
            [
              -82.7597245,
              40.086769
            ],
            [
              -82.7597121,
              40.0867607
            ],
            [
              -82.7602267,
              40.0864177
            ],
            [
              -82.7602375,
              40.086426
            ],
            [
              -82.7605117,
              40.0862433
            ],
            [
              -82.7604978,
              40.0862315
            ],
            [
              -82.7606012,
              40.0861617
            ],
            [
              -82.7605639,
              40.0861292
            ],
            [
              -82.7604562,
              40.0861985
            ],
            [
              -82.7603638,
              40.086116
            ],
            [
              -82.7601081,
              40.0862857
            ],
            [
              -82.760088,
              40.0862692
            ],
            [
              -82.7600742,
              40.0862763
            ],
            [
              -82.7599494,
              40.0861702
            ],
            [
              -82.7594379,
              40.0865144
            ],
            [
              -82.7594194,
              40.0865038
            ],
            [
              -82.7591452,
              40.0866841
            ],
            [
              -82.7592777,
              40.0867265
            ],
            [
              -82.7589819,
              40.0872451
            ],
            [
              -82.7591452,
              40.0872958
            ],
            [
              -82.7591391,
              40.087304
            ],
            [
              -82.7592438,
              40.087337
            ]
          ]
        ]
      },
      "properties": {
        "epoch_id": "EPOCH-5b353d56a567a70b",
        "site_name": "Google New Albany",
        "distance_to_site_km": 1.9106,
        "footprint_area_m2_webmercator": 9872.43,
        "source_dataset": "Overture Maps buildings",
        "source_url": "https://docs.overturemaps.org/getting-data/",
        "source_release": "2026-09-23.1",
        "source_accessed_on": "2026-09-27",
        "geometry_role": "current building-footprint polygon",
        "linkage_semantics": "Overlap/proximity only; not evidence that the building hosts AI compute."
      }
    },
    {
      "type": "Feature",
      "id": "edb8600e-9b6c-485d-9da8-6ed538ee97d7",
      "geometry": {
        "type": "Polygon",
        "coordinates": [
          [
            [
              -82.7557001,
              40.0845266
            ],
            [
              -82.7556862,
              40.0847243
            ],
            [
              -82.755783,
              40.0847282
            ],
            [
              -82.7557967,
              40.0845323
            ],
            [
              -82.7557886,
              40.084532
            ],
            [
              -82.7557903,
              40.0845081
            ],
            [
              -82.7557129,
              40.084505
            ],
            [
              -82.7557114,
              40.0845271
            ],
            [
              -82.7557001,
              40.0845266
            ]
          ]
        ]
      },
      "properties": {
        "epoch_id": "EPOCH-5b353d56a567a70b",
        "site_name": "Google New Albany",
        "distance_to_site_km": 1.6263,
        "footprint_area_m2_webmercator": 338.2,
        "source_dataset": "Overture Maps buildings",
        "source_url": "https://docs.overturemaps.org/getting-data/",
        "source_release": "2026-09-23.1",
        "source_accessed_on": "2026-09-27",
        "geometry_role": "current building-footprint polygon",
        "linkage_semantics": "Overlap/proximity only; not evidence that the building hosts AI compute."
      }
    },
    {
      "type": "Feature",
      "id": "5eec75bf-cb80-4764-8916-cdbf409ea713",
      "geometry": {
        "type": "Polygon",
        "coordinates": [
          [
            [
              -82.7540255,
              40.0840437
            ],
            [
              -82.7541072,
              40.0840465
            ],
            [
              -82.7541107,
              40.0839869
            ],
            [
              -82.7541059,
              40.0839868
            ],
            [
              -82.7541176,
              40.0837884
            ],
            [
              -82.7539145,
              40.0837814
            ],
            [
              -82.7539089,
              40.0838765
            ],
            [
              -82.7538741,
              40.0838753
            ],
            [
              -82.7538697,
              40.0839492
            ],
            [
              -82.7539015,
              40.0839503
            ],
            [
              -82.7538959,
              40.084046
            ],
            [
              -82.7540251,
              40.0840504
            ],
            [
              -82.7540255,
              40.0840437
            ]
          ]
        ]
      },
      "properties": {
        "epoch_id": "EPOCH-5b353d56a567a70b",
        "site_name": "Google New Albany",
        "distance_to_site_km": 1.5418,
        "footprint_area_m2_webmercator": 915.09,
        "source_dataset": "Overture Maps buildings",
        "source_url": "https://docs.overturemaps.org/getting-data/",
        "source_release": "2026-09-23.1",
        "source_accessed_on": "2026-09-27",
        "geometry_role": "current building-footprint polygon",
        "linkage_semantics": "Overlap/proximity only; not evidence that the building hosts AI compute."
      }
    },
    {
      "type": "Feature",
      "id": "fb6c60e1-0273-464a-8161-9bff53454507",
      "geometry": {
        "type": "Polygon",
        "coordinates": [
          [
            [
              -82.7542219,
              40.0835682
            ],
            [
              -82.7542646,
              40.0835707
            ],
            [
              -82.7542733,
              40.0834851
            ],
            [
              -82.754108,
              40.0834751
            ],
            [
              -82.7541023,
              40.0835313
            ],
            [
              -82.7541689,
              40.0835353
            ],
            [
              -82.7541664,
              40.0835597
            ],
            [
              -82.754189,
              40.0835611
            ],
            [
              -82.7541835,
              40.0836151
            ],
            [
              -82.7542169,
              40.0836171
            ],
            [
              -82.7542219,
              40.0835682
            ]
          ]
        ]
      },
      "properties": {
        "epoch_id": "EPOCH-5b353d56a567a70b",
        "site_name": "Google New Albany",
        "distance_to_site_km": 1.4985,
        "footprint_area_m2_webmercator": 223.51,
        "source_dataset": "Overture Maps buildings",
        "source_url": "https://docs.overturemaps.org/getting-data/",
        "source_release": "2026-09-23.1",
        "source_accessed_on": "2026-09-27",
        "geometry_role": "current building-footprint polygon",
        "linkage_semantics": "Overlap/proximity only; not evidence that the building hosts AI compute."
      }
    },
    {
      "type": "Feature",
      "id": "f5179d52-db6b-41b8-96b4-d8f0e8df9925",
      "geometry": {
        "type": "Polygon",
        "coordinates": [
          [
            [
              -82.7542405,
              40.0823112
            ],
            [
              -82.7543901,
              40.0823159
            ],
            [
              -82.7543922,
              40.0822769
            ],
            [
              -82.7543962,
              40.0822032
            ],
            [
              -82.7542466,
              40.0821984
            ],
            [
              -82.7542426,
              40.0822723
            ],
            [
              -82.7542405,
              40.0823112
            ]
          ]
        ]
      },
      "properties": {
        "epoch_id": "EPOCH-5b353d56a567a70b",
        "site_name": "Google New Albany",
        "distance_to_site_km": 1.3575,
        "footprint_area_m2_webmercator": 273.65,
        "source_dataset": "Overture Maps buildings",
        "source_url": "https://docs.overturemaps.org/getting-data/",
        "source_release": "2026-09-23.1",
        "source_accessed_on": "2026-09-27",
        "geometry_role": "current building-footprint polygon",
        "linkage_semantics": "Overlap/proximity only; not evidence that the building hosts AI compute."
      }
    },
    {
      "type": "Feature",
      "id": "c4c92be9-28d2-439a-a643-17d72a5dbada",
      "geometry": {
        "type": "Polygon",
        "coordinates": [
          [
            [
              -82.7395654,
              40.084176
            ],
            [
              -82.7422017,
              40.0851094
            ],
            [
              -82.743066,
              40.0836807
            ],
            [
              -82.7429634,
              40.0836444
            ],
            [
              -82.7430462,
              40.0835075
            ],
            [
              -82.740512,
              40.0826105
            ],
            [
              -82.7395654,
              40.084176
            ]
          ]
        ]
      },
      "properties": {
        "epoch_id": "EPOCH-5b353d56a567a70b",
        "site_name": "Google New Albany",
        "distance_to_site_km": 1.8772,
        "footprint_area_m2_webmercator": 80891.0,
        "source_dataset": "Overture Maps buildings",
        "source_url": "https://docs.overturemaps.org/getting-data/",
        "source_release": "2026-09-23.1",
        "source_accessed_on": "2026-09-27",
        "geometry_role": "current building-footprint polygon",
        "linkage_semantics": "Overlap/proximity only; not evidence that the building hosts AI compute."
      }
    },
    {
      "type": "Feature",
      "id": "94ee799c-59dd-4e5d-8e5c-31543b606e28",
      "geometry": {
        "type": "Polygon",
        "coordinates": [
          [
            [
              -82.7435623,
              40.0872017
            ],
            [
              -82.7444399,
              40.0872407
            ],
            [
              -82.7445675,
              40.0855616
            ],
            [
              -82.7434706,
              40.0855128
            ],
            [
              -82.7433756,
              40.0867609
            ],
            [
              -82.743595,
              40.0867707
            ],
            [
              -82.7435623,
              40.0872017
            ]
          ]
        ]
      },
      "properties": {
        "epoch_id": "EPOCH-5b353d56a567a70b",
        "site_name": "Google New Albany",
        "distance_to_site_km": 2.0037,
        "footprint_area_m2_webmercator": 28398.85,
        "source_dataset": "Overture Maps buildings",
        "source_url": "https://docs.overturemaps.org/getting-data/",
        "source_release": "2026-09-23.1",
        "source_accessed_on": "2026-09-27",
        "geometry_role": "current building-footprint polygon",
        "linkage_semantics": "Overlap/proximity only; not evidence that the building hosts AI compute."
      }
    },
    {
      "type": "Feature",
      "id": "568703c8-4c26-4192-a922-335111cad9f5",
      "geometry": {
        "type": "Polygon",
        "coordinates": [
          [
            [
              -82.7357015,
              40.0856636
            ],
            [
              -82.7355504,
              40.0856598
            ],
            [
              -82.7355441,
              40.0858053
            ],
            [
              -82.7356952,
              40.0858091
            ],
            [
              -82.7357015,
              40.0856636
            ]
          ]
        ]
      },
      "properties": {
        "epoch_id": "EPOCH-5b353d56a567a70b",
        "site_name": "Google New Albany",
        "distance_to_site_km": 2.3446,
        "footprint_area_m2_webmercator": 356.48,
        "source_dataset": "Overture Maps buildings",
        "source_url": "https://docs.overturemaps.org/getting-data/",
        "source_release": "2026-09-23.1",
        "source_accessed_on": "2026-09-27",
        "geometry_role": "current building-footprint polygon",
        "linkage_semantics": "Overlap/proximity only; not evidence that the building hosts AI compute."
      }
    },
    {
      "type": "Feature",
      "id": "766f51c8-9049-4afc-9684-f32c18f4dea5",
      "geometry": {
        "type": "Polygon",
        "coordinates": [
          [
            [
              -82.7363182,
              40.0860559
            ],
            [
              -82.736487,
              40.0860604
            ],
            [
              -82.7364896,
              40.086003
            ],
            [
              -82.7363208,
              40.0859985
            ],
            [
              -82.7363182,
              40.0860559
            ]
          ]
        ]
      },
      "properties": {
        "epoch_id": "EPOCH-5b353d56a567a70b",
        "site_name": "Google New Albany",
        "distance_to_site_km": 2.3257,
        "footprint_area_m2_webmercator": 157.12,
        "source_dataset": "Overture Maps buildings",
        "source_url": "https://docs.overturemaps.org/getting-data/",
        "source_release": "2026-09-23.1",
        "source_accessed_on": "2026-09-27",
        "geometry_role": "current building-footprint polygon",
        "linkage_semantics": "Overlap/proximity only; not evidence that the building hosts AI compute."
      }
    },
    {
      "type": "Feature",
      "id": "da4780e3-cc28-4612-a5e8-59a5595a5c6f",
      "geometry": {
        "type": "Polygon",
        "coordinates": [
          [
            [
              -82.735322,
              40.0858705
            ],
            [
              -82.7354667,
              40.0858737
            ],
            [
              -82.7354707,
              40.08577
            ],
            [
              -82.735326,
              40.0857668
            ],
            [
              -82.735322,
              40.0858705
            ]
          ]
        ]
      },
      "properties": {
        "epoch_id": "EPOCH-5b353d56a567a70b",
        "site_name": "Google New Albany",
        "distance_to_site_km": 2.3646,
        "footprint_area_m2_webmercator": 243.25,
        "source_dataset": "Overture Maps buildings",
        "source_url": "https://docs.overturemaps.org/getting-data/",
        "source_release": "2026-09-23.1",
        "source_accessed_on": "2026-09-27",
        "geometry_role": "current building-footprint polygon",
        "linkage_semantics": "Overlap/proximity only; not evidence that the building hosts AI compute."
      }
    },
    {
      "type": "Feature",
      "id": "a97e1384-4e60-4df4-a298-0cd619a7fe02",
      "geometry": {
        "type": "Polygon",
        "coordinates": [
          [
            [
              -82.7353609,
              40.0854939
            ],
            [
              -82.7353635,
              40.0854365
            ],
            [
              -82.7354803,
              40.0854396
            ],
            [
              -82.7354838,
              40.0853659
            ],
            [
              -82.7353686,
              40.0853627
            ],
            [
              -82.7353711,
              40.0853074
            ],
            [
              -82.7352372,
              40.0853038
            ],
            [
              -82.7352313,
              40.0854308
            ],
            [
              -82.7352527,
              40.0854314
            ],
            [
              -82.73525,
              40.0854908
            ],
            [
              -82.7353609,
              40.0854939
            ]
          ]
        ]
      },
      "properties": {
        "epoch_id": "EPOCH-5b353d56a567a70b",
        "site_name": "Google New Albany",
        "distance_to_site_km": 2.3335,
        "footprint_area_m2_webmercator": 520.71,
        "source_dataset": "Overture Maps buildings",
        "source_url": "https://docs.overturemaps.org/getting-data/",
        "source_release": "2026-09-23.1",
        "source_accessed_on": "2026-09-27",
        "geometry_role": "current building-footprint polygon",
        "linkage_semantics": "Overlap/proximity only; not evidence that the building hosts AI compute."
      }
    },
    {
      "type": "Feature",
      "id": "e3c22e1d-b22f-4588-9cbb-ebbbd4beb5b0",
      "geometry": {
        "type": "Polygon",
        "coordinates": [
          [
            [
              -82.7350016,
              40.0787675
            ],
            [
              -82.7348757,
              40.0787606
            ],
            [
              -82.7348566,
              40.0789638
            ],
            [
              -82.7349825,
              40.0789708
            ],
            [
              -82.7350016,
              40.0787675
            ]
          ]
        ]
      },
      "properties": {
        "epoch_id": "EPOCH-5b353d56a567a70b",
        "site_name": "Google New Albany",
        "distance_to_site_km": 1.8988,
        "footprint_area_m2_webmercator": 416.58,
        "source_dataset": "Overture Maps buildings",
        "source_url": "https://docs.overturemaps.org/getting-data/",
        "source_release": "2026-09-23.1",
        "source_accessed_on": "2026-09-27",
        "geometry_role": "current building-footprint polygon",
        "linkage_semantics": "Overlap/proximity only; not evidence that the building hosts AI compute."
      }
    },
    {
      "type": "Feature",
      "id": "5c3728b7-4932-4876-8eeb-f99f26534ea8",
      "geometry": {
        "type": "Polygon",
        "coordinates": [
          [
            [
              -82.7370261,
              40.0789684
            ],
            [
              -82.7371841,
              40.0789724
            ],
            [
              -82.7371884,
              40.078874
            ],
            [
              -82.7370303,
              40.07887
            ],
            [
              -82.7370261,
              40.0789684
            ]
          ]
        ]
      },
      "properties": {
        "epoch_id": "EPOCH-5b353d56a567a70b",
        "site_name": "Google New Albany",
        "distance_to_site_km": 1.7462,
        "footprint_area_m2_webmercator": 252.15,
        "source_dataset": "Overture Maps buildings",
        "source_url": "https://docs.overturemaps.org/getting-data/",
        "source_release": "2026-09-23.1",
        "source_accessed_on": "2026-09-27",
        "geometry_role": "current building-footprint polygon",
        "linkage_semantics": "Overlap/proximity only; not evidence that the building hosts AI compute."
      }
    },
    {
      "type": "Feature",
      "id": "feb2cc1e-c9ce-4f78-bdb6-3dfbcf52763f",
      "geometry": {
        "type": "Polygon",
        "coordinates": [
          [
            [
              -82.7369456,
              40.0792809
            ],
            [
              -82.7369161,
              40.0792803
            ],
            [
              -82.736912,
              40.079391
            ],
            [
              -82.7371076,
              40.0793953
            ],
            [
              -82.737113,
              40.079251
            ],
            [
              -82.7369469,
              40.0792473
            ],
            [
              -82.7369456,
              40.0792809
            ]
          ]
        ]
      },
      "properties": {
        "epoch_id": "EPOCH-5b353d56a567a70b",
        "site_name": "Google New Albany",
        "distance_to_site_km": 1.7782,
        "footprint_area_m2_webmercator": 441.56,
        "source_dataset": "Overture Maps buildings",
        "source_url": "https://docs.overturemaps.org/getting-data/",
        "source_release": "2026-09-23.1",
        "source_accessed_on": "2026-09-27",
        "geometry_role": "current building-footprint polygon",
        "linkage_semantics": "Overlap/proximity only; not evidence that the building hosts AI compute."
      }
    },
    {
      "type": "Feature",
      "id": "b1d549e5-bb34-4241-8690-419501ff07c4",
      "geometry": {
        "type": "Polygon",
        "coordinates": [
          [
            [
              -82.739024,
              40.0796518
            ],
            [
              -82.7390269,
              40.0795883
            ],
            [
              -82.7389573,
              40.0795864
            ],
            [
              -82.7389544,
              40.07965
            ],
            [
              -82.739024,
              40.0796518
            ]
          ]
        ]
      },
      "properties": {
        "epoch_id": "EPOCH-5b353d56a567a70b",
        "site_name": "Google New Albany",
        "distance_to_site_km": 1.665,
        "footprint_area_m2_webmercator": 71.72,
        "source_dataset": "Overture Maps buildings",
        "source_url": "https://docs.overturemaps.org/getting-data/",
        "source_release": "2026-09-23.1",
        "source_accessed_on": "2026-09-27",
        "geometry_role": "current building-footprint polygon",
        "linkage_semantics": "Overlap/proximity only; not evidence that the building hosts AI compute."
      }
    },
    {
      "type": "Feature",
      "id": "3ecc2321-55a2-4dbd-b17a-6073f2b51240",
      "geometry": {
        "type": "Polygon",
        "coordinates": [
          [
            [
              -82.7391728,
              40.0793155
            ],
            [
              -82.7390816,
              40.0793143
            ],
            [
              -82.7390791,
              40.0794292
            ],
            [
              -82.7393312,
              40.0794324
            ],
            [
              -82.7393332,
              40.0793388
            ],
            [
              -82.7391723,
              40.0793368
            ],
            [
              -82.7391728,
              40.0793155
            ]
          ]
        ]
      },
      "properties": {
        "epoch_id": "EPOCH-5b353d56a567a70b",
        "site_name": "Google New Albany",
        "distance_to_site_km": 1.6342,
        "footprint_area_m2_webmercator": 413.61,
        "source_dataset": "Overture Maps buildings",
        "source_url": "https://docs.overturemaps.org/getting-data/",
        "source_release": "2026-09-23.1",
        "source_accessed_on": "2026-09-27",
        "geometry_role": "current building-footprint polygon",
        "linkage_semantics": "Overlap/proximity only; not evidence that the building hosts AI compute."
      }
    },
    {
      "type": "Feature",
      "id": "6e61e604-fdbf-48ed-9b36-f3fdec62bc67",
      "geometry": {
        "type": "Polygon",
        "coordinates": [
          [
            [
              -82.7408142,
              40.0795923
            ],
            [
              -82.7408192,
              40.0794282
            ],
            [
              -82.7406111,
              40.0794245
            ],
            [
              -82.7406062,
              40.0795886
            ],
            [
              -82.7408142,
              40.0795923
            ]
          ]
        ]
      },
      "properties": {
        "epoch_id": "EPOCH-5b353d56a567a70b",
        "site_name": "Google New Albany",
        "distance_to_site_km": 1.5467,
        "footprint_area_m2_webmercator": 553.23,
        "source_dataset": "Overture Maps buildings",
        "source_url": "https://docs.overturemaps.org/getting-data/",
        "source_release": "2026-09-23.1",
        "source_accessed_on": "2026-09-27",
        "geometry_role": "current building-footprint polygon",
        "linkage_semantics": "Overlap/proximity only; not evidence that the building hosts AI compute."
      }
    },
    {
      "type": "Feature",
      "id": "55875117-9358-4dea-bc19-56f19c85c752",
      "geometry": {
        "type": "Polygon",
        "coordinates": [
          [
            [
              -82.7403111,
              40.0794311
            ],
            [
              -82.7402008,
              40.0793667
            ],
            [
              -82.7401297,
              40.0794381
            ],
            [
              -82.74024,
              40.0795024
            ],
            [
              -82.7403111,
              40.0794311
            ]
          ]
        ]
      },
      "properties": {
        "epoch_id": "EPOCH-5b353d56a567a70b",
        "site_name": "Google New Albany",
        "distance_to_site_km": 1.5722,
        "footprint_area_m2_webmercator": 201.56,
        "source_dataset": "Overture Maps buildings",
        "source_url": "https://docs.overturemaps.org/getting-data/",
        "source_release": "2026-09-23.1",
        "source_accessed_on": "2026-09-27",
        "geometry_role": "current building-footprint polygon",
        "linkage_semantics": "Overlap/proximity only; not evidence that the building hosts AI compute."
      }
    },
    {
      "type": "Feature",
      "id": "3a466eb6-192f-408d-a808-1d222f9ab03c",
      "geometry": {
        "type": "Polygon",
        "coordinates": [
          [
            [
              -82.7405481,
              40.0797389
            ],
            [
              -82.7405396,
              40.079649
            ],
            [
              -82.7404436,
              40.0796543
            ],
            [
              -82.7404521,
              40.0797442
            ],
            [
              -82.7405481,
              40.0797389
            ]
          ]
        ]
      },
      "properties": {
        "epoch_id": "EPOCH-5b353d56a567a70b",
        "site_name": "Google New Albany",
        "distance_to_site_km": 1.5744,
        "footprint_area_m2_webmercator": 140.5,
        "source_dataset": "Overture Maps buildings",
        "source_url": "https://docs.overturemaps.org/getting-data/",
        "source_release": "2026-09-23.1",
        "source_accessed_on": "2026-09-27",
        "geometry_role": "current building-footprint polygon",
        "linkage_semantics": "Overlap/proximity only; not evidence that the building hosts AI compute."
      }
    },
    {
      "type": "Feature",
      "id": "8e722c2a-b9cc-423e-9439-d398ae437b2d",
      "geometry": {
        "type": "Polygon",
        "coordinates": [
          [
            [
              -82.7446264,
              40.0794596
            ],
            [
              -82.7448167,
              40.0794641
            ],
            [
              -82.7448215,
              40.079341
            ],
            [
              -82.7446313,
              40.0793366
            ],
            [
              -82.7446264,
              40.0794596
            ]
          ]
        ]
      },
      "properties": {
        "epoch_id": "EPOCH-5b353d56a567a70b",
        "site_name": "Google New Albany",
        "distance_to_site_km": 1.3074,
        "footprint_area_m2_webmercator": 379.49,
        "source_dataset": "Overture Maps buildings",
        "source_url": "https://docs.overturemaps.org/getting-data/",
        "source_release": "2026-09-23.1",
        "source_accessed_on": "2026-09-27",
        "geometry_role": "current building-footprint polygon",
        "linkage_semantics": "Overlap/proximity only; not evidence that the building hosts AI compute."
      }
    },
    {
      "type": "Feature",
      "id": "cdb153e1-022a-48fa-9390-799ce1751255",
      "geometry": {
        "type": "Polygon",
        "coordinates": [
          [
            [
              -82.7426881,
              40.0796016
            ],
            [
              -82.7427059,
              40.0792697
            ],
            [
              -82.74258,
              40.0792658
            ],
            [
              -82.7425622,
              40.0795977
            ],
            [
              -82.7426881,
              40.0796016
            ]
          ]
        ]
      },
      "properties": {
        "epoch_id": "EPOCH-5b353d56a567a70b",
        "site_name": "Google New Albany",
        "distance_to_site_km": 1.425,
        "footprint_area_m2_webmercator": 677.87,
        "source_dataset": "Overture Maps buildings",
        "source_url": "https://docs.overturemaps.org/getting-data/",
        "source_release": "2026-09-23.1",
        "source_accessed_on": "2026-09-27",
        "geometry_role": "current building-footprint polygon",
        "linkage_semantics": "Overlap/proximity only; not evidence that the building hosts AI compute."
      }
    },
    {
      "type": "Feature",
      "id": "14c588c6-b361-4388-9cbd-316b3a52a1bf",
      "geometry": {
        "type": "Polygon",
        "coordinates": [
          [
            [
              -82.7429504,
              40.0792789
            ],
            [
              -82.7428084,
              40.0792753
            ],
            [
              -82.742794,
              40.0796095
            ],
            [
              -82.742936,
              40.0796131
            ],
            [
              -82.7429504,
              40.0792789
            ]
          ]
        ]
      },
      "properties": {
        "epoch_id": "EPOCH-5b353d56a567a70b",
        "site_name": "Google New Albany",
        "distance_to_site_km": 1.4122,
        "footprint_area_m2_webmercator": 769.42,
        "source_dataset": "Overture Maps buildings",
        "source_url": "https://docs.overturemaps.org/getting-data/",
        "source_release": "2026-09-23.1",
        "source_accessed_on": "2026-09-27",
        "geometry_role": "current building-footprint polygon",
        "linkage_semantics": "Overlap/proximity only; not evidence that the building hosts AI compute."
      }
    },
    {
      "type": "Feature",
      "id": "c9a524b5-db88-4119-a1d0-21cba5b62a01",
      "geometry": {
        "type": "Polygon",
        "coordinates": [
          [
            [
              -82.7430433,
              40.0796203
            ],
            [
              -82.7431691,
              40.0796247
            ],
            [
              -82.7431888,
              40.079293
            ],
            [
              -82.743063,
              40.0792886
            ],
            [
              -82.7430433,
              40.0796203
            ]
          ]
        ]
      },
      "properties": {
        "epoch_id": "EPOCH-5b353d56a567a70b",
        "site_name": "Google New Albany",
        "distance_to_site_km": 1.3993,
        "footprint_area_m2_webmercator": 677.21,
        "source_dataset": "Overture Maps buildings",
        "source_url": "https://docs.overturemaps.org/getting-data/",
        "source_release": "2026-09-23.1",
        "source_accessed_on": "2026-09-27",
        "geometry_role": "current building-footprint polygon",
        "linkage_semantics": "Overlap/proximity only; not evidence that the building hosts AI compute."
      }
    },
    {
      "type": "Feature",
      "id": "8e663e8b-05fd-4ef0-8875-ceeea91ec110",
      "geometry": {
        "type": "Polygon",
        "coordinates": [
          [
            [
              -82.7436716,
              40.0792322
            ],
            [
              -82.7435688,
              40.0792291
            ],
            [
              -82.7435645,
              40.0793131
            ],
            [
              -82.7436673,
              40.0793162
            ],
            [
              -82.7436716,
              40.0792322
            ]
          ]
        ]
      },
      "properties": {
        "epoch_id": "EPOCH-5b353d56a567a70b",
        "site_name": "Google New Albany",
        "distance_to_site_km": 1.3558,
        "footprint_area_m2_webmercator": 140.07,
        "source_dataset": "Overture Maps buildings",
        "source_url": "https://docs.overturemaps.org/getting-data/",
        "source_release": "2026-09-23.1",
        "source_accessed_on": "2026-09-27",
        "geometry_role": "current building-footprint polygon",
        "linkage_semantics": "Overlap/proximity only; not evidence that the building hosts AI compute."
      }
    },
    {
      "type": "Feature",
      "id": "1b71475f-e18c-49e8-90ff-24bb2e00dae8",
      "geometry": {
        "type": "Polygon",
        "coordinates": [
          [
            [
              -82.7404096,
              40.0791815
            ],
            [
              -82.7403372,
              40.0791824
            ],
            [
              -82.7403394,
              40.0792871
            ],
            [
              -82.7404118,
              40.0792862
            ],
            [
              -82.7404096,
              40.0791815
            ]
          ]
        ]
      },
      "properties": {
        "epoch_id": "EPOCH-5b353d56a567a70b",
        "site_name": "Google New Albany",
        "distance_to_site_km": 1.5476,
        "footprint_area_m2_webmercator": 122.8,
        "source_dataset": "Overture Maps buildings",
        "source_url": "https://docs.overturemaps.org/getting-data/",
        "source_release": "2026-09-23.1",
        "source_accessed_on": "2026-09-27",
        "geometry_role": "current building-footprint polygon",
        "linkage_semantics": "Overlap/proximity only; not evidence that the building hosts AI compute."
      }
    },
    {
      "type": "Feature",
      "id": "c388f9f3-26e1-489d-a69d-32842b647763",
      "geometry": {
        "type": "Polygon",
        "coordinates": [
          [
            [
              -82.7403328,
              40.0790811
            ],
            [
              -82.7403044,
              40.0790806
            ],
            [
              -82.7403029,
              40.0791286
            ],
            [
              -82.7403314,
              40.0791291
            ],
            [
              -82.7403303,
              40.0791652
            ],
            [
              -82.7404322,
              40.079167
            ],
            [
              -82.7404331,
              40.079135
            ],
            [
              -82.7404556,
              40.0791354
            ],
            [
              -82.7404585,
              40.0790369
            ],
            [
              -82.7403342,
              40.0790348
            ],
            [
              -82.7403328,
              40.0790811
            ]
          ]
        ]
      },
      "properties": {
        "epoch_id": "EPOCH-5b353d56a567a70b",
        "site_name": "Google New Albany",
        "distance_to_site_km": 1.537,
        "footprint_area_m2_webmercator": 273.27,
        "source_dataset": "Overture Maps buildings",
        "source_url": "https://docs.overturemaps.org/getting-data/",
        "source_release": "2026-09-23.1",
        "source_accessed_on": "2026-09-27",
        "geometry_role": "current building-footprint polygon",
        "linkage_semantics": "Overlap/proximity only; not evidence that the building hosts AI compute."
      }
    },
    {
      "type": "Feature",
      "id": "9341967a-9c68-4ad4-8fad-cdaa9d00d701",
      "geometry": {
        "type": "Polygon",
        "coordinates": [
          [
            [
              -82.7444323,
              40.0786628
            ],
            [
              -82.7446842,
              40.0786689
            ],
            [
              -82.7446873,
              40.0785931
            ],
            [
              -82.7445694,
              40.0785902
            ],
            [
              -82.7445697,
              40.078582
            ],
            [
              -82.7444358,
              40.0785788
            ],
            [
              -82.7444323,
              40.0786628
            ]
          ]
        ]
      },
      "properties": {
        "epoch_id": "EPOCH-5b353d56a567a70b",
        "site_name": "Google New Albany",
        "distance_to_site_km": 1.2492,
        "footprint_area_m2_webmercator": 327.4,
        "source_dataset": "Overture Maps buildings",
        "source_url": "https://docs.overturemaps.org/getting-data/",
        "source_release": "2026-09-23.1",
        "source_accessed_on": "2026-09-27",
        "geometry_role": "current building-footprint polygon",
        "linkage_semantics": "Overlap/proximity only; not evidence that the building hosts AI compute."
      }
    },
    {
      "type": "Feature",
      "id": "56e388f2-72a8-4f5e-a27e-939125741ffd",
      "geometry": {
        "type": "Polygon",
        "coordinates": [
          [
            [
              -82.7439391,
              40.0785586
            ],
            [
              -82.7439345,
              40.0786426
            ],
            [
              -82.7441845,
              40.0786506
            ],
            [
              -82.7441905,
              40.078541
            ],
            [
              -82.7440673,
              40.0785371
            ],
            [
              -82.7440659,
              40.0785627
            ],
            [
              -82.7439391,
              40.0785586
            ]
          ]
        ]
      },
      "properties": {
        "epoch_id": "EPOCH-5b353d56a567a70b",
        "site_name": "Google New Albany",
        "distance_to_site_km": 1.274,
        "footprint_area_m2_webmercator": 391.78,
        "source_dataset": "Overture Maps buildings",
        "source_url": "https://docs.overturemaps.org/getting-data/",
        "source_release": "2026-09-23.1",
        "source_accessed_on": "2026-09-27",
        "geometry_role": "current building-footprint polygon",
        "linkage_semantics": "Overlap/proximity only; not evidence that the building hosts AI compute."
      }
    },
    {
      "type": "Feature",
      "id": "8443a0c3-8723-4b24-957c-ff01c88f5d23",
      "geometry": {
        "type": "Polygon",
        "coordinates": [
          [
            [
              -82.7347515,
              40.0737807
            ],
            [
              -82.7346899,
              40.073779
            ],
            [
              -82.7346844,
              40.0738949
            ],
            [
              -82.7347942,
              40.0738979
            ],
            [
              -82.7347995,
              40.0737872
            ],
            [
              -82.7347513,
              40.0737859
            ],
            [
              -82.7347515,
              40.0737807
            ]
          ]
        ]
      },
      "properties": {
        "epoch_id": "EPOCH-5b353d56a567a70b",
        "site_name": "Google New Albany",
        "distance_to_site_km": 1.6955,
        "footprint_area_m2_webmercator": 202.32,
        "source_dataset": "Overture Maps buildings",
        "source_url": "https://docs.overturemaps.org/getting-data/",
        "source_release": "2026-09-23.1",
        "source_accessed_on": "2026-09-27",
        "geometry_role": "current building-footprint polygon",
        "linkage_semantics": "Overlap/proximity only; not evidence that the building hosts AI compute."
      }
    },
    {
      "type": "Feature",
      "id": "8f32ee7b-c2b7-4c70-bda1-35ad37ad2f4f",
      "geometry": {
        "type": "Polygon",
        "coordinates": [
          [
            [
              -82.7353054,
              40.0735411
            ],
            [
              -82.7352312,
              40.073535
            ],
            [
              -82.7352295,
              40.0735472
            ],
            [
              -82.7351154,
              40.0735379
            ],
            [
              -82.7350967,
              40.0736718
            ],
            [
              -82.735285,
              40.0736872
            ],
            [
              -82.7353054,
              40.0735411
            ]
          ]
        ]
      },
      "properties": {
        "epoch_id": "EPOCH-5b353d56a567a70b",
        "site_name": "Google New Albany",
        "distance_to_site_km": 1.6512,
        "footprint_area_m2_webmercator": 427.84,
        "source_dataset": "Overture Maps buildings",
        "source_url": "https://docs.overturemaps.org/getting-data/",
        "source_release": "2026-09-23.1",
        "source_accessed_on": "2026-09-27",
        "geometry_role": "current building-footprint polygon",
        "linkage_semantics": "Overlap/proximity only; not evidence that the building hosts AI compute."
      }
    },
    {
      "type": "Feature",
      "id": "ac062ebc-157a-4c8b-bd15-7f9b5b829710",
      "geometry": {
        "type": "Polygon",
        "coordinates": [
          [
            [
              -82.7351234,
              40.0734795
            ],
            [
              -82.7353044,
              40.0734914
            ],
            [
              -82.7353201,
              40.0733508
            ],
            [
              -82.7351391,
              40.0733389
            ],
            [
              -82.7351234,
              40.0734795
            ]
          ]
        ]
      },
      "properties": {
        "epoch_id": "EPOCH-5b353d56a567a70b",
        "site_name": "Google New Albany",
        "distance_to_site_km": 1.6445,
        "footprint_area_m2_webmercator": 415.14,
        "source_dataset": "Overture Maps buildings",
        "source_url": "https://docs.overturemaps.org/getting-data/",
        "source_release": "2026-09-23.1",
        "source_accessed_on": "2026-09-27",
        "geometry_role": "current building-footprint polygon",
        "linkage_semantics": "Overlap/proximity only; not evidence that the building hosts AI compute."
      }
    },
    {
      "type": "Feature",
      "id": "906007be-73c7-4b41-8df3-774015a00feb",
      "geometry": {
        "type": "Polygon",
        "coordinates": [
          [
            [
              -82.7438018,
              40.0738544
            ],
            [
              -82.7438286,
              40.073855
            ],
            [
              -82.7438367,
              40.0736643
            ],
            [
              -82.7437858,
              40.0736631
            ],
            [
              -82.7437837,
              40.0737113
            ],
            [
              -82.7438078,
              40.0737119
            ],
            [
              -82.7438018,
              40.0738544
            ]
          ]
        ]
      },
      "properties": {
        "epoch_id": "EPOCH-5b353d56a567a70b",
        "site_name": "Google New Albany",
        "distance_to_site_km": 0.9623,
        "footprint_area_m2_webmercator": 101.77,
        "source_dataset": "Overture Maps buildings",
        "source_url": "https://docs.overturemaps.org/getting-data/",
        "source_release": "2026-09-23.1",
        "source_accessed_on": "2026-09-27",
        "geometry_role": "current building-footprint polygon",
        "linkage_semantics": "Overlap/proximity only; not evidence that the building hosts AI compute."
      }
    },
    {
      "type": "Feature",
      "id": "73dc1434-abc9-472a-9114-9c85ba2a718a",
      "geometry": {
        "type": "Polygon",
        "coordinates": [
          [
            [
              -82.7349719,
              40.0760467
            ],
            [
              -82.7349076,
              40.0760448
            ],
            [
              -82.7349061,
              40.0760735
            ],
            [
              -82.7349704,
              40.0760754
            ],
            [
              -82.7349719,
              40.0760467
            ]
          ]
        ]
      },
      "properties": {
        "epoch_id": "EPOCH-5b353d56a567a70b",
        "site_name": "Google New Albany",
        "distance_to_site_km": 1.7574,
        "footprint_area_m2_webmercator": 29.93,
        "source_dataset": "Overture Maps buildings",
        "source_url": "https://docs.overturemaps.org/getting-data/",
        "source_release": "2026-09-23.1",
        "source_accessed_on": "2026-09-27",
        "geometry_role": "current building-footprint polygon",
        "linkage_semantics": "Overlap/proximity only; not evidence that the building hosts AI compute."
      }
    },
    {
      "type": "Feature",
      "id": "5da80179-06e4-47ff-b2ab-f272a8f2d61d",
      "geometry": {
        "type": "Polygon",
        "coordinates": [
          [
            [
              -82.7350695,
              40.076105
            ],
            [
              -82.734906,
              40.0761084
            ],
            [
              -82.7349084,
              40.0761752
            ],
            [
              -82.7349421,
              40.0761745
            ],
            [
              -82.7349464,
              40.0762943
            ],
            [
              -82.7350761,
              40.0762916
            ],
            [
              -82.7350695,
              40.076105
            ]
          ]
        ]
      },
      "properties": {
        "epoch_id": "EPOCH-5b353d56a567a70b",
        "site_name": "Google New Albany",
        "distance_to_site_km": 1.7583,
        "footprint_area_m2_webmercator": 428.87,
        "source_dataset": "Overture Maps buildings",
        "source_url": "https://docs.overturemaps.org/getting-data/",
        "source_release": "2026-09-23.1",
        "source_accessed_on": "2026-09-27",
        "geometry_role": "current building-footprint polygon",
        "linkage_semantics": "Overlap/proximity only; not evidence that the building hosts AI compute."
      }
    },
    {
      "type": "Feature",
      "id": "138bd989-9be6-4e60-9246-eb3489f36954",
      "geometry": {
        "type": "Polygon",
        "coordinates": [
          [
            [
              -82.7351154,
              40.0764937
            ],
            [
              -82.73502,
              40.0764955
            ],
            [
              -82.7350223,
              40.0765684
            ],
            [
              -82.7351177,
              40.0765666
            ],
            [
              -82.7351154,
              40.0764937
            ]
          ]
        ]
      },
      "properties": {
        "epoch_id": "EPOCH-5b353d56a567a70b",
        "site_name": "Google New Albany",
        "distance_to_site_km": 1.7679,
        "footprint_area_m2_webmercator": 112.7,
        "source_dataset": "Overture Maps buildings",
        "source_url": "https://docs.overturemaps.org/getting-data/",
        "source_release": "2026-09-23.1",
        "source_accessed_on": "2026-09-27",
        "geometry_role": "current building-footprint polygon",
        "linkage_semantics": "Overlap/proximity only; not evidence that the building hosts AI compute."
      }
    },
    {
      "type": "Feature",
      "id": "0bf7a238-074b-4789-a5ef-fd8568ddaba6",
      "geometry": {
        "type": "Polygon",
        "coordinates": [
          [
            [
              -82.7350109,
              40.0768967
            ],
            [
              -82.735009,
              40.0769787
            ],
            [
              -82.7348712,
              40.0769768
            ],
            [
              -82.7348665,
              40.0771759
            ],
            [
              -82.7349211,
              40.0771766
            ],
            [
              -82.7349225,
              40.0771171
            ],
            [
              -82.7350073,
              40.0771183
            ],
            [
              -82.7350098,
              40.0770107
            ],
            [
              -82.7350592,
              40.0770114
            ],
            [
              -82.73506,
              40.0769753
            ],
            [
              -82.7350815,
              40.0769756
            ],
            [
              -82.7350833,
              40.0768977
            ],
            [
              -82.7350109,
              40.0768967
            ]
          ]
        ]
      },
      "properties": {
        "epoch_id": "EPOCH-5b353d56a567a70b",
        "site_name": "Google New Albany",
        "distance_to_site_km": 1.7998,
        "footprint_area_m2_webmercator": 488.08,
        "source_dataset": "Overture Maps buildings",
        "source_url": "https://docs.overturemaps.org/getting-data/",
        "source_release": "2026-09-23.1",
        "source_accessed_on": "2026-09-27",
        "geometry_role": "current building-footprint polygon",
        "linkage_semantics": "Overlap/proximity only; not evidence that the building hosts AI compute."
      }
    },
    {
      "type": "Feature",
      "id": "231ceb30-cd2f-4cca-9e2b-0b4b97b0a163",
      "geometry": {
        "type": "Polygon",
        "coordinates": [
          [
            [
              -82.7383768,
              40.0781477
            ],
            [
              -82.7400454,
              40.078218
            ],
            [
              -82.740234,
              40.0756
            ],
            [
              -82.7385649,
              40.0755296
            ],
            [
              -82.7383768,
              40.0781477
            ]
          ]
        ]
      },
      "properties": {
        "epoch_id": "EPOCH-5b353d56a567a70b",
        "site_name": "Google New Albany",
        "distance_to_site_km": 1.4656,
        "footprint_area_m2_webmercator": 70972.22,
        "source_dataset": "Overture Maps buildings",
        "source_url": "https://docs.overturemaps.org/getting-data/",
        "source_release": "2026-09-23.1",
        "source_accessed_on": "2026-09-27",
        "geometry_role": "current building-footprint polygon",
        "linkage_semantics": "Overlap/proximity only; not evidence that the building hosts AI compute."
      }
    },
    {
      "type": "Feature",
      "id": "a4132776-b158-48ab-a979-d140c8502e36",
      "geometry": {
        "type": "Polygon",
        "coordinates": [
          [
            [
              -82.7482817,
              40.0751736
            ],
            [
              -82.7476395,
              40.07515
            ],
            [
              -82.747605,
              40.0756988
            ],
            [
              -82.7497256,
              40.0757767
            ],
            [
              -82.7497371,
              40.0755944
            ],
            [
              -82.7499312,
              40.0756016
            ],
            [
              -82.7499367,
              40.0755141
            ],
            [
              -82.7498215,
              40.0754695
            ],
            [
              -82.749825,
              40.0754135
            ],
            [
              -82.7497976,
              40.075455
            ],
            [
              -82.7497421,
              40.075453
            ],
            [
              -82.7497572,
              40.0752114
            ],
            [
              -82.7490451,
              40.0751852
            ],
            [
              -82.7489789,
              40.0752855
            ],
            [
              -82.7488904,
              40.0752078
            ],
            [
              -82.7489132,
              40.0751927
            ],
            [
              -82.7488356,
              40.0751898
            ],
            [
              -82.74878,
              40.075274
            ],
            [
              -82.7488636,
              40.075277
            ],
            [
              -82.7486691,
              40.0754068
            ],
            [
              -82.7485677,
              40.0753177
            ],
            [
              -82.7485648,
              40.0753646
            ],
            [
              -82.7484695,
              40.0753611
            ],
            [
              -82.748384,
              40.075328
            ],
            [
              -82.748428,
              40.0752987
            ],
            [
              -82.7483337,
              40.0752159
            ],
            [
              -82.7483047,
              40.0752352
            ],
            [
              -82.74833,
              40.0752574
            ],
            [
              -82.7482766,
              40.0752555
            ],
            [
              -82.7482817,
              40.0751736
            ]
          ]
        ]
      },
      "properties": {
        "epoch_id": "EPOCH-5b353d56a567a70b",
        "site_name": "Google New Albany",
        "distance_to_site_km": 0.7544,
        "footprint_area_m2_webmercator": 18062.71,
        "source_dataset": "Overture Maps buildings",
        "source_url": "https://docs.overturemaps.org/getting-data/",
        "source_release": "2026-09-23.1",
        "source_accessed_on": "2026-09-27",
        "geometry_role": "current building-footprint polygon",
        "linkage_semantics": "Overlap/proximity only; not evidence that the building hosts AI compute."
      }
    },
    {
      "type": "Feature",
      "id": "cd69b537-c915-4177-b907-be3cf217d803",
      "geometry": {
        "type": "Polygon",
        "coordinates": [
          [
            [
              -82.7624326,
              40.0771334
            ],
            [
              -82.7624064,
              40.0771263
            ],
            [
              -82.762427,
              40.0770818
            ],
            [
              -82.7623731,
              40.0770672
            ],
            [
              -82.7623191,
              40.0771839
            ],
            [
              -82.7623667,
              40.0771968
            ],
            [
              -82.7623608,
              40.0772096
            ],
            [
              -82.7624266,
              40.0772274
            ],
            [
              -82.7624807,
              40.0771107
            ],
            [
              -82.7624473,
              40.0771017
            ],
            [
              -82.7624326,
              40.0771334
            ]
          ]
        ]
      },
      "properties": {
        "epoch_id": "EPOCH-5b353d56a567a70b",
        "site_name": "Google New Albany",
        "distance_to_site_km": 1.0624,
        "footprint_area_m2_webmercator": 227.63,
        "source_dataset": "Overture Maps buildings",
        "source_url": "https://docs.overturemaps.org/getting-data/",
        "source_release": "2026-09-23.1",
        "source_accessed_on": "2026-09-27",
        "geometry_role": "current building-footprint polygon",
        "linkage_semantics": "Overlap/proximity only; not evidence that the building hosts AI compute."
      }
    },
    {
      "type": "Feature",
      "id": "ed49f5ac-2cb8-47b2-9e41-0aa0f99df15f",
      "geometry": {
        "type": "Polygon",
        "coordinates": [
          [
            [
              -82.7623596,
              40.0770529
            ],
            [
              -82.7623214,
              40.0770378
            ],
            [
              -82.7622795,
              40.0771002
            ],
            [
              -82.7623177,
              40.0771153
            ],
            [
              -82.7623596,
              40.0770529
            ]
          ]
        ]
      },
      "properties": {
        "epoch_id": "EPOCH-5b353d56a567a70b",
        "site_name": "Google New Albany",
        "distance_to_site_km": 1.0518,
        "footprint_area_m2_webmercator": 48.85,
        "source_dataset": "Overture Maps buildings",
        "source_url": "https://docs.overturemaps.org/getting-data/",
        "source_release": "2026-09-23.1",
        "source_accessed_on": "2026-09-27",
        "geometry_role": "current building-footprint polygon",
        "linkage_semantics": "Overlap/proximity only; not evidence that the building hosts AI compute."
      }
    },
    {
      "type": "Feature",
      "id": "a7005de3-5fb0-42fe-bc31-1733d678c49e",
      "geometry": {
        "type": "Polygon",
        "coordinates": [
          [
            [
              -82.7632345,
              40.0770105
            ],
            [
              -82.7633111,
              40.0770361
            ],
            [
              -82.7633952,
              40.0768889
            ],
            [
              -82.7633187,
              40.0768633
            ],
            [
              -82.7632345,
              40.0770105
            ]
          ]
        ]
      },
      "properties": {
        "epoch_id": "EPOCH-5b353d56a567a70b",
        "site_name": "Google New Albany",
        "distance_to_site_km": 1.1005,
        "footprint_area_m2_webmercator": 217.37,
        "source_dataset": "Overture Maps buildings",
        "source_url": "https://docs.overturemaps.org/getting-data/",
        "source_release": "2026-09-23.1",
        "source_accessed_on": "2026-09-27",
        "geometry_role": "current building-footprint polygon",
        "linkage_semantics": "Overlap/proximity only; not evidence that the building hosts AI compute."
      }
    },
    {
      "type": "Feature",
      "id": "e9d40f73-7eb6-47db-bb58-6f0e066f070c",
      "geometry": {
        "type": "Polygon",
        "coordinates": [
          [
            [
              -82.7635915,
              40.0755016
            ],
            [
              -82.7635374,
              40.0755701
            ],
            [
              -82.7634554,
              40.0755311
            ],
            [
              -82.7635122,
              40.0754613
            ],
            [
              -82.7632662,
              40.0753403
            ],
            [
              -82.7632087,
              40.0754096
            ],
            [
              -82.763131,
              40.0753724
            ],
            [
              -82.7631864,
              40.0753046
            ],
            [
              -82.7629402,
              40.0751827
            ],
            [
              -82.7628829,
              40.0752529
            ],
            [
              -82.7628041,
              40.0752148
            ],
            [
              -82.762862,
              40.0751459
            ],
            [
              -82.7626137,
              40.075028
            ],
            [
              -82.7620051,
              40.0757626
            ],
            [
              -82.762287,
              40.0758979
            ],
            [
              -82.7619356,
              40.0763321
            ],
            [
              -82.7620937,
              40.0764089
            ],
            [
              -82.7630862,
              40.076891
            ],
            [
              -82.7632268,
              40.0767174
            ],
            [
              -82.7634464,
              40.076822
            ],
            [
              -82.7637131,
              40.0764974
            ],
            [
              -82.7638171,
              40.0765451
            ],
            [
              -82.7639322,
              40.0764077
            ],
            [
              -82.763781,
              40.0763343
            ],
            [
              -82.763994,
              40.0760717
            ],
            [
              -82.7640184,
              40.0760823
            ],
            [
              -82.7642229,
              40.075833
            ],
            [
              -82.7640838,
              40.0757656
            ],
            [
              -82.7640506,
              40.0758056
            ],
            [
              -82.7637892,
              40.0756768
            ],
            [
              -82.7638358,
              40.0756192
            ],
            [
              -82.7635915,
              40.0755016
            ]
          ]
        ]
      },
      "properties": {
        "epoch_id": "EPOCH-5b353d56a567a70b",
        "site_name": "Google New Albany",
        "distance_to_site_km": 1.0096,
        "footprint_area_m2_webmercator": 39232.42,
        "source_dataset": "Overture Maps buildings",
        "source_url": "https://docs.overturemaps.org/getting-data/",
        "source_release": "2026-09-23.1",
        "source_accessed_on": "2026-09-27",
        "geometry_role": "current building-footprint polygon",
        "linkage_semantics": "Overlap/proximity only; not evidence that the building hosts AI compute."
      }
    },
    {
      "type": "Feature",
      "id": "9daaf2a3-4044-48d3-8965-c1464bc566cb",
      "geometry": {
        "type": "Polygon",
        "coordinates": [
          [
            [
              -82.7453167,
              40.075017
            ],
            [
              -82.7453216,
              40.0749125
            ],
            [
              -82.7452639,
              40.0749109
            ],
            [
              -82.745259,
              40.0750154
            ],
            [
              -82.7453167,
              40.075017
            ]
          ]
        ]
      },
      "properties": {
        "epoch_id": "EPOCH-5b353d56a567a70b",
        "site_name": "Google New Albany",
        "distance_to_site_km": 0.9236,
        "footprint_area_m2_webmercator": 97.77,
        "source_dataset": "Overture Maps buildings",
        "source_url": "https://docs.overturemaps.org/getting-data/",
        "source_release": "2026-09-23.1",
        "source_accessed_on": "2026-09-27",
        "geometry_role": "current building-footprint polygon",
        "linkage_semantics": "Overlap/proximity only; not evidence that the building hosts AI compute."
      }
    },
    {
      "type": "Feature",
      "id": "4632de3f-a53e-4ba7-b058-d67547f03e9e",
      "geometry": {
        "type": "Polygon",
        "coordinates": [
          [
            [
              -82.7452766,
              40.0747866
            ],
            [
              -82.7453328,
              40.0747879
            ],
            [
              -82.7453368,
              40.0746874
            ],
            [
              -82.7452805,
              40.0746861
            ],
            [
              -82.7452766,
              40.0747866
            ]
          ]
        ]
      },
      "properties": {
        "epoch_id": "EPOCH-5b353d56a567a70b",
        "site_name": "Google New Albany",
        "distance_to_site_km": 0.9077,
        "footprint_area_m2_webmercator": 91.63,
        "source_dataset": "Overture Maps buildings",
        "source_url": "https://docs.overturemaps.org/getting-data/",
        "source_release": "2026-09-23.1",
        "source_accessed_on": "2026-09-27",
        "geometry_role": "current building-footprint polygon",
        "linkage_semantics": "Overlap/proximity only; not evidence that the building hosts AI compute."
      }
    },
    {
      "type": "Feature",
      "id": "b6bc63eb-ecb4-4886-9fdf-c38d0f726b78",
      "geometry": {
        "type": "Polygon",
        "coordinates": [
          [
            [
              -82.7452896,
              40.0745551
            ],
            [
              -82.7453485,
              40.0745564
            ],
            [
              -82.7453523,
              40.0744559
            ],
            [
              -82.7452933,
              40.0744546
            ],
            [
              -82.7452896,
              40.0745551
            ]
          ]
        ]
      },
      "properties": {
        "epoch_id": "EPOCH-5b353d56a567a70b",
        "site_name": "Google New Albany",
        "distance_to_site_km": 0.8922,
        "footprint_area_m2_webmercator": 96.02,
        "source_dataset": "Overture Maps buildings",
        "source_url": "https://docs.overturemaps.org/getting-data/",
        "source_release": "2026-09-23.1",
        "source_accessed_on": "2026-09-27",
        "geometry_role": "current building-footprint polygon",
        "linkage_semantics": "Overlap/proximity only; not evidence that the building hosts AI compute."
      }
    },
    {
      "type": "Feature",
      "id": "5cd48bec-179e-4ced-a52f-2f4232895f63",
      "geometry": {
        "type": "Polygon",
        "coordinates": [
          [
            [
              -82.7453071,
              40.0743201
            ],
            [
              -82.7453674,
              40.0743214
            ],
            [
              -82.7453717,
              40.0742118
            ],
            [
              -82.7453113,
              40.0742105
            ],
            [
              -82.7453071,
              40.0743201
            ]
          ]
        ]
      },
      "properties": {
        "epoch_id": "EPOCH-5b353d56a567a70b",
        "site_name": "Google New Albany",
        "distance_to_site_km": 0.8764,
        "footprint_area_m2_webmercator": 107.2,
        "source_dataset": "Overture Maps buildings",
        "source_url": "https://docs.overturemaps.org/getting-data/",
        "source_release": "2026-09-23.1",
        "source_accessed_on": "2026-09-27",
        "geometry_role": "current building-footprint polygon",
        "linkage_semantics": "Overlap/proximity only; not evidence that the building hosts AI compute."
      }
    },
    {
      "type": "Feature",
      "id": "724f4aa2-f5fe-4040-a935-f8c6b8bdaf72",
      "geometry": {
        "type": "Polygon",
        "coordinates": [
          [
            [
              -82.7453859,
              40.0739825
            ],
            [
              -82.7453269,
              40.0739811
            ],
            [
              -82.7453227,
              40.0740898
            ],
            [
              -82.7453816,
              40.0740912
            ],
            [
              -82.7453859,
              40.0739825
            ]
          ]
        ]
      },
      "properties": {
        "epoch_id": "EPOCH-5b353d56a567a70b",
        "site_name": "Google New Albany",
        "distance_to_site_km": 0.8619,
        "footprint_area_m2_webmercator": 103.87,
        "source_dataset": "Overture Maps buildings",
        "source_url": "https://docs.overturemaps.org/getting-data/",
        "source_release": "2026-09-23.1",
        "source_accessed_on": "2026-09-27",
        "geometry_role": "current building-footprint polygon",
        "linkage_semantics": "Overlap/proximity only; not evidence that the building hosts AI compute."
      }
    },
    {
      "type": "Feature",
      "id": "9a1f8ba9-da16-4f49-9b0f-37f8bcb2aa55",
      "geometry": {
        "type": "Polygon",
        "coordinates": [
          [
            [
              -82.7507576,
              40.0708985
            ],
            [
              -82.7507727,
              40.0710102
            ],
            [
              -82.7508857,
              40.0710013
            ],
            [
              -82.7508706,
              40.0708896
            ],
            [
              -82.7507576,
              40.0708985
            ]
          ]
        ]
      },
      "properties": {
        "epoch_id": "EPOCH-5b353d56a567a70b",
        "site_name": "Google New Albany",
        "distance_to_site_km": 0.2917,
        "footprint_area_m2_webmercator": 206.57,
        "source_dataset": "Overture Maps buildings",
        "source_url": "https://docs.overturemaps.org/getting-data/",
        "source_release": "2026-09-23.1",
        "source_accessed_on": "2026-09-27",
        "geometry_role": "current building-footprint polygon",
        "linkage_semantics": "Overlap/proximity only; not evidence that the building hosts AI compute."
      }
    },
    {
      "type": "Feature",
      "id": "5b316db6-522c-4859-877d-c73551e4781a",
      "geometry": {
        "type": "Polygon",
        "coordinates": [
          [
            [
              -82.7509928,
              40.0712014
            ],
            [
              -82.7509123,
              40.0712029
            ],
            [
              -82.7509149,
              40.0712829
            ],
            [
              -82.7508908,
              40.0712833
            ],
            [
              -82.7508931,
              40.0713539
            ],
            [
              -82.7509977,
              40.0713519
            ],
            [
              -82.7509928,
              40.0712014
            ]
          ]
        ]
      },
      "properties": {
        "epoch_id": "EPOCH-5b353d56a567a70b",
        "site_name": "Google New Albany",
        "distance_to_site_km": 0.2967,
        "footprint_area_m2_webmercator": 223.9,
        "source_dataset": "Overture Maps buildings",
        "source_url": "https://docs.overturemaps.org/getting-data/",
        "source_release": "2026-09-23.1",
        "source_accessed_on": "2026-09-27",
        "geometry_role": "current building-footprint polygon",
        "linkage_semantics": "Overlap/proximity only; not evidence that the building hosts AI compute."
      }
    },
    {
      "type": "Feature",
      "id": "379ade9d-7c50-4ae7-a3b9-de2bc060c06d",
      "geometry": {
        "type": "Polygon",
        "coordinates": [
          [
            [
              -82.7598804,
              40.0689642
            ],
            [
              -82.7598824,
              40.0689314
            ],
            [
              -82.7597818,
              40.0689278
            ],
            [
              -82.7597797,
              40.0689605
            ],
            [
              -82.7598804,
              40.0689642
            ]
          ]
        ]
      },
      "properties": {
        "epoch_id": "EPOCH-5b353d56a567a70b",
        "site_name": "Google New Albany",
        "distance_to_site_km": 0.5077,
        "footprint_area_m2_webmercator": 53.5,
        "source_dataset": "Overture Maps buildings",
        "source_url": "https://docs.overturemaps.org/getting-data/",
        "source_release": "2026-09-23.1",
        "source_accessed_on": "2026-09-27",
        "geometry_role": "current building-footprint polygon",
        "linkage_semantics": "Overlap/proximity only; not evidence that the building hosts AI compute."
      }
    },
    {
      "type": "Feature",
      "id": "6ec65244-0c27-4dab-ac13-6793778eaae7",
      "geometry": {
        "type": "Polygon",
        "coordinates": [
          [
            [
              -82.75836,
              40.0689055
            ],
            [
              -82.7584537,
              40.0689026
            ],
            [
              -82.758452,
              40.0688718
            ],
            [
              -82.7583583,
              40.0688748
            ],
            [
              -82.75836,
              40.0689055
            ]
          ]
        ]
      },
      "properties": {
        "epoch_id": "EPOCH-5b353d56a567a70b",
        "site_name": "Google New Albany",
        "distance_to_site_km": 0.3932,
        "footprint_area_m2_webmercator": 46.74,
        "source_dataset": "Overture Maps buildings",
        "source_url": "https://docs.overturemaps.org/getting-data/",
        "source_release": "2026-09-23.1",
        "source_accessed_on": "2026-09-27",
        "geometry_role": "current building-footprint polygon",
        "linkage_semantics": "Overlap/proximity only; not evidence that the building hosts AI compute."
      }
    },
    {
      "type": "Feature",
      "id": "b4c900d8-0321-4eba-8294-9f950a9e7bf3",
      "geometry": {
        "type": "Polygon",
        "coordinates": [
          [
            [
              -82.7565143,
              40.068405
            ],
            [
              -82.7565154,
              40.0683813
            ],
            [
              -82.7564592,
              40.0683797
            ],
            [
              -82.7564604,
              40.0683542
            ],
            [
              -82.7564379,
              40.0683536
            ],
            [
              -82.7564355,
              40.0684028
            ],
            [
              -82.7565143,
              40.068405
            ]
          ]
        ]
      },
      "properties": {
        "epoch_id": "EPOCH-5b353d56a567a70b",
        "site_name": "Google New Albany",
        "distance_to_site_km": 0.2774,
        "footprint_area_m2_webmercator": 39.6,
        "source_dataset": "Overture Maps buildings",
        "source_url": "https://docs.overturemaps.org/getting-data/",
        "source_release": "2026-09-23.1",
        "source_accessed_on": "2026-09-27",
        "geometry_role": "current building-footprint polygon",
        "linkage_semantics": "Overlap/proximity only; not evidence that the building hosts AI compute."
      }
    },
    {
      "type": "Feature",
      "id": "0ba9cf14-3405-4104-a673-1c43b7462bc8",
      "geometry": {
        "type": "Polygon",
        "coordinates": [
          [
            [
              -82.750147,
              40.069636
            ],
            [
              -82.7500451,
              40.0696374
            ],
            [
              -82.7500458,
              40.0696641
            ],
            [
              -82.7501343,
              40.0696629
            ],
            [
              -82.7501366,
              40.0697593
            ],
            [
              -82.7501929,
              40.0697585
            ],
            [
              -82.7501906,
              40.0696654
            ],
            [
              -82.7501477,
              40.069666
            ],
            [
              -82.750147,
              40.069636
            ]
          ]
        ]
      },
      "properties": {
        "epoch_id": "EPOCH-5b353d56a567a70b",
        "site_name": "Google New Albany",
        "distance_to_site_km": 0.3344,
        "footprint_area_m2_webmercator": 129.63,
        "source_dataset": "Overture Maps buildings",
        "source_url": "https://docs.overturemaps.org/getting-data/",
        "source_release": "2026-09-23.1",
        "source_accessed_on": "2026-09-27",
        "geometry_role": "current building-footprint polygon",
        "linkage_semantics": "Overlap/proximity only; not evidence that the building hosts AI compute."
      }
    },
    {
      "type": "Feature",
      "id": "5fce858a-f8d1-4e29-bcaf-5c213f1eb4d0",
      "geometry": {
        "type": "Polygon",
        "coordinates": [
          [
            [
              -82.7485527,
              40.0700295
            ],
            [
              -82.7485462,
              40.0698688
            ],
            [
              -82.7484819,
              40.0698703
            ],
            [
              -82.7484884,
              40.070031
            ],
            [
              -82.7485527,
              40.0700295
            ]
          ]
        ]
      },
      "properties": {
        "epoch_id": "EPOCH-5b353d56a567a70b",
        "site_name": "Google New Albany",
        "distance_to_site_km": 0.4702,
        "footprint_area_m2_webmercator": 167.48,
        "source_dataset": "Overture Maps buildings",
        "source_url": "https://docs.overturemaps.org/getting-data/",
        "source_release": "2026-09-23.1",
        "source_accessed_on": "2026-09-27",
        "geometry_role": "current building-footprint polygon",
        "linkage_semantics": "Overlap/proximity only; not evidence that the building hosts AI compute."
      }
    },
    {
      "type": "Feature",
      "id": "44f876fd-6c79-45c4-94f6-f8a7d5b4aa8c",
      "geometry": {
        "type": "Polygon",
        "coordinates": [
          [
            [
              -82.7497125,
              40.0698376
            ],
            [
              -82.7497614,
              40.0698298
            ],
            [
              -82.7497267,
              40.0697019
            ],
            [
              -82.7496779,
              40.0697096
            ],
            [
              -82.7497125,
              40.0698376
            ]
          ]
        ]
      },
      "properties": {
        "epoch_id": "EPOCH-5b353d56a567a70b",
        "site_name": "Google New Albany",
        "distance_to_site_km": 0.3691,
        "footprint_area_m2_webmercator": 105.56,
        "source_dataset": "Overture Maps buildings",
        "source_url": "https://docs.overturemaps.org/getting-data/",
        "source_release": "2026-09-23.1",
        "source_accessed_on": "2026-09-27",
        "geometry_role": "current building-footprint polygon",
        "linkage_semantics": "Overlap/proximity only; not evidence that the building hosts AI compute."
      }
    },
    {
      "type": "Feature",
      "id": "ebabace1-da30-4823-a53a-efc0c65f6298",
      "geometry": {
        "type": "Polygon",
        "coordinates": [
          [
            [
              -82.7495152,
              40.0697325
            ],
            [
              -82.7495186,
              40.0697651
            ],
            [
              -82.7495303,
              40.0697644
            ],
            [
              -82.7495404,
              40.0698603
            ],
            [
              -82.7495804,
              40.0698578
            ],
            [
              -82.7495668,
              40.0697293
            ],
            [
              -82.7495152,
              40.0697325
            ]
          ]
        ]
      },
      "properties": {
        "epoch_id": "EPOCH-5b353d56a567a70b",
        "site_name": "Google New Albany",
        "distance_to_site_km": 0.3832,
        "footprint_area_m2_webmercator": 89.93,
        "source_dataset": "Overture Maps buildings",
        "source_url": "https://docs.overturemaps.org/getting-data/",
        "source_release": "2026-09-23.1",
        "source_accessed_on": "2026-09-27",
        "geometry_role": "current building-footprint polygon",
        "linkage_semantics": "Overlap/proximity only; not evidence that the building hosts AI compute."
      }
    },
    {
      "type": "Feature",
      "id": "1aa1bdd9-2a22-44f7-8538-fd51465f1584",
      "geometry": {
        "type": "Polygon",
        "coordinates": [
          [
            [
              -82.7498054,
              40.0696871
            ],
            [
              -82.7498154,
              40.0698181
            ],
            [
              -82.7498618,
              40.069816
            ],
            [
              -82.7498518,
              40.0696851
            ],
            [
              -82.7498054,
              40.0696871
            ]
          ]
        ]
      },
      "properties": {
        "epoch_id": "EPOCH-5b353d56a567a70b",
        "site_name": "Google New Albany",
        "distance_to_site_km": 0.3597,
        "footprint_area_m2_webmercator": 98.72,
        "source_dataset": "Overture Maps buildings",
        "source_url": "https://docs.overturemaps.org/getting-data/",
        "source_release": "2026-09-23.1",
        "source_accessed_on": "2026-09-27",
        "geometry_role": "current building-footprint polygon",
        "linkage_semantics": "Overlap/proximity only; not evidence that the building hosts AI compute."
      }
    },
    {
      "type": "Feature",
      "id": "b34f0771-b4d2-4fff-8287-f5e09f5fac23",
      "geometry": {
        "type": "Polygon",
        "coordinates": [
          [
            [
              -82.7479329,
              40.0704873
            ],
            [
              -82.7478837,
              40.0704172
            ],
            [
              -82.7477858,
              40.0704574
            ],
            [
              -82.747835,
              40.0705275
            ],
            [
              -82.7479329,
              40.0704873
            ]
          ]
        ]
      },
      "properties": {
        "epoch_id": "EPOCH-5b353d56a567a70b",
        "site_name": "Google New Albany",
        "distance_to_site_km": 0.5282,
        "footprint_area_m2_webmercator": 143.16,
        "source_dataset": "Overture Maps buildings",
        "source_url": "https://docs.overturemaps.org/getting-data/",
        "source_release": "2026-09-23.1",
        "source_accessed_on": "2026-09-27",
        "geometry_role": "current building-footprint polygon",
        "linkage_semantics": "Overlap/proximity only; not evidence that the building hosts AI compute."
      }
    },
    {
      "type": "Feature",
      "id": "c4fafce8-fe15-4568-81c3-da8aa942464a",
      "geometry": {
        "type": "Polygon",
        "coordinates": [
          [
            [
              -82.7484428,
              40.069834
            ],
            [
              -82.7528043,
              40.0692046
            ],
            [
              -82.7526492,
              40.0685749
            ],
            [
              -82.7508858,
              40.0688294
            ],
            [
              -82.750654,
              40.0678886
            ],
            [
              -82.752417,
              40.0676342
            ],
            [
              -82.7522611,
              40.0670013
            ],
            [
              -82.7478219,
              40.0676418
            ],
            [
              -82.7479786,
              40.0682777
            ],
            [
              -82.7498452,
              40.0680083
            ],
            [
              -82.750082,
              40.0689694
            ],
            [
              -82.7482933,
              40.0692275
            ],
            [
              -82.7484428,
              40.069834
            ]
          ]
        ]
      },
      "properties": {
        "epoch_id": "EPOCH-5b353d56a567a70b",
        "site_name": "Google New Albany",
        "distance_to_site_km": 0.3641,
        "footprint_area_m2_webmercator": 105333.89,
        "source_dataset": "Overture Maps buildings",
        "source_url": "https://docs.overturemaps.org/getting-data/",
        "source_release": "2026-09-23.1",
        "source_accessed_on": "2026-09-27",
        "geometry_role": "current building-footprint polygon",
        "linkage_semantics": "Overlap/proximity only; not evidence that the building hosts AI compute."
      }
    },
    {
      "type": "Feature",
      "id": "367c6f79-251e-4059-86c2-bd1e66fd3e4c",
      "geometry": {
        "type": "Polygon",
        "coordinates": [
          [
            [
              -82.7474635,
              40.0685997
            ],
            [
              -82.7473465,
              40.068155
            ],
            [
              -82.7470511,
              40.0682005
            ],
            [
              -82.7471681,
              40.0686452
            ],
            [
              -82.7474635,
              40.0685997
            ]
          ]
        ]
      },
      "properties": {
        "epoch_id": "EPOCH-5b353d56a567a70b",
        "site_name": "Google New Albany",
        "distance_to_site_km": 0.6058,
        "footprint_area_m2_webmercator": 2213.37,
        "source_dataset": "Overture Maps buildings",
        "source_url": "https://docs.overturemaps.org/getting-data/",
        "source_release": "2026-09-23.1",
        "source_accessed_on": "2026-09-27",
        "geometry_role": "current building-footprint polygon",
        "linkage_semantics": "Overlap/proximity only; not evidence that the building hosts AI compute."
      }
    },
    {
      "type": "Feature",
      "id": "69bb5f30-20d9-471c-b783-faed71b4f532",
      "geometry": {
        "type": "Polygon",
        "coordinates": [
          [
            [
              -82.7353966,
              40.0685329
            ],
            [
              -82.7353989,
              40.0684212
            ],
            [
              -82.7351119,
              40.0684177
            ],
            [
              -82.7351096,
              40.0685294
            ],
            [
              -82.7353966,
              40.0685329
            ]
          ]
        ]
      },
      "properties": {
        "epoch_id": "EPOCH-5b353d56a567a70b",
        "site_name": "Google New Albany",
        "distance_to_site_km": 1.6083,
        "footprint_area_m2_webmercator": 519.24,
        "source_dataset": "Overture Maps buildings",
        "source_url": "https://docs.overturemaps.org/getting-data/",
        "source_release": "2026-09-23.1",
        "source_accessed_on": "2026-09-27",
        "geometry_role": "current building-footprint polygon",
        "linkage_semantics": "Overlap/proximity only; not evidence that the building hosts AI compute."
      }
    },
    {
      "type": "Feature",
      "id": "3367cc42-62f6-44e2-870a-ba132ca699b1",
      "geometry": {
        "type": "Polygon",
        "coordinates": [
          [
            [
              -82.7340759,
              40.0721864
            ],
            [
              -82.7342916,
              40.0721904
            ],
            [
              -82.7342977,
              40.0719935
            ],
            [
              -82.7340821,
              40.0719895
            ],
            [
              -82.7340759,
              40.0721864
            ]
          ]
        ]
      },
      "properties": {
        "epoch_id": "EPOCH-5b353d56a567a70b",
        "site_name": "Google New Albany",
        "distance_to_site_km": 1.7047,
        "footprint_area_m2_webmercator": 688.01,
        "source_dataset": "Overture Maps buildings",
        "source_url": "https://docs.overturemaps.org/getting-data/",
        "source_release": "2026-09-23.1",
        "source_accessed_on": "2026-09-27",
        "geometry_role": "current building-footprint polygon",
        "linkage_semantics": "Overlap/proximity only; not evidence that the building hosts AI compute."
      }
    },
    {
      "type": "Feature",
      "id": "c566e5b4-ad8c-4393-a709-c5180f2abd9c",
      "geometry": {
        "type": "Polygon",
        "coordinates": [
          [
            [
              -82.733896,
              40.0719268
            ],
            [
              -82.7341698,
              40.071941
            ],
            [
              -82.7341898,
              40.0717162
            ],
            [
              -82.733848,
              40.0716985
            ],
            [
              -82.7338403,
              40.0717854
            ],
            [
              -82.7339082,
              40.0717889
            ],
            [
              -82.733896,
              40.0719268
            ]
          ]
        ]
      },
      "properties": {
        "epoch_id": "EPOCH-5b353d56a567a70b",
        "site_name": "Google New Albany",
        "distance_to_site_km": 1.7142,
        "footprint_area_m2_webmercator": 1097.45,
        "source_dataset": "Overture Maps buildings",
        "source_url": "https://docs.overturemaps.org/getting-data/",
        "source_release": "2026-09-23.1",
        "source_accessed_on": "2026-09-27",
        "geometry_role": "current building-footprint polygon",
        "linkage_semantics": "Overlap/proximity only; not evidence that the building hosts AI compute."
      }
    },
    {
      "type": "Feature",
      "id": "7ab0348f-7ec8-431d-91e5-c5a14956aafa",
      "geometry": {
        "type": "Polygon",
        "coordinates": [
          [
            [
              -82.7341347,
              40.0713949
            ],
            [
              -82.7341361,
              40.071363
            ],
            [
              -82.7341789,
              40.0713641
            ],
            [
              -82.7341814,
              40.0713078
            ],
            [
              -82.7340501,
              40.0713044
            ],
            [
              -82.7340463,
              40.0713926
            ],
            [
              -82.7341347,
              40.0713949
            ]
          ]
        ]
      },
      "properties": {
        "epoch_id": "EPOCH-5b353d56a567a70b",
        "site_name": "Google New Albany",
        "distance_to_site_km": 1.7023,
        "footprint_area_m2_webmercator": 165.54,
        "source_dataset": "Overture Maps buildings",
        "source_url": "https://docs.overturemaps.org/getting-data/",
        "source_release": "2026-09-23.1",
        "source_accessed_on": "2026-09-27",
        "geometry_role": "current building-footprint polygon",
        "linkage_semantics": "Overlap/proximity only; not evidence that the building hosts AI compute."
      }
    },
    {
      "type": "Feature",
      "id": "3076d203-238c-4111-828c-9a1c234be42e",
      "geometry": {
        "type": "Polygon",
        "coordinates": [
          [
            [
              -82.7342995,
              40.0715615
            ],
            [
              -82.734304,
              40.0714692
            ],
            [
              -82.734237,
              40.0714673
            ],
            [
              -82.7342383,
              40.0714407
            ],
            [
              -82.7341863,
              40.0714392
            ],
            [
              -82.7341805,
              40.0715581
            ],
            [
              -82.7342995,
              40.0715615
            ]
          ]
        ]
      },
      "properties": {
        "epoch_id": "EPOCH-5b353d56a567a70b",
        "site_name": "Google New Albany",
        "distance_to_site_km": 1.6929,
        "footprint_area_m2_webmercator": 200.53,
        "source_dataset": "Overture Maps buildings",
        "source_url": "https://docs.overturemaps.org/getting-data/",
        "source_release": "2026-09-23.1",
        "source_accessed_on": "2026-09-27",
        "geometry_role": "current building-footprint polygon",
        "linkage_semantics": "Overlap/proximity only; not evidence that the building hosts AI compute."
      }
    },
    {
      "type": "Feature",
      "id": "8d277727-dcee-41f5-8e48-741c5c05dc20",
      "geometry": {
        "type": "Polygon",
        "coordinates": [
          [
            [
              -82.7341773,
              40.0712109
            ],
            [
              -82.7341771,
              40.0712182
            ],
            [
              -82.73437,
              40.0712224
            ],
            [
              -82.7343729,
              40.0711454
            ],
            [
              -82.7340486,
              40.0711383
            ],
            [
              -82.734046,
              40.071208
            ],
            [
              -82.7341773,
              40.0712109
            ]
          ]
        ]
      },
      "properties": {
        "epoch_id": "EPOCH-5b353d56a567a70b",
        "site_name": "Google New Albany",
        "distance_to_site_km": 1.6919,
        "footprint_area_m2_webmercator": 389.21,
        "source_dataset": "Overture Maps buildings",
        "source_url": "https://docs.overturemaps.org/getting-data/",
        "source_release": "2026-09-23.1",
        "source_accessed_on": "2026-09-27",
        "geometry_role": "current building-footprint polygon",
        "linkage_semantics": "Overlap/proximity only; not evidence that the building hosts AI compute."
      }
    },
    {
      "type": "Feature",
      "id": "7bf5ec80-225c-49eb-a25f-0a403ce497fa",
      "geometry": {
        "type": "Polygon",
        "coordinates": [
          [
            [
              -82.7696266,
              40.0875479
            ],
            [
              -82.7696205,
              40.087622
            ],
            [
              -82.7697865,
              40.08763
            ],
            [
              -82.7697926,
              40.087556
            ],
            [
              -82.7696266,
              40.0875479
            ]
          ]
        ]
      },
      "properties": {
        "epoch_id": "EPOCH-5b353d56a567a70b",
        "site_name": "Google New Albany",
        "distance_to_site_km": 2.3621,
        "footprint_area_m2_webmercator": 199.9,
        "source_dataset": "Overture Maps buildings",
        "source_url": "https://docs.overturemaps.org/getting-data/",
        "source_release": "2026-09-23.1",
        "source_accessed_on": "2026-09-27",
        "geometry_role": "current building-footprint polygon",
        "linkage_semantics": "Overlap/proximity only; not evidence that the building hosts AI compute."
      }
    },
    {
      "type": "Feature",
      "id": "3da3639b-6077-4ad3-853a-dfb56f902f0a",
      "geometry": {
        "type": "Polygon",
        "coordinates": [
          [
            [
              -82.7733367,
              40.0876617
            ],
            [
              -82.7732971,
              40.0877194
            ],
            [
              -82.773389,
              40.0877566
            ],
            [
              -82.7734286,
              40.0876989
            ],
            [
              -82.7733367,
              40.0876617
            ]
          ]
        ]
      },
      "properties": {
        "epoch_id": "EPOCH-5b353d56a567a70b",
        "site_name": "Google New Albany",
        "distance_to_site_km": 2.5608,
        "footprint_area_m2_webmercator": 109.75,
        "source_dataset": "Overture Maps buildings",
        "source_url": "https://docs.overturemaps.org/getting-data/",
        "source_release": "2026-09-23.1",
        "source_accessed_on": "2026-09-27",
        "geometry_role": "current building-footprint polygon",
        "linkage_semantics": "Overlap/proximity only; not evidence that the building hosts AI compute."
      }
    },
    {
      "type": "Feature",
      "id": "497b7849-b47f-4b70-9e8a-3478df669ad4",
      "geometry": {
        "type": "Polygon",
        "coordinates": [
          [
            [
              -82.7448593,
              40.0915355
            ],
            [
              -82.7460475,
              40.0915909
            ],
            [
              -82.7462122,
              40.0895267
            ],
            [
              -82.7473184,
              40.0895784
            ],
            [
              -82.747329,
              40.0894456
            ],
            [
              -82.747454,
              40.0894515
            ],
            [
              -82.7474873,
              40.0890325
            ],
            [
              -82.7450673,
              40.08892
            ],
            [
              -82.7448593,
              40.0915355
            ]
          ]
        ]
      },
      "properties": {
        "epoch_id": "EPOCH-5b353d56a567a70b",
        "site_name": "Google New Albany",
        "distance_to_site_km": 2.3357,
        "footprint_area_m2_webmercator": 61313.06,
        "source_dataset": "Overture Maps buildings",
        "source_url": "https://docs.overturemaps.org/getting-data/",
        "source_release": "2026-09-23.1",
        "source_accessed_on": "2026-09-27",
        "geometry_role": "current building-footprint polygon",
        "linkage_semantics": "Overlap/proximity only; not evidence that the building hosts AI compute."
      }
    },
    {
      "type": "Feature",
      "id": "1b2a7c9d-ce52-4133-ba7c-d7a2d07d1e4c",
      "geometry": {
        "type": "Polygon",
        "coordinates": [
          [
            [
              -82.7479733,
              40.0902707
            ],
            [
              -82.7492998,
              40.0903318
            ],
            [
              -82.7493543,
              40.0896389
            ],
            [
              -82.7484326,
              40.0895965
            ],
            [
              -82.7484285,
              40.0896479
            ],
            [
              -82.7478312,
              40.0896205
            ],
            [
              -82.7478079,
              40.089918
            ],
            [
              -82.7472184,
              40.0898909
            ],
            [
              -82.7471816,
              40.0903601
            ],
            [
              -82.7479635,
              40.090396
            ],
            [
              -82.7479733,
              40.0902707
            ]
          ]
        ]
      },
      "properties": {
        "epoch_id": "EPOCH-5b353d56a567a70b",
        "site_name": "Google New Albany",
        "distance_to_site_km": 2.2712,
        "footprint_area_m2_webmercator": 21497.45,
        "source_dataset": "Overture Maps buildings",
        "source_url": "https://docs.overturemaps.org/getting-data/",
        "source_release": "2026-09-23.1",
        "source_accessed_on": "2026-09-27",
        "geometry_role": "current building-footprint polygon",
        "linkage_semantics": "Overlap/proximity only; not evidence that the building hosts AI compute."
      }
    },
    {
      "type": "Feature",
      "id": "0c476e2f-d975-44cf-a0e0-23b9d3b43146",
      "geometry": {
        "type": "Polygon",
        "coordinates": [
          [
            [
              -82.7513805,
              40.0915735
            ],
            [
              -82.7524935,
              40.0916197
            ],
            [
              -82.7526284,
              40.0897201
            ],
            [
              -82.751163,
              40.0896592
            ],
            [
              -82.7510608,
              40.0910994
            ],
            [
              -82.7514131,
              40.0911141
            ],
            [
              -82.7513805,
              40.0915735
            ]
          ]
        ]
      },
      "properties": {
        "epoch_id": "EPOCH-5b353d56a567a70b",
        "site_name": "Google New Albany",
        "distance_to_site_km": 2.292,
        "footprint_area_m2_webmercator": 42593.19,
        "source_dataset": "Overture Maps buildings",
        "source_url": "https://docs.overturemaps.org/getting-data/",
        "source_release": "2026-09-23.1",
        "source_accessed_on": "2026-09-27",
        "geometry_role": "current building-footprint polygon",
        "linkage_semantics": "Overlap/proximity only; not evidence that the building hosts AI compute."
      }
    },
    {
      "type": "Feature",
      "id": "029f057d-2460-4603-aa82-b80e8f8a83ee",
      "geometry": {
        "type": "Polygon",
        "coordinates": [
          [
            [
              -82.7539943,
              40.0898259
            ],
            [
              -82.7539961,
              40.0897521
            ],
            [
              -82.7538781,
              40.0897504
            ],
            [
              -82.7538763,
              40.0898242
            ],
            [
              -82.7539943,
              40.0898259
            ]
          ]
        ]
      },
      "properties": {
        "epoch_id": "EPOCH-5b353d56a567a70b",
        "site_name": "Google New Albany",
        "distance_to_site_km": 2.1947,
        "footprint_area_m2_webmercator": 141.11,
        "source_dataset": "Overture Maps buildings",
        "source_url": "https://docs.overturemaps.org/getting-data/",
        "source_release": "2026-09-23.1",
        "source_accessed_on": "2026-09-27",
        "geometry_role": "current building-footprint polygon",
        "linkage_semantics": "Overlap/proximity only; not evidence that the building hosts AI compute."
      }
    },
    {
      "type": "Feature",
      "id": "d8ab36ed-1166-42fe-a5a3-1f7c3a18ef15",
      "geometry": {
        "type": "Polygon",
        "coordinates": [
          [
            [
              -82.755241,
              40.0898891
            ],
            [
              -82.7552434,
              40.0898492
            ],
            [
              -82.7551337,
              40.0898452
            ],
            [
              -82.7551313,
              40.0898852
            ],
            [
              -82.755241,
              40.0898891
            ]
          ]
        ]
      },
      "properties": {
        "epoch_id": "EPOCH-5b353d56a567a70b",
        "site_name": "Google New Albany",
        "distance_to_site_km": 2.2056,
        "footprint_area_m2_webmercator": 71.14,
        "source_dataset": "Overture Maps buildings",
        "source_url": "https://docs.overturemaps.org/getting-data/",
        "source_release": "2026-09-23.1",
        "source_accessed_on": "2026-09-27",
        "geometry_role": "current building-footprint polygon",
        "linkage_semantics": "Overlap/proximity only; not evidence that the building hosts AI compute."
      }
    },
    {
      "type": "Feature",
      "id": "c4d99671-8728-449a-afa7-2d1aac671de0",
      "geometry": {
        "type": "Polygon",
        "coordinates": [
          [
            [
              -82.7549974,
              40.0901065
            ],
            [
              -82.755126,
              40.0901101
            ],
            [
              -82.7551345,
              40.0899328
            ],
            [
              -82.7549643,
              40.089928
            ],
            [
              -82.7549577,
              40.0900664
            ],
            [
              -82.7549992,
              40.0900675
            ],
            [
              -82.7549974,
              40.0901065
            ]
          ]
        ]
      },
      "properties": {
        "epoch_id": "EPOCH-5b353d56a567a70b",
        "site_name": "Google New Albany",
        "distance_to_site_km": 2.2216,
        "footprint_area_m2_webmercator": 463.2,
        "source_dataset": "Overture Maps buildings",
        "source_url": "https://docs.overturemaps.org/getting-data/",
        "source_release": "2026-09-23.1",
        "source_accessed_on": "2026-09-27",
        "geometry_role": "current building-footprint polygon",
        "linkage_semantics": "Overlap/proximity only; not evidence that the building hosts AI compute."
      }
    },
    {
      "type": "Feature",
      "id": "7755983f-5dc6-4dd5-8815-371670b7b4db",
      "geometry": {
        "type": "Polygon",
        "coordinates": [
          [
            [
              -82.7677736,
              40.0911372
            ],
            [
              -82.7683741,
              40.0911699
            ],
            [
              -82.7685727,
              40.0890406
            ],
            [
              -82.7675482,
              40.0889847
            ],
            [
              -82.7675546,
              40.0889994
            ],
            [
              -82.7675417,
              40.0891373
            ],
            [
              -82.7675312,
              40.089113
            ],
            [
              -82.7674992,
              40.0891612
            ],
            [
              -82.767404,
              40.0901831
            ],
            [
              -82.7675866,
              40.0900548
            ],
            [
              -82.7675235,
              40.0899087
            ],
            [
              -82.7675251,
              40.0899062
            ],
            [
              -82.7674856,
              40.0898148
            ],
            [
              -82.7677034,
              40.0896618
            ],
            [
              -82.7677913,
              40.0895294
            ],
            [
              -82.767709,
              40.0895873
            ],
            [
              -82.7677325,
              40.0893353
            ],
            [
              -82.7680778,
              40.0893542
            ],
            [
              -82.7679559,
              40.0895378
            ],
            [
              -82.7679092,
              40.0895707
            ],
            [
              -82.7679811,
              40.0895746
            ],
            [
              -82.7679495,
              40.0899134
            ],
            [
              -82.7683448,
              40.0902429
            ],
            [
              -82.7680164,
              40.090225
            ],
            [
              -82.7681312,
              40.0902696
            ],
            [
              -82.7680457,
              40.0903296
            ],
            [
              -82.768195,
              40.0903875
            ],
            [
              -82.7681677,
              40.0906798
            ],
            [
              -82.7678837,
              40.0908793
            ],
            [
              -82.7680492,
              40.0909436
            ],
            [
              -82.7677736,
              40.0911372
            ]
          ]
        ]
      },
      "properties": {
        "epoch_id": "EPOCH-5b353d56a567a70b",
        "site_name": "Google New Albany",
        "distance_to_site_km": 2.5052,
        "footprint_area_m2_webmercator": 20021.98,
        "source_dataset": "Overture Maps buildings",
        "source_url": "https://docs.overturemaps.org/getting-data/",
        "source_release": "2026-09-23.1",
        "source_accessed_on": "2026-09-27",
        "geometry_role": "current building-footprint polygon",
        "linkage_semantics": "Overlap/proximity only; not evidence that the building hosts AI compute."
      }
    },
    {
      "type": "Feature",
      "id": "a17743d8-7df5-4a9b-b302-7811e8c76ccf",
      "geometry": {
        "type": "Polygon",
        "coordinates": [
          [
            [
              -82.7649683,
              40.0910912
            ],
            [
              -82.7660435,
              40.0911192
            ],
            [
              -82.7661481,
              40.0887754
            ],
            [
              -82.7650723,
              40.0887474
            ],
            [
              -82.7649683,
              40.0910912
            ]
          ]
        ]
      },
      "properties": {
        "epoch_id": "EPOCH-5b353d56a567a70b",
        "site_name": "Google New Albany",
        "distance_to_site_km": 2.4182,
        "footprint_area_m2_webmercator": 40878.52,
        "source_dataset": "Overture Maps buildings",
        "source_url": "https://docs.overturemaps.org/getting-data/",
        "source_release": "2026-09-23.1",
        "source_accessed_on": "2026-09-27",
        "geometry_role": "current building-footprint polygon",
        "linkage_semantics": "Overlap/proximity only; not evidence that the building hosts AI compute."
      }
    },
    {
      "type": "Feature",
      "id": "38d7e21e-cceb-4d83-b6c9-718371f2e259",
      "geometry": {
        "type": "Polygon",
        "coordinates": [
          [
            [
              -82.7580093,
              40.0896952
            ],
            [
              -82.7581664,
              40.0897006
            ],
            [
              -82.758219,
              40.0888085
            ],
            [
              -82.7571885,
              40.0887729
            ],
            [
              -82.7571477,
              40.0894658
            ],
            [
              -82.758021,
              40.0894959
            ],
            [
              -82.7580093,
              40.0896952
            ]
          ]
        ]
      },
      "properties": {
        "epoch_id": "EPOCH-5b353d56a567a70b",
        "site_name": "Google New Albany",
        "distance_to_site_km": 2.1471,
        "footprint_area_m2_webmercator": 12096.56,
        "source_dataset": "Overture Maps buildings",
        "source_url": "https://docs.overturemaps.org/getting-data/",
        "source_release": "2026-09-23.1",
        "source_accessed_on": "2026-09-27",
        "geometry_role": "current building-footprint polygon",
        "linkage_semantics": "Overlap/proximity only; not evidence that the building hosts AI compute."
      }
    },
    {
      "type": "Feature",
      "id": "31791b66-c0af-4f28-94f8-fc25f1adf3dd",
      "geometry": {
        "type": "Polygon",
        "coordinates": [
          [
            [
              -82.7642327,
              40.0879076
            ],
            [
              -82.7641657,
              40.0879058
            ],
            [
              -82.7641568,
              40.0880953
            ],
            [
              -82.7642693,
              40.0880984
            ],
            [
              -82.7642682,
              40.088122
            ],
            [
              -82.7644064,
              40.0881258
            ],
            [
              -82.7644163,
              40.0879157
            ],
            [
              -82.7643868,
              40.0879149
            ],
            [
              -82.7643893,
              40.0878627
            ],
            [
              -82.764235,
              40.0878585
            ],
            [
              -82.7642327,
              40.0879076
            ]
          ]
        ]
      },
      "properties": {
        "epoch_id": "EPOCH-5b353d56a567a70b",
        "site_name": "Google New Albany",
        "distance_to_site_km": 2.1775,
        "footprint_area_m2_webmercator": 945.1,
        "source_dataset": "Overture Maps buildings",
        "source_url": "https://docs.overturemaps.org/getting-data/",
        "source_release": "2026-09-23.1",
        "source_accessed_on": "2026-09-27",
        "geometry_role": "current building-footprint polygon",
        "linkage_semantics": "Overlap/proximity only; not evidence that the building hosts AI compute."
      }
    },
    {
      "type": "Feature",
      "id": "0cb2ece1-b1cf-4382-89b7-2b0bd30fab9d",
      "geometry": {
        "type": "Polygon",
        "coordinates": [
          [
            [
              -82.7649893,
              40.0876381
            ],
            [
              -82.7649117,
              40.0876349
            ],
            [
              -82.7648723,
              40.0881935
            ],
            [
              -82.7654003,
              40.0882153
            ],
            [
              -82.7654154,
              40.0880004
            ],
            [
              -82.7652758,
              40.0879947
            ],
            [
              -82.7652983,
              40.0879646
            ],
            [
              -82.7653092,
              40.0879694
            ],
            [
              -82.7653841,
              40.0879725
            ],
            [
              -82.7654007,
              40.0879797
            ],
            [
              -82.7654799,
              40.0878739
            ],
            [
              -82.7653143,
              40.0878013
            ],
            [
              -82.7653194,
              40.0878015
            ],
            [
              -82.7653236,
              40.0877424
            ],
            [
              -82.7653124,
              40.0877574
            ],
            [
              -82.7652472,
              40.0877288
            ],
            [
              -82.7654062,
              40.0877353
            ],
            [
              -82.7654229,
              40.087498
            ],
            [
              -82.7657716,
              40.0875124
            ],
            [
              -82.7656036,
              40.0874387
            ],
            [
              -82.7656327,
              40.0873999
            ],
            [
              -82.765284,
              40.0873855
            ],
            [
              -82.7652723,
              40.0874012
            ],
            [
              -82.7652569,
              40.0873945
            ],
            [
              -82.7652533,
              40.0874459
            ],
            [
              -82.765187,
              40.0875344
            ],
            [
              -82.7649971,
              40.0875266
            ],
            [
              -82.7649893,
              40.0876381
            ]
          ]
        ]
      },
      "properties": {
        "epoch_id": "EPOCH-5b353d56a567a70b",
        "site_name": "Google New Albany",
        "distance_to_site_km": 2.1922,
        "footprint_area_m2_webmercator": 6201.65,
        "source_dataset": "Overture Maps buildings",
        "source_url": "https://docs.overturemaps.org/getting-data/",
        "source_release": "2026-09-23.1",
        "source_accessed_on": "2026-09-27",
        "geometry_role": "current building-footprint polygon",
        "linkage_semantics": "Overlap/proximity only; not evidence that the building hosts AI compute."
      }
    },
    {
      "type": "Feature",
      "id": "2a923adf-d98b-4406-9ddd-235e983d2948",
      "geometry": {
        "type": "Polygon",
        "coordinates": [
          [
            [
              -82.7666392,
              40.0881863
            ],
            [
              -82.7665388,
              40.0881873
            ],
            [
              -82.7665397,
              40.0882406
            ],
            [
              -82.7666952,
              40.0882392
            ],
            [
              -82.7666953,
              40.0882474
            ],
            [
              -82.7667517,
              40.0882468
            ],
            [
              -82.766752,
              40.0882663
            ],
            [
              -82.7668297,
              40.0882655
            ],
            [
              -82.7668292,
              40.0882286
            ],
            [
              -82.7667954,
              40.0882289
            ],
            [
              -82.7667949,
              40.0882002
            ],
            [
              -82.7666394,
              40.0882017
            ],
            [
              -82.7666392,
              40.0881863
            ]
          ]
        ]
      },
      "properties": {
        "epoch_id": "EPOCH-5b353d56a567a70b",
        "site_name": "Google New Albany",
        "distance_to_site_km": 2.2891,
        "footprint_area_m2_webmercator": 229.87,
        "source_dataset": "Overture Maps buildings",
        "source_url": "https://docs.overturemaps.org/getting-data/",
        "source_release": "2026-09-23.1",
        "source_accessed_on": "2026-09-27",
        "geometry_role": "current building-footprint polygon",
        "linkage_semantics": "Overlap/proximity only; not evidence that the building hosts AI compute."
      }
    },
    {
      "type": "Feature",
      "id": "87b78697-a76b-4039-a4e3-dcebe830e852",
      "geometry": {
        "type": "Polygon",
        "coordinates": [
          [
            [
              -82.7672465,
              40.0882672
            ],
            [
              -82.7672646,
              40.0882952
            ],
            [
              -82.7673142,
              40.0882765
            ],
            [
              -82.7672961,
              40.0882484
            ],
            [
              -82.7672465,
              40.0882672
            ]
          ]
        ]
      },
      "properties": {
        "epoch_id": "EPOCH-5b353d56a567a70b",
        "site_name": "Google New Albany",
        "distance_to_site_km": 2.3181,
        "footprint_area_m2_webmercator": 28.03,
        "source_dataset": "Overture Maps buildings",
        "source_url": "https://docs.overturemaps.org/getting-data/",
        "source_release": "2026-09-23.1",
        "source_accessed_on": "2026-09-27",
        "geometry_role": "current building-footprint polygon",
        "linkage_semantics": "Overlap/proximity only; not evidence that the building hosts AI compute."
      }
    },
    {
      "type": "Feature",
      "id": "73bfb207-b13e-41df-91f7-bcee369b7fbe",
      "geometry": {
        "type": "Polygon",
        "coordinates": [
          [
            [
              -82.7684453,
              40.0879151
            ],
            [
              -82.7684947,
              40.0878859
            ],
            [
              -82.7685263,
              40.0875159
            ],
            [
              -82.7674232,
              40.0874608
            ],
            [
              -82.7674159,
              40.0875466
            ],
            [
              -82.7675922,
              40.0875554
            ],
            [
              -82.7675873,
              40.0876126
            ],
            [
              -82.7675777,
              40.0876121
            ],
            [
              -82.7675717,
              40.0876823
            ],
            [
              -82.7675368,
              40.0877029
            ],
            [
              -82.7677062,
              40.0878709
            ],
            [
              -82.7676112,
              40.0878662
            ],
            [
              -82.7676084,
              40.0878991
            ],
            [
              -82.767654,
              40.0879443
            ],
            [
              -82.767741,
              40.0879486
            ],
            [
              -82.7677345,
              40.0880245
            ],
            [
              -82.7676406,
              40.0880799
            ],
            [
              -82.7679645,
              40.0880961
            ],
            [
              -82.7678668,
              40.0881537
            ],
            [
              -82.7678674,
              40.088146
            ],
            [
              -82.7678729,
              40.0881428
            ],
            [
              -82.7675568,
              40.088127
            ],
            [
              -82.7675424,
              40.0882957
            ],
            [
              -82.767803,
              40.0883087
            ],
            [
              -82.76778,
              40.0882859
            ],
            [
              -82.7678454,
              40.0882473
            ],
            [
              -82.7678403,
              40.0883065
            ],
            [
              -82.768468,
              40.0883379
            ],
            [
              -82.7685014,
              40.0879455
            ],
            [
              -82.7684747,
              40.0879442
            ],
            [
              -82.7684453,
              40.0879151
            ]
          ]
        ]
      },
      "properties": {
        "epoch_id": "EPOCH-5b353d56a567a70b",
        "site_name": "Google New Albany",
        "distance_to_site_km": 2.3137,
        "footprint_area_m2_webmercator": 11771.28,
        "source_dataset": "Overture Maps buildings",
        "source_url": "https://docs.overturemaps.org/getting-data/",
        "source_release": "2026-09-23.1",
        "source_accessed_on": "2026-09-27",
        "geometry_role": "current building-footprint polygon",
        "linkage_semantics": "Overlap/proximity only; not evidence that the building hosts AI compute."
      }
    },
    {
      "type": "Feature",
      "id": "4ea34276-8368-4087-9338-487c1d997ed2",
      "geometry": {
        "type": "Polygon",
        "coordinates": [
          [
            [
              -82.7667254,
              40.0878446
            ],
            [
              -82.7667921,
              40.0878407
            ],
            [
              -82.7667899,
              40.0878182
            ],
            [
              -82.7667232,
              40.0878221
            ],
            [
              -82.7667254,
              40.0878446
            ]
          ]
        ]
      },
      "properties": {
        "epoch_id": "EPOCH-5b353d56a567a70b",
        "site_name": "Google New Albany",
        "distance_to_site_km": 2.2537,
        "footprint_area_m2_webmercator": 24.45,
        "source_dataset": "Overture Maps buildings",
        "source_url": "https://docs.overturemaps.org/getting-data/",
        "source_release": "2026-09-23.1",
        "source_accessed_on": "2026-09-27",
        "geometry_role": "current building-footprint polygon",
        "linkage_semantics": "Overlap/proximity only; not evidence that the building hosts AI compute."
      }
    },
    {
      "type": "Feature",
      "id": "51c54ed8-9505-4f58-8aba-7346a3694d46",
      "geometry": {
        "type": "Polygon",
        "coordinates": [
          [
            [
              -82.767081,
              40.0880574
            ],
            [
              -82.7671629,
              40.0880604
            ],
            [
              -82.767159,
              40.0881209
            ],
            [
              -82.7650292,
              40.0880405
            ],
            [
              -82.7650263,
              40.0880846
            ],
            [
              -82.764815,
              40.0880766
            ],
            [
              -82.7648072,
              40.0881974
            ],
            [
              -82.7684114,
              40.0883332
            ],
            [
              -82.7684644,
              40.0875103
            ],
            [
              -82.7677473,
              40.0874833
            ],
            [
              -82.7677468,
              40.0874909
            ],
            [
              -82.767565,
              40.0875626
            ],
            [
              -82.7676694,
              40.0875665
            ],
            [
              -82.7675997,
              40.0875941
            ],
            [
              -82.7676384,
              40.0876515
            ],
            [
              -82.7674831,
              40.0877128
            ],
            [
              -82.7674603,
              40.0880655
            ],
            [
              -82.7673801,
              40.0880625
            ],
            [
              -82.7673876,
              40.0879449
            ],
            [
              -82.7673518,
              40.0879435
            ],
            [
              -82.7673577,
              40.0878517
            ],
            [
              -82.7673047,
              40.0878726
            ],
            [
              -82.7672818,
              40.0878387
            ],
            [
              -82.7672812,
              40.0878479
            ],
            [
              -82.7671491,
              40.0879001
            ],
            [
              -82.7671405,
              40.0880339
            ],
            [
              -82.767081,
              40.0880574
            ]
          ]
        ]
      },
      "properties": {
        "epoch_id": "EPOCH-5b353d56a567a70b",
        "site_name": "Google New Albany",
        "distance_to_site_km": 2.294,
        "footprint_area_m2_webmercator": 20340.71,
        "source_dataset": "Overture Maps buildings",
        "source_url": "https://docs.overturemaps.org/getting-data/",
        "source_release": "2026-09-23.1",
        "source_accessed_on": "2026-09-27",
        "geometry_role": "current building-footprint polygon",
        "linkage_semantics": "Overlap/proximity only; not evidence that the building hosts AI compute."
      }
    },
    {
      "type": "Feature",
      "id": "1a3b556f-bd53-4385-8612-fd509a60e55a",
      "geometry": {
        "type": "Polygon",
        "coordinates": [
          [
            [
              -82.7663671,
              40.087589
            ],
            [
              -82.7664604,
              40.0875838
            ],
            [
              -82.7665196,
              40.0874837
            ],
            [
              -82.7664377,
              40.0874553
            ],
            [
              -82.7664356,
              40.0874333
            ],
            [
              -82.7663481,
              40.0874382
            ],
            [
              -82.7663201,
              40.0874855
            ],
            [
              -82.7662976,
              40.0874777
            ],
            [
              -82.7662999,
              40.0875012
            ],
            [
              -82.7662619,
              40.0875294
            ],
            [
              -82.7663607,
              40.0876072
            ],
            [
              -82.766336,
              40.087649
            ],
            [
              -82.7663216,
              40.087644
            ],
            [
              -82.7662924,
              40.087621
            ],
            [
              -82.7663268,
              40.0879852
            ],
            [
              -82.7663156,
              40.0879858
            ],
            [
              -82.7663922,
              40.0880462
            ],
            [
              -82.7664056,
              40.0880362
            ],
            [
              -82.7664031,
              40.0880103
            ],
            [
              -82.7664493,
              40.087976
            ],
            [
              -82.7664358,
              40.0878333
            ],
            [
              -82.7664117,
              40.0878143
            ],
            [
              -82.7664579,
              40.0878117
            ],
            [
              -82.7664525,
              40.0877546
            ],
            [
              -82.7665266,
              40.0877505
            ],
            [
              -82.7665843,
              40.0876529
            ],
            [
              -82.7664863,
              40.0876583
            ],
            [
              -82.7664835,
              40.0876282
            ],
            [
              -82.7664448,
              40.0876148
            ],
            [
              -82.7664268,
              40.0876452
            ],
            [
              -82.7663727,
              40.0876482
            ],
            [
              -82.7663671,
              40.087589
            ]
          ]
        ]
      },
      "properties": {
        "epoch_id": "EPOCH-5b353d56a567a70b",
        "site_name": "Google New Albany",
        "distance_to_site_km": 2.2273,
        "footprint_area_m2_webmercator": 1437.44,
        "source_dataset": "Overture Maps buildings",
        "source_url": "https://docs.overturemaps.org/getting-data/",
        "source_release": "2026-09-23.1",
        "source_accessed_on": "2026-09-27",
        "geometry_role": "current building-footprint polygon",
        "linkage_semantics": "Overlap/proximity only; not evidence that the building hosts AI compute."
      }
    },
    {
      "type": "Feature",
      "id": "538f75ec-98b5-4445-9b7b-08c525f810d7",
      "geometry": {
        "type": "Polygon",
        "coordinates": [
          [
            [
              -82.765824,
              40.0875513
            ],
            [
              -82.7658226,
              40.0875226
            ],
            [
              -82.7657154,
              40.0875258
            ],
            [
              -82.7657169,
              40.0875545
            ],
            [
              -82.765824,
              40.0875513
            ]
          ]
        ]
      },
      "properties": {
        "epoch_id": "EPOCH-5b353d56a567a70b",
        "site_name": "Google New Albany",
        "distance_to_site_km": 2.1856,
        "footprint_area_m2_webmercator": 49.89,
        "source_dataset": "Overture Maps buildings",
        "source_url": "https://docs.overturemaps.org/getting-data/",
        "source_release": "2026-09-23.1",
        "source_accessed_on": "2026-09-27",
        "geometry_role": "current building-footprint polygon",
        "linkage_semantics": "Overlap/proximity only; not evidence that the building hosts AI compute."
      }
    },
    {
      "type": "Feature",
      "id": "ed1a08c5-0a2d-4977-b443-a0b1e94458b8",
      "geometry": {
        "type": "Polygon",
        "coordinates": [
          [
            [
              -82.7629652,
              40.0867973
            ],
            [
              -82.7632748,
              40.0868119
            ],
            [
              -82.763294,
              40.0865739
            ],
            [
              -82.7629776,
              40.086559
            ],
            [
              -82.76298,
              40.0865296
            ],
            [
              -82.7626275,
              40.0865126
            ],
            [
              -82.7626252,
              40.0865403
            ],
            [
              -82.7623092,
              40.0865248
            ],
            [
              -82.7622886,
              40.0867707
            ],
            [
              -82.7626072,
              40.0867863
            ],
            [
              -82.7625948,
              40.0869338
            ],
            [
              -82.7624822,
              40.0869283
            ],
            [
              -82.7624487,
              40.0873267
            ],
            [
              -82.76247,
              40.0873278
            ],
            [
              -82.7624559,
              40.0874959
            ],
            [
              -82.7624453,
              40.0874954
            ],
            [
              -82.7624324,
              40.087652
            ],
            [
              -82.7629959,
              40.0876791
            ],
            [
              -82.763009,
              40.0875206
            ],
            [
              -82.7629951,
              40.0875199
            ],
            [
              -82.7630087,
              40.087352
            ],
            [
              -82.7630317,
              40.0873531
            ],
            [
              -82.7630639,
              40.0869516
            ],
            [
              -82.7629532,
              40.0869464
            ],
            [
              -82.7629652,
              40.0867973
            ]
          ]
        ]
      },
      "properties": {
        "epoch_id": "EPOCH-5b353d56a567a70b",
        "site_name": "Google New Albany",
        "distance_to_site_km": 2.0302,
        "footprint_area_m2_webmercator": 11604.45,
        "source_dataset": "Overture Maps buildings",
        "source_url": "https://docs.overturemaps.org/getting-data/",
        "source_release": "2026-09-23.1",
        "source_accessed_on": "2026-09-27",
        "geometry_role": "current building-footprint polygon",
        "linkage_semantics": "Overlap/proximity only; not evidence that the building hosts AI compute."
      }
    },
    {
      "type": "Feature",
      "id": "6f048fed-1538-438c-99e9-88843061343d",
      "geometry": {
        "type": "Polygon",
        "coordinates": [
          [
            [
              -82.7504083,
              40.0884802
            ],
            [
              -82.7512967,
              40.0885141
            ],
            [
              -82.7514829,
              40.0856555
            ],
            [
              -82.7505952,
              40.0856216
            ],
            [
              -82.7504083,
              40.0884802
            ]
          ]
        ]
      },
      "properties": {
        "epoch_id": "EPOCH-5b353d56a567a70b",
        "site_name": "Google New Albany",
        "distance_to_site_km": 1.9105,
        "footprint_area_m2_webmercator": 41220.61,
        "source_dataset": "Overture Maps buildings",
        "source_url": "https://docs.overturemaps.org/getting-data/",
        "source_release": "2026-09-23.1",
        "source_accessed_on": "2026-09-27",
        "geometry_role": "current building-footprint polygon",
        "linkage_semantics": "Overlap/proximity only; not evidence that the building hosts AI compute."
      }
    },
    {
      "type": "Feature",
      "id": "66f1465c-62d1-4ab0-8203-998a430c11c5",
      "geometry": {
        "type": "Polygon",
        "coordinates": [
          [
            [
              -82.7562283,
              40.0896275
            ],
            [
              -82.7568807,
              40.089647
            ],
            [
              -82.7569295,
              40.0886906
            ],
            [
              -82.7548925,
              40.0886297
            ],
            [
              -82.7548443,
              40.0895741
            ],
            [
              -82.7555431,
              40.0895949
            ],
            [
              -82.7555573,
              40.089316
            ],
            [
              -82.7562431,
              40.0893364
            ],
            [
              -82.7562283,
              40.0896275
            ]
          ]
        ]
      },
      "properties": {
        "epoch_id": "EPOCH-5b353d56a567a70b",
        "site_name": "Google New Albany",
        "distance_to_site_km": 2.1237,
        "footprint_area_m2_webmercator": 28230.07,
        "source_dataset": "Overture Maps buildings",
        "source_url": "https://docs.overturemaps.org/getting-data/",
        "source_release": "2026-09-23.1",
        "source_accessed_on": "2026-09-27",
        "geometry_role": "current building-footprint polygon",
        "linkage_semantics": "Overlap/proximity only; not evidence that the building hosts AI compute."
      }
    },
    {
      "type": "Feature",
      "id": "58cc9812-6541-4b6e-8d97-9541b3238c96",
      "geometry": {
        "type": "Polygon",
        "coordinates": [
          [
            [
              -82.7536141,
              40.0897779
            ],
            [
              -82.7536194,
              40.0896735
            ],
            [
              -82.7534185,
              40.0896675
            ],
            [
              -82.7534132,
              40.089772
            ],
            [
              -82.7536141,
              40.0897779
            ]
          ]
        ]
      },
      "properties": {
        "epoch_id": "EPOCH-5b353d56a567a70b",
        "site_name": "Google New Albany",
        "distance_to_site_km": 2.1879,
        "footprint_area_m2_webmercator": 340.41,
        "source_dataset": "Overture Maps buildings",
        "source_url": "https://docs.overturemaps.org/getting-data/",
        "source_release": "2026-09-23.1",
        "source_accessed_on": "2026-09-27",
        "geometry_role": "current building-footprint polygon",
        "linkage_semantics": "Overlap/proximity only; not evidence that the building hosts AI compute."
      }
    },
    {
      "type": "Feature",
      "id": "a2d4566e-bb22-4b4d-bd8f-3931a6f22a0d",
      "geometry": {
        "type": "Polygon",
        "coordinates": [
          [
            [
              -82.7529964,
              40.0888755
            ],
            [
              -82.7531561,
              40.0888288
            ],
            [
              -82.7531206,
              40.0887577
            ],
            [
              -82.7529609,
              40.0888044
            ],
            [
              -82.7529964,
              40.0888755
            ]
          ]
        ]
      },
      "properties": {
        "epoch_id": "EPOCH-5b353d56a567a70b",
        "site_name": "Google New Albany",
        "distance_to_site_km": 2.0883,
        "footprint_area_m2_webmercator": 210.77,
        "source_dataset": "Overture Maps buildings",
        "source_url": "https://docs.overturemaps.org/getting-data/",
        "source_release": "2026-09-23.1",
        "source_accessed_on": "2026-09-27",
        "geometry_role": "current building-footprint polygon",
        "linkage_semantics": "Overlap/proximity only; not evidence that the building hosts AI compute."
      }
    },
    {
      "type": "Feature",
      "id": "16d389c2-45bb-46b2-a778-ea0abf908020",
      "geometry": {
        "type": "Polygon",
        "coordinates": [
          [
            [
              -82.7482277,
              40.0885437
            ],
            [
              -82.7493226,
              40.0885959
            ],
            [
              -82.7495483,
              40.0858217
            ],
            [
              -82.7484535,
              40.0857695
            ],
            [
              -82.7482277,
              40.0885437
            ]
          ]
        ]
      },
      "properties": {
        "epoch_id": "EPOCH-5b353d56a567a70b",
        "site_name": "Google New Albany",
        "distance_to_site_km": 1.9548,
        "footprint_area_m2_webmercator": 49387.6,
        "source_dataset": "Overture Maps buildings",
        "source_url": "https://docs.overturemaps.org/getting-data/",
        "source_release": "2026-09-23.1",
        "source_accessed_on": "2026-09-27",
        "geometry_role": "current building-footprint polygon",
        "linkage_semantics": "Overlap/proximity only; not evidence that the building hosts AI compute."
      }
    },
    {
      "type": "Feature",
      "id": "2d67a56a-f12d-499a-8627-1e36b11bca5c",
      "geometry": {
        "type": "Polygon",
        "coordinates": [
          [
            [
              -82.7453419,
              40.0881924
            ],
            [
              -82.7471794,
              40.088277
            ],
            [
              -82.7473662,
              40.0858993
            ],
            [
              -82.7468184,
              40.0858741
            ],
            [
              -82.7468056,
              40.0860365
            ],
            [
              -82.745516,
              40.0859772
            ],
            [
              -82.7453419,
              40.0881924
            ]
          ]
        ]
      },
      "properties": {
        "epoch_id": "EPOCH-5b353d56a567a70b",
        "site_name": "Google New Albany",
        "distance_to_site_km": 2.0054,
        "footprint_area_m2_webmercator": 67615.22,
        "source_dataset": "Overture Maps buildings",
        "source_url": "https://docs.overturemaps.org/getting-data/",
        "source_release": "2026-09-23.1",
        "source_accessed_on": "2026-09-27",
        "geometry_role": "current building-footprint polygon",
        "linkage_semantics": "Overlap/proximity only; not evidence that the building hosts AI compute."
      }
    },
    {
      "type": "Feature",
      "id": "82b070a8-8ff9-41d1-99ca-abd072964b10",
      "geometry": {
        "type": "Polygon",
        "coordinates": [
          [
            [
              -82.7316101,
              40.0885572
            ],
            [
              -82.7343042,
              40.0887402
            ],
            [
              -82.7344226,
              40.0877217
            ],
            [
              -82.7317285,
              40.0875383
            ],
            [
              -82.7316101,
              40.0885572
            ]
          ]
        ]
      },
      "properties": {
        "epoch_id": "EPOCH-5b353d56a567a70b",
        "site_name": "Google New Albany",
        "distance_to_site_km": 2.6918,
        "footprint_area_m2_webmercator": 44805.25,
        "source_dataset": "Overture Maps buildings",
        "source_url": "https://docs.overturemaps.org/getting-data/",
        "source_release": "2026-09-23.1",
        "source_accessed_on": "2026-09-27",
        "geometry_role": "current building-footprint polygon",
        "linkage_semantics": "Overlap/proximity only; not evidence that the building hosts AI compute."
      }
    },
    {
      "type": "Feature",
      "id": "a59af191-88f9-4fa8-8c2f-614e31af15e9",
      "geometry": {
        "type": "Polygon",
        "coordinates": [
          [
            [
              -82.7423787,
              40.0903974
            ],
            [
              -82.7433813,
              40.0904381
            ],
            [
              -82.7434441,
              40.0895333
            ],
            [
              -82.7424413,
              40.0894926
            ],
            [
              -82.7423787,
              40.0903974
            ]
          ]
        ]
      },
      "properties": {
        "epoch_id": "EPOCH-5b353d56a567a70b",
        "site_name": "Google New Albany",
        "distance_to_site_km": 2.4084,
        "footprint_area_m2_webmercator": 14736.86,
        "source_dataset": "Overture Maps buildings",
        "source_url": "https://docs.overturemaps.org/getting-data/",
        "source_release": "2026-09-23.1",
        "source_accessed_on": "2026-09-27",
        "geometry_role": "current building-footprint polygon",
        "linkage_semantics": "Overlap/proximity only; not evidence that the building hosts AI compute."
      }
    },
    {
      "type": "Feature",
      "id": "ad3415ee-5235-475e-8cc6-332d260c6870",
      "geometry": {
        "type": "Polygon",
        "coordinates": [
          [
            [
              -82.7353253,
              40.0903867
            ],
            [
              -82.7371094,
              40.090458
            ],
            [
              -82.7371582,
              40.0897425
            ],
            [
              -82.735374,
              40.0896713
            ],
            [
              -82.7353253,
              40.0903867
            ]
          ]
        ]
      },
      "properties": {
        "epoch_id": "EPOCH-5b353d56a567a70b",
        "site_name": "Google New Albany",
        "distance_to_site_km": 2.6918,
        "footprint_area_m2_webmercator": 20732.56,
        "source_dataset": "Overture Maps buildings",
        "source_url": "https://docs.overturemaps.org/getting-data/",
        "source_release": "2026-09-23.1",
        "source_accessed_on": "2026-09-27",
        "geometry_role": "current building-footprint polygon",
        "linkage_semantics": "Overlap/proximity only; not evidence that the building hosts AI compute."
      }
    }
  ]
}
