{
  "type": "FeatureCollection",
  "source": {
    "dataset": "Overture Maps buildings",
    "url": "https://docs.overturemaps.org/getting-data/",
    "accessed_on": "2026-09-28",
    "release": "2026-09-23.1",
    "site_epoch_id": "EPOCH-4569f5444951b2fd",
    "site_name": "Crusoe Abilene Expansion",
    "site_latitude": 32.4942321,
    "site_longitude": -99.8009071,
    "search_bbox": [
      -99.8209071,
      32.474232099999995,
      -99.78090710000001,
      32.5142321
    ],
    "filter_radius_km": 3.0,
    "semantics": "Current building polygons are ingested for physical geometry. They are not, by themselves, AI-facility identity evidence or a construction time series."
  },
  "features": [
    {
      "type": "Feature",
      "id": "49dbe16b-04f5-4077-8d2d-c6093e2e3beb",
      "geometry": {
        "type": "Polygon",
        "coordinates": [
          [
            [
              -99.8171906,
              32.4961812
            ],
            [
              -99.8172489,
              32.496174
            ],
            [
              -99.8172119,
              32.4960074
            ],
            [
              -99.8170497,
              32.4960325
            ],
            [
              -99.8171085,
              32.4962693
            ],
            [
              -99.8172052,
              32.4962565
            ],
            [
              -99.8171906,
              32.4961812
            ]
          ]
        ]
      },
      "properties": {
        "epoch_id": "EPOCH-4569f5444951b2fd",
        "site_name": "Crusoe Abilene Expansion",
        "distance_to_site_km": 1.5379,
        "footprint_area_m2_webmercator": 512.21,
        "source_dataset": "Overture Maps buildings",
        "source_url": "https://docs.overturemaps.org/getting-data/",
        "source_release": "2026-09-23.1",
        "source_accessed_on": "2026-09-28",
        "geometry_role": "current building-footprint polygon",
        "linkage_semantics": "Overlap/proximity only; not evidence that the building hosts AI compute."
      }
    },
    {
      "type": "Feature",
      "id": "7545d0d8-5475-41e2-a931-2e6bbe09c7d0",
      "geometry": {
        "type": "Polygon",
        "coordinates": [
          [
            [
              -99.8175112,
              32.4957836
            ],
            [
              -99.8175774,
              32.4957772
            ],
            [
              -99.8175701,
              32.4957236
            ],
            [
              -99.8175039,
              32.49573
            ],
            [
              -99.8175112,
              32.4957836
            ]
          ]
        ]
      },
      "properties": {
        "epoch_id": "EPOCH-4569f5444951b2fd",
        "site_name": "Crusoe Abilene Expansion",
        "distance_to_site_km": 1.5691,
        "footprint_area_m2_webmercator": 52.82,
        "source_dataset": "Overture Maps buildings",
        "source_url": "https://docs.overturemaps.org/getting-data/",
        "source_release": "2026-09-23.1",
        "source_accessed_on": "2026-09-28",
        "geometry_role": "current building-footprint polygon",
        "linkage_semantics": "Overlap/proximity only; not evidence that the building hosts AI compute."
      }
    },
    {
      "type": "Feature",
      "id": "3c7f4e84-de62-4129-9919-5bdcfe605bd8",
      "geometry": {
        "type": "Polygon",
        "coordinates": [
          [
            [
              -99.8200491,
              32.4955975
            ],
            [
              -99.8199955,
              32.4953878
            ],
            [
              -99.8199391,
              32.4953981
            ],
            [
              -99.8199927,
              32.4956078
            ],
            [
              -99.8200491,
              32.4955975
            ]
          ]
        ]
      },
      "properties": {
        "epoch_id": "EPOCH-4569f5444951b2fd",
        "site_name": "Crusoe Abilene Expansion",
        "distance_to_site_km": 1.7956,
        "footprint_area_m2_webmercator": 181.88,
        "source_dataset": "Overture Maps buildings",
        "source_url": "https://docs.overturemaps.org/getting-data/",
        "source_release": "2026-09-23.1",
        "source_accessed_on": "2026-09-28",
        "geometry_role": "current building-footprint polygon",
        "linkage_semantics": "Overlap/proximity only; not evidence that the building hosts AI compute."
      }
    },
    {
      "type": "Feature",
      "id": "aafaddfd-3c46-40c4-99a9-138dcb2a314e",
      "geometry": {
        "type": "Polygon",
        "coordinates": [
          [
            [
              -99.8144267,
              32.4956049
            ],
            [
              -99.8146393,
              32.4955599
            ],
            [
              -99.8146138,
              32.4954734
            ],
            [
              -99.8144718,
              32.4955034
            ],
            [
              -99.8144622,
              32.4954708
            ],
            [
              -99.8143916,
              32.4954857
            ],
            [
              -99.8144267,
              32.4956049
            ]
          ]
        ]
      },
      "properties": {
        "epoch_id": "EPOCH-4569f5444951b2fd",
        "site_name": "Crusoe Abilene Expansion",
        "distance_to_site_km": 1.284,
        "footprint_area_m2_webmercator": 323.09,
        "source_dataset": "Overture Maps buildings",
        "source_url": "https://docs.overturemaps.org/getting-data/",
        "source_release": "2026-09-23.1",
        "source_accessed_on": "2026-09-28",
        "geometry_role": "current building-footprint polygon",
        "linkage_semantics": "Overlap/proximity only; not evidence that the building hosts AI compute."
      }
    },
    {
      "type": "Feature",
      "id": "c8d98fe6-b5d1-4791-a4f6-e440cd4d14bf",
      "geometry": {
        "type": "Polygon",
        "coordinates": [
          [
            [
              -99.8122677,
              32.4958539
            ],
            [
              -99.812246,
              32.4957758
            ],
            [
              -99.8121764,
              32.4957897
            ],
            [
              -99.8121644,
              32.4957462
            ],
            [
              -99.8120861,
              32.4957618
            ],
            [
              -99.8121165,
              32.4958711
            ],
            [
              -99.8121319,
              32.4958681
            ],
            [
              -99.8121494,
              32.495931
            ],
            [
              -99.8122623,
              32.4959085
            ],
            [
              -99.8122482,
              32.4958578
            ],
            [
              -99.8122677,
              32.4958539
            ]
          ]
        ]
      },
      "properties": {
        "epoch_id": "EPOCH-4569f5444951b2fd",
        "site_name": "Crusoe Abilene Expansion",
        "distance_to_site_km": 1.0722,
        "footprint_area_m2_webmercator": 317.58,
        "source_dataset": "Overture Maps buildings",
        "source_url": "https://docs.overturemaps.org/getting-data/",
        "source_release": "2026-09-23.1",
        "source_accessed_on": "2026-09-28",
        "geometry_role": "current building-footprint polygon",
        "linkage_semantics": "Overlap/proximity only; not evidence that the building hosts AI compute."
      }
    },
    {
      "type": "Feature",
      "id": "5616c2dc-df4c-46a9-a5c2-dadb8592729e",
      "geometry": {
        "type": "Polygon",
        "coordinates": [
          [
            [
              -99.8127843,
              32.4959787
            ],
            [
              -99.8126557,
              32.4960013
            ],
            [
              -99.8126431,
              32.4959502
            ],
            [
              -99.8125814,
              32.4959611
            ],
            [
              -99.8126088,
              32.4960716
            ],
            [
              -99.8126743,
              32.4960601
            ],
            [
              -99.8126805,
              32.4960852
            ],
            [
              -99.8128052,
              32.4960633
            ],
            [
              -99.8127843,
              32.4959787
            ]
          ]
        ]
      },
      "properties": {
        "epoch_id": "EPOCH-4569f5444951b2fd",
        "site_name": "Crusoe Abilene Expansion",
        "distance_to_site_km": 1.1229,
        "footprint_area_m2_webmercator": 269.75,
        "source_dataset": "Overture Maps buildings",
        "source_url": "https://docs.overturemaps.org/getting-data/",
        "source_release": "2026-09-23.1",
        "source_accessed_on": "2026-09-28",
        "geometry_role": "current building-footprint polygon",
        "linkage_semantics": "Overlap/proximity only; not evidence that the building hosts AI compute."
      }
    },
    {
      "type": "Feature",
      "id": "56dc0a4b-95bf-4f17-bc95-eca5153a732c",
      "geometry": {
        "type": "Polygon",
        "coordinates": [
          [
            [
              -99.8131769,
              32.4960552
            ],
            [
              -99.8132505,
              32.496314
            ],
            [
              -99.8133232,
              32.4962992
            ],
            [
              -99.8132796,
              32.4961458
            ],
            [
              -99.8132993,
              32.4961418
            ],
            [
              -99.8132693,
              32.4960363
            ],
            [
              -99.8131769,
              32.4960552
            ]
          ]
        ]
      },
      "properties": {
        "epoch_id": "EPOCH-4569f5444951b2fd",
        "site_name": "Crusoe Abilene Expansion",
        "distance_to_site_km": 1.1777,
        "footprint_area_m2_webmercator": 324.84,
        "source_dataset": "Overture Maps buildings",
        "source_url": "https://docs.overturemaps.org/getting-data/",
        "source_release": "2026-09-23.1",
        "source_accessed_on": "2026-09-28",
        "geometry_role": "current building-footprint polygon",
        "linkage_semantics": "Overlap/proximity only; not evidence that the building hosts AI compute."
      }
    },
    {
      "type": "Feature",
      "id": "6a8c1917-3f2a-40bf-af74-d96c49f2aee5",
      "geometry": {
        "type": "Polygon",
        "coordinates": [
          [
            [
              -99.8140511,
              32.4964337
            ],
            [
              -99.8143796,
              32.4963546
            ],
            [
              -99.8143163,
              32.496166
            ],
            [
              -99.8139879,
              32.4962451
            ],
            [
              -99.8140511,
              32.4964337
            ]
          ]
        ]
      },
      "properties": {
        "epoch_id": "EPOCH-4569f5444951b2fd",
        "site_name": "Crusoe Abilene Expansion",
        "distance_to_site_km": 1.2662,
        "footprint_area_m2_webmercator": 983.64,
        "source_dataset": "Overture Maps buildings",
        "source_url": "https://docs.overturemaps.org/getting-data/",
        "source_release": "2026-09-23.1",
        "source_accessed_on": "2026-09-28",
        "geometry_role": "current building-footprint polygon",
        "linkage_semantics": "Overlap/proximity only; not evidence that the building hosts AI compute."
      }
    },
    {
      "type": "Feature",
      "id": "bea2210c-bd3a-47db-a787-de2b597f7e71",
      "geometry": {
        "type": "Polygon",
        "coordinates": [
          [
            [
              -99.8136971,
              32.496625
            ],
            [
              -99.8137146,
              32.4966774
            ],
            [
              -99.8139208,
              32.4966283
            ],
            [
              -99.8137996,
              32.4962658
            ],
            [
              -99.8136108,
              32.4963108
            ],
            [
              -99.8136647,
              32.4964721
            ],
            [
              -99.8136424,
              32.4964774
            ],
            [
              -99.8136627,
              32.4965382
            ],
            [
              -99.813613,
              32.49655
            ],
            [
              -99.8136424,
              32.496638
            ],
            [
              -99.8136971,
              32.496625
            ]
          ]
        ]
      },
      "properties": {
        "epoch_id": "EPOCH-4569f5444951b2fd",
        "site_name": "Crusoe Abilene Expansion",
        "distance_to_site_km": 1.2306,
        "footprint_area_m2_webmercator": 1222.21,
        "source_dataset": "Overture Maps buildings",
        "source_url": "https://docs.overturemaps.org/getting-data/",
        "source_release": "2026-09-23.1",
        "source_accessed_on": "2026-09-28",
        "geometry_role": "current building-footprint polygon",
        "linkage_semantics": "Overlap/proximity only; not evidence that the building hosts AI compute."
      }
    },
    {
      "type": "Feature",
      "id": "db745ba6-da4e-4f8c-ab58-b584d43c49c3",
      "geometry": {
        "type": "Polygon",
        "coordinates": [
          [
            [
              -99.8132748,
              32.4965055
            ],
            [
              -99.8133743,
              32.496484
            ],
            [
              -99.8133331,
              32.4963481
            ],
            [
              -99.8132336,
              32.4963696
            ],
            [
              -99.8132748,
              32.4965055
            ]
          ]
        ]
      },
      "properties": {
        "epoch_id": "EPOCH-4569f5444951b2fd",
        "site_name": "Crusoe Abilene Expansion",
        "distance_to_site_km": 1.188,
        "footprint_area_m2_webmercator": 211.69,
        "source_dataset": "Overture Maps buildings",
        "source_url": "https://docs.overturemaps.org/getting-data/",
        "source_release": "2026-09-23.1",
        "source_accessed_on": "2026-09-28",
        "geometry_role": "current building-footprint polygon",
        "linkage_semantics": "Overlap/proximity only; not evidence that the building hosts AI compute."
      }
    },
    {
      "type": "Feature",
      "id": "7bfbdf28-b9b7-45dd-9660-494c6b181404",
      "geometry": {
        "type": "Polygon",
        "coordinates": [
          [
            [
              -99.8116525,
              32.4963692
            ],
            [
              -99.8116293,
              32.4962713
            ],
            [
              -99.8113907,
              32.4963115
            ],
            [
              -99.8114139,
              32.4964094
            ],
            [
              -99.8116525,
              32.4963692
            ]
          ]
        ]
      },
      "properties": {
        "epoch_id": "EPOCH-4569f5444951b2fd",
        "site_name": "Crusoe Abilene Expansion",
        "distance_to_site_km": 1.0227,
        "footprint_area_m2_webmercator": 356.9,
        "source_dataset": "Overture Maps buildings",
        "source_url": "https://docs.overturemaps.org/getting-data/",
        "source_release": "2026-09-23.1",
        "source_accessed_on": "2026-09-28",
        "geometry_role": "current building-footprint polygon",
        "linkage_semantics": "Overlap/proximity only; not evidence that the building hosts AI compute."
      }
    },
    {
      "type": "Feature",
      "id": "dcca96ad-7ba9-4a1a-859a-b9a2fa6c9832",
      "geometry": {
        "type": "Polygon",
        "coordinates": [
          [
            [
              -99.8068504,
              32.496417
            ],
            [
              -99.8070185,
              32.4963954
            ],
            [
              -99.8070034,
              32.4963108
            ],
            [
              -99.8069953,
              32.4963119
            ],
            [
              -99.8069833,
              32.4962447
            ],
            [
              -99.8068433,
              32.4962627
            ],
            [
              -99.8068536,
              32.4963198
            ],
            [
              -99.8068335,
              32.4963224
            ],
            [
              -99.8068504,
              32.496417
            ]
          ]
        ]
      },
      "properties": {
        "epoch_id": "EPOCH-4569f5444951b2fd",
        "site_name": "Crusoe Abilene Expansion",
        "distance_to_site_km": 0.6107,
        "footprint_area_m2_webmercator": 357.98,
        "source_dataset": "Overture Maps buildings",
        "source_url": "https://docs.overturemaps.org/getting-data/",
        "source_release": "2026-09-23.1",
        "source_accessed_on": "2026-09-28",
        "geometry_role": "current building-footprint polygon",
        "linkage_semantics": "Overlap/proximity only; not evidence that the building hosts AI compute."
      }
    },
    {
      "type": "Feature",
      "id": "735c1e8f-09ef-421d-9e29-7d6af00640dd",
      "geometry": {
        "type": "Polygon",
        "coordinates": [
          [
            [
              -99.806268,
              32.4963521
            ],
            [
              -99.8062822,
              32.4963915
            ],
            [
              -99.8063558,
              32.4963726
            ],
            [
              -99.8063416,
              32.4963332
            ],
            [
              -99.806268,
              32.4963521
            ]
          ]
        ]
      },
      "properties": {
        "epoch_id": "EPOCH-4569f5444951b2fd",
        "site_name": "Crusoe Abilene Expansion",
        "distance_to_site_km": 0.5595,
        "footprint_area_m2_webmercator": 46.55,
        "source_dataset": "Overture Maps buildings",
        "source_url": "https://docs.overturemaps.org/getting-data/",
        "source_release": "2026-09-23.1",
        "source_accessed_on": "2026-09-28",
        "geometry_role": "current building-footprint polygon",
        "linkage_semantics": "Overlap/proximity only; not evidence that the building hosts AI compute."
      }
    },
    {
      "type": "Feature",
      "id": "f9e4a98c-70a5-4e1a-815b-37c748ecbe15",
      "geometry": {
        "type": "Polygon",
        "coordinates": [
          [
            [
              -99.8088137,
              32.4963873
            ],
            [
              -99.8088578,
              32.4965183
            ],
            [
              -99.8089794,
              32.4964892
            ],
            [
              -99.8089353,
              32.4963581
            ],
            [
              -99.8088137,
              32.4963873
            ]
          ]
        ]
      },
      "properties": {
        "epoch_id": "EPOCH-4569f5444951b2fd",
        "site_name": "Crusoe Abilene Expansion",
        "distance_to_site_km": 0.7884,
        "footprint_area_m2_webmercator": 253.02,
        "source_dataset": "Overture Maps buildings",
        "source_url": "https://docs.overturemaps.org/getting-data/",
        "source_release": "2026-09-23.1",
        "source_accessed_on": "2026-09-28",
        "geometry_role": "current building-footprint polygon",
        "linkage_semantics": "Overlap/proximity only; not evidence that the building hosts AI compute."
      }
    },
    {
      "type": "Feature",
      "id": "b4f42e26-06ab-47ff-bf10-93e348dcc9bc",
      "geometry": {
        "type": "Polygon",
        "coordinates": [
          [
            [
              -99.8110134,
              32.4968416
            ],
            [
              -99.8111298,
              32.49683
            ],
            [
              -99.8111145,
              32.4967207
            ],
            [
              -99.8109981,
              32.4967322
            ],
            [
              -99.8110134,
              32.4968416
            ]
          ]
        ]
      },
      "properties": {
        "epoch_id": "EPOCH-4569f5444951b2fd",
        "site_name": "Crusoe Abilene Expansion",
        "distance_to_site_km": 0.9938,
        "footprint_area_m2_webmercator": 189.61,
        "source_dataset": "Overture Maps buildings",
        "source_url": "https://docs.overturemaps.org/getting-data/",
        "source_release": "2026-09-23.1",
        "source_accessed_on": "2026-09-28",
        "geometry_role": "current building-footprint polygon",
        "linkage_semantics": "Overlap/proximity only; not evidence that the building hosts AI compute."
      }
    },
    {
      "type": "Feature",
      "id": "dfc86d23-6171-4cd7-890d-b3e11fe7b308",
      "geometry": {
        "type": "Polygon",
        "coordinates": [
          [
            [
              -99.8127917,
              32.4965518
            ],
            [
              -99.8126795,
              32.4965707
            ],
            [
              -99.8127033,
              32.4966707
            ],
            [
              -99.8128154,
              32.4966518
            ],
            [
              -99.8127917,
              32.4965518
            ]
          ]
        ]
      },
      "properties": {
        "epoch_id": "EPOCH-4569f5444951b2fd",
        "site_name": "Crusoe Abilene Expansion",
        "distance_to_site_km": 1.1415,
        "footprint_area_m2_webmercator": 171.37,
        "source_dataset": "Overture Maps buildings",
        "source_url": "https://docs.overturemaps.org/getting-data/",
        "source_release": "2026-09-23.1",
        "source_accessed_on": "2026-09-28",
        "geometry_role": "current building-footprint polygon",
        "linkage_semantics": "Overlap/proximity only; not evidence that the building hosts AI compute."
      }
    },
    {
      "type": "Feature",
      "id": "cd020a4c-4208-4bee-9d43-d1c8892a4976",
      "geometry": {
        "type": "Polygon",
        "coordinates": [
          [
            [
              -99.8129179,
              32.4965716
            ],
            [
              -99.8129285,
              32.4966079
            ],
            [
              -99.8131105,
              32.4965699
            ],
            [
              -99.8130998,
              32.4965336
            ],
            [
              -99.8129179,
              32.4965716
            ]
          ]
        ]
      },
      "properties": {
        "epoch_id": "EPOCH-4569f5444951b2fd",
        "site_name": "Crusoe Abilene Expansion",
        "distance_to_site_km": 1.1649,
        "footprint_area_m2_webmercator": 102.99,
        "source_dataset": "Overture Maps buildings",
        "source_url": "https://docs.overturemaps.org/getting-data/",
        "source_release": "2026-09-23.1",
        "source_accessed_on": "2026-09-28",
        "geometry_role": "current building-footprint polygon",
        "linkage_semantics": "Overlap/proximity only; not evidence that the building hosts AI compute."
      }
    },
    {
      "type": "Feature",
      "id": "db8290aa-32a5-4ff0-aeb7-8536928c5c64",
      "geometry": {
        "type": "Polygon",
        "coordinates": [
          [
            [
              -99.813335,
              32.4968348
            ],
            [
              -99.8134381,
              32.4968242
            ],
            [
              -99.8134182,
              32.496687
            ],
            [
              -99.8133151,
              32.4966976
            ],
            [
              -99.813335,
              32.4968348
            ]
          ]
        ]
      },
      "properties": {
        "epoch_id": "EPOCH-4569f5444951b2fd",
        "site_name": "Crusoe Abilene Expansion",
        "distance_to_site_km": 1.2028,
        "footprint_area_m2_webmercator": 210.93,
        "source_dataset": "Overture Maps buildings",
        "source_url": "https://docs.overturemaps.org/getting-data/",
        "source_release": "2026-09-23.1",
        "source_accessed_on": "2026-09-28",
        "geometry_role": "current building-footprint polygon",
        "linkage_semantics": "Overlap/proximity only; not evidence that the building hosts AI compute."
      }
    },
    {
      "type": "Feature",
      "id": "b49dfa18-dbca-43fa-838f-4faf6c6e1746",
      "geometry": {
        "type": "Polygon",
        "coordinates": [
          [
            [
              -99.8134426,
              32.4968159
            ],
            [
              -99.8134933,
              32.4968131
            ],
            [
              -99.8134886,
              32.4967522
            ],
            [
              -99.8134379,
              32.496755
            ],
            [
              -99.8134426,
              32.4968159
            ]
          ]
        ]
      },
      "properties": {
        "epoch_id": "EPOCH-4569f5444951b2fd",
        "site_name": "Crusoe Abilene Expansion",
        "distance_to_site_km": 1.2115,
        "footprint_area_m2_webmercator": 45.56,
        "source_dataset": "Overture Maps buildings",
        "source_url": "https://docs.overturemaps.org/getting-data/",
        "source_release": "2026-09-23.1",
        "source_accessed_on": "2026-09-28",
        "geometry_role": "current building-footprint polygon",
        "linkage_semantics": "Overlap/proximity only; not evidence that the building hosts AI compute."
      }
    },
    {
      "type": "Feature",
      "id": "72f44d34-f2d6-40f0-b7d3-9530e3f61910",
      "geometry": {
        "type": "Polygon",
        "coordinates": [
          [
            [
              -99.8143471,
              32.4967213
            ],
            [
              -99.8142807,
              32.4966871
            ],
            [
              -99.8141745,
              32.4968337
            ],
            [
              -99.8143639,
              32.4969313
            ],
            [
              -99.8144527,
              32.4968087
            ],
            [
              -99.8143297,
              32.4967453
            ],
            [
              -99.8143471,
              32.4967213
            ]
          ]
        ]
      },
      "properties": {
        "epoch_id": "EPOCH-4569f5444951b2fd",
        "site_name": "Crusoe Abilene Expansion",
        "distance_to_site_km": 1.2897,
        "footprint_area_m2_webmercator": 500.67,
        "source_dataset": "Overture Maps buildings",
        "source_url": "https://docs.overturemaps.org/getting-data/",
        "source_release": "2026-09-23.1",
        "source_accessed_on": "2026-09-28",
        "geometry_role": "current building-footprint polygon",
        "linkage_semantics": "Overlap/proximity only; not evidence that the building hosts AI compute."
      }
    },
    {
      "type": "Feature",
      "id": "b967ca1f-6a72-475e-bfe3-f42fc4029c6a",
      "geometry": {
        "type": "Polygon",
        "coordinates": [
          [
            [
              -99.8172286,
              32.4964146
            ],
            [
              -99.8172371,
              32.4964622
            ],
            [
              -99.8175859,
              32.496418
            ],
            [
              -99.8175747,
              32.4963549
            ],
            [
              -99.8175065,
              32.4963635
            ],
            [
              -99.8174974,
              32.4963126
            ],
            [
              -99.8173361,
              32.4963331
            ],
            [
              -99.8173479,
              32.4963995
            ],
            [
              -99.8172286,
              32.4964146
            ]
          ]
        ]
      },
      "properties": {
        "epoch_id": "EPOCH-4569f5444951b2fd",
        "site_name": "Crusoe Abilene Expansion",
        "distance_to_site_km": 1.567,
        "footprint_area_m2_webmercator": 426.33,
        "source_dataset": "Overture Maps buildings",
        "source_url": "https://docs.overturemaps.org/getting-data/",
        "source_release": "2026-09-23.1",
        "source_accessed_on": "2026-09-28",
        "geometry_role": "current building-footprint polygon",
        "linkage_semantics": "Overlap/proximity only; not evidence that the building hosts AI compute."
      }
    },
    {
      "type": "Feature",
      "id": "4ffecf55-855c-489f-9a12-a292774fc86f",
      "geometry": {
        "type": "Polygon",
        "coordinates": [
          [
            [
              -99.8176171,
              32.4962485
            ],
            [
              -99.8175955,
              32.4961291
            ],
            [
              -99.8174396,
              32.4961492
            ],
            [
              -99.817454,
              32.4962288
            ],
            [
              -99.8175051,
              32.4962222
            ],
            [
              -99.8175123,
              32.496262
            ],
            [
              -99.8176171,
              32.4962485
            ]
          ]
        ]
      },
      "properties": {
        "epoch_id": "EPOCH-4569f5444951b2fd",
        "site_name": "Crusoe Abilene Expansion",
        "distance_to_site_km": 1.5745,
        "footprint_area_m2_webmercator": 249.28,
        "source_dataset": "Overture Maps buildings",
        "source_url": "https://docs.overturemaps.org/getting-data/",
        "source_release": "2026-09-23.1",
        "source_accessed_on": "2026-09-28",
        "geometry_role": "current building-footprint polygon",
        "linkage_semantics": "Overlap/proximity only; not evidence that the building hosts AI compute."
      }
    },
    {
      "type": "Feature",
      "id": "fe863c96-e1fb-420f-b21c-a4295f6e111d",
      "geometry": {
        "type": "Polygon",
        "coordinates": [
          [
            [
              -99.8170296,
              32.4968984
            ],
            [
              -99.817076,
              32.4970644
            ],
            [
              -99.8173961,
              32.4970007
            ],
            [
              -99.8173497,
              32.4968347
            ],
            [
              -99.8170296,
              32.4968984
            ]
          ]
        ]
      },
      "properties": {
        "epoch_id": "EPOCH-4569f5444951b2fd",
        "site_name": "Crusoe Abilene Expansion",
        "distance_to_site_km": 1.5588,
        "footprint_area_m2_webmercator": 824.14,
        "source_dataset": "Overture Maps buildings",
        "source_url": "https://docs.overturemaps.org/getting-data/",
        "source_release": "2026-09-23.1",
        "source_accessed_on": "2026-09-28",
        "geometry_role": "current building-footprint polygon",
        "linkage_semantics": "Overlap/proximity only; not evidence that the building hosts AI compute."
      }
    },
    {
      "type": "Feature",
      "id": "94c71bd0-6340-416e-8535-aaa4c30495f8",
      "geometry": {
        "type": "Polygon",
        "coordinates": [
          [
            [
              -99.8136036,
              32.4969114
            ],
            [
              -99.8136343,
              32.4969937
            ],
            [
              -99.8138174,
              32.4969452
            ],
            [
              -99.8137859,
              32.4968608
            ],
            [
              -99.8137396,
              32.4968731
            ],
            [
              -99.8137334,
              32.4968566
            ],
            [
              -99.8136773,
              32.4968715
            ],
            [
              -99.8136842,
              32.49689
            ],
            [
              -99.8136036,
              32.4969114
            ]
          ]
        ]
      },
      "properties": {
        "epoch_id": "EPOCH-4569f5444951b2fd",
        "site_name": "Crusoe Abilene Expansion",
        "distance_to_site_km": 1.2375,
        "footprint_area_m2_webmercator": 261.69,
        "source_dataset": "Overture Maps buildings",
        "source_url": "https://docs.overturemaps.org/getting-data/",
        "source_release": "2026-09-23.1",
        "source_accessed_on": "2026-09-28",
        "geometry_role": "current building-footprint polygon",
        "linkage_semantics": "Overlap/proximity only; not evidence that the building hosts AI compute."
      }
    },
    {
      "type": "Feature",
      "id": "0620353d-7938-4079-842e-3c8cb47f6d6d",
      "geometry": {
        "type": "Polygon",
        "coordinates": [
          [
            [
              -99.8135923,
              32.4969617
            ],
            [
              -99.8135956,
              32.4969794
            ],
            [
              -99.8135642,
              32.4969836
            ],
            [
              -99.8135683,
              32.4970056
            ],
            [
              -99.8136207,
              32.4969987
            ],
            [
              -99.8136066,
              32.4969236
            ],
            [
              -99.8135438,
              32.496932
            ],
            [
              -99.8135504,
              32.4969673
            ],
            [
              -99.8135923,
              32.4969617
            ]
          ]
        ]
      },
      "properties": {
        "epoch_id": "EPOCH-4569f5444951b2fd",
        "site_name": "Crusoe Abilene Expansion",
        "distance_to_site_km": 1.2272,
        "footprint_area_m2_webmercator": 56.37,
        "source_dataset": "Overture Maps buildings",
        "source_url": "https://docs.overturemaps.org/getting-data/",
        "source_release": "2026-09-23.1",
        "source_accessed_on": "2026-09-28",
        "geometry_role": "current building-footprint polygon",
        "linkage_semantics": "Overlap/proximity only; not evidence that the building hosts AI compute."
      }
    },
    {
      "type": "Feature",
      "id": "006ade56-db5b-490e-b5c4-ba2ae7eadd9e",
      "geometry": {
        "type": "Polygon",
        "coordinates": [
          [
            [
              -99.8071936,
              32.4973217
            ],
            [
              -99.8072869,
              32.4973046
            ],
            [
              -99.8072472,
              32.4971484
            ],
            [
              -99.8071539,
              32.4971655
            ],
            [
              -99.8071936,
              32.4973217
            ]
          ]
        ]
      },
      "properties": {
        "epoch_id": "EPOCH-4569f5444951b2fd",
        "site_name": "Crusoe Abilene Expansion",
        "distance_to_site_km": 0.6798,
        "footprint_area_m2_webmercator": 224.1,
        "source_dataset": "Overture Maps buildings",
        "source_url": "https://docs.overturemaps.org/getting-data/",
        "source_release": "2026-09-23.1",
        "source_accessed_on": "2026-09-28",
        "geometry_role": "current building-footprint polygon",
        "linkage_semantics": "Overlap/proximity only; not evidence that the building hosts AI compute."
      }
    },
    {
      "type": "Feature",
      "id": "30a19846-0958-4d65-8078-d542c4740344",
      "geometry": {
        "type": "Polygon",
        "coordinates": [
          [
            [
              -99.8115998,
              32.4971188
            ],
            [
              -99.8115864,
              32.4970645
            ],
            [
              -99.8114085,
              32.4970959
            ],
            [
              -99.8114236,
              32.4971574
            ],
            [
              -99.8114781,
              32.4971478
            ],
            [
              -99.8115022,
              32.4972457
            ],
            [
              -99.8114418,
              32.4972564
            ],
            [
              -99.8114529,
              32.4973014
            ],
            [
              -99.8116134,
              32.497273
            ],
            [
              -99.8115764,
              32.4971229
            ],
            [
              -99.8115998,
              32.4971188
            ]
          ]
        ]
      },
      "properties": {
        "epoch_id": "EPOCH-4569f5444951b2fd",
        "site_name": "Crusoe Abilene Expansion",
        "distance_to_site_km": 1.0481,
        "footprint_area_m2_webmercator": 426.19,
        "source_dataset": "Overture Maps buildings",
        "source_url": "https://docs.overturemaps.org/getting-data/",
        "source_release": "2026-09-23.1",
        "source_accessed_on": "2026-09-28",
        "geometry_role": "current building-footprint polygon",
        "linkage_semantics": "Overlap/proximity only; not evidence that the building hosts AI compute."
      }
    },
    {
      "type": "Feature",
      "id": "61551d54-f29f-4d78-a582-f87144b9c4ca",
      "geometry": {
        "type": "Polygon",
        "coordinates": [
          [
            [
              -99.8094467,
              32.497429
            ],
            [
              -99.8095086,
              32.4976106
            ],
            [
              -99.8096549,
              32.4975797
            ],
            [
              -99.8096475,
              32.4975395
            ],
            [
              -99.8096645,
              32.4975252
            ],
            [
              -99.8096889,
              32.497546
            ],
            [
              -99.809752,
              32.497493
            ],
            [
              -99.8096702,
              32.497423
            ],
            [
              -99.80964,
              32.4974511
            ],
            [
              -99.8096199,
              32.4974357
            ],
            [
              -99.8095678,
              32.4974841
            ],
            [
              -99.8095552,
              32.4974343
            ],
            [
              -99.8095306,
              32.4974351
            ],
            [
              -99.8095295,
              32.4974087
            ],
            [
              -99.8094467,
              32.497429
            ]
          ]
        ]
      },
      "properties": {
        "epoch_id": "EPOCH-4569f5444951b2fd",
        "site_name": "Crusoe Abilene Expansion",
        "distance_to_site_km": 0.8915,
        "footprint_area_m2_webmercator": 511.94,
        "source_dataset": "Overture Maps buildings",
        "source_url": "https://docs.overturemaps.org/getting-data/",
        "source_release": "2026-09-23.1",
        "source_accessed_on": "2026-09-28",
        "geometry_role": "current building-footprint polygon",
        "linkage_semantics": "Overlap/proximity only; not evidence that the building hosts AI compute."
      }
    },
    {
      "type": "Feature",
      "id": "6b93fcf5-cf42-4ab2-a111-e59ac1f646be",
      "geometry": {
        "type": "Polygon",
        "coordinates": [
          [
            [
              -99.814482,
              32.5001462
            ],
            [
              -99.8143482,
              32.5003355
            ],
            [
              -99.8144755,
              32.5004002
            ],
            [
              -99.8145267,
              32.5003278
            ],
            [
              -99.8145624,
              32.5003459
            ],
            [
              -99.8147112,
              32.5001355
            ],
            [
              -99.8146063,
              32.5000822
            ],
            [
              -99.8146185,
              32.500065
            ],
            [
              -99.814514,
              32.5000119
            ],
            [
              -99.8144681,
              32.5000767
            ],
            [
              -99.8144303,
              32.5000575
            ],
            [
              -99.8143978,
              32.5001034
            ],
            [
              -99.814482,
              32.5001462
            ]
          ]
        ]
      },
      "properties": {
        "epoch_id": "EPOCH-4569f5444951b2fd",
        "site_name": "Crusoe Abilene Expansion",
        "distance_to_site_km": 1.4395,
        "footprint_area_m2_webmercator": 1026.54,
        "source_dataset": "Overture Maps buildings",
        "source_url": "https://docs.overturemaps.org/getting-data/",
        "source_release": "2026-09-23.1",
        "source_accessed_on": "2026-09-28",
        "geometry_role": "current building-footprint polygon",
        "linkage_semantics": "Overlap/proximity only; not evidence that the building hosts AI compute."
      }
    },
    {
      "type": "Feature",
      "id": "a2db243b-aedd-4581-aca3-c6c7c31eba9f",
      "geometry": {
        "type": "Polygon",
        "coordinates": [
          [
            [
              -99.8146137,
              32.5004523
            ],
            [
              -99.8145629,
              32.5003771
            ],
            [
              -99.8144988,
              32.5004079
            ],
            [
              -99.8145496,
              32.5004831
            ],
            [
              -99.8146137,
              32.5004523
            ]
          ]
        ]
      },
      "properties": {
        "epoch_id": "EPOCH-4569f5444951b2fd",
        "site_name": "Crusoe Abilene Expansion",
        "distance_to_site_km": 1.4538,
        "footprint_area_m2_webmercator": 93.82,
        "source_dataset": "Overture Maps buildings",
        "source_url": "https://docs.overturemaps.org/getting-data/",
        "source_release": "2026-09-23.1",
        "source_accessed_on": "2026-09-28",
        "geometry_role": "current building-footprint polygon",
        "linkage_semantics": "Overlap/proximity only; not evidence that the building hosts AI compute."
      }
    },
    {
      "type": "Feature",
      "id": "caf420dd-8c74-47ac-8f97-d19a4f3df0ed",
      "geometry": {
        "type": "Polygon",
        "coordinates": [
          [
            [
              -99.8047251,
              32.4985549
            ],
            [
              -99.8048316,
              32.4985428
            ],
            [
              -99.8048176,
              32.4984551
            ],
            [
              -99.8047111,
              32.4984671
            ],
            [
              -99.8047251,
              32.4985549
            ]
          ]
        ]
      },
      "properties": {
        "epoch_id": "EPOCH-4569f5444951b2fd",
        "site_name": "Crusoe Abilene Expansion",
        "distance_to_site_km": 0.5976,
        "footprint_area_m2_webmercator": 139.79,
        "source_dataset": "Overture Maps buildings",
        "source_url": "https://docs.overturemaps.org/getting-data/",
        "source_release": "2026-09-23.1",
        "source_accessed_on": "2026-09-28",
        "geometry_role": "current building-footprint polygon",
        "linkage_semantics": "Overlap/proximity only; not evidence that the building hosts AI compute."
      }
    },
    {
      "type": "Feature",
      "id": "20a1c0fb-ce27-4b77-9af7-417395ac2e5f",
      "geometry": {
        "type": "Polygon",
        "coordinates": [
          [
            [
              -99.8045643,
              32.4984899
            ],
            [
              -99.8046908,
              32.4984728
            ],
            [
              -99.8046761,
              32.4983949
            ],
            [
              -99.8045497,
              32.498412
            ],
            [
              -99.8045643,
              32.4984899
            ]
          ]
        ]
      },
      "properties": {
        "epoch_id": "EPOCH-4569f5444951b2fd",
        "site_name": "Crusoe Abilene Expansion",
        "distance_to_site_km": 0.5835,
        "footprint_area_m2_webmercator": 148.41,
        "source_dataset": "Overture Maps buildings",
        "source_url": "https://docs.overturemaps.org/getting-data/",
        "source_release": "2026-09-23.1",
        "source_accessed_on": "2026-09-28",
        "geometry_role": "current building-footprint polygon",
        "linkage_semantics": "Overlap/proximity only; not evidence that the building hosts AI compute."
      }
    },
    {
      "type": "Feature",
      "id": "f637e26a-a581-4f82-b6c4-f0de8765b1df",
      "geometry": {
        "type": "Polygon",
        "coordinates": [
          [
            [
              -99.8071478,
              32.4982593
            ],
            [
              -99.8071257,
              32.4981768
            ],
            [
              -99.8069142,
              32.4982176
            ],
            [
              -99.8069165,
              32.498226
            ],
            [
              -99.8068451,
              32.4982397
            ],
            [
              -99.806865,
              32.4983138
            ],
            [
              -99.8071478,
              32.4982593
            ]
          ]
        ]
      },
      "properties": {
        "epoch_id": "EPOCH-4569f5444951b2fd",
        "site_name": "Crusoe Abilene Expansion",
        "distance_to_site_km": 0.7249,
        "footprint_area_m2_webmercator": 351.18,
        "source_dataset": "Overture Maps buildings",
        "source_url": "https://docs.overturemaps.org/getting-data/",
        "source_release": "2026-09-23.1",
        "source_accessed_on": "2026-09-28",
        "geometry_role": "current building-footprint polygon",
        "linkage_semantics": "Overlap/proximity only; not evidence that the building hosts AI compute."
      }
    },
    {
      "type": "Feature",
      "id": "40018501-d65c-4660-9ec9-591303d38081",
      "geometry": {
        "type": "Polygon",
        "coordinates": [
          [
            [
              -99.7952951,
              32.4978715
            ],
            [
              -99.7951574,
              32.4978725
            ],
            [
              -99.7951688,
              32.4989698
            ],
            [
              -99.7960164,
              32.4989635
            ],
            [
              -99.796005,
              32.4978662
            ],
            [
              -99.7952951,
              32.4978715
            ]
          ]
        ]
      },
      "properties": {
        "epoch_id": "EPOCH-4569f5444951b2fd",
        "site_name": "Crusoe Abilene Expansion",
        "distance_to_site_km": 0.6823,
        "footprint_area_m2_webmercator": 13666.3,
        "source_dataset": "Overture Maps buildings",
        "source_url": "https://docs.overturemaps.org/getting-data/",
        "source_release": "2026-09-23.1",
        "source_accessed_on": "2026-09-28",
        "geometry_role": "current building-footprint polygon",
        "linkage_semantics": "Overlap/proximity only; not evidence that the building hosts AI compute."
      }
    },
    {
      "type": "Feature",
      "id": "588666af-06b6-4884-88de-9d253d3a47cc",
      "geometry": {
        "type": "Polygon",
        "coordinates": [
          [
            [
              -99.7947822,
              32.4978753
            ],
            [
              -99.7940575,
              32.4978806
            ],
            [
              -99.7940691,
              32.4989834
            ],
            [
              -99.794918,
              32.4989771
            ],
            [
              -99.7949065,
              32.4978743
            ],
            [
              -99.7947822,
              32.4978753
            ]
          ]
        ]
      },
      "properties": {
        "epoch_id": "EPOCH-4569f5444951b2fd",
        "site_name": "Crusoe Abilene Expansion",
        "distance_to_site_km": 0.7617,
        "footprint_area_m2_webmercator": 13756.34,
        "source_dataset": "Overture Maps buildings",
        "source_url": "https://docs.overturemaps.org/getting-data/",
        "source_release": "2026-09-23.1",
        "source_accessed_on": "2026-09-28",
        "geometry_role": "current building-footprint polygon",
        "linkage_semantics": "Overlap/proximity only; not evidence that the building hosts AI compute."
      }
    },
    {
      "type": "Feature",
      "id": "d5d9d203-8acc-4b25-bb18-44cf1eb3897d",
      "geometry": {
        "type": "Polygon",
        "coordinates": [
          [
            [
              -99.7918523,
              32.4989997
            ],
            [
              -99.7927101,
              32.4989901
            ],
            [
              -99.792693,
              32.4979007
            ],
            [
              -99.7919498,
              32.497909
            ],
            [
              -99.7918352,
              32.4979103
            ],
            [
              -99.7918523,
              32.4989997
            ]
          ]
        ]
      },
      "properties": {
        "epoch_id": "EPOCH-4569f5444951b2fd",
        "site_name": "Crusoe Abilene Expansion",
        "distance_to_site_km": 0.9358,
        "footprint_area_m2_webmercator": 13732.79,
        "source_dataset": "Overture Maps buildings",
        "source_url": "https://docs.overturemaps.org/getting-data/",
        "source_release": "2026-09-23.1",
        "source_accessed_on": "2026-09-28",
        "geometry_role": "current building-footprint polygon",
        "linkage_semantics": "Overlap/proximity only; not evidence that the building hosts AI compute."
      }
    },
    {
      "type": "Feature",
      "id": "0d1142ae-e9a3-41b1-821b-5cade23c8a98",
      "geometry": {
        "type": "Polygon",
        "coordinates": [
          [
            [
              -99.7907499,
              32.4990133
            ],
            [
              -99.7916036,
              32.4990037
            ],
            [
              -99.7915865,
              32.4979131
            ],
            [
              -99.7914281,
              32.4979148
            ],
            [
              -99.7907328,
              32.4979226
            ],
            [
              -99.7907499,
              32.4990133
            ]
          ]
        ]
      },
      "properties": {
        "epoch_id": "EPOCH-4569f5444951b2fd",
        "site_name": "Crusoe Abilene Expansion",
        "distance_to_site_km": 1.0274,
        "footprint_area_m2_webmercator": 13683.12,
        "source_dataset": "Overture Maps buildings",
        "source_url": "https://docs.overturemaps.org/getting-data/",
        "source_release": "2026-09-23.1",
        "source_accessed_on": "2026-09-28",
        "geometry_role": "current building-footprint polygon",
        "linkage_semantics": "Overlap/proximity only; not evidence that the building hosts AI compute."
      }
    },
    {
      "type": "Feature",
      "id": "537cfd39-8fc8-4e99-b565-9420d531a537",
      "geometry": {
        "type": "Polygon",
        "coordinates": [
          [
            [
              -99.7861908,
              32.4985898
            ],
            [
              -99.7859421,
              32.4985916
            ],
            [
              -99.7858231,
              32.4985925
            ],
            [
              -99.7858253,
              32.4988026
            ],
            [
              -99.7856454,
              32.498804
            ],
            [
              -99.7856489,
              32.4991355
            ],
            [
              -99.7858298,
              32.4991342
            ],
            [
              -99.7858322,
              32.4993613
            ],
            [
              -99.7859565,
              32.4993603
            ],
            [
              -99.7862074,
              32.4993585
            ],
            [
              -99.7863451,
              32.4993575
            ],
            [
              -99.7863428,
              32.499137
            ],
            [
              -99.7867164,
              32.4991343
            ],
            [
              -99.7867129,
              32.4987946
            ],
            [
              -99.7863308,
              32.4987974
            ],
            [
              -99.7863286,
              32.4985888
            ],
            [
              -99.7861908,
              32.4985898
            ]
          ]
        ]
      },
      "properties": {
        "epoch_id": "EPOCH-4569f5444951b2fd",
        "site_name": "Crusoe Abilene Expansion",
        "distance_to_site_km": 1.4814,
        "footprint_area_m2_webmercator": 8517.68,
        "source_dataset": "Overture Maps buildings",
        "source_url": "https://docs.overturemaps.org/getting-data/",
        "source_release": "2026-09-23.1",
        "source_accessed_on": "2026-09-28",
        "geometry_role": "current building-footprint polygon",
        "linkage_semantics": "Overlap/proximity only; not evidence that the building hosts AI compute."
      }
    },
    {
      "type": "Feature",
      "id": "73ebe356-4416-467e-98ee-df6a1495bf9f",
      "geometry": {
        "type": "Polygon",
        "coordinates": [
          [
            [
              -99.7828832,
              32.4994053
            ],
            [
              -99.7831319,
              32.4994025
            ],
            [
              -99.7832465,
              32.4994012
            ],
            [
              -99.7832432,
              32.499189
            ],
            [
              -99.7834269,
              32.499187
            ],
            [
              -99.7834217,
              32.4988578
            ],
            [
              -99.7832392,
              32.4988598
            ],
            [
              -99.7832356,
              32.4986323
            ],
            [
              -99.7831124,
              32.4986337
            ],
            [
              -99.7828615,
              32.4986365
            ],
            [
              -99.7827242,
              32.498638
            ],
            [
              -99.7827276,
              32.4988565
            ],
            [
              -99.7823541,
              32.4988607
            ],
            [
              -99.7823595,
              32.4992016
            ],
            [
              -99.7827216,
              32.4991976
            ],
            [
              -99.7827248,
              32.499407
            ],
            [
              -99.7828832,
              32.4994053
            ]
          ]
        ]
      },
      "properties": {
        "epoch_id": "EPOCH-4569f5444951b2fd",
        "site_name": "Crusoe Abilene Expansion",
        "distance_to_site_km": 1.7687,
        "footprint_area_m2_webmercator": 8564.54,
        "source_dataset": "Overture Maps buildings",
        "source_url": "https://docs.overturemaps.org/getting-data/",
        "source_release": "2026-09-23.1",
        "source_accessed_on": "2026-09-28",
        "geometry_role": "current building-footprint polygon",
        "linkage_semantics": "Overlap/proximity only; not evidence that the building hosts AI compute."
      }
    },
    {
      "type": "Feature",
      "id": "4e093761-8bfb-438a-901c-bf7ba09a541c",
      "geometry": {
        "type": "Polygon",
        "coordinates": [
          [
            [
              -99.7820466,
              32.5005056
            ],
            [
              -99.7829003,
              32.500496
            ],
            [
              -99.7828832,
              32.4994053
            ],
            [
              -99.7827248,
              32.499407
            ],
            [
              -99.7820295,
              32.4994148
            ],
            [
              -99.7820466,
              32.5005056
            ]
          ]
        ]
      },
      "properties": {
        "epoch_id": "EPOCH-4569f5444951b2fd",
        "site_name": "Crusoe Abilene Expansion",
        "distance_to_site_km": 1.843,
        "footprint_area_m2_webmercator": 13684.6,
        "source_dataset": "Overture Maps buildings",
        "source_url": "https://docs.overturemaps.org/getting-data/",
        "source_release": "2026-09-23.1",
        "source_accessed_on": "2026-09-28",
        "geometry_role": "current building-footprint polygon",
        "linkage_semantics": "Overlap/proximity only; not evidence that the building hosts AI compute."
      }
    },
    {
      "type": "Feature",
      "id": "ad5c2c1d-e8bc-4bf3-8aef-e1e1560ea9d1",
      "geometry": {
        "type": "Polygon",
        "coordinates": [
          [
            [
              -99.783149,
              32.500492
            ],
            [
              -99.7840068,
              32.5004824
            ],
            [
              -99.7839897,
              32.4993929
            ],
            [
              -99.7832465,
              32.4994012
            ],
            [
              -99.7831319,
              32.4994025
            ],
            [
              -99.783149,
              32.500492
            ]
          ]
        ]
      },
      "properties": {
        "epoch_id": "EPOCH-4569f5444951b2fd",
        "site_name": "Crusoe Abilene Expansion",
        "distance_to_site_km": 1.7456,
        "footprint_area_m2_webmercator": 13734.28,
        "source_dataset": "Overture Maps buildings",
        "source_url": "https://docs.overturemaps.org/getting-data/",
        "source_release": "2026-09-23.1",
        "source_accessed_on": "2026-09-28",
        "geometry_role": "current building-footprint polygon",
        "linkage_semantics": "Overlap/proximity only; not evidence that the building hosts AI compute."
      }
    },
    {
      "type": "Feature",
      "id": "fcc74130-3f11-46a8-b92b-b088ea3c8ec8",
      "geometry": {
        "type": "Polygon",
        "coordinates": [
          [
            [
              -99.7858322,
              32.4993613
            ],
            [
              -99.7851075,
              32.4993666
            ],
            [
              -99.7851191,
              32.5004693
            ],
            [
              -99.785968,
              32.500463
            ],
            [
              -99.7859565,
              32.4993603
            ],
            [
              -99.7858322,
              32.4993613
            ]
          ]
        ]
      },
      "properties": {
        "epoch_id": "EPOCH-4569f5444951b2fd",
        "site_name": "Crusoe Abilene Expansion",
        "distance_to_site_km": 1.5738,
        "footprint_area_m2_webmercator": 13755.32,
        "source_dataset": "Overture Maps buildings",
        "source_url": "https://docs.overturemaps.org/getting-data/",
        "source_release": "2026-09-23.1",
        "source_accessed_on": "2026-09-28",
        "geometry_role": "current building-footprint polygon",
        "linkage_semantics": "Overlap/proximity only; not evidence that the building hosts AI compute."
      }
    },
    {
      "type": "Feature",
      "id": "24f85551-7557-4b9d-8cee-716fc732c1eb",
      "geometry": {
        "type": "Polygon",
        "coordinates": [
          [
            [
              -99.7863451,
              32.4993575
            ],
            [
              -99.7862074,
              32.4993585
            ],
            [
              -99.7862188,
              32.5004557
            ],
            [
              -99.7870664,
              32.5004494
            ],
            [
              -99.787055,
              32.4993522
            ],
            [
              -99.7863451,
              32.4993575
            ]
          ]
        ]
      },
      "properties": {
        "epoch_id": "EPOCH-4569f5444951b2fd",
        "site_name": "Crusoe Abilene Expansion",
        "distance_to_site_km": 1.4795,
        "footprint_area_m2_webmercator": 13665.28,
        "source_dataset": "Overture Maps buildings",
        "source_url": "https://docs.overturemaps.org/getting-data/",
        "source_release": "2026-09-23.1",
        "source_accessed_on": "2026-09-28",
        "geometry_role": "current building-footprint polygon",
        "linkage_semantics": "Overlap/proximity only; not evidence that the building hosts AI compute."
      }
    },
    {
      "type": "Feature",
      "id": "93b11db8-033f-4da7-821c-ac7a898c9d16",
      "geometry": {
        "type": "Polygon",
        "coordinates": [
          [
            [
              -99.7827242,
              32.498638
            ],
            [
              -99.7828615,
              32.4986365
            ],
            [
              -99.7828443,
              32.4975387
            ],
            [
              -99.7819967,
              32.4975482
            ],
            [
              -99.7820139,
              32.4986459
            ],
            [
              -99.7827242,
              32.498638
            ]
          ]
        ]
      },
      "properties": {
        "epoch_id": "EPOCH-4569f5444951b2fd",
        "site_name": "Crusoe Abilene Expansion",
        "distance_to_site_km": 1.7853,
        "footprint_area_m2_webmercator": 13673.19,
        "source_dataset": "Overture Maps buildings",
        "source_url": "https://docs.overturemaps.org/getting-data/",
        "source_release": "2026-09-23.1",
        "source_accessed_on": "2026-09-28",
        "geometry_role": "current building-footprint polygon",
        "linkage_semantics": "Overlap/proximity only; not evidence that the building hosts AI compute."
      }
    },
    {
      "type": "Feature",
      "id": "35c3f178-93ea-43a0-b82e-07c262d3a00b",
      "geometry": {
        "type": "Polygon",
        "coordinates": [
          [
            [
              -99.7832356,
              32.4986323
            ],
            [
              -99.7839613,
              32.4986242
            ],
            [
              -99.7839439,
              32.4975206
            ],
            [
              -99.7830951,
              32.4975301
            ],
            [
              -99.7831124,
              32.4986337
            ],
            [
              -99.7832356,
              32.4986323
            ]
          ]
        ]
      },
      "properties": {
        "epoch_id": "EPOCH-4569f5444951b2fd",
        "site_name": "Crusoe Abilene Expansion",
        "distance_to_site_km": 1.685,
        "footprint_area_m2_webmercator": 13766.35,
        "source_dataset": "Overture Maps buildings",
        "source_url": "https://docs.overturemaps.org/getting-data/",
        "source_release": "2026-09-23.1",
        "source_accessed_on": "2026-09-28",
        "geometry_role": "current building-footprint polygon",
        "linkage_semantics": "Overlap/proximity only; not evidence that the building hosts AI compute."
      }
    },
    {
      "type": "Feature",
      "id": "3570b701-2538-433d-811f-978c07a5de2f",
      "geometry": {
        "type": "Polygon",
        "coordinates": [
          [
            [
              -99.7870332,
              32.4974919
            ],
            [
              -99.7861794,
              32.4974982
            ],
            [
              -99.7861908,
              32.4985898
            ],
            [
              -99.7863286,
              32.4985888
            ],
            [
              -99.7870446,
              32.4985835
            ],
            [
              -99.7870332,
              32.4974919
            ]
          ]
        ]
      },
      "properties": {
        "epoch_id": "EPOCH-4569f5444951b2fd",
        "site_name": "Crusoe Abilene Expansion",
        "distance_to_site_km": 1.406,
        "footprint_area_m2_webmercator": 13694.94,
        "source_dataset": "Overture Maps buildings",
        "source_url": "https://docs.overturemaps.org/getting-data/",
        "source_release": "2026-09-23.1",
        "source_accessed_on": "2026-09-28",
        "geometry_role": "current building-footprint polygon",
        "linkage_semantics": "Overlap/proximity only; not evidence that the building hosts AI compute."
      }
    },
    {
      "type": "Feature",
      "id": "5a4cecc7-9847-4b1c-9e63-211017e79942",
      "geometry": {
        "type": "Polygon",
        "coordinates": [
          [
            [
              -99.7859307,
              32.4975009
            ],
            [
              -99.7850728,
              32.4975073
            ],
            [
              -99.7850842,
              32.498598
            ],
            [
              -99.7858231,
              32.4985925
            ],
            [
              -99.7859421,
              32.4985916
            ],
            [
              -99.7859307,
              32.4975009
            ]
          ]
        ]
      },
      "properties": {
        "epoch_id": "EPOCH-4569f5444951b2fd",
        "site_name": "Crusoe Abilene Expansion",
        "distance_to_site_km": 1.5053,
        "footprint_area_m2_webmercator": 13749.35,
        "source_dataset": "Overture Maps buildings",
        "source_url": "https://docs.overturemaps.org/getting-data/",
        "source_release": "2026-09-23.1",
        "source_accessed_on": "2026-09-28",
        "geometry_role": "current building-footprint polygon",
        "linkage_semantics": "Overlap/proximity only; not evidence that the building hosts AI compute."
      }
    },
    {
      "type": "Feature",
      "id": "c5ec3674-792a-426b-b22f-e8bd7aee0919",
      "geometry": {
        "type": "Polygon",
        "coordinates": [
          [
            [
              -99.7915865,
              32.4979131
            ],
            [
              -99.7918352,
              32.4979103
            ],
            [
              -99.7919498,
              32.497909
            ],
            [
              -99.7919465,
              32.4976967
            ],
            [
              -99.7921302,
              32.4976947
            ],
            [
              -99.792125,
              32.4973656
            ],
            [
              -99.7919425,
              32.4973676
            ],
            [
              -99.7919389,
              32.4971401
            ],
            [
              -99.7918157,
              32.4971415
            ],
            [
              -99.7915648,
              32.4971443
            ],
            [
              -99.7914275,
              32.4971458
            ],
            [
              -99.7914309,
              32.4973643
            ],
            [
              -99.7910574,
              32.4973685
            ],
            [
              -99.7910628,
              32.4977093
            ],
            [
              -99.7914249,
              32.4977053
            ],
            [
              -99.7914281,
              32.4979148
            ],
            [
              -99.7915865,
              32.4979131
            ]
          ]
        ]
      },
      "properties": {
        "epoch_id": "EPOCH-4569f5444951b2fd",
        "site_name": "Crusoe Abilene Expansion",
        "distance_to_site_km": 0.9445,
        "footprint_area_m2_webmercator": 8563.6,
        "source_dataset": "Overture Maps buildings",
        "source_url": "https://docs.overturemaps.org/getting-data/",
        "source_release": "2026-09-23.1",
        "source_accessed_on": "2026-09-28",
        "geometry_role": "current building-footprint polygon",
        "linkage_semantics": "Overlap/proximity only; not evidence that the building hosts AI compute."
      }
    },
    {
      "type": "Feature",
      "id": "7eeb1baa-8dc5-4bea-98a2-339a8adfeeb4",
      "geometry": {
        "type": "Polygon",
        "coordinates": [
          [
            [
              -99.7951408,
              32.4971039
            ],
            [
              -99.7948921,
              32.4971057
            ],
            [
              -99.7947731,
              32.4971066
            ],
            [
              -99.7947753,
              32.4973167
            ],
            [
              -99.7945954,
              32.4973181
            ],
            [
              -99.7945989,
              32.4976495
            ],
            [
              -99.7947798,
              32.4976482
            ],
            [
              -99.7947822,
              32.4978753
            ],
            [
              -99.7949065,
              32.4978743
            ],
            [
              -99.7951574,
              32.4978725
            ],
            [
              -99.7952951,
              32.4978715
            ],
            [
              -99.7952928,
              32.497651
            ],
            [
              -99.7956664,
              32.4976483
            ],
            [
              -99.7956629,
              32.4973087
            ],
            [
              -99.7952808,
              32.4973115
            ],
            [
              -99.7952786,
              32.4971029
            ],
            [
              -99.7951408,
              32.4971039
            ]
          ]
        ]
      },
      "properties": {
        "epoch_id": "EPOCH-4569f5444951b2fd",
        "site_name": "Crusoe Abilene Expansion",
        "distance_to_site_km": 0.6543,
        "footprint_area_m2_webmercator": 8515.97,
        "source_dataset": "Overture Maps buildings",
        "source_url": "https://docs.overturemaps.org/getting-data/",
        "source_release": "2026-09-23.1",
        "source_accessed_on": "2026-09-28",
        "geometry_role": "current building-footprint polygon",
        "linkage_semantics": "Overlap/proximity only; not evidence that the building hosts AI compute."
      }
    },
    {
      "type": "Feature",
      "id": "8323bfcb-64d5-46b1-a4bc-7769a08ae86b",
      "geometry": {
        "type": "Polygon",
        "coordinates": [
          [
            [
              -99.7919389,
              32.4971401
            ],
            [
              -99.7926646,
              32.497132
            ],
            [
              -99.7926472,
              32.4960283
            ],
            [
              -99.7917984,
              32.4960378
            ],
            [
              -99.7918157,
              32.4971415
            ],
            [
              -99.7919389,
              32.4971401
            ]
          ]
        ]
      },
      "properties": {
        "epoch_id": "EPOCH-4569f5444951b2fd",
        "site_name": "Crusoe Abilene Expansion",
        "distance_to_site_km": 0.8547,
        "footprint_area_m2_webmercator": 13767.37,
        "source_dataset": "Overture Maps buildings",
        "source_url": "https://docs.overturemaps.org/getting-data/",
        "source_release": "2026-09-23.1",
        "source_accessed_on": "2026-09-28",
        "geometry_role": "current building-footprint polygon",
        "linkage_semantics": "Overlap/proximity only; not evidence that the building hosts AI compute."
      }
    },
    {
      "type": "Feature",
      "id": "e8fa6045-0a93-415e-865c-d7a0b8c670c8",
      "geometry": {
        "type": "Polygon",
        "coordinates": [
          [
            [
              -99.7914275,
              32.4971458
            ],
            [
              -99.7915648,
              32.4971443
            ],
            [
              -99.7915476,
              32.4960464
            ],
            [
              -99.7907,
              32.4960559
            ],
            [
              -99.7907172,
              32.4971537
            ],
            [
              -99.7914275,
              32.4971458
            ]
          ]
        ]
      },
      "properties": {
        "epoch_id": "EPOCH-4569f5444951b2fd",
        "site_name": "Crusoe Abilene Expansion",
        "distance_to_site_km": 0.9538,
        "footprint_area_m2_webmercator": 13674.21,
        "source_dataset": "Overture Maps buildings",
        "source_url": "https://docs.overturemaps.org/getting-data/",
        "source_release": "2026-09-23.1",
        "source_accessed_on": "2026-09-28",
        "geometry_role": "current building-footprint polygon",
        "linkage_semantics": "Overlap/proximity only; not evidence that the building hosts AI compute."
      }
    },
    {
      "type": "Feature",
      "id": "4f2f8554-5731-44dd-a584-6d46ca3b145e",
      "geometry": {
        "type": "Polygon",
        "coordinates": [
          [
            [
              -99.7948807,
              32.496015
            ],
            [
              -99.7940228,
              32.4960214
            ],
            [
              -99.7940342,
              32.4971121
            ],
            [
              -99.7947731,
              32.4971066
            ],
            [
              -99.7948921,
              32.4971057
            ],
            [
              -99.7948807,
              32.496015
            ]
          ]
        ]
      },
      "properties": {
        "epoch_id": "EPOCH-4569f5444951b2fd",
        "site_name": "Crusoe Abilene Expansion",
        "distance_to_site_km": 0.6581,
        "footprint_area_m2_webmercator": 13749.12,
        "source_dataset": "Overture Maps buildings",
        "source_url": "https://docs.overturemaps.org/getting-data/",
        "source_release": "2026-09-23.1",
        "source_accessed_on": "2026-09-28",
        "geometry_role": "current building-footprint polygon",
        "linkage_semantics": "Overlap/proximity only; not evidence that the building hosts AI compute."
      }
    },
    {
      "type": "Feature",
      "id": "346c8eb0-accd-4acf-8519-8ccf4639e3dc",
      "geometry": {
        "type": "Polygon",
        "coordinates": [
          [
            [
              -99.7959832,
              32.496006
            ],
            [
              -99.7951294,
              32.4960123
            ],
            [
              -99.7951408,
              32.4971039
            ],
            [
              -99.7952786,
              32.4971029
            ],
            [
              -99.7959946,
              32.4970976
            ],
            [
              -99.7959832,
              32.496006
            ]
          ]
        ]
      },
      "properties": {
        "epoch_id": "EPOCH-4569f5444951b2fd",
        "site_name": "Crusoe Abilene Expansion",
        "distance_to_site_km": 0.5639,
        "footprint_area_m2_webmercator": 13694.72,
        "source_dataset": "Overture Maps buildings",
        "source_url": "https://docs.overturemaps.org/getting-data/",
        "source_release": "2026-09-23.1",
        "source_accessed_on": "2026-09-28",
        "geometry_role": "current building-footprint polygon",
        "linkage_semantics": "Overlap/proximity only; not evidence that the building hosts AI compute."
      }
    },
    {
      "type": "Feature",
      "id": "b77d3b75-9189-49e1-8108-c524b72d7058",
      "geometry": {
        "type": "Polygon",
        "coordinates": [
          [
            [
              -99.8028252,
              32.4936926
            ],
            [
              -99.8028072,
              32.4936164
            ],
            [
              -99.8026874,
              32.4936365
            ],
            [
              -99.8027054,
              32.4937127
            ],
            [
              -99.8028252,
              32.4936926
            ]
          ]
        ]
      },
      "properties": {
        "epoch_id": "EPOCH-4569f5444951b2fd",
        "site_name": "Crusoe Abilene Expansion",
        "distance_to_site_km": 0.1846,
        "footprint_area_m2_webmercator": 139.44,
        "source_dataset": "Overture Maps buildings",
        "source_url": "https://docs.overturemaps.org/getting-data/",
        "source_release": "2026-09-23.1",
        "source_accessed_on": "2026-09-28",
        "geometry_role": "current building-footprint polygon",
        "linkage_semantics": "Overlap/proximity only; not evidence that the building hosts AI compute."
      }
    },
    {
      "type": "Feature",
      "id": "5cf1aea2-9bad-4bcc-b2e6-4bcf5160017a",
      "geometry": {
        "type": "Polygon",
        "coordinates": [
          [
            [
              -99.797955,
              32.4934718
            ],
            [
              -99.7979228,
              32.4934721
            ],
            [
              -99.7979225,
              32.4934427
            ],
            [
              -99.7977524,
              32.4934439
            ],
            [
              -99.7977541,
              32.4936113
            ],
            [
              -99.7979564,
              32.4936098
            ],
            [
              -99.797955,
              32.4934718
            ]
          ]
        ]
      },
      "properties": {
        "epoch_id": "EPOCH-4569f5444951b2fd",
        "site_name": "Crusoe Abilene Expansion",
        "distance_to_site_km": 0.297,
        "footprint_area_m2_webmercator": 483.58,
        "source_dataset": "Overture Maps buildings",
        "source_url": "https://docs.overturemaps.org/getting-data/",
        "source_release": "2026-09-23.1",
        "source_accessed_on": "2026-09-28",
        "geometry_role": "current building-footprint polygon",
        "linkage_semantics": "Overlap/proximity only; not evidence that the building hosts AI compute."
      }
    },
    {
      "type": "Feature",
      "id": "7cfd80bd-0a8d-4e79-8ceb-13068f3ce37a",
      "geometry": {
        "type": "Polygon",
        "coordinates": [
          [
            [
              -99.7968856,
              32.4939898
            ],
            [
              -99.7968761,
              32.4939097
            ],
            [
              -99.79661,
              32.4939324
            ],
            [
              -99.7966195,
              32.4940125
            ],
            [
              -99.7968856,
              32.4939898
            ]
          ]
        ]
      },
      "properties": {
        "epoch_id": "EPOCH-4569f5444951b2fd",
        "site_name": "Crusoe Abilene Expansion",
        "distance_to_site_km": 0.3913,
        "footprint_area_m2_webmercator": 316.32,
        "source_dataset": "Overture Maps buildings",
        "source_url": "https://docs.overturemaps.org/getting-data/",
        "source_release": "2026-09-23.1",
        "source_accessed_on": "2026-09-28",
        "geometry_role": "current building-footprint polygon",
        "linkage_semantics": "Overlap/proximity only; not evidence that the building hosts AI compute."
      }
    },
    {
      "type": "Feature",
      "id": "d5401cb2-d56c-4c5f-910c-0d0e79610034",
      "geometry": {
        "type": "Polygon",
        "coordinates": [
          [
            [
              -99.7936043,
              32.4938385
            ],
            [
              -99.7935328,
              32.4938376
            ],
            [
              -99.7935327,
              32.4938449
            ],
            [
              -99.7934817,
              32.4938442
            ],
            [
              -99.7934814,
              32.4938595
            ],
            [
              -99.7934464,
              32.493859
            ],
            [
              -99.7934457,
              32.4938964
            ],
            [
              -99.79341,
              32.4938959
            ],
            [
              -99.7934084,
              32.4939161
            ],
            [
              -99.7933851,
              32.4939158
            ],
            [
              -99.7933841,
              32.4939684
            ],
            [
              -99.79341,
              32.4939687
            ],
            [
              -99.7934096,
              32.493991
            ],
            [
              -99.7935335,
              32.4939926
            ],
            [
              -99.7935337,
              32.4939869
            ],
            [
              -99.7935509,
              32.4939871
            ],
            [
              -99.7935514,
              32.4939587
            ],
            [
              -99.793602,
              32.4939594
            ],
            [
              -99.7936043,
              32.4938385
            ]
          ]
        ]
      },
      "properties": {
        "epoch_id": "EPOCH-4569f5444951b2fd",
        "site_name": "Crusoe Abilene Expansion",
        "distance_to_site_km": 0.6952,
        "footprint_area_m2_webmercator": 383.28,
        "source_dataset": "Overture Maps buildings",
        "source_url": "https://docs.overturemaps.org/getting-data/",
        "source_release": "2026-09-23.1",
        "source_accessed_on": "2026-09-28",
        "geometry_role": "current building-footprint polygon",
        "linkage_semantics": "Overlap/proximity only; not evidence that the building hosts AI compute."
      }
    },
    {
      "type": "Feature",
      "id": "219864c9-6921-4a5d-a848-3cb775341eaf",
      "geometry": {
        "type": "Polygon",
        "coordinates": [
          [
            [
              -99.7937445,
              32.4940715
            ],
            [
              -99.7937419,
              32.4939934
            ],
            [
              -99.7935758,
              32.4939973
            ],
            [
              -99.7935783,
              32.4940753
            ],
            [
              -99.7937445,
              32.4940715
            ]
          ]
        ]
      },
      "properties": {
        "epoch_id": "EPOCH-4569f5444951b2fd",
        "site_name": "Crusoe Abilene Expansion",
        "distance_to_site_km": 0.68,
        "footprint_area_m2_webmercator": 190.67,
        "source_dataset": "Overture Maps buildings",
        "source_url": "https://docs.overturemaps.org/getting-data/",
        "source_release": "2026-09-23.1",
        "source_accessed_on": "2026-09-28",
        "geometry_role": "current building-footprint polygon",
        "linkage_semantics": "Overlap/proximity only; not evidence that the building hosts AI compute."
      }
    },
    {
      "type": "Feature",
      "id": "f509bc8f-771b-42c1-a187-5bd976848854",
      "geometry": {
        "type": "Polygon",
        "coordinates": [
          [
            [
              -99.7934674,
              32.4940171
            ],
            [
              -99.7934698,
              32.4940917
            ],
            [
              -99.7935529,
              32.4940899
            ],
            [
              -99.7935505,
              32.4940153
            ],
            [
              -99.7934674,
              32.4940171
            ]
          ]
        ]
      },
      "properties": {
        "epoch_id": "EPOCH-4569f5444951b2fd",
        "site_name": "Crusoe Abilene Expansion",
        "distance_to_site_km": 0.694,
        "footprint_area_m2_webmercator": 91.14,
        "source_dataset": "Overture Maps buildings",
        "source_url": "https://docs.overturemaps.org/getting-data/",
        "source_release": "2026-09-23.1",
        "source_accessed_on": "2026-09-28",
        "geometry_role": "current building-footprint polygon",
        "linkage_semantics": "Overlap/proximity only; not evidence that the building hosts AI compute."
      }
    },
    {
      "type": "Feature",
      "id": "308bb30c-4b05-4278-bab2-04826b89aa84",
      "geometry": {
        "type": "Polygon",
        "coordinates": [
          [
            [
              -99.793766,
              32.4941915
            ],
            [
              -99.7938219,
              32.4941872
            ],
            [
              -99.7938143,
              32.4941166
            ],
            [
              -99.7937584,
              32.4941208
            ],
            [
              -99.793766,
              32.4941915
            ]
          ]
        ]
      },
      "properties": {
        "epoch_id": "EPOCH-4569f5444951b2fd",
        "site_name": "Crusoe Abilene Expansion",
        "distance_to_site_km": 0.6675,
        "footprint_area_m2_webmercator": 58.5,
        "source_dataset": "Overture Maps buildings",
        "source_url": "https://docs.overturemaps.org/getting-data/",
        "source_release": "2026-09-23.1",
        "source_accessed_on": "2026-09-28",
        "geometry_role": "current building-footprint polygon",
        "linkage_semantics": "Overlap/proximity only; not evidence that the building hosts AI compute."
      }
    },
    {
      "type": "Feature",
      "id": "c59f1843-7817-4da4-83f4-5204541d0201",
      "geometry": {
        "type": "Polygon",
        "coordinates": [
          [
            [
              -99.8068091,
              32.4953587
            ],
            [
              -99.8067794,
              32.495246
            ],
            [
              -99.8066731,
              32.4952661
            ],
            [
              -99.8066787,
              32.4952874
            ],
            [
              -99.806645,
              32.4952937
            ],
            [
              -99.8066548,
              32.4953309
            ],
            [
              -99.8066979,
              32.4953228
            ],
            [
              -99.8067122,
              32.495377
            ],
            [
              -99.8068091,
              32.4953587
            ]
          ]
        ]
      },
      "properties": {
        "epoch_id": "EPOCH-4569f5444951b2fd",
        "site_name": "Crusoe Abilene Expansion",
        "distance_to_site_km": 0.5596,
        "footprint_area_m2_webmercator": 196.24,
        "source_dataset": "Overture Maps buildings",
        "source_url": "https://docs.overturemaps.org/getting-data/",
        "source_release": "2026-09-23.1",
        "source_accessed_on": "2026-09-28",
        "geometry_role": "current building-footprint polygon",
        "linkage_semantics": "Overlap/proximity only; not evidence that the building hosts AI compute."
      }
    },
    {
      "type": "Feature",
      "id": "3a0af1b8-73b4-461c-b69a-95a17911279c",
      "geometry": {
        "type": "Polygon",
        "coordinates": [
          [
            [
              -99.809878,
              32.4953155
            ],
            [
              -99.809842,
              32.495168
            ],
            [
              -99.8097519,
              32.4951836
            ],
            [
              -99.809788,
              32.4953312
            ],
            [
              -99.809878,
              32.4953155
            ]
          ]
        ]
      },
      "properties": {
        "epoch_id": "EPOCH-4569f5444951b2fd",
        "site_name": "Crusoe Abilene Expansion",
        "distance_to_site_km": 0.8431,
        "footprint_area_m2_webmercator": 203.5,
        "source_dataset": "Overture Maps buildings",
        "source_url": "https://docs.overturemaps.org/getting-data/",
        "source_release": "2026-09-23.1",
        "source_accessed_on": "2026-09-28",
        "geometry_role": "current building-footprint polygon",
        "linkage_semantics": "Overlap/proximity only; not evidence that the building hosts AI compute."
      }
    },
    {
      "type": "Feature",
      "id": "c4b21593-c68a-4327-a57a-40e70eb82588",
      "geometry": {
        "type": "Polygon",
        "coordinates": [
          [
            [
              -99.810354,
              32.4954286
            ],
            [
              -99.8103705,
              32.4955029
            ],
            [
              -99.8104301,
              32.4954935
            ],
            [
              -99.8104136,
              32.4954192
            ],
            [
              -99.810354,
              32.4954286
            ]
          ]
        ]
      },
      "properties": {
        "epoch_id": "EPOCH-4569f5444951b2fd",
        "site_name": "Crusoe Abilene Expansion",
        "distance_to_site_km": 0.9,
        "footprint_area_m2_webmercator": 67.34,
        "source_dataset": "Overture Maps buildings",
        "source_url": "https://docs.overturemaps.org/getting-data/",
        "source_release": "2026-09-23.1",
        "source_accessed_on": "2026-09-28",
        "geometry_role": "current building-footprint polygon",
        "linkage_semantics": "Overlap/proximity only; not evidence that the building hosts AI compute."
      }
    },
    {
      "type": "Feature",
      "id": "64ea0ae0-eb4f-4420-8aa4-4c000bfca7af",
      "geometry": {
        "type": "Polygon",
        "coordinates": [
          [
            [
              -99.8102983,
              32.495366
            ],
            [
              -99.8100742,
              32.4954044
            ],
            [
              -99.8101109,
              32.4955565
            ],
            [
              -99.8103349,
              32.4955181
            ],
            [
              -99.8102983,
              32.495366
            ]
          ]
        ]
      },
      "properties": {
        "epoch_id": "EPOCH-4569f5444951b2fd",
        "site_name": "Crusoe Abilene Expansion",
        "distance_to_site_km": 0.8826,
        "footprint_area_m2_webmercator": 521.36,
        "source_dataset": "Overture Maps buildings",
        "source_url": "https://docs.overturemaps.org/getting-data/",
        "source_release": "2026-09-23.1",
        "source_accessed_on": "2026-09-28",
        "geometry_role": "current building-footprint polygon",
        "linkage_semantics": "Overlap/proximity only; not evidence that the building hosts AI compute."
      }
    },
    {
      "type": "Feature",
      "id": "21e4c40f-1a25-4147-a820-a49bfc0dafd5",
      "geometry": {
        "type": "Polygon",
        "coordinates": [
          [
            [
              -99.8105604,
              32.495324
            ],
            [
              -99.8106025,
              32.4954595
            ],
            [
              -99.8107732,
              32.4954218
            ],
            [
              -99.8107311,
              32.4952863
            ],
            [
              -99.8105604,
              32.495324
            ]
          ]
        ]
      },
      "properties": {
        "epoch_id": "EPOCH-4569f5444951b2fd",
        "site_name": "Crusoe Abilene Expansion",
        "distance_to_site_km": 0.9241,
        "footprint_area_m2_webmercator": 363.15,
        "source_dataset": "Overture Maps buildings",
        "source_url": "https://docs.overturemaps.org/getting-data/",
        "source_release": "2026-09-23.1",
        "source_accessed_on": "2026-09-28",
        "geometry_role": "current building-footprint polygon",
        "linkage_semantics": "Overlap/proximity only; not evidence that the building hosts AI compute."
      }
    },
    {
      "type": "Feature",
      "id": "7038cd52-deaa-4cec-af1a-e10d4f444d60",
      "geometry": {
        "type": "Polygon",
        "coordinates": [
          [
            [
              -99.8130081,
              32.4952944
            ],
            [
              -99.8130599,
              32.4953897
            ],
            [
              -99.8131929,
              32.4953383
            ],
            [
              -99.813141,
              32.495243
            ],
            [
              -99.8130081,
              32.4952944
            ]
          ]
        ]
      },
      "properties": {
        "epoch_id": "EPOCH-4569f5444951b2fd",
        "site_name": "Crusoe Abilene Expansion",
        "distance_to_site_km": 1.1499,
        "footprint_area_m2_webmercator": 225.31,
        "source_dataset": "Overture Maps buildings",
        "source_url": "https://docs.overturemaps.org/getting-data/",
        "source_release": "2026-09-23.1",
        "source_accessed_on": "2026-09-28",
        "geometry_role": "current building-footprint polygon",
        "linkage_semantics": "Overlap/proximity only; not evidence that the building hosts AI compute."
      }
    },
    {
      "type": "Feature",
      "id": "2b3664c5-276d-4862-ae8e-3673060a1996",
      "geometry": {
        "type": "Polygon",
        "coordinates": [
          [
            [
              -99.8121924,
              32.4952461
            ],
            [
              -99.8121734,
              32.4951702
            ],
            [
              -99.8120646,
              32.4951898
            ],
            [
              -99.8120884,
              32.4952847
            ],
            [
              -99.8120985,
              32.4952829
            ],
            [
              -99.8121066,
              32.4953149
            ],
            [
              -99.8121948,
              32.495299
            ],
            [
              -99.8122003,
              32.4953211
            ],
            [
              -99.8122554,
              32.4953111
            ],
            [
              -99.812237,
              32.495238
            ],
            [
              -99.8121924,
              32.4952461
            ]
          ]
        ]
      },
      "properties": {
        "epoch_id": "EPOCH-4569f5444951b2fd",
        "site_name": "Crusoe Abilene Expansion",
        "distance_to_site_km": 1.0608,
        "footprint_area_m2_webmercator": 260.69,
        "source_dataset": "Overture Maps buildings",
        "source_url": "https://docs.overturemaps.org/getting-data/",
        "source_release": "2026-09-23.1",
        "source_accessed_on": "2026-09-28",
        "geometry_role": "current building-footprint polygon",
        "linkage_semantics": "Overlap/proximity only; not evidence that the building hosts AI compute."
      }
    },
    {
      "type": "Feature",
      "id": "fe189737-0b4b-4dea-a3db-fecd0ed902de",
      "geometry": {
        "type": "Polygon",
        "coordinates": [
          [
            [
              -99.809947,
              32.4951492
            ],
            [
              -99.809974,
              32.4952441
            ],
            [
              -99.8101997,
              32.4951985
            ],
            [
              -99.8101728,
              32.4951036
            ],
            [
              -99.809947,
              32.4951492
            ]
          ]
        ]
      },
      "properties": {
        "epoch_id": "EPOCH-4569f5444951b2fd",
        "site_name": "Crusoe Abilene Expansion",
        "distance_to_site_km": 0.866,
        "footprint_area_m2_webmercator": 332.82,
        "source_dataset": "Overture Maps buildings",
        "source_url": "https://docs.overturemaps.org/getting-data/",
        "source_release": "2026-09-23.1",
        "source_accessed_on": "2026-09-28",
        "geometry_role": "current building-footprint polygon",
        "linkage_semantics": "Overlap/proximity only; not evidence that the building hosts AI compute."
      }
    },
    {
      "type": "Feature",
      "id": "b7ce775c-eeda-4dc0-be6a-0884f2f2b950",
      "geometry": {
        "type": "Polygon",
        "coordinates": [
          [
            [
              -99.812153,
              32.4949667
            ],
            [
              -99.8121435,
              32.4949228
            ],
            [
              -99.8120021,
              32.4949446
            ],
            [
              -99.8120261,
              32.4950563
            ],
            [
              -99.8120935,
              32.4950459
            ],
            [
              -99.8121009,
              32.4950799
            ],
            [
              -99.8121989,
              32.4950648
            ],
            [
              -99.81219,
              32.4950234
            ],
            [
              -99.8122341,
              32.4950166
            ],
            [
              -99.8122211,
              32.4949562
            ],
            [
              -99.812153,
              32.4949667
            ]
          ]
        ]
      },
      "properties": {
        "epoch_id": "EPOCH-4569f5444951b2fd",
        "site_name": "Crusoe Abilene Expansion",
        "distance_to_site_km": 1.0545,
        "footprint_area_m2_webmercator": 355.58,
        "source_dataset": "Overture Maps buildings",
        "source_url": "https://docs.overturemaps.org/getting-data/",
        "source_release": "2026-09-23.1",
        "source_accessed_on": "2026-09-28",
        "geometry_role": "current building-footprint polygon",
        "linkage_semantics": "Overlap/proximity only; not evidence that the building hosts AI compute."
      }
    },
    {
      "type": "Feature",
      "id": "c9101d32-af54-4b8c-8957-f6407d11b498",
      "geometry": {
        "type": "Polygon",
        "coordinates": [
          [
            [
              -99.8103509,
              32.4950169
            ],
            [
              -99.81058,
              32.4949745
            ],
            [
              -99.8105475,
              32.4948493
            ],
            [
              -99.8103183,
              32.4948917
            ],
            [
              -99.8103509,
              32.4950169
            ]
          ]
        ]
      },
      "properties": {
        "epoch_id": "EPOCH-4569f5444951b2fd",
        "site_name": "Crusoe Abilene Expansion",
        "distance_to_site_km": 0.8983,
        "footprint_area_m2_webmercator": 441.79,
        "source_dataset": "Overture Maps buildings",
        "source_url": "https://docs.overturemaps.org/getting-data/",
        "source_release": "2026-09-23.1",
        "source_accessed_on": "2026-09-28",
        "geometry_role": "current building-footprint polygon",
        "linkage_semantics": "Overlap/proximity only; not evidence that the building hosts AI compute."
      }
    },
    {
      "type": "Feature",
      "id": "576341f0-8739-4ea1-824d-cd00e7bb52a8",
      "geometry": {
        "type": "Polygon",
        "coordinates": [
          [
            [
              -99.8103052,
              32.4948422
            ],
            [
              -99.810291,
              32.4947859
            ],
            [
              -99.8101947,
              32.4948032
            ],
            [
              -99.8102089,
              32.4948595
            ],
            [
              -99.8103052,
              32.4948422
            ]
          ]
        ]
      },
      "properties": {
        "epoch_id": "EPOCH-4569f5444951b2fd",
        "site_name": "Crusoe Abilene Expansion",
        "distance_to_site_km": 0.8787,
        "footprint_area_m2_webmercator": 83.27,
        "source_dataset": "Overture Maps buildings",
        "source_url": "https://docs.overturemaps.org/getting-data/",
        "source_release": "2026-09-23.1",
        "source_accessed_on": "2026-09-28",
        "geometry_role": "current building-footprint polygon",
        "linkage_semantics": "Overlap/proximity only; not evidence that the building hosts AI compute."
      }
    },
    {
      "type": "Feature",
      "id": "b1c142d0-5dbf-4fc4-90d3-7bafe6ffadfb",
      "geometry": {
        "type": "Polygon",
        "coordinates": [
          [
            [
              -99.8097719,
              32.4951162
            ],
            [
              -99.8098256,
              32.495106
            ],
            [
              -99.809801,
              32.4950134
            ],
            [
              -99.8097474,
              32.4950235
            ],
            [
              -99.8097719,
              32.4951162
            ]
          ]
        ]
      },
      "properties": {
        "epoch_id": "EPOCH-4569f5444951b2fd",
        "site_name": "Crusoe Abilene Expansion",
        "distance_to_site_km": 0.8379,
        "footprint_area_m2_webmercator": 76.69,
        "source_dataset": "Overture Maps buildings",
        "source_url": "https://docs.overturemaps.org/getting-data/",
        "source_release": "2026-09-23.1",
        "source_accessed_on": "2026-09-28",
        "geometry_role": "current building-footprint polygon",
        "linkage_semantics": "Overlap/proximity only; not evidence that the building hosts AI compute."
      }
    },
    {
      "type": "Feature",
      "id": "da092610-664a-49dc-ac5b-f4f47327bc46",
      "geometry": {
        "type": "Polygon",
        "coordinates": [
          [
            [
              -99.8080528,
              32.4950436
            ],
            [
              -99.8079851,
              32.495144
            ],
            [
              -99.8081019,
              32.4952005
            ],
            [
              -99.8081695,
              32.4951
            ],
            [
              -99.8080528,
              32.4950436
            ]
          ]
        ]
      },
      "properties": {
        "epoch_id": "EPOCH-4569f5444951b2fd",
        "site_name": "Crusoe Abilene Expansion",
        "distance_to_site_km": 0.6797,
        "footprint_area_m2_webmercator": 228.41,
        "source_dataset": "Overture Maps buildings",
        "source_url": "https://docs.overturemaps.org/getting-data/",
        "source_release": "2026-09-23.1",
        "source_accessed_on": "2026-09-28",
        "geometry_role": "current building-footprint polygon",
        "linkage_semantics": "Overlap/proximity only; not evidence that the building hosts AI compute."
      }
    },
    {
      "type": "Feature",
      "id": "de9447c6-5117-4393-8da6-aa589a205004",
      "geometry": {
        "type": "Polygon",
        "coordinates": [
          [
            [
              -99.8078386,
              32.4950731
            ],
            [
              -99.8079851,
              32.495144
            ],
            [
              -99.8080927,
              32.4949843
            ],
            [
              -99.8080708,
              32.4949737
            ],
            [
              -99.8081095,
              32.4948552
            ],
            [
              -99.8080249,
              32.4948244
            ],
            [
              -99.8079843,
              32.4949299
            ],
            [
              -99.8079594,
              32.494923
            ],
            [
              -99.8079196,
              32.4949841
            ],
            [
              -99.807902,
              32.4949759
            ],
            [
              -99.8078386,
              32.4950731
            ]
          ]
        ]
      },
      "properties": {
        "epoch_id": "EPOCH-4569f5444951b2fd",
        "site_name": "Crusoe Abilene Expansion",
        "distance_to_site_km": 0.6696,
        "footprint_area_m2_webmercator": 602.0,
        "source_dataset": "Overture Maps buildings",
        "source_url": "https://docs.overturemaps.org/getting-data/",
        "source_release": "2026-09-23.1",
        "source_accessed_on": "2026-09-28",
        "geometry_role": "current building-footprint polygon",
        "linkage_semantics": "Overlap/proximity only; not evidence that the building hosts AI compute."
      }
    },
    {
      "type": "Feature",
      "id": "f3ae7dd3-e1cb-4d90-8720-55dc3e872cbd",
      "geometry": {
        "type": "Polygon",
        "coordinates": [
          [
            [
              -99.8064083,
              32.4946185
            ],
            [
              -99.8064219,
              32.494682
            ],
            [
              -99.8066063,
              32.4946539
            ],
            [
              -99.8065927,
              32.4945904
            ],
            [
              -99.8064083,
              32.4946185
            ]
          ]
        ]
      },
      "properties": {
        "epoch_id": "EPOCH-4569f5444951b2fd",
        "site_name": "Crusoe Abilene Expansion",
        "distance_to_site_km": 0.5271,
        "footprint_area_m2_webmercator": 177.65,
        "source_dataset": "Overture Maps buildings",
        "source_url": "https://docs.overturemaps.org/getting-data/",
        "source_release": "2026-09-23.1",
        "source_accessed_on": "2026-09-28",
        "geometry_role": "current building-footprint polygon",
        "linkage_semantics": "Overlap/proximity only; not evidence that the building hosts AI compute."
      }
    },
    {
      "type": "Feature",
      "id": "03693898-c457-42e6-b769-d0738b2efcfa",
      "geometry": {
        "type": "Polygon",
        "coordinates": [
          [
            [
              -99.8095733,
              32.4948037
            ],
            [
              -99.8096692,
              32.4947967
            ],
            [
              -99.8096631,
              32.4947383
            ],
            [
              -99.8095673,
              32.4947454
            ],
            [
              -99.8095733,
              32.4948037
            ]
          ]
        ]
      },
      "properties": {
        "epoch_id": "EPOCH-4569f5444951b2fd",
        "site_name": "Crusoe Abilene Expansion",
        "distance_to_site_km": 0.8192,
        "footprint_area_m2_webmercator": 82.8,
        "source_dataset": "Overture Maps buildings",
        "source_url": "https://docs.overturemaps.org/getting-data/",
        "source_release": "2026-09-23.1",
        "source_accessed_on": "2026-09-28",
        "geometry_role": "current building-footprint polygon",
        "linkage_semantics": "Overlap/proximity only; not evidence that the building hosts AI compute."
      }
    },
    {
      "type": "Feature",
      "id": "4271a2a6-255a-48e7-9964-7156a33e8e14",
      "geometry": {
        "type": "Polygon",
        "coordinates": [
          [
            [
              -99.8086164,
              32.4948361
            ],
            [
              -99.8087139,
              32.4948036
            ],
            [
              -99.8086008,
              32.49458
            ],
            [
              -99.8084932,
              32.4946169
            ],
            [
              -99.8086164,
              32.4948361
            ]
          ]
        ]
      },
      "properties": {
        "epoch_id": "EPOCH-4569f5444951b2fd",
        "site_name": "Crusoe Abilene Expansion",
        "distance_to_site_km": 0.7239,
        "footprint_area_m2_webmercator": 393.82,
        "source_dataset": "Overture Maps buildings",
        "source_url": "https://docs.overturemaps.org/getting-data/",
        "source_release": "2026-09-23.1",
        "source_accessed_on": "2026-09-28",
        "geometry_role": "current building-footprint polygon",
        "linkage_semantics": "Overlap/proximity only; not evidence that the building hosts AI compute."
      }
    },
    {
      "type": "Feature",
      "id": "a78d6ee8-e68b-46b3-b9b8-7659aaf0b4b9",
      "geometry": {
        "type": "Polygon",
        "coordinates": [
          [
            [
              -99.805934,
              32.4945512
            ],
            [
              -99.8059498,
              32.4946328
            ],
            [
              -99.8060647,
              32.494617
            ],
            [
              -99.806049,
              32.4945355
            ],
            [
              -99.805934,
              32.4945512
            ]
          ]
        ]
      },
      "properties": {
        "epoch_id": "EPOCH-4569f5444951b2fd",
        "site_name": "Crusoe Abilene Expansion",
        "distance_to_site_km": 0.4792,
        "footprint_area_m2_webmercator": 141.37,
        "source_dataset": "Overture Maps buildings",
        "source_url": "https://docs.overturemaps.org/getting-data/",
        "source_release": "2026-09-23.1",
        "source_accessed_on": "2026-09-28",
        "geometry_role": "current building-footprint polygon",
        "linkage_semantics": "Overlap/proximity only; not evidence that the building hosts AI compute."
      }
    },
    {
      "type": "Feature",
      "id": "b4e4078d-7d09-4c9a-934a-54e6268cf8d0",
      "geometry": {
        "type": "Polygon",
        "coordinates": [
          [
            [
              -99.8063828,
              32.4943736
            ],
            [
              -99.8063725,
              32.4942897
            ],
            [
              -99.8062982,
              32.4942962
            ],
            [
              -99.8063085,
              32.4943801
            ],
            [
              -99.8063828,
              32.4943736
            ]
          ]
        ]
      },
      "properties": {
        "epoch_id": "EPOCH-4569f5444951b2fd",
        "site_name": "Crusoe Abilene Expansion",
        "distance_to_site_km": 0.5097,
        "footprint_area_m2_webmercator": 92.57,
        "source_dataset": "Overture Maps buildings",
        "source_url": "https://docs.overturemaps.org/getting-data/",
        "source_release": "2026-09-23.1",
        "source_accessed_on": "2026-09-28",
        "geometry_role": "current building-footprint polygon",
        "linkage_semantics": "Overlap/proximity only; not evidence that the building hosts AI compute."
      }
    },
    {
      "type": "Feature",
      "id": "e0b4defc-34ef-46b1-9948-748c2081c7a5",
      "geometry": {
        "type": "Polygon",
        "coordinates": [
          [
            [
              -99.8109599,
              32.4948941
            ],
            [
              -99.8111304,
              32.4948503
            ],
            [
              -99.8110804,
              32.4947104
            ],
            [
              -99.8111637,
              32.494689
            ],
            [
              -99.8111223,
              32.4945732
            ],
            [
              -99.8110319,
              32.4945964
            ],
            [
              -99.8110191,
              32.4945608
            ],
            [
              -99.8108581,
              32.4946022
            ],
            [
              -99.8109011,
              32.4947225
            ],
            [
              -99.8108427,
              32.4947375
            ],
            [
              -99.8108684,
              32.4948092
            ],
            [
              -99.8109244,
              32.4947948
            ],
            [
              -99.8109599,
              32.4948941
            ]
          ]
        ]
      },
      "properties": {
        "epoch_id": "EPOCH-4569f5444951b2fd",
        "site_name": "Crusoe Abilene Expansion",
        "distance_to_site_km": 0.9484,
        "footprint_area_m2_webmercator": 1007.46,
        "source_dataset": "Overture Maps buildings",
        "source_url": "https://docs.overturemaps.org/getting-data/",
        "source_release": "2026-09-23.1",
        "source_accessed_on": "2026-09-28",
        "geometry_role": "current building-footprint polygon",
        "linkage_semantics": "Overlap/proximity only; not evidence that the building hosts AI compute."
      }
    },
    {
      "type": "Feature",
      "id": "ebeeeb12-b7b5-4f1f-8bb6-36d23ef122f5",
      "geometry": {
        "type": "Polygon",
        "coordinates": [
          [
            [
              -99.819874,
              32.4942171
            ],
            [
              -99.819866,
              32.4941775
            ],
            [
              -99.8197878,
              32.4941888
            ],
            [
              -99.8197962,
              32.4942305
            ],
            [
              -99.8197467,
              32.4942376
            ],
            [
              -99.8197556,
              32.4942816
            ],
            [
              -99.8197817,
              32.4942779
            ],
            [
              -99.8197901,
              32.4943196
            ],
            [
              -99.8198188,
              32.4943155
            ],
            [
              -99.8198117,
              32.4942803
            ],
            [
              -99.8199733,
              32.4942571
            ],
            [
              -99.8199626,
              32.4942043
            ],
            [
              -99.819874,
              32.4942171
            ]
          ]
        ]
      },
      "properties": {
        "epoch_id": "EPOCH-4569f5444951b2fd",
        "site_name": "Crusoe Abilene Expansion",
        "distance_to_site_km": 1.7768,
        "footprint_area_m2_webmercator": 230.38,
        "source_dataset": "Overture Maps buildings",
        "source_url": "https://docs.overturemaps.org/getting-data/",
        "source_release": "2026-09-23.1",
        "source_accessed_on": "2026-09-28",
        "geometry_role": "current building-footprint polygon",
        "linkage_semantics": "Overlap/proximity only; not evidence that the building hosts AI compute."
      }
    },
    {
      "type": "Feature",
      "id": "92020a36-f428-47d4-a869-616c983f8aa5",
      "geometry": {
        "type": "Polygon",
        "coordinates": [
          [
            [
              -99.8195682,
              32.4943474
            ],
            [
              -99.8195485,
              32.4942791
            ],
            [
              -99.8194599,
              32.4942971
            ],
            [
              -99.8195263,
              32.4945289
            ],
            [
              -99.8196291,
              32.4945079
            ],
            [
              -99.8195822,
              32.4943446
            ],
            [
              -99.8195682,
              32.4943474
            ]
          ]
        ]
      },
      "properties": {
        "epoch_id": "EPOCH-4569f5444951b2fd",
        "site_name": "Crusoe Abilene Expansion",
        "distance_to_site_km": 1.748,
        "footprint_area_m2_webmercator": 355.3,
        "source_dataset": "Overture Maps buildings",
        "source_url": "https://docs.overturemaps.org/getting-data/",
        "source_release": "2026-09-23.1",
        "source_accessed_on": "2026-09-28",
        "geometry_role": "current building-footprint polygon",
        "linkage_semantics": "Overlap/proximity only; not evidence that the building hosts AI compute."
      }
    },
    {
      "type": "Feature",
      "id": "670d8b10-fd7f-4f54-8949-ff0b90c7d34e",
      "geometry": {
        "type": "Polygon",
        "coordinates": [
          [
            [
              -99.8200745,
              32.4951633
            ],
            [
              -99.8199502,
              32.495176
            ],
            [
              -99.8199561,
              32.495217
            ],
            [
              -99.8200143,
              32.4952111
            ],
            [
              -99.8200231,
              32.4952726
            ],
            [
              -99.8200892,
              32.4952659
            ],
            [
              -99.8200745,
              32.4951633
            ]
          ]
        ]
      },
      "properties": {
        "epoch_id": "EPOCH-4569f5444951b2fd",
        "site_name": "Crusoe Abilene Expansion",
        "distance_to_site_km": 1.7969,
        "footprint_area_m2_webmercator": 136.65,
        "source_dataset": "Overture Maps buildings",
        "source_url": "https://docs.overturemaps.org/getting-data/",
        "source_release": "2026-09-23.1",
        "source_accessed_on": "2026-09-28",
        "geometry_role": "current building-footprint polygon",
        "linkage_semantics": "Overlap/proximity only; not evidence that the building hosts AI compute."
      }
    },
    {
      "type": "Feature",
      "id": "9f318228-a4f9-4709-81bd-04838288b137",
      "geometry": {
        "type": "Polygon",
        "coordinates": [
          [
            [
              -99.8208683,
              32.4953598
            ],
            [
              -99.8208612,
              32.4953078
            ],
            [
              -99.8206132,
              32.4953319
            ],
            [
              -99.8206203,
              32.495384
            ],
            [
              -99.8207824,
              32.4953683
            ],
            [
              -99.8207867,
              32.4953999
            ],
            [
              -99.8208437,
              32.4953943
            ],
            [
              -99.8208394,
              32.4953626
            ],
            [
              -99.8208683,
              32.4953598
            ]
          ]
        ]
      },
      "properties": {
        "epoch_id": "EPOCH-4569f5444951b2fd",
        "site_name": "Crusoe Abilene Expansion",
        "distance_to_site_km": 1.8651,
        "footprint_area_m2_webmercator": 219.21,
        "source_dataset": "Overture Maps buildings",
        "source_url": "https://docs.overturemaps.org/getting-data/",
        "source_release": "2026-09-23.1",
        "source_accessed_on": "2026-09-28",
        "geometry_role": "current building-footprint polygon",
        "linkage_semantics": "Overlap/proximity only; not evidence that the building hosts AI compute."
      }
    },
    {
      "type": "Feature",
      "id": "27511fff-7c97-4221-8fde-021edb80df80",
      "geometry": {
        "type": "Polygon",
        "coordinates": [
          [
            [
              -99.8207541,
              32.4934487
            ],
            [
              -99.8207233,
              32.493312
            ],
            [
              -99.8205628,
              32.4933378
            ],
            [
              -99.8205936,
              32.4934745
            ],
            [
              -99.8207541,
              32.4934487
            ]
          ]
        ]
      },
      "properties": {
        "epoch_id": "EPOCH-4569f5444951b2fd",
        "site_name": "Crusoe Abilene Expansion",
        "distance_to_site_km": 1.8548,
        "footprint_area_m2_webmercator": 334.02,
        "source_dataset": "Overture Maps buildings",
        "source_url": "https://docs.overturemaps.org/getting-data/",
        "source_release": "2026-09-23.1",
        "source_accessed_on": "2026-09-28",
        "geometry_role": "current building-footprint polygon",
        "linkage_semantics": "Overlap/proximity only; not evidence that the building hosts AI compute."
      }
    },
    {
      "type": "Feature",
      "id": "246f71dc-2bd0-4b80-a395-7545e23253ab",
      "geometry": {
        "type": "Polygon",
        "coordinates": [
          [
            [
              -99.8204275,
              32.493568
            ],
            [
              -99.8204025,
              32.4936168
            ],
            [
              -99.8204328,
              32.4936279
            ],
            [
              -99.820383,
              32.4937251
            ],
            [
              -99.8204792,
              32.4937602
            ],
            [
              -99.820554,
              32.4936142
            ],
            [
              -99.8204275,
              32.493568
            ]
          ]
        ]
      },
      "properties": {
        "epoch_id": "EPOCH-4569f5444951b2fd",
        "site_name": "Crusoe Abilene Expansion",
        "distance_to_site_km": 1.8354,
        "footprint_area_m2_webmercator": 270.76,
        "source_dataset": "Overture Maps buildings",
        "source_url": "https://docs.overturemaps.org/getting-data/",
        "source_release": "2026-09-23.1",
        "source_accessed_on": "2026-09-28",
        "geometry_role": "current building-footprint polygon",
        "linkage_semantics": "Overlap/proximity only; not evidence that the building hosts AI compute."
      }
    },
    {
      "type": "Feature",
      "id": "4be48a47-a3b3-4148-8d21-dc4a026d0ada",
      "geometry": {
        "type": "Polygon",
        "coordinates": [
          [
            [
              -99.8104168,
              32.4936624
            ],
            [
              -99.8103867,
              32.4935634
            ],
            [
              -99.8103022,
              32.4935816
            ],
            [
              -99.8103323,
              32.4936806
            ],
            [
              -99.8104168,
              32.4936624
            ]
          ]
        ]
      },
      "properties": {
        "epoch_id": "EPOCH-4569f5444951b2fd",
        "site_name": "Crusoe Abilene Expansion",
        "distance_to_site_km": 0.8891,
        "footprint_area_m2_webmercator": 130.95,
        "source_dataset": "Overture Maps buildings",
        "source_url": "https://docs.overturemaps.org/getting-data/",
        "source_release": "2026-09-23.1",
        "source_accessed_on": "2026-09-28",
        "geometry_role": "current building-footprint polygon",
        "linkage_semantics": "Overlap/proximity only; not evidence that the building hosts AI compute."
      }
    },
    {
      "type": "Feature",
      "id": "e8c47586-da2e-4702-a21b-0b73ad97e83f",
      "geometry": {
        "type": "Polygon",
        "coordinates": [
          [
            [
              -99.8104787,
              32.4937021
            ],
            [
              -99.8104962,
              32.4937484
            ],
            [
              -99.8106113,
              32.4937173
            ],
            [
              -99.8106005,
              32.4936761
            ],
            [
              -99.8106123,
              32.4936738
            ],
            [
              -99.8105989,
              32.4936228
            ],
            [
              -99.8105701,
              32.4936282
            ],
            [
              -99.8105389,
              32.4935091
            ],
            [
              -99.8103828,
              32.4935384
            ],
            [
              -99.8104475,
              32.4937105
            ],
            [
              -99.8104787,
              32.4937021
            ]
          ]
        ]
      },
      "properties": {
        "epoch_id": "EPOCH-4569f5444951b2fd",
        "site_name": "Crusoe Abilene Expansion",
        "distance_to_site_km": 0.9024,
        "footprint_area_m2_webmercator": 495.42,
        "source_dataset": "Overture Maps buildings",
        "source_url": "https://docs.overturemaps.org/getting-data/",
        "source_release": "2026-09-23.1",
        "source_accessed_on": "2026-09-28",
        "geometry_role": "current building-footprint polygon",
        "linkage_semantics": "Overlap/proximity only; not evidence that the building hosts AI compute."
      }
    },
    {
      "type": "Feature",
      "id": "70622af0-f0e7-4f04-a352-f4eaec401c6f",
      "geometry": {
        "type": "Polygon",
        "coordinates": [
          [
            [
              -99.8103398,
              32.4938017
            ],
            [
              -99.8103141,
              32.4937265
            ],
            [
              -99.8102706,
              32.493737
            ],
            [
              -99.8102963,
              32.4938122
            ],
            [
              -99.8103398,
              32.4938017
            ]
          ]
        ]
      },
      "properties": {
        "epoch_id": "EPOCH-4569f5444951b2fd",
        "site_name": "Crusoe Abilene Expansion",
        "distance_to_site_km": 0.8829,
        "footprint_area_m2_webmercator": 52.03,
        "source_dataset": "Overture Maps buildings",
        "source_url": "https://docs.overturemaps.org/getting-data/",
        "source_release": "2026-09-23.1",
        "source_accessed_on": "2026-09-28",
        "geometry_role": "current building-footprint polygon",
        "linkage_semantics": "Overlap/proximity only; not evidence that the building hosts AI compute."
      }
    },
    {
      "type": "Feature",
      "id": "712ff4d6-2bc1-4ad9-83c4-63f62d0b3384",
      "geometry": {
        "type": "Polygon",
        "coordinates": [
          [
            [
              -99.8105744,
              32.4938027
            ],
            [
              -99.8105195,
              32.4939175
            ],
            [
              -99.8107502,
              32.493996
            ],
            [
              -99.8108051,
              32.4938812
            ],
            [
              -99.8105744,
              32.4938027
            ]
          ]
        ]
      },
      "properties": {
        "epoch_id": "EPOCH-4569f5444951b2fd",
        "site_name": "Crusoe Abilene Expansion",
        "distance_to_site_km": 0.9157,
        "footprint_area_m2_webmercator": 452.43,
        "source_dataset": "Overture Maps buildings",
        "source_url": "https://docs.overturemaps.org/getting-data/",
        "source_release": "2026-09-23.1",
        "source_accessed_on": "2026-09-28",
        "geometry_role": "current building-footprint polygon",
        "linkage_semantics": "Overlap/proximity only; not evidence that the building hosts AI compute."
      }
    },
    {
      "type": "Feature",
      "id": "3d962dd6-30bf-4012-978c-ee968c31015a",
      "geometry": {
        "type": "Polygon",
        "coordinates": [
          [
            [
              -99.8073255,
              32.4941784
            ],
            [
              -99.8074715,
              32.4941153
            ],
            [
              -99.8074358,
              32.4940558
            ],
            [
              -99.8072897,
              32.494119
            ],
            [
              -99.8073255,
              32.4941784
            ]
          ]
        ]
      },
      "properties": {
        "epoch_id": "EPOCH-4569f5444951b2fd",
        "site_name": "Crusoe Abilene Expansion",
        "distance_to_site_km": 0.6073,
        "footprint_area_m2_webmercator": 160.74,
        "source_dataset": "Overture Maps buildings",
        "source_url": "https://docs.overturemaps.org/getting-data/",
        "source_release": "2026-09-23.1",
        "source_accessed_on": "2026-09-28",
        "geometry_role": "current building-footprint polygon",
        "linkage_semantics": "Overlap/proximity only; not evidence that the building hosts AI compute."
      }
    },
    {
      "type": "Feature",
      "id": "bf4b0d27-25c5-409a-bd37-cadc35a5af9c",
      "geometry": {
        "type": "Polygon",
        "coordinates": [
          [
            [
              -99.8080212,
              32.494059
            ],
            [
              -99.8081042,
              32.494041
            ],
            [
              -99.8080693,
              32.4939264
            ],
            [
              -99.8079863,
              32.4939444
            ],
            [
              -99.8080212,
              32.494059
            ]
          ]
        ]
      },
      "properties": {
        "epoch_id": "EPOCH-4569f5444951b2fd",
        "site_name": "Crusoe Abilene Expansion",
        "distance_to_site_km": 0.67,
        "footprint_area_m2_webmercator": 148.98,
        "source_dataset": "Overture Maps buildings",
        "source_url": "https://docs.overturemaps.org/getting-data/",
        "source_release": "2026-09-23.1",
        "source_accessed_on": "2026-09-28",
        "geometry_role": "current building-footprint polygon",
        "linkage_semantics": "Overlap/proximity only; not evidence that the building hosts AI compute."
      }
    },
    {
      "type": "Feature",
      "id": "0ceb2b6e-7ee2-4615-8f51-9bee41cff391",
      "geometry": {
        "type": "Polygon",
        "coordinates": [
          [
            [
              -99.8061934,
              32.4939949
            ],
            [
              -99.8062006,
              32.494038
            ],
            [
              -99.8063255,
              32.494023
            ],
            [
              -99.8062827,
              32.4938524
            ],
            [
              -99.8062745,
              32.4938539
            ],
            [
              -99.8062515,
              32.4937624
            ],
            [
              -99.8061629,
              32.4937784
            ],
            [
              -99.8061849,
              32.4938662
            ],
            [
              -99.8061615,
              32.4938704
            ],
            [
              -99.8061778,
              32.4939352
            ],
            [
              -99.8061489,
              32.4939404
            ],
            [
              -99.806164,
              32.4940002
            ],
            [
              -99.8061934,
              32.4939949
            ]
          ]
        ]
      },
      "properties": {
        "epoch_id": "EPOCH-4569f5444951b2fd",
        "site_name": "Crusoe Abilene Expansion",
        "distance_to_site_km": 0.5007,
        "footprint_area_m2_webmercator": 461.61,
        "source_dataset": "Overture Maps buildings",
        "source_url": "https://docs.overturemaps.org/getting-data/",
        "source_release": "2026-09-23.1",
        "source_accessed_on": "2026-09-28",
        "geometry_role": "current building-footprint polygon",
        "linkage_semantics": "Overlap/proximity only; not evidence that the building hosts AI compute."
      }
    },
    {
      "type": "Feature",
      "id": "5381242c-2fc1-4c1c-989d-ebe609e83d0a",
      "geometry": {
        "type": "Polygon",
        "coordinates": [
          [
            [
              -99.8063319,
              32.4934792
            ],
            [
              -99.8063512,
              32.4935783
            ],
            [
              -99.8064232,
              32.4935683
            ],
            [
              -99.8064039,
              32.4934692
            ],
            [
              -99.8063319,
              32.4934792
            ]
          ]
        ]
      },
      "properties": {
        "epoch_id": "EPOCH-4569f5444951b2fd",
        "site_name": "Crusoe Abilene Expansion",
        "distance_to_site_km": 0.5191,
        "footprint_area_m2_webmercator": 107.67,
        "source_dataset": "Overture Maps buildings",
        "source_url": "https://docs.overturemaps.org/getting-data/",
        "source_release": "2026-09-23.1",
        "source_accessed_on": "2026-09-28",
        "geometry_role": "current building-footprint polygon",
        "linkage_semantics": "Overlap/proximity only; not evidence that the building hosts AI compute."
      }
    },
    {
      "type": "Feature",
      "id": "b710fe75-e968-4adf-bedd-40b0857da9c2",
      "geometry": {
        "type": "Polygon",
        "coordinates": [
          [
            [
              -99.8061327,
              32.4932394
            ],
            [
              -99.8060726,
              32.4932902
            ],
            [
              -99.8061462,
              32.4933527
            ],
            [
              -99.8061604,
              32.4933406
            ],
            [
              -99.8061774,
              32.493355
            ],
            [
              -99.8062109,
              32.4933267
            ],
            [
              -99.8062601,
              32.4933685
            ],
            [
              -99.8063063,
              32.4933294
            ],
            [
              -99.8062943,
              32.4933192
            ],
            [
              -99.8063287,
              32.4932901
            ],
            [
              -99.8062466,
              32.4932203
            ],
            [
              -99.8061783,
              32.4932781
            ],
            [
              -99.8061327,
              32.4932394
            ]
          ]
        ]
      },
      "properties": {
        "epoch_id": "EPOCH-4569f5444951b2fd",
        "site_name": "Crusoe Abilene Expansion",
        "distance_to_site_km": 0.5079,
        "footprint_area_m2_webmercator": 294.4,
        "source_dataset": "Overture Maps buildings",
        "source_url": "https://docs.overturemaps.org/getting-data/",
        "source_release": "2026-09-23.1",
        "source_accessed_on": "2026-09-28",
        "geometry_role": "current building-footprint polygon",
        "linkage_semantics": "Overlap/proximity only; not evidence that the building hosts AI compute."
      }
    },
    {
      "type": "Feature",
      "id": "681eaec5-d5b9-474a-8393-7e79b14030c2",
      "geometry": {
        "type": "Polygon",
        "coordinates": [
          [
            [
              -99.8093613,
              32.4934373
            ],
            [
              -99.8093473,
              32.4933929
            ],
            [
              -99.8092245,
              32.4934204
            ],
            [
              -99.8092385,
              32.4934648
            ],
            [
              -99.8093613,
              32.4934373
            ]
          ]
        ]
      },
      "properties": {
        "epoch_id": "EPOCH-4569f5444951b2fd",
        "site_name": "Crusoe Abilene Expansion",
        "distance_to_site_km": 0.7915,
        "footprint_area_m2_webmercator": 85.76,
        "source_dataset": "Overture Maps buildings",
        "source_url": "https://docs.overturemaps.org/getting-data/",
        "source_release": "2026-09-23.1",
        "source_accessed_on": "2026-09-28",
        "geometry_role": "current building-footprint polygon",
        "linkage_semantics": "Overlap/proximity only; not evidence that the building hosts AI compute."
      }
    },
    {
      "type": "Feature",
      "id": "f7b114a8-5e20-412f-a448-236f3dc4addd",
      "geometry": {
        "type": "Polygon",
        "coordinates": [
          [
            [
              -99.8065768,
              32.4928258
            ],
            [
              -99.8066423,
              32.4928173
            ],
            [
              -99.8066272,
              32.4927345
            ],
            [
              -99.8065617,
              32.492743
            ],
            [
              -99.8065768,
              32.4928258
            ]
          ]
        ]
      },
      "properties": {
        "epoch_id": "EPOCH-4569f5444951b2fd",
        "site_name": "Crusoe Abilene Expansion",
        "distance_to_site_km": 0.558,
        "footprint_area_m2_webmercator": 81.57,
        "source_dataset": "Overture Maps buildings",
        "source_url": "https://docs.overturemaps.org/getting-data/",
        "source_release": "2026-09-23.1",
        "source_accessed_on": "2026-09-28",
        "geometry_role": "current building-footprint polygon",
        "linkage_semantics": "Overlap/proximity only; not evidence that the building hosts AI compute."
      }
    },
    {
      "type": "Feature",
      "id": "202464a3-f3e9-4935-ac3c-49c1b5aaa788",
      "geometry": {
        "type": "Polygon",
        "coordinates": [
          [
            [
              -99.8067842,
              32.4928209
            ],
            [
              -99.806893,
              32.4928112
            ],
            [
              -99.8068816,
              32.4927191
            ],
            [
              -99.8067974,
              32.4927266
            ],
            [
              -99.8067951,
              32.492708
            ],
            [
              -99.8066932,
              32.4927171
            ],
            [
              -99.8066961,
              32.4927409
            ],
            [
              -99.8066694,
              32.4927433
            ],
            [
              -99.8066723,
              32.4927669
            ],
            [
              -99.806648,
              32.4927691
            ],
            [
              -99.8066529,
              32.4928086
            ],
            [
              -99.8066757,
              32.4928066
            ],
            [
              -99.8066789,
              32.4928327
            ],
            [
              -99.8067134,
              32.4928296
            ],
            [
              -99.8067158,
              32.4928494
            ],
            [
              -99.8067869,
              32.492843
            ],
            [
              -99.8067842,
              32.4928209
            ]
          ]
        ]
      },
      "properties": {
        "epoch_id": "EPOCH-4569f5444951b2fd",
        "site_name": "Crusoe Abilene Expansion",
        "distance_to_site_km": 0.5734,
        "footprint_area_m2_webmercator": 356.69,
        "source_dataset": "Overture Maps buildings",
        "source_url": "https://docs.overturemaps.org/getting-data/",
        "source_release": "2026-09-23.1",
        "source_accessed_on": "2026-09-28",
        "geometry_role": "current building-footprint polygon",
        "linkage_semantics": "Overlap/proximity only; not evidence that the building hosts AI compute."
      }
    },
    {
      "type": "Feature",
      "id": "67fbeebe-c05c-484a-b3d9-fa87e73b8bfc",
      "geometry": {
        "type": "Polygon",
        "coordinates": [
          [
            [
              -99.8054783,
              32.4924
            ],
            [
              -99.8054925,
              32.4924539
            ],
            [
              -99.80561,
              32.4924318
            ],
            [
              -99.8055958,
              32.4923779
            ],
            [
              -99.8054783,
              32.4924
            ]
          ]
        ]
      },
      "properties": {
        "epoch_id": "EPOCH-4569f5444951b2fd",
        "site_name": "Crusoe Abilene Expansion",
        "distance_to_site_km": 0.4795,
        "footprint_area_m2_webmercator": 97.66,
        "source_dataset": "Overture Maps buildings",
        "source_url": "https://docs.overturemaps.org/getting-data/",
        "source_release": "2026-09-23.1",
        "source_accessed_on": "2026-09-28",
        "geometry_role": "current building-footprint polygon",
        "linkage_semantics": "Overlap/proximity only; not evidence that the building hosts AI compute."
      }
    },
    {
      "type": "Feature",
      "id": "dfad47ed-3509-40f5-87f0-f5687d6bb26c",
      "geometry": {
        "type": "Polygon",
        "coordinates": [
          [
            [
              -99.8055721,
              32.4921939
            ],
            [
              -99.8056168,
              32.4923474
            ],
            [
              -99.8056597,
              32.4923384
            ],
            [
              -99.8056695,
              32.4923722
            ],
            [
              -99.8057225,
              32.4923612
            ],
            [
              -99.8056615,
              32.4921517
            ],
            [
              -99.8056148,
              32.4921614
            ],
            [
              -99.8056213,
              32.4921837
            ],
            [
              -99.8055721,
              32.4921939
            ]
          ]
        ]
      },
      "properties": {
        "epoch_id": "EPOCH-4569f5444951b2fd",
        "site_name": "Crusoe Abilene Expansion",
        "distance_to_site_km": 0.4955,
        "footprint_area_m2_webmercator": 273.32,
        "source_dataset": "Overture Maps buildings",
        "source_url": "https://docs.overturemaps.org/getting-data/",
        "source_release": "2026-09-23.1",
        "source_accessed_on": "2026-09-28",
        "geometry_role": "current building-footprint polygon",
        "linkage_semantics": "Overlap/proximity only; not evidence that the building hosts AI compute."
      }
    },
    {
      "type": "Feature",
      "id": "896197a6-7c74-4b1e-9a1b-88029bbd6d39",
      "geometry": {
        "type": "Polygon",
        "coordinates": [
          [
            [
              -99.8058568,
              32.4923288
            ],
            [
              -99.8058165,
              32.4921263
            ],
            [
              -99.8057121,
              32.4921411
            ],
            [
              -99.8057524,
              32.4923435
            ],
            [
              -99.8058568,
              32.4923288
            ]
          ]
        ]
      },
      "properties": {
        "epoch_id": "EPOCH-4569f5444951b2fd",
        "site_name": "Crusoe Abilene Expansion",
        "distance_to_site_km": 0.5085,
        "footprint_area_m2_webmercator": 319.26,
        "source_dataset": "Overture Maps buildings",
        "source_url": "https://docs.overturemaps.org/getting-data/",
        "source_release": "2026-09-23.1",
        "source_accessed_on": "2026-09-28",
        "geometry_role": "current building-footprint polygon",
        "linkage_semantics": "Overlap/proximity only; not evidence that the building hosts AI compute."
      }
    },
    {
      "type": "Feature",
      "id": "8a126965-b68f-47b6-9e72-fa92ca5a2a2d",
      "geometry": {
        "type": "Polygon",
        "coordinates": [
          [
            [
              -99.8101799,
              32.4918728
            ],
            [
              -99.8102556,
              32.4918651
            ],
            [
              -99.8102466,
              32.4918027
            ],
            [
              -99.810171,
              32.4918104
            ],
            [
              -99.8101799,
              32.4918728
            ]
          ]
        ]
      },
      "properties": {
        "epoch_id": "EPOCH-4569f5444951b2fd",
        "site_name": "Crusoe Abilene Expansion",
        "distance_to_site_km": 0.9125,
        "footprint_area_m2_webmercator": 70.37,
        "source_dataset": "Overture Maps buildings",
        "source_url": "https://docs.overturemaps.org/getting-data/",
        "source_release": "2026-09-23.1",
        "source_accessed_on": "2026-09-28",
        "geometry_role": "current building-footprint polygon",
        "linkage_semantics": "Overlap/proximity only; not evidence that the building hosts AI compute."
      }
    },
    {
      "type": "Feature",
      "id": "565ed962-8a9c-4b37-9de2-cb7d7aeb20b7",
      "geometry": {
        "type": "Polygon",
        "coordinates": [
          [
            [
              -99.8102123,
              32.4920795
            ],
            [
              -99.8103229,
              32.4920626
            ],
            [
              -99.8102836,
              32.4918752
            ],
            [
              -99.8101739,
              32.4918903
            ],
            [
              -99.8102123,
              32.4920795
            ]
          ]
        ]
      },
      "properties": {
        "epoch_id": "EPOCH-4569f5444951b2fd",
        "site_name": "Crusoe Abilene Expansion",
        "distance_to_site_km": 0.9113,
        "footprint_area_m2_webmercator": 313.86,
        "source_dataset": "Overture Maps buildings",
        "source_url": "https://docs.overturemaps.org/getting-data/",
        "source_release": "2026-09-23.1",
        "source_accessed_on": "2026-09-28",
        "geometry_role": "current building-footprint polygon",
        "linkage_semantics": "Overlap/proximity only; not evidence that the building hosts AI compute."
      }
    },
    {
      "type": "Feature",
      "id": "5b0665b0-92c7-44da-8456-106f8510b732",
      "geometry": {
        "type": "Polygon",
        "coordinates": [
          [
            [
              -99.8098981,
              32.4920758
            ],
            [
              -99.8097915,
              32.492092
            ],
            [
              -99.8097998,
              32.4921306
            ],
            [
              -99.8099063,
              32.4921145
            ],
            [
              -99.8098981,
              32.4920758
            ]
          ]
        ]
      },
      "properties": {
        "epoch_id": "EPOCH-4569f5444951b2fd",
        "site_name": "Crusoe Abilene Expansion",
        "distance_to_site_km": 0.8714,
        "footprint_area_m2_webmercator": 62.46,
        "source_dataset": "Overture Maps buildings",
        "source_url": "https://docs.overturemaps.org/getting-data/",
        "source_release": "2026-09-23.1",
        "source_accessed_on": "2026-09-28",
        "geometry_role": "current building-footprint polygon",
        "linkage_semantics": "Overlap/proximity only; not evidence that the building hosts AI compute."
      }
    },
    {
      "type": "Feature",
      "id": "77b0b5a1-0074-415f-81f4-f0a31913e789",
      "geometry": {
        "type": "Polygon",
        "coordinates": [
          [
            [
              -99.8206539,
              32.4910511
            ],
            [
              -99.8207025,
              32.4910561
            ],
            [
              -99.8206914,
              32.4911332
            ],
            [
              -99.820895,
              32.491154
            ],
            [
              -99.8209144,
              32.4910188
            ],
            [
              -99.8208632,
              32.4910136
            ],
            [
              -99.8208585,
              32.4910462
            ],
            [
              -99.8207141,
              32.4910315
            ],
            [
              -99.820721,
              32.4909833
            ],
            [
              -99.8206645,
              32.4909775
            ],
            [
              -99.8206539,
              32.4910511
            ]
          ]
        ]
      },
      "properties": {
        "epoch_id": "EPOCH-4569f5444951b2fd",
        "site_name": "Crusoe Abilene Expansion",
        "distance_to_site_km": 1.8974,
        "footprint_area_m2_webmercator": 395.12,
        "source_dataset": "Overture Maps buildings",
        "source_url": "https://docs.overturemaps.org/getting-data/",
        "source_release": "2026-09-23.1",
        "source_accessed_on": "2026-09-28",
        "geometry_role": "current building-footprint polygon",
        "linkage_semantics": "Overlap/proximity only; not evidence that the building hosts AI compute."
      }
    },
    {
      "type": "Feature",
      "id": "687f1a80-85ea-44de-ab40-5d0b28a1896e",
      "geometry": {
        "type": "Polygon",
        "coordinates": [
          [
            [
              -99.7935268,
              32.4919199
            ],
            [
              -99.7935338,
              32.4918734
            ],
            [
              -99.7934373,
              32.4918629
            ],
            [
              -99.7934296,
              32.4919141
            ],
            [
              -99.793338,
              32.4919041
            ],
            [
              -99.7933238,
              32.4919984
            ],
            [
              -99.793425,
              32.4920094
            ],
            [
              -99.7934199,
              32.4920432
            ],
            [
              -99.7934901,
              32.4920508
            ],
            [
              -99.7934958,
              32.4920129
            ],
            [
              -99.7935204,
              32.4920155
            ],
            [
              -99.7935267,
              32.4919738
            ],
            [
              -99.7935541,
              32.4919768
            ],
            [
              -99.7935621,
              32.4919237
            ],
            [
              -99.7935268,
              32.4919199
            ]
          ]
        ]
      },
      "properties": {
        "epoch_id": "EPOCH-4569f5444951b2fd",
        "site_name": "Crusoe Abilene Expansion",
        "distance_to_site_km": 0.7441,
        "footprint_area_m2_webmercator": 405.79,
        "source_dataset": "Overture Maps buildings",
        "source_url": "https://docs.overturemaps.org/getting-data/",
        "source_release": "2026-09-23.1",
        "source_accessed_on": "2026-09-28",
        "geometry_role": "current building-footprint polygon",
        "linkage_semantics": "Overlap/proximity only; not evidence that the building hosts AI compute."
      }
    },
    {
      "type": "Feature",
      "id": "2b7f6cea-9a14-4c3e-a040-b6874cc47c79",
      "geometry": {
        "type": "Polygon",
        "coordinates": [
          [
            [
              -99.8017899,
              32.4926984
            ],
            [
              -99.801792,
              32.492754
            ],
            [
              -99.8018896,
              32.4927513
            ],
            [
              -99.8018875,
              32.4926957
            ],
            [
              -99.8017899,
              32.4926984
            ]
          ]
        ]
      },
      "properties": {
        "epoch_id": "EPOCH-4569f5444951b2fd",
        "site_name": "Crusoe Abilene Expansion",
        "distance_to_site_km": 0.1891,
        "footprint_area_m2_webmercator": 79.81,
        "source_dataset": "Overture Maps buildings",
        "source_url": "https://docs.overturemaps.org/getting-data/",
        "source_release": "2026-09-23.1",
        "source_accessed_on": "2026-09-28",
        "geometry_role": "current building-footprint polygon",
        "linkage_semantics": "Overlap/proximity only; not evidence that the building hosts AI compute."
      }
    },
    {
      "type": "Feature",
      "id": "95017994-765c-432a-a02b-878f170a6435",
      "geometry": {
        "type": "Polygon",
        "coordinates": [
          [
            [
              -99.793515,
              32.4926434
            ],
            [
              -99.7934214,
              32.4926154
            ],
            [
              -99.7934159,
              32.4926285
            ],
            [
              -99.7933903,
              32.4926207
            ],
            [
              -99.793361,
              32.4926908
            ],
            [
              -99.793392,
              32.4927
            ],
            [
              -99.7933804,
              32.4927278
            ],
            [
              -99.7934687,
              32.4927542
            ],
            [
              -99.793515,
              32.4926434
            ]
          ]
        ]
      },
      "properties": {
        "epoch_id": "EPOCH-4569f5444951b2fd",
        "site_name": "Crusoe Abilene Expansion",
        "distance_to_site_km": 0.7215,
        "footprint_area_m2_webmercator": 198.71,
        "source_dataset": "Overture Maps buildings",
        "source_url": "https://docs.overturemaps.org/getting-data/",
        "source_release": "2026-09-23.1",
        "source_accessed_on": "2026-09-28",
        "geometry_role": "current building-footprint polygon",
        "linkage_semantics": "Overlap/proximity only; not evidence that the building hosts AI compute."
      }
    },
    {
      "type": "Feature",
      "id": "42aca248-9a70-48b5-ab93-472f83b59492",
      "geometry": {
        "type": "Polygon",
        "coordinates": [
          [
            [
              -99.7936468,
              32.4926643
            ],
            [
              -99.7936477,
              32.4926372
            ],
            [
              -99.7935716,
              32.4926353
            ],
            [
              -99.7935675,
              32.4927563
            ],
            [
              -99.7936452,
              32.4927582
            ],
            [
              -99.7936464,
              32.4927231
            ],
            [
              -99.7936866,
              32.4927241
            ],
            [
              -99.7936886,
              32.4926653
            ],
            [
              -99.7936468,
              32.4926643
            ]
          ]
        ]
      },
      "properties": {
        "epoch_id": "EPOCH-4569f5444951b2fd",
        "site_name": "Crusoe Abilene Expansion",
        "distance_to_site_km": 0.7044,
        "footprint_area_m2_webmercator": 172.35,
        "source_dataset": "Overture Maps buildings",
        "source_url": "https://docs.overturemaps.org/getting-data/",
        "source_release": "2026-09-23.1",
        "source_accessed_on": "2026-09-28",
        "geometry_role": "current building-footprint polygon",
        "linkage_semantics": "Overlap/proximity only; not evidence that the building hosts AI compute."
      }
    },
    {
      "type": "Feature",
      "id": "42c06659-77df-4e8d-aa0c-a59f85165647",
      "geometry": {
        "type": "Polygon",
        "coordinates": [
          [
            [
              -99.7839651,
              32.4895558
            ],
            [
              -99.7839893,
              32.4894725
            ],
            [
              -99.7838627,
              32.4894464
            ],
            [
              -99.7838386,
              32.4895297
            ],
            [
              -99.7839651,
              32.4895558
            ]
          ]
        ]
      },
      "properties": {
        "epoch_id": "EPOCH-4569f5444951b2fd",
        "site_name": "Crusoe Abilene Expansion",
        "distance_to_site_km": 1.6784,
        "footprint_area_m2_webmercator": 164.13,
        "source_dataset": "Overture Maps buildings",
        "source_url": "https://docs.overturemaps.org/getting-data/",
        "source_release": "2026-09-23.1",
        "source_accessed_on": "2026-09-28",
        "geometry_role": "current building-footprint polygon",
        "linkage_semantics": "Overlap/proximity only; not evidence that the building hosts AI compute."
      }
    },
    {
      "type": "Feature",
      "id": "f8f0948f-fabc-4bc0-9934-9ea66e78be9d",
      "geometry": {
        "type": "Polygon",
        "coordinates": [
          [
            [
              -99.800722,
              32.4893441
            ],
            [
              -99.8007167,
              32.4892804
            ],
            [
              -99.8006145,
              32.4892866
            ],
            [
              -99.8006206,
              32.4893588
            ],
            [
              -99.8005453,
              32.4893633
            ],
            [
              -99.8005534,
              32.4894603
            ],
            [
              -99.8006322,
              32.4894555
            ],
            [
              -99.8006354,
              32.489494
            ],
            [
              -99.8007421,
              32.4894876
            ],
            [
              -99.8007401,
              32.4894634
            ],
            [
              -99.8008562,
              32.4894564
            ],
            [
              -99.8008462,
              32.4893366
            ],
            [
              -99.800722,
              32.4893441
            ]
          ]
        ]
      },
      "properties": {
        "epoch_id": "EPOCH-4569f5444951b2fd",
        "site_name": "Crusoe Abilene Expansion",
        "distance_to_site_km": 0.5381,
        "footprint_area_m2_webmercator": 641.5,
        "source_dataset": "Overture Maps buildings",
        "source_url": "https://docs.overturemaps.org/getting-data/",
        "source_release": "2026-09-23.1",
        "source_accessed_on": "2026-09-28",
        "geometry_role": "current building-footprint polygon",
        "linkage_semantics": "Overlap/proximity only; not evidence that the building hosts AI compute."
      }
    },
    {
      "type": "Feature",
      "id": "ec0e638a-b9e0-44c5-9fca-c01203e54422",
      "geometry": {
        "type": "Polygon",
        "coordinates": [
          [
            [
              -99.7841792,
              32.4890148
            ],
            [
              -99.7840348,
              32.4889961
            ],
            [
              -99.7840126,
              32.4891195
            ],
            [
              -99.7842546,
              32.4891507
            ],
            [
              -99.7842718,
              32.4890556
            ],
            [
              -99.7841741,
              32.489043
            ],
            [
              -99.7841792,
              32.4890148
            ]
          ]
        ]
      },
      "properties": {
        "epoch_id": "EPOCH-4569f5444951b2fd",
        "site_name": "Crusoe Abilene Expansion",
        "distance_to_site_km": 1.6741,
        "footprint_area_m2_webmercator": 407.38,
        "source_dataset": "Overture Maps buildings",
        "source_url": "https://docs.overturemaps.org/getting-data/",
        "source_release": "2026-09-23.1",
        "source_accessed_on": "2026-09-28",
        "geometry_role": "current building-footprint polygon",
        "linkage_semantics": "Overlap/proximity only; not evidence that the building hosts AI compute."
      }
    },
    {
      "type": "Feature",
      "id": "28f56e9d-1fe5-45f4-bab9-3782e05aaf97",
      "geometry": {
        "type": "Polygon",
        "coordinates": [
          [
            [
              -99.7979689,
              32.4885452
            ],
            [
              -99.7978613,
              32.4885449
            ],
            [
              -99.7978612,
              32.48859
            ],
            [
              -99.7977328,
              32.4885897
            ],
            [
              -99.7977322,
              32.4887323
            ],
            [
              -99.7983818,
              32.4887341
            ],
            [
              -99.7983825,
              32.4885457
            ],
            [
              -99.7980202,
              32.4885447
            ],
            [
              -99.7980201,
              32.4885764
            ],
            [
              -99.7979688,
              32.4885763
            ],
            [
              -99.7979689,
              32.4885452
            ]
          ]
        ]
      },
      "properties": {
        "epoch_id": "EPOCH-4569f5444951b2fd",
        "site_name": "Crusoe Abilene Expansion",
        "distance_to_site_km": 0.6759,
        "footprint_area_m2_webmercator": 1686.62,
        "source_dataset": "Overture Maps buildings",
        "source_url": "https://docs.overturemaps.org/getting-data/",
        "source_release": "2026-09-23.1",
        "source_accessed_on": "2026-09-28",
        "geometry_role": "current building-footprint polygon",
        "linkage_semantics": "Overlap/proximity only; not evidence that the building hosts AI compute."
      }
    },
    {
      "type": "Feature",
      "id": "a252b12c-22ad-4bf4-ab03-fb9225831fa8",
      "geometry": {
        "type": "Polygon",
        "coordinates": [
          [
            [
              -99.7963389,
              32.4880367
            ],
            [
              -99.7961575,
              32.4880347
            ],
            [
              -99.7961444,
              32.4881699
            ],
            [
              -99.7962977,
              32.4881715
            ],
            [
              -99.7962974,
              32.4881983
            ],
            [
              -99.7963919,
              32.4881993
            ],
            [
              -99.7963922,
              32.4881779
            ],
            [
              -99.7964773,
              32.4881789
            ],
            [
              -99.7964787,
              32.4880853
            ],
            [
              -99.7963382,
              32.4880837
            ],
            [
              -99.7963389,
              32.4880367
            ]
          ]
        ]
      },
      "properties": {
        "epoch_id": "EPOCH-4569f5444951b2fd",
        "site_name": "Crusoe Abilene Expansion",
        "distance_to_site_km": 0.8055,
        "footprint_area_m2_webmercator": 597.59,
        "source_dataset": "Overture Maps buildings",
        "source_url": "https://docs.overturemaps.org/getting-data/",
        "source_release": "2026-09-23.1",
        "source_accessed_on": "2026-09-28",
        "geometry_role": "current building-footprint polygon",
        "linkage_semantics": "Overlap/proximity only; not evidence that the building hosts AI compute."
      }
    },
    {
      "type": "Feature",
      "id": "ccb43567-7e8b-46d3-9dd8-c23bea5eeec1",
      "geometry": {
        "type": "Polygon",
        "coordinates": [
          [
            [
              -99.7965095,
              32.48832
            ],
            [
              -99.7963502,
              32.4883162
            ],
            [
              -99.7963475,
              32.4883975
            ],
            [
              -99.7965068,
              32.4884013
            ],
            [
              -99.7965095,
              32.48832
            ]
          ]
        ]
      },
      "properties": {
        "epoch_id": "EPOCH-4569f5444951b2fd",
        "site_name": "Crusoe Abilene Expansion",
        "distance_to_site_km": 0.7765,
        "footprint_area_m2_webmercator": 190.42,
        "source_dataset": "Overture Maps buildings",
        "source_url": "https://docs.overturemaps.org/getting-data/",
        "source_release": "2026-09-23.1",
        "source_accessed_on": "2026-09-28",
        "geometry_role": "current building-footprint polygon",
        "linkage_semantics": "Overlap/proximity only; not evidence that the building hosts AI compute."
      }
    },
    {
      "type": "Feature",
      "id": "205e1338-6339-4c4a-8594-85a96d496533",
      "geometry": {
        "type": "Polygon",
        "coordinates": [
          [
            [
              -99.8019162,
              32.4880551
            ],
            [
              -99.8018169,
              32.4879239
            ],
            [
              -99.8017012,
              32.4879867
            ],
            [
              -99.8018005,
              32.488118
            ],
            [
              -99.8019162,
              32.4880551
            ]
          ]
        ]
      },
      "properties": {
        "epoch_id": "EPOCH-4569f5444951b2fd",
        "site_name": "Crusoe Abilene Expansion",
        "distance_to_site_km": 0.6958,
        "footprint_area_m2_webmercator": 314.78,
        "source_dataset": "Overture Maps buildings",
        "source_url": "https://docs.overturemaps.org/getting-data/",
        "source_release": "2026-09-23.1",
        "source_accessed_on": "2026-09-28",
        "geometry_role": "current building-footprint polygon",
        "linkage_semantics": "Overlap/proximity only; not evidence that the building hosts AI compute."
      }
    },
    {
      "type": "Feature",
      "id": "c03b7195-ea10-438d-a547-6f894d630271",
      "geometry": {
        "type": "Polygon",
        "coordinates": [
          [
            [
              -99.8035968,
              32.4881242
            ],
            [
              -99.8038417,
              32.4880825
            ],
            [
              -99.8037948,
              32.4878869
            ],
            [
              -99.80355,
              32.4879286
            ],
            [
              -99.8035968,
              32.4881242
            ]
          ]
        ]
      },
      "properties": {
        "epoch_id": "EPOCH-4569f5444951b2fd",
        "site_name": "Crusoe Abilene Expansion",
        "distance_to_site_km": 0.7401,
        "footprint_area_m2_webmercator": 732.3,
        "source_dataset": "Overture Maps buildings",
        "source_url": "https://docs.overturemaps.org/getting-data/",
        "source_release": "2026-09-23.1",
        "source_accessed_on": "2026-09-28",
        "geometry_role": "current building-footprint polygon",
        "linkage_semantics": "Overlap/proximity only; not evidence that the building hosts AI compute."
      }
    },
    {
      "type": "Feature",
      "id": "a6693dd6-9e27-4ff3-9eb4-467bc5962624",
      "geometry": {
        "type": "Polygon",
        "coordinates": [
          [
            [
              -99.7891275,
              32.4876453
            ],
            [
              -99.7891214,
              32.4875279
            ],
            [
              -99.7890571,
              32.4875302
            ],
            [
              -99.7890632,
              32.4876476
            ],
            [
              -99.7891275,
              32.4876453
            ]
          ]
        ]
      },
      "properties": {
        "epoch_id": "EPOCH-4569f5444951b2fd",
        "site_name": "Crusoe Abilene Expansion",
        "distance_to_site_km": 1.3318,
        "footprint_area_m2_webmercator": 111.11,
        "source_dataset": "Overture Maps buildings",
        "source_url": "https://docs.overturemaps.org/getting-data/",
        "source_release": "2026-09-23.1",
        "source_accessed_on": "2026-09-28",
        "geometry_role": "current building-footprint polygon",
        "linkage_semantics": "Overlap/proximity only; not evidence that the building hosts AI compute."
      }
    },
    {
      "type": "Feature",
      "id": "7cde94fe-7f0a-4b06-8311-323978022d24",
      "geometry": {
        "type": "Polygon",
        "coordinates": [
          [
            [
              -99.7889749,
              32.4875347
            ],
            [
              -99.7889684,
              32.4875141
            ],
            [
              -99.7889198,
              32.4875251
            ],
            [
              -99.7889269,
              32.4875477
            ],
            [
              -99.7888815,
              32.487558
            ],
            [
              -99.7888793,
              32.4875509
            ],
            [
              -99.7888084,
              32.487567
            ],
            [
              -99.7888392,
              32.4876644
            ],
            [
              -99.7889356,
              32.4876425
            ],
            [
              -99.7889443,
              32.4876699
            ],
            [
              -99.7889905,
              32.4876593
            ],
            [
              -99.7889806,
              32.4876328
            ],
            [
              -99.7890325,
              32.487621
            ],
            [
              -99.7890032,
              32.4875283
            ],
            [
              -99.7889749,
              32.4875347
            ]
          ]
        ]
      },
      "properties": {
        "epoch_id": "EPOCH-4569f5444951b2fd",
        "site_name": "Crusoe Abilene Expansion",
        "distance_to_site_km": 1.3445,
        "footprint_area_m2_webmercator": 320.7,
        "source_dataset": "Overture Maps buildings",
        "source_url": "https://docs.overturemaps.org/getting-data/",
        "source_release": "2026-09-23.1",
        "source_accessed_on": "2026-09-28",
        "geometry_role": "current building-footprint polygon",
        "linkage_semantics": "Overlap/proximity only; not evidence that the building hosts AI compute."
      }
    },
    {
      "type": "Feature",
      "id": "a1f5c0bc-d5a9-447f-a1f0-c740d0508622",
      "geometry": {
        "type": "Polygon",
        "coordinates": [
          [
            [
              -99.7868242,
              32.4878965
            ],
            [
              -99.7869205,
              32.4878579
            ],
            [
              -99.7868675,
              32.4877638
            ],
            [
              -99.7867712,
              32.4878024
            ],
            [
              -99.7868242,
              32.4878965
            ]
          ]
        ]
      },
      "properties": {
        "epoch_id": "EPOCH-4569f5444951b2fd",
        "site_name": "Crusoe Abilene Expansion",
        "distance_to_site_km": 1.4987,
        "footprint_area_m2_webmercator": 163.18,
        "source_dataset": "Overture Maps buildings",
        "source_url": "https://docs.overturemaps.org/getting-data/",
        "source_release": "2026-09-23.1",
        "source_accessed_on": "2026-09-28",
        "geometry_role": "current building-footprint polygon",
        "linkage_semantics": "Overlap/proximity only; not evidence that the building hosts AI compute."
      }
    },
    {
      "type": "Feature",
      "id": "8e0ff61f-a135-429b-a2f9-8b5ff8fb8a34",
      "geometry": {
        "type": "Polygon",
        "coordinates": [
          [
            [
              -99.7872648,
              32.487953
            ],
            [
              -99.7871679,
              32.4879403
            ],
            [
              -99.7871517,
              32.4880278
            ],
            [
              -99.7872486,
              32.4880405
            ],
            [
              -99.7872648,
              32.487953
            ]
          ]
        ]
      },
      "properties": {
        "epoch_id": "EPOCH-4569f5444951b2fd",
        "site_name": "Crusoe Abilene Expansion",
        "distance_to_site_km": 1.4603,
        "footprint_area_m2_webmercator": 127.58,
        "source_dataset": "Overture Maps buildings",
        "source_url": "https://docs.overturemaps.org/getting-data/",
        "source_release": "2026-09-23.1",
        "source_accessed_on": "2026-09-28",
        "geometry_role": "current building-footprint polygon",
        "linkage_semantics": "Overlap/proximity only; not evidence that the building hosts AI compute."
      }
    },
    {
      "type": "Feature",
      "id": "a0462b30-1d67-42b6-8e70-66ecd7a60b89",
      "geometry": {
        "type": "Polygon",
        "coordinates": [
          [
            [
              -99.7849532,
              32.4875801
            ],
            [
              -99.7849889,
              32.4876259
            ],
            [
              -99.7850432,
              32.4875957
            ],
            [
              -99.7850075,
              32.4875499
            ],
            [
              -99.7849532,
              32.4875801
            ]
          ]
        ]
      },
      "properties": {
        "epoch_id": "EPOCH-4569f5444951b2fd",
        "site_name": "Crusoe Abilene Expansion",
        "distance_to_site_km": 1.665,
        "footprint_area_m2_webmercator": 52.37,
        "source_dataset": "Overture Maps buildings",
        "source_url": "https://docs.overturemaps.org/getting-data/",
        "source_release": "2026-09-23.1",
        "source_accessed_on": "2026-09-28",
        "geometry_role": "current building-footprint polygon",
        "linkage_semantics": "Overlap/proximity only; not evidence that the building hosts AI compute."
      }
    },
    {
      "type": "Feature",
      "id": "af7d8d2c-f91d-4246-a6ea-157e1307676a",
      "geometry": {
        "type": "Polygon",
        "coordinates": [
          [
            [
              -99.7848235,
              32.4873737
            ],
            [
              -99.7849744,
              32.4875339
            ],
            [
              -99.7850543,
              32.4874799
            ],
            [
              -99.7849623,
              32.4873822
            ],
            [
              -99.7849819,
              32.4873689
            ],
            [
              -99.7849444,
              32.4873291
            ],
            [
              -99.7849199,
              32.4873456
            ],
            [
              -99.7848985,
              32.4873229
            ],
            [
              -99.7848235,
              32.4873737
            ]
          ]
        ]
      },
      "properties": {
        "epoch_id": "EPOCH-4569f5444951b2fd",
        "site_name": "Crusoe Abilene Expansion",
        "distance_to_site_km": 1.6781,
        "footprint_area_m2_webmercator": 324.02,
        "source_dataset": "Overture Maps buildings",
        "source_url": "https://docs.overturemaps.org/getting-data/",
        "source_release": "2026-09-23.1",
        "source_accessed_on": "2026-09-28",
        "geometry_role": "current building-footprint polygon",
        "linkage_semantics": "Overlap/proximity only; not evidence that the building hosts AI compute."
      }
    },
    {
      "type": "Feature",
      "id": "c78f9c1e-ea9d-4e00-bed8-548a467f0bb9",
      "geometry": {
        "type": "Polygon",
        "coordinates": [
          [
            [
              -99.7924209,
              32.486291
            ],
            [
              -99.7923997,
              32.4861917
            ],
            [
              -99.7922544,
              32.486214
            ],
            [
              -99.7922585,
              32.4862334
            ],
            [
              -99.7922293,
              32.4862379
            ],
            [
              -99.7922419,
              32.4862966
            ],
            [
              -99.7922717,
              32.486292
            ],
            [
              -99.7922764,
              32.4863139
            ],
            [
              -99.79232,
              32.4863072
            ],
            [
              -99.7923294,
              32.4863512
            ],
            [
              -99.7923876,
              32.4863423
            ],
            [
              -99.7923781,
              32.4862976
            ],
            [
              -99.7924209,
              32.486291
            ]
          ]
        ]
      },
      "properties": {
        "epoch_id": "EPOCH-4569f5444951b2fd",
        "site_name": "Crusoe Abilene Expansion",
        "distance_to_site_km": 1.1966,
        "footprint_area_m2_webmercator": 284.69,
        "source_dataset": "Overture Maps buildings",
        "source_url": "https://docs.overturemaps.org/getting-data/",
        "source_release": "2026-09-23.1",
        "source_accessed_on": "2026-09-28",
        "geometry_role": "current building-footprint polygon",
        "linkage_semantics": "Overlap/proximity only; not evidence that the building hosts AI compute."
      }
    },
    {
      "type": "Feature",
      "id": "b1427829-5c5b-4cb5-a780-2078f8e26383",
      "geometry": {
        "type": "Polygon",
        "coordinates": [
          [
            [
              -99.7864694,
              32.4863159
            ],
            [
              -99.7865669,
              32.4862041
            ],
            [
              -99.7864636,
              32.4861393
            ],
            [
              -99.7864947,
              32.4861037
            ],
            [
              -99.7864304,
              32.4860633
            ],
            [
              -99.7863999,
              32.4860982
            ],
            [
              -99.7862992,
              32.486035
            ],
            [
              -99.7862331,
              32.4861107
            ],
            [
              -99.7862061,
              32.4860939
            ],
            [
              -99.7861904,
              32.4861119
            ],
            [
              -99.7861377,
              32.4860789
            ],
            [
              -99.786064,
              32.4861634
            ],
            [
              -99.786138,
              32.4862098
            ],
            [
              -99.7861953,
              32.4861442
            ],
            [
              -99.786297,
              32.4862079
            ],
            [
              -99.7862754,
              32.4862326
            ],
            [
              -99.7863458,
              32.4862768
            ],
            [
              -99.7863675,
              32.486252
            ],
            [
              -99.7864694,
              32.4863159
            ]
          ]
        ]
      },
      "properties": {
        "epoch_id": "EPOCH-4569f5444951b2fd",
        "site_name": "Crusoe Abilene Expansion",
        "distance_to_site_km": 1.6338,
        "footprint_area_m2_webmercator": 931.46,
        "source_dataset": "Overture Maps buildings",
        "source_url": "https://docs.overturemaps.org/getting-data/",
        "source_release": "2026-09-23.1",
        "source_accessed_on": "2026-09-28",
        "geometry_role": "current building-footprint polygon",
        "linkage_semantics": "Overlap/proximity only; not evidence that the building hosts AI compute."
      }
    },
    {
      "type": "Feature",
      "id": "90a2c682-213b-45b7-8712-36274120ab3d",
      "geometry": {
        "type": "Polygon",
        "coordinates": [
          [
            [
              -99.7857508,
              32.4862551
            ],
            [
              -99.7857246,
              32.4861407
            ],
            [
              -99.7855935,
              32.4861621
            ],
            [
              -99.7856324,
              32.486326
            ],
            [
              -99.7857488,
              32.4863107
            ],
            [
              -99.7857367,
              32.486259
            ],
            [
              -99.7857508,
              32.4862551
            ]
          ]
        ]
      },
      "properties": {
        "epoch_id": "EPOCH-4569f5444951b2fd",
        "site_name": "Crusoe Abilene Expansion",
        "distance_to_site_km": 1.6828,
        "footprint_area_m2_webmercator": 318.7,
        "source_dataset": "Overture Maps buildings",
        "source_url": "https://docs.overturemaps.org/getting-data/",
        "source_release": "2026-09-23.1",
        "source_accessed_on": "2026-09-28",
        "geometry_role": "current building-footprint polygon",
        "linkage_semantics": "Overlap/proximity only; not evidence that the building hosts AI compute."
      }
    },
    {
      "type": "Feature",
      "id": "47dd8a2f-77f8-49af-9c8c-9fe689c2f921",
      "geometry": {
        "type": "Polygon",
        "coordinates": [
          [
            [
              -99.784731,
              32.4869042
            ],
            [
              -99.7847918,
              32.4869313
            ],
            [
              -99.7848261,
              32.4868765
            ],
            [
              -99.7847654,
              32.4868494
            ],
            [
              -99.784731,
              32.4869042
            ]
          ]
        ]
      },
      "properties": {
        "epoch_id": "EPOCH-4569f5444951b2fd",
        "site_name": "Crusoe Abilene Expansion",
        "distance_to_site_km": 1.7189,
        "footprint_area_m2_webmercator": 62.58,
        "source_dataset": "Overture Maps buildings",
        "source_url": "https://docs.overturemaps.org/getting-data/",
        "source_release": "2026-09-23.1",
        "source_accessed_on": "2026-09-28",
        "geometry_role": "current building-footprint polygon",
        "linkage_semantics": "Overlap/proximity only; not evidence that the building hosts AI compute."
      }
    },
    {
      "type": "Feature",
      "id": "0de8c006-6a6b-496e-a471-7003c5534624",
      "geometry": {
        "type": "Polygon",
        "coordinates": [
          [
            [
              -99.7845625,
              32.4870074
            ],
            [
              -99.7846357,
              32.4869975
            ],
            [
              -99.7846256,
              32.4869445
            ],
            [
              -99.7845524,
              32.4869545
            ],
            [
              -99.7845625,
              32.4870074
            ]
          ]
        ]
      },
      "properties": {
        "epoch_id": "EPOCH-4569f5444951b2fd",
        "site_name": "Crusoe Abilene Expansion",
        "distance_to_site_km": 1.7297,
        "footprint_area_m2_webmercator": 58.42,
        "source_dataset": "Overture Maps buildings",
        "source_url": "https://docs.overturemaps.org/getting-data/",
        "source_release": "2026-09-23.1",
        "source_accessed_on": "2026-09-28",
        "geometry_role": "current building-footprint polygon",
        "linkage_semantics": "Overlap/proximity only; not evidence that the building hosts AI compute."
      }
    },
    {
      "type": "Feature",
      "id": "70397d9f-3b13-4759-b98d-b1f8b19e9bfd",
      "geometry": {
        "type": "Polygon",
        "coordinates": [
          [
            [
              -99.8034989,
              32.4872104
            ],
            [
              -99.8034887,
              32.4871737
            ],
            [
              -99.8034068,
              32.48719
            ],
            [
              -99.803411,
              32.4872051
            ],
            [
              -99.8033924,
              32.4872088
            ],
            [
              -99.8034016,
              32.487242
            ],
            [
              -99.8033685,
              32.4872486
            ],
            [
              -99.8033928,
              32.4873355
            ],
            [
              -99.8034237,
              32.4873293
            ],
            [
              -99.803433,
              32.4873625
            ],
            [
              -99.8034652,
              32.4873561
            ],
            [
              -99.8034703,
              32.4873743
            ],
            [
              -99.8034196,
              32.4873844
            ],
            [
              -99.8034489,
              32.4874898
            ],
            [
              -99.8035248,
              32.4874746
            ],
            [
              -99.8035216,
              32.4874632
            ],
            [
              -99.8036496,
              32.4874376
            ],
            [
              -99.8036224,
              32.4873402
            ],
            [
              -99.8035359,
              32.4873576
            ],
            [
              -99.8035173,
              32.4872911
            ],
            [
              -99.80358,
              32.4872786
            ],
            [
              -99.8035577,
              32.4871986
            ],
            [
              -99.8034989,
              32.4872104
            ]
          ]
        ]
      },
      "properties": {
        "epoch_id": "EPOCH-4569f5444951b2fd",
        "site_name": "Crusoe Abilene Expansion",
        "distance_to_site_km": 0.8046,
        "footprint_area_m2_webmercator": 707.32,
        "source_dataset": "Overture Maps buildings",
        "source_url": "https://docs.overturemaps.org/getting-data/",
        "source_release": "2026-09-23.1",
        "source_accessed_on": "2026-09-28",
        "geometry_role": "current building-footprint polygon",
        "linkage_semantics": "Overlap/proximity only; not evidence that the building hosts AI compute."
      }
    },
    {
      "type": "Feature",
      "id": "2381fc7c-f7b1-439b-9540-45b8f4762a33",
      "geometry": {
        "type": "Polygon",
        "coordinates": [
          [
            [
              -99.8066486,
              32.4873286
            ],
            [
              -99.8067479,
              32.4873275
            ],
            [
              -99.8067471,
              32.4872712
            ],
            [
              -99.8067614,
              32.4872711
            ],
            [
              -99.8067609,
              32.4872337
            ],
            [
              -99.8066595,
              32.4872347
            ],
            [
              -99.8066592,
              32.4872121
            ],
            [
              -99.8066121,
              32.4872126
            ],
            [
              -99.8066124,
              32.4872361
            ],
            [
              -99.8065899,
              32.4872363
            ],
            [
              -99.8065904,
              32.4872728
            ],
            [
              -99.8066477,
              32.4872722
            ],
            [
              -99.8066486,
              32.4873286
            ]
          ]
        ]
      },
      "properties": {
        "epoch_id": "EPOCH-4569f5444951b2fd",
        "site_name": "Crusoe Abilene Expansion",
        "distance_to_site_km": 0.9447,
        "footprint_area_m2_webmercator": 191.5,
        "source_dataset": "Overture Maps buildings",
        "source_url": "https://docs.overturemaps.org/getting-data/",
        "source_release": "2026-09-23.1",
        "source_accessed_on": "2026-09-28",
        "geometry_role": "current building-footprint polygon",
        "linkage_semantics": "Overlap/proximity only; not evidence that the building hosts AI compute."
      }
    },
    {
      "type": "Feature",
      "id": "e8de73f5-3c77-4e9d-873e-e3de13686d3f",
      "geometry": {
        "type": "Polygon",
        "coordinates": [
          [
            [
              -99.8087615,
              32.4873234
            ],
            [
              -99.8088062,
              32.4873062
            ],
            [
              -99.8087381,
              32.4871792
            ],
            [
              -99.8087705,
              32.4871668
            ],
            [
              -99.8087495,
              32.4871277
            ],
            [
              -99.8087206,
              32.4871388
            ],
            [
              -99.8087067,
              32.4871128
            ],
            [
              -99.8086596,
              32.487131
            ],
            [
              -99.808692,
              32.4871913
            ],
            [
              -99.808616,
              32.4872206
            ],
            [
              -99.8086583,
              32.4872995
            ],
            [
              -99.8087332,
              32.4872707
            ],
            [
              -99.8087615,
              32.4873234
            ]
          ]
        ]
      },
      "properties": {
        "epoch_id": "EPOCH-4569f5444951b2fd",
        "site_name": "Crusoe Abilene Expansion",
        "distance_to_site_km": 1.0692,
        "footprint_area_m2_webmercator": 279.79,
        "source_dataset": "Overture Maps buildings",
        "source_url": "https://docs.overturemaps.org/getting-data/",
        "source_release": "2026-09-23.1",
        "source_accessed_on": "2026-09-28",
        "geometry_role": "current building-footprint polygon",
        "linkage_semantics": "Overlap/proximity only; not evidence that the building hosts AI compute."
      }
    },
    {
      "type": "Feature",
      "id": "62b8a0ea-dfb9-4af8-b973-458832afdb05",
      "geometry": {
        "type": "Polygon",
        "coordinates": [
          [
            [
              -99.8054125,
              32.4867909
            ],
            [
              -99.8054117,
              32.4867373
            ],
            [
              -99.8053646,
              32.4867378
            ],
            [
              -99.8053654,
              32.4867914
            ],
            [
              -99.8054125,
              32.4867909
            ]
          ]
        ]
      },
      "properties": {
        "epoch_id": "EPOCH-4569f5444951b2fd",
        "site_name": "Crusoe Abilene Expansion",
        "distance_to_site_km": 0.9307,
        "footprint_area_m2_webmercator": 37.09,
        "source_dataset": "Overture Maps buildings",
        "source_url": "https://docs.overturemaps.org/getting-data/",
        "source_release": "2026-09-23.1",
        "source_accessed_on": "2026-09-28",
        "geometry_role": "current building-footprint polygon",
        "linkage_semantics": "Overlap/proximity only; not evidence that the building hosts AI compute."
      }
    },
    {
      "type": "Feature",
      "id": "83976afd-4909-429f-8a20-feb1f1ccb3f8",
      "geometry": {
        "type": "Polygon",
        "coordinates": [
          [
            [
              -99.8055158,
              32.4867309
            ],
            [
              -99.805568,
              32.486733
            ],
            [
              -99.8055705,
              32.4866867
            ],
            [
              -99.8055183,
              32.4866847
            ],
            [
              -99.8055158,
              32.4867309
            ]
          ]
        ]
      },
      "properties": {
        "epoch_id": "EPOCH-4569f5444951b2fd",
        "site_name": "Crusoe Abilene Expansion",
        "distance_to_site_km": 0.9428,
        "footprint_area_m2_webmercator": 35.54,
        "source_dataset": "Overture Maps buildings",
        "source_url": "https://docs.overturemaps.org/getting-data/",
        "source_release": "2026-09-23.1",
        "source_accessed_on": "2026-09-28",
        "geometry_role": "current building-footprint polygon",
        "linkage_semantics": "Overlap/proximity only; not evidence that the building hosts AI compute."
      }
    },
    {
      "type": "Feature",
      "id": "4c977320-eadf-44ae-85ce-950a5e4ef997",
      "geometry": {
        "type": "Polygon",
        "coordinates": [
          [
            [
              -99.8075719,
              32.4859876
            ],
            [
              -99.8076074,
              32.4861269
            ],
            [
              -99.8077077,
              32.4861086
            ],
            [
              -99.8076944,
              32.4860563
            ],
            [
              -99.8078326,
              32.486031
            ],
            [
              -99.8077946,
              32.4858816
            ],
            [
              -99.8077548,
              32.4858889
            ],
            [
              -99.8077325,
              32.4858013
            ],
            [
              -99.8076219,
              32.4858215
            ],
            [
              -99.8076479,
              32.4859236
            ],
            [
              -99.8076773,
              32.4859183
            ],
            [
              -99.8076938,
              32.4859832
            ],
            [
              -99.8076809,
              32.4859856
            ],
            [
              -99.8076765,
              32.4859685
            ],
            [
              -99.8075719,
              32.4859876
            ]
          ]
        ]
      },
      "properties": {
        "epoch_id": "EPOCH-4569f5444951b2fd",
        "site_name": "Crusoe Abilene Expansion",
        "distance_to_site_km": 1.118,
        "footprint_area_m2_webmercator": 667.95,
        "source_dataset": "Overture Maps buildings",
        "source_url": "https://docs.overturemaps.org/getting-data/",
        "source_release": "2026-09-23.1",
        "source_accessed_on": "2026-09-28",
        "geometry_role": "current building-footprint polygon",
        "linkage_semantics": "Overlap/proximity only; not evidence that the building hosts AI compute."
      }
    },
    {
      "type": "Feature",
      "id": "45cf538a-1c7c-49f0-9d41-77f8af5f3c97",
      "geometry": {
        "type": "Polygon",
        "coordinates": [
          [
            [
              -99.8070554,
              32.4853436
            ],
            [
              -99.8071519,
              32.4853458
            ],
            [
              -99.807155,
              32.4852531
            ],
            [
              -99.8070585,
              32.4852509
            ],
            [
              -99.8070554,
              32.4853436
            ]
          ]
        ]
      },
      "properties": {
        "epoch_id": "EPOCH-4569f5444951b2fd",
        "site_name": "Crusoe Abilene Expansion",
        "distance_to_site_km": 1.151,
        "footprint_area_m2_webmercator": 131.52,
        "source_dataset": "Overture Maps buildings",
        "source_url": "https://docs.overturemaps.org/getting-data/",
        "source_release": "2026-09-23.1",
        "source_accessed_on": "2026-09-28",
        "geometry_role": "current building-footprint polygon",
        "linkage_semantics": "Overlap/proximity only; not evidence that the building hosts AI compute."
      }
    },
    {
      "type": "Feature",
      "id": "40ba0731-74f3-42d0-9c32-780b398117d7",
      "geometry": {
        "type": "Polygon",
        "coordinates": [
          [
            [
              -99.8208351,
              32.4847835
            ],
            [
              -99.8208562,
              32.4849119
            ],
            [
              -99.8209517,
              32.4849007
            ],
            [
              -99.8209388,
              32.4848222
            ],
            [
              -99.8209768,
              32.4848177
            ],
            [
              -99.8209686,
              32.4847677
            ],
            [
              -99.8208351,
              32.4847835
            ]
          ]
        ]
      },
      "properties": {
        "epoch_id": "EPOCH-4569f5444951b2fd",
        "site_name": "Crusoe Abilene Expansion",
        "distance_to_site_km": 2.1467,
        "footprint_area_m2_webmercator": 212.14,
        "source_dataset": "Overture Maps buildings",
        "source_url": "https://docs.overturemaps.org/getting-data/",
        "source_release": "2026-09-23.1",
        "source_accessed_on": "2026-09-28",
        "geometry_role": "current building-footprint polygon",
        "linkage_semantics": "Overlap/proximity only; not evidence that the building hosts AI compute."
      }
    },
    {
      "type": "Feature",
      "id": "d9f34b83-e7d2-4603-820d-d165bb3e60ad",
      "geometry": {
        "type": "Polygon",
        "coordinates": [
          [
            [
              -99.8205991,
              32.486028
            ],
            [
              -99.8205748,
              32.4859721
            ],
            [
              -99.820485,
              32.4859999
            ],
            [
              -99.8205093,
              32.4860558
            ],
            [
              -99.8205991,
              32.486028
            ]
          ]
        ]
      },
      "properties": {
        "epoch_id": "EPOCH-4569f5444951b2fd",
        "site_name": "Crusoe Abilene Expansion",
        "distance_to_site_km": 2.0558,
        "footprint_area_m2_webmercator": 83.67,
        "source_dataset": "Overture Maps buildings",
        "source_url": "https://docs.overturemaps.org/getting-data/",
        "source_release": "2026-09-23.1",
        "source_accessed_on": "2026-09-28",
        "geometry_role": "current building-footprint polygon",
        "linkage_semantics": "Overlap/proximity only; not evidence that the building hosts AI compute."
      }
    },
    {
      "type": "Feature",
      "id": "5f4abceb-9d30-479c-90fa-b2c3a0e8a4db",
      "geometry": {
        "type": "Polygon",
        "coordinates": [
          [
            [
              -99.8208764,
              32.487634
            ],
            [
              -99.8208956,
              32.4877632
            ],
            [
              -99.8210223,
              32.4877497
            ],
            [
              -99.8210031,
              32.4876205
            ],
            [
              -99.8208764,
              32.487634
            ]
          ]
        ]
      },
      "properties": {
        "epoch_id": "EPOCH-4569f5444951b2fd",
        "site_name": "Crusoe Abilene Expansion",
        "distance_to_site_km": 2.0155,
        "footprint_area_m2_webmercator": 244.3,
        "source_dataset": "Overture Maps buildings",
        "source_url": "https://docs.overturemaps.org/getting-data/",
        "source_release": "2026-09-23.1",
        "source_accessed_on": "2026-09-28",
        "geometry_role": "current building-footprint polygon",
        "linkage_semantics": "Overlap/proximity only; not evidence that the building hosts AI compute."
      }
    },
    {
      "type": "Feature",
      "id": "553deb7f-e7cb-43ba-a2d5-493b8a771427",
      "geometry": {
        "type": "Polygon",
        "coordinates": [
          [
            [
              -99.8114447,
              32.4879964
            ],
            [
              -99.811768,
              32.4879408
            ],
            [
              -99.8116692,
              32.4875324
            ],
            [
              -99.8113459,
              32.4875881
            ],
            [
              -99.8114447,
              32.4879964
            ]
          ]
        ]
      },
      "properties": {
        "epoch_id": "EPOCH-4569f5444951b2fd",
        "site_name": "Crusoe Abilene Expansion",
        "distance_to_site_km": 1.2308,
        "footprint_area_m2_webmercator": 2020.29,
        "source_dataset": "Overture Maps buildings",
        "source_url": "https://docs.overturemaps.org/getting-data/",
        "source_release": "2026-09-23.1",
        "source_accessed_on": "2026-09-28",
        "geometry_role": "current building-footprint polygon",
        "linkage_semantics": "Overlap/proximity only; not evidence that the building hosts AI compute."
      }
    },
    {
      "type": "Feature",
      "id": "8d0fcecf-a745-4f4d-b1b0-18cefec39e67",
      "geometry": {
        "type": "Polygon",
        "coordinates": [
          [
            [
              -99.8086827,
              32.4884267
            ],
            [
              -99.8086978,
              32.4885277
            ],
            [
              -99.8086052,
              32.4885672
            ],
            [
              -99.8086449,
              32.4886342
            ],
            [
              -99.808733,
              32.4885967
            ],
            [
              -99.8088296,
              32.4885919
            ],
            [
              -99.8088265,
              32.4885476
            ],
            [
              -99.8088505,
              32.4885464
            ],
            [
              -99.8088446,
              32.4884614
            ],
            [
              -99.8088072,
              32.4884633
            ],
            [
              -99.8088038,
              32.4884137
            ],
            [
              -99.8086827,
              32.4884267
            ]
          ]
        ]
      },
      "properties": {
        "epoch_id": "EPOCH-4569f5444951b2fd",
        "site_name": "Crusoe Abilene Expansion",
        "distance_to_site_km": 0.9711,
        "footprint_area_m2_webmercator": 451.17,
        "source_dataset": "Overture Maps buildings",
        "source_url": "https://docs.overturemaps.org/getting-data/",
        "source_release": "2026-09-23.1",
        "source_accessed_on": "2026-09-28",
        "geometry_role": "current building-footprint polygon",
        "linkage_semantics": "Overlap/proximity only; not evidence that the building hosts AI compute."
      }
    },
    {
      "type": "Feature",
      "id": "fbbcc1e8-da6d-4ef9-8246-4ec5d53cde0c",
      "geometry": {
        "type": "Polygon",
        "coordinates": [
          [
            [
              -99.8062984,
              32.488479
            ],
            [
              -99.8061499,
              32.4884806
            ],
            [
              -99.8061511,
              32.4885576
            ],
            [
              -99.8062996,
              32.4885561
            ],
            [
              -99.8062984,
              32.488479
            ]
          ]
        ]
      },
      "properties": {
        "epoch_id": "EPOCH-4569f5444951b2fd",
        "site_name": "Crusoe Abilene Expansion",
        "distance_to_site_km": 0.8077,
        "footprint_area_m2_webmercator": 168.12,
        "source_dataset": "Overture Maps buildings",
        "source_url": "https://docs.overturemaps.org/getting-data/",
        "source_release": "2026-09-23.1",
        "source_accessed_on": "2026-09-28",
        "geometry_role": "current building-footprint polygon",
        "linkage_semantics": "Overlap/proximity only; not evidence that the building hosts AI compute."
      }
    },
    {
      "type": "Feature",
      "id": "a021132f-3d17-4ddf-ac6a-68e4da0e115a",
      "geometry": {
        "type": "Polygon",
        "coordinates": [
          [
            [
              -99.8198882,
              32.4887945
            ],
            [
              -99.8199084,
              32.4888556
            ],
            [
              -99.820011,
              32.4888313
            ],
            [
              -99.8199365,
              32.4886058
            ],
            [
              -99.8198625,
              32.4886234
            ],
            [
              -99.8198802,
              32.488677
            ],
            [
              -99.81979,
              32.4886984
            ],
            [
              -99.8197919,
              32.4887039
            ],
            [
              -99.8197505,
              32.4887137
            ],
            [
              -99.8197774,
              32.4887951
            ],
            [
              -99.8198225,
              32.4887844
            ],
            [
              -99.8198304,
              32.4888082
            ],
            [
              -99.8198882,
              32.4887945
            ]
          ]
        ]
      },
      "properties": {
        "epoch_id": "EPOCH-4569f5444951b2fd",
        "site_name": "Crusoe Abilene Expansion",
        "distance_to_site_km": 1.8825,
        "footprint_area_m2_webmercator": 502.11,
        "source_dataset": "Overture Maps buildings",
        "source_url": "https://docs.overturemaps.org/getting-data/",
        "source_release": "2026-09-23.1",
        "source_accessed_on": "2026-09-28",
        "geometry_role": "current building-footprint polygon",
        "linkage_semantics": "Overlap/proximity only; not evidence that the building hosts AI compute."
      }
    },
    {
      "type": "Feature",
      "id": "508c6e22-6dee-40c9-bb73-be3a45384e18",
      "geometry": {
        "type": "Polygon",
        "coordinates": [
          [
            [
              -99.8195962,
              32.4887358
            ],
            [
              -99.8193356,
              32.488761
            ],
            [
              -99.8193546,
              32.4889008
            ],
            [
              -99.8194934,
              32.4888874
            ],
            [
              -99.819498,
              32.4889209
            ],
            [
              -99.8196198,
              32.4889091
            ],
            [
              -99.8195962,
              32.4887358
            ]
          ]
        ]
      },
      "properties": {
        "epoch_id": "EPOCH-4569f5444951b2fd",
        "site_name": "Crusoe Abilene Expansion",
        "distance_to_site_km": 1.8431,
        "footprint_area_m2_webmercator": 603.1,
        "source_dataset": "Overture Maps buildings",
        "source_url": "https://docs.overturemaps.org/getting-data/",
        "source_release": "2026-09-23.1",
        "source_accessed_on": "2026-09-28",
        "geometry_role": "current building-footprint polygon",
        "linkage_semantics": "Overlap/proximity only; not evidence that the building hosts AI compute."
      }
    },
    {
      "type": "Feature",
      "id": "24c585ab-4d77-47e3-acf0-1b146a0f7267",
      "geometry": {
        "type": "Polygon",
        "coordinates": [
          [
            [
              -99.8084851,
              32.4889249
            ],
            [
              -99.8084667,
              32.4888593
            ],
            [
              -99.8083498,
              32.4888827
            ],
            [
              -99.8083682,
              32.4889482
            ],
            [
              -99.8084851,
              32.4889249
            ]
          ]
        ]
      },
      "properties": {
        "epoch_id": "EPOCH-4569f5444951b2fd",
        "site_name": "Crusoe Abilene Expansion",
        "distance_to_site_km": 0.9204,
        "footprint_area_m2_webmercator": 118.89,
        "source_dataset": "Overture Maps buildings",
        "source_url": "https://docs.overturemaps.org/getting-data/",
        "source_release": "2026-09-23.1",
        "source_accessed_on": "2026-09-28",
        "geometry_role": "current building-footprint polygon",
        "linkage_semantics": "Overlap/proximity only; not evidence that the building hosts AI compute."
      }
    },
    {
      "type": "Feature",
      "id": "8f4cca37-4a24-4dbf-a0d5-453c86b82cf3",
      "geometry": {
        "type": "Polygon",
        "coordinates": [
          [
            [
              -99.8065057,
              32.4892039
            ],
            [
              -99.8065726,
              32.4892015
            ],
            [
              -99.8065696,
              32.4891417
            ],
            [
              -99.8065026,
              32.4891442
            ],
            [
              -99.8065057,
              32.4892039
            ]
          ]
        ]
      },
      "properties": {
        "epoch_id": "EPOCH-4569f5444951b2fd",
        "site_name": "Crusoe Abilene Expansion",
        "distance_to_site_km": 0.7716,
        "footprint_area_m2_webmercator": 58.88,
        "source_dataset": "Overture Maps buildings",
        "source_url": "https://docs.overturemaps.org/getting-data/",
        "source_release": "2026-09-23.1",
        "source_accessed_on": "2026-09-28",
        "geometry_role": "current building-footprint polygon",
        "linkage_semantics": "Overlap/proximity only; not evidence that the building hosts AI compute."
      }
    },
    {
      "type": "Feature",
      "id": "cc684b02-02f0-4044-bf8b-165fa618bba1",
      "geometry": {
        "type": "Polygon",
        "coordinates": [
          [
            [
              -99.8080766,
              32.4894632
            ],
            [
              -99.8081081,
              32.4895912
            ],
            [
              -99.8082804,
              32.489561
            ],
            [
              -99.8082478,
              32.4894287
            ],
            [
              -99.808145,
              32.4894467
            ],
            [
              -99.8081359,
              32.4894099
            ],
            [
              -99.8079765,
              32.4894378
            ],
            [
              -99.8079866,
              32.489479
            ],
            [
              -99.8080766,
              32.4894632
            ]
          ]
        ]
      },
      "properties": {
        "epoch_id": "EPOCH-4569f5444951b2fd",
        "site_name": "Crusoe Abilene Expansion",
        "distance_to_site_km": 0.8597,
        "footprint_area_m2_webmercator": 445.31,
        "source_dataset": "Overture Maps buildings",
        "source_url": "https://docs.overturemaps.org/getting-data/",
        "source_release": "2026-09-23.1",
        "source_accessed_on": "2026-09-28",
        "geometry_role": "current building-footprint polygon",
        "linkage_semantics": "Overlap/proximity only; not evidence that the building hosts AI compute."
      }
    },
    {
      "type": "Feature",
      "id": "4f0b5aed-b266-450d-b00a-06bb292fa12a",
      "geometry": {
        "type": "Polygon",
        "coordinates": [
          [
            [
              -99.8087125,
              32.4898601
            ],
            [
              -99.8087134,
              32.4898733
            ],
            [
              -99.8087727,
              32.4898737
            ],
            [
              -99.8087727,
              32.4898668
            ],
            [
              -99.8088191,
              32.4898671
            ],
            [
              -99.8088197,
              32.4898017
            ],
            [
              -99.8088094,
              32.4898016
            ],
            [
              -99.8088097,
              32.4897742
            ],
            [
              -99.8088143,
              32.4897742
            ],
            [
              -99.8088145,
              32.489745
            ],
            [
              -99.8088016,
              32.489745
            ],
            [
              -99.8088022,
              32.4896811
            ],
            [
              -99.8087785,
              32.489681
            ],
            [
              -99.8087791,
              32.4896227
            ],
            [
              -99.8087294,
              32.4896224
            ],
            [
              -99.8087294,
              32.4896302
            ],
            [
              -99.8086377,
              32.4896345
            ],
            [
              -99.8086437,
              32.4897252
            ],
            [
              -99.8086344,
              32.4897256
            ],
            [
              -99.8086406,
              32.4898204
            ],
            [
              -99.808652,
              32.4898199
            ],
            [
              -99.808654,
              32.4898498
            ],
            [
              -99.8086595,
              32.4898495
            ],
            [
              -99.8086604,
              32.4898625
            ],
            [
              -99.8087125,
              32.4898601
            ]
          ]
        ]
      },
      "properties": {
        "epoch_id": "EPOCH-4569f5444951b2fd",
        "site_name": "Crusoe Abilene Expansion",
        "distance_to_site_km": 0.8864,
        "footprint_area_m2_webmercator": 567.1,
        "source_dataset": "Overture Maps buildings",
        "source_url": "https://docs.overturemaps.org/getting-data/",
        "source_release": "2026-09-23.1",
        "source_accessed_on": "2026-09-28",
        "geometry_role": "current building-footprint polygon",
        "linkage_semantics": "Overlap/proximity only; not evidence that the building hosts AI compute."
      }
    },
    {
      "type": "Feature",
      "id": "305a8b14-6dcd-441c-8e22-e152ed8b51a4",
      "geometry": {
        "type": "Polygon",
        "coordinates": [
          [
            [
              -99.8198128,
              32.4895391
            ],
            [
              -99.8198044,
              32.4894287
            ],
            [
              -99.8197365,
              32.4894324
            ],
            [
              -99.8197449,
              32.4895428
            ],
            [
              -99.8198128,
              32.4895391
            ]
          ]
        ]
      },
      "properties": {
        "epoch_id": "EPOCH-4569f5444951b2fd",
        "site_name": "Crusoe Abilene Expansion",
        "distance_to_site_km": 1.8466,
        "footprint_area_m2_webmercator": 110.59,
        "source_dataset": "Overture Maps buildings",
        "source_url": "https://docs.overturemaps.org/getting-data/",
        "source_release": "2026-09-23.1",
        "source_accessed_on": "2026-09-28",
        "geometry_role": "current building-footprint polygon",
        "linkage_semantics": "Overlap/proximity only; not evidence that the building hosts AI compute."
      }
    },
    {
      "type": "Feature",
      "id": "6e3090b3-e8c0-4277-9e3d-86b2d05ae46d",
      "geometry": {
        "type": "Polygon",
        "coordinates": [
          [
            [
              -99.8187009,
              32.481048
            ],
            [
              -99.8188321,
              32.4809762
            ],
            [
              -99.8187367,
              32.4808704
            ],
            [
              -99.8186073,
              32.4809422
            ],
            [
              -99.8186417,
              32.4809811
            ],
            [
              -99.8185967,
              32.4810074
            ],
            [
              -99.8186385,
              32.4810547
            ],
            [
              -99.8186841,
              32.481029
            ],
            [
              -99.8187009,
              32.481048
            ]
          ]
        ]
      },
      "properties": {
        "epoch_id": "EPOCH-4569f5444951b2fd",
        "site_name": "Crusoe Abilene Expansion",
        "distance_to_site_km": 2.2279,
        "footprint_area_m2_webmercator": 349.95,
        "source_dataset": "Overture Maps buildings",
        "source_url": "https://docs.overturemaps.org/getting-data/",
        "source_release": "2026-09-23.1",
        "source_accessed_on": "2026-09-28",
        "geometry_role": "current building-footprint polygon",
        "linkage_semantics": "Overlap/proximity only; not evidence that the building hosts AI compute."
      }
    },
    {
      "type": "Feature",
      "id": "f49b00d1-9c2f-49c2-99c5-29b5723ff8be",
      "geometry": {
        "type": "Polygon",
        "coordinates": [
          [
            [
              -99.8199082,
              32.4835722
            ],
            [
              -99.8200551,
              32.4835453
            ],
            [
              -99.820023,
              32.4834193
            ],
            [
              -99.8199138,
              32.4834393
            ],
            [
              -99.8199199,
              32.4834633
            ],
            [
              -99.8198822,
              32.4834702
            ],
            [
              -99.8199082,
              32.4835722
            ]
          ]
        ]
      },
      "properties": {
        "epoch_id": "EPOCH-4569f5444951b2fd",
        "site_name": "Crusoe Abilene Expansion",
        "distance_to_site_km": 2.1497,
        "footprint_area_m2_webmercator": 270.69,
        "source_dataset": "Overture Maps buildings",
        "source_url": "https://docs.overturemaps.org/getting-data/",
        "source_release": "2026-09-23.1",
        "source_accessed_on": "2026-09-28",
        "geometry_role": "current building-footprint polygon",
        "linkage_semantics": "Overlap/proximity only; not evidence that the building hosts AI compute."
      }
    },
    {
      "type": "Feature",
      "id": "ae768e1f-8c1f-4c06-95cd-492280a7c972",
      "geometry": {
        "type": "Polygon",
        "coordinates": [
          [
            [
              -99.8208394,
              32.4843547
            ],
            [
              -99.8208509,
              32.4844417
            ],
            [
              -99.8209032,
              32.4844367
            ],
            [
              -99.8209105,
              32.4844914
            ],
            [
              -99.8209804,
              32.4844847
            ],
            [
              -99.8209725,
              32.4844259
            ],
            [
              -99.8210006,
              32.4844232
            ],
            [
              -99.820993,
              32.4843662
            ],
            [
              -99.8209655,
              32.4843688
            ],
            [
              -99.820962,
              32.4843429
            ],
            [
              -99.8208394,
              32.4843547
            ]
          ]
        ]
      },
      "properties": {
        "epoch_id": "EPOCH-4569f5444951b2fd",
        "site_name": "Crusoe Abilene Expansion",
        "distance_to_site_km": 2.1719,
        "footprint_area_m2_webmercator": 239.02,
        "source_dataset": "Overture Maps buildings",
        "source_url": "https://docs.overturemaps.org/getting-data/",
        "source_release": "2026-09-23.1",
        "source_accessed_on": "2026-09-28",
        "geometry_role": "current building-footprint polygon",
        "linkage_semantics": "Overlap/proximity only; not evidence that the building hosts AI compute."
      }
    },
    {
      "type": "Feature",
      "id": "8e15f744-b7c6-48ab-b90a-46e9158cccc7",
      "geometry": {
        "type": "Polygon",
        "coordinates": [
          [
            [
              -99.8195091,
              32.4830466
            ],
            [
              -99.8195181,
              32.4830975
            ],
            [
              -99.8196162,
              32.4830852
            ],
            [
              -99.8196072,
              32.4830343
            ],
            [
              -99.8195091,
              32.4830466
            ]
          ]
        ]
      },
      "properties": {
        "epoch_id": "EPOCH-4569f5444951b2fd",
        "site_name": "Crusoe Abilene Expansion",
        "distance_to_site_km": 2.1455,
        "footprint_area_m2_webmercator": 74.98,
        "source_dataset": "Overture Maps buildings",
        "source_url": "https://docs.overturemaps.org/getting-data/",
        "source_release": "2026-09-23.1",
        "source_accessed_on": "2026-09-28",
        "geometry_role": "current building-footprint polygon",
        "linkage_semantics": "Overlap/proximity only; not evidence that the building hosts AI compute."
      }
    },
    {
      "type": "Feature",
      "id": "da643cd6-94c9-4d01-b8f4-f56838b492fe",
      "geometry": {
        "type": "Polygon",
        "coordinates": [
          [
            [
              -99.8199589,
              32.4833525
            ],
            [
              -99.8199495,
              32.48328
            ],
            [
              -99.8198647,
              32.4832879
            ],
            [
              -99.8198741,
              32.4833603
            ],
            [
              -99.8199589,
              32.4833525
            ]
          ]
        ]
      },
      "properties": {
        "epoch_id": "EPOCH-4569f5444951b2fd",
        "site_name": "Crusoe Abilene Expansion",
        "distance_to_site_km": 2.1563,
        "footprint_area_m2_webmercator": 91.34,
        "source_dataset": "Overture Maps buildings",
        "source_url": "https://docs.overturemaps.org/getting-data/",
        "source_release": "2026-09-23.1",
        "source_accessed_on": "2026-09-28",
        "geometry_role": "current building-footprint polygon",
        "linkage_semantics": "Overlap/proximity only; not evidence that the building hosts AI compute."
      }
    },
    {
      "type": "Feature",
      "id": "a13935ac-06af-4a2c-95e7-41244bfe4c0f",
      "geometry": {
        "type": "Polygon",
        "coordinates": [
          [
            [
              -99.8204151,
              32.4824765
            ],
            [
              -99.8205924,
              32.4824722
            ],
            [
              -99.8205887,
              32.4823641
            ],
            [
              -99.8205328,
              32.4823655
            ],
            [
              -99.8205332,
              32.482377
            ],
            [
              -99.8204993,
              32.4823778
            ],
            [
              -99.820497,
              32.4823098
            ],
            [
              -99.8204088,
              32.4823119
            ],
            [
              -99.8204106,
              32.4823641
            ],
            [
              -99.8203918,
              32.4823646
            ],
            [
              -99.8203926,
              32.4823892
            ],
            [
              -99.8204121,
              32.4823888
            ],
            [
              -99.8204151,
              32.4824765
            ]
          ]
        ]
      },
      "properties": {
        "epoch_id": "EPOCH-4569f5444951b2fd",
        "site_name": "Crusoe Abilene Expansion",
        "distance_to_site_km": 2.2591,
        "footprint_area_m2_webmercator": 356.29,
        "source_dataset": "Overture Maps buildings",
        "source_url": "https://docs.overturemaps.org/getting-data/",
        "source_release": "2026-09-23.1",
        "source_accessed_on": "2026-09-28",
        "geometry_role": "current building-footprint polygon",
        "linkage_semantics": "Overlap/proximity only; not evidence that the building hosts AI compute."
      }
    },
    {
      "type": "Feature",
      "id": "297e59e5-cb6f-4ee7-aaf6-029097e5c6e0",
      "geometry": {
        "type": "Polygon",
        "coordinates": [
          [
            [
              -99.8200661,
              32.4821764
            ],
            [
              -99.8200666,
              32.4822081
            ],
            [
              -99.820131,
              32.4822073
            ],
            [
              -99.8201305,
              32.4821757
            ],
            [
              -99.8200661,
              32.4821764
            ]
          ]
        ]
      },
      "properties": {
        "epoch_id": "EPOCH-4569f5444951b2fd",
        "site_name": "Crusoe Abilene Expansion",
        "distance_to_site_km": 2.2433,
        "footprint_area_m2_webmercator": 29.95,
        "source_dataset": "Overture Maps buildings",
        "source_url": "https://docs.overturemaps.org/getting-data/",
        "source_release": "2026-09-23.1",
        "source_accessed_on": "2026-09-28",
        "geometry_role": "current building-footprint polygon",
        "linkage_semantics": "Overlap/proximity only; not evidence that the building hosts AI compute."
      }
    },
    {
      "type": "Feature",
      "id": "76d4bb9c-1eea-4849-958d-e205f4ee3dc7",
      "geometry": {
        "type": "Polygon",
        "coordinates": [
          [
            [
              -99.8201691,
              32.4822114
            ],
            [
              -99.8203086,
              32.4822098
            ],
            [
              -99.8203071,
              32.4821225
            ],
            [
              -99.8202589,
              32.482123
            ],
            [
              -99.8202583,
              32.4820846
            ],
            [
              -99.8202261,
              32.482085
            ],
            [
              -99.8202267,
              32.4821257
            ],
            [
              -99.8201677,
              32.4821264
            ],
            [
              -99.8201691,
              32.4822114
            ]
          ]
        ]
      },
      "properties": {
        "epoch_id": "EPOCH-4569f5444951b2fd",
        "site_name": "Crusoe Abilene Expansion",
        "distance_to_site_km": 2.2559,
        "footprint_area_m2_webmercator": 195.13,
        "source_dataset": "Overture Maps buildings",
        "source_url": "https://docs.overturemaps.org/getting-data/",
        "source_release": "2026-09-23.1",
        "source_accessed_on": "2026-09-28",
        "geometry_role": "current building-footprint polygon",
        "linkage_semantics": "Overlap/proximity only; not evidence that the building hosts AI compute."
      }
    },
    {
      "type": "Feature",
      "id": "b1addf50-a332-4d59-948b-fe315ba89ef3",
      "geometry": {
        "type": "Polygon",
        "coordinates": [
          [
            [
              -99.8199782,
              32.4821632
            ],
            [
              -99.8199167,
              32.4821655
            ],
            [
              -99.8199216,
              32.4822626
            ],
            [
              -99.8199832,
              32.4822603
            ],
            [
              -99.8199782,
              32.4821632
            ]
          ]
        ]
      },
      "properties": {
        "epoch_id": "EPOCH-4569f5444951b2fd",
        "site_name": "Crusoe Abilene Expansion",
        "distance_to_site_km": 2.2308,
        "footprint_area_m2_webmercator": 87.96,
        "source_dataset": "Overture Maps buildings",
        "source_url": "https://docs.overturemaps.org/getting-data/",
        "source_release": "2026-09-23.1",
        "source_accessed_on": "2026-09-28",
        "geometry_role": "current building-footprint polygon",
        "linkage_semantics": "Overlap/proximity only; not evidence that the building hosts AI compute."
      }
    },
    {
      "type": "Feature",
      "id": "f609e6df-7263-4d0d-bcfd-8927732b569f",
      "geometry": {
        "type": "Polygon",
        "coordinates": [
          [
            [
              -99.8204119,
              32.4823076
            ],
            [
              -99.820409,
              32.482258
            ],
            [
              -99.8203341,
              32.482261
            ],
            [
              -99.820337,
              32.4823107
            ],
            [
              -99.8204119,
              32.4823076
            ]
          ]
        ]
      },
      "properties": {
        "epoch_id": "EPOCH-4569f5444951b2fd",
        "site_name": "Crusoe Abilene Expansion",
        "distance_to_site_km": 2.258,
        "footprint_area_m2_webmercator": 54.76,
        "source_dataset": "Overture Maps buildings",
        "source_url": "https://docs.overturemaps.org/getting-data/",
        "source_release": "2026-09-23.1",
        "source_accessed_on": "2026-09-28",
        "geometry_role": "current building-footprint polygon",
        "linkage_semantics": "Overlap/proximity only; not evidence that the building hosts AI compute."
      }
    },
    {
      "type": "Feature",
      "id": "e1e4a394-70ef-4f09-a830-a0818b09fb3b",
      "geometry": {
        "type": "Polygon",
        "coordinates": [
          [
            [
              -99.7868451,
              32.4805517
            ],
            [
              -99.7867502,
              32.4805499
            ],
            [
              -99.7867482,
              32.4806246
            ],
            [
              -99.7868431,
              32.4806264
            ],
            [
              -99.7868451,
              32.4805517
            ]
          ]
        ]
      },
      "properties": {
        "epoch_id": "EPOCH-4569f5444951b2fd",
        "site_name": "Crusoe Abilene Expansion",
        "distance_to_site_km": 2.0133,
        "footprint_area_m2_webmercator": 104.19,
        "source_dataset": "Overture Maps buildings",
        "source_url": "https://docs.overturemaps.org/getting-data/",
        "source_release": "2026-09-23.1",
        "source_accessed_on": "2026-09-28",
        "geometry_role": "current building-footprint polygon",
        "linkage_semantics": "Overlap/proximity only; not evidence that the building hosts AI compute."
      }
    },
    {
      "type": "Feature",
      "id": "00c5b705-2afd-4706-9f27-5fb5d9570abe",
      "geometry": {
        "type": "Polygon",
        "coordinates": [
          [
            [
              -99.7868626,
              32.4801217
            ],
            [
              -99.7867603,
              32.4801209
            ],
            [
              -99.7867601,
              32.4801375
            ],
            [
              -99.7867199,
              32.4801372
            ],
            [
              -99.7867197,
              32.4801552
            ],
            [
              -99.7863078,
              32.4801517
            ],
            [
              -99.7863065,
              32.4802643
            ],
            [
              -99.7867699,
              32.4802682
            ],
            [
              -99.7867726,
              32.4803974
            ],
            [
              -99.7868394,
              32.4803982
            ],
            [
              -99.7868409,
              32.4802696
            ],
            [
              -99.7868609,
              32.4802697
            ],
            [
              -99.7868626,
              32.4801217
            ]
          ]
        ]
      },
      "properties": {
        "epoch_id": "EPOCH-4569f5444951b2fd",
        "site_name": "Crusoe Abilene Expansion",
        "distance_to_site_km": 2.0549,
        "footprint_area_m2_webmercator": 1110.79,
        "source_dataset": "Overture Maps buildings",
        "source_url": "https://docs.overturemaps.org/getting-data/",
        "source_release": "2026-09-23.1",
        "source_accessed_on": "2026-09-28",
        "geometry_role": "current building-footprint polygon",
        "linkage_semantics": "Overlap/proximity only; not evidence that the building hosts AI compute."
      }
    },
    {
      "type": "Feature",
      "id": "198fd93e-8c8c-46a2-a95d-a7ef6c6ba0cb",
      "geometry": {
        "type": "Polygon",
        "coordinates": [
          [
            [
              -99.7835031,
              32.4779258
            ],
            [
              -99.7835059,
              32.4778309
            ],
            [
              -99.7834094,
              32.4778288
            ],
            [
              -99.7834066,
              32.4779238
            ],
            [
              -99.7835031,
              32.4779258
            ]
          ]
        ]
      },
      "properties": {
        "epoch_id": "EPOCH-4569f5444951b2fd",
        "site_name": "Crusoe Abilene Expansion",
        "distance_to_site_km": 2.4467,
        "footprint_area_m2_webmercator": 134.68,
        "source_dataset": "Overture Maps buildings",
        "source_url": "https://docs.overturemaps.org/getting-data/",
        "source_release": "2026-09-23.1",
        "source_accessed_on": "2026-09-28",
        "geometry_role": "current building-footprint polygon",
        "linkage_semantics": "Overlap/proximity only; not evidence that the building hosts AI compute."
      }
    },
    {
      "type": "Feature",
      "id": "e622f7c8-d6bb-40c6-ad85-7a3701f79a69",
      "geometry": {
        "type": "Polygon",
        "coordinates": [
          [
            [
              -99.7843029,
              32.477481
            ],
            [
              -99.7844548,
              32.4777881
            ],
            [
              -99.7845855,
              32.4777421
            ],
            [
              -99.7844908,
              32.4775507
            ],
            [
              -99.7847614,
              32.4774554
            ],
            [
              -99.7847005,
              32.4773322
            ],
            [
              -99.7846854,
              32.4773374
            ],
            [
              -99.784675,
              32.4773162
            ],
            [
              -99.7846025,
              32.4773416
            ],
            [
              -99.7846151,
              32.4773672
            ],
            [
              -99.7845901,
              32.4773759
            ],
            [
              -99.7844984,
              32.4771897
            ],
            [
              -99.7847361,
              32.4771064
            ],
            [
              -99.7846784,
              32.4769892
            ],
            [
              -99.784601,
              32.4770164
            ],
            [
              -99.7845921,
              32.4769984
            ],
            [
              -99.7845216,
              32.4770232
            ],
            [
              -99.7845315,
              32.4770431
            ],
            [
              -99.7843117,
              32.4771205
            ],
            [
              -99.7844622,
              32.4774249
            ],
            [
              -99.7843029,
              32.477481
            ]
          ]
        ]
      },
      "properties": {
        "epoch_id": "EPOCH-4569f5444951b2fd",
        "site_name": "Crusoe Abilene Expansion",
        "distance_to_site_km": 2.4255,
        "footprint_area_m2_webmercator": 2451.43,
        "source_dataset": "Overture Maps buildings",
        "source_url": "https://docs.overturemaps.org/getting-data/",
        "source_release": "2026-09-23.1",
        "source_accessed_on": "2026-09-28",
        "geometry_role": "current building-footprint polygon",
        "linkage_semantics": "Overlap/proximity only; not evidence that the building hosts AI compute."
      }
    },
    {
      "type": "Feature",
      "id": "b108c60c-c837-47b8-acf1-50f79112ef46",
      "geometry": {
        "type": "Polygon",
        "coordinates": [
          [
            [
              -99.783154,
              32.4781108
            ],
            [
              -99.7831714,
              32.4781754
            ],
            [
              -99.7832415,
              32.478162
            ],
            [
              -99.7832241,
              32.4780974
            ],
            [
              -99.783154,
              32.4781108
            ]
          ]
        ]
      },
      "properties": {
        "epoch_id": "EPOCH-4569f5444951b2fd",
        "site_name": "Crusoe Abilene Expansion",
        "distance_to_site_km": 2.4418,
        "footprint_area_m2_webmercator": 69.95,
        "source_dataset": "Overture Maps buildings",
        "source_url": "https://docs.overturemaps.org/getting-data/",
        "source_release": "2026-09-23.1",
        "source_accessed_on": "2026-09-28",
        "geometry_role": "current building-footprint polygon",
        "linkage_semantics": "Overlap/proximity only; not evidence that the building hosts AI compute."
      }
    },
    {
      "type": "Feature",
      "id": "f6f36077-1e6e-4fc7-a5f8-da1cbe33298a",
      "geometry": {
        "type": "Polygon",
        "coordinates": [
          [
            [
              -99.7835714,
              32.4780555
            ],
            [
              -99.7835459,
              32.4779976
            ],
            [
              -99.783449,
              32.4780283
            ],
            [
              -99.7834749,
              32.4780872
            ],
            [
              -99.7834073,
              32.4781086
            ],
            [
              -99.7834439,
              32.4781916
            ],
            [
              -99.7835105,
              32.4781705
            ],
            [
              -99.7835257,
              32.478205
            ],
            [
              -99.7836258,
              32.4781732
            ],
            [
              -99.783584,
              32.4780515
            ],
            [
              -99.7835714,
              32.4780555
            ]
          ]
        ]
      },
      "properties": {
        "epoch_id": "EPOCH-4569f5444951b2fd",
        "site_name": "Crusoe Abilene Expansion",
        "distance_to_site_km": 2.4235,
        "footprint_area_m2_webmercator": 395.29,
        "source_dataset": "Overture Maps buildings",
        "source_url": "https://docs.overturemaps.org/getting-data/",
        "source_release": "2026-09-23.1",
        "source_accessed_on": "2026-09-28",
        "geometry_role": "current building-footprint polygon",
        "linkage_semantics": "Overlap/proximity only; not evidence that the building hosts AI compute."
      }
    },
    {
      "type": "Feature",
      "id": "3d829202-d4db-4e1b-b19b-8b6d8e30f65d",
      "geometry": {
        "type": "Polygon",
        "coordinates": [
          [
            [
              -99.7821097,
              32.4784574
            ],
            [
              -99.7821673,
              32.478447
            ],
            [
              -99.7821241,
              32.4782761
            ],
            [
              -99.7820665,
              32.4782864
            ],
            [
              -99.7821097,
              32.4784574
            ]
          ]
        ]
      },
      "properties": {
        "epoch_id": "EPOCH-4569f5444951b2fd",
        "site_name": "Crusoe Abilene Expansion",
        "distance_to_site_km": 2.4937,
        "footprint_area_m2_webmercator": 151.21,
        "source_dataset": "Overture Maps buildings",
        "source_url": "https://docs.overturemaps.org/getting-data/",
        "source_release": "2026-09-23.1",
        "source_accessed_on": "2026-09-28",
        "geometry_role": "current building-footprint polygon",
        "linkage_semantics": "Overlap/proximity only; not evidence that the building hosts AI compute."
      }
    },
    {
      "type": "Feature",
      "id": "a062bbba-0650-47e4-84e9-f9b609e7a2ee",
      "geometry": {
        "type": "Polygon",
        "coordinates": [
          [
            [
              -99.8206616,
              32.4782724
            ],
            [
              -99.8206781,
              32.4783323
            ],
            [
              -99.8208158,
              32.4783049
            ],
            [
              -99.8207718,
              32.4781457
            ],
            [
              -99.8206128,
              32.4781772
            ],
            [
              -99.8206403,
              32.4782767
            ],
            [
              -99.8206616,
              32.4782724
            ]
          ]
        ]
      },
      "properties": {
        "epoch_id": "EPOCH-4569f5444951b2fd",
        "site_name": "Crusoe Abilene Expansion",
        "distance_to_site_km": 2.5721,
        "footprint_area_m2_webmercator": 372.6,
        "source_dataset": "Overture Maps buildings",
        "source_url": "https://docs.overturemaps.org/getting-data/",
        "source_release": "2026-09-23.1",
        "source_accessed_on": "2026-09-28",
        "geometry_role": "current building-footprint polygon",
        "linkage_semantics": "Overlap/proximity only; not evidence that the building hosts AI compute."
      }
    },
    {
      "type": "Feature",
      "id": "33e9bbf6-1552-4802-a1c5-c0479394528a",
      "geometry": {
        "type": "Polygon",
        "coordinates": [
          [
            [
              -99.8198295,
              32.4787648
            ],
            [
              -99.8199822,
              32.4787288
            ],
            [
              -99.8199381,
              32.4785944
            ],
            [
              -99.8197854,
              32.4786305
            ],
            [
              -99.8198295,
              32.4787648
            ]
          ]
        ]
      },
      "properties": {
        "epoch_id": "EPOCH-4569f5444951b2fd",
        "site_name": "Crusoe Abilene Expansion",
        "distance_to_site_km": 2.4817,
        "footprint_area_m2_webmercator": 324.71,
        "source_dataset": "Overture Maps buildings",
        "source_url": "https://docs.overturemaps.org/getting-data/",
        "source_release": "2026-09-23.1",
        "source_accessed_on": "2026-09-28",
        "geometry_role": "current building-footprint polygon",
        "linkage_semantics": "Overlap/proximity only; not evidence that the building hosts AI compute."
      }
    },
    {
      "type": "Feature",
      "id": "29f35db3-494a-42f0-ab73-3319bd00db7d",
      "geometry": {
        "type": "Polygon",
        "coordinates": [
          [
            [
              -99.8194832,
              32.4787865
            ],
            [
              -99.8195007,
              32.4788699
            ],
            [
              -99.8196671,
              32.478845
            ],
            [
              -99.8196496,
              32.4787616
            ],
            [
              -99.8194832,
              32.4787865
            ]
          ]
        ]
      },
      "properties": {
        "epoch_id": "EPOCH-4569f5444951b2fd",
        "site_name": "Crusoe Abilene Expansion",
        "distance_to_site_km": 2.4504,
        "footprint_area_m2_webmercator": 210.26,
        "source_dataset": "Overture Maps buildings",
        "source_url": "https://docs.overturemaps.org/getting-data/",
        "source_release": "2026-09-23.1",
        "source_accessed_on": "2026-09-28",
        "geometry_role": "current building-footprint polygon",
        "linkage_semantics": "Overlap/proximity only; not evidence that the building hosts AI compute."
      }
    },
    {
      "type": "Feature",
      "id": "4ad6c909-7852-421e-8d4d-b58839dd6a57",
      "geometry": {
        "type": "Polygon",
        "coordinates": [
          [
            [
              -99.8209688,
              32.4789423
            ],
            [
              -99.8210912,
              32.4789212
            ],
            [
              -99.8210771,
              32.478865
            ],
            [
              -99.8211095,
              32.4788592
            ],
            [
              -99.8210988,
              32.478819
            ],
            [
              -99.8210666,
              32.4788226
            ],
            [
              -99.821051,
              32.4787603
            ],
            [
              -99.8209006,
              32.4787873
            ],
            [
              -99.8209165,
              32.4788506
            ],
            [
              -99.8209434,
              32.4788452
            ],
            [
              -99.8209688,
              32.4789423
            ]
          ]
        ]
      },
      "properties": {
        "epoch_id": "EPOCH-4569f5444951b2fd",
        "site_name": "Crusoe Abilene Expansion",
        "distance_to_site_km": 2.5457,
        "footprint_area_m2_webmercator": 349.35,
        "source_dataset": "Overture Maps buildings",
        "source_url": "https://docs.overturemaps.org/getting-data/",
        "source_release": "2026-09-23.1",
        "source_accessed_on": "2026-09-28",
        "geometry_role": "current building-footprint polygon",
        "linkage_semantics": "Overlap/proximity only; not evidence that the building hosts AI compute."
      }
    },
    {
      "type": "Feature",
      "id": "083e8fd4-4d49-4b2b-a3d2-5eeb4c7c6c6c",
      "geometry": {
        "type": "Polygon",
        "coordinates": [
          [
            [
              -99.8207965,
              32.4770089
            ],
            [
              -99.8208434,
              32.4772127
            ],
            [
              -99.8209555,
              32.4771941
            ],
            [
              -99.8209389,
              32.4771216
            ],
            [
              -99.8209699,
              32.4771165
            ],
            [
              -99.8209537,
              32.4770461
            ],
            [
              -99.8209181,
              32.477052
            ],
            [
              -99.8209041,
              32.4769911
            ],
            [
              -99.8207965,
              32.4770089
            ]
          ]
        ]
      },
      "properties": {
        "epoch_id": "EPOCH-4569f5444951b2fd",
        "site_name": "Crusoe Abilene Expansion",
        "distance_to_site_km": 2.6719,
        "footprint_area_m2_webmercator": 377.56,
        "source_dataset": "Overture Maps buildings",
        "source_url": "https://docs.overturemaps.org/getting-data/",
        "source_release": "2026-09-23.1",
        "source_accessed_on": "2026-09-28",
        "geometry_role": "current building-footprint polygon",
        "linkage_semantics": "Overlap/proximity only; not evidence that the building hosts AI compute."
      }
    },
    {
      "type": "Feature",
      "id": "0ea13a9e-6994-409b-8729-645cb55aad4e",
      "geometry": {
        "type": "Polygon",
        "coordinates": [
          [
            [
              -99.8209802,
              32.4772369
            ],
            [
              -99.8209966,
              32.4773057
            ],
            [
              -99.8208355,
              32.477333
            ],
            [
              -99.8208515,
              32.4774004
            ],
            [
              -99.8209315,
              32.4773869
            ],
            [
              -99.8209259,
              32.4773638
            ],
            [
              -99.8211064,
              32.4773331
            ],
            [
              -99.8210794,
              32.4772201
            ],
            [
              -99.8209802,
              32.4772369
            ]
          ]
        ]
      },
      "properties": {
        "epoch_id": "EPOCH-4569f5444951b2fd",
        "site_name": "Crusoe Abilene Expansion",
        "distance_to_site_km": 2.6619,
        "footprint_area_m2_webmercator": 308.76,
        "source_dataset": "Overture Maps buildings",
        "source_url": "https://docs.overturemaps.org/getting-data/",
        "source_release": "2026-09-23.1",
        "source_accessed_on": "2026-09-28",
        "geometry_role": "current building-footprint polygon",
        "linkage_semantics": "Overlap/proximity only; not evidence that the building hosts AI compute."
      }
    },
    {
      "type": "Feature",
      "id": "cb420948-2351-47c7-b9e0-afe00c7f082c",
      "geometry": {
        "type": "Polygon",
        "coordinates": [
          [
            [
              -99.8177831,
              32.4758733
            ],
            [
              -99.8177981,
              32.4759411
            ],
            [
              -99.8180184,
              32.4759065
            ],
            [
              -99.8179939,
              32.475795
            ],
            [
              -99.8178746,
              32.4758137
            ],
            [
              -99.8178842,
              32.4758574
            ],
            [
              -99.8177831,
              32.4758733
            ]
          ]
        ]
      },
      "properties": {
        "epoch_id": "EPOCH-4569f5444951b2fd",
        "site_name": "Crusoe Abilene Expansion",
        "distance_to_site_km": 2.5905,
        "footprint_area_m2_webmercator": 306.32,
        "source_dataset": "Overture Maps buildings",
        "source_url": "https://docs.overturemaps.org/getting-data/",
        "source_release": "2026-09-23.1",
        "source_accessed_on": "2026-09-28",
        "geometry_role": "current building-footprint polygon",
        "linkage_semantics": "Overlap/proximity only; not evidence that the building hosts AI compute."
      }
    },
    {
      "type": "Feature",
      "id": "fc3a7a4c-c565-493b-8aef-a21494ddddd0",
      "geometry": {
        "type": "Polygon",
        "coordinates": [
          [
            [
              -99.8204271,
              32.4758992
            ],
            [
              -99.8203933,
              32.4757865
            ],
            [
              -99.8202825,
              32.4758104
            ],
            [
              -99.8202783,
              32.4757963
            ],
            [
              -99.8201637,
              32.475821
            ],
            [
              -99.8202057,
              32.4759606
            ],
            [
              -99.8203223,
              32.4759354
            ],
            [
              -99.8203088,
              32.4758906
            ],
            [
              -99.8203439,
              32.475883
            ],
            [
              -99.8203535,
              32.4759151
            ],
            [
              -99.8204271,
              32.4758992
            ]
          ]
        ]
      },
      "properties": {
        "epoch_id": "EPOCH-4569f5444951b2fd",
        "site_name": "Crusoe Abilene Expansion",
        "distance_to_site_km": 2.7342,
        "footprint_area_m2_webmercator": 428.14,
        "source_dataset": "Overture Maps buildings",
        "source_url": "https://docs.overturemaps.org/getting-data/",
        "source_release": "2026-09-23.1",
        "source_accessed_on": "2026-09-28",
        "geometry_role": "current building-footprint polygon",
        "linkage_semantics": "Overlap/proximity only; not evidence that the building hosts AI compute."
      }
    },
    {
      "type": "Feature",
      "id": "e33d70de-9e71-413b-bc77-03042a1e03be",
      "geometry": {
        "type": "Polygon",
        "coordinates": [
          [
            [
              -99.820855,
              32.4757907
            ],
            [
              -99.8207411,
              32.4757955
            ],
            [
              -99.8207456,
              32.4758709
            ],
            [
              -99.8208594,
              32.4758661
            ],
            [
              -99.820855,
              32.4757907
            ]
          ]
        ]
      },
      "properties": {
        "epoch_id": "EPOCH-4569f5444951b2fd",
        "site_name": "Crusoe Abilene Expansion",
        "distance_to_site_km": 2.7692,
        "footprint_area_m2_webmercator": 126.41,
        "source_dataset": "Overture Maps buildings",
        "source_url": "https://docs.overturemaps.org/getting-data/",
        "source_release": "2026-09-23.1",
        "source_accessed_on": "2026-09-28",
        "geometry_role": "current building-footprint polygon",
        "linkage_semantics": "Overlap/proximity only; not evidence that the building hosts AI compute."
      }
    },
    {
      "type": "Feature",
      "id": "9d84835f-2238-4afb-a7f5-bf6ce82b303a",
      "geometry": {
        "type": "Polygon",
        "coordinates": [
          [
            [
              -99.8175499,
              32.4758364
            ],
            [
              -99.8176661,
              32.4758094
            ],
            [
              -99.8176431,
              32.4757383
            ],
            [
              -99.8176188,
              32.475744
            ],
            [
              -99.8176139,
              32.4757288
            ],
            [
              -99.8176407,
              32.4757226
            ],
            [
              -99.8176279,
              32.4756831
            ],
            [
              -99.8176049,
              32.4756884
            ],
            [
              -99.8175856,
              32.4756287
            ],
            [
              -99.8174777,
              32.4756538
            ],
            [
              -99.8175151,
              32.4757695
            ],
            [
              -99.8174463,
              32.4757855
            ],
            [
              -99.8174687,
              32.4758546
            ],
            [
              -99.8175048,
              32.4758462
            ],
            [
              -99.8175117,
              32.4758676
            ],
            [
              -99.8175566,
              32.4758572
            ],
            [
              -99.8175499,
              32.4758364
            ]
          ]
        ]
      },
      "properties": {
        "epoch_id": "EPOCH-4569f5444951b2fd",
        "site_name": "Crusoe Abilene Expansion",
        "distance_to_site_km": 2.5808,
        "footprint_area_m2_webmercator": 442.68,
        "source_dataset": "Overture Maps buildings",
        "source_url": "https://docs.overturemaps.org/getting-data/",
        "source_release": "2026-09-23.1",
        "source_accessed_on": "2026-09-28",
        "geometry_role": "current building-footprint polygon",
        "linkage_semantics": "Overlap/proximity only; not evidence that the building hosts AI compute."
      }
    },
    {
      "type": "Feature",
      "id": "9b9555b1-5722-4f08-b5c2-380285f0f3a7",
      "geometry": {
        "type": "Polygon",
        "coordinates": [
          [
            [
              -99.8208747,
              32.4752369
            ],
            [
              -99.8208954,
              32.4753111
            ],
            [
              -99.8210084,
              32.4752886
            ],
            [
              -99.8209876,
              32.4752144
            ],
            [
              -99.8208747,
              32.4752369
            ]
          ]
        ]
      },
      "properties": {
        "epoch_id": "EPOCH-4569f5444951b2fd",
        "site_name": "Crusoe Abilene Expansion",
        "distance_to_site_km": 2.825,
        "footprint_area_m2_webmercator": 129.97,
        "source_dataset": "Overture Maps buildings",
        "source_url": "https://docs.overturemaps.org/getting-data/",
        "source_release": "2026-09-23.1",
        "source_accessed_on": "2026-09-28",
        "geometry_role": "current building-footprint polygon",
        "linkage_semantics": "Overlap/proximity only; not evidence that the building hosts AI compute."
      }
    },
    {
      "type": "Feature",
      "id": "f1c9b892-d6df-4d3a-8f8b-52d59f94127f",
      "geometry": {
        "type": "Polygon",
        "coordinates": [
          [
            [
              -99.8175687,
              32.475156
            ],
            [
              -99.8174506,
              32.4751466
            ],
            [
              -99.8174422,
              32.4752218
            ],
            [
              -99.8175603,
              32.4752312
            ],
            [
              -99.8175687,
              32.475156
            ]
          ]
        ]
      },
      "properties": {
        "epoch_id": "EPOCH-4569f5444951b2fd",
        "site_name": "Crusoe Abilene Expansion",
        "distance_to_site_km": 2.6283,
        "footprint_area_m2_webmercator": 131.61,
        "source_dataset": "Overture Maps buildings",
        "source_url": "https://docs.overturemaps.org/getting-data/",
        "source_release": "2026-09-23.1",
        "source_accessed_on": "2026-09-28",
        "geometry_role": "current building-footprint polygon",
        "linkage_semantics": "Overlap/proximity only; not evidence that the building hosts AI compute."
      }
    },
    {
      "type": "Feature",
      "id": "e49da87b-6bd0-4953-a4fe-2881b53fa585",
      "geometry": {
        "type": "Polygon",
        "coordinates": [
          [
            [
              -99.8170431,
              32.4750193
            ],
            [
              -99.8173602,
              32.4749656
            ],
            [
              -99.8173271,
              32.4748264
            ],
            [
              -99.81701,
              32.4748801
            ],
            [
              -99.8170431,
              32.4750193
            ]
          ]
        ]
      },
      "properties": {
        "epoch_id": "EPOCH-4569f5444951b2fd",
        "site_name": "Crusoe Abilene Expansion",
        "distance_to_site_km": 2.6346,
        "footprint_area_m2_webmercator": 674.49,
        "source_dataset": "Overture Maps buildings",
        "source_url": "https://docs.overturemaps.org/getting-data/",
        "source_release": "2026-09-23.1",
        "source_accessed_on": "2026-09-28",
        "geometry_role": "current building-footprint polygon",
        "linkage_semantics": "Overlap/proximity only; not evidence that the building hosts AI compute."
      }
    },
    {
      "type": "Feature",
      "id": "ccd9ab37-0e67-4068-be59-55df277295db",
      "geometry": {
        "type": "Polygon",
        "coordinates": [
          [
            [
              -99.7833001,
              32.4742018
            ],
            [
              -99.7830867,
              32.4740926
            ],
            [
              -99.7830578,
              32.4741333
            ],
            [
              -99.7832711,
              32.4742425
            ],
            [
              -99.7833001,
              32.4742018
            ]
          ]
        ]
      },
      "properties": {
        "epoch_id": "EPOCH-4569f5444951b2fd",
        "site_name": "Crusoe Abilene Expansion",
        "distance_to_site_km": 2.7826,
        "footprint_area_m2_webmercator": 173.99,
        "source_dataset": "Overture Maps buildings",
        "source_url": "https://docs.overturemaps.org/getting-data/",
        "source_release": "2026-09-23.1",
        "source_accessed_on": "2026-09-28",
        "geometry_role": "current building-footprint polygon",
        "linkage_semantics": "Overlap/proximity only; not evidence that the building hosts AI compute."
      }
    },
    {
      "type": "Feature",
      "id": "5458af70-ca18-4c0d-ac8d-fc08fafefbee",
      "geometry": {
        "type": "Polygon",
        "coordinates": [
          [
            [
              -99.7830839,
              32.4742481
            ],
            [
              -99.7828591,
              32.4741508
            ],
            [
              -99.7828333,
              32.4741936
            ],
            [
              -99.7830581,
              32.4742909
            ],
            [
              -99.7830839,
              32.4742481
            ]
          ]
        ]
      },
      "properties": {
        "epoch_id": "EPOCH-4569f5444951b2fd",
        "site_name": "Crusoe Abilene Expansion",
        "distance_to_site_km": 2.7903,
        "footprint_area_m2_webmercator": 178.2,
        "source_dataset": "Overture Maps buildings",
        "source_url": "https://docs.overturemaps.org/getting-data/",
        "source_release": "2026-09-23.1",
        "source_accessed_on": "2026-09-28",
        "geometry_role": "current building-footprint polygon",
        "linkage_semantics": "Overlap/proximity only; not evidence that the building hosts AI compute."
      }
    },
    {
      "type": "Feature",
      "id": "eb280b8b-2b2d-4294-bd3e-72f5cba1362e",
      "geometry": {
        "type": "Polygon",
        "coordinates": [
          [
            [
              -99.7827839,
              32.4742523
            ],
            [
              -99.782775,
              32.474179
            ],
            [
              -99.7826073,
              32.4741935
            ],
            [
              -99.7826162,
              32.4742669
            ],
            [
              -99.7827839,
              32.4742523
            ]
          ]
        ]
      },
      "properties": {
        "epoch_id": "EPOCH-4569f5444951b2fd",
        "site_name": "Crusoe Abilene Expansion",
        "distance_to_site_km": 2.805,
        "footprint_area_m2_webmercator": 182.59,
        "source_dataset": "Overture Maps buildings",
        "source_url": "https://docs.overturemaps.org/getting-data/",
        "source_release": "2026-09-23.1",
        "source_accessed_on": "2026-09-28",
        "geometry_role": "current building-footprint polygon",
        "linkage_semantics": "Overlap/proximity only; not evidence that the building hosts AI compute."
      }
    },
    {
      "type": "Feature",
      "id": "bc77a184-4e17-4f55-aac0-5f6279ceed10",
      "geometry": {
        "type": "Polygon",
        "coordinates": [
          [
            [
              -99.7824994,
              32.4742655
            ],
            [
              -99.7824812,
              32.4741914
            ],
            [
              -99.7823012,
              32.4742232
            ],
            [
              -99.7823194,
              32.4742973
            ],
            [
              -99.7824994,
              32.4742655
            ]
          ]
        ]
      },
      "properties": {
        "epoch_id": "EPOCH-4569f5444951b2fd",
        "site_name": "Crusoe Abilene Expansion",
        "distance_to_site_km": 2.8201,
        "footprint_area_m2_webmercator": 204.42,
        "source_dataset": "Overture Maps buildings",
        "source_url": "https://docs.overturemaps.org/getting-data/",
        "source_release": "2026-09-23.1",
        "source_accessed_on": "2026-09-28",
        "geometry_role": "current building-footprint polygon",
        "linkage_semantics": "Overlap/proximity only; not evidence that the building hosts AI compute."
      }
    },
    {
      "type": "Feature",
      "id": "e8403950-f790-43d9-9ded-f50eb9388b76",
      "geometry": {
        "type": "Polygon",
        "coordinates": [
          [
            [
              -99.781743,
              32.4742248
            ],
            [
              -99.7817256,
              32.474187
            ],
            [
              -99.7815192,
              32.4742552
            ],
            [
              -99.7815366,
              32.474293
            ],
            [
              -99.781743,
              32.4742248
            ]
          ]
        ]
      },
      "properties": {
        "epoch_id": "EPOCH-4569f5444951b2fd",
        "site_name": "Crusoe Abilene Expansion",
        "distance_to_site_km": 2.8655,
        "footprint_area_m2_webmercator": 132.03,
        "source_dataset": "Overture Maps buildings",
        "source_url": "https://docs.overturemaps.org/getting-data/",
        "source_release": "2026-09-23.1",
        "source_accessed_on": "2026-09-28",
        "geometry_role": "current building-footprint polygon",
        "linkage_semantics": "Overlap/proximity only; not evidence that the building hosts AI compute."
      }
    },
    {
      "type": "Feature",
      "id": "98c6a284-a933-4544-9e35-cbbc07258409",
      "geometry": {
        "type": "Polygon",
        "coordinates": [
          [
            [
              -99.7835384,
              32.4741523
            ],
            [
              -99.7834996,
              32.4741358
            ],
            [
              -99.7834029,
              32.4742995
            ],
            [
              -99.7834417,
              32.474316
            ],
            [
              -99.7835384,
              32.4741523
            ]
          ]
        ]
      },
      "properties": {
        "epoch_id": "EPOCH-4569f5444951b2fd",
        "site_name": "Crusoe Abilene Expansion",
        "distance_to_site_km": 2.7611,
        "footprint_area_m2_webmercator": 116.73,
        "source_dataset": "Overture Maps buildings",
        "source_url": "https://docs.overturemaps.org/getting-data/",
        "source_release": "2026-09-23.1",
        "source_accessed_on": "2026-09-28",
        "geometry_role": "current building-footprint polygon",
        "linkage_semantics": "Overlap/proximity only; not evidence that the building hosts AI compute."
      }
    },
    {
      "type": "Feature",
      "id": "aa726038-3e77-4d77-8190-31cba2f88420",
      "geometry": {
        "type": "Polygon",
        "coordinates": [
          [
            [
              -99.7830722,
              32.4743019
            ],
            [
              -99.7830026,
              32.4743041
            ],
            [
              -99.7830052,
              32.4743606
            ],
            [
              -99.7830748,
              32.4743584
            ],
            [
              -99.7830722,
              32.4743019
            ]
          ]
        ]
      },
      "properties": {
        "epoch_id": "EPOCH-4569f5444951b2fd",
        "site_name": "Crusoe Abilene Expansion",
        "distance_to_site_km": 2.7759,
        "footprint_area_m2_webmercator": 57.85,
        "source_dataset": "Overture Maps buildings",
        "source_url": "https://docs.overturemaps.org/getting-data/",
        "source_release": "2026-09-23.1",
        "source_accessed_on": "2026-09-28",
        "geometry_role": "current building-footprint polygon",
        "linkage_semantics": "Overlap/proximity only; not evidence that the building hosts AI compute."
      }
    },
    {
      "type": "Feature",
      "id": "7213a0a0-6f80-491b-9051-339f12fecdc6",
      "geometry": {
        "type": "Polygon",
        "coordinates": [
          [
            [
              -99.782233,
              32.474328
            ],
            [
              -99.7821793,
              32.4742649
            ],
            [
              -99.7819885,
              32.4743817
            ],
            [
              -99.7820423,
              32.4744448
            ],
            [
              -99.782233,
              32.474328
            ]
          ]
        ]
      },
      "properties": {
        "epoch_id": "EPOCH-4569f5444951b2fd",
        "site_name": "Crusoe Abilene Expansion",
        "distance_to_site_km": 2.8273,
        "footprint_area_m2_webmercator": 269.02,
        "source_dataset": "Overture Maps buildings",
        "source_url": "https://docs.overturemaps.org/getting-data/",
        "source_release": "2026-09-23.1",
        "source_accessed_on": "2026-09-28",
        "geometry_role": "current building-footprint polygon",
        "linkage_semantics": "Overlap/proximity only; not evidence that the building hosts AI compute."
      }
    },
    {
      "type": "Feature",
      "id": "5ff0eaaa-a51f-4e23-b881-e4316c82bf97",
      "geometry": {
        "type": "Polygon",
        "coordinates": [
          [
            [
              -99.7816208,
              32.4743984
            ],
            [
              -99.7816196,
              32.4743778
            ],
            [
              -99.7815608,
              32.4743803
            ],
            [
              -99.7815621,
              32.4744022
            ],
            [
              -99.7815417,
              32.4744031
            ],
            [
              -99.7815441,
              32.4744437
            ],
            [
              -99.7817715,
              32.4744341
            ],
            [
              -99.781769,
              32.4743921
            ],
            [
              -99.7816208,
              32.4743984
            ]
          ]
        ]
      },
      "properties": {
        "epoch_id": "EPOCH-4569f5444951b2fd",
        "site_name": "Crusoe Abilene Expansion",
        "distance_to_site_km": 2.8493,
        "footprint_area_m2_webmercator": 157.96,
        "source_dataset": "Overture Maps buildings",
        "source_url": "https://docs.overturemaps.org/getting-data/",
        "source_release": "2026-09-23.1",
        "source_accessed_on": "2026-09-28",
        "geometry_role": "current building-footprint polygon",
        "linkage_semantics": "Overlap/proximity only; not evidence that the building hosts AI compute."
      }
    },
    {
      "type": "Feature",
      "id": "94f75079-93c1-46d8-88d8-67f910ffb2a3",
      "geometry": {
        "type": "Polygon",
        "coordinates": [
          [
            [
              -99.7836009,
              32.4744532
            ],
            [
              -99.7835825,
              32.4744142
            ],
            [
              -99.7833813,
              32.4744821
            ],
            [
              -99.7833996,
              32.4745212
            ],
            [
              -99.7836009,
              32.4744532
            ]
          ]
        ]
      },
      "properties": {
        "epoch_id": "EPOCH-4569f5444951b2fd",
        "site_name": "Crusoe Abilene Expansion",
        "distance_to_site_km": 2.7383,
        "footprint_area_m2_webmercator": 133.75,
        "source_dataset": "Overture Maps buildings",
        "source_url": "https://docs.overturemaps.org/getting-data/",
        "source_release": "2026-09-23.1",
        "source_accessed_on": "2026-09-28",
        "geometry_role": "current building-footprint polygon",
        "linkage_semantics": "Overlap/proximity only; not evidence that the building hosts AI compute."
      }
    },
    {
      "type": "Feature",
      "id": "8fe959d9-8bfb-4274-a72e-5e1739284d47",
      "geometry": {
        "type": "Polygon",
        "coordinates": [
          [
            [
              -99.7820438,
              32.4745687
            ],
            [
              -99.7820345,
              32.4745587
            ],
            [
              -99.7818918,
              32.474405
            ],
            [
              -99.7818521,
              32.4744314
            ],
            [
              -99.781881,
              32.4744626
            ],
            [
              -99.7818537,
              32.4744808
            ],
            [
              -99.7819023,
              32.4745331
            ],
            [
              -99.7819304,
              32.4745144
            ],
            [
              -99.7819721,
              32.4745593
            ],
            [
              -99.7820049,
              32.4745947
            ],
            [
              -99.7820438,
              32.4745687
            ]
          ]
        ]
      },
      "properties": {
        "epoch_id": "EPOCH-4569f5444951b2fd",
        "site_name": "Crusoe Abilene Expansion",
        "distance_to_site_km": 2.825,
        "footprint_area_m2_webmercator": 187.01,
        "source_dataset": "Overture Maps buildings",
        "source_url": "https://docs.overturemaps.org/getting-data/",
        "source_release": "2026-09-23.1",
        "source_accessed_on": "2026-09-28",
        "geometry_role": "current building-footprint polygon",
        "linkage_semantics": "Overlap/proximity only; not evidence that the building hosts AI compute."
      }
    },
    {
      "type": "Feature",
      "id": "b59cad78-1ceb-47ed-a1be-4f63459d3045",
      "geometry": {
        "type": "Polygon",
        "coordinates": [
          [
            [
              -99.7817472,
              32.4745676
            ],
            [
              -99.7817485,
              32.4745616
            ],
            [
              -99.7817571,
              32.4745244
            ],
            [
              -99.7815112,
              32.4744839
            ],
            [
              -99.7815012,
              32.4745271
            ],
            [
              -99.781713,
              32.474562
            ],
            [
              -99.7817472,
              32.4745676
            ]
          ]
        ]
      },
      "properties": {
        "epoch_id": "EPOCH-4569f5444951b2fd",
        "site_name": "Crusoe Abilene Expansion",
        "distance_to_site_km": 2.841,
        "footprint_area_m2_webmercator": 162.02,
        "source_dataset": "Overture Maps buildings",
        "source_url": "https://docs.overturemaps.org/getting-data/",
        "source_release": "2026-09-23.1",
        "source_accessed_on": "2026-09-28",
        "geometry_role": "current building-footprint polygon",
        "linkage_semantics": "Overlap/proximity only; not evidence that the building hosts AI compute."
      }
    },
    {
      "type": "Feature",
      "id": "dc84318f-f6cc-4e59-b508-bbf9aa1d95bd",
      "geometry": {
        "type": "Polygon",
        "coordinates": [
          [
            [
              -99.7819624,
              32.4746813
            ],
            [
              -99.7819872,
              32.4746441
            ],
            [
              -99.7818161,
              32.4745622
            ],
            [
              -99.7817913,
              32.4745994
            ],
            [
              -99.7819624,
              32.4746813
            ]
          ]
        ]
      },
      "properties": {
        "epoch_id": "EPOCH-4569f5444951b2fd",
        "site_name": "Crusoe Abilene Expansion",
        "distance_to_site_km": 2.8173,
        "footprint_area_m2_webmercator": 123.33,
        "source_dataset": "Overture Maps buildings",
        "source_url": "https://docs.overturemaps.org/getting-data/",
        "source_release": "2026-09-23.1",
        "source_accessed_on": "2026-09-28",
        "geometry_role": "current building-footprint polygon",
        "linkage_semantics": "Overlap/proximity only; not evidence that the building hosts AI compute."
      }
    },
    {
      "type": "Feature",
      "id": "78ce0bcf-10c9-40f3-b433-09ed2288fc05",
      "geometry": {
        "type": "Polygon",
        "coordinates": [
          [
            [
              -99.7816055,
              32.4746373
            ],
            [
              -99.7816674,
              32.4746624
            ],
            [
              -99.7816941,
              32.4746156
            ],
            [
              -99.7816321,
              32.4745905
            ],
            [
              -99.7816055,
              32.4746373
            ]
          ]
        ]
      },
      "properties": {
        "epoch_id": "EPOCH-4569f5444951b2fd",
        "site_name": "Crusoe Abilene Expansion",
        "distance_to_site_km": 2.8311,
        "footprint_area_m2_webmercator": 52.41,
        "source_dataset": "Overture Maps buildings",
        "source_url": "https://docs.overturemaps.org/getting-data/",
        "source_release": "2026-09-23.1",
        "source_accessed_on": "2026-09-28",
        "geometry_role": "current building-footprint polygon",
        "linkage_semantics": "Overlap/proximity only; not evidence that the building hosts AI compute."
      }
    },
    {
      "type": "Feature",
      "id": "c5c20273-cadc-41b6-9aca-148789d503f2",
      "geometry": {
        "type": "Polygon",
        "coordinates": [
          [
            [
              -99.7825868,
              32.474723
            ],
            [
              -99.7826294,
              32.4747038
            ],
            [
              -99.7825123,
              32.474519
            ],
            [
              -99.7824697,
              32.4745382
            ],
            [
              -99.7825868,
              32.474723
            ]
          ]
        ]
      },
      "properties": {
        "epoch_id": "EPOCH-4569f5444951b2fd",
        "site_name": "Crusoe Abilene Expansion",
        "distance_to_site_km": 2.7785,
        "footprint_area_m2_webmercator": 148.66,
        "source_dataset": "Overture Maps buildings",
        "source_url": "https://docs.overturemaps.org/getting-data/",
        "source_release": "2026-09-23.1",
        "source_accessed_on": "2026-09-28",
        "geometry_role": "current building-footprint polygon",
        "linkage_semantics": "Overlap/proximity only; not evidence that the building hosts AI compute."
      }
    },
    {
      "type": "Feature",
      "id": "c7a66edd-ee6d-4d52-acb5-41f2701da416",
      "geometry": {
        "type": "Polygon",
        "coordinates": [
          [
            [
              -99.7826505,
              32.4745523
            ],
            [
              -99.7827391,
              32.4747174
            ],
            [
              -99.7827808,
              32.4747013
            ],
            [
              -99.7827246,
              32.4745964
            ],
            [
              -99.7827532,
              32.4745854
            ],
            [
              -99.7827428,
              32.4745662
            ],
            [
              -99.7827154,
              32.4745768
            ],
            [
              -99.782702,
              32.4745518
            ],
            [
              -99.7826778,
              32.4745067
            ],
            [
              -99.7826349,
              32.4745232
            ],
            [
              -99.7826505,
              32.4745523
            ]
          ]
        ]
      },
      "properties": {
        "epoch_id": "EPOCH-4569f5444951b2fd",
        "site_name": "Crusoe Abilene Expansion",
        "distance_to_site_km": 2.7702,
        "footprint_area_m2_webmercator": 154.86,
        "source_dataset": "Overture Maps buildings",
        "source_url": "https://docs.overturemaps.org/getting-data/",
        "source_release": "2026-09-23.1",
        "source_accessed_on": "2026-09-28",
        "geometry_role": "current building-footprint polygon",
        "linkage_semantics": "Overlap/proximity only; not evidence that the building hosts AI compute."
      }
    },
    {
      "type": "Feature",
      "id": "a4c20ecc-a909-47f7-8aa5-81ecfb342c2e",
      "geometry": {
        "type": "Polygon",
        "coordinates": [
          [
            [
              -99.7829503,
              32.4745124
            ],
            [
              -99.7829785,
              32.4747125
            ],
            [
              -99.7830286,
              32.4747075
            ],
            [
              -99.7830004,
              32.4745073
            ],
            [
              -99.7829503,
              32.4745124
            ]
          ]
        ]
      },
      "properties": {
        "epoch_id": "EPOCH-4569f5444951b2fd",
        "site_name": "Crusoe Abilene Expansion",
        "distance_to_site_km": 2.7541,
        "footprint_area_m2_webmercator": 149.39,
        "source_dataset": "Overture Maps buildings",
        "source_url": "https://docs.overturemaps.org/getting-data/",
        "source_release": "2026-09-23.1",
        "source_accessed_on": "2026-09-28",
        "geometry_role": "current building-footprint polygon",
        "linkage_semantics": "Overlap/proximity only; not evidence that the building hosts AI compute."
      }
    },
    {
      "type": "Feature",
      "id": "23296d4f-0582-4292-8a4d-abbb0c2021b2",
      "geometry": {
        "type": "Polygon",
        "coordinates": [
          [
            [
              -99.7822794,
              32.4746873
            ],
            [
              -99.782244,
              32.4746669
            ],
            [
              -99.7821332,
              32.4748047
            ],
            [
              -99.7821687,
              32.4748252
            ],
            [
              -99.7822794,
              32.4746873
            ]
          ]
        ]
      },
      "properties": {
        "epoch_id": "EPOCH-4569f5444951b2fd",
        "site_name": "Crusoe Abilene Expansion",
        "distance_to_site_km": 2.7878,
        "footprint_area_m2_webmercator": 105.05,
        "source_dataset": "Overture Maps buildings",
        "source_url": "https://docs.overturemaps.org/getting-data/",
        "source_release": "2026-09-23.1",
        "source_accessed_on": "2026-09-28",
        "geometry_role": "current building-footprint polygon",
        "linkage_semantics": "Overlap/proximity only; not evidence that the building hosts AI compute."
      }
    },
    {
      "type": "Feature",
      "id": "5c413fe4-4bc1-4881-95cb-667deaf45857",
      "geometry": {
        "type": "Polygon",
        "coordinates": [
          [
            [
              -99.7835634,
              32.4748061
            ],
            [
              -99.7835577,
              32.4747859
            ],
            [
              -99.7835202,
              32.4747935
            ],
            [
              -99.7835259,
              32.4748136
            ],
            [
              -99.7834806,
              32.4748228
            ],
            [
              -99.7834754,
              32.4748047
            ],
            [
              -99.7834392,
              32.4748121
            ],
            [
              -99.7834439,
              32.4748289
            ],
            [
              -99.7834062,
              32.4748365
            ],
            [
              -99.7834157,
              32.4748701
            ],
            [
              -99.7836007,
              32.4748325
            ],
            [
              -99.7835916,
              32.4748003
            ],
            [
              -99.7835634,
              32.4748061
            ]
          ]
        ]
      },
      "properties": {
        "epoch_id": "EPOCH-4569f5444951b2fd",
        "site_name": "Crusoe Abilene Expansion",
        "distance_to_site_km": 2.7054,
        "footprint_area_m2_webmercator": 115.31,
        "source_dataset": "Overture Maps buildings",
        "source_url": "https://docs.overturemaps.org/getting-data/",
        "source_release": "2026-09-23.1",
        "source_accessed_on": "2026-09-28",
        "geometry_role": "current building-footprint polygon",
        "linkage_semantics": "Overlap/proximity only; not evidence that the building hosts AI compute."
      }
    },
    {
      "type": "Feature",
      "id": "8b310ab5-85f6-4b41-9828-13f325ba6346",
      "geometry": {
        "type": "Polygon",
        "coordinates": [
          [
            [
              -99.7822664,
              32.4749144
            ],
            [
              -99.782406,
              32.4747388
            ],
            [
              -99.782365,
              32.4747154
            ],
            [
              -99.7822254,
              32.474891
            ],
            [
              -99.7822664,
              32.4749144
            ]
          ]
        ]
      },
      "properties": {
        "epoch_id": "EPOCH-4569f5444951b2fd",
        "site_name": "Crusoe Abilene Expansion",
        "distance_to_site_km": 2.7754,
        "footprint_area_m2_webmercator": 153.74,
        "source_dataset": "Overture Maps buildings",
        "source_url": "https://docs.overturemaps.org/getting-data/",
        "source_release": "2026-09-23.1",
        "source_accessed_on": "2026-09-28",
        "geometry_role": "current building-footprint polygon",
        "linkage_semantics": "Overlap/proximity only; not evidence that the building hosts AI compute."
      }
    },
    {
      "type": "Feature",
      "id": "f91c2bf8-2d4a-47c9-8b13-5865b36b17e7",
      "geometry": {
        "type": "Polygon",
        "coordinates": [
          [
            [
              -99.782068,
              32.4748517
            ],
            [
              -99.7821137,
              32.4748812
            ],
            [
              -99.7821538,
              32.4748369
            ],
            [
              -99.7821081,
              32.4748074
            ],
            [
              -99.782068,
              32.4748517
            ]
          ]
        ]
      },
      "properties": {
        "epoch_id": "EPOCH-4569f5444951b2fd",
        "site_name": "Crusoe Abilene Expansion",
        "distance_to_site_km": 2.7849,
        "footprint_area_m2_webmercator": 47.11,
        "source_dataset": "Overture Maps buildings",
        "source_url": "https://docs.overturemaps.org/getting-data/",
        "source_release": "2026-09-23.1",
        "source_accessed_on": "2026-09-28",
        "geometry_role": "current building-footprint polygon",
        "linkage_semantics": "Overlap/proximity only; not evidence that the building hosts AI compute."
      }
    },
    {
      "type": "Feature",
      "id": "63f2b85b-e861-4935-8c43-c49f5bb021fe",
      "geometry": {
        "type": "Polygon",
        "coordinates": [
          [
            [
              -99.7818712,
              32.4749024
            ],
            [
              -99.7819332,
              32.4749383
            ],
            [
              -99.7819688,
              32.4748945
            ],
            [
              -99.7819068,
              32.4748586
            ],
            [
              -99.7818712,
              32.4749024
            ]
          ]
        ]
      },
      "properties": {
        "epoch_id": "EPOCH-4569f5444951b2fd",
        "site_name": "Crusoe Abilene Expansion",
        "distance_to_site_km": 2.7917,
        "footprint_area_m2_webmercator": 58.66,
        "source_dataset": "Overture Maps buildings",
        "source_url": "https://docs.overturemaps.org/getting-data/",
        "source_release": "2026-09-23.1",
        "source_accessed_on": "2026-09-28",
        "geometry_role": "current building-footprint polygon",
        "linkage_semantics": "Overlap/proximity only; not evidence that the building hosts AI compute."
      }
    },
    {
      "type": "Feature",
      "id": "878f005e-df54-4dab-bd5d-f1d3a2313883",
      "geometry": {
        "type": "Polygon",
        "coordinates": [
          [
            [
              -99.7835913,
              32.474956
            ],
            [
              -99.7835828,
              32.4749193
            ],
            [
              -99.7833847,
              32.4749523
            ],
            [
              -99.7833932,
              32.4749891
            ],
            [
              -99.7835913,
              32.474956
            ]
          ]
        ]
      },
      "properties": {
        "epoch_id": "EPOCH-4569f5444951b2fd",
        "site_name": "Crusoe Abilene Expansion",
        "distance_to_site_km": 2.6953,
        "footprint_area_m2_webmercator": 111.07,
        "source_dataset": "Overture Maps buildings",
        "source_url": "https://docs.overturemaps.org/getting-data/",
        "source_release": "2026-09-23.1",
        "source_accessed_on": "2026-09-28",
        "geometry_role": "current building-footprint polygon",
        "linkage_semantics": "Overlap/proximity only; not evidence that the building hosts AI compute."
      }
    },
    {
      "type": "Feature",
      "id": "83abcc19-81db-4252-84d5-a2a1cb477c22",
      "geometry": {
        "type": "Polygon",
        "coordinates": [
          [
            [
              -99.783106,
              32.4749667
            ],
            [
              -99.7830849,
              32.4748247
            ],
            [
              -99.7830067,
              32.474833
            ],
            [
              -99.7830277,
              32.4749751
            ],
            [
              -99.783106,
              32.4749667
            ]
          ]
        ]
      },
      "properties": {
        "epoch_id": "EPOCH-4569f5444951b2fd",
        "site_name": "Crusoe Abilene Expansion",
        "distance_to_site_km": 2.7248,
        "footprint_area_m2_webmercator": 165.86,
        "source_dataset": "Overture Maps buildings",
        "source_url": "https://docs.overturemaps.org/getting-data/",
        "source_release": "2026-09-23.1",
        "source_accessed_on": "2026-09-28",
        "geometry_role": "current building-footprint polygon",
        "linkage_semantics": "Overlap/proximity only; not evidence that the building hosts AI compute."
      }
    },
    {
      "type": "Feature",
      "id": "4cd5740d-22ff-4134-82b2-c2e8a57103ad",
      "geometry": {
        "type": "Polygon",
        "coordinates": [
          [
            [
              -99.7825815,
              32.475076
            ],
            [
              -99.782623,
              32.4750483
            ],
            [
              -99.7825229,
              32.4749402
            ],
            [
              -99.7824821,
              32.4749674
            ],
            [
              -99.7824557,
              32.4749849
            ],
            [
              -99.7824658,
              32.4749958
            ],
            [
              -99.7825559,
              32.475093
            ],
            [
              -99.7825815,
              32.475076
            ]
          ]
        ]
      },
      "properties": {
        "epoch_id": "EPOCH-4569f5444951b2fd",
        "site_name": "Crusoe Abilene Expansion",
        "distance_to_site_km": 2.7447,
        "footprint_area_m2_webmercator": 172.38,
        "source_dataset": "Overture Maps buildings",
        "source_url": "https://docs.overturemaps.org/getting-data/",
        "source_release": "2026-09-23.1",
        "source_accessed_on": "2026-09-28",
        "geometry_role": "current building-footprint polygon",
        "linkage_semantics": "Overlap/proximity only; not evidence that the building hosts AI compute."
      }
    },
    {
      "type": "Feature",
      "id": "0947e150-53cb-44ed-a425-7a7914c8a7bb",
      "geometry": {
        "type": "Polygon",
        "coordinates": [
          [
            [
              -99.7818855,
              32.4749277
            ],
            [
              -99.7818452,
              32.4749059
            ],
            [
              -99.7817115,
              32.4750844
            ],
            [
              -99.7817519,
              32.4751062
            ],
            [
              -99.7818855,
              32.4749277
            ]
          ]
        ]
      },
      "properties": {
        "epoch_id": "EPOCH-4569f5444951b2fd",
        "site_name": "Crusoe Abilene Expansion",
        "distance_to_site_km": 2.7898,
        "footprint_area_m2_webmercator": 148.59,
        "source_dataset": "Overture Maps buildings",
        "source_url": "https://docs.overturemaps.org/getting-data/",
        "source_release": "2026-09-23.1",
        "source_accessed_on": "2026-09-28",
        "geometry_role": "current building-footprint polygon",
        "linkage_semantics": "Overlap/proximity only; not evidence that the building hosts AI compute."
      }
    },
    {
      "type": "Feature",
      "id": "f66f311f-9eea-45a5-96d7-e09ce1c92f86",
      "geometry": {
        "type": "Polygon",
        "coordinates": [
          [
            [
              -99.7820195,
              32.4750064
            ],
            [
              -99.7819788,
              32.4749829
            ],
            [
              -99.7818365,
              32.4751598
            ],
            [
              -99.7818772,
              32.4751833
            ],
            [
              -99.7820195,
              32.4750064
            ]
          ]
        ]
      },
      "properties": {
        "epoch_id": "EPOCH-4569f5444951b2fd",
        "site_name": "Crusoe Abilene Expansion",
        "distance_to_site_km": 2.7754,
        "footprint_area_m2_webmercator": 154.88,
        "source_dataset": "Overture Maps buildings",
        "source_url": "https://docs.overturemaps.org/getting-data/",
        "source_release": "2026-09-23.1",
        "source_accessed_on": "2026-09-28",
        "geometry_role": "current building-footprint polygon",
        "linkage_semantics": "Overlap/proximity only; not evidence that the building hosts AI compute."
      }
    },
    {
      "type": "Feature",
      "id": "c28efd53-8c34-4383-9350-e884070db076",
      "geometry": {
        "type": "Polygon",
        "coordinates": [
          [
            [
              -99.7817528,
              32.4751069
            ],
            [
              -99.781696,
              32.4750797
            ],
            [
              -99.7816591,
              32.4751345
            ],
            [
              -99.7817159,
              32.4751617
            ],
            [
              -99.7817528,
              32.4751069
            ]
          ]
        ]
      },
      "properties": {
        "epoch_id": "EPOCH-4569f5444951b2fd",
        "site_name": "Crusoe Abilene Expansion",
        "distance_to_site_km": 2.7856,
        "footprint_area_m2_webmercator": 60.46,
        "source_dataset": "Overture Maps buildings",
        "source_url": "https://docs.overturemaps.org/getting-data/",
        "source_release": "2026-09-23.1",
        "source_accessed_on": "2026-09-28",
        "geometry_role": "current building-footprint polygon",
        "linkage_semantics": "Overlap/proximity only; not evidence that the building hosts AI compute."
      }
    },
    {
      "type": "Feature",
      "id": "c0e461e6-ae45-42f5-a566-6bd98ec317b9",
      "geometry": {
        "type": "Polygon",
        "coordinates": [
          [
            [
              -99.7831399,
              32.4750941
            ],
            [
              -99.7831195,
              32.4750577
            ],
            [
              -99.7829017,
              32.4751456
            ],
            [
              -99.7829221,
              32.475182
            ],
            [
              -99.7831399,
              32.4750941
            ]
          ]
        ]
      },
      "properties": {
        "epoch_id": "EPOCH-4569f5444951b2fd",
        "site_name": "Crusoe Abilene Expansion",
        "distance_to_site_km": 2.7076,
        "footprint_area_m2_webmercator": 142.79,
        "source_dataset": "Overture Maps buildings",
        "source_url": "https://docs.overturemaps.org/getting-data/",
        "source_release": "2026-09-23.1",
        "source_accessed_on": "2026-09-28",
        "geometry_role": "current building-footprint polygon",
        "linkage_semantics": "Overlap/proximity only; not evidence that the building hosts AI compute."
      }
    },
    {
      "type": "Feature",
      "id": "d234405a-cafc-4de0-aa98-6a7865af94b2",
      "geometry": {
        "type": "Polygon",
        "coordinates": [
          [
            [
              -99.7835918,
              32.4750799
            ],
            [
              -99.7835862,
              32.4750454
            ],
            [
              -99.7834001,
              32.4750671
            ],
            [
              -99.7834057,
              32.4751015
            ],
            [
              -99.7835918,
              32.4750799
            ]
          ]
        ]
      },
      "properties": {
        "epoch_id": "EPOCH-4569f5444951b2fd",
        "site_name": "Crusoe Abilene Expansion",
        "distance_to_site_km": 2.6843,
        "footprint_area_m2_webmercator": 95.95,
        "source_dataset": "Overture Maps buildings",
        "source_url": "https://docs.overturemaps.org/getting-data/",
        "source_release": "2026-09-23.1",
        "source_accessed_on": "2026-09-28",
        "geometry_role": "current building-footprint polygon",
        "linkage_semantics": "Overlap/proximity only; not evidence that the building hosts AI compute."
      }
    },
    {
      "type": "Feature",
      "id": "3972174e-3a20-4af2-8a3a-b6b6a36494bb",
      "geometry": {
        "type": "Polygon",
        "coordinates": [
          [
            [
              -99.7835878,
              32.4752069
            ],
            [
              -99.7835821,
              32.4751723
            ],
            [
              -99.7833792,
              32.4751962
            ],
            [
              -99.7833849,
              32.4752307
            ],
            [
              -99.7835878,
              32.4752069
            ]
          ]
        ]
      },
      "properties": {
        "epoch_id": "EPOCH-4569f5444951b2fd",
        "site_name": "Crusoe Abilene Expansion",
        "distance_to_site_km": 2.6737,
        "footprint_area_m2_webmercator": 104.97,
        "source_dataset": "Overture Maps buildings",
        "source_url": "https://docs.overturemaps.org/getting-data/",
        "source_release": "2026-09-23.1",
        "source_accessed_on": "2026-09-28",
        "geometry_role": "current building-footprint polygon",
        "linkage_semantics": "Overlap/proximity only; not evidence that the building hosts AI compute."
      }
    },
    {
      "type": "Feature",
      "id": "cc8d0689-ac9a-4120-9c8a-6e2b8165f5dc",
      "geometry": {
        "type": "Polygon",
        "coordinates": [
          [
            [
              -99.7821723,
              32.4750906
            ],
            [
              -99.7821301,
              32.4750574
            ],
            [
              -99.7819586,
              32.4752143
            ],
            [
              -99.7820008,
              32.4752474
            ],
            [
              -99.7821723,
              32.4750906
            ]
          ]
        ]
      },
      "properties": {
        "epoch_id": "EPOCH-4569f5444951b2fd",
        "site_name": "Crusoe Abilene Expansion",
        "distance_to_site_km": 2.7612,
        "footprint_area_m2_webmercator": 180.74,
        "source_dataset": "Overture Maps buildings",
        "source_url": "https://docs.overturemaps.org/getting-data/",
        "source_release": "2026-09-23.1",
        "source_accessed_on": "2026-09-28",
        "geometry_role": "current building-footprint polygon",
        "linkage_semantics": "Overlap/proximity only; not evidence that the building hosts AI compute."
      }
    },
    {
      "type": "Feature",
      "id": "824153c5-ff57-4aa5-9dfa-8589468ce17a",
      "geometry": {
        "type": "Polygon",
        "coordinates": [
          [
            [
              -99.7828118,
              32.4751398
            ],
            [
              -99.7827786,
              32.4751067
            ],
            [
              -99.7825875,
              32.4752444
            ],
            [
              -99.7826207,
              32.4752775
            ],
            [
              -99.7828118,
              32.4751398
            ]
          ]
        ]
      },
      "properties": {
        "epoch_id": "EPOCH-4569f5444951b2fd",
        "site_name": "Crusoe Abilene Expansion",
        "distance_to_site_km": 2.7201,
        "footprint_area_m2_webmercator": 160.07,
        "source_dataset": "Overture Maps buildings",
        "source_url": "https://docs.overturemaps.org/getting-data/",
        "source_release": "2026-09-23.1",
        "source_accessed_on": "2026-09-28",
        "geometry_role": "current building-footprint polygon",
        "linkage_semantics": "Overlap/proximity only; not evidence that the building hosts AI compute."
      }
    },
    {
      "type": "Feature",
      "id": "ad8f486a-1f13-4f74-9b93-15cd1b725556",
      "geometry": {
        "type": "Polygon",
        "coordinates": [
          [
            [
              -99.782307,
              32.4753607
            ],
            [
              -99.7822283,
              32.475203
            ],
            [
              -99.782143,
              32.4752336
            ],
            [
              -99.7822217,
              32.4753913
            ],
            [
              -99.782307,
              32.4753607
            ]
          ]
        ]
      },
      "properties": {
        "epoch_id": "EPOCH-4569f5444951b2fd",
        "site_name": "Crusoe Abilene Expansion",
        "distance_to_site_km": 2.7393,
        "footprint_area_m2_webmercator": 232.97,
        "source_dataset": "Overture Maps buildings",
        "source_url": "https://docs.overturemaps.org/getting-data/",
        "source_release": "2026-09-23.1",
        "source_accessed_on": "2026-09-28",
        "geometry_role": "current building-footprint polygon",
        "linkage_semantics": "Overlap/proximity only; not evidence that the building hosts AI compute."
      }
    },
    {
      "type": "Feature",
      "id": "7e7a63e5-6e45-449e-a570-4d4765ad9ce5",
      "geometry": {
        "type": "Polygon",
        "coordinates": [
          [
            [
              -99.7831305,
              32.475208
            ],
            [
              -99.7831115,
              32.4751792
            ],
            [
              -99.782966,
              32.4752485
            ],
            [
              -99.7829851,
              32.4752773
            ],
            [
              -99.7831305,
              32.475208
            ]
          ]
        ]
      },
      "properties": {
        "epoch_id": "EPOCH-4569f5444951b2fd",
        "site_name": "Crusoe Abilene Expansion",
        "distance_to_site_km": 2.6965,
        "footprint_area_m2_webmercator": 80.92,
        "source_dataset": "Overture Maps buildings",
        "source_url": "https://docs.overturemaps.org/getting-data/",
        "source_release": "2026-09-23.1",
        "source_accessed_on": "2026-09-28",
        "geometry_role": "current building-footprint polygon",
        "linkage_semantics": "Overlap/proximity only; not evidence that the building hosts AI compute."
      }
    },
    {
      "type": "Feature",
      "id": "5af94ff4-6db2-42e6-927f-4bde50f362fc",
      "geometry": {
        "type": "Polygon",
        "coordinates": [
          [
            [
              -99.7834971,
              32.4758492
            ],
            [
              -99.7834951,
              32.4758104
            ],
            [
              -99.7832449,
              32.4758193
            ],
            [
              -99.7832468,
              32.4758581
            ],
            [
              -99.7834971,
              32.4758492
            ]
          ]
        ]
      },
      "properties": {
        "epoch_id": "EPOCH-4569f5444951b2fd",
        "site_name": "Crusoe Abilene Expansion",
        "distance_to_site_km": 2.625,
        "footprint_area_m2_webmercator": 142.88,
        "source_dataset": "Overture Maps buildings",
        "source_url": "https://docs.overturemaps.org/getting-data/",
        "source_release": "2026-09-23.1",
        "source_accessed_on": "2026-09-28",
        "geometry_role": "current building-footprint polygon",
        "linkage_semantics": "Overlap/proximity only; not evidence that the building hosts AI compute."
      }
    },
    {
      "type": "Feature",
      "id": "7e3c64f7-73cf-4df2-8595-c6ec39c2d9d7",
      "geometry": {
        "type": "Polygon",
        "coordinates": [
          [
            [
              -99.7831299,
              32.475905
            ],
            [
              -99.7831748,
              32.4758977
            ],
            [
              -99.7831414,
              32.4757513
            ],
            [
              -99.7830966,
              32.4757586
            ],
            [
              -99.7831299,
              32.475905
            ]
          ]
        ]
      },
      "properties": {
        "epoch_id": "EPOCH-4569f5444951b2fd",
        "site_name": "Crusoe Abilene Expansion",
        "distance_to_site_km": 2.6394,
        "footprint_area_m2_webmercator": 100.03,
        "source_dataset": "Overture Maps buildings",
        "source_url": "https://docs.overturemaps.org/getting-data/",
        "source_release": "2026-09-23.1",
        "source_accessed_on": "2026-09-28",
        "geometry_role": "current building-footprint polygon",
        "linkage_semantics": "Overlap/proximity only; not evidence that the building hosts AI compute."
      }
    },
    {
      "type": "Feature",
      "id": "d40f05ed-963d-4b10-903b-6aaf1b3a7214",
      "geometry": {
        "type": "Polygon",
        "coordinates": [
          [
            [
              -99.783034,
              32.4759155
            ],
            [
              -99.7830002,
              32.4757331
            ],
            [
              -99.782955,
              32.4757391
            ],
            [
              -99.7829887,
              32.4759215
            ],
            [
              -99.783034,
              32.4759155
            ]
          ]
        ]
      },
      "properties": {
        "epoch_id": "EPOCH-4569f5444951b2fd",
        "site_name": "Crusoe Abilene Expansion",
        "distance_to_site_km": 2.6479,
        "footprint_area_m2_webmercator": 124.21,
        "source_dataset": "Overture Maps buildings",
        "source_url": "https://docs.overturemaps.org/getting-data/",
        "source_release": "2026-09-23.1",
        "source_accessed_on": "2026-09-28",
        "geometry_role": "current building-footprint polygon",
        "linkage_semantics": "Overlap/proximity only; not evidence that the building hosts AI compute."
      }
    },
    {
      "type": "Feature",
      "id": "7638656f-1356-467c-b507-1a8de9a4122a",
      "geometry": {
        "type": "Polygon",
        "coordinates": [
          [
            [
              -99.7823255,
              32.4758724
            ],
            [
              -99.7824692,
              32.4758699
            ],
            [
              -99.7824671,
              32.4757855
            ],
            [
              -99.7823234,
              32.475788
            ],
            [
              -99.7823255,
              32.4758724
            ]
          ]
        ]
      },
      "properties": {
        "epoch_id": "EPOCH-4569f5444951b2fd",
        "site_name": "Crusoe Abilene Expansion",
        "distance_to_site_km": 2.6837,
        "footprint_area_m2_webmercator": 178.23,
        "source_dataset": "Overture Maps buildings",
        "source_url": "https://docs.overturemaps.org/getting-data/",
        "source_release": "2026-09-23.1",
        "source_accessed_on": "2026-09-28",
        "geometry_role": "current building-footprint polygon",
        "linkage_semantics": "Overlap/proximity only; not evidence that the building hosts AI compute."
      }
    },
    {
      "type": "Feature",
      "id": "d412e684-73f5-4016-b58d-6eacac6b3798",
      "geometry": {
        "type": "Polygon",
        "coordinates": [
          [
            [
              -99.7827476,
              32.4758683
            ],
            [
              -99.7827455,
              32.4757916
            ],
            [
              -99.7825446,
              32.4757956
            ],
            [
              -99.7825467,
              32.4758723
            ],
            [
              -99.7827476,
              32.4758683
            ]
          ]
        ]
      },
      "properties": {
        "epoch_id": "EPOCH-4569f5444951b2fd",
        "site_name": "Crusoe Abilene Expansion",
        "distance_to_site_km": 2.6683,
        "footprint_area_m2_webmercator": 226.47,
        "source_dataset": "Overture Maps buildings",
        "source_url": "https://docs.overturemaps.org/getting-data/",
        "source_release": "2026-09-23.1",
        "source_accessed_on": "2026-09-28",
        "geometry_role": "current building-footprint polygon",
        "linkage_semantics": "Overlap/proximity only; not evidence that the building hosts AI compute."
      }
    },
    {
      "type": "Feature",
      "id": "5ad4dd50-d898-4337-81dd-66d73bd5909f",
      "geometry": {
        "type": "Polygon",
        "coordinates": [
          [
            [
              -99.7821947,
              32.4758674
            ],
            [
              -99.7821898,
              32.4757849
            ],
            [
              -99.7820041,
              32.4757928
            ],
            [
              -99.782009,
              32.4758754
            ],
            [
              -99.7821947,
              32.4758674
            ]
          ]
        ]
      },
      "properties": {
        "epoch_id": "EPOCH-4569f5444951b2fd",
        "site_name": "Crusoe Abilene Expansion",
        "distance_to_site_km": 2.7017,
        "footprint_area_m2_webmercator": 225.75,
        "source_dataset": "Overture Maps buildings",
        "source_url": "https://docs.overturemaps.org/getting-data/",
        "source_release": "2026-09-23.1",
        "source_accessed_on": "2026-09-28",
        "geometry_role": "current building-footprint polygon",
        "linkage_semantics": "Overlap/proximity only; not evidence that the building hosts AI compute."
      }
    },
    {
      "type": "Feature",
      "id": "43bd4ed8-98f6-41bf-8b1c-518405a56aa3",
      "geometry": {
        "type": "Polygon",
        "coordinates": [
          [
            [
              -99.7818728,
              32.4757809
            ],
            [
              -99.7816873,
              32.4757676
            ],
            [
              -99.7816794,
              32.4758477
            ],
            [
              -99.7818648,
              32.4758609
            ],
            [
              -99.7818728,
              32.4757809
            ]
          ]
        ]
      },
      "properties": {
        "epoch_id": "EPOCH-4569f5444951b2fd",
        "site_name": "Crusoe Abilene Expansion",
        "distance_to_site_km": 2.7229,
        "footprint_area_m2_webmercator": 219.61,
        "source_dataset": "Overture Maps buildings",
        "source_url": "https://docs.overturemaps.org/getting-data/",
        "source_release": "2026-09-23.1",
        "source_accessed_on": "2026-09-28",
        "geometry_role": "current building-footprint polygon",
        "linkage_semantics": "Overlap/proximity only; not evidence that the building hosts AI compute."
      }
    },
    {
      "type": "Feature",
      "id": "ab6c71b6-178b-4c6f-94db-863ac5a7ccd2",
      "geometry": {
        "type": "Polygon",
        "coordinates": [
          [
            [
              -99.7816008,
              32.4759034
            ],
            [
              -99.7816453,
              32.4758978
            ],
            [
              -99.7816122,
              32.4757113
            ],
            [
              -99.7815678,
              32.4757169
            ],
            [
              -99.7816008,
              32.4759034
            ]
          ]
        ]
      },
      "properties": {
        "epoch_id": "EPOCH-4569f5444951b2fd",
        "site_name": "Crusoe Abilene Expansion",
        "distance_to_site_km": 2.734,
        "footprint_area_m2_webmercator": 124.49,
        "source_dataset": "Overture Maps buildings",
        "source_url": "https://docs.overturemaps.org/getting-data/",
        "source_release": "2026-09-23.1",
        "source_accessed_on": "2026-09-28",
        "geometry_role": "current building-footprint polygon",
        "linkage_semantics": "Overlap/proximity only; not evidence that the building hosts AI compute."
      }
    },
    {
      "type": "Feature",
      "id": "bc9f7a25-b458-4034-924a-1dcc4e493f24",
      "geometry": {
        "type": "Polygon",
        "coordinates": [
          [
            [
              -99.7828402,
              32.4758792
            ],
            [
              -99.7828889,
              32.4758727
            ],
            [
              -99.7828615,
              32.4757234
            ],
            [
              -99.7828127,
              32.4757298
            ],
            [
              -99.7828402,
              32.4758792
            ]
          ]
        ]
      },
      "properties": {
        "epoch_id": "EPOCH-4569f5444951b2fd",
        "site_name": "Crusoe Abilene Expansion",
        "distance_to_site_km": 2.6587,
        "footprint_area_m2_webmercator": 109.55,
        "source_dataset": "Overture Maps buildings",
        "source_url": "https://docs.overturemaps.org/getting-data/",
        "source_release": "2026-09-23.1",
        "source_accessed_on": "2026-09-28",
        "geometry_role": "current building-footprint polygon",
        "linkage_semantics": "Overlap/proximity only; not evidence that the building hosts AI compute."
      }
    },
    {
      "type": "Feature",
      "id": "1ea45c08-188d-42f8-a730-4a57c16b7ab1",
      "geometry": {
        "type": "Polygon",
        "coordinates": [
          [
            [
              -99.7894886,
              32.4760472
            ],
            [
              -99.7897225,
              32.4759672
            ],
            [
              -99.7895744,
              32.475656
            ],
            [
              -99.7893405,
              32.475736
            ],
            [
              -99.7894886,
              32.4760472
            ]
          ]
        ]
      },
      "properties": {
        "epoch_id": "EPOCH-4569f5444951b2fd",
        "site_name": "Crusoe Abilene Expansion",
        "distance_to_site_km": 2.3056,
        "footprint_area_m2_webmercator": 1243.26,
        "source_dataset": "Overture Maps buildings",
        "source_url": "https://docs.overturemaps.org/getting-data/",
        "source_release": "2026-09-23.1",
        "source_accessed_on": "2026-09-28",
        "geometry_role": "current building-footprint polygon",
        "linkage_semantics": "Overlap/proximity only; not evidence that the building hosts AI compute."
      }
    },
    {
      "type": "Feature",
      "id": "89d1b028-e991-40b0-852f-e40235d855de",
      "geometry": {
        "type": "Polygon",
        "coordinates": [
          [
            [
              -99.783598,
              32.4754355
            ],
            [
              -99.7835935,
              32.4754061
            ],
            [
              -99.7835351,
              32.4754126
            ],
            [
              -99.7835392,
              32.4754388
            ],
            [
              -99.7835049,
              32.4754426
            ],
            [
              -99.7835094,
              32.4754716
            ],
            [
              -99.783421,
              32.4754814
            ],
            [
              -99.7834259,
              32.4755132
            ],
            [
              -99.7833853,
              32.4755177
            ],
            [
              -99.7833954,
              32.4755828
            ],
            [
              -99.7834341,
              32.4755784
            ],
            [
              -99.7834443,
              32.4756446
            ],
            [
              -99.7835381,
              32.4756342
            ],
            [
              -99.783518,
              32.4755034
            ],
            [
              -99.7835481,
              32.4755001
            ],
            [
              -99.7835484,
              32.4755025
            ],
            [
              -99.7835849,
              32.4754985
            ],
            [
              -99.7835802,
              32.4754677
            ],
            [
              -99.783606,
              32.4754649
            ],
            [
              -99.7836014,
              32.4754351
            ],
            [
              -99.783598,
              32.4754355
            ]
          ]
        ]
      },
      "properties": {
        "epoch_id": "EPOCH-4569f5444951b2fd",
        "site_name": "Crusoe Abilene Expansion",
        "distance_to_site_km": 2.6444,
        "footprint_area_m2_webmercator": 364.46,
        "source_dataset": "Overture Maps buildings",
        "source_url": "https://docs.overturemaps.org/getting-data/",
        "source_release": "2026-09-23.1",
        "source_accessed_on": "2026-09-28",
        "geometry_role": "current building-footprint polygon",
        "linkage_semantics": "Overlap/proximity only; not evidence that the building hosts AI compute."
      }
    },
    {
      "type": "Feature",
      "id": "66dbaa3d-b2d8-4199-b291-3c4311313c84",
      "geometry": {
        "type": "Polygon",
        "coordinates": [
          [
            [
              -99.7818485,
              32.4755835
            ],
            [
              -99.7819262,
              32.4755851
            ],
            [
              -99.7819279,
              32.4755296
            ],
            [
              -99.7818501,
              32.475528
            ],
            [
              -99.7818485,
              32.4755835
            ]
          ]
        ]
      },
      "properties": {
        "epoch_id": "EPOCH-4569f5444951b2fd",
        "site_name": "Crusoe Abilene Expansion",
        "distance_to_site_km": 2.7377,
        "footprint_area_m2_webmercator": 63.42,
        "source_dataset": "Overture Maps buildings",
        "source_url": "https://docs.overturemaps.org/getting-data/",
        "source_release": "2026-09-23.1",
        "source_accessed_on": "2026-09-28",
        "geometry_role": "current building-footprint polygon",
        "linkage_semantics": "Overlap/proximity only; not evidence that the building hosts AI compute."
      }
    },
    {
      "type": "Feature",
      "id": "99ebf02b-42fc-4559-b8fa-33de4ba114dd",
      "geometry": {
        "type": "Polygon",
        "coordinates": [
          [
            [
              -99.7828186,
              32.4754665
            ],
            [
              -99.7827898,
              32.475436
            ],
            [
              -99.782665,
              32.4755205
            ],
            [
              -99.7826938,
              32.475551
            ],
            [
              -99.7828186,
              32.4754665
            ]
          ]
        ]
      },
      "properties": {
        "epoch_id": "EPOCH-4569f5444951b2fd",
        "site_name": "Crusoe Abilene Expansion",
        "distance_to_site_km": 2.6916,
        "footprint_area_m2_webmercator": 91.66,
        "source_dataset": "Overture Maps buildings",
        "source_url": "https://docs.overturemaps.org/getting-data/",
        "source_release": "2026-09-23.1",
        "source_accessed_on": "2026-09-28",
        "geometry_role": "current building-footprint polygon",
        "linkage_semantics": "Overlap/proximity only; not evidence that the building hosts AI compute."
      }
    },
    {
      "type": "Feature",
      "id": "1446f86a-f244-4af2-bba4-fd7d8ab0f654",
      "geometry": {
        "type": "Polygon",
        "coordinates": [
          [
            [
              -99.7824227,
              32.4754911
            ],
            [
              -99.7824182,
              32.4754526
            ],
            [
              -99.7821728,
              32.4754731
            ],
            [
              -99.7821772,
              32.4755115
            ],
            [
              -99.7824227,
              32.4754911
            ]
          ]
        ]
      },
      "properties": {
        "epoch_id": "EPOCH-4569f5444951b2fd",
        "site_name": "Crusoe Abilene Expansion",
        "distance_to_site_km": 2.7191,
        "footprint_area_m2_webmercator": 139.97,
        "source_dataset": "Overture Maps buildings",
        "source_url": "https://docs.overturemaps.org/getting-data/",
        "source_release": "2026-09-23.1",
        "source_accessed_on": "2026-09-28",
        "geometry_role": "current building-footprint polygon",
        "linkage_semantics": "Overlap/proximity only; not evidence that the building hosts AI compute."
      }
    },
    {
      "type": "Feature",
      "id": "05345b36-b97f-4f09-85a3-c1bdab3b2fe8",
      "geometry": {
        "type": "Polygon",
        "coordinates": [
          [
            [
              -99.7815892,
              32.4754627
            ],
            [
              -99.7817771,
              32.4754634
            ],
            [
              -99.7817776,
              32.4753782
            ],
            [
              -99.7815897,
              32.4753775
            ],
            [
              -99.7815892,
              32.4754627
            ]
          ]
        ]
      },
      "properties": {
        "epoch_id": "EPOCH-4569f5444951b2fd",
        "site_name": "Crusoe Abilene Expansion",
        "distance_to_site_km": 2.7617,
        "footprint_area_m2_webmercator": 235.16,
        "source_dataset": "Overture Maps buildings",
        "source_url": "https://docs.overturemaps.org/getting-data/",
        "source_release": "2026-09-23.1",
        "source_accessed_on": "2026-09-28",
        "geometry_role": "current building-footprint polygon",
        "linkage_semantics": "Overlap/proximity only; not evidence that the building hosts AI compute."
      }
    },
    {
      "type": "Feature",
      "id": "10c7ff6b-9324-44a1-8ef5-01442f834973",
      "geometry": {
        "type": "Polygon",
        "coordinates": [
          [
            [
              -99.7819461,
              32.4755007
            ],
            [
              -99.7819013,
              32.4752939
            ],
            [
              -99.781851,
              32.4753018
            ],
            [
              -99.7818957,
              32.4755086
            ],
            [
              -99.7819461,
              32.4755007
            ]
          ]
        ]
      },
      "properties": {
        "epoch_id": "EPOCH-4569f5444951b2fd",
        "site_name": "Crusoe Abilene Expansion",
        "distance_to_site_km": 2.7501,
        "footprint_area_m2_webmercator": 158.14,
        "source_dataset": "Overture Maps buildings",
        "source_url": "https://docs.overturemaps.org/getting-data/",
        "source_release": "2026-09-23.1",
        "source_accessed_on": "2026-09-28",
        "geometry_role": "current building-footprint polygon",
        "linkage_semantics": "Overlap/proximity only; not evidence that the building hosts AI compute."
      }
    },
    {
      "type": "Feature",
      "id": "6c9de4ee-993c-49df-93d2-7fdce4929cb2",
      "geometry": {
        "type": "Polygon",
        "coordinates": [
          [
            [
              -99.782582,
              32.4754426
            ],
            [
              -99.7826499,
              32.4754332
            ],
            [
              -99.782638,
              32.4753715
            ],
            [
              -99.7825701,
              32.4753809
            ],
            [
              -99.782582,
              32.4754426
            ]
          ]
        ]
      },
      "properties": {
        "epoch_id": "EPOCH-4569f5444951b2fd",
        "site_name": "Crusoe Abilene Expansion",
        "distance_to_site_km": 2.7069,
        "footprint_area_m2_webmercator": 63.18,
        "source_dataset": "Overture Maps buildings",
        "source_url": "https://docs.overturemaps.org/getting-data/",
        "source_release": "2026-09-23.1",
        "source_accessed_on": "2026-09-28",
        "geometry_role": "current building-footprint polygon",
        "linkage_semantics": "Overlap/proximity only; not evidence that the building hosts AI compute."
      }
    },
    {
      "type": "Feature",
      "id": "e7ef8059-7f97-4f94-9fd2-7c41bc68755b",
      "geometry": {
        "type": "Polygon",
        "coordinates": [
          [
            [
              -99.7831446,
              32.4754511
            ],
            [
              -99.7831256,
              32.4754166
            ],
            [
              -99.7829204,
              32.4754975
            ],
            [
              -99.7829393,
              32.4755321
            ],
            [
              -99.7831446,
              32.4754511
            ]
          ]
        ]
      },
      "properties": {
        "epoch_id": "EPOCH-4569f5444951b2fd",
        "site_name": "Crusoe Abilene Expansion",
        "distance_to_site_km": 2.6761,
        "footprint_area_m2_webmercator": 126.7,
        "source_dataset": "Overture Maps buildings",
        "source_url": "https://docs.overturemaps.org/getting-data/",
        "source_release": "2026-09-23.1",
        "source_accessed_on": "2026-09-28",
        "geometry_role": "current building-footprint polygon",
        "linkage_semantics": "Overlap/proximity only; not evidence that the building hosts AI compute."
      }
    },
    {
      "type": "Feature",
      "id": "e3bb8c1b-5df9-4b15-b23c-8378707a0d1d",
      "geometry": {
        "type": "Polygon",
        "coordinates": [
          [
            [
              -99.7831477,
              32.4753404
            ],
            [
              -99.7831325,
              32.4753056
            ],
            [
              -99.782906,
              32.4753767
            ],
            [
              -99.7829212,
              32.4754115
            ],
            [
              -99.7831477,
              32.4753404
            ]
          ]
        ]
      },
      "properties": {
        "epoch_id": "EPOCH-4569f5444951b2fd",
        "site_name": "Crusoe Abilene Expansion",
        "distance_to_site_km": 2.6865,
        "footprint_area_m2_webmercator": 131.66,
        "source_dataset": "Overture Maps buildings",
        "source_url": "https://docs.overturemaps.org/getting-data/",
        "source_release": "2026-09-23.1",
        "source_accessed_on": "2026-09-28",
        "geometry_role": "current building-footprint polygon",
        "linkage_semantics": "Overlap/proximity only; not evidence that the building hosts AI compute."
      }
    },
    {
      "type": "Feature",
      "id": "3cf0f390-0df2-403d-b5bc-1ab4de797514",
      "geometry": {
        "type": "Polygon",
        "coordinates": [
          [
            [
              -99.7835694,
              32.4753324
            ],
            [
              -99.7835584,
              32.4752939
            ],
            [
              -99.783377,
              32.4753308
            ],
            [
              -99.783388,
              32.4753693
            ],
            [
              -99.7835694,
              32.4753324
            ]
          ]
        ]
      },
      "properties": {
        "epoch_id": "EPOCH-4569f5444951b2fd",
        "site_name": "Crusoe Abilene Expansion",
        "distance_to_site_km": 2.6629,
        "footprint_area_m2_webmercator": 108.55,
        "source_dataset": "Overture Maps buildings",
        "source_url": "https://docs.overturemaps.org/getting-data/",
        "source_release": "2026-09-23.1",
        "source_accessed_on": "2026-09-28",
        "geometry_role": "current building-footprint polygon",
        "linkage_semantics": "Overlap/proximity only; not evidence that the building hosts AI compute."
      }
    },
    {
      "type": "Feature",
      "id": "90ac5da1-46ab-45b5-9d35-735e77677e5b",
      "geometry": {
        "type": "Polygon",
        "coordinates": [
          [
            [
              -99.782854,
              32.4753391
            ],
            [
              -99.7828162,
              32.4752805
            ],
            [
              -99.7827366,
              32.4753173
            ],
            [
              -99.7827212,
              32.4752934
            ],
            [
              -99.7826696,
              32.4753173
            ],
            [
              -99.7826837,
              32.4753391
            ],
            [
              -99.7826545,
              32.4753526
            ],
            [
              -99.7826916,
              32.4754102
            ],
            [
              -99.7827515,
              32.4753825
            ],
            [
              -99.7827612,
              32.4753977
            ],
            [
              -99.7828088,
              32.4753756
            ],
            [
              -99.7828011,
              32.4753636
            ],
            [
              -99.782854,
              32.4753391
            ]
          ]
        ]
      },
      "properties": {
        "epoch_id": "EPOCH-4569f5444951b2fd",
        "site_name": "Crusoe Abilene Expansion",
        "distance_to_site_km": 2.7039,
        "footprint_area_m2_webmercator": 211.34,
        "source_dataset": "Overture Maps buildings",
        "source_url": "https://docs.overturemaps.org/getting-data/",
        "source_release": "2026-09-23.1",
        "source_accessed_on": "2026-09-28",
        "geometry_role": "current building-footprint polygon",
        "linkage_semantics": "Overlap/proximity only; not evidence that the building hosts AI compute."
      }
    },
    {
      "type": "Feature",
      "id": "b334670c-25fe-4b61-8ab5-c24c51b5a89d",
      "geometry": {
        "type": "Polygon",
        "coordinates": [
          [
            [
              -99.7811452,
              32.4753208
            ],
            [
              -99.7811024,
              32.4753133
            ],
            [
              -99.7810653,
              32.4754661
            ],
            [
              -99.7811081,
              32.4754736
            ],
            [
              -99.7811452,
              32.4753208
            ]
          ]
        ]
      },
      "properties": {
        "epoch_id": "EPOCH-4569f5444951b2fd",
        "site_name": "Crusoe Abilene Expansion",
        "distance_to_site_km": 2.7996,
        "footprint_area_m2_webmercator": 100.15,
        "source_dataset": "Overture Maps buildings",
        "source_url": "https://docs.overturemaps.org/getting-data/",
        "source_release": "2026-09-23.1",
        "source_accessed_on": "2026-09-28",
        "geometry_role": "current building-footprint polygon",
        "linkage_semantics": "Overlap/proximity only; not evidence that the building hosts AI compute."
      }
    },
    {
      "type": "Feature",
      "id": "156fddc4-90e1-47d5-a528-a40cd9ba1a56",
      "geometry": {
        "type": "Polygon",
        "coordinates": [
          [
            [
              -99.7814899,
              32.4753169
            ],
            [
              -99.7814414,
              32.4753072
            ],
            [
              -99.7813842,
              32.4755114
            ],
            [
              -99.7814325,
              32.4755211
            ],
            [
              -99.7814899,
              32.4753169
            ]
          ]
        ]
      },
      "properties": {
        "epoch_id": "EPOCH-4569f5444951b2fd",
        "site_name": "Crusoe Abilene Expansion",
        "distance_to_site_km": 2.7773,
        "footprint_area_m2_webmercator": 153.34,
        "source_dataset": "Overture Maps buildings",
        "source_url": "https://docs.overturemaps.org/getting-data/",
        "source_release": "2026-09-23.1",
        "source_accessed_on": "2026-09-28",
        "geometry_role": "current building-footprint polygon",
        "linkage_semantics": "Overlap/proximity only; not evidence that the building hosts AI compute."
      }
    },
    {
      "type": "Feature",
      "id": "8336a626-9800-44b1-99c8-2a6c77c15273",
      "geometry": {
        "type": "Polygon",
        "coordinates": [
          [
            [
              -99.7813293,
              32.475346
            ],
            [
              -99.7812805,
              32.4753344
            ],
            [
              -99.7812229,
              32.4755082
            ],
            [
              -99.7812717,
              32.4755198
            ],
            [
              -99.7813293,
              32.475346
            ]
          ]
        ]
      },
      "properties": {
        "epoch_id": "EPOCH-4569f5444951b2fd",
        "site_name": "Crusoe Abilene Expansion",
        "distance_to_site_km": 2.7862,
        "footprint_area_m2_webmercator": 134.4,
        "source_dataset": "Overture Maps buildings",
        "source_url": "https://docs.overturemaps.org/getting-data/",
        "source_release": "2026-09-23.1",
        "source_accessed_on": "2026-09-28",
        "geometry_role": "current building-footprint polygon",
        "linkage_semantics": "Overlap/proximity only; not evidence that the building hosts AI compute."
      }
    },
    {
      "type": "Feature",
      "id": "7df142b6-27dc-4aee-a402-9b3579a3b1b9",
      "geometry": {
        "type": "Polygon",
        "coordinates": [
          [
            [
              -99.7812345,
              32.4755728
            ],
            [
              -99.7812375,
              32.4755176
            ],
            [
              -99.7811614,
              32.4755146
            ],
            [
              -99.7811584,
              32.4755698
            ],
            [
              -99.7812345,
              32.4755728
            ]
          ]
        ]
      },
      "properties": {
        "epoch_id": "EPOCH-4569f5444951b2fd",
        "site_name": "Crusoe Abilene Expansion",
        "distance_to_site_km": 2.7813,
        "footprint_area_m2_webmercator": 61.84,
        "source_dataset": "Overture Maps buildings",
        "source_url": "https://docs.overturemaps.org/getting-data/",
        "source_release": "2026-09-23.1",
        "source_accessed_on": "2026-09-28",
        "geometry_role": "current building-footprint polygon",
        "linkage_semantics": "Overlap/proximity only; not evidence that the building hosts AI compute."
      }
    },
    {
      "type": "Feature",
      "id": "13d5a578-20d2-48c7-8d3c-593117a1426e",
      "geometry": {
        "type": "Polygon",
        "coordinates": [
          [
            [
              -99.7807119,
              32.4758085
            ],
            [
              -99.7809114,
              32.4757881
            ],
            [
              -99.7808986,
              32.4756982
            ],
            [
              -99.7806991,
              32.4757186
            ],
            [
              -99.7806769,
              32.4757208
            ],
            [
              -99.7806897,
              32.4758108
            ],
            [
              -99.7807119,
              32.4758085
            ]
          ]
        ]
      },
      "properties": {
        "epoch_id": "EPOCH-4569f5444951b2fd",
        "site_name": "Crusoe Abilene Expansion",
        "distance_to_site_km": 2.7893,
        "footprint_area_m2_webmercator": 297.04,
        "source_dataset": "Overture Maps buildings",
        "source_url": "https://docs.overturemaps.org/getting-data/",
        "source_release": "2026-09-23.1",
        "source_accessed_on": "2026-09-28",
        "geometry_role": "current building-footprint polygon",
        "linkage_semantics": "Overlap/proximity only; not evidence that the building hosts AI compute."
      }
    },
    {
      "type": "Feature",
      "id": "cfc8cf6b-3dcc-4ec1-98dc-3fc4701b2592",
      "geometry": {
        "type": "Polygon",
        "coordinates": [
          [
            [
              -99.7811841,
              32.4757536
            ],
            [
              -99.7811725,
              32.4757016
            ],
            [
              -99.7811213,
              32.4757098
            ],
            [
              -99.7811667,
              32.4759149
            ],
            [
              -99.7812166,
              32.475907
            ],
            [
              -99.7811889,
              32.4757822
            ],
            [
              -99.781215,
              32.475778
            ],
            [
              -99.7812087,
              32.4757497
            ],
            [
              -99.7811841,
              32.4757536
            ]
          ]
        ]
      },
      "properties": {
        "epoch_id": "EPOCH-4569f5444951b2fd",
        "site_name": "Crusoe Abilene Expansion",
        "distance_to_site_km": 2.7614,
        "footprint_area_m2_webmercator": 167.86,
        "source_dataset": "Overture Maps buildings",
        "source_url": "https://docs.overturemaps.org/getting-data/",
        "source_release": "2026-09-23.1",
        "source_accessed_on": "2026-09-28",
        "geometry_role": "current building-footprint polygon",
        "linkage_semantics": "Overlap/proximity only; not evidence that the building hosts AI compute."
      }
    },
    {
      "type": "Feature",
      "id": "7700565d-c645-4e67-93d1-1e8b7200c3f0",
      "geometry": {
        "type": "Polygon",
        "coordinates": [
          [
            [
              -99.7810254,
              32.47573
            ],
            [
              -99.7810152,
              32.4756729
            ],
            [
              -99.7809653,
              32.4756793
            ],
            [
              -99.7810039,
              32.4758948
            ],
            [
              -99.7810504,
              32.4758888
            ],
            [
              -99.7810301,
              32.4757755
            ],
            [
              -99.7810621,
              32.4757714
            ],
            [
              -99.781054,
              32.4757263
            ],
            [
              -99.7810254,
              32.47573
            ]
          ]
        ]
      },
      "properties": {
        "epoch_id": "EPOCH-4569f5444951b2fd",
        "site_name": "Crusoe Abilene Expansion",
        "distance_to_site_km": 2.7736,
        "footprint_area_m2_webmercator": 175.15,
        "source_dataset": "Overture Maps buildings",
        "source_url": "https://docs.overturemaps.org/getting-data/",
        "source_release": "2026-09-23.1",
        "source_accessed_on": "2026-09-28",
        "geometry_role": "current building-footprint polygon",
        "linkage_semantics": "Overlap/proximity only; not evidence that the building hosts AI compute."
      }
    },
    {
      "type": "Feature",
      "id": "41927952-a7d0-4a7a-b120-afe1302165b1",
      "geometry": {
        "type": "Polygon",
        "coordinates": [
          [
            [
              -99.7812804,
              32.4758607
            ],
            [
              -99.7815325,
              32.4758646
            ],
            [
              -99.7815335,
              32.4758173
            ],
            [
              -99.7812814,
              32.4758134
            ],
            [
              -99.7812804,
              32.4758607
            ]
          ]
        ]
      },
      "properties": {
        "epoch_id": "EPOCH-4569f5444951b2fd",
        "site_name": "Crusoe Abilene Expansion",
        "distance_to_site_km": 2.7438,
        "footprint_area_m2_webmercator": 175.22,
        "source_dataset": "Overture Maps buildings",
        "source_url": "https://docs.overturemaps.org/getting-data/",
        "source_release": "2026-09-23.1",
        "source_accessed_on": "2026-09-28",
        "geometry_role": "current building-footprint polygon",
        "linkage_semantics": "Overlap/proximity only; not evidence that the building hosts AI compute."
      }
    },
    {
      "type": "Feature",
      "id": "1bb2e513-53c1-421c-80d7-1cbe6ca196cc",
      "geometry": {
        "type": "Polygon",
        "coordinates": [
          [
            [
              -99.7811563,
              32.4752721
            ],
            [
              -99.7813403,
              32.4752728
            ],
            [
              -99.7814035,
              32.4752731
            ],
            [
              -99.7814038,
              32.4752291
            ],
            [
              -99.7813405,
              32.4752288
            ],
            [
              -99.7811565,
              32.4752281
            ],
            [
              -99.7811563,
              32.4752721
            ]
          ]
        ]
      },
      "properties": {
        "epoch_id": "EPOCH-4569f5444951b2fd",
        "site_name": "Crusoe Abilene Expansion",
        "distance_to_site_km": 2.8007,
        "footprint_area_m2_webmercator": 159.81,
        "source_dataset": "Overture Maps buildings",
        "source_url": "https://docs.overturemaps.org/getting-data/",
        "source_release": "2026-09-23.1",
        "source_accessed_on": "2026-09-28",
        "geometry_role": "current building-footprint polygon",
        "linkage_semantics": "Overlap/proximity only; not evidence that the building hosts AI compute."
      }
    },
    {
      "type": "Feature",
      "id": "834af28e-f1f7-4b50-b19a-d96983779ab0",
      "geometry": {
        "type": "Polygon",
        "coordinates": [
          [
            [
              -99.7809444,
              32.475039
            ],
            [
              -99.7807004,
              32.4750073
            ],
            [
              -99.7806926,
              32.4750501
            ],
            [
              -99.7808386,
              32.475069
            ],
            [
              -99.7808339,
              32.475095
            ],
            [
              -99.780866,
              32.4750992
            ],
            [
              -99.7808708,
              32.475073
            ],
            [
              -99.7809367,
              32.4750815
            ],
            [
              -99.7809444,
              32.475039
            ]
          ]
        ]
      },
      "properties": {
        "epoch_id": "EPOCH-4569f5444951b2fd",
        "site_name": "Crusoe Abilene Expansion",
        "distance_to_site_km": 2.8461,
        "footprint_area_m2_webmercator": 169.24,
        "source_dataset": "Overture Maps buildings",
        "source_url": "https://docs.overturemaps.org/getting-data/",
        "source_release": "2026-09-23.1",
        "source_accessed_on": "2026-09-28",
        "geometry_role": "current building-footprint polygon",
        "linkage_semantics": "Overlap/proximity only; not evidence that the building hosts AI compute."
      }
    },
    {
      "type": "Feature",
      "id": "05426c59-9d6e-4a6c-99a5-873901542204",
      "geometry": {
        "type": "Polygon",
        "coordinates": [
          [
            [
              -99.7809599,
              32.4749715
            ],
            [
              -99.7809572,
              32.4749377
            ],
            [
              -99.7808038,
              32.4749464
            ],
            [
              -99.7808065,
              32.4749803
            ],
            [
              -99.7809599,
              32.4749715
            ]
          ]
        ]
      },
      "properties": {
        "epoch_id": "EPOCH-4569f5444951b2fd",
        "site_name": "Crusoe Abilene Expansion",
        "distance_to_site_km": 2.8497,
        "footprint_area_m2_webmercator": 76.62,
        "source_dataset": "Overture Maps buildings",
        "source_url": "https://docs.overturemaps.org/getting-data/",
        "source_release": "2026-09-23.1",
        "source_accessed_on": "2026-09-28",
        "geometry_role": "current building-footprint polygon",
        "linkage_semantics": "Overlap/proximity only; not evidence that the building hosts AI compute."
      }
    },
    {
      "type": "Feature",
      "id": "a60eafc9-3817-48ed-8d6f-36c0a981bbc9",
      "geometry": {
        "type": "Polygon",
        "coordinates": [
          [
            [
              -99.7817082,
              32.4748636
            ],
            [
              -99.7815297,
              32.474784
            ],
            [
              -99.7814295,
              32.4748134
            ],
            [
              -99.7813449,
              32.4749474
            ],
            [
              -99.7814412,
              32.4749911
            ],
            [
              -99.7815008,
              32.4748963
            ],
            [
              -99.7815383,
              32.4748873
            ],
            [
              -99.7816634,
              32.4749433
            ],
            [
              -99.7817082,
              32.4748636
            ]
          ]
        ]
      },
      "properties": {
        "epoch_id": "EPOCH-4569f5444951b2fd",
        "site_name": "Crusoe Abilene Expansion",
        "distance_to_site_km": 2.8177,
        "footprint_area_m2_webmercator": 535.33,
        "source_dataset": "Overture Maps buildings",
        "source_url": "https://docs.overturemaps.org/getting-data/",
        "source_release": "2026-09-23.1",
        "source_accessed_on": "2026-09-28",
        "geometry_role": "current building-footprint polygon",
        "linkage_semantics": "Overlap/proximity only; not evidence that the building hosts AI compute."
      }
    },
    {
      "type": "Feature",
      "id": "d7628e83-8a33-4757-9d28-2f47edc67118",
      "geometry": {
        "type": "Polygon",
        "coordinates": [
          [
            [
              -99.780983,
              32.4746625
            ],
            [
              -99.7809356,
              32.4746619
            ],
            [
              -99.7809316,
              32.4748875
            ],
            [
              -99.7809789,
              32.4748881
            ],
            [
              -99.780983,
              32.4746625
            ]
          ]
        ]
      },
      "properties": {
        "epoch_id": "EPOCH-4569f5444951b2fd",
        "site_name": "Crusoe Abilene Expansion",
        "distance_to_site_km": 2.8605,
        "footprint_area_m2_webmercator": 156.95,
        "source_dataset": "Overture Maps buildings",
        "source_url": "https://docs.overturemaps.org/getting-data/",
        "source_release": "2026-09-23.1",
        "source_accessed_on": "2026-09-28",
        "geometry_role": "current building-footprint polygon",
        "linkage_semantics": "Overlap/proximity only; not evidence that the building hosts AI compute."
      }
    },
    {
      "type": "Feature",
      "id": "6f35e130-b2ae-4814-ad8b-2e5aad7815c8",
      "geometry": {
        "type": "Polygon",
        "coordinates": [
          [
            [
              -99.7811483,
              32.4746739
            ],
            [
              -99.7810955,
              32.4746648
            ],
            [
              -99.7810526,
              32.4748437
            ],
            [
              -99.7811054,
              32.4748528
            ],
            [
              -99.7811483,
              32.4746739
            ]
          ]
        ]
      },
      "properties": {
        "epoch_id": "EPOCH-4569f5444951b2fd",
        "site_name": "Crusoe Abilene Expansion",
        "distance_to_site_km": 2.8531,
        "footprint_area_m2_webmercator": 144.49,
        "source_dataset": "Overture Maps buildings",
        "source_url": "https://docs.overturemaps.org/getting-data/",
        "source_release": "2026-09-23.1",
        "source_accessed_on": "2026-09-28",
        "geometry_role": "current building-footprint polygon",
        "linkage_semantics": "Overlap/proximity only; not evidence that the building hosts AI compute."
      }
    },
    {
      "type": "Feature",
      "id": "3fec1704-582f-440d-ba83-fa4ebf9afad4",
      "geometry": {
        "type": "Polygon",
        "coordinates": [
          [
            [
              -99.78124,
              32.4744295
            ],
            [
              -99.7812267,
              32.4743807
            ],
            [
              -99.7809794,
              32.4744295
            ],
            [
              -99.7809928,
              32.4744783
            ],
            [
              -99.78124,
              32.4744295
            ]
          ]
        ]
      },
      "properties": {
        "epoch_id": "EPOCH-4569f5444951b2fd",
        "site_name": "Crusoe Abilene Expansion",
        "distance_to_site_km": 2.8804,
        "footprint_area_m2_webmercator": 186.8,
        "source_dataset": "Overture Maps buildings",
        "source_url": "https://docs.overturemaps.org/getting-data/",
        "source_release": "2026-09-23.1",
        "source_accessed_on": "2026-09-28",
        "geometry_role": "current building-footprint polygon",
        "linkage_semantics": "Overlap/proximity only; not evidence that the building hosts AI compute."
      }
    },
    {
      "type": "Feature",
      "id": "63e49bfa-dd1a-45ae-a1d1-060d7c505578",
      "geometry": {
        "type": "Polygon",
        "coordinates": [
          [
            [
              -99.7809375,
              32.4744382
            ],
            [
              -99.7808886,
              32.4742858
            ],
            [
              -99.7808391,
              32.4742972
            ],
            [
              -99.7808881,
              32.4744496
            ],
            [
              -99.7809375,
              32.4744382
            ]
          ]
        ]
      },
      "properties": {
        "epoch_id": "EPOCH-4569f5444951b2fd",
        "site_name": "Crusoe Abilene Expansion",
        "distance_to_site_km": 2.8991,
        "footprint_area_m2_webmercator": 118.9,
        "source_dataset": "Overture Maps buildings",
        "source_url": "https://docs.overturemaps.org/getting-data/",
        "source_release": "2026-09-23.1",
        "source_accessed_on": "2026-09-28",
        "geometry_role": "current building-footprint polygon",
        "linkage_semantics": "Overlap/proximity only; not evidence that the building hosts AI compute."
      }
    },
    {
      "type": "Feature",
      "id": "2bd502b8-9d38-4a47-a41e-acaeeecd34e9",
      "geometry": {
        "type": "Polygon",
        "coordinates": [
          [
            [
              -99.7812025,
              32.4742611
            ],
            [
              -99.781187,
              32.4742143
            ],
            [
              -99.7809489,
              32.4742712
            ],
            [
              -99.7809645,
              32.474318
            ],
            [
              -99.7812025,
              32.4742611
            ]
          ]
        ]
      },
      "properties": {
        "epoch_id": "EPOCH-4569f5444951b2fd",
        "site_name": "Crusoe Abilene Expansion",
        "distance_to_site_km": 2.8964,
        "footprint_area_m2_webmercator": 176.64,
        "source_dataset": "Overture Maps buildings",
        "source_url": "https://docs.overturemaps.org/getting-data/",
        "source_release": "2026-09-23.1",
        "source_accessed_on": "2026-09-28",
        "geometry_role": "current building-footprint polygon",
        "linkage_semantics": "Overlap/proximity only; not evidence that the building hosts AI compute."
      }
    },
    {
      "type": "Feature",
      "id": "3f8273a4-a9c3-4698-97f2-4778973222d7",
      "geometry": {
        "type": "Polygon",
        "coordinates": [
          [
            [
              -99.8176846,
              32.5120926
            ],
            [
              -99.8176503,
              32.5119646
            ],
            [
              -99.8175125,
              32.5119909
            ],
            [
              -99.8175532,
              32.5121425
            ],
            [
              -99.8176206,
              32.5121297
            ],
            [
              -99.8176143,
              32.512106
            ],
            [
              -99.8176846,
              32.5120926
            ]
          ]
        ]
      },
      "properties": {
        "epoch_id": "EPOCH-4569f5444951b2fd",
        "site_name": "Crusoe Abilene Expansion",
        "distance_to_site_km": 2.5248,
        "footprint_area_m2_webmercator": 297.01,
        "source_dataset": "Overture Maps buildings",
        "source_url": "https://docs.overturemaps.org/getting-data/",
        "source_release": "2026-09-23.1",
        "source_accessed_on": "2026-09-28",
        "geometry_role": "current building-footprint polygon",
        "linkage_semantics": "Overlap/proximity only; not evidence that the building hosts AI compute."
      }
    },
    {
      "type": "Feature",
      "id": "3a0d5bef-2693-458d-a6b2-a2791383daac",
      "geometry": {
        "type": "Polygon",
        "coordinates": [
          [
            [
              -99.817696,
              32.5121012
            ],
            [
              -99.8178291,
              32.5120718
            ],
            [
              -99.8177841,
              32.5119269
            ],
            [
              -99.8176511,
              32.5119562
            ],
            [
              -99.817696,
              32.5121012
            ]
          ]
        ]
      },
      "properties": {
        "epoch_id": "EPOCH-4569f5444951b2fd",
        "site_name": "Crusoe Abilene Expansion",
        "distance_to_site_km": 2.5301,
        "footprint_area_m2_webmercator": 302.79,
        "source_dataset": "Overture Maps buildings",
        "source_url": "https://docs.overturemaps.org/getting-data/",
        "source_release": "2026-09-23.1",
        "source_accessed_on": "2026-09-28",
        "geometry_role": "current building-footprint polygon",
        "linkage_semantics": "Overlap/proximity only; not evidence that the building hosts AI compute."
      }
    },
    {
      "type": "Feature",
      "id": "7b568571-e5b4-48ca-ba37-02bb791aa14b",
      "geometry": {
        "type": "Polygon",
        "coordinates": [
          [
            [
              -99.8178448,
              32.5118894
            ],
            [
              -99.8179956,
              32.5118611
            ],
            [
              -99.8179775,
              32.5117922
            ],
            [
              -99.8178267,
              32.5118204
            ],
            [
              -99.8178448,
              32.5118894
            ]
          ]
        ]
      },
      "properties": {
        "epoch_id": "EPOCH-4569f5444951b2fd",
        "site_name": "Crusoe Abilene Expansion",
        "distance_to_site_km": 2.5252,
        "footprint_area_m2_webmercator": 160.31,
        "source_dataset": "Overture Maps buildings",
        "source_url": "https://docs.overturemaps.org/getting-data/",
        "source_release": "2026-09-23.1",
        "source_accessed_on": "2026-09-28",
        "geometry_role": "current building-footprint polygon",
        "linkage_semantics": "Overlap/proximity only; not evidence that the building hosts AI compute."
      }
    },
    {
      "type": "Feature",
      "id": "3255573f-5357-40a8-a125-ee0666d0a4a2",
      "geometry": {
        "type": "Polygon",
        "coordinates": [
          [
            [
              -99.8180249,
              32.5119394
            ],
            [
              -99.8180408,
              32.5119915
            ],
            [
              -99.8182522,
              32.5119458
            ],
            [
              -99.818229,
              32.5118694
            ],
            [
              -99.8181877,
              32.5118783
            ],
            [
              -99.818195,
              32.5119026
            ],
            [
              -99.8180249,
              32.5119394
            ]
          ]
        ]
      },
      "properties": {
        "epoch_id": "EPOCH-4569f5444951b2fd",
        "site_name": "Crusoe Abilene Expansion",
        "distance_to_site_km": 2.5474,
        "footprint_area_m2_webmercator": 188.32,
        "source_dataset": "Overture Maps buildings",
        "source_url": "https://docs.overturemaps.org/getting-data/",
        "source_release": "2026-09-23.1",
        "source_accessed_on": "2026-09-28",
        "geometry_role": "current building-footprint polygon",
        "linkage_semantics": "Overlap/proximity only; not evidence that the building hosts AI compute."
      }
    },
    {
      "type": "Feature",
      "id": "45667bea-292b-4577-b042-aaa240faf1b2",
      "geometry": {
        "type": "Polygon",
        "coordinates": [
          [
            [
              -99.8182973,
              32.5117247
            ],
            [
              -99.8183213,
              32.511808
            ],
            [
              -99.8184885,
              32.5117737
            ],
            [
              -99.8184645,
              32.5116904
            ],
            [
              -99.8182973,
              32.5117247
            ]
          ]
        ]
      },
      "properties": {
        "epoch_id": "EPOCH-4569f5444951b2fd",
        "site_name": "Crusoe Abilene Expansion",
        "distance_to_site_km": 2.5461,
        "footprint_area_m2_webmercator": 216.77,
        "source_dataset": "Overture Maps buildings",
        "source_url": "https://docs.overturemaps.org/getting-data/",
        "source_release": "2026-09-23.1",
        "source_accessed_on": "2026-09-28",
        "geometry_role": "current building-footprint polygon",
        "linkage_semantics": "Overlap/proximity only; not evidence that the building hosts AI compute."
      }
    },
    {
      "type": "Feature",
      "id": "9e9e7b53-a68a-4bff-a85c-1b3fbc74d3d2",
      "geometry": {
        "type": "Polygon",
        "coordinates": [
          [
            [
              -99.809379,
              32.5135201
            ],
            [
              -99.8095122,
              32.5134383
            ],
            [
              -99.8094151,
              32.513326
            ],
            [
              -99.809282,
              32.5134078
            ],
            [
              -99.809379,
              32.5135201
            ]
          ]
        ]
      },
      "properties": {
        "epoch_id": "EPOCH-4569f5444951b2fd",
        "site_name": "Crusoe Abilene Expansion",
        "distance_to_site_km": 2.2776,
        "footprint_area_m2_webmercator": 336.4,
        "source_dataset": "Overture Maps buildings",
        "source_url": "https://docs.overturemaps.org/getting-data/",
        "source_release": "2026-09-23.1",
        "source_accessed_on": "2026-09-28",
        "geometry_role": "current building-footprint polygon",
        "linkage_semantics": "Overlap/proximity only; not evidence that the building hosts AI compute."
      }
    },
    {
      "type": "Feature",
      "id": "1c139032-714e-4369-b2ce-4a89fbe73688",
      "geometry": {
        "type": "Polygon",
        "coordinates": [
          [
            [
              -99.8094961,
              32.5134888
            ],
            [
              -99.8095003,
              32.5135814
            ],
            [
              -99.8096155,
              32.5135777
            ],
            [
              -99.8096113,
              32.5134851
            ],
            [
              -99.8094961,
              32.5134888
            ]
          ]
        ]
      },
      "properties": {
        "epoch_id": "EPOCH-4569f5444951b2fd",
        "site_name": "Crusoe Abilene Expansion",
        "distance_to_site_km": 2.2943,
        "footprint_area_m2_webmercator": 156.99,
        "source_dataset": "Overture Maps buildings",
        "source_url": "https://docs.overturemaps.org/getting-data/",
        "source_release": "2026-09-23.1",
        "source_accessed_on": "2026-09-28",
        "geometry_role": "current building-footprint polygon",
        "linkage_semantics": "Overlap/proximity only; not evidence that the building hosts AI compute."
      }
    },
    {
      "type": "Feature",
      "id": "cf3bfb88-2a86-4d61-911a-a39760440b56",
      "geometry": {
        "type": "Polygon",
        "coordinates": [
          [
            [
              -99.8100523,
              32.5134497
            ],
            [
              -99.8098805,
              32.5134822
            ],
            [
              -99.8098844,
              32.513497
            ],
            [
              -99.8097806,
              32.5135166
            ],
            [
              -99.8098146,
              32.5136457
            ],
            [
              -99.810018,
              32.5136072
            ],
            [
              -99.8100079,
              32.5135693
            ],
            [
              -99.8100802,
              32.5135556
            ],
            [
              -99.8100523,
              32.5134497
            ]
          ]
        ]
      },
      "properties": {
        "epoch_id": "EPOCH-4569f5444951b2fd",
        "site_name": "Crusoe Abilene Expansion",
        "distance_to_site_km": 2.3084,
        "footprint_area_m2_webmercator": 545.67,
        "source_dataset": "Overture Maps buildings",
        "source_url": "https://docs.overturemaps.org/getting-data/",
        "source_release": "2026-09-23.1",
        "source_accessed_on": "2026-09-28",
        "geometry_role": "current building-footprint polygon",
        "linkage_semantics": "Overlap/proximity only; not evidence that the building hosts AI compute."
      }
    },
    {
      "type": "Feature",
      "id": "93d6b2a4-920d-45f0-a49d-58266edd28c5",
      "geometry": {
        "type": "Polygon",
        "coordinates": [
          [
            [
              -99.8131266,
              32.5127548
            ],
            [
              -99.8130995,
              32.5125699
            ],
            [
              -99.8130387,
              32.5125762
            ],
            [
              -99.8130658,
              32.5127611
            ],
            [
              -99.8131266,
              32.5127548
            ]
          ]
        ]
      },
      "properties": {
        "epoch_id": "EPOCH-4569f5444951b2fd",
        "site_name": "Crusoe Abilene Expansion",
        "distance_to_site_km": 2.3463,
        "footprint_area_m2_webmercator": 167.71,
        "source_dataset": "Overture Maps buildings",
        "source_url": "https://docs.overturemaps.org/getting-data/",
        "source_release": "2026-09-23.1",
        "source_accessed_on": "2026-09-28",
        "geometry_role": "current building-footprint polygon",
        "linkage_semantics": "Overlap/proximity only; not evidence that the building hosts AI compute."
      }
    },
    {
      "type": "Feature",
      "id": "5b80491e-f58b-42e8-97a6-31d5e7bde497",
      "geometry": {
        "type": "Polygon",
        "coordinates": [
          [
            [
              -99.8130375,
              32.5099296
            ],
            [
              -99.8130406,
              32.5100019
            ],
            [
              -99.813145,
              32.5099987
            ],
            [
              -99.813142,
              32.5099264
            ],
            [
              -99.8130375,
              32.5099296
            ]
          ]
        ]
      },
      "properties": {
        "epoch_id": "EPOCH-4569f5444951b2fd",
        "site_name": "Crusoe Abilene Expansion",
        "distance_to_site_km": 2.0894,
        "footprint_area_m2_webmercator": 111.11,
        "source_dataset": "Overture Maps buildings",
        "source_url": "https://docs.overturemaps.org/getting-data/",
        "source_release": "2026-09-23.1",
        "source_accessed_on": "2026-09-28",
        "geometry_role": "current building-footprint polygon",
        "linkage_semantics": "Overlap/proximity only; not evidence that the building hosts AI compute."
      }
    },
    {
      "type": "Feature",
      "id": "ebee30be-c371-40e9-8bae-5f08db2f5cd3",
      "geometry": {
        "type": "Polygon",
        "coordinates": [
          [
            [
              -99.8129862,
              32.5128233
            ],
            [
              -99.8128024,
              32.5128514
            ],
            [
              -99.812809,
              32.5128824
            ],
            [
              -99.812747,
              32.5128919
            ],
            [
              -99.8127644,
              32.5129738
            ],
            [
              -99.8130103,
              32.5129361
            ],
            [
              -99.8129862,
              32.5128233
            ]
          ]
        ]
      },
      "properties": {
        "epoch_id": "EPOCH-4569f5444951b2fd",
        "site_name": "Crusoe Abilene Expansion",
        "distance_to_site_km": 2.3602,
        "footprint_area_m2_webmercator": 391.87,
        "source_dataset": "Overture Maps buildings",
        "source_url": "https://docs.overturemaps.org/getting-data/",
        "source_release": "2026-09-23.1",
        "source_accessed_on": "2026-09-28",
        "geometry_role": "current building-footprint polygon",
        "linkage_semantics": "Overlap/proximity only; not evidence that the building hosts AI compute."
      }
    },
    {
      "type": "Feature",
      "id": "0b382d95-0fc1-49ed-96ad-af2b9f966942",
      "geometry": {
        "type": "Polygon",
        "coordinates": [
          [
            [
              -99.8132185,
              32.5050084
            ],
            [
              -99.8132517,
              32.5051583
            ],
            [
              -99.8133528,
              32.5051424
            ],
            [
              -99.8133195,
              32.5049925
            ],
            [
              -99.8132185,
              32.5050084
            ]
          ]
        ]
      },
      "properties": {
        "epoch_id": "EPOCH-4569f5444951b2fd",
        "site_name": "Crusoe Abilene Expansion",
        "distance_to_site_km": 1.6737,
        "footprint_area_m2_webmercator": 230.34,
        "source_dataset": "Overture Maps buildings",
        "source_url": "https://docs.overturemaps.org/getting-data/",
        "source_release": "2026-09-23.1",
        "source_accessed_on": "2026-09-28",
        "geometry_role": "current building-footprint polygon",
        "linkage_semantics": "Overlap/proximity only; not evidence that the building hosts AI compute."
      }
    },
    {
      "type": "Feature",
      "id": "c158c4f9-d222-44d0-908d-45c4f3d51240",
      "geometry": {
        "type": "Polygon",
        "coordinates": [
          [
            [
              -99.814375,
              32.500867
            ],
            [
              -99.8141397,
              32.5008231
            ],
            [
              -99.8140849,
              32.5010324
            ],
            [
              -99.8143202,
              32.5010762
            ],
            [
              -99.814375,
              32.500867
            ]
          ]
        ]
      },
      "properties": {
        "epoch_id": "EPOCH-4569f5444951b2fd",
        "site_name": "Crusoe Abilene Expansion",
        "distance_to_site_km": 1.4557,
        "footprint_area_m2_webmercator": 758.75,
        "source_dataset": "Overture Maps buildings",
        "source_url": "https://docs.overturemaps.org/getting-data/",
        "source_release": "2026-09-23.1",
        "source_accessed_on": "2026-09-28",
        "geometry_role": "current building-footprint polygon",
        "linkage_semantics": "Overlap/proximity only; not evidence that the building hosts AI compute."
      }
    },
    {
      "type": "Feature",
      "id": "14f561a1-cc82-4325-83e6-e3ba3a5cb06c",
      "geometry": {
        "type": "Polygon",
        "coordinates": [
          [
            [
              -99.8135046,
              32.5014128
            ],
            [
              -99.8134321,
              32.5014347
            ],
            [
              -99.8135126,
              32.5016256
            ],
            [
              -99.8135851,
              32.5016036
            ],
            [
              -99.8135046,
              32.5014128
            ]
          ]
        ]
      },
      "properties": {
        "epoch_id": "EPOCH-4569f5444951b2fd",
        "site_name": "Crusoe Abilene Expansion",
        "distance_to_site_km": 1.4329,
        "footprint_area_m2_webmercator": 229.27,
        "source_dataset": "Overture Maps buildings",
        "source_url": "https://docs.overturemaps.org/getting-data/",
        "source_release": "2026-09-23.1",
        "source_accessed_on": "2026-09-28",
        "geometry_role": "current building-footprint polygon",
        "linkage_semantics": "Overlap/proximity only; not evidence that the building hosts AI compute."
      }
    },
    {
      "type": "Feature",
      "id": "d315c573-c117-4bf8-aa2e-62063553098b",
      "geometry": {
        "type": "Polygon",
        "coordinates": [
          [
            [
              -99.8032643,
              32.5135998
            ],
            [
              -99.8032517,
              32.5137086
            ],
            [
              -99.8032632,
              32.5137096
            ],
            [
              -99.803261,
              32.5137287
            ],
            [
              -99.8033839,
              32.513739
            ],
            [
              -99.8033987,
              32.5136111
            ],
            [
              -99.8032643,
              32.5135998
            ]
          ]
        ]
      },
      "properties": {
        "epoch_id": "EPOCH-4569f5444951b2fd",
        "site_name": "Crusoe Abilene Expansion",
        "distance_to_site_km": 2.1731,
        "footprint_area_m2_webmercator": 251.85,
        "source_dataset": "Overture Maps buildings",
        "source_url": "https://docs.overturemaps.org/getting-data/",
        "source_release": "2026-09-23.1",
        "source_accessed_on": "2026-09-28",
        "geometry_role": "current building-footprint polygon",
        "linkage_semantics": "Overlap/proximity only; not evidence that the building hosts AI compute."
      }
    },
    {
      "type": "Feature",
      "id": "d923b29f-e2db-4cb3-93f0-c1dc88bd5e7e",
      "geometry": {
        "type": "Polygon",
        "coordinates": [
          [
            [
              -99.7987938,
              32.514039
            ],
            [
              -99.7988278,
              32.5141516
            ],
            [
              -99.7988845,
              32.5141395
            ],
            [
              -99.7988506,
              32.5140269
            ],
            [
              -99.7987938,
              32.514039
            ]
          ]
        ]
      },
      "properties": {
        "epoch_id": "EPOCH-4569f5444951b2fd",
        "site_name": "Crusoe Abilene Expansion",
        "distance_to_site_km": 2.2165,
        "footprint_area_m2_webmercator": 99.94,
        "source_dataset": "Overture Maps buildings",
        "source_url": "https://docs.overturemaps.org/getting-data/",
        "source_release": "2026-09-23.1",
        "source_accessed_on": "2026-09-28",
        "geometry_role": "current building-footprint polygon",
        "linkage_semantics": "Overlap/proximity only; not evidence that the building hosts AI compute."
      }
    },
    {
      "type": "Feature",
      "id": "1b53d137-c7b1-4102-9d26-5e544226cdaf",
      "geometry": {
        "type": "Polygon",
        "coordinates": [
          [
            [
              -99.7982369,
              32.5126058
            ],
            [
              -99.7984828,
              32.5125663
            ],
            [
              -99.7984533,
              32.5124354
            ],
            [
              -99.7982074,
              32.5124748
            ],
            [
              -99.7982369,
              32.5126058
            ]
          ]
        ]
      },
      "properties": {
        "epoch_id": "EPOCH-4569f5444951b2fd",
        "site_name": "Crusoe Abilene Expansion",
        "distance_to_site_km": 2.0477,
        "footprint_area_m2_webmercator": 490.29,
        "source_dataset": "Overture Maps buildings",
        "source_url": "https://docs.overturemaps.org/getting-data/",
        "source_release": "2026-09-23.1",
        "source_accessed_on": "2026-09-28",
        "geometry_role": "current building-footprint polygon",
        "linkage_semantics": "Overlap/proximity only; not evidence that the building hosts AI compute."
      }
    },
    {
      "type": "Feature",
      "id": "447d9fcd-3429-49f7-9747-907ab16ae465",
      "geometry": {
        "type": "Polygon",
        "coordinates": [
          [
            [
              -99.7985616,
              32.5127519
            ],
            [
              -99.7985517,
              32.5127085
            ],
            [
              -99.7983562,
              32.5127406
            ],
            [
              -99.7983654,
              32.5127811
            ],
            [
              -99.7984995,
              32.5127591
            ],
            [
              -99.7985044,
              32.5127804
            ],
            [
              -99.7985404,
              32.5127744
            ],
            [
              -99.7985362,
              32.512756
            ],
            [
              -99.7985616,
              32.5127519
            ]
          ]
        ]
      },
      "properties": {
        "epoch_id": "EPOCH-4569f5444951b2fd",
        "site_name": "Crusoe Abilene Expansion",
        "distance_to_site_km": 2.0714,
        "footprint_area_m2_webmercator": 133.53,
        "source_dataset": "Overture Maps buildings",
        "source_url": "https://docs.overturemaps.org/getting-data/",
        "source_release": "2026-09-23.1",
        "source_accessed_on": "2026-09-28",
        "geometry_role": "current building-footprint polygon",
        "linkage_semantics": "Overlap/proximity only; not evidence that the building hosts AI compute."
      }
    },
    {
      "type": "Feature",
      "id": "d967c8ef-c4ba-4cdb-9086-f36cde3375a9",
      "geometry": {
        "type": "Polygon",
        "coordinates": [
          [
            [
              -99.7985685,
              32.5126914
            ],
            [
              -99.7985587,
              32.5126501
            ],
            [
              -99.7983601,
              32.5126837
            ],
            [
              -99.7983699,
              32.512725
            ],
            [
              -99.7985685,
              32.5126914
            ]
          ]
        ]
      },
      "properties": {
        "epoch_id": "EPOCH-4569f5444951b2fd",
        "site_name": "Crusoe Abilene Expansion",
        "distance_to_site_km": 2.0649,
        "footprint_area_m2_webmercator": 125.37,
        "source_dataset": "Overture Maps buildings",
        "source_url": "https://docs.overturemaps.org/getting-data/",
        "source_release": "2026-09-23.1",
        "source_accessed_on": "2026-09-28",
        "geometry_role": "current building-footprint polygon",
        "linkage_semantics": "Overlap/proximity only; not evidence that the building hosts AI compute."
      }
    },
    {
      "type": "Feature",
      "id": "be6d1d9b-353f-46db-80bf-70f3502ecfbe",
      "geometry": {
        "type": "Polygon",
        "coordinates": [
          [
            [
              -99.7987354,
              32.514263
            ],
            [
              -99.7988072,
              32.5142456
            ],
            [
              -99.7987687,
              32.5141328
            ],
            [
              -99.7986969,
              32.5141503
            ],
            [
              -99.7987354,
              32.514263
            ]
          ]
        ]
      },
      "properties": {
        "epoch_id": "EPOCH-4569f5444951b2fd",
        "site_name": "Crusoe Abilene Expansion",
        "distance_to_site_km": 2.2293,
        "footprint_area_m2_webmercator": 128.84,
        "source_dataset": "Overture Maps buildings",
        "source_url": "https://docs.overturemaps.org/getting-data/",
        "source_release": "2026-09-23.1",
        "source_accessed_on": "2026-09-28",
        "geometry_role": "current building-footprint polygon",
        "linkage_semantics": "Overlap/proximity only; not evidence that the building hosts AI compute."
      }
    },
    {
      "type": "Feature",
      "id": "ed628565-842e-4d30-88bd-612e92a730b5",
      "geometry": {
        "type": "Polygon",
        "coordinates": [
          [
            [
              -99.7931259,
              32.5088502
            ],
            [
              -99.793126,
              32.5088757
            ],
            [
              -99.7932276,
              32.5088752
            ],
            [
              -99.7932275,
              32.5088561
            ],
            [
              -99.7933057,
              32.5088557
            ],
            [
              -99.7933037,
              32.5087566
            ],
            [
              -99.7933573,
              32.5086944
            ],
            [
              -99.7932756,
              32.5086477
            ],
            [
              -99.7932239,
              32.5087128
            ],
            [
              -99.7932558,
              32.5087285
            ],
            [
              -99.7932573,
              32.5087636
            ],
            [
              -99.7932427,
              32.5087788
            ],
            [
              -99.7932066,
              32.5087788
            ],
            [
              -99.7932066,
              32.5087892
            ],
            [
              -99.7931088,
              32.5087893
            ],
            [
              -99.7931066,
              32.5087683
            ],
            [
              -99.7930846,
              32.5087688
            ],
            [
              -99.7930829,
              32.5087198
            ],
            [
              -99.7930202,
              32.5087201
            ],
            [
              -99.7930208,
              32.5088061
            ],
            [
              -99.7930487,
              32.508806
            ],
            [
              -99.793049,
              32.5088506
            ],
            [
              -99.7931259,
              32.5088502
            ]
          ]
        ]
      },
      "properties": {
        "epoch_id": "EPOCH-4569f5444951b2fd",
        "site_name": "Crusoe Abilene Expansion",
        "distance_to_site_km": 1.7726,
        "footprint_area_m2_webmercator": 503.52,
        "source_dataset": "Overture Maps buildings",
        "source_url": "https://docs.overturemaps.org/getting-data/",
        "source_release": "2026-09-23.1",
        "source_accessed_on": "2026-09-28",
        "geometry_role": "current building-footprint polygon",
        "linkage_semantics": "Overlap/proximity only; not evidence that the building hosts AI compute."
      }
    },
    {
      "type": "Feature",
      "id": "362c9962-62e8-44bf-aad1-494b583ac6f9",
      "geometry": {
        "type": "Polygon",
        "coordinates": [
          [
            [
              -99.7922467,
              32.5072522
            ],
            [
              -99.7924033,
              32.5072564
            ],
            [
              -99.7924057,
              32.5071909
            ],
            [
              -99.7922492,
              32.5071867
            ],
            [
              -99.7922467,
              32.5072522
            ]
          ]
        ]
      },
      "properties": {
        "epoch_id": "EPOCH-4569f5444951b2fd",
        "site_name": "Crusoe Abilene Expansion",
        "distance_to_site_km": 1.6534,
        "footprint_area_m2_webmercator": 150.83,
        "source_dataset": "Overture Maps buildings",
        "source_url": "https://docs.overturemaps.org/getting-data/",
        "source_release": "2026-09-23.1",
        "source_accessed_on": "2026-09-28",
        "geometry_role": "current building-footprint polygon",
        "linkage_semantics": "Overlap/proximity only; not evidence that the building hosts AI compute."
      }
    },
    {
      "type": "Feature",
      "id": "e65f657b-ee65-45e8-93f4-9b6278a4ae7a",
      "geometry": {
        "type": "Polygon",
        "coordinates": [
          [
            [
              -99.7928098,
              32.5075173
            ],
            [
              -99.7927186,
              32.507516
            ],
            [
              -99.7927169,
              32.5075962
            ],
            [
              -99.7928081,
              32.5075975
            ],
            [
              -99.7928098,
              32.5075173
            ]
          ]
        ]
      },
      "properties": {
        "epoch_id": "EPOCH-4569f5444951b2fd",
        "site_name": "Crusoe Abilene Expansion",
        "distance_to_site_km": 1.6669,
        "footprint_area_m2_webmercator": 107.51,
        "source_dataset": "Overture Maps buildings",
        "source_url": "https://docs.overturemaps.org/getting-data/",
        "source_release": "2026-09-23.1",
        "source_accessed_on": "2026-09-28",
        "geometry_role": "current building-footprint polygon",
        "linkage_semantics": "Overlap/proximity only; not evidence that the building hosts AI compute."
      }
    },
    {
      "type": "Feature",
      "id": "99a9769c-57b6-4e01-a210-e25e336abedb",
      "geometry": {
        "type": "Polygon",
        "coordinates": [
          [
            [
              -99.7921214,
              32.5076533
            ],
            [
              -99.7921218,
              32.5076798
            ],
            [
              -99.7921676,
              32.5076794
            ],
            [
              -99.7921672,
              32.5076528
            ],
            [
              -99.7922153,
              32.5076523
            ],
            [
              -99.792214,
              32.5075585
            ],
            [
              -99.7923127,
              32.5075574
            ],
            [
              -99.7923118,
              32.5074901
            ],
            [
              -99.7921697,
              32.5074916
            ],
            [
              -99.7921705,
              32.5075467
            ],
            [
              -99.7920019,
              32.5075484
            ],
            [
              -99.7920034,
              32.5076545
            ],
            [
              -99.7921214,
              32.5076533
            ]
          ]
        ]
      },
      "properties": {
        "epoch_id": "EPOCH-4569f5444951b2fd",
        "site_name": "Crusoe Abilene Expansion",
        "distance_to_site_km": 1.6965,
        "footprint_area_m2_webmercator": 481.03,
        "source_dataset": "Overture Maps buildings",
        "source_url": "https://docs.overturemaps.org/getting-data/",
        "source_release": "2026-09-23.1",
        "source_accessed_on": "2026-09-28",
        "geometry_role": "current building-footprint polygon",
        "linkage_semantics": "Overlap/proximity only; not evidence that the building hosts AI compute."
      }
    },
    {
      "type": "Feature",
      "id": "7862088f-16bf-4cd3-979f-f4fa08dc6097",
      "geometry": {
        "type": "Polygon",
        "coordinates": [
          [
            [
              -99.7830409,
              32.5067217
            ],
            [
              -99.7827727,
              32.5067217
            ],
            [
              -99.7827727,
              32.5071288
            ],
            [
              -99.7830409,
              32.5071288
            ],
            [
              -99.7830409,
              32.5067217
            ]
          ]
        ]
      },
      "properties": {
        "epoch_id": "EPOCH-4569f5444951b2fd",
        "site_name": "Crusoe Abilene Expansion",
        "distance_to_site_km": 2.2004,
        "footprint_area_m2_webmercator": 1604.38,
        "source_dataset": "Overture Maps buildings",
        "source_url": "https://docs.overturemaps.org/getting-data/",
        "source_release": "2026-09-23.1",
        "source_accessed_on": "2026-09-28",
        "geometry_role": "current building-footprint polygon",
        "linkage_semantics": "Overlap/proximity only; not evidence that the building hosts AI compute."
      }
    },
    {
      "type": "Feature",
      "id": "edc89972-9749-49a4-942a-f3b4223e3902",
      "geometry": {
        "type": "Polygon",
        "coordinates": [
          [
            [
              -99.7823036,
              32.513719
            ],
            [
              -99.7825547,
              32.5137673
            ],
            [
              -99.7826018,
              32.5135932
            ],
            [
              -99.7823508,
              32.5135449
            ],
            [
              -99.7823036,
              32.513719
            ]
          ]
        ]
      },
      "properties": {
        "epoch_id": "EPOCH-4569f5444951b2fd",
        "site_name": "Crusoe Abilene Expansion",
        "distance_to_site_km": 2.7677,
        "footprint_area_m2_webmercator": 675.77,
        "source_dataset": "Overture Maps buildings",
        "source_url": "https://docs.overturemaps.org/getting-data/",
        "source_release": "2026-09-23.1",
        "source_accessed_on": "2026-09-28",
        "geometry_role": "current building-footprint polygon",
        "linkage_semantics": "Overlap/proximity only; not evidence that the building hosts AI compute."
      }
    },
    {
      "type": "Feature",
      "id": "06d930a4-f57a-43d7-b1ee-5b47c03c89a9",
      "geometry": {
        "type": "Polygon",
        "coordinates": [
          [
            [
              -99.7823154,
              32.5132546
            ],
            [
              -99.782676,
              32.51339
            ],
            [
              -99.7827431,
              32.5132617
            ],
            [
              -99.7823826,
              32.5131262
            ],
            [
              -99.7823154,
              32.5132546
            ]
          ]
        ]
      },
      "properties": {
        "epoch_id": "EPOCH-4569f5444951b2fd",
        "site_name": "Crusoe Abilene Expansion",
        "distance_to_site_km": 2.7287,
        "footprint_area_m2_webmercator": 813.71,
        "source_dataset": "Overture Maps buildings",
        "source_url": "https://docs.overturemaps.org/getting-data/",
        "source_release": "2026-09-23.1",
        "source_accessed_on": "2026-09-28",
        "geometry_role": "current building-footprint polygon",
        "linkage_semantics": "Overlap/proximity only; not evidence that the building hosts AI compute."
      }
    },
    {
      "type": "Feature",
      "id": "66cd15fa-b32c-451b-9390-67090a10788a",
      "geometry": {
        "type": "Polygon",
        "coordinates": [
          [
            [
              -99.7826803,
              32.5141817
            ],
            [
              -99.7828466,
              32.5141811
            ],
            [
              -99.782845,
              32.5138961
            ],
            [
              -99.7826787,
              32.5138967
            ],
            [
              -99.7826803,
              32.5141817
            ]
          ]
        ]
      },
      "properties": {
        "epoch_id": "EPOCH-4569f5444951b2fd",
        "site_name": "Crusoe Abilene Expansion",
        "distance_to_site_km": 2.7831,
        "footprint_area_m2_webmercator": 696.51,
        "source_dataset": "Overture Maps buildings",
        "source_url": "https://docs.overturemaps.org/getting-data/",
        "source_release": "2026-09-23.1",
        "source_accessed_on": "2026-09-28",
        "geometry_role": "current building-footprint polygon",
        "linkage_semantics": "Overlap/proximity only; not evidence that the building hosts AI compute."
      }
    },
    {
      "type": "Feature",
      "id": "d3967694-054a-41a8-b039-6951bc24a8e3",
      "geometry": {
        "type": "Polygon",
        "coordinates": [
          [
            [
              -99.7867234,
              32.5142719
            ],
            [
              -99.7868033,
              32.5142691
            ],
            [
              -99.7867953,
              32.5141046
            ],
            [
              -99.7867154,
              32.5141074
            ],
            [
              -99.7867234,
              32.5142719
            ]
          ]
        ]
      },
      "properties": {
        "epoch_id": "EPOCH-4569f5444951b2fd",
        "site_name": "Crusoe Abilene Expansion",
        "distance_to_site_km": 2.5854,
        "footprint_area_m2_webmercator": 193.48,
        "source_dataset": "Overture Maps buildings",
        "source_url": "https://docs.overturemaps.org/getting-data/",
        "source_release": "2026-09-23.1",
        "source_accessed_on": "2026-09-28",
        "geometry_role": "current building-footprint polygon",
        "linkage_semantics": "Overlap/proximity only; not evidence that the building hosts AI compute."
      }
    },
    {
      "type": "Feature",
      "id": "c2368587-ff19-44b5-b6a9-0ba4496d2a1c",
      "geometry": {
        "type": "Polygon",
        "coordinates": [
          [
            [
              -99.7868636,
              32.5141049
            ],
            [
              -99.7871129,
              32.5141003
            ],
            [
              -99.7871061,
              32.5138381
            ],
            [
              -99.7868568,
              32.5138427
            ],
            [
              -99.7868636,
              32.5141049
            ]
          ]
        ]
      },
      "properties": {
        "epoch_id": "EPOCH-4569f5444951b2fd",
        "site_name": "Crusoe Abilene Expansion",
        "distance_to_site_km": 2.5539,
        "footprint_area_m2_webmercator": 961.04,
        "source_dataset": "Overture Maps buildings",
        "source_url": "https://docs.overturemaps.org/getting-data/",
        "source_release": "2026-09-23.1",
        "source_accessed_on": "2026-09-28",
        "geometry_role": "current building-footprint polygon",
        "linkage_semantics": "Overlap/proximity only; not evidence that the building hosts AI compute."
      }
    },
    {
      "type": "Feature",
      "id": "14040ff6-1404-47bf-a048-ccf9adbd932f",
      "geometry": {
        "type": "Polygon",
        "coordinates": [
          [
            [
              -99.7879716,
              32.5109274
            ],
            [
              -99.7880768,
              32.5109971
            ],
            [
              -99.7881294,
              32.5109405
            ],
            [
              -99.7880242,
              32.5108709
            ],
            [
              -99.7879716,
              32.5109274
            ]
          ]
        ]
      },
      "properties": {
        "epoch_id": "EPOCH-4569f5444951b2fd",
        "site_name": "Crusoe Abilene Expansion",
        "distance_to_site_km": 2.2142,
        "footprint_area_m2_webmercator": 141.26,
        "source_dataset": "Overture Maps buildings",
        "source_url": "https://docs.overturemaps.org/getting-data/",
        "source_release": "2026-09-23.1",
        "source_accessed_on": "2026-09-28",
        "geometry_role": "current building-footprint polygon",
        "linkage_semantics": "Overlap/proximity only; not evidence that the building hosts AI compute."
      }
    },
    {
      "type": "Feature",
      "id": "fd56a6f7-c937-45b3-87c9-79f51ee5cb25",
      "geometry": {
        "type": "Polygon",
        "coordinates": [
          [
            [
              -99.7890919,
              32.5123972
            ],
            [
              -99.7891642,
              32.5124166
            ],
            [
              -99.7891509,
              32.5124494
            ],
            [
              -99.7892403,
              32.5124755
            ],
            [
              -99.7893152,
              32.5122908
            ],
            [
              -99.7892263,
              32.512265
            ],
            [
              -99.7892064,
              32.5123139
            ],
            [
              -99.7891315,
              32.512292
            ],
            [
              -99.7891435,
              32.5122627
            ],
            [
              -99.7890733,
              32.5122422
            ],
            [
              -99.7890321,
              32.5123437
            ],
            [
              -99.7890398,
              32.5123459
            ],
            [
              -99.7890141,
              32.5124094
            ],
            [
              -99.7890792,
              32.5124284
            ],
            [
              -99.7890919,
              32.5123972
            ]
          ]
        ]
      },
      "properties": {
        "epoch_id": "EPOCH-4569f5444951b2fd",
        "site_name": "Crusoe Abilene Expansion",
        "distance_to_site_km": 2.2964,
        "footprint_area_m2_webmercator": 581.1,
        "source_dataset": "Overture Maps buildings",
        "source_url": "https://docs.overturemaps.org/getting-data/",
        "source_release": "2026-09-23.1",
        "source_accessed_on": "2026-09-28",
        "geometry_role": "current building-footprint polygon",
        "linkage_semantics": "Overlap/proximity only; not evidence that the building hosts AI compute."
      }
    },
    {
      "type": "Feature",
      "id": "12a87da3-ce90-4393-a8ab-d07b8ce163ef",
      "geometry": {
        "type": "Polygon",
        "coordinates": [
          [
            [
              -99.7902355,
              32.5131994
            ],
            [
              -99.7902522,
              32.5132931
            ],
            [
              -99.790504,
              32.5132613
            ],
            [
              -99.7904988,
              32.5132317
            ],
            [
              -99.7905748,
              32.5132221
            ],
            [
              -99.7905652,
              32.5131676
            ],
            [
              -99.7904733,
              32.5131792
            ],
            [
              -99.7904716,
              32.5131695
            ],
            [
              -99.7902355,
              32.5131994
            ]
          ]
        ]
      },
      "properties": {
        "epoch_id": "EPOCH-4569f5444951b2fd",
        "site_name": "Crusoe Abilene Expansion",
        "distance_to_site_km": 2.3308,
        "footprint_area_m2_webmercator": 414.74,
        "source_dataset": "Overture Maps buildings",
        "source_url": "https://docs.overturemaps.org/getting-data/",
        "source_release": "2026-09-23.1",
        "source_accessed_on": "2026-09-28",
        "geometry_role": "current building-footprint polygon",
        "linkage_semantics": "Overlap/proximity only; not evidence that the building hosts AI compute."
      }
    },
    {
      "type": "Feature",
      "id": "57dca5ab-eba8-4062-a753-f8769315151e",
      "geometry": {
        "type": "Polygon",
        "coordinates": [
          [
            [
              -99.7813034,
              32.5054684
            ],
            [
              -99.7811657,
              32.5054694
            ],
            [
              -99.7811771,
              32.5065666
            ],
            [
              -99.7820247,
              32.5065603
            ],
            [
              -99.7820133,
              32.5054631
            ],
            [
              -99.7813034,
              32.5054684
            ]
          ]
        ]
      },
      "properties": {
        "epoch_id": "EPOCH-4569f5444951b2fd",
        "site_name": "Crusoe Abilene Expansion",
        "distance_to_site_km": 2.2353,
        "footprint_area_m2_webmercator": 13666.2,
        "source_dataset": "Overture Maps buildings",
        "source_url": "https://docs.overturemaps.org/getting-data/",
        "source_release": "2026-09-23.1",
        "source_accessed_on": "2026-09-28",
        "geometry_role": "current building-footprint polygon",
        "linkage_semantics": "Overlap/proximity only; not evidence that the building hosts AI compute."
      }
    },
    {
      "type": "Feature",
      "id": "f0f9fbf5-782e-4e7c-b231-c2d2435c642c",
      "geometry": {
        "type": "Polygon",
        "coordinates": [
          [
            [
              -99.7807905,
              32.5054722
            ],
            [
              -99.7800658,
              32.5054775
            ],
            [
              -99.7800774,
              32.5065802
            ],
            [
              -99.7809263,
              32.5065739
            ],
            [
              -99.7809148,
              32.5054712
            ],
            [
              -99.7807905,
              32.5054722
            ]
          ]
        ]
      },
      "properties": {
        "epoch_id": "EPOCH-4569f5444951b2fd",
        "site_name": "Crusoe Abilene Expansion",
        "distance_to_site_km": 2.3203,
        "footprint_area_m2_webmercator": 13756.26,
        "source_dataset": "Overture Maps buildings",
        "source_url": "https://docs.overturemaps.org/getting-data/",
        "source_release": "2026-09-23.1",
        "source_accessed_on": "2026-09-28",
        "geometry_role": "current building-footprint polygon",
        "linkage_semantics": "Overlap/proximity only; not evidence that the building hosts AI compute."
      }
    },
    {
      "type": "Feature",
      "id": "42c25b1d-fcf0-49f4-8110-439d39c6b602",
      "geometry": {
        "type": "Polygon",
        "coordinates": [
          [
            [
              -99.780889,
              32.503612
            ],
            [
              -99.7800311,
              32.5036184
            ],
            [
              -99.7800425,
              32.504709
            ],
            [
              -99.7807814,
              32.5047035
            ],
            [
              -99.7809004,
              32.5047026
            ],
            [
              -99.780889,
              32.503612
            ]
          ]
        ]
      },
      "properties": {
        "epoch_id": "EPOCH-4569f5444951b2fd",
        "site_name": "Crusoe Abilene Expansion",
        "distance_to_site_km": 2.2122,
        "footprint_area_m2_webmercator": 13749.02,
        "source_dataset": "Overture Maps buildings",
        "source_url": "https://docs.overturemaps.org/getting-data/",
        "source_release": "2026-09-23.1",
        "source_accessed_on": "2026-09-28",
        "geometry_role": "current building-footprint polygon",
        "linkage_semantics": "Overlap/proximity only; not evidence that the building hosts AI compute."
      }
    },
    {
      "type": "Feature",
      "id": "d8e5317c-ddc2-4ab5-a5fe-1ae450f0bfb7",
      "geometry": {
        "type": "Polygon",
        "coordinates": [
          [
            [
              -99.7811491,
              32.5047008
            ],
            [
              -99.7809004,
              32.5047026
            ],
            [
              -99.7807814,
              32.5047035
            ],
            [
              -99.7807836,
              32.5049136
            ],
            [
              -99.7806037,
              32.504915
            ],
            [
              -99.7806072,
              32.5052464
            ],
            [
              -99.7807881,
              32.5052451
            ],
            [
              -99.7807905,
              32.5054722
            ],
            [
              -99.7809148,
              32.5054712
            ],
            [
              -99.7811657,
              32.5054694
            ],
            [
              -99.7813034,
              32.5054684
            ],
            [
              -99.7813011,
              32.5052479
            ],
            [
              -99.7816747,
              32.5052452
            ],
            [
              -99.7816712,
              32.5049056
            ],
            [
              -99.7812891,
              32.5049084
            ],
            [
              -99.7812869,
              32.5046998
            ],
            [
              -99.7811491,
              32.5047008
            ]
          ]
        ]
      },
      "properties": {
        "epoch_id": "EPOCH-4569f5444951b2fd",
        "site_name": "Crusoe Abilene Expansion",
        "distance_to_site_km": 2.2148,
        "footprint_area_m2_webmercator": 8516.69,
        "source_dataset": "Overture Maps buildings",
        "source_url": "https://docs.overturemaps.org/getting-data/",
        "source_release": "2026-09-23.1",
        "source_accessed_on": "2026-09-28",
        "geometry_role": "current building-footprint polygon",
        "linkage_semantics": "Overlap/proximity only; not evidence that the building hosts AI compute."
      }
    },
    {
      "type": "Feature",
      "id": "4844058e-398a-4b2a-a641-280cb46203c1",
      "geometry": {
        "type": "Polygon",
        "coordinates": [
          [
            [
              -99.7819915,
              32.503603
            ],
            [
              -99.7811377,
              32.5036093
            ],
            [
              -99.7811491,
              32.5047008
            ],
            [
              -99.7812869,
              32.5046998
            ],
            [
              -99.7820029,
              32.5046945
            ],
            [
              -99.7819915,
              32.503603
            ]
          ]
        ]
      },
      "properties": {
        "epoch_id": "EPOCH-4569f5444951b2fd",
        "site_name": "Crusoe Abilene Expansion",
        "distance_to_site_km": 2.1226,
        "footprint_area_m2_webmercator": 13694.62,
        "source_dataset": "Overture Maps buildings",
        "source_url": "https://docs.overturemaps.org/getting-data/",
        "source_release": "2026-09-23.1",
        "source_accessed_on": "2026-09-28",
        "geometry_role": "current building-footprint polygon",
        "linkage_semantics": "Overlap/proximity only; not evidence that the building hosts AI compute."
      }
    }
  ]
}
