{
  "type": "FeatureCollection",
  "source": {
    "dataset": "Overture Maps buildings",
    "url": "https://docs.overturemaps.org/getting-data/",
    "accessed_on": "2026-09-28",
    "release": "2026-09-23.1",
    "site_epoch_id": "EPOCH-1b7cb9c2b0eb479f",
    "site_name": "Microsoft Narvik Norway",
    "site_latitude": 68.578661,
    "site_longitude": 17.591344,
    "search_bbox": [
      17.571344,
      68.558661,
      17.611344,
      68.59866099999999
    ],
    "filter_radius_km": 3.0,
    "semantics": "Current building polygons are ingested for physical geometry. They are not, by themselves, AI-facility identity evidence or a construction time series."
  },
  "features": [
    {
      "type": "Feature",
      "id": "1361f8a4-65be-4e18-b7d5-4c09aec35fb7",
      "geometry": {
        "type": "Polygon",
        "coordinates": [
          [
            [
              17.5887117,
              68.5882006
            ],
            [
              17.5887703,
              68.5881957
            ],
            [
              17.5887938,
              68.5882329
            ],
            [
              17.5887352,
              68.5882378
            ],
            [
              17.5887117,
              68.5882006
            ]
          ]
        ]
      },
      "properties": {
        "epoch_id": "EPOCH-1b7cb9c2b0eb479f",
        "site_name": "Microsoft Narvik Norway",
        "distance_to_site_km": 1.0677,
        "footprint_area_m2_webmercator": 77.9,
        "source_dataset": "Overture Maps buildings",
        "source_url": "https://docs.overturemaps.org/getting-data/",
        "source_release": "2026-09-23.1",
        "source_accessed_on": "2026-09-28",
        "geometry_role": "current building-footprint polygon",
        "linkage_semantics": "Overlap/proximity only; not evidence that the building hosts AI compute."
      }
    },
    {
      "type": "Feature",
      "id": "c935f51d-58b4-47d8-9adb-c64355cb72c9",
      "geometry": {
        "type": "Polygon",
        "coordinates": [
          [
            [
              17.59374,
              68.584737
            ],
            [
              17.5936538,
              68.5847319
            ],
            [
              17.5936657,
              68.5847052
            ],
            [
              17.5937519,
              68.5847103
            ],
            [
              17.59374,
              68.584737
            ]
          ]
        ]
      },
      "properties": {
        "epoch_id": "EPOCH-1b7cb9c2b0eb479f",
        "site_name": "Microsoft Narvik Norway",
        "distance_to_site_km": 0.6806,
        "footprint_area_m2_webmercator": 80.17,
        "source_dataset": "Overture Maps buildings",
        "source_url": "https://docs.overturemaps.org/getting-data/",
        "source_release": "2026-09-23.1",
        "source_accessed_on": "2026-09-28",
        "geometry_role": "current building-footprint polygon",
        "linkage_semantics": "Overlap/proximity only; not evidence that the building hosts AI compute."
      }
    },
    {
      "type": "Feature",
      "id": "7b3539fb-ffde-4a60-a2c9-d2d278ca4e04",
      "geometry": {
        "type": "Polygon",
        "coordinates": [
          [
            [
              17.5941329,
              68.5825508
            ],
            [
              17.594198,
              68.5825607
            ],
            [
              17.5940672,
              68.5826755
            ],
            [
              17.5940021,
              68.5826656
            ],
            [
              17.5941329,
              68.5825508
            ]
          ]
        ]
      },
      "properties": {
        "epoch_id": "EPOCH-1b7cb9c2b0eb479f",
        "site_name": "Microsoft Narvik Norway",
        "distance_to_site_km": 0.4535,
        "footprint_area_m2_webmercator": 297.56,
        "source_dataset": "Overture Maps buildings",
        "source_url": "https://docs.overturemaps.org/getting-data/",
        "source_release": "2026-09-23.1",
        "source_accessed_on": "2026-09-28",
        "geometry_role": "current building-footprint polygon",
        "linkage_semantics": "Overlap/proximity only; not evidence that the building hosts AI compute."
      }
    },
    {
      "type": "Feature",
      "id": "d2560030-1d26-46ce-85cd-2f36000009db",
      "geometry": {
        "type": "Polygon",
        "coordinates": [
          [
            [
              17.5937923,
              68.5829642
            ],
            [
              17.5937587,
              68.5830172
            ],
            [
              17.5936976,
              68.583012
            ],
            [
              17.5937312,
              68.582959
            ],
            [
              17.5937923,
              68.5829642
            ]
          ]
        ]
      },
      "properties": {
        "epoch_id": "EPOCH-1b7cb9c2b0eb479f",
        "site_name": "Microsoft Narvik Norway",
        "distance_to_site_km": 0.4909,
        "footprint_area_m2_webmercator": 115.83,
        "source_dataset": "Overture Maps buildings",
        "source_url": "https://docs.overturemaps.org/getting-data/",
        "source_release": "2026-09-23.1",
        "source_accessed_on": "2026-09-28",
        "geometry_role": "current building-footprint polygon",
        "linkage_semantics": "Overlap/proximity only; not evidence that the building hosts AI compute."
      }
    },
    {
      "type": "Feature",
      "id": "e5eaeede-7dbd-4fe8-872a-d7dad519de2a",
      "geometry": {
        "type": "Polygon",
        "coordinates": [
          [
            [
              17.5893245,
              68.5781303
            ],
            [
              17.5893312,
              68.5781303
            ],
            [
              17.5893301,
              68.5781842
            ],
            [
              17.5892791,
              68.578184
            ],
            [
              17.5892816,
              68.5780635
            ],
            [
              17.5893259,
              68.5780637
            ],
            [
              17.5893245,
              68.5781303
            ]
          ]
        ]
      },
      "properties": {
        "epoch_id": "EPOCH-1b7cb9c2b0eb479f",
        "site_name": "Microsoft Narvik Norway",
        "distance_to_site_km": 0.102,
        "footprint_area_m2_webmercator": 193.33,
        "source_dataset": "Overture Maps buildings",
        "source_url": "https://docs.overturemaps.org/getting-data/",
        "source_release": "2026-09-23.1",
        "source_accessed_on": "2026-09-28",
        "geometry_role": "current building-footprint polygon",
        "linkage_semantics": "Overlap/proximity only; not evidence that the building hosts AI compute."
      }
    },
    {
      "type": "Feature",
      "id": "51ee6547-fff8-4ee0-9b91-2e6c2924444e",
      "geometry": {
        "type": "Polygon",
        "coordinates": [
          [
            [
              17.5877992,
              68.576863
            ],
            [
              17.5878087,
              68.576794
            ],
            [
              17.5881244,
              68.5767998
            ],
            [
              17.5881149,
              68.5768688
            ],
            [
              17.5877992,
              68.576863
            ]
          ]
        ]
      },
      "properties": {
        "epoch_id": "EPOCH-1b7cb9c2b0eb479f",
        "site_name": "Microsoft Narvik Norway",
        "distance_to_site_km": 0.2455,
        "footprint_area_m2_webmercator": 740.92,
        "source_dataset": "Overture Maps buildings",
        "source_url": "https://docs.overturemaps.org/getting-data/",
        "source_release": "2026-09-23.1",
        "source_accessed_on": "2026-09-28",
        "geometry_role": "current building-footprint polygon",
        "linkage_semantics": "Overlap/proximity only; not evidence that the building hosts AI compute."
      }
    },
    {
      "type": "Feature",
      "id": "46dd835d-6d55-40b4-8086-13625b3b0209",
      "geometry": {
        "type": "Polygon",
        "coordinates": [
          [
            [
              17.5858363,
              68.5766305
            ],
            [
              17.5859013,
              68.576624
            ],
            [
              17.5859845,
              68.5767357
            ],
            [
              17.5859195,
              68.5767421
            ],
            [
              17.5858363,
              68.5766305
            ]
          ]
        ]
      },
      "properties": {
        "epoch_id": "EPOCH-1b7cb9c2b0eb479f",
        "site_name": "Microsoft Narvik Norway",
        "distance_to_site_km": 0.3116,
        "footprint_area_m2_webmercator": 264.42,
        "source_dataset": "Overture Maps buildings",
        "source_url": "https://docs.overturemaps.org/getting-data/",
        "source_release": "2026-09-23.1",
        "source_accessed_on": "2026-09-28",
        "geometry_role": "current building-footprint polygon",
        "linkage_semantics": "Overlap/proximity only; not evidence that the building hosts AI compute."
      }
    },
    {
      "type": "Feature",
      "id": "af562cd9-d36f-418e-9ce4-cdb890700c29",
      "geometry": {
        "type": "Polygon",
        "coordinates": [
          [
            [
              17.5837252,
              68.575488
            ],
            [
              17.5837673,
              68.5754713
            ],
            [
              17.583857,
              68.5755016
            ],
            [
              17.5838149,
              68.5755182
            ],
            [
              17.5837252,
              68.575488
            ]
          ]
        ]
      },
      "properties": {
        "epoch_id": "EPOCH-1b7cb9c2b0eb479f",
        "site_name": "Microsoft Narvik Norway",
        "distance_to_site_km": 0.467,
        "footprint_area_m2_webmercator": 93.87,
        "source_dataset": "Overture Maps buildings",
        "source_url": "https://docs.overturemaps.org/getting-data/",
        "source_release": "2026-09-23.1",
        "source_accessed_on": "2026-09-28",
        "geometry_role": "current building-footprint polygon",
        "linkage_semantics": "Overlap/proximity only; not evidence that the building hosts AI compute."
      }
    },
    {
      "type": "Feature",
      "id": "a481d912-65bc-422d-a647-15e9f3099da2",
      "geometry": {
        "type": "Polygon",
        "coordinates": [
          [
            [
              17.584017,
              68.575684
            ],
            [
              17.583968,
              68.575666
            ],
            [
              17.583963,
              68.575668
            ],
            [
              17.583739,
              68.5756
            ],
            [
              17.583895,
              68.575531
            ],
            [
              17.584119,
              68.575599
            ],
            [
              17.584032,
              68.575637
            ],
            [
              17.584089,
              68.575659
            ],
            [
              17.584017,
              68.575684
            ]
          ]
        ]
      },
      "properties": {
        "epoch_id": "EPOCH-1b7cb9c2b0eb479f",
        "site_name": "Microsoft Narvik Norway",
        "distance_to_site_km": 0.4538,
        "footprint_area_m2_webmercator": 977.93,
        "source_dataset": "Overture Maps buildings",
        "source_url": "https://docs.overturemaps.org/getting-data/",
        "source_release": "2026-09-23.1",
        "source_accessed_on": "2026-09-28",
        "geometry_role": "current building-footprint polygon",
        "linkage_semantics": "Overlap/proximity only; not evidence that the building hosts AI compute."
      }
    },
    {
      "type": "Feature",
      "id": "eaff05fd-4dbf-46b3-b398-42ea217f4126",
      "geometry": {
        "type": "Polygon",
        "coordinates": [
          [
            [
              17.5841214,
              68.5755138
            ],
            [
              17.5837236,
              68.5753688
            ],
            [
              17.5839271,
              68.5752943
            ],
            [
              17.5840085,
              68.5753239
            ],
            [
              17.5840552,
              68.5753068
            ],
            [
              17.5842203,
              68.575367
            ],
            [
              17.5841763,
              68.5753831
            ],
            [
              17.5843276,
              68.5754382
            ],
            [
              17.5841214,
              68.5755138
            ]
          ]
        ]
      },
      "properties": {
        "epoch_id": "EPOCH-1b7cb9c2b0eb479f",
        "site_name": "Microsoft Narvik Norway",
        "distance_to_site_km": 0.4688,
        "footprint_area_m2_webmercator": 2208.22,
        "source_dataset": "Overture Maps buildings",
        "source_url": "https://docs.overturemaps.org/getting-data/",
        "source_release": "2026-09-23.1",
        "source_accessed_on": "2026-09-28",
        "geometry_role": "current building-footprint polygon",
        "linkage_semantics": "Overlap/proximity only; not evidence that the building hosts AI compute."
      }
    },
    {
      "type": "Feature",
      "id": "ac502abd-32eb-499b-8142-5833e7c12c94",
      "geometry": {
        "type": "Polygon",
        "coordinates": [
          [
            [
              17.5838187,
              68.5753034
            ],
            [
              17.5836883,
              68.5752652
            ],
            [
              17.5837302,
              68.5752461
            ],
            [
              17.5838606,
              68.5752844
            ],
            [
              17.5838187,
              68.5753034
            ]
          ]
        ]
      },
      "properties": {
        "epoch_id": "EPOCH-1b7cb9c2b0eb479f",
        "site_name": "Microsoft Narvik Norway",
        "distance_to_site_km": 0.4861,
        "footprint_area_m2_webmercator": 138.64,
        "source_dataset": "Overture Maps buildings",
        "source_url": "https://docs.overturemaps.org/getting-data/",
        "source_release": "2026-09-23.1",
        "source_accessed_on": "2026-09-28",
        "geometry_role": "current building-footprint polygon",
        "linkage_semantics": "Overlap/proximity only; not evidence that the building hosts AI compute."
      }
    },
    {
      "type": "Feature",
      "id": "9d491d05-2795-4ed2-b111-5189753597c7",
      "geometry": {
        "type": "Polygon",
        "coordinates": [
          [
            [
              17.5834068,
              68.5751603
            ],
            [
              17.583512,
              68.5751027
            ],
            [
              17.583849,
              68.5751847
            ],
            [
              17.5837456,
              68.5752414
            ],
            [
              17.5834652,
              68.5751731
            ],
            [
              17.5834633,
              68.5751741
            ],
            [
              17.5834068,
              68.5751603
            ]
          ]
        ]
      },
      "properties": {
        "epoch_id": "EPOCH-1b7cb9c2b0eb479f",
        "site_name": "Microsoft Narvik Norway",
        "distance_to_site_km": 0.4987,
        "footprint_area_m2_webmercator": 938.3,
        "source_dataset": "Overture Maps buildings",
        "source_url": "https://docs.overturemaps.org/getting-data/",
        "source_release": "2026-09-23.1",
        "source_accessed_on": "2026-09-28",
        "geometry_role": "current building-footprint polygon",
        "linkage_semantics": "Overlap/proximity only; not evidence that the building hosts AI compute."
      }
    },
    {
      "type": "Feature",
      "id": "1dd8d14e-df4e-4218-919a-3d7466675383",
      "geometry": {
        "type": "Polygon",
        "coordinates": [
          [
            [
              17.5844148,
              68.5767475
            ],
            [
              17.5846709,
              68.5765775
            ],
            [
              17.5850215,
              68.576648
            ],
            [
              17.5850468,
              68.5766313
            ],
            [
              17.5852053,
              68.5766631
            ],
            [
              17.5849239,
              68.5768499
            ],
            [
              17.5844148,
              68.5767475
            ]
          ]
        ]
      },
      "properties": {
        "epoch_id": "EPOCH-1b7cb9c2b0eb479f",
        "site_name": "Microsoft Narvik Norway",
        "distance_to_site_km": 0.3427,
        "footprint_area_m2_webmercator": 3943.56,
        "source_dataset": "Overture Maps buildings",
        "source_url": "https://docs.overturemaps.org/getting-data/",
        "source_release": "2026-09-23.1",
        "source_accessed_on": "2026-09-28",
        "geometry_role": "current building-footprint polygon",
        "linkage_semantics": "Overlap/proximity only; not evidence that the building hosts AI compute."
      }
    },
    {
      "type": "Feature",
      "id": "ef55cf1f-b1a5-4ce0-87ef-562613c796c2",
      "geometry": {
        "type": "Polygon",
        "coordinates": [
          [
            [
              17.5827706,
              68.5769879
            ],
            [
              17.5828399,
              68.5769858
            ],
            [
              17.5828558,
              68.5770539
            ],
            [
              17.5827865,
              68.577056
            ],
            [
              17.5827706,
              68.5769879
            ]
          ]
        ]
      },
      "properties": {
        "epoch_id": "EPOCH-1b7cb9c2b0eb479f",
        "site_name": "Microsoft Narvik Norway",
        "distance_to_site_km": 0.3915,
        "footprint_area_m2_webmercator": 161.25,
        "source_dataset": "Overture Maps buildings",
        "source_url": "https://docs.overturemaps.org/getting-data/",
        "source_release": "2026-09-23.1",
        "source_accessed_on": "2026-09-28",
        "geometry_role": "current building-footprint polygon",
        "linkage_semantics": "Overlap/proximity only; not evidence that the building hosts AI compute."
      }
    },
    {
      "type": "Feature",
      "id": "9aab86cd-1df8-49fe-8abd-87869af03589",
      "geometry": {
        "type": "Polygon",
        "coordinates": [
          [
            [
              17.58285,
              68.5769914
            ],
            [
              17.5829166,
              68.5769871
            ],
            [
              17.5829483,
              68.5770521
            ],
            [
              17.5828817,
              68.5770564
            ],
            [
              17.58285,
              68.5769914
            ]
          ]
        ]
      },
      "properties": {
        "epoch_id": "EPOCH-1b7cb9c2b0eb479f",
        "site_name": "Microsoft Narvik Norway",
        "distance_to_site_km": 0.3884,
        "footprint_area_m2_webmercator": 151.5,
        "source_dataset": "Overture Maps buildings",
        "source_url": "https://docs.overturemaps.org/getting-data/",
        "source_release": "2026-09-23.1",
        "source_accessed_on": "2026-09-28",
        "geometry_role": "current building-footprint polygon",
        "linkage_semantics": "Overlap/proximity only; not evidence that the building hosts AI compute."
      }
    },
    {
      "type": "Feature",
      "id": "6f48063e-106e-44de-990c-303511bc97de",
      "geometry": {
        "type": "Polygon",
        "coordinates": [
          [
            [
              17.5814297,
              68.5806084
            ],
            [
              17.5815615,
              68.5805789
            ],
            [
              17.5816757,
              68.5806468
            ],
            [
              17.5815439,
              68.5806764
            ],
            [
              17.5814297,
              68.5806084
            ]
          ]
        ]
      },
      "properties": {
        "epoch_id": "EPOCH-1b7cb9c2b0eb479f",
        "site_name": "Microsoft Narvik Norway",
        "distance_to_site_km": 0.4538,
        "footprint_area_m2_webmercator": 418.41,
        "source_dataset": "Overture Maps buildings",
        "source_url": "https://docs.overturemaps.org/getting-data/",
        "source_release": "2026-09-23.1",
        "source_accessed_on": "2026-09-28",
        "geometry_role": "current building-footprint polygon",
        "linkage_semantics": "Overlap/proximity only; not evidence that the building hosts AI compute."
      }
    },
    {
      "type": "Feature",
      "id": "203f0e8e-901a-493c-b450-f3039c718310",
      "geometry": {
        "type": "Polygon",
        "coordinates": [
          [
            [
              17.5812575,
              68.5806392
            ],
            [
              17.5812201,
              68.5806158
            ],
            [
              17.5813801,
              68.5805817
            ],
            [
              17.5814174,
              68.580605
            ],
            [
              17.5812575,
              68.5806392
            ]
          ]
        ]
      },
      "properties": {
        "epoch_id": "EPOCH-1b7cb9c2b0eb479f",
        "site_name": "Microsoft Narvik Norway",
        "distance_to_site_km": 0.4612,
        "footprint_area_m2_webmercator": 170.02,
        "source_dataset": "Overture Maps buildings",
        "source_url": "https://docs.overturemaps.org/getting-data/",
        "source_release": "2026-09-23.1",
        "source_accessed_on": "2026-09-28",
        "geometry_role": "current building-footprint polygon",
        "linkage_semantics": "Overlap/proximity only; not evidence that the building hosts AI compute."
      }
    },
    {
      "type": "Feature",
      "id": "a2cf7e16-88dc-492d-8784-afea773f57c5",
      "geometry": {
        "type": "Polygon",
        "coordinates": [
          [
            [
              17.5780387,
              68.5784283
            ],
            [
              17.5780405,
              68.5783917
            ],
            [
              17.5781236,
              68.5783922
            ],
            [
              17.5781218,
              68.5784288
            ],
            [
              17.5780387,
              68.5784283
            ]
          ]
        ]
      },
      "properties": {
        "epoch_id": "EPOCH-1b7cb9c2b0eb479f",
        "site_name": "Microsoft Narvik Norway",
        "distance_to_site_km": 0.5393,
        "footprint_area_m2_webmercator": 103.23,
        "source_dataset": "Overture Maps buildings",
        "source_url": "https://docs.overturemaps.org/getting-data/",
        "source_release": "2026-09-23.1",
        "source_accessed_on": "2026-09-28",
        "geometry_role": "current building-footprint polygon",
        "linkage_semantics": "Overlap/proximity only; not evidence that the building hosts AI compute."
      }
    },
    {
      "type": "Feature",
      "id": "25d0deec-1e47-41d2-b540-e04b286cfc20",
      "geometry": {
        "type": "Polygon",
        "coordinates": [
          [
            [
              17.5765874,
              68.5786858
            ],
            [
              17.576582,
              68.5787514
            ],
            [
              17.5765338,
              68.5787509
            ],
            [
              17.5765392,
              68.5786853
            ],
            [
              17.5765874,
              68.5786858
            ]
          ]
        ]
      },
      "properties": {
        "epoch_id": "EPOCH-1b7cb9c2b0eb479f",
        "site_name": "Microsoft Narvik Norway",
        "distance_to_site_km": 0.6004,
        "footprint_area_m2_webmercator": 107.38,
        "source_dataset": "Overture Maps buildings",
        "source_url": "https://docs.overturemaps.org/getting-data/",
        "source_release": "2026-09-23.1",
        "source_accessed_on": "2026-09-28",
        "geometry_role": "current building-footprint polygon",
        "linkage_semantics": "Overlap/proximity only; not evidence that the building hosts AI compute."
      }
    },
    {
      "type": "Feature",
      "id": "ccba288b-ba01-473e-b0de-bccb48a66065",
      "geometry": {
        "type": "Polygon",
        "coordinates": [
          [
            [
              17.5764624,
              68.5784711
            ],
            [
              17.5763154,
              68.5784207
            ],
            [
              17.5763743,
              68.5783978
            ],
            [
              17.5765213,
              68.5784482
            ],
            [
              17.5764624,
              68.5784711
            ]
          ]
        ]
      },
      "properties": {
        "epoch_id": "EPOCH-1b7cb9c2b0eb479f",
        "site_name": "Microsoft Narvik Norway",
        "distance_to_site_km": 0.6067,
        "footprint_area_m2_webmercator": 214.94,
        "source_dataset": "Overture Maps buildings",
        "source_url": "https://docs.overturemaps.org/getting-data/",
        "source_release": "2026-09-23.1",
        "source_accessed_on": "2026-09-28",
        "geometry_role": "current building-footprint polygon",
        "linkage_semantics": "Overlap/proximity only; not evidence that the building hosts AI compute."
      }
    },
    {
      "type": "Feature",
      "id": "d86fda70-94d1-4eaa-aa03-6e2b7e426119",
      "geometry": {
        "type": "Polygon",
        "coordinates": [
          [
            [
              17.574021,
              68.5807083
            ],
            [
              17.574036,
              68.5806851
            ],
            [
              17.5740741,
              68.5806884
            ],
            [
              17.5740927,
              68.5806596
            ],
            [
              17.5741511,
              68.5806646
            ],
            [
              17.5741175,
              68.5807166
            ],
            [
              17.574021,
              68.5807083
            ]
          ]
        ]
      },
      "properties": {
        "epoch_id": "EPOCH-1b7cb9c2b0eb479f",
        "site_name": "Microsoft Narvik Norway",
        "distance_to_site_km": 0.736,
        "footprint_area_m2_webmercator": 140.38,
        "source_dataset": "Overture Maps buildings",
        "source_url": "https://docs.overturemaps.org/getting-data/",
        "source_release": "2026-09-23.1",
        "source_accessed_on": "2026-09-28",
        "geometry_role": "current building-footprint polygon",
        "linkage_semantics": "Overlap/proximity only; not evidence that the building hosts AI compute."
      }
    },
    {
      "type": "Feature",
      "id": "aade88c4-6697-4414-9076-70e4524fc6e0",
      "geometry": {
        "type": "Polygon",
        "coordinates": [
          [
            [
              17.5743838,
              68.5747152
            ],
            [
              17.5740918,
              68.5747599
            ],
            [
              17.5740392,
              68.5747141
            ],
            [
              17.5747851,
              68.5745998
            ],
            [
              17.5748402,
              68.5746478
            ],
            [
              17.5743862,
              68.5747173
            ],
            [
              17.5743838,
              68.5747152
            ]
          ]
        ]
      },
      "properties": {
        "epoch_id": "EPOCH-1b7cb9c2b0eb479f",
        "site_name": "Microsoft Narvik Norway",
        "distance_to_site_km": 0.8168,
        "footprint_area_m2_webmercator": 1402.32,
        "source_dataset": "Overture Maps buildings",
        "source_url": "https://docs.overturemaps.org/getting-data/",
        "source_release": "2026-09-23.1",
        "source_accessed_on": "2026-09-28",
        "geometry_role": "current building-footprint polygon",
        "linkage_semantics": "Overlap/proximity only; not evidence that the building hosts AI compute."
      }
    },
    {
      "type": "Feature",
      "id": "e7edbd9f-11f8-43a1-a2a6-dbce1a4f61d8",
      "geometry": {
        "type": "Polygon",
        "coordinates": [
          [
            [
              17.5727841,
              68.5747111
            ],
            [
              17.5727906,
              68.574677
            ],
            [
              17.5730575,
              68.5746838
            ],
            [
              17.5730474,
              68.5747364
            ],
            [
              17.5728232,
              68.5747307
            ],
            [
              17.5728268,
              68.5747122
            ],
            [
              17.5727841,
              68.5747111
            ]
          ]
        ]
      },
      "properties": {
        "epoch_id": "EPOCH-1b7cb9c2b0eb479f",
        "site_name": "Microsoft Narvik Norway",
        "distance_to_site_km": 0.8677,
        "footprint_area_m2_webmercator": 451.67,
        "source_dataset": "Overture Maps buildings",
        "source_url": "https://docs.overturemaps.org/getting-data/",
        "source_release": "2026-09-23.1",
        "source_accessed_on": "2026-09-28",
        "geometry_role": "current building-footprint polygon",
        "linkage_semantics": "Overlap/proximity only; not evidence that the building hosts AI compute."
      }
    },
    {
      "type": "Feature",
      "id": "acd63bb3-4f0d-4ba2-8232-d338e2140da6",
      "geometry": {
        "type": "Polygon",
        "coordinates": [
          [
            [
              17.5728433,
              68.5747821
            ],
            [
              17.5728992,
              68.5747803
            ],
            [
              17.5728969,
              68.574771
            ],
            [
              17.5730699,
              68.5747654
            ],
            [
              17.5730798,
              68.5748057
            ],
            [
              17.572851,
              68.5748132
            ],
            [
              17.5728433,
              68.5747821
            ]
          ]
        ]
      },
      "properties": {
        "epoch_id": "EPOCH-1b7cb9c2b0eb479f",
        "site_name": "Microsoft Narvik Norway",
        "distance_to_site_km": 0.8616,
        "footprint_area_m2_webmercator": 297.97,
        "source_dataset": "Overture Maps buildings",
        "source_url": "https://docs.overturemaps.org/getting-data/",
        "source_release": "2026-09-23.1",
        "source_accessed_on": "2026-09-28",
        "geometry_role": "current building-footprint polygon",
        "linkage_semantics": "Overlap/proximity only; not evidence that the building hosts AI compute."
      }
    },
    {
      "type": "Feature",
      "id": "b840c274-3c19-43f6-82a3-9be45dcc374a",
      "geometry": {
        "type": "Polygon",
        "coordinates": [
          [
            [
              17.572696,
              68.5748073
            ],
            [
              17.5728176,
              68.5747966
            ],
            [
              17.5728324,
              68.5748188
            ],
            [
              17.5727108,
              68.5748295
            ],
            [
              17.572696,
              68.5748073
            ]
          ]
        ]
      },
      "properties": {
        "epoch_id": "EPOCH-1b7cb9c2b0eb479f",
        "site_name": "Microsoft Narvik Norway",
        "distance_to_site_km": 0.8675,
        "footprint_area_m2_webmercator": 96.95,
        "source_dataset": "Overture Maps buildings",
        "source_url": "https://docs.overturemaps.org/getting-data/",
        "source_release": "2026-09-23.1",
        "source_accessed_on": "2026-09-28",
        "geometry_role": "current building-footprint polygon",
        "linkage_semantics": "Overlap/proximity only; not evidence that the building hosts AI compute."
      }
    },
    {
      "type": "Feature",
      "id": "831226a2-f549-4873-8779-fe9b81f5fe13",
      "geometry": {
        "type": "Polygon",
        "coordinates": [
          [
            [
              17.5754705,
              68.5751323
            ],
            [
              17.5754743,
              68.5751749
            ],
            [
              17.5754193,
              68.5751756
            ],
            [
              17.5754154,
              68.5751329
            ],
            [
              17.5754705,
              68.5751323
            ]
          ]
        ]
      },
      "properties": {
        "epoch_id": "EPOCH-1b7cb9c2b0eb479f",
        "site_name": "Microsoft Narvik Norway",
        "distance_to_site_km": 0.7544,
        "footprint_area_m2_webmercator": 79.74,
        "source_dataset": "Overture Maps buildings",
        "source_url": "https://docs.overturemaps.org/getting-data/",
        "source_release": "2026-09-23.1",
        "source_accessed_on": "2026-09-28",
        "geometry_role": "current building-footprint polygon",
        "linkage_semantics": "Overlap/proximity only; not evidence that the building hosts AI compute."
      }
    },
    {
      "type": "Feature",
      "id": "b4564eef-164a-45af-b112-a1d6583abbea",
      "geometry": {
        "type": "Polygon",
        "coordinates": [
          [
            [
              17.5783179,
              68.5753511
            ],
            [
              17.5783074,
              68.5753716
            ],
            [
              17.5783192,
              68.5753724
            ],
            [
              17.5783076,
              68.5753951
            ],
            [
              17.5782284,
              68.5753897
            ],
            [
              17.5782505,
              68.5753465
            ],
            [
              17.5783179,
              68.5753511
            ]
          ]
        ]
      },
      "properties": {
        "epoch_id": "EPOCH-1b7cb9c2b0eb479f",
        "site_name": "Microsoft Narvik Norway",
        "distance_to_site_km": 0.6446,
        "footprint_area_m2_webmercator": 111.61,
        "source_dataset": "Overture Maps buildings",
        "source_url": "https://docs.overturemaps.org/getting-data/",
        "source_release": "2026-09-23.1",
        "source_accessed_on": "2026-09-28",
        "geometry_role": "current building-footprint polygon",
        "linkage_semantics": "Overlap/proximity only; not evidence that the building hosts AI compute."
      }
    },
    {
      "type": "Feature",
      "id": "01eca556-e099-48b7-aee0-4dbc5801ab23",
      "geometry": {
        "type": "Polygon",
        "coordinates": [
          [
            [
              17.5783016,
              68.5754285
            ],
            [
              17.5782782,
              68.575427
            ],
            [
              17.578267,
              68.5754512
            ],
            [
              17.5782096,
              68.5754477
            ],
            [
              17.5782296,
              68.5754044
            ],
            [
              17.5783104,
              68.5754094
            ],
            [
              17.5783016,
              68.5754285
            ]
          ]
        ]
      },
      "properties": {
        "epoch_id": "EPOCH-1b7cb9c2b0eb479f",
        "site_name": "Microsoft Narvik Norway",
        "distance_to_site_km": 0.6418,
        "footprint_area_m2_webmercator": 102.25,
        "source_dataset": "Overture Maps buildings",
        "source_url": "https://docs.overturemaps.org/getting-data/",
        "source_release": "2026-09-23.1",
        "source_accessed_on": "2026-09-28",
        "geometry_role": "current building-footprint polygon",
        "linkage_semantics": "Overlap/proximity only; not evidence that the building hosts AI compute."
      }
    },
    {
      "type": "Feature",
      "id": "49be3ffd-c528-4e51-bbf6-ba78aba9507d",
      "geometry": {
        "type": "Polygon",
        "coordinates": [
          [
            [
              17.5778801,
              68.5755151
            ],
            [
              17.5779886,
              68.5755106
            ],
            [
              17.578011,
              68.5755821
            ],
            [
              17.5779024,
              68.5755866
            ],
            [
              17.5778801,
              68.5755151
            ]
          ]
        ]
      },
      "properties": {
        "epoch_id": "EPOCH-1b7cb9c2b0eb479f",
        "site_name": "Microsoft Narvik Norway",
        "distance_to_site_km": 0.6449,
        "footprint_area_m2_webmercator": 266.72,
        "source_dataset": "Overture Maps buildings",
        "source_url": "https://docs.overturemaps.org/getting-data/",
        "source_release": "2026-09-23.1",
        "source_accessed_on": "2026-09-28",
        "geometry_role": "current building-footprint polygon",
        "linkage_semantics": "Overlap/proximity only; not evidence that the building hosts AI compute."
      }
    },
    {
      "type": "Feature",
      "id": "3e03c03c-0667-4425-9188-650abce2e2bf",
      "geometry": {
        "type": "Polygon",
        "coordinates": [
          [
            [
              17.579482,
              68.5752159
            ],
            [
              17.5795059,
              68.5752151
            ],
            [
              17.5795139,
              68.5752452
            ],
            [
              17.5794835,
              68.5752463
            ],
            [
              17.5794891,
              68.5752676
            ],
            [
              17.5794611,
              68.5752686
            ],
            [
              17.5794418,
              68.5751958
            ],
            [
              17.5794764,
              68.5751946
            ],
            [
              17.579482,
              68.5752159
            ]
          ]
        ]
      },
      "properties": {
        "epoch_id": "EPOCH-1b7cb9c2b0eb479f",
        "site_name": "Microsoft Narvik Norway",
        "distance_to_site_km": 0.6148,
        "footprint_area_m2_webmercator": 106.02,
        "source_dataset": "Overture Maps buildings",
        "source_url": "https://docs.overturemaps.org/getting-data/",
        "source_release": "2026-09-23.1",
        "source_accessed_on": "2026-09-28",
        "geometry_role": "current building-footprint polygon",
        "linkage_semantics": "Overlap/proximity only; not evidence that the building hosts AI compute."
      }
    },
    {
      "type": "Feature",
      "id": "521cb937-5166-47fd-9c15-ef94b4fb2d9e",
      "geometry": {
        "type": "Polygon",
        "coordinates": [
          [
            [
              17.579009,
              68.5753211
            ],
            [
              17.5789098,
              68.5753208
            ],
            [
              17.5789105,
              68.5752914
            ],
            [
              17.5790097,
              68.5752917
            ],
            [
              17.579009,
              68.5753211
            ]
          ]
        ]
      },
      "properties": {
        "epoch_id": "EPOCH-1b7cb9c2b0eb479f",
        "site_name": "Microsoft Narvik Norway",
        "distance_to_site_km": 0.6262,
        "footprint_area_m2_webmercator": 98.95,
        "source_dataset": "Overture Maps buildings",
        "source_url": "https://docs.overturemaps.org/getting-data/",
        "source_release": "2026-09-23.1",
        "source_accessed_on": "2026-09-28",
        "geometry_role": "current building-footprint polygon",
        "linkage_semantics": "Overlap/proximity only; not evidence that the building hosts AI compute."
      }
    },
    {
      "type": "Feature",
      "id": "e4cb9623-1c49-4808-86e3-50378f53160a",
      "geometry": {
        "type": "Polygon",
        "coordinates": [
          [
            [
              17.5787493,
              68.5752898
            ],
            [
              17.5787374,
              68.5752465
            ],
            [
              17.5787973,
              68.5752443
            ],
            [
              17.5788092,
              68.5752875
            ],
            [
              17.5787493,
              68.5752898
            ]
          ]
        ]
      },
      "properties": {
        "epoch_id": "EPOCH-1b7cb9c2b0eb479f",
        "site_name": "Microsoft Narvik Norway",
        "distance_to_site_km": 0.6349,
        "footprint_area_m2_webmercator": 88.8,
        "source_dataset": "Overture Maps buildings",
        "source_url": "https://docs.overturemaps.org/getting-data/",
        "source_release": "2026-09-23.1",
        "source_accessed_on": "2026-09-28",
        "geometry_role": "current building-footprint polygon",
        "linkage_semantics": "Overlap/proximity only; not evidence that the building hosts AI compute."
      }
    },
    {
      "type": "Feature",
      "id": "5b11b8d1-f8e2-42a0-a46a-ea64046aa57e",
      "geometry": {
        "type": "Polygon",
        "coordinates": [
          [
            [
              17.5803955,
              68.5768332
            ],
            [
              17.5803915,
              68.5768988
            ],
            [
              17.5803432,
              68.5768984
            ],
            [
              17.5803473,
              68.5768328
            ],
            [
              17.5803955,
              68.5768332
            ]
          ]
        ]
      },
      "properties": {
        "epoch_id": "EPOCH-1b7cb9c2b0eb479f",
        "site_name": "Microsoft Narvik Norway",
        "distance_to_site_km": 0.4884,
        "footprint_area_m2_webmercator": 107.44,
        "source_dataset": "Overture Maps buildings",
        "source_url": "https://docs.overturemaps.org/getting-data/",
        "source_release": "2026-09-23.1",
        "source_accessed_on": "2026-09-28",
        "geometry_role": "current building-footprint polygon",
        "linkage_semantics": "Overlap/proximity only; not evidence that the building hosts AI compute."
      }
    },
    {
      "type": "Feature",
      "id": "8b25338d-3a89-45c7-ba85-19d120551b6c",
      "geometry": {
        "type": "Polygon",
        "coordinates": [
          [
            [
              17.5807377,
              68.5772333
            ],
            [
              17.5806967,
              68.5772527
            ],
            [
              17.5805481,
              68.5772108
            ],
            [
              17.5805891,
              68.5771914
            ],
            [
              17.5807377,
              68.5772333
            ]
          ]
        ]
      },
      "properties": {
        "epoch_id": "EPOCH-1b7cb9c2b0eb479f",
        "site_name": "Microsoft Narvik Norway",
        "distance_to_site_km": 0.4631,
        "footprint_area_m2_webmercator": 156.09,
        "source_dataset": "Overture Maps buildings",
        "source_url": "https://docs.overturemaps.org/getting-data/",
        "source_release": "2026-09-23.1",
        "source_accessed_on": "2026-09-28",
        "geometry_role": "current building-footprint polygon",
        "linkage_semantics": "Overlap/proximity only; not evidence that the building hosts AI compute."
      }
    },
    {
      "type": "Feature",
      "id": "f2a71efd-8fe9-494a-9849-c438bf1d5eda",
      "geometry": {
        "type": "Polygon",
        "coordinates": [
          [
            [
              17.5802987,
              68.5770291
            ],
            [
              17.580385,
              68.5770342
            ],
            [
              17.5804002,
              68.5769998
            ],
            [
              17.5806668,
              68.5770155
            ],
            [
              17.5806462,
              68.5770623
            ],
            [
              17.5805259,
              68.5770552
            ],
            [
              17.5805318,
              68.5770419
            ],
            [
              17.5803933,
              68.5770337
            ],
            [
              17.5803829,
              68.5770572
            ],
            [
              17.5802888,
              68.5770516
            ],
            [
              17.5802987,
              68.5770291
            ]
          ]
        ]
      },
      "properties": {
        "epoch_id": "EPOCH-1b7cb9c2b0eb479f",
        "site_name": "Microsoft Narvik Norway",
        "distance_to_site_km": 0.4761,
        "footprint_area_m2_webmercator": 440.41,
        "source_dataset": "Overture Maps buildings",
        "source_url": "https://docs.overturemaps.org/getting-data/",
        "source_release": "2026-09-23.1",
        "source_accessed_on": "2026-09-28",
        "geometry_role": "current building-footprint polygon",
        "linkage_semantics": "Overlap/proximity only; not evidence that the building hosts AI compute."
      }
    },
    {
      "type": "Feature",
      "id": "e8a00c68-3049-423e-9bb1-b8326ff226fb",
      "geometry": {
        "type": "Polygon",
        "coordinates": [
          [
            [
              17.5812299,
              68.5768437
            ],
            [
              17.5811838,
              68.5768894
            ],
            [
              17.5810382,
              68.5768699
            ],
            [
              17.5810843,
              68.5768241
            ],
            [
              17.5812299,
              68.5768437
            ]
          ]
        ]
      },
      "properties": {
        "epoch_id": "EPOCH-1b7cb9c2b0eb479f",
        "site_name": "Microsoft Narvik Norway",
        "distance_to_site_km": 0.4606,
        "footprint_area_m2_webmercator": 256.57,
        "source_dataset": "Overture Maps buildings",
        "source_url": "https://docs.overturemaps.org/getting-data/",
        "source_release": "2026-09-23.1",
        "source_accessed_on": "2026-09-28",
        "geometry_role": "current building-footprint polygon",
        "linkage_semantics": "Overlap/proximity only; not evidence that the building hosts AI compute."
      }
    },
    {
      "type": "Feature",
      "id": "94cff0fc-6f83-449b-9083-878fa8692ee8",
      "geometry": {
        "type": "Polygon",
        "coordinates": [
          [
            [
              17.5814462,
              68.577016
            ],
            [
              17.5814491,
              68.5769925
            ],
            [
              17.5816044,
              68.5769951
            ],
            [
              17.5816015,
              68.5770186
            ],
            [
              17.5814462,
              68.577016
            ]
          ]
        ]
      },
      "properties": {
        "epoch_id": "EPOCH-1b7cb9c2b0eb479f",
        "site_name": "Microsoft Narvik Norway",
        "distance_to_site_km": 0.4392,
        "footprint_area_m2_webmercator": 124.08,
        "source_dataset": "Overture Maps buildings",
        "source_url": "https://docs.overturemaps.org/getting-data/",
        "source_release": "2026-09-23.1",
        "source_accessed_on": "2026-09-28",
        "geometry_role": "current building-footprint polygon",
        "linkage_semantics": "Overlap/proximity only; not evidence that the building hosts AI compute."
      }
    },
    {
      "type": "Feature",
      "id": "98ae027a-0602-420e-9f2f-1a312810c29b",
      "geometry": {
        "type": "Polygon",
        "coordinates": [
          [
            [
              17.5816399,
              68.5768915
            ],
            [
              17.5815228,
              68.5768804
            ],
            [
              17.5815414,
              68.5768543
            ],
            [
              17.5816585,
              68.5768654
            ],
            [
              17.5816399,
              68.5768915
            ]
          ]
        ]
      },
      "properties": {
        "epoch_id": "EPOCH-1b7cb9c2b0eb479f",
        "site_name": "Microsoft Narvik Norway",
        "distance_to_site_km": 0.4432,
        "footprint_area_m2_webmercator": 110.7,
        "source_dataset": "Overture Maps buildings",
        "source_url": "https://docs.overturemaps.org/getting-data/",
        "source_release": "2026-09-23.1",
        "source_accessed_on": "2026-09-28",
        "geometry_role": "current building-footprint polygon",
        "linkage_semantics": "Overlap/proximity only; not evidence that the building hosts AI compute."
      }
    },
    {
      "type": "Feature",
      "id": "50cabced-a3b4-425e-b9c1-36b475a04839",
      "geometry": {
        "type": "Polygon",
        "coordinates": [
          [
            [
              17.5813679,
              68.5766437
            ],
            [
              17.5813622,
              68.5766565
            ],
            [
              17.5816993,
              68.5766765
            ],
            [
              17.5816883,
              68.5767013
            ],
            [
              17.5811578,
              68.5766699
            ],
            [
              17.5811745,
              68.5766322
            ],
            [
              17.5813679,
              68.5766437
            ]
          ]
        ]
      },
      "properties": {
        "epoch_id": "EPOCH-1b7cb9c2b0eb479f",
        "site_name": "Microsoft Narvik Norway",
        "distance_to_site_km": 0.4605,
        "footprint_area_m2_webmercator": 545.04,
        "source_dataset": "Overture Maps buildings",
        "source_url": "https://docs.overturemaps.org/getting-data/",
        "source_release": "2026-09-23.1",
        "source_accessed_on": "2026-09-28",
        "geometry_role": "current building-footprint polygon",
        "linkage_semantics": "Overlap/proximity only; not evidence that the building hosts AI compute."
      }
    },
    {
      "type": "Feature",
      "id": "57bf5342-49b2-4064-b139-017412ce2144",
      "geometry": {
        "type": "Polygon",
        "coordinates": [
          [
            [
              17.5803078,
              68.5729458
            ],
            [
              17.5804371,
              68.5730321
            ],
            [
              17.5803592,
              68.5730477
            ],
            [
              17.5802299,
              68.5729614
            ],
            [
              17.5803078,
              68.5729458
            ]
          ]
        ]
      },
      "properties": {
        "epoch_id": "EPOCH-1b7cb9c2b0eb479f",
        "site_name": "Microsoft Narvik Norway",
        "distance_to_site_km": 0.7725,
        "footprint_area_m2_webmercator": 296.47,
        "source_dataset": "Overture Maps buildings",
        "source_url": "https://docs.overturemaps.org/getting-data/",
        "source_release": "2026-09-23.1",
        "source_accessed_on": "2026-09-28",
        "geometry_role": "current building-footprint polygon",
        "linkage_semantics": "Overlap/proximity only; not evidence that the building hosts AI compute."
      }
    },
    {
      "type": "Feature",
      "id": "6da9b548-9bad-49ec-9e0f-18a361c005ec",
      "geometry": {
        "type": "Polygon",
        "coordinates": [
          [
            [
              17.5787977,
              68.5730008
            ],
            [
              17.5787401,
              68.5730141
            ],
            [
              17.5785731,
              68.5729173
            ],
            [
              17.5786307,
              68.5729041
            ],
            [
              17.5787977,
              68.5730008
            ]
          ]
        ]
      },
      "properties": {
        "epoch_id": "EPOCH-1b7cb9c2b0eb479f",
        "site_name": "Microsoft Narvik Norway",
        "distance_to_site_km": 0.8163,
        "footprint_area_m2_webmercator": 264.1,
        "source_dataset": "Overture Maps buildings",
        "source_url": "https://docs.overturemaps.org/getting-data/",
        "source_release": "2026-09-23.1",
        "source_accessed_on": "2026-09-28",
        "geometry_role": "current building-footprint polygon",
        "linkage_semantics": "Overlap/proximity only; not evidence that the building hosts AI compute."
      }
    },
    {
      "type": "Feature",
      "id": "5ba75edc-4360-4aae-a34b-e6504dfd3968",
      "geometry": {
        "type": "Polygon",
        "coordinates": [
          [
            [
              17.57975,
              68.5728203
            ],
            [
              17.5796446,
              68.5728488
            ],
            [
              17.5795076,
              68.5727813
            ],
            [
              17.579613,
              68.5727528
            ],
            [
              17.57975,
              68.5728203
            ]
          ]
        ]
      },
      "properties": {
        "epoch_id": "EPOCH-1b7cb9c2b0eb479f",
        "site_name": "Microsoft Narvik Norway",
        "distance_to_site_km": 0.8069,
        "footprint_area_m2_webmercator": 373.78,
        "source_dataset": "Overture Maps buildings",
        "source_url": "https://docs.overturemaps.org/getting-data/",
        "source_release": "2026-09-23.1",
        "source_accessed_on": "2026-09-28",
        "geometry_role": "current building-footprint polygon",
        "linkage_semantics": "Overlap/proximity only; not evidence that the building hosts AI compute."
      }
    },
    {
      "type": "Feature",
      "id": "741b9a75-3395-410a-ac6c-3533016d7234",
      "geometry": {
        "type": "Polygon",
        "coordinates": [
          [
            [
              17.5795134,
              68.5728908
            ],
            [
              17.5794766,
              68.5728727
            ],
            [
              17.579469,
              68.5728747
            ],
            [
              17.5793807,
              68.5728311
            ],
            [
              17.5794246,
              68.5728192
            ],
            [
              17.5794044,
              68.5728093
            ],
            [
              17.5795076,
              68.5727813
            ],
            [
              17.5796446,
              68.5728488
            ],
            [
              17.5795583,
              68.5728722
            ],
            [
              17.5795668,
              68.5728764
            ],
            [
              17.5795134,
              68.5728908
            ]
          ]
        ]
      },
      "properties": {
        "epoch_id": "EPOCH-1b7cb9c2b0eb479f",
        "site_name": "Microsoft Narvik Norway",
        "distance_to_site_km": 0.8066,
        "footprint_area_m2_webmercator": 505.44,
        "source_dataset": "Overture Maps buildings",
        "source_url": "https://docs.overturemaps.org/getting-data/",
        "source_release": "2026-09-23.1",
        "source_accessed_on": "2026-09-28",
        "geometry_role": "current building-footprint polygon",
        "linkage_semantics": "Overlap/proximity only; not evidence that the building hosts AI compute."
      }
    },
    {
      "type": "Feature",
      "id": "112acb9a-9da5-4fc9-9e02-10bd8f16f655",
      "geometry": {
        "type": "Polygon",
        "coordinates": [
          [
            [
              17.57975,
              68.5728203
            ],
            [
              17.579613,
              68.5727528
            ],
            [
              17.5797278,
              68.5727217
            ],
            [
              17.5798648,
              68.5727892
            ],
            [
              17.57975,
              68.5728203
            ]
          ]
        ]
      },
      "properties": {
        "epoch_id": "EPOCH-1b7cb9c2b0eb479f",
        "site_name": "Microsoft Narvik Norway",
        "distance_to_site_km": 0.8069,
        "footprint_area_m2_webmercator": 407.38,
        "source_dataset": "Overture Maps buildings",
        "source_url": "https://docs.overturemaps.org/getting-data/",
        "source_release": "2026-09-23.1",
        "source_accessed_on": "2026-09-28",
        "geometry_role": "current building-footprint polygon",
        "linkage_semantics": "Overlap/proximity only; not evidence that the building hosts AI compute."
      }
    },
    {
      "type": "Feature",
      "id": "bb3dbaf3-ddce-4ce6-8afd-2153d237c25f",
      "geometry": {
        "type": "Polygon",
        "coordinates": [
          [
            [
              17.5799631,
              68.5727626
            ],
            [
              17.5798648,
              68.5727892
            ],
            [
              17.5797278,
              68.5727217
            ],
            [
              17.5798266,
              68.5726949
            ],
            [
              17.5799266,
              68.5727442
            ],
            [
              17.579971,
              68.5727322
            ],
            [
              17.5800219,
              68.5727573
            ],
            [
              17.579977,
              68.5727695
            ],
            [
              17.5799631,
              68.5727626
            ]
          ]
        ]
      },
      "properties": {
        "epoch_id": "EPOCH-1b7cb9c2b0eb479f",
        "site_name": "Microsoft Narvik Norway",
        "distance_to_site_km": 0.8065,
        "footprint_area_m2_webmercator": 409.55,
        "source_dataset": "Overture Maps buildings",
        "source_url": "https://docs.overturemaps.org/getting-data/",
        "source_release": "2026-09-23.1",
        "source_accessed_on": "2026-09-28",
        "geometry_role": "current building-footprint polygon",
        "linkage_semantics": "Overlap/proximity only; not evidence that the building hosts AI compute."
      }
    },
    {
      "type": "Feature",
      "id": "0ecde87e-f8c2-4290-99ea-df37f7c6c385",
      "geometry": {
        "type": "Polygon",
        "coordinates": [
          [
            [
              17.5774206,
              68.5663845
            ],
            [
              17.5774836,
              68.5663849
            ],
            [
              17.5774816,
              68.5664271
            ],
            [
              17.5774186,
              68.5664267
            ],
            [
              17.5774206,
              68.5663845
            ]
          ]
        ]
      },
      "properties": {
        "epoch_id": "EPOCH-1b7cb9c2b0eb479f",
        "site_name": "Microsoft Narvik Norway",
        "distance_to_site_km": 1.475,
        "footprint_area_m2_webmercator": 90.18,
        "source_dataset": "Overture Maps buildings",
        "source_url": "https://docs.overturemaps.org/getting-data/",
        "source_release": "2026-09-23.1",
        "source_accessed_on": "2026-09-28",
        "geometry_role": "current building-footprint polygon",
        "linkage_semantics": "Overlap/proximity only; not evidence that the building hosts AI compute."
      }
    },
    {
      "type": "Feature",
      "id": "a60f5988-3697-4699-8a95-e7c6b77ab61f",
      "geometry": {
        "type": "Polygon",
        "coordinates": [
          [
            [
              17.576217,
              68.5660582
            ],
            [
              17.5762017,
              68.5660578
            ],
            [
              17.5761883,
              68.5661265
            ],
            [
              17.5759593,
              68.5661205
            ],
            [
              17.5759737,
              68.5660463
            ],
            [
              17.5759871,
              68.5660467
            ],
            [
              17.5759989,
              68.565986
            ],
            [
              17.5762299,
              68.565992
            ],
            [
              17.576217,
              68.5660582
            ]
          ]
        ]
      },
      "properties": {
        "epoch_id": "EPOCH-1b7cb9c2b0eb479f",
        "site_name": "Microsoft Narvik Norway",
        "distance_to_site_km": 1.5324,
        "footprint_area_m2_webmercator": 1059.77,
        "source_dataset": "Overture Maps buildings",
        "source_url": "https://docs.overturemaps.org/getting-data/",
        "source_release": "2026-09-23.1",
        "source_accessed_on": "2026-09-28",
        "geometry_role": "current building-footprint polygon",
        "linkage_semantics": "Overlap/proximity only; not evidence that the building hosts AI compute."
      }
    },
    {
      "type": "Feature",
      "id": "6b465afb-1b8a-410e-93e0-53826d40204f",
      "geometry": {
        "type": "Polygon",
        "coordinates": [
          [
            [
              17.5763205,
              68.5659557
            ],
            [
              17.5762189,
              68.5659533
            ],
            [
              17.576228,
              68.5659008
            ],
            [
              17.5763296,
              68.5659032
            ],
            [
              17.5763205,
              68.5659557
            ]
          ]
        ]
      },
      "properties": {
        "epoch_id": "EPOCH-1b7cb9c2b0eb479f",
        "site_name": "Microsoft Narvik Norway",
        "distance_to_site_km": 1.5425,
        "footprint_area_m2_webmercator": 181.62,
        "source_dataset": "Overture Maps buildings",
        "source_url": "https://docs.overturemaps.org/getting-data/",
        "source_release": "2026-09-23.1",
        "source_accessed_on": "2026-09-28",
        "geometry_role": "current building-footprint polygon",
        "linkage_semantics": "Overlap/proximity only; not evidence that the building hosts AI compute."
      }
    },
    {
      "type": "Feature",
      "id": "8dc2e3e7-f552-4eb2-a03c-c30f8d0c0e59",
      "geometry": {
        "type": "Polygon",
        "coordinates": [
          [
            [
              17.576408,
              68.5650797
            ],
            [
              17.576411,
              68.5651622
            ],
            [
              17.576289,
              68.5651628
            ],
            [
              17.576286,
              68.5650803
            ],
            [
              17.576408,
              68.5650797
            ]
          ]
        ]
      },
      "properties": {
        "epoch_id": "EPOCH-1b7cb9c2b0eb479f",
        "site_name": "Microsoft Narvik Norway",
        "distance_to_site_km": 1.6241,
        "footprint_area_m2_webmercator": 341.36,
        "source_dataset": "Overture Maps buildings",
        "source_url": "https://docs.overturemaps.org/getting-data/",
        "source_release": "2026-09-23.1",
        "source_accessed_on": "2026-09-28",
        "geometry_role": "current building-footprint polygon",
        "linkage_semantics": "Overlap/proximity only; not evidence that the building hosts AI compute."
      }
    },
    {
      "type": "Feature",
      "id": "79cc1f77-c16a-4db7-a2e4-8d0c1f086298",
      "geometry": {
        "type": "Polygon",
        "coordinates": [
          [
            [
              17.5762284,
              68.565201
            ],
            [
              17.5762556,
              68.565269
            ],
            [
              17.5762369,
              68.56527
            ],
            [
              17.5762387,
              68.5652746
            ],
            [
              17.5760165,
              68.5652865
            ],
            [
              17.5759717,
              68.5651744
            ],
            [
              17.5761742,
              68.5651636
            ],
            [
              17.57619,
              68.565203
            ],
            [
              17.5762284,
              68.565201
            ]
          ]
        ]
      },
      "properties": {
        "epoch_id": "EPOCH-1b7cb9c2b0eb479f",
        "site_name": "Microsoft Narvik Norway",
        "distance_to_site_km": 1.617,
        "footprint_area_m2_webmercator": 879.77,
        "source_dataset": "Overture Maps buildings",
        "source_url": "https://docs.overturemaps.org/getting-data/",
        "source_release": "2026-09-23.1",
        "source_accessed_on": "2026-09-28",
        "geometry_role": "current building-footprint polygon",
        "linkage_semantics": "Overlap/proximity only; not evidence that the building hosts AI compute."
      }
    },
    {
      "type": "Feature",
      "id": "30bb1e8c-6ad4-4662-b0c8-c358d92e6984",
      "geometry": {
        "type": "Polygon",
        "coordinates": [
          [
            [
              17.5759896,
              68.5648774
            ],
            [
              17.5759783,
              68.56484
            ],
            [
              17.5760429,
              68.5648374
            ],
            [
              17.5760543,
              68.5648748
            ],
            [
              17.5759896,
              68.5648774
            ]
          ]
        ]
      },
      "properties": {
        "epoch_id": "EPOCH-1b7cb9c2b0eb479f",
        "site_name": "Microsoft Narvik Norway",
        "distance_to_site_km": 1.6564,
        "footprint_area_m2_webmercator": 82.99,
        "source_dataset": "Overture Maps buildings",
        "source_url": "https://docs.overturemaps.org/getting-data/",
        "source_release": "2026-09-23.1",
        "source_accessed_on": "2026-09-28",
        "geometry_role": "current building-footprint polygon",
        "linkage_semantics": "Overlap/proximity only; not evidence that the building hosts AI compute."
      }
    },
    {
      "type": "Feature",
      "id": "9fe31f08-2202-4b9d-b72a-9554632c81e4",
      "geometry": {
        "type": "Polygon",
        "coordinates": [
          [
            [
              17.5759914,
              68.564886
            ],
            [
              17.5758678,
              68.5649066
            ],
            [
              17.5758314,
              68.5648773
            ],
            [
              17.575955,
              68.5648568
            ],
            [
              17.5759914,
              68.564886
            ]
          ]
        ]
      },
      "properties": {
        "epoch_id": "EPOCH-1b7cb9c2b0eb479f",
        "site_name": "Microsoft Narvik Norway",
        "distance_to_site_km": 1.6555,
        "footprint_area_m2_webmercator": 147.96,
        "source_dataset": "Overture Maps buildings",
        "source_url": "https://docs.overturemaps.org/getting-data/",
        "source_release": "2026-09-23.1",
        "source_accessed_on": "2026-09-28",
        "geometry_role": "current building-footprint polygon",
        "linkage_semantics": "Overlap/proximity only; not evidence that the building hosts AI compute."
      }
    },
    {
      "type": "Feature",
      "id": "728da5f1-af7d-404d-81f6-6feabb229606",
      "geometry": {
        "type": "Polygon",
        "coordinates": [
          [
            [
              17.5759721,
              68.5649109
            ],
            [
              17.576024,
              68.5649047
            ],
            [
              17.5760601,
              68.5649456
            ],
            [
              17.5759872,
              68.5649542
            ],
            [
              17.5759955,
              68.5649636
            ],
            [
              17.5757807,
              68.5649889
            ],
            [
              17.5757321,
              68.5649338
            ],
            [
              17.5759678,
              68.5649061
            ],
            [
              17.5759721,
              68.5649109
            ]
          ]
        ]
      },
      "properties": {
        "epoch_id": "EPOCH-1b7cb9c2b0eb479f",
        "site_name": "Microsoft Narvik Norway",
        "distance_to_site_km": 1.6493,
        "footprint_area_m2_webmercator": 558.06,
        "source_dataset": "Overture Maps buildings",
        "source_url": "https://docs.overturemaps.org/getting-data/",
        "source_release": "2026-09-23.1",
        "source_accessed_on": "2026-09-28",
        "geometry_role": "current building-footprint polygon",
        "linkage_semantics": "Overlap/proximity only; not evidence that the building hosts AI compute."
      }
    },
    {
      "type": "Feature",
      "id": "0f47197c-0d43-4f15-b18b-054967f8cad4",
      "geometry": {
        "type": "Polygon",
        "coordinates": [
          [
            [
              17.5754344,
              68.564971
            ],
            [
              17.5754196,
              68.565016
            ],
            [
              17.5752386,
              68.565008
            ],
            [
              17.5752534,
              68.564963
            ],
            [
              17.5754344,
              68.564971
            ]
          ]
        ]
      },
      "properties": {
        "epoch_id": "EPOCH-1b7cb9c2b0eb479f",
        "site_name": "Microsoft Narvik Norway",
        "distance_to_site_km": 1.6534,
        "footprint_area_m2_webmercator": 280.21,
        "source_dataset": "Overture Maps buildings",
        "source_url": "https://docs.overturemaps.org/getting-data/",
        "source_release": "2026-09-23.1",
        "source_accessed_on": "2026-09-28",
        "geometry_role": "current building-footprint polygon",
        "linkage_semantics": "Overlap/proximity only; not evidence that the building hosts AI compute."
      }
    },
    {
      "type": "Feature",
      "id": "fae89f77-dd71-486b-ab52-ff4640ce2258",
      "geometry": {
        "type": "Polygon",
        "coordinates": [
          [
            [
              17.5755894,
              68.5652389
            ],
            [
              17.5755197,
              68.5652395
            ],
            [
              17.5755173,
              68.5652022
            ],
            [
              17.575587,
              68.5652016
            ],
            [
              17.5755894,
              68.5652389
            ]
          ]
        ]
      },
      "properties": {
        "epoch_id": "EPOCH-1b7cb9c2b0eb479f",
        "site_name": "Microsoft Narvik Norway",
        "distance_to_site_km": 1.6264,
        "footprint_area_m2_webmercator": 88.21,
        "source_dataset": "Overture Maps buildings",
        "source_url": "https://docs.overturemaps.org/getting-data/",
        "source_release": "2026-09-23.1",
        "source_accessed_on": "2026-09-28",
        "geometry_role": "current building-footprint polygon",
        "linkage_semantics": "Overlap/proximity only; not evidence that the building hosts AI compute."
      }
    },
    {
      "type": "Feature",
      "id": "b5cd25da-1187-4130-84cd-14645afbbf8a",
      "geometry": {
        "type": "Polygon",
        "coordinates": [
          [
            [
              17.5756236,
              68.5655481
            ],
            [
              17.5756876,
              68.5656231
            ],
            [
              17.5755489,
              68.5656389
            ],
            [
              17.5754849,
              68.5655639
            ],
            [
              17.5756236,
              68.5655481
            ]
          ]
        ]
      },
      "properties": {
        "epoch_id": "EPOCH-1b7cb9c2b0eb479f",
        "site_name": "Microsoft Narvik Norway",
        "distance_to_site_km": 1.5878,
        "footprint_area_m2_webmercator": 387.04,
        "source_dataset": "Overture Maps buildings",
        "source_url": "https://docs.overturemaps.org/getting-data/",
        "source_release": "2026-09-23.1",
        "source_accessed_on": "2026-09-28",
        "geometry_role": "current building-footprint polygon",
        "linkage_semantics": "Overlap/proximity only; not evidence that the building hosts AI compute."
      }
    },
    {
      "type": "Feature",
      "id": "6962a209-0573-431c-bc7a-3749395d898c",
      "geometry": {
        "type": "Polygon",
        "coordinates": [
          [
            [
              17.5758811,
              68.5656935
            ],
            [
              17.5758241,
              68.5657023
            ],
            [
              17.5758639,
              68.5657366
            ],
            [
              17.5757355,
              68.5657565
            ],
            [
              17.575644,
              68.565678
            ],
            [
              17.5757716,
              68.5656581
            ],
            [
              17.575793,
              68.5656765
            ],
            [
              17.5758509,
              68.5656675
            ],
            [
              17.5758811,
              68.5656935
            ]
          ]
        ]
      },
      "properties": {
        "epoch_id": "EPOCH-1b7cb9c2b0eb479f",
        "site_name": "Microsoft Narvik Norway",
        "distance_to_site_km": 1.5736,
        "footprint_area_m2_webmercator": 462.82,
        "source_dataset": "Overture Maps buildings",
        "source_url": "https://docs.overturemaps.org/getting-data/",
        "source_release": "2026-09-23.1",
        "source_accessed_on": "2026-09-28",
        "geometry_role": "current building-footprint polygon",
        "linkage_semantics": "Overlap/proximity only; not evidence that the building hosts AI compute."
      }
    },
    {
      "type": "Feature",
      "id": "871a2280-e348-4fe7-ad86-8f089006dfdf",
      "geometry": {
        "type": "Polygon",
        "coordinates": [
          [
            [
              17.5759003,
              68.566185
            ],
            [
              17.5758807,
              68.566262
            ],
            [
              17.5757047,
              68.566256
            ],
            [
              17.5757243,
              68.566179
            ],
            [
              17.5759003,
              68.566185
            ]
          ]
        ]
      },
      "properties": {
        "epoch_id": "EPOCH-1b7cb9c2b0eb479f",
        "site_name": "Microsoft Narvik Norway",
        "distance_to_site_km": 1.5206,
        "footprint_area_m2_webmercator": 463.55,
        "source_dataset": "Overture Maps buildings",
        "source_url": "https://docs.overturemaps.org/getting-data/",
        "source_release": "2026-09-23.1",
        "source_accessed_on": "2026-09-28",
        "geometry_role": "current building-footprint polygon",
        "linkage_semantics": "Overlap/proximity only; not evidence that the building hosts AI compute."
      }
    },
    {
      "type": "Feature",
      "id": "45eb3d87-c9c5-4210-b0ae-c3ddf2bde2ae",
      "geometry": {
        "type": "Polygon",
        "coordinates": [
          [
            [
              17.5758447,
              68.56675
            ],
            [
              17.5758473,
              68.566681
            ],
            [
              17.5760473,
              68.566682
            ],
            [
              17.5760447,
              68.566751
            ],
            [
              17.5758447,
              68.56675
            ]
          ]
        ]
      },
      "properties": {
        "epoch_id": "EPOCH-1b7cb9c2b0eb479f",
        "site_name": "Microsoft Narvik Norway",
        "distance_to_site_km": 1.4681,
        "footprint_area_m2_webmercator": 468.07,
        "source_dataset": "Overture Maps buildings",
        "source_url": "https://docs.overturemaps.org/getting-data/",
        "source_release": "2026-09-23.1",
        "source_accessed_on": "2026-09-28",
        "geometry_role": "current building-footprint polygon",
        "linkage_semantics": "Overlap/proximity only; not evidence that the building hosts AI compute."
      }
    },
    {
      "type": "Feature",
      "id": "2fdc19e3-859e-4609-9832-98a588abc748",
      "geometry": {
        "type": "Polygon",
        "coordinates": [
          [
            [
              17.5759323,
              68.566645
            ],
            [
              17.5757447,
              68.5666431
            ],
            [
              17.5757466,
              68.5666167
            ],
            [
              17.5759342,
              68.5666185
            ],
            [
              17.5759323,
              68.566645
            ]
          ]
        ]
      },
      "properties": {
        "epoch_id": "EPOCH-1b7cb9c2b0eb479f",
        "site_name": "Microsoft Narvik Norway",
        "distance_to_site_km": 1.4785,
        "footprint_area_m2_webmercator": 168.39,
        "source_dataset": "Overture Maps buildings",
        "source_url": "https://docs.overturemaps.org/getting-data/",
        "source_release": "2026-09-23.1",
        "source_accessed_on": "2026-09-28",
        "geometry_role": "current building-footprint polygon",
        "linkage_semantics": "Overlap/proximity only; not evidence that the building hosts AI compute."
      }
    },
    {
      "type": "Feature",
      "id": "568ed63f-b984-4c33-9a67-1765a99471ee",
      "geometry": {
        "type": "Polygon",
        "coordinates": [
          [
            [
              17.5763994,
              68.566573
            ],
            [
              17.5763926,
              68.566682
            ],
            [
              17.5761566,
              68.56668
            ],
            [
              17.5761634,
              68.566571
            ],
            [
              17.5763994,
              68.566573
            ]
          ]
        ]
      },
      "properties": {
        "epoch_id": "EPOCH-1b7cb9c2b0eb479f",
        "site_name": "Microsoft Narvik Norway",
        "distance_to_site_km": 1.4715,
        "footprint_area_m2_webmercator": 872.81,
        "source_dataset": "Overture Maps buildings",
        "source_url": "https://docs.overturemaps.org/getting-data/",
        "source_release": "2026-09-23.1",
        "source_accessed_on": "2026-09-28",
        "geometry_role": "current building-footprint polygon",
        "linkage_semantics": "Overlap/proximity only; not evidence that the building hosts AI compute."
      }
    },
    {
      "type": "Feature",
      "id": "39ebac6a-b7df-4696-8139-0b16b29f3633",
      "geometry": {
        "type": "Polygon",
        "coordinates": [
          [
            [
              17.5764498,
              68.5670514
            ],
            [
              17.5765462,
              68.5670499
            ],
            [
              17.5765494,
              68.5670773
            ],
            [
              17.576453,
              68.5670788
            ],
            [
              17.5764498,
              68.5670514
            ]
          ]
        ]
      },
      "properties": {
        "epoch_id": "EPOCH-1b7cb9c2b0eb479f",
        "site_name": "Microsoft Narvik Norway",
        "distance_to_site_km": 1.4235,
        "footprint_area_m2_webmercator": 89.74,
        "source_dataset": "Overture Maps buildings",
        "source_url": "https://docs.overturemaps.org/getting-data/",
        "source_release": "2026-09-23.1",
        "source_accessed_on": "2026-09-28",
        "geometry_role": "current building-footprint polygon",
        "linkage_semantics": "Overlap/proximity only; not evidence that the building hosts AI compute."
      }
    },
    {
      "type": "Feature",
      "id": "117f4042-a6a7-4646-b3e4-a3568780fa40",
      "geometry": {
        "type": "Polygon",
        "coordinates": [
          [
            [
              17.5766648,
              68.5677119
            ],
            [
              17.5766703,
              68.5676989
            ],
            [
              17.5766015,
              68.567695
            ],
            [
              17.5766444,
              68.567594
            ],
            [
              17.5768909,
              68.567608
            ],
            [
              17.5768481,
              68.567709
            ],
            [
              17.5767782,
              68.567705
            ],
            [
              17.5767727,
              68.567718
            ],
            [
              17.5766648,
              68.5677119
            ]
          ]
        ]
      },
      "properties": {
        "epoch_id": "EPOCH-1b7cb9c2b0eb479f",
        "site_name": "Microsoft Narvik Norway",
        "distance_to_site_km": 1.36,
        "footprint_area_m2_webmercator": 913.44,
        "source_dataset": "Overture Maps buildings",
        "source_url": "https://docs.overturemaps.org/getting-data/",
        "source_release": "2026-09-23.1",
        "source_accessed_on": "2026-09-28",
        "geometry_role": "current building-footprint polygon",
        "linkage_semantics": "Overlap/proximity only; not evidence that the building hosts AI compute."
      }
    },
    {
      "type": "Feature",
      "id": "0b890f57-d0ef-4e26-9551-e412b4dea87f",
      "geometry": {
        "type": "Polygon",
        "coordinates": [
          [
            [
              17.5768048,
              68.567911
            ],
            [
              17.5766238,
              68.567899
            ],
            [
              17.5766482,
              68.56785
            ],
            [
              17.5768292,
              68.567862
            ],
            [
              17.5768048,
              68.567911
            ]
          ]
        ]
      },
      "properties": {
        "epoch_id": "EPOCH-1b7cb9c2b0eb479f",
        "site_name": "Microsoft Narvik Norway",
        "distance_to_site_km": 1.3377,
        "footprint_area_m2_webmercator": 310.71,
        "source_dataset": "Overture Maps buildings",
        "source_url": "https://docs.overturemaps.org/getting-data/",
        "source_release": "2026-09-23.1",
        "source_accessed_on": "2026-09-28",
        "geometry_role": "current building-footprint polygon",
        "linkage_semantics": "Overlap/proximity only; not evidence that the building hosts AI compute."
      }
    },
    {
      "type": "Feature",
      "id": "321ba1d7-fc5c-447f-8f38-03d94d1d0230",
      "geometry": {
        "type": "Polygon",
        "coordinates": [
          [
            [
              17.5757361,
              68.56786
            ],
            [
              17.5757709,
              68.567887
            ],
            [
              17.5757009,
              68.567899
            ],
            [
              17.5756661,
              68.567872
            ],
            [
              17.5757361,
              68.56786
            ]
          ]
        ]
      },
      "properties": {
        "epoch_id": "EPOCH-1b7cb9c2b0eb479f",
        "site_name": "Microsoft Narvik Norway",
        "distance_to_site_km": 1.3565,
        "footprint_area_m2_webmercator": 78.26,
        "source_dataset": "Overture Maps buildings",
        "source_url": "https://docs.overturemaps.org/getting-data/",
        "source_release": "2026-09-23.1",
        "source_accessed_on": "2026-09-28",
        "geometry_role": "current building-footprint polygon",
        "linkage_semantics": "Overlap/proximity only; not evidence that the building hosts AI compute."
      }
    },
    {
      "type": "Feature",
      "id": "568d9bf9-5c4b-4550-bf7b-093635966a16",
      "geometry": {
        "type": "Polygon",
        "coordinates": [
          [
            [
              17.5753524,
              68.5684274
            ],
            [
              17.5754067,
              68.5684235
            ],
            [
              17.5754307,
              68.5684689
            ],
            [
              17.5753764,
              68.5684727
            ],
            [
              17.5753524,
              68.5684274
            ]
          ]
        ]
      },
      "properties": {
        "epoch_id": "EPOCH-1b7cb9c2b0eb479f",
        "site_name": "Microsoft Narvik Norway",
        "distance_to_site_km": 1.3075,
        "footprint_area_m2_webmercator": 86.65,
        "source_dataset": "Overture Maps buildings",
        "source_url": "https://docs.overturemaps.org/getting-data/",
        "source_release": "2026-09-23.1",
        "source_accessed_on": "2026-09-28",
        "geometry_role": "current building-footprint polygon",
        "linkage_semantics": "Overlap/proximity only; not evidence that the building hosts AI compute."
      }
    },
    {
      "type": "Feature",
      "id": "db77b8c0-c41d-49d3-82f8-f4558fa6b09f",
      "geometry": {
        "type": "Polygon",
        "coordinates": [
          [
            [
              17.5757941,
              68.5687913
            ],
            [
              17.5757268,
              68.568801
            ],
            [
              17.5756738,
              68.5687517
            ],
            [
              17.5757411,
              68.5687421
            ],
            [
              17.5757941,
              68.5687913
            ]
          ]
        ]
      },
      "properties": {
        "epoch_id": "EPOCH-1b7cb9c2b0eb479f",
        "site_name": "Microsoft Narvik Norway",
        "distance_to_site_km": 1.2694,
        "footprint_area_m2_webmercator": 129.76,
        "source_dataset": "Overture Maps buildings",
        "source_url": "https://docs.overturemaps.org/getting-data/",
        "source_release": "2026-09-23.1",
        "source_accessed_on": "2026-09-28",
        "geometry_role": "current building-footprint polygon",
        "linkage_semantics": "Overlap/proximity only; not evidence that the building hosts AI compute."
      }
    },
    {
      "type": "Feature",
      "id": "467796be-2999-4111-b718-6dd53e01a6c0",
      "geometry": {
        "type": "Polygon",
        "coordinates": [
          [
            [
              17.5765812,
              68.5682452
            ],
            [
              17.576547,
              68.5682448
            ],
            [
              17.576545,
              68.5682731
            ],
            [
              17.576308,
              68.5682709
            ],
            [
              17.5763171,
              68.568139
            ],
            [
              17.576534,
              68.568141
            ],
            [
              17.5765339,
              68.5681419
            ],
            [
              17.5765537,
              68.5681421
            ],
            [
              17.5765493,
              68.5682063
            ],
            [
              17.5765838,
              68.5682067
            ],
            [
              17.5765812,
              68.5682452
            ]
          ]
        ]
      },
      "properties": {
        "epoch_id": "EPOCH-1b7cb9c2b0eb479f",
        "site_name": "Microsoft Narvik Norway",
        "distance_to_site_km": 1.3107,
        "footprint_area_m2_webmercator": 1104.32,
        "source_dataset": "Overture Maps buildings",
        "source_url": "https://docs.overturemaps.org/getting-data/",
        "source_release": "2026-09-23.1",
        "source_accessed_on": "2026-09-28",
        "geometry_role": "current building-footprint polygon",
        "linkage_semantics": "Overlap/proximity only; not evidence that the building hosts AI compute."
      }
    },
    {
      "type": "Feature",
      "id": "0734e5f5-9e03-457f-868e-c1f7f1abb680",
      "geometry": {
        "type": "Polygon",
        "coordinates": [
          [
            [
              17.5759795,
              68.568044
            ],
            [
              17.5759627,
              68.5679826
            ],
            [
              17.5759389,
              68.5679835
            ],
            [
              17.575933,
              68.5679619
            ],
            [
              17.5759574,
              68.567961
            ],
            [
              17.5759468,
              68.5679224
            ],
            [
              17.5762139,
              68.5679126
            ],
            [
              17.576231,
              68.5679751
            ],
            [
              17.5761814,
              68.5679769
            ],
            [
              17.5761976,
              68.568036
            ],
            [
              17.5759795,
              68.568044
            ]
          ]
        ]
      },
      "properties": {
        "epoch_id": "EPOCH-1b7cb9c2b0eb479f",
        "site_name": "Microsoft Narvik Norway",
        "distance_to_site_km": 1.3402,
        "footprint_area_m2_webmercator": 1031.21,
        "source_dataset": "Overture Maps buildings",
        "source_url": "https://docs.overturemaps.org/getting-data/",
        "source_release": "2026-09-23.1",
        "source_accessed_on": "2026-09-28",
        "geometry_role": "current building-footprint polygon",
        "linkage_semantics": "Overlap/proximity only; not evidence that the building hosts AI compute."
      }
    },
    {
      "type": "Feature",
      "id": "32e4c80d-5adb-423b-b7a5-8fb941de6a82",
      "geometry": {
        "type": "Polygon",
        "coordinates": [
          [
            [
              17.576996,
              68.570702
            ],
            [
              17.576965,
              68.570685
            ],
            [
              17.576994,
              68.570669
            ],
            [
              17.577038,
              68.570666
            ],
            [
              17.577072,
              68.570685
            ],
            [
              17.577043,
              68.570699
            ],
            [
              17.576996,
              68.570702
            ]
          ]
        ]
      },
      "properties": {
        "epoch_id": "EPOCH-1b7cb9c2b0eb479f",
        "site_name": "Microsoft Narvik Norway",
        "distance_to_site_km": 1.0608,
        "footprint_area_m2_webmercator": 85.47,
        "source_dataset": "Overture Maps buildings",
        "source_url": "https://docs.overturemaps.org/getting-data/",
        "source_release": "2026-09-23.1",
        "source_accessed_on": "2026-09-28",
        "geometry_role": "current building-footprint polygon",
        "linkage_semantics": "Overlap/proximity only; not evidence that the building hosts AI compute."
      }
    },
    {
      "type": "Feature",
      "id": "d78095df-63d4-451c-987b-7a1e4523aad6",
      "geometry": {
        "type": "Polygon",
        "coordinates": [
          [
            [
              17.5764603,
              68.5706638
            ],
            [
              17.5764645,
              68.5706011
            ],
            [
              17.5765329,
              68.5706017
            ],
            [
              17.5765287,
              68.5706644
            ],
            [
              17.5764603,
              68.5706638
            ]
          ]
        ]
      },
      "properties": {
        "epoch_id": "EPOCH-1b7cb9c2b0eb479f",
        "site_name": "Microsoft Narvik Norway",
        "distance_to_site_km": 1.0773,
        "footprint_area_m2_webmercator": 145.55,
        "source_dataset": "Overture Maps buildings",
        "source_url": "https://docs.overturemaps.org/getting-data/",
        "source_release": "2026-09-23.1",
        "source_accessed_on": "2026-09-28",
        "geometry_role": "current building-footprint polygon",
        "linkage_semantics": "Overlap/proximity only; not evidence that the building hosts AI compute."
      }
    },
    {
      "type": "Feature",
      "id": "4b257150-83e6-4d77-8165-8fe1b06a109e",
      "geometry": {
        "type": "Polygon",
        "coordinates": [
          [
            [
              17.576746,
              68.570674
            ],
            [
              17.57674,
              68.570758
            ],
            [
              17.5765305,
              68.570756
            ],
            [
              17.5765365,
              68.570672
            ],
            [
              17.576746,
              68.570674
            ]
          ]
        ]
      },
      "properties": {
        "epoch_id": "EPOCH-1b7cb9c2b0eb479f",
        "site_name": "Microsoft Narvik Norway",
        "distance_to_site_km": 1.0665,
        "footprint_area_m2_webmercator": 597.3,
        "source_dataset": "Overture Maps buildings",
        "source_url": "https://docs.overturemaps.org/getting-data/",
        "source_release": "2026-09-23.1",
        "source_accessed_on": "2026-09-28",
        "geometry_role": "current building-footprint polygon",
        "linkage_semantics": "Overlap/proximity only; not evidence that the building hosts AI compute."
      }
    },
    {
      "type": "Feature",
      "id": "87baec64-3c49-486d-ad92-aa2e517ae924",
      "geometry": {
        "type": "Polygon",
        "coordinates": [
          [
            [
              17.576748,
              68.5706279
            ],
            [
              17.576747,
              68.5706172
            ],
            [
              17.5766989,
              68.5706178
            ],
            [
              17.5766901,
              68.5705202
            ],
            [
              17.5769695,
              68.5705168
            ],
            [
              17.5769785,
              68.570615
            ],
            [
              17.5769047,
              68.5706159
            ],
            [
              17.5769074,
              68.5706455
            ],
            [
              17.5767409,
              68.5706475
            ],
            [
              17.5767391,
              68.5706281
            ],
            [
              17.576748,
              68.5706279
            ]
          ]
        ]
      },
      "properties": {
        "epoch_id": "EPOCH-1b7cb9c2b0eb479f",
        "site_name": "Microsoft Narvik Norway",
        "distance_to_site_km": 1.0749,
        "footprint_area_m2_webmercator": 1095.13,
        "source_dataset": "Overture Maps buildings",
        "source_url": "https://docs.overturemaps.org/getting-data/",
        "source_release": "2026-09-23.1",
        "source_accessed_on": "2026-09-28",
        "geometry_role": "current building-footprint polygon",
        "linkage_semantics": "Overlap/proximity only; not evidence that the building hosts AI compute."
      }
    },
    {
      "type": "Feature",
      "id": "d1f37016-1383-4021-ae10-2e50b05401f4",
      "geometry": {
        "type": "Polygon",
        "coordinates": [
          [
            [
              17.5756076,
              68.570772
            ],
            [
              17.5755774,
              68.570826
            ],
            [
              17.5754029,
              68.570813
            ],
            [
              17.5754331,
              68.570759
            ],
            [
              17.5756076,
              68.570772
            ]
          ]
        ]
      },
      "properties": {
        "epoch_id": "EPOCH-1b7cb9c2b0eb479f",
        "site_name": "Microsoft Narvik Norway",
        "distance_to_site_km": 1.086,
        "footprint_area_m2_webmercator": 332.93,
        "source_dataset": "Overture Maps buildings",
        "source_url": "https://docs.overturemaps.org/getting-data/",
        "source_release": "2026-09-23.1",
        "source_accessed_on": "2026-09-28",
        "geometry_role": "current building-footprint polygon",
        "linkage_semantics": "Overlap/proximity only; not evidence that the building hosts AI compute."
      }
    },
    {
      "type": "Feature",
      "id": "c7285a42-2530-4e0e-bd5e-451578cf09e8",
      "geometry": {
        "type": "Polygon",
        "coordinates": [
          [
            [
              17.5741144,
              68.5708844
            ],
            [
              17.5741147,
              68.5709648
            ],
            [
              17.5739994,
              68.5709649
            ],
            [
              17.573999,
              68.5708845
            ],
            [
              17.5741144,
              68.5708844
            ]
          ]
        ]
      },
      "properties": {
        "epoch_id": "EPOCH-1b7cb9c2b0eb479f",
        "site_name": "Microsoft Narvik Norway",
        "distance_to_site_km": 1.1104,
        "footprint_area_m2_webmercator": 314.56,
        "source_dataset": "Overture Maps buildings",
        "source_url": "https://docs.overturemaps.org/getting-data/",
        "source_release": "2026-09-23.1",
        "source_accessed_on": "2026-09-28",
        "geometry_role": "current building-footprint polygon",
        "linkage_semantics": "Overlap/proximity only; not evidence that the building hosts AI compute."
      }
    },
    {
      "type": "Feature",
      "id": "53529fac-2fca-4738-949b-25aef1c7585d",
      "geometry": {
        "type": "Polygon",
        "coordinates": [
          [
            [
              17.5736846,
              68.570499
            ],
            [
              17.5737596,
              68.5704997
            ],
            [
              17.5737567,
              68.5705428
            ],
            [
              17.5736816,
              68.5705421
            ],
            [
              17.5736846,
              68.570499
            ]
          ]
        ]
      },
      "properties": {
        "epoch_id": "EPOCH-1b7cb9c2b0eb479f",
        "site_name": "Microsoft Narvik Norway",
        "distance_to_site_km": 1.154,
        "footprint_area_m2_webmercator": 109.78,
        "source_dataset": "Overture Maps buildings",
        "source_url": "https://docs.overturemaps.org/getting-data/",
        "source_release": "2026-09-23.1",
        "source_accessed_on": "2026-09-28",
        "geometry_role": "current building-footprint polygon",
        "linkage_semantics": "Overlap/proximity only; not evidence that the building hosts AI compute."
      }
    },
    {
      "type": "Feature",
      "id": "715ef968-51e1-43f5-ba35-d405df1e8522",
      "geometry": {
        "type": "Polygon",
        "coordinates": [
          [
            [
              17.5740482,
              68.5703881
            ],
            [
              17.5740498,
              68.5704198
            ],
            [
              17.573845,
              68.5704212
            ],
            [
              17.5738431,
              68.570384
            ],
            [
              17.5737025,
              68.570385
            ],
            [
              17.5736985,
              68.570305
            ],
            [
              17.5738449,
              68.570304
            ],
            [
              17.5738451,
              68.5703062
            ],
            [
              17.5740462,
              68.5703048
            ],
            [
              17.5740488,
              68.5703571
            ],
            [
              17.5740752,
              68.5703569
            ],
            [
              17.5740768,
              68.5703879
            ],
            [
              17.5740482,
              68.5703881
            ]
          ]
        ]
      },
      "properties": {
        "epoch_id": "EPOCH-1b7cb9c2b0eb479f",
        "site_name": "Microsoft Narvik Norway",
        "distance_to_site_km": 1.164,
        "footprint_area_m2_webmercator": 1214.84,
        "source_dataset": "Overture Maps buildings",
        "source_url": "https://docs.overturemaps.org/getting-data/",
        "source_release": "2026-09-23.1",
        "source_accessed_on": "2026-09-28",
        "geometry_role": "current building-footprint polygon",
        "linkage_semantics": "Overlap/proximity only; not evidence that the building hosts AI compute."
      }
    },
    {
      "type": "Feature",
      "id": "7e9c35bf-b23e-481a-9808-947804c965f8",
      "geometry": {
        "type": "Polygon",
        "coordinates": [
          [
            [
              17.574198,
              68.5706476
            ],
            [
              17.5741919,
              68.5706985
            ],
            [
              17.5741223,
              68.5706974
            ],
            [
              17.5741283,
              68.5706465
            ],
            [
              17.574198,
              68.5706476
            ]
          ]
        ]
      },
      "properties": {
        "epoch_id": "EPOCH-1b7cb9c2b0eb479f",
        "site_name": "Microsoft Narvik Norway",
        "distance_to_site_km": 1.1297,
        "footprint_area_m2_webmercator": 120.47,
        "source_dataset": "Overture Maps buildings",
        "source_url": "https://docs.overturemaps.org/getting-data/",
        "source_release": "2026-09-23.1",
        "source_accessed_on": "2026-09-28",
        "geometry_role": "current building-footprint polygon",
        "linkage_semantics": "Overlap/proximity only; not evidence that the building hosts AI compute."
      }
    },
    {
      "type": "Feature",
      "id": "6e2b2905-d423-4d29-8051-405f062ac476",
      "geometry": {
        "type": "Polygon",
        "coordinates": [
          [
            [
              17.5734524,
              68.5680404
            ],
            [
              17.5735144,
              68.5681034
            ],
            [
              17.5733369,
              68.5681267
            ],
            [
              17.5731708,
              68.5679579
            ],
            [
              17.5732787,
              68.5679437
            ],
            [
              17.5733361,
              68.5680021
            ],
            [
              17.5734571,
              68.5679862
            ],
            [
              17.5735037,
              68.5680336
            ],
            [
              17.5734524,
              68.5680404
            ]
          ]
        ]
      },
      "properties": {
        "epoch_id": "EPOCH-1b7cb9c2b0eb479f",
        "site_name": "Microsoft Narvik Norway",
        "distance_to_site_km": 1.389,
        "footprint_area_m2_webmercator": 1085.19,
        "source_dataset": "Overture Maps buildings",
        "source_url": "https://docs.overturemaps.org/getting-data/",
        "source_release": "2026-09-23.1",
        "source_accessed_on": "2026-09-28",
        "geometry_role": "current building-footprint polygon",
        "linkage_semantics": "Overlap/proximity only; not evidence that the building hosts AI compute."
      }
    },
    {
      "type": "Feature",
      "id": "c7f2b3ba-dcf1-416e-85c1-91c21cf9a162",
      "geometry": {
        "type": "Polygon",
        "coordinates": [
          [
            [
              17.5736444,
              68.5706631
            ],
            [
              17.5736381,
              68.5706629
            ],
            [
              17.5736281,
              68.5707004
            ],
            [
              17.5734388,
              68.5706936
            ],
            [
              17.573467,
              68.5705882
            ],
            [
              17.5736555,
              68.5705949
            ],
            [
              17.5736446,
              68.5706359
            ],
            [
              17.5736516,
              68.5706361
            ],
            [
              17.5736444,
              68.5706631
            ]
          ]
        ]
      },
      "properties": {
        "epoch_id": "EPOCH-1b7cb9c2b0eb479f",
        "site_name": "Microsoft Narvik Norway",
        "distance_to_site_km": 1.1477,
        "footprint_area_m2_webmercator": 688.12,
        "source_dataset": "Overture Maps buildings",
        "source_url": "https://docs.overturemaps.org/getting-data/",
        "source_release": "2026-09-23.1",
        "source_accessed_on": "2026-09-28",
        "geometry_role": "current building-footprint polygon",
        "linkage_semantics": "Overlap/proximity only; not evidence that the building hosts AI compute."
      }
    },
    {
      "type": "Feature",
      "id": "fa9dee78-b799-4d08-8eca-023e60188059",
      "geometry": {
        "type": "Polygon",
        "coordinates": [
          [
            [
              17.5735565,
              68.5709019
            ],
            [
              17.5736434,
              68.5708976
            ],
            [
              17.5736588,
              68.5709395
            ],
            [
              17.5735719,
              68.5709438
            ],
            [
              17.5735565,
              68.5709019
            ]
          ]
        ]
      },
      "properties": {
        "epoch_id": "EPOCH-1b7cb9c2b0eb479f",
        "site_name": "Microsoft Narvik Norway",
        "distance_to_site_km": 1.1224,
        "footprint_area_m2_webmercator": 125.75,
        "source_dataset": "Overture Maps buildings",
        "source_url": "https://docs.overturemaps.org/getting-data/",
        "source_release": "2026-09-23.1",
        "source_accessed_on": "2026-09-28",
        "geometry_role": "current building-footprint polygon",
        "linkage_semantics": "Overlap/proximity only; not evidence that the building hosts AI compute."
      }
    },
    {
      "type": "Feature",
      "id": "f098c843-89ff-4572-a000-694fa3e48278",
      "geometry": {
        "type": "Polygon",
        "coordinates": [
          [
            [
              17.5731821,
              68.5678481
            ],
            [
              17.5732561,
              68.56791
            ],
            [
              17.5731504,
              68.5679269
            ],
            [
              17.5730764,
              68.567865
            ],
            [
              17.5731821,
              68.5678481
            ]
          ]
        ]
      },
      "properties": {
        "epoch_id": "EPOCH-1b7cb9c2b0eb479f",
        "site_name": "Microsoft Narvik Norway",
        "distance_to_site_km": 1.4072,
        "footprint_area_m2_webmercator": 264.3,
        "source_dataset": "Overture Maps buildings",
        "source_url": "https://docs.overturemaps.org/getting-data/",
        "source_release": "2026-09-23.1",
        "source_accessed_on": "2026-09-28",
        "geometry_role": "current building-footprint polygon",
        "linkage_semantics": "Overlap/proximity only; not evidence that the building hosts AI compute."
      }
    },
    {
      "type": "Feature",
      "id": "da9e3a59-7e45-4193-a9e5-dc418ff2737f",
      "geometry": {
        "type": "Polygon",
        "coordinates": [
          [
            [
              17.5733315,
              68.5678489
            ],
            [
              17.5733199,
              68.5678417
            ],
            [
              17.5732631,
              68.5678541
            ],
            [
              17.573159,
              68.56779
            ],
            [
              17.5733706,
              68.5677441
            ],
            [
              17.5734743,
              68.5678079
            ],
            [
              17.5733863,
              68.567827
            ],
            [
              17.5733983,
              68.5678344
            ],
            [
              17.5733315,
              68.5678489
            ]
          ]
        ]
      },
      "properties": {
        "epoch_id": "EPOCH-1b7cb9c2b0eb479f",
        "site_name": "Microsoft Narvik Norway",
        "distance_to_site_km": 1.4123,
        "footprint_area_m2_webmercator": 642.73,
        "source_dataset": "Overture Maps buildings",
        "source_url": "https://docs.overturemaps.org/getting-data/",
        "source_release": "2026-09-23.1",
        "source_accessed_on": "2026-09-28",
        "geometry_role": "current building-footprint polygon",
        "linkage_semantics": "Overlap/proximity only; not evidence that the building hosts AI compute."
      }
    },
    {
      "type": "Feature",
      "id": "9f653f23-c761-4fc8-9d16-78824692baf7",
      "geometry": {
        "type": "Polygon",
        "coordinates": [
          [
            [
              17.5740632,
              68.566552
            ],
            [
              17.5742561,
              68.5665496
            ],
            [
              17.5742588,
              68.5665785
            ],
            [
              17.5740659,
              68.5665809
            ],
            [
              17.5740632,
              68.566552
            ]
          ]
        ]
      },
      "properties": {
        "epoch_id": "EPOCH-1b7cb9c2b0eb479f",
        "site_name": "Microsoft Narvik Norway",
        "distance_to_site_km": 1.5153,
        "footprint_area_m2_webmercator": 189.27,
        "source_dataset": "Overture Maps buildings",
        "source_url": "https://docs.overturemaps.org/getting-data/",
        "source_release": "2026-09-23.1",
        "source_accessed_on": "2026-09-28",
        "geometry_role": "current building-footprint polygon",
        "linkage_semantics": "Overlap/proximity only; not evidence that the building hosts AI compute."
      }
    },
    {
      "type": "Feature",
      "id": "55372235-20d3-40ae-894c-3c4e96e94997",
      "geometry": {
        "type": "Polygon",
        "coordinates": [
          [
            [
              17.5741567,
              68.5664777
            ],
            [
              17.5741594,
              68.5664419
            ],
            [
              17.5742357,
              68.5664427
            ],
            [
              17.574233,
              68.5664785
            ],
            [
              17.5741567,
              68.5664777
            ]
          ]
        ]
      },
      "properties": {
        "epoch_id": "EPOCH-1b7cb9c2b0eb479f",
        "site_name": "Microsoft Narvik Norway",
        "distance_to_site_km": 1.525,
        "footprint_area_m2_webmercator": 92.7,
        "source_dataset": "Overture Maps buildings",
        "source_url": "https://docs.overturemaps.org/getting-data/",
        "source_release": "2026-09-23.1",
        "source_accessed_on": "2026-09-28",
        "geometry_role": "current building-footprint polygon",
        "linkage_semantics": "Overlap/proximity only; not evidence that the building hosts AI compute."
      }
    },
    {
      "type": "Feature",
      "id": "960a1307-b703-4c3d-9a3b-506821d7f9fd",
      "geometry": {
        "type": "Polygon",
        "coordinates": [
          [
            [
              17.5743504,
              68.5664433
            ],
            [
              17.5743428,
              68.5664211
            ],
            [
              17.5743238,
              68.5664219
            ],
            [
              17.5742911,
              68.5663258
            ],
            [
              17.5745012,
              68.5663162
            ],
            [
              17.5745338,
              68.566412
            ],
            [
              17.5744456,
              68.566416
            ],
            [
              17.5744533,
              68.5664386
            ],
            [
              17.5743504,
              68.5664433
            ]
          ]
        ]
      },
      "properties": {
        "epoch_id": "EPOCH-1b7cb9c2b0eb479f",
        "site_name": "Microsoft Narvik Norway",
        "distance_to_site_km": 1.5295,
        "footprint_area_m2_webmercator": 773.34,
        "source_dataset": "Overture Maps buildings",
        "source_url": "https://docs.overturemaps.org/getting-data/",
        "source_release": "2026-09-23.1",
        "source_accessed_on": "2026-09-28",
        "geometry_role": "current building-footprint polygon",
        "linkage_semantics": "Overlap/proximity only; not evidence that the building hosts AI compute."
      }
    },
    {
      "type": "Feature",
      "id": "0ed0f800-e203-4d4c-855e-e906bd817922",
      "geometry": {
        "type": "Polygon",
        "coordinates": [
          [
            [
              17.574208,
              68.567192
            ],
            [
              17.574194,
              68.56717
            ],
            [
              17.574185,
              68.5671708
            ],
            [
              17.574123,
              68.5670732
            ],
            [
              17.574287,
              68.5670593
            ],
            [
              17.574363,
              68.5671788
            ],
            [
              17.574208,
              68.567192
            ]
          ]
        ]
      },
      "properties": {
        "epoch_id": "EPOCH-1b7cb9c2b0eb479f",
        "site_name": "Microsoft Narvik Norway",
        "distance_to_site_km": 1.4587,
        "footprint_area_m2_webmercator": 693.71,
        "source_dataset": "Overture Maps buildings",
        "source_url": "https://docs.overturemaps.org/getting-data/",
        "source_release": "2026-09-23.1",
        "source_accessed_on": "2026-09-28",
        "geometry_role": "current building-footprint polygon",
        "linkage_semantics": "Overlap/proximity only; not evidence that the building hosts AI compute."
      }
    },
    {
      "type": "Feature",
      "id": "f2e2cd20-ed1d-4962-9323-1d20658de3ac",
      "geometry": {
        "type": "Polygon",
        "coordinates": [
          [
            [
              17.5739308,
              68.5680089
            ],
            [
              17.5738963,
              68.5679652
            ],
            [
              17.5738146,
              68.5679739
            ],
            [
              17.5737634,
              68.5679091
            ],
            [
              17.5738418,
              68.5679009
            ],
            [
              17.5738222,
              68.5678761
            ],
            [
              17.5740229,
              68.5678549
            ],
            [
              17.574128,
              68.5679881
            ],
            [
              17.5739308,
              68.5680089
            ]
          ]
        ]
      },
      "properties": {
        "epoch_id": "EPOCH-1b7cb9c2b0eb479f",
        "site_name": "Microsoft Narvik Norway",
        "distance_to_site_km": 1.3864,
        "footprint_area_m2_webmercator": 1162.62,
        "source_dataset": "Overture Maps buildings",
        "source_url": "https://docs.overturemaps.org/getting-data/",
        "source_release": "2026-09-23.1",
        "source_accessed_on": "2026-09-28",
        "geometry_role": "current building-footprint polygon",
        "linkage_semantics": "Overlap/proximity only; not evidence that the building hosts AI compute."
      }
    },
    {
      "type": "Feature",
      "id": "028769f5-59fe-4abf-aeac-0df3ec6f2fe7",
      "geometry": {
        "type": "Polygon",
        "coordinates": [
          [
            [
              17.574579,
              68.567242
            ],
            [
              17.5744434,
              68.5672559
            ],
            [
              17.5744005,
              68.5672
            ],
            [
              17.5745361,
              68.5671861
            ],
            [
              17.574579,
              68.567242
            ]
          ]
        ]
      },
      "properties": {
        "epoch_id": "EPOCH-1b7cb9c2b0eb479f",
        "site_name": "Microsoft Narvik Norway",
        "distance_to_site_km": 1.4446,
        "footprint_area_m2_webmercator": 277.28,
        "source_dataset": "Overture Maps buildings",
        "source_url": "https://docs.overturemaps.org/getting-data/",
        "source_release": "2026-09-23.1",
        "source_accessed_on": "2026-09-28",
        "geometry_role": "current building-footprint polygon",
        "linkage_semantics": "Overlap/proximity only; not evidence that the building hosts AI compute."
      }
    },
    {
      "type": "Feature",
      "id": "f2ecc714-b6f9-47f3-9162-92d2abacfee5",
      "geometry": {
        "type": "Polygon",
        "coordinates": [
          [
            [
              17.5747441,
              68.5671919
            ],
            [
              17.5748005,
              68.5671853
            ],
            [
              17.5747737,
              68.5671549
            ],
            [
              17.5749671,
              68.5671321
            ],
            [
              17.5750267,
              68.5671997
            ],
            [
              17.5748522,
              68.5672202
            ],
            [
              17.574867,
              68.567237
            ],
            [
              17.5747917,
              68.5672459
            ],
            [
              17.5747441,
              68.5671919
            ]
          ]
        ]
      },
      "properties": {
        "epoch_id": "EPOCH-1b7cb9c2b0eb479f",
        "site_name": "Microsoft Narvik Norway",
        "distance_to_site_km": 1.4407,
        "footprint_area_m2_webmercator": 615.0,
        "source_dataset": "Overture Maps buildings",
        "source_url": "https://docs.overturemaps.org/getting-data/",
        "source_release": "2026-09-23.1",
        "source_accessed_on": "2026-09-28",
        "geometry_role": "current building-footprint polygon",
        "linkage_semantics": "Overlap/proximity only; not evidence that the building hosts AI compute."
      }
    },
    {
      "type": "Feature",
      "id": "e91800ac-1ae7-485b-b488-01eadf79baaa",
      "geometry": {
        "type": "Polygon",
        "coordinates": [
          [
            [
              17.5744386,
              68.5666511
            ],
            [
              17.574407,
              68.5665821
            ],
            [
              17.5745584,
              68.5665729
            ],
            [
              17.57459,
              68.5666419
            ],
            [
              17.5744386,
              68.5666511
            ]
          ]
        ]
      },
      "properties": {
        "epoch_id": "EPOCH-1b7cb9c2b0eb479f",
        "site_name": "Microsoft Narvik Norway",
        "distance_to_site_km": 1.5044,
        "footprint_area_m2_webmercator": 364.12,
        "source_dataset": "Overture Maps buildings",
        "source_url": "https://docs.overturemaps.org/getting-data/",
        "source_release": "2026-09-23.1",
        "source_accessed_on": "2026-09-28",
        "geometry_role": "current building-footprint polygon",
        "linkage_semantics": "Overlap/proximity only; not evidence that the building hosts AI compute."
      }
    },
    {
      "type": "Feature",
      "id": "18143fbf-e147-4dc5-9ee1-1a0fb0f62666",
      "geometry": {
        "type": "Polygon",
        "coordinates": [
          [
            [
              17.5747672,
              68.5664861
            ],
            [
              17.5747624,
              68.5664401
            ],
            [
              17.574824,
              68.5664392
            ],
            [
              17.5748288,
              68.5664852
            ],
            [
              17.5747672,
              68.5664861
            ]
          ]
        ]
      },
      "properties": {
        "epoch_id": "EPOCH-1b7cb9c2b0eb479f",
        "site_name": "Microsoft Narvik Norway",
        "distance_to_site_km": 1.5138,
        "footprint_area_m2_webmercator": 96.24,
        "source_dataset": "Overture Maps buildings",
        "source_url": "https://docs.overturemaps.org/getting-data/",
        "source_release": "2026-09-23.1",
        "source_accessed_on": "2026-09-28",
        "geometry_role": "current building-footprint polygon",
        "linkage_semantics": "Overlap/proximity only; not evidence that the building hosts AI compute."
      }
    },
    {
      "type": "Feature",
      "id": "e13e5f29-f1ea-4b8c-98fb-09d37bc6beba",
      "geometry": {
        "type": "Polygon",
        "coordinates": [
          [
            [
              17.5752032,
              68.5655863
            ],
            [
              17.5752069,
              68.5656008
            ],
            [
              17.575281,
              68.5655982
            ],
            [
              17.5752941,
              68.565649
            ],
            [
              17.5750319,
              68.565658
            ],
            [
              17.5750151,
              68.5655928
            ],
            [
              17.5750338,
              68.5655922
            ],
            [
              17.5750214,
              68.5655438
            ],
            [
              17.5751836,
              68.5655383
            ],
            [
              17.5751961,
              68.5655866
            ],
            [
              17.5752032,
              68.5655863
            ]
          ]
        ]
      },
      "properties": {
        "epoch_id": "EPOCH-1b7cb9c2b0eb479f",
        "site_name": "Microsoft Narvik Norway",
        "distance_to_site_km": 1.5942,
        "footprint_area_m2_webmercator": 816.45,
        "source_dataset": "Overture Maps buildings",
        "source_url": "https://docs.overturemaps.org/getting-data/",
        "source_release": "2026-09-23.1",
        "source_accessed_on": "2026-09-28",
        "geometry_role": "current building-footprint polygon",
        "linkage_semantics": "Overlap/proximity only; not evidence that the building hosts AI compute."
      }
    },
    {
      "type": "Feature",
      "id": "26fe1663-df01-4b1b-8559-7d0d703dfa5b",
      "geometry": {
        "type": "Polygon",
        "coordinates": [
          [
            [
              17.5743441,
              68.5661204
            ],
            [
              17.5741149,
              68.5661266
            ],
            [
              17.5740939,
              68.5660246
            ],
            [
              17.5743231,
              68.5660184
            ],
            [
              17.5743441,
              68.5661204
            ]
          ]
        ]
      },
      "properties": {
        "epoch_id": "EPOCH-1b7cb9c2b0eb479f",
        "site_name": "Microsoft Narvik Norway",
        "distance_to_site_km": 1.5631,
        "footprint_area_m2_webmercator": 797.2,
        "source_dataset": "Overture Maps buildings",
        "source_url": "https://docs.overturemaps.org/getting-data/",
        "source_release": "2026-09-23.1",
        "source_accessed_on": "2026-09-28",
        "geometry_role": "current building-footprint polygon",
        "linkage_semantics": "Overlap/proximity only; not evidence that the building hosts AI compute."
      }
    },
    {
      "type": "Feature",
      "id": "53a98169-c93a-4e94-a719-e5a3cd43faf9",
      "geometry": {
        "type": "Polygon",
        "coordinates": [
          [
            [
              17.57395,
              68.5661869
            ],
            [
              17.5741504,
              68.5661781
            ],
            [
              17.5741686,
              68.5662339
            ],
            [
              17.5741414,
              68.5662351
            ],
            [
              17.5741456,
              68.566248
            ],
            [
              17.5739827,
              68.5662551
            ],
            [
              17.5739783,
              68.5662418
            ],
            [
              17.5739681,
              68.5662422
            ],
            [
              17.57395,
              68.5661869
            ]
          ]
        ]
      },
      "properties": {
        "epoch_id": "EPOCH-1b7cb9c2b0eb479f",
        "site_name": "Microsoft Narvik Norway",
        "distance_to_site_km": 1.5518,
        "footprint_area_m2_webmercator": 456.58,
        "source_dataset": "Overture Maps buildings",
        "source_url": "https://docs.overturemaps.org/getting-data/",
        "source_release": "2026-09-23.1",
        "source_accessed_on": "2026-09-28",
        "geometry_role": "current building-footprint polygon",
        "linkage_semantics": "Overlap/proximity only; not evidence that the building hosts AI compute."
      }
    },
    {
      "type": "Feature",
      "id": "576553ea-f682-4e46-9f2c-9eef29c4e942",
      "geometry": {
        "type": "Polygon",
        "coordinates": [
          [
            [
              17.5740443,
              68.5661344
            ],
            [
              17.5738556,
              68.5661411
            ],
            [
              17.5738507,
              68.5661227
            ],
            [
              17.5740394,
              68.566116
            ],
            [
              17.5740443,
              68.5661344
            ]
          ]
        ]
      },
      "properties": {
        "epoch_id": "EPOCH-1b7cb9c2b0eb479f",
        "site_name": "Microsoft Narvik Norway",
        "distance_to_site_km": 1.5625,
        "footprint_area_m2_webmercator": 118.86,
        "source_dataset": "Overture Maps buildings",
        "source_url": "https://docs.overturemaps.org/getting-data/",
        "source_release": "2026-09-23.1",
        "source_accessed_on": "2026-09-28",
        "geometry_role": "current building-footprint polygon",
        "linkage_semantics": "Overlap/proximity only; not evidence that the building hosts AI compute."
      }
    },
    {
      "type": "Feature",
      "id": "7b33e508-ec37-49fc-bf4d-af300686c2f7",
      "geometry": {
        "type": "Polygon",
        "coordinates": [
          [
            [
              17.5746808,
              68.5642971
            ],
            [
              17.5745822,
              68.5642429
            ],
            [
              17.5747712,
              68.5641969
            ],
            [
              17.5748698,
              68.5642511
            ],
            [
              17.5746808,
              68.5642971
            ]
          ]
        ]
      },
      "properties": {
        "epoch_id": "EPOCH-1b7cb9c2b0eb479f",
        "site_name": "Microsoft Narvik Norway",
        "distance_to_site_km": 1.7391,
        "footprint_area_m2_webmercator": 501.14,
        "source_dataset": "Overture Maps buildings",
        "source_url": "https://docs.overturemaps.org/getting-data/",
        "source_release": "2026-09-23.1",
        "source_accessed_on": "2026-09-28",
        "geometry_role": "current building-footprint polygon",
        "linkage_semantics": "Overlap/proximity only; not evidence that the building hosts AI compute."
      }
    },
    {
      "type": "Feature",
      "id": "4210f153-8645-4da5-ad63-b1c02daf01f0",
      "geometry": {
        "type": "Polygon",
        "coordinates": [
          [
            [
              17.5743444,
              68.5642631
            ],
            [
              17.574232,
              68.5641885
            ],
            [
              17.5743866,
              68.5641574
            ],
            [
              17.574499,
              68.564232
            ],
            [
              17.5743444,
              68.5642631
            ]
          ]
        ]
      },
      "properties": {
        "epoch_id": "EPOCH-1b7cb9c2b0eb479f",
        "site_name": "Microsoft Narvik Norway",
        "distance_to_site_km": 1.7486,
        "footprint_area_m2_webmercator": 509.6,
        "source_dataset": "Overture Maps buildings",
        "source_url": "https://docs.overturemaps.org/getting-data/",
        "source_release": "2026-09-23.1",
        "source_accessed_on": "2026-09-28",
        "geometry_role": "current building-footprint polygon",
        "linkage_semantics": "Overlap/proximity only; not evidence that the building hosts AI compute."
      }
    },
    {
      "type": "Feature",
      "id": "23f48ba6-f234-4500-b15c-57d94dd5eded",
      "geometry": {
        "type": "Polygon",
        "coordinates": [
          [
            [
              17.5741115,
              68.5639902
            ],
            [
              17.5741808,
              68.5639801
            ],
            [
              17.5740959,
              68.5639026
            ],
            [
              17.5741944,
              68.5638882
            ],
            [
              17.5741909,
              68.563885
            ],
            [
              17.5743,
              68.563869
            ],
            [
              17.5744372,
              68.5639942
            ],
            [
              17.5741604,
              68.5640347
            ],
            [
              17.5741115,
              68.5639902
            ]
          ]
        ]
      },
      "properties": {
        "epoch_id": "EPOCH-1b7cb9c2b0eb479f",
        "site_name": "Microsoft Narvik Norway",
        "distance_to_site_km": 1.7766,
        "footprint_area_m2_webmercator": 1131.44,
        "source_dataset": "Overture Maps buildings",
        "source_url": "https://docs.overturemaps.org/getting-data/",
        "source_release": "2026-09-23.1",
        "source_accessed_on": "2026-09-28",
        "geometry_role": "current building-footprint polygon",
        "linkage_semantics": "Overlap/proximity only; not evidence that the building hosts AI compute."
      }
    },
    {
      "type": "Feature",
      "id": "516b85af-6d80-47a2-94ad-64092fc199de",
      "geometry": {
        "type": "Polygon",
        "coordinates": [
          [
            [
              17.5743771,
              68.5632482
            ],
            [
              17.5744221,
              68.5633162
            ],
            [
              17.5742689,
              68.5633298
            ],
            [
              17.5742239,
              68.5632618
            ],
            [
              17.5743771,
              68.5632482
            ]
          ]
        ]
      },
      "properties": {
        "epoch_id": "EPOCH-1b7cb9c2b0eb479f",
        "site_name": "Microsoft Narvik Norway",
        "distance_to_site_km": 1.8439,
        "footprint_area_m2_webmercator": 373.98,
        "source_dataset": "Overture Maps buildings",
        "source_url": "https://docs.overturemaps.org/getting-data/",
        "source_release": "2026-09-23.1",
        "source_accessed_on": "2026-09-28",
        "geometry_role": "current building-footprint polygon",
        "linkage_semantics": "Overlap/proximity only; not evidence that the building hosts AI compute."
      }
    },
    {
      "type": "Feature",
      "id": "fda58bad-69d6-4f19-971b-58a52d0d255b",
      "geometry": {
        "type": "Polygon",
        "coordinates": [
          [
            [
              17.5746501,
              68.5632232
            ],
            [
              17.5747431,
              68.5633512
            ],
            [
              17.5745409,
              68.5633708
            ],
            [
              17.5744479,
              68.5632428
            ],
            [
              17.5746501,
              68.5632232
            ]
          ]
        ]
      },
      "properties": {
        "epoch_id": "EPOCH-1b7cb9c2b0eb479f",
        "site_name": "Microsoft Narvik Norway",
        "distance_to_site_km": 1.8389,
        "footprint_area_m2_webmercator": 939.37,
        "source_dataset": "Overture Maps buildings",
        "source_url": "https://docs.overturemaps.org/getting-data/",
        "source_release": "2026-09-23.1",
        "source_accessed_on": "2026-09-28",
        "geometry_role": "current building-footprint polygon",
        "linkage_semantics": "Overlap/proximity only; not evidence that the building hosts AI compute."
      }
    },
    {
      "type": "Feature",
      "id": "07162f77-76cb-49e5-9b3f-afac79310d98",
      "geometry": {
        "type": "Polygon",
        "coordinates": [
          [
            [
              17.57485,
              68.561898
            ],
            [
              17.5747771,
              68.5619429
            ],
            [
              17.5748382,
              68.5619562
            ],
            [
              17.5748338,
              68.5619588
            ],
            [
              17.5748717,
              68.5619671
            ],
            [
              17.574823,
              68.5619971
            ],
            [
              17.5747842,
              68.5619887
            ],
            [
              17.5746439,
              68.5620752
            ],
            [
              17.5744637,
              68.5620362
            ],
            [
              17.5746443,
              68.5619248
            ],
            [
              17.5745986,
              68.5619149
            ],
            [
              17.5746843,
              68.5618621
            ],
            [
              17.57485,
              68.561898
            ]
          ]
        ]
      },
      "properties": {
        "epoch_id": "EPOCH-1b7cb9c2b0eb479f",
        "site_name": "Microsoft Narvik Norway",
        "distance_to_site_km": 1.9755,
        "footprint_area_m2_webmercator": 1395.63,
        "source_dataset": "Overture Maps buildings",
        "source_url": "https://docs.overturemaps.org/getting-data/",
        "source_release": "2026-09-23.1",
        "source_accessed_on": "2026-09-28",
        "geometry_role": "current building-footprint polygon",
        "linkage_semantics": "Overlap/proximity only; not evidence that the building hosts AI compute."
      }
    },
    {
      "type": "Feature",
      "id": "10c27208-3c19-4f7d-9f6c-b7859535e0c3",
      "geometry": {
        "type": "Polygon",
        "coordinates": [
          [
            [
              17.5749292,
              68.5616241
            ],
            [
              17.5748287,
              68.561786
            ],
            [
              17.5746357,
              68.56177
            ],
            [
              17.5747163,
              68.5616401
            ],
            [
              17.5747511,
              68.561643
            ],
            [
              17.574771,
              68.5616109
            ],
            [
              17.5749292,
              68.5616241
            ]
          ]
        ]
      },
      "properties": {
        "epoch_id": "EPOCH-1b7cb9c2b0eb479f",
        "site_name": "Microsoft Narvik Norway",
        "distance_to_site_km": 2.0024,
        "footprint_area_m2_webmercator": 1074.56,
        "source_dataset": "Overture Maps buildings",
        "source_url": "https://docs.overturemaps.org/getting-data/",
        "source_release": "2026-09-23.1",
        "source_accessed_on": "2026-09-28",
        "geometry_role": "current building-footprint polygon",
        "linkage_semantics": "Overlap/proximity only; not evidence that the building hosts AI compute."
      }
    },
    {
      "type": "Feature",
      "id": "05e33286-d4b1-44da-bf1b-7dd738f02b15",
      "geometry": {
        "type": "Polygon",
        "coordinates": [
          [
            [
              17.5737648,
              68.5628367
            ],
            [
              17.5740082,
              68.5628103
            ],
            [
              17.5740782,
              68.5628963
            ],
            [
              17.5738348,
              68.5629227
            ],
            [
              17.5737648,
              68.5628367
            ]
          ]
        ]
      },
      "properties": {
        "epoch_id": "EPOCH-1b7cb9c2b0eb479f",
        "site_name": "Microsoft Narvik Norway",
        "distance_to_site_km": 1.8935,
        "footprint_area_m2_webmercator": 772.4,
        "source_dataset": "Overture Maps buildings",
        "source_url": "https://docs.overturemaps.org/getting-data/",
        "source_release": "2026-09-23.1",
        "source_accessed_on": "2026-09-28",
        "geometry_role": "current building-footprint polygon",
        "linkage_semantics": "Overlap/proximity only; not evidence that the building hosts AI compute."
      }
    },
    {
      "type": "Feature",
      "id": "7294fc3e-3e3e-46c4-891a-e9cd9a38d966",
      "geometry": {
        "type": "Polygon",
        "coordinates": [
          [
            [
              17.5728987,
              68.5631698
            ],
            [
              17.5728817,
              68.5631418
            ],
            [
              17.5730505,
              68.5631282
            ],
            [
              17.5730675,
              68.5631562
            ],
            [
              17.5728987,
              68.5631698
            ]
          ]
        ]
      },
      "properties": {
        "epoch_id": "EPOCH-1b7cb9c2b0eb479f",
        "site_name": "Microsoft Narvik Norway",
        "distance_to_site_km": 1.8794,
        "footprint_area_m2_webmercator": 168.1,
        "source_dataset": "Overture Maps buildings",
        "source_url": "https://docs.overturemaps.org/getting-data/",
        "source_release": "2026-09-23.1",
        "source_accessed_on": "2026-09-28",
        "geometry_role": "current building-footprint polygon",
        "linkage_semantics": "Overlap/proximity only; not evidence that the building hosts AI compute."
      }
    },
    {
      "type": "Feature",
      "id": "160d562b-ba2e-4db5-a971-6404c13f09b3",
      "geometry": {
        "type": "Polygon",
        "coordinates": [
          [
            [
              17.5728839,
              68.5630351
            ],
            [
              17.5727912,
              68.56293
            ],
            [
              17.5731056,
              68.5628929
            ],
            [
              17.5731983,
              68.562998
            ],
            [
              17.5728839,
              68.5630351
            ]
          ]
        ]
      },
      "properties": {
        "epoch_id": "EPOCH-1b7cb9c2b0eb479f",
        "site_name": "Microsoft Narvik Norway",
        "distance_to_site_km": 1.8979,
        "footprint_area_m2_webmercator": 1236.99,
        "source_dataset": "Overture Maps buildings",
        "source_url": "https://docs.overturemaps.org/getting-data/",
        "source_release": "2026-09-23.1",
        "source_accessed_on": "2026-09-28",
        "geometry_role": "current building-footprint polygon",
        "linkage_semantics": "Overlap/proximity only; not evidence that the building hosts AI compute."
      }
    },
    {
      "type": "Feature",
      "id": "c895a65c-e0e1-4f41-aa2a-937fc7d2e4ac",
      "geometry": {
        "type": "Polygon",
        "coordinates": [
          [
            [
              17.5730128,
              68.5627933
            ],
            [
              17.5728558,
              68.5628088
            ],
            [
              17.5728222,
              68.5627632
            ],
            [
              17.5729792,
              68.5627477
            ],
            [
              17.5730128,
              68.5627933
            ]
          ]
        ]
      },
      "properties": {
        "epoch_id": "EPOCH-1b7cb9c2b0eb479f",
        "site_name": "Microsoft Narvik Norway",
        "distance_to_site_km": 1.9182,
        "footprint_area_m2_webmercator": 260.4,
        "source_dataset": "Overture Maps buildings",
        "source_url": "https://docs.overturemaps.org/getting-data/",
        "source_release": "2026-09-23.1",
        "source_accessed_on": "2026-09-28",
        "geometry_role": "current building-footprint polygon",
        "linkage_semantics": "Overlap/proximity only; not evidence that the building hosts AI compute."
      }
    },
    {
      "type": "Feature",
      "id": "203248ad-6d97-453f-9c91-ce722bbc5466",
      "geometry": {
        "type": "Polygon",
        "coordinates": [
          [
            [
              17.5733951,
              68.5625139
            ],
            [
              17.573481,
              68.5625041
            ],
            [
              17.5734561,
              68.5624751
            ],
            [
              17.5736406,
              68.5624539
            ],
            [
              17.5737773,
              68.562613
            ],
            [
              17.5735069,
              68.562644
            ],
            [
              17.5733951,
              68.5625139
            ]
          ]
        ]
      },
      "properties": {
        "epoch_id": "EPOCH-1b7cb9c2b0eb479f",
        "site_name": "Microsoft Narvik Norway",
        "distance_to_site_km": 1.9311,
        "footprint_area_m2_webmercator": 1509.42,
        "source_dataset": "Overture Maps buildings",
        "source_url": "https://docs.overturemaps.org/getting-data/",
        "source_release": "2026-09-23.1",
        "source_accessed_on": "2026-09-28",
        "geometry_role": "current building-footprint polygon",
        "linkage_semantics": "Overlap/proximity only; not evidence that the building hosts AI compute."
      }
    },
    {
      "type": "Feature",
      "id": "acf8c550-5353-42c3-89a7-c9be18fab06f",
      "geometry": {
        "type": "Polygon",
        "coordinates": [
          [
            [
              17.5730139,
              68.5619459
            ],
            [
              17.5731237,
              68.5619473
            ],
            [
              17.5731196,
              68.5619904
            ],
            [
              17.5730097,
              68.561989
            ],
            [
              17.5730139,
              68.5619459
            ]
          ]
        ]
      },
      "properties": {
        "epoch_id": "EPOCH-1b7cb9c2b0eb479f",
        "site_name": "Microsoft Narvik Norway",
        "distance_to_site_km": 1.9992,
        "footprint_area_m2_webmercator": 160.72,
        "source_dataset": "Overture Maps buildings",
        "source_url": "https://docs.overturemaps.org/getting-data/",
        "source_release": "2026-09-23.1",
        "source_accessed_on": "2026-09-28",
        "geometry_role": "current building-footprint polygon",
        "linkage_semantics": "Overlap/proximity only; not evidence that the building hosts AI compute."
      }
    },
    {
      "type": "Feature",
      "id": "f30d6745-2941-4359-b1b7-70b8b833fd28",
      "geometry": {
        "type": "Polygon",
        "coordinates": [
          [
            [
              17.5728134,
              68.5619819
            ],
            [
              17.5727906,
              68.561883
            ],
            [
              17.5729821,
              68.5618771
            ],
            [
              17.5730049,
              68.561976
            ],
            [
              17.5728134,
              68.5619819
            ]
          ]
        ]
      },
      "properties": {
        "epoch_id": "EPOCH-1b7cb9c2b0eb479f",
        "site_name": "Microsoft Narvik Norway",
        "distance_to_site_km": 2.0057,
        "footprint_area_m2_webmercator": 646.69,
        "source_dataset": "Overture Maps buildings",
        "source_url": "https://docs.overturemaps.org/getting-data/",
        "source_release": "2026-09-23.1",
        "source_accessed_on": "2026-09-28",
        "geometry_role": "current building-footprint polygon",
        "linkage_semantics": "Overlap/proximity only; not evidence that the building hosts AI compute."
      }
    },
    {
      "type": "Feature",
      "id": "f330b081-1ff2-4c76-ab26-219be8c6c151",
      "geometry": {
        "type": "Polygon",
        "coordinates": [
          [
            [
              17.5731932,
              68.562175
            ],
            [
              17.5730518,
              68.562279
            ],
            [
              17.5728428,
              68.562241
            ],
            [
              17.5729842,
              68.562137
            ],
            [
              17.5731932,
              68.562175
            ]
          ]
        ]
      },
      "properties": {
        "epoch_id": "EPOCH-1b7cb9c2b0eb479f",
        "site_name": "Microsoft Narvik Norway",
        "distance_to_site_km": 1.9752,
        "footprint_area_m2_webmercator": 919.14,
        "source_dataset": "Overture Maps buildings",
        "source_url": "https://docs.overturemaps.org/getting-data/",
        "source_release": "2026-09-23.1",
        "source_accessed_on": "2026-09-28",
        "geometry_role": "current building-footprint polygon",
        "linkage_semantics": "Overlap/proximity only; not evidence that the building hosts AI compute."
      }
    },
    {
      "type": "Feature",
      "id": "69ce2253-f08c-4f74-b10d-5168e05a1d9f",
      "geometry": {
        "type": "Polygon",
        "coordinates": [
          [
            [
              17.572639,
              68.561672
            ],
            [
              17.572806,
              68.561647
            ],
            [
              17.572844,
              68.561681
            ],
            [
              17.572677,
              68.561706
            ],
            [
              17.572639,
              68.561672
            ]
          ]
        ]
      },
      "properties": {
        "epoch_id": "EPOCH-1b7cb9c2b0eb479f",
        "site_name": "Microsoft Narvik Norway",
        "distance_to_site_km": 2.0342,
        "footprint_area_m2_webmercator": 224.72,
        "source_dataset": "Overture Maps buildings",
        "source_url": "https://docs.overturemaps.org/getting-data/",
        "source_release": "2026-09-23.1",
        "source_accessed_on": "2026-09-28",
        "geometry_role": "current building-footprint polygon",
        "linkage_semantics": "Overlap/proximity only; not evidence that the building hosts AI compute."
      }
    },
    {
      "type": "Feature",
      "id": "c92efad1-c945-4f82-99dd-90a10a76a6fc",
      "geometry": {
        "type": "Polygon",
        "coordinates": [
          [
            [
              17.5720693,
              68.5618112
            ],
            [
              17.572126,
              68.5618108
            ],
            [
              17.572123,
              68.5617459
            ],
            [
              17.5722643,
              68.5617451
            ],
            [
              17.5722687,
              68.5618389
            ],
            [
              17.5720707,
              68.5618401
            ],
            [
              17.5720693,
              68.5618112
            ]
          ]
        ]
      },
      "properties": {
        "epoch_id": "EPOCH-1b7cb9c2b0eb479f",
        "site_name": "Microsoft Narvik Norway",
        "distance_to_site_km": 2.0304,
        "footprint_area_m2_webmercator": 505.32,
        "source_dataset": "Overture Maps buildings",
        "source_url": "https://docs.overturemaps.org/getting-data/",
        "source_release": "2026-09-23.1",
        "source_accessed_on": "2026-09-28",
        "geometry_role": "current building-footprint polygon",
        "linkage_semantics": "Overlap/proximity only; not evidence that the building hosts AI compute."
      }
    },
    {
      "type": "Feature",
      "id": "ac13a727-c509-4d99-8b23-c63e4e93d56c",
      "geometry": {
        "type": "Polygon",
        "coordinates": [
          [
            [
              17.571952,
              68.5620462
            ],
            [
              17.571934,
              68.5619347
            ],
            [
              17.572139,
              68.5619303
            ],
            [
              17.572157,
              68.5620418
            ],
            [
              17.571952,
              68.5620462
            ]
          ]
        ]
      },
      "properties": {
        "epoch_id": "EPOCH-1b7cb9c2b0eb479f",
        "site_name": "Microsoft Narvik Norway",
        "distance_to_site_km": 2.0129,
        "footprint_area_m2_webmercator": 777.67,
        "source_dataset": "Overture Maps buildings",
        "source_url": "https://docs.overturemaps.org/getting-data/",
        "source_release": "2026-09-23.1",
        "source_accessed_on": "2026-09-28",
        "geometry_role": "current building-footprint polygon",
        "linkage_semantics": "Overlap/proximity only; not evidence that the building hosts AI compute."
      }
    },
    {
      "type": "Feature",
      "id": "1d17df35-2cf1-46fa-a31a-3ad3bd6de9e7",
      "geometry": {
        "type": "Polygon",
        "coordinates": [
          [
            [
              17.5725431,
              68.5623862
            ],
            [
              17.5724843,
              68.5623938
            ],
            [
              17.5725394,
              68.5624508
            ],
            [
              17.5723431,
              68.5624761
            ],
            [
              17.5722851,
              68.5624161
            ],
            [
              17.5722009,
              68.5624269
            ],
            [
              17.57214,
              68.5623639
            ],
            [
              17.5722244,
              68.562353
            ],
            [
              17.5722148,
              68.5623432
            ],
            [
              17.5724105,
              68.5623179
            ],
            [
              17.5724452,
              68.5623538
            ],
            [
              17.5725043,
              68.5623462
            ],
            [
              17.5725431,
              68.5623862
            ]
          ]
        ]
      },
      "properties": {
        "epoch_id": "EPOCH-1b7cb9c2b0eb479f",
        "site_name": "Microsoft Narvik Norway",
        "distance_to_site_km": 1.9664,
        "footprint_area_m2_webmercator": 1286.2,
        "source_dataset": "Overture Maps buildings",
        "source_url": "https://docs.overturemaps.org/getting-data/",
        "source_release": "2026-09-23.1",
        "source_accessed_on": "2026-09-28",
        "geometry_role": "current building-footprint polygon",
        "linkage_semantics": "Overlap/proximity only; not evidence that the building hosts AI compute."
      }
    },
    {
      "type": "Feature",
      "id": "b5beade2-5b87-460f-bcc3-2af4c70a673b",
      "geometry": {
        "type": "Polygon",
        "coordinates": [
          [
            [
              17.572297,
              68.562309
            ],
            [
              17.572121,
              68.562333
            ],
            [
              17.572062,
              68.562275
            ],
            [
              17.572238,
              68.562251
            ],
            [
              17.572297,
              68.562309
            ]
          ]
        ]
      },
      "properties": {
        "epoch_id": "EPOCH-1b7cb9c2b0eb479f",
        "site_name": "Microsoft Narvik Norway",
        "distance_to_site_km": 1.9797,
        "footprint_area_m2_webmercator": 394.12,
        "source_dataset": "Overture Maps buildings",
        "source_url": "https://docs.overturemaps.org/getting-data/",
        "source_release": "2026-09-23.1",
        "source_accessed_on": "2026-09-28",
        "geometry_role": "current building-footprint polygon",
        "linkage_semantics": "Overlap/proximity only; not evidence that the building hosts AI compute."
      }
    },
    {
      "type": "Feature",
      "id": "8029d9dd-38ae-4af0-a82d-84f1c6270d40",
      "geometry": {
        "type": "Polygon",
        "coordinates": [
          [
            [
              17.5727606,
              68.5626289
            ],
            [
              17.572751,
              68.5626301
            ],
            [
              17.5727952,
              68.562676
            ],
            [
              17.572586,
              68.562703
            ],
            [
              17.5725331,
              68.5626481
            ],
            [
              17.5725183,
              68.56265
            ],
            [
              17.5724835,
              68.5626139
            ],
            [
              17.5727071,
              68.5625851
            ],
            [
              17.5727341,
              68.5626131
            ],
            [
              17.5727441,
              68.5626118
            ],
            [
              17.5727606,
              68.5626289
            ]
          ]
        ]
      },
      "properties": {
        "epoch_id": "EPOCH-1b7cb9c2b0eb479f",
        "site_name": "Microsoft Narvik Norway",
        "distance_to_site_km": 1.9363,
        "footprint_area_m2_webmercator": 751.76,
        "source_dataset": "Overture Maps buildings",
        "source_url": "https://docs.overturemaps.org/getting-data/",
        "source_release": "2026-09-23.1",
        "source_accessed_on": "2026-09-28",
        "geometry_role": "current building-footprint polygon",
        "linkage_semantics": "Overlap/proximity only; not evidence that the building hosts AI compute."
      }
    },
    {
      "type": "Feature",
      "id": "62ed3419-2a51-41e4-8e26-b8a653091bf0",
      "geometry": {
        "type": "Polygon",
        "coordinates": [
          [
            [
              17.5731046,
              68.563294
            ],
            [
              17.5730512,
              68.5632347
            ],
            [
              17.5730215,
              68.5632383
            ],
            [
              17.5729809,
              68.5631931
            ],
            [
              17.5730091,
              68.5631897
            ],
            [
              17.5730067,
              68.563187
            ],
            [
              17.5732158,
              68.5631619
            ],
            [
              17.5733122,
              68.5632691
            ],
            [
              17.5731046,
              68.563294
            ]
          ]
        ]
      },
      "properties": {
        "epoch_id": "EPOCH-1b7cb9c2b0eb479f",
        "site_name": "Microsoft Narvik Norway",
        "distance_to_site_km": 1.8685,
        "footprint_area_m2_webmercator": 886.67,
        "source_dataset": "Overture Maps buildings",
        "source_url": "https://docs.overturemaps.org/getting-data/",
        "source_release": "2026-09-23.1",
        "source_accessed_on": "2026-09-28",
        "geometry_role": "current building-footprint polygon",
        "linkage_semantics": "Overlap/proximity only; not evidence that the building hosts AI compute."
      }
    },
    {
      "type": "Feature",
      "id": "0479d95f-e635-43f1-95b0-1ff5fc0729f7",
      "geometry": {
        "type": "Polygon",
        "coordinates": [
          [
            [
              17.5727167,
              68.56419
            ],
            [
              17.5724817,
              68.564232
            ],
            [
              17.5723893,
              68.564163
            ],
            [
              17.5726243,
              68.564121
            ],
            [
              17.5727167,
              68.56419
            ]
          ]
        ]
      },
      "properties": {
        "epoch_id": "EPOCH-1b7cb9c2b0eb479f",
        "site_name": "Microsoft Narvik Norway",
        "distance_to_site_km": 1.7824,
        "footprint_area_m2_webmercator": 681.41,
        "source_dataset": "Overture Maps buildings",
        "source_url": "https://docs.overturemaps.org/getting-data/",
        "source_release": "2026-09-23.1",
        "source_accessed_on": "2026-09-28",
        "geometry_role": "current building-footprint polygon",
        "linkage_semantics": "Overlap/proximity only; not evidence that the building hosts AI compute."
      }
    },
    {
      "type": "Feature",
      "id": "b908d434-4a29-4e91-8ca4-3947bb733cf0",
      "geometry": {
        "type": "Polygon",
        "coordinates": [
          [
            [
              17.5725012,
              68.564322
            ],
            [
              17.5726128,
              68.564302
            ],
            [
              17.5726543,
              68.564333
            ],
            [
              17.5725427,
              68.564353
            ],
            [
              17.5725012,
              68.564322
            ]
          ]
        ]
      },
      "properties": {
        "epoch_id": "EPOCH-1b7cb9c2b0eb479f",
        "site_name": "Microsoft Narvik Norway",
        "distance_to_site_km": 1.7668,
        "footprint_area_m2_webmercator": 145.45,
        "source_dataset": "Overture Maps buildings",
        "source_url": "https://docs.overturemaps.org/getting-data/",
        "source_release": "2026-09-23.1",
        "source_accessed_on": "2026-09-28",
        "geometry_role": "current building-footprint polygon",
        "linkage_semantics": "Overlap/proximity only; not evidence that the building hosts AI compute."
      }
    },
    {
      "type": "Feature",
      "id": "d82f7f2b-b8d1-42e5-9b99-43fa480e296f",
      "geometry": {
        "type": "Polygon",
        "coordinates": [
          [
            [
              17.5720935,
              68.564007
            ],
            [
              17.5721566,
              68.5640641
            ],
            [
              17.572015,
              68.564085
            ],
            [
              17.5719519,
              68.5640279
            ],
            [
              17.5720935,
              68.564007
            ]
          ]
        ]
      },
      "properties": {
        "epoch_id": "EPOCH-1b7cb9c2b0eb479f",
        "site_name": "Microsoft Narvik Norway",
        "distance_to_site_km": 1.8042,
        "footprint_area_m2_webmercator": 318.88,
        "source_dataset": "Overture Maps buildings",
        "source_url": "https://docs.overturemaps.org/getting-data/",
        "source_release": "2026-09-23.1",
        "source_accessed_on": "2026-09-28",
        "geometry_role": "current building-footprint polygon",
        "linkage_semantics": "Overlap/proximity only; not evidence that the building hosts AI compute."
      }
    },
    {
      "type": "Feature",
      "id": "7d48e088-a0f0-4ca7-9cb9-d9369ddc4a2a",
      "geometry": {
        "type": "Polygon",
        "coordinates": [
          [
            [
              17.5714848,
              68.5634649
            ],
            [
              17.5714446,
              68.5634357
            ],
            [
              17.5713646,
              68.5634505
            ],
            [
              17.5712875,
              68.5633946
            ],
            [
              17.5713817,
              68.5633772
            ],
            [
              17.5713967,
              68.5633881
            ],
            [
              17.5715553,
              68.5633589
            ],
            [
              17.5716574,
              68.5634329
            ],
            [
              17.5716498,
              68.5634343
            ],
            [
              17.5716756,
              68.563453
            ],
            [
              17.5715193,
              68.5634818
            ],
            [
              17.5714937,
              68.5634632
            ],
            [
              17.5714848,
              68.5634649
            ]
          ]
        ]
      },
      "properties": {
        "epoch_id": "EPOCH-1b7cb9c2b0eb479f",
        "site_name": "Microsoft Narvik Norway",
        "distance_to_site_km": 1.8769,
        "footprint_area_m2_webmercator": 864.92,
        "source_dataset": "Overture Maps buildings",
        "source_url": "https://docs.overturemaps.org/getting-data/",
        "source_release": "2026-09-23.1",
        "source_accessed_on": "2026-09-28",
        "geometry_role": "current building-footprint polygon",
        "linkage_semantics": "Overlap/proximity only; not evidence that the building hosts AI compute."
      }
    },
    {
      "type": "Feature",
      "id": "9de10e07-5b33-4a4b-838a-fb1dd2cc1309",
      "geometry": {
        "type": "Polygon",
        "coordinates": [
          [
            [
              17.5712636,
              68.5634878
            ],
            [
              17.5711978,
              68.5634309
            ],
            [
              17.5712775,
              68.5634186
            ],
            [
              17.5713433,
              68.5634755
            ],
            [
              17.5712636,
              68.5634878
            ]
          ]
        ]
      },
      "properties": {
        "epoch_id": "EPOCH-1b7cb9c2b0eb479f",
        "site_name": "Microsoft Narvik Norway",
        "distance_to_site_km": 1.8774,
        "footprint_area_m2_webmercator": 181.21,
        "source_dataset": "Overture Maps buildings",
        "source_url": "https://docs.overturemaps.org/getting-data/",
        "source_release": "2026-09-23.1",
        "source_accessed_on": "2026-09-28",
        "geometry_role": "current building-footprint polygon",
        "linkage_semantics": "Overlap/proximity only; not evidence that the building hosts AI compute."
      }
    },
    {
      "type": "Feature",
      "id": "19f9d667-05b1-4b00-8cce-8e6ecd444d49",
      "geometry": {
        "type": "Polygon",
        "coordinates": [
          [
            [
              17.5712827,
              68.5636454
            ],
            [
              17.5712309,
              68.5636085
            ],
            [
              17.5714199,
              68.5635731
            ],
            [
              17.5714717,
              68.56361
            ],
            [
              17.5712827,
              68.5636454
            ]
          ]
        ]
      },
      "properties": {
        "epoch_id": "EPOCH-1b7cb9c2b0eb479f",
        "site_name": "Microsoft Narvik Norway",
        "distance_to_site_km": 1.8603,
        "footprint_area_m2_webmercator": 298.65,
        "source_dataset": "Overture Maps buildings",
        "source_url": "https://docs.overturemaps.org/getting-data/",
        "source_release": "2026-09-23.1",
        "source_accessed_on": "2026-09-28",
        "geometry_role": "current building-footprint polygon",
        "linkage_semantics": "Overlap/proximity only; not evidence that the building hosts AI compute."
      }
    },
    {
      "type": "Feature",
      "id": "b4cf8047-bb3b-4041-a2f4-0e76251fc4d9",
      "geometry": {
        "type": "Polygon",
        "coordinates": [
          [
            [
              17.5715758,
              68.562085
            ],
            [
              17.5715332,
              68.562008
            ],
            [
              17.5717092,
              68.561995
            ],
            [
              17.5717518,
              68.562072
            ],
            [
              17.5715758,
              68.562085
            ]
          ]
        ]
      },
      "properties": {
        "epoch_id": "EPOCH-1b7cb9c2b0eb479f",
        "site_name": "Microsoft Narvik Norway",
        "distance_to_site_km": 2.014,
        "footprint_area_m2_webmercator": 478.26,
        "source_dataset": "Overture Maps buildings",
        "source_url": "https://docs.overturemaps.org/getting-data/",
        "source_release": "2026-09-23.1",
        "source_accessed_on": "2026-09-28",
        "geometry_role": "current building-footprint polygon",
        "linkage_semantics": "Overlap/proximity only; not evidence that the building hosts AI compute."
      }
    },
    {
      "type": "Feature",
      "id": "aac383b0-1d6e-4e2c-b1d3-1f62ca89c7e2",
      "geometry": {
        "type": "Polygon",
        "coordinates": [
          [
            [
              17.5719042,
              68.5622588
            ],
            [
              17.5717576,
              68.5622672
            ],
            [
              17.5717457,
              68.5622395
            ],
            [
              17.5718922,
              68.5622311
            ],
            [
              17.5719042,
              68.5622588
            ]
          ]
        ]
      },
      "properties": {
        "epoch_id": "EPOCH-1b7cb9c2b0eb479f",
        "site_name": "Microsoft Narvik Norway",
        "distance_to_site_km": 1.9898,
        "footprint_area_m2_webmercator": 141.04,
        "source_dataset": "Overture Maps buildings",
        "source_url": "https://docs.overturemaps.org/getting-data/",
        "source_release": "2026-09-23.1",
        "source_accessed_on": "2026-09-28",
        "geometry_role": "current building-footprint polygon",
        "linkage_semantics": "Overlap/proximity only; not evidence that the building hosts AI compute."
      }
    },
    {
      "type": "Feature",
      "id": "cb26ef8b-ff6e-42b9-83cf-7f848a5e6e72",
      "geometry": {
        "type": "Polygon",
        "coordinates": [
          [
            [
              17.5720523,
              68.561634
            ],
            [
              17.5720527,
              68.5616371
            ],
            [
              17.5721101,
              68.5616359
            ],
            [
              17.5721149,
              68.5616689
            ],
            [
              17.5721029,
              68.5616691
            ],
            [
              17.5721081,
              68.5617051
            ],
            [
              17.5720627,
              68.5617059
            ],
            [
              17.5720722,
              68.561771
            ],
            [
              17.57187,
              68.561775
            ],
            [
              17.57185,
              68.561638
            ],
            [
              17.5720523,
              68.561634
            ]
          ]
        ]
      },
      "properties": {
        "epoch_id": "EPOCH-1b7cb9c2b0eb479f",
        "site_name": "Microsoft Narvik Norway",
        "distance_to_site_km": 2.0435,
        "footprint_area_m2_webmercator": 1061.77,
        "source_dataset": "Overture Maps buildings",
        "source_url": "https://docs.overturemaps.org/getting-data/",
        "source_release": "2026-09-23.1",
        "source_accessed_on": "2026-09-28",
        "geometry_role": "current building-footprint polygon",
        "linkage_semantics": "Overlap/proximity only; not evidence that the building hosts AI compute."
      }
    },
    {
      "type": "Feature",
      "id": "3afc5bea-1817-4c2b-9867-a388f71b5bfd",
      "geometry": {
        "type": "Polygon",
        "coordinates": [
          [
            [
              17.571836,
              68.5615188
            ],
            [
              17.571815,
              68.5613873
            ],
            [
              17.5720275,
              68.5613827
            ],
            [
              17.5720485,
              68.5615142
            ],
            [
              17.571836,
              68.5615188
            ]
          ]
        ]
      },
      "properties": {
        "epoch_id": "EPOCH-1b7cb9c2b0eb479f",
        "site_name": "Microsoft Narvik Norway",
        "distance_to_site_km": 2.0698,
        "footprint_area_m2_webmercator": 950.68,
        "source_dataset": "Overture Maps buildings",
        "source_url": "https://docs.overturemaps.org/getting-data/",
        "source_release": "2026-09-23.1",
        "source_accessed_on": "2026-09-28",
        "geometry_role": "current building-footprint polygon",
        "linkage_semantics": "Overlap/proximity only; not evidence that the building hosts AI compute."
      }
    },
    {
      "type": "Feature",
      "id": "df34b9e4-8817-49c0-8ae8-715be9c73363",
      "geometry": {
        "type": "Polygon",
        "coordinates": [
          [
            [
              17.5716359,
              68.5608938
            ],
            [
              17.5718747,
              68.56086
            ],
            [
              17.5719145,
              68.5608975
            ],
            [
              17.5716757,
              68.5609313
            ],
            [
              17.5716359,
              68.5608938
            ]
          ]
        ]
      },
      "properties": {
        "epoch_id": "EPOCH-1b7cb9c2b0eb479f",
        "site_name": "Microsoft Narvik Norway",
        "distance_to_site_km": 2.1294,
        "footprint_area_m2_webmercator": 349.21,
        "source_dataset": "Overture Maps buildings",
        "source_url": "https://docs.overturemaps.org/getting-data/",
        "source_release": "2026-09-23.1",
        "source_accessed_on": "2026-09-28",
        "geometry_role": "current building-footprint polygon",
        "linkage_semantics": "Overlap/proximity only; not evidence that the building hosts AI compute."
      }
    },
    {
      "type": "Feature",
      "id": "066a1647-2bcf-40c2-83cf-7550197ef217",
      "geometry": {
        "type": "Polygon",
        "coordinates": [
          [
            [
              17.5716395,
              68.560991
            ],
            [
              17.5715881,
              68.5609932
            ],
            [
              17.5715871,
              68.5609897
            ],
            [
              17.5717327,
              68.5609836
            ],
            [
              17.5717424,
              68.5610146
            ],
            [
              17.5716482,
              68.5610186
            ],
            [
              17.5716395,
              68.560991
            ]
          ]
        ]
      },
      "properties": {
        "epoch_id": "EPOCH-1b7cb9c2b0eb479f",
        "site_name": "Microsoft Narvik Norway",
        "distance_to_site_km": 2.12,
        "footprint_area_m2_webmercator": 106.57,
        "source_dataset": "Overture Maps buildings",
        "source_url": "https://docs.overturemaps.org/getting-data/",
        "source_release": "2026-09-23.1",
        "source_accessed_on": "2026-09-28",
        "geometry_role": "current building-footprint polygon",
        "linkage_semantics": "Overlap/proximity only; not evidence that the building hosts AI compute."
      }
    },
    {
      "type": "Feature",
      "id": "b97bc277-4a38-4a52-8263-e17c27cca6e9",
      "geometry": {
        "type": "Polygon",
        "coordinates": [
          [
            [
              17.5720811,
              68.561157
            ],
            [
              17.5720078,
              68.561159
            ],
            [
              17.5720192,
              68.561215
            ],
            [
              17.5718011,
              68.5612209
            ],
            [
              17.5717738,
              68.5610859
            ],
            [
              17.5719912,
              68.5610801
            ],
            [
              17.5719988,
              68.561118
            ],
            [
              17.5720729,
              68.561116
            ],
            [
              17.5720811,
              68.561157
            ]
          ]
        ]
      },
      "properties": {
        "epoch_id": "EPOCH-1b7cb9c2b0eb479f",
        "site_name": "Microsoft Narvik Norway",
        "distance_to_site_km": 2.1012,
        "footprint_area_m2_webmercator": 1104.79,
        "source_dataset": "Overture Maps buildings",
        "source_url": "https://docs.overturemaps.org/getting-data/",
        "source_release": "2026-09-23.1",
        "source_accessed_on": "2026-09-28",
        "geometry_role": "current building-footprint polygon",
        "linkage_semantics": "Overlap/proximity only; not evidence that the building hosts AI compute."
      }
    },
    {
      "type": "Feature",
      "id": "ac64f636-ea82-4aba-a47d-0acc90be946f",
      "geometry": {
        "type": "Polygon",
        "coordinates": [
          [
            [
              17.5720011,
              68.5609631
            ],
            [
              17.5717789,
              68.5609979
            ],
            [
              17.5717249,
              68.5609519
            ],
            [
              17.5719471,
              68.5609171
            ],
            [
              17.5720011,
              68.5609631
            ]
          ]
        ]
      },
      "properties": {
        "epoch_id": "EPOCH-1b7cb9c2b0eb479f",
        "site_name": "Microsoft Narvik Norway",
        "distance_to_site_km": 2.1217,
        "footprint_area_m2_webmercator": 410.24,
        "source_dataset": "Overture Maps buildings",
        "source_url": "https://docs.overturemaps.org/getting-data/",
        "source_release": "2026-09-23.1",
        "source_accessed_on": "2026-09-28",
        "geometry_role": "current building-footprint polygon",
        "linkage_semantics": "Overlap/proximity only; not evidence that the building hosts AI compute."
      }
    },
    {
      "type": "Feature",
      "id": "e3e17a03-2af4-432c-ada8-0d57f519627c",
      "geometry": {
        "type": "Polygon",
        "coordinates": [
          [
            [
              17.5721321,
              68.5612893
            ],
            [
              17.572154,
              68.5613491
            ],
            [
              17.5720952,
              68.5613519
            ],
            [
              17.5720858,
              68.5613263
            ],
            [
              17.5720151,
              68.5613297
            ],
            [
              17.5720026,
              68.5612957
            ],
            [
              17.5721321,
              68.5612893
            ]
          ]
        ]
      },
      "properties": {
        "epoch_id": "EPOCH-1b7cb9c2b0eb479f",
        "site_name": "Microsoft Narvik Norway",
        "distance_to_site_km": 2.0813,
        "footprint_area_m2_webmercator": 204.31,
        "source_dataset": "Overture Maps buildings",
        "source_url": "https://docs.overturemaps.org/getting-data/",
        "source_release": "2026-09-23.1",
        "source_accessed_on": "2026-09-28",
        "geometry_role": "current building-footprint polygon",
        "linkage_semantics": "Overlap/proximity only; not evidence that the building hosts AI compute."
      }
    },
    {
      "type": "Feature",
      "id": "fda00dd0-24db-4d80-aaf3-85492cc19584",
      "geometry": {
        "type": "Polygon",
        "coordinates": [
          [
            [
              17.572735,
              68.561592
            ],
            [
              17.572735,
              68.561579
            ],
            [
              17.5726845,
              68.561579
            ],
            [
              17.5726845,
              68.561504
            ],
            [
              17.5728725,
              68.561504
            ],
            [
              17.5728725,
              68.561579
            ],
            [
              17.5728585,
              68.561579
            ],
            [
              17.5728585,
              68.561592
            ],
            [
              17.572735,
              68.561592
            ]
          ]
        ]
      },
      "properties": {
        "epoch_id": "EPOCH-1b7cb9c2b0eb479f",
        "site_name": "Microsoft Narvik Norway",
        "distance_to_site_km": 2.0471,
        "footprint_area_m2_webmercator": 532.48,
        "source_dataset": "Overture Maps buildings",
        "source_url": "https://docs.overturemaps.org/getting-data/",
        "source_release": "2026-09-23.1",
        "source_accessed_on": "2026-09-28",
        "geometry_role": "current building-footprint polygon",
        "linkage_semantics": "Overlap/proximity only; not evidence that the building hosts AI compute."
      }
    },
    {
      "type": "Feature",
      "id": "cb333060-c153-4d33-bb37-1c595cdbdc60",
      "geometry": {
        "type": "Polygon",
        "coordinates": [
          [
            [
              17.5726429,
              68.5612831
            ],
            [
              17.572603,
              68.5611466
            ],
            [
              17.5728151,
              68.5611384
            ],
            [
              17.572855,
              68.5612749
            ],
            [
              17.5726429,
              68.5612831
            ]
          ]
        ]
      },
      "properties": {
        "epoch_id": "EPOCH-1b7cb9c2b0eb479f",
        "site_name": "Microsoft Narvik Norway",
        "distance_to_site_km": 2.0826,
        "footprint_area_m2_webmercator": 992.66,
        "source_dataset": "Overture Maps buildings",
        "source_url": "https://docs.overturemaps.org/getting-data/",
        "source_release": "2026-09-23.1",
        "source_accessed_on": "2026-09-28",
        "geometry_role": "current building-footprint polygon",
        "linkage_semantics": "Overlap/proximity only; not evidence that the building hosts AI compute."
      }
    },
    {
      "type": "Feature",
      "id": "4c4c00a0-3e10-44f3-a34b-0aa284a101be",
      "geometry": {
        "type": "Polygon",
        "coordinates": [
          [
            [
              17.5727569,
              68.5608631
            ],
            [
              17.5726658,
              68.5608669
            ],
            [
              17.5727053,
              68.5609913
            ],
            [
              17.5725069,
              68.5609997
            ],
            [
              17.572466,
              68.5608711
            ],
            [
              17.5725397,
              68.5608679
            ],
            [
              17.5725233,
              68.5608161
            ],
            [
              17.5727391,
              68.5608069
            ],
            [
              17.5727569,
              68.5608631
            ]
          ]
        ]
      },
      "properties": {
        "epoch_id": "EPOCH-1b7cb9c2b0eb479f",
        "site_name": "Microsoft Narvik Norway",
        "distance_to_site_km": 2.1164,
        "footprint_area_m2_webmercator": 1275.07,
        "source_dataset": "Overture Maps buildings",
        "source_url": "https://docs.overturemaps.org/getting-data/",
        "source_release": "2026-09-23.1",
        "source_accessed_on": "2026-09-28",
        "geometry_role": "current building-footprint polygon",
        "linkage_semantics": "Overlap/proximity only; not evidence that the building hosts AI compute."
      }
    },
    {
      "type": "Feature",
      "id": "a84fa494-5e61-47fa-8ec9-055ca62dc087",
      "geometry": {
        "type": "Polygon",
        "coordinates": [
          [
            [
              17.5732935,
              68.56125
            ],
            [
              17.5734395,
              68.561024
            ],
            [
              17.573741,
              68.56105
            ],
            [
              17.573595,
              68.561276
            ],
            [
              17.5732935,
              68.56125
            ]
          ]
        ]
      },
      "properties": {
        "epoch_id": "EPOCH-1b7cb9c2b0eb479f",
        "site_name": "Microsoft Narvik Norway",
        "distance_to_site_km": 2.0775,
        "footprint_area_m2_webmercator": 2438.85,
        "source_dataset": "Overture Maps buildings",
        "source_url": "https://docs.overturemaps.org/getting-data/",
        "source_release": "2026-09-23.1",
        "source_accessed_on": "2026-09-28",
        "geometry_role": "current building-footprint polygon",
        "linkage_semantics": "Overlap/proximity only; not evidence that the building hosts AI compute."
      }
    },
    {
      "type": "Feature",
      "id": "cf09e57c-4083-4d76-b0bf-9705456121c4",
      "geometry": {
        "type": "Polygon",
        "coordinates": [
          [
            [
              17.573716,
              68.560808
            ],
            [
              17.573646,
              68.560882
            ],
            [
              17.573744,
              68.560895
            ],
            [
              17.57368,
              68.560963
            ],
            [
              17.573245,
              68.560908
            ],
            [
              17.573303,
              68.560846
            ],
            [
              17.57328,
              68.560832
            ],
            [
              17.573284,
              68.560827
            ],
            [
              17.573292,
              68.560828
            ],
            [
              17.573325,
              68.560792
            ],
            [
              17.573318,
              68.560791
            ],
            [
              17.573319,
              68.560788
            ],
            [
              17.573363,
              68.560782
            ],
            [
              17.573386,
              68.560757
            ],
            [
              17.57362,
              68.560786
            ],
            [
              17.573612,
              68.560794
            ],
            [
              17.573716,
              68.560808
            ]
          ]
        ]
      },
      "properties": {
        "epoch_id": "EPOCH-1b7cb9c2b0eb479f",
        "site_name": "Microsoft Narvik Norway",
        "distance_to_site_km": 2.1078,
        "footprint_area_m2_webmercator": 2211.71,
        "source_dataset": "Overture Maps buildings",
        "source_url": "https://docs.overturemaps.org/getting-data/",
        "source_release": "2026-09-23.1",
        "source_accessed_on": "2026-09-28",
        "geometry_role": "current building-footprint polygon",
        "linkage_semantics": "Overlap/proximity only; not evidence that the building hosts AI compute."
      }
    },
    {
      "type": "Feature",
      "id": "8a3856a0-2e14-4213-a521-55ab8d8f43af",
      "geometry": {
        "type": "Polygon",
        "coordinates": [
          [
            [
              17.573284,
              68.5607353
            ],
            [
              17.573287,
              68.5607108
            ],
            [
              17.5734305,
              68.5607131
            ],
            [
              17.5734276,
              68.5607376
            ],
            [
              17.573284,
              68.5607353
            ]
          ]
        ]
      },
      "properties": {
        "epoch_id": "EPOCH-1b7cb9c2b0eb479f",
        "site_name": "Microsoft Narvik Norway",
        "distance_to_site_km": 2.1241,
        "footprint_area_m2_webmercator": 119.47,
        "source_dataset": "Overture Maps buildings",
        "source_url": "https://docs.overturemaps.org/getting-data/",
        "source_release": "2026-09-23.1",
        "source_accessed_on": "2026-09-28",
        "geometry_role": "current building-footprint polygon",
        "linkage_semantics": "Overlap/proximity only; not evidence that the building hosts AI compute."
      }
    },
    {
      "type": "Feature",
      "id": "e29cd33f-4436-49c8-b9d8-a105b8970484",
      "geometry": {
        "type": "Polygon",
        "coordinates": [
          [
            [
              17.5731795,
              68.560474
            ],
            [
              17.5731945,
              68.560423
            ],
            [
              17.573296,
              68.560427
            ],
            [
              17.573281,
              68.560478
            ],
            [
              17.5731795,
              68.560474
            ]
          ]
        ]
      },
      "properties": {
        "epoch_id": "EPOCH-1b7cb9c2b0eb479f",
        "site_name": "Microsoft Narvik Norway",
        "distance_to_site_km": 2.1544,
        "footprint_area_m2_webmercator": 177.53,
        "source_dataset": "Overture Maps buildings",
        "source_url": "https://docs.overturemaps.org/getting-data/",
        "source_release": "2026-09-23.1",
        "source_accessed_on": "2026-09-28",
        "geometry_role": "current building-footprint polygon",
        "linkage_semantics": "Overlap/proximity only; not evidence that the building hosts AI compute."
      }
    },
    {
      "type": "Feature",
      "id": "42c60cb9-dd62-40c0-8f40-cc19ba5a2a59",
      "geometry": {
        "type": "Polygon",
        "coordinates": [
          [
            [
              17.5729199,
              68.5603072
            ],
            [
              17.5729805,
              68.5603108
            ],
            [
              17.5730055,
              68.5602551
            ],
            [
              17.5731874,
              68.560266
            ],
            [
              17.5731467,
              68.5603567
            ],
            [
              17.5731555,
              68.5603573
            ],
            [
              17.5731326,
              68.5604086
            ],
            [
              17.573097,
              68.5604064
            ],
            [
              17.5730798,
              68.560445
            ],
            [
              17.572864,
              68.560432
            ],
            [
              17.5729199,
              68.5603072
            ]
          ]
        ]
      },
      "properties": {
        "epoch_id": "EPOCH-1b7cb9c2b0eb479f",
        "site_name": "Microsoft Narvik Norway",
        "distance_to_site_km": 2.1675,
        "footprint_area_m2_webmercator": 1386.72,
        "source_dataset": "Overture Maps buildings",
        "source_url": "https://docs.overturemaps.org/getting-data/",
        "source_release": "2026-09-23.1",
        "source_accessed_on": "2026-09-28",
        "geometry_role": "current building-footprint polygon",
        "linkage_semantics": "Overlap/proximity only; not evidence that the building hosts AI compute."
      }
    },
    {
      "type": "Feature",
      "id": "aae81576-79a9-461e-aada-b27b7600a65d",
      "geometry": {
        "type": "Polygon",
        "coordinates": [
          [
            [
              17.573169,
              68.560138
            ],
            [
              17.5730105,
              68.560142
            ],
            [
              17.5729945,
              68.560058
            ],
            [
              17.573153,
              68.560054
            ],
            [
              17.573169,
              68.560138
            ]
          ]
        ]
      },
      "properties": {
        "epoch_id": "EPOCH-1b7cb9c2b0eb479f",
        "site_name": "Microsoft Narvik Norway",
        "distance_to_site_km": 2.1934,
        "footprint_area_m2_webmercator": 453.54,
        "source_dataset": "Overture Maps buildings",
        "source_url": "https://docs.overturemaps.org/getting-data/",
        "source_release": "2026-09-23.1",
        "source_accessed_on": "2026-09-28",
        "geometry_role": "current building-footprint polygon",
        "linkage_semantics": "Overlap/proximity only; not evidence that the building hosts AI compute."
      }
    },
    {
      "type": "Feature",
      "id": "38b6025a-36d0-4b2c-b2de-3dc7995510d6",
      "geometry": {
        "type": "Polygon",
        "coordinates": [
          [
            [
              17.5737799,
              68.5601501
            ],
            [
              17.573774,
              68.5601912
            ],
            [
              17.573801,
              68.5601918
            ],
            [
              17.573793,
              68.5602481
            ],
            [
              17.573621,
              68.5602449
            ],
            [
              17.573629,
              68.5601887
            ],
            [
              17.573663,
              68.5601893
            ],
            [
              17.5736689,
              68.5601479
            ],
            [
              17.5737799,
              68.5601501
            ]
          ]
        ]
      },
      "properties": {
        "epoch_id": "EPOCH-1b7cb9c2b0eb479f",
        "site_name": "Microsoft Narvik Norway",
        "distance_to_site_km": 2.1739,
        "footprint_area_m2_webmercator": 484.79,
        "source_dataset": "Overture Maps buildings",
        "source_url": "https://docs.overturemaps.org/getting-data/",
        "source_release": "2026-09-23.1",
        "source_accessed_on": "2026-09-28",
        "geometry_role": "current building-footprint polygon",
        "linkage_semantics": "Overlap/proximity only; not evidence that the building hosts AI compute."
      }
    },
    {
      "type": "Feature",
      "id": "5f090911-5c71-4172-a6d2-d082cf5fb213",
      "geometry": {
        "type": "Polygon",
        "coordinates": [
          [
            [
              17.5739261,
              68.5601397
            ],
            [
              17.5740222,
              68.5601373
            ],
            [
              17.574032,
              68.5601885
            ],
            [
              17.573936,
              68.560191
            ],
            [
              17.5739261,
              68.5601397
            ]
          ]
        ]
      },
      "properties": {
        "epoch_id": "EPOCH-1b7cb9c2b0eb479f",
        "site_name": "Microsoft Narvik Norway",
        "distance_to_site_km": 2.1744,
        "footprint_area_m2_webmercator": 167.7,
        "source_dataset": "Overture Maps buildings",
        "source_url": "https://docs.overturemaps.org/getting-data/",
        "source_release": "2026-09-23.1",
        "source_accessed_on": "2026-09-28",
        "geometry_role": "current building-footprint polygon",
        "linkage_semantics": "Overlap/proximity only; not evidence that the building hosts AI compute."
      }
    },
    {
      "type": "Feature",
      "id": "5ef295a1-f711-4d72-8de9-7b784bcde3d5",
      "geometry": {
        "type": "Polygon",
        "coordinates": [
          [
            [
              17.5740306,
              68.5601223
            ],
            [
              17.5739512,
              68.5601215
            ],
            [
              17.5739544,
              68.5600788
            ],
            [
              17.5740338,
              68.5600796
            ],
            [
              17.5740306,
              68.5601223
            ]
          ]
        ]
      },
      "properties": {
        "epoch_id": "EPOCH-1b7cb9c2b0eb479f",
        "site_name": "Microsoft Narvik Norway",
        "distance_to_site_km": 2.1809,
        "footprint_area_m2_webmercator": 115.03,
        "source_dataset": "Overture Maps buildings",
        "source_url": "https://docs.overturemaps.org/getting-data/",
        "source_release": "2026-09-23.1",
        "source_accessed_on": "2026-09-28",
        "geometry_role": "current building-footprint polygon",
        "linkage_semantics": "Overlap/proximity only; not evidence that the building hosts AI compute."
      }
    },
    {
      "type": "Feature",
      "id": "a51c0f07-3f1f-4f3b-ba73-dec4935060fd",
      "geometry": {
        "type": "Polygon",
        "coordinates": [
          [
            [
              17.5741421,
              68.560365
            ],
            [
              17.5740181,
              68.5603531
            ],
            [
              17.5740008,
              68.5603771
            ],
            [
              17.5738643,
              68.560364
            ],
            [
              17.5739448,
              68.560252
            ],
            [
              17.5740077,
              68.560258
            ],
            [
              17.5740393,
              68.560214
            ],
            [
              17.5742369,
              68.560233
            ],
            [
              17.5741421,
              68.560365
            ]
          ]
        ]
      },
      "properties": {
        "epoch_id": "EPOCH-1b7cb9c2b0eb479f",
        "site_name": "Microsoft Narvik Norway",
        "distance_to_site_km": 2.1594,
        "footprint_area_m2_webmercator": 1264.86,
        "source_dataset": "Overture Maps buildings",
        "source_url": "https://docs.overturemaps.org/getting-data/",
        "source_release": "2026-09-23.1",
        "source_accessed_on": "2026-09-28",
        "geometry_role": "current building-footprint polygon",
        "linkage_semantics": "Overlap/proximity only; not evidence that the building hosts AI compute."
      }
    },
    {
      "type": "Feature",
      "id": "19904e77-63f1-4dc2-ae01-fec1b06cd6b1",
      "geometry": {
        "type": "Polygon",
        "coordinates": [
          [
            [
              17.5742789,
              68.5606237
            ],
            [
              17.5740417,
              68.5606012
            ],
            [
              17.574063,
              68.5605712
            ],
            [
              17.5740789,
              68.5605727
            ],
            [
              17.5741162,
              68.5605201
            ],
            [
              17.5741461,
              68.5605229
            ],
            [
              17.5741684,
              68.5604915
            ],
            [
              17.5743599,
              68.5605096
            ],
            [
              17.5742789,
              68.5606237
            ]
          ]
        ]
      },
      "properties": {
        "epoch_id": "EPOCH-1b7cb9c2b0eb479f",
        "site_name": "Microsoft Narvik Norway",
        "distance_to_site_km": 2.1299,
        "footprint_area_m2_webmercator": 896.8,
        "source_dataset": "Overture Maps buildings",
        "source_url": "https://docs.overturemaps.org/getting-data/",
        "source_release": "2026-09-23.1",
        "source_accessed_on": "2026-09-28",
        "geometry_role": "current building-footprint polygon",
        "linkage_semantics": "Overlap/proximity only; not evidence that the building hosts AI compute."
      }
    },
    {
      "type": "Feature",
      "id": "fc220f56-531b-4a48-a074-5e54e5fb82e4",
      "geometry": {
        "type": "Polygon",
        "coordinates": [
          [
            [
              17.5738159,
              68.5604983
            ],
            [
              17.573831,
              68.5604328
            ],
            [
              17.5740041,
              68.5604382
            ],
            [
              17.573989,
              68.5605037
            ],
            [
              17.5738159,
              68.5604983
            ]
          ]
        ]
      },
      "properties": {
        "epoch_id": "EPOCH-1b7cb9c2b0eb479f",
        "site_name": "Microsoft Narvik Norway",
        "distance_to_site_km": 2.1434,
        "footprint_area_m2_webmercator": 387.15,
        "source_dataset": "Overture Maps buildings",
        "source_url": "https://docs.overturemaps.org/getting-data/",
        "source_release": "2026-09-23.1",
        "source_accessed_on": "2026-09-28",
        "geometry_role": "current building-footprint polygon",
        "linkage_semantics": "Overlap/proximity only; not evidence that the building hosts AI compute."
      }
    },
    {
      "type": "Feature",
      "id": "2eedc982-68f7-4276-ae1f-fc8f346e7196",
      "geometry": {
        "type": "Polygon",
        "coordinates": [
          [
            [
              17.5743002,
              68.5614527
            ],
            [
              17.5744587,
              68.5614663
            ],
            [
              17.5744171,
              68.5615311
            ],
            [
              17.5742752,
              68.5615189
            ],
            [
              17.5742917,
              68.5614932
            ],
            [
              17.5742751,
              68.5614918
            ],
            [
              17.5743002,
              68.5614527
            ]
          ]
        ]
      },
      "properties": {
        "epoch_id": "EPOCH-1b7cb9c2b0eb479f",
        "site_name": "Microsoft Narvik Norway",
        "distance_to_site_km": 2.03,
        "footprint_area_m2_webmercator": 352.09,
        "source_dataset": "Overture Maps buildings",
        "source_url": "https://docs.overturemaps.org/getting-data/",
        "source_release": "2026-09-23.1",
        "source_accessed_on": "2026-09-28",
        "geometry_role": "current building-footprint polygon",
        "linkage_semantics": "Overlap/proximity only; not evidence that the building hosts AI compute."
      }
    },
    {
      "type": "Feature",
      "id": "5e0b9bfc-9fa6-46d3-b9a5-469d54b4ecbe",
      "geometry": {
        "type": "Polygon",
        "coordinates": [
          [
            [
              17.574153,
              68.5610044
            ],
            [
              17.5742397,
              68.5610091
            ],
            [
              17.5742281,
              68.5610379
            ],
            [
              17.5742769,
              68.5610405
            ],
            [
              17.5742734,
              68.5610491
            ],
            [
              17.5741379,
              68.5610418
            ],
            [
              17.574153,
              68.5610044
            ]
          ]
        ]
      },
      "properties": {
        "epoch_id": "EPOCH-1b7cb9c2b0eb479f",
        "site_name": "Microsoft Narvik Norway",
        "distance_to_site_km": 2.0808,
        "footprint_area_m2_webmercator": 126.83,
        "source_dataset": "Overture Maps buildings",
        "source_url": "https://docs.overturemaps.org/getting-data/",
        "source_release": "2026-09-23.1",
        "source_accessed_on": "2026-09-28",
        "geometry_role": "current building-footprint polygon",
        "linkage_semantics": "Overlap/proximity only; not evidence that the building hosts AI compute."
      }
    },
    {
      "type": "Feature",
      "id": "5191a34b-c8f3-46f9-81e3-fec0eb74c4bc",
      "geometry": {
        "type": "Polygon",
        "coordinates": [
          [
            [
              17.574219,
              68.5608737
            ],
            [
              17.5741993,
              68.5609018
            ],
            [
              17.5741828,
              68.5609002
            ],
            [
              17.5741693,
              68.5609196
            ],
            [
              17.5740081,
              68.5609045
            ],
            [
              17.5740646,
              68.5608238
            ],
            [
              17.5742266,
              68.560839
            ],
            [
              17.5742033,
              68.5608723
            ],
            [
              17.574219,
              68.5608737
            ]
          ]
        ]
      },
      "properties": {
        "epoch_id": "EPOCH-1b7cb9c2b0eb479f",
        "site_name": "Microsoft Narvik Norway",
        "distance_to_site_km": 2.0982,
        "footprint_area_m2_webmercator": 487.55,
        "source_dataset": "Overture Maps buildings",
        "source_url": "https://docs.overturemaps.org/getting-data/",
        "source_release": "2026-09-23.1",
        "source_accessed_on": "2026-09-28",
        "geometry_role": "current building-footprint polygon",
        "linkage_semantics": "Overlap/proximity only; not evidence that the building hosts AI compute."
      }
    },
    {
      "type": "Feature",
      "id": "d4a2e6bd-d384-4fbb-81c3-418009175be1",
      "geometry": {
        "type": "Polygon",
        "coordinates": [
          [
            [
              17.5741993,
              68.5609018
            ],
            [
              17.574219,
              68.5608737
            ],
            [
              17.5742573,
              68.560819
            ],
            [
              17.5744821,
              68.56084
            ],
            [
              17.574462,
              68.5608688
            ],
            [
              17.574649,
              68.5608862
            ],
            [
              17.5746058,
              68.5609479
            ],
            [
              17.5744039,
              68.560929
            ],
            [
              17.574406,
              68.5609261
            ],
            [
              17.5742983,
              68.560916
            ],
            [
              17.5742859,
              68.5609338
            ],
            [
              17.5741836,
              68.5609242
            ],
            [
              17.5741993,
              68.5609018
            ]
          ]
        ]
      },
      "properties": {
        "epoch_id": "EPOCH-1b7cb9c2b0eb479f",
        "site_name": "Microsoft Narvik Norway",
        "distance_to_site_km": 2.0927,
        "footprint_area_m2_webmercator": 1193.92,
        "source_dataset": "Overture Maps buildings",
        "source_url": "https://docs.overturemaps.org/getting-data/",
        "source_release": "2026-09-23.1",
        "source_accessed_on": "2026-09-28",
        "geometry_role": "current building-footprint polygon",
        "linkage_semantics": "Overlap/proximity only; not evidence that the building hosts AI compute."
      }
    },
    {
      "type": "Feature",
      "id": "718c7e90-4752-4e41-b45b-58d3eaf4050b",
      "geometry": {
        "type": "Polygon",
        "coordinates": [
          [
            [
              17.5746318,
              68.5610043
            ],
            [
              17.5746009,
              68.5610561
            ],
            [
              17.5746102,
              68.5610569
            ],
            [
              17.5745338,
              68.5611851
            ],
            [
              17.5743303,
              68.5611689
            ],
            [
              17.5743957,
              68.5610591
            ],
            [
              17.5743812,
              68.5610579
            ],
            [
              17.5744231,
              68.5609877
            ],
            [
              17.5746318,
              68.5610043
            ]
          ]
        ]
      },
      "properties": {
        "epoch_id": "EPOCH-1b7cb9c2b0eb479f",
        "site_name": "Microsoft Narvik Norway",
        "distance_to_site_km": 2.0709,
        "footprint_area_m2_webmercator": 1320.33,
        "source_dataset": "Overture Maps buildings",
        "source_url": "https://docs.overturemaps.org/getting-data/",
        "source_release": "2026-09-23.1",
        "source_accessed_on": "2026-09-28",
        "geometry_role": "current building-footprint polygon",
        "linkage_semantics": "Overlap/proximity only; not evidence that the building hosts AI compute."
      }
    },
    {
      "type": "Feature",
      "id": "f76f60d8-c660-4cf3-a8b6-6654b931f7d9",
      "geometry": {
        "type": "Polygon",
        "coordinates": [
          [
            [
              17.5748409,
              68.5615088
            ],
            [
              17.5747704,
              68.5615033
            ],
            [
              17.5747525,
              68.561534
            ],
            [
              17.574496,
              68.561514
            ],
            [
              17.574567,
              68.561392
            ],
            [
              17.574823,
              68.561412
            ],
            [
              17.5747981,
              68.5614548
            ],
            [
              17.5748691,
              68.5614603
            ],
            [
              17.5748409,
              68.5615088
            ]
          ]
        ]
      },
      "properties": {
        "epoch_id": "EPOCH-1b7cb9c2b0eb479f",
        "site_name": "Microsoft Narvik Norway",
        "distance_to_site_km": 2.0285,
        "footprint_area_m2_webmercator": 1229.4,
        "source_dataset": "Overture Maps buildings",
        "source_url": "https://docs.overturemaps.org/getting-data/",
        "source_release": "2026-09-23.1",
        "source_accessed_on": "2026-09-28",
        "geometry_role": "current building-footprint polygon",
        "linkage_semantics": "Overlap/proximity only; not evidence that the building hosts AI compute."
      }
    },
    {
      "type": "Feature",
      "id": "9771c827-2b49-4338-bde7-6f76b3555074",
      "geometry": {
        "type": "Polygon",
        "coordinates": [
          [
            [
              17.5755492,
              68.5611961
            ],
            [
              17.5754479,
              68.561188
            ],
            [
              17.57544,
              68.5612013
            ],
            [
              17.575296,
              68.5611897
            ],
            [
              17.5752611,
              68.561248
            ],
            [
              17.5750607,
              68.561232
            ],
            [
              17.5751462,
              68.5610892
            ],
            [
              17.5751529,
              68.5610898
            ],
            [
              17.5751671,
              68.5610662
            ],
            [
              17.5752883,
              68.5610759
            ],
            [
              17.5752739,
              68.5610998
            ],
            [
              17.5755916,
              68.5611252
            ],
            [
              17.5755492,
              68.5611961
            ]
          ]
        ]
      },
      "properties": {
        "epoch_id": "EPOCH-1b7cb9c2b0eb479f",
        "site_name": "Microsoft Narvik Norway",
        "distance_to_site_km": 2.0525,
        "footprint_area_m2_webmercator": 1802.44,
        "source_dataset": "Overture Maps buildings",
        "source_url": "https://docs.overturemaps.org/getting-data/",
        "source_release": "2026-09-23.1",
        "source_accessed_on": "2026-09-28",
        "geometry_role": "current building-footprint polygon",
        "linkage_semantics": "Overlap/proximity only; not evidence that the building hosts AI compute."
      }
    },
    {
      "type": "Feature",
      "id": "cdf650b6-66eb-4339-a002-854713124d2c",
      "geometry": {
        "type": "Polygon",
        "coordinates": [
          [
            [
              17.5755681,
              68.5616262
            ],
            [
              17.5755599,
              68.5616078
            ],
            [
              17.5755539,
              68.5616082
            ],
            [
              17.5755233,
              68.5615392
            ],
            [
              17.5756661,
              68.5615308
            ],
            [
              17.5756969,
              68.5616001
            ],
            [
              17.575684,
              68.5616009
            ],
            [
              17.5756919,
              68.5616188
            ],
            [
              17.5755681,
              68.5616262
            ]
          ]
        ]
      },
      "properties": {
        "epoch_id": "EPOCH-1b7cb9c2b0eb479f",
        "site_name": "Microsoft Narvik Norway",
        "distance_to_site_km": 2.0042,
        "footprint_area_m2_webmercator": 421.87,
        "source_dataset": "Overture Maps buildings",
        "source_url": "https://docs.overturemaps.org/getting-data/",
        "source_release": "2026-09-23.1",
        "source_accessed_on": "2026-09-28",
        "geometry_role": "current building-footprint polygon",
        "linkage_semantics": "Overlap/proximity only; not evidence that the building hosts AI compute."
      }
    },
    {
      "type": "Feature",
      "id": "36d64907-dc65-4c99-a03a-e11ae802a897",
      "geometry": {
        "type": "Polygon",
        "coordinates": [
          [
            [
              17.5754235,
              68.5613049
            ],
            [
              17.5753605,
              68.5612991
            ],
            [
              17.575392,
              68.5612536
            ],
            [
              17.575455,
              68.5612594
            ],
            [
              17.5754235,
              68.5613049
            ]
          ]
        ]
      },
      "properties": {
        "epoch_id": "EPOCH-1b7cb9c2b0eb479f",
        "site_name": "Microsoft Narvik Norway",
        "distance_to_site_km": 2.0383,
        "footprint_area_m2_webmercator": 103.38,
        "source_dataset": "Overture Maps buildings",
        "source_url": "https://docs.overturemaps.org/getting-data/",
        "source_release": "2026-09-23.1",
        "source_accessed_on": "2026-09-28",
        "geometry_role": "current building-footprint polygon",
        "linkage_semantics": "Overlap/proximity only; not evidence that the building hosts AI compute."
      }
    },
    {
      "type": "Feature",
      "id": "58be2567-8440-44fc-bf22-e41a3b8fc75b",
      "geometry": {
        "type": "Polygon",
        "coordinates": [
          [
            [
              17.5753555,
              68.5614067
            ],
            [
              17.5753509,
              68.5614136
            ],
            [
              17.5755388,
              68.5614304
            ],
            [
              17.5754869,
              68.5615082
            ],
            [
              17.5755163,
              68.5615108
            ],
            [
              17.5754768,
              68.5615701
            ],
            [
              17.5751819,
              68.5615439
            ],
            [
              17.575221,
              68.5614852
            ],
            [
              17.5752624,
              68.5614889
            ],
            [
              17.5752839,
              68.5614567
            ],
            [
              17.5753138,
              68.5614593
            ],
            [
              17.575332,
              68.5614319
            ],
            [
              17.5752548,
              68.5614251
            ],
            [
              17.575272,
              68.5613993
            ],
            [
              17.5753555,
              68.5614067
            ]
          ]
        ]
      },
      "properties": {
        "epoch_id": "EPOCH-1b7cb9c2b0eb479f",
        "site_name": "Microsoft Narvik Norway",
        "distance_to_site_km": 2.0164,
        "footprint_area_m2_webmercator": 1277.0,
        "source_dataset": "Overture Maps buildings",
        "source_url": "https://docs.overturemaps.org/getting-data/",
        "source_release": "2026-09-23.1",
        "source_accessed_on": "2026-09-28",
        "geometry_role": "current building-footprint polygon",
        "linkage_semantics": "Overlap/proximity only; not evidence that the building hosts AI compute."
      }
    },
    {
      "type": "Feature",
      "id": "e4b14c08-3886-4655-9e9d-6a513ebd88fc",
      "geometry": {
        "type": "Polygon",
        "coordinates": [
          [
            [
              17.6080513,
              68.5768295
            ],
            [
              17.6079852,
              68.5768069
            ],
            [
              17.6080615,
              68.5767772
            ],
            [
              17.6081276,
              68.5767998
            ],
            [
              17.6080513,
              68.5768295
            ]
          ]
        ]
      },
      "properties": {
        "epoch_id": "EPOCH-1b7cb9c2b0eb479f",
        "site_name": "Microsoft Narvik Norway",
        "distance_to_site_km": 0.7095,
        "footprint_area_m2_webmercator": 125.11,
        "source_dataset": "Overture Maps buildings",
        "source_url": "https://docs.overturemaps.org/getting-data/",
        "source_release": "2026-09-23.1",
        "source_accessed_on": "2026-09-28",
        "geometry_role": "current building-footprint polygon",
        "linkage_semantics": "Overlap/proximity only; not evidence that the building hosts AI compute."
      }
    },
    {
      "type": "Feature",
      "id": "c7660e7b-4078-45cf-84de-c768d4f51fbc",
      "geometry": {
        "type": "Polygon",
        "coordinates": [
          [
            [
              17.6086426,
              68.576597
            ],
            [
              17.6086996,
              68.576591
            ],
            [
              17.608695,
              68.5765852
            ],
            [
              17.608757,
              68.5765787
            ],
            [
              17.6087783,
              68.5766059
            ],
            [
              17.6086594,
              68.5766183
            ],
            [
              17.6086426,
              68.576597
            ]
          ]
        ]
      },
      "properties": {
        "epoch_id": "EPOCH-1b7cb9c2b0eb479f",
        "site_name": "Microsoft Narvik Norway",
        "distance_to_site_km": 0.7417,
        "footprint_area_m2_webmercator": 106.45,
        "source_dataset": "Overture Maps buildings",
        "source_url": "https://docs.overturemaps.org/getting-data/",
        "source_release": "2026-09-23.1",
        "source_accessed_on": "2026-09-28",
        "geometry_role": "current building-footprint polygon",
        "linkage_semantics": "Overlap/proximity only; not evidence that the building hosts AI compute."
      }
    },
    {
      "type": "Feature",
      "id": "483207f5-7916-47af-91c0-16811f9c3c75",
      "geometry": {
        "type": "Polygon",
        "coordinates": [
          [
            [
              17.6099777,
              68.5766762
            ],
            [
              17.6101847,
              68.5766475
            ],
            [
              17.6102369,
              68.576698
            ],
            [
              17.6100299,
              68.5767266
            ],
            [
              17.6099777,
              68.5766762
            ]
          ]
        ]
      },
      "properties": {
        "epoch_id": "EPOCH-1b7cb9c2b0eb479f",
        "site_name": "Microsoft Narvik Norway",
        "distance_to_site_km": 0.793,
        "footprint_area_m2_webmercator": 405.04,
        "source_dataset": "Overture Maps buildings",
        "source_url": "https://docs.overturemaps.org/getting-data/",
        "source_release": "2026-09-23.1",
        "source_accessed_on": "2026-09-28",
        "geometry_role": "current building-footprint polygon",
        "linkage_semantics": "Overlap/proximity only; not evidence that the building hosts AI compute."
      }
    },
    {
      "type": "Feature",
      "id": "1d302887-a1d5-4941-9f7b-358edaf5f9fc",
      "geometry": {
        "type": "Polygon",
        "coordinates": [
          [
            [
              17.6106251,
              68.5764375
            ],
            [
              17.6105457,
              68.5764482
            ],
            [
              17.6103588,
              68.5762634
            ],
            [
              17.610601,
              68.5762307
            ],
            [
              17.6107879,
              68.5764155
            ],
            [
              17.6106251,
              68.5764375
            ]
          ]
        ]
      },
      "properties": {
        "epoch_id": "EPOCH-1b7cb9c2b0eb479f",
        "site_name": "Microsoft Narvik Norway",
        "distance_to_site_km": 0.8225,
        "footprint_area_m2_webmercator": 1725.93,
        "source_dataset": "Overture Maps buildings",
        "source_url": "https://docs.overturemaps.org/getting-data/",
        "source_release": "2026-09-23.1",
        "source_accessed_on": "2026-09-28",
        "geometry_role": "current building-footprint polygon",
        "linkage_semantics": "Overlap/proximity only; not evidence that the building hosts AI compute."
      }
    },
    {
      "type": "Feature",
      "id": "69bd894b-fb88-4a08-8b73-849bad383e44",
      "geometry": {
        "type": "Polygon",
        "coordinates": [
          [
            [
              17.6099255,
              68.5766009
            ],
            [
              17.6099982,
              68.5766218
            ],
            [
              17.6099452,
              68.5766463
            ],
            [
              17.6098725,
              68.5766254
            ],
            [
              17.6099255,
              68.5766009
            ]
          ]
        ]
      },
      "properties": {
        "epoch_id": "EPOCH-1b7cb9c2b0eb479f",
        "site_name": "Microsoft Narvik Norway",
        "distance_to_site_km": 0.7883,
        "footprint_area_m2_webmercator": 98.01,
        "source_dataset": "Overture Maps buildings",
        "source_url": "https://docs.overturemaps.org/getting-data/",
        "source_release": "2026-09-23.1",
        "source_accessed_on": "2026-09-28",
        "geometry_role": "current building-footprint polygon",
        "linkage_semantics": "Overlap/proximity only; not evidence that the building hosts AI compute."
      }
    },
    {
      "type": "Feature",
      "id": "05fb62a8-3809-4468-bd62-be7b4e02109f",
      "geometry": {
        "type": "Polygon",
        "coordinates": [
          [
            [
              17.6104931,
              68.576678
            ],
            [
              17.6103534,
              68.5765433
            ],
            [
              17.610687,
              68.5764972
            ],
            [
              17.6111385,
              68.5764347
            ],
            [
              17.6112084,
              68.5765021
            ],
            [
              17.6112782,
              68.5765695
            ],
            [
              17.6110819,
              68.5765967
            ],
            [
              17.6108856,
              68.5766238
            ],
            [
              17.6106893,
              68.5766509
            ],
            [
              17.6104931,
              68.576678
            ]
          ]
        ]
      },
      "properties": {
        "epoch_id": "EPOCH-1b7cb9c2b0eb479f",
        "site_name": "Microsoft Narvik Norway",
        "distance_to_site_km": 0.8247,
        "footprint_area_m2_webmercator": 4104.04,
        "source_dataset": "Overture Maps buildings",
        "source_url": "https://docs.overturemaps.org/getting-data/",
        "source_release": "2026-09-23.1",
        "source_accessed_on": "2026-09-28",
        "geometry_role": "current building-footprint polygon",
        "linkage_semantics": "Overlap/proximity only; not evidence that the building hosts AI compute."
      }
    },
    {
      "type": "Feature",
      "id": "8fd0d958-8369-4630-9225-ce93751c4996",
      "geometry": {
        "type": "Polygon",
        "coordinates": [
          [
            [
              17.6116409,
              68.5762071
            ],
            [
              17.6114277,
              68.5762362
            ],
            [
              17.6112773,
              68.5760893
            ],
            [
              17.6114905,
              68.5760602
            ],
            [
              17.6116409,
              68.5762071
            ]
          ]
        ]
      },
      "properties": {
        "epoch_id": "EPOCH-1b7cb9c2b0eb479f",
        "site_name": "Microsoft Narvik Norway",
        "distance_to_site_km": 0.8634,
        "footprint_area_m2_webmercator": 1211.02,
        "source_dataset": "Overture Maps buildings",
        "source_url": "https://docs.overturemaps.org/getting-data/",
        "source_release": "2026-09-23.1",
        "source_accessed_on": "2026-09-28",
        "geometry_role": "current building-footprint polygon",
        "linkage_semantics": "Overlap/proximity only; not evidence that the building hosts AI compute."
      }
    },
    {
      "type": "Feature",
      "id": "d6301e6e-6efa-443c-99a4-a14c8a1e0d94",
      "geometry": {
        "type": "Polygon",
        "coordinates": [
          [
            [
              17.6112053,
              68.5779055
            ],
            [
              17.6111789,
              68.5778857
            ],
            [
              17.611337,
              68.5778575
            ],
            [
              17.6113952,
              68.577901
            ],
            [
              17.6113032,
              68.5779174
            ],
            [
              17.6112715,
              68.5778937
            ],
            [
              17.6112053,
              68.5779055
            ]
          ]
        ]
      },
      "properties": {
        "epoch_id": "EPOCH-1b7cb9c2b0eb479f",
        "site_name": "Microsoft Narvik Norway",
        "distance_to_site_km": 0.8149,
        "footprint_area_m2_webmercator": 223.16,
        "source_dataset": "Overture Maps buildings",
        "source_url": "https://docs.overturemaps.org/getting-data/",
        "source_release": "2026-09-23.1",
        "source_accessed_on": "2026-09-28",
        "geometry_role": "current building-footprint polygon",
        "linkage_semantics": "Overlap/proximity only; not evidence that the building hosts AI compute."
      }
    },
    {
      "type": "Feature",
      "id": "76516243-a718-4a2f-800c-32161207717d",
      "geometry": {
        "type": "Polygon",
        "coordinates": [
          [
            [
              17.6114093,
              68.5779359
            ],
            [
              17.6113098,
              68.5779509
            ],
            [
              17.6112841,
              68.5779284
            ],
            [
              17.6113837,
              68.5779133
            ],
            [
              17.6114093,
              68.5779359
            ]
          ]
        ]
      },
      "properties": {
        "epoch_id": "EPOCH-1b7cb9c2b0eb479f",
        "site_name": "Microsoft Narvik Norway",
        "distance_to_site_km": 0.8164,
        "footprint_area_m2_webmercator": 89.26,
        "source_dataset": "Overture Maps buildings",
        "source_url": "https://docs.overturemaps.org/getting-data/",
        "source_release": "2026-09-23.1",
        "source_accessed_on": "2026-09-28",
        "geometry_role": "current building-footprint polygon",
        "linkage_semantics": "Overlap/proximity only; not evidence that the building hosts AI compute."
      }
    },
    {
      "type": "Feature",
      "id": "4ed23c46-ebcf-4963-bb2b-25fa76d350ce",
      "geometry": {
        "type": "Polygon",
        "coordinates": [
          [
            [
              17.6098755,
              68.5778325
            ],
            [
              17.6097126,
              68.5778493
            ],
            [
              17.6096994,
              68.577832
            ],
            [
              17.6098623,
              68.5778153
            ],
            [
              17.6098755,
              68.5778325
            ]
          ]
        ]
      },
      "properties": {
        "epoch_id": "EPOCH-1b7cb9c2b0eb479f",
        "site_name": "Microsoft Narvik Norway",
        "distance_to_site_km": 0.7547,
        "footprint_area_m2_webmercator": 102.84,
        "source_dataset": "Overture Maps buildings",
        "source_url": "https://docs.overturemaps.org/getting-data/",
        "source_release": "2026-09-23.1",
        "source_accessed_on": "2026-09-28",
        "geometry_role": "current building-footprint polygon",
        "linkage_semantics": "Overlap/proximity only; not evidence that the building hosts AI compute."
      }
    },
    {
      "type": "Feature",
      "id": "23e88a44-00a7-4d79-9320-1d50e58215f8",
      "geometry": {
        "type": "Polygon",
        "coordinates": [
          [
            [
              17.6081756,
              68.5776852
            ],
            [
              17.6085132,
              68.5776365
            ],
            [
              17.6087679,
              68.5778723
            ],
            [
              17.6084288,
              68.5779212
            ],
            [
              17.6083842,
              68.5778799
            ],
            [
              17.608013,
              68.5779334
            ],
            [
              17.6078972,
              68.5778262
            ],
            [
              17.6082699,
              68.5777725
            ],
            [
              17.6081756,
              68.5776852
            ]
          ]
        ]
      },
      "properties": {
        "epoch_id": "EPOCH-1b7cb9c2b0eb479f",
        "site_name": "Microsoft Narvik Norway",
        "distance_to_site_km": 0.6977,
        "footprint_area_m2_webmercator": 4690.5,
        "source_dataset": "Overture Maps buildings",
        "source_url": "https://docs.overturemaps.org/getting-data/",
        "source_release": "2026-09-23.1",
        "source_accessed_on": "2026-09-28",
        "geometry_role": "current building-footprint polygon",
        "linkage_semantics": "Overlap/proximity only; not evidence that the building hosts AI compute."
      }
    },
    {
      "type": "Feature",
      "id": "55636a46-ece4-4532-87b7-933c15c856af",
      "geometry": {
        "type": "Polygon",
        "coordinates": [
          [
            [
              17.6080816,
              68.5783871
            ],
            [
              17.608029,
              68.5783658
            ],
            [
              17.6080017,
              68.5783748
            ],
            [
              17.6078309,
              68.5783056
            ],
            [
              17.607947,
              68.5782674
            ],
            [
              17.6081165,
              68.578336
            ],
            [
              17.6080928,
              68.5783438
            ],
            [
              17.6081467,
              68.5783656
            ],
            [
              17.6080816,
              68.5783871
            ]
          ]
        ]
      },
      "properties": {
        "epoch_id": "EPOCH-1b7cb9c2b0eb479f",
        "site_name": "Microsoft Narvik Norway",
        "distance_to_site_km": 0.6771,
        "footprint_area_m2_webmercator": 578.62,
        "source_dataset": "Overture Maps buildings",
        "source_url": "https://docs.overturemaps.org/getting-data/",
        "source_release": "2026-09-23.1",
        "source_accessed_on": "2026-09-28",
        "geometry_role": "current building-footprint polygon",
        "linkage_semantics": "Overlap/proximity only; not evidence that the building hosts AI compute."
      }
    },
    {
      "type": "Feature",
      "id": "36f6a49a-a01c-40b9-990a-3ad7670a644b",
      "geometry": {
        "type": "Polygon",
        "coordinates": [
          [
            [
              17.6081602,
              68.5783295
            ],
            [
              17.6080387,
              68.578293
            ],
            [
              17.6080756,
              68.5782766
            ],
            [
              17.6081971,
              68.5783132
            ],
            [
              17.6081602,
              68.5783295
            ]
          ]
        ]
      },
      "properties": {
        "epoch_id": "EPOCH-1b7cb9c2b0eb479f",
        "site_name": "Microsoft Narvik Norway",
        "distance_to_site_km": 0.6824,
        "footprint_area_m2_webmercator": 113.16,
        "source_dataset": "Overture Maps buildings",
        "source_url": "https://docs.overturemaps.org/getting-data/",
        "source_release": "2026-09-23.1",
        "source_accessed_on": "2026-09-28",
        "geometry_role": "current building-footprint polygon",
        "linkage_semantics": "Overlap/proximity only; not evidence that the building hosts AI compute."
      }
    },
    {
      "type": "Feature",
      "id": "a7da771a-3cac-4ce5-81b3-8cf66bb31b1c",
      "geometry": {
        "type": "Polygon",
        "coordinates": [
          [
            [
              17.60786,
              68.5785443
            ],
            [
              17.6078314,
              68.5785174
            ],
            [
              17.607779,
              68.5785165
            ],
            [
              17.6077856,
              68.578463
            ],
            [
              17.6077664,
              68.5784449
            ],
            [
              17.6077678,
              68.5784331
            ],
            [
              17.6078917,
              68.5784155
            ],
            [
              17.6079316,
              68.5784162
            ],
            [
              17.6079694,
              68.5784517
            ],
            [
              17.6079706,
              68.5784416
            ],
            [
              17.608062,
              68.5785274
            ],
            [
              17.6080618,
              68.578529
            ],
            [
              17.6079439,
              68.5785457
            ],
            [
              17.60786,
              68.5785443
            ]
          ]
        ]
      },
      "properties": {
        "epoch_id": "EPOCH-1b7cb9c2b0eb479f",
        "site_name": "Microsoft Narvik Norway",
        "distance_to_site_km": 0.6727,
        "footprint_area_m2_webmercator": 880.08,
        "source_dataset": "Overture Maps buildings",
        "source_url": "https://docs.overturemaps.org/getting-data/",
        "source_release": "2026-09-23.1",
        "source_accessed_on": "2026-09-28",
        "geometry_role": "current building-footprint polygon",
        "linkage_semantics": "Overlap/proximity only; not evidence that the building hosts AI compute."
      }
    },
    {
      "type": "Feature",
      "id": "5b4b48d9-3a9a-4790-b6bd-0f1d93d5e468",
      "geometry": {
        "type": "Polygon",
        "coordinates": [
          [
            [
              17.6075479,
              68.5801529
            ],
            [
              17.6073544,
              68.5801693
            ],
            [
              17.6073082,
              68.5800963
            ],
            [
              17.6073973,
              68.5800888
            ],
            [
              17.6074053,
              68.5801013
            ],
            [
              17.6075096,
              68.5800925
            ],
            [
              17.6075479,
              68.5801529
            ]
          ]
        ]
      },
      "properties": {
        "epoch_id": "EPOCH-1b7cb9c2b0eb479f",
        "site_name": "Microsoft Narvik Norway",
        "distance_to_site_km": 0.6731,
        "footprint_area_m2_webmercator": 457.93,
        "source_dataset": "Overture Maps buildings",
        "source_url": "https://docs.overturemaps.org/getting-data/",
        "source_release": "2026-09-23.1",
        "source_accessed_on": "2026-09-28",
        "geometry_role": "current building-footprint polygon",
        "linkage_semantics": "Overlap/proximity only; not evidence that the building hosts AI compute."
      }
    },
    {
      "type": "Feature",
      "id": "7078e4df-25bb-404c-8035-c8639257df6b",
      "geometry": {
        "type": "Polygon",
        "coordinates": [
          [
            [
              17.6068182,
              68.5784555
            ],
            [
              17.6068938,
              68.5784078
            ],
            [
              17.6069501,
              68.5784197
            ],
            [
              17.6068744,
              68.5784674
            ],
            [
              17.6068182,
              68.5784555
            ]
          ]
        ]
      },
      "properties": {
        "epoch_id": "EPOCH-1b7cb9c2b0eb479f",
        "site_name": "Microsoft Narvik Norway",
        "distance_to_site_km": 0.6316,
        "footprint_area_m2_webmercator": 121.58,
        "source_dataset": "Overture Maps buildings",
        "source_url": "https://docs.overturemaps.org/getting-data/",
        "source_release": "2026-09-23.1",
        "source_accessed_on": "2026-09-28",
        "geometry_role": "current building-footprint polygon",
        "linkage_semantics": "Overlap/proximity only; not evidence that the building hosts AI compute."
      }
    },
    {
      "type": "Feature",
      "id": "8c91e42f-0c31-4796-aa1f-65e063aaca3f",
      "geometry": {
        "type": "Polygon",
        "coordinates": [
          [
            [
              17.6069287,
              68.5785264
            ],
            [
              17.6068236,
              68.5785937
            ],
            [
              17.6066558,
              68.5785586
            ],
            [
              17.6067921,
              68.5784715
            ],
            [
              17.6069235,
              68.5784989
            ],
            [
              17.6068923,
              68.5785188
            ],
            [
              17.6069287,
              68.5785264
            ]
          ]
        ]
      },
      "properties": {
        "epoch_id": "EPOCH-1b7cb9c2b0eb479f",
        "site_name": "Microsoft Narvik Norway",
        "distance_to_site_km": 0.6279,
        "footprint_area_m2_webmercator": 625.53,
        "source_dataset": "Overture Maps buildings",
        "source_url": "https://docs.overturemaps.org/getting-data/",
        "source_release": "2026-09-23.1",
        "source_accessed_on": "2026-09-28",
        "geometry_role": "current building-footprint polygon",
        "linkage_semantics": "Overlap/proximity only; not evidence that the building hosts AI compute."
      }
    },
    {
      "type": "Feature",
      "id": "4cea733a-edc6-4667-a511-fed0dbf29db6",
      "geometry": {
        "type": "Polygon",
        "coordinates": [
          [
            [
              17.6065486,
              68.5786455
            ],
            [
              17.6066194,
              68.5785917
            ],
            [
              17.606798,
              68.5786231
            ],
            [
              17.6067272,
              68.5786768
            ],
            [
              17.6065486,
              68.5786455
            ]
          ]
        ]
      },
      "properties": {
        "epoch_id": "EPOCH-1b7cb9c2b0eb479f",
        "site_name": "Microsoft Narvik Norway",
        "distance_to_site_km": 0.6225,
        "footprint_area_m2_webmercator": 401.03,
        "source_dataset": "Overture Maps buildings",
        "source_url": "https://docs.overturemaps.org/getting-data/",
        "source_release": "2026-09-23.1",
        "source_accessed_on": "2026-09-28",
        "geometry_role": "current building-footprint polygon",
        "linkage_semantics": "Overlap/proximity only; not evidence that the building hosts AI compute."
      }
    },
    {
      "type": "Feature",
      "id": "d843aec4-2622-43ba-aa60-976effabd000",
      "geometry": {
        "type": "Polygon",
        "coordinates": [
          [
            [
              17.6071041,
              68.5782715
            ],
            [
              17.60698,
              68.5782835
            ],
            [
              17.6069403,
              68.5782285
            ],
            [
              17.6069992,
              68.5782229
            ],
            [
              17.6070005,
              68.5782247
            ],
            [
              17.6070657,
              68.5782184
            ],
            [
              17.6071041,
              68.5782715
            ]
          ]
        ]
      },
      "properties": {
        "epoch_id": "EPOCH-1b7cb9c2b0eb479f",
        "site_name": "Microsoft Narvik Norway",
        "distance_to_site_km": 0.6383,
        "footprint_area_m2_webmercator": 243.11,
        "source_dataset": "Overture Maps buildings",
        "source_url": "https://docs.overturemaps.org/getting-data/",
        "source_release": "2026-09-23.1",
        "source_accessed_on": "2026-09-28",
        "geometry_role": "current building-footprint polygon",
        "linkage_semantics": "Overlap/proximity only; not evidence that the building hosts AI compute."
      }
    },
    {
      "type": "Feature",
      "id": "84f33565-0b4b-4226-9baa-d7cd33aa9420",
      "geometry": {
        "type": "Polygon",
        "coordinates": [
          [
            [
              17.5966714,
              68.5895497
            ],
            [
              17.5965645,
              68.5895684
            ],
            [
              17.5965362,
              68.5895469
            ],
            [
              17.5966431,
              68.5895282
            ],
            [
              17.5966714,
              68.5895497
            ]
          ]
        ]
      },
      "properties": {
        "epoch_id": "EPOCH-1b7cb9c2b0eb479f",
        "site_name": "Microsoft Narvik Norway",
        "distance_to_site_km": 1.2293,
        "footprint_area_m2_webmercator": 95.99,
        "source_dataset": "Overture Maps buildings",
        "source_url": "https://docs.overturemaps.org/getting-data/",
        "source_release": "2026-09-23.1",
        "source_accessed_on": "2026-09-28",
        "geometry_role": "current building-footprint polygon",
        "linkage_semantics": "Overlap/proximity only; not evidence that the building hosts AI compute."
      }
    }
  ]
}
