{
  "type": "FeatureCollection",
  "source": {
    "dataset": "Overture Maps buildings",
    "url": "https://docs.overturemaps.org/getting-data/",
    "accessed_on": "2026-09-27",
    "release": "2026-09-23.1",
    "site_epoch_id": "EPOCH-bdc85fadae79b6b2",
    "site_name": "AWS New Albany",
    "site_latitude": 40.1158074,
    "site_longitude": -82.7395358,
    "search_bbox": [
      -82.7595358,
      40.0958074,
      -82.7195358,
      40.135807400000004
    ],
    "filter_radius_km": 3.0,
    "semantics": "Current building polygons are ingested for physical geometry. They are not, by themselves, AI-facility identity evidence or a construction time series."
  },
  "features": [
    {
      "type": "Feature",
      "id": "c87319bf-1994-4d40-8ca9-51ed0481ef74",
      "geometry": {
        "type": "Polygon",
        "coordinates": [
          [
            [
              -82.7574724,
              40.1009858
            ],
            [
              -82.7572364,
              40.1009839
            ],
            [
              -82.7572342,
              40.1011439
            ],
            [
              -82.7574702,
              40.1011458
            ],
            [
              -82.7574724,
              40.1009858
            ]
          ]
        ]
      },
      "properties": {
        "epoch_id": "EPOCH-bdc85fadae79b6b2",
        "site_name": "AWS New Albany",
        "distance_to_site_km": 2.2324,
        "footprint_area_m2_webmercator": 611.8,
        "source_dataset": "Overture Maps buildings",
        "source_url": "https://docs.overturemaps.org/getting-data/",
        "source_release": "2026-09-23.1",
        "source_accessed_on": "2026-09-27",
        "geometry_role": "current building-footprint polygon",
        "linkage_semantics": "Overlap/proximity only; not evidence that the building hosts AI compute."
      }
    },
    {
      "type": "Feature",
      "id": "d0334ee8-e488-4ceb-98b3-c33b076eb74f",
      "geometry": {
        "type": "Polygon",
        "coordinates": [
          [
            [
              -82.7583508,
              40.1008185
            ],
            [
              -82.758439,
              40.1007719
            ],
            [
              -82.7582965,
              40.1006141
            ],
            [
              -82.7582065,
              40.1006616
            ],
            [
              -82.7582536,
              40.1007139
            ],
            [
              -82.7581755,
              40.1007551
            ],
            [
              -82.7581592,
              40.100737
            ],
            [
              -82.7580884,
              40.1007744
            ],
            [
              -82.7582062,
              40.1009051
            ],
            [
              -82.7582825,
              40.1008648
            ],
            [
              -82.7582562,
              40.1008356
            ],
            [
              -82.7583307,
              40.1007963
            ],
            [
              -82.7583508,
              40.1008185
            ]
          ]
        ]
      },
      "properties": {
        "epoch_id": "EPOCH-bdc85fadae79b6b2",
        "site_name": "AWS New Albany",
        "distance_to_site_km": 2.3099,
        "footprint_area_m2_webmercator": 720.0,
        "source_dataset": "Overture Maps buildings",
        "source_url": "https://docs.overturemaps.org/getting-data/",
        "source_release": "2026-09-23.1",
        "source_accessed_on": "2026-09-27",
        "geometry_role": "current building-footprint polygon",
        "linkage_semantics": "Overlap/proximity only; not evidence that the building hosts AI compute."
      }
    },
    {
      "type": "Feature",
      "id": "0c63a464-eac7-45ba-815c-4c2e83b6c5a8",
      "geometry": {
        "type": "Polygon",
        "coordinates": [
          [
            [
              -82.7593759,
              40.0998261
            ],
            [
              -82.7593948,
              40.0999446
            ],
            [
              -82.759519,
              40.099933
            ],
            [
              -82.7595136,
              40.0998994
            ],
            [
              -82.7595982,
              40.0998915
            ],
            [
              -82.7595846,
              40.0998066
            ],
            [
              -82.7593759,
              40.0998261
            ]
          ]
        ]
      },
      "properties": {
        "epoch_id": "EPOCH-bdc85fadae79b6b2",
        "site_name": "AWS New Albany",
        "distance_to_site_km": 2.453,
        "footprint_area_m2_webmercator": 359.98,
        "source_dataset": "Overture Maps buildings",
        "source_url": "https://docs.overturemaps.org/getting-data/",
        "source_release": "2026-09-23.1",
        "source_accessed_on": "2026-09-27",
        "geometry_role": "current building-footprint polygon",
        "linkage_semantics": "Overlap/proximity only; not evidence that the building hosts AI compute."
      }
    },
    {
      "type": "Feature",
      "id": "f0bffa40-07fe-434c-a4f4-9969b428f3ea",
      "geometry": {
        "type": "Polygon",
        "coordinates": [
          [
            [
              -82.7571346,
              40.099476
            ],
            [
              -82.7572311,
              40.0994767
            ],
            [
              -82.7572297,
              40.0995822
            ],
            [
              -82.7575676,
              40.0995849
            ],
            [
              -82.7575713,
              40.099307
            ],
            [
              -82.7572375,
              40.0993044
            ],
            [
              -82.7572361,
              40.099407
            ],
            [
              -82.7571355,
              40.0994062
            ],
            [
              -82.7571346,
              40.099476
            ]
          ]
        ]
      },
      "properties": {
        "epoch_id": "EPOCH-bdc85fadae79b6b2",
        "site_name": "AWS New Albany",
        "distance_to_site_km": 2.3696,
        "footprint_area_m2_webmercator": 1623.53,
        "source_dataset": "Overture Maps buildings",
        "source_url": "https://docs.overturemaps.org/getting-data/",
        "source_release": "2026-09-23.1",
        "source_accessed_on": "2026-09-27",
        "geometry_role": "current building-footprint polygon",
        "linkage_semantics": "Overlap/proximity only; not evidence that the building hosts AI compute."
      }
    },
    {
      "type": "Feature",
      "id": "4474bf80-d6dd-4ec1-816f-756075884a4d",
      "geometry": {
        "type": "Polygon",
        "coordinates": [
          [
            [
              -82.7586364,
              40.0989164
            ],
            [
              -82.7586891,
              40.0989939
            ],
            [
              -82.7585878,
              40.0990342
            ],
            [
              -82.758635,
              40.0991036
            ],
            [
              -82.7588292,
              40.0990264
            ],
            [
              -82.7587292,
              40.0988794
            ],
            [
              -82.7586364,
              40.0989164
            ]
          ]
        ]
      },
      "properties": {
        "epoch_id": "EPOCH-bdc85fadae79b6b2",
        "site_name": "AWS New Albany",
        "distance_to_site_km": 2.4804,
        "footprint_area_m2_webmercator": 425.63,
        "source_dataset": "Overture Maps buildings",
        "source_url": "https://docs.overturemaps.org/getting-data/",
        "source_release": "2026-09-23.1",
        "source_accessed_on": "2026-09-27",
        "geometry_role": "current building-footprint polygon",
        "linkage_semantics": "Overlap/proximity only; not evidence that the building hosts AI compute."
      }
    },
    {
      "type": "Feature",
      "id": "609b3d2b-96a7-4f76-a577-0362b8c428f8",
      "geometry": {
        "type": "Polygon",
        "coordinates": [
          [
            [
              -82.7573109,
              40.0990256
            ],
            [
              -82.7573779,
              40.099027
            ],
            [
              -82.7573806,
              40.098952
            ],
            [
              -82.7573136,
              40.0989506
            ],
            [
              -82.7573109,
              40.0990256
            ]
          ]
        ]
      },
      "properties": {
        "epoch_id": "EPOCH-bdc85fadae79b6b2",
        "site_name": "AWS New Albany",
        "distance_to_site_km": 2.4066,
        "footprint_area_m2_webmercator": 81.47,
        "source_dataset": "Overture Maps buildings",
        "source_url": "https://docs.overturemaps.org/getting-data/",
        "source_release": "2026-09-23.1",
        "source_accessed_on": "2026-09-27",
        "geometry_role": "current building-footprint polygon",
        "linkage_semantics": "Overlap/proximity only; not evidence that the building hosts AI compute."
      }
    },
    {
      "type": "Feature",
      "id": "191e7201-e43e-4f81-a68a-3a5e5feb95a0",
      "geometry": {
        "type": "Polygon",
        "coordinates": [
          [
            [
              -82.7542909,
              40.0985665
            ],
            [
              -82.7542918,
              40.0985235
            ],
            [
              -82.7543306,
              40.0985239
            ],
            [
              -82.7543327,
              40.0984172
            ],
            [
              -82.7542966,
              40.0984168
            ],
            [
              -82.7542974,
              40.0983727
            ],
            [
              -82.7541888,
              40.0983715
            ],
            [
              -82.7541849,
              40.0985653
            ],
            [
              -82.7542909,
              40.0985665
            ]
          ]
        ]
      },
      "properties": {
        "epoch_id": "EPOCH-bdc85fadae79b6b2",
        "site_name": "AWS New Albany",
        "distance_to_site_km": 2.2986,
        "footprint_area_m2_webmercator": 401.9,
        "source_dataset": "Overture Maps buildings",
        "source_url": "https://docs.overturemaps.org/getting-data/",
        "source_release": "2026-09-23.1",
        "source_accessed_on": "2026-09-27",
        "geometry_role": "current building-footprint polygon",
        "linkage_semantics": "Overlap/proximity only; not evidence that the building hosts AI compute."
      }
    },
    {
      "type": "Feature",
      "id": "cfa701a0-4489-483c-b1eb-e13058962200",
      "geometry": {
        "type": "Polygon",
        "coordinates": [
          [
            [
              -82.7545515,
              40.0987711
            ],
            [
              -82.7546667,
              40.098774
            ],
            [
              -82.7546699,
              40.0987002
            ],
            [
              -82.7545547,
              40.0986973
            ],
            [
              -82.7545515,
              40.0987711
            ]
          ]
        ]
      },
      "properties": {
        "epoch_id": "EPOCH-bdc85fadae79b6b2",
        "site_name": "AWS New Albany",
        "distance_to_site_km": 2.2907,
        "footprint_area_m2_webmercator": 137.88,
        "source_dataset": "Overture Maps buildings",
        "source_url": "https://docs.overturemaps.org/getting-data/",
        "source_release": "2026-09-23.1",
        "source_accessed_on": "2026-09-27",
        "geometry_role": "current building-footprint polygon",
        "linkage_semantics": "Overlap/proximity only; not evidence that the building hosts AI compute."
      }
    },
    {
      "type": "Feature",
      "id": "33166951-2744-4702-9ae2-bb5f8b0f8d61",
      "geometry": {
        "type": "Polygon",
        "coordinates": [
          [
            [
              -82.7543041,
              40.098851
            ],
            [
              -82.7543443,
              40.098852
            ],
            [
              -82.7543481,
              40.0987659
            ],
            [
              -82.7541645,
              40.0987613
            ],
            [
              -82.7541599,
              40.0988678
            ],
            [
              -82.7541505,
              40.0988676
            ],
            [
              -82.7541475,
              40.0989373
            ],
            [
              -82.7543002,
              40.0989412
            ],
            [
              -82.7543041,
              40.098851
            ]
          ]
        ]
      },
      "properties": {
        "epoch_id": "EPOCH-bdc85fadae79b6b2",
        "site_name": "AWS New Albany",
        "distance_to_site_km": 2.2629,
        "footprint_area_m2_webmercator": 476.53,
        "source_dataset": "Overture Maps buildings",
        "source_url": "https://docs.overturemaps.org/getting-data/",
        "source_release": "2026-09-23.1",
        "source_accessed_on": "2026-09-27",
        "geometry_role": "current building-footprint polygon",
        "linkage_semantics": "Overlap/proximity only; not evidence that the building hosts AI compute."
      }
    },
    {
      "type": "Feature",
      "id": "710727ad-3dce-4d67-af3e-a595b75b3eeb",
      "geometry": {
        "type": "Polygon",
        "coordinates": [
          [
            [
              -82.7560396,
              40.0989321
            ],
            [
              -82.7560422,
              40.0989014
            ],
            [
              -82.7562505,
              40.0989118
            ],
            [
              -82.7562576,
              40.098828
            ],
            [
              -82.7560092,
              40.0988157
            ],
            [
              -82.7560113,
              40.0987912
            ],
            [
              -82.7559312,
              40.0987872
            ],
            [
              -82.7559298,
              40.0988035
            ],
            [
              -82.7558577,
              40.0987999
            ],
            [
              -82.7558501,
              40.0988898
            ],
            [
              -82.7559783,
              40.0988962
            ],
            [
              -82.7559755,
              40.0989289
            ],
            [
              -82.7560396,
              40.0989321
            ]
          ]
        ]
      },
      "properties": {
        "epoch_id": "EPOCH-bdc85fadae79b6b2",
        "site_name": "AWS New Albany",
        "distance_to_site_km": 2.3502,
        "footprint_area_m2_webmercator": 615.04,
        "source_dataset": "Overture Maps buildings",
        "source_url": "https://docs.overturemaps.org/getting-data/",
        "source_release": "2026-09-23.1",
        "source_accessed_on": "2026-09-27",
        "geometry_role": "current building-footprint polygon",
        "linkage_semantics": "Overlap/proximity only; not evidence that the building hosts AI compute."
      }
    },
    {
      "type": "Feature",
      "id": "2845f7f0-0597-4ed9-9b7d-385b8e2b13f2",
      "geometry": {
        "type": "Polygon",
        "coordinates": [
          [
            [
              -82.7564107,
              40.0993872
            ],
            [
              -82.7564965,
              40.0993883
            ],
            [
              -82.7564981,
              40.0993071
            ],
            [
              -82.7562166,
              40.0993037
            ],
            [
              -82.7562146,
              40.0993981
            ],
            [
              -82.7562562,
              40.0993986
            ],
            [
              -82.7562544,
              40.0994859
            ],
            [
              -82.7564086,
              40.0994877
            ],
            [
              -82.7564107,
              40.0993872
            ]
          ]
        ]
      },
      "properties": {
        "epoch_id": "EPOCH-bdc85fadae79b6b2",
        "site_name": "AWS New Albany",
        "distance_to_site_km": 2.3193,
        "footprint_area_m2_webmercator": 630.38,
        "source_dataset": "Overture Maps buildings",
        "source_url": "https://docs.overturemaps.org/getting-data/",
        "source_release": "2026-09-23.1",
        "source_accessed_on": "2026-09-27",
        "geometry_role": "current building-footprint polygon",
        "linkage_semantics": "Overlap/proximity only; not evidence that the building hosts AI compute."
      }
    },
    {
      "type": "Feature",
      "id": "984c692b-8a20-4bf4-a3fd-3af47e5a421a",
      "geometry": {
        "type": "Polygon",
        "coordinates": [
          [
            [
              -82.7544234,
              40.0997057
            ],
            [
              -82.7544269,
              40.0996473
            ],
            [
              -82.7543626,
              40.0996451
            ],
            [
              -82.7543592,
              40.0997034
            ],
            [
              -82.7544234,
              40.0997057
            ]
          ]
        ]
      },
      "properties": {
        "epoch_id": "EPOCH-bdc85fadae79b6b2",
        "site_name": "AWS New Albany",
        "distance_to_site_km": 2.1941,
        "footprint_area_m2_webmercator": 60.86,
        "source_dataset": "Overture Maps buildings",
        "source_url": "https://docs.overturemaps.org/getting-data/",
        "source_release": "2026-09-23.1",
        "source_accessed_on": "2026-09-27",
        "geometry_role": "current building-footprint polygon",
        "linkage_semantics": "Overlap/proximity only; not evidence that the building hosts AI compute."
      }
    },
    {
      "type": "Feature",
      "id": "06d7aee3-ec28-4e37-9b3c-faa07b2d2fb1",
      "geometry": {
        "type": "Polygon",
        "coordinates": [
          [
            [
              -82.7541371,
              40.0996736
            ],
            [
              -82.7540688,
              40.0996723
            ],
            [
              -82.7540678,
              40.099703
            ],
            [
              -82.7539954,
              40.0997016
            ],
            [
              -82.7539925,
              40.0997877
            ],
            [
              -82.754164,
              40.0997911
            ],
            [
              -82.7541669,
              40.0997071
            ],
            [
              -82.754136,
              40.0997064
            ],
            [
              -82.7541371,
              40.0996736
            ]
          ]
        ]
      },
      "properties": {
        "epoch_id": "EPOCH-bdc85fadae79b6b2",
        "site_name": "AWS New Albany",
        "distance_to_site_km": 2.1732,
        "footprint_area_m2_webmercator": 272.47,
        "source_dataset": "Overture Maps buildings",
        "source_url": "https://docs.overturemaps.org/getting-data/",
        "source_release": "2026-09-23.1",
        "source_accessed_on": "2026-09-27",
        "geometry_role": "current building-footprint polygon",
        "linkage_semantics": "Overlap/proximity only; not evidence that the building hosts AI compute."
      }
    },
    {
      "type": "Feature",
      "id": "85e90a37-e353-4772-9cb2-71a7fe18721a",
      "geometry": {
        "type": "Polygon",
        "coordinates": [
          [
            [
              -82.7544734,
              40.0996097
            ],
            [
              -82.7544757,
              40.0995246
            ],
            [
              -82.7544113,
              40.0995237
            ],
            [
              -82.7544091,
              40.0996088
            ],
            [
              -82.7544734,
              40.0996097
            ]
          ]
        ]
      },
      "properties": {
        "epoch_id": "EPOCH-bdc85fadae79b6b2",
        "site_name": "AWS New Albany",
        "distance_to_site_km": 2.2064,
        "footprint_area_m2_webmercator": 88.75,
        "source_dataset": "Overture Maps buildings",
        "source_url": "https://docs.overturemaps.org/getting-data/",
        "source_release": "2026-09-23.1",
        "source_accessed_on": "2026-09-27",
        "geometry_role": "current building-footprint polygon",
        "linkage_semantics": "Overlap/proximity only; not evidence that the building hosts AI compute."
      }
    },
    {
      "type": "Feature",
      "id": "6d923c3b-1569-44d2-9272-a6312081051f",
      "geometry": {
        "type": "Polygon",
        "coordinates": [
          [
            [
              -82.754689,
              40.0994362
            ],
            [
              -82.7546918,
              40.099347
            ],
            [
              -82.7545109,
              40.0993436
            ],
            [
              -82.7545081,
              40.0994328
            ],
            [
              -82.754689,
              40.0994362
            ]
          ]
        ]
      },
      "properties": {
        "epoch_id": "EPOCH-bdc85fadae79b6b2",
        "site_name": "AWS New Albany",
        "distance_to_site_km": 2.2302,
        "footprint_area_m2_webmercator": 261.57,
        "source_dataset": "Overture Maps buildings",
        "source_url": "https://docs.overturemaps.org/getting-data/",
        "source_release": "2026-09-23.1",
        "source_accessed_on": "2026-09-27",
        "geometry_role": "current building-footprint polygon",
        "linkage_semantics": "Overlap/proximity only; not evidence that the building hosts AI compute."
      }
    },
    {
      "type": "Feature",
      "id": "1167b6f4-e1d5-4022-a5f7-b860d4b9686b",
      "geometry": {
        "type": "Polygon",
        "coordinates": [
          [
            [
              -82.7543001,
              40.0994438
            ],
            [
              -82.7544476,
              40.099442
            ],
            [
              -82.7544458,
              40.0993538
            ],
            [
              -82.7542983,
              40.0993556
            ],
            [
              -82.7543001,
              40.0994438
            ]
          ]
        ]
      },
      "properties": {
        "epoch_id": "EPOCH-bdc85fadae79b6b2",
        "site_name": "AWS New Albany",
        "distance_to_site_km": 2.2184,
        "footprint_area_m2_webmercator": 210.81,
        "source_dataset": "Overture Maps buildings",
        "source_url": "https://docs.overturemaps.org/getting-data/",
        "source_release": "2026-09-23.1",
        "source_accessed_on": "2026-09-27",
        "geometry_role": "current building-footprint polygon",
        "linkage_semantics": "Overlap/proximity only; not evidence that the building hosts AI compute."
      }
    },
    {
      "type": "Feature",
      "id": "4e2798d2-03f9-49a2-8b82-fd1f91c08231",
      "geometry": {
        "type": "Polygon",
        "coordinates": [
          [
            [
              -82.7463285,
              40.0993525
            ],
            [
              -82.7480869,
              40.0994166
            ],
            [
              -82.7481613,
              40.0981854
            ],
            [
              -82.7464029,
              40.0981071
            ],
            [
              -82.7463285,
              40.0993525
            ]
          ]
        ]
      },
      "properties": {
        "epoch_id": "EPOCH-bdc85fadae79b6b2",
        "site_name": "AWS New Albany",
        "distance_to_site_km": 2.0052,
        "footprint_area_m2_webmercator": 35360.35,
        "source_dataset": "Overture Maps buildings",
        "source_url": "https://docs.overturemaps.org/getting-data/",
        "source_release": "2026-09-23.1",
        "source_accessed_on": "2026-09-27",
        "geometry_role": "current building-footprint polygon",
        "linkage_semantics": "Overlap/proximity only; not evidence that the building hosts AI compute."
      }
    },
    {
      "type": "Feature",
      "id": "ebb3c42a-c144-4e47-b3e6-a45b325e5425",
      "geometry": {
        "type": "Polygon",
        "coordinates": [
          [
            [
              -82.7462727,
              40.0998365
            ],
            [
              -82.7461982,
              40.1011601
            ],
            [
              -82.7479566,
              40.1012242
            ],
            [
              -82.7480404,
              40.0999076
            ],
            [
              -82.7462727,
              40.0998365
            ]
          ]
        ]
      },
      "properties": {
        "epoch_id": "EPOCH-bdc85fadae79b6b2",
        "site_name": "AWS New Albany",
        "distance_to_site_km": 1.8168,
        "footprint_area_m2_webmercator": 37791.81,
        "source_dataset": "Overture Maps buildings",
        "source_url": "https://docs.overturemaps.org/getting-data/",
        "source_release": "2026-09-23.1",
        "source_accessed_on": "2026-09-27",
        "geometry_role": "current building-footprint polygon",
        "linkage_semantics": "Overlap/proximity only; not evidence that the building hosts AI compute."
      }
    },
    {
      "type": "Feature",
      "id": "17d621e7-65b1-45e5-a165-62c26338dbb3",
      "geometry": {
        "type": "Polygon",
        "coordinates": [
          [
            [
              -82.7564267,
              40.1009344
            ],
            [
              -82.7565339,
              40.1009361
            ],
            [
              -82.7565377,
              40.1008008
            ],
            [
              -82.7563393,
              40.1007975
            ],
            [
              -82.7563346,
              40.1009657
            ],
            [
              -82.7564257,
              40.1009672
            ],
            [
              -82.7564267,
              40.1009344
            ]
          ]
        ]
      },
      "properties": {
        "epoch_id": "EPOCH-bdc85fadae79b6b2",
        "site_name": "AWS New Albany",
        "distance_to_site_km": 2.1958,
        "footprint_area_m2_webmercator": 483.72,
        "source_dataset": "Overture Maps buildings",
        "source_url": "https://docs.overturemaps.org/getting-data/",
        "source_release": "2026-09-23.1",
        "source_accessed_on": "2026-09-27",
        "geometry_role": "current building-footprint polygon",
        "linkage_semantics": "Overlap/proximity only; not evidence that the building hosts AI compute."
      }
    },
    {
      "type": "Feature",
      "id": "af21c8ab-3172-4fcf-a1de-7361c47dec65",
      "geometry": {
        "type": "Polygon",
        "coordinates": [
          [
            [
              -82.7554431,
              40.1006228
            ],
            [
              -82.7554901,
              40.1006363
            ],
            [
              -82.7555501,
              40.100514
            ],
            [
              -82.7554372,
              40.1004816
            ],
            [
              -82.7554248,
              40.1005068
            ],
            [
              -82.755312,
              40.1004744
            ],
            [
              -82.7552926,
              40.100514
            ],
            [
              -82.7552244,
              40.1004945
            ],
            [
              -82.7551768,
              40.1005916
            ],
            [
              -82.7554237,
              40.1006624
            ],
            [
              -82.7554431,
              40.1006228
            ]
          ]
        ]
      },
      "properties": {
        "epoch_id": "EPOCH-bdc85fadae79b6b2",
        "site_name": "AWS New Albany",
        "distance_to_site_km": 2.1648,
        "footprint_area_m2_webmercator": 710.79,
        "source_dataset": "Overture Maps buildings",
        "source_url": "https://docs.overturemaps.org/getting-data/",
        "source_release": "2026-09-23.1",
        "source_accessed_on": "2026-09-27",
        "geometry_role": "current building-footprint polygon",
        "linkage_semantics": "Overlap/proximity only; not evidence that the building hosts AI compute."
      }
    },
    {
      "type": "Feature",
      "id": "7878f967-fa50-40eb-b2e8-e07bcd61e9fa",
      "geometry": {
        "type": "Polygon",
        "coordinates": [
          [
            [
              -82.7549953,
              40.1014429
            ],
            [
              -82.7551186,
              40.1014459
            ],
            [
              -82.7551232,
              40.1013332
            ],
            [
              -82.755075,
              40.101332
            ],
            [
              -82.7550753,
              40.1013258
            ],
            [
              -82.7549895,
              40.1013238
            ],
            [
              -82.754991,
              40.1012869
            ],
            [
              -82.7548999,
              40.1012847
            ],
            [
              -82.7548942,
              40.101422
            ],
            [
              -82.7549961,
              40.1014244
            ],
            [
              -82.7549953,
              40.1014429
            ]
          ]
        ]
      },
      "properties": {
        "epoch_id": "EPOCH-bdc85fadae79b6b2",
        "site_name": "AWS New Albany",
        "distance_to_site_km": 2.0754,
        "footprint_area_m2_webmercator": 453.15,
        "source_dataset": "Overture Maps buildings",
        "source_url": "https://docs.overturemaps.org/getting-data/",
        "source_release": "2026-09-23.1",
        "source_accessed_on": "2026-09-27",
        "geometry_role": "current building-footprint polygon",
        "linkage_semantics": "Overlap/proximity only; not evidence that the building hosts AI compute."
      }
    },
    {
      "type": "Feature",
      "id": "1b4bff7c-865d-43e3-be21-cead496fa239",
      "geometry": {
        "type": "Polygon",
        "coordinates": [
          [
            [
              -82.7541864,
              40.1013484
            ],
            [
              -82.7541875,
              40.1013125
            ],
            [
              -82.7540964,
              40.1013108
            ],
            [
              -82.7540925,
              40.1014369
            ],
            [
              -82.754197,
              40.1014388
            ],
            [
              -82.7541958,
              40.1014778
            ],
            [
              -82.7542682,
              40.1014791
            ],
            [
              -82.7542689,
              40.1014555
            ],
            [
              -82.7543252,
              40.1014565
            ],
            [
              -82.7543285,
              40.1013509
            ],
            [
              -82.7541864,
              40.1013484
            ]
          ]
        ]
      },
      "properties": {
        "epoch_id": "EPOCH-bdc85fadae79b6b2",
        "site_name": "AWS New Albany",
        "distance_to_site_km": 2.0311,
        "footprint_area_m2_webmercator": 453.72,
        "source_dataset": "Overture Maps buildings",
        "source_url": "https://docs.overturemaps.org/getting-data/",
        "source_release": "2026-09-23.1",
        "source_accessed_on": "2026-09-27",
        "geometry_role": "current building-footprint polygon",
        "linkage_semantics": "Overlap/proximity only; not evidence that the building hosts AI compute."
      }
    },
    {
      "type": "Feature",
      "id": "5d675d5d-68da-46cb-95ea-e74b0265ba09",
      "geometry": {
        "type": "Polygon",
        "coordinates": [
          [
            [
              -82.7560011,
              40.1015306
            ],
            [
              -82.7559385,
              40.1016487
            ],
            [
              -82.7560859,
              40.1016944
            ],
            [
              -82.7560915,
              40.1016838
            ],
            [
              -82.7562067,
              40.1017196
            ],
            [
              -82.7562637,
              40.1016121
            ],
            [
              -82.7560011,
              40.1015306
            ]
          ]
        ]
      },
      "properties": {
        "epoch_id": "EPOCH-bdc85fadae79b6b2",
        "site_name": "AWS New Albany",
        "distance_to_site_km": 2.1143,
        "footprint_area_m2_webmercator": 561.94,
        "source_dataset": "Overture Maps buildings",
        "source_url": "https://docs.overturemaps.org/getting-data/",
        "source_release": "2026-09-23.1",
        "source_accessed_on": "2026-09-27",
        "geometry_role": "current building-footprint polygon",
        "linkage_semantics": "Overlap/proximity only; not evidence that the building hosts AI compute."
      }
    },
    {
      "type": "Feature",
      "id": "cd4cb323-93d6-4e0a-8d83-be80570c77d6",
      "geometry": {
        "type": "Polygon",
        "coordinates": [
          [
            [
              -82.7523533,
              40.1012166
            ],
            [
              -82.7518573,
              40.1011917
            ],
            [
              -82.7518573,
              40.1011388
            ],
            [
              -82.751593,
              40.1011233
            ],
            [
              -82.7514711,
              40.1027621
            ],
            [
              -82.7522476,
              40.102787
            ],
            [
              -82.7523533,
              40.1012166
            ]
          ]
        ]
      },
      "properties": {
        "epoch_id": "EPOCH-bdc85fadae79b6b2",
        "site_name": "AWS New Albany",
        "distance_to_site_km": 1.8635,
        "footprint_area_m2_webmercator": 19975.96,
        "source_dataset": "Overture Maps buildings",
        "source_url": "https://docs.overturemaps.org/getting-data/",
        "source_release": "2026-09-23.1",
        "source_accessed_on": "2026-09-27",
        "geometry_role": "current building-footprint polygon",
        "linkage_semantics": "Overlap/proximity only; not evidence that the building hosts AI compute."
      }
    },
    {
      "type": "Feature",
      "id": "37dbd650-62e9-4229-8147-8edaf3de5988",
      "geometry": {
        "type": "Polygon",
        "coordinates": [
          [
            [
              -82.7461517,
              40.1031598
            ],
            [
              -82.7477892,
              40.1032168
            ],
            [
              -82.7478729,
              40.1018504
            ],
            [
              -82.7461145,
              40.1017793
            ],
            [
              -82.7460308,
              40.1030531
            ],
            [
              -82.746161,
              40.1030602
            ],
            [
              -82.7461517,
              40.1031598
            ]
          ]
        ]
      },
      "properties": {
        "epoch_id": "EPOCH-bdc85fadae79b6b2",
        "site_name": "AWS New Albany",
        "distance_to_site_km": 1.6088,
        "footprint_area_m2_webmercator": 39019.89,
        "source_dataset": "Overture Maps buildings",
        "source_url": "https://docs.overturemaps.org/getting-data/",
        "source_release": "2026-09-23.1",
        "source_accessed_on": "2026-09-27",
        "geometry_role": "current building-footprint polygon",
        "linkage_semantics": "Overlap/proximity only; not evidence that the building hosts AI compute."
      }
    },
    {
      "type": "Feature",
      "id": "d7eb9250-b75d-445f-aa4c-456cb0f46cd2",
      "geometry": {
        "type": "Polygon",
        "coordinates": [
          [
            [
              -82.7505248,
              40.1023016
            ],
            [
              -82.7506323,
              40.1010794
            ],
            [
              -82.7498374,
              40.1010323
            ],
            [
              -82.7497511,
              40.1022766
            ],
            [
              -82.7498004,
              40.1022766
            ],
            [
              -82.7497695,
              40.1025622
            ],
            [
              -82.7497329,
              40.1025622
            ],
            [
              -82.7496504,
              40.103791
            ],
            [
              -82.7504336,
              40.1038197
            ],
            [
              -82.7505195,
              40.1025847
            ],
            [
              -82.750321,
              40.1025765
            ],
            [
              -82.7503424,
              40.1022892
            ],
            [
              -82.7505248,
              40.1023016
            ]
          ]
        ]
      },
      "properties": {
        "epoch_id": "EPOCH-bdc85fadae79b6b2",
        "site_name": "AWS New Albany",
        "distance_to_site_km": 1.7392,
        "footprint_area_m2_webmercator": 33944.27,
        "source_dataset": "Overture Maps buildings",
        "source_url": "https://docs.overturemaps.org/getting-data/",
        "source_release": "2026-09-23.1",
        "source_accessed_on": "2026-09-27",
        "geometry_role": "current building-footprint polygon",
        "linkage_semantics": "Overlap/proximity only; not evidence that the building hosts AI compute."
      }
    },
    {
      "type": "Feature",
      "id": "ff251495-e01d-4833-a620-e6af67fda067",
      "geometry": {
        "type": "Polygon",
        "coordinates": [
          [
            [
              -82.750753,
              40.1027669
            ],
            [
              -82.7507545,
              40.10273
            ],
            [
              -82.7505964,
              40.1027262
            ],
            [
              -82.750595,
              40.1027631
            ],
            [
              -82.750753,
              40.1027669
            ]
          ]
        ]
      },
      "properties": {
        "epoch_id": "EPOCH-bdc85fadae79b6b2",
        "site_name": "AWS New Albany",
        "distance_to_site_km": 1.7339,
        "footprint_area_m2_webmercator": 94.57,
        "source_dataset": "Overture Maps buildings",
        "source_url": "https://docs.overturemaps.org/getting-data/",
        "source_release": "2026-09-23.1",
        "source_accessed_on": "2026-09-27",
        "geometry_role": "current building-footprint polygon",
        "linkage_semantics": "Overlap/proximity only; not evidence that the building hosts AI compute."
      }
    },
    {
      "type": "Feature",
      "id": "851c310b-8871-49d3-a8b8-4c9864333be8",
      "geometry": {
        "type": "Polygon",
        "coordinates": [
          [
            [
              -82.7491101,
              40.1034217
            ],
            [
              -82.7491128,
              40.1034217
            ],
            [
              -82.7491219,
              40.1031128
            ],
            [
              -82.7489047,
              40.1031091
            ],
            [
              -82.7488996,
              40.1032834
            ],
            [
              -82.7489076,
              40.1032835
            ],
            [
              -82.7489033,
              40.1034304
            ],
            [
              -82.7489006,
              40.1034303
            ],
            [
              -82.7488986,
              40.1034967
            ],
            [
              -82.7490264,
              40.1034989
            ],
            [
              -82.7490255,
              40.1035289
            ],
            [
              -82.7490264,
              40.103529
            ],
            [
              -82.749025,
              40.1035789
            ],
            [
              -82.7491,
              40.1035802
            ],
            [
              -82.7491017,
              40.1035221
            ],
            [
              -82.7491071,
              40.1035221
            ],
            [
              -82.7491101,
              40.1034217
            ]
          ]
        ]
      },
      "properties": {
        "epoch_id": "EPOCH-bdc85fadae79b6b2",
        "site_name": "AWS New Albany",
        "distance_to_site_km": 1.6056,
        "footprint_area_m2_webmercator": 1435.59,
        "source_dataset": "Overture Maps buildings",
        "source_url": "https://docs.overturemaps.org/getting-data/",
        "source_release": "2026-09-23.1",
        "source_accessed_on": "2026-09-27",
        "geometry_role": "current building-footprint polygon",
        "linkage_semantics": "Overlap/proximity only; not evidence that the building hosts AI compute."
      }
    },
    {
      "type": "Feature",
      "id": "ab6c8fc1-779b-437b-a3bc-df1dbc1bc165",
      "geometry": {
        "type": "Polygon",
        "coordinates": [
          [
            [
              -82.7488619,
              40.1040244
            ],
            [
              -82.7490814,
              40.1040313
            ],
            [
              -82.7490868,
              40.1039309
            ],
            [
              -82.7488672,
              40.1039241
            ],
            [
              -82.7488619,
              40.1040244
            ]
          ]
        ]
      },
      "properties": {
        "epoch_id": "EPOCH-bdc85fadae79b6b2",
        "site_name": "AWS New Albany",
        "distance_to_site_km": 1.541,
        "footprint_area_m2_webmercator": 357.54,
        "source_dataset": "Overture Maps buildings",
        "source_url": "https://docs.overturemaps.org/getting-data/",
        "source_release": "2026-09-23.1",
        "source_accessed_on": "2026-09-27",
        "geometry_role": "current building-footprint polygon",
        "linkage_semantics": "Overlap/proximity only; not evidence that the building hosts AI compute."
      }
    },
    {
      "type": "Feature",
      "id": "8fce195e-6344-4d28-b863-b5c19e0fd890",
      "geometry": {
        "type": "Polygon",
        "coordinates": [
          [
            [
              -82.7490865,
              40.1038451
            ],
            [
              -82.7488817,
              40.1038414
            ],
            [
              -82.7488796,
              40.1039104
            ],
            [
              -82.7490843,
              40.1039141
            ],
            [
              -82.7490865,
              40.1038451
            ]
          ]
        ]
      },
      "properties": {
        "epoch_id": "EPOCH-bdc85fadae79b6b2",
        "site_name": "AWS New Albany",
        "distance_to_site_km": 1.5509,
        "footprint_area_m2_webmercator": 229.02,
        "source_dataset": "Overture Maps buildings",
        "source_url": "https://docs.overturemaps.org/getting-data/",
        "source_release": "2026-09-23.1",
        "source_accessed_on": "2026-09-27",
        "geometry_role": "current building-footprint polygon",
        "linkage_semantics": "Overlap/proximity only; not evidence that the building hosts AI compute."
      }
    },
    {
      "type": "Feature",
      "id": "67cf3877-ffb2-4cbb-8852-7e48485b920c",
      "geometry": {
        "type": "Polygon",
        "coordinates": [
          [
            [
              -82.7491143,
              40.1036447
            ],
            [
              -82.7488984,
              40.1036379
            ],
            [
              -82.7488942,
              40.103715
            ],
            [
              -82.7490271,
              40.1037192
            ],
            [
              -82.7490264,
              40.1037315
            ],
            [
              -82.7491094,
              40.1037341
            ],
            [
              -82.7491143,
              40.1036447
            ]
          ]
        ]
      },
      "properties": {
        "epoch_id": "EPOCH-bdc85fadae79b6b2",
        "site_name": "AWS New Albany",
        "distance_to_site_km": 1.5705,
        "footprint_area_m2_webmercator": 286.72,
        "source_dataset": "Overture Maps buildings",
        "source_url": "https://docs.overturemaps.org/getting-data/",
        "source_release": "2026-09-23.1",
        "source_accessed_on": "2026-09-27",
        "geometry_role": "current building-footprint polygon",
        "linkage_semantics": "Overlap/proximity only; not evidence that the building hosts AI compute."
      }
    },
    {
      "type": "Feature",
      "id": "3ad9e12b-60f5-4a35-b4bc-0b00049a4f23",
      "geometry": {
        "type": "Polygon",
        "coordinates": [
          [
            [
              -82.7490225,
              40.1035923
            ],
            [
              -82.7490221,
              40.1035997
            ],
            [
              -82.7489097,
              40.1035964
            ],
            [
              -82.7489081,
              40.1036279
            ],
            [
              -82.749117,
              40.103634
            ],
            [
              -82.7491189,
              40.1035951
            ],
            [
              -82.7490225,
              40.1035923
            ]
          ]
        ]
      },
      "properties": {
        "epoch_id": "EPOCH-bdc85fadae79b6b2",
        "site_name": "AWS New Albany",
        "distance_to_site_km": 1.5776,
        "footprint_area_m2_webmercator": 118.3,
        "source_dataset": "Overture Maps buildings",
        "source_url": "https://docs.overturemaps.org/getting-data/",
        "source_release": "2026-09-23.1",
        "source_accessed_on": "2026-09-27",
        "geometry_role": "current building-footprint polygon",
        "linkage_semantics": "Overlap/proximity only; not evidence that the building hosts AI compute."
      }
    },
    {
      "type": "Feature",
      "id": "3615b871-9216-4237-8792-b93ef2071ca1",
      "geometry": {
        "type": "Polygon",
        "coordinates": [
          [
            [
              -82.7521888,
              40.1038504
            ],
            [
              -82.7522496,
              40.1030467
            ],
            [
              -82.7514364,
              40.1030107
            ],
            [
              -82.7513144,
              40.1046206
            ],
            [
              -82.7516041,
              40.1046334
            ],
            [
              -82.7516214,
              40.1044043
            ],
            [
              -82.751752,
              40.1044101
            ],
            [
              -82.7517955,
              40.1038331
            ],
            [
              -82.7521888,
              40.1038504
            ]
          ]
        ]
      },
      "properties": {
        "epoch_id": "EPOCH-bdc85fadae79b6b2",
        "site_name": "AWS New Albany",
        "distance_to_site_km": 1.7012,
        "footprint_area_m2_webmercator": 15645.11,
        "source_dataset": "Overture Maps buildings",
        "source_url": "https://docs.overturemaps.org/getting-data/",
        "source_release": "2026-09-23.1",
        "source_accessed_on": "2026-09-27",
        "geometry_role": "current building-footprint polygon",
        "linkage_semantics": "Overlap/proximity only; not evidence that the building hosts AI compute."
      }
    },
    {
      "type": "Feature",
      "id": "d80a6829-38e9-4957-9cf2-0bc6ce709b9c",
      "geometry": {
        "type": "Polygon",
        "coordinates": [
          [
            [
              -82.7523595,
              40.10401
            ],
            [
              -82.7524656,
              40.104013
            ],
            [
              -82.7524691,
              40.1039422
            ],
            [
              -82.7523629,
              40.1039392
            ],
            [
              -82.7523595,
              40.10401
            ]
          ]
        ]
      },
      "properties": {
        "epoch_id": "EPOCH-bdc85fadae79b6b2",
        "site_name": "AWS New Albany",
        "distance_to_site_km": 1.7118,
        "footprint_area_m2_webmercator": 121.93,
        "source_dataset": "Overture Maps buildings",
        "source_url": "https://docs.overturemaps.org/getting-data/",
        "source_release": "2026-09-23.1",
        "source_accessed_on": "2026-09-27",
        "geometry_role": "current building-footprint polygon",
        "linkage_semantics": "Overlap/proximity only; not evidence that the building hosts AI compute."
      }
    },
    {
      "type": "Feature",
      "id": "82e199ae-5b77-4df2-a092-4e55e60edac1",
      "geometry": {
        "type": "Polygon",
        "coordinates": [
          [
            [
              -82.7573681,
              40.1018401
            ],
            [
              -82.7573672,
              40.1018122
            ],
            [
              -82.7574434,
              40.1018108
            ],
            [
              -82.7574406,
              40.1017238
            ],
            [
              -82.7572128,
              40.101728
            ],
            [
              -82.7572164,
              40.1018429
            ],
            [
              -82.7573681,
              40.1018401
            ]
          ]
        ]
      },
      "properties": {
        "epoch_id": "EPOCH-bdc85fadae79b6b2",
        "site_name": "AWS New Albany",
        "distance_to_site_km": 2.1728,
        "footprint_area_m2_webmercator": 389.91,
        "source_dataset": "Overture Maps buildings",
        "source_url": "https://docs.overturemaps.org/getting-data/",
        "source_release": "2026-09-23.1",
        "source_accessed_on": "2026-09-27",
        "geometry_role": "current building-footprint polygon",
        "linkage_semantics": "Overlap/proximity only; not evidence that the building hosts AI compute."
      }
    },
    {
      "type": "Feature",
      "id": "1b1dc0d9-1b5b-4f9c-bec8-afbf478fda14",
      "geometry": {
        "type": "Polygon",
        "coordinates": [
          [
            [
              -82.7585216,
              40.1015776
            ],
            [
              -82.7584326,
              40.1014468
            ],
            [
              -82.7583503,
              40.1014796
            ],
            [
              -82.7583744,
              40.1015151
            ],
            [
              -82.7582773,
              40.1015537
            ],
            [
              -82.7583421,
              40.101649
            ],
            [
              -82.7585216,
              40.1015776
            ]
          ]
        ]
      },
      "properties": {
        "epoch_id": "EPOCH-bdc85fadae79b6b2",
        "site_name": "AWS New Albany",
        "distance_to_site_km": 2.2552,
        "footprint_area_m2_webmercator": 412.21,
        "source_dataset": "Overture Maps buildings",
        "source_url": "https://docs.overturemaps.org/getting-data/",
        "source_release": "2026-09-23.1",
        "source_accessed_on": "2026-09-27",
        "geometry_role": "current building-footprint polygon",
        "linkage_semantics": "Overlap/proximity only; not evidence that the building hosts AI compute."
      }
    },
    {
      "type": "Feature",
      "id": "bcaffcf0-4404-4c3b-8465-ed5f8ed9fb09",
      "geometry": {
        "type": "Polygon",
        "coordinates": [
          [
            [
              -82.7592216,
              40.1013826
            ],
            [
              -82.7593048,
              40.1013383
            ],
            [
              -82.759166,
              40.1011856
            ],
            [
              -82.7590666,
              40.1012385
            ],
            [
              -82.759106,
              40.1012819
            ],
            [
              -82.758974,
              40.1013521
            ],
            [
              -82.7590577,
              40.1014443
            ],
            [
              -82.7591055,
              40.1014189
            ],
            [
              -82.7591236,
              40.1014388
            ],
            [
              -82.7591797,
              40.101409
            ],
            [
              -82.7592006,
              40.101432
            ],
            [
              -82.759245,
              40.1014083
            ],
            [
              -82.7592216,
              40.1013826
            ]
          ]
        ]
      },
      "properties": {
        "epoch_id": "EPOCH-bdc85fadae79b6b2",
        "site_name": "AWS New Albany",
        "distance_to_site_km": 2.3178,
        "footprint_area_m2_webmercator": 723.41,
        "source_dataset": "Overture Maps buildings",
        "source_url": "https://docs.overturemaps.org/getting-data/",
        "source_release": "2026-09-23.1",
        "source_accessed_on": "2026-09-27",
        "geometry_role": "current building-footprint polygon",
        "linkage_semantics": "Overlap/proximity only; not evidence that the building hosts AI compute."
      }
    },
    {
      "type": "Feature",
      "id": "fcbbded4-215e-4a36-ba94-26ce519e17fd",
      "geometry": {
        "type": "Polygon",
        "coordinates": [
          [
            [
              -82.7566702,
              40.1084727
            ],
            [
              -82.7567224,
              40.1084755
            ],
            [
              -82.7567007,
              40.1087164
            ],
            [
              -82.7568247,
              40.1087229
            ],
            [
              -82.7568389,
              40.1085657
            ],
            [
              -82.7568656,
              40.1085671
            ],
            [
              -82.7568785,
              40.108423
            ],
            [
              -82.7568999,
              40.1084242
            ],
            [
              -82.7569054,
              40.1083629
            ],
            [
              -82.756844,
              40.1083597
            ],
            [
              -82.7568496,
              40.1082975
            ],
            [
              -82.7567416,
              40.1082918
            ],
            [
              -82.7567339,
              40.1083765
            ],
            [
              -82.7566791,
              40.1083736
            ],
            [
              -82.7566702,
              40.1084727
            ]
          ]
        ]
      },
      "properties": {
        "epoch_id": "EPOCH-bdc85fadae79b6b2",
        "site_name": "AWS New Albany",
        "distance_to_site_km": 1.6769,
        "footprint_area_m2_webmercator": 1035.05,
        "source_dataset": "Overture Maps buildings",
        "source_url": "https://docs.overturemaps.org/getting-data/",
        "source_release": "2026-09-23.1",
        "source_accessed_on": "2026-09-27",
        "geometry_role": "current building-footprint polygon",
        "linkage_semantics": "Overlap/proximity only; not evidence that the building hosts AI compute."
      }
    },
    {
      "type": "Feature",
      "id": "d7936376-d361-4e30-9356-f43129c036ba",
      "geometry": {
        "type": "Polygon",
        "coordinates": [
          [
            [
              -82.7563882,
              40.109088
            ],
            [
              -82.7566117,
              40.1090953
            ],
            [
              -82.7566171,
              40.108997
            ],
            [
              -82.7563937,
              40.1089897
            ],
            [
              -82.7563882,
              40.109088
            ]
          ]
        ]
      },
      "properties": {
        "epoch_id": "EPOCH-bdc85fadae79b6b2",
        "site_name": "AWS New Albany",
        "distance_to_site_km": 1.6272,
        "footprint_area_m2_webmercator": 356.54,
        "source_dataset": "Overture Maps buildings",
        "source_url": "https://docs.overturemaps.org/getting-data/",
        "source_release": "2026-09-23.1",
        "source_accessed_on": "2026-09-27",
        "geometry_role": "current building-footprint polygon",
        "linkage_semantics": "Overlap/proximity only; not evidence that the building hosts AI compute."
      }
    },
    {
      "type": "Feature",
      "id": "29feb6b0-d795-404c-aea8-38a2fb82de19",
      "geometry": {
        "type": "Polygon",
        "coordinates": [
          [
            [
              -82.7538688,
              40.1098399
            ],
            [
              -82.7538339,
              40.1098391
            ],
            [
              -82.7538305,
              40.1099324
            ],
            [
              -82.7538681,
              40.1099332
            ],
            [
              -82.7538658,
              40.1099947
            ],
            [
              -82.7539811,
              40.1099971
            ],
            [
              -82.7539823,
              40.1099633
            ],
            [
              -82.7540397,
              40.1099646
            ],
            [
              -82.7540418,
              40.1099061
            ],
            [
              -82.7539855,
              40.1099049
            ],
            [
              -82.75399,
              40.1097819
            ],
            [
              -82.753871,
              40.1097794
            ],
            [
              -82.7538688,
              40.1098399
            ]
          ]
        ]
      },
      "properties": {
        "epoch_id": "EPOCH-bdc85fadae79b6b2",
        "site_name": "AWS New Albany",
        "distance_to_site_km": 1.3894,
        "footprint_area_m2_webmercator": 518.19,
        "source_dataset": "Overture Maps buildings",
        "source_url": "https://docs.overturemaps.org/getting-data/",
        "source_release": "2026-09-23.1",
        "source_accessed_on": "2026-09-27",
        "geometry_role": "current building-footprint polygon",
        "linkage_semantics": "Overlap/proximity only; not evidence that the building hosts AI compute."
      }
    },
    {
      "type": "Feature",
      "id": "e7cba14b-c3d4-469c-9ea1-5a40de8b7e33",
      "geometry": {
        "type": "Polygon",
        "coordinates": [
          [
            [
              -82.7543867,
              40.1071236
            ],
            [
              -82.7543829,
              40.1069124
            ],
            [
              -82.7542059,
              40.1069142
            ],
            [
              -82.7542072,
              40.106987
            ],
            [
              -82.7542421,
              40.1069867
            ],
            [
              -82.7542446,
              40.1071251
            ],
            [
              -82.7543867,
              40.1071236
            ]
          ]
        ]
      },
      "properties": {
        "epoch_id": "EPOCH-bdc85fadae79b6b2",
        "site_name": "AWS New Albany",
        "distance_to_site_km": 1.5919,
        "footprint_area_m2_webmercator": 527.61,
        "source_dataset": "Overture Maps buildings",
        "source_url": "https://docs.overturemaps.org/getting-data/",
        "source_release": "2026-09-23.1",
        "source_accessed_on": "2026-09-27",
        "geometry_role": "current building-footprint polygon",
        "linkage_semantics": "Overlap/proximity only; not evidence that the building hosts AI compute."
      }
    },
    {
      "type": "Feature",
      "id": "a353d8df-f726-436d-8819-b62ddb2c09ec",
      "geometry": {
        "type": "Polygon",
        "coordinates": [
          [
            [
              -82.7547757,
              40.1068825
            ],
            [
              -82.7546579,
              40.1068796
            ],
            [
              -82.7546545,
              40.1069575
            ],
            [
              -82.7547724,
              40.1069604
            ],
            [
              -82.7547757,
              40.1068825
            ]
          ]
        ]
      },
      "properties": {
        "epoch_id": "EPOCH-bdc85fadae79b6b2",
        "site_name": "AWS New Albany",
        "distance_to_site_km": 1.6257,
        "footprint_area_m2_webmercator": 148.9,
        "source_dataset": "Overture Maps buildings",
        "source_url": "https://docs.overturemaps.org/getting-data/",
        "source_release": "2026-09-23.1",
        "source_accessed_on": "2026-09-27",
        "geometry_role": "current building-footprint polygon",
        "linkage_semantics": "Overlap/proximity only; not evidence that the building hosts AI compute."
      }
    },
    {
      "type": "Feature",
      "id": "7089bad8-587f-473d-aa65-d7124653cdec",
      "geometry": {
        "type": "Polygon",
        "coordinates": [
          [
            [
              -82.7510064,
              40.1054717
            ],
            [
              -82.751073,
              40.1054758
            ],
            [
              -82.7510819,
              40.1053893
            ],
            [
              -82.7510153,
              40.1053853
            ],
            [
              -82.7510064,
              40.1054717
            ]
          ]
        ]
      },
      "properties": {
        "epoch_id": "EPOCH-bdc85fadae79b6b2",
        "site_name": "AWS New Albany",
        "distance_to_site_km": 1.513,
        "footprint_area_m2_webmercator": 93.87,
        "source_dataset": "Overture Maps buildings",
        "source_url": "https://docs.overturemaps.org/getting-data/",
        "source_release": "2026-09-23.1",
        "source_accessed_on": "2026-09-27",
        "geometry_role": "current building-footprint polygon",
        "linkage_semantics": "Overlap/proximity only; not evidence that the building hosts AI compute."
      }
    },
    {
      "type": "Feature",
      "id": "5b153e30-d2ac-4451-b817-abada96ae776",
      "geometry": {
        "type": "Polygon",
        "coordinates": [
          [
            [
              -82.7512547,
              40.1054675
            ],
            [
              -82.7512525,
              40.1053978
            ],
            [
              -82.7511223,
              40.1054002
            ],
            [
              -82.7511245,
              40.1054699
            ],
            [
              -82.7512547,
              40.1054675
            ]
          ]
        ]
      },
      "properties": {
        "epoch_id": "EPOCH-bdc85fadae79b6b2",
        "site_name": "AWS New Albany",
        "distance_to_site_km": 1.5207,
        "footprint_area_m2_webmercator": 147.11,
        "source_dataset": "Overture Maps buildings",
        "source_url": "https://docs.overturemaps.org/getting-data/",
        "source_release": "2026-09-23.1",
        "source_accessed_on": "2026-09-27",
        "geometry_role": "current building-footprint polygon",
        "linkage_semantics": "Overlap/proximity only; not evidence that the building hosts AI compute."
      }
    },
    {
      "type": "Feature",
      "id": "66b3a209-80ea-406d-8083-b3a277e2a590",
      "geometry": {
        "type": "Polygon",
        "coordinates": [
          [
            [
              -82.7513893,
              40.1054874
            ],
            [
              -82.7514038,
              40.1054111
            ],
            [
              -82.7512935,
              40.1053988
            ],
            [
              -82.751279,
              40.1054751
            ],
            [
              -82.7513893,
              40.1054874
            ]
          ]
        ]
      },
      "properties": {
        "epoch_id": "EPOCH-bdc85fadae79b6b2",
        "site_name": "AWS New Albany",
        "distance_to_site_km": 1.5284,
        "footprint_area_m2_webmercator": 139.24,
        "source_dataset": "Overture Maps buildings",
        "source_url": "https://docs.overturemaps.org/getting-data/",
        "source_release": "2026-09-23.1",
        "source_accessed_on": "2026-09-27",
        "geometry_role": "current building-footprint polygon",
        "linkage_semantics": "Overlap/proximity only; not evidence that the building hosts AI compute."
      }
    },
    {
      "type": "Feature",
      "id": "cbe869ba-e01b-43ed-a4c9-cd7077dc2b84",
      "geometry": {
        "type": "Polygon",
        "coordinates": [
          [
            [
              -82.7514308,
              40.1055266
            ],
            [
              -82.7515874,
              40.1055296
            ],
            [
              -82.7515916,
              40.1054004
            ],
            [
              -82.751435,
              40.1053974
            ],
            [
              -82.7514308,
              40.1055266
            ]
          ]
        ]
      },
      "properties": {
        "epoch_id": "EPOCH-bdc85fadae79b6b2",
        "site_name": "AWS New Albany",
        "distance_to_site_km": 1.5363,
        "footprint_area_m2_webmercator": 328.01,
        "source_dataset": "Overture Maps buildings",
        "source_url": "https://docs.overturemaps.org/getting-data/",
        "source_release": "2026-09-23.1",
        "source_accessed_on": "2026-09-27",
        "geometry_role": "current building-footprint polygon",
        "linkage_semantics": "Overlap/proximity only; not evidence that the building hosts AI compute."
      }
    },
    {
      "type": "Feature",
      "id": "a804391d-04f1-41a4-a44a-241d6681d290",
      "geometry": {
        "type": "Polygon",
        "coordinates": [
          [
            [
              -82.7521462,
              40.1050441
            ],
            [
              -82.7520123,
              40.1050407
            ],
            [
              -82.7520031,
              40.1052517
            ],
            [
              -82.752137,
              40.1052552
            ],
            [
              -82.7521462,
              40.1050441
            ]
          ]
        ]
      },
      "properties": {
        "epoch_id": "EPOCH-bdc85fadae79b6b2",
        "site_name": "AWS New Albany",
        "distance_to_site_km": 1.5944,
        "footprint_area_m2_webmercator": 458.37,
        "source_dataset": "Overture Maps buildings",
        "source_url": "https://docs.overturemaps.org/getting-data/",
        "source_release": "2026-09-23.1",
        "source_accessed_on": "2026-09-27",
        "geometry_role": "current building-footprint polygon",
        "linkage_semantics": "Overlap/proximity only; not evidence that the building hosts AI compute."
      }
    },
    {
      "type": "Feature",
      "id": "d709e175-1bbb-43a2-b832-c80a5f7c4bb4",
      "geometry": {
        "type": "Polygon",
        "coordinates": [
          [
            [
              -82.7437547,
              40.1051485
            ],
            [
              -82.7462803,
              40.1052537
            ],
            [
              -82.74633,
              40.1045547
            ],
            [
              -82.7438044,
              40.1044499
            ],
            [
              -82.7437547,
              40.1051485
            ]
          ]
        ]
      },
      "properties": {
        "epoch_id": "EPOCH-bdc85fadae79b6b2",
        "site_name": "AWS New Albany",
        "distance_to_site_km": 1.3051,
        "footprint_area_m2_webmercator": 28678.49,
        "source_dataset": "Overture Maps buildings",
        "source_url": "https://docs.overturemaps.org/getting-data/",
        "source_release": "2026-09-23.1",
        "source_accessed_on": "2026-09-27",
        "geometry_role": "current building-footprint polygon",
        "linkage_semantics": "Overlap/proximity only; not evidence that the building hosts AI compute."
      }
    },
    {
      "type": "Feature",
      "id": "671e359b-06e8-44e8-aa9c-3d1f091096d2",
      "geometry": {
        "type": "Polygon",
        "coordinates": [
          [
            [
              -82.7364461,
              40.1061684
            ],
            [
              -82.7362882,
              40.1061432
            ],
            [
              -82.7362629,
              40.1062355
            ],
            [
              -82.7364209,
              40.1062608
            ],
            [
              -82.7364461,
              40.1061684
            ]
          ]
        ]
      },
      "properties": {
        "epoch_id": "EPOCH-bdc85fadae79b6b2",
        "site_name": "AWS New Albany",
        "distance_to_site_km": 1.1018,
        "footprint_area_m2_webmercator": 246.66,
        "source_dataset": "Overture Maps buildings",
        "source_url": "https://docs.overturemaps.org/getting-data/",
        "source_release": "2026-09-23.1",
        "source_accessed_on": "2026-09-27",
        "geometry_role": "current building-footprint polygon",
        "linkage_semantics": "Overlap/proximity only; not evidence that the building hosts AI compute."
      }
    },
    {
      "type": "Feature",
      "id": "2d7bcdd6-fd1b-45e3-8fe7-dac71025aca1",
      "geometry": {
        "type": "Polygon",
        "coordinates": [
          [
            [
              -82.7349714,
              40.1065373
            ],
            [
              -82.7350207,
              40.1064516
            ],
            [
              -82.7351625,
              40.1064235
            ],
            [
              -82.735137,
              40.1063485
            ],
            [
              -82.7350641,
              40.106363
            ],
            [
              -82.7349784,
              40.1063341
            ],
            [
              -82.7349433,
              40.1063952
            ],
            [
              -82.7349039,
              40.106403
            ],
            [
              -82.7348434,
              40.1065081
            ],
            [
              -82.7349454,
              40.1065425
            ],
            [
              -82.7349714,
              40.1065373
            ]
          ]
        ]
      },
      "properties": {
        "epoch_id": "EPOCH-bdc85fadae79b6b2",
        "site_name": "AWS New Albany",
        "distance_to_site_km": 1.1117,
        "footprint_area_m2_webmercator": 523.43,
        "source_dataset": "Overture Maps buildings",
        "source_url": "https://docs.overturemaps.org/getting-data/",
        "source_release": "2026-09-23.1",
        "source_accessed_on": "2026-09-27",
        "geometry_role": "current building-footprint polygon",
        "linkage_semantics": "Overlap/proximity only; not evidence that the building hosts AI compute."
      }
    },
    {
      "type": "Feature",
      "id": "76d927f9-ff51-418f-9b81-22927fbb2d40",
      "geometry": {
        "type": "Polygon",
        "coordinates": [
          [
            [
              -82.7365789,
              40.1063501
            ],
            [
              -82.7366887,
              40.106373
            ],
            [
              -82.7367286,
              40.1062611
            ],
            [
              -82.7365189,
              40.1062174
            ],
            [
              -82.7364558,
              40.1063942
            ],
            [
              -82.7365557,
              40.106415
            ],
            [
              -82.7365789,
              40.1063501
            ]
          ]
        ]
      },
      "properties": {
        "epoch_id": "EPOCH-bdc85fadae79b6b2",
        "site_name": "AWS New Albany",
        "distance_to_site_km": 1.0853,
        "footprint_area_m2_webmercator": 521.32,
        "source_dataset": "Overture Maps buildings",
        "source_url": "https://docs.overturemaps.org/getting-data/",
        "source_release": "2026-09-23.1",
        "source_accessed_on": "2026-09-27",
        "geometry_role": "current building-footprint polygon",
        "linkage_semantics": "Overlap/proximity only; not evidence that the building hosts AI compute."
      }
    },
    {
      "type": "Feature",
      "id": "660c117e-0693-401a-b178-25fe0089880a",
      "geometry": {
        "type": "Polygon",
        "coordinates": [
          [
            [
              -82.7373389,
              40.1064871
            ],
            [
              -82.7372713,
              40.1066027
            ],
            [
              -82.7374043,
              40.1066482
            ],
            [
              -82.7374113,
              40.1066362
            ],
            [
              -82.7375141,
              40.1066714
            ],
            [
              -82.7375677,
              40.1065798
            ],
            [
              -82.7375029,
              40.1065576
            ],
            [
              -82.7375099,
              40.1065456
            ],
            [
              -82.7373389,
              40.1064871
            ]
          ]
        ]
      },
      "properties": {
        "epoch_id": "EPOCH-bdc85fadae79b6b2",
        "site_name": "AWS New Albany",
        "distance_to_site_km": 1.0415,
        "footprint_area_m2_webmercator": 490.94,
        "source_dataset": "Overture Maps buildings",
        "source_url": "https://docs.overturemaps.org/getting-data/",
        "source_release": "2026-09-23.1",
        "source_accessed_on": "2026-09-27",
        "geometry_role": "current building-footprint polygon",
        "linkage_semantics": "Overlap/proximity only; not evidence that the building hosts AI compute."
      }
    },
    {
      "type": "Feature",
      "id": "561c234c-9937-4a5f-b797-75aa5539508b",
      "geometry": {
        "type": "Polygon",
        "coordinates": [
          [
            [
              -82.7376849,
              40.1065292
            ],
            [
              -82.7377486,
              40.1064943
            ],
            [
              -82.7376914,
              40.1064333
            ],
            [
              -82.7376277,
              40.1064683
            ],
            [
              -82.7376849,
              40.1065292
            ]
          ]
        ]
      },
      "properties": {
        "epoch_id": "EPOCH-bdc85fadae79b6b2",
        "site_name": "AWS New Albany",
        "distance_to_site_km": 1.0489,
        "footprint_area_m2_webmercator": 95.29,
        "source_dataset": "Overture Maps buildings",
        "source_url": "https://docs.overturemaps.org/getting-data/",
        "source_release": "2026-09-23.1",
        "source_accessed_on": "2026-09-27",
        "geometry_role": "current building-footprint polygon",
        "linkage_semantics": "Overlap/proximity only; not evidence that the building hosts AI compute."
      }
    },
    {
      "type": "Feature",
      "id": "10e93dd9-3cc0-4ce1-8cce-5f203ea95c6a",
      "geometry": {
        "type": "Polygon",
        "coordinates": [
          [
            [
              -82.7381717,
              40.1070666
            ],
            [
              -82.7382007,
              40.1070937
            ],
            [
              -82.7382989,
              40.1070324
            ],
            [
              -82.7380756,
              40.106823
            ],
            [
              -82.7380466,
              40.1068411
            ],
            [
              -82.7380203,
              40.1068164
            ],
            [
              -82.7379897,
              40.1068355
            ],
            [
              -82.7379805,
              40.1068269
            ],
            [
              -82.7379386,
              40.106853
            ],
            [
              -82.7380634,
              40.10697
            ],
            [
              -82.7380006,
              40.1070092
            ],
            [
              -82.7381057,
              40.1071078
            ],
            [
              -82.7381717,
              40.1070666
            ]
          ]
        ]
      },
      "properties": {
        "epoch_id": "EPOCH-bdc85fadae79b6b2",
        "site_name": "AWS New Albany",
        "distance_to_site_km": 0.9903,
        "footprint_area_m2_webmercator": 796.03,
        "source_dataset": "Overture Maps buildings",
        "source_url": "https://docs.overturemaps.org/getting-data/",
        "source_release": "2026-09-23.1",
        "source_accessed_on": "2026-09-27",
        "geometry_role": "current building-footprint polygon",
        "linkage_semantics": "Overlap/proximity only; not evidence that the building hosts AI compute."
      }
    },
    {
      "type": "Feature",
      "id": "9098a06d-995c-40e3-9b3e-fcff27987041",
      "geometry": {
        "type": "Polygon",
        "coordinates": [
          [
            [
              -82.73727,
              40.1085599
            ],
            [
              -82.7371368,
              40.1085379
            ],
            [
              -82.7370847,
              40.1087221
            ],
            [
              -82.737218,
              40.1087442
            ],
            [
              -82.73727,
              40.1085599
            ]
          ]
        ]
      },
      "properties": {
        "epoch_id": "EPOCH-bdc85fadae79b6b2",
        "site_name": "AWS New Albany",
        "distance_to_site_km": 0.8217,
        "footprint_area_m2_webmercator": 416.39,
        "source_dataset": "Overture Maps buildings",
        "source_url": "https://docs.overturemaps.org/getting-data/",
        "source_release": "2026-09-23.1",
        "source_accessed_on": "2026-09-27",
        "geometry_role": "current building-footprint polygon",
        "linkage_semantics": "Overlap/proximity only; not evidence that the building hosts AI compute."
      }
    },
    {
      "type": "Feature",
      "id": "4a02c2d5-8cef-49f2-b2db-87dc34e9f5fe",
      "geometry": {
        "type": "Polygon",
        "coordinates": [
          [
            [
              -82.7361435,
              40.1089393
            ],
            [
              -82.7361958,
              40.1089408
            ],
            [
              -82.7361996,
              40.108863
            ],
            [
              -82.7360187,
              40.1088578
            ],
            [
              -82.7360086,
              40.1090647
            ],
            [
              -82.7361371,
              40.1090684
            ],
            [
              -82.7361435,
              40.1089393
            ]
          ]
        ]
      },
      "properties": {
        "epoch_id": "EPOCH-bdc85fadae79b6b2",
        "site_name": "AWS New Albany",
        "distance_to_site_km": 0.8164,
        "footprint_area_m2_webmercator": 497.63,
        "source_dataset": "Overture Maps buildings",
        "source_url": "https://docs.overturemaps.org/getting-data/",
        "source_release": "2026-09-23.1",
        "source_accessed_on": "2026-09-27",
        "geometry_role": "current building-footprint polygon",
        "linkage_semantics": "Overlap/proximity only; not evidence that the building hosts AI compute."
      }
    },
    {
      "type": "Feature",
      "id": "2fb855f5-2617-4ea3-988a-7c0fd2e55092",
      "geometry": {
        "type": "Polygon",
        "coordinates": [
          [
            [
              -82.735934,
              40.1090903
            ],
            [
              -82.7358241,
              40.1090901
            ],
            [
              -82.7358238,
              40.109164
            ],
            [
              -82.7359338,
              40.1091642
            ],
            [
              -82.735934,
              40.1090903
            ]
          ]
        ]
      },
      "properties": {
        "epoch_id": "EPOCH-bdc85fadae79b6b2",
        "site_name": "AWS New Albany",
        "distance_to_site_km": 0.8053,
        "footprint_area_m2_webmercator": 131.65,
        "source_dataset": "Overture Maps buildings",
        "source_url": "https://docs.overturemaps.org/getting-data/",
        "source_release": "2026-09-23.1",
        "source_accessed_on": "2026-09-27",
        "geometry_role": "current building-footprint polygon",
        "linkage_semantics": "Overlap/proximity only; not evidence that the building hosts AI compute."
      }
    },
    {
      "type": "Feature",
      "id": "030c7ee0-e1bf-4443-93ab-7192b97dd752",
      "geometry": {
        "type": "Polygon",
        "coordinates": [
          [
            [
              -82.7371387,
              40.1090833
            ],
            [
              -82.7370207,
              40.1090819
            ],
            [
              -82.7370163,
              40.1092911
            ],
            [
              -82.7371584,
              40.1092928
            ],
            [
              -82.7371619,
              40.1091247
            ],
            [
              -82.7371378,
              40.1091244
            ],
            [
              -82.7371387,
              40.1090833
            ]
          ]
        ]
      },
      "properties": {
        "epoch_id": "EPOCH-bdc85fadae79b6b2",
        "site_name": "AWS New Albany",
        "distance_to_site_km": 0.7647,
        "footprint_area_m2_webmercator": 465.68,
        "source_dataset": "Overture Maps buildings",
        "source_url": "https://docs.overturemaps.org/getting-data/",
        "source_release": "2026-09-23.1",
        "source_accessed_on": "2026-09-27",
        "geometry_role": "current building-footprint polygon",
        "linkage_semantics": "Overlap/proximity only; not evidence that the building hosts AI compute."
      }
    },
    {
      "type": "Feature",
      "id": "c79ab024-ac0d-4993-8eef-88ab08d51e93",
      "geometry": {
        "type": "Polygon",
        "coordinates": [
          [
            [
              -82.7374262,
              40.1098624
            ],
            [
              -82.7374229,
              40.109919
            ],
            [
              -82.7375665,
              40.1099239
            ],
            [
              -82.7375747,
              40.1097842
            ],
            [
              -82.7374095,
              40.1097785
            ],
            [
              -82.737406,
              40.1098381
            ],
            [
              -82.737447,
              40.1098396
            ],
            [
              -82.7374456,
              40.1098631
            ],
            [
              -82.7374262,
              40.1098624
            ]
          ]
        ]
      },
      "properties": {
        "epoch_id": "EPOCH-bdc85fadae79b6b2",
        "site_name": "AWS New Albany",
        "distance_to_site_km": 0.6849,
        "footprint_area_m2_webmercator": 339.28,
        "source_dataset": "Overture Maps buildings",
        "source_url": "https://docs.overturemaps.org/getting-data/",
        "source_release": "2026-09-23.1",
        "source_accessed_on": "2026-09-27",
        "geometry_role": "current building-footprint polygon",
        "linkage_semantics": "Overlap/proximity only; not evidence that the building hosts AI compute."
      }
    },
    {
      "type": "Feature",
      "id": "a3356cfa-f2cd-4e61-8c4a-154605c6f684",
      "geometry": {
        "type": "Polygon",
        "coordinates": [
          [
            [
              -82.7363244,
              40.1097138
            ],
            [
              -82.7362983,
              40.1097172
            ],
            [
              -82.736285,
              40.1096574
            ],
            [
              -82.7361599,
              40.1096737
            ],
            [
              -82.7361812,
              40.1097694
            ],
            [
              -82.7361343,
              40.1097755
            ],
            [
              -82.7361432,
              40.1098154
            ],
            [
              -82.7361927,
              40.1098089
            ],
            [
              -82.7362052,
              40.1098648
            ],
            [
              -82.7363537,
              40.1098454
            ],
            [
              -82.7363244,
              40.1097138
            ]
          ]
        ]
      },
      "properties": {
        "epoch_id": "EPOCH-bdc85fadae79b6b2",
        "site_name": "AWS New Albany",
        "distance_to_site_km": 0.7277,
        "footprint_area_m2_webmercator": 485.22,
        "source_dataset": "Overture Maps buildings",
        "source_url": "https://docs.overturemaps.org/getting-data/",
        "source_release": "2026-09-23.1",
        "source_accessed_on": "2026-09-27",
        "geometry_role": "current building-footprint polygon",
        "linkage_semantics": "Overlap/proximity only; not evidence that the building hosts AI compute."
      }
    },
    {
      "type": "Feature",
      "id": "896b49c6-f00b-4c89-90b8-c10495362ebe",
      "geometry": {
        "type": "Polygon",
        "coordinates": [
          [
            [
              -82.7350219,
              40.1095297
            ],
            [
              -82.7349978,
              40.1095288
            ],
            [
              -82.7350017,
              40.1094686
            ],
            [
              -82.7348921,
              40.1094643
            ],
            [
              -82.7348858,
              40.1095593
            ],
            [
              -82.7348617,
              40.1095584
            ],
            [
              -82.7348525,
              40.1096976
            ],
            [
              -82.7350104,
              40.1097036
            ],
            [
              -82.7350219,
              40.1095297
            ]
          ]
        ]
      },
      "properties": {
        "epoch_id": "EPOCH-bdc85fadae79b6b2",
        "site_name": "AWS New Albany",
        "distance_to_site_km": 0.7939,
        "footprint_area_m2_webmercator": 539.76,
        "source_dataset": "Overture Maps buildings",
        "source_url": "https://docs.overturemaps.org/getting-data/",
        "source_release": "2026-09-23.1",
        "source_accessed_on": "2026-09-27",
        "geometry_role": "current building-footprint polygon",
        "linkage_semantics": "Overlap/proximity only; not evidence that the building hosts AI compute."
      }
    },
    {
      "type": "Feature",
      "id": "3ae3450d-ac29-411a-a8ed-e8bb7e73910f",
      "geometry": {
        "type": "Polygon",
        "coordinates": [
          [
            [
              -82.7339255,
              40.1093131
            ],
            [
              -82.7339354,
              40.1092421
            ],
            [
              -82.733816,
              40.1092323
            ],
            [
              -82.7337998,
              40.1093489
            ],
            [
              -82.7339339,
              40.1093598
            ],
            [
              -82.7339127,
              40.109512
            ],
            [
              -82.734032,
              40.1095217
            ],
            [
              -82.7340596,
              40.109324
            ],
            [
              -82.7339255,
              40.1093131
            ]
          ]
        ]
      },
      "properties": {
        "epoch_id": "EPOCH-bdc85fadae79b6b2",
        "site_name": "AWS New Albany",
        "distance_to_site_km": 0.8593,
        "footprint_area_m2_webmercator": 625.57,
        "source_dataset": "Overture Maps buildings",
        "source_url": "https://docs.overturemaps.org/getting-data/",
        "source_release": "2026-09-23.1",
        "source_accessed_on": "2026-09-27",
        "geometry_role": "current building-footprint polygon",
        "linkage_semantics": "Overlap/proximity only; not evidence that the building hosts AI compute."
      }
    },
    {
      "type": "Feature",
      "id": "7ff6d510-7503-4cce-b7d4-36ea86f865d0",
      "geometry": {
        "type": "Polygon",
        "coordinates": [
          [
            [
              -82.735413,
              40.1088731
            ],
            [
              -82.7352979,
              40.108863
            ],
            [
              -82.7352805,
              40.1089793
            ],
            [
              -82.7352567,
              40.1089772
            ],
            [
              -82.7352422,
              40.1090744
            ],
            [
              -82.735381,
              40.1090866
            ],
            [
              -82.735413,
              40.1088731
            ]
          ]
        ]
      },
      "properties": {
        "epoch_id": "EPOCH-bdc85fadae79b6b2",
        "site_name": "AWS New Albany",
        "distance_to_site_km": 0.8392,
        "footprint_area_m2_webmercator": 441.22,
        "source_dataset": "Overture Maps buildings",
        "source_url": "https://docs.overturemaps.org/getting-data/",
        "source_release": "2026-09-23.1",
        "source_accessed_on": "2026-09-27",
        "geometry_role": "current building-footprint polygon",
        "linkage_semantics": "Overlap/proximity only; not evidence that the building hosts AI compute."
      }
    },
    {
      "type": "Feature",
      "id": "ba4110b0-ad73-4166-b18c-22810d63a56b",
      "geometry": {
        "type": "Polygon",
        "coordinates": [
          [
            [
              -82.7339642,
              40.1083125
            ],
            [
              -82.733987,
              40.1083288
            ],
            [
              -82.7340432,
              40.1082831
            ],
            [
              -82.7338979,
              40.1081787
            ],
            [
              -82.733809,
              40.1082511
            ],
            [
              -82.7338431,
              40.1082756
            ],
            [
              -82.7337621,
              40.1083416
            ],
            [
              -82.7338504,
              40.108405
            ],
            [
              -82.7339642,
              40.1083125
            ]
          ]
        ]
      },
      "properties": {
        "epoch_id": "EPOCH-bdc85fadae79b6b2",
        "site_name": "AWS New Albany",
        "distance_to_site_km": 0.9636,
        "footprint_area_m2_webmercator": 479.96,
        "source_dataset": "Overture Maps buildings",
        "source_url": "https://docs.overturemaps.org/getting-data/",
        "source_release": "2026-09-23.1",
        "source_accessed_on": "2026-09-27",
        "geometry_role": "current building-footprint polygon",
        "linkage_semantics": "Overlap/proximity only; not evidence that the building hosts AI compute."
      }
    },
    {
      "type": "Feature",
      "id": "cdaef23b-ff02-4f2e-b373-3f1a06e73f23",
      "geometry": {
        "type": "Polygon",
        "coordinates": [
          [
            [
              -82.7338796,
              40.1081126
            ],
            [
              -82.7339784,
              40.1081769
            ],
            [
              -82.7340406,
              40.1081209
            ],
            [
              -82.7339418,
              40.1080567
            ],
            [
              -82.7338796,
              40.1081126
            ]
          ]
        ]
      },
      "properties": {
        "epoch_id": "EPOCH-bdc85fadae79b6b2",
        "site_name": "AWS New Albany",
        "distance_to_site_km": 0.9778,
        "footprint_area_m2_webmercator": 154.31,
        "source_dataset": "Overture Maps buildings",
        "source_url": "https://docs.overturemaps.org/getting-data/",
        "source_release": "2026-09-23.1",
        "source_accessed_on": "2026-09-27",
        "geometry_role": "current building-footprint polygon",
        "linkage_semantics": "Overlap/proximity only; not evidence that the building hosts AI compute."
      }
    },
    {
      "type": "Feature",
      "id": "f75ec2ae-7dff-4448-a964-aee360bdc665",
      "geometry": {
        "type": "Polygon",
        "coordinates": [
          [
            [
              -82.7346159,
              40.1079056
            ],
            [
              -82.7347269,
              40.1079368
            ],
            [
              -82.7347626,
              40.1078627
            ],
            [
              -82.7344956,
              40.1077876
            ],
            [
              -82.7344252,
              40.1079339
            ],
            [
              -82.7345811,
              40.1079778
            ],
            [
              -82.7346159,
              40.1079056
            ]
          ]
        ]
      },
      "properties": {
        "epoch_id": "EPOCH-bdc85fadae79b6b2",
        "site_name": "AWS New Albany",
        "distance_to_site_km": 0.9768,
        "footprint_area_m2_webmercator": 571.14,
        "source_dataset": "Overture Maps buildings",
        "source_url": "https://docs.overturemaps.org/getting-data/",
        "source_release": "2026-09-23.1",
        "source_accessed_on": "2026-09-27",
        "geometry_role": "current building-footprint polygon",
        "linkage_semantics": "Overlap/proximity only; not evidence that the building hosts AI compute."
      }
    },
    {
      "type": "Feature",
      "id": "ca28d9d4-d117-4dff-94f8-09518d14e410",
      "geometry": {
        "type": "Polygon",
        "coordinates": [
          [
            [
              -82.7355198,
              40.1083169
            ],
            [
              -82.7355365,
              40.1082634
            ],
            [
              -82.735496,
              40.108256
            ],
            [
              -82.7355331,
              40.1081376
            ],
            [
              -82.7354139,
              40.1081158
            ],
            [
              -82.7353822,
              40.1082166
            ],
            [
              -82.7353226,
              40.1082057
            ],
            [
              -82.7353003,
              40.1082766
            ],
            [
              -82.7355198,
              40.1083169
            ]
          ]
        ]
      },
      "properties": {
        "epoch_id": "EPOCH-bdc85fadae79b6b2",
        "site_name": "AWS New Albany",
        "distance_to_site_km": 0.9125,
        "footprint_area_m2_webmercator": 460.67,
        "source_dataset": "Overture Maps buildings",
        "source_url": "https://docs.overturemaps.org/getting-data/",
        "source_release": "2026-09-23.1",
        "source_accessed_on": "2026-09-27",
        "geometry_role": "current building-footprint polygon",
        "linkage_semantics": "Overlap/proximity only; not evidence that the building hosts AI compute."
      }
    },
    {
      "type": "Feature",
      "id": "99d76bc0-74a2-4012-8e64-a85f918ddcfd",
      "geometry": {
        "type": "Polygon",
        "coordinates": [
          [
            [
              -82.7374338,
              40.1081539
            ],
            [
              -82.7374086,
              40.1079485
            ],
            [
              -82.7372889,
              40.1079571
            ],
            [
              -82.7373054,
              40.1080913
            ],
            [
              -82.7373267,
              40.1080898
            ],
            [
              -82.7373355,
              40.108161
            ],
            [
              -82.7374338,
              40.1081539
            ]
          ]
        ]
      },
      "properties": {
        "epoch_id": "EPOCH-bdc85fadae79b6b2",
        "site_name": "AWS New Albany",
        "distance_to_site_km": 0.882,
        "footprint_area_m2_webmercator": 377.0,
        "source_dataset": "Overture Maps buildings",
        "source_url": "https://docs.overturemaps.org/getting-data/",
        "source_release": "2026-09-23.1",
        "source_accessed_on": "2026-09-27",
        "geometry_role": "current building-footprint polygon",
        "linkage_semantics": "Overlap/proximity only; not evidence that the building hosts AI compute."
      }
    },
    {
      "type": "Feature",
      "id": "f546d564-2404-49a6-bcd8-dd7c7a170b34",
      "geometry": {
        "type": "Polygon",
        "coordinates": [
          [
            [
              -82.7345203,
              40.107377
            ],
            [
              -82.734606,
              40.1072075
            ],
            [
              -82.7344952,
              40.1071747
            ],
            [
              -82.7344483,
              40.1072675
            ],
            [
              -82.7344086,
              40.1072557
            ],
            [
              -82.7343906,
              40.1072914
            ],
            [
              -82.7344232,
              40.1073011
            ],
            [
              -82.7344025,
              40.1073421
            ],
            [
              -82.7345203,
              40.107377
            ]
          ]
        ]
      },
      "properties": {
        "epoch_id": "EPOCH-bdc85fadae79b6b2",
        "site_name": "AWS New Albany",
        "distance_to_site_km": 1.0407,
        "footprint_area_m2_webmercator": 381.54,
        "source_dataset": "Overture Maps buildings",
        "source_url": "https://docs.overturemaps.org/getting-data/",
        "source_release": "2026-09-23.1",
        "source_accessed_on": "2026-09-27",
        "geometry_role": "current building-footprint polygon",
        "linkage_semantics": "Overlap/proximity only; not evidence that the building hosts AI compute."
      }
    },
    {
      "type": "Feature",
      "id": "7586bf27-d6e1-4088-9f95-6cb2b99d1a15",
      "geometry": {
        "type": "Polygon",
        "coordinates": [
          [
            [
              -82.723078,
              40.1049458
            ],
            [
              -82.7230744,
              40.10487
            ],
            [
              -82.7230343,
              40.1048711
            ],
            [
              -82.7230339,
              40.1048629
            ],
            [
              -82.7229428,
              40.1048654
            ],
            [
              -82.7229468,
              40.1049494
            ],
            [
              -82.723078,
              40.1049458
            ]
          ]
        ]
      },
      "properties": {
        "epoch_id": "EPOCH-bdc85fadae79b6b2",
        "site_name": "AWS New Albany",
        "distance_to_site_km": 1.8559,
        "footprint_area_m2_webmercator": 173.46,
        "source_dataset": "Overture Maps buildings",
        "source_url": "https://docs.overturemaps.org/getting-data/",
        "source_release": "2026-09-23.1",
        "source_accessed_on": "2026-09-27",
        "geometry_role": "current building-footprint polygon",
        "linkage_semantics": "Overlap/proximity only; not evidence that the building hosts AI compute."
      }
    },
    {
      "type": "Feature",
      "id": "b85b60b5-d7d5-4f29-87ab-b688b33f291d",
      "geometry": {
        "type": "Polygon",
        "coordinates": [
          [
            [
              -82.7228499,
              40.1050757
            ],
            [
              -82.7228503,
              40.1050931
            ],
            [
              -82.7227687,
              40.1050943
            ],
            [
              -82.7227701,
              40.1051508
            ],
            [
              -82.7229256,
              40.1051485
            ],
            [
              -82.7229248,
              40.1051157
            ],
            [
              -82.7228927,
              40.1051162
            ],
            [
              -82.7228916,
              40.1050751
            ],
            [
              -82.7228499,
              40.1050757
            ]
          ]
        ]
      },
      "properties": {
        "epoch_id": "EPOCH-bdc85fadae79b6b2",
        "site_name": "AWS New Albany",
        "distance_to_site_km": 1.8513,
        "footprint_area_m2_webmercator": 141.81,
        "source_dataset": "Overture Maps buildings",
        "source_url": "https://docs.overturemaps.org/getting-data/",
        "source_release": "2026-09-23.1",
        "source_accessed_on": "2026-09-27",
        "geometry_role": "current building-footprint polygon",
        "linkage_semantics": "Overlap/proximity only; not evidence that the building hosts AI compute."
      }
    },
    {
      "type": "Feature",
      "id": "2d9ba7c5-dcfc-4833-b658-428d36fe8a19",
      "geometry": {
        "type": "Polygon",
        "coordinates": [
          [
            [
              -82.7229385,
              40.105155
            ],
            [
              -82.7231368,
              40.1051601
            ],
            [
              -82.7231422,
              40.1050392
            ],
            [
              -82.7229439,
              40.1050341
            ],
            [
              -82.7229385,
              40.105155
            ]
          ]
        ]
      },
      "properties": {
        "epoch_id": "EPOCH-bdc85fadae79b6b2",
        "site_name": "AWS New Albany",
        "distance_to_site_km": 1.8402,
        "footprint_area_m2_webmercator": 388.87,
        "source_dataset": "Overture Maps buildings",
        "source_url": "https://docs.overturemaps.org/getting-data/",
        "source_release": "2026-09-23.1",
        "source_accessed_on": "2026-09-27",
        "geometry_role": "current building-footprint polygon",
        "linkage_semantics": "Overlap/proximity only; not evidence that the building hosts AI compute."
      }
    },
    {
      "type": "Feature",
      "id": "994f7d03-8057-484c-a993-f82eb592b64a",
      "geometry": {
        "type": "Polygon",
        "coordinates": [
          [
            [
              -82.7230785,
              40.1043934
            ],
            [
              -82.7230805,
              40.1043473
            ],
            [
              -82.722975,
              40.1043447
            ],
            [
              -82.722973,
              40.1043907
            ],
            [
              -82.7230785,
              40.1043934
            ]
          ]
        ]
      },
      "properties": {
        "epoch_id": "EPOCH-bdc85fadae79b6b2",
        "site_name": "AWS New Albany",
        "distance_to_site_km": 1.8944,
        "footprint_area_m2_webmercator": 78.8,
        "source_dataset": "Overture Maps buildings",
        "source_url": "https://docs.overturemaps.org/getting-data/",
        "source_release": "2026-09-23.1",
        "source_accessed_on": "2026-09-27",
        "geometry_role": "current building-footprint polygon",
        "linkage_semantics": "Overlap/proximity only; not evidence that the building hosts AI compute."
      }
    },
    {
      "type": "Feature",
      "id": "bd66dec1-a621-44ec-8dbb-2957e58929d7",
      "geometry": {
        "type": "Polygon",
        "coordinates": [
          [
            [
              -82.7231663,
              40.1042549
            ],
            [
              -82.7232772,
              40.1042567
            ],
            [
              -82.7232789,
              40.1041952
            ],
            [
              -82.7232414,
              40.1041946
            ],
            [
              -82.7232419,
              40.1041772
            ],
            [
              -82.7231685,
              40.104176
            ],
            [
              -82.7231668,
              40.1042344
            ],
            [
              -82.7231663,
              40.1042549
            ]
          ]
        ]
      },
      "properties": {
        "epoch_id": "EPOCH-bdc85fadae79b6b2",
        "site_name": "AWS New Albany",
        "distance_to_site_km": 1.8936,
        "footprint_area_m2_webmercator": 131.28,
        "source_dataset": "Overture Maps buildings",
        "source_url": "https://docs.overturemaps.org/getting-data/",
        "source_release": "2026-09-23.1",
        "source_accessed_on": "2026-09-27",
        "geometry_role": "current building-footprint polygon",
        "linkage_semantics": "Overlap/proximity only; not evidence that the building hosts AI compute."
      }
    },
    {
      "type": "Feature",
      "id": "f4a2a50d-bdae-481a-9229-6adb8ea2d2ad",
      "geometry": {
        "type": "Polygon",
        "coordinates": [
          [
            [
              -82.7325723,
              40.1038944
            ],
            [
              -82.7325965,
              40.103771
            ],
            [
              -82.7324558,
              40.1037549
            ],
            [
              -82.732408,
              40.1039986
            ],
            [
              -82.7325461,
              40.1040145
            ],
            [
              -82.7325697,
              40.1038941
            ],
            [
              -82.7325723,
              40.1038944
            ]
          ]
        ]
      },
      "properties": {
        "epoch_id": "EPOCH-bdc85fadae79b6b2",
        "site_name": "AWS New Albany",
        "distance_to_site_km": 1.4545,
        "footprint_area_m2_webmercator": 562.94,
        "source_dataset": "Overture Maps buildings",
        "source_url": "https://docs.overturemaps.org/getting-data/",
        "source_release": "2026-09-23.1",
        "source_accessed_on": "2026-09-27",
        "geometry_role": "current building-footprint polygon",
        "linkage_semantics": "Overlap/proximity only; not evidence that the building hosts AI compute."
      }
    },
    {
      "type": "Feature",
      "id": "5e498877-3f6e-4dd8-bb90-5a846d32328e",
      "geometry": {
        "type": "Polygon",
        "coordinates": [
          [
            [
              -82.7325359,
              40.1040179
            ],
            [
              -82.7323987,
              40.1040105
            ],
            [
              -82.732388,
              40.1041269
            ],
            [
              -82.7325252,
              40.1041343
            ],
            [
              -82.7325359,
              40.1040179
            ]
          ]
        ]
      },
      "properties": {
        "epoch_id": "EPOCH-bdc85fadae79b6b2",
        "site_name": "AWS New Albany",
        "distance_to_site_km": 1.4369,
        "footprint_area_m2_webmercator": 260.02,
        "source_dataset": "Overture Maps buildings",
        "source_url": "https://docs.overturemaps.org/getting-data/",
        "source_release": "2026-09-23.1",
        "source_accessed_on": "2026-09-27",
        "geometry_role": "current building-footprint polygon",
        "linkage_semantics": "Overlap/proximity only; not evidence that the building hosts AI compute."
      }
    },
    {
      "type": "Feature",
      "id": "ddb4f50c-e3bd-44ed-8be7-03d46c186414",
      "geometry": {
        "type": "Polygon",
        "coordinates": [
          [
            [
              -82.7335246,
              40.1037463
            ],
            [
              -82.7334398,
              40.1037394
            ],
            [
              -82.7334169,
              40.1039037
            ],
            [
              -82.7335018,
              40.1039106
            ],
            [
              -82.7335246,
              40.1037463
            ]
          ]
        ]
      },
      "properties": {
        "epoch_id": "EPOCH-bdc85fadae79b6b2",
        "site_name": "AWS New Albany",
        "distance_to_site_km": 1.4287,
        "footprint_area_m2_webmercator": 228.41,
        "source_dataset": "Overture Maps buildings",
        "source_url": "https://docs.overturemaps.org/getting-data/",
        "source_release": "2026-09-23.1",
        "source_accessed_on": "2026-09-27",
        "geometry_role": "current building-footprint polygon",
        "linkage_semantics": "Overlap/proximity only; not evidence that the building hosts AI compute."
      }
    },
    {
      "type": "Feature",
      "id": "5742512f-b768-4e89-b793-24b01f75623d",
      "geometry": {
        "type": "Polygon",
        "coordinates": [
          [
            [
              -82.7353876,
              40.1033558
            ],
            [
              -82.7354197,
              40.1033682
            ],
            [
              -82.735371,
              40.1034417
            ],
            [
              -82.735593,
              40.1035277
            ],
            [
              -82.7356827,
              40.1033922
            ],
            [
              -82.7355803,
              40.1033525
            ],
            [
              -82.7355695,
              40.1033688
            ],
            [
              -82.7355204,
              40.1033498
            ],
            [
              -82.7355297,
              40.1033358
            ],
            [
              -82.7354272,
              40.1032961
            ],
            [
              -82.7353876,
              40.1033558
            ]
          ]
        ]
      },
      "properties": {
        "epoch_id": "EPOCH-bdc85fadae79b6b2",
        "site_name": "AWS New Albany",
        "distance_to_site_km": 1.4198,
        "footprint_area_m2_webmercator": 631.69,
        "source_dataset": "Overture Maps buildings",
        "source_url": "https://docs.overturemaps.org/getting-data/",
        "source_release": "2026-09-23.1",
        "source_accessed_on": "2026-09-27",
        "geometry_role": "current building-footprint polygon",
        "linkage_semantics": "Overlap/proximity only; not evidence that the building hosts AI compute."
      }
    },
    {
      "type": "Feature",
      "id": "cdd3d458-bcbd-4af9-83de-e320492d3540",
      "geometry": {
        "type": "Polygon",
        "coordinates": [
          [
            [
              -82.7359034,
              40.1035574
            ],
            [
              -82.7359791,
              40.1036142
            ],
            [
              -82.7360796,
              40.1035358
            ],
            [
              -82.7360039,
              40.103479
            ],
            [
              -82.7359034,
              40.1035574
            ]
          ]
        ]
      },
      "properties": {
        "epoch_id": "EPOCH-bdc85fadae79b6b2",
        "site_name": "AWS New Albany",
        "distance_to_site_km": 1.3963,
        "footprint_area_m2_webmercator": 188.64,
        "source_dataset": "Overture Maps buildings",
        "source_url": "https://docs.overturemaps.org/getting-data/",
        "source_release": "2026-09-23.1",
        "source_accessed_on": "2026-09-27",
        "geometry_role": "current building-footprint polygon",
        "linkage_semantics": "Overlap/proximity only; not evidence that the building hosts AI compute."
      }
    },
    {
      "type": "Feature",
      "id": "141f0926-59c3-4d82-8905-0f7acd5467ba",
      "geometry": {
        "type": "Polygon",
        "coordinates": [
          [
            [
              -82.7397416,
              40.0995962
            ],
            [
              -82.7398098,
              40.099593
            ],
            [
              -82.7398056,
              40.0995411
            ],
            [
              -82.7397374,
              40.0995443
            ],
            [
              -82.7397416,
              40.0995962
            ]
          ]
        ]
      },
      "properties": {
        "epoch_id": "EPOCH-bdc85fadae79b6b2",
        "site_name": "AWS New Albany",
        "distance_to_site_km": 1.8058,
        "footprint_area_m2_webmercator": 57.56,
        "source_dataset": "Overture Maps buildings",
        "source_url": "https://docs.overturemaps.org/getting-data/",
        "source_release": "2026-09-23.1",
        "source_accessed_on": "2026-09-27",
        "geometry_role": "current building-footprint polygon",
        "linkage_semantics": "Overlap/proximity only; not evidence that the building hosts AI compute."
      }
    },
    {
      "type": "Feature",
      "id": "f3f3f531-a19b-4205-a26c-6852b8f23f1b",
      "geometry": {
        "type": "Polygon",
        "coordinates": [
          [
            [
              -82.7403519,
              40.0996504
            ],
            [
              -82.7404254,
              40.0996588
            ],
            [
              -82.7404296,
              40.0996367
            ],
            [
              -82.7403562,
              40.0996284
            ],
            [
              -82.7403519,
              40.0996504
            ]
          ]
        ]
      },
      "properties": {
        "epoch_id": "EPOCH-bdc85fadae79b6b2",
        "site_name": "AWS New Albany",
        "distance_to_site_km": 1.7988,
        "footprint_area_m2_webmercator": 26.81,
        "source_dataset": "Overture Maps buildings",
        "source_url": "https://docs.overturemaps.org/getting-data/",
        "source_release": "2026-09-23.1",
        "source_accessed_on": "2026-09-27",
        "geometry_role": "current building-footprint polygon",
        "linkage_semantics": "Overlap/proximity only; not evidence that the building hosts AI compute."
      }
    },
    {
      "type": "Feature",
      "id": "c2355fd0-85df-4780-bbe6-3363c181f1e5",
      "geometry": {
        "type": "Polygon",
        "coordinates": [
          [
            [
              -82.7439927,
              40.1007229
            ],
            [
              -82.7442006,
              40.0981326
            ],
            [
              -82.7424832,
              40.098052
            ],
            [
              -82.7422759,
              40.1006424
            ],
            [
              -82.7439927,
              40.1007229
            ]
          ]
        ]
      },
      "properties": {
        "epoch_id": "EPOCH-bdc85fadae79b6b2",
        "site_name": "AWS New Albany",
        "distance_to_site_km": 1.8528,
        "footprint_area_m2_webmercator": 72327.83,
        "source_dataset": "Overture Maps buildings",
        "source_url": "https://docs.overturemaps.org/getting-data/",
        "source_release": "2026-09-23.1",
        "source_accessed_on": "2026-09-27",
        "geometry_role": "current building-footprint polygon",
        "linkage_semantics": "Overlap/proximity only; not evidence that the building hosts AI compute."
      }
    },
    {
      "type": "Feature",
      "id": "2f1f180d-5640-4868-afb8-e016607f728e",
      "geometry": {
        "type": "Polygon",
        "coordinates": [
          [
            [
              -82.738145,
              40.0989711
            ],
            [
              -82.7407099,
              40.0990943
            ],
            [
              -82.740772,
              40.0983371
            ],
            [
              -82.7397549,
              40.0982883
            ],
            [
              -82.7397756,
              40.0980364
            ],
            [
              -82.7391358,
              40.0980058
            ],
            [
              -82.7391158,
              40.09825
            ],
            [
              -82.7382077,
              40.0982065
            ],
            [
              -82.738145,
              40.0989711
            ]
          ]
        ]
      },
      "properties": {
        "epoch_id": "EPOCH-bdc85fadae79b6b2",
        "site_name": "AWS New Albany",
        "distance_to_site_km": 1.9118,
        "footprint_area_m2_webmercator": 34316.3,
        "source_dataset": "Overture Maps buildings",
        "source_url": "https://docs.overturemaps.org/getting-data/",
        "source_release": "2026-09-23.1",
        "source_accessed_on": "2026-09-27",
        "geometry_role": "current building-footprint polygon",
        "linkage_semantics": "Overlap/proximity only; not evidence that the building hosts AI compute."
      }
    },
    {
      "type": "Feature",
      "id": "b454aff8-a72a-45b0-9617-f95268ee1ab6",
      "geometry": {
        "type": "Polygon",
        "coordinates": [
          [
            [
              -82.7372452,
              40.0987536
            ],
            [
              -82.7376531,
              40.0987725
            ],
            [
              -82.7376875,
              40.0983377
            ],
            [
              -82.7372796,
              40.0983188
            ],
            [
              -82.7372452,
              40.0987536
            ]
          ]
        ]
      },
      "properties": {
        "epoch_id": "EPOCH-bdc85fadae79b6b2",
        "site_name": "AWS New Albany",
        "distance_to_site_km": 1.9275,
        "footprint_area_m2_webmercator": 2883.69,
        "source_dataset": "Overture Maps buildings",
        "source_url": "https://docs.overturemaps.org/getting-data/",
        "source_release": "2026-09-23.1",
        "source_accessed_on": "2026-09-27",
        "geometry_role": "current building-footprint polygon",
        "linkage_semantics": "Overlap/proximity only; not evidence that the building hosts AI compute."
      }
    },
    {
      "type": "Feature",
      "id": "5c07f619-02f7-40f0-8036-62184f7301fd",
      "geometry": {
        "type": "Polygon",
        "coordinates": [
          [
            [
              -82.7383192,
              40.0994473
            ],
            [
              -82.7383269,
              40.0992821
            ],
            [
              -82.7381233,
              40.0992765
            ],
            [
              -82.7381156,
              40.0994418
            ],
            [
              -82.7383192,
              40.0994473
            ]
          ]
        ]
      },
      "properties": {
        "epoch_id": "EPOCH-bdc85fadae79b6b2",
        "site_name": "AWS New Albany",
        "distance_to_site_km": 1.8321,
        "footprint_area_m2_webmercator": 545.75,
        "source_dataset": "Overture Maps buildings",
        "source_url": "https://docs.overturemaps.org/getting-data/",
        "source_release": "2026-09-23.1",
        "source_accessed_on": "2026-09-27",
        "geometry_role": "current building-footprint polygon",
        "linkage_semantics": "Overlap/proximity only; not evidence that the building hosts AI compute."
      }
    },
    {
      "type": "Feature",
      "id": "bf032b39-7273-41e9-8ef4-674b6a76918f",
      "geometry": {
        "type": "Polygon",
        "coordinates": [
          [
            [
              -82.7319843,
              40.1024523
            ],
            [
              -82.7330238,
              40.1011017
            ],
            [
              -82.7264521,
              40.0981421
            ],
            [
              -82.7254127,
              40.0994923
            ],
            [
              -82.7319843,
              40.1024523
            ]
          ]
        ]
      },
      "properties": {
        "epoch_id": "EPOCH-bdc85fadae79b6b2",
        "site_name": "AWS New Albany",
        "distance_to_site_km": 1.935,
        "footprint_area_m2_webmercator": 193610.48,
        "source_dataset": "Overture Maps buildings",
        "source_url": "https://docs.overturemaps.org/getting-data/",
        "source_release": "2026-09-23.1",
        "source_accessed_on": "2026-09-27",
        "geometry_role": "current building-footprint polygon",
        "linkage_semantics": "Overlap/proximity only; not evidence that the building hosts AI compute."
      }
    },
    {
      "type": "Feature",
      "id": "32e23279-9b92-4ab3-ab5a-296d44ab2f6b",
      "geometry": {
        "type": "Polygon",
        "coordinates": [
          [
            [
              -82.7251631,
              40.10089
            ],
            [
              -82.7250169,
              40.1008865
            ],
            [
              -82.7250134,
              40.1009726
            ],
            [
              -82.7251569,
              40.100976
            ],
            [
              -82.7251563,
              40.1009916
            ],
            [
              -82.7252271,
              40.1009933
            ],
            [
              -82.7252317,
              40.1008805
            ],
            [
              -82.7251635,
              40.1008789
            ],
            [
              -82.7251631,
              40.10089
            ]
          ]
        ]
      },
      "properties": {
        "epoch_id": "EPOCH-bdc85fadae79b6b2",
        "site_name": "AWS New Albany",
        "distance_to_site_km": 2.0583,
        "footprint_area_m2_webmercator": 329.39,
        "source_dataset": "Overture Maps buildings",
        "source_url": "https://docs.overturemaps.org/getting-data/",
        "source_release": "2026-09-23.1",
        "source_accessed_on": "2026-09-27",
        "geometry_role": "current building-footprint polygon",
        "linkage_semantics": "Overlap/proximity only; not evidence that the building hosts AI compute."
      }
    },
    {
      "type": "Feature",
      "id": "92c58945-a63b-42d3-aad4-3be721e921a6",
      "geometry": {
        "type": "Polygon",
        "coordinates": [
          [
            [
              -82.7210417,
              40.100394
            ],
            [
              -82.7211314,
              40.1003958
            ],
            [
              -82.7211338,
              40.1003271
            ],
            [
              -82.7210441,
              40.1003253
            ],
            [
              -82.7210417,
              40.100394
            ]
          ]
        ]
      },
      "properties": {
        "epoch_id": "EPOCH-bdc85fadae79b6b2",
        "site_name": "AWS New Albany",
        "distance_to_site_km": 2.3263,
        "footprint_area_m2_webmercator": 99.9,
        "source_dataset": "Overture Maps buildings",
        "source_url": "https://docs.overturemaps.org/getting-data/",
        "source_release": "2026-09-23.1",
        "source_accessed_on": "2026-09-27",
        "geometry_role": "current building-footprint polygon",
        "linkage_semantics": "Overlap/proximity only; not evidence that the building hosts AI compute."
      }
    },
    {
      "type": "Feature",
      "id": "7ae6aa7a-dcc7-49e0-a39d-f5c00fc96452",
      "geometry": {
        "type": "Polygon",
        "coordinates": [
          [
            [
              -82.7212937,
              40.1003469
            ],
            [
              -82.7214625,
              40.1003509
            ],
            [
              -82.7214656,
              40.100274
            ],
            [
              -82.7212967,
              40.1002701
            ],
            [
              -82.7212937,
              40.1003469
            ]
          ]
        ]
      },
      "properties": {
        "epoch_id": "EPOCH-bdc85fadae79b6b2",
        "site_name": "AWS New Albany",
        "distance_to_site_km": 2.3138,
        "footprint_area_m2_webmercator": 210.41,
        "source_dataset": "Overture Maps buildings",
        "source_url": "https://docs.overturemaps.org/getting-data/",
        "source_release": "2026-09-23.1",
        "source_accessed_on": "2026-09-27",
        "geometry_role": "current building-footprint polygon",
        "linkage_semantics": "Overlap/proximity only; not evidence that the building hosts AI compute."
      }
    },
    {
      "type": "Feature",
      "id": "ba9e263c-4e46-4f65-83d6-46c504843ad7",
      "geometry": {
        "type": "Polygon",
        "coordinates": [
          [
            [
              -82.7209922,
              40.1002469
            ],
            [
              -82.7209978,
              40.1001014
            ],
            [
              -82.7206884,
              40.1000944
            ],
            [
              -82.7206827,
              40.1002399
            ],
            [
              -82.7209922,
              40.1002469
            ]
          ]
        ]
      },
      "properties": {
        "epoch_id": "EPOCH-bdc85fadae79b6b2",
        "site_name": "AWS New Albany",
        "distance_to_site_km": 2.3561,
        "footprint_area_m2_webmercator": 730.06,
        "source_dataset": "Overture Maps buildings",
        "source_url": "https://docs.overturemaps.org/getting-data/",
        "source_release": "2026-09-23.1",
        "source_accessed_on": "2026-09-27",
        "geometry_role": "current building-footprint polygon",
        "linkage_semantics": "Overlap/proximity only; not evidence that the building hosts AI compute."
      }
    },
    {
      "type": "Feature",
      "id": "2be671dc-d183-4b5b-99ff-af1c9630aa25",
      "geometry": {
        "type": "Polygon",
        "coordinates": [
          [
            [
              -82.7207733,
              40.0997309
            ],
            [
              -82.7206372,
              40.0997233
            ],
            [
              -82.7206254,
              40.0998478
            ],
            [
              -82.7208948,
              40.0998628
            ],
            [
              -82.7209315,
              40.0994771
            ],
            [
              -82.7207661,
              40.0994679
            ],
            [
              -82.7207618,
              40.0995128
            ],
            [
              -82.7207938,
              40.0995146
            ],
            [
              -82.7207733,
              40.0997309
            ]
          ]
        ]
      },
      "properties": {
        "epoch_id": "EPOCH-bdc85fadae79b6b2",
        "site_name": "AWS New Albany",
        "distance_to_site_km": 2.3973,
        "footprint_area_m2_webmercator": 1137.09,
        "source_dataset": "Overture Maps buildings",
        "source_url": "https://docs.overturemaps.org/getting-data/",
        "source_release": "2026-09-23.1",
        "source_accessed_on": "2026-09-27",
        "geometry_role": "current building-footprint polygon",
        "linkage_semantics": "Overlap/proximity only; not evidence that the building hosts AI compute."
      }
    },
    {
      "type": "Feature",
      "id": "9c8555cd-dcc4-44c7-83ee-e636fdf46ec1",
      "geometry": {
        "type": "Polygon",
        "coordinates": [
          [
            [
              -82.7212863,
              40.0997366
            ],
            [
              -82.721372,
              40.0997395
            ],
            [
              -82.7213767,
              40.0996586
            ],
            [
              -82.7212281,
              40.0996536
            ],
            [
              -82.7212245,
              40.099716
            ],
            [
              -82.7211937,
              40.099715
            ],
            [
              -82.7211877,
              40.0998184
            ],
            [
              -82.7212814,
              40.0998216
            ],
            [
              -82.7212863,
              40.0997366
            ]
          ]
        ]
      },
      "properties": {
        "epoch_id": "EPOCH-bdc85fadae79b6b2",
        "site_name": "AWS New Albany",
        "distance_to_site_km": 2.3683,
        "footprint_area_m2_webmercator": 333.54,
        "source_dataset": "Overture Maps buildings",
        "source_url": "https://docs.overturemaps.org/getting-data/",
        "source_release": "2026-09-23.1",
        "source_accessed_on": "2026-09-27",
        "geometry_role": "current building-footprint polygon",
        "linkage_semantics": "Overlap/proximity only; not evidence that the building hosts AI compute."
      }
    },
    {
      "type": "Feature",
      "id": "e7aa0e6f-0b0b-4512-bdbf-7d4ead56f0d9",
      "geometry": {
        "type": "Polygon",
        "coordinates": [
          [
            [
              -82.7232696,
              40.0994177
            ],
            [
              -82.7231128,
              40.0994142
            ],
            [
              -82.72311,
              40.099488
            ],
            [
              -82.7232668,
              40.0994915
            ],
            [
              -82.7232696,
              40.0994177
            ]
          ]
        ]
      },
      "properties": {
        "epoch_id": "EPOCH-bdc85fadae79b6b2",
        "site_name": "AWS New Albany",
        "distance_to_site_km": 2.289,
        "footprint_area_m2_webmercator": 187.63,
        "source_dataset": "Overture Maps buildings",
        "source_url": "https://docs.overturemaps.org/getting-data/",
        "source_release": "2026-09-23.1",
        "source_accessed_on": "2026-09-27",
        "geometry_role": "current building-footprint polygon",
        "linkage_semantics": "Overlap/proximity only; not evidence that the building hosts AI compute."
      }
    },
    {
      "type": "Feature",
      "id": "e9eb7802-19c3-464c-bb88-2aacefa8d24a",
      "geometry": {
        "type": "Polygon",
        "coordinates": [
          [
            [
              -82.7234246,
              40.0993699
            ],
            [
              -82.7235114,
              40.099374
            ],
            [
              -82.7235178,
              40.0992931
            ],
            [
              -82.7233588,
              40.0992857
            ],
            [
              -82.7233557,
              40.0993257
            ],
            [
              -82.7232875,
              40.0993225
            ],
            [
              -82.7232832,
              40.0993766
            ],
            [
              -82.7233193,
              40.0993783
            ],
            [
              -82.72331,
              40.0994959
            ],
            [
              -82.7234128,
              40.0995007
            ],
            [
              -82.7234151,
              40.0994721
            ],
            [
              -82.7234498,
              40.0994737
            ],
            [
              -82.7234546,
              40.0994133
            ],
            [
              -82.7234212,
              40.0994117
            ],
            [
              -82.7234246,
              40.0993699
            ]
          ]
        ]
      },
      "properties": {
        "epoch_id": "EPOCH-bdc85fadae79b6b2",
        "site_name": "AWS New Albany",
        "distance_to_site_km": 2.2847,
        "footprint_area_m2_webmercator": 515.91,
        "source_dataset": "Overture Maps buildings",
        "source_url": "https://docs.overturemaps.org/getting-data/",
        "source_release": "2026-09-23.1",
        "source_accessed_on": "2026-09-27",
        "geometry_role": "current building-footprint polygon",
        "linkage_semantics": "Overlap/proximity only; not evidence that the building hosts AI compute."
      }
    },
    {
      "type": "Feature",
      "id": "c0a8a431-5b47-458b-94d9-648e204e4649",
      "geometry": {
        "type": "Polygon",
        "coordinates": [
          [
            [
              -82.723684,
              40.0987111
            ],
            [
              -82.7236885,
              40.0986251
            ],
            [
              -82.7235894,
              40.098622
            ],
            [
              -82.7235849,
              40.0987081
            ],
            [
              -82.723684,
              40.0987111
            ]
          ]
        ]
      },
      "properties": {
        "epoch_id": "EPOCH-bdc85fadae79b6b2",
        "site_name": "AWS New Albany",
        "distance_to_site_km": 2.3369,
        "footprint_area_m2_webmercator": 138.37,
        "source_dataset": "Overture Maps buildings",
        "source_url": "https://docs.overturemaps.org/getting-data/",
        "source_release": "2026-09-23.1",
        "source_accessed_on": "2026-09-27",
        "geometry_role": "current building-footprint polygon",
        "linkage_semantics": "Overlap/proximity only; not evidence that the building hosts AI compute."
      }
    },
    {
      "type": "Feature",
      "id": "49a7bdfa-d321-4068-914e-cb728cd9ebba",
      "geometry": {
        "type": "Polygon",
        "coordinates": [
          [
            [
              -82.7234687,
              40.0983301
            ],
            [
              -82.7234678,
              40.0983588
            ],
            [
              -82.723441,
              40.0983583
            ],
            [
              -82.7234367,
              40.0985018
            ],
            [
              -82.72356,
              40.098504
            ],
            [
              -82.7235652,
              40.0983318
            ],
            [
              -82.7234687,
              40.0983301
            ]
          ]
        ]
      },
      "properties": {
        "epoch_id": "EPOCH-bdc85fadae79b6b2",
        "site_name": "AWS New Albany",
        "distance_to_site_km": 2.3659,
        "footprint_area_m2_webmercator": 331.71,
        "source_dataset": "Overture Maps buildings",
        "source_url": "https://docs.overturemaps.org/getting-data/",
        "source_release": "2026-09-23.1",
        "source_accessed_on": "2026-09-27",
        "geometry_role": "current building-footprint polygon",
        "linkage_semantics": "Overlap/proximity only; not evidence that the building hosts AI compute."
      }
    },
    {
      "type": "Feature",
      "id": "a8fcc606-e91f-4eaf-be8f-ed913619ce5d",
      "geometry": {
        "type": "Polygon",
        "coordinates": [
          [
            [
              -82.722705,
              40.0986841
            ],
            [
              -82.7227078,
              40.098598
            ],
            [
              -82.7225617,
              40.0985952
            ],
            [
              -82.7225589,
              40.0986813
            ],
            [
              -82.722705,
              40.0986841
            ]
          ]
        ]
      },
      "properties": {
        "epoch_id": "EPOCH-bdc85fadae79b6b2",
        "site_name": "AWS New Albany",
        "distance_to_site_km": 2.3897,
        "footprint_area_m2_webmercator": 203.91,
        "source_dataset": "Overture Maps buildings",
        "source_url": "https://docs.overturemaps.org/getting-data/",
        "source_release": "2026-09-23.1",
        "source_accessed_on": "2026-09-27",
        "geometry_role": "current building-footprint polygon",
        "linkage_semantics": "Overlap/proximity only; not evidence that the building hosts AI compute."
      }
    },
    {
      "type": "Feature",
      "id": "b2a1ffce-7c91-4749-b7af-d46780d6fecd",
      "geometry": {
        "type": "Polygon",
        "coordinates": [
          [
            [
              -82.7210931,
              40.0981823
            ],
            [
              -82.7210314,
              40.0981812
            ],
            [
              -82.7210299,
              40.0982304
            ],
            [
              -82.7210916,
              40.0982315
            ],
            [
              -82.7210931,
              40.0981823
            ]
          ]
        ]
      },
      "properties": {
        "epoch_id": "EPOCH-bdc85fadae79b6b2",
        "site_name": "AWS New Albany",
        "distance_to_site_km": 2.5098,
        "footprint_area_m2_webmercator": 49.2,
        "source_dataset": "Overture Maps buildings",
        "source_url": "https://docs.overturemaps.org/getting-data/",
        "source_release": "2026-09-23.1",
        "source_accessed_on": "2026-09-27",
        "geometry_role": "current building-footprint polygon",
        "linkage_semantics": "Overlap/proximity only; not evidence that the building hosts AI compute."
      }
    },
    {
      "type": "Feature",
      "id": "f39c8cda-380c-4694-8f03-e89e856b76b7",
      "geometry": {
        "type": "Polygon",
        "coordinates": [
          [
            [
              -82.7228857,
              40.097685
            ],
            [
              -82.7229325,
              40.0976859
            ],
            [
              -82.7229282,
              40.0978212
            ],
            [
              -82.7230408,
              40.0978233
            ],
            [
              -82.7230429,
              40.0977577
            ],
            [
              -82.723075,
              40.0977583
            ],
            [
              -82.7230791,
              40.0976311
            ],
            [
              -82.7228876,
              40.0976276
            ],
            [
              -82.7228857,
              40.097685
            ]
          ]
        ]
      },
      "properties": {
        "epoch_id": "EPOCH-bdc85fadae79b6b2",
        "site_name": "AWS New Albany",
        "distance_to_site_km": 2.4551,
        "footprint_area_m2_webmercator": 461.64,
        "source_dataset": "Overture Maps buildings",
        "source_url": "https://docs.overturemaps.org/getting-data/",
        "source_release": "2026-09-23.1",
        "source_accessed_on": "2026-09-27",
        "geometry_role": "current building-footprint polygon",
        "linkage_semantics": "Overlap/proximity only; not evidence that the building hosts AI compute."
      }
    },
    {
      "type": "Feature",
      "id": "6d9fe248-e3b1-4b0b-a9d3-9ec9d6d33bc0",
      "geometry": {
        "type": "Polygon",
        "coordinates": [
          [
            [
              -82.7221801,
              40.0973299
            ],
            [
              -82.722401,
              40.0973353
            ],
            [
              -82.7224071,
              40.0971898
            ],
            [
              -82.7221863,
              40.0971844
            ],
            [
              -82.7221801,
              40.0973299
            ]
          ]
        ]
      },
      "properties": {
        "epoch_id": "EPOCH-bdc85fadae79b6b2",
        "site_name": "AWS New Albany",
        "distance_to_site_km": 2.5306,
        "footprint_area_m2_webmercator": 521.1,
        "source_dataset": "Overture Maps buildings",
        "source_url": "https://docs.overturemaps.org/getting-data/",
        "source_release": "2026-09-23.1",
        "source_accessed_on": "2026-09-27",
        "geometry_role": "current building-footprint polygon",
        "linkage_semantics": "Overlap/proximity only; not evidence that the building hosts AI compute."
      }
    },
    {
      "type": "Feature",
      "id": "edc148df-3506-4c20-a9e1-cb8315ea1d7f",
      "geometry": {
        "type": "Polygon",
        "coordinates": [
          [
            [
              -82.7222145,
              40.0976345
            ],
            [
              -82.7223886,
              40.0976394
            ],
            [
              -82.722393,
              40.0975492
            ],
            [
              -82.7222188,
              40.0975444
            ],
            [
              -82.7222145,
              40.0976345
            ]
          ]
        ]
      },
      "properties": {
        "epoch_id": "EPOCH-bdc85fadae79b6b2",
        "site_name": "AWS New Albany",
        "distance_to_site_km": 2.5001,
        "footprint_area_m2_webmercator": 254.67,
        "source_dataset": "Overture Maps buildings",
        "source_url": "https://docs.overturemaps.org/getting-data/",
        "source_release": "2026-09-23.1",
        "source_accessed_on": "2026-09-27",
        "geometry_role": "current building-footprint polygon",
        "linkage_semantics": "Overlap/proximity only; not evidence that the building hosts AI compute."
      }
    },
    {
      "type": "Feature",
      "id": "d7648701-9149-4b63-8dda-e28cb089856a",
      "geometry": {
        "type": "Polygon",
        "coordinates": [
          [
            [
              -82.723457,
              40.097404
            ],
            [
              -82.7235683,
              40.0974071
            ],
            [
              -82.723577,
              40.0972227
            ],
            [
              -82.7234657,
              40.0972196
            ],
            [
              -82.723457,
              40.097404
            ]
          ]
        ]
      },
      "properties": {
        "epoch_id": "EPOCH-bdc85fadae79b6b2",
        "site_name": "AWS New Albany",
        "distance_to_site_km": 2.4668,
        "footprint_area_m2_webmercator": 332.92,
        "source_dataset": "Overture Maps buildings",
        "source_url": "https://docs.overturemaps.org/getting-data/",
        "source_release": "2026-09-23.1",
        "source_accessed_on": "2026-09-27",
        "geometry_role": "current building-footprint polygon",
        "linkage_semantics": "Overlap/proximity only; not evidence that the building hosts AI compute."
      }
    },
    {
      "type": "Feature",
      "id": "0de4f2f6-928e-44ff-92eb-f9c9442587a4",
      "geometry": {
        "type": "Polygon",
        "coordinates": [
          [
            [
              -82.7316693,
              40.0977044
            ],
            [
              -82.7315192,
              40.0977016
            ],
            [
              -82.7315164,
              40.0977919
            ],
            [
              -82.7316665,
              40.0977947
            ],
            [
              -82.7316693,
              40.0977044
            ]
          ]
        ]
      },
      "properties": {
        "epoch_id": "EPOCH-bdc85fadae79b6b2",
        "site_name": "AWS New Albany",
        "distance_to_site_km": 2.1187,
        "footprint_area_m2_webmercator": 219.7,
        "source_dataset": "Overture Maps buildings",
        "source_url": "https://docs.overturemaps.org/getting-data/",
        "source_release": "2026-09-23.1",
        "source_accessed_on": "2026-09-27",
        "geometry_role": "current building-footprint polygon",
        "linkage_semantics": "Overlap/proximity only; not evidence that the building hosts AI compute."
      }
    },
    {
      "type": "Feature",
      "id": "0259064c-4a0e-4d48-87ab-cbfe01bbe80d",
      "geometry": {
        "type": "Polygon",
        "coordinates": [
          [
            [
              -82.7317231,
              40.0975354
            ],
            [
              -82.7317204,
              40.0975866
            ],
            [
              -82.7318302,
              40.09759
            ],
            [
              -82.7318377,
              40.0974486
            ],
            [
              -82.7317466,
              40.0974458
            ],
            [
              -82.7317489,
              40.0974028
            ],
            [
              -82.7316445,
              40.0973996
            ],
            [
              -82.7316375,
              40.0975327
            ],
            [
              -82.7317231,
              40.0975354
            ]
          ]
        ]
      },
      "properties": {
        "epoch_id": "EPOCH-bdc85fadae79b6b2",
        "site_name": "AWS New Albany",
        "distance_to_site_km": 2.1416,
        "footprint_area_m2_webmercator": 449.99,
        "source_dataset": "Overture Maps buildings",
        "source_url": "https://docs.overturemaps.org/getting-data/",
        "source_release": "2026-09-23.1",
        "source_accessed_on": "2026-09-27",
        "geometry_role": "current building-footprint polygon",
        "linkage_semantics": "Overlap/proximity only; not evidence that the building hosts AI compute."
      }
    },
    {
      "type": "Feature",
      "id": "80339e54-6667-4054-b30c-d79ef6ceac5a",
      "geometry": {
        "type": "Polygon",
        "coordinates": [
          [
            [
              -82.7321895,
              40.0957767
            ],
            [
              -82.7321854,
              40.0958047
            ],
            [
              -82.7337753,
              40.0958778
            ],
            [
              -82.7338153,
              40.0952744
            ],
            [
              -82.7322286,
              40.0952155
            ],
            [
              -82.7322132,
              40.095371
            ],
            [
              -82.7319759,
              40.095364
            ],
            [
              -82.7319759,
              40.0953333
            ],
            [
              -82.731828,
              40.0953286
            ],
            [
              -82.7318404,
              40.0951895
            ],
            [
              -82.7302444,
              40.0951118
            ],
            [
              -82.7301951,
              40.0957151
            ],
            [
              -82.7317911,
              40.095786
            ],
            [
              -82.7317931,
              40.0957612
            ],
            [
              -82.7321895,
              40.0957767
            ]
          ]
        ]
      },
      "properties": {
        "epoch_id": "EPOCH-bdc85fadae79b6b2",
        "site_name": "AWS New Albany",
        "distance_to_site_km": 2.347,
        "footprint_area_m2_webmercator": 33607.13,
        "source_dataset": "Overture Maps buildings",
        "source_url": "https://docs.overturemaps.org/getting-data/",
        "source_release": "2026-09-23.1",
        "source_accessed_on": "2026-09-27",
        "geometry_role": "current building-footprint polygon",
        "linkage_semantics": "Overlap/proximity only; not evidence that the building hosts AI compute."
      }
    },
    {
      "type": "Feature",
      "id": "a29641aa-0637-4619-a848-805de5285941",
      "geometry": {
        "type": "Polygon",
        "coordinates": [
          [
            [
              -82.7234991,
              40.0968377
            ],
            [
              -82.7233187,
              40.0968311
            ],
            [
              -82.7233148,
              40.0968936
            ],
            [
              -82.7234952,
              40.0969002
            ],
            [
              -82.7234898,
              40.0969862
            ],
            [
              -82.7235915,
              40.0969899
            ],
            [
              -82.7236023,
              40.0968169
            ],
            [
              -82.7235006,
              40.0968131
            ],
            [
              -82.7234991,
              40.0968377
            ]
          ]
        ]
      },
      "properties": {
        "epoch_id": "EPOCH-bdc85fadae79b6b2",
        "site_name": "AWS New Albany",
        "distance_to_site_km": 2.5076,
        "footprint_area_m2_webmercator": 468.76,
        "source_dataset": "Overture Maps buildings",
        "source_url": "https://docs.overturemaps.org/getting-data/",
        "source_release": "2026-09-23.1",
        "source_accessed_on": "2026-09-27",
        "geometry_role": "current building-footprint polygon",
        "linkage_semantics": "Overlap/proximity only; not evidence that the building hosts AI compute."
      }
    },
    {
      "type": "Feature",
      "id": "218a62e9-af6b-4b99-bd08-d5abbb1abf3c",
      "geometry": {
        "type": "Polygon",
        "coordinates": [
          [
            [
              -82.7236876,
              40.0964313
            ],
            [
              -82.7237947,
              40.0964346
            ],
            [
              -82.7238015,
              40.0963064
            ],
            [
              -82.7236944,
              40.0963031
            ],
            [
              -82.7236876,
              40.0964313
            ]
          ]
        ]
      },
      "properties": {
        "epoch_id": "EPOCH-bdc85fadae79b6b2",
        "site_name": "AWS New Albany",
        "distance_to_site_km": 2.5447,
        "footprint_area_m2_webmercator": 222.79,
        "source_dataset": "Overture Maps buildings",
        "source_url": "https://docs.overturemaps.org/getting-data/",
        "source_release": "2026-09-23.1",
        "source_accessed_on": "2026-09-27",
        "geometry_role": "current building-footprint polygon",
        "linkage_semantics": "Overlap/proximity only; not evidence that the building hosts AI compute."
      }
    },
    {
      "type": "Feature",
      "id": "c12aa2a3-04eb-4170-a472-e51c8c576086",
      "geometry": {
        "type": "Polygon",
        "coordinates": [
          [
            [
              -82.723642,
              40.0963397
            ],
            [
              -82.7235467,
              40.0963371
            ],
            [
              -82.7235426,
              40.0964232
            ],
            [
              -82.723638,
              40.0964258
            ],
            [
              -82.723642,
              40.0963397
            ]
          ]
        ]
      },
      "properties": {
        "epoch_id": "EPOCH-bdc85fadae79b6b2",
        "site_name": "AWS New Albany",
        "distance_to_site_km": 2.5504,
        "footprint_area_m2_webmercator": 133.16,
        "source_dataset": "Overture Maps buildings",
        "source_url": "https://docs.overturemaps.org/getting-data/",
        "source_release": "2026-09-23.1",
        "source_accessed_on": "2026-09-27",
        "geometry_role": "current building-footprint polygon",
        "linkage_semantics": "Overlap/proximity only; not evidence that the building hosts AI compute."
      }
    },
    {
      "type": "Feature",
      "id": "2d220a87-d30e-45f1-9e34-d559bfda53b0",
      "geometry": {
        "type": "Polygon",
        "coordinates": [
          [
            [
              -82.7220132,
              40.0963124
            ],
            [
              -82.7221166,
              40.096315
            ],
            [
              -82.7221174,
              40.0962955
            ],
            [
              -82.722238,
              40.0962986
            ],
            [
              -82.7222434,
              40.0961725
            ],
            [
              -82.7221534,
              40.0961702
            ],
            [
              -82.7221525,
              40.0961918
            ],
            [
              -82.7220185,
              40.0961884
            ],
            [
              -82.7220132,
              40.0963124
            ]
          ]
        ]
      },
      "properties": {
        "epoch_id": "EPOCH-bdc85fadae79b6b2",
        "site_name": "AWS New Albany",
        "distance_to_site_km": 2.6314,
        "footprint_area_m2_webmercator": 443.74,
        "source_dataset": "Overture Maps buildings",
        "source_url": "https://docs.overturemaps.org/getting-data/",
        "source_release": "2026-09-23.1",
        "source_accessed_on": "2026-09-27",
        "geometry_role": "current building-footprint polygon",
        "linkage_semantics": "Overlap/proximity only; not evidence that the building hosts AI compute."
      }
    },
    {
      "type": "Feature",
      "id": "ba06a5ad-f1ee-41f7-a91f-410599bdf03f",
      "geometry": {
        "type": "Polygon",
        "coordinates": [
          [
            [
              -82.7203592,
              40.0965636
            ],
            [
              -82.72041,
              40.0965654
            ],
            [
              -82.7203924,
              40.0968521
            ],
            [
              -82.7206172,
              40.0968601
            ],
            [
              -82.7206345,
              40.0965797
            ],
            [
              -82.7206853,
              40.0965815
            ],
            [
              -82.7206944,
              40.0964341
            ],
            [
              -82.7205686,
              40.0964296
            ],
            [
              -82.7205749,
              40.0963272
            ],
            [
              -82.7203741,
              40.09632
            ],
            [
              -82.7203592,
              40.0965636
            ]
          ]
        ]
      },
      "properties": {
        "epoch_id": "EPOCH-bdc85fadae79b6b2",
        "site_name": "AWS New Albany",
        "distance_to_site_km": 2.6808,
        "footprint_area_m2_webmercator": 2133.79,
        "source_dataset": "Overture Maps buildings",
        "source_url": "https://docs.overturemaps.org/getting-data/",
        "source_release": "2026-09-23.1",
        "source_accessed_on": "2026-09-27",
        "geometry_role": "current building-footprint polygon",
        "linkage_semantics": "Overlap/proximity only; not evidence that the building hosts AI compute."
      }
    },
    {
      "type": "Feature",
      "id": "62579e9f-7799-4991-893c-8d10d6d8c0c4",
      "geometry": {
        "type": "Polygon",
        "coordinates": [
          [
            [
              -82.7209086,
              40.0964875
            ],
            [
              -82.7209033,
              40.0964873
            ],
            [
              -82.7208938,
              40.0966161
            ],
            [
              -82.7210371,
              40.0966223
            ],
            [
              -82.7210566,
              40.0963564
            ],
            [
              -82.7209187,
              40.0963505
            ],
            [
              -82.7209086,
              40.0964875
            ]
          ]
        ]
      },
      "properties": {
        "epoch_id": "EPOCH-bdc85fadae79b6b2",
        "site_name": "AWS New Albany",
        "distance_to_site_km": 2.6658,
        "footprint_area_m2_webmercator": 607.11,
        "source_dataset": "Overture Maps buildings",
        "source_url": "https://docs.overturemaps.org/getting-data/",
        "source_release": "2026-09-23.1",
        "source_accessed_on": "2026-09-27",
        "geometry_role": "current building-footprint polygon",
        "linkage_semantics": "Overlap/proximity only; not evidence that the building hosts AI compute."
      }
    },
    {
      "type": "Feature",
      "id": "816af39c-c56c-4f5c-b52f-c68d40b08c3d",
      "geometry": {
        "type": "Polygon",
        "coordinates": [
          [
            [
              -82.7219744,
              40.0961595
            ],
            [
              -82.7219814,
              40.0960674
            ],
            [
              -82.7218879,
              40.0960633
            ],
            [
              -82.7218809,
              40.0961553
            ],
            [
              -82.7219744,
              40.0961595
            ]
          ]
        ]
      },
      "properties": {
        "epoch_id": "EPOCH-bdc85fadae79b6b2",
        "site_name": "AWS New Albany",
        "distance_to_site_km": 2.653,
        "footprint_area_m2_webmercator": 139.89,
        "source_dataset": "Overture Maps buildings",
        "source_url": "https://docs.overturemaps.org/getting-data/",
        "source_release": "2026-09-23.1",
        "source_accessed_on": "2026-09-27",
        "geometry_role": "current building-footprint polygon",
        "linkage_semantics": "Overlap/proximity only; not evidence that the building hosts AI compute."
      }
    },
    {
      "type": "Feature",
      "id": "be412ba9-d651-404e-a4fa-c45b16b02e0b",
      "geometry": {
        "type": "Polygon",
        "coordinates": [
          [
            [
              -82.7421756,
              40.0958866
            ],
            [
              -82.7432603,
              40.0959401
            ],
            [
              -82.7435038,
              40.0930539
            ],
            [
              -82.7424183,
              40.0930004
            ],
            [
              -82.7421756,
              40.0958866
            ]
          ]
        ]
      },
      "properties": {
        "epoch_id": "EPOCH-bdc85fadae79b6b2",
        "site_name": "AWS New Albany",
        "distance_to_site_km": 2.3892,
        "footprint_area_m2_webmercator": 50943.21,
        "source_dataset": "Overture Maps buildings",
        "source_url": "https://docs.overturemaps.org/getting-data/",
        "source_release": "2026-09-23.1",
        "source_accessed_on": "2026-09-27",
        "geometry_role": "current building-footprint polygon",
        "linkage_semantics": "Overlap/proximity only; not evidence that the building hosts AI compute."
      }
    },
    {
      "type": "Feature",
      "id": "af663b5f-5e45-44a5-9491-f17e0f403dea",
      "geometry": {
        "type": "Polygon",
        "coordinates": [
          [
            [
              -82.7444632,
              40.095959
            ],
            [
              -82.7444643,
              40.0959242
            ],
            [
              -82.7442928,
              40.0959208
            ],
            [
              -82.7442899,
              40.096007
            ],
            [
              -82.7443328,
              40.0960078
            ],
            [
              -82.7443319,
              40.0960345
            ],
            [
              -82.7445597,
              40.0960389
            ],
            [
              -82.7445623,
              40.095961
            ],
            [
              -82.7444632,
              40.095959
            ]
          ]
        ]
      },
      "properties": {
        "epoch_id": "EPOCH-bdc85fadae79b6b2",
        "site_name": "AWS New Albany",
        "distance_to_site_km": 2.2432,
        "footprint_area_m2_webmercator": 420.44,
        "source_dataset": "Overture Maps buildings",
        "source_url": "https://docs.overturemaps.org/getting-data/",
        "source_release": "2026-09-23.1",
        "source_accessed_on": "2026-09-27",
        "geometry_role": "current building-footprint polygon",
        "linkage_semantics": "Overlap/proximity only; not evidence that the building hosts AI compute."
      }
    },
    {
      "type": "Feature",
      "id": "8fcd47f9-63a9-40e6-a1fb-67e40a0e33ef",
      "geometry": {
        "type": "Polygon",
        "coordinates": [
          [
            [
              -82.7411577,
              40.0962925
            ],
            [
              -82.7410773,
              40.0962898
            ],
            [
              -82.7410832,
              40.0961874
            ],
            [
              -82.7410013,
              40.0961847
            ],
            [
              -82.7409954,
              40.0962871
            ],
            [
              -82.7409033,
              40.096284
            ],
            [
              -82.7408989,
              40.0963618
            ],
            [
              -82.7411597,
              40.0963705
            ],
            [
              -82.7411616,
              40.0963357
            ],
            [
              -82.7412072,
              40.0963372
            ],
            [
              -82.7412111,
              40.0962676
            ],
            [
              -82.7411592,
              40.0962658
            ],
            [
              -82.7411577,
              40.0962925
            ]
          ]
        ]
      },
      "properties": {
        "epoch_id": "EPOCH-bdc85fadae79b6b2",
        "site_name": "AWS New Albany",
        "distance_to_site_km": 2.1728,
        "footprint_area_m2_webmercator": 519.58,
        "source_dataset": "Overture Maps buildings",
        "source_url": "https://docs.overturemaps.org/getting-data/",
        "source_release": "2026-09-23.1",
        "source_accessed_on": "2026-09-27",
        "geometry_role": "current building-footprint polygon",
        "linkage_semantics": "Overlap/proximity only; not evidence that the building hosts AI compute."
      }
    },
    {
      "type": "Feature",
      "id": "1c8d6980-1055-4d51-839f-bb4d385e4c53",
      "geometry": {
        "type": "Polygon",
        "coordinates": [
          [
            [
              -82.7392953,
              40.0963244
            ],
            [
              -82.7394427,
              40.0963281
            ],
            [
              -82.7394472,
              40.0962203
            ],
            [
              -82.7392999,
              40.0962166
            ],
            [
              -82.7392953,
              40.0963244
            ]
          ]
        ]
      },
      "properties": {
        "epoch_id": "EPOCH-bdc85fadae79b6b2",
        "site_name": "AWS New Albany",
        "distance_to_site_km": 2.1722,
        "footprint_area_m2_webmercator": 257.59,
        "source_dataset": "Overture Maps buildings",
        "source_url": "https://docs.overturemaps.org/getting-data/",
        "source_release": "2026-09-23.1",
        "source_accessed_on": "2026-09-27",
        "geometry_role": "current building-footprint polygon",
        "linkage_semantics": "Overlap/proximity only; not evidence that the building hosts AI compute."
      }
    },
    {
      "type": "Feature",
      "id": "bdc1df5b-7941-41d9-80f9-e243d42c7256",
      "geometry": {
        "type": "Polygon",
        "coordinates": [
          [
            [
              -82.7391137,
              40.0962875
            ],
            [
              -82.738988,
              40.0962822
            ],
            [
              -82.7389785,
              40.0964131
            ],
            [
              -82.7391042,
              40.0964184
            ],
            [
              -82.7391137,
              40.0962875
            ]
          ]
        ]
      },
      "properties": {
        "epoch_id": "EPOCH-bdc85fadae79b6b2",
        "site_name": "AWS New Albany",
        "distance_to_site_km": 2.1639,
        "footprint_area_m2_webmercator": 267.36,
        "source_dataset": "Overture Maps buildings",
        "source_url": "https://docs.overturemaps.org/getting-data/",
        "source_release": "2026-09-23.1",
        "source_accessed_on": "2026-09-27",
        "geometry_role": "current building-footprint polygon",
        "linkage_semantics": "Overlap/proximity only; not evidence that the building hosts AI compute."
      }
    },
    {
      "type": "Feature",
      "id": "e1bba201-7cd7-40f2-b043-85f7f3069320",
      "geometry": {
        "type": "Polygon",
        "coordinates": [
          [
            [
              -82.7398627,
              40.0959112
            ],
            [
              -82.7398625,
              40.095916
            ],
            [
              -82.7398163,
              40.0959939
            ],
            [
              -82.7399119,
              40.0960271
            ],
            [
              -82.7399506,
              40.0959618
            ],
            [
              -82.7401381,
              40.0959655
            ],
            [
              -82.7401538,
              40.0960059
            ],
            [
              -82.7402622,
              40.0959812
            ],
            [
              -82.7402345,
              40.0959098
            ],
            [
              -82.7402343,
              40.0959162
            ],
            [
              -82.7402166,
              40.0958706
            ],
            [
              -82.7398906,
              40.0958642
            ],
            [
              -82.7398627,
              40.0959112
            ]
          ]
        ]
      },
      "properties": {
        "epoch_id": "EPOCH-bdc85fadae79b6b2",
        "site_name": "AWS New Albany",
        "distance_to_site_km": 2.2106,
        "footprint_area_m2_webmercator": 727.73,
        "source_dataset": "Overture Maps buildings",
        "source_url": "https://docs.overturemaps.org/getting-data/",
        "source_release": "2026-09-23.1",
        "source_accessed_on": "2026-09-27",
        "geometry_role": "current building-footprint polygon",
        "linkage_semantics": "Overlap/proximity only; not evidence that the building hosts AI compute."
      }
    },
    {
      "type": "Feature",
      "id": "dd77feab-31ad-4cfb-9117-ef3a1999592c",
      "geometry": {
        "type": "Polygon",
        "coordinates": [
          [
            [
              -82.7372019,
              40.0959214
            ],
            [
              -82.7371359,
              40.0959199
            ],
            [
              -82.7371344,
              40.0959596
            ],
            [
              -82.7370851,
              40.0959584
            ],
            [
              -82.7370821,
              40.0960335
            ],
            [
              -82.7371974,
              40.0960362
            ],
            [
              -82.7372019,
              40.0959214
            ]
          ]
        ]
      },
      "properties": {
        "epoch_id": "EPOCH-bdc85fadae79b6b2",
        "site_name": "AWS New Albany",
        "distance_to_site_km": 2.2136,
        "footprint_area_m2_webmercator": 182.79,
        "source_dataset": "Overture Maps buildings",
        "source_url": "https://docs.overturemaps.org/getting-data/",
        "source_release": "2026-09-23.1",
        "source_accessed_on": "2026-09-27",
        "geometry_role": "current building-footprint polygon",
        "linkage_semantics": "Overlap/proximity only; not evidence that the building hosts AI compute."
      }
    },
    {
      "type": "Feature",
      "id": "f1ff6076-b670-47d2-b0bd-7ab87221d73c",
      "geometry": {
        "type": "Polygon",
        "coordinates": [
          [
            [
              -82.7371062,
              40.0962415
            ],
            [
              -82.7371748,
              40.0962433
            ],
            [
              -82.7371787,
              40.0961551
            ],
            [
              -82.7368984,
              40.0961479
            ],
            [
              -82.7368946,
              40.0962353
            ],
            [
              -82.7370152,
              40.0962384
            ],
            [
              -82.7370143,
              40.0962576
            ],
            [
              -82.7371054,
              40.0962599
            ],
            [
              -82.7371062,
              40.0962415
            ]
          ]
        ]
      },
      "properties": {
        "epoch_id": "EPOCH-bdc85fadae79b6b2",
        "site_name": "AWS New Albany",
        "distance_to_site_km": 2.1907,
        "footprint_area_m2_webmercator": 426.46,
        "source_dataset": "Overture Maps buildings",
        "source_url": "https://docs.overturemaps.org/getting-data/",
        "source_release": "2026-09-23.1",
        "source_accessed_on": "2026-09-27",
        "geometry_role": "current building-footprint polygon",
        "linkage_semantics": "Overlap/proximity only; not evidence that the building hosts AI compute."
      }
    },
    {
      "type": "Feature",
      "id": "55021f64-f272-4f6e-8bab-edd0fb89d4cc",
      "geometry": {
        "type": "Polygon",
        "coordinates": [
          [
            [
              -82.7361072,
              40.0959111
            ],
            [
              -82.736015,
              40.095899
            ],
            [
              -82.7360054,
              40.0959416
            ],
            [
              -82.7358621,
              40.0959227
            ],
            [
              -82.7358446,
              40.0960005
            ],
            [
              -82.73604,
              40.0960262
            ],
            [
              -82.7360424,
              40.0960154
            ],
            [
              -82.7360825,
              40.0960207
            ],
            [
              -82.7361072,
              40.0959111
            ]
          ]
        ]
      },
      "properties": {
        "epoch_id": "EPOCH-bdc85fadae79b6b2",
        "site_name": "AWS New Albany",
        "distance_to_site_km": 2.2267,
        "footprint_area_m2_webmercator": 363.75,
        "source_dataset": "Overture Maps buildings",
        "source_url": "https://docs.overturemaps.org/getting-data/",
        "source_release": "2026-09-23.1",
        "source_accessed_on": "2026-09-27",
        "geometry_role": "current building-footprint polygon",
        "linkage_semantics": "Overlap/proximity only; not evidence that the building hosts AI compute."
      }
    },
    {
      "type": "Feature",
      "id": "90b02256-668a-4f94-b2ea-b3861a86881c",
      "geometry": {
        "type": "Polygon",
        "coordinates": [
          [
            [
              -82.7348606,
              40.0960461
            ],
            [
              -82.7349609,
              40.0960478
            ],
            [
              -82.7349646,
              40.0959174
            ],
            [
              -82.7350064,
              40.0959181
            ],
            [
              -82.7350081,
              40.0958587
            ],
            [
              -82.7349706,
              40.095858
            ],
            [
              -82.7349718,
              40.0958161
            ],
            [
              -82.7348672,
              40.0958144
            ],
            [
              -82.7348606,
              40.0960461
            ]
          ]
        ]
      },
      "properties": {
        "epoch_id": "EPOCH-bdc85fadae79b6b2",
        "site_name": "AWS New Albany",
        "distance_to_site_km": 2.2452,
        "footprint_area_m2_webmercator": 419.86,
        "source_dataset": "Overture Maps buildings",
        "source_url": "https://docs.overturemaps.org/getting-data/",
        "source_release": "2026-09-23.1",
        "source_accessed_on": "2026-09-27",
        "geometry_role": "current building-footprint polygon",
        "linkage_semantics": "Overlap/proximity only; not evidence that the building hosts AI compute."
      }
    },
    {
      "type": "Feature",
      "id": "2f8a498e-3674-4fa0-b36c-b9d3426cc573",
      "geometry": {
        "type": "Polygon",
        "coordinates": [
          [
            [
              -82.7353885,
              40.0960491
            ],
            [
              -82.7354502,
              40.0960483
            ],
            [
              -82.7354461,
              40.0958666
            ],
            [
              -82.7352943,
              40.0958686
            ],
            [
              -82.7352978,
              40.0960224
            ],
            [
              -82.7352683,
              40.0960228
            ],
            [
              -82.7352694,
              40.0960732
            ],
            [
              -82.735389,
              40.0960716
            ],
            [
              -82.7353885,
              40.0960491
            ]
          ]
        ]
      },
      "properties": {
        "epoch_id": "EPOCH-bdc85fadae79b6b2",
        "site_name": "AWS New Albany",
        "distance_to_site_km": 2.2342,
        "footprint_area_m2_webmercator": 503.83,
        "source_dataset": "Overture Maps buildings",
        "source_url": "https://docs.overturemaps.org/getting-data/",
        "source_release": "2026-09-23.1",
        "source_accessed_on": "2026-09-27",
        "geometry_role": "current building-footprint polygon",
        "linkage_semantics": "Overlap/proximity only; not evidence that the building hosts AI compute."
      }
    },
    {
      "type": "Feature",
      "id": "9cb0353c-9c9e-4722-b78a-be41640231d9",
      "geometry": {
        "type": "Polygon",
        "coordinates": [
          [
            [
              -82.7374224,
              40.0961851
            ],
            [
              -82.7374183,
              40.0962733
            ],
            [
              -82.7377585,
              40.0962826
            ],
            [
              -82.7377625,
              40.0961966
            ],
            [
              -82.7375991,
              40.0961921
            ],
            [
              -82.7376006,
              40.0961613
            ],
            [
              -82.7375149,
              40.096159
            ],
            [
              -82.7375135,
              40.0961877
            ],
            [
              -82.7374224,
              40.0961851
            ]
          ]
        ]
      },
      "properties": {
        "epoch_id": "EPOCH-bdc85fadae79b6b2",
        "site_name": "AWS New Albany",
        "distance_to_site_km": 2.1832,
        "footprint_area_m2_webmercator": 520.6,
        "source_dataset": "Overture Maps buildings",
        "source_url": "https://docs.overturemaps.org/getting-data/",
        "source_release": "2026-09-23.1",
        "source_accessed_on": "2026-09-27",
        "geometry_role": "current building-footprint polygon",
        "linkage_semantics": "Overlap/proximity only; not evidence that the building hosts AI compute."
      }
    },
    {
      "type": "Feature",
      "id": "08938bde-20a1-4c06-b98d-38f5b05ee9ea",
      "geometry": {
        "type": "Polygon",
        "coordinates": [
          [
            [
              -82.7385036,
              40.0963669
            ],
            [
              -82.7385072,
              40.0962882
            ],
            [
              -82.7382206,
              40.0962805
            ],
            [
              -82.7382169,
              40.0963591
            ],
            [
              -82.7385036,
              40.0963669
            ]
          ]
        ]
      },
      "properties": {
        "epoch_id": "EPOCH-bdc85fadae79b6b2",
        "site_name": "AWS New Albany",
        "distance_to_site_km": 2.1688,
        "footprint_area_m2_webmercator": 365.68,
        "source_dataset": "Overture Maps buildings",
        "source_url": "https://docs.overturemaps.org/getting-data/",
        "source_release": "2026-09-23.1",
        "source_accessed_on": "2026-09-27",
        "geometry_role": "current building-footprint polygon",
        "linkage_semantics": "Overlap/proximity only; not evidence that the building hosts AI compute."
      }
    },
    {
      "type": "Feature",
      "id": "b5e68d12-f6b6-431f-92a2-11677a665184",
      "geometry": {
        "type": "Polygon",
        "coordinates": [
          [
            [
              -82.7373234,
              40.0982745
            ],
            [
              -82.7373971,
              40.0982759
            ],
            [
              -82.737399,
              40.0982136
            ],
            [
              -82.7373254,
              40.0982123
            ],
            [
              -82.7373234,
              40.0982745
            ]
          ]
        ]
      },
      "properties": {
        "epoch_id": "EPOCH-bdc85fadae79b6b2",
        "site_name": "AWS New Albany",
        "distance_to_site_km": 1.9617,
        "footprint_area_m2_webmercator": 74.31,
        "source_dataset": "Overture Maps buildings",
        "source_url": "https://docs.overturemaps.org/getting-data/",
        "source_release": "2026-09-23.1",
        "source_accessed_on": "2026-09-27",
        "geometry_role": "current building-footprint polygon",
        "linkage_semantics": "Overlap/proximity only; not evidence that the building hosts AI compute."
      }
    },
    {
      "type": "Feature",
      "id": "1f676da6-365a-4494-90d0-bc1beda96595",
      "geometry": {
        "type": "Polygon",
        "coordinates": [
          [
            [
              -82.748314,
              40.0963748
            ],
            [
              -82.7484803,
              40.096382
            ],
            [
              -82.7484868,
              40.0962944
            ],
            [
              -82.7483205,
              40.0962872
            ],
            [
              -82.748314,
              40.0963748
            ]
          ]
        ]
      },
      "properties": {
        "epoch_id": "EPOCH-bdc85fadae79b6b2",
        "site_name": "AWS New Albany",
        "distance_to_site_km": 2.2928,
        "footprint_area_m2_webmercator": 236.75,
        "source_dataset": "Overture Maps buildings",
        "source_url": "https://docs.overturemaps.org/getting-data/",
        "source_release": "2026-09-23.1",
        "source_accessed_on": "2026-09-27",
        "geometry_role": "current building-footprint polygon",
        "linkage_semantics": "Overlap/proximity only; not evidence that the building hosts AI compute."
      }
    },
    {
      "type": "Feature",
      "id": "dbb486c9-7e98-4dde-bef4-8c72e75ac0bc",
      "geometry": {
        "type": "Polygon",
        "coordinates": [
          [
            [
              -82.7483078,
              40.0964282
            ],
            [
              -82.7484736,
              40.0964353
            ],
            [
              -82.7484758,
              40.0964056
            ],
            [
              -82.74831,
              40.0963984
            ],
            [
              -82.7483078,
              40.0964282
            ]
          ]
        ]
      },
      "properties": {
        "epoch_id": "EPOCH-bdc85fadae79b6b2",
        "site_name": "AWS New Albany",
        "distance_to_site_km": 2.2839,
        "footprint_area_m2_webmercator": 80.16,
        "source_dataset": "Overture Maps buildings",
        "source_url": "https://docs.overturemaps.org/getting-data/",
        "source_release": "2026-09-23.1",
        "source_accessed_on": "2026-09-27",
        "geometry_role": "current building-footprint polygon",
        "linkage_semantics": "Overlap/proximity only; not evidence that the building hosts AI compute."
      }
    },
    {
      "type": "Feature",
      "id": "c2763f6a-87e4-4efb-9d8a-d373f8da3b6f",
      "geometry": {
        "type": "Polygon",
        "coordinates": [
          [
            [
              -82.7506164,
              40.0967363
            ],
            [
              -82.7534439,
              40.0968672
            ],
            [
              -82.7534862,
              40.0963326
            ],
            [
              -82.7506588,
              40.0962013
            ],
            [
              -82.7506164,
              40.0967363
            ]
          ]
        ]
      },
      "properties": {
        "epoch_id": "EPOCH-bdc85fadae79b6b2",
        "site_name": "AWS New Albany",
        "distance_to_site_km": 2.3928,
        "footprint_area_m2_webmercator": 24585.64,
        "source_dataset": "Overture Maps buildings",
        "source_url": "https://docs.overturemaps.org/getting-data/",
        "source_release": "2026-09-23.1",
        "source_accessed_on": "2026-09-27",
        "geometry_role": "current building-footprint polygon",
        "linkage_semantics": "Overlap/proximity only; not evidence that the building hosts AI compute."
      }
    },
    {
      "type": "Feature",
      "id": "af4aa9b6-ac4b-44dc-8e4b-fc92ee7fc7f2",
      "geometry": {
        "type": "Polygon",
        "coordinates": [
          [
            [
              -82.7525595,
              40.0961084
            ],
            [
              -82.7525156,
              40.0961069
            ],
            [
              -82.7525073,
              40.0962544
            ],
            [
              -82.7525592,
              40.0962561
            ],
            [
              -82.7525636,
              40.0961771
            ],
            [
              -82.7526038,
              40.0961785
            ],
            [
              -82.7526013,
              40.0962226
            ],
            [
              -82.7526201,
              40.0962232
            ],
            [
              -82.7526235,
              40.0961627
            ],
            [
              -82.7525806,
              40.0961613
            ],
            [
              -82.7525831,
              40.0961174
            ],
            [
              -82.7526072,
              40.0961182
            ],
            [
              -82.7526083,
              40.0960977
            ],
            [
              -82.7525602,
              40.0960961
            ],
            [
              -82.7525595,
              40.0961084
            ]
          ]
        ]
      },
      "properties": {
        "epoch_id": "EPOCH-bdc85fadae79b6b2",
        "site_name": "AWS New Albany",
        "distance_to_site_km": 2.4479,
        "footprint_area_m2_webmercator": 179.68,
        "source_dataset": "Overture Maps buildings",
        "source_url": "https://docs.overturemaps.org/getting-data/",
        "source_release": "2026-09-23.1",
        "source_accessed_on": "2026-09-27",
        "geometry_role": "current building-footprint polygon",
        "linkage_semantics": "Overlap/proximity only; not evidence that the building hosts AI compute."
      }
    },
    {
      "type": "Feature",
      "id": "01bc282f-02ec-4638-be4d-25ca285653b7",
      "geometry": {
        "type": "Polygon",
        "coordinates": [
          [
            [
              -82.7542793,
              40.0960761
            ],
            [
              -82.7543918,
              40.0960791
            ],
            [
              -82.7543984,
              40.0959346
            ],
            [
              -82.7542859,
              40.0959316
            ],
            [
              -82.7542793,
              40.0960761
            ]
          ]
        ]
      },
      "properties": {
        "epoch_id": "EPOCH-bdc85fadae79b6b2",
        "site_name": "AWS New Albany",
        "distance_to_site_km": 2.5364,
        "footprint_area_m2_webmercator": 263.66,
        "source_dataset": "Overture Maps buildings",
        "source_url": "https://docs.overturemaps.org/getting-data/",
        "source_release": "2026-09-23.1",
        "source_accessed_on": "2026-09-27",
        "geometry_role": "current building-footprint polygon",
        "linkage_semantics": "Overlap/proximity only; not evidence that the building hosts AI compute."
      }
    },
    {
      "type": "Feature",
      "id": "fc2b657d-b564-4021-9521-62010753ac15",
      "geometry": {
        "type": "Polygon",
        "coordinates": [
          [
            [
              -82.7548271,
              40.0958071
            ],
            [
              -82.754831,
              40.0956563
            ],
            [
              -82.7547254,
              40.0956547
            ],
            [
              -82.7547215,
              40.0958055
            ],
            [
              -82.7548271,
              40.0958071
            ]
          ]
        ]
      },
      "properties": {
        "epoch_id": "EPOCH-bdc85fadae79b6b2",
        "site_name": "AWS New Albany",
        "distance_to_site_km": 2.5814,
        "footprint_area_m2_webmercator": 258.07,
        "source_dataset": "Overture Maps buildings",
        "source_url": "https://docs.overturemaps.org/getting-data/",
        "source_release": "2026-09-23.1",
        "source_accessed_on": "2026-09-27",
        "geometry_role": "current building-footprint polygon",
        "linkage_semantics": "Overlap/proximity only; not evidence that the building hosts AI compute."
      }
    },
    {
      "type": "Feature",
      "id": "a604078d-2a2f-4db4-ae7b-68f8d7ca7c0a",
      "geometry": {
        "type": "Polygon",
        "coordinates": [
          [
            [
              -82.7566468,
              40.0959796
            ],
            [
              -82.7569096,
              40.0959825
            ],
            [
              -82.7569135,
              40.0957753
            ],
            [
              -82.7566035,
              40.0957719
            ],
            [
              -82.7566012,
              40.0958959
            ],
            [
              -82.7566484,
              40.0958964
            ],
            [
              -82.7566468,
              40.0959796
            ]
          ]
        ]
      },
      "properties": {
        "epoch_id": "EPOCH-bdc85fadae79b6b2",
        "site_name": "AWS New Albany",
        "distance_to_site_km": 2.6571,
        "footprint_area_m2_webmercator": 977.01,
        "source_dataset": "Overture Maps buildings",
        "source_url": "https://docs.overturemaps.org/getting-data/",
        "source_release": "2026-09-23.1",
        "source_accessed_on": "2026-09-27",
        "geometry_role": "current building-footprint polygon",
        "linkage_semantics": "Overlap/proximity only; not evidence that the building hosts AI compute."
      }
    },
    {
      "type": "Feature",
      "id": "88592dfa-2f2a-46fa-9b04-2b26aa645f2c",
      "geometry": {
        "type": "Polygon",
        "coordinates": [
          [
            [
              -82.7568713,
              40.0962768
            ],
            [
              -82.7568797,
              40.0961088
            ],
            [
              -82.7566504,
              40.0961022
            ],
            [
              -82.7566421,
              40.0962702
            ],
            [
              -82.7568713,
              40.0962768
            ]
          ]
        ]
      },
      "properties": {
        "epoch_id": "EPOCH-bdc85fadae79b6b2",
        "site_name": "AWS New Albany",
        "distance_to_site_km": 2.6277,
        "footprint_area_m2_webmercator": 624.8,
        "source_dataset": "Overture Maps buildings",
        "source_url": "https://docs.overturemaps.org/getting-data/",
        "source_release": "2026-09-23.1",
        "source_accessed_on": "2026-09-27",
        "geometry_role": "current building-footprint polygon",
        "linkage_semantics": "Overlap/proximity only; not evidence that the building hosts AI compute."
      }
    },
    {
      "type": "Feature",
      "id": "fe42212d-b97d-48de-a894-61e78bde625b",
      "geometry": {
        "type": "Polygon",
        "coordinates": [
          [
            [
              -82.7550447,
              40.0965404
            ],
            [
              -82.7551702,
              40.0965249
            ],
            [
              -82.7551561,
              40.096458
            ],
            [
              -82.7550306,
              40.0964735
            ],
            [
              -82.7550447,
              40.0965404
            ]
          ]
        ]
      },
      "properties": {
        "epoch_id": "EPOCH-bdc85fadae79b6b2",
        "site_name": "AWS New Albany",
        "distance_to_site_km": 2.5223,
        "footprint_area_m2_webmercator": 139.55,
        "source_dataset": "Overture Maps buildings",
        "source_url": "https://docs.overturemaps.org/getting-data/",
        "source_release": "2026-09-23.1",
        "source_accessed_on": "2026-09-27",
        "geometry_role": "current building-footprint polygon",
        "linkage_semantics": "Overlap/proximity only; not evidence that the building hosts AI compute."
      }
    },
    {
      "type": "Feature",
      "id": "e15e87e5-6a82-4b60-86ef-fe00030bf203",
      "geometry": {
        "type": "Polygon",
        "coordinates": [
          [
            [
              -82.7564221,
              40.0966339
            ],
            [
              -82.75642,
              40.096558
            ],
            [
              -82.7562967,
              40.0965601
            ],
            [
              -82.7562988,
              40.0966359
            ],
            [
              -82.7564221,
              40.0966339
            ]
          ]
        ]
      },
      "properties": {
        "epoch_id": "EPOCH-bdc85fadae79b6b2",
        "site_name": "AWS New Albany",
        "distance_to_site_km": 2.571,
        "footprint_area_m2_webmercator": 151.57,
        "source_dataset": "Overture Maps buildings",
        "source_url": "https://docs.overturemaps.org/getting-data/",
        "source_release": "2026-09-23.1",
        "source_accessed_on": "2026-09-27",
        "geometry_role": "current building-footprint polygon",
        "linkage_semantics": "Overlap/proximity only; not evidence that the building hosts AI compute."
      }
    },
    {
      "type": "Feature",
      "id": "ce33c53a-dcbe-45bf-9958-1894a7f81e5d",
      "geometry": {
        "type": "Polygon",
        "coordinates": [
          [
            [
              -82.7562349,
              40.0969199
            ],
            [
              -82.756236,
              40.096885
            ],
            [
              -82.7563218,
              40.0968865
            ],
            [
              -82.7563238,
              40.0968189
            ],
            [
              -82.7561361,
              40.0968156
            ],
            [
              -82.7561331,
              40.0969181
            ],
            [
              -82.7562349,
              40.0969199
            ]
          ]
        ]
      },
      "properties": {
        "epoch_id": "EPOCH-bdc85fadae79b6b2",
        "site_name": "AWS New Albany",
        "distance_to_site_km": 2.5399,
        "footprint_area_m2_webmercator": 263.26,
        "source_dataset": "Overture Maps buildings",
        "source_url": "https://docs.overturemaps.org/getting-data/",
        "source_release": "2026-09-23.1",
        "source_accessed_on": "2026-09-27",
        "geometry_role": "current building-footprint polygon",
        "linkage_semantics": "Overlap/proximity only; not evidence that the building hosts AI compute."
      }
    },
    {
      "type": "Feature",
      "id": "8c1527d4-0de6-4c09-9e67-882f15fe1bb6",
      "geometry": {
        "type": "Polygon",
        "coordinates": [
          [
            [
              -82.7540728,
              40.0975935
            ],
            [
              -82.7542129,
              40.0976065
            ],
            [
              -82.7542301,
              40.0974973
            ],
            [
              -82.75409,
              40.0974843
            ],
            [
              -82.7540728,
              40.0975935
            ]
          ]
        ]
      },
      "properties": {
        "epoch_id": "EPOCH-bdc85fadae79b6b2",
        "site_name": "AWS New Albany",
        "distance_to_site_km": 2.3809,
        "footprint_area_m2_webmercator": 251.46,
        "source_dataset": "Overture Maps buildings",
        "source_url": "https://docs.overturemaps.org/getting-data/",
        "source_release": "2026-09-23.1",
        "source_accessed_on": "2026-09-27",
        "geometry_role": "current building-footprint polygon",
        "linkage_semantics": "Overlap/proximity only; not evidence that the building hosts AI compute."
      }
    },
    {
      "type": "Feature",
      "id": "f601c00a-a965-4ee8-9af1-0fc31a157b11",
      "geometry": {
        "type": "Polygon",
        "coordinates": [
          [
            [
              -82.7544151,
              40.0971584
            ],
            [
              -82.7544607,
              40.0971594
            ],
            [
              -82.7544596,
              40.097186
            ],
            [
              -82.7545588,
              40.0971883
            ],
            [
              -82.7545622,
              40.0971001
            ],
            [
              -82.7544175,
              40.0970969
            ],
            [
              -82.7544151,
              40.0971584
            ]
          ]
        ]
      },
      "properties": {
        "epoch_id": "EPOCH-bdc85fadae79b6b2",
        "site_name": "AWS New Albany",
        "distance_to_site_km": 2.4346,
        "footprint_area_m2_webmercator": 187.14,
        "source_dataset": "Overture Maps buildings",
        "source_url": "https://docs.overturemaps.org/getting-data/",
        "source_release": "2026-09-23.1",
        "source_accessed_on": "2026-09-27",
        "geometry_role": "current building-footprint polygon",
        "linkage_semantics": "Overlap/proximity only; not evidence that the building hosts AI compute."
      }
    },
    {
      "type": "Feature",
      "id": "ce45268e-a72d-45ad-92b3-a053bad6a05b",
      "geometry": {
        "type": "Polygon",
        "coordinates": [
          [
            [
              -82.7547634,
              40.0971405
            ],
            [
              -82.7547676,
              40.097076
            ],
            [
              -82.7546981,
              40.0970733
            ],
            [
              -82.7546938,
              40.0971378
            ],
            [
              -82.7547634,
              40.0971405
            ]
          ]
        ]
      },
      "properties": {
        "epoch_id": "EPOCH-bdc85fadae79b6b2",
        "site_name": "AWS New Albany",
        "distance_to_site_km": 2.4482,
        "footprint_area_m2_webmercator": 72.86,
        "source_dataset": "Overture Maps buildings",
        "source_url": "https://docs.overturemaps.org/getting-data/",
        "source_release": "2026-09-23.1",
        "source_accessed_on": "2026-09-27",
        "geometry_role": "current building-footprint polygon",
        "linkage_semantics": "Overlap/proximity only; not evidence that the building hosts AI compute."
      }
    },
    {
      "type": "Feature",
      "id": "fc37f29b-a556-4388-9c08-0455165fa14e",
      "geometry": {
        "type": "Polygon",
        "coordinates": [
          [
            [
              -82.7525273,
              40.0976911
            ],
            [
              -82.7525324,
              40.097592
            ],
            [
              -82.752279,
              40.0975843
            ],
            [
              -82.7522738,
              40.0976834
            ],
            [
              -82.7525273,
              40.0976911
            ]
          ]
        ]
      },
      "properties": {
        "epoch_id": "EPOCH-bdc85fadae79b6b2",
        "site_name": "AWS New Albany",
        "distance_to_site_km": 2.2977,
        "footprint_area_m2_webmercator": 407.53,
        "source_dataset": "Overture Maps buildings",
        "source_url": "https://docs.overturemaps.org/getting-data/",
        "source_release": "2026-09-23.1",
        "source_accessed_on": "2026-09-27",
        "geometry_role": "current building-footprint polygon",
        "linkage_semantics": "Overlap/proximity only; not evidence that the building hosts AI compute."
      }
    },
    {
      "type": "Feature",
      "id": "442a7470-e93c-4b1b-bdf3-e88ae741b60d",
      "geometry": {
        "type": "Polygon",
        "coordinates": [
          [
            [
              -82.7544931,
              40.0983593
            ],
            [
              -82.7546378,
              40.0983628
            ],
            [
              -82.7546407,
              40.0982931
            ],
            [
              -82.754496,
              40.0982896
            ],
            [
              -82.7544931,
              40.0983593
            ]
          ]
        ]
      },
      "properties": {
        "epoch_id": "EPOCH-bdc85fadae79b6b2",
        "site_name": "AWS New Albany",
        "distance_to_site_km": 2.3265,
        "footprint_area_m2_webmercator": 163.55,
        "source_dataset": "Overture Maps buildings",
        "source_url": "https://docs.overturemaps.org/getting-data/",
        "source_release": "2026-09-23.1",
        "source_accessed_on": "2026-09-27",
        "geometry_role": "current building-footprint polygon",
        "linkage_semantics": "Overlap/proximity only; not evidence that the building hosts AI compute."
      }
    },
    {
      "type": "Feature",
      "id": "451ef041-1e16-48ce-b308-5341e788e563",
      "geometry": {
        "type": "Polygon",
        "coordinates": [
          [
            [
              -82.7543339,
              40.0979598
            ],
            [
              -82.7542079,
              40.0979585
            ],
            [
              -82.7542043,
              40.0981492
            ],
            [
              -82.7543545,
              40.0981509
            ],
            [
              -82.7543555,
              40.0980955
            ],
            [
              -82.7543314,
              40.0980952
            ],
            [
              -82.7543339,
              40.0979598
            ]
          ]
        ]
      },
      "properties": {
        "epoch_id": "EPOCH-bdc85fadae79b6b2",
        "site_name": "AWS New Albany",
        "distance_to_site_km": 2.338,
        "footprint_area_m2_webmercator": 411.23,
        "source_dataset": "Overture Maps buildings",
        "source_url": "https://docs.overturemaps.org/getting-data/",
        "source_release": "2026-09-23.1",
        "source_accessed_on": "2026-09-27",
        "geometry_role": "current building-footprint polygon",
        "linkage_semantics": "Overlap/proximity only; not evidence that the building hosts AI compute."
      }
    },
    {
      "type": "Feature",
      "id": "f579ca80-af97-4a05-95ba-7e6cf34bdfc1",
      "geometry": {
        "type": "Polygon",
        "coordinates": [
          [
            [
              -82.7545938,
              40.0976518
            ],
            [
              -82.7545948,
              40.0976272
            ],
            [
              -82.7545064,
              40.0976251
            ],
            [
              -82.7545016,
              40.097743
            ],
            [
              -82.7547347,
              40.0977486
            ],
            [
              -82.7547393,
              40.0976368
            ],
            [
              -82.7546443,
              40.0976346
            ],
            [
              -82.7546435,
              40.097653
            ],
            [
              -82.7545938,
              40.0976518
            ]
          ]
        ]
      },
      "properties": {
        "epoch_id": "EPOCH-bdc85fadae79b6b2",
        "site_name": "AWS New Albany",
        "distance_to_site_km": 2.3883,
        "footprint_area_m2_webmercator": 416.43,
        "source_dataset": "Overture Maps buildings",
        "source_url": "https://docs.overturemaps.org/getting-data/",
        "source_release": "2026-09-23.1",
        "source_accessed_on": "2026-09-27",
        "geometry_role": "current building-footprint polygon",
        "linkage_semantics": "Overlap/proximity only; not evidence that the building hosts AI compute."
      }
    },
    {
      "type": "Feature",
      "id": "7d084c3c-ae09-41f3-a386-53a4967375bc",
      "geometry": {
        "type": "Polygon",
        "coordinates": [
          [
            [
              -82.7552346,
              40.097707
            ],
            [
              -82.7552323,
              40.0977818
            ],
            [
              -82.7554897,
              40.0977864
            ],
            [
              -82.755492,
              40.0977116
            ],
            [
              -82.7552346,
              40.097707
            ]
          ]
        ]
      },
      "properties": {
        "epoch_id": "EPOCH-bdc85fadae79b6b2",
        "site_name": "AWS New Albany",
        "distance_to_site_km": 2.4176,
        "footprint_area_m2_webmercator": 312.08,
        "source_dataset": "Overture Maps buildings",
        "source_url": "https://docs.overturemaps.org/getting-data/",
        "source_release": "2026-09-23.1",
        "source_accessed_on": "2026-09-27",
        "geometry_role": "current building-footprint polygon",
        "linkage_semantics": "Overlap/proximity only; not evidence that the building hosts AI compute."
      }
    },
    {
      "type": "Feature",
      "id": "8ad62ed6-bb79-4f19-b8c8-3cc53167ab0b",
      "geometry": {
        "type": "Polygon",
        "coordinates": [
          [
            [
              -82.7558285,
              40.0977975
            ],
            [
              -82.7557481,
              40.0977958
            ],
            [
              -82.7557457,
              40.0978644
            ],
            [
              -82.7558261,
              40.0978661
            ],
            [
              -82.7558285,
              40.0977975
            ]
          ]
        ]
      },
      "properties": {
        "epoch_id": "EPOCH-bdc85fadae79b6b2",
        "site_name": "AWS New Albany",
        "distance_to_site_km": 2.4302,
        "footprint_area_m2_webmercator": 89.42,
        "source_dataset": "Overture Maps buildings",
        "source_url": "https://docs.overturemaps.org/getting-data/",
        "source_release": "2026-09-23.1",
        "source_accessed_on": "2026-09-27",
        "geometry_role": "current building-footprint polygon",
        "linkage_semantics": "Overlap/proximity only; not evidence that the building hosts AI compute."
      }
    },
    {
      "type": "Feature",
      "id": "8b018dbe-4878-4b0e-95cf-54e7639dda24",
      "geometry": {
        "type": "Polygon",
        "coordinates": [
          [
            [
              -82.7559938,
              40.0976848
            ],
            [
              -82.7559027,
              40.0976823
            ],
            [
              -82.7558962,
              40.0978196
            ],
            [
              -82.7561212,
              40.0978258
            ],
            [
              -82.7561262,
              40.0977192
            ],
            [
              -82.7560432,
              40.0977169
            ],
            [
              -82.7560419,
              40.0977436
            ],
            [
              -82.755991,
              40.0977422
            ],
            [
              -82.7559938,
              40.0976848
            ]
          ]
        ]
      },
      "properties": {
        "epoch_id": "EPOCH-bdc85fadae79b6b2",
        "site_name": "AWS New Albany",
        "distance_to_site_km": 2.4468,
        "footprint_area_m2_webmercator": 412.35,
        "source_dataset": "Overture Maps buildings",
        "source_url": "https://docs.overturemaps.org/getting-data/",
        "source_release": "2026-09-23.1",
        "source_accessed_on": "2026-09-27",
        "geometry_role": "current building-footprint polygon",
        "linkage_semantics": "Overlap/proximity only; not evidence that the building hosts AI compute."
      }
    },
    {
      "type": "Feature",
      "id": "363bfece-01a0-44f8-bd3b-a44f26fe28f6",
      "geometry": {
        "type": "Polygon",
        "coordinates": [
          [
            [
              -82.7569215,
              40.0977816
            ],
            [
              -82.7566189,
              40.0977723
            ],
            [
              -82.7566141,
              40.0978624
            ],
            [
              -82.7569167,
              40.0978717
            ],
            [
              -82.7569215,
              40.0977816
            ]
          ]
        ]
      },
      "properties": {
        "epoch_id": "EPOCH-bdc85fadae79b6b2",
        "site_name": "AWS New Albany",
        "distance_to_site_km": 2.4794,
        "footprint_area_m2_webmercator": 442.4,
        "source_dataset": "Overture Maps buildings",
        "source_url": "https://docs.overturemaps.org/getting-data/",
        "source_release": "2026-09-23.1",
        "source_accessed_on": "2026-09-27",
        "geometry_role": "current building-footprint polygon",
        "linkage_semantics": "Overlap/proximity only; not evidence that the building hosts AI compute."
      }
    },
    {
      "type": "Feature",
      "id": "54b739b3-e0ba-4899-a111-abd0443b286b",
      "geometry": {
        "type": "Polygon",
        "coordinates": [
          [
            [
              -82.7565877,
              40.0979838
            ],
            [
              -82.7564804,
              40.0979819
            ],
            [
              -82.7564769,
              40.0980956
            ],
            [
              -82.7565842,
              40.0980975
            ],
            [
              -82.7565877,
              40.0979838
            ]
          ]
        ]
      },
      "properties": {
        "epoch_id": "EPOCH-bdc85fadae79b6b2",
        "site_name": "AWS New Albany",
        "distance_to_site_km": 2.448,
        "footprint_area_m2_webmercator": 197.75,
        "source_dataset": "Overture Maps buildings",
        "source_url": "https://docs.overturemaps.org/getting-data/",
        "source_release": "2026-09-23.1",
        "source_accessed_on": "2026-09-27",
        "geometry_role": "current building-footprint polygon",
        "linkage_semantics": "Overlap/proximity only; not evidence that the building hosts AI compute."
      }
    },
    {
      "type": "Feature",
      "id": "1ec7cd7d-4587-4942-911f-91e60876eb5f",
      "geometry": {
        "type": "Polygon",
        "coordinates": [
          [
            [
              -82.7594989,
              40.0980398
            ],
            [
              -82.7595946,
              40.0980506
            ],
            [
              -82.7596175,
              40.0979322
            ],
            [
              -82.7595218,
              40.0979213
            ],
            [
              -82.7594989,
              40.0980398
            ]
          ]
        ]
      },
      "properties": {
        "epoch_id": "EPOCH-bdc85fadae79b6b2",
        "site_name": "AWS New Albany",
        "distance_to_site_km": 2.6128,
        "footprint_area_m2_webmercator": 187.66,
        "source_dataset": "Overture Maps buildings",
        "source_url": "https://docs.overturemaps.org/getting-data/",
        "source_release": "2026-09-23.1",
        "source_accessed_on": "2026-09-27",
        "geometry_role": "current building-footprint polygon",
        "linkage_semantics": "Overlap/proximity only; not evidence that the building hosts AI compute."
      }
    },
    {
      "type": "Feature",
      "id": "5887febc-c780-41a9-b22a-e9671505ada2",
      "geometry": {
        "type": "Polygon",
        "coordinates": [
          [
            [
              -82.7581235,
              40.0979418
            ],
            [
              -82.7580753,
              40.0979404
            ],
            [
              -82.7580724,
              40.0979957
            ],
            [
              -82.7581206,
              40.0979971
            ],
            [
              -82.7581235,
              40.0979418
            ]
          ]
        ]
      },
      "properties": {
        "epoch_id": "EPOCH-bdc85fadae79b6b2",
        "site_name": "AWS New Albany",
        "distance_to_site_km": 2.5351,
        "footprint_area_m2_webmercator": 43.25,
        "source_dataset": "Overture Maps buildings",
        "source_url": "https://docs.overturemaps.org/getting-data/",
        "source_release": "2026-09-23.1",
        "source_accessed_on": "2026-09-27",
        "geometry_role": "current building-footprint polygon",
        "linkage_semantics": "Overlap/proximity only; not evidence that the building hosts AI compute."
      }
    },
    {
      "type": "Feature",
      "id": "a56df520-0ed8-4cef-8cc5-8ed08d1da337",
      "geometry": {
        "type": "Polygon",
        "coordinates": [
          [
            [
              -82.7586675,
              40.0961841
            ],
            [
              -82.7584503,
              40.0961816
            ],
            [
              -82.7584477,
              40.0963191
            ],
            [
              -82.7586649,
              40.0963215
            ],
            [
              -82.7586675,
              40.0961841
            ]
          ]
        ]
      },
      "properties": {
        "epoch_id": "EPOCH-bdc85fadae79b6b2",
        "site_name": "AWS New Albany",
        "distance_to_site_km": 2.7103,
        "footprint_area_m2_webmercator": 483.73,
        "source_dataset": "Overture Maps buildings",
        "source_url": "https://docs.overturemaps.org/getting-data/",
        "source_release": "2026-09-23.1",
        "source_accessed_on": "2026-09-27",
        "geometry_role": "current building-footprint polygon",
        "linkage_semantics": "Overlap/proximity only; not evidence that the building hosts AI compute."
      }
    },
    {
      "type": "Feature",
      "id": "0d1b54b8-722c-4019-8cd1-57971fa52070",
      "geometry": {
        "type": "Polygon",
        "coordinates": [
          [
            [
              -82.7580254,
              40.0971305
            ],
            [
              -82.7582341,
              40.0971384
            ],
            [
              -82.758261,
              40.096723
            ],
            [
              -82.7581096,
              40.0967172
            ],
            [
              -82.7580906,
              40.0970119
            ],
            [
              -82.7580332,
              40.0970098
            ],
            [
              -82.7580254,
              40.0971305
            ]
          ]
        ]
      },
      "properties": {
        "epoch_id": "EPOCH-bdc85fadae79b6b2",
        "site_name": "AWS New Albany",
        "distance_to_site_km": 2.6286,
        "footprint_area_m2_webmercator": 1133.59,
        "source_dataset": "Overture Maps buildings",
        "source_url": "https://docs.overturemaps.org/getting-data/",
        "source_release": "2026-09-23.1",
        "source_accessed_on": "2026-09-27",
        "geometry_role": "current building-footprint polygon",
        "linkage_semantics": "Overlap/proximity only; not evidence that the building hosts AI compute."
      }
    },
    {
      "type": "Feature",
      "id": "3b6907ca-9657-47a8-9964-1c9450847512",
      "geometry": {
        "type": "Polygon",
        "coordinates": [
          [
            [
              -82.7573913,
              40.0967285
            ],
            [
              -82.7572005,
              40.0963025
            ],
            [
              -82.7569916,
              40.0963572
            ],
            [
              -82.7571824,
              40.0967833
            ],
            [
              -82.7573913,
              40.0967285
            ]
          ]
        ]
      },
      "properties": {
        "epoch_id": "EPOCH-bdc85fadae79b6b2",
        "site_name": "AWS New Albany",
        "distance_to_site_km": 2.616,
        "footprint_area_m2_webmercator": 1611.02,
        "source_dataset": "Overture Maps buildings",
        "source_url": "https://docs.overturemaps.org/getting-data/",
        "source_release": "2026-09-23.1",
        "source_accessed_on": "2026-09-27",
        "geometry_role": "current building-footprint polygon",
        "linkage_semantics": "Overlap/proximity only; not evidence that the building hosts AI compute."
      }
    },
    {
      "type": "Feature",
      "id": "025e70eb-aacd-4aad-b312-7a4447dc7a49",
      "geometry": {
        "type": "Polygon",
        "coordinates": [
          [
            [
              -82.7578772,
              40.0963187
            ],
            [
              -82.7578807,
              40.0961731
            ],
            [
              -82.7574249,
              40.0961666
            ],
            [
              -82.7574213,
              40.0963123
            ],
            [
              -82.7578772,
              40.0963187
            ]
          ]
        ]
      },
      "properties": {
        "epoch_id": "EPOCH-bdc85fadae79b6b2",
        "site_name": "AWS New Albany",
        "distance_to_site_km": 2.6658,
        "footprint_area_m2_webmercator": 1075.93,
        "source_dataset": "Overture Maps buildings",
        "source_url": "https://docs.overturemaps.org/getting-data/",
        "source_release": "2026-09-23.1",
        "source_accessed_on": "2026-09-27",
        "geometry_role": "current building-footprint polygon",
        "linkage_semantics": "Overlap/proximity only; not evidence that the building hosts AI compute."
      }
    },
    {
      "type": "Feature",
      "id": "c5bf6113-399f-4e22-972d-f5921e7d96ce",
      "geometry": {
        "type": "Polygon",
        "coordinates": [
          [
            [
              -82.7200041,
              40.096185
            ],
            [
              -82.7201221,
              40.0961862
            ],
            [
              -82.7201208,
              40.09626
            ],
            [
              -82.720212,
              40.0962609
            ],
            [
              -82.7202134,
              40.0961798
            ],
            [
              -82.7201946,
              40.0961797
            ],
            [
              -82.7201952,
              40.0961418
            ],
            [
              -82.7201309,
              40.0961411
            ],
            [
              -82.7201325,
              40.0960427
            ],
            [
              -82.7200065,
              40.0960414
            ],
            [
              -82.7200041,
              40.096185
            ]
          ]
        ]
      },
      "properties": {
        "epoch_id": "EPOCH-bdc85fadae79b6b2",
        "site_name": "AWS New Albany",
        "distance_to_site_km": 2.7407,
        "footprint_area_m2_webmercator": 451.5,
        "source_dataset": "Overture Maps buildings",
        "source_url": "https://docs.overturemaps.org/getting-data/",
        "source_release": "2026-09-23.1",
        "source_accessed_on": "2026-09-27",
        "geometry_role": "current building-footprint polygon",
        "linkage_semantics": "Overlap/proximity only; not evidence that the building hosts AI compute."
      }
    },
    {
      "type": "Feature",
      "id": "43457583-e2d2-4625-b89c-d8080078412f",
      "geometry": {
        "type": "Polygon",
        "coordinates": [
          [
            [
              -82.719569,
              40.0972312
            ],
            [
              -82.7193495,
              40.0972006
            ],
            [
              -82.719331,
              40.097278
            ],
            [
              -82.7195506,
              40.0973086
            ],
            [
              -82.719569,
              40.0972312
            ]
          ]
        ]
      },
      "properties": {
        "epoch_id": "EPOCH-bdc85fadae79b6b2",
        "site_name": "AWS New Albany",
        "distance_to_site_km": 2.6784,
        "footprint_area_m2_webmercator": 284.43,
        "source_dataset": "Overture Maps buildings",
        "source_url": "https://docs.overturemaps.org/getting-data/",
        "source_release": "2026-09-23.1",
        "source_accessed_on": "2026-09-27",
        "geometry_role": "current building-footprint polygon",
        "linkage_semantics": "Overlap/proximity only; not evidence that the building hosts AI compute."
      }
    },
    {
      "type": "Feature",
      "id": "42667254-cb92-4a3a-a955-e2605c11f663",
      "geometry": {
        "type": "Polygon",
        "coordinates": [
          [
            [
              -82.7194778,
              40.0977645
            ],
            [
              -82.7196185,
              40.0977686
            ],
            [
              -82.7196238,
              40.0976632
            ],
            [
              -82.719483,
              40.0976591
            ],
            [
              -82.7194778,
              40.0977645
            ]
          ]
        ]
      },
      "properties": {
        "epoch_id": "EPOCH-bdc85fadae79b6b2",
        "site_name": "AWS New Albany",
        "distance_to_site_km": 2.6338,
        "footprint_area_m2_webmercator": 240.67,
        "source_dataset": "Overture Maps buildings",
        "source_url": "https://docs.overturemaps.org/getting-data/",
        "source_release": "2026-09-23.1",
        "source_accessed_on": "2026-09-27",
        "geometry_role": "current building-footprint polygon",
        "linkage_semantics": "Overlap/proximity only; not evidence that the building hosts AI compute."
      }
    },
    {
      "type": "Feature",
      "id": "a6c248f7-bca7-4938-96ab-b3b2b0b45109",
      "geometry": {
        "type": "Polygon",
        "coordinates": [
          [
            [
              -82.7202092,
              40.0984136
            ],
            [
              -82.7200565,
              40.0984103
            ],
            [
              -82.7200503,
              40.0985774
            ],
            [
              -82.720203,
              40.0985808
            ],
            [
              -82.7202092,
              40.0984136
            ]
          ]
        ]
      },
      "properties": {
        "epoch_id": "EPOCH-bdc85fadae79b6b2",
        "site_name": "AWS New Albany",
        "distance_to_site_km": 2.5356,
        "footprint_area_m2_webmercator": 413.82,
        "source_dataset": "Overture Maps buildings",
        "source_url": "https://docs.overturemaps.org/getting-data/",
        "source_release": "2026-09-23.1",
        "source_accessed_on": "2026-09-27",
        "geometry_role": "current building-footprint polygon",
        "linkage_semantics": "Overlap/proximity only; not evidence that the building hosts AI compute."
      }
    },
    {
      "type": "Feature",
      "id": "326b051c-af23-402b-a47c-e20c930c962e",
      "geometry": {
        "type": "Polygon",
        "coordinates": [
          [
            [
              -82.7202575,
              40.0993535
            ],
            [
              -82.7203446,
              40.0993349
            ],
            [
              -82.7203045,
              40.0992256
            ],
            [
              -82.7202175,
              40.0992442
            ],
            [
              -82.7202575,
              40.0993535
            ]
          ]
        ]
      },
      "properties": {
        "epoch_id": "EPOCH-bdc85fadae79b6b2",
        "site_name": "AWS New Albany",
        "distance_to_site_km": 2.4607,
        "footprint_area_m2_webmercator": 166.21,
        "source_dataset": "Overture Maps buildings",
        "source_url": "https://docs.overturemaps.org/getting-data/",
        "source_release": "2026-09-23.1",
        "source_accessed_on": "2026-09-27",
        "geometry_role": "current building-footprint polygon",
        "linkage_semantics": "Overlap/proximity only; not evidence that the building hosts AI compute."
      }
    },
    {
      "type": "Feature",
      "id": "49d712d0-ee0c-44d8-bad0-9b9d9990e173",
      "geometry": {
        "type": "Polygon",
        "coordinates": [
          [
            [
              -82.7198737,
              40.0994252
            ],
            [
              -82.7198709,
              40.0994434
            ],
            [
              -82.7197598,
              40.0994333
            ],
            [
              -82.7197395,
              40.0995636
            ],
            [
              -82.7198836,
              40.0995768
            ],
            [
              -82.7198781,
              40.0996123
            ],
            [
              -82.7199746,
              40.0996211
            ],
            [
              -82.7199869,
              40.0995422
            ],
            [
              -82.7199578,
              40.0995395
            ],
            [
              -82.7199742,
              40.0994343
            ],
            [
              -82.7198737,
              40.0994252
            ]
          ]
        ]
      },
      "properties": {
        "epoch_id": "EPOCH-bdc85fadae79b6b2",
        "site_name": "AWS New Albany",
        "distance_to_site_km": 2.4655,
        "footprint_area_m2_webmercator": 560.25,
        "source_dataset": "Overture Maps buildings",
        "source_url": "https://docs.overturemaps.org/getting-data/",
        "source_release": "2026-09-23.1",
        "source_accessed_on": "2026-09-27",
        "geometry_role": "current building-footprint polygon",
        "linkage_semantics": "Overlap/proximity only; not evidence that the building hosts AI compute."
      }
    },
    {
      "type": "Feature",
      "id": "ef7c4ffc-7ff1-4f7e-af7a-b4b6d6846afd",
      "geometry": {
        "type": "Polygon",
        "coordinates": [
          [
            [
              -82.7203921,
              40.1245682
            ],
            [
              -82.7203984,
              40.1244515
            ],
            [
              -82.720227,
              40.1244462
            ],
            [
              -82.7202227,
              40.124526
            ],
            [
              -82.7203191,
              40.124529
            ],
            [
              -82.7203171,
              40.1245659
            ],
            [
              -82.7203921,
              40.1245682
            ]
          ]
        ]
      },
      "properties": {
        "epoch_id": "EPOCH-bdc85fadae79b6b2",
        "site_name": "AWS New Albany",
        "distance_to_site_km": 1.8985,
        "footprint_area_m2_webmercator": 266.98,
        "source_dataset": "Overture Maps buildings",
        "source_url": "https://docs.overturemaps.org/getting-data/",
        "source_release": "2026-09-23.1",
        "source_accessed_on": "2026-09-27",
        "geometry_role": "current building-footprint polygon",
        "linkage_semantics": "Overlap/proximity only; not evidence that the building hosts AI compute."
      }
    },
    {
      "type": "Feature",
      "id": "0c38ee8d-af01-4dc6-b475-077cd27c5974",
      "geometry": {
        "type": "Polygon",
        "coordinates": [
          [
            [
              -82.7197352,
              40.1247946
            ],
            [
              -82.7196952,
              40.1247967
            ],
            [
              -82.7196977,
              40.1248233
            ],
            [
              -82.7197377,
              40.1248211
            ],
            [
              -82.7197352,
              40.1247946
            ]
          ]
        ]
      },
      "properties": {
        "epoch_id": "EPOCH-bdc85fadae79b6b2",
        "site_name": "AWS New Albany",
        "distance_to_site_km": 1.9601,
        "footprint_area_m2_webmercator": 17.3,
        "source_dataset": "Overture Maps buildings",
        "source_url": "https://docs.overturemaps.org/getting-data/",
        "source_release": "2026-09-23.1",
        "source_accessed_on": "2026-09-27",
        "geometry_role": "current building-footprint polygon",
        "linkage_semantics": "Overlap/proximity only; not evidence that the building hosts AI compute."
      }
    },
    {
      "type": "Feature",
      "id": "1689d3fb-8508-4fb4-adae-25800c8a2120",
      "geometry": {
        "type": "Polygon",
        "coordinates": [
          [
            [
              -82.7198601,
              40.1273353
            ],
            [
              -82.7198658,
              40.1272185
            ],
            [
              -82.7195969,
              40.1272109
            ],
            [
              -82.7195912,
              40.1273276
            ],
            [
              -82.7198601,
              40.1273353
            ]
          ]
        ]
      },
      "properties": {
        "epoch_id": "EPOCH-bdc85fadae79b6b2",
        "site_name": "AWS New Albany",
        "distance_to_site_km": 2.1123,
        "footprint_area_m2_webmercator": 509.51,
        "source_dataset": "Overture Maps buildings",
        "source_url": "https://docs.overturemaps.org/getting-data/",
        "source_release": "2026-09-23.1",
        "source_accessed_on": "2026-09-27",
        "geometry_role": "current building-footprint polygon",
        "linkage_semantics": "Overlap/proximity only; not evidence that the building hosts AI compute."
      }
    },
    {
      "type": "Feature",
      "id": "d7d2a3ee-4ddf-46e1-ab6e-146cd5dfeba4",
      "geometry": {
        "type": "Polygon",
        "coordinates": [
          [
            [
              -82.720177,
              40.1295746
            ],
            [
              -82.7202305,
              40.1295765
            ],
            [
              -82.7202383,
              40.1294487
            ],
            [
              -82.7200028,
              40.1294402
            ],
            [
              -82.7200001,
              40.1294852
            ],
            [
              -82.7200268,
              40.1294862
            ],
            [
              -82.7200228,
              40.1295526
            ],
            [
              -82.7199987,
              40.1295517
            ],
            [
              -82.7199914,
              40.1296695
            ],
            [
              -82.7201708,
              40.1296759
            ],
            [
              -82.720177,
              40.1295746
            ]
          ]
        ]
      },
      "properties": {
        "epoch_id": "EPOCH-bdc85fadae79b6b2",
        "site_name": "AWS New Albany",
        "distance_to_site_km": 2.2505,
        "footprint_area_m2_webmercator": 754.59,
        "source_dataset": "Overture Maps buildings",
        "source_url": "https://docs.overturemaps.org/getting-data/",
        "source_release": "2026-09-23.1",
        "source_accessed_on": "2026-09-27",
        "geometry_role": "current building-footprint polygon",
        "linkage_semantics": "Overlap/proximity only; not evidence that the building hosts AI compute."
      }
    },
    {
      "type": "Feature",
      "id": "20278510-88b9-4c5e-9168-6994ba6f6794",
      "geometry": {
        "type": "Polygon",
        "coordinates": [
          [
            [
              -82.719677,
              40.129766
            ],
            [
              -82.7197546,
              40.1297691
            ],
            [
              -82.7197582,
              40.1297159
            ],
            [
              -82.7196806,
              40.1297128
            ],
            [
              -82.719677,
              40.129766
            ]
          ]
        ]
      },
      "properties": {
        "epoch_id": "EPOCH-bdc85fadae79b6b2",
        "site_name": "AWS New Albany",
        "distance_to_site_km": 2.2891,
        "footprint_area_m2_webmercator": 67.09,
        "source_dataset": "Overture Maps buildings",
        "source_url": "https://docs.overturemaps.org/getting-data/",
        "source_release": "2026-09-23.1",
        "source_accessed_on": "2026-09-27",
        "geometry_role": "current building-footprint polygon",
        "linkage_semantics": "Overlap/proximity only; not evidence that the building hosts AI compute."
      }
    },
    {
      "type": "Feature",
      "id": "d3508e08-907e-4565-aa5d-2f7ec4b8101a",
      "geometry": {
        "type": "Polygon",
        "coordinates": [
          [
            [
              -82.7208332,
              40.1329382
            ],
            [
              -82.7209336,
              40.1329417
            ],
            [
              -82.7209393,
              40.1328476
            ],
            [
              -82.7208389,
              40.132844
            ],
            [
              -82.7208332,
              40.1329382
            ]
          ]
        ]
      },
      "properties": {
        "epoch_id": "EPOCH-bdc85fadae79b6b2",
        "site_name": "AWS New Albany",
        "distance_to_site_km": 2.4746,
        "footprint_area_m2_webmercator": 153.54,
        "source_dataset": "Overture Maps buildings",
        "source_url": "https://docs.overturemaps.org/getting-data/",
        "source_release": "2026-09-23.1",
        "source_accessed_on": "2026-09-27",
        "geometry_role": "current building-footprint polygon",
        "linkage_semantics": "Overlap/proximity only; not evidence that the building hosts AI compute."
      }
    },
    {
      "type": "Feature",
      "id": "2f0c590c-b0c8-4c95-a506-b501a65536da",
      "geometry": {
        "type": "Polygon",
        "coordinates": [
          [
            [
              -82.7210552,
              40.1327108
            ],
            [
              -82.7210573,
              40.1326596
            ],
            [
              -82.7209475,
              40.1326569
            ],
            [
              -82.7209429,
              40.1327676
            ],
            [
              -82.7209684,
              40.1327682
            ],
            [
              -82.7209644,
              40.1328665
            ],
            [
              -82.7210689,
              40.132869
            ],
            [
              -82.7210753,
              40.1327113
            ],
            [
              -82.7210552,
              40.1327108
            ]
          ]
        ]
      },
      "properties": {
        "epoch_id": "EPOCH-bdc85fadae79b6b2",
        "site_name": "AWS New Albany",
        "distance_to_site_km": 2.4565,
        "footprint_area_m2_webmercator": 383.22,
        "source_dataset": "Overture Maps buildings",
        "source_url": "https://docs.overturemaps.org/getting-data/",
        "source_release": "2026-09-23.1",
        "source_accessed_on": "2026-09-27",
        "geometry_role": "current building-footprint polygon",
        "linkage_semantics": "Overlap/proximity only; not evidence that the building hosts AI compute."
      }
    },
    {
      "type": "Feature",
      "id": "a782245d-03ce-45dd-97e6-cac791f62619",
      "geometry": {
        "type": "Polygon",
        "coordinates": [
          [
            [
              -82.7227315,
              40.1325143
            ],
            [
              -82.7226292,
              40.1324565
            ],
            [
              -82.7224561,
              40.1326356
            ],
            [
              -82.7225585,
              40.1326934
            ],
            [
              -82.7227315,
              40.1325143
            ]
          ]
        ]
      },
      "properties": {
        "epoch_id": "EPOCH-bdc85fadae79b6b2",
        "site_name": "AWS New Albany",
        "distance_to_site_km": 2.3561,
        "footprint_area_m2_webmercator": 459.23,
        "source_dataset": "Overture Maps buildings",
        "source_url": "https://docs.overturemaps.org/getting-data/",
        "source_release": "2026-09-23.1",
        "source_accessed_on": "2026-09-27",
        "geometry_role": "current building-footprint polygon",
        "linkage_semantics": "Overlap/proximity only; not evidence that the building hosts AI compute."
      }
    },
    {
      "type": "Feature",
      "id": "e4f7a658-b619-4983-9ca6-d8741290af42",
      "geometry": {
        "type": "Polygon",
        "coordinates": [
          [
            [
              -82.720877,
              40.1321857
            ],
            [
              -82.7208792,
              40.1321139
            ],
            [
              -82.7206808,
              40.1321104
            ],
            [
              -82.7206786,
              40.1321821
            ],
            [
              -82.720877,
              40.1321857
            ]
          ]
        ]
      },
      "properties": {
        "epoch_id": "EPOCH-bdc85fadae79b6b2",
        "site_name": "AWS New Albany",
        "distance_to_site_km": 2.4176,
        "footprint_area_m2_webmercator": 230.85,
        "source_dataset": "Overture Maps buildings",
        "source_url": "https://docs.overturemaps.org/getting-data/",
        "source_release": "2026-09-23.1",
        "source_accessed_on": "2026-09-27",
        "geometry_role": "current building-footprint polygon",
        "linkage_semantics": "Overlap/proximity only; not evidence that the building hosts AI compute."
      }
    },
    {
      "type": "Feature",
      "id": "5d5aae03-3523-4c3e-8901-a32f41d1b75f",
      "geometry": {
        "type": "Polygon",
        "coordinates": [
          [
            [
              -82.7211305,
              40.1323198
            ],
            [
              -82.721235,
              40.1323226
            ],
            [
              -82.7212378,
              40.1322611
            ],
            [
              -82.7212887,
              40.1322625
            ],
            [
              -82.7212911,
              40.1322092
            ],
            [
              -82.7212443,
              40.132208
            ],
            [
              -82.7212492,
              40.1320994
            ],
            [
              -82.7211406,
              40.1320965
            ],
            [
              -82.7211305,
              40.1323198
            ]
          ]
        ]
      },
      "properties": {
        "epoch_id": "EPOCH-bdc85fadae79b6b2",
        "site_name": "AWS New Albany",
        "distance_to_site_km": 2.3997,
        "footprint_area_m2_webmercator": 429.92,
        "source_dataset": "Overture Maps buildings",
        "source_url": "https://docs.overturemaps.org/getting-data/",
        "source_release": "2026-09-23.1",
        "source_accessed_on": "2026-09-27",
        "geometry_role": "current building-footprint polygon",
        "linkage_semantics": "Overlap/proximity only; not evidence that the building hosts AI compute."
      }
    },
    {
      "type": "Feature",
      "id": "25eb1e77-48a1-487f-9a73-07fd39c17854",
      "geometry": {
        "type": "Polygon",
        "coordinates": [
          [
            [
              -82.7223058,
              40.1320051
            ],
            [
              -82.722326,
              40.1320055
            ],
            [
              -82.7223239,
              40.132067
            ],
            [
              -82.7224164,
              40.1320688
            ],
            [
              -82.7224185,
              40.1320053
            ],
            [
              -82.722448,
              40.1320058
            ],
            [
              -82.7224493,
              40.1319649
            ],
            [
              -82.7224252,
              40.1319644
            ],
            [
              -82.722428,
              40.1318783
            ],
            [
              -82.7223101,
              40.131876
            ],
            [
              -82.7223058,
              40.1320051
            ]
          ]
        ]
      },
      "properties": {
        "epoch_id": "EPOCH-bdc85fadae79b6b2",
        "site_name": "AWS New Albany",
        "distance_to_site_km": 2.315,
        "footprint_area_m2_webmercator": 355.05,
        "source_dataset": "Overture Maps buildings",
        "source_url": "https://docs.overturemaps.org/getting-data/",
        "source_release": "2026-09-23.1",
        "source_accessed_on": "2026-09-27",
        "geometry_role": "current building-footprint polygon",
        "linkage_semantics": "Overlap/proximity only; not evidence that the building hosts AI compute."
      }
    },
    {
      "type": "Feature",
      "id": "46c81850-8e29-4a48-b71d-2793f94cf908",
      "geometry": {
        "type": "Polygon",
        "coordinates": [
          [
            [
              -82.7234281,
              40.1318738
            ],
            [
              -82.7235459,
              40.1318772
            ],
            [
              -82.7235514,
              40.1317646
            ],
            [
              -82.7234336,
              40.1317612
            ],
            [
              -82.7234281,
              40.1318738
            ]
          ]
        ]
      },
      "properties": {
        "epoch_id": "EPOCH-bdc85fadae79b6b2",
        "site_name": "AWS New Albany",
        "distance_to_site_km": 2.2431,
        "footprint_area_m2_webmercator": 215.29,
        "source_dataset": "Overture Maps buildings",
        "source_url": "https://docs.overturemaps.org/getting-data/",
        "source_release": "2026-09-23.1",
        "source_accessed_on": "2026-09-27",
        "geometry_role": "current building-footprint polygon",
        "linkage_semantics": "Overlap/proximity only; not evidence that the building hosts AI compute."
      }
    },
    {
      "type": "Feature",
      "id": "afc22bbc-bcd1-4ae0-8700-65272f4d5138",
      "geometry": {
        "type": "Polygon",
        "coordinates": [
          [
            [
              -82.724647,
              40.1325465
            ],
            [
              -82.7245475,
              40.1324552
            ],
            [
              -82.724367,
              40.1325702
            ],
            [
              -82.7244665,
              40.1326615
            ],
            [
              -82.724647,
              40.1325465
            ]
          ]
        ]
      },
      "properties": {
        "epoch_id": "EPOCH-bdc85fadae79b6b2",
        "site_name": "AWS New Albany",
        "distance_to_site_km": 2.2588,
        "footprint_area_m2_webmercator": 452.57,
        "source_dataset": "Overture Maps buildings",
        "source_url": "https://docs.overturemaps.org/getting-data/",
        "source_release": "2026-09-23.1",
        "source_accessed_on": "2026-09-27",
        "geometry_role": "current building-footprint polygon",
        "linkage_semantics": "Overlap/proximity only; not evidence that the building hosts AI compute."
      }
    },
    {
      "type": "Feature",
      "id": "935d0514-0d49-43c4-bfbb-9b84f2b643b8",
      "geometry": {
        "type": "Polygon",
        "coordinates": [
          [
            [
              -82.7321853,
              40.1328832
            ],
            [
              -82.7322318,
              40.1328188
            ],
            [
              -82.732128,
              40.132775
            ],
            [
              -82.7320815,
              40.1328395
            ],
            [
              -82.7321853,
              40.1328832
            ]
          ]
        ]
      },
      "properties": {
        "epoch_id": "EPOCH-bdc85fadae79b6b2",
        "site_name": "AWS New Albany",
        "distance_to_site_km": 1.994,
        "footprint_area_m2_webmercator": 141.41,
        "source_dataset": "Overture Maps buildings",
        "source_url": "https://docs.overturemaps.org/getting-data/",
        "source_release": "2026-09-23.1",
        "source_accessed_on": "2026-09-27",
        "geometry_role": "current building-footprint polygon",
        "linkage_semantics": "Overlap/proximity only; not evidence that the building hosts AI compute."
      }
    },
    {
      "type": "Feature",
      "id": "d63b27e5-a67f-4aa7-a1e7-afae0c6917f2",
      "geometry": {
        "type": "Polygon",
        "coordinates": [
          [
            [
              -82.7318344,
              40.1328241
            ],
            [
              -82.7318452,
              40.1329011
            ],
            [
              -82.731938,
              40.1328935
            ],
            [
              -82.7319272,
              40.1328164
            ],
            [
              -82.7318344,
              40.1328241
            ]
          ]
        ]
      },
      "properties": {
        "epoch_id": "EPOCH-bdc85fadae79b6b2",
        "site_name": "AWS New Albany",
        "distance_to_site_km": 2.0045,
        "footprint_area_m2_webmercator": 117.23,
        "source_dataset": "Overture Maps buildings",
        "source_url": "https://docs.overturemaps.org/getting-data/",
        "source_release": "2026-09-23.1",
        "source_accessed_on": "2026-09-27",
        "geometry_role": "current building-footprint polygon",
        "linkage_semantics": "Overlap/proximity only; not evidence that the building hosts AI compute."
      }
    },
    {
      "type": "Feature",
      "id": "7c90cc05-87bb-4e97-8631-7dc3154ddac1",
      "geometry": {
        "type": "Polygon",
        "coordinates": [
          [
            [
              -82.7323501,
              40.1328381
            ],
            [
              -82.7323504,
              40.1328278
            ],
            [
              -82.7324362,
              40.132829
            ],
            [
              -82.7324384,
              40.1327326
            ],
            [
              -82.732248,
              40.1327301
            ],
            [
              -82.7322455,
              40.1328367
            ],
            [
              -82.7323501,
              40.1328381
            ]
          ]
        ]
      },
      "properties": {
        "epoch_id": "EPOCH-bdc85fadae79b6b2",
        "site_name": "AWS New Albany",
        "distance_to_site_km": 1.9842,
        "footprint_area_m2_webmercator": 314.91,
        "source_dataset": "Overture Maps buildings",
        "source_url": "https://docs.overturemaps.org/getting-data/",
        "source_release": "2026-09-23.1",
        "source_accessed_on": "2026-09-27",
        "geometry_role": "current building-footprint polygon",
        "linkage_semantics": "Overlap/proximity only; not evidence that the building hosts AI compute."
      }
    },
    {
      "type": "Feature",
      "id": "45ee578b-7a19-401e-84ae-c73e9378942c",
      "geometry": {
        "type": "Polygon",
        "coordinates": [
          [
            [
              -82.732152,
              40.132728
            ],
            [
              -82.732157,
              40.1326174
            ],
            [
              -82.7320391,
              40.1326144
            ],
            [
              -82.7320342,
              40.132725
            ],
            [
              -82.732152,
              40.132728
            ]
          ]
        ]
      },
      "properties": {
        "epoch_id": "EPOCH-bdc85fadae79b6b2",
        "site_name": "AWS New Albany",
        "distance_to_site_km": 1.979,
        "footprint_area_m2_webmercator": 211.5,
        "source_dataset": "Overture Maps buildings",
        "source_url": "https://docs.overturemaps.org/getting-data/",
        "source_release": "2026-09-23.1",
        "source_accessed_on": "2026-09-27",
        "geometry_role": "current building-footprint polygon",
        "linkage_semantics": "Overlap/proximity only; not evidence that the building hosts AI compute."
      }
    },
    {
      "type": "Feature",
      "id": "82ebf8b5-2f3f-468c-919e-25ffc51d3365",
      "geometry": {
        "type": "Polygon",
        "coordinates": [
          [
            [
              -82.7234292,
              40.1316182
            ],
            [
              -82.7235337,
              40.1316205
            ],
            [
              -82.7235364,
              40.1315509
            ],
            [
              -82.7236221,
              40.1315528
            ],
            [
              -82.7236243,
              40.1314943
            ],
            [
              -82.7235413,
              40.1314924
            ],
            [
              -82.7235437,
              40.131428
            ],
            [
              -82.7234365,
              40.1314256
            ],
            [
              -82.7234347,
              40.1314727
            ],
            [
              -82.7233958,
              40.1314719
            ],
            [
              -82.7233924,
              40.1315609
            ],
            [
              -82.7234313,
              40.1315618
            ],
            [
              -82.7234292,
              40.1316182
            ]
          ]
        ]
      },
      "properties": {
        "epoch_id": "EPOCH-bdc85fadae79b6b2",
        "site_name": "AWS New Albany",
        "distance_to_site_km": 2.2167,
        "footprint_area_m2_webmercator": 467.0,
        "source_dataset": "Overture Maps buildings",
        "source_url": "https://docs.overturemaps.org/getting-data/",
        "source_release": "2026-09-23.1",
        "source_accessed_on": "2026-09-27",
        "geometry_role": "current building-footprint polygon",
        "linkage_semantics": "Overlap/proximity only; not evidence that the building hosts AI compute."
      }
    },
    {
      "type": "Feature",
      "id": "69cbc271-6be4-4d42-bc47-62cf1b30728e",
      "geometry": {
        "type": "Polygon",
        "coordinates": [
          [
            [
              -82.7225164,
              40.1311817
            ],
            [
              -82.7224866,
              40.1309968
            ],
            [
              -82.722373,
              40.1310075
            ],
            [
              -82.7224027,
              40.1311924
            ],
            [
              -82.7225164,
              40.1311817
            ]
          ]
        ]
      },
      "properties": {
        "epoch_id": "EPOCH-bdc85fadae79b6b2",
        "site_name": "AWS New Albany",
        "distance_to_site_km": 2.2364,
        "footprint_area_m2_webmercator": 345.75,
        "source_dataset": "Overture Maps buildings",
        "source_url": "https://docs.overturemaps.org/getting-data/",
        "source_release": "2026-09-23.1",
        "source_accessed_on": "2026-09-27",
        "geometry_role": "current building-footprint polygon",
        "linkage_semantics": "Overlap/proximity only; not evidence that the building hosts AI compute."
      }
    },
    {
      "type": "Feature",
      "id": "fbe16828-b008-4d48-b965-8393fbe4174a",
      "geometry": {
        "type": "Polygon",
        "coordinates": [
          [
            [
              -82.7210048,
              40.1313542
            ],
            [
              -82.7210014,
              40.1314238
            ],
            [
              -82.7210496,
              40.1314252
            ],
            [
              -82.721043,
              40.1315573
            ],
            [
              -82.7211567,
              40.1315607
            ],
            [
              -82.7211668,
              40.1313589
            ],
            [
              -82.7210048,
              40.1313542
            ]
          ]
        ]
      },
      "properties": {
        "epoch_id": "EPOCH-bdc85fadae79b6b2",
        "site_name": "AWS New Albany",
        "distance_to_site_km": 2.3417,
        "footprint_area_m2_webmercator": 426.87,
        "source_dataset": "Overture Maps buildings",
        "source_url": "https://docs.overturemaps.org/getting-data/",
        "source_release": "2026-09-23.1",
        "source_accessed_on": "2026-09-27",
        "geometry_role": "current building-footprint polygon",
        "linkage_semantics": "Overlap/proximity only; not evidence that the building hosts AI compute."
      }
    },
    {
      "type": "Feature",
      "id": "b62da49b-29c5-4468-8908-b84567706895",
      "geometry": {
        "type": "Polygon",
        "coordinates": [
          [
            [
              -82.7211868,
              40.1310567
            ],
            [
              -82.7212887,
              40.1310589
            ],
            [
              -82.7212942,
              40.1309114
            ],
            [
              -82.7211923,
              40.1309092
            ],
            [
              -82.7211868,
              40.1310567
            ]
          ]
        ]
      },
      "properties": {
        "epoch_id": "EPOCH-bdc85fadae79b6b2",
        "site_name": "AWS New Albany",
        "distance_to_site_km": 2.2952,
        "footprint_area_m2_webmercator": 243.8,
        "source_dataset": "Overture Maps buildings",
        "source_url": "https://docs.overturemaps.org/getting-data/",
        "source_release": "2026-09-23.1",
        "source_accessed_on": "2026-09-27",
        "geometry_role": "current building-footprint polygon",
        "linkage_semantics": "Overlap/proximity only; not evidence that the building hosts AI compute."
      }
    },
    {
      "type": "Feature",
      "id": "2120270b-41fa-48ec-adbd-350e9803005b",
      "geometry": {
        "type": "Polygon",
        "coordinates": [
          [
            [
              -82.7213921,
              40.1304019
            ],
            [
              -82.7212717,
              40.1303971
            ],
            [
              -82.7212591,
              40.1305812
            ],
            [
              -82.7213795,
              40.130586
            ],
            [
              -82.7213921,
              40.1304019
            ]
          ]
        ]
      },
      "properties": {
        "epoch_id": "EPOCH-bdc85fadae79b6b2",
        "site_name": "AWS New Albany",
        "distance_to_site_km": 2.2502,
        "footprint_area_m2_webmercator": 360.23,
        "source_dataset": "Overture Maps buildings",
        "source_url": "https://docs.overturemaps.org/getting-data/",
        "source_release": "2026-09-23.1",
        "source_accessed_on": "2026-09-27",
        "geometry_role": "current building-footprint polygon",
        "linkage_semantics": "Overlap/proximity only; not evidence that the building hosts AI compute."
      }
    },
    {
      "type": "Feature",
      "id": "8c6ff0a0-850e-4d59-b38f-4d36269b2680",
      "geometry": {
        "type": "Polygon",
        "coordinates": [
          [
            [
              -82.7225468,
              40.1307275
            ],
            [
              -82.7225656,
              40.1307279
            ],
            [
              -82.7225635,
              40.1307883
            ],
            [
              -82.7226895,
              40.1307908
            ],
            [
              -82.7226915,
              40.1307325
            ],
            [
              -82.7227451,
              40.1307335
            ],
            [
              -82.7227476,
              40.1306597
            ],
            [
              -82.7226993,
              40.1306588
            ],
            [
              -82.7227017,
              40.1305891
            ],
            [
              -82.7225757,
              40.1305866
            ],
            [
              -82.7225738,
              40.130644
            ],
            [
              -82.7225496,
              40.1306435
            ],
            [
              -82.7225468,
              40.1307275
            ]
          ]
        ]
      },
      "properties": {
        "epoch_id": "EPOCH-bdc85fadae79b6b2",
        "site_name": "AWS New Albany",
        "distance_to_site_km": 2.1914,
        "footprint_area_m2_webmercator": 503.17,
        "source_dataset": "Overture Maps buildings",
        "source_url": "https://docs.overturemaps.org/getting-data/",
        "source_release": "2026-09-23.1",
        "source_accessed_on": "2026-09-27",
        "geometry_role": "current building-footprint polygon",
        "linkage_semantics": "Overlap/proximity only; not evidence that the building hosts AI compute."
      }
    },
    {
      "type": "Feature",
      "id": "e9ee4c35-c66f-43a5-9889-907e429ff3b5",
      "geometry": {
        "type": "Polygon",
        "coordinates": [
          [
            [
              -82.7233107,
              40.1305391
            ],
            [
              -82.7231043,
              40.1305344
            ],
            [
              -82.7231004,
              40.1306337
            ],
            [
              -82.7233067,
              40.1306384
            ],
            [
              -82.7233107,
              40.1305391
            ]
          ]
        ]
      },
      "properties": {
        "epoch_id": "EPOCH-bdc85fadae79b6b2",
        "site_name": "AWS New Albany",
        "distance_to_site_km": 2.1514,
        "footprint_area_m2_webmercator": 332.41,
        "source_dataset": "Overture Maps buildings",
        "source_url": "https://docs.overturemaps.org/getting-data/",
        "source_release": "2026-09-23.1",
        "source_accessed_on": "2026-09-27",
        "geometry_role": "current building-footprint polygon",
        "linkage_semantics": "Overlap/proximity only; not evidence that the building hosts AI compute."
      }
    },
    {
      "type": "Feature",
      "id": "2fa716ce-ce2f-46e0-a4e3-10bfff06b0e5",
      "geometry": {
        "type": "Polygon",
        "coordinates": [
          [
            [
              -82.722527,
              40.1303385
            ],
            [
              -82.7225325,
              40.1302289
            ],
            [
              -82.7224307,
              40.130226
            ],
            [
              -82.7224252,
              40.1303356
            ],
            [
              -82.722527,
              40.1303385
            ]
          ]
        ]
      },
      "properties": {
        "epoch_id": "EPOCH-bdc85fadae79b6b2",
        "site_name": "AWS New Albany",
        "distance_to_site_km": 2.1666,
        "footprint_area_m2_webmercator": 181.09,
        "source_dataset": "Overture Maps buildings",
        "source_url": "https://docs.overturemaps.org/getting-data/",
        "source_release": "2026-09-23.1",
        "source_accessed_on": "2026-09-27",
        "geometry_role": "current building-footprint polygon",
        "linkage_semantics": "Overlap/proximity only; not evidence that the building hosts AI compute."
      }
    },
    {
      "type": "Feature",
      "id": "a187f19c-9d23-439c-b241-c5fecaf491cb",
      "geometry": {
        "type": "Polygon",
        "coordinates": [
          [
            [
              -82.7222435,
              40.1301124
            ],
            [
              -82.7222409,
              40.1302764
            ],
            [
              -82.7223482,
              40.1302774
            ],
            [
              -82.7223508,
              40.1301134
            ],
            [
              -82.7222435,
              40.1301124
            ]
          ]
        ]
      },
      "properties": {
        "epoch_id": "EPOCH-bdc85fadae79b6b2",
        "site_name": "AWS New Albany",
        "distance_to_site_km": 2.1698,
        "footprint_area_m2_webmercator": 285.25,
        "source_dataset": "Overture Maps buildings",
        "source_url": "https://docs.overturemaps.org/getting-data/",
        "source_release": "2026-09-23.1",
        "source_accessed_on": "2026-09-27",
        "geometry_role": "current building-footprint polygon",
        "linkage_semantics": "Overlap/proximity only; not evidence that the building hosts AI compute."
      }
    },
    {
      "type": "Feature",
      "id": "6812c1ee-a1db-4c5a-b250-c8484bb36088",
      "geometry": {
        "type": "Polygon",
        "coordinates": [
          [
            [
              -82.7221252,
              40.1296523
            ],
            [
              -82.7222592,
              40.1296558
            ],
            [
              -82.7222625,
              40.12958
            ],
            [
              -82.7221286,
              40.1295765
            ],
            [
              -82.7221252,
              40.1296523
            ]
          ]
        ]
      },
      "properties": {
        "epoch_id": "EPOCH-bdc85fadae79b6b2",
        "site_name": "AWS New Albany",
        "distance_to_site_km": 2.1288,
        "footprint_area_m2_webmercator": 164.75,
        "source_dataset": "Overture Maps buildings",
        "source_url": "https://docs.overturemaps.org/getting-data/",
        "source_release": "2026-09-23.1",
        "source_accessed_on": "2026-09-27",
        "geometry_role": "current building-footprint polygon",
        "linkage_semantics": "Overlap/proximity only; not evidence that the building hosts AI compute."
      }
    },
    {
      "type": "Feature",
      "id": "f9831194-2fb5-44f6-b065-8878adec76af",
      "geometry": {
        "type": "Polygon",
        "coordinates": [
          [
            [
              -82.7228948,
              40.1299097
            ],
            [
              -82.7229632,
              40.1298057
            ],
            [
              -82.7227405,
              40.1297201
            ],
            [
              -82.7226721,
              40.129824
            ],
            [
              -82.7228948,
              40.1299097
            ]
          ]
        ]
      },
      "properties": {
        "epoch_id": "EPOCH-bdc85fadae79b6b2",
        "site_name": "AWS New Albany",
        "distance_to_site_km": 2.1087,
        "footprint_area_m2_webmercator": 470.15,
        "source_dataset": "Overture Maps buildings",
        "source_url": "https://docs.overturemaps.org/getting-data/",
        "source_release": "2026-09-23.1",
        "source_accessed_on": "2026-09-27",
        "geometry_role": "current building-footprint polygon",
        "linkage_semantics": "Overlap/proximity only; not evidence that the building hosts AI compute."
      }
    },
    {
      "type": "Feature",
      "id": "1451dab5-e5ee-49f7-b4d4-4f2a4b3eeb7a",
      "geometry": {
        "type": "Polygon",
        "coordinates": [
          [
            [
              -82.7224061,
              40.1297644
            ],
            [
              -82.7224087,
              40.129704
            ],
            [
              -82.7222319,
              40.1296995
            ],
            [
              -82.7222245,
              40.1298716
            ],
            [
              -82.7223601,
              40.129875
            ],
            [
              -82.7223649,
              40.1297633
            ],
            [
              -82.7224061,
              40.1297644
            ]
          ]
        ]
      },
      "properties": {
        "epoch_id": "EPOCH-bdc85fadae79b6b2",
        "site_name": "AWS New Albany",
        "distance_to_site_km": 2.1357,
        "footprint_area_m2_webmercator": 418.94,
        "source_dataset": "Overture Maps buildings",
        "source_url": "https://docs.overturemaps.org/getting-data/",
        "source_release": "2026-09-23.1",
        "source_accessed_on": "2026-09-27",
        "geometry_role": "current building-footprint polygon",
        "linkage_semantics": "Overlap/proximity only; not evidence that the building hosts AI compute."
      }
    },
    {
      "type": "Feature",
      "id": "c688a5da-0e36-4b3b-a782-a6aea672a90e",
      "geometry": {
        "type": "Polygon",
        "coordinates": [
          [
            [
              -82.7222791,
              40.1288266
            ],
            [
              -82.7223836,
              40.128829
            ],
            [
              -82.7223897,
              40.1286744
            ],
            [
              -82.7222852,
              40.1286719
            ],
            [
              -82.7222791,
              40.1288266
            ]
          ]
        ]
      },
      "properties": {
        "epoch_id": "EPOCH-bdc85fadae79b6b2",
        "site_name": "AWS New Albany",
        "distance_to_site_km": 2.0519,
        "footprint_area_m2_webmercator": 262.17,
        "source_dataset": "Overture Maps buildings",
        "source_url": "https://docs.overturemaps.org/getting-data/",
        "source_release": "2026-09-23.1",
        "source_accessed_on": "2026-09-27",
        "geometry_role": "current building-footprint polygon",
        "linkage_semantics": "Overlap/proximity only; not evidence that the building hosts AI compute."
      }
    },
    {
      "type": "Feature",
      "id": "908e83a2-c02c-4d02-8ce2-8473f835385a",
      "geometry": {
        "type": "Polygon",
        "coordinates": [
          [
            [
              -82.7231729,
              40.1289013
            ],
            [
              -82.7231761,
              40.1288071
            ],
            [
              -82.7230206,
              40.128804
            ],
            [
              -82.7230174,
              40.1288983
            ],
            [
              -82.7231729,
              40.1289013
            ]
          ]
        ]
      },
      "properties": {
        "epoch_id": "EPOCH-bdc85fadae79b6b2",
        "site_name": "AWS New Albany",
        "distance_to_site_km": 2.0144,
        "footprint_area_m2_webmercator": 237.69,
        "source_dataset": "Overture Maps buildings",
        "source_url": "https://docs.overturemaps.org/getting-data/",
        "source_release": "2026-09-23.1",
        "source_accessed_on": "2026-09-27",
        "geometry_role": "current building-footprint polygon",
        "linkage_semantics": "Overlap/proximity only; not evidence that the building hosts AI compute."
      }
    },
    {
      "type": "Feature",
      "id": "3ab2c9eb-9370-4170-8bb6-a28a5d52ded4",
      "geometry": {
        "type": "Polygon",
        "coordinates": [
          [
            [
              -82.7223865,
              40.1291723
            ],
            [
              -82.7223894,
              40.1289857
            ],
            [
              -82.7222671,
              40.1289846
            ],
            [
              -82.7222642,
              40.1291712
            ],
            [
              -82.7223865,
              40.1291723
            ]
          ]
        ]
      },
      "properties": {
        "epoch_id": "EPOCH-bdc85fadae79b6b2",
        "site_name": "AWS New Albany",
        "distance_to_site_km": 2.0781,
        "footprint_area_m2_webmercator": 369.92,
        "source_dataset": "Overture Maps buildings",
        "source_url": "https://docs.overturemaps.org/getting-data/",
        "source_release": "2026-09-23.1",
        "source_accessed_on": "2026-09-27",
        "geometry_role": "current building-footprint polygon",
        "linkage_semantics": "Overlap/proximity only; not evidence that the building hosts AI compute."
      }
    },
    {
      "type": "Feature",
      "id": "49ffdb4d-166e-4bd8-a0f8-191ce64432b3",
      "geometry": {
        "type": "Polygon",
        "coordinates": [
          [
            [
              -82.722412,
              40.128291
            ],
            [
              -82.7224173,
              40.1281948
            ],
            [
              -82.7223183,
              40.1281916
            ],
            [
              -82.722313,
              40.1282878
            ],
            [
              -82.722412,
              40.128291
            ]
          ]
        ]
      },
      "properties": {
        "epoch_id": "EPOCH-bdc85fadae79b6b2",
        "site_name": "AWS New Albany",
        "distance_to_site_km": 2.0107,
        "footprint_area_m2_webmercator": 154.63,
        "source_dataset": "Overture Maps buildings",
        "source_url": "https://docs.overturemaps.org/getting-data/",
        "source_release": "2026-09-23.1",
        "source_accessed_on": "2026-09-27",
        "geometry_role": "current building-footprint polygon",
        "linkage_semantics": "Overlap/proximity only; not evidence that the building hosts AI compute."
      }
    },
    {
      "type": "Feature",
      "id": "dd30e0d7-c0d3-45db-b0e6-2bb47fee4993",
      "geometry": {
        "type": "Polygon",
        "coordinates": [
          [
            [
              -82.7230917,
              40.1272766
            ],
            [
              -82.7230898,
              40.1273607
            ],
            [
              -82.7232748,
              40.1273631
            ],
            [
              -82.7232775,
              40.1272422
            ],
            [
              -82.7234116,
              40.1272439
            ],
            [
              -82.7234128,
              40.1271906
            ],
            [
              -82.723335,
              40.1271896
            ],
            [
              -82.7233365,
              40.127122
            ],
            [
              -82.7231649,
              40.1271197
            ],
            [
              -82.7231614,
              40.1272776
            ],
            [
              -82.7230917,
              40.1272766
            ]
          ]
        ]
      },
      "properties": {
        "epoch_id": "EPOCH-bdc85fadae79b6b2",
        "site_name": "AWS New Albany",
        "distance_to_site_km": 1.8808,
        "footprint_area_m2_webmercator": 724.67,
        "source_dataset": "Overture Maps buildings",
        "source_url": "https://docs.overturemaps.org/getting-data/",
        "source_release": "2026-09-23.1",
        "source_accessed_on": "2026-09-27",
        "geometry_role": "current building-footprint polygon",
        "linkage_semantics": "Overlap/proximity only; not evidence that the building hosts AI compute."
      }
    },
    {
      "type": "Feature",
      "id": "f64f218e-af6e-4231-b4bb-73bd37624390",
      "geometry": {
        "type": "Polygon",
        "coordinates": [
          [
            [
              -82.7227891,
              40.1275209
            ],
            [
              -82.7228795,
              40.1275343
            ],
            [
              -82.7228974,
              40.1274643
            ],
            [
              -82.722807,
              40.1274508
            ],
            [
              -82.7227891,
              40.1275209
            ]
          ]
        ]
      },
      "properties": {
        "epoch_id": "EPOCH-bdc85fadae79b6b2",
        "site_name": "AWS New Albany",
        "distance_to_site_km": 1.9243,
        "footprint_area_m2_webmercator": 106.53,
        "source_dataset": "Overture Maps buildings",
        "source_url": "https://docs.overturemaps.org/getting-data/",
        "source_release": "2026-09-23.1",
        "source_accessed_on": "2026-09-27",
        "geometry_role": "current building-footprint polygon",
        "linkage_semantics": "Overlap/proximity only; not evidence that the building hosts AI compute."
      }
    },
    {
      "type": "Feature",
      "id": "6bff356f-b13d-464b-a8ea-6b009a62aa01",
      "geometry": {
        "type": "Polygon",
        "coordinates": [
          [
            [
              -82.7232847,
              40.1275585
            ],
            [
              -82.7231481,
              40.1275549
            ],
            [
              -82.723135,
              40.1278437
            ],
            [
              -82.7232449,
              40.1278466
            ],
            [
              -82.7232463,
              40.1278159
            ],
            [
              -82.7232731,
              40.1278166
            ],
            [
              -82.7232847,
              40.1275585
            ]
          ]
        ]
      },
      "properties": {
        "epoch_id": "EPOCH-bdc85fadae79b6b2",
        "site_name": "AWS New Albany",
        "distance_to_site_km": 1.9172,
        "footprint_area_m2_webmercator": 627.06,
        "source_dataset": "Overture Maps buildings",
        "source_url": "https://docs.overturemaps.org/getting-data/",
        "source_release": "2026-09-23.1",
        "source_accessed_on": "2026-09-27",
        "geometry_role": "current building-footprint polygon",
        "linkage_semantics": "Overlap/proximity only; not evidence that the building hosts AI compute."
      }
    },
    {
      "type": "Feature",
      "id": "687fe5fc-95ac-4389-8e60-3f7e2235cca8",
      "geometry": {
        "type": "Polygon",
        "coordinates": [
          [
            [
              -82.7404635,
              40.1284827
            ],
            [
              -82.7404559,
              40.1286375
            ],
            [
              -82.7404023,
              40.128636
            ],
            [
              -82.740395,
              40.1287855
            ],
            [
              -82.7405664,
              40.1287904
            ],
            [
              -82.7405797,
              40.1285201
            ],
            [
              -82.7405144,
              40.1285182
            ],
            [
              -82.7405156,
              40.1284945
            ],
            [
              -82.740537,
              40.1284951
            ],
            [
              -82.7405375,
              40.1284849
            ],
            [
              -82.7404635,
              40.1284827
            ]
          ]
        ]
      },
      "properties": {
        "epoch_id": "EPOCH-bdc85fadae79b6b2",
        "site_name": "AWS New Albany",
        "distance_to_site_km": 1.4312,
        "footprint_area_m2_webmercator": 679.63,
        "source_dataset": "Overture Maps buildings",
        "source_url": "https://docs.overturemaps.org/getting-data/",
        "source_release": "2026-09-23.1",
        "source_accessed_on": "2026-09-27",
        "geometry_role": "current building-footprint polygon",
        "linkage_semantics": "Overlap/proximity only; not evidence that the building hosts AI compute."
      }
    },
    {
      "type": "Feature",
      "id": "17d2bb20-1702-4f7d-9f86-7f9211da5aaf",
      "geometry": {
        "type": "Polygon",
        "coordinates": [
          [
            [
              -82.7409133,
              40.1285904
            ],
            [
              -82.7409106,
              40.1286704
            ],
            [
              -82.7410634,
              40.1286734
            ],
            [
              -82.7410623,
              40.1287042
            ],
            [
              -82.7411642,
              40.1287062
            ],
            [
              -82.741168,
              40.1285955
            ],
            [
              -82.7410759,
              40.1285937
            ],
            [
              -82.7410771,
              40.1285589
            ],
            [
              -82.7409708,
              40.1285567
            ],
            [
              -82.7409696,
              40.1285916
            ],
            [
              -82.7409133,
              40.1285904
            ]
          ]
        ]
      },
      "properties": {
        "epoch_id": "EPOCH-bdc85fadae79b6b2",
        "site_name": "AWS New Albany",
        "distance_to_site_km": 1.4318,
        "footprint_area_m2_webmercator": 441.03,
        "source_dataset": "Overture Maps buildings",
        "source_url": "https://docs.overturemaps.org/getting-data/",
        "source_release": "2026-09-23.1",
        "source_accessed_on": "2026-09-27",
        "geometry_role": "current building-footprint polygon",
        "linkage_semantics": "Overlap/proximity only; not evidence that the building hosts AI compute."
      }
    },
    {
      "type": "Feature",
      "id": "8678e9a9-21bf-4257-966c-e26e54bd1cb9",
      "geometry": {
        "type": "Polygon",
        "coordinates": [
          [
            [
              -82.741857,
              40.1278436
            ],
            [
              -82.7416367,
              40.1278262
            ],
            [
              -82.7416239,
              40.1279216
            ],
            [
              -82.7417741,
              40.1279334
            ],
            [
              -82.7417766,
              40.1279152
            ],
            [
              -82.7418466,
              40.1279207
            ],
            [
              -82.741857,
              40.1278436
            ]
          ]
        ]
      },
      "properties": {
        "epoch_id": "EPOCH-bdc85fadae79b6b2",
        "site_name": "AWS New Albany",
        "distance_to_site_km": 1.3554,
        "footprint_area_m2_webmercator": 323.13,
        "source_dataset": "Overture Maps buildings",
        "source_url": "https://docs.overturemaps.org/getting-data/",
        "source_release": "2026-09-23.1",
        "source_accessed_on": "2026-09-27",
        "geometry_role": "current building-footprint polygon",
        "linkage_semantics": "Overlap/proximity only; not evidence that the building hosts AI compute."
      }
    },
    {
      "type": "Feature",
      "id": "baacd246-ee9b-473e-9000-b53310450805",
      "geometry": {
        "type": "Polygon",
        "coordinates": [
          [
            [
              -82.7421394,
              40.1278242
            ],
            [
              -82.7422258,
              40.1278345
            ],
            [
              -82.7422491,
              40.1277203
            ],
            [
              -82.7421627,
              40.12771
            ],
            [
              -82.7421394,
              40.1278242
            ]
          ]
        ]
      },
      "properties": {
        "epoch_id": "EPOCH-bdc85fadae79b6b2",
        "site_name": "AWS New Albany",
        "distance_to_site_km": 1.3495,
        "footprint_area_m2_webmercator": 163.8,
        "source_dataset": "Overture Maps buildings",
        "source_url": "https://docs.overturemaps.org/getting-data/",
        "source_release": "2026-09-23.1",
        "source_accessed_on": "2026-09-27",
        "geometry_role": "current building-footprint polygon",
        "linkage_semantics": "Overlap/proximity only; not evidence that the building hosts AI compute."
      }
    },
    {
      "type": "Feature",
      "id": "8d4611d5-8c9d-45ae-acc7-5a3a2c397694",
      "geometry": {
        "type": "Polygon",
        "coordinates": [
          [
            [
              -82.7423237,
              40.1278924
            ],
            [
              -82.7422169,
              40.1278872
            ],
            [
              -82.7422096,
              40.127974
            ],
            [
              -82.7424553,
              40.1279861
            ],
            [
              -82.7424623,
              40.1279033
            ],
            [
              -82.7424115,
              40.1279008
            ],
            [
              -82.7424159,
              40.1278488
            ],
            [
              -82.7423278,
              40.1278445
            ],
            [
              -82.7423237,
              40.1278924
            ]
          ]
        ]
      },
      "properties": {
        "epoch_id": "EPOCH-bdc85fadae79b6b2",
        "site_name": "AWS New Albany",
        "distance_to_site_km": 1.3685,
        "footprint_area_m2_webmercator": 412.66,
        "source_dataset": "Overture Maps buildings",
        "source_url": "https://docs.overturemaps.org/getting-data/",
        "source_release": "2026-09-23.1",
        "source_accessed_on": "2026-09-27",
        "geometry_role": "current building-footprint polygon",
        "linkage_semantics": "Overlap/proximity only; not evidence that the building hosts AI compute."
      }
    },
    {
      "type": "Feature",
      "id": "57ef0bdc-9aee-40c5-89fa-389cd861764e",
      "geometry": {
        "type": "Polygon",
        "coordinates": [
          [
            [
              -82.7425653,
              40.1278446
            ],
            [
              -82.7425526,
              40.1279327
            ],
            [
              -82.7427232,
              40.1279471
            ],
            [
              -82.7427241,
              40.127941
            ],
            [
              -82.7428062,
              40.127948
            ],
            [
              -82.7428181,
              40.127866
            ],
            [
              -82.7425653,
              40.1278446
            ]
          ]
        ]
      },
      "properties": {
        "epoch_id": "EPOCH-bdc85fadae79b6b2",
        "site_name": "AWS New Albany",
        "distance_to_site_km": 1.3708,
        "footprint_area_m2_webmercator": 357.0,
        "source_dataset": "Overture Maps buildings",
        "source_url": "https://docs.overturemaps.org/getting-data/",
        "source_release": "2026-09-23.1",
        "source_accessed_on": "2026-09-27",
        "geometry_role": "current building-footprint polygon",
        "linkage_semantics": "Overlap/proximity only; not evidence that the building hosts AI compute."
      }
    },
    {
      "type": "Feature",
      "id": "41ee4b9e-050d-4bef-9928-fc8c0bf8d489",
      "geometry": {
        "type": "Polygon",
        "coordinates": [
          [
            [
              -82.743968,
              40.1274009
            ],
            [
              -82.7439962,
              40.127287
            ],
            [
              -82.7438797,
              40.1272701
            ],
            [
              -82.7438515,
              40.127384
            ],
            [
              -82.743968,
              40.1274009
            ]
          ]
        ]
      },
      "properties": {
        "epoch_id": "EPOCH-bdc85fadae79b6b2",
        "site_name": "AWS New Albany",
        "distance_to_site_km": 1.3351,
        "footprint_area_m2_webmercator": 222.78,
        "source_dataset": "Overture Maps buildings",
        "source_url": "https://docs.overturemaps.org/getting-data/",
        "source_release": "2026-09-23.1",
        "source_accessed_on": "2026-09-27",
        "geometry_role": "current building-footprint polygon",
        "linkage_semantics": "Overlap/proximity only; not evidence that the building hosts AI compute."
      }
    },
    {
      "type": "Feature",
      "id": "36f6253d-c23f-4c1c-a6d5-53411c39d377",
      "geometry": {
        "type": "Polygon",
        "coordinates": [
          [
            [
              -82.7433823,
              40.1276954
            ],
            [
              -82.7434911,
              40.1276984
            ],
            [
              -82.7434955,
              40.1276021
            ],
            [
              -82.7433867,
              40.1275992
            ],
            [
              -82.7433823,
              40.1276954
            ]
          ]
        ]
      },
      "properties": {
        "epoch_id": "EPOCH-bdc85fadae79b6b2",
        "site_name": "AWS New Albany",
        "distance_to_site_km": 1.3579,
        "footprint_area_m2_webmercator": 169.93,
        "source_dataset": "Overture Maps buildings",
        "source_url": "https://docs.overturemaps.org/getting-data/",
        "source_release": "2026-09-23.1",
        "source_accessed_on": "2026-09-27",
        "geometry_role": "current building-footprint polygon",
        "linkage_semantics": "Overlap/proximity only; not evidence that the building hosts AI compute."
      }
    },
    {
      "type": "Feature",
      "id": "4df9728f-7f44-4ca2-8085-5b6d8211d1f3",
      "geometry": {
        "type": "Polygon",
        "coordinates": [
          [
            [
              -82.7432714,
              40.1290936
            ],
            [
              -82.7432737,
              40.1290301
            ],
            [
              -82.7431853,
              40.1290282
            ],
            [
              -82.7431794,
              40.129188
            ],
            [
              -82.7433805,
              40.1291923
            ],
            [
              -82.743384,
              40.129096
            ],
            [
              -82.7432714,
              40.1290936
            ]
          ]
        ]
      },
      "properties": {
        "epoch_id": "EPOCH-bdc85fadae79b6b2",
        "site_name": "AWS New Albany",
        "distance_to_site_km": 1.5144,
        "footprint_area_m2_webmercator": 405.13,
        "source_dataset": "Overture Maps buildings",
        "source_url": "https://docs.overturemaps.org/getting-data/",
        "source_release": "2026-09-23.1",
        "source_accessed_on": "2026-09-27",
        "geometry_role": "current building-footprint polygon",
        "linkage_semantics": "Overlap/proximity only; not evidence that the building hosts AI compute."
      }
    },
    {
      "type": "Feature",
      "id": "bc14f5ad-4f83-4dc1-8bc5-c65d004b1478",
      "geometry": {
        "type": "Polygon",
        "coordinates": [
          [
            [
              -82.7418928,
              40.1292425
            ],
            [
              -82.7420643,
              40.1292471
            ],
            [
              -82.742069,
              40.1291435
            ],
            [
              -82.7418975,
              40.129139
            ],
            [
              -82.7418928,
              40.1292425
            ]
          ]
        ]
      },
      "properties": {
        "epoch_id": "EPOCH-bdc85fadae79b6b2",
        "site_name": "AWS New Albany",
        "distance_to_site_km": 1.5029,
        "footprint_area_m2_webmercator": 288.17,
        "source_dataset": "Overture Maps buildings",
        "source_url": "https://docs.overturemaps.org/getting-data/",
        "source_release": "2026-09-23.1",
        "source_accessed_on": "2026-09-27",
        "geometry_role": "current building-footprint polygon",
        "linkage_semantics": "Overlap/proximity only; not evidence that the building hosts AI compute."
      }
    },
    {
      "type": "Feature",
      "id": "042dab2e-0d5d-4585-8128-493268c08493",
      "geometry": {
        "type": "Polygon",
        "coordinates": [
          [
            [
              -82.7426582,
              40.1290423
            ],
            [
              -82.7426591,
              40.1290607
            ],
            [
              -82.7427769,
              40.1290575
            ],
            [
              -82.7427714,
              40.1289407
            ],
            [
              -82.7425196,
              40.1289477
            ],
            [
              -82.7425243,
              40.129046
            ],
            [
              -82.7426582,
              40.1290423
            ]
          ]
        ]
      },
      "properties": {
        "epoch_id": "EPOCH-bdc85fadae79b6b2",
        "site_name": "AWS New Albany",
        "distance_to_site_km": 1.4905,
        "footprint_area_m2_webmercator": 436.96,
        "source_dataset": "Overture Maps buildings",
        "source_url": "https://docs.overturemaps.org/getting-data/",
        "source_release": "2026-09-23.1",
        "source_accessed_on": "2026-09-27",
        "geometry_role": "current building-footprint polygon",
        "linkage_semantics": "Overlap/proximity only; not evidence that the building hosts AI compute."
      }
    },
    {
      "type": "Feature",
      "id": "f0345884-2a96-4180-a07e-493dfacf322f",
      "geometry": {
        "type": "Polygon",
        "coordinates": [
          [
            [
              -82.7416261,
              40.1292995
            ],
            [
              -82.7417413,
              40.129302
            ],
            [
              -82.741744,
              40.1292282
            ],
            [
              -82.7416288,
              40.1292258
            ],
            [
              -82.7416261,
              40.1292995
            ]
          ]
        ]
      },
      "properties": {
        "epoch_id": "EPOCH-bdc85fadae79b6b2",
        "site_name": "AWS New Albany",
        "distance_to_site_km": 1.5074,
        "footprint_area_m2_webmercator": 137.81,
        "source_dataset": "Overture Maps buildings",
        "source_url": "https://docs.overturemaps.org/getting-data/",
        "source_release": "2026-09-23.1",
        "source_accessed_on": "2026-09-27",
        "geometry_role": "current building-footprint polygon",
        "linkage_semantics": "Overlap/proximity only; not evidence that the building hosts AI compute."
      }
    },
    {
      "type": "Feature",
      "id": "3743b11b-52dd-4d42-9cac-c49a1710ac41",
      "geometry": {
        "type": "Polygon",
        "coordinates": [
          [
            [
              -82.740978,
              40.1297047
            ],
            [
              -82.7409901,
              40.1297434
            ],
            [
              -82.7411144,
              40.1297207
            ],
            [
              -82.741071,
              40.1295821
            ],
            [
              -82.7409797,
              40.1295989
            ],
            [
              -82.7409937,
              40.1296435
            ],
            [
              -82.7409201,
              40.1296569
            ],
            [
              -82.7409374,
              40.1297121
            ],
            [
              -82.740978,
              40.1297047
            ]
          ]
        ]
      },
      "properties": {
        "epoch_id": "EPOCH-bdc85fadae79b6b2",
        "site_name": "AWS New Albany",
        "distance_to_site_km": 1.5464,
        "footprint_area_m2_webmercator": 308.21,
        "source_dataset": "Overture Maps buildings",
        "source_url": "https://docs.overturemaps.org/getting-data/",
        "source_release": "2026-09-23.1",
        "source_accessed_on": "2026-09-27",
        "geometry_role": "current building-footprint polygon",
        "linkage_semantics": "Overlap/proximity only; not evidence that the building hosts AI compute."
      }
    },
    {
      "type": "Feature",
      "id": "8854b1e3-b7f5-42e3-95eb-c1f71ed98085",
      "geometry": {
        "type": "Polygon",
        "coordinates": [
          [
            [
              -82.739931,
              40.1299969
            ],
            [
              -82.739948,
              40.1300468
            ],
            [
              -82.7400269,
              40.1300311
            ],
            [
              -82.7400098,
              40.1299812
            ],
            [
              -82.739931,
              40.1299969
            ]
          ]
        ]
      },
      "properties": {
        "epoch_id": "EPOCH-bdc85fadae79b6b2",
        "site_name": "AWS New Albany",
        "distance_to_site_km": 1.5802,
        "footprint_area_m2_webmercator": 68.11,
        "source_dataset": "Overture Maps buildings",
        "source_url": "https://docs.overturemaps.org/getting-data/",
        "source_release": "2026-09-23.1",
        "source_accessed_on": "2026-09-27",
        "geometry_role": "current building-footprint polygon",
        "linkage_semantics": "Overlap/proximity only; not evidence that the building hosts AI compute."
      }
    },
    {
      "type": "Feature",
      "id": "9e3a2519-8341-440f-8747-6b2191cd1b24",
      "geometry": {
        "type": "Polygon",
        "coordinates": [
          [
            [
              -82.7401577,
              40.129961
            ],
            [
              -82.7403708,
              40.1298802
            ],
            [
              -82.740327,
              40.1298127
            ],
            [
              -82.7401139,
              40.1298935
            ],
            [
              -82.7401577,
              40.129961
            ]
          ]
        ]
      },
      "properties": {
        "epoch_id": "EPOCH-bdc85fadae79b6b2",
        "site_name": "AWS New Albany",
        "distance_to_site_km": 1.5667,
        "footprint_area_m2_webmercator": 290.49,
        "source_dataset": "Overture Maps buildings",
        "source_url": "https://docs.overturemaps.org/getting-data/",
        "source_release": "2026-09-23.1",
        "source_accessed_on": "2026-09-27",
        "geometry_role": "current building-footprint polygon",
        "linkage_semantics": "Overlap/proximity only; not evidence that the building hosts AI compute."
      }
    },
    {
      "type": "Feature",
      "id": "1a95d245-13b2-4d2d-a02f-c19cbbc754e2",
      "geometry": {
        "type": "Polygon",
        "coordinates": [
          [
            [
              -82.7431259,
              40.1298726
            ],
            [
              -82.7432786,
              40.1298763
            ],
            [
              -82.7432822,
              40.1297923
            ],
            [
              -82.7431295,
              40.1297886
            ],
            [
              -82.7431259,
              40.1298726
            ]
          ]
        ]
      },
      "properties": {
        "epoch_id": "EPOCH-bdc85fadae79b6b2",
        "site_name": "AWS New Albany",
        "distance_to_site_km": 1.5904,
        "footprint_area_m2_webmercator": 208.11,
        "source_dataset": "Overture Maps buildings",
        "source_url": "https://docs.overturemaps.org/getting-data/",
        "source_release": "2026-09-23.1",
        "source_accessed_on": "2026-09-27",
        "geometry_role": "current building-footprint polygon",
        "linkage_semantics": "Overlap/proximity only; not evidence that the building hosts AI compute."
      }
    },
    {
      "type": "Feature",
      "id": "87b7050d-606d-40e8-8906-c2fa8ba324d3",
      "geometry": {
        "type": "Polygon",
        "coordinates": [
          [
            [
              -82.7423499,
              40.1298178
            ],
            [
              -82.7424383,
              40.1298208
            ],
            [
              -82.7424374,
              40.1298352
            ],
            [
              -82.7426194,
              40.1298415
            ],
            [
              -82.742625,
              40.1297474
            ],
            [
              -82.7423547,
              40.1297379
            ],
            [
              -82.7423499,
              40.1298178
            ]
          ]
        ]
      },
      "properties": {
        "epoch_id": "EPOCH-bdc85fadae79b6b2",
        "site_name": "AWS New Albany",
        "distance_to_site_km": 1.5747,
        "footprint_area_m2_webmercator": 392.83,
        "source_dataset": "Overture Maps buildings",
        "source_url": "https://docs.overturemaps.org/getting-data/",
        "source_release": "2026-09-23.1",
        "source_accessed_on": "2026-09-27",
        "geometry_role": "current building-footprint polygon",
        "linkage_semantics": "Overlap/proximity only; not evidence that the building hosts AI compute."
      }
    },
    {
      "type": "Feature",
      "id": "8f86b242-283d-4f6d-ae48-ee65e72493e9",
      "geometry": {
        "type": "Polygon",
        "coordinates": [
          [
            [
              -82.7423327,
              40.1297328
            ],
            [
              -82.7422469,
              40.1297313
            ],
            [
              -82.7422445,
              40.1298101
            ],
            [
              -82.7423303,
              40.1298117
            ],
            [
              -82.7423327,
              40.1297328
            ]
          ]
        ]
      },
      "properties": {
        "epoch_id": "EPOCH-bdc85fadae79b6b2",
        "site_name": "AWS New Albany",
        "distance_to_site_km": 1.5703,
        "footprint_area_m2_webmercator": 109.71,
        "source_dataset": "Overture Maps buildings",
        "source_url": "https://docs.overturemaps.org/getting-data/",
        "source_release": "2026-09-23.1",
        "source_accessed_on": "2026-09-27",
        "geometry_role": "current building-footprint polygon",
        "linkage_semantics": "Overlap/proximity only; not evidence that the building hosts AI compute."
      }
    },
    {
      "type": "Feature",
      "id": "cbd32526-9949-46eb-bc8b-7b62f5096413",
      "geometry": {
        "type": "Polygon",
        "coordinates": [
          [
            [
              -82.7418216,
              40.1298016
            ],
            [
              -82.7419368,
              40.1298053
            ],
            [
              -82.7419436,
              40.1296793
            ],
            [
              -82.7418312,
              40.1296757
            ],
            [
              -82.7418325,
              40.1296502
            ],
            [
              -82.7417672,
              40.1296482
            ],
            [
              -82.7417664,
              40.1296634
            ],
            [
              -82.7417102,
              40.1296616
            ],
            [
              -82.741704,
              40.1297742
            ],
            [
              -82.7417292,
              40.129775
            ],
            [
              -82.7417263,
              40.1298283
            ],
            [
              -82.74182,
              40.1298312
            ],
            [
              -82.7418216,
              40.1298016
            ]
          ]
        ]
      },
      "properties": {
        "epoch_id": "EPOCH-bdc85fadae79b6b2",
        "site_name": "AWS New Albany",
        "distance_to_site_km": 1.5612,
        "footprint_area_m2_webmercator": 550.47,
        "source_dataset": "Overture Maps buildings",
        "source_url": "https://docs.overturemaps.org/getting-data/",
        "source_release": "2026-09-23.1",
        "source_accessed_on": "2026-09-27",
        "geometry_role": "current building-footprint polygon",
        "linkage_semantics": "Overlap/proximity only; not evidence that the building hosts AI compute."
      }
    },
    {
      "type": "Feature",
      "id": "7fc187bd-8038-428f-8e9b-fea0a9cab542",
      "geometry": {
        "type": "Polygon",
        "coordinates": [
          [
            [
              -82.7443326,
              40.1297307
            ],
            [
              -82.7444264,
              40.1297322
            ],
            [
              -82.7444295,
              40.1296215
            ],
            [
              -82.7443357,
              40.12962
            ],
            [
              -82.7443326,
              40.1297307
            ]
          ]
        ]
      },
      "properties": {
        "epoch_id": "EPOCH-bdc85fadae79b6b2",
        "site_name": "AWS New Albany",
        "distance_to_site_km": 1.5962,
        "footprint_area_m2_webmercator": 168.37,
        "source_dataset": "Overture Maps buildings",
        "source_url": "https://docs.overturemaps.org/getting-data/",
        "source_release": "2026-09-23.1",
        "source_accessed_on": "2026-09-27",
        "geometry_role": "current building-footprint polygon",
        "linkage_semantics": "Overlap/proximity only; not evidence that the building hosts AI compute."
      }
    },
    {
      "type": "Feature",
      "id": "762117ca-ce88-4ed5-bb83-3156273b4afe",
      "geometry": {
        "type": "Polygon",
        "coordinates": [
          [
            [
              -82.7442409,
              40.1296848
            ],
            [
              -82.7443266,
              40.1296872
            ],
            [
              -82.7443289,
              40.129639
            ],
            [
              -82.7442432,
              40.1296366
            ],
            [
              -82.7442409,
              40.1296848
            ]
          ]
        ]
      },
      "properties": {
        "epoch_id": "EPOCH-bdc85fadae79b6b2",
        "site_name": "AWS New Albany",
        "distance_to_site_km": 1.5926,
        "footprint_area_m2_webmercator": 67.04,
        "source_dataset": "Overture Maps buildings",
        "source_url": "https://docs.overturemaps.org/getting-data/",
        "source_release": "2026-09-23.1",
        "source_accessed_on": "2026-09-27",
        "geometry_role": "current building-footprint polygon",
        "linkage_semantics": "Overlap/proximity only; not evidence that the building hosts AI compute."
      }
    },
    {
      "type": "Feature",
      "id": "3cdb94af-d324-47ac-b45b-c0bbd4ec7c98",
      "geometry": {
        "type": "Polygon",
        "coordinates": [
          [
            [
              -82.7442171,
              40.1296956
            ],
            [
              -82.7442159,
              40.129715
            ],
            [
              -82.744134,
              40.1297121
            ],
            [
              -82.7441253,
              40.1298574
            ],
            [
              -82.7442152,
              40.1298606
            ],
            [
              -82.7442172,
              40.1298278
            ],
            [
              -82.7442894,
              40.1298304
            ],
            [
              -82.7442974,
              40.1296984
            ],
            [
              -82.7442171,
              40.1296956
            ]
          ]
        ]
      },
      "properties": {
        "epoch_id": "EPOCH-bdc85fadae79b6b2",
        "site_name": "AWS New Albany",
        "distance_to_site_km": 1.6033,
        "footprint_area_m2_webmercator": 369.63,
        "source_dataset": "Overture Maps buildings",
        "source_url": "https://docs.overturemaps.org/getting-data/",
        "source_release": "2026-09-23.1",
        "source_accessed_on": "2026-09-27",
        "geometry_role": "current building-footprint polygon",
        "linkage_semantics": "Overlap/proximity only; not evidence that the building hosts AI compute."
      }
    },
    {
      "type": "Feature",
      "id": "7d9791cb-8002-4782-9705-6b36f77ed358",
      "geometry": {
        "type": "Polygon",
        "coordinates": [
          [
            [
              -82.7418039,
              40.1303107
            ],
            [
              -82.7419218,
              40.1303136
            ],
            [
              -82.7419267,
              40.1301968
            ],
            [
              -82.7418088,
              40.1301939
            ],
            [
              -82.7418039,
              40.1303107
            ]
          ]
        ]
      },
      "properties": {
        "epoch_id": "EPOCH-bdc85fadae79b6b2",
        "site_name": "AWS New Albany",
        "distance_to_site_km": 1.6185,
        "footprint_area_m2_webmercator": 223.42,
        "source_dataset": "Overture Maps buildings",
        "source_url": "https://docs.overturemaps.org/getting-data/",
        "source_release": "2026-09-23.1",
        "source_accessed_on": "2026-09-27",
        "geometry_role": "current building-footprint polygon",
        "linkage_semantics": "Overlap/proximity only; not evidence that the building hosts AI compute."
      }
    },
    {
      "type": "Feature",
      "id": "502a2363-a02c-4541-b66b-0fdc703ebfea",
      "geometry": {
        "type": "Polygon",
        "coordinates": [
          [
            [
              -82.744289,
              40.1307588
            ],
            [
              -82.7442947,
              40.1306441
            ],
            [
              -82.7440858,
              40.130638
            ],
            [
              -82.7440803,
              40.1307486
            ],
            [
              -82.744166,
              40.1307511
            ],
            [
              -82.7441647,
              40.1307766
            ],
            [
              -82.744221,
              40.1307783
            ],
            [
              -82.744222,
              40.1307568
            ],
            [
              -82.744289,
              40.1307588
            ]
          ]
        ]
      },
      "properties": {
        "epoch_id": "EPOCH-bdc85fadae79b6b2",
        "site_name": "AWS New Albany",
        "distance_to_site_km": 1.7027,
        "footprint_area_m2_webmercator": 402.75,
        "source_dataset": "Overture Maps buildings",
        "source_url": "https://docs.overturemaps.org/getting-data/",
        "source_release": "2026-09-23.1",
        "source_accessed_on": "2026-09-27",
        "geometry_role": "current building-footprint polygon",
        "linkage_semantics": "Overlap/proximity only; not evidence that the building hosts AI compute."
      }
    },
    {
      "type": "Feature",
      "id": "b538c146-712e-476e-9571-1a5180e88722",
      "geometry": {
        "type": "Polygon",
        "coordinates": [
          [
            [
              -82.7432685,
              40.131565
            ],
            [
              -82.743269,
              40.1315937
            ],
            [
              -82.7434192,
              40.1315921
            ],
            [
              -82.7434169,
              40.1314731
            ],
            [
              -82.7431353,
              40.1314763
            ],
            [
              -82.7431371,
              40.1315665
            ],
            [
              -82.7432685,
              40.131565
            ]
          ]
        ]
      },
      "properties": {
        "epoch_id": "EPOCH-bdc85fadae79b6b2",
        "site_name": "AWS New Albany",
        "distance_to_site_km": 1.7769,
        "footprint_area_m2_webmercator": 481.71,
        "source_dataset": "Overture Maps buildings",
        "source_url": "https://docs.overturemaps.org/getting-data/",
        "source_release": "2026-09-23.1",
        "source_accessed_on": "2026-09-27",
        "geometry_role": "current building-footprint polygon",
        "linkage_semantics": "Overlap/proximity only; not evidence that the building hosts AI compute."
      }
    },
    {
      "type": "Feature",
      "id": "7a7a686e-ef7c-45fc-870d-51881acb36f1",
      "geometry": {
        "type": "Polygon",
        "coordinates": [
          [
            [
              -82.7435415,
              40.1313317
            ],
            [
              -82.7436712,
              40.1313358
            ],
            [
              -82.7436762,
              40.1312437
            ],
            [
              -82.7435464,
              40.1312396
            ],
            [
              -82.7435415,
              40.1313317
            ]
          ]
        ]
      },
      "properties": {
        "epoch_id": "EPOCH-bdc85fadae79b6b2",
        "site_name": "AWS New Albany",
        "distance_to_site_km": 1.7558,
        "footprint_area_m2_webmercator": 194.01,
        "source_dataset": "Overture Maps buildings",
        "source_url": "https://docs.overturemaps.org/getting-data/",
        "source_release": "2026-09-23.1",
        "source_accessed_on": "2026-09-27",
        "geometry_role": "current building-footprint polygon",
        "linkage_semantics": "Overlap/proximity only; not evidence that the building hosts AI compute."
      }
    },
    {
      "type": "Feature",
      "id": "9dff7666-c904-46ec-b5b2-ee93739445f4",
      "geometry": {
        "type": "Polygon",
        "coordinates": [
          [
            [
              -82.7411467,
              40.1308149
            ],
            [
              -82.7410729,
              40.1308018
            ],
            [
              -82.7410453,
              40.1308934
            ],
            [
              -82.7411191,
              40.1309064
            ],
            [
              -82.7411467,
              40.1308149
            ]
          ]
        ]
      },
      "properties": {
        "epoch_id": "EPOCH-bdc85fadae79b6b2",
        "site_name": "AWS New Albany",
        "distance_to_site_km": 1.6784,
        "footprint_area_m2_webmercator": 115.34,
        "source_dataset": "Overture Maps buildings",
        "source_url": "https://docs.overturemaps.org/getting-data/",
        "source_release": "2026-09-23.1",
        "source_accessed_on": "2026-09-27",
        "geometry_role": "current building-footprint polygon",
        "linkage_semantics": "Overlap/proximity only; not evidence that the building hosts AI compute."
      }
    },
    {
      "type": "Feature",
      "id": "fa8b26b3-7262-4de6-903e-00534fc9dade",
      "geometry": {
        "type": "Polygon",
        "coordinates": [
          [
            [
              -82.7408966,
              40.1309991
            ],
            [
              -82.7409811,
              40.1310172
            ],
            [
              -82.7410205,
              40.1309096
            ],
            [
              -82.740936,
              40.1308915
            ],
            [
              -82.7408966,
              40.1309991
            ]
          ]
        ]
      },
      "properties": {
        "epoch_id": "EPOCH-bdc85fadae79b6b2",
        "site_name": "AWS New Albany",
        "distance_to_site_km": 1.6886,
        "footprint_area_m2_webmercator": 158.92,
        "source_dataset": "Overture Maps buildings",
        "source_url": "https://docs.overturemaps.org/getting-data/",
        "source_release": "2026-09-23.1",
        "source_accessed_on": "2026-09-27",
        "geometry_role": "current building-footprint polygon",
        "linkage_semantics": "Overlap/proximity only; not evidence that the building hosts AI compute."
      }
    },
    {
      "type": "Feature",
      "id": "2bbde294-e249-448c-bb87-bd7509fa198a",
      "geometry": {
        "type": "Polygon",
        "coordinates": [
          [
            [
              -82.7407777,
              40.1306149
            ],
            [
              -82.7407362,
              40.1306008
            ],
            [
              -82.7407053,
              40.1306538
            ],
            [
              -82.7407926,
              40.1306835
            ],
            [
              -82.7408065,
              40.1306596
            ],
            [
              -82.7409587,
              40.1307114
            ],
            [
              -82.7410126,
              40.130619
            ],
            [
              -82.7408146,
              40.1305516
            ],
            [
              -82.7407777,
              40.1306149
            ]
          ]
        ]
      },
      "properties": {
        "epoch_id": "EPOCH-bdc85fadae79b6b2",
        "site_name": "AWS New Albany",
        "distance_to_site_km": 1.6525,
        "footprint_area_m2_webmercator": 419.36,
        "source_dataset": "Overture Maps buildings",
        "source_url": "https://docs.overturemaps.org/getting-data/",
        "source_release": "2026-09-23.1",
        "source_accessed_on": "2026-09-27",
        "geometry_role": "current building-footprint polygon",
        "linkage_semantics": "Overlap/proximity only; not evidence that the building hosts AI compute."
      }
    },
    {
      "type": "Feature",
      "id": "194c4c02-5bba-4246-82ba-361e522037f8",
      "geometry": {
        "type": "Polygon",
        "coordinates": [
          [
            [
              -82.7395338,
              40.1304314
            ],
            [
              -82.7394805,
              40.1303575
            ],
            [
              -82.7393345,
              40.1304191
            ],
            [
              -82.7393878,
              40.130493
            ],
            [
              -82.7395338,
              40.1304314
            ]
          ]
        ]
      },
      "properties": {
        "epoch_id": "EPOCH-bdc85fadae79b6b2",
        "site_name": "AWS New Albany",
        "distance_to_site_km": 1.6255,
        "footprint_area_m2_webmercator": 228.09,
        "source_dataset": "Overture Maps buildings",
        "source_url": "https://docs.overturemaps.org/getting-data/",
        "source_release": "2026-09-23.1",
        "source_accessed_on": "2026-09-27",
        "geometry_role": "current building-footprint polygon",
        "linkage_semantics": "Overlap/proximity only; not evidence that the building hosts AI compute."
      }
    },
    {
      "type": "Feature",
      "id": "1efcec85-5bb8-4c3d-86b4-ab8dbf901f1a",
      "geometry": {
        "type": "Polygon",
        "coordinates": [
          [
            [
              -82.735666,
              40.1307938
            ],
            [
              -82.7358563,
              40.1307986
            ],
            [
              -82.7358669,
              40.1305507
            ],
            [
              -82.7356767,
              40.130546
            ],
            [
              -82.735666,
              40.1307938
            ]
          ]
        ]
      },
      "properties": {
        "epoch_id": "EPOCH-bdc85fadae79b6b2",
        "site_name": "AWS New Albany",
        "distance_to_site_km": 1.6837,
        "footprint_area_m2_webmercator": 765.07,
        "source_dataset": "Overture Maps buildings",
        "source_url": "https://docs.overturemaps.org/getting-data/",
        "source_release": "2026-09-23.1",
        "source_accessed_on": "2026-09-27",
        "geometry_role": "current building-footprint polygon",
        "linkage_semantics": "Overlap/proximity only; not evidence that the building hosts AI compute."
      }
    },
    {
      "type": "Feature",
      "id": "b20c19ee-0349-469a-8f4d-22649ba3422c",
      "geometry": {
        "type": "Polygon",
        "coordinates": [
          [
            [
              -82.7356445,
              40.1304771
            ],
            [
              -82.7357614,
              40.1304781
            ],
            [
              -82.7357634,
              40.1303408
            ],
            [
              -82.7356466,
              40.1303397
            ],
            [
              -82.7356445,
              40.1304771
            ]
          ]
        ]
      },
      "properties": {
        "epoch_id": "EPOCH-bdc85fadae79b6b2",
        "site_name": "AWS New Albany",
        "distance_to_site_km": 1.656,
        "footprint_area_m2_webmercator": 260.16,
        "source_dataset": "Overture Maps buildings",
        "source_url": "https://docs.overturemaps.org/getting-data/",
        "source_release": "2026-09-23.1",
        "source_accessed_on": "2026-09-27",
        "geometry_role": "current building-footprint polygon",
        "linkage_semantics": "Overlap/proximity only; not evidence that the building hosts AI compute."
      }
    },
    {
      "type": "Feature",
      "id": "d4c10e7c-2e91-4669-8d76-eea37d69d43e",
      "geometry": {
        "type": "Polygon",
        "coordinates": [
          [
            [
              -82.7355763,
              40.1302673
            ],
            [
              -82.7358027,
              40.1302667
            ],
            [
              -82.7358012,
              40.1299734
            ],
            [
              -82.7355748,
              40.1299741
            ],
            [
              -82.7355763,
              40.1302673
            ]
          ]
        ]
      },
      "properties": {
        "epoch_id": "EPOCH-bdc85fadae79b6b2",
        "site_name": "AWS New Albany",
        "distance_to_site_km": 1.6248,
        "footprint_area_m2_webmercator": 1076.07,
        "source_dataset": "Overture Maps buildings",
        "source_url": "https://docs.overturemaps.org/getting-data/",
        "source_release": "2026-09-23.1",
        "source_accessed_on": "2026-09-27",
        "geometry_role": "current building-footprint polygon",
        "linkage_semantics": "Overlap/proximity only; not evidence that the building hosts AI compute."
      }
    },
    {
      "type": "Feature",
      "id": "b567797f-a165-4610-b11a-383203440345",
      "geometry": {
        "type": "Polygon",
        "coordinates": [
          [
            [
              -82.7355454,
              40.1305197
            ],
            [
              -82.7355438,
              40.1304294
            ],
            [
              -82.7353518,
              40.1304315
            ],
            [
              -82.7353549,
              40.1305996
            ],
            [
              -82.7354515,
              40.1305986
            ],
            [
              -82.7354524,
              40.1306507
            ],
            [
              -82.7354915,
              40.1306503
            ],
            [
              -82.7354891,
              40.1305203
            ],
            [
              -82.7355454,
              40.1305197
            ]
          ]
        ]
      },
      "properties": {
        "epoch_id": "EPOCH-bdc85fadae79b6b2",
        "site_name": "AWS New Albany",
        "distance_to_site_km": 1.6721,
        "footprint_area_m2_webmercator": 485.15,
        "source_dataset": "Overture Maps buildings",
        "source_url": "https://docs.overturemaps.org/getting-data/",
        "source_release": "2026-09-23.1",
        "source_accessed_on": "2026-09-27",
        "geometry_role": "current building-footprint polygon",
        "linkage_semantics": "Overlap/proximity only; not evidence that the building hosts AI compute."
      }
    },
    {
      "type": "Feature",
      "id": "d977e07d-8492-485f-ab3a-82469d9294ae",
      "geometry": {
        "type": "Polygon",
        "coordinates": [
          [
            [
              -82.7351346,
              40.1308926
            ],
            [
              -82.7352725,
              40.1308958
            ],
            [
              -82.7352759,
              40.1308098
            ],
            [
              -82.7352223,
              40.1308085
            ],
            [
              -82.7352259,
              40.1307204
            ],
            [
              -82.7351416,
              40.1307185
            ],
            [
              -82.7351346,
              40.1308926
            ]
          ]
        ]
      },
      "properties": {
        "epoch_id": "EPOCH-bdc85fadae79b6b2",
        "site_name": "AWS New Albany",
        "distance_to_site_km": 1.7093,
        "footprint_area_m2_webmercator": 312.85,
        "source_dataset": "Overture Maps buildings",
        "source_url": "https://docs.overturemaps.org/getting-data/",
        "source_release": "2026-09-23.1",
        "source_accessed_on": "2026-09-27",
        "geometry_role": "current building-footprint polygon",
        "linkage_semantics": "Overlap/proximity only; not evidence that the building hosts AI compute."
      }
    },
    {
      "type": "Feature",
      "id": "ea189f48-12d0-4b74-8169-54822f738cd9",
      "geometry": {
        "type": "Polygon",
        "coordinates": [
          [
            [
              -82.7371547,
              40.1315025
            ],
            [
              -82.7373182,
              40.1315252
            ],
            [
              -82.7373414,
              40.131428
            ],
            [
              -82.7370907,
              40.1313931
            ],
            [
              -82.7370745,
              40.1314613
            ],
            [
              -82.7371616,
              40.1314735
            ],
            [
              -82.7371547,
              40.1315025
            ]
          ]
        ]
      },
      "properties": {
        "epoch_id": "EPOCH-bdc85fadae79b6b2",
        "site_name": "AWS New Albany",
        "distance_to_site_km": 1.7513,
        "footprint_area_m2_webmercator": 365.8,
        "source_dataset": "Overture Maps buildings",
        "source_url": "https://docs.overturemaps.org/getting-data/",
        "source_release": "2026-09-23.1",
        "source_accessed_on": "2026-09-27",
        "geometry_role": "current building-footprint polygon",
        "linkage_semantics": "Overlap/proximity only; not evidence that the building hosts AI compute."
      }
    },
    {
      "type": "Feature",
      "id": "cb46a064-fc08-44ee-8c8f-df921625beb7",
      "geometry": {
        "type": "Polygon",
        "coordinates": [
          [
            [
              -82.7372459,
              40.1320725
            ],
            [
              -82.7373961,
              40.132075
            ],
            [
              -82.7374001,
              40.1319308
            ],
            [
              -82.73725,
              40.1319283
            ],
            [
              -82.7372459,
              40.1320725
            ]
          ]
        ]
      },
      "properties": {
        "epoch_id": "EPOCH-bdc85fadae79b6b2",
        "site_name": "AWS New Albany",
        "distance_to_site_km": 1.8105,
        "footprint_area_m2_webmercator": 351.09,
        "source_dataset": "Overture Maps buildings",
        "source_url": "https://docs.overturemaps.org/getting-data/",
        "source_release": "2026-09-23.1",
        "source_accessed_on": "2026-09-27",
        "geometry_role": "current building-footprint polygon",
        "linkage_semantics": "Overlap/proximity only; not evidence that the building hosts AI compute."
      }
    },
    {
      "type": "Feature",
      "id": "bb330653-9862-4eed-83b3-1a7b4e9efd5e",
      "geometry": {
        "type": "Polygon",
        "coordinates": [
          [
            [
              -82.7362545,
              40.1321134
            ],
            [
              -82.736351,
              40.1321154
            ],
            [
              -82.7363573,
              40.1319454
            ],
            [
              -82.7362608,
              40.1319433
            ],
            [
              -82.7362545,
              40.1321134
            ]
          ]
        ]
      },
      "properties": {
        "epoch_id": "EPOCH-bdc85fadae79b6b2",
        "site_name": "AWS New Albany",
        "distance_to_site_km": 1.8246,
        "footprint_area_m2_webmercator": 266.18,
        "source_dataset": "Overture Maps buildings",
        "source_url": "https://docs.overturemaps.org/getting-data/",
        "source_release": "2026-09-23.1",
        "source_accessed_on": "2026-09-27",
        "geometry_role": "current building-footprint polygon",
        "linkage_semantics": "Overlap/proximity only; not evidence that the building hosts AI compute."
      }
    },
    {
      "type": "Feature",
      "id": "f9ffb945-e22e-4757-8817-8c57c1acb30c",
      "geometry": {
        "type": "Polygon",
        "coordinates": [
          [
            [
              -82.7356697,
              40.1321262
            ],
            [
              -82.7356445,
              40.1320083
            ],
            [
              -82.7353493,
              40.1320453
            ],
            [
              -82.7353861,
              40.1322171
            ],
            [
              -82.7354448,
              40.1322097
            ],
            [
              -82.7354615,
              40.1322876
            ],
            [
              -82.735617,
              40.1322681
            ],
            [
              -82.7355887,
              40.1321363
            ],
            [
              -82.7356697,
              40.1321262
            ]
          ]
        ]
      },
      "properties": {
        "epoch_id": "EPOCH-bdc85fadae79b6b2",
        "site_name": "AWS New Albany",
        "distance_to_site_km": 1.8476,
        "footprint_area_m2_webmercator": 972.74,
        "source_dataset": "Overture Maps buildings",
        "source_url": "https://docs.overturemaps.org/getting-data/",
        "source_release": "2026-09-23.1",
        "source_accessed_on": "2026-09-27",
        "geometry_role": "current building-footprint polygon",
        "linkage_semantics": "Overlap/proximity only; not evidence that the building hosts AI compute."
      }
    },
    {
      "type": "Feature",
      "id": "c1fa9e0c-ed59-4c24-b3d4-cfcc227a200e",
      "geometry": {
        "type": "Polygon",
        "coordinates": [
          [
            [
              -82.7347092,
              40.1322724
            ],
            [
              -82.734734,
              40.1324071
            ],
            [
              -82.7348563,
              40.132394
            ],
            [
              -82.7348315,
              40.1322593
            ],
            [
              -82.7347092,
              40.1322724
            ]
          ]
        ]
      },
      "properties": {
        "epoch_id": "EPOCH-bdc85fadae79b6b2",
        "site_name": "AWS New Albany",
        "distance_to_site_km": 1.8815,
        "footprint_area_m2_webmercator": 272.27,
        "source_dataset": "Overture Maps buildings",
        "source_url": "https://docs.overturemaps.org/getting-data/",
        "source_release": "2026-09-23.1",
        "source_accessed_on": "2026-09-27",
        "geometry_role": "current building-footprint polygon",
        "linkage_semantics": "Overlap/proximity only; not evidence that the building hosts AI compute."
      }
    },
    {
      "type": "Feature",
      "id": "72790313-1fb6-4565-a4ee-c0bd6a6fc4d1",
      "geometry": {
        "type": "Polygon",
        "coordinates": [
          [
            [
              -82.736684,
              40.1330035
            ],
            [
              -82.7366862,
              40.1329461
            ],
            [
              -82.7366514,
              40.1329453
            ],
            [
              -82.7366545,
              40.1328634
            ],
            [
              -82.7365446,
              40.1328609
            ],
            [
              -82.7365429,
              40.132906
            ],
            [
              -82.7365188,
              40.1329054
            ],
            [
              -82.7365152,
              40.1329997
            ],
            [
              -82.736684,
              40.1330035
            ]
          ]
        ]
      },
      "properties": {
        "epoch_id": "EPOCH-bdc85fadae79b6b2",
        "site_name": "AWS New Albany",
        "distance_to_site_km": 1.9212,
        "footprint_area_m2_webmercator": 317.67,
        "source_dataset": "Overture Maps buildings",
        "source_url": "https://docs.overturemaps.org/getting-data/",
        "source_release": "2026-09-23.1",
        "source_accessed_on": "2026-09-27",
        "geometry_role": "current building-footprint polygon",
        "linkage_semantics": "Overlap/proximity only; not evidence that the building hosts AI compute."
      }
    },
    {
      "type": "Feature",
      "id": "a4cda9c9-b1cf-4cfe-a2f4-da5b09766acc",
      "geometry": {
        "type": "Polygon",
        "coordinates": [
          [
            [
              -82.7355349,
              40.1323022
            ],
            [
              -82.7355548,
              40.1323814
            ],
            [
              -82.7356272,
              40.1323707
            ],
            [
              -82.7356336,
              40.1323964
            ],
            [
              -82.7357397,
              40.1323809
            ],
            [
              -82.7357134,
              40.132276
            ],
            [
              -82.7355349,
              40.1323022
            ]
          ]
        ]
      },
      "properties": {
        "epoch_id": "EPOCH-bdc85fadae79b6b2",
        "site_name": "AWS New Albany",
        "distance_to_site_km": 1.8675,
        "footprint_area_m2_webmercator": 283.25,
        "source_dataset": "Overture Maps buildings",
        "source_url": "https://docs.overturemaps.org/getting-data/",
        "source_release": "2026-09-23.1",
        "source_accessed_on": "2026-09-27",
        "geometry_role": "current building-footprint polygon",
        "linkage_semantics": "Overlap/proximity only; not evidence that the building hosts AI compute."
      }
    },
    {
      "type": "Feature",
      "id": "ccccc871-506b-409b-88bc-77454c4150f0",
      "geometry": {
        "type": "Polygon",
        "coordinates": [
          [
            [
              -82.7370572,
              40.1326562
            ],
            [
              -82.7371616,
              40.1326592
            ],
            [
              -82.7371736,
              40.1324217
            ],
            [
              -82.7370719,
              40.1324187
            ],
            [
              -82.7370669,
              40.1325178
            ],
            [
              -82.7370213,
              40.1325164
            ],
            [
              -82.7370158,
              40.1326262
            ],
            [
              -82.7370586,
              40.1326275
            ],
            [
              -82.7370572,
              40.1326562
            ]
          ]
        ]
      },
      "properties": {
        "epoch_id": "EPOCH-bdc85fadae79b6b2",
        "site_name": "AWS New Albany",
        "distance_to_site_km": 1.8726,
        "footprint_area_m2_webmercator": 474.61,
        "source_dataset": "Overture Maps buildings",
        "source_url": "https://docs.overturemaps.org/getting-data/",
        "source_release": "2026-09-23.1",
        "source_accessed_on": "2026-09-27",
        "geometry_role": "current building-footprint polygon",
        "linkage_semantics": "Overlap/proximity only; not evidence that the building hosts AI compute."
      }
    },
    {
      "type": "Feature",
      "id": "98043c40-9366-4879-baae-183bb673b519",
      "geometry": {
        "type": "Polygon",
        "coordinates": [
          [
            [
              -82.7372677,
              40.1328785
            ],
            [
              -82.7373373,
              40.1328808
            ],
            [
              -82.7373405,
              40.1328222
            ],
            [
              -82.7372709,
              40.1328199
            ],
            [
              -82.7372677,
              40.1328785
            ]
          ]
        ]
      },
      "properties": {
        "epoch_id": "EPOCH-bdc85fadae79b6b2",
        "site_name": "AWS New Albany",
        "distance_to_site_km": 1.9046,
        "footprint_area_m2_webmercator": 66.23,
        "source_dataset": "Overture Maps buildings",
        "source_url": "https://docs.overturemaps.org/getting-data/",
        "source_release": "2026-09-23.1",
        "source_accessed_on": "2026-09-27",
        "geometry_role": "current building-footprint polygon",
        "linkage_semantics": "Overlap/proximity only; not evidence that the building hosts AI compute."
      }
    },
    {
      "type": "Feature",
      "id": "801132ae-84c1-4d4f-b129-31e228231e77",
      "geometry": {
        "type": "Polygon",
        "coordinates": [
          [
            [
              -82.7421815,
              40.1318055
            ],
            [
              -82.7423588,
              40.1318888
            ],
            [
              -82.7424569,
              40.1317666
            ],
            [
              -82.7423361,
              40.1317099
            ],
            [
              -82.7422584,
              40.1318067
            ],
            [
              -82.7422019,
              40.1317802
            ],
            [
              -82.7421815,
              40.1318055
            ]
          ]
        ]
      },
      "properties": {
        "epoch_id": "EPOCH-bdc85fadae79b6b2",
        "site_name": "AWS New Albany",
        "distance_to_site_km": 1.7942,
        "footprint_area_m2_webmercator": 361.32,
        "source_dataset": "Overture Maps buildings",
        "source_url": "https://docs.overturemaps.org/getting-data/",
        "source_release": "2026-09-23.1",
        "source_accessed_on": "2026-09-27",
        "geometry_role": "current building-footprint polygon",
        "linkage_semantics": "Overlap/proximity only; not evidence that the building hosts AI compute."
      }
    },
    {
      "type": "Feature",
      "id": "35a76a4c-746e-4fd2-8558-93179f78a7a6",
      "geometry": {
        "type": "Polygon",
        "coordinates": [
          [
            [
              -82.7418533,
              40.1317078
            ],
            [
              -82.7420344,
              40.1318163
            ],
            [
              -82.7421581,
              40.1316956
            ],
            [
              -82.741977,
              40.1315871
            ],
            [
              -82.7418533,
              40.1317078
            ]
          ]
        ]
      },
      "properties": {
        "epoch_id": "EPOCH-bdc85fadae79b6b2",
        "site_name": "AWS New Albany",
        "distance_to_site_km": 1.7798,
        "footprint_area_m2_webmercator": 571.82,
        "source_dataset": "Overture Maps buildings",
        "source_url": "https://docs.overturemaps.org/getting-data/",
        "source_release": "2026-09-23.1",
        "source_accessed_on": "2026-09-27",
        "geometry_role": "current building-footprint polygon",
        "linkage_semantics": "Overlap/proximity only; not evidence that the building hosts AI compute."
      }
    },
    {
      "type": "Feature",
      "id": "03102bd3-0fcb-4b49-a052-ae940cb613ba",
      "geometry": {
        "type": "Polygon",
        "coordinates": [
          [
            [
              -82.7492805,
              40.1318881
            ],
            [
              -82.7494677,
              40.1319071
            ],
            [
              -82.7494963,
              40.1317418
            ],
            [
              -82.7493091,
              40.1317229
            ],
            [
              -82.7492805,
              40.1318881
            ]
          ]
        ]
      },
      "properties": {
        "epoch_id": "EPOCH-bdc85fadae79b6b2",
        "site_name": "AWS New Albany",
        "distance_to_site_km": 1.9672,
        "footprint_area_m2_webmercator": 510.17,
        "source_dataset": "Overture Maps buildings",
        "source_url": "https://docs.overturemaps.org/getting-data/",
        "source_release": "2026-09-23.1",
        "source_accessed_on": "2026-09-27",
        "geometry_role": "current building-footprint polygon",
        "linkage_semantics": "Overlap/proximity only; not evidence that the building hosts AI compute."
      }
    },
    {
      "type": "Feature",
      "id": "523c1f79-fc4a-45eb-9cb9-a4d7672231f6",
      "geometry": {
        "type": "Polygon",
        "coordinates": [
          [
            [
              -82.7454757,
              40.1312568
            ],
            [
              -82.7454819,
              40.1311134
            ],
            [
              -82.7453304,
              40.1311095
            ],
            [
              -82.7453255,
              40.1312213
            ],
            [
              -82.7453738,
              40.1312225
            ],
            [
              -82.7453724,
              40.1312541
            ],
            [
              -82.7454757,
              40.1312568
            ]
          ]
        ]
      },
      "properties": {
        "epoch_id": "EPOCH-bdc85fadae79b6b2",
        "site_name": "AWS New Albany",
        "distance_to_site_km": 1.7807,
        "footprint_area_m2_webmercator": 327.8,
        "source_dataset": "Overture Maps buildings",
        "source_url": "https://docs.overturemaps.org/getting-data/",
        "source_release": "2026-09-23.1",
        "source_accessed_on": "2026-09-27",
        "geometry_role": "current building-footprint polygon",
        "linkage_semantics": "Overlap/proximity only; not evidence that the building hosts AI compute."
      }
    },
    {
      "type": "Feature",
      "id": "d91e0e2f-cd29-4323-967f-63d6069d7dc7",
      "geometry": {
        "type": "Polygon",
        "coordinates": [
          [
            [
              -82.7468706,
              40.131307
            ],
            [
              -82.7468778,
              40.1311698
            ],
            [
              -82.7467305,
              40.1311653
            ],
            [
              -82.7467233,
              40.1313025
            ],
            [
              -82.7468706,
              40.131307
            ]
          ]
        ]
      },
      "properties": {
        "epoch_id": "EPOCH-bdc85fadae79b6b2",
        "site_name": "AWS New Albany",
        "distance_to_site_km": 1.8234,
        "footprint_area_m2_webmercator": 328.08,
        "source_dataset": "Overture Maps buildings",
        "source_url": "https://docs.overturemaps.org/getting-data/",
        "source_release": "2026-09-23.1",
        "source_accessed_on": "2026-09-27",
        "geometry_role": "current building-footprint polygon",
        "linkage_semantics": "Overlap/proximity only; not evidence that the building hosts AI compute."
      }
    },
    {
      "type": "Feature",
      "id": "96e53d2e-4f22-4c3e-9e4e-266f86a98c73",
      "geometry": {
        "type": "Polygon",
        "coordinates": [
          [
            [
              -82.7465554,
              40.1311121
            ],
            [
              -82.7467001,
              40.1311153
            ],
            [
              -82.7467041,
              40.1310129
            ],
            [
              -82.7465594,
              40.1310096
            ],
            [
              -82.7465554,
              40.1311121
            ]
          ]
        ]
      },
      "properties": {
        "epoch_id": "EPOCH-bdc85fadae79b6b2",
        "site_name": "AWS New Albany",
        "distance_to_site_km": 1.8003,
        "footprint_area_m2_webmercator": 240.48,
        "source_dataset": "Overture Maps buildings",
        "source_url": "https://docs.overturemaps.org/getting-data/",
        "source_release": "2026-09-23.1",
        "source_accessed_on": "2026-09-27",
        "geometry_role": "current building-footprint polygon",
        "linkage_semantics": "Overlap/proximity only; not evidence that the building hosts AI compute."
      }
    },
    {
      "type": "Feature",
      "id": "98c0ecb8-611f-4c2d-88b4-7698b1834e74",
      "geometry": {
        "type": "Polygon",
        "coordinates": [
          [
            [
              -82.7477206,
              40.130952
            ],
            [
              -82.7479066,
              40.1309573
            ],
            [
              -82.7479112,
              40.1308631
            ],
            [
              -82.7476823,
              40.1308566
            ],
            [
              -82.7476797,
              40.1309098
            ],
            [
              -82.7477226,
              40.130911
            ],
            [
              -82.7477206,
              40.130952
            ]
          ]
        ]
      },
      "properties": {
        "epoch_id": "EPOCH-bdc85fadae79b6b2",
        "site_name": "AWS New Albany",
        "distance_to_site_km": 1.82,
        "footprint_area_m2_webmercator": 321.38,
        "source_dataset": "Overture Maps buildings",
        "source_url": "https://docs.overturemaps.org/getting-data/",
        "source_release": "2026-09-23.1",
        "source_accessed_on": "2026-09-27",
        "geometry_role": "current building-footprint polygon",
        "linkage_semantics": "Overlap/proximity only; not evidence that the building hosts AI compute."
      }
    },
    {
      "type": "Feature",
      "id": "df55e7c7-6a42-4477-b79d-669c47252ca0",
      "geometry": {
        "type": "Polygon",
        "coordinates": [
          [
            [
              -82.746964,
              40.1309343
            ],
            [
              -82.7471864,
              40.1309396
            ],
            [
              -82.7471907,
              40.1308331
            ],
            [
              -82.7470594,
              40.1308299
            ],
            [
              -82.7470605,
              40.1308033
            ],
            [
              -82.7469694,
              40.1308011
            ],
            [
              -82.746964,
              40.1309343
            ]
          ]
        ]
      },
      "properties": {
        "epoch_id": "EPOCH-bdc85fadae79b6b2",
        "site_name": "AWS New Albany",
        "distance_to_site_km": 1.794,
        "footprint_area_m2_webmercator": 423.76,
        "source_dataset": "Overture Maps buildings",
        "source_url": "https://docs.overturemaps.org/getting-data/",
        "source_release": "2026-09-23.1",
        "source_accessed_on": "2026-09-27",
        "geometry_role": "current building-footprint polygon",
        "linkage_semantics": "Overlap/proximity only; not evidence that the building hosts AI compute."
      }
    },
    {
      "type": "Feature",
      "id": "7e9eee6a-589c-41a3-b606-350c5bf954ea",
      "geometry": {
        "type": "Polygon",
        "coordinates": [
          [
            [
              -82.7461693,
              40.1309229
            ],
            [
              -82.7461752,
              40.1308206
            ],
            [
              -82.7460226,
              40.1308154
            ],
            [
              -82.7460251,
              40.1307724
            ],
            [
              -82.745934,
              40.1307694
            ],
            [
              -82.7459257,
              40.1309147
            ],
            [
              -82.7461693,
              40.1309229
            ]
          ]
        ]
      },
      "properties": {
        "epoch_id": "EPOCH-bdc85fadae79b6b2",
        "site_name": "AWS New Albany",
        "distance_to_site_km": 1.7625,
        "footprint_area_m2_webmercator": 468.45,
        "source_dataset": "Overture Maps buildings",
        "source_url": "https://docs.overturemaps.org/getting-data/",
        "source_release": "2026-09-23.1",
        "source_accessed_on": "2026-09-27",
        "geometry_role": "current building-footprint polygon",
        "linkage_semantics": "Overlap/proximity only; not evidence that the building hosts AI compute."
      }
    },
    {
      "type": "Feature",
      "id": "a4d72cf4-bb21-4307-b098-739175a76bd4",
      "geometry": {
        "type": "Polygon",
        "coordinates": [
          [
            [
              -82.7457871,
              40.1312512
            ],
            [
              -82.7457933,
              40.1310832
            ],
            [
              -82.7456406,
              40.1310799
            ],
            [
              -82.7456343,
              40.1312479
            ],
            [
              -82.7457871,
              40.1312512
            ]
          ]
        ]
      },
      "properties": {
        "epoch_id": "EPOCH-bdc85fadae79b6b2",
        "site_name": "AWS New Albany",
        "distance_to_site_km": 1.7867,
        "footprint_area_m2_webmercator": 416.26,
        "source_dataset": "Overture Maps buildings",
        "source_url": "https://docs.overturemaps.org/getting-data/",
        "source_release": "2026-09-23.1",
        "source_accessed_on": "2026-09-27",
        "geometry_role": "current building-footprint polygon",
        "linkage_semantics": "Overlap/proximity only; not evidence that the building hosts AI compute."
      }
    },
    {
      "type": "Feature",
      "id": "d69ec8f0-7f2a-405d-abf6-fee94b033e29",
      "geometry": {
        "type": "Polygon",
        "coordinates": [
          [
            [
              -82.7452301,
              40.1307259
            ],
            [
              -82.7450545,
              40.1307208
            ],
            [
              -82.7450497,
              40.1308161
            ],
            [
              -82.7452253,
              40.1308212
            ],
            [
              -82.7452301,
              40.1307259
            ]
          ]
        ]
      },
      "properties": {
        "epoch_id": "EPOCH-bdc85fadae79b6b2",
        "site_name": "AWS New Albany",
        "distance_to_site_km": 1.7308,
        "footprint_area_m2_webmercator": 271.63,
        "source_dataset": "Overture Maps buildings",
        "source_url": "https://docs.overturemaps.org/getting-data/",
        "source_release": "2026-09-23.1",
        "source_accessed_on": "2026-09-27",
        "geometry_role": "current building-footprint polygon",
        "linkage_semantics": "Overlap/proximity only; not evidence that the building hosts AI compute."
      }
    },
    {
      "type": "Feature",
      "id": "d120a8a5-a11e-43c5-bed9-fb9031060042",
      "geometry": {
        "type": "Polygon",
        "coordinates": [
          [
            [
              -82.7500667,
              40.1310196
            ],
            [
              -82.7502904,
              40.1310238
            ],
            [
              -82.7502935,
              40.1309275
            ],
            [
              -82.7500698,
              40.1309233
            ],
            [
              -82.7500667,
              40.1310196
            ]
          ]
        ]
      },
      "properties": {
        "epoch_id": "EPOCH-bdc85fadae79b6b2",
        "site_name": "AWS New Albany",
        "distance_to_site_km": 1.9139,
        "footprint_area_m2_webmercator": 349.36,
        "source_dataset": "Overture Maps buildings",
        "source_url": "https://docs.overturemaps.org/getting-data/",
        "source_release": "2026-09-23.1",
        "source_accessed_on": "2026-09-27",
        "geometry_role": "current building-footprint polygon",
        "linkage_semantics": "Overlap/proximity only; not evidence that the building hosts AI compute."
      }
    },
    {
      "type": "Feature",
      "id": "1b5c9a44-548a-447a-93fc-cfa91bce1fd1",
      "geometry": {
        "type": "Polygon",
        "coordinates": [
          [
            [
              -82.7508616,
              40.13105
            ],
            [
              -82.7508675,
              40.1309571
            ],
            [
              -82.7506603,
              40.1309495
            ],
            [
              -82.7506544,
              40.1310423
            ],
            [
              -82.7508616,
              40.13105
            ]
          ]
        ]
      },
      "properties": {
        "epoch_id": "EPOCH-bdc85fadae79b6b2",
        "site_name": "AWS New Albany",
        "distance_to_site_km": 1.9403,
        "footprint_area_m2_webmercator": 312.55,
        "source_dataset": "Overture Maps buildings",
        "source_url": "https://docs.overturemaps.org/getting-data/",
        "source_release": "2026-09-23.1",
        "source_accessed_on": "2026-09-27",
        "geometry_role": "current building-footprint polygon",
        "linkage_semantics": "Overlap/proximity only; not evidence that the building hosts AI compute."
      }
    },
    {
      "type": "Feature",
      "id": "54971b24-5b07-46fd-8c51-1718313324f1",
      "geometry": {
        "type": "Polygon",
        "coordinates": [
          [
            [
              -82.7495304,
              40.1309937
            ],
            [
              -82.7497178,
              40.1310004
            ],
            [
              -82.7497244,
              40.1308912
            ],
            [
              -82.7495371,
              40.1308845
            ],
            [
              -82.7495304,
              40.1309937
            ]
          ]
        ]
      },
      "properties": {
        "epoch_id": "EPOCH-bdc85fadae79b6b2",
        "site_name": "AWS New Albany",
        "distance_to_site_km": 1.8891,
        "footprint_area_m2_webmercator": 332.31,
        "source_dataset": "Overture Maps buildings",
        "source_url": "https://docs.overturemaps.org/getting-data/",
        "source_release": "2026-09-23.1",
        "source_accessed_on": "2026-09-27",
        "geometry_role": "current building-footprint polygon",
        "linkage_semantics": "Overlap/proximity only; not evidence that the building hosts AI compute."
      }
    },
    {
      "type": "Feature",
      "id": "87352fd2-5f97-42a6-b03c-fb980ae5b1d9",
      "geometry": {
        "type": "Polygon",
        "coordinates": [
          [
            [
              -82.7484588,
              40.1309585
            ],
            [
              -82.7483784,
              40.1309569
            ],
            [
              -82.7483761,
              40.1310279
            ],
            [
              -82.7486629,
              40.1310334
            ],
            [
              -82.7486661,
              40.130935
            ],
            [
              -82.7484597,
              40.1309311
            ],
            [
              -82.7484588,
              40.1309585
            ]
          ]
        ]
      },
      "properties": {
        "epoch_id": "EPOCH-bdc85fadae79b6b2",
        "site_name": "AWS New Albany",
        "distance_to_site_km": 1.8528,
        "footprint_area_m2_webmercator": 421.83,
        "source_dataset": "Overture Maps buildings",
        "source_url": "https://docs.overturemaps.org/getting-data/",
        "source_release": "2026-09-23.1",
        "source_accessed_on": "2026-09-27",
        "geometry_role": "current building-footprint polygon",
        "linkage_semantics": "Overlap/proximity only; not evidence that the building hosts AI compute."
      }
    },
    {
      "type": "Feature",
      "id": "7c968ca5-3138-4994-82fa-842b7153d6ff",
      "geometry": {
        "type": "Polygon",
        "coordinates": [
          [
            [
              -82.7484183,
              40.1315531
            ],
            [
              -82.7484215,
              40.1314637
            ],
            [
              -82.7483063,
              40.1314613
            ],
            [
              -82.748303,
              40.1315507
            ],
            [
              -82.7484183,
              40.1315531
            ]
          ]
        ]
      },
      "properties": {
        "epoch_id": "EPOCH-bdc85fadae79b6b2",
        "site_name": "AWS New Albany",
        "distance_to_site_km": 1.9002,
        "footprint_area_m2_webmercator": 167.12,
        "source_dataset": "Overture Maps buildings",
        "source_url": "https://docs.overturemaps.org/getting-data/",
        "source_release": "2026-09-23.1",
        "source_accessed_on": "2026-09-27",
        "geometry_role": "current building-footprint polygon",
        "linkage_semantics": "Overlap/proximity only; not evidence that the building hosts AI compute."
      }
    },
    {
      "type": "Feature",
      "id": "9a8c04c8-2be6-447b-b2e7-77980b7e84ea",
      "geometry": {
        "type": "Polygon",
        "coordinates": [
          [
            [
              -82.7535383,
              40.1311
            ],
            [
              -82.7537849,
              40.1311043
            ],
            [
              -82.7537876,
              40.1310161
            ],
            [
              -82.7535409,
              40.1310118
            ],
            [
              -82.7535383,
              40.1311
            ]
          ]
        ]
      },
      "properties": {
        "epoch_id": "EPOCH-bdc85fadae79b6b2",
        "site_name": "AWS New Albany",
        "distance_to_site_km": 2.0781,
        "footprint_area_m2_webmercator": 352.78,
        "source_dataset": "Overture Maps buildings",
        "source_url": "https://docs.overturemaps.org/getting-data/",
        "source_release": "2026-09-23.1",
        "source_accessed_on": "2026-09-27",
        "geometry_role": "current building-footprint polygon",
        "linkage_semantics": "Overlap/proximity only; not evidence that the building hosts AI compute."
      }
    },
    {
      "type": "Feature",
      "id": "5bb0084e-f387-4d96-ae9e-f091bf91bdc3",
      "geometry": {
        "type": "Polygon",
        "coordinates": [
          [
            [
              -82.753754,
              40.1302911
            ],
            [
              -82.7541011,
              40.1303007
            ],
            [
              -82.7541049,
              40.1302208
            ],
            [
              -82.7538933,
              40.130215
            ],
            [
              -82.7538936,
              40.1302088
            ],
            [
              -82.7537581,
              40.1302051
            ],
            [
              -82.753754,
              40.1302911
            ]
          ]
        ]
      },
      "properties": {
        "epoch_id": "EPOCH-bdc85fadae79b6b2",
        "site_name": "AWS New Albany",
        "distance_to_site_km": 2.0194,
        "footprint_area_m2_webmercator": 463.45,
        "source_dataset": "Overture Maps buildings",
        "source_url": "https://docs.overturemaps.org/getting-data/",
        "source_release": "2026-09-23.1",
        "source_accessed_on": "2026-09-27",
        "geometry_role": "current building-footprint polygon",
        "linkage_semantics": "Overlap/proximity only; not evidence that the building hosts AI compute."
      }
    },
    {
      "type": "Feature",
      "id": "b362e5c7-aa49-46f2-aa0d-76a9c063db5e",
      "geometry": {
        "type": "Polygon",
        "coordinates": [
          [
            [
              -82.7547379,
              40.1303272
            ],
            [
              -82.7547392,
              40.1302914
            ],
            [
              -82.7548717,
              40.1302943
            ],
            [
              -82.7548742,
              40.1302256
            ],
            [
              -82.7547831,
              40.1302236
            ],
            [
              -82.7547822,
              40.1302482
            ],
            [
              -82.7544954,
              40.130242
            ],
            [
              -82.7544925,
              40.1303188
            ],
            [
              -82.7545665,
              40.1303204
            ],
            [
              -82.7545658,
              40.1303378
            ],
            [
              -82.7546607,
              40.1303399
            ],
            [
              -82.7546613,
              40.1303256
            ],
            [
              -82.7547379,
              40.1303272
            ]
          ]
        ]
      },
      "properties": {
        "epoch_id": "EPOCH-bdc85fadae79b6b2",
        "site_name": "AWS New Albany",
        "distance_to_site_km": 2.0606,
        "footprint_area_m2_webmercator": 467.62,
        "source_dataset": "Overture Maps buildings",
        "source_url": "https://docs.overturemaps.org/getting-data/",
        "source_release": "2026-09-23.1",
        "source_accessed_on": "2026-09-27",
        "geometry_role": "current building-footprint polygon",
        "linkage_semantics": "Overlap/proximity only; not evidence that the building hosts AI compute."
      }
    },
    {
      "type": "Feature",
      "id": "a34bc3d5-7917-4445-b64e-45fe373a6a67",
      "geometry": {
        "type": "Polygon",
        "coordinates": [
          [
            [
              -82.7551014,
              40.1303376
            ],
            [
              -82.755297,
              40.1303427
            ],
            [
              -82.7553008,
              40.1302567
            ],
            [
              -82.7552204,
              40.1302546
            ],
            [
              -82.7552227,
              40.1302034
            ],
            [
              -82.7551075,
              40.1302004
            ],
            [
              -82.7551014,
              40.1303376
            ]
          ]
        ]
      },
      "properties": {
        "epoch_id": "EPOCH-bdc85fadae79b6b2",
        "site_name": "AWS New Albany",
        "distance_to_site_km": 2.0884,
        "footprint_area_m2_webmercator": 368.64,
        "source_dataset": "Overture Maps buildings",
        "source_url": "https://docs.overturemaps.org/getting-data/",
        "source_release": "2026-09-23.1",
        "source_accessed_on": "2026-09-27",
        "geometry_role": "current building-footprint polygon",
        "linkage_semantics": "Overlap/proximity only; not evidence that the building hosts AI compute."
      }
    },
    {
      "type": "Feature",
      "id": "4f6eadaf-4166-4fcb-997e-68668ac3053a",
      "geometry": {
        "type": "Polygon",
        "coordinates": [
          [
            [
              -82.7553325,
              40.1303419
            ],
            [
              -82.755429,
              40.1303434
            ],
            [
              -82.7554309,
              40.1302717
            ],
            [
              -82.7553344,
              40.1302702
            ],
            [
              -82.7553325,
              40.1303419
            ]
          ]
        ]
      },
      "properties": {
        "epoch_id": "EPOCH-bdc85fadae79b6b2",
        "site_name": "AWS New Albany",
        "distance_to_site_km": 2.1011,
        "footprint_area_m2_webmercator": 112.19,
        "source_dataset": "Overture Maps buildings",
        "source_url": "https://docs.overturemaps.org/getting-data/",
        "source_release": "2026-09-23.1",
        "source_accessed_on": "2026-09-27",
        "geometry_role": "current building-footprint polygon",
        "linkage_semantics": "Overlap/proximity only; not evidence that the building hosts AI compute."
      }
    },
    {
      "type": "Feature",
      "id": "4d046ac2-2499-4337-b3fb-f03b8ae21ac5",
      "geometry": {
        "type": "Polygon",
        "coordinates": [
          [
            [
              -82.7561754,
              40.1302687
            ],
            [
              -82.7558764,
              40.1302617
            ],
            [
              -82.7558719,
              40.1303755
            ],
            [
              -82.7560381,
              40.1303794
            ],
            [
              -82.7560394,
              40.1303466
            ],
            [
              -82.7561722,
              40.1303497
            ],
            [
              -82.7561754,
              40.1302687
            ]
          ]
        ]
      },
      "properties": {
        "epoch_id": "EPOCH-bdc85fadae79b6b2",
        "site_name": "AWS New Albany",
        "distance_to_site_km": 2.1366,
        "footprint_area_m2_webmercator": 481.36,
        "source_dataset": "Overture Maps buildings",
        "source_url": "https://docs.overturemaps.org/getting-data/",
        "source_release": "2026-09-23.1",
        "source_accessed_on": "2026-09-27",
        "geometry_role": "current building-footprint polygon",
        "linkage_semantics": "Overlap/proximity only; not evidence that the building hosts AI compute."
      }
    },
    {
      "type": "Feature",
      "id": "b769de53-e3ed-4120-9e35-1eb571694624",
      "geometry": {
        "type": "Polygon",
        "coordinates": [
          [
            [
              -82.7565582,
              40.13031
            ],
            [
              -82.7565628,
              40.1301718
            ],
            [
              -82.7564422,
              40.1301694
            ],
            [
              -82.7564376,
              40.1303076
            ],
            [
              -82.7565582,
              40.13031
            ]
          ]
        ]
      },
      "properties": {
        "epoch_id": "EPOCH-bdc85fadae79b6b2",
        "site_name": "AWS New Albany",
        "distance_to_site_km": 2.1578,
        "footprint_area_m2_webmercator": 270.31,
        "source_dataset": "Overture Maps buildings",
        "source_url": "https://docs.overturemaps.org/getting-data/",
        "source_release": "2026-09-23.1",
        "source_accessed_on": "2026-09-27",
        "geometry_role": "current building-footprint polygon",
        "linkage_semantics": "Overlap/proximity only; not evidence that the building hosts AI compute."
      }
    },
    {
      "type": "Feature",
      "id": "c01f746c-9a44-4b6e-894f-b546d90c16b6",
      "geometry": {
        "type": "Polygon",
        "coordinates": [
          [
            [
              -82.7563354,
              40.1302831
            ],
            [
              -82.7563424,
              40.130145
            ],
            [
              -82.7562476,
              40.1301422
            ],
            [
              -82.7562406,
              40.1302803
            ],
            [
              -82.7563354,
              40.1302831
            ]
          ]
        ]
      },
      "properties": {
        "epoch_id": "EPOCH-bdc85fadae79b6b2",
        "site_name": "AWS New Albany",
        "distance_to_site_km": 2.1437,
        "footprint_area_m2_webmercator": 212.51,
        "source_dataset": "Overture Maps buildings",
        "source_url": "https://docs.overturemaps.org/getting-data/",
        "source_release": "2026-09-23.1",
        "source_accessed_on": "2026-09-27",
        "geometry_role": "current building-footprint polygon",
        "linkage_semantics": "Overlap/proximity only; not evidence that the building hosts AI compute."
      }
    },
    {
      "type": "Feature",
      "id": "b1a7ef93-9789-4968-9ad6-4aa00c033d4c",
      "geometry": {
        "type": "Polygon",
        "coordinates": [
          [
            [
              -82.756649,
              40.1303019
            ],
            [
              -82.756649,
              40.1303819
            ],
            [
              -82.756936,
              40.1303819
            ],
            [
              -82.756936,
              40.1303019
            ],
            [
              -82.756649,
              40.1303019
            ]
          ]
        ]
      },
      "properties": {
        "epoch_id": "EPOCH-bdc85fadae79b6b2",
        "site_name": "AWS New Albany",
        "distance_to_site_km": 2.1829,
        "footprint_area_m2_webmercator": 372.13,
        "source_dataset": "Overture Maps buildings",
        "source_url": "https://docs.overturemaps.org/getting-data/",
        "source_release": "2026-09-23.1",
        "source_accessed_on": "2026-09-27",
        "geometry_role": "current building-footprint polygon",
        "linkage_semantics": "Overlap/proximity only; not evidence that the building hosts AI compute."
      }
    },
    {
      "type": "Feature",
      "id": "f9fa23d6-8b79-4669-8963-0d69ba3398dc",
      "geometry": {
        "type": "Polygon",
        "coordinates": [
          [
            [
              -82.7543368,
              40.1311619
            ],
            [
              -82.7543375,
              40.1311312
            ],
            [
              -82.7543804,
              40.1311317
            ],
            [
              -82.7543821,
              40.1310538
            ],
            [
              -82.7541381,
              40.1310507
            ],
            [
              -82.7541364,
              40.1311266
            ],
            [
              -82.7542625,
              40.1311282
            ],
            [
              -82.7542617,
              40.131161
            ],
            [
              -82.7543368,
              40.1311619
            ]
          ]
        ]
      },
      "properties": {
        "epoch_id": "EPOCH-bdc85fadae79b6b2",
        "site_name": "AWS New Albany",
        "distance_to_site_km": 2.1116,
        "footprint_area_m2_webmercator": 341.57,
        "source_dataset": "Overture Maps buildings",
        "source_url": "https://docs.overturemaps.org/getting-data/",
        "source_release": "2026-09-23.1",
        "source_accessed_on": "2026-09-27",
        "geometry_role": "current building-footprint polygon",
        "linkage_semantics": "Overlap/proximity only; not evidence that the building hosts AI compute."
      }
    },
    {
      "type": "Feature",
      "id": "14e00c60-b6a0-49ff-82ff-4e34386d6cb5",
      "geometry": {
        "type": "Polygon",
        "coordinates": [
          [
            [
              -82.7541531,
              40.1314502
            ],
            [
              -82.754158,
              40.1313077
            ],
            [
              -82.754024,
              40.131305
            ],
            [
              -82.7540191,
              40.1314475
            ],
            [
              -82.7541531,
              40.1314502
            ]
          ]
        ]
      },
      "properties": {
        "epoch_id": "EPOCH-bdc85fadae79b6b2",
        "site_name": "AWS New Albany",
        "distance_to_site_km": 2.128,
        "footprint_area_m2_webmercator": 309.7,
        "source_dataset": "Overture Maps buildings",
        "source_url": "https://docs.overturemaps.org/getting-data/",
        "source_release": "2026-09-23.1",
        "source_accessed_on": "2026-09-27",
        "geometry_role": "current building-footprint polygon",
        "linkage_semantics": "Overlap/proximity only; not evidence that the building hosts AI compute."
      }
    },
    {
      "type": "Feature",
      "id": "482930d0-9f21-419a-9552-4005df9b5d45",
      "geometry": {
        "type": "Polygon",
        "coordinates": [
          [
            [
              -82.7549952,
              40.1315758
            ],
            [
              -82.7550005,
              40.1314878
            ],
            [
              -82.7549056,
              40.1314845
            ],
            [
              -82.7549003,
              40.1315725
            ],
            [
              -82.7549952,
              40.1315758
            ]
          ]
        ]
      },
      "properties": {
        "epoch_id": "EPOCH-bdc85fadae79b6b2",
        "site_name": "AWS New Albany",
        "distance_to_site_km": 2.185,
        "footprint_area_m2_webmercator": 135.64,
        "source_dataset": "Overture Maps buildings",
        "source_url": "https://docs.overturemaps.org/getting-data/",
        "source_release": "2026-09-23.1",
        "source_accessed_on": "2026-09-27",
        "geometry_role": "current building-footprint polygon",
        "linkage_semantics": "Overlap/proximity only; not evidence that the building hosts AI compute."
      }
    },
    {
      "type": "Feature",
      "id": "0cdf875e-2b03-4360-a780-326b4a7b6dba",
      "geometry": {
        "type": "Polygon",
        "coordinates": [
          [
            [
              -82.7551192,
              40.131492
            ],
            [
              -82.7553458,
              40.1314972
            ],
            [
              -82.7553494,
              40.131405
            ],
            [
              -82.7551351,
              40.1314001
            ],
            [
              -82.7551365,
              40.1313642
            ],
            [
              -82.7550519,
              40.1313622
            ],
            [
              -82.7550478,
              40.1314667
            ],
            [
              -82.7551202,
              40.1314684
            ],
            [
              -82.7551192,
              40.131492
            ]
          ]
        ]
      },
      "properties": {
        "epoch_id": "EPOCH-bdc85fadae79b6b2",
        "site_name": "AWS New Albany",
        "distance_to_site_km": 2.1894,
        "footprint_area_m2_webmercator": 468.62,
        "source_dataset": "Overture Maps buildings",
        "source_url": "https://docs.overturemaps.org/getting-data/",
        "source_release": "2026-09-23.1",
        "source_accessed_on": "2026-09-27",
        "geometry_role": "current building-footprint polygon",
        "linkage_semantics": "Overlap/proximity only; not evidence that the building hosts AI compute."
      }
    },
    {
      "type": "Feature",
      "id": "09bf9b3a-0be0-4ab4-9988-38b346897cad",
      "geometry": {
        "type": "Polygon",
        "coordinates": [
          [
            [
              -82.7546659,
              40.1321662
            ],
            [
              -82.7545494,
              40.1321629
            ],
            [
              -82.7545451,
              40.1322499
            ],
            [
              -82.7546616,
              40.1322533
            ],
            [
              -82.7546659,
              40.1321662
            ]
          ]
        ]
      },
      "properties": {
        "epoch_id": "EPOCH-bdc85fadae79b6b2",
        "site_name": "AWS New Albany",
        "distance_to_site_km": 2.2288,
        "footprint_area_m2_webmercator": 164.6,
        "source_dataset": "Overture Maps buildings",
        "source_url": "https://docs.overturemaps.org/getting-data/",
        "source_release": "2026-09-23.1",
        "source_accessed_on": "2026-09-27",
        "geometry_role": "current building-footprint polygon",
        "linkage_semantics": "Overlap/proximity only; not evidence that the building hosts AI compute."
      }
    },
    {
      "type": "Feature",
      "id": "5119fe37-d933-4f57-aa6f-8a36f95ebc38",
      "geometry": {
        "type": "Polygon",
        "coordinates": [
          [
            [
              -82.7589079,
              40.1302977
            ],
            [
              -82.7589064,
              40.1303482
            ],
            [
              -82.7587724,
              40.1303458
            ],
            [
              -82.7587697,
              40.1304348
            ],
            [
              -82.7590432,
              40.1304396
            ],
            [
              -82.7590459,
              40.1303494
            ],
            [
              -82.7589482,
              40.1303477
            ],
            [
              -82.7589497,
              40.1302985
            ],
            [
              -82.7589079,
              40.1302977
            ]
          ]
        ]
      },
      "properties": {
        "epoch_id": "EPOCH-bdc85fadae79b6b2",
        "site_name": "AWS New Albany",
        "distance_to_site_km": 2.3112,
        "footprint_area_m2_webmercator": 430.7,
        "source_dataset": "Overture Maps buildings",
        "source_url": "https://docs.overturemaps.org/getting-data/",
        "source_release": "2026-09-23.1",
        "source_accessed_on": "2026-09-27",
        "geometry_role": "current building-footprint polygon",
        "linkage_semantics": "Overlap/proximity only; not evidence that the building hosts AI compute."
      }
    },
    {
      "type": "Feature",
      "id": "064225d9-b3be-4f8e-99e1-e64cae658399",
      "geometry": {
        "type": "Polygon",
        "coordinates": [
          [
            [
              -82.7597186,
              40.13039
            ],
            [
              -82.7595137,
              40.1303865
            ],
            [
              -82.7595107,
              40.1304882
            ],
            [
              -82.7597156,
              40.1304918
            ],
            [
              -82.7597186,
              40.13039
            ]
          ]
        ]
      },
      "properties": {
        "epoch_id": "EPOCH-bdc85fadae79b6b2",
        "site_name": "AWS New Albany",
        "distance_to_site_km": 2.3583,
        "footprint_area_m2_webmercator": 338.08,
        "source_dataset": "Overture Maps buildings",
        "source_url": "https://docs.overturemaps.org/getting-data/",
        "source_release": "2026-09-23.1",
        "source_accessed_on": "2026-09-27",
        "geometry_role": "current building-footprint polygon",
        "linkage_semantics": "Overlap/proximity only; not evidence that the building hosts AI compute."
      }
    },
    {
      "type": "Feature",
      "id": "a44fef7c-cbb4-4c05-9ad5-5e51d2d0f702",
      "geometry": {
        "type": "Polygon",
        "coordinates": [
          [
            [
              -82.7586928,
              40.1301576
            ],
            [
              -82.7586044,
              40.1301548
            ],
            [
              -82.7585995,
              40.1302428
            ],
            [
              -82.7586879,
              40.1302457
            ],
            [
              -82.7586928,
              40.1301576
            ]
          ]
        ]
      },
      "properties": {
        "epoch_id": "EPOCH-bdc85fadae79b6b2",
        "site_name": "AWS New Albany",
        "distance_to_site_km": 2.2807,
        "footprint_area_m2_webmercator": 126.38,
        "source_dataset": "Overture Maps buildings",
        "source_url": "https://docs.overturemaps.org/getting-data/",
        "source_release": "2026-09-23.1",
        "source_accessed_on": "2026-09-27",
        "geometry_role": "current building-footprint polygon",
        "linkage_semantics": "Overlap/proximity only; not evidence that the building hosts AI compute."
      }
    },
    {
      "type": "Feature",
      "id": "dfd169a5-9b64-43e3-bdce-e15693eeb48d",
      "geometry": {
        "type": "Polygon",
        "coordinates": [
          [
            [
              -82.7580924,
              40.1304227
            ],
            [
              -82.7581969,
              40.1304258
            ],
            [
              -82.758196,
              40.1304422
            ],
            [
              -82.7582791,
              40.1304446
            ],
            [
              -82.7582844,
              40.1303381
            ],
            [
              -82.7580969,
              40.1303326
            ],
            [
              -82.7580924,
              40.1304227
            ]
          ]
        ]
      },
      "properties": {
        "epoch_id": "EPOCH-bdc85fadae79b6b2",
        "site_name": "AWS New Albany",
        "distance_to_site_km": 2.268,
        "footprint_area_m2_webmercator": 296.38,
        "source_dataset": "Overture Maps buildings",
        "source_url": "https://docs.overturemaps.org/getting-data/",
        "source_release": "2026-09-23.1",
        "source_accessed_on": "2026-09-27",
        "geometry_role": "current building-footprint polygon",
        "linkage_semantics": "Overlap/proximity only; not evidence that the building hosts AI compute."
      }
    },
    {
      "type": "Feature",
      "id": "12b3b1dc-b7b9-49db-bfd4-a88879b4408a",
      "geometry": {
        "type": "Polygon",
        "coordinates": [
          [
            [
              -82.7575006,
              40.1302851
            ],
            [
              -82.7573596,
              40.1302832
            ],
            [
              -82.7573568,
              40.1304012
            ],
            [
              -82.7574345,
              40.1304023
            ],
            [
              -82.7574348,
              40.130392
            ],
            [
              -82.7575784,
              40.1303941
            ],
            [
              -82.7575821,
              40.1302423
            ],
            [
              -82.7575016,
              40.1302412
            ],
            [
              -82.7575006,
              40.1302851
            ]
          ]
        ]
      },
      "properties": {
        "epoch_id": "EPOCH-bdc85fadae79b6b2",
        "site_name": "AWS New Albany",
        "distance_to_site_km": 2.2215,
        "footprint_area_m2_webmercator": 457.17,
        "source_dataset": "Overture Maps buildings",
        "source_url": "https://docs.overturemaps.org/getting-data/",
        "source_release": "2026-09-23.1",
        "source_accessed_on": "2026-09-27",
        "geometry_role": "current building-footprint polygon",
        "linkage_semantics": "Overlap/proximity only; not evidence that the building hosts AI compute."
      }
    },
    {
      "type": "Feature",
      "id": "d050b67f-baaf-41ec-9063-8fe10cb199d0",
      "geometry": {
        "type": "Polygon",
        "coordinates": [
          [
            [
              -82.7577602,
              40.1300003
            ],
            [
              -82.7575929,
              40.1299973
            ],
            [
              -82.7575888,
              40.1301338
            ],
            [
              -82.7577561,
              40.1301368
            ],
            [
              -82.7577602,
              40.1300003
            ]
          ]
        ]
      },
      "properties": {
        "epoch_id": "EPOCH-bdc85fadae79b6b2",
        "site_name": "AWS New Albany",
        "distance_to_site_km": 2.212,
        "footprint_area_m2_webmercator": 370.32,
        "source_dataset": "Overture Maps buildings",
        "source_url": "https://docs.overturemaps.org/getting-data/",
        "source_release": "2026-09-23.1",
        "source_accessed_on": "2026-09-27",
        "geometry_role": "current building-footprint polygon",
        "linkage_semantics": "Overlap/proximity only; not evidence that the building hosts AI compute."
      }
    },
    {
      "type": "Feature",
      "id": "0abf6fcb-0711-4d59-a0a0-7ee80cd82e7e",
      "geometry": {
        "type": "Polygon",
        "coordinates": [
          [
            [
              -82.7581724,
              40.1299805
            ],
            [
              -82.7583465,
              40.129986
            ],
            [
              -82.7583537,
              40.1298509
            ],
            [
              -82.7581797,
              40.1298454
            ],
            [
              -82.7581724,
              40.1299805
            ]
          ]
        ]
      },
      "properties": {
        "epoch_id": "EPOCH-bdc85fadae79b6b2",
        "site_name": "AWS New Albany",
        "distance_to_site_km": 2.2353,
        "footprint_area_m2_webmercator": 381.75,
        "source_dataset": "Overture Maps buildings",
        "source_url": "https://docs.overturemaps.org/getting-data/",
        "source_release": "2026-09-23.1",
        "source_accessed_on": "2026-09-27",
        "geometry_role": "current building-footprint polygon",
        "linkage_semantics": "Overlap/proximity only; not evidence that the building hosts AI compute."
      }
    },
    {
      "type": "Feature",
      "id": "a20b0d29-438a-4028-b4d4-f67c4878dc21",
      "geometry": {
        "type": "Polygon",
        "coordinates": [
          [
            [
              -82.7511135,
              40.1271154
            ],
            [
              -82.7509045,
              40.1271104
            ],
            [
              -82.7508909,
              40.1274411
            ],
            [
              -82.7510999,
              40.1274461
            ],
            [
              -82.7511135,
              40.1271154
            ]
          ]
        ]
      },
      "properties": {
        "epoch_id": "EPOCH-bdc85fadae79b6b2",
        "site_name": "AWS New Albany",
        "distance_to_site_km": 1.6055,
        "footprint_area_m2_webmercator": 1121.26,
        "source_dataset": "Overture Maps buildings",
        "source_url": "https://docs.overturemaps.org/getting-data/",
        "source_release": "2026-09-23.1",
        "source_accessed_on": "2026-09-27",
        "geometry_role": "current building-footprint polygon",
        "linkage_semantics": "Overlap/proximity only; not evidence that the building hosts AI compute."
      }
    },
    {
      "type": "Feature",
      "id": "8aae7114-babb-40a8-bfa7-089612b6e1b5",
      "geometry": {
        "type": "Polygon",
        "coordinates": [
          [
            [
              -82.7526308,
              40.1284902
            ],
            [
              -82.7526331,
              40.1285259
            ],
            [
              -82.7524619,
              40.1285324
            ],
            [
              -82.752468,
              40.1286265
            ],
            [
              -82.7527258,
              40.1286167
            ],
            [
              -82.7527162,
              40.1284685
            ],
            [
              -82.7525627,
              40.1284743
            ],
            [
              -82.7525639,
              40.1284928
            ],
            [
              -82.7526308,
              40.1284902
            ]
          ]
        ]
      },
      "properties": {
        "epoch_id": "EPOCH-bdc85fadae79b6b2",
        "site_name": "AWS New Albany",
        "distance_to_site_km": 1.8015,
        "footprint_area_m2_webmercator": 490.33,
        "source_dataset": "Overture Maps buildings",
        "source_url": "https://docs.overturemaps.org/getting-data/",
        "source_release": "2026-09-23.1",
        "source_accessed_on": "2026-09-27",
        "geometry_role": "current building-footprint polygon",
        "linkage_semantics": "Overlap/proximity only; not evidence that the building hosts AI compute."
      }
    },
    {
      "type": "Feature",
      "id": "8899c62a-279e-46ad-a270-47d6fe6f0b86",
      "geometry": {
        "type": "Polygon",
        "coordinates": [
          [
            [
              -82.7555879,
              40.1295035
            ],
            [
              -82.7554807,
              40.1295057
            ],
            [
              -82.7554837,
              40.1295918
            ],
            [
              -82.7555909,
              40.1295896
            ],
            [
              -82.7555879,
              40.1295035
            ]
          ]
        ]
      },
      "properties": {
        "epoch_id": "EPOCH-bdc85fadae79b6b2",
        "site_name": "AWS New Albany",
        "distance_to_site_km": 2.0458,
        "footprint_area_m2_webmercator": 149.7,
        "source_dataset": "Overture Maps buildings",
        "source_url": "https://docs.overturemaps.org/getting-data/",
        "source_release": "2026-09-23.1",
        "source_accessed_on": "2026-09-27",
        "geometry_role": "current building-footprint polygon",
        "linkage_semantics": "Overlap/proximity only; not evidence that the building hosts AI compute."
      }
    },
    {
      "type": "Feature",
      "id": "1fcf0a53-bcfa-4c78-a20b-04f056234338",
      "geometry": {
        "type": "Polygon",
        "coordinates": [
          [
            [
              -82.7563331,
              40.1298265
            ],
            [
              -82.7563384,
              40.1296913
            ],
            [
              -82.7562216,
              40.1296886
            ],
            [
              -82.7562163,
              40.1298239
            ],
            [
              -82.7563331,
              40.1298265
            ]
          ]
        ]
      },
      "properties": {
        "epoch_id": "EPOCH-bdc85fadae79b6b2",
        "site_name": "AWS New Albany",
        "distance_to_site_km": 2.1053,
        "footprint_area_m2_webmercator": 256.26,
        "source_dataset": "Overture Maps buildings",
        "source_url": "https://docs.overturemaps.org/getting-data/",
        "source_release": "2026-09-23.1",
        "source_accessed_on": "2026-09-27",
        "geometry_role": "current building-footprint polygon",
        "linkage_semantics": "Overlap/proximity only; not evidence that the building hosts AI compute."
      }
    },
    {
      "type": "Feature",
      "id": "d668098e-bc98-4e0b-84b4-b80e4f698abe",
      "geometry": {
        "type": "Polygon",
        "coordinates": [
          [
            [
              -82.752803,
              40.1299843
            ],
            [
              -82.7529138,
              40.1299888
            ],
            [
              -82.7529227,
              40.129862
            ],
            [
              -82.752812,
              40.1298575
            ],
            [
              -82.752803,
              40.1299843
            ]
          ]
        ]
      },
      "properties": {
        "epoch_id": "EPOCH-bdc85fadae79b6b2",
        "site_name": "AWS New Albany",
        "distance_to_site_km": 1.9359,
        "footprint_area_m2_webmercator": 228.26,
        "source_dataset": "Overture Maps buildings",
        "source_url": "https://docs.overturemaps.org/getting-data/",
        "source_release": "2026-09-23.1",
        "source_accessed_on": "2026-09-27",
        "geometry_role": "current building-footprint polygon",
        "linkage_semantics": "Overlap/proximity only; not evidence that the building hosts AI compute."
      }
    },
    {
      "type": "Feature",
      "id": "92ede4b6-cb1a-4496-8ce7-7288ae0cdee1",
      "geometry": {
        "type": "Polygon",
        "coordinates": [
          [
            [
              -82.7533516,
              40.1297748
            ],
            [
              -82.7531142,
              40.1297388
            ],
            [
              -82.7531001,
              40.1297932
            ],
            [
              -82.7529839,
              40.1297756
            ],
            [
              -82.7529668,
              40.1298416
            ],
            [
              -82.7530546,
              40.1298549
            ],
            [
              -82.7530602,
              40.1298332
            ],
            [
              -82.7531764,
              40.1298508
            ],
            [
              -82.7531789,
              40.1298409
            ],
            [
              -82.7532496,
              40.1298516
            ],
            [
              -82.7532422,
              40.1298803
            ],
            [
              -82.7533212,
              40.1298923
            ],
            [
              -82.7533516,
              40.1297748
            ]
          ]
        ]
      },
      "properties": {
        "epoch_id": "EPOCH-bdc85fadae79b6b2",
        "site_name": "AWS New Albany",
        "distance_to_site_km": 1.9418,
        "footprint_area_m2_webmercator": 526.72,
        "source_dataset": "Overture Maps buildings",
        "source_url": "https://docs.overturemaps.org/getting-data/",
        "source_release": "2026-09-23.1",
        "source_accessed_on": "2026-09-27",
        "geometry_role": "current building-footprint polygon",
        "linkage_semantics": "Overlap/proximity only; not evidence that the building hosts AI compute."
      }
    },
    {
      "type": "Feature",
      "id": "c9c04670-04f6-44b3-bc2d-7cd24c981ea9",
      "geometry": {
        "type": "Polygon",
        "coordinates": [
          [
            [
              -82.7516023,
              40.1298958
            ],
            [
              -82.7517148,
              40.1298994
            ],
            [
              -82.7517158,
              40.129881
            ],
            [
              -82.7517827,
              40.1298831
            ],
            [
              -82.7517874,
              40.1297971
            ],
            [
              -82.751608,
              40.1297914
            ],
            [
              -82.7516023,
              40.1298958
            ]
          ]
        ]
      },
      "properties": {
        "epoch_id": "EPOCH-bdc85fadae79b6b2",
        "site_name": "AWS New Albany",
        "distance_to_site_km": 1.8719,
        "footprint_area_m2_webmercator": 284.13,
        "source_dataset": "Overture Maps buildings",
        "source_url": "https://docs.overturemaps.org/getting-data/",
        "source_release": "2026-09-23.1",
        "source_accessed_on": "2026-09-27",
        "geometry_role": "current building-footprint polygon",
        "linkage_semantics": "Overlap/proximity only; not evidence that the building hosts AI compute."
      }
    },
    {
      "type": "Feature",
      "id": "3d361691-467c-44c7-870a-362b5e90ce6f",
      "geometry": {
        "type": "Polygon",
        "coordinates": [
          [
            [
              -82.7513765,
              40.1299305
            ],
            [
              -82.751414,
              40.1299292
            ],
            [
              -82.7514105,
              40.1298731
            ],
            [
              -82.751373,
              40.1298744
            ],
            [
              -82.7513765,
              40.1299305
            ]
          ]
        ]
      },
      "properties": {
        "epoch_id": "EPOCH-bdc85fadae79b6b2",
        "site_name": "AWS New Albany",
        "distance_to_site_km": 1.8635,
        "footprint_area_m2_webmercator": 34.17,
        "source_dataset": "Overture Maps buildings",
        "source_url": "https://docs.overturemaps.org/getting-data/",
        "source_release": "2026-09-23.1",
        "source_accessed_on": "2026-09-27",
        "geometry_role": "current building-footprint polygon",
        "linkage_semantics": "Overlap/proximity only; not evidence that the building hosts AI compute."
      }
    },
    {
      "type": "Feature",
      "id": "0516339b-1f92-4aef-afdd-20336c7cf63e",
      "geometry": {
        "type": "Polygon",
        "coordinates": [
          [
            [
              -82.7521462,
              40.1292266
            ],
            [
              -82.7521433,
              40.1293147
            ],
            [
              -82.7524087,
              40.1293198
            ],
            [
              -82.7524115,
              40.1292316
            ],
            [
              -82.7521462,
              40.1292266
            ]
          ]
        ]
      },
      "properties": {
        "epoch_id": "EPOCH-bdc85fadae79b6b2",
        "site_name": "AWS New Albany",
        "distance_to_site_km": 1.8482,
        "footprint_area_m2_webmercator": 379.33,
        "source_dataset": "Overture Maps buildings",
        "source_url": "https://docs.overturemaps.org/getting-data/",
        "source_release": "2026-09-23.1",
        "source_accessed_on": "2026-09-27",
        "geometry_role": "current building-footprint polygon",
        "linkage_semantics": "Overlap/proximity only; not evidence that the building hosts AI compute."
      }
    },
    {
      "type": "Feature",
      "id": "d66015bf-0940-4715-a301-f9d2c5a4118a",
      "geometry": {
        "type": "Polygon",
        "coordinates": [
          [
            [
              -82.7522736,
              40.1286911
            ],
            [
              -82.7522772,
              40.1287669
            ],
            [
              -82.7523736,
              40.1287642
            ],
            [
              -82.75237,
              40.1286884
            ],
            [
              -82.7522736,
              40.1286911
            ]
          ]
        ]
      },
      "properties": {
        "epoch_id": "EPOCH-bdc85fadae79b6b2",
        "site_name": "AWS New Albany",
        "distance_to_site_km": 1.8017,
        "footprint_area_m2_webmercator": 118.59,
        "source_dataset": "Overture Maps buildings",
        "source_url": "https://docs.overturemaps.org/getting-data/",
        "source_release": "2026-09-23.1",
        "source_accessed_on": "2026-09-27",
        "geometry_role": "current building-footprint polygon",
        "linkage_semantics": "Overlap/proximity only; not evidence that the building hosts AI compute."
      }
    },
    {
      "type": "Feature",
      "id": "6baad5be-734e-4f4f-b843-644755c1b11d",
      "geometry": {
        "type": "Polygon",
        "coordinates": [
          [
            [
              -82.7505211,
              40.128903
            ],
            [
              -82.7506166,
              40.1289051
            ],
            [
              -82.7506222,
              40.1287563
            ],
            [
              -82.7505267,
              40.1287542
            ],
            [
              -82.7505211,
              40.128903
            ]
          ]
        ]
      },
      "properties": {
        "epoch_id": "EPOCH-bdc85fadae79b6b2",
        "site_name": "AWS New Albany",
        "distance_to_site_km": 1.7255,
        "footprint_area_m2_webmercator": 230.5,
        "source_dataset": "Overture Maps buildings",
        "source_url": "https://docs.overturemaps.org/getting-data/",
        "source_release": "2026-09-23.1",
        "source_accessed_on": "2026-09-27",
        "geometry_role": "current building-footprint polygon",
        "linkage_semantics": "Overlap/proximity only; not evidence that the building hosts AI compute."
      }
    },
    {
      "type": "Feature",
      "id": "5225ca7d-d1f7-4761-83bf-842e5fdbef57",
      "geometry": {
        "type": "Polygon",
        "coordinates": [
          [
            [
              -82.7493876,
              40.1291141
            ],
            [
              -82.7496102,
              40.1291176
            ],
            [
              -82.7496133,
              40.1289987
            ],
            [
              -82.7493908,
              40.1289952
            ],
            [
              -82.7493876,
              40.1291141
            ]
          ]
        ]
      },
      "properties": {
        "epoch_id": "EPOCH-bdc85fadae79b6b2",
        "site_name": "AWS New Albany",
        "distance_to_site_km": 1.6995,
        "footprint_area_m2_webmercator": 429.04,
        "source_dataset": "Overture Maps buildings",
        "source_url": "https://docs.overturemaps.org/getting-data/",
        "source_release": "2026-09-23.1",
        "source_accessed_on": "2026-09-27",
        "geometry_role": "current building-footprint polygon",
        "linkage_semantics": "Overlap/proximity only; not evidence that the building hosts AI compute."
      }
    },
    {
      "type": "Feature",
      "id": "43a5019b-e737-4bd9-b141-7528dcd687f8",
      "geometry": {
        "type": "Polygon",
        "coordinates": [
          [
            [
              -82.750379,
              40.1299271
            ],
            [
              -82.7503799,
              40.1299058
            ],
            [
              -82.7504228,
              40.1299069
            ],
            [
              -82.7504273,
              40.1298086
            ],
            [
              -82.7501958,
              40.1298025
            ],
            [
              -82.7501914,
              40.1298987
            ],
            [
              -82.7503334,
              40.1299025
            ],
            [
              -82.7503323,
              40.1299259
            ],
            [
              -82.750379,
              40.1299271
            ]
          ]
        ]
      },
      "properties": {
        "epoch_id": "EPOCH-bdc85fadae79b6b2",
        "site_name": "AWS New Albany",
        "distance_to_site_km": 1.8111,
        "footprint_area_m2_webmercator": 380.66,
        "source_dataset": "Overture Maps buildings",
        "source_url": "https://docs.overturemaps.org/getting-data/",
        "source_release": "2026-09-23.1",
        "source_accessed_on": "2026-09-27",
        "geometry_role": "current building-footprint polygon",
        "linkage_semantics": "Overlap/proximity only; not evidence that the building hosts AI compute."
      }
    },
    {
      "type": "Feature",
      "id": "f07c6b0d-c24b-45c2-be38-cdc852f4ccdd",
      "geometry": {
        "type": "Polygon",
        "coordinates": [
          [
            [
              -82.7507906,
              40.1299851
            ],
            [
              -82.7509809,
              40.1299885
            ],
            [
              -82.7509844,
              40.1298758
            ],
            [
              -82.7507512,
              40.1298716
            ],
            [
              -82.7507495,
              40.1299249
            ],
            [
              -82.7507013,
              40.129924
            ],
            [
              -82.750698,
              40.1300306
            ],
            [
              -82.7507892,
              40.1300323
            ],
            [
              -82.7507906,
              40.1299851
            ]
          ]
        ]
      },
      "properties": {
        "epoch_id": "EPOCH-bdc85fadae79b6b2",
        "site_name": "AWS New Albany",
        "distance_to_site_km": 1.8422,
        "footprint_area_m2_webmercator": 542.52,
        "source_dataset": "Overture Maps buildings",
        "source_url": "https://docs.overturemaps.org/getting-data/",
        "source_release": "2026-09-23.1",
        "source_accessed_on": "2026-09-27",
        "geometry_role": "current building-footprint polygon",
        "linkage_semantics": "Overlap/proximity only; not evidence that the building hosts AI compute."
      }
    },
    {
      "type": "Feature",
      "id": "0936ec29-b935-4e78-aa60-19767ec0757c",
      "geometry": {
        "type": "Polygon",
        "coordinates": [
          [
            [
              -82.7496816,
              40.1301205
            ],
            [
              -82.7496847,
              40.1300385
            ],
            [
              -82.7494285,
              40.1300329
            ],
            [
              -82.7494254,
              40.1301149
            ],
            [
              -82.7496816,
              40.1301205
            ]
          ]
        ]
      },
      "properties": {
        "epoch_id": "EPOCH-bdc85fadae79b6b2",
        "site_name": "AWS New Albany",
        "distance_to_site_km": 1.8009,
        "footprint_area_m2_webmercator": 340.78,
        "source_dataset": "Overture Maps buildings",
        "source_url": "https://docs.overturemaps.org/getting-data/",
        "source_release": "2026-09-23.1",
        "source_accessed_on": "2026-09-27",
        "geometry_role": "current building-footprint polygon",
        "linkage_semantics": "Overlap/proximity only; not evidence that the building hosts AI compute."
      }
    },
    {
      "type": "Feature",
      "id": "285f4321-9a5a-40b3-8622-e97c7c45727b",
      "geometry": {
        "type": "Polygon",
        "coordinates": [
          [
            [
              -82.748972,
              40.1299308
            ],
            [
              -82.7487185,
              40.1299248
            ],
            [
              -82.748715,
              40.1300108
            ],
            [
              -82.7489685,
              40.1300169
            ],
            [
              -82.748972,
              40.1299308
            ]
          ]
        ]
      },
      "properties": {
        "epoch_id": "EPOCH-bdc85fadae79b6b2",
        "site_name": "AWS New Albany",
        "distance_to_site_km": 1.7626,
        "footprint_area_m2_webmercator": 353.89,
        "source_dataset": "Overture Maps buildings",
        "source_url": "https://docs.overturemaps.org/getting-data/",
        "source_release": "2026-09-23.1",
        "source_accessed_on": "2026-09-27",
        "geometry_role": "current building-footprint polygon",
        "linkage_semantics": "Overlap/proximity only; not evidence that the building hosts AI compute."
      }
    },
    {
      "type": "Feature",
      "id": "9a8f2652-28d2-4109-9538-9c90b72fe23f",
      "geometry": {
        "type": "Polygon",
        "coordinates": [
          [
            [
              -82.7506021,
              40.1285504
            ],
            [
              -82.750513,
              40.1285462
            ],
            [
              -82.7505078,
              40.1286108
            ],
            [
              -82.750597,
              40.128615
            ],
            [
              -82.7506021,
              40.1285504
            ]
          ]
        ]
      },
      "properties": {
        "epoch_id": "EPOCH-bdc85fadae79b6b2",
        "site_name": "AWS New Albany",
        "distance_to_site_km": 1.7015,
        "footprint_area_m2_webmercator": 93.69,
        "source_dataset": "Overture Maps buildings",
        "source_url": "https://docs.overturemaps.org/getting-data/",
        "source_release": "2026-09-23.1",
        "source_accessed_on": "2026-09-27",
        "geometry_role": "current building-footprint polygon",
        "linkage_semantics": "Overlap/proximity only; not evidence that the building hosts AI compute."
      }
    },
    {
      "type": "Feature",
      "id": "368cbfba-3351-48c1-9a34-a49735c3e5a4",
      "geometry": {
        "type": "Polygon",
        "coordinates": [
          [
            [
              -82.7457285,
              40.1276055
            ],
            [
              -82.7457691,
              40.1276581
            ],
            [
              -82.7458474,
              40.1276227
            ],
            [
              -82.7458068,
              40.1275702
            ],
            [
              -82.7457285,
              40.1276055
            ]
          ]
        ]
      },
      "properties": {
        "epoch_id": "EPOCH-bdc85fadae79b6b2",
        "site_name": "AWS New Albany",
        "distance_to_site_km": 1.4164,
        "footprint_area_m2_webmercator": 89.95,
        "source_dataset": "Overture Maps buildings",
        "source_url": "https://docs.overturemaps.org/getting-data/",
        "source_release": "2026-09-23.1",
        "source_accessed_on": "2026-09-27",
        "geometry_role": "current building-footprint polygon",
        "linkage_semantics": "Overlap/proximity only; not evidence that the building hosts AI compute."
      }
    },
    {
      "type": "Feature",
      "id": "f6ddec15-4a6c-40c7-8d27-bf1ca372fb34",
      "geometry": {
        "type": "Polygon",
        "coordinates": [
          [
            [
              -82.7456458,
              40.1275502
            ],
            [
              -82.7455956,
              40.1274538
            ],
            [
              -82.7454729,
              40.1274912
            ],
            [
              -82.7455176,
              40.127577
            ],
            [
              -82.7455578,
              40.1275647
            ],
            [
              -82.7455477,
              40.1275452
            ],
            [
              -82.7456,
              40.1275293
            ],
            [
              -82.7456157,
              40.1275594
            ],
            [
              -82.7456458,
              40.1275502
            ]
          ]
        ]
      },
      "properties": {
        "epoch_id": "EPOCH-bdc85fadae79b6b2",
        "site_name": "AWS New Albany",
        "distance_to_site_km": 1.3987,
        "footprint_area_m2_webmercator": 184.52,
        "source_dataset": "Overture Maps buildings",
        "source_url": "https://docs.overturemaps.org/getting-data/",
        "source_release": "2026-09-23.1",
        "source_accessed_on": "2026-09-27",
        "geometry_role": "current building-footprint polygon",
        "linkage_semantics": "Overlap/proximity only; not evidence that the building hosts AI compute."
      }
    },
    {
      "type": "Feature",
      "id": "7e3de5dd-041c-4f37-839a-fdc3ab164d85",
      "geometry": {
        "type": "Polygon",
        "coordinates": [
          [
            [
              -82.7459482,
              40.1274139
            ],
            [
              -82.7460269,
              40.127377
            ],
            [
              -82.7459666,
              40.1273019
            ],
            [
              -82.7458879,
              40.1273388
            ],
            [
              -82.7459482,
              40.1274139
            ]
          ]
        ]
      },
      "properties": {
        "epoch_id": "EPOCH-bdc85fadae79b6b2",
        "site_name": "AWS New Albany",
        "distance_to_site_km": 1.3956,
        "footprint_area_m2_webmercator": 131.85,
        "source_dataset": "Overture Maps buildings",
        "source_url": "https://docs.overturemaps.org/getting-data/",
        "source_release": "2026-09-23.1",
        "source_accessed_on": "2026-09-27",
        "geometry_role": "current building-footprint polygon",
        "linkage_semantics": "Overlap/proximity only; not evidence that the building hosts AI compute."
      }
    },
    {
      "type": "Feature",
      "id": "bd05aae1-cee7-47f8-b436-6d60ab59f44d",
      "geometry": {
        "type": "Polygon",
        "coordinates": [
          [
            [
              -82.7448686,
              40.1271615
            ],
            [
              -82.744973,
              40.127123
            ],
            [
              -82.74493,
              40.1270548
            ],
            [
              -82.7448256,
              40.1270933
            ],
            [
              -82.7448686,
              40.1271615
            ]
          ]
        ]
      },
      "properties": {
        "epoch_id": "EPOCH-bdc85fadae79b6b2",
        "site_name": "AWS New Albany",
        "distance_to_site_km": 1.3368,
        "footprint_area_m2_webmercator": 142.22,
        "source_dataset": "Overture Maps buildings",
        "source_url": "https://docs.overturemaps.org/getting-data/",
        "source_release": "2026-09-23.1",
        "source_accessed_on": "2026-09-27",
        "geometry_role": "current building-footprint polygon",
        "linkage_semantics": "Overlap/proximity only; not evidence that the building hosts AI compute."
      }
    },
    {
      "type": "Feature",
      "id": "5cd2a153-1d62-4f9c-8ad3-405f03194d06",
      "geometry": {
        "type": "Polygon",
        "coordinates": [
          [
            [
              -82.7459704,
              40.1272785
            ],
            [
              -82.7460665,
              40.1272434
            ],
            [
              -82.7460035,
              40.1271425
            ],
            [
              -82.7459074,
              40.1271776
            ],
            [
              -82.7459704,
              40.1272785
            ]
          ]
        ]
      },
      "properties": {
        "epoch_id": "EPOCH-bdc85fadae79b6b2",
        "site_name": "AWS New Albany",
        "distance_to_site_km": 1.3815,
        "footprint_area_m2_webmercator": 192.99,
        "source_dataset": "Overture Maps buildings",
        "source_url": "https://docs.overturemaps.org/getting-data/",
        "source_release": "2026-09-23.1",
        "source_accessed_on": "2026-09-27",
        "geometry_role": "current building-footprint polygon",
        "linkage_semantics": "Overlap/proximity only; not evidence that the building hosts AI compute."
      }
    },
    {
      "type": "Feature",
      "id": "d7007fe2-d66c-4954-a79c-b53ad1c7cc2d",
      "geometry": {
        "type": "Polygon",
        "coordinates": [
          [
            [
              -82.7464862,
              40.1269997
            ],
            [
              -82.7463565,
              40.1270578
            ],
            [
              -82.7464085,
              40.1271256
            ],
            [
              -82.7464452,
              40.1271092
            ],
            [
              -82.7465037,
              40.1271855
            ],
            [
              -82.7465967,
              40.1271438
            ],
            [
              -82.7464862,
              40.1269997
            ]
          ]
        ]
      },
      "properties": {
        "epoch_id": "EPOCH-bdc85fadae79b6b2",
        "site_name": "AWS New Albany",
        "distance_to_site_km": 1.3867,
        "footprint_area_m2_webmercator": 346.05,
        "source_dataset": "Overture Maps buildings",
        "source_url": "https://docs.overturemaps.org/getting-data/",
        "source_release": "2026-09-23.1",
        "source_accessed_on": "2026-09-27",
        "geometry_role": "current building-footprint polygon",
        "linkage_semantics": "Overlap/proximity only; not evidence that the building hosts AI compute."
      }
    },
    {
      "type": "Feature",
      "id": "b1454cd3-1b62-4c4f-be4b-dde1f3920aee",
      "geometry": {
        "type": "Polygon",
        "coordinates": [
          [
            [
              -82.7508727,
              40.1267225
            ],
            [
              -82.750811,
              40.1267087
            ],
            [
              -82.7507983,
              40.1267419
            ],
            [
              -82.75086,
              40.1267557
            ],
            [
              -82.7508727,
              40.1267225
            ]
          ]
        ]
      },
      "properties": {
        "epoch_id": "EPOCH-bdc85fadae79b6b2",
        "site_name": "AWS New Albany",
        "distance_to_site_km": 1.5488,
        "footprint_area_m2_webmercator": 36.04,
        "source_dataset": "Overture Maps buildings",
        "source_url": "https://docs.overturemaps.org/getting-data/",
        "source_release": "2026-09-23.1",
        "source_accessed_on": "2026-09-27",
        "geometry_role": "current building-footprint polygon",
        "linkage_semantics": "Overlap/proximity only; not evidence that the building hosts AI compute."
      }
    },
    {
      "type": "Feature",
      "id": "f9823a9c-f1aa-4eb7-9518-cd2dfbb1ed3d",
      "geometry": {
        "type": "Polygon",
        "coordinates": [
          [
            [
              -82.7502867,
              40.1264274
            ],
            [
              -82.7501538,
              40.1263869
            ],
            [
              -82.7500804,
              40.1265278
            ],
            [
              -82.7503291,
              40.1266036
            ],
            [
              -82.7503862,
              40.1264938
            ],
            [
              -82.7502705,
              40.1264586
            ],
            [
              -82.7502867,
              40.1264274
            ]
          ]
        ]
      },
      "properties": {
        "epoch_id": "EPOCH-bdc85fadae79b6b2",
        "site_name": "AWS New Albany",
        "distance_to_site_km": 1.4968,
        "footprint_area_m2_webmercator": 590.26,
        "source_dataset": "Overture Maps buildings",
        "source_url": "https://docs.overturemaps.org/getting-data/",
        "source_release": "2026-09-23.1",
        "source_accessed_on": "2026-09-27",
        "geometry_role": "current building-footprint polygon",
        "linkage_semantics": "Overlap/proximity only; not evidence that the building hosts AI compute."
      }
    },
    {
      "type": "Feature",
      "id": "389045d0-dc28-41f3-bf80-12c20d7aee87",
      "geometry": {
        "type": "Polygon",
        "coordinates": [
          [
            [
              -82.7491115,
              40.1262625
            ],
            [
              -82.7492378,
              40.1262191
            ],
            [
              -82.7491968,
              40.1261491
            ],
            [
              -82.7490705,
              40.1261925
            ],
            [
              -82.7491115,
              40.1262625
            ]
          ]
        ]
      },
      "properties": {
        "epoch_id": "EPOCH-bdc85fadae79b6b2",
        "site_name": "AWS New Albany",
        "distance_to_site_km": 1.4163,
        "footprint_area_m2_webmercator": 172.12,
        "source_dataset": "Overture Maps buildings",
        "source_url": "https://docs.overturemaps.org/getting-data/",
        "source_release": "2026-09-23.1",
        "source_accessed_on": "2026-09-27",
        "geometry_role": "current building-footprint polygon",
        "linkage_semantics": "Overlap/proximity only; not evidence that the building hosts AI compute."
      }
    },
    {
      "type": "Feature",
      "id": "cc7a34d1-b4c0-4d95-911b-42a0fdce60a4",
      "geometry": {
        "type": "Polygon",
        "coordinates": [
          [
            [
              -82.7500531,
              40.1263855
            ],
            [
              -82.749931,
              40.1263883
            ],
            [
              -82.7499342,
              40.1264703
            ],
            [
              -82.7500563,
              40.1264674
            ],
            [
              -82.7500531,
              40.1263855
            ]
          ]
        ]
      },
      "properties": {
        "epoch_id": "EPOCH-bdc85fadae79b6b2",
        "site_name": "AWS New Albany",
        "distance_to_site_km": 1.4783,
        "footprint_area_m2_webmercator": 162.31,
        "source_dataset": "Overture Maps buildings",
        "source_url": "https://docs.overturemaps.org/getting-data/",
        "source_release": "2026-09-23.1",
        "source_accessed_on": "2026-09-27",
        "geometry_role": "current building-footprint polygon",
        "linkage_semantics": "Overlap/proximity only; not evidence that the building hosts AI compute."
      }
    },
    {
      "type": "Feature",
      "id": "13b06405-d320-4e39-b2bb-a43eb72fdf94",
      "geometry": {
        "type": "Polygon",
        "coordinates": [
          [
            [
              -82.7477227,
              40.1257934
            ],
            [
              -82.7477735,
              40.1258662
            ],
            [
              -82.7479719,
              40.1257853
            ],
            [
              -82.7479211,
              40.1257125
            ],
            [
              -82.7477227,
              40.1257934
            ]
          ]
        ]
      },
      "properties": {
        "epoch_id": "EPOCH-bdc85fadae79b6b2",
        "site_name": "AWS New Albany",
        "distance_to_site_km": 1.3158,
        "footprint_area_m2_webmercator": 300.68,
        "source_dataset": "Overture Maps buildings",
        "source_url": "https://docs.overturemaps.org/getting-data/",
        "source_release": "2026-09-23.1",
        "source_accessed_on": "2026-09-27",
        "geometry_role": "current building-footprint polygon",
        "linkage_semantics": "Overlap/proximity only; not evidence that the building hosts AI compute."
      }
    },
    {
      "type": "Feature",
      "id": "04971cdc-e0b8-4fd4-9d93-5ed66bd18d5d",
      "geometry": {
        "type": "Polygon",
        "coordinates": [
          [
            [
              -82.7467644,
              40.1259661
            ],
            [
              -82.7468152,
              40.1260706
            ],
            [
              -82.7469118,
              40.1260432
            ],
            [
              -82.7468611,
              40.1259386
            ],
            [
              -82.7467644,
              40.1259661
            ]
          ]
        ]
      },
      "properties": {
        "epoch_id": "EPOCH-bdc85fadae79b6b2",
        "site_name": "AWS New Albany",
        "distance_to_site_km": 1.2928,
        "footprint_area_m2_webmercator": 186.34,
        "source_dataset": "Overture Maps buildings",
        "source_url": "https://docs.overturemaps.org/getting-data/",
        "source_release": "2026-09-23.1",
        "source_accessed_on": "2026-09-27",
        "geometry_role": "current building-footprint polygon",
        "linkage_semantics": "Overlap/proximity only; not evidence that the building hosts AI compute."
      }
    },
    {
      "type": "Feature",
      "id": "b090a8ab-8c97-4884-b3e8-f1e84c1f079f",
      "geometry": {
        "type": "Polygon",
        "coordinates": [
          [
            [
              -82.7467476,
              40.1261462
            ],
            [
              -82.7467124,
              40.1260918
            ],
            [
              -82.7466068,
              40.1261317
            ],
            [
              -82.746691,
              40.1262619
            ],
            [
              -82.746872,
              40.1261934
            ],
            [
              -82.746823,
              40.1261176
            ],
            [
              -82.7467476,
              40.1261462
            ]
          ]
        ]
      },
      "properties": {
        "epoch_id": "EPOCH-bdc85fadae79b6b2",
        "site_name": "AWS New Albany",
        "distance_to_site_km": 1.3052,
        "footprint_area_m2_webmercator": 392.54,
        "source_dataset": "Overture Maps buildings",
        "source_url": "https://docs.overturemaps.org/getting-data/",
        "source_release": "2026-09-23.1",
        "source_accessed_on": "2026-09-27",
        "geometry_role": "current building-footprint polygon",
        "linkage_semantics": "Overlap/proximity only; not evidence that the building hosts AI compute."
      }
    },
    {
      "type": "Feature",
      "id": "23bced3c-c3e0-4302-9e99-e2a389817591",
      "geometry": {
        "type": "Polygon",
        "coordinates": [
          [
            [
              -82.7458428,
              40.126247
            ],
            [
              -82.745863,
              40.1263282
            ],
            [
              -82.7459562,
              40.1263146
            ],
            [
              -82.745936,
              40.1262335
            ],
            [
              -82.7458428,
              40.126247
            ]
          ]
        ]
      },
      "properties": {
        "epoch_id": "EPOCH-bdc85fadae79b6b2",
        "site_name": "AWS New Albany",
        "distance_to_site_km": 1.2842,
        "footprint_area_m2_webmercator": 127.01,
        "source_dataset": "Overture Maps buildings",
        "source_url": "https://docs.overturemaps.org/getting-data/",
        "source_release": "2026-09-23.1",
        "source_accessed_on": "2026-09-27",
        "geometry_role": "current building-footprint polygon",
        "linkage_semantics": "Overlap/proximity only; not evidence that the building hosts AI compute."
      }
    },
    {
      "type": "Feature",
      "id": "03a86d01-b00e-4885-a65a-42829e2c0e31",
      "geometry": {
        "type": "Polygon",
        "coordinates": [
          [
            [
              -82.7460781,
              40.1264282
            ],
            [
              -82.7460713,
              40.12641
            ],
            [
              -82.7461506,
              40.1263926
            ],
            [
              -82.7461229,
              40.1263187
            ],
            [
              -82.7459742,
              40.1263513
            ],
            [
              -82.7460087,
              40.1264434
            ],
            [
              -82.7460781,
              40.1264282
            ]
          ]
        ]
      },
      "properties": {
        "epoch_id": "EPOCH-bdc85fadae79b6b2",
        "site_name": "AWS New Albany",
        "distance_to_site_km": 1.2997,
        "footprint_area_m2_webmercator": 214.91,
        "source_dataset": "Overture Maps buildings",
        "source_url": "https://docs.overturemaps.org/getting-data/",
        "source_release": "2026-09-23.1",
        "source_accessed_on": "2026-09-27",
        "geometry_role": "current building-footprint polygon",
        "linkage_semantics": "Overlap/proximity only; not evidence that the building hosts AI compute."
      }
    },
    {
      "type": "Feature",
      "id": "5b113a99-4cb3-462c-b595-2d610224e017",
      "geometry": {
        "type": "Polygon",
        "coordinates": [
          [
            [
              -82.7453471,
              40.1256307
            ],
            [
              -82.7453619,
              40.1257465
            ],
            [
              -82.745609,
              40.125728
            ],
            [
              -82.7455942,
              40.1256122
            ],
            [
              -82.7453471,
              40.1256307
            ]
          ]
        ]
      },
      "properties": {
        "epoch_id": "EPOCH-bdc85fadae79b6b2",
        "site_name": "AWS New Albany",
        "distance_to_site_km": 1.2084,
        "footprint_area_m2_webmercator": 468.17,
        "source_dataset": "Overture Maps buildings",
        "source_url": "https://docs.overturemaps.org/getting-data/",
        "source_release": "2026-09-23.1",
        "source_accessed_on": "2026-09-27",
        "geometry_role": "current building-footprint polygon",
        "linkage_semantics": "Overlap/proximity only; not evidence that the building hosts AI compute."
      }
    },
    {
      "type": "Feature",
      "id": "c517d36e-73f9-4980-b286-8895b32fdab9",
      "geometry": {
        "type": "Polygon",
        "coordinates": [
          [
            [
              -82.7476327,
              40.1255274
            ],
            [
              -82.747659,
              40.1256107
            ],
            [
              -82.7477781,
              40.1255887
            ],
            [
              -82.7477518,
              40.1255054
            ],
            [
              -82.7476327,
              40.1255274
            ]
          ]
        ]
      },
      "properties": {
        "epoch_id": "EPOCH-bdc85fadae79b6b2",
        "site_name": "AWS New Albany",
        "distance_to_site_km": 1.2877,
        "footprint_area_m2_webmercator": 170.16,
        "source_dataset": "Overture Maps buildings",
        "source_url": "https://docs.overturemaps.org/getting-data/",
        "source_release": "2026-09-23.1",
        "source_accessed_on": "2026-09-27",
        "geometry_role": "current building-footprint polygon",
        "linkage_semantics": "Overlap/proximity only; not evidence that the building hosts AI compute."
      }
    },
    {
      "type": "Feature",
      "id": "3c42cf99-9c57-4727-91ad-5ce2db78ed88",
      "geometry": {
        "type": "Polygon",
        "coordinates": [
          [
            [
              -82.7469593,
              40.1249683
            ],
            [
              -82.7469573,
              40.124994
            ],
            [
              -82.7468905,
              40.1249911
            ],
            [
              -82.7468835,
              40.1250839
            ],
            [
              -82.7469489,
              40.1250868
            ],
            [
              -82.746947,
              40.1251125
            ],
            [
              -82.7470726,
              40.1251181
            ],
            [
              -82.7470739,
              40.1251005
            ],
            [
              -82.7471609,
              40.1251044
            ],
            [
              -82.7471639,
              40.1250647
            ],
            [
              -82.7471866,
              40.1250657
            ],
            [
              -82.7472025,
              40.1248552
            ],
            [
              -82.7470862,
              40.12485
            ],
            [
              -82.7470769,
              40.1249735
            ],
            [
              -82.7469593,
              40.1249683
            ]
          ]
        ]
      },
      "properties": {
        "epoch_id": "EPOCH-bdc85fadae79b6b2",
        "site_name": "AWS New Albany",
        "distance_to_site_km": 1.2067,
        "footprint_area_m2_webmercator": 837.75,
        "source_dataset": "Overture Maps buildings",
        "source_url": "https://docs.overturemaps.org/getting-data/",
        "source_release": "2026-09-23.1",
        "source_accessed_on": "2026-09-27",
        "geometry_role": "current building-footprint polygon",
        "linkage_semantics": "Overlap/proximity only; not evidence that the building hosts AI compute."
      }
    },
    {
      "type": "Feature",
      "id": "59f6d387-7978-4917-b822-c7c71f92fc6b",
      "geometry": {
        "type": "Polygon",
        "coordinates": [
          [
            [
              -82.7480681,
              40.1249906
            ],
            [
              -82.7482183,
              40.1249925
            ],
            [
              -82.7482202,
              40.1249043
            ],
            [
              -82.7480701,
              40.1249024
            ],
            [
              -82.7480681,
              40.1249906
            ]
          ]
        ]
      },
      "properties": {
        "epoch_id": "EPOCH-bdc85fadae79b6b2",
        "site_name": "AWS New Albany",
        "distance_to_site_km": 1.2525,
        "footprint_area_m2_webmercator": 214.68,
        "source_dataset": "Overture Maps buildings",
        "source_url": "https://docs.overturemaps.org/getting-data/",
        "source_release": "2026-09-23.1",
        "source_accessed_on": "2026-09-27",
        "geometry_role": "current building-footprint polygon",
        "linkage_semantics": "Overlap/proximity only; not evidence that the building hosts AI compute."
      }
    },
    {
      "type": "Feature",
      "id": "acb688fc-53e6-4ba0-a910-428fa6485db3",
      "geometry": {
        "type": "Polygon",
        "coordinates": [
          [
            [
              -82.748336,
              40.1248057
            ],
            [
              -82.7483406,
              40.1246745
            ],
            [
              -82.7479734,
              40.1246669
            ],
            [
              -82.7479688,
              40.1247981
            ],
            [
              -82.748336,
              40.1248057
            ]
          ]
        ]
      },
      "properties": {
        "epoch_id": "EPOCH-bdc85fadae79b6b2",
        "site_name": "AWS New Albany",
        "distance_to_site_km": 1.234,
        "footprint_area_m2_webmercator": 781.33,
        "source_dataset": "Overture Maps buildings",
        "source_url": "https://docs.overturemaps.org/getting-data/",
        "source_release": "2026-09-23.1",
        "source_accessed_on": "2026-09-27",
        "geometry_role": "current building-footprint polygon",
        "linkage_semantics": "Overlap/proximity only; not evidence that the building hosts AI compute."
      }
    },
    {
      "type": "Feature",
      "id": "04e412c2-8f3a-40ef-be3f-a9a7514121a3",
      "geometry": {
        "type": "Polygon",
        "coordinates": [
          [
            [
              -82.7484934,
              40.1250759
            ],
            [
              -82.7484905,
              40.1251874
            ],
            [
              -82.7484047,
              40.1251861
            ],
            [
              -82.7484026,
              40.125266
            ],
            [
              -82.7485635,
              40.1252685
            ],
            [
              -82.7485662,
              40.125166
            ],
            [
              -82.7486091,
              40.1251666
            ],
            [
              -82.7486114,
              40.1250777
            ],
            [
              -82.7484934,
              40.1250759
            ]
          ]
        ]
      },
      "properties": {
        "epoch_id": "EPOCH-bdc85fadae79b6b2",
        "site_name": "AWS New Albany",
        "distance_to_site_km": 1.2919,
        "footprint_area_m2_webmercator": 406.14,
        "source_dataset": "Overture Maps buildings",
        "source_url": "https://docs.overturemaps.org/getting-data/",
        "source_release": "2026-09-23.1",
        "source_accessed_on": "2026-09-27",
        "geometry_role": "current building-footprint polygon",
        "linkage_semantics": "Overlap/proximity only; not evidence that the building hosts AI compute."
      }
    },
    {
      "type": "Feature",
      "id": "4fb668eb-67d1-4b40-af0a-2e3568b57c54",
      "geometry": {
        "type": "Polygon",
        "coordinates": [
          [
            [
              -82.7478849,
              40.125645
            ],
            [
              -82.7479254,
              40.125718
            ],
            [
              -82.748015,
              40.1256889
            ],
            [
              -82.7479745,
              40.1256159
            ],
            [
              -82.7478849,
              40.125645
            ]
          ]
        ]
      },
      "properties": {
        "epoch_id": "EPOCH-bdc85fadae79b6b2",
        "site_name": "AWS New Albany",
        "distance_to_site_km": 1.3091,
        "footprint_area_m2_webmercator": 125.1,
        "source_dataset": "Overture Maps buildings",
        "source_url": "https://docs.overturemaps.org/getting-data/",
        "source_release": "2026-09-23.1",
        "source_accessed_on": "2026-09-27",
        "geometry_role": "current building-footprint polygon",
        "linkage_semantics": "Overlap/proximity only; not evidence that the building hosts AI compute."
      }
    },
    {
      "type": "Feature",
      "id": "e6a6fdb3-d873-4cd9-9f91-34daa42df625",
      "geometry": {
        "type": "Polygon",
        "coordinates": [
          [
            [
              -82.7511109,
              40.1268676
            ],
            [
              -82.7509822,
              40.1268656
            ],
            [
              -82.7509781,
              40.1270235
            ],
            [
              -82.7511068,
              40.1270255
            ],
            [
              -82.7511109,
              40.1268676
            ]
          ]
        ]
      },
      "properties": {
        "epoch_id": "EPOCH-bdc85fadae79b6b2",
        "site_name": "AWS New Albany",
        "distance_to_site_km": 1.5784,
        "footprint_area_m2_webmercator": 329.48,
        "source_dataset": "Overture Maps buildings",
        "source_url": "https://docs.overturemaps.org/getting-data/",
        "source_release": "2026-09-23.1",
        "source_accessed_on": "2026-09-27",
        "geometry_role": "current building-footprint polygon",
        "linkage_semantics": "Overlap/proximity only; not evidence that the building hosts AI compute."
      }
    },
    {
      "type": "Feature",
      "id": "9453c816-217b-462e-8fa0-5e0a326662b0",
      "geometry": {
        "type": "Polygon",
        "coordinates": [
          [
            [
              -82.7572,
              40.1224855
            ],
            [
              -82.7573399,
              40.1224761
            ],
            [
              -82.7573183,
              40.12229
            ],
            [
              -82.7571784,
              40.1222995
            ],
            [
              -82.7572,
              40.1224855
            ]
          ]
        ]
      },
      "properties": {
        "epoch_id": "EPOCH-bdc85fadae79b6b2",
        "site_name": "AWS New Albany",
        "distance_to_site_km": 1.6753,
        "footprint_area_m2_webmercator": 425.12,
        "source_dataset": "Overture Maps buildings",
        "source_url": "https://docs.overturemaps.org/getting-data/",
        "source_release": "2026-09-23.1",
        "source_accessed_on": "2026-09-27",
        "geometry_role": "current building-footprint polygon",
        "linkage_semantics": "Overlap/proximity only; not evidence that the building hosts AI compute."
      }
    },
    {
      "type": "Feature",
      "id": "2d915bd7-a373-4546-8009-9d1caf001b85",
      "geometry": {
        "type": "Polygon",
        "coordinates": [
          [
            [
              -82.7563047,
              40.1216075
            ],
            [
              -82.7563657,
              40.1216125
            ],
            [
              -82.7563735,
              40.1215568
            ],
            [
              -82.7563125,
              40.1215518
            ],
            [
              -82.7563047,
              40.1216075
            ]
          ]
        ]
      },
      "properties": {
        "epoch_id": "EPOCH-bdc85fadae79b6b2",
        "site_name": "AWS New Albany",
        "distance_to_site_km": 1.5665,
        "footprint_area_m2_webmercator": 55.69,
        "source_dataset": "Overture Maps buildings",
        "source_url": "https://docs.overturemaps.org/getting-data/",
        "source_release": "2026-09-23.1",
        "source_accessed_on": "2026-09-27",
        "geometry_role": "current building-footprint polygon",
        "linkage_semantics": "Overlap/proximity only; not evidence that the building hosts AI compute."
      }
    },
    {
      "type": "Feature",
      "id": "291a6616-1baf-4109-aee0-6b36382e7480",
      "geometry": {
        "type": "Polygon",
        "coordinates": [
          [
            [
              -82.7567711,
              40.1219705
            ],
            [
              -82.7567746,
              40.1218824
            ],
            [
              -82.7564878,
              40.1218757
            ],
            [
              -82.7564843,
              40.1219638
            ],
            [
              -82.7567711,
              40.1219705
            ]
          ]
        ]
      },
      "properties": {
        "epoch_id": "EPOCH-bdc85fadae79b6b2",
        "site_name": "AWS New Albany",
        "distance_to_site_km": 1.6047,
        "footprint_area_m2_webmercator": 409.85,
        "source_dataset": "Overture Maps buildings",
        "source_url": "https://docs.overturemaps.org/getting-data/",
        "source_release": "2026-09-23.1",
        "source_accessed_on": "2026-09-27",
        "geometry_role": "current building-footprint polygon",
        "linkage_semantics": "Overlap/proximity only; not evidence that the building hosts AI compute."
      }
    },
    {
      "type": "Feature",
      "id": "b497310f-b733-442d-8bcf-1cbd481c3154",
      "geometry": {
        "type": "Polygon",
        "coordinates": [
          [
            [
              -82.7554911,
              40.122142
            ],
            [
              -82.7555179,
              40.1221425
            ],
            [
              -82.7555163,
              40.1221988
            ],
            [
              -82.7556262,
              40.1222007
            ],
            [
              -82.7556279,
              40.1221413
            ],
            [
              -82.7557593,
              40.1221436
            ],
            [
              -82.7557625,
              40.1220349
            ],
            [
              -82.7555239,
              40.1220308
            ],
            [
              -82.7555223,
              40.1220872
            ],
            [
              -82.7554928,
              40.1220867
            ],
            [
              -82.7554911,
              40.122142
            ]
          ]
        ]
      },
      "properties": {
        "epoch_id": "EPOCH-bdc85fadae79b6b2",
        "site_name": "AWS New Albany",
        "distance_to_site_km": 1.5366,
        "footprint_area_m2_webmercator": 552.52,
        "source_dataset": "Overture Maps buildings",
        "source_url": "https://docs.overturemaps.org/getting-data/",
        "source_release": "2026-09-23.1",
        "source_accessed_on": "2026-09-27",
        "geometry_role": "current building-footprint polygon",
        "linkage_semantics": "Overlap/proximity only; not evidence that the building hosts AI compute."
      }
    },
    {
      "type": "Feature",
      "id": "376b91a6-29ef-44ae-a9a1-cb69597cc485",
      "geometry": {
        "type": "Polygon",
        "coordinates": [
          [
            [
              -82.7561459,
              40.1218976
            ],
            [
              -82.7560853,
              40.1218968
            ],
            [
              -82.7560831,
              40.1219973
            ],
            [
              -82.7562536,
              40.1219995
            ],
            [
              -82.756254,
              40.121981
            ],
            [
              -82.7563264,
              40.1219819
            ],
            [
              -82.7563281,
              40.1219049
            ],
            [
              -82.7562155,
              40.1219035
            ],
            [
              -82.7562168,
              40.1218452
            ],
            [
              -82.756147,
              40.1218443
            ],
            [
              -82.7561459,
              40.1218976
            ]
          ]
        ]
      },
      "properties": {
        "epoch_id": "EPOCH-bdc85fadae79b6b2",
        "site_name": "AWS New Albany",
        "distance_to_site_km": 1.5721,
        "footprint_area_m2_webmercator": 425.11,
        "source_dataset": "Overture Maps buildings",
        "source_url": "https://docs.overturemaps.org/getting-data/",
        "source_release": "2026-09-23.1",
        "source_accessed_on": "2026-09-27",
        "geometry_role": "current building-footprint polygon",
        "linkage_semantics": "Overlap/proximity only; not evidence that the building hosts AI compute."
      }
    },
    {
      "type": "Feature",
      "id": "7289c15f-92ba-4718-9f99-8df0fc854e76",
      "geometry": {
        "type": "Polygon",
        "coordinates": [
          [
            [
              -82.7551594,
              40.1219653
            ],
            [
              -82.7553406,
              40.1219686
            ],
            [
              -82.7553432,
              40.1218846
            ],
            [
              -82.755162,
              40.1218813
            ],
            [
              -82.7551594,
              40.1219653
            ]
          ]
        ]
      },
      "properties": {
        "epoch_id": "EPOCH-bdc85fadae79b6b2",
        "site_name": "AWS New Albany",
        "distance_to_site_km": 1.4995,
        "footprint_area_m2_webmercator": 246.8,
        "source_dataset": "Overture Maps buildings",
        "source_url": "https://docs.overturemaps.org/getting-data/",
        "source_release": "2026-09-23.1",
        "source_accessed_on": "2026-09-27",
        "geometry_role": "current building-footprint polygon",
        "linkage_semantics": "Overlap/proximity only; not evidence that the building hosts AI compute."
      }
    },
    {
      "type": "Feature",
      "id": "84ec644b-5851-4f01-a3e0-e90506e8b353",
      "geometry": {
        "type": "Polygon",
        "coordinates": [
          [
            [
              -82.7535755,
              40.1224998
            ],
            [
              -82.7535911,
              40.1226113
            ],
            [
              -82.7537158,
              40.122601
            ],
            [
              -82.7537001,
              40.1224895
            ],
            [
              -82.7535755,
              40.1224998
            ]
          ]
        ]
      },
      "properties": {
        "epoch_id": "EPOCH-bdc85fadae79b6b2",
        "site_name": "AWS New Albany",
        "distance_to_site_km": 1.4148,
        "footprint_area_m2_webmercator": 227.85,
        "source_dataset": "Overture Maps buildings",
        "source_url": "https://docs.overturemaps.org/getting-data/",
        "source_release": "2026-09-23.1",
        "source_accessed_on": "2026-09-27",
        "geometry_role": "current building-footprint polygon",
        "linkage_semantics": "Overlap/proximity only; not evidence that the building hosts AI compute."
      }
    },
    {
      "type": "Feature",
      "id": "8546aab8-9bd9-4db9-909b-c16284e294b7",
      "geometry": {
        "type": "Polygon",
        "coordinates": [
          [
            [
              -82.7541629,
              40.1229254
            ],
            [
              -82.7542799,
              40.1228886
            ],
            [
              -82.7541921,
              40.1227255
            ],
            [
              -82.7541095,
              40.1227515
            ],
            [
              -82.7541397,
              40.1228076
            ],
            [
              -82.7541053,
              40.1228184
            ],
            [
              -82.7541629,
              40.1229254
            ]
          ]
        ]
      },
      "properties": {
        "epoch_id": "EPOCH-bdc85fadae79b6b2",
        "site_name": "AWS New Albany",
        "distance_to_site_km": 1.4702,
        "footprint_area_m2_webmercator": 325.03,
        "source_dataset": "Overture Maps buildings",
        "source_url": "https://docs.overturemaps.org/getting-data/",
        "source_release": "2026-09-23.1",
        "source_accessed_on": "2026-09-27",
        "geometry_role": "current building-footprint polygon",
        "linkage_semantics": "Overlap/proximity only; not evidence that the building hosts AI compute."
      }
    },
    {
      "type": "Feature",
      "id": "027376ac-e3b0-4377-af17-1624b958de9f",
      "geometry": {
        "type": "Polygon",
        "coordinates": [
          [
            [
              -82.7543838,
              40.1228207
            ],
            [
              -82.7544519,
              40.1228126
            ],
            [
              -82.7544401,
              40.1227545
            ],
            [
              -82.754372,
              40.1227626
            ],
            [
              -82.7543838,
              40.1228207
            ]
          ]
        ]
      },
      "properties": {
        "epoch_id": "EPOCH-bdc85fadae79b6b2",
        "site_name": "AWS New Albany",
        "distance_to_site_km": 1.4841,
        "footprint_area_m2_webmercator": 65.67,
        "source_dataset": "Overture Maps buildings",
        "source_url": "https://docs.overturemaps.org/getting-data/",
        "source_release": "2026-09-23.1",
        "source_accessed_on": "2026-09-27",
        "geometry_role": "current building-footprint polygon",
        "linkage_semantics": "Overlap/proximity only; not evidence that the building hosts AI compute."
      }
    },
    {
      "type": "Feature",
      "id": "fb6dae60-df55-4f05-925c-abc66ae28793",
      "geometry": {
        "type": "Polygon",
        "coordinates": [
          [
            [
              -82.7552809,
              40.1224962
            ],
            [
              -82.7552665,
              40.1224388
            ],
            [
              -82.7553765,
              40.1224226
            ],
            [
              -82.7553461,
              40.1223019
            ],
            [
              -82.7552644,
              40.122314
            ],
            [
              -82.7552864,
              40.122401
            ],
            [
              -82.7551571,
              40.1224201
            ],
            [
              -82.7551801,
              40.122511
            ],
            [
              -82.7552809,
              40.1224962
            ]
          ]
        ]
      },
      "properties": {
        "epoch_id": "EPOCH-bdc85fadae79b6b2",
        "site_name": "AWS New Albany",
        "distance_to_site_km": 1.5263,
        "footprint_area_m2_webmercator": 335.86,
        "source_dataset": "Overture Maps buildings",
        "source_url": "https://docs.overturemaps.org/getting-data/",
        "source_release": "2026-09-23.1",
        "source_accessed_on": "2026-09-27",
        "geometry_role": "current building-footprint polygon",
        "linkage_semantics": "Overlap/proximity only; not evidence that the building hosts AI compute."
      }
    },
    {
      "type": "Feature",
      "id": "3c175bde-0ba6-4351-85e8-8ce1fd83ddcb",
      "geometry": {
        "type": "Polygon",
        "coordinates": [
          [
            [
              -82.7546845,
              40.1223642
            ],
            [
              -82.7547032,
              40.1224287
            ],
            [
              -82.7547952,
              40.1224131
            ],
            [
              -82.7547765,
              40.1223486
            ],
            [
              -82.7546845,
              40.1223642
            ]
          ]
        ]
      },
      "properties": {
        "epoch_id": "EPOCH-bdc85fadae79b6b2",
        "site_name": "AWS New Albany",
        "distance_to_site_km": 1.4856,
        "footprint_area_m2_webmercator": 100.89,
        "source_dataset": "Overture Maps buildings",
        "source_url": "https://docs.overturemaps.org/getting-data/",
        "source_release": "2026-09-23.1",
        "source_accessed_on": "2026-09-27",
        "geometry_role": "current building-footprint polygon",
        "linkage_semantics": "Overlap/proximity only; not evidence that the building hosts AI compute."
      }
    },
    {
      "type": "Feature",
      "id": "57e35d23-26c3-4e01-a2de-5d47967ddb64",
      "geometry": {
        "type": "Polygon",
        "coordinates": [
          [
            [
              -82.7549128,
              40.1225415
            ],
            [
              -82.7548842,
              40.1224278
            ],
            [
              -82.7547988,
              40.1224403
            ],
            [
              -82.7548275,
              40.1225541
            ],
            [
              -82.7549128,
              40.1225415
            ]
          ]
        ]
      },
      "properties": {
        "epoch_id": "EPOCH-bdc85fadae79b6b2",
        "site_name": "AWS New Albany",
        "distance_to_site_km": 1.4998,
        "footprint_area_m2_webmercator": 163.16,
        "source_dataset": "Overture Maps buildings",
        "source_url": "https://docs.overturemaps.org/getting-data/",
        "source_release": "2026-09-23.1",
        "source_accessed_on": "2026-09-27",
        "geometry_role": "current building-footprint polygon",
        "linkage_semantics": "Overlap/proximity only; not evidence that the building hosts AI compute."
      }
    },
    {
      "type": "Feature",
      "id": "ab613952-0ace-4665-a6cb-4cd01b1472ce",
      "geometry": {
        "type": "Polygon",
        "coordinates": [
          [
            [
              -82.7522425,
              40.1234823
            ],
            [
              -82.7522453,
              40.1235633
            ],
            [
              -82.7525562,
              40.1235571
            ],
            [
              -82.7525534,
              40.123476
            ],
            [
              -82.7522425,
              40.1234823
            ]
          ]
        ]
      },
      "properties": {
        "epoch_id": "EPOCH-bdc85fadae79b6b2",
        "site_name": "AWS New Albany",
        "distance_to_site_km": 1.3899,
        "footprint_area_m2_webmercator": 408.65,
        "source_dataset": "Overture Maps buildings",
        "source_url": "https://docs.overturemaps.org/getting-data/",
        "source_release": "2026-09-23.1",
        "source_accessed_on": "2026-09-27",
        "geometry_role": "current building-footprint polygon",
        "linkage_semantics": "Overlap/proximity only; not evidence that the building hosts AI compute."
      }
    },
    {
      "type": "Feature",
      "id": "e6d6d42a-cc8e-4095-a56d-c6cd56d9fe66",
      "geometry": {
        "type": "Polygon",
        "coordinates": [
          [
            [
              -82.7535354,
              40.1233425
            ],
            [
              -82.753499,
              40.1232867
            ],
            [
              -82.7533981,
              40.1233252
            ],
            [
              -82.7534345,
              40.123381
            ],
            [
              -82.7535354,
              40.1233425
            ]
          ]
        ]
      },
      "properties": {
        "epoch_id": "EPOCH-bdc85fadae79b6b2",
        "site_name": "AWS New Albany",
        "distance_to_site_km": 1.4504,
        "footprint_area_m2_webmercator": 113.95,
        "source_dataset": "Overture Maps buildings",
        "source_url": "https://docs.overturemaps.org/getting-data/",
        "source_release": "2026-09-23.1",
        "source_accessed_on": "2026-09-27",
        "geometry_role": "current building-footprint polygon",
        "linkage_semantics": "Overlap/proximity only; not evidence that the building hosts AI compute."
      }
    },
    {
      "type": "Feature",
      "id": "6e213178-c27d-4ba4-9009-00684a591ad3",
      "geometry": {
        "type": "Polygon",
        "coordinates": [
          [
            [
              -82.7531567,
              40.1231526
            ],
            [
              -82.7532472,
              40.1231425
            ],
            [
              -82.753224,
              40.1230211
            ],
            [
              -82.7531335,
              40.1230312
            ],
            [
              -82.7531567,
              40.1231526
            ]
          ]
        ]
      },
      "properties": {
        "epoch_id": "EPOCH-bdc85fadae79b6b2",
        "site_name": "AWS New Albany",
        "distance_to_site_km": 1.4154,
        "footprint_area_m2_webmercator": 181.85,
        "source_dataset": "Overture Maps buildings",
        "source_url": "https://docs.overturemaps.org/getting-data/",
        "source_release": "2026-09-23.1",
        "source_accessed_on": "2026-09-27",
        "geometry_role": "current building-footprint polygon",
        "linkage_semantics": "Overlap/proximity only; not evidence that the building hosts AI compute."
      }
    },
    {
      "type": "Feature",
      "id": "866083db-4838-421c-acb1-d2bd08b54d7c",
      "geometry": {
        "type": "Polygon",
        "coordinates": [
          [
            [
              -82.753683,
              40.1231408
            ],
            [
              -82.7538571,
              40.1231075
            ],
            [
              -82.7537959,
              40.1229203
            ],
            [
              -82.7536949,
              40.1229396
            ],
            [
              -82.7537334,
              40.1230573
            ],
            [
              -82.7536602,
              40.1230713
            ],
            [
              -82.753683,
              40.1231408
            ]
          ]
        ]
      },
      "properties": {
        "epoch_id": "EPOCH-bdc85fadae79b6b2",
        "site_name": "AWS New Albany",
        "distance_to_site_km": 1.4526,
        "footprint_area_m2_webmercator": 413.09,
        "source_dataset": "Overture Maps buildings",
        "source_url": "https://docs.overturemaps.org/getting-data/",
        "source_release": "2026-09-23.1",
        "source_accessed_on": "2026-09-27",
        "geometry_role": "current building-footprint polygon",
        "linkage_semantics": "Overlap/proximity only; not evidence that the building hosts AI compute."
      }
    },
    {
      "type": "Feature",
      "id": "a553091d-a3b4-4041-b46a-a600256cfe27",
      "geometry": {
        "type": "Polygon",
        "coordinates": [
          [
            [
              -82.7384347,
              40.123038
            ],
            [
              -82.7384776,
              40.122702
            ],
            [
              -82.7382518,
              40.1226851
            ],
            [
              -82.7382092,
              40.1230183
            ],
            [
              -82.7382464,
              40.1230211
            ],
            [
              -82.7382253,
              40.1231864
            ],
            [
              -82.7383634,
              40.1231967
            ],
            [
              -82.7383842,
              40.1230342
            ],
            [
              -82.7384347,
              40.123038
            ]
          ]
        ]
      },
      "properties": {
        "epoch_id": "EPOCH-bdc85fadae79b6b2",
        "site_name": "AWS New Albany",
        "distance_to_site_km": 0.7973,
        "footprint_area_m2_webmercator": 1606.94,
        "source_dataset": "Overture Maps buildings",
        "source_url": "https://docs.overturemaps.org/getting-data/",
        "source_release": "2026-09-23.1",
        "source_accessed_on": "2026-09-27",
        "geometry_role": "current building-footprint polygon",
        "linkage_semantics": "Overlap/proximity only; not evidence that the building hosts AI compute."
      }
    },
    {
      "type": "Feature",
      "id": "a5a915c0-10e9-4ea7-930b-73f848b2f1cd",
      "geometry": {
        "type": "Polygon",
        "coordinates": [
          [
            [
              -82.7339759,
              40.1231565
            ],
            [
              -82.7339143,
              40.1231542
            ],
            [
              -82.7339173,
              40.1231081
            ],
            [
              -82.7337205,
              40.1231008
            ],
            [
              -82.7337168,
              40.1231581
            ],
            [
              -82.7336473,
              40.1231555
            ],
            [
              -82.7336427,
              40.1232282
            ],
            [
              -82.7339706,
              40.1232404
            ],
            [
              -82.7339759,
              40.1231565
            ]
          ]
        ]
      },
      "properties": {
        "epoch_id": "EPOCH-bdc85fadae79b6b2",
        "site_name": "AWS New Albany",
        "distance_to_site_km": 0.953,
        "footprint_area_m2_webmercator": 581.59,
        "source_dataset": "Overture Maps buildings",
        "source_url": "https://docs.overturemaps.org/getting-data/",
        "source_release": "2026-09-23.1",
        "source_accessed_on": "2026-09-27",
        "geometry_role": "current building-footprint polygon",
        "linkage_semantics": "Overlap/proximity only; not evidence that the building hosts AI compute."
      }
    },
    {
      "type": "Feature",
      "id": "fb7423d1-61db-4e0c-bdca-2a65ace26351",
      "geometry": {
        "type": "Polygon",
        "coordinates": [
          [
            [
              -82.7337243,
              40.1235332
            ],
            [
              -82.7337284,
              40.1234451
            ],
            [
              -82.7336481,
              40.1234429
            ],
            [
              -82.733644,
              40.123531
            ],
            [
              -82.7337243,
              40.1235332
            ]
          ]
        ]
      },
      "properties": {
        "epoch_id": "EPOCH-bdc85fadae79b6b2",
        "site_name": "AWS New Albany",
        "distance_to_site_km": 0.9883,
        "footprint_area_m2_webmercator": 114.79,
        "source_dataset": "Overture Maps buildings",
        "source_url": "https://docs.overturemaps.org/getting-data/",
        "source_release": "2026-09-23.1",
        "source_accessed_on": "2026-09-27",
        "geometry_role": "current building-footprint polygon",
        "linkage_semantics": "Overlap/proximity only; not evidence that the building hosts AI compute."
      }
    },
    {
      "type": "Feature",
      "id": "d6ca083a-6244-4840-841e-fa0915fe31bb",
      "geometry": {
        "type": "Polygon",
        "coordinates": [
          [
            [
              -82.7337251,
              40.1235726
            ],
            [
              -82.7336621,
              40.1235715
            ],
            [
              -82.7336582,
              40.123713
            ],
            [
              -82.7338298,
              40.1237158
            ],
            [
              -82.733832,
              40.1236358
            ],
            [
              -82.7337234,
              40.1236341
            ],
            [
              -82.7337251,
              40.1235726
            ]
          ]
        ]
      },
      "properties": {
        "epoch_id": "EPOCH-bdc85fadae79b6b2",
        "site_name": "AWS New Albany",
        "distance_to_site_km": 1.0028,
        "footprint_area_m2_webmercator": 285.29,
        "source_dataset": "Overture Maps buildings",
        "source_url": "https://docs.overturemaps.org/getting-data/",
        "source_release": "2026-09-23.1",
        "source_accessed_on": "2026-09-27",
        "geometry_role": "current building-footprint polygon",
        "linkage_semantics": "Overlap/proximity only; not evidence that the building hosts AI compute."
      }
    },
    {
      "type": "Feature",
      "id": "0011ad15-9e94-4f1a-909c-d7f89f2b27ff",
      "geometry": {
        "type": "Polygon",
        "coordinates": [
          [
            [
              -82.7376819,
              40.1239735
            ],
            [
              -82.7377745,
              40.1239818
            ],
            [
              -82.7377699,
              40.1240121
            ],
            [
              -82.7379287,
              40.1240263
            ],
            [
              -82.7379334,
              40.1239952
            ],
            [
              -82.7379757,
              40.123999
            ],
            [
              -82.7379902,
              40.1239046
            ],
            [
              -82.7378129,
              40.1238888
            ],
            [
              -82.7378101,
              40.123907
            ],
            [
              -82.7376937,
              40.1238966
            ],
            [
              -82.7376819,
              40.1239735
            ]
          ]
        ]
      },
      "properties": {
        "epoch_id": "EPOCH-bdc85fadae79b6b2",
        "site_name": "AWS New Albany",
        "distance_to_site_km": 0.917,
        "footprint_area_m2_webmercator": 502.72,
        "source_dataset": "Overture Maps buildings",
        "source_url": "https://docs.overturemaps.org/getting-data/",
        "source_release": "2026-09-23.1",
        "source_accessed_on": "2026-09-27",
        "geometry_role": "current building-footprint polygon",
        "linkage_semantics": "Overlap/proximity only; not evidence that the building hosts AI compute."
      }
    },
    {
      "type": "Feature",
      "id": "4ed6c565-a370-4d2a-894b-f51166e9206d",
      "geometry": {
        "type": "Polygon",
        "coordinates": [
          [
            [
              -82.7410824,
              40.124237
            ],
            [
              -82.7414484,
              40.1242407
            ],
            [
              -82.74145,
              40.1241505
            ],
            [
              -82.7410839,
              40.1241468
            ],
            [
              -82.7410824,
              40.124237
            ]
          ]
        ]
      },
      "properties": {
        "epoch_id": "EPOCH-bdc85fadae79b6b2",
        "site_name": "AWS New Albany",
        "distance_to_site_km": 0.9441,
        "footprint_area_m2_webmercator": 535.18,
        "source_dataset": "Overture Maps buildings",
        "source_url": "https://docs.overturemaps.org/getting-data/",
        "source_release": "2026-09-23.1",
        "source_accessed_on": "2026-09-27",
        "geometry_role": "current building-footprint polygon",
        "linkage_semantics": "Overlap/proximity only; not evidence that the building hosts AI compute."
      }
    },
    {
      "type": "Feature",
      "id": "d869565c-e283-4f71-806a-7b11f062e416",
      "geometry": {
        "type": "Polygon",
        "coordinates": [
          [
            [
              -82.741438,
              40.1241304
            ],
            [
              -82.7414458,
              40.1240674
            ],
            [
              -82.7413076,
              40.1240573
            ],
            [
              -82.7412998,
              40.1241203
            ],
            [
              -82.741438,
              40.1241304
            ]
          ]
        ]
      },
      "properties": {
        "epoch_id": "EPOCH-bdc85fadae79b6b2",
        "site_name": "AWS New Albany",
        "distance_to_site_km": 0.9346,
        "footprint_area_m2_webmercator": 142.38,
        "source_dataset": "Overture Maps buildings",
        "source_url": "https://docs.overturemaps.org/getting-data/",
        "source_release": "2026-09-23.1",
        "source_accessed_on": "2026-09-27",
        "geometry_role": "current building-footprint polygon",
        "linkage_semantics": "Overlap/proximity only; not evidence that the building hosts AI compute."
      }
    },
    {
      "type": "Feature",
      "id": "766a5e9d-6240-47c2-9f8a-6cd194d8f3b9",
      "geometry": {
        "type": "Polygon",
        "coordinates": [
          [
            [
              -82.7418079,
              40.1240587
            ],
            [
              -82.7418136,
              40.1238856
            ],
            [
              -82.7415536,
              40.1238806
            ],
            [
              -82.7415479,
              40.1240537
            ],
            [
              -82.7418079,
              40.1240587
            ]
          ]
        ]
      },
      "properties": {
        "epoch_id": "EPOCH-bdc85fadae79b6b2",
        "site_name": "AWS New Albany",
        "distance_to_site_km": 0.9257,
        "footprint_area_m2_webmercator": 729.83,
        "source_dataset": "Overture Maps buildings",
        "source_url": "https://docs.overturemaps.org/getting-data/",
        "source_release": "2026-09-23.1",
        "source_accessed_on": "2026-09-27",
        "geometry_role": "current building-footprint polygon",
        "linkage_semantics": "Overlap/proximity only; not evidence that the building hosts AI compute."
      }
    },
    {
      "type": "Feature",
      "id": "d12d2106-6015-4b88-8661-43f267ba4c48",
      "geometry": {
        "type": "Polygon",
        "coordinates": [
          [
            [
              -82.7411349,
              40.1238505
            ],
            [
              -82.7415022,
              40.1238452
            ],
            [
              -82.7414974,
              40.1236475
            ],
            [
              -82.74113,
              40.1236528
            ],
            [
              -82.7411349,
              40.1238505
            ]
          ]
        ]
      },
      "properties": {
        "epoch_id": "EPOCH-bdc85fadae79b6b2",
        "site_name": "AWS New Albany",
        "distance_to_site_km": 0.8959,
        "footprint_area_m2_webmercator": 1177.38,
        "source_dataset": "Overture Maps buildings",
        "source_url": "https://docs.overturemaps.org/getting-data/",
        "source_release": "2026-09-23.1",
        "source_accessed_on": "2026-09-27",
        "geometry_role": "current building-footprint polygon",
        "linkage_semantics": "Overlap/proximity only; not evidence that the building hosts AI compute."
      }
    },
    {
      "type": "Feature",
      "id": "c5b9ca6f-f8e2-4412-af42-dbda907f08ec",
      "geometry": {
        "type": "Polygon",
        "coordinates": [
          [
            [
              -82.7411248,
              40.1235239
            ],
            [
              -82.7414866,
              40.1235166
            ],
            [
              -82.7414816,
              40.1233722
            ],
            [
              -82.7411198,
              40.1233795
            ],
            [
              -82.7411248,
              40.1235239
            ]
          ]
        ]
      },
      "properties": {
        "epoch_id": "EPOCH-bdc85fadae79b6b2",
        "site_name": "AWS New Albany",
        "distance_to_site_km": 0.8628,
        "footprint_area_m2_webmercator": 847.26,
        "source_dataset": "Overture Maps buildings",
        "source_url": "https://docs.overturemaps.org/getting-data/",
        "source_release": "2026-09-23.1",
        "source_accessed_on": "2026-09-27",
        "geometry_role": "current building-footprint polygon",
        "linkage_semantics": "Overlap/proximity only; not evidence that the building hosts AI compute."
      }
    },
    {
      "type": "Feature",
      "id": "968bd071-2226-48aa-a1f5-30c7afe3a34a",
      "geometry": {
        "type": "Polygon",
        "coordinates": [
          [
            [
              -82.7418354,
              40.1242189
            ],
            [
              -82.7418382,
              40.1241513
            ],
            [
              -82.7416426,
              40.1241465
            ],
            [
              -82.7416398,
              40.1242142
            ],
            [
              -82.7418354,
              40.1242189
            ]
          ]
        ]
      },
      "properties": {
        "epoch_id": "EPOCH-bdc85fadae79b6b2",
        "site_name": "AWS New Albany",
        "distance_to_site_km": 0.95,
        "footprint_area_m2_webmercator": 214.66,
        "source_dataset": "Overture Maps buildings",
        "source_url": "https://docs.overturemaps.org/getting-data/",
        "source_release": "2026-09-23.1",
        "source_accessed_on": "2026-09-27",
        "geometry_role": "current building-footprint polygon",
        "linkage_semantics": "Overlap/proximity only; not evidence that the building hosts AI compute."
      }
    },
    {
      "type": "Feature",
      "id": "fa2fabcf-d7f6-431b-af82-40262e02f006",
      "geometry": {
        "type": "Polygon",
        "coordinates": [
          [
            [
              -82.7442534,
              40.1248215
            ],
            [
              -82.7443297,
              40.1249575
            ],
            [
              -82.7444158,
              40.1249292
            ],
            [
              -82.7443861,
              40.1248764
            ],
            [
              -82.7444541,
              40.1248541
            ],
            [
              -82.7444074,
              40.1247709
            ],
            [
              -82.7442534,
              40.1248215
            ]
          ]
        ]
      },
      "properties": {
        "epoch_id": "EPOCH-bdc85fadae79b6b2",
        "site_name": "AWS New Albany",
        "distance_to_site_km": 1.0867,
        "footprint_area_m2_webmercator": 333.15,
        "source_dataset": "Overture Maps buildings",
        "source_url": "https://docs.overturemaps.org/getting-data/",
        "source_release": "2026-09-23.1",
        "source_accessed_on": "2026-09-27",
        "geometry_role": "current building-footprint polygon",
        "linkage_semantics": "Overlap/proximity only; not evidence that the building hosts AI compute."
      }
    },
    {
      "type": "Feature",
      "id": "a599a93c-0f3c-4568-8906-2dce5540d3cf",
      "geometry": {
        "type": "Polygon",
        "coordinates": [
          [
            [
              -82.7432378,
              40.1249478
            ],
            [
              -82.7434667,
              40.1249232
            ],
            [
              -82.7434504,
              40.1248347
            ],
            [
              -82.7432216,
              40.1248593
            ],
            [
              -82.7432378,
              40.1249478
            ]
          ]
        ]
      },
      "properties": {
        "epoch_id": "EPOCH-bdc85fadae79b6b2",
        "site_name": "AWS New Albany",
        "distance_to_site_km": 1.0607,
        "footprint_area_m2_webmercator": 334.71,
        "source_dataset": "Overture Maps buildings",
        "source_url": "https://docs.overturemaps.org/getting-data/",
        "source_release": "2026-09-23.1",
        "source_accessed_on": "2026-09-27",
        "geometry_role": "current building-footprint polygon",
        "linkage_semantics": "Overlap/proximity only; not evidence that the building hosts AI compute."
      }
    },
    {
      "type": "Feature",
      "id": "a9c9f525-2a72-4a99-a190-a1fe4860b1f0",
      "geometry": {
        "type": "Polygon",
        "coordinates": [
          [
            [
              -82.7429839,
              40.1249143
            ],
            [
              -82.7428901,
              40.124912
            ],
            [
              -82.7428866,
              40.1249971
            ],
            [
              -82.7429804,
              40.1249994
            ],
            [
              -82.7429839,
              40.1249143
            ]
          ]
        ]
      },
      "properties": {
        "epoch_id": "EPOCH-bdc85fadae79b6b2",
        "site_name": "AWS New Albany",
        "distance_to_site_km": 1.0575,
        "footprint_area_m2_webmercator": 129.5,
        "source_dataset": "Overture Maps buildings",
        "source_url": "https://docs.overturemaps.org/getting-data/",
        "source_release": "2026-09-23.1",
        "source_accessed_on": "2026-09-27",
        "geometry_role": "current building-footprint polygon",
        "linkage_semantics": "Overlap/proximity only; not evidence that the building hosts AI compute."
      }
    },
    {
      "type": "Feature",
      "id": "5a328fbb-a7a4-4884-a74d-dbd29a2a1e0e",
      "geometry": {
        "type": "Polygon",
        "coordinates": [
          [
            [
              -82.7408645,
              40.1245012
            ],
            [
              -82.7409735,
              40.1245089
            ],
            [
              -82.7409872,
              40.124395
            ],
            [
              -82.7408781,
              40.1243873
            ],
            [
              -82.7408645,
              40.1245012
            ]
          ]
        ]
      },
      "properties": {
        "epoch_id": "EPOCH-bdc85fadae79b6b2",
        "site_name": "AWS New Albany",
        "distance_to_site_km": 0.968,
        "footprint_area_m2_webmercator": 203.0,
        "source_dataset": "Overture Maps buildings",
        "source_url": "https://docs.overturemaps.org/getting-data/",
        "source_release": "2026-09-23.1",
        "source_accessed_on": "2026-09-27",
        "geometry_role": "current building-footprint polygon",
        "linkage_semantics": "Overlap/proximity only; not evidence that the building hosts AI compute."
      }
    },
    {
      "type": "Feature",
      "id": "4848e300-05ca-4abc-af6a-4c4184d6d3fe",
      "geometry": {
        "type": "Polygon",
        "coordinates": [
          [
            [
              -82.7409054,
              40.1243741
            ],
            [
              -82.7409667,
              40.1243846
            ],
            [
              -82.7409885,
              40.1243104
            ],
            [
              -82.7409272,
              40.1242999
            ],
            [
              -82.7409054,
              40.1243741
            ]
          ]
        ]
      },
      "properties": {
        "epoch_id": "EPOCH-bdc85fadae79b6b2",
        "site_name": "AWS New Albany",
        "distance_to_site_km": 0.9566,
        "footprint_area_m2_webmercator": 77.42,
        "source_dataset": "Overture Maps buildings",
        "source_url": "https://docs.overturemaps.org/getting-data/",
        "source_release": "2026-09-23.1",
        "source_accessed_on": "2026-09-27",
        "geometry_role": "current building-footprint polygon",
        "linkage_semantics": "Overlap/proximity only; not evidence that the building hosts AI compute."
      }
    },
    {
      "type": "Feature",
      "id": "c35e6b65-c15d-409c-adc8-7a06e926dbb4",
      "geometry": {
        "type": "Polygon",
        "coordinates": [
          [
            [
              -82.7405807,
              40.1247583
            ],
            [
              -82.7406423,
              40.1247599
            ],
            [
              -82.7406466,
              40.1246615
            ],
            [
              -82.74051,
              40.124658
            ],
            [
              -82.7405048,
              40.1247748
            ],
            [
              -82.7405799,
              40.1247767
            ],
            [
              -82.7405807,
              40.1247583
            ]
          ]
        ]
      },
      "properties": {
        "epoch_id": "EPOCH-bdc85fadae79b6b2",
        "site_name": "AWS New Albany",
        "distance_to_site_km": 0.9943,
        "footprint_area_m2_webmercator": 240.54,
        "source_dataset": "Overture Maps buildings",
        "source_url": "https://docs.overturemaps.org/getting-data/",
        "source_release": "2026-09-23.1",
        "source_accessed_on": "2026-09-27",
        "geometry_role": "current building-footprint polygon",
        "linkage_semantics": "Overlap/proximity only; not evidence that the building hosts AI compute."
      }
    },
    {
      "type": "Feature",
      "id": "1040da24-8f34-408f-9631-ec2d9cf2e77d",
      "geometry": {
        "type": "Polygon",
        "coordinates": [
          [
            [
              -82.7411594,
              40.1257374
            ],
            [
              -82.741354,
              40.1257405
            ],
            [
              -82.7413562,
              40.1256606
            ],
            [
              -82.7411617,
              40.1256575
            ],
            [
              -82.7411594,
              40.1257374
            ]
          ]
        ]
      },
      "properties": {
        "epoch_id": "EPOCH-bdc85fadae79b6b2",
        "site_name": "AWS New Albany",
        "distance_to_site_km": 1.1096,
        "footprint_area_m2_webmercator": 252.04,
        "source_dataset": "Overture Maps buildings",
        "source_url": "https://docs.overturemaps.org/getting-data/",
        "source_release": "2026-09-23.1",
        "source_accessed_on": "2026-09-27",
        "geometry_role": "current building-footprint polygon",
        "linkage_semantics": "Overlap/proximity only; not evidence that the building hosts AI compute."
      }
    },
    {
      "type": "Feature",
      "id": "3ec46c96-feb7-4b84-bf33-8770c5d6e171",
      "geometry": {
        "type": "Polygon",
        "coordinates": [
          [
            [
              -82.7418879,
              40.1256694
            ],
            [
              -82.7417835,
              40.1256661
            ],
            [
              -82.7417788,
              40.1257542
            ],
            [
              -82.7418832,
              40.1257575
            ],
            [
              -82.7418879,
              40.1256694
            ]
          ]
        ]
      },
      "properties": {
        "epoch_id": "EPOCH-bdc85fadae79b6b2",
        "site_name": "AWS New Albany",
        "distance_to_site_km": 1.1185,
        "footprint_area_m2_webmercator": 149.31,
        "source_dataset": "Overture Maps buildings",
        "source_url": "https://docs.overturemaps.org/getting-data/",
        "source_release": "2026-09-23.1",
        "source_accessed_on": "2026-09-27",
        "geometry_role": "current building-footprint polygon",
        "linkage_semantics": "Overlap/proximity only; not evidence that the building hosts AI compute."
      }
    },
    {
      "type": "Feature",
      "id": "61f9c814-f522-46c2-8c31-84d1976c65ce",
      "geometry": {
        "type": "Polygon",
        "coordinates": [
          [
            [
              -82.7430113,
              40.1257104
            ],
            [
              -82.7432433,
              40.125708
            ],
            [
              -82.7432418,
              40.1256239
            ],
            [
              -82.7430097,
              40.1256264
            ],
            [
              -82.7430113,
              40.1257104
            ]
          ]
        ]
      },
      "properties": {
        "epoch_id": "EPOCH-bdc85fadae79b6b2",
        "site_name": "AWS New Albany",
        "distance_to_site_km": 1.1381,
        "footprint_area_m2_webmercator": 316.15,
        "source_dataset": "Overture Maps buildings",
        "source_url": "https://docs.overturemaps.org/getting-data/",
        "source_release": "2026-09-23.1",
        "source_accessed_on": "2026-09-27",
        "geometry_role": "current building-footprint polygon",
        "linkage_semantics": "Overlap/proximity only; not evidence that the building hosts AI compute."
      }
    },
    {
      "type": "Feature",
      "id": "6f9e23ac-8ab2-4a26-b693-be4d218c5f07",
      "geometry": {
        "type": "Polygon",
        "coordinates": [
          [
            [
              -82.7434194,
              40.1257273
            ],
            [
              -82.7436163,
              40.125724
            ],
            [
              -82.7436129,
              40.1256031
            ],
            [
              -82.7434159,
              40.1256064
            ],
            [
              -82.7434194,
              40.1257273
            ]
          ]
        ]
      },
      "properties": {
        "epoch_id": "EPOCH-bdc85fadae79b6b2",
        "site_name": "AWS New Albany",
        "distance_to_site_km": 1.1472,
        "footprint_area_m2_webmercator": 386.08,
        "source_dataset": "Overture Maps buildings",
        "source_url": "https://docs.overturemaps.org/getting-data/",
        "source_release": "2026-09-23.1",
        "source_accessed_on": "2026-09-27",
        "geometry_role": "current building-footprint polygon",
        "linkage_semantics": "Overlap/proximity only; not evidence that the building hosts AI compute."
      }
    },
    {
      "type": "Feature",
      "id": "b5c56db0-f9fe-4347-a3fa-2007e52e4b68",
      "geometry": {
        "type": "Polygon",
        "coordinates": [
          [
            [
              -82.7444983,
              40.1258431
            ],
            [
              -82.7446741,
              40.1258541
            ],
            [
              -82.7446827,
              40.1257737
            ],
            [
              -82.7445068,
              40.1257627
            ],
            [
              -82.7444983,
              40.1258431
            ]
          ]
        ]
      },
      "properties": {
        "epoch_id": "EPOCH-bdc85fadae79b6b2",
        "site_name": "AWS New Albany",
        "distance_to_site_km": 1.1922,
        "footprint_area_m2_webmercator": 230.66,
        "source_dataset": "Overture Maps buildings",
        "source_url": "https://docs.overturemaps.org/getting-data/",
        "source_release": "2026-09-23.1",
        "source_accessed_on": "2026-09-27",
        "geometry_role": "current building-footprint polygon",
        "linkage_semantics": "Overlap/proximity only; not evidence that the building hosts AI compute."
      }
    },
    {
      "type": "Feature",
      "id": "0639c244-4a06-4e7c-a51b-4c6558db6d3d",
      "geometry": {
        "type": "Polygon",
        "coordinates": [
          [
            [
              -82.7445733,
              40.1260498
            ],
            [
              -82.7446709,
              40.1260525
            ],
            [
              -82.7446749,
              40.1259664
            ],
            [
              -82.7445772,
              40.1259638
            ],
            [
              -82.7445733,
              40.1260498
            ]
          ]
        ]
      },
      "properties": {
        "epoch_id": "EPOCH-bdc85fadae79b6b2",
        "site_name": "AWS New Albany",
        "distance_to_site_km": 1.214,
        "footprint_area_m2_webmercator": 136.35,
        "source_dataset": "Overture Maps buildings",
        "source_url": "https://docs.overturemaps.org/getting-data/",
        "source_release": "2026-09-23.1",
        "source_accessed_on": "2026-09-27",
        "geometry_role": "current building-footprint polygon",
        "linkage_semantics": "Overlap/proximity only; not evidence that the building hosts AI compute."
      }
    },
    {
      "type": "Feature",
      "id": "e63b289a-abdd-4c68-93c1-3003c57dd60e",
      "geometry": {
        "type": "Polygon",
        "coordinates": [
          [
            [
              -82.7437414,
              40.1260278
            ],
            [
              -82.7439279,
              40.1260304
            ],
            [
              -82.7439288,
              40.1259904
            ],
            [
              -82.7440683,
              40.1259923
            ],
            [
              -82.7440699,
              40.1259247
            ],
            [
              -82.7440147,
              40.1259239
            ],
            [
              -82.7440154,
              40.1258952
            ],
            [
              -82.7439108,
              40.1258938
            ],
            [
              -82.7439103,
              40.1259153
            ],
            [
              -82.743795,
              40.1259137
            ],
            [
              -82.7437941,
              40.1259537
            ],
            [
              -82.7437431,
              40.125953
            ],
            [
              -82.7437414,
              40.1260278
            ]
          ]
        ]
      },
      "properties": {
        "epoch_id": "EPOCH-bdc85fadae79b6b2",
        "site_name": "AWS New Albany",
        "distance_to_site_km": 1.1888,
        "footprint_area_m2_webmercator": 513.34,
        "source_dataset": "Overture Maps buildings",
        "source_url": "https://docs.overturemaps.org/getting-data/",
        "source_release": "2026-09-23.1",
        "source_accessed_on": "2026-09-27",
        "geometry_role": "current building-footprint polygon",
        "linkage_semantics": "Overlap/proximity only; not evidence that the building hosts AI compute."
      }
    },
    {
      "type": "Feature",
      "id": "fdf875fc-7460-4f13-9118-1d80bd90a284",
      "geometry": {
        "type": "Polygon",
        "coordinates": [
          [
            [
              -82.7434576,
              40.1258203
            ],
            [
              -82.743384,
              40.1258219
            ],
            [
              -82.7433865,
              40.1258895
            ],
            [
              -82.74346,
              40.1258879
            ],
            [
              -82.7434576,
              40.1258203
            ]
          ]
        ]
      },
      "properties": {
        "epoch_id": "EPOCH-bdc85fadae79b6b2",
        "site_name": "AWS New Albany",
        "distance_to_site_km": 1.1651,
        "footprint_area_m2_webmercator": 80.64,
        "source_dataset": "Overture Maps buildings",
        "source_url": "https://docs.overturemaps.org/getting-data/",
        "source_release": "2026-09-23.1",
        "source_accessed_on": "2026-09-27",
        "geometry_role": "current building-footprint polygon",
        "linkage_semantics": "Overlap/proximity only; not evidence that the building hosts AI compute."
      }
    },
    {
      "type": "Feature",
      "id": "ee3e5dbf-36d6-40f5-b59b-6fbb552fab23",
      "geometry": {
        "type": "Polygon",
        "coordinates": [
          [
            [
              -82.7423281,
              40.1257149
            ],
            [
              -82.742221,
              40.1257047
            ],
            [
              -82.7422123,
              40.1257582
            ],
            [
              -82.7420553,
              40.1257433
            ],
            [
              -82.7420431,
              40.125818
            ],
            [
              -82.7422345,
              40.1258362
            ],
            [
              -82.7422253,
              40.1258927
            ],
            [
              -82.7422981,
              40.1258997
            ],
            [
              -82.7423281,
              40.1257149
            ]
          ]
        ]
      },
      "properties": {
        "epoch_id": "EPOCH-bdc85fadae79b6b2",
        "site_name": "AWS New Albany",
        "distance_to_site_km": 1.1334,
        "footprint_area_m2_webmercator": 486.87,
        "source_dataset": "Overture Maps buildings",
        "source_url": "https://docs.overturemaps.org/getting-data/",
        "source_release": "2026-09-23.1",
        "source_accessed_on": "2026-09-27",
        "geometry_role": "current building-footprint polygon",
        "linkage_semantics": "Overlap/proximity only; not evidence that the building hosts AI compute."
      }
    },
    {
      "type": "Feature",
      "id": "d55089c7-10ba-4098-825f-c3b6cd4460aa",
      "geometry": {
        "type": "Polygon",
        "coordinates": [
          [
            [
              -82.7448455,
              40.1272523
            ],
            [
              -82.7447773,
              40.1271415
            ],
            [
              -82.744685,
              40.1271746
            ],
            [
              -82.7447532,
              40.1272855
            ],
            [
              -82.7448455,
              40.1272523
            ]
          ]
        ]
      },
      "properties": {
        "epoch_id": "EPOCH-bdc85fadae79b6b2",
        "site_name": "AWS New Albany",
        "distance_to_site_km": 1.344,
        "footprint_area_m2_webmercator": 202.46,
        "source_dataset": "Overture Maps buildings",
        "source_url": "https://docs.overturemaps.org/getting-data/",
        "source_release": "2026-09-23.1",
        "source_accessed_on": "2026-09-27",
        "geometry_role": "current building-footprint polygon",
        "linkage_semantics": "Overlap/proximity only; not evidence that the building hosts AI compute."
      }
    },
    {
      "type": "Feature",
      "id": "035ef81f-2933-4b9a-834c-875898163bc0",
      "geometry": {
        "type": "Polygon",
        "coordinates": [
          [
            [
              -82.7438781,
              40.1271812
            ],
            [
              -82.7438933,
              40.1270716
            ],
            [
              -82.7437846,
              40.1270628
            ],
            [
              -82.7437767,
              40.1271196
            ],
            [
              -82.7437342,
              40.1271161
            ],
            [
              -82.7437269,
              40.1271689
            ],
            [
              -82.7438781,
              40.1271812
            ]
          ]
        ]
      },
      "properties": {
        "epoch_id": "EPOCH-bdc85fadae79b6b2",
        "site_name": "AWS New Albany",
        "distance_to_site_km": 1.3101,
        "footprint_area_m2_webmercator": 232.0,
        "source_dataset": "Overture Maps buildings",
        "source_url": "https://docs.overturemaps.org/getting-data/",
        "source_release": "2026-09-23.1",
        "source_accessed_on": "2026-09-27",
        "geometry_role": "current building-footprint polygon",
        "linkage_semantics": "Overlap/proximity only; not evidence that the building hosts AI compute."
      }
    },
    {
      "type": "Feature",
      "id": "250d5319-1b07-41d4-8565-429a0d323dbc",
      "geometry": {
        "type": "Polygon",
        "coordinates": [
          [
            [
              -82.7327512,
              40.1259369
            ],
            [
              -82.7329545,
              40.1259813
            ],
            [
              -82.7329892,
              40.1258884
            ],
            [
              -82.7327859,
              40.1258439
            ],
            [
              -82.7327512,
              40.1259369
            ]
          ]
        ]
      },
      "properties": {
        "epoch_id": "EPOCH-bdc85fadae79b6b2",
        "site_name": "AWS New Albany",
        "distance_to_site_km": 1.2585,
        "footprint_area_m2_webmercator": 331.25,
        "source_dataset": "Overture Maps buildings",
        "source_url": "https://docs.overturemaps.org/getting-data/",
        "source_release": "2026-09-23.1",
        "source_accessed_on": "2026-09-27",
        "geometry_role": "current building-footprint polygon",
        "linkage_semantics": "Overlap/proximity only; not evidence that the building hosts AI compute."
      }
    },
    {
      "type": "Feature",
      "id": "6c0566af-1467-4040-bd1b-e3351ce006a9",
      "geometry": {
        "type": "Polygon",
        "coordinates": [
          [
            [
              -82.733889,
              40.1256897
            ],
            [
              -82.733891,
              40.1256755
            ],
            [
              -82.7340024,
              40.1256847
            ],
            [
              -82.7340161,
              40.1255874
            ],
            [
              -82.7337377,
              40.1255644
            ],
            [
              -82.733722,
              40.1256759
            ],
            [
              -82.733889,
              40.1256897
            ]
          ]
        ]
      },
      "properties": {
        "epoch_id": "EPOCH-bdc85fadae79b6b2",
        "site_name": "AWS New Albany",
        "distance_to_site_km": 1.1938,
        "footprint_area_m2_webmercator": 483.0,
        "source_dataset": "Overture Maps buildings",
        "source_url": "https://docs.overturemaps.org/getting-data/",
        "source_release": "2026-09-23.1",
        "source_accessed_on": "2026-09-27",
        "geometry_role": "current building-footprint polygon",
        "linkage_semantics": "Overlap/proximity only; not evidence that the building hosts AI compute."
      }
    },
    {
      "type": "Feature",
      "id": "6b3d658e-6545-4a81-96e1-e0f6802a1165",
      "geometry": {
        "type": "Polygon",
        "coordinates": [
          [
            [
              -82.7327329,
              40.1255905
            ],
            [
              -82.7328762,
              40.1256056
            ],
            [
              -82.7329108,
              40.1254133
            ],
            [
              -82.732687,
              40.1253898
            ],
            [
              -82.7326679,
              40.1254965
            ],
            [
              -82.7327483,
              40.1255049
            ],
            [
              -82.7327329,
              40.1255905
            ]
          ]
        ]
      },
      "properties": {
        "epoch_id": "EPOCH-bdc85fadae79b6b2",
        "site_name": "AWS New Albany",
        "distance_to_site_km": 1.2195,
        "footprint_area_m2_webmercator": 596.69,
        "source_dataset": "Overture Maps buildings",
        "source_url": "https://docs.overturemaps.org/getting-data/",
        "source_release": "2026-09-23.1",
        "source_accessed_on": "2026-09-27",
        "geometry_role": "current building-footprint polygon",
        "linkage_semantics": "Overlap/proximity only; not evidence that the building hosts AI compute."
      }
    },
    {
      "type": "Feature",
      "id": "13d4b2e6-ab08-4fcb-9072-93022a7d2abd",
      "geometry": {
        "type": "Polygon",
        "coordinates": [
          [
            [
              -82.7274224,
              40.1243425
            ],
            [
              -82.727267,
              40.124338
            ],
            [
              -82.7272624,
              40.1244309
            ],
            [
              -82.7274178,
              40.1244354
            ],
            [
              -82.7274224,
              40.1243425
            ]
          ]
        ]
      },
      "properties": {
        "epoch_id": "EPOCH-bdc85fadae79b6b2",
        "site_name": "AWS New Albany",
        "distance_to_site_km": 1.4089,
        "footprint_area_m2_webmercator": 234.3,
        "source_dataset": "Overture Maps buildings",
        "source_url": "https://docs.overturemaps.org/getting-data/",
        "source_release": "2026-09-23.1",
        "source_accessed_on": "2026-09-27",
        "geometry_role": "current building-footprint polygon",
        "linkage_semantics": "Overlap/proximity only; not evidence that the building hosts AI compute."
      }
    },
    {
      "type": "Feature",
      "id": "2852cfd4-3b8a-4d3c-89ba-f90eae5e22b0",
      "geometry": {
        "type": "Polygon",
        "coordinates": [
          [
            [
              -82.7267506,
              40.1252093
            ],
            [
              -82.7266622,
              40.1252074
            ],
            [
              -82.7266575,
              40.1253316
            ],
            [
              -82.7268731,
              40.1253364
            ],
            [
              -82.7268786,
              40.1251916
            ],
            [
              -82.7267835,
              40.1251895
            ],
            [
              -82.7267815,
              40.1252441
            ],
            [
              -82.7267493,
              40.1252434
            ],
            [
              -82.7267506,
              40.1252093
            ]
          ]
        ]
      },
      "properties": {
        "epoch_id": "EPOCH-bdc85fadae79b6b2",
        "site_name": "AWS New Albany",
        "distance_to_site_km": 1.5115,
        "footprint_area_m2_webmercator": 448.4,
        "source_dataset": "Overture Maps buildings",
        "source_url": "https://docs.overturemaps.org/getting-data/",
        "source_release": "2026-09-23.1",
        "source_accessed_on": "2026-09-27",
        "geometry_role": "current building-footprint polygon",
        "linkage_semantics": "Overlap/proximity only; not evidence that the building hosts AI compute."
      }
    },
    {
      "type": "Feature",
      "id": "fade1347-4a23-4b26-a5a3-666353613fd0",
      "geometry": {
        "type": "Polygon",
        "coordinates": [
          [
            [
              -82.7304748,
              40.1255946
            ],
            [
              -82.7305659,
              40.1255961
            ],
            [
              -82.730565,
              40.1256309
            ],
            [
              -82.7307527,
              40.125634
            ],
            [
              -82.730755,
              40.1255499
            ],
            [
              -82.7306772,
              40.1255487
            ],
            [
              -82.7306778,
              40.1255282
            ],
            [
              -82.7304767,
              40.1255249
            ],
            [
              -82.7304748,
              40.1255946
            ]
          ]
        ]
      },
      "properties": {
        "epoch_id": "EPOCH-bdc85fadae79b6b2",
        "site_name": "AWS New Albany",
        "distance_to_site_km": 1.3248,
        "footprint_area_m2_webmercator": 395.3,
        "source_dataset": "Overture Maps buildings",
        "source_url": "https://docs.overturemaps.org/getting-data/",
        "source_release": "2026-09-23.1",
        "source_accessed_on": "2026-09-27",
        "geometry_role": "current building-footprint polygon",
        "linkage_semantics": "Overlap/proximity only; not evidence that the building hosts AI compute."
      }
    },
    {
      "type": "Feature",
      "id": "03dddcbc-d316-4f0d-87ea-7af0bd12e695",
      "geometry": {
        "type": "Polygon",
        "coordinates": [
          [
            [
              -82.7298034,
              40.1252803
            ],
            [
              -82.729896,
              40.1252804
            ],
            [
              -82.7298964,
              40.1251788
            ],
            [
              -82.7298118,
              40.1251786
            ],
            [
              -82.7298119,
              40.1251581
            ],
            [
              -82.7297006,
              40.1251579
            ],
            [
              -82.7297007,
              40.1251488
            ],
            [
              -82.7296121,
              40.1251486
            ],
            [
              -82.7296121,
              40.125168
            ],
            [
              -82.7295316,
              40.1251678
            ],
            [
              -82.7295313,
              40.1252531
            ],
            [
              -82.7296172,
              40.1252532
            ],
            [
              -82.7296171,
              40.1252861
            ],
            [
              -82.7297363,
              40.1252863
            ],
            [
              -82.7297364,
              40.1252544
            ],
            [
              -82.7298035,
              40.1252545
            ],
            [
              -82.7298034,
              40.1252803
            ]
          ]
        ]
      },
      "properties": {
        "epoch_id": "EPOCH-bdc85fadae79b6b2",
        "site_name": "AWS New Albany",
        "distance_to_site_km": 1.3387,
        "footprint_area_m2_webmercator": 640.71,
        "source_dataset": "Overture Maps buildings",
        "source_url": "https://docs.overturemaps.org/getting-data/",
        "source_release": "2026-09-23.1",
        "source_accessed_on": "2026-09-27",
        "geometry_role": "current building-footprint polygon",
        "linkage_semantics": "Overlap/proximity only; not evidence that the building hosts AI compute."
      }
    },
    {
      "type": "Feature",
      "id": "0fee7e4e-95d0-41f0-acca-4c1c344b448a",
      "geometry": {
        "type": "Polygon",
        "coordinates": [
          [
            [
              -82.7316791,
              40.1253766
            ],
            [
              -82.7316796,
              40.1253582
            ],
            [
              -82.7317601,
              40.1253596
            ],
            [
              -82.7317622,
              40.12529
            ],
            [
              -82.731655,
              40.125288
            ],
            [
              -82.7316555,
              40.1252696
            ],
            [
              -82.7315027,
              40.1252668
            ],
            [
              -82.7314995,
              40.1253734
            ],
            [
              -82.7316791,
              40.1253766
            ]
          ]
        ]
      },
      "properties": {
        "epoch_id": "EPOCH-bdc85fadae79b6b2",
        "site_name": "AWS New Albany",
        "distance_to_site_km": 1.2541,
        "footprint_area_m2_webmercator": 393.18,
        "source_dataset": "Overture Maps buildings",
        "source_url": "https://docs.overturemaps.org/getting-data/",
        "source_release": "2026-09-23.1",
        "source_accessed_on": "2026-09-27",
        "geometry_role": "current building-footprint polygon",
        "linkage_semantics": "Overlap/proximity only; not evidence that the building hosts AI compute."
      }
    },
    {
      "type": "Feature",
      "id": "3befe413-260a-4fe4-b826-830e59cc5ba5",
      "geometry": {
        "type": "Polygon",
        "coordinates": [
          [
            [
              -82.7324179,
              40.1255027
            ],
            [
              -82.7324224,
              40.1253572
            ],
            [
              -82.7321436,
              40.1253521
            ],
            [
              -82.7321407,
              40.1254485
            ],
            [
              -82.7322935,
              40.1254512
            ],
            [
              -82.7322919,
              40.1255004
            ],
            [
              -82.7324179,
              40.1255027
            ]
          ]
        ]
      },
      "properties": {
        "epoch_id": "EPOCH-bdc85fadae79b6b2",
        "site_name": "AWS New Albany",
        "distance_to_site_km": 1.2332,
        "footprint_area_m2_webmercator": 535.92,
        "source_dataset": "Overture Maps buildings",
        "source_url": "https://docs.overturemaps.org/getting-data/",
        "source_release": "2026-09-23.1",
        "source_accessed_on": "2026-09-27",
        "geometry_role": "current building-footprint polygon",
        "linkage_semantics": "Overlap/proximity only; not evidence that the building hosts AI compute."
      }
    },
    {
      "type": "Feature",
      "id": "d4b47da3-f8b0-47d0-b22b-b7b3efa823d6",
      "geometry": {
        "type": "Polygon",
        "coordinates": [
          [
            [
              -82.7323696,
              40.1255482
            ],
            [
              -82.7323855,
              40.1255123
            ],
            [
              -82.7323373,
              40.1254998
            ],
            [
              -82.7323215,
              40.1255358
            ],
            [
              -82.7323696,
              40.1255482
            ]
          ]
        ]
      },
      "properties": {
        "epoch_id": "EPOCH-bdc85fadae79b6b2",
        "site_name": "AWS New Albany",
        "distance_to_site_km": 1.2411,
        "footprint_area_m2_webmercator": 31.25,
        "source_dataset": "Overture Maps buildings",
        "source_url": "https://docs.overturemaps.org/getting-data/",
        "source_release": "2026-09-23.1",
        "source_accessed_on": "2026-09-27",
        "geometry_role": "current building-footprint polygon",
        "linkage_semantics": "Overlap/proximity only; not evidence that the building hosts AI compute."
      }
    },
    {
      "type": "Feature",
      "id": "f7533418-457e-49fa-ac43-391554023727",
      "geometry": {
        "type": "Polygon",
        "coordinates": [
          [
            [
              -82.7317148,
              40.1266135
            ],
            [
              -82.731742,
              40.1263
            ],
            [
              -82.7315188,
              40.1262887
            ],
            [
              -82.7314916,
              40.1266022
            ],
            [
              -82.7317148,
              40.1266135
            ]
          ]
        ]
      },
      "properties": {
        "epoch_id": "EPOCH-bdc85fadae79b6b2",
        "site_name": "AWS New Albany",
        "distance_to_site_km": 1.3617,
        "footprint_area_m2_webmercator": 1139.02,
        "source_dataset": "Overture Maps buildings",
        "source_url": "https://docs.overturemaps.org/getting-data/",
        "source_release": "2026-09-23.1",
        "source_accessed_on": "2026-09-27",
        "geometry_role": "current building-footprint polygon",
        "linkage_semantics": "Overlap/proximity only; not evidence that the building hosts AI compute."
      }
    },
    {
      "type": "Feature",
      "id": "051197a3-8f8b-4cde-a4fc-cc3a90cd47ea",
      "geometry": {
        "type": "Polygon",
        "coordinates": [
          [
            [
              -82.7317026,
              40.126181
            ],
            [
              -82.7317356,
              40.1261835
            ],
            [
              -82.7317433,
              40.1261246
            ],
            [
              -82.7315867,
              40.1261126
            ],
            [
              -82.7315722,
              40.1262234
            ],
            [
              -82.7316958,
              40.1262328
            ],
            [
              -82.7317026,
              40.126181
            ]
          ]
        ]
      },
      "properties": {
        "epoch_id": "EPOCH-bdc85fadae79b6b2",
        "site_name": "AWS New Albany",
        "distance_to_site_km": 1.3331,
        "footprint_area_m2_webmercator": 255.93,
        "source_dataset": "Overture Maps buildings",
        "source_url": "https://docs.overturemaps.org/getting-data/",
        "source_release": "2026-09-23.1",
        "source_accessed_on": "2026-09-27",
        "geometry_role": "current building-footprint polygon",
        "linkage_semantics": "Overlap/proximity only; not evidence that the building hosts AI compute."
      }
    },
    {
      "type": "Feature",
      "id": "86173f8f-0d09-4d6b-9fb3-526d41c1a5f3",
      "geometry": {
        "type": "Polygon",
        "coordinates": [
          [
            [
              -82.7286729,
              40.1266237
            ],
            [
              -82.7288203,
              40.1266264
            ],
            [
              -82.7288233,
              40.1265321
            ],
            [
              -82.7287616,
              40.126531
            ],
            [
              -82.7287626,
              40.1265002
            ],
            [
              -82.7286768,
              40.1264986
            ],
            [
              -82.7286729,
              40.1266237
            ]
          ]
        ]
      },
      "properties": {
        "epoch_id": "EPOCH-bdc85fadae79b6b2",
        "site_name": "AWS New Albany",
        "distance_to_site_km": 1.5079,
        "footprint_area_m2_webmercator": 268.26,
        "source_dataset": "Overture Maps buildings",
        "source_url": "https://docs.overturemaps.org/getting-data/",
        "source_release": "2026-09-23.1",
        "source_accessed_on": "2026-09-27",
        "geometry_role": "current building-footprint polygon",
        "linkage_semantics": "Overlap/proximity only; not evidence that the building hosts AI compute."
      }
    },
    {
      "type": "Feature",
      "id": "492d6c88-19ab-49f6-b02f-981edc21bfbf",
      "geometry": {
        "type": "Polygon",
        "coordinates": [
          [
            [
              -82.7273171,
              40.1263018
            ],
            [
              -82.7272046,
              40.1262988
            ],
            [
              -82.7271983,
              40.1264339
            ],
            [
              -82.7273108,
              40.126437
            ],
            [
              -82.7273171,
              40.1263018
            ]
          ]
        ]
      },
      "properties": {
        "epoch_id": "EPOCH-bdc85fadae79b6b2",
        "site_name": "AWS New Albany",
        "distance_to_site_km": 1.5713,
        "footprint_area_m2_webmercator": 246.72,
        "source_dataset": "Overture Maps buildings",
        "source_url": "https://docs.overturemaps.org/getting-data/",
        "source_release": "2026-09-23.1",
        "source_accessed_on": "2026-09-27",
        "geometry_role": "current building-footprint polygon",
        "linkage_semantics": "Overlap/proximity only; not evidence that the building hosts AI compute."
      }
    },
    {
      "type": "Feature",
      "id": "7b1a54fd-a328-4ae9-92ca-3fb662906854",
      "geometry": {
        "type": "Polygon",
        "coordinates": [
          [
            [
              -82.7274619,
              40.1260585
            ],
            [
              -82.7273627,
              40.1260566
            ],
            [
              -82.7273594,
              40.1261578
            ],
            [
              -82.7274586,
              40.1261597
            ],
            [
              -82.7274619,
              40.1260585
            ]
          ]
        ]
      },
      "properties": {
        "epoch_id": "EPOCH-bdc85fadae79b6b2",
        "site_name": "AWS New Albany",
        "distance_to_site_km": 1.5411,
        "footprint_area_m2_webmercator": 162.8,
        "source_dataset": "Overture Maps buildings",
        "source_url": "https://docs.overturemaps.org/getting-data/",
        "source_release": "2026-09-23.1",
        "source_accessed_on": "2026-09-27",
        "geometry_role": "current building-footprint polygon",
        "linkage_semantics": "Overlap/proximity only; not evidence that the building hosts AI compute."
      }
    },
    {
      "type": "Feature",
      "id": "c5020a4e-e8ad-45cd-8add-b3b91db19ebf",
      "geometry": {
        "type": "Polygon",
        "coordinates": [
          [
            [
              -82.726463,
              40.1258389
            ],
            [
              -82.7266115,
              40.1258437
            ],
            [
              -82.7266175,
              40.1257339
            ],
            [
              -82.726469,
              40.1257291
            ],
            [
              -82.726463,
              40.1258389
            ]
          ]
        ]
      },
      "properties": {
        "epoch_id": "EPOCH-bdc85fadae79b6b2",
        "site_name": "AWS New Albany",
        "distance_to_site_km": 1.566,
        "footprint_area_m2_webmercator": 264.72,
        "source_dataset": "Overture Maps buildings",
        "source_url": "https://docs.overturemaps.org/getting-data/",
        "source_release": "2026-09-23.1",
        "source_accessed_on": "2026-09-27",
        "geometry_role": "current building-footprint polygon",
        "linkage_semantics": "Overlap/proximity only; not evidence that the building hosts AI compute."
      }
    },
    {
      "type": "Feature",
      "id": "68fa3e94-cc96-44bc-bce9-77220148f83a",
      "geometry": {
        "type": "Polygon",
        "coordinates": [
          [
            [
              -82.7227011,
              40.1268578
            ],
            [
              -82.7227104,
              40.1266796
            ],
            [
              -82.7225953,
              40.1266761
            ],
            [
              -82.7225892,
              40.1267908
            ],
            [
              -82.7225651,
              40.12679
            ],
            [
              -82.7225618,
              40.1268535
            ],
            [
              -82.7227011,
              40.1268578
            ]
          ]
        ]
      },
      "properties": {
        "epoch_id": "EPOCH-bdc85fadae79b6b2",
        "site_name": "AWS New Albany",
        "distance_to_site_km": 1.884,
        "footprint_area_m2_webmercator": 357.94,
        "source_dataset": "Overture Maps buildings",
        "source_url": "https://docs.overturemaps.org/getting-data/",
        "source_release": "2026-09-23.1",
        "source_accessed_on": "2026-09-27",
        "geometry_role": "current building-footprint polygon",
        "linkage_semantics": "Overlap/proximity only; not evidence that the building hosts AI compute."
      }
    },
    {
      "type": "Feature",
      "id": "3d57ab9d-c394-4b8a-925b-6ca385eee3c3",
      "geometry": {
        "type": "Polygon",
        "coordinates": [
          [
            [
              -82.7209528,
              40.1269083
            ],
            [
              -82.7208323,
              40.1269048
            ],
            [
              -82.7208302,
              40.1269457
            ],
            [
              -82.7209507,
              40.1269493
            ],
            [
              -82.7209528,
              40.1269083
            ]
          ]
        ]
      },
      "properties": {
        "epoch_id": "EPOCH-bdc85fadae79b6b2",
        "site_name": "AWS New Albany",
        "distance_to_site_km": 2.0105,
        "footprint_area_m2_webmercator": 80.09,
        "source_dataset": "Overture Maps buildings",
        "source_url": "https://docs.overturemaps.org/getting-data/",
        "source_release": "2026-09-23.1",
        "source_accessed_on": "2026-09-27",
        "geometry_role": "current building-footprint polygon",
        "linkage_semantics": "Overlap/proximity only; not evidence that the building hosts AI compute."
      }
    },
    {
      "type": "Feature",
      "id": "325ed109-81cd-4f58-8deb-076b8196491b",
      "geometry": {
        "type": "Polygon",
        "coordinates": [
          [
            [
              -82.7207446,
              40.1265382
            ],
            [
              -82.7207503,
              40.126325
            ],
            [
              -82.7206216,
              40.1263229
            ],
            [
              -82.7206159,
              40.1265361
            ],
            [
              -82.7207446,
              40.1265382
            ]
          ]
        ]
      },
      "properties": {
        "epoch_id": "EPOCH-bdc85fadae79b6b2",
        "site_name": "AWS New Albany",
        "distance_to_site_km": 1.9912,
        "footprint_area_m2_webmercator": 444.89,
        "source_dataset": "Overture Maps buildings",
        "source_url": "https://docs.overturemaps.org/getting-data/",
        "source_release": "2026-09-23.1",
        "source_accessed_on": "2026-09-27",
        "geometry_role": "current building-footprint polygon",
        "linkage_semantics": "Overlap/proximity only; not evidence that the building hosts AI compute."
      }
    },
    {
      "type": "Feature",
      "id": "4c996378-175f-40ba-9aa7-59ff554e08b6",
      "geometry": {
        "type": "Polygon",
        "coordinates": [
          [
            [
              -82.7227337,
              40.1261522
            ],
            [
              -82.7225393,
              40.1261476
            ],
            [
              -82.7225365,
              40.1262173
            ],
            [
              -82.7227309,
              40.1262219
            ],
            [
              -82.7227337,
              40.1261522
            ]
          ]
        ]
      },
      "properties": {
        "epoch_id": "EPOCH-bdc85fadae79b6b2",
        "site_name": "AWS New Albany",
        "distance_to_site_km": 1.843,
        "footprint_area_m2_webmercator": 219.8,
        "source_dataset": "Overture Maps buildings",
        "source_url": "https://docs.overturemaps.org/getting-data/",
        "source_release": "2026-09-23.1",
        "source_accessed_on": "2026-09-27",
        "geometry_role": "current building-footprint polygon",
        "linkage_semantics": "Overlap/proximity only; not evidence that the building hosts AI compute."
      }
    },
    {
      "type": "Feature",
      "id": "9712c5f8-9f3a-447a-8466-7b5112b0b443",
      "geometry": {
        "type": "Polygon",
        "coordinates": [
          [
            [
              -82.7226379,
              40.1261153
            ],
            [
              -82.7227289,
              40.1261179
            ],
            [
              -82.722732,
              40.1260544
            ],
            [
              -82.7226409,
              40.1260519
            ],
            [
              -82.7226379,
              40.1261153
            ]
          ]
        ]
      },
      "properties": {
        "epoch_id": "EPOCH-bdc85fadae79b6b2",
        "site_name": "AWS New Albany",
        "distance_to_site_km": 1.8327,
        "footprint_area_m2_webmercator": 93.75,
        "source_dataset": "Overture Maps buildings",
        "source_url": "https://docs.overturemaps.org/getting-data/",
        "source_release": "2026-09-23.1",
        "source_accessed_on": "2026-09-27",
        "geometry_role": "current building-footprint polygon",
        "linkage_semantics": "Overlap/proximity only; not evidence that the building hosts AI compute."
      }
    },
    {
      "type": "Feature",
      "id": "ae6bf108-89a6-46ad-935e-4eca1d5dc98c",
      "geometry": {
        "type": "Polygon",
        "coordinates": [
          [
            [
              -82.7227329,
              40.1260197
            ],
            [
              -82.7227354,
              40.1261694
            ],
            [
              -82.7229821,
              40.126167
            ],
            [
              -82.7229796,
              40.1260173
            ],
            [
              -82.7227329,
              40.1260197
            ]
          ]
        ]
      },
      "properties": {
        "epoch_id": "EPOCH-bdc85fadae79b6b2",
        "site_name": "AWS New Albany",
        "distance_to_site_km": 1.8219,
        "footprint_area_m2_webmercator": 598.62,
        "source_dataset": "Overture Maps buildings",
        "source_url": "https://docs.overturemaps.org/getting-data/",
        "source_release": "2026-09-23.1",
        "source_accessed_on": "2026-09-27",
        "geometry_role": "current building-footprint polygon",
        "linkage_semantics": "Overlap/proximity only; not evidence that the building hosts AI compute."
      }
    },
    {
      "type": "Feature",
      "id": "b17baab4-41f1-4259-9ab0-2c88dcfd49fb",
      "geometry": {
        "type": "Polygon",
        "coordinates": [
          [
            [
              -82.7225656,
              40.1258739
            ],
            [
              -82.7226526,
              40.1258754
            ],
            [
              -82.7226567,
              40.1257349
            ],
            [
              -82.722461,
              40.1257316
            ],
            [
              -82.7224543,
              40.1259633
            ],
            [
              -82.722563,
              40.1259651
            ],
            [
              -82.7225656,
              40.1258739
            ]
          ]
        ]
      },
      "properties": {
        "epoch_id": "EPOCH-bdc85fadae79b6b2",
        "site_name": "AWS New Albany",
        "distance_to_site_km": 1.8249,
        "footprint_area_m2_webmercator": 606.45,
        "source_dataset": "Overture Maps buildings",
        "source_url": "https://docs.overturemaps.org/getting-data/",
        "source_release": "2026-09-23.1",
        "source_accessed_on": "2026-09-27",
        "geometry_role": "current building-footprint polygon",
        "linkage_semantics": "Overlap/proximity only; not evidence that the building hosts AI compute."
      }
    },
    {
      "type": "Feature",
      "id": "c41be8f2-4d33-48cb-8aae-a31a716d6482",
      "geometry": {
        "type": "Polygon",
        "coordinates": [
          [
            [
              -82.7213626,
              40.1260535
            ],
            [
              -82.7212085,
              40.1260534
            ],
            [
              -82.7212084,
              40.1261447
            ],
            [
              -82.7214537,
              40.1261448
            ],
            [
              -82.7214537,
              40.1261069
            ],
            [
              -82.7214901,
              40.1261069
            ],
            [
              -82.7214901,
              40.1260536
            ],
            [
              -82.7214526,
              40.1260536
            ],
            [
              -82.7214526,
              40.1260125
            ],
            [
              -82.7213626,
              40.1260125
            ],
            [
              -82.7213626,
              40.1260535
            ]
          ]
        ]
      },
      "properties": {
        "epoch_id": "EPOCH-bdc85fadae79b6b2",
        "site_name": "AWS New Albany",
        "distance_to_site_km": 1.923,
        "footprint_area_m2_webmercator": 454.06,
        "source_dataset": "Overture Maps buildings",
        "source_url": "https://docs.overturemaps.org/getting-data/",
        "source_release": "2026-09-23.1",
        "source_accessed_on": "2026-09-27",
        "geometry_role": "current building-footprint polygon",
        "linkage_semantics": "Overlap/proximity only; not evidence that the building hosts AI compute."
      }
    },
    {
      "type": "Feature",
      "id": "b6127668-4421-498c-8823-105140910d6c",
      "geometry": {
        "type": "Polygon",
        "coordinates": [
          [
            [
              -82.7216599,
              40.1251866
            ],
            [
              -82.7215822,
              40.1251878
            ],
            [
              -82.7215844,
              40.1252718
            ],
            [
              -82.7216621,
              40.1252706
            ],
            [
              -82.7216599,
              40.1251866
            ]
          ]
        ]
      },
      "properties": {
        "epoch_id": "EPOCH-bdc85fadae79b6b2",
        "site_name": "AWS New Albany",
        "distance_to_site_km": 1.8487,
        "footprint_area_m2_webmercator": 105.82,
        "source_dataset": "Overture Maps buildings",
        "source_url": "https://docs.overturemaps.org/getting-data/",
        "source_release": "2026-09-23.1",
        "source_accessed_on": "2026-09-27",
        "geometry_role": "current building-footprint polygon",
        "linkage_semantics": "Overlap/proximity only; not evidence that the building hosts AI compute."
      }
    },
    {
      "type": "Feature",
      "id": "1f8e6fcf-75fd-4ab0-b7c4-e904541295d8",
      "geometry": {
        "type": "Polygon",
        "coordinates": [
          [
            [
              -82.7219186,
              40.1253533
            ],
            [
              -82.7219237,
              40.1252375
            ],
            [
              -82.721838,
              40.1252353
            ],
            [
              -82.7218329,
              40.1253511
            ],
            [
              -82.7219186,
              40.1253533
            ]
          ]
        ]
      },
      "properties": {
        "epoch_id": "EPOCH-bdc85fadae79b6b2",
        "site_name": "AWS New Albany",
        "distance_to_site_km": 1.835,
        "footprint_area_m2_webmercator": 161.02,
        "source_dataset": "Overture Maps buildings",
        "source_url": "https://docs.overturemaps.org/getting-data/",
        "source_release": "2026-09-23.1",
        "source_accessed_on": "2026-09-27",
        "geometry_role": "current building-footprint polygon",
        "linkage_semantics": "Overlap/proximity only; not evidence that the building hosts AI compute."
      }
    },
    {
      "type": "Feature",
      "id": "5e547421-c5de-408d-9218-193a8f11b8ed",
      "geometry": {
        "type": "Polygon",
        "coordinates": [
          [
            [
              -82.7227474,
              40.1250647
            ],
            [
              -82.7227482,
              40.1250483
            ],
            [
              -82.7226183,
              40.1250447
            ],
            [
              -82.7226146,
              40.1251225
            ],
            [
              -82.7226628,
              40.1251239
            ],
            [
              -82.722658,
              40.1252242
            ],
            [
              -82.7228026,
              40.1252283
            ],
            [
              -82.7228104,
              40.1250665
            ],
            [
              -82.7227474,
              40.1250647
            ]
          ]
        ]
      },
      "properties": {
        "epoch_id": "EPOCH-bdc85fadae79b6b2",
        "site_name": "AWS New Albany",
        "distance_to_site_km": 1.7662,
        "footprint_area_m2_webmercator": 462.38,
        "source_dataset": "Overture Maps buildings",
        "source_url": "https://docs.overturemaps.org/getting-data/",
        "source_release": "2026-09-23.1",
        "source_accessed_on": "2026-09-27",
        "geometry_role": "current building-footprint polygon",
        "linkage_semantics": "Overlap/proximity only; not evidence that the building hosts AI compute."
      }
    },
    {
      "type": "Feature",
      "id": "3b4b9953-9ff3-421a-9b6b-387b7147a8d8",
      "geometry": {
        "type": "Polygon",
        "coordinates": [
          [
            [
              -82.723172,
              40.1253451
            ],
            [
              -82.7231333,
              40.1253438
            ],
            [
              -82.7231312,
              40.1253806
            ],
            [
              -82.7231699,
              40.125382
            ],
            [
              -82.723172,
              40.1253451
            ]
          ]
        ]
      },
      "properties": {
        "epoch_id": "EPOCH-bdc85fadae79b6b2",
        "site_name": "AWS New Albany",
        "distance_to_site_km": 1.7521,
        "footprint_area_m2_webmercator": 23.16,
        "source_dataset": "Overture Maps buildings",
        "source_url": "https://docs.overturemaps.org/getting-data/",
        "source_release": "2026-09-23.1",
        "source_accessed_on": "2026-09-27",
        "geometry_role": "current building-footprint polygon",
        "linkage_semantics": "Overlap/proximity only; not evidence that the building hosts AI compute."
      }
    },
    {
      "type": "Feature",
      "id": "eaa5dc9a-3c98-444d-9d5d-dfcd580d580e",
      "geometry": {
        "type": "Polygon",
        "coordinates": [
          [
            [
              -82.7249489,
              40.1256396
            ],
            [
              -82.7249618,
              40.1255505
            ],
            [
              -82.7248599,
              40.1255419
            ],
            [
              -82.724847,
              40.125631
            ],
            [
              -82.7249489,
              40.1256396
            ]
          ]
        ]
      },
      "properties": {
        "epoch_id": "EPOCH-bdc85fadae79b6b2",
        "site_name": "AWS New Albany",
        "distance_to_site_km": 1.6526,
        "footprint_area_m2_webmercator": 148.94,
        "source_dataset": "Overture Maps buildings",
        "source_url": "https://docs.overturemaps.org/getting-data/",
        "source_release": "2026-09-23.1",
        "source_accessed_on": "2026-09-27",
        "geometry_role": "current building-footprint polygon",
        "linkage_semantics": "Overlap/proximity only; not evidence that the building hosts AI compute."
      }
    },
    {
      "type": "Feature",
      "id": "41b7e925-7ea6-4986-91d3-e9f2b1d8f1df",
      "geometry": {
        "type": "Polygon",
        "coordinates": [
          [
            [
              -82.7252314,
              40.125473
            ],
            [
              -82.7254944,
              40.1254927
            ],
            [
              -82.7255058,
              40.1254033
            ],
            [
              -82.7252428,
              40.1253837
            ],
            [
              -82.7252314,
              40.125473
            ]
          ]
        ]
      },
      "properties": {
        "epoch_id": "EPOCH-bdc85fadae79b6b2",
        "site_name": "AWS New Albany",
        "distance_to_site_km": 1.6118,
        "footprint_area_m2_webmercator": 384.47,
        "source_dataset": "Overture Maps buildings",
        "source_url": "https://docs.overturemaps.org/getting-data/",
        "source_release": "2026-09-23.1",
        "source_accessed_on": "2026-09-27",
        "geometry_role": "current building-footprint polygon",
        "linkage_semantics": "Overlap/proximity only; not evidence that the building hosts AI compute."
      }
    },
    {
      "type": "Feature",
      "id": "63e509e0-8c46-4a08-a115-0394b899c525",
      "geometry": {
        "type": "Polygon",
        "coordinates": [
          [
            [
              -82.724918,
              40.125533
            ],
            [
              -82.7250332,
              40.1255357
            ],
            [
              -82.7250388,
              40.1254005
            ],
            [
              -82.7249236,
              40.1253977
            ],
            [
              -82.724918,
              40.125533
            ]
          ]
        ]
      },
      "properties": {
        "epoch_id": "EPOCH-bdc85fadae79b6b2",
        "site_name": "AWS New Albany",
        "distance_to_site_km": 1.6388,
        "footprint_area_m2_webmercator": 252.76,
        "source_dataset": "Overture Maps buildings",
        "source_url": "https://docs.overturemaps.org/getting-data/",
        "source_release": "2026-09-23.1",
        "source_accessed_on": "2026-09-27",
        "geometry_role": "current building-footprint polygon",
        "linkage_semantics": "Overlap/proximity only; not evidence that the building hosts AI compute."
      }
    },
    {
      "type": "Feature",
      "id": "48e5069b-6e94-4ea1-9fb7-6eb91b3dd09f",
      "geometry": {
        "type": "Polygon",
        "coordinates": [
          [
            [
              -82.7260553,
              40.1252974
            ],
            [
              -82.7260597,
              40.125195
            ],
            [
              -82.7259565,
              40.1251924
            ],
            [
              -82.7259521,
              40.1252948
            ],
            [
              -82.7260553,
              40.1252974
            ]
          ]
        ]
      },
      "properties": {
        "epoch_id": "EPOCH-bdc85fadae79b6b2",
        "site_name": "AWS New Albany",
        "distance_to_site_km": 1.5572,
        "footprint_area_m2_webmercator": 171.45,
        "source_dataset": "Overture Maps buildings",
        "source_url": "https://docs.overturemaps.org/getting-data/",
        "source_release": "2026-09-23.1",
        "source_accessed_on": "2026-09-27",
        "geometry_role": "current building-footprint polygon",
        "linkage_semantics": "Overlap/proximity only; not evidence that the building hosts AI compute."
      }
    },
    {
      "type": "Feature",
      "id": "11ae2b50-1e32-4cc2-8265-b4587c9a94e2",
      "geometry": {
        "type": "Polygon",
        "coordinates": [
          [
            [
              -82.7251298,
              40.1250121
            ],
            [
              -82.7250254,
              40.1250089
            ],
            [
              -82.7250163,
              40.1251809
            ],
            [
              -82.7251208,
              40.1251841
            ],
            [
              -82.7251298,
              40.1250121
            ]
          ]
        ]
      },
      "properties": {
        "epoch_id": "EPOCH-bdc85fadae79b6b2",
        "site_name": "AWS New Albany",
        "distance_to_site_km": 1.606,
        "footprint_area_m2_webmercator": 291.62,
        "source_dataset": "Overture Maps buildings",
        "source_url": "https://docs.overturemaps.org/getting-data/",
        "source_release": "2026-09-23.1",
        "source_accessed_on": "2026-09-27",
        "geometry_role": "current building-footprint polygon",
        "linkage_semantics": "Overlap/proximity only; not evidence that the building hosts AI compute."
      }
    },
    {
      "type": "Feature",
      "id": "f20b8778-e218-4274-87d9-f625ad84a3e7",
      "geometry": {
        "type": "Polygon",
        "coordinates": [
          [
            [
              -82.7246829,
              40.1249457
            ],
            [
              -82.7246107,
              40.1249425
            ],
            [
              -82.7246037,
              40.1250366
            ],
            [
              -82.7248764,
              40.1250485
            ],
            [
              -82.7248807,
              40.1249913
            ],
            [
              -82.7248673,
              40.1249907
            ],
            [
              -82.7248711,
              40.1249396
            ],
            [
              -82.724684,
              40.1249314
            ],
            [
              -82.7246829,
              40.1249457
            ]
          ]
        ]
      },
      "properties": {
        "epoch_id": "EPOCH-bdc85fadae79b6b2",
        "site_name": "AWS New Albany",
        "distance_to_site_km": 1.6201,
        "footprint_area_m2_webmercator": 452.51,
        "source_dataset": "Overture Maps buildings",
        "source_url": "https://docs.overturemaps.org/getting-data/",
        "source_release": "2026-09-23.1",
        "source_accessed_on": "2026-09-27",
        "geometry_role": "current building-footprint polygon",
        "linkage_semantics": "Overlap/proximity only; not evidence that the building hosts AI compute."
      }
    },
    {
      "type": "Feature",
      "id": "101fb234-95ca-4164-8ae0-9758c8041658",
      "geometry": {
        "type": "Polygon",
        "coordinates": [
          [
            [
              -82.7255663,
              40.1249848
            ],
            [
              -82.7255182,
              40.1249826
            ],
            [
              -82.7255123,
              40.1250574
            ],
            [
              -82.7256058,
              40.1250617
            ],
            [
              -82.725602,
              40.1251095
            ],
            [
              -82.7257036,
              40.1251142
            ],
            [
              -82.7257072,
              40.1250685
            ],
            [
              -82.7258702,
              40.125076
            ],
            [
              -82.7258764,
              40.1249971
            ],
            [
              -82.7257161,
              40.1249897
            ],
            [
              -82.7257176,
              40.1249713
            ],
            [
              -82.7255679,
              40.1249644
            ],
            [
              -82.7255663,
              40.1249848
            ]
          ]
        ]
      },
      "properties": {
        "epoch_id": "EPOCH-bdc85fadae79b6b2",
        "site_name": "AWS New Albany",
        "distance_to_site_km": 1.5617,
        "footprint_area_m2_webmercator": 575.12,
        "source_dataset": "Overture Maps buildings",
        "source_url": "https://docs.overturemaps.org/getting-data/",
        "source_release": "2026-09-23.1",
        "source_accessed_on": "2026-09-27",
        "geometry_role": "current building-footprint polygon",
        "linkage_semantics": "Overlap/proximity only; not evidence that the building hosts AI compute."
      }
    },
    {
      "type": "Feature",
      "id": "782233b9-7241-4ba8-860e-6b6a701a8cbd",
      "geometry": {
        "type": "Polygon",
        "coordinates": [
          [
            [
              -82.7220116,
              40.1246051
            ],
            [
              -82.722015,
              40.1245118
            ],
            [
              -82.7219171,
              40.1245098
            ],
            [
              -82.7219137,
              40.124603
            ],
            [
              -82.7220116,
              40.1246051
            ]
          ]
        ]
      },
      "properties": {
        "epoch_id": "EPOCH-bdc85fadae79b6b2",
        "site_name": "AWS New Albany",
        "distance_to_site_km": 1.783,
        "footprint_area_m2_webmercator": 148.06,
        "source_dataset": "Overture Maps buildings",
        "source_url": "https://docs.overturemaps.org/getting-data/",
        "source_release": "2026-09-23.1",
        "source_accessed_on": "2026-09-27",
        "geometry_role": "current building-footprint polygon",
        "linkage_semantics": "Overlap/proximity only; not evidence that the building hosts AI compute."
      }
    },
    {
      "type": "Feature",
      "id": "03fd0ff8-f5d9-43f1-9a5b-c1cf55222538",
      "geometry": {
        "type": "Polygon",
        "coordinates": [
          [
            [
              -82.721255,
              40.1248692
            ],
            [
              -82.7213273,
              40.1248714
            ],
            [
              -82.7213311,
              40.1247997
            ],
            [
              -82.7212588,
              40.1247975
            ],
            [
              -82.721255,
              40.1248692
            ]
          ]
        ]
      },
      "properties": {
        "epoch_id": "EPOCH-bdc85fadae79b6b2",
        "site_name": "AWS New Albany",
        "distance_to_site_km": 1.8476,
        "footprint_area_m2_webmercator": 84.15,
        "source_dataset": "Overture Maps buildings",
        "source_url": "https://docs.overturemaps.org/getting-data/",
        "source_release": "2026-09-23.1",
        "source_accessed_on": "2026-09-27",
        "geometry_role": "current building-footprint polygon",
        "linkage_semantics": "Overlap/proximity only; not evidence that the building hosts AI compute."
      }
    },
    {
      "type": "Feature",
      "id": "aa116c10-80f0-4b5e-968b-26ebcfd82a23",
      "geometry": {
        "type": "Polygon",
        "coordinates": [
          [
            [
              -82.720575,
              40.1249315
            ],
            [
              -82.7205773,
              40.1248557
            ],
            [
              -82.7204084,
              40.1248527
            ],
            [
              -82.7204061,
              40.1249285
            ],
            [
              -82.720575,
              40.1249315
            ]
          ]
        ]
      },
      "properties": {
        "epoch_id": "EPOCH-bdc85fadae79b6b2",
        "site_name": "AWS New Albany",
        "distance_to_site_km": 1.9086,
        "footprint_area_m2_webmercator": 207.6,
        "source_dataset": "Overture Maps buildings",
        "source_url": "https://docs.overturemaps.org/getting-data/",
        "source_release": "2026-09-23.1",
        "source_accessed_on": "2026-09-27",
        "geometry_role": "current building-footprint polygon",
        "linkage_semantics": "Overlap/proximity only; not evidence that the building hosts AI compute."
      }
    },
    {
      "type": "Feature",
      "id": "71571451-0427-46b9-9d4a-672bbf466429",
      "geometry": {
        "type": "Polygon",
        "coordinates": [
          [
            [
              -82.7206562,
              40.1245404
            ],
            [
              -82.7205478,
              40.1245363
            ],
            [
              -82.7205404,
              40.1246499
            ],
            [
              -82.7206488,
              40.124654
            ],
            [
              -82.7206562,
              40.1245404
            ]
          ]
        ]
      },
      "properties": {
        "epoch_id": "EPOCH-bdc85fadae79b6b2",
        "site_name": "AWS New Albany",
        "distance_to_site_km": 1.8836,
        "footprint_area_m2_webmercator": 200.06,
        "source_dataset": "Overture Maps buildings",
        "source_url": "https://docs.overturemaps.org/getting-data/",
        "source_release": "2026-09-23.1",
        "source_accessed_on": "2026-09-27",
        "geometry_role": "current building-footprint polygon",
        "linkage_semantics": "Overlap/proximity only; not evidence that the building hosts AI compute."
      }
    },
    {
      "type": "Feature",
      "id": "e14cf1d9-09e3-4ec1-854c-236ac76e75b8",
      "geometry": {
        "type": "Polygon",
        "coordinates": [
          [
            [
              -82.7217668,
              40.124497
            ],
            [
              -82.7216678,
              40.1244936
            ],
            [
              -82.7216632,
              40.1245714
            ],
            [
              -82.7217622,
              40.1245748
            ],
            [
              -82.7217668,
              40.124497
            ]
          ]
        ]
      },
      "properties": {
        "epoch_id": "EPOCH-bdc85fadae79b6b2",
        "site_name": "AWS New Albany",
        "distance_to_site_km": 1.7994,
        "footprint_area_m2_webmercator": 125.08,
        "source_dataset": "Overture Maps buildings",
        "source_url": "https://docs.overturemaps.org/getting-data/",
        "source_release": "2026-09-23.1",
        "source_accessed_on": "2026-09-27",
        "geometry_role": "current building-footprint polygon",
        "linkage_semantics": "Overlap/proximity only; not evidence that the building hosts AI compute."
      }
    },
    {
      "type": "Feature",
      "id": "b6f1442a-3156-40c6-90b6-d1a4d6edb832",
      "geometry": {
        "type": "Polygon",
        "coordinates": [
          [
            [
              -82.7273618,
              40.1242956
            ],
            [
              -82.7274556,
              40.1242969
            ],
            [
              -82.7274567,
              40.1242538
            ],
            [
              -82.7273628,
              40.1242525
            ],
            [
              -82.7273618,
              40.1242956
            ]
          ]
        ]
      },
      "properties": {
        "epoch_id": "EPOCH-bdc85fadae79b6b2",
        "site_name": "AWS New Albany",
        "distance_to_site_km": 1.3963,
        "footprint_area_m2_webmercator": 65.58,
        "source_dataset": "Overture Maps buildings",
        "source_url": "https://docs.overturemaps.org/getting-data/",
        "source_release": "2026-09-23.1",
        "source_accessed_on": "2026-09-27",
        "geometry_role": "current building-footprint polygon",
        "linkage_semantics": "Overlap/proximity only; not evidence that the building hosts AI compute."
      }
    },
    {
      "type": "Feature",
      "id": "7b39b570-cb17-4fb7-a60e-a1bbd64c5813",
      "geometry": {
        "type": "Polygon",
        "coordinates": [
          [
            [
              -82.7275311,
              40.1242363
            ],
            [
              -82.727534,
              40.1241379
            ],
            [
              -82.7274697,
              40.1241368
            ],
            [
              -82.7274668,
              40.1242352
            ],
            [
              -82.7275311,
              40.1242363
            ]
          ]
        ]
      },
      "properties": {
        "epoch_id": "EPOCH-bdc85fadae79b6b2",
        "site_name": "AWS New Albany",
        "distance_to_site_km": 1.384,
        "footprint_area_m2_webmercator": 102.59,
        "source_dataset": "Overture Maps buildings",
        "source_url": "https://docs.overturemaps.org/getting-data/",
        "source_release": "2026-09-23.1",
        "source_accessed_on": "2026-09-27",
        "geometry_role": "current building-footprint polygon",
        "linkage_semantics": "Overlap/proximity only; not evidence that the building hosts AI compute."
      }
    },
    {
      "type": "Feature",
      "id": "652bd08f-d21f-4e44-90f2-3c52aca294aa",
      "geometry": {
        "type": "Polygon",
        "coordinates": [
          [
            [
              -82.7277098,
              40.1241176
            ],
            [
              -82.7277889,
              40.1241189
            ],
            [
              -82.7277919,
              40.124002
            ],
            [
              -82.7277128,
              40.1240008
            ],
            [
              -82.7277098,
              40.1241176
            ]
          ]
        ]
      },
      "properties": {
        "epoch_id": "EPOCH-bdc85fadae79b6b2",
        "site_name": "AWS New Albany",
        "distance_to_site_km": 1.3588,
        "footprint_area_m2_webmercator": 149.85,
        "source_dataset": "Overture Maps buildings",
        "source_url": "https://docs.overturemaps.org/getting-data/",
        "source_release": "2026-09-23.1",
        "source_accessed_on": "2026-09-27",
        "geometry_role": "current building-footprint polygon",
        "linkage_semantics": "Overlap/proximity only; not evidence that the building hosts AI compute."
      }
    },
    {
      "type": "Feature",
      "id": "6dbc7f38-725b-40de-bec2-8237861b53eb",
      "geometry": {
        "type": "Polygon",
        "coordinates": [
          [
            [
              -82.7301457,
              40.1242305
            ],
            [
              -82.7301496,
              40.1241292
            ],
            [
              -82.7299687,
              40.1241252
            ],
            [
              -82.7299648,
              40.1242264
            ],
            [
              -82.7301457,
              40.1242305
            ]
          ]
        ]
      },
      "properties": {
        "epoch_id": "EPOCH-bdc85fadae79b6b2",
        "site_name": "AWS New Albany",
        "distance_to_site_km": 1.2312,
        "footprint_area_m2_webmercator": 297.09,
        "source_dataset": "Overture Maps buildings",
        "source_url": "https://docs.overturemaps.org/getting-data/",
        "source_release": "2026-09-23.1",
        "source_accessed_on": "2026-09-27",
        "geometry_role": "current building-footprint polygon",
        "linkage_semantics": "Overlap/proximity only; not evidence that the building hosts AI compute."
      }
    },
    {
      "type": "Feature",
      "id": "8bbb6c7a-fe53-4853-8d04-55fafc7d0308",
      "geometry": {
        "type": "Polygon",
        "coordinates": [
          [
            [
              -82.7228263,
              40.1202264
            ],
            [
              -82.7227647,
              40.1202252
            ],
            [
              -82.7227607,
              40.1203462
            ],
            [
              -82.7229162,
              40.1203491
            ],
            [
              -82.7229202,
              40.1202282
            ],
            [
              -82.7229845,
              40.1202294
            ],
            [
              -82.722987,
              40.1201536
            ],
            [
              -82.7228288,
              40.1201506
            ],
            [
              -82.7228263,
              40.1202264
            ]
          ]
        ]
      },
      "properties": {
        "epoch_id": "EPOCH-bdc85fadae79b6b2",
        "site_name": "AWS New Albany",
        "distance_to_site_km": 1.5011,
        "footprint_area_m2_webmercator": 499.43,
        "source_dataset": "Overture Maps buildings",
        "source_url": "https://docs.overturemaps.org/getting-data/",
        "source_release": "2026-09-23.1",
        "source_accessed_on": "2026-09-27",
        "geometry_role": "current building-footprint polygon",
        "linkage_semantics": "Overlap/proximity only; not evidence that the building hosts AI compute."
      }
    },
    {
      "type": "Feature",
      "id": "648306e8-2877-4eae-816b-3486dbcf366f",
      "geometry": {
        "type": "Polygon",
        "coordinates": [
          [
            [
              -82.7342832,
              40.1183337
            ],
            [
              -82.7343356,
              40.1183996
            ],
            [
              -82.7345413,
              40.118304
            ],
            [
              -82.7344889,
              40.1182381
            ],
            [
              -82.7342832,
              40.1183337
            ]
          ]
        ]
      },
      "properties": {
        "epoch_id": "EPOCH-bdc85fadae79b6b2",
        "site_name": "AWS New Albany",
        "distance_to_site_km": 0.5175,
        "footprint_area_m2_webmercator": 300.84,
        "source_dataset": "Overture Maps buildings",
        "source_url": "https://docs.overturemaps.org/getting-data/",
        "source_release": "2026-09-23.1",
        "source_accessed_on": "2026-09-27",
        "geometry_role": "current building-footprint polygon",
        "linkage_semantics": "Overlap/proximity only; not evidence that the building hosts AI compute."
      }
    },
    {
      "type": "Feature",
      "id": "b1528068-a1d5-4c26-889e-e924f45c4713",
      "geometry": {
        "type": "Polygon",
        "coordinates": [
          [
            [
              -82.733814,
              40.1174895
            ],
            [
              -82.7339669,
              40.1174703
            ],
            [
              -82.7339424,
              40.1173565
            ],
            [
              -82.7337895,
              40.1173757
            ],
            [
              -82.733814,
              40.1174895
            ]
          ]
        ]
      },
      "properties": {
        "epoch_id": "EPOCH-bdc85fadae79b6b2",
        "site_name": "AWS New Albany",
        "distance_to_site_km": 0.5135,
        "footprint_area_m2_webmercator": 289.58,
        "source_dataset": "Overture Maps buildings",
        "source_url": "https://docs.overturemaps.org/getting-data/",
        "source_release": "2026-09-23.1",
        "source_accessed_on": "2026-09-27",
        "geometry_role": "current building-footprint polygon",
        "linkage_semantics": "Overlap/proximity only; not evidence that the building hosts AI compute."
      }
    },
    {
      "type": "Feature",
      "id": "d8a9ab3f-5a26-47f0-a278-3a4075303db3",
      "geometry": {
        "type": "Polygon",
        "coordinates": [
          [
            [
              -82.7340143,
              40.1172034
            ],
            [
              -82.7340195,
              40.1172252
            ],
            [
              -82.733939,
              40.1172364
            ],
            [
              -82.7339605,
              40.1173277
            ],
            [
              -82.73428,
              40.1172836
            ],
            [
              -82.7342533,
              40.1171704
            ],
            [
              -82.7340143,
              40.1172034
            ]
          ]
        ]
      },
      "properties": {
        "epoch_id": "EPOCH-bdc85fadae79b6b2",
        "site_name": "AWS New Albany",
        "distance_to_site_km": 0.4882,
        "footprint_area_m2_webmercator": 575.65,
        "source_dataset": "Overture Maps buildings",
        "source_url": "https://docs.overturemaps.org/getting-data/",
        "source_release": "2026-09-23.1",
        "source_accessed_on": "2026-09-27",
        "geometry_role": "current building-footprint polygon",
        "linkage_semantics": "Overlap/proximity only; not evidence that the building hosts AI compute."
      }
    },
    {
      "type": "Feature",
      "id": "7374190d-fbcb-45df-b2e2-840e8a27a4a4",
      "geometry": {
        "type": "Polygon",
        "coordinates": [
          [
            [
              -82.7371157,
              40.1173761
            ],
            [
              -82.7372034,
              40.1173238
            ],
            [
              -82.7371453,
              40.1172669
            ],
            [
              -82.7370577,
              40.1173192
            ],
            [
              -82.7371157,
              40.1173761
            ]
          ]
        ]
      },
      "properties": {
        "epoch_id": "EPOCH-bdc85fadae79b6b2",
        "site_name": "AWS New Albany",
        "distance_to_site_km": 0.2649,
        "footprint_area_m2_webmercator": 130.01,
        "source_dataset": "Overture Maps buildings",
        "source_url": "https://docs.overturemaps.org/getting-data/",
        "source_release": "2026-09-23.1",
        "source_accessed_on": "2026-09-27",
        "geometry_role": "current building-footprint polygon",
        "linkage_semantics": "Overlap/proximity only; not evidence that the building hosts AI compute."
      }
    },
    {
      "type": "Feature",
      "id": "7a99bbc5-cffc-46a5-b52d-52aee977f1c2",
      "geometry": {
        "type": "Polygon",
        "coordinates": [
          [
            [
              -82.7374202,
              40.1172647
            ],
            [
              -82.7374265,
              40.1171419
            ],
            [
              -82.7372162,
              40.1171355
            ],
            [
              -82.7372098,
              40.1172584
            ],
            [
              -82.7374202,
              40.1172647
            ]
          ]
        ]
      },
      "properties": {
        "epoch_id": "EPOCH-bdc85fadae79b6b2",
        "site_name": "AWS New Albany",
        "distance_to_site_km": 0.244,
        "footprint_area_m2_webmercator": 419.4,
        "source_dataset": "Overture Maps buildings",
        "source_url": "https://docs.overturemaps.org/getting-data/",
        "source_release": "2026-09-23.1",
        "source_accessed_on": "2026-09-27",
        "geometry_role": "current building-footprint polygon",
        "linkage_semantics": "Overlap/proximity only; not evidence that the building hosts AI compute."
      }
    },
    {
      "type": "Feature",
      "id": "73a8383b-4461-46a8-8d16-ff68a4f20f1f",
      "geometry": {
        "type": "Polygon",
        "coordinates": [
          [
            [
              -82.7375868,
              40.1176962
            ],
            [
              -82.7375936,
              40.1175603
            ],
            [
              -82.7374891,
              40.1175572
            ],
            [
              -82.7374823,
              40.1176931
            ],
            [
              -82.7375868,
              40.1176962
            ]
          ]
        ]
      },
      "properties": {
        "epoch_id": "EPOCH-bdc85fadae79b6b2",
        "site_name": "AWS New Albany",
        "distance_to_site_km": 0.2642,
        "footprint_area_m2_webmercator": 230.47,
        "source_dataset": "Overture Maps buildings",
        "source_url": "https://docs.overturemaps.org/getting-data/",
        "source_release": "2026-09-23.1",
        "source_accessed_on": "2026-09-27",
        "geometry_role": "current building-footprint polygon",
        "linkage_semantics": "Overlap/proximity only; not evidence that the building hosts AI compute."
      }
    },
    {
      "type": "Feature",
      "id": "fbf04cbe-dd46-454e-8eb5-554152f09412",
      "geometry": {
        "type": "Polygon",
        "coordinates": [
          [
            [
              -82.7359799,
              40.116137
            ],
            [
              -82.7359797,
              40.1161678
            ],
            [
              -82.7358416,
              40.1161674
            ],
            [
              -82.7358411,
              40.1162679
            ],
            [
              -82.7360651,
              40.1162686
            ],
            [
              -82.7360652,
              40.1162431
            ],
            [
              -82.7361564,
              40.1162434
            ],
            [
              -82.7361569,
              40.1161376
            ],
            [
              -82.7359799,
              40.116137
            ]
          ]
        ]
      },
      "properties": {
        "epoch_id": "EPOCH-bdc85fadae79b6b2",
        "site_name": "AWS New Albany",
        "distance_to_site_km": 0.3037,
        "footprint_area_m2_webmercator": 564.01,
        "source_dataset": "Overture Maps buildings",
        "source_url": "https://docs.overturemaps.org/getting-data/",
        "source_release": "2026-09-23.1",
        "source_accessed_on": "2026-09-27",
        "geometry_role": "current building-footprint polygon",
        "linkage_semantics": "Overlap/proximity only; not evidence that the building hosts AI compute."
      }
    },
    {
      "type": "Feature",
      "id": "588ef6b2-9167-4332-aa94-657f6ae747bb",
      "geometry": {
        "type": "Polygon",
        "coordinates": [
          [
            [
              -82.7384704,
              40.1163171
            ],
            [
              -82.7385334,
              40.1163188
            ],
            [
              -82.7385296,
              40.1163987
            ],
            [
              -82.7386407,
              40.1164018
            ],
            [
              -82.7386452,
              40.1163068
            ],
            [
              -82.7387028,
              40.1163084
            ],
            [
              -82.7387086,
              40.1161855
            ],
            [
              -82.7386577,
              40.1161841
            ],
            [
              -82.7386599,
              40.1161369
            ],
            [
              -82.7385541,
              40.116134
            ],
            [
              -82.7385552,
              40.1161095
            ],
            [
              -82.7384588,
              40.1161068
            ],
            [
              -82.7384514,
              40.1162646
            ],
            [
              -82.7384728,
              40.1162652
            ],
            [
              -82.7384704,
              40.1163171
            ]
          ]
        ]
      },
      "properties": {
        "epoch_id": "EPOCH-bdc85fadae79b6b2",
        "site_name": "AWS New Albany",
        "distance_to_site_km": 0.0952,
        "footprint_area_m2_webmercator": 871.79,
        "source_dataset": "Overture Maps buildings",
        "source_url": "https://docs.overturemaps.org/getting-data/",
        "source_release": "2026-09-23.1",
        "source_accessed_on": "2026-09-27",
        "geometry_role": "current building-footprint polygon",
        "linkage_semantics": "Overlap/proximity only; not evidence that the building hosts AI compute."
      }
    },
    {
      "type": "Feature",
      "id": "8626d292-ac19-4fbf-bb84-01c7f1662297",
      "geometry": {
        "type": "Polygon",
        "coordinates": [
          [
            [
              -82.7381445,
              40.1164606
            ],
            [
              -82.7382731,
              40.1164638
            ],
            [
              -82.7382785,
              40.1163367
            ],
            [
              -82.7381498,
              40.1163336
            ],
            [
              -82.7381445,
              40.1164606
            ]
          ]
        ]
      },
      "properties": {
        "epoch_id": "EPOCH-bdc85fadae79b6b2",
        "site_name": "AWS New Albany",
        "distance_to_site_km": 0.1304,
        "footprint_area_m2_webmercator": 265.13,
        "source_dataset": "Overture Maps buildings",
        "source_url": "https://docs.overturemaps.org/getting-data/",
        "source_release": "2026-09-23.1",
        "source_accessed_on": "2026-09-27",
        "geometry_role": "current building-footprint polygon",
        "linkage_semantics": "Overlap/proximity only; not evidence that the building hosts AI compute."
      }
    },
    {
      "type": "Feature",
      "id": "08617604-231c-4657-91f9-837161dbc46b",
      "geometry": {
        "type": "Polygon",
        "coordinates": [
          [
            [
              -82.7347553,
              40.1166238
            ],
            [
              -82.7347827,
              40.1165532
            ],
            [
              -82.7346929,
              40.1165328
            ],
            [
              -82.7346654,
              40.1166033
            ],
            [
              -82.7347553,
              40.1166238
            ]
          ]
        ]
      },
      "properties": {
        "epoch_id": "EPOCH-bdc85fadae79b6b2",
        "site_name": "AWS New Albany",
        "distance_to_site_km": 0.418,
        "footprint_area_m2_webmercator": 111.81,
        "source_dataset": "Overture Maps buildings",
        "source_url": "https://docs.overturemaps.org/getting-data/",
        "source_release": "2026-09-23.1",
        "source_accessed_on": "2026-09-27",
        "geometry_role": "current building-footprint polygon",
        "linkage_semantics": "Overlap/proximity only; not evidence that the building hosts AI compute."
      }
    },
    {
      "type": "Feature",
      "id": "635b987b-7985-4821-a806-1185bc7ce924",
      "geometry": {
        "type": "Polygon",
        "coordinates": [
          [
            [
              -82.7330513,
              40.1168672
            ],
            [
              -82.7330845,
              40.1167847
            ],
            [
              -82.7329423,
              40.1167514
            ],
            [
              -82.7329092,
              40.1168338
            ],
            [
              -82.7330513,
              40.1168672
            ]
          ]
        ]
      },
      "properties": {
        "epoch_id": "EPOCH-bdc85fadae79b6b2",
        "site_name": "AWS New Albany",
        "distance_to_site_km": 0.5671,
        "footprint_area_m2_webmercator": 207.83,
        "source_dataset": "Overture Maps buildings",
        "source_url": "https://docs.overturemaps.org/getting-data/",
        "source_release": "2026-09-23.1",
        "source_accessed_on": "2026-09-27",
        "geometry_role": "current building-footprint polygon",
        "linkage_semantics": "Overlap/proximity only; not evidence that the building hosts AI compute."
      }
    },
    {
      "type": "Feature",
      "id": "422bc849-581e-4940-b4d1-dc894076e956",
      "geometry": {
        "type": "Polygon",
        "coordinates": [
          [
            [
              -82.7332054,
              40.1162771
            ],
            [
              -82.7331089,
              40.1162752
            ],
            [
              -82.7331056,
              40.1163756
            ],
            [
              -82.7332503,
              40.1163785
            ],
            [
              -82.7332529,
              40.1163015
            ],
            [
              -82.7332918,
              40.1163023
            ],
            [
              -82.7332942,
              40.1162316
            ],
            [
              -82.733207,
              40.1162299
            ],
            [
              -82.7332054,
              40.1162771
            ]
          ]
        ]
      },
      "properties": {
        "epoch_id": "EPOCH-bdc85fadae79b6b2",
        "site_name": "AWS New Albany",
        "distance_to_site_km": 0.5418,
        "footprint_area_m2_webmercator": 317.25,
        "source_dataset": "Overture Maps buildings",
        "source_url": "https://docs.overturemaps.org/getting-data/",
        "source_release": "2026-09-23.1",
        "source_accessed_on": "2026-09-27",
        "geometry_role": "current building-footprint polygon",
        "linkage_semantics": "Overlap/proximity only; not evidence that the building hosts AI compute."
      }
    },
    {
      "type": "Feature",
      "id": "8ad3f129-b7d1-4190-af9d-2c63208c94bf",
      "geometry": {
        "type": "Polygon",
        "coordinates": [
          [
            [
              -82.7350588,
              40.1160185
            ],
            [
              -82.7350597,
              40.116001
            ],
            [
              -82.7349766,
              40.1159986
            ],
            [
              -82.7349694,
              40.116144
            ],
            [
              -82.7351984,
              40.1161507
            ],
            [
              -82.7352036,
              40.1160462
            ],
            [
              -82.7351647,
              40.1160451
            ],
            [
              -82.7351659,
              40.1160217
            ],
            [
              -82.7350588,
              40.1160185
            ]
          ]
        ]
      },
      "properties": {
        "epoch_id": "EPOCH-bdc85fadae79b6b2",
        "site_name": "AWS New Albany",
        "distance_to_site_km": 0.3801,
        "footprint_area_m2_webmercator": 484.16,
        "source_dataset": "Overture Maps buildings",
        "source_url": "https://docs.overturemaps.org/getting-data/",
        "source_release": "2026-09-23.1",
        "source_accessed_on": "2026-09-27",
        "geometry_role": "current building-footprint polygon",
        "linkage_semantics": "Overlap/proximity only; not evidence that the building hosts AI compute."
      }
    },
    {
      "type": "Feature",
      "id": "153e4df2-ed2c-41f3-b787-e7cbff759f19",
      "geometry": {
        "type": "Polygon",
        "coordinates": [
          [
            [
              -82.7316291,
              40.1157525
            ],
            [
              -82.7318382,
              40.1157571
            ],
            [
              -82.7318411,
              40.1156792
            ],
            [
              -82.7316321,
              40.1156746
            ],
            [
              -82.7316291,
              40.1157525
            ]
          ]
        ]
      },
      "properties": {
        "epoch_id": "EPOCH-bdc85fadae79b6b2",
        "site_name": "AWS New Albany",
        "distance_to_site_km": 0.6634,
        "footprint_area_m2_webmercator": 264.1,
        "source_dataset": "Overture Maps buildings",
        "source_url": "https://docs.overturemaps.org/getting-data/",
        "source_release": "2026-09-23.1",
        "source_accessed_on": "2026-09-27",
        "geometry_role": "current building-footprint polygon",
        "linkage_semantics": "Overlap/proximity only; not evidence that the building hosts AI compute."
      }
    },
    {
      "type": "Feature",
      "id": "9ba834ae-0de2-41d2-8c87-296efcb1e0f5",
      "geometry": {
        "type": "Polygon",
        "coordinates": [
          [
            [
              -82.73212,
              40.1159664
            ],
            [
              -82.7319567,
              40.1159612
            ],
            [
              -82.7319492,
              40.1160984
            ],
            [
              -82.7321125,
              40.1161036
            ],
            [
              -82.73212,
              40.1159664
            ]
          ]
        ]
      },
      "properties": {
        "epoch_id": "EPOCH-bdc85fadae79b6b2",
        "site_name": "AWS New Albany",
        "distance_to_site_km": 0.6384,
        "footprint_area_m2_webmercator": 363.68,
        "source_dataset": "Overture Maps buildings",
        "source_url": "https://docs.overturemaps.org/getting-data/",
        "source_release": "2026-09-23.1",
        "source_accessed_on": "2026-09-27",
        "geometry_role": "current building-footprint polygon",
        "linkage_semantics": "Overlap/proximity only; not evidence that the building hosts AI compute."
      }
    },
    {
      "type": "Feature",
      "id": "fc0c3e9b-b9f6-4372-940d-82c10c5dfe6a",
      "geometry": {
        "type": "Polygon",
        "coordinates": [
          [
            [
              -82.7230882,
              40.1185202
            ],
            [
              -82.7232435,
              40.1185251
            ],
            [
              -82.7232504,
              40.1183972
            ],
            [
              -82.7230951,
              40.1183923
            ],
            [
              -82.7230882,
              40.1185202
            ]
          ]
        ]
      },
      "properties": {
        "epoch_id": "EPOCH-bdc85fadae79b6b2",
        "site_name": "AWS New Albany",
        "distance_to_site_km": 1.4226,
        "footprint_area_m2_webmercator": 322.42,
        "source_dataset": "Overture Maps buildings",
        "source_url": "https://docs.overturemaps.org/getting-data/",
        "source_release": "2026-09-23.1",
        "source_accessed_on": "2026-09-27",
        "geometry_role": "current building-footprint polygon",
        "linkage_semantics": "Overlap/proximity only; not evidence that the building hosts AI compute."
      }
    },
    {
      "type": "Feature",
      "id": "749eb91e-6c4f-485d-82e2-ffc1c3d850ce",
      "geometry": {
        "type": "Polygon",
        "coordinates": [
          [
            [
              -82.7216557,
              40.1164844
            ],
            [
              -82.7214387,
              40.1164778
            ],
            [
              -82.7214033,
              40.1171649
            ],
            [
              -82.7216202,
              40.1171715
            ],
            [
              -82.7216557,
              40.1164844
            ]
          ]
        ]
      },
      "properties": {
        "epoch_id": "EPOCH-bdc85fadae79b6b2",
        "site_name": "AWS New Albany",
        "distance_to_site_km": 1.5353,
        "footprint_area_m2_webmercator": 2419.32,
        "source_dataset": "Overture Maps buildings",
        "source_url": "https://docs.overturemaps.org/getting-data/",
        "source_release": "2026-09-23.1",
        "source_accessed_on": "2026-09-27",
        "geometry_role": "current building-footprint polygon",
        "linkage_semantics": "Overlap/proximity only; not evidence that the building hosts AI compute."
      }
    },
    {
      "type": "Feature",
      "id": "baed4227-ba8e-4a69-a561-43110ee31ba7",
      "geometry": {
        "type": "Polygon",
        "coordinates": [
          [
            [
              -82.7210043,
              40.1171529
            ],
            [
              -82.721224,
              40.1171587
            ],
            [
              -82.7212547,
              40.1164785
            ],
            [
              -82.721035,
              40.1164727
            ],
            [
              -82.7210043,
              40.1171529
            ]
          ]
        ]
      },
      "properties": {
        "epoch_id": "EPOCH-bdc85fadae79b6b2",
        "site_name": "AWS New Albany",
        "distance_to_site_km": 1.5692,
        "footprint_area_m2_webmercator": 2424.47,
        "source_dataset": "Overture Maps buildings",
        "source_url": "https://docs.overturemaps.org/getting-data/",
        "source_release": "2026-09-23.1",
        "source_accessed_on": "2026-09-27",
        "geometry_role": "current building-footprint polygon",
        "linkage_semantics": "Overlap/proximity only; not evidence that the building hosts AI compute."
      }
    },
    {
      "type": "Feature",
      "id": "857d1234-77d6-446a-81d7-6cd4e23f7eef",
      "geometry": {
        "type": "Polygon",
        "coordinates": [
          [
            [
              -82.720611,
              40.1171402
            ],
            [
              -82.7208292,
              40.1171458
            ],
            [
              -82.7208591,
              40.1164656
            ],
            [
              -82.7206408,
              40.11646
            ],
            [
              -82.720611,
              40.1171402
            ]
          ]
        ]
      },
      "properties": {
        "epoch_id": "EPOCH-bdc85fadae79b6b2",
        "site_name": "AWS New Albany",
        "distance_to_site_km": 1.6026,
        "footprint_area_m2_webmercator": 2408.31,
        "source_dataset": "Overture Maps buildings",
        "source_url": "https://docs.overturemaps.org/getting-data/",
        "source_release": "2026-09-23.1",
        "source_accessed_on": "2026-09-27",
        "geometry_role": "current building-footprint polygon",
        "linkage_semantics": "Overlap/proximity only; not evidence that the building hosts AI compute."
      }
    },
    {
      "type": "Feature",
      "id": "6142d190-3abc-4f43-98e5-04d9425e64db",
      "geometry": {
        "type": "Polygon",
        "coordinates": [
          [
            [
              -82.7216704,
              40.1158852
            ],
            [
              -82.7216729,
              40.1157847
            ],
            [
              -82.721492,
              40.115782
            ],
            [
              -82.7214894,
              40.1158825
            ],
            [
              -82.7216704,
              40.1158852
            ]
          ]
        ]
      },
      "properties": {
        "epoch_id": "EPOCH-bdc85fadae79b6b2",
        "site_name": "AWS New Albany",
        "distance_to_site_km": 1.5268,
        "footprint_area_m2_webmercator": 294.79,
        "source_dataset": "Overture Maps buildings",
        "source_url": "https://docs.overturemaps.org/getting-data/",
        "source_release": "2026-09-23.1",
        "source_accessed_on": "2026-09-27",
        "geometry_role": "current building-footprint polygon",
        "linkage_semantics": "Overlap/proximity only; not evidence that the building hosts AI compute."
      }
    },
    {
      "type": "Feature",
      "id": "959798b0-2970-4dd6-a841-81776076f169",
      "geometry": {
        "type": "Polygon",
        "coordinates": [
          [
            [
              -82.7304828,
              40.1149735
            ],
            [
              -82.7303622,
              40.1149706
            ],
            [
              -82.7303636,
              40.1149357
            ],
            [
              -82.7303154,
              40.1149346
            ],
            [
              -82.7303107,
              40.1150493
            ],
            [
              -82.7304795,
              40.1150534
            ],
            [
              -82.7304828,
              40.1149735
            ]
          ]
        ]
      },
      "properties": {
        "epoch_id": "EPOCH-bdc85fadae79b6b2",
        "site_name": "AWS New Albany",
        "distance_to_site_km": 0.7828,
        "footprint_area_m2_webmercator": 245.99,
        "source_dataset": "Overture Maps buildings",
        "source_url": "https://docs.overturemaps.org/getting-data/",
        "source_release": "2026-09-23.1",
        "source_accessed_on": "2026-09-27",
        "geometry_role": "current building-footprint polygon",
        "linkage_semantics": "Overlap/proximity only; not evidence that the building hosts AI compute."
      }
    },
    {
      "type": "Feature",
      "id": "16052720-f330-4dc9-8059-ca4dd2c4d186",
      "geometry": {
        "type": "Polygon",
        "coordinates": [
          [
            [
              -82.7293082,
              40.1146654
            ],
            [
              -82.7293423,
              40.1145085
            ],
            [
              -82.7291218,
              40.1144805
            ],
            [
              -82.7290945,
              40.1146062
            ],
            [
              -82.7292027,
              40.11462
            ],
            [
              -82.729196,
              40.1146511
            ],
            [
              -82.7293082,
              40.1146654
            ]
          ]
        ]
      },
      "properties": {
        "epoch_id": "EPOCH-bdc85fadae79b6b2",
        "site_name": "AWS New Albany",
        "distance_to_site_km": 0.8878,
        "footprint_area_m2_webmercator": 519.81,
        "source_dataset": "Overture Maps buildings",
        "source_url": "https://docs.overturemaps.org/getting-data/",
        "source_release": "2026-09-23.1",
        "source_accessed_on": "2026-09-27",
        "geometry_role": "current building-footprint polygon",
        "linkage_semantics": "Overlap/proximity only; not evidence that the building hosts AI compute."
      }
    },
    {
      "type": "Feature",
      "id": "a6e182dd-9418-4361-895d-b07fcb846ee4",
      "geometry": {
        "type": "Polygon",
        "coordinates": [
          [
            [
              -82.7282431,
              40.1148831
            ],
            [
              -82.7284388,
              40.1148798
            ],
            [
              -82.7284359,
              40.1147785
            ],
            [
              -82.7282402,
              40.1147819
            ],
            [
              -82.7282431,
              40.1148831
            ]
          ]
        ]
      },
      "properties": {
        "epoch_id": "EPOCH-bdc85fadae79b6b2",
        "site_name": "AWS New Albany",
        "distance_to_site_km": 0.9583,
        "footprint_area_m2_webmercator": 321.23,
        "source_dataset": "Overture Maps buildings",
        "source_url": "https://docs.overturemaps.org/getting-data/",
        "source_release": "2026-09-23.1",
        "source_accessed_on": "2026-09-27",
        "geometry_role": "current building-footprint polygon",
        "linkage_semantics": "Overlap/proximity only; not evidence that the building hosts AI compute."
      }
    },
    {
      "type": "Feature",
      "id": "ff3ebb3d-160b-473e-a854-0126820a2eb7",
      "geometry": {
        "type": "Polygon",
        "coordinates": [
          [
            [
              -82.7215891,
              40.1138834
            ],
            [
              -82.7216855,
              40.1138861
            ],
            [
              -82.7216888,
              40.1138175
            ],
            [
              -82.7215924,
              40.1138148
            ],
            [
              -82.7215891,
              40.1138834
            ]
          ]
        ]
      },
      "properties": {
        "epoch_id": "EPOCH-bdc85fadae79b6b2",
        "site_name": "AWS New Albany",
        "distance_to_site_km": 1.5374,
        "footprint_area_m2_webmercator": 107.3,
        "source_dataset": "Overture Maps buildings",
        "source_url": "https://docs.overturemaps.org/getting-data/",
        "source_release": "2026-09-23.1",
        "source_accessed_on": "2026-09-27",
        "geometry_role": "current building-footprint polygon",
        "linkage_semantics": "Overlap/proximity only; not evidence that the building hosts AI compute."
      }
    },
    {
      "type": "Feature",
      "id": "9955c58c-f99d-474f-afe5-0bde0d506aeb",
      "geometry": {
        "type": "Polygon",
        "coordinates": [
          [
            [
              -82.7349502,
              40.1126457
            ],
            [
              -82.7349904,
              40.1126465
            ],
            [
              -82.7349881,
              40.1127141
            ],
            [
              -82.7352106,
              40.1127185
            ],
            [
              -82.735212,
              40.1126766
            ],
            [
              -82.735144,
              40.1126753
            ],
            [
              -82.7351471,
              40.1125819
            ],
            [
              -82.7349525,
              40.112578
            ],
            [
              -82.7349502,
              40.1126457
            ]
          ]
        ]
      },
      "properties": {
        "epoch_id": "EPOCH-bdc85fadae79b6b2",
        "site_name": "AWS New Albany",
        "distance_to_site_km": 0.5172,
        "footprint_area_m2_webmercator": 429.07,
        "source_dataset": "Overture Maps buildings",
        "source_url": "https://docs.overturemaps.org/getting-data/",
        "source_release": "2026-09-23.1",
        "source_accessed_on": "2026-09-27",
        "geometry_role": "current building-footprint polygon",
        "linkage_semantics": "Overlap/proximity only; not evidence that the building hosts AI compute."
      }
    },
    {
      "type": "Feature",
      "id": "b5ca8711-70b5-4cfe-9dc0-d9075c44e7f8",
      "geometry": {
        "type": "Polygon",
        "coordinates": [
          [
            [
              -82.7359777,
              40.1113411
            ],
            [
              -82.73599,
              40.1113864
            ],
            [
              -82.735864,
              40.1114064
            ],
            [
              -82.7358994,
              40.1115362
            ],
            [
              -82.7361188,
              40.1115012
            ],
            [
              -82.7360897,
              40.1113942
            ],
            [
              -82.736135,
              40.111387
            ],
            [
              -82.7361165,
              40.111319
            ],
            [
              -82.7359777,
              40.1113411
            ]
          ]
        ]
      },
      "properties": {
        "epoch_id": "EPOCH-bdc85fadae79b6b2",
        "site_name": "AWS New Albany",
        "distance_to_site_km": 0.5715,
        "footprint_area_m2_webmercator": 605.01,
        "source_dataset": "Overture Maps buildings",
        "source_url": "https://docs.overturemaps.org/getting-data/",
        "source_release": "2026-09-23.1",
        "source_accessed_on": "2026-09-27",
        "geometry_role": "current building-footprint polygon",
        "linkage_semantics": "Overlap/proximity only; not evidence that the building hosts AI compute."
      }
    },
    {
      "type": "Feature",
      "id": "b8ae0b9b-7ebe-4cc3-8c94-f4d341936288",
      "geometry": {
        "type": "Polygon",
        "coordinates": [
          [
            [
              -82.7352214,
              40.1115643
            ],
            [
              -82.7352345,
              40.1115626
            ],
            [
              -82.7352186,
              40.1114908
            ],
            [
              -82.7350413,
              40.1115138
            ],
            [
              -82.7350607,
              40.1116015
            ],
            [
              -82.7350346,
              40.1116049
            ],
            [
              -82.7350649,
              40.1117413
            ],
            [
              -82.7352552,
              40.1117167
            ],
            [
              -82.7352214,
              40.1115643
            ]
          ]
        ]
      },
      "properties": {
        "epoch_id": "EPOCH-bdc85fadae79b6b2",
        "site_name": "AWS New Albany",
        "distance_to_site_km": 0.5971,
        "footprint_area_m2_webmercator": 688.61,
        "source_dataset": "Overture Maps buildings",
        "source_url": "https://docs.overturemaps.org/getting-data/",
        "source_release": "2026-09-23.1",
        "source_accessed_on": "2026-09-27",
        "geometry_role": "current building-footprint polygon",
        "linkage_semantics": "Overlap/proximity only; not evidence that the building hosts AI compute."
      }
    },
    {
      "type": "Feature",
      "id": "e78e40b1-69c1-42e0-b983-1e5630c572ca",
      "geometry": {
        "type": "Polygon",
        "coordinates": [
          [
            [
              -82.7341937,
              40.1119628
            ],
            [
              -82.7342011,
              40.112142
            ],
            [
              -82.7343136,
              40.1121393
            ],
            [
              -82.7343088,
              40.1120225
            ],
            [
              -82.7343276,
              40.112022
            ],
            [
              -82.734325,
              40.1119596
            ],
            [
              -82.7341937,
              40.1119628
            ]
          ]
        ]
      },
      "properties": {
        "epoch_id": "EPOCH-bdc85fadae79b6b2",
        "site_name": "AWS New Albany",
        "distance_to_site_km": 0.6134,
        "footprint_area_m2_webmercator": 346.09,
        "source_dataset": "Overture Maps buildings",
        "source_url": "https://docs.overturemaps.org/getting-data/",
        "source_release": "2026-09-23.1",
        "source_accessed_on": "2026-09-27",
        "geometry_role": "current building-footprint polygon",
        "linkage_semantics": "Overlap/proximity only; not evidence that the building hosts AI compute."
      }
    },
    {
      "type": "Feature",
      "id": "90327667-ee69-4d8f-a1a8-ec6162c3a55e",
      "geometry": {
        "type": "Polygon",
        "coordinates": [
          [
            [
              -82.7340546,
              40.1118154
            ],
            [
              -82.734058,
              40.111884
            ],
            [
              -82.7341955,
              40.11188
            ],
            [
              -82.7341922,
              40.1118115
            ],
            [
              -82.7340546,
              40.1118154
            ]
          ]
        ]
      },
      "properties": {
        "epoch_id": "EPOCH-bdc85fadae79b6b2",
        "site_name": "AWS New Albany",
        "distance_to_site_km": 0.6368,
        "footprint_area_m2_webmercator": 153.0,
        "source_dataset": "Overture Maps buildings",
        "source_url": "https://docs.overturemaps.org/getting-data/",
        "source_release": "2026-09-23.1",
        "source_accessed_on": "2026-09-27",
        "geometry_role": "current building-footprint polygon",
        "linkage_semantics": "Overlap/proximity only; not evidence that the building hosts AI compute."
      }
    },
    {
      "type": "Feature",
      "id": "422c85c3-eedf-4a04-ab73-6c1bc2a47316",
      "geometry": {
        "type": "Polygon",
        "coordinates": [
          [
            [
              -82.7351003,
              40.111
            ],
            [
              -82.7350923,
              40.1109642
            ],
            [
              -82.7352095,
              40.1109488
            ],
            [
              -82.735182,
              40.1108261
            ],
            [
              -82.7349762,
              40.1108531
            ],
            [
              -82.7349983,
              40.1109519
            ],
            [
              -82.7349593,
              40.110957
            ],
            [
              -82.7349727,
              40.1110168
            ],
            [
              -82.7351003,
              40.111
            ]
          ]
        ]
      },
      "properties": {
        "epoch_id": "EPOCH-bdc85fadae79b6b2",
        "site_name": "AWS New Albany",
        "distance_to_site_km": 0.6628,
        "footprint_area_m2_webmercator": 513.12,
        "source_dataset": "Overture Maps buildings",
        "source_url": "https://docs.overturemaps.org/getting-data/",
        "source_release": "2026-09-23.1",
        "source_accessed_on": "2026-09-27",
        "geometry_role": "current building-footprint polygon",
        "linkage_semantics": "Overlap/proximity only; not evidence that the building hosts AI compute."
      }
    },
    {
      "type": "Feature",
      "id": "0598d47c-c1bb-49cf-941a-961d288ad4dc",
      "geometry": {
        "type": "Polygon",
        "coordinates": [
          [
            [
              -82.733934,
              40.1109589
            ],
            [
              -82.7339391,
              40.1109945
            ],
            [
              -82.7340583,
              40.1109845
            ],
            [
              -82.7340355,
              40.1108253
            ],
            [
              -82.7338961,
              40.110837
            ],
            [
              -82.7339138,
              40.1109606
            ],
            [
              -82.733934,
              40.1109589
            ]
          ]
        ]
      },
      "properties": {
        "epoch_id": "EPOCH-bdc85fadae79b6b2",
        "site_name": "AWS New Albany",
        "distance_to_site_km": 0.7211,
        "footprint_area_m2_webmercator": 352.11,
        "source_dataset": "Overture Maps buildings",
        "source_url": "https://docs.overturemaps.org/getting-data/",
        "source_release": "2026-09-23.1",
        "source_accessed_on": "2026-09-27",
        "geometry_role": "current building-footprint polygon",
        "linkage_semantics": "Overlap/proximity only; not evidence that the building hosts AI compute."
      }
    },
    {
      "type": "Feature",
      "id": "3a3d921a-7115-416e-8d20-c3849673f508",
      "geometry": {
        "type": "Polygon",
        "coordinates": [
          [
            [
              -82.7360461,
              40.1105437
            ],
            [
              -82.7359697,
              40.1105572
            ],
            [
              -82.735955,
              40.1105085
            ],
            [
              -82.7358965,
              40.1105188
            ],
            [
              -82.7359106,
              40.1105656
            ],
            [
              -82.7358495,
              40.1105764
            ],
            [
              -82.7358806,
              40.1106796
            ],
            [
              -82.7360767,
              40.110645
            ],
            [
              -82.7360461,
              40.1105437
            ]
          ]
        ]
      },
      "properties": {
        "epoch_id": "EPOCH-bdc85fadae79b6b2",
        "site_name": "AWS New Albany",
        "distance_to_site_km": 0.6538,
        "footprint_area_m2_webmercator": 389.55,
        "source_dataset": "Overture Maps buildings",
        "source_url": "https://docs.overturemaps.org/getting-data/",
        "source_release": "2026-09-23.1",
        "source_accessed_on": "2026-09-27",
        "geometry_role": "current building-footprint polygon",
        "linkage_semantics": "Overlap/proximity only; not evidence that the building hosts AI compute."
      }
    },
    {
      "type": "Feature",
      "id": "49c6bcbd-cc79-4363-9519-b859eb8ae4e6",
      "geometry": {
        "type": "Polygon",
        "coordinates": [
          [
            [
              -82.736677,
              40.1101691
            ],
            [
              -82.7366924,
              40.1103238
            ],
            [
              -82.7368115,
              40.1103168
            ],
            [
              -82.7368007,
              40.1102087
            ],
            [
              -82.736827,
              40.1102071
            ],
            [
              -82.7368216,
              40.1101521
            ],
            [
              -82.7367374,
              40.110157
            ],
            [
              -82.7367382,
              40.1101655
            ],
            [
              -82.736677,
              40.1101691
            ]
          ]
        ]
      },
      "properties": {
        "epoch_id": "EPOCH-bdc85fadae79b6b2",
        "site_name": "AWS New Albany",
        "distance_to_site_km": 0.6632,
        "footprint_area_m2_webmercator": 331.84,
        "source_dataset": "Overture Maps buildings",
        "source_url": "https://docs.overturemaps.org/getting-data/",
        "source_release": "2026-09-23.1",
        "source_accessed_on": "2026-09-27",
        "geometry_role": "current building-footprint polygon",
        "linkage_semantics": "Overlap/proximity only; not evidence that the building hosts AI compute."
      }
    },
    {
      "type": "Feature",
      "id": "dbe76396-03c5-4c2b-bb76-8058fcf29a6a",
      "geometry": {
        "type": "Polygon",
        "coordinates": [
          [
            [
              -82.7376925,
              40.1104703
            ],
            [
              -82.7377463,
              40.1105809
            ],
            [
              -82.7378393,
              40.1105545
            ],
            [
              -82.7377507,
              40.1103721
            ],
            [
              -82.737618,
              40.1104098
            ],
            [
              -82.7376529,
              40.1104815
            ],
            [
              -82.7376925,
              40.1104703
            ]
          ]
        ]
      },
      "properties": {
        "epoch_id": "EPOCH-bdc85fadae79b6b2",
        "site_name": "AWS New Albany",
        "distance_to_site_km": 0.6128,
        "footprint_area_m2_webmercator": 365.29,
        "source_dataset": "Overture Maps buildings",
        "source_url": "https://docs.overturemaps.org/getting-data/",
        "source_release": "2026-09-23.1",
        "source_accessed_on": "2026-09-27",
        "geometry_role": "current building-footprint polygon",
        "linkage_semantics": "Overlap/proximity only; not evidence that the building hosts AI compute."
      }
    },
    {
      "type": "Feature",
      "id": "7e6cbf61-dc92-4966-9949-796d94bb3bf6",
      "geometry": {
        "type": "Polygon",
        "coordinates": [
          [
            [
              -82.7362312,
              40.1113038
            ],
            [
              -82.736213,
              40.1112522
            ],
            [
              -82.736138,
              40.1112677
            ],
            [
              -82.7361562,
              40.1113193
            ],
            [
              -82.7362312,
              40.1113038
            ]
          ]
        ]
      },
      "properties": {
        "epoch_id": "EPOCH-bdc85fadae79b6b2",
        "site_name": "AWS New Albany",
        "distance_to_site_km": 0.5779,
        "footprint_area_m2_webmercator": 67.28,
        "source_dataset": "Overture Maps buildings",
        "source_url": "https://docs.overturemaps.org/getting-data/",
        "source_release": "2026-09-23.1",
        "source_accessed_on": "2026-09-27",
        "geometry_role": "current building-footprint polygon",
        "linkage_semantics": "Overlap/proximity only; not evidence that the building hosts AI compute."
      }
    },
    {
      "type": "Feature",
      "id": "128770c1-ae24-412a-a6f8-84517fff405e",
      "geometry": {
        "type": "Polygon",
        "coordinates": [
          [
            [
              -82.7371778,
              40.1113608
            ],
            [
              -82.7371173,
              40.1112761
            ],
            [
              -82.7370938,
              40.111286
            ],
            [
              -82.7370346,
              40.1112032
            ],
            [
              -82.736926,
              40.1112487
            ],
            [
              -82.737028,
              40.1113914
            ],
            [
              -82.7370933,
              40.1113641
            ],
            [
              -82.737111,
              40.1113888
            ],
            [
              -82.7371778,
              40.1113608
            ]
          ]
        ]
      },
      "properties": {
        "epoch_id": "EPOCH-bdc85fadae79b6b2",
        "site_name": "AWS New Albany",
        "distance_to_site_km": 0.5436,
        "footprint_area_m2_webmercator": 390.86,
        "source_dataset": "Overture Maps buildings",
        "source_url": "https://docs.overturemaps.org/getting-data/",
        "source_release": "2026-09-23.1",
        "source_accessed_on": "2026-09-27",
        "geometry_role": "current building-footprint polygon",
        "linkage_semantics": "Overlap/proximity only; not evidence that the building hosts AI compute."
      }
    },
    {
      "type": "Feature",
      "id": "e4545ba7-c9aa-4162-abe0-cac95b11f78e",
      "geometry": {
        "type": "Polygon",
        "coordinates": [
          [
            [
              -82.7406341,
              40.1140366
            ],
            [
              -82.7404707,
              40.1140197
            ],
            [
              -82.7404448,
              40.1141668
            ],
            [
              -82.7406082,
              40.1141836
            ],
            [
              -82.7406341,
              40.1140366
            ]
          ]
        ]
      },
      "properties": {
        "epoch_id": "EPOCH-bdc85fadae79b6b2",
        "site_name": "AWS New Albany",
        "distance_to_site_km": 0.208,
        "footprint_area_m2_webmercator": 396.41,
        "source_dataset": "Overture Maps buildings",
        "source_url": "https://docs.overturemaps.org/getting-data/",
        "source_release": "2026-09-23.1",
        "source_accessed_on": "2026-09-27",
        "geometry_role": "current building-footprint polygon",
        "linkage_semantics": "Overlap/proximity only; not evidence that the building hosts AI compute."
      }
    },
    {
      "type": "Feature",
      "id": "4f4f0bec-9fe0-4e73-9061-a9b31ca02e0a",
      "geometry": {
        "type": "Polygon",
        "coordinates": [
          [
            [
              -82.737057,
              40.112898
            ],
            [
              -82.7371958,
              40.1129452
            ],
            [
              -82.7372788,
              40.1128024
            ],
            [
              -82.73714,
              40.1127552
            ],
            [
              -82.737057,
              40.112898
            ]
          ]
        ]
      },
      "properties": {
        "epoch_id": "EPOCH-bdc85fadae79b6b2",
        "site_name": "AWS New Albany",
        "distance_to_site_km": 0.3856,
        "footprint_area_m2_webmercator": 384.64,
        "source_dataset": "Overture Maps buildings",
        "source_url": "https://docs.overturemaps.org/getting-data/",
        "source_release": "2026-09-23.1",
        "source_accessed_on": "2026-09-27",
        "geometry_role": "current building-footprint polygon",
        "linkage_semantics": "Overlap/proximity only; not evidence that the building hosts AI compute."
      }
    },
    {
      "type": "Feature",
      "id": "9e5c7ef2-4e62-42f3-8922-21f20c81e730",
      "geometry": {
        "type": "Polygon",
        "coordinates": [
          [
            [
              -82.7368553,
              40.1135024
            ],
            [
              -82.7370562,
              40.1133549
            ],
            [
              -82.7369495,
              40.1132699
            ],
            [
              -82.7367487,
              40.1134175
            ],
            [
              -82.7368553,
              40.1135024
            ]
          ]
        ]
      },
      "properties": {
        "epoch_id": "EPOCH-bdc85fadae79b6b2",
        "site_name": "AWS New Albany",
        "distance_to_site_km": 0.3502,
        "footprint_area_m2_webmercator": 531.45,
        "source_dataset": "Overture Maps buildings",
        "source_url": "https://docs.overturemaps.org/getting-data/",
        "source_release": "2026-09-23.1",
        "source_accessed_on": "2026-09-27",
        "geometry_role": "current building-footprint polygon",
        "linkage_semantics": "Overlap/proximity only; not evidence that the building hosts AI compute."
      }
    },
    {
      "type": "Feature",
      "id": "5999ae56-2771-4ddb-8b04-1a05ea89be90",
      "geometry": {
        "type": "Polygon",
        "coordinates": [
          [
            [
              -82.7358051,
              40.1130556
            ],
            [
              -82.7358337,
              40.1131653
            ],
            [
              -82.7359973,
              40.1131403
            ],
            [
              -82.7359923,
              40.1131213
            ],
            [
              -82.7360877,
              40.1131068
            ],
            [
              -82.7360692,
              40.1130357
            ],
            [
              -82.7359841,
              40.1130488
            ],
            [
              -82.7359789,
              40.113029
            ],
            [
              -82.7358051,
              40.1130556
            ]
          ]
        ]
      },
      "properties": {
        "epoch_id": "EPOCH-bdc85fadae79b6b2",
        "site_name": "AWS New Albany",
        "distance_to_site_km": 0.4299,
        "footprint_area_m2_webmercator": 419.93,
        "source_dataset": "Overture Maps buildings",
        "source_url": "https://docs.overturemaps.org/getting-data/",
        "source_release": "2026-09-23.1",
        "source_accessed_on": "2026-09-27",
        "geometry_role": "current building-footprint polygon",
        "linkage_semantics": "Overlap/proximity only; not evidence that the building hosts AI compute."
      }
    },
    {
      "type": "Feature",
      "id": "46d760b0-ed70-4f6e-a6b5-9fd12086371f",
      "geometry": {
        "type": "Polygon",
        "coordinates": [
          [
            [
              -82.7349785,
              40.1137719
            ],
            [
              -82.7349805,
              40.1137268
            ],
            [
              -82.7348385,
              40.1137232
            ],
            [
              -82.7348319,
              40.1138748
            ],
            [
              -82.7349686,
              40.1138783
            ],
            [
              -82.734971,
              40.1138209
            ],
            [
              -82.7350273,
              40.1138223
            ],
            [
              -82.7350294,
              40.1137731
            ],
            [
              -82.7349785,
              40.1137719
            ]
          ]
        ]
      },
      "properties": {
        "epoch_id": "EPOCH-bdc85fadae79b6b2",
        "site_name": "AWS New Albany",
        "distance_to_site_km": 0.4519,
        "footprint_area_m2_webmercator": 384.83,
        "source_dataset": "Overture Maps buildings",
        "source_url": "https://docs.overturemaps.org/getting-data/",
        "source_release": "2026-09-23.1",
        "source_accessed_on": "2026-09-27",
        "geometry_role": "current building-footprint polygon",
        "linkage_semantics": "Overlap/proximity only; not evidence that the building hosts AI compute."
      }
    },
    {
      "type": "Feature",
      "id": "8e4524c9-a159-428d-8c16-63742650d479",
      "geometry": {
        "type": "Polygon",
        "coordinates": [
          [
            [
              -82.7338003,
              40.1137262
            ],
            [
              -82.7338806,
              40.113729
            ],
            [
              -82.7338854,
              40.1136481
            ],
            [
              -82.7336418,
              40.1136396
            ],
            [
              -82.7336385,
              40.113696
            ],
            [
              -82.7336198,
              40.1136953
            ],
            [
              -82.7336148,
              40.1137782
            ],
            [
              -82.7335774,
              40.1137769
            ],
            [
              -82.7335741,
              40.1138322
            ],
            [
              -82.733823,
              40.1138408
            ],
            [
              -82.7338259,
              40.1137917
            ],
            [
              -82.7337965,
              40.1137907
            ],
            [
              -82.7338003,
              40.1137262
            ]
          ]
        ]
      },
      "properties": {
        "epoch_id": "EPOCH-bdc85fadae79b6b2",
        "site_name": "AWS New Albany",
        "distance_to_site_km": 0.5448,
        "footprint_area_m2_webmercator": 720.26,
        "source_dataset": "Overture Maps buildings",
        "source_url": "https://docs.overturemaps.org/getting-data/",
        "source_release": "2026-09-23.1",
        "source_accessed_on": "2026-09-27",
        "geometry_role": "current building-footprint polygon",
        "linkage_semantics": "Overlap/proximity only; not evidence that the building hosts AI compute."
      }
    },
    {
      "type": "Feature",
      "id": "32fbf743-e969-48b4-8729-2ea7ed8401e9",
      "geometry": {
        "type": "Polygon",
        "coordinates": [
          [
            [
              -82.7362321,
              40.1137109
            ],
            [
              -82.7361932,
              40.113611
            ],
            [
              -82.7359985,
              40.1136554
            ],
            [
              -82.7360374,
              40.1137552
            ],
            [
              -82.7362321,
              40.1137109
            ]
          ]
        ]
      },
      "properties": {
        "epoch_id": "EPOCH-bdc85fadae79b6b2",
        "site_name": "AWS New Albany",
        "distance_to_site_km": 0.3747,
        "footprint_area_m2_webmercator": 342.97,
        "source_dataset": "Overture Maps buildings",
        "source_url": "https://docs.overturemaps.org/getting-data/",
        "source_release": "2026-09-23.1",
        "source_accessed_on": "2026-09-27",
        "geometry_role": "current building-footprint polygon",
        "linkage_semantics": "Overlap/proximity only; not evidence that the building hosts AI compute."
      }
    },
    {
      "type": "Feature",
      "id": "a4a176f7-d14b-460f-99a5-de4532ed9100",
      "geometry": {
        "type": "Polygon",
        "coordinates": [
          [
            [
              -82.7362132,
              40.1149468
            ],
            [
              -82.7362161,
              40.1148545
            ],
            [
              -82.736113,
              40.1148526
            ],
            [
              -82.7361101,
              40.1149449
            ],
            [
              -82.7362132,
              40.1149468
            ]
          ]
        ]
      },
      "properties": {
        "epoch_id": "EPOCH-bdc85fadae79b6b2",
        "site_name": "AWS New Albany",
        "distance_to_site_km": 0.304,
        "footprint_area_m2_webmercator": 154.29,
        "source_dataset": "Overture Maps buildings",
        "source_url": "https://docs.overturemaps.org/getting-data/",
        "source_release": "2026-09-23.1",
        "source_accessed_on": "2026-09-27",
        "geometry_role": "current building-footprint polygon",
        "linkage_semantics": "Overlap/proximity only; not evidence that the building hosts AI compute."
      }
    },
    {
      "type": "Feature",
      "id": "d5eb7eb6-d896-41cc-be99-0f39d756c4cd",
      "geometry": {
        "type": "Polygon",
        "coordinates": [
          [
            [
              -82.7358705,
              40.1146436
            ],
            [
              -82.7357715,
              40.1146402
            ],
            [
              -82.7357662,
              40.1147324
            ],
            [
              -82.7358652,
              40.1147357
            ],
            [
              -82.7358705,
              40.1146436
            ]
          ]
        ]
      },
      "properties": {
        "epoch_id": "EPOCH-bdc85fadae79b6b2",
        "site_name": "AWS New Albany",
        "distance_to_site_km": 0.3397,
        "footprint_area_m2_webmercator": 148.11,
        "source_dataset": "Overture Maps buildings",
        "source_url": "https://docs.overturemaps.org/getting-data/",
        "source_release": "2026-09-23.1",
        "source_accessed_on": "2026-09-27",
        "geometry_role": "current building-footprint polygon",
        "linkage_semantics": "Overlap/proximity only; not evidence that the building hosts AI compute."
      }
    },
    {
      "type": "Feature",
      "id": "dc1259cd-fcc0-4ecf-966e-5bdad590b878",
      "geometry": {
        "type": "Polygon",
        "coordinates": [
          [
            [
              -82.7335653,
              40.1143263
            ],
            [
              -82.7334162,
              40.1143111
            ],
            [
              -82.7334015,
              40.1143957
            ],
            [
              -82.7335505,
              40.114411
            ],
            [
              -82.7335653,
              40.1143263
            ]
          ]
        ]
      },
      "properties": {
        "epoch_id": "EPOCH-bdc85fadae79b6b2",
        "site_name": "AWS New Albany",
        "distance_to_site_km": 0.5392,
        "footprint_area_m2_webmercator": 208.09,
        "source_dataset": "Overture Maps buildings",
        "source_url": "https://docs.overturemaps.org/getting-data/",
        "source_release": "2026-09-23.1",
        "source_accessed_on": "2026-09-27",
        "geometry_role": "current building-footprint polygon",
        "linkage_semantics": "Overlap/proximity only; not evidence that the building hosts AI compute."
      }
    },
    {
      "type": "Feature",
      "id": "883aac7c-bf3f-4a78-b52c-14c28d2c4435",
      "geometry": {
        "type": "Polygon",
        "coordinates": [
          [
            [
              -82.7335867,
              40.1148182
            ],
            [
              -82.7335355,
              40.1147572
            ],
            [
              -82.7334577,
              40.1147955
            ],
            [
              -82.7335113,
              40.1148593
            ],
            [
              -82.7333974,
              40.1149153
            ],
            [
              -82.7335231,
              40.1150648
            ],
            [
              -82.7335971,
              40.1150284
            ],
            [
              -82.7335752,
              40.1150023
            ],
            [
              -82.7336549,
              40.1149631
            ],
            [
              -82.7335487,
              40.1148368
            ],
            [
              -82.7335867,
              40.1148182
            ]
          ]
        ]
      },
      "properties": {
        "epoch_id": "EPOCH-bdc85fadae79b6b2",
        "site_name": "AWS New Albany",
        "distance_to_site_km": 0.5204,
        "footprint_area_m2_webmercator": 589.95,
        "source_dataset": "Overture Maps buildings",
        "source_url": "https://docs.overturemaps.org/getting-data/",
        "source_release": "2026-09-23.1",
        "source_accessed_on": "2026-09-27",
        "geometry_role": "current building-footprint polygon",
        "linkage_semantics": "Overlap/proximity only; not evidence that the building hosts AI compute."
      }
    },
    {
      "type": "Feature",
      "id": "58b5ac08-fc2b-4785-8ea1-7bafdc3e5227",
      "geometry": {
        "type": "Polygon",
        "coordinates": [
          [
            [
              -82.734875,
              40.1148439
            ],
            [
              -82.7348066,
              40.114842
            ],
            [
              -82.7348003,
              40.1149752
            ],
            [
              -82.7350065,
              40.1149809
            ],
            [
              -82.735011,
              40.1148867
            ],
            [
              -82.7348732,
              40.1148828
            ],
            [
              -82.734875,
              40.1148439
            ]
          ]
        ]
      },
      "properties": {
        "epoch_id": "EPOCH-bdc85fadae79b6b2",
        "site_name": "AWS New Albany",
        "distance_to_site_km": 0.4065,
        "footprint_area_m2_webmercator": 358.59,
        "source_dataset": "Overture Maps buildings",
        "source_url": "https://docs.overturemaps.org/getting-data/",
        "source_release": "2026-09-23.1",
        "source_accessed_on": "2026-09-27",
        "geometry_role": "current building-footprint polygon",
        "linkage_semantics": "Overlap/proximity only; not evidence that the building hosts AI compute."
      }
    },
    {
      "type": "Feature",
      "id": "6c80b857-01a4-476a-9648-4d860f3f7ee3",
      "geometry": {
        "type": "Polygon",
        "coordinates": [
          [
            [
              -82.7356806,
              40.1149037
            ],
            [
              -82.7354477,
              40.1148964
            ],
            [
              -82.7354424,
              40.1149968
            ],
            [
              -82.735595,
              40.1150015
            ],
            [
              -82.735596,
              40.1149831
            ],
            [
              -82.7356763,
              40.1149856
            ],
            [
              -82.7356806,
              40.1149037
            ]
          ]
        ]
      },
      "properties": {
        "epoch_id": "EPOCH-bdc85fadae79b6b2",
        "site_name": "AWS New Albany",
        "distance_to_site_km": 0.3516,
        "footprint_area_m2_webmercator": 355.34,
        "source_dataset": "Overture Maps buildings",
        "source_url": "https://docs.overturemaps.org/getting-data/",
        "source_release": "2026-09-23.1",
        "source_accessed_on": "2026-09-27",
        "geometry_role": "current building-footprint polygon",
        "linkage_semantics": "Overlap/proximity only; not evidence that the building hosts AI compute."
      }
    },
    {
      "type": "Feature",
      "id": "0628303a-5033-49df-a5ea-78d26eec7304",
      "geometry": {
        "type": "Polygon",
        "coordinates": [
          [
            [
              -82.7359736,
              40.1153956
            ],
            [
              -82.7360004,
              40.1153962
            ],
            [
              -82.7359988,
              40.1154433
            ],
            [
              -82.7361006,
              40.1154453
            ],
            [
              -82.7361037,
              40.1153531
            ],
            [
              -82.7359751,
              40.1153506
            ],
            [
              -82.7359736,
              40.1153956
            ]
          ]
        ]
      },
      "properties": {
        "epoch_id": "EPOCH-bdc85fadae79b6b2",
        "site_name": "AWS New Albany",
        "distance_to_site_km": 0.3004,
        "footprint_area_m2_webmercator": 171.73,
        "source_dataset": "Overture Maps buildings",
        "source_url": "https://docs.overturemaps.org/getting-data/",
        "source_release": "2026-09-23.1",
        "source_accessed_on": "2026-09-27",
        "geometry_role": "current building-footprint polygon",
        "linkage_semantics": "Overlap/proximity only; not evidence that the building hosts AI compute."
      }
    },
    {
      "type": "Feature",
      "id": "6b4021c7-9369-4313-a760-e3fad0e07a02",
      "geometry": {
        "type": "Polygon",
        "coordinates": [
          [
            [
              -82.7362377,
              40.1150224
            ],
            [
              -82.7363679,
              40.1150232
            ],
            [
              -82.7363691,
              40.1148993
            ],
            [
              -82.7362389,
              40.1148985
            ],
            [
              -82.7362377,
              40.1150224
            ]
          ]
        ]
      },
      "properties": {
        "epoch_id": "EPOCH-bdc85fadae79b6b2",
        "site_name": "AWS New Albany",
        "distance_to_site_km": 0.2905,
        "footprint_area_m2_webmercator": 261.41,
        "source_dataset": "Overture Maps buildings",
        "source_url": "https://docs.overturemaps.org/getting-data/",
        "source_release": "2026-09-23.1",
        "source_accessed_on": "2026-09-27",
        "geometry_role": "current building-footprint polygon",
        "linkage_semantics": "Overlap/proximity only; not evidence that the building hosts AI compute."
      }
    },
    {
      "type": "Feature",
      "id": "1b2bd774-9f63-4073-9ec8-4b4f0b1f3289",
      "geometry": {
        "type": "Polygon",
        "coordinates": [
          [
            [
              -82.7401659,
              40.1147839
            ],
            [
              -82.74017,
              40.1146876
            ],
            [
              -82.7400628,
              40.1146849
            ],
            [
              -82.7400587,
              40.1147812
            ],
            [
              -82.7401659,
              40.1147839
            ]
          ]
        ]
      },
      "properties": {
        "epoch_id": "EPOCH-bdc85fadae79b6b2",
        "site_name": "AWS New Albany",
        "distance_to_site_km": 0.1291,
        "footprint_area_m2_webmercator": 167.46,
        "source_dataset": "Overture Maps buildings",
        "source_url": "https://docs.overturemaps.org/getting-data/",
        "source_release": "2026-09-23.1",
        "source_accessed_on": "2026-09-27",
        "geometry_role": "current building-footprint polygon",
        "linkage_semantics": "Overlap/proximity only; not evidence that the building hosts AI compute."
      }
    },
    {
      "type": "Feature",
      "id": "a82c28df-f2f1-4091-b208-d8fb74a9de13",
      "geometry": {
        "type": "Polygon",
        "coordinates": [
          [
            [
              -82.7400454,
              40.1146163
            ],
            [
              -82.7397962,
              40.1146104
            ],
            [
              -82.7397914,
              40.1147292
            ],
            [
              -82.7399388,
              40.1147327
            ],
            [
              -82.7399378,
              40.1147553
            ],
            [
              -82.7400397,
              40.1147577
            ],
            [
              -82.7400454,
              40.1146163
            ]
          ]
        ]
      },
      "properties": {
        "epoch_id": "EPOCH-bdc85fadae79b6b2",
        "site_name": "AWS New Albany",
        "distance_to_site_km": 0.1298,
        "footprint_area_m2_webmercator": 517.54,
        "source_dataset": "Overture Maps buildings",
        "source_url": "https://docs.overturemaps.org/getting-data/",
        "source_release": "2026-09-23.1",
        "source_accessed_on": "2026-09-27",
        "geometry_role": "current building-footprint polygon",
        "linkage_semantics": "Overlap/proximity only; not evidence that the building hosts AI compute."
      }
    },
    {
      "type": "Feature",
      "id": "26e00761-57a7-454b-abf1-24abe4c45abd",
      "geometry": {
        "type": "Polygon",
        "coordinates": [
          [
            [
              -82.7404661,
              40.1146159
            ],
            [
              -82.7406534,
              40.1146226
            ],
            [
              -82.7406588,
              40.1145337
            ],
            [
              -82.7405571,
              40.1145301
            ],
            [
              -82.7405588,
              40.1145034
            ],
            [
              -82.7404731,
              40.1145004
            ],
            [
              -82.7404661,
              40.1146159
            ]
          ]
        ]
      },
      "properties": {
        "epoch_id": "EPOCH-bdc85fadae79b6b2",
        "site_name": "AWS New Albany",
        "distance_to_site_km": 0.1629,
        "footprint_area_m2_webmercator": 307.42,
        "source_dataset": "Overture Maps buildings",
        "source_url": "https://docs.overturemaps.org/getting-data/",
        "source_release": "2026-09-23.1",
        "source_accessed_on": "2026-09-27",
        "geometry_role": "current building-footprint polygon",
        "linkage_semantics": "Overlap/proximity only; not evidence that the building hosts AI compute."
      }
    },
    {
      "type": "Feature",
      "id": "d75a14c6-01a3-4347-8fa0-225f9bf082c3",
      "geometry": {
        "type": "Polygon",
        "coordinates": [
          [
            [
              -82.740608,
              40.1142538
            ],
            [
              -82.7404868,
              40.1142414
            ],
            [
              -82.7404621,
              40.1143825
            ],
            [
              -82.7405834,
              40.1143949
            ],
            [
              -82.740608,
              40.1142538
            ]
          ]
        ]
      },
      "properties": {
        "epoch_id": "EPOCH-bdc85fadae79b6b2",
        "site_name": "AWS New Albany",
        "distance_to_site_km": 0.1861,
        "footprint_area_m2_webmercator": 282.17,
        "source_dataset": "Overture Maps buildings",
        "source_url": "https://docs.overturemaps.org/getting-data/",
        "source_release": "2026-09-23.1",
        "source_accessed_on": "2026-09-27",
        "geometry_role": "current building-footprint polygon",
        "linkage_semantics": "Overlap/proximity only; not evidence that the building hosts AI compute."
      }
    },
    {
      "type": "Feature",
      "id": "c94b18f2-6961-4b92-b793-cdcfc365e8b4",
      "geometry": {
        "type": "Polygon",
        "coordinates": [
          [
            [
              -82.7461234,
              40.1154902
            ],
            [
              -82.7463311,
              40.1154941
            ],
            [
              -82.7463364,
              40.1153301
            ],
            [
              -82.7461286,
              40.1153262
            ],
            [
              -82.7461234,
              40.1154902
            ]
          ]
        ]
      },
      "properties": {
        "epoch_id": "EPOCH-bdc85fadae79b6b2",
        "site_name": "AWS New Albany",
        "distance_to_site_km": 0.5709,
        "footprint_area_m2_webmercator": 552.42,
        "source_dataset": "Overture Maps buildings",
        "source_url": "https://docs.overturemaps.org/getting-data/",
        "source_release": "2026-09-23.1",
        "source_accessed_on": "2026-09-27",
        "geometry_role": "current building-footprint polygon",
        "linkage_semantics": "Overlap/proximity only; not evidence that the building hosts AI compute."
      }
    },
    {
      "type": "Feature",
      "id": "be82f204-50e6-44de-a7c5-e154a70b7082",
      "geometry": {
        "type": "Polygon",
        "coordinates": [
          [
            [
              -82.7459659,
              40.1156331
            ],
            [
              -82.7461615,
              40.1156379
            ],
            [
              -82.7461655,
              40.1155428
            ],
            [
              -82.7460208,
              40.1155392
            ],
            [
              -82.7460197,
              40.1155659
            ],
            [
              -82.7459688,
              40.1155646
            ],
            [
              -82.7459659,
              40.1156331
            ]
          ]
        ]
      },
      "properties": {
        "epoch_id": "EPOCH-bdc85fadae79b6b2",
        "site_name": "AWS New Albany",
        "distance_to_site_km": 0.5563,
        "footprint_area_m2_webmercator": 279.79,
        "source_dataset": "Overture Maps buildings",
        "source_url": "https://docs.overturemaps.org/getting-data/",
        "source_release": "2026-09-23.1",
        "source_accessed_on": "2026-09-27",
        "geometry_role": "current building-footprint polygon",
        "linkage_semantics": "Overlap/proximity only; not evidence that the building hosts AI compute."
      }
    },
    {
      "type": "Feature",
      "id": "7298d226-348e-41b5-9666-1b3e0d0062fb",
      "geometry": {
        "type": "Polygon",
        "coordinates": [
          [
            [
              -82.7467434,
              40.1156874
            ],
            [
              -82.746739,
              40.1157291
            ],
            [
              -82.7468549,
              40.1157362
            ],
            [
              -82.7468678,
              40.1156139
            ],
            [
              -82.7467212,
              40.1156049
            ],
            [
              -82.7467127,
              40.1156856
            ],
            [
              -82.7467434,
              40.1156874
            ]
          ]
        ]
      },
      "properties": {
        "epoch_id": "EPOCH-bdc85fadae79b6b2",
        "site_name": "AWS New Albany",
        "distance_to_site_km": 0.6173,
        "footprint_area_m2_webmercator": 271.56,
        "source_dataset": "Overture Maps buildings",
        "source_url": "https://docs.overturemaps.org/getting-data/",
        "source_release": "2026-09-23.1",
        "source_accessed_on": "2026-09-27",
        "geometry_role": "current building-footprint polygon",
        "linkage_semantics": "Overlap/proximity only; not evidence that the building hosts AI compute."
      }
    },
    {
      "type": "Feature",
      "id": "ee64ca62-cbc3-46c4-8d90-9ba84c190d98",
      "geometry": {
        "type": "Polygon",
        "coordinates": [
          [
            [
              -82.753244,
              40.1148494
            ],
            [
              -82.7533645,
              40.1148534
            ],
            [
              -82.7533759,
              40.1146517
            ],
            [
              -82.7532623,
              40.1146479
            ],
            [
              -82.7532582,
              40.1147196
            ],
            [
              -82.7532234,
              40.1147184
            ],
            [
              -82.7532196,
              40.114785
            ],
            [
              -82.7532476,
              40.114786
            ],
            [
              -82.753244,
              40.1148494
            ]
          ]
        ]
      },
      "properties": {
        "epoch_id": "EPOCH-bdc85fadae79b6b2",
        "site_name": "AWS New Albany",
        "distance_to_site_km": 1.1768,
        "footprint_area_m2_webmercator": 416.84,
        "source_dataset": "Overture Maps buildings",
        "source_url": "https://docs.overturemaps.org/getting-data/",
        "source_release": "2026-09-23.1",
        "source_accessed_on": "2026-09-27",
        "geometry_role": "current building-footprint polygon",
        "linkage_semantics": "Overlap/proximity only; not evidence that the building hosts AI compute."
      }
    },
    {
      "type": "Feature",
      "id": "66b1ffd7-779e-4956-a9dc-6f9446ba5af5",
      "geometry": {
        "type": "Polygon",
        "coordinates": [
          [
            [
              -82.7520458,
              40.113588
            ],
            [
              -82.7517042,
              40.1135818
            ],
            [
              -82.7517123,
              40.1133194
            ],
            [
              -82.7505714,
              40.113299
            ],
            [
              -82.7505679,
              40.1134138
            ],
            [
              -82.7509378,
              40.1134204
            ],
            [
              -82.750936,
              40.1134799
            ],
            [
              -82.751353,
              40.1134873
            ],
            [
              -82.751351,
              40.113555
            ],
            [
              -82.7513923,
              40.1135557
            ],
            [
              -82.751391,
              40.1135988
            ],
            [
              -82.7514247,
              40.1135994
            ],
            [
              -82.7514224,
              40.1136732
            ],
            [
              -82.7513994,
              40.1136728
            ],
            [
              -82.7513981,
              40.1137158
            ],
            [
              -82.7514303,
              40.1137164
            ],
            [
              -82.7514293,
              40.1137492
            ],
            [
              -82.7520405,
              40.1137602
            ],
            [
              -82.7520458,
              40.113588
            ]
          ]
        ]
      },
      "properties": {
        "epoch_id": "EPOCH-bdc85fadae79b6b2",
        "site_name": "AWS New Albany",
        "distance_to_site_km": 1.0416,
        "footprint_area_m2_webmercator": 5114.34,
        "source_dataset": "Overture Maps buildings",
        "source_url": "https://docs.overturemaps.org/getting-data/",
        "source_release": "2026-09-23.1",
        "source_accessed_on": "2026-09-27",
        "geometry_role": "current building-footprint polygon",
        "linkage_semantics": "Overlap/proximity only; not evidence that the building hosts AI compute."
      }
    },
    {
      "type": "Feature",
      "id": "4bb5816c-f323-4a22-adfa-1073ed97cebf",
      "geometry": {
        "type": "Polygon",
        "coordinates": [
          [
            [
              -82.7510619,
              40.1129494
            ],
            [
              -82.7510655,
              40.11289
            ],
            [
              -82.7508674,
              40.1128831
            ],
            [
              -82.7508583,
              40.1130367
            ],
            [
              -82.7511982,
              40.1130485
            ],
            [
              -82.7512038,
              40.1129543
            ],
            [
              -82.7510619,
              40.1129494
            ]
          ]
        ]
      },
      "properties": {
        "epoch_id": "EPOCH-bdc85fadae79b6b2",
        "site_name": "AWS New Albany",
        "distance_to_site_km": 1.0256,
        "footprint_area_m2_webmercator": 710.85,
        "source_dataset": "Overture Maps buildings",
        "source_url": "https://docs.overturemaps.org/getting-data/",
        "source_release": "2026-09-23.1",
        "source_accessed_on": "2026-09-27",
        "geometry_role": "current building-footprint polygon",
        "linkage_semantics": "Overlap/proximity only; not evidence that the building hosts AI compute."
      }
    },
    {
      "type": "Feature",
      "id": "88697188-eef8-4675-b586-ee0ad73cebf9",
      "geometry": {
        "type": "Polygon",
        "coordinates": [
          [
            [
              -82.7539778,
              40.110285
            ],
            [
              -82.7539798,
              40.1102276
            ],
            [
              -82.7538511,
              40.110225
            ],
            [
              -82.7538492,
              40.1102813
            ],
            [
              -82.7538143,
              40.1102806
            ],
            [
              -82.7538118,
              40.1103534
            ],
            [
              -82.7538467,
              40.1103541
            ],
            [
              -82.7538442,
              40.1104269
            ],
            [
              -82.7539514,
              40.110429
            ],
            [
              -82.7539536,
              40.1103655
            ],
            [
              -82.7540098,
              40.1103666
            ],
            [
              -82.7540126,
              40.1102857
            ],
            [
              -82.7539778,
              40.110285
            ]
          ]
        ]
      },
      "properties": {
        "epoch_id": "EPOCH-bdc85fadae79b6b2",
        "site_name": "AWS New Albany",
        "distance_to_site_km": 1.3661,
        "footprint_area_m2_webmercator": 485.83,
        "source_dataset": "Overture Maps buildings",
        "source_url": "https://docs.overturemaps.org/getting-data/",
        "source_release": "2026-09-23.1",
        "source_accessed_on": "2026-09-27",
        "geometry_role": "current building-footprint polygon",
        "linkage_semantics": "Overlap/proximity only; not evidence that the building hosts AI compute."
      }
    },
    {
      "type": "Feature",
      "id": "0a413042-11e4-468e-84c6-ff3a46e094cb",
      "geometry": {
        "type": "Polygon",
        "coordinates": [
          [
            [
              -82.7548882,
              40.1100711
            ],
            [
              -82.7548961,
              40.1099586
            ],
            [
              -82.7548143,
              40.1099553
            ],
            [
              -82.7548064,
              40.1100678
            ],
            [
              -82.7548882,
              40.1100711
            ]
          ]
        ]
      },
      "properties": {
        "epoch_id": "EPOCH-bdc85fadae79b6b2",
        "site_name": "AWS New Albany",
        "distance_to_site_km": 1.4531,
        "footprint_area_m2_webmercator": 149.53,
        "source_dataset": "Overture Maps buildings",
        "source_url": "https://docs.overturemaps.org/getting-data/",
        "source_release": "2026-09-23.1",
        "source_accessed_on": "2026-09-27",
        "geometry_role": "current building-footprint polygon",
        "linkage_semantics": "Overlap/proximity only; not evidence that the building hosts AI compute."
      }
    },
    {
      "type": "Feature",
      "id": "ba985611-e890-4870-a304-74ba46d17d05",
      "geometry": {
        "type": "Polygon",
        "coordinates": [
          [
            [
              -82.7540446,
              40.1106926
            ],
            [
              -82.7541919,
              40.1106971
            ],
            [
              -82.754196,
              40.1106193
            ],
            [
              -82.7540487,
              40.1106147
            ],
            [
              -82.7540446,
              40.1106926
            ]
          ]
        ]
      },
      "properties": {
        "epoch_id": "EPOCH-bdc85fadae79b6b2",
        "site_name": "AWS New Albany",
        "distance_to_site_km": 1.3661,
        "footprint_area_m2_webmercator": 186.11,
        "source_dataset": "Overture Maps buildings",
        "source_url": "https://docs.overturemaps.org/getting-data/",
        "source_release": "2026-09-23.1",
        "source_accessed_on": "2026-09-27",
        "geometry_role": "current building-footprint polygon",
        "linkage_semantics": "Overlap/proximity only; not evidence that the building hosts AI compute."
      }
    },
    {
      "type": "Feature",
      "id": "e1448f8f-8de6-42c4-af28-58dab7a1d783",
      "geometry": {
        "type": "Polygon",
        "coordinates": [
          [
            [
              -82.7533609,
              40.1167656
            ],
            [
              -82.7533659,
              40.1166016
            ],
            [
              -82.7531822,
              40.1165984
            ],
            [
              -82.7531772,
              40.1167624
            ],
            [
              -82.7533609,
              40.1167656
            ]
          ]
        ]
      },
      "properties": {
        "epoch_id": "EPOCH-bdc85fadae79b6b2",
        "site_name": "AWS New Albany",
        "distance_to_site_km": 1.1721,
        "footprint_area_m2_webmercator": 488.45,
        "source_dataset": "Overture Maps buildings",
        "source_url": "https://docs.overturemaps.org/getting-data/",
        "source_release": "2026-09-23.1",
        "source_accessed_on": "2026-09-27",
        "geometry_role": "current building-footprint polygon",
        "linkage_semantics": "Overlap/proximity only; not evidence that the building hosts AI compute."
      }
    },
    {
      "type": "Feature",
      "id": "9e1b55fb-265f-45d5-919f-0d73c27748b8",
      "geometry": {
        "type": "Polygon",
        "coordinates": [
          [
            [
              -82.7533131,
              40.1167743
            ],
            [
              -82.7532044,
              40.116772
            ],
            [
              -82.7531985,
              40.1169381
            ],
            [
              -82.7533072,
              40.1169403
            ],
            [
              -82.7533131,
              40.1167743
            ]
          ]
        ]
      },
      "properties": {
        "epoch_id": "EPOCH-bdc85fadae79b6b2",
        "site_name": "AWS New Albany",
        "distance_to_site_km": 1.1725,
        "footprint_area_m2_webmercator": 292.7,
        "source_dataset": "Overture Maps buildings",
        "source_url": "https://docs.overturemaps.org/getting-data/",
        "source_release": "2026-09-23.1",
        "source_accessed_on": "2026-09-27",
        "geometry_role": "current building-footprint polygon",
        "linkage_semantics": "Overlap/proximity only; not evidence that the building hosts AI compute."
      }
    },
    {
      "type": "Feature",
      "id": "a06204b8-cf6b-47ce-a5ba-e32ee420b126",
      "geometry": {
        "type": "Polygon",
        "coordinates": [
          [
            [
              -82.7526453,
              40.1170344
            ],
            [
              -82.752711,
              40.1170361
            ],
            [
              -82.7527052,
              40.1171661
            ],
            [
              -82.752807,
              40.1171688
            ],
            [
              -82.7528185,
              40.1169117
            ],
            [
              -82.7526765,
              40.116908
            ],
            [
              -82.7526743,
              40.1169572
            ],
            [
              -82.7526488,
              40.1169565
            ],
            [
              -82.7526453,
              40.1170344
            ]
          ]
        ]
      },
      "properties": {
        "epoch_id": "EPOCH-bdc85fadae79b6b2",
        "site_name": "AWS New Albany",
        "distance_to_site_km": 1.1314,
        "footprint_area_m2_webmercator": 539.68,
        "source_dataset": "Overture Maps buildings",
        "source_url": "https://docs.overturemaps.org/getting-data/",
        "source_release": "2026-09-23.1",
        "source_accessed_on": "2026-09-27",
        "geometry_role": "current building-footprint polygon",
        "linkage_semantics": "Overlap/proximity only; not evidence that the building hosts AI compute."
      }
    },
    {
      "type": "Feature",
      "id": "6043f2eb-9e16-4d2c-97da-598a11559e3b",
      "geometry": {
        "type": "Polygon",
        "coordinates": [
          [
            [
              -82.7526018,
              40.1188131
            ],
            [
              -82.7527036,
              40.1188152
            ],
            [
              -82.7527151,
              40.1184893
            ],
            [
              -82.7527392,
              40.1184898
            ],
            [
              -82.7527409,
              40.1184427
            ],
            [
              -82.7525977,
              40.1184397
            ],
            [
              -82.7525965,
              40.1184757
            ],
            [
              -82.7525761,
              40.1184753
            ],
            [
              -82.7525705,
              40.1186351
            ],
            [
              -82.752608,
              40.1186359
            ],
            [
              -82.7526018,
              40.1188131
            ]
          ]
        ]
      },
      "properties": {
        "epoch_id": "EPOCH-bdc85fadae79b6b2",
        "site_name": "AWS New Albany",
        "distance_to_site_km": 1.1581,
        "footprint_area_m2_webmercator": 741.74,
        "source_dataset": "Overture Maps buildings",
        "source_url": "https://docs.overturemaps.org/getting-data/",
        "source_release": "2026-09-23.1",
        "source_accessed_on": "2026-09-27",
        "geometry_role": "current building-footprint polygon",
        "linkage_semantics": "Overlap/proximity only; not evidence that the building hosts AI compute."
      }
    },
    {
      "type": "Feature",
      "id": "0fd61e77-af7d-4c52-9239-80eab262bb09",
      "geometry": {
        "type": "Polygon",
        "coordinates": [
          [
            [
              -82.7517483,
              40.1211757
            ],
            [
              -82.7517269,
              40.1211752
            ],
            [
              -82.7517314,
              40.12104
            ],
            [
              -82.7516011,
              40.1210374
            ],
            [
              -82.7515984,
              40.1211174
            ],
            [
              -82.7515277,
              40.121116
            ],
            [
              -82.7515249,
              40.121198
            ],
            [
              -82.7515582,
              40.1211986
            ],
            [
              -82.7515556,
              40.1212745
            ],
            [
              -82.7517449,
              40.1212781
            ],
            [
              -82.7517483,
              40.1211757
            ]
          ]
        ]
      },
      "properties": {
        "epoch_id": "EPOCH-bdc85fadae79b6b2",
        "site_name": "AWS New Albany",
        "distance_to_site_km": 1.1898,
        "footprint_area_m2_webmercator": 678.22,
        "source_dataset": "Overture Maps buildings",
        "source_url": "https://docs.overturemaps.org/getting-data/",
        "source_release": "2026-09-23.1",
        "source_accessed_on": "2026-09-27",
        "geometry_role": "current building-footprint polygon",
        "linkage_semantics": "Overlap/proximity only; not evidence that the building hosts AI compute."
      }
    },
    {
      "type": "Feature",
      "id": "9843c29a-867d-40f8-aabf-1a6882dfde89",
      "geometry": {
        "type": "Polygon",
        "coordinates": [
          [
            [
              -82.7529234,
              40.1210469
            ],
            [
              -82.7528761,
              40.1210462
            ],
            [
              -82.7528776,
              40.1209879
            ],
            [
              -82.7526862,
              40.120985
            ],
            [
              -82.7526844,
              40.1210568
            ],
            [
              -82.752731,
              40.1210575
            ],
            [
              -82.7527279,
              40.1211805
            ],
            [
              -82.752877,
              40.1211827
            ],
            [
              -82.7528794,
              40.1210893
            ],
            [
              -82.7529223,
              40.12109
            ],
            [
              -82.7529234,
              40.1210469
            ]
          ]
        ]
      },
      "properties": {
        "epoch_id": "EPOCH-bdc85fadae79b6b2",
        "site_name": "AWS New Albany",
        "distance_to_site_km": 1.2711,
        "footprint_area_m2_webmercator": 550.95,
        "source_dataset": "Overture Maps buildings",
        "source_url": "https://docs.overturemaps.org/getting-data/",
        "source_release": "2026-09-23.1",
        "source_accessed_on": "2026-09-27",
        "geometry_role": "current building-footprint polygon",
        "linkage_semantics": "Overlap/proximity only; not evidence that the building hosts AI compute."
      }
    },
    {
      "type": "Feature",
      "id": "0cdd8c89-0e1f-46ac-a22a-614566fdf4c8",
      "geometry": {
        "type": "Polygon",
        "coordinates": [
          [
            [
              -82.7542926,
              40.1206592
            ],
            [
              -82.7542946,
              40.1206388
            ],
            [
              -82.7543613,
              40.1206426
            ],
            [
              -82.7543715,
              40.1205365
            ],
            [
              -82.7543369,
              40.1205345
            ],
            [
              -82.7543471,
              40.1204284
            ],
            [
              -82.7541374,
              40.1204166
            ],
            [
              -82.7541149,
              40.1206491
            ],
            [
              -82.7542926,
              40.1206592
            ]
          ]
        ]
      },
      "properties": {
        "epoch_id": "EPOCH-bdc85fadae79b6b2",
        "site_name": "AWS New Albany",
        "distance_to_site_km": 1.3565,
        "footprint_area_m2_webmercator": 844.03,
        "source_dataset": "Overture Maps buildings",
        "source_url": "https://docs.overturemaps.org/getting-data/",
        "source_release": "2026-09-23.1",
        "source_accessed_on": "2026-09-27",
        "geometry_role": "current building-footprint polygon",
        "linkage_semantics": "Overlap/proximity only; not evidence that the building hosts AI compute."
      }
    },
    {
      "type": "Feature",
      "id": "4a9ad4cd-005f-4803-872d-c140bd09081f",
      "geometry": {
        "type": "Polygon",
        "coordinates": [
          [
            [
              -82.7593521,
              40.1344595
            ],
            [
              -82.7587793,
              40.1344398
            ],
            [
              -82.7587615,
              40.1347427
            ],
            [
              -82.7596246,
              40.1347723
            ],
            [
              -82.7596462,
              40.1344039
            ],
            [
              -82.759356,
              40.134394
            ],
            [
              -82.7593521,
              40.1344595
            ]
          ]
        ]
      },
      "properties": {
        "epoch_id": "EPOCH-bdc85fadae79b6b2",
        "site_name": "AWS New Albany",
        "distance_to_site_km": 2.6769,
        "footprint_area_m2_webmercator": 4554.27,
        "source_dataset": "Overture Maps buildings",
        "source_url": "https://docs.overturemaps.org/getting-data/",
        "source_release": "2026-09-23.1",
        "source_accessed_on": "2026-09-27",
        "geometry_role": "current building-footprint polygon",
        "linkage_semantics": "Overlap/proximity only; not evidence that the building hosts AI compute."
      }
    },
    {
      "type": "Feature",
      "id": "4f922dcf-1226-43aa-a11c-79e96eb930d8",
      "geometry": {
        "type": "Polygon",
        "coordinates": [
          [
            [
              -82.74038,
              40.1358297
            ],
            [
              -82.7403839,
              40.1357581
            ],
            [
              -82.7402768,
              40.1357546
            ],
            [
              -82.7402729,
              40.1358263
            ],
            [
              -82.74038,
              40.1358297
            ]
          ]
        ]
      },
      "properties": {
        "epoch_id": "EPOCH-bdc85fadae79b6b2",
        "site_name": "AWS New Albany",
        "distance_to_site_km": 2.2232,
        "footprint_area_m2_webmercator": 124.6,
        "source_dataset": "Overture Maps buildings",
        "source_url": "https://docs.overturemaps.org/getting-data/",
        "source_release": "2026-09-23.1",
        "source_accessed_on": "2026-09-27",
        "geometry_role": "current building-footprint polygon",
        "linkage_semantics": "Overlap/proximity only; not evidence that the building hosts AI compute."
      }
    },
    {
      "type": "Feature",
      "id": "3c4d9577-7e7e-487e-9f0e-72b34c84cd26",
      "geometry": {
        "type": "Polygon",
        "coordinates": [
          [
            [
              -82.7398009,
              40.1359009
            ],
            [
              -82.7398042,
              40.1358149
            ],
            [
              -82.7395593,
              40.1358094
            ],
            [
              -82.739556,
              40.1358954
            ],
            [
              -82.7398009,
              40.1359009
            ]
          ]
        ]
      },
      "properties": {
        "epoch_id": "EPOCH-bdc85fadae79b6b2",
        "site_name": "AWS New Albany",
        "distance_to_site_km": 2.2292,
        "footprint_area_m2_webmercator": 341.68,
        "source_dataset": "Overture Maps buildings",
        "source_url": "https://docs.overturemaps.org/getting-data/",
        "source_release": "2026-09-23.1",
        "source_accessed_on": "2026-09-27",
        "geometry_role": "current building-footprint polygon",
        "linkage_semantics": "Overlap/proximity only; not evidence that the building hosts AI compute."
      }
    },
    {
      "type": "Feature",
      "id": "2e8407c0-ace7-4a24-9072-72873f505664",
      "geometry": {
        "type": "Polygon",
        "coordinates": [
          [
            [
              -82.7392308,
              40.1358703
            ],
            [
              -82.7393245,
              40.1358739
            ],
            [
              -82.7393316,
              40.1357655
            ],
            [
              -82.7392701,
              40.1357631
            ],
            [
              -82.7392678,
              40.1357979
            ],
            [
              -82.7392357,
              40.1357967
            ],
            [
              -82.7392308,
              40.1358703
            ]
          ]
        ]
      },
      "properties": {
        "epoch_id": "EPOCH-bdc85fadae79b6b2",
        "site_name": "AWS New Albany",
        "distance_to_site_km": 2.2257,
        "footprint_area_m2_webmercator": 146.83,
        "source_dataset": "Overture Maps buildings",
        "source_url": "https://docs.overturemaps.org/getting-data/",
        "source_release": "2026-09-23.1",
        "source_accessed_on": "2026-09-27",
        "geometry_role": "current building-footprint polygon",
        "linkage_semantics": "Overlap/proximity only; not evidence that the building hosts AI compute."
      }
    },
    {
      "type": "Feature",
      "id": "186851e3-453c-4c36-a151-3bba90f90a8b",
      "geometry": {
        "type": "Polygon",
        "coordinates": [
          [
            [
              -82.7391278,
              40.1358886
            ],
            [
              -82.7392119,
              40.1358912
            ],
            [
              -82.7392173,
              40.1357909
            ],
            [
              -82.7391316,
              40.1357882
            ],
            [
              -82.7391317,
              40.135787
            ],
            [
              -82.7389656,
              40.1357817
            ],
            [
              -82.7389611,
              40.1358669
            ],
            [
              -82.7391287,
              40.1358722
            ],
            [
              -82.7391278,
              40.1358886
            ]
          ]
        ]
      },
      "properties": {
        "epoch_id": "EPOCH-bdc85fadae79b6b2",
        "site_name": "AWS New Albany",
        "distance_to_site_km": 2.2269,
        "footprint_area_m2_webmercator": 368.77,
        "source_dataset": "Overture Maps buildings",
        "source_url": "https://docs.overturemaps.org/getting-data/",
        "source_release": "2026-09-23.1",
        "source_accessed_on": "2026-09-27",
        "geometry_role": "current building-footprint polygon",
        "linkage_semantics": "Overlap/proximity only; not evidence that the building hosts AI compute."
      }
    },
    {
      "type": "Feature",
      "id": "f5937bd4-a37f-43b9-b8a2-4570f1e552f2",
      "geometry": {
        "type": "Polygon",
        "coordinates": [
          [
            [
              -82.7391996,
              40.1354036
            ],
            [
              -82.739202,
              40.1353236
            ],
            [
              -82.7390599,
              40.1353212
            ],
            [
              -82.7390575,
              40.1354011
            ],
            [
              -82.7391996,
              40.1354036
            ]
          ]
        ]
      },
      "properties": {
        "epoch_id": "EPOCH-bdc85fadae79b6b2",
        "site_name": "AWS New Albany",
        "distance_to_site_km": 2.1747,
        "footprint_area_m2_webmercator": 184.24,
        "source_dataset": "Overture Maps buildings",
        "source_url": "https://docs.overturemaps.org/getting-data/",
        "source_release": "2026-09-23.1",
        "source_accessed_on": "2026-09-27",
        "geometry_role": "current building-footprint polygon",
        "linkage_semantics": "Overlap/proximity only; not evidence that the building hosts AI compute."
      }
    },
    {
      "type": "Feature",
      "id": "48a7637e-407e-41f6-b546-4703ff01ed37",
      "geometry": {
        "type": "Polygon",
        "coordinates": [
          [
            [
              -82.7398522,
              40.1354623
            ],
            [
              -82.7398554,
              40.1353927
            ],
            [
              -82.7397321,
              40.1353894
            ],
            [
              -82.739729,
              40.135459
            ],
            [
              -82.7398522,
              40.1354623
            ]
          ]
        ]
      },
      "properties": {
        "epoch_id": "EPOCH-bdc85fadae79b6b2",
        "site_name": "AWS New Albany",
        "distance_to_site_km": 2.1816,
        "footprint_area_m2_webmercator": 139.21,
        "source_dataset": "Overture Maps buildings",
        "source_url": "https://docs.overturemaps.org/getting-data/",
        "source_release": "2026-09-23.1",
        "source_accessed_on": "2026-09-27",
        "geometry_role": "current building-footprint polygon",
        "linkage_semantics": "Overlap/proximity only; not evidence that the building hosts AI compute."
      }
    },
    {
      "type": "Feature",
      "id": "b2b51748-2828-4316-b953-179c395a7489",
      "geometry": {
        "type": "Polygon",
        "coordinates": [
          [
            [
              -82.7367172,
              40.1345693
            ],
            [
              -82.7367195,
              40.1345017
            ],
            [
              -82.7366058,
              40.1344994
            ],
            [
              -82.7366026,
              40.1345916
            ],
            [
              -82.7365758,
              40.1345911
            ],
            [
              -82.7365732,
              40.1346677
            ],
            [
              -82.7367688,
              40.1346716
            ],
            [
              -82.7367704,
              40.1346257
            ],
            [
              -82.7368133,
              40.1346266
            ],
            [
              -82.7368152,
              40.1345713
            ],
            [
              -82.7367172,
              40.1345693
            ]
          ]
        ]
      },
      "properties": {
        "epoch_id": "EPOCH-bdc85fadae79b6b2",
        "site_name": "AWS New Albany",
        "distance_to_site_km": 2.1032,
        "footprint_area_m2_webmercator": 473.63,
        "source_dataset": "Overture Maps buildings",
        "source_url": "https://docs.overturemaps.org/getting-data/",
        "source_release": "2026-09-23.1",
        "source_accessed_on": "2026-09-27",
        "geometry_role": "current building-footprint polygon",
        "linkage_semantics": "Overlap/proximity only; not evidence that the building hosts AI compute."
      }
    },
    {
      "type": "Feature",
      "id": "0281fc2e-dc11-4868-999c-49543eef5360",
      "geometry": {
        "type": "Polygon",
        "coordinates": [
          [
            [
              -82.7366701,
              40.1350623
            ],
            [
              -82.7366781,
              40.1348361
            ],
            [
              -82.7365494,
              40.1348334
            ],
            [
              -82.7365414,
              40.1350596
            ],
            [
              -82.7366701,
              40.1350623
            ]
          ]
        ]
      },
      "properties": {
        "epoch_id": "EPOCH-bdc85fadae79b6b2",
        "site_name": "AWS New Albany",
        "distance_to_site_km": 2.1428,
        "footprint_area_m2_webmercator": 472.22,
        "source_dataset": "Overture Maps buildings",
        "source_url": "https://docs.overturemaps.org/getting-data/",
        "source_release": "2026-09-23.1",
        "source_accessed_on": "2026-09-27",
        "geometry_role": "current building-footprint polygon",
        "linkage_semantics": "Overlap/proximity only; not evidence that the building hosts AI compute."
      }
    },
    {
      "type": "Feature",
      "id": "f239cfd1-d1d5-4b2c-bfd1-f8ca7cfe2063",
      "geometry": {
        "type": "Polygon",
        "coordinates": [
          [
            [
              -82.7370032,
              40.1350683
            ],
            [
              -82.7368185,
              40.1350624
            ],
            [
              -82.7368144,
              40.1351382
            ],
            [
              -82.7369992,
              40.135144
            ],
            [
              -82.7370032,
              40.1350683
            ]
          ]
        ]
      },
      "properties": {
        "epoch_id": "EPOCH-bdc85fadae79b6b2",
        "site_name": "AWS New Albany",
        "distance_to_site_km": 2.1572,
        "footprint_area_m2_webmercator": 227.22,
        "source_dataset": "Overture Maps buildings",
        "source_url": "https://docs.overturemaps.org/getting-data/",
        "source_release": "2026-09-23.1",
        "source_accessed_on": "2026-09-27",
        "geometry_role": "current building-footprint polygon",
        "linkage_semantics": "Overlap/proximity only; not evidence that the building hosts AI compute."
      }
    },
    {
      "type": "Feature",
      "id": "72c66069-e85e-4d9f-ad33-0fb1bad919d1",
      "geometry": {
        "type": "Polygon",
        "coordinates": [
          [
            [
              -82.7383373,
              40.1353045
            ],
            [
              -82.7381604,
              40.1353002
            ],
            [
              -82.7381573,
              40.135376
            ],
            [
              -82.7383341,
              40.1353803
            ],
            [
              -82.7383373,
              40.1353045
            ]
          ]
        ]
      },
      "properties": {
        "epoch_id": "EPOCH-bdc85fadae79b6b2",
        "site_name": "AWS New Albany",
        "distance_to_site_km": 2.1747,
        "footprint_area_m2_webmercator": 217.5,
        "source_dataset": "Overture Maps buildings",
        "source_url": "https://docs.overturemaps.org/getting-data/",
        "source_release": "2026-09-23.1",
        "source_accessed_on": "2026-09-27",
        "geometry_role": "current building-footprint polygon",
        "linkage_semantics": "Overlap/proximity only; not evidence that the building hosts AI compute."
      }
    },
    {
      "type": "Feature",
      "id": "9dc9c722-6a9a-4f7d-a3d6-d82222d63b4c",
      "geometry": {
        "type": "Polygon",
        "coordinates": [
          [
            [
              -82.7383782,
              40.1358036
            ],
            [
              -82.7383939,
              40.1357642
            ],
            [
              -82.7383718,
              40.1357591
            ],
            [
              -82.7383838,
              40.1357291
            ],
            [
              -82.7383544,
              40.1357222
            ],
            [
              -82.7383266,
              40.1357916
            ],
            [
              -82.7383782,
              40.1358036
            ]
          ]
        ]
      },
      "properties": {
        "epoch_id": "EPOCH-bdc85fadae79b6b2",
        "site_name": "AWS New Albany",
        "distance_to_site_km": 2.2216,
        "footprint_area_m2_webmercator": 51.61,
        "source_dataset": "Overture Maps buildings",
        "source_url": "https://docs.overturemaps.org/getting-data/",
        "source_release": "2026-09-23.1",
        "source_accessed_on": "2026-09-27",
        "geometry_role": "current building-footprint polygon",
        "linkage_semantics": "Overlap/proximity only; not evidence that the building hosts AI compute."
      }
    },
    {
      "type": "Feature",
      "id": "bf818ef0-0e29-4b5d-bd5e-a16730bf052c",
      "geometry": {
        "type": "Polygon",
        "coordinates": [
          [
            [
              -82.7384242,
              40.1358024
            ],
            [
              -82.7385687,
              40.1358082
            ],
            [
              -82.7385745,
              40.1357236
            ],
            [
              -82.7384301,
              40.1357178
            ],
            [
              -82.7384242,
              40.1358024
            ]
          ]
        ]
      },
      "properties": {
        "epoch_id": "EPOCH-bdc85fadae79b6b2",
        "site_name": "AWS New Albany",
        "distance_to_site_km": 2.2207,
        "footprint_area_m2_webmercator": 198.63,
        "source_dataset": "Overture Maps buildings",
        "source_url": "https://docs.overturemaps.org/getting-data/",
        "source_release": "2026-09-23.1",
        "source_accessed_on": "2026-09-27",
        "geometry_role": "current building-footprint polygon",
        "linkage_semantics": "Overlap/proximity only; not evidence that the building hosts AI compute."
      }
    },
    {
      "type": "Feature",
      "id": "b2b18308-bf78-4859-8640-cd71b0247b94",
      "geometry": {
        "type": "Polygon",
        "coordinates": [
          [
            [
              -82.7377514,
              40.1356981
            ],
            [
              -82.7374712,
              40.1356905
            ],
            [
              -82.7374669,
              40.1357819
            ],
            [
              -82.7377471,
              40.1357895
            ],
            [
              -82.7377514,
              40.1356981
            ]
          ]
        ]
      },
      "properties": {
        "epoch_id": "EPOCH-bdc85fadae79b6b2",
        "site_name": "AWS New Albany",
        "distance_to_site_km": 2.2225,
        "footprint_area_m2_webmercator": 415.64,
        "source_dataset": "Overture Maps buildings",
        "source_url": "https://docs.overturemaps.org/getting-data/",
        "source_release": "2026-09-23.1",
        "source_accessed_on": "2026-09-27",
        "geometry_role": "current building-footprint polygon",
        "linkage_semantics": "Overlap/proximity only; not evidence that the building hosts AI compute."
      }
    },
    {
      "type": "Feature",
      "id": "beb0648e-0c90-43ca-b196-3b7b136352e7",
      "geometry": {
        "type": "Polygon",
        "coordinates": [
          [
            [
              -82.7362873,
              40.1357227
            ],
            [
              -82.7365141,
              40.1357268
            ],
            [
              -82.7365166,
              40.1356469
            ],
            [
              -82.7362898,
              40.1356428
            ],
            [
              -82.7362873,
              40.1357227
            ]
          ]
        ]
      },
      "properties": {
        "epoch_id": "EPOCH-bdc85fadae79b6b2",
        "site_name": "AWS New Albany",
        "distance_to_site_km": 2.2263,
        "footprint_area_m2_webmercator": 293.89,
        "source_dataset": "Overture Maps buildings",
        "source_url": "https://docs.overturemaps.org/getting-data/",
        "source_release": "2026-09-23.1",
        "source_accessed_on": "2026-09-27",
        "geometry_role": "current building-footprint polygon",
        "linkage_semantics": "Overlap/proximity only; not evidence that the building hosts AI compute."
      }
    },
    {
      "type": "Feature",
      "id": "20240378-7083-46da-b9a4-237e2b2ba962",
      "geometry": {
        "type": "Polygon",
        "coordinates": [
          [
            [
              -82.7370346,
              40.1357506
            ],
            [
              -82.7370385,
              40.1356634
            ],
            [
              -82.7368376,
              40.1356581
            ],
            [
              -82.7368336,
              40.1357454
            ],
            [
              -82.7370346,
              40.1357506
            ]
          ]
        ]
      },
      "properties": {
        "epoch_id": "EPOCH-bdc85fadae79b6b2",
        "site_name": "AWS New Albany",
        "distance_to_site_km": 2.2235,
        "footprint_area_m2_webmercator": 284.53,
        "source_dataset": "Overture Maps buildings",
        "source_url": "https://docs.overturemaps.org/getting-data/",
        "source_release": "2026-09-23.1",
        "source_accessed_on": "2026-09-27",
        "geometry_role": "current building-footprint polygon",
        "linkage_semantics": "Overlap/proximity only; not evidence that the building hosts AI compute."
      }
    },
    {
      "type": "Feature",
      "id": "ee7c0b6e-fd5f-45fa-b70f-278b64bdb8db",
      "geometry": {
        "type": "Polygon",
        "coordinates": [
          [
            [
              -82.7368013,
              40.1341221
            ],
            [
              -82.7368036,
              40.1340607
            ],
            [
              -82.7366294,
              40.1340569
            ],
            [
              -82.7366268,
              40.1341266
            ],
            [
              -82.7366456,
              40.134127
            ],
            [
              -82.7366416,
              40.1342356
            ],
            [
              -82.7368077,
              40.1342392
            ],
            [
              -82.7368105,
              40.1341654
            ],
            [
              -82.7368373,
              40.134166
            ],
            [
              -82.7368388,
              40.1341229
            ],
            [
              -82.7368013,
              40.1341221
            ]
          ]
        ]
      },
      "properties": {
        "epoch_id": "EPOCH-bdc85fadae79b6b2",
        "site_name": "AWS New Albany",
        "distance_to_site_km": 2.0532,
        "footprint_area_m2_webmercator": 509.75,
        "source_dataset": "Overture Maps buildings",
        "source_url": "https://docs.overturemaps.org/getting-data/",
        "source_release": "2026-09-23.1",
        "source_accessed_on": "2026-09-27",
        "geometry_role": "current building-footprint polygon",
        "linkage_semantics": "Overlap/proximity only; not evidence that the building hosts AI compute."
      }
    },
    {
      "type": "Feature",
      "id": "1d207a42-eef2-4c63-a70d-b4886e0a9b0d",
      "geometry": {
        "type": "Polygon",
        "coordinates": [
          [
            [
              -82.7366199,
              40.1334108
            ],
            [
              -82.7366245,
              40.1332776
            ],
            [
              -82.7364986,
              40.1332751
            ],
            [
              -82.7364939,
              40.1334083
            ],
            [
              -82.7366199,
              40.1334108
            ]
          ]
        ]
      },
      "properties": {
        "epoch_id": "EPOCH-bdc85fadae79b6b2",
        "site_name": "AWS New Albany",
        "distance_to_site_km": 1.9662,
        "footprint_area_m2_webmercator": 272.11,
        "source_dataset": "Overture Maps buildings",
        "source_url": "https://docs.overturemaps.org/getting-data/",
        "source_release": "2026-09-23.1",
        "source_accessed_on": "2026-09-27",
        "geometry_role": "current building-footprint polygon",
        "linkage_semantics": "Overlap/proximity only; not evidence that the building hosts AI compute."
      }
    },
    {
      "type": "Feature",
      "id": "76881568-b355-42ad-95e8-5336ffbb58a9",
      "geometry": {
        "type": "Polygon",
        "coordinates": [
          [
            [
              -82.7315945,
              40.1330208
            ],
            [
              -82.7316054,
              40.133102
            ],
            [
              -82.7318549,
              40.1330824
            ],
            [
              -82.731844,
              40.1330013
            ],
            [
              -82.7315945,
              40.1330208
            ]
          ]
        ]
      },
      "properties": {
        "epoch_id": "EPOCH-bdc85fadae79b6b2",
        "site_name": "AWS New Albany",
        "distance_to_site_km": 2.0292,
        "footprint_area_m2_webmercator": 331.62,
        "source_dataset": "Overture Maps buildings",
        "source_url": "https://docs.overturemaps.org/getting-data/",
        "source_release": "2026-09-23.1",
        "source_accessed_on": "2026-09-27",
        "geometry_role": "current building-footprint polygon",
        "linkage_semantics": "Overlap/proximity only; not evidence that the building hosts AI compute."
      }
    },
    {
      "type": "Feature",
      "id": "723a6940-669a-4788-9e92-cfa88f869ba6",
      "geometry": {
        "type": "Polygon",
        "coordinates": [
          [
            [
              -82.7303426,
              40.13438
            ],
            [
              -82.7302758,
              40.1342918
            ],
            [
              -82.7301473,
              40.1343487
            ],
            [
              -82.7302141,
              40.1344369
            ],
            [
              -82.7303426,
              40.13438
            ]
          ]
        ]
      },
      "properties": {
        "epoch_id": "EPOCH-bdc85fadae79b6b2",
        "site_name": "AWS New Albany",
        "distance_to_site_km": 2.2095,
        "footprint_area_m2_webmercator": 245.31,
        "source_dataset": "Overture Maps buildings",
        "source_url": "https://docs.overturemaps.org/getting-data/",
        "source_release": "2026-09-23.1",
        "source_accessed_on": "2026-09-27",
        "geometry_role": "current building-footprint polygon",
        "linkage_semantics": "Overlap/proximity only; not evidence that the building hosts AI compute."
      }
    },
    {
      "type": "Feature",
      "id": "d21d9e7d-681f-481a-893e-afd1c44d69ef",
      "geometry": {
        "type": "Polygon",
        "coordinates": [
          [
            [
              -82.7297897,
              40.1340263
            ],
            [
              -82.7298559,
              40.1341005
            ],
            [
              -82.7300262,
              40.1340118
            ],
            [
              -82.7299114,
              40.1338829
            ],
            [
              -82.729785,
              40.1339488
            ],
            [
              -82.7298337,
              40.1340034
            ],
            [
              -82.7297897,
              40.1340263
            ]
          ]
        ]
      },
      "properties": {
        "epoch_id": "EPOCH-bdc85fadae79b6b2",
        "site_name": "AWS New Albany",
        "distance_to_site_km": 2.1819,
        "footprint_area_m2_webmercator": 463.93,
        "source_dataset": "Overture Maps buildings",
        "source_url": "https://docs.overturemaps.org/getting-data/",
        "source_release": "2026-09-23.1",
        "source_accessed_on": "2026-09-27",
        "geometry_role": "current building-footprint polygon",
        "linkage_semantics": "Overlap/proximity only; not evidence that the building hosts AI compute."
      }
    },
    {
      "type": "Feature",
      "id": "d2b0368d-8255-4e06-9964-8d92d02e1d79",
      "geometry": {
        "type": "Polygon",
        "coordinates": [
          [
            [
              -82.7297197,
              40.133859
            ],
            [
              -82.729861,
              40.1337919
            ],
            [
              -82.7297522,
              40.1336581
            ],
            [
              -82.7295936,
              40.1337335
            ],
            [
              -82.7296357,
              40.1337853
            ],
            [
              -82.7293513,
              40.1339204
            ],
            [
              -82.7294595,
              40.1340536
            ],
            [
              -82.7297613,
              40.1339101
            ],
            [
              -82.7297197,
              40.133859
            ]
          ]
        ]
      },
      "properties": {
        "epoch_id": "EPOCH-bdc85fadae79b6b2",
        "site_name": "AWS New Albany",
        "distance_to_site_km": 2.1778,
        "footprint_area_m2_webmercator": 1347.59,
        "source_dataset": "Overture Maps buildings",
        "source_url": "https://docs.overturemaps.org/getting-data/",
        "source_release": "2026-09-23.1",
        "source_accessed_on": "2026-09-27",
        "geometry_role": "current building-footprint polygon",
        "linkage_semantics": "Overlap/proximity only; not evidence that the building hosts AI compute."
      }
    },
    {
      "type": "Feature",
      "id": "c44b18cc-1bcf-4165-94a1-e8a27dcf8183",
      "geometry": {
        "type": "Polygon",
        "coordinates": [
          [
            [
              -82.7288382,
              40.134098
            ],
            [
              -82.7286961,
              40.1341539
            ],
            [
              -82.7287452,
              40.1342269
            ],
            [
              -82.728847,
              40.1341868
            ],
            [
              -82.7288793,
              40.1342348
            ],
            [
              -82.7289399,
              40.134211
            ],
            [
              -82.7289032,
              40.1341565
            ],
            [
              -82.7289869,
              40.1341236
            ],
            [
              -82.728916,
              40.1340182
            ],
            [
              -82.728812,
              40.1340591
            ],
            [
              -82.7288382,
              40.134098
            ]
          ]
        ]
      },
      "properties": {
        "epoch_id": "EPOCH-bdc85fadae79b6b2",
        "site_name": "AWS New Albany",
        "distance_to_site_km": 2.2312,
        "footprint_area_m2_webmercator": 499.47,
        "source_dataset": "Overture Maps buildings",
        "source_url": "https://docs.overturemaps.org/getting-data/",
        "source_release": "2026-09-23.1",
        "source_accessed_on": "2026-09-27",
        "geometry_role": "current building-footprint polygon",
        "linkage_semantics": "Overlap/proximity only; not evidence that the building hosts AI compute."
      }
    },
    {
      "type": "Feature",
      "id": "9ac0b9d6-6c4f-4740-befc-a6c221d2cf78",
      "geometry": {
        "type": "Polygon",
        "coordinates": [
          [
            [
              -82.7290176,
              40.1341305
            ],
            [
              -82.7290541,
              40.1341806
            ],
            [
              -82.7291319,
              40.1341475
            ],
            [
              -82.7290955,
              40.1340974
            ],
            [
              -82.7290176,
              40.1341305
            ]
          ]
        ]
      },
      "properties": {
        "epoch_id": "EPOCH-bdc85fadae79b6b2",
        "site_name": "AWS New Albany",
        "distance_to_site_km": 2.224,
        "footprint_area_m2_webmercator": 82.77,
        "source_dataset": "Overture Maps buildings",
        "source_url": "https://docs.overturemaps.org/getting-data/",
        "source_release": "2026-09-23.1",
        "source_accessed_on": "2026-09-27",
        "geometry_role": "current building-footprint polygon",
        "linkage_semantics": "Overlap/proximity only; not evidence that the building hosts AI compute."
      }
    },
    {
      "type": "Feature",
      "id": "747ae964-a8a7-4e00-bd71-50c119448a26",
      "geometry": {
        "type": "Polygon",
        "coordinates": [
          [
            [
              -82.7290985,
              40.1342425
            ],
            [
              -82.7291879,
              40.1342004
            ],
            [
              -82.7291604,
              40.1341662
            ],
            [
              -82.7290709,
              40.1342083
            ],
            [
              -82.7290985,
              40.1342425
            ]
          ]
        ]
      },
      "properties": {
        "epoch_id": "EPOCH-bdc85fadae79b6b2",
        "site_name": "AWS New Albany",
        "distance_to_site_km": 2.2288,
        "footprint_area_m2_webmercator": 68.38,
        "source_dataset": "Overture Maps buildings",
        "source_url": "https://docs.overturemaps.org/getting-data/",
        "source_release": "2026-09-23.1",
        "source_accessed_on": "2026-09-27",
        "geometry_role": "current building-footprint polygon",
        "linkage_semantics": "Overlap/proximity only; not evidence that the building hosts AI compute."
      }
    },
    {
      "type": "Feature",
      "id": "b81be284-fe8d-4473-9d82-d3237aa5d06a",
      "geometry": {
        "type": "Polygon",
        "coordinates": [
          [
            [
              -82.7291827,
              40.1344091
            ],
            [
              -82.7292382,
              40.1344651
            ],
            [
              -82.7293608,
              40.134394
            ],
            [
              -82.7293053,
              40.134338
            ],
            [
              -82.7291827,
              40.1344091
            ]
          ]
        ]
      },
      "properties": {
        "epoch_id": "EPOCH-bdc85fadae79b6b2",
        "site_name": "AWS New Albany",
        "distance_to_site_km": 2.2442,
        "footprint_area_m2_webmercator": 175.24,
        "source_dataset": "Overture Maps buildings",
        "source_url": "https://docs.overturemaps.org/getting-data/",
        "source_release": "2026-09-23.1",
        "source_accessed_on": "2026-09-27",
        "geometry_role": "current building-footprint polygon",
        "linkage_semantics": "Overlap/proximity only; not evidence that the building hosts AI compute."
      }
    },
    {
      "type": "Feature",
      "id": "dba8363a-4b04-45b2-8331-bab2c45af037",
      "geometry": {
        "type": "Polygon",
        "coordinates": [
          [
            [
              -82.7287207,
              40.1343895
            ],
            [
              -82.7286959,
              40.1343417
            ],
            [
              -82.7286125,
              40.134367
            ],
            [
              -82.7286374,
              40.1344148
            ],
            [
              -82.7287207,
              40.1343895
            ]
          ]
        ]
      },
      "properties": {
        "epoch_id": "EPOCH-bdc85fadae79b6b2",
        "site_name": "AWS New Albany",
        "distance_to_site_km": 2.2623,
        "footprint_area_m2_webmercator": 74.77,
        "source_dataset": "Overture Maps buildings",
        "source_url": "https://docs.overturemaps.org/getting-data/",
        "source_release": "2026-09-23.1",
        "source_accessed_on": "2026-09-27",
        "geometry_role": "current building-footprint polygon",
        "linkage_semantics": "Overlap/proximity only; not evidence that the building hosts AI compute."
      }
    },
    {
      "type": "Feature",
      "id": "e27dd069-75e5-4956-817e-c559560a6617",
      "geometry": {
        "type": "Polygon",
        "coordinates": [
          [
            [
              -82.72119,
              40.1332477
            ],
            [
              -82.7211364,
              40.1332469
            ],
            [
              -82.7211386,
              40.1331567
            ],
            [
              -82.7210045,
              40.1331548
            ],
            [
              -82.7210007,
              40.1333116
            ],
            [
              -82.7211884,
              40.1333143
            ],
            [
              -82.72119,
              40.1332477
            ]
          ]
        ]
      },
      "properties": {
        "epoch_id": "EPOCH-bdc85fadae79b6b2",
        "site_name": "AWS New Albany",
        "distance_to_site_km": 2.4939,
        "footprint_area_m2_webmercator": 398.83,
        "source_dataset": "Overture Maps buildings",
        "source_url": "https://docs.overturemaps.org/getting-data/",
        "source_release": "2026-09-23.1",
        "source_accessed_on": "2026-09-27",
        "geometry_role": "current building-footprint polygon",
        "linkage_semantics": "Overlap/proximity only; not evidence that the building hosts AI compute."
      }
    },
    {
      "type": "Feature",
      "id": "9109de21-239d-46f4-9db7-4b87957967af",
      "geometry": {
        "type": "Polygon",
        "coordinates": [
          [
            [
              -82.7210941,
              40.133582
            ],
            [
              -82.7209842,
              40.1335803
            ],
            [
              -82.7209803,
              40.1337258
            ],
            [
              -82.7211185,
              40.133728
            ],
            [
              -82.7211209,
              40.1336347
            ],
            [
              -82.7210927,
              40.1336343
            ],
            [
              -82.7210941,
              40.133582
            ]
          ]
        ]
      },
      "properties": {
        "epoch_id": "EPOCH-bdc85fadae79b6b2",
        "site_name": "AWS New Albany",
        "distance_to_site_km": 2.532,
        "footprint_area_m2_webmercator": 302.06,
        "source_dataset": "Overture Maps buildings",
        "source_url": "https://docs.overturemaps.org/getting-data/",
        "source_release": "2026-09-23.1",
        "source_accessed_on": "2026-09-27",
        "geometry_role": "current building-footprint polygon",
        "linkage_semantics": "Overlap/proximity only; not evidence that the building hosts AI compute."
      }
    },
    {
      "type": "Feature",
      "id": "a02172f6-c538-4485-99be-5a3b8992638a",
      "geometry": {
        "type": "Polygon",
        "coordinates": [
          [
            [
              -82.7221105,
              40.1335171
            ],
            [
              -82.72199,
              40.1335136
            ],
            [
              -82.72198,
              40.1337133
            ],
            [
              -82.7221005,
              40.1337168
            ],
            [
              -82.7221105,
              40.1335171
            ]
          ]
        ]
      },
      "properties": {
        "epoch_id": "EPOCH-bdc85fadae79b6b2",
        "site_name": "AWS New Albany",
        "distance_to_site_km": 2.4764,
        "footprint_area_m2_webmercator": 390.6,
        "source_dataset": "Overture Maps buildings",
        "source_url": "https://docs.overturemaps.org/getting-data/",
        "source_release": "2026-09-23.1",
        "source_accessed_on": "2026-09-27",
        "geometry_role": "current building-footprint polygon",
        "linkage_semantics": "Overlap/proximity only; not evidence that the building hosts AI compute."
      }
    },
    {
      "type": "Feature",
      "id": "0091381a-8395-4b54-adc5-35186b92e589",
      "geometry": {
        "type": "Polygon",
        "coordinates": [
          [
            [
              -82.7228508,
              40.1334412
            ],
            [
              -82.7224109,
              40.1334399
            ],
            [
              -82.7224104,
              40.1335496
            ],
            [
              -82.7228503,
              40.1335508
            ],
            [
              -82.7228508,
              40.1334412
            ]
          ]
        ]
      },
      "properties": {
        "epoch_id": "EPOCH-bdc85fadae79b6b2",
        "site_name": "AWS New Albany",
        "distance_to_site_km": 2.4361,
        "footprint_area_m2_webmercator": 781.82,
        "source_dataset": "Overture Maps buildings",
        "source_url": "https://docs.overturemaps.org/getting-data/",
        "source_release": "2026-09-23.1",
        "source_accessed_on": "2026-09-27",
        "geometry_role": "current building-footprint polygon",
        "linkage_semantics": "Overlap/proximity only; not evidence that the building hosts AI compute."
      }
    },
    {
      "type": "Feature",
      "id": "38848b3e-28b6-4820-9b11-80ea1ea938ba",
      "geometry": {
        "type": "Polygon",
        "coordinates": [
          [
            [
              -82.7211307,
              40.134153
            ],
            [
              -82.7212229,
              40.1341561
            ],
            [
              -82.7212354,
              40.1339412
            ],
            [
              -82.7211176,
              40.1339372
            ],
            [
              -82.7211115,
              40.1340416
            ],
            [
              -82.721066,
              40.13404
            ],
            [
              -82.7210632,
              40.1340891
            ],
            [
              -82.7211342,
              40.1340916
            ],
            [
              -82.7211307,
              40.134153
            ]
          ]
        ]
      },
      "properties": {
        "epoch_id": "EPOCH-bdc85fadae79b6b2",
        "site_name": "AWS New Albany",
        "distance_to_site_km": 2.5596,
        "footprint_area_m2_webmercator": 421.98,
        "source_dataset": "Overture Maps buildings",
        "source_url": "https://docs.overturemaps.org/getting-data/",
        "source_release": "2026-09-23.1",
        "source_accessed_on": "2026-09-27",
        "geometry_role": "current building-footprint polygon",
        "linkage_semantics": "Overlap/proximity only; not evidence that the building hosts AI compute."
      }
    },
    {
      "type": "Feature",
      "id": "cdacfe98-76c7-4bf9-a61c-61bff69b5ead",
      "geometry": {
        "type": "Polygon",
        "coordinates": [
          [
            [
              -82.721097,
              40.1341547
            ],
            [
              -82.7209793,
              40.1341502
            ],
            [
              -82.7209745,
              40.1342228
            ],
            [
              -82.7210922,
              40.1342274
            ],
            [
              -82.721097,
              40.1341547
            ]
          ]
        ]
      },
      "properties": {
        "epoch_id": "EPOCH-bdc85fadae79b6b2",
        "site_name": "AWS New Albany",
        "distance_to_site_km": 2.5791,
        "footprint_area_m2_webmercator": 138.95,
        "source_dataset": "Overture Maps buildings",
        "source_url": "https://docs.overturemaps.org/getting-data/",
        "source_release": "2026-09-23.1",
        "source_accessed_on": "2026-09-27",
        "geometry_role": "current building-footprint polygon",
        "linkage_semantics": "Overlap/proximity only; not evidence that the building hosts AI compute."
      }
    },
    {
      "type": "Feature",
      "id": "96f06765-3742-4572-819c-3ded789f16c1",
      "geometry": {
        "type": "Polygon",
        "coordinates": [
          [
            [
              -82.7262748,
              40.1348723
            ],
            [
              -82.7264786,
              40.1348704
            ],
            [
              -82.7264773,
              40.1347925
            ],
            [
              -82.7262735,
              40.1347944
            ],
            [
              -82.7262748,
              40.1348723
            ]
          ]
        ]
      },
      "properties": {
        "epoch_id": "EPOCH-bdc85fadae79b6b2",
        "site_name": "AWS New Albany",
        "distance_to_site_km": 2.3932,
        "footprint_area_m2_webmercator": 257.37,
        "source_dataset": "Overture Maps buildings",
        "source_url": "https://docs.overturemaps.org/getting-data/",
        "source_release": "2026-09-23.1",
        "source_accessed_on": "2026-09-27",
        "geometry_role": "current building-footprint polygon",
        "linkage_semantics": "Overlap/proximity only; not evidence that the building hosts AI compute."
      }
    },
    {
      "type": "Feature",
      "id": "71b347a4-d808-4af6-8e78-44e9f92635e7",
      "geometry": {
        "type": "Polygon",
        "coordinates": [
          [
            [
              -82.7260334,
              40.134911
            ],
            [
              -82.7261299,
              40.1349091
            ],
            [
              -82.7261264,
              40.1348026
            ],
            [
              -82.7260299,
              40.1348044
            ],
            [
              -82.7260334,
              40.134911
            ]
          ]
        ]
      },
      "properties": {
        "epoch_id": "EPOCH-bdc85fadae79b6b2",
        "site_name": "AWS New Albany",
        "distance_to_site_km": 2.4074,
        "footprint_area_m2_webmercator": 166.76,
        "source_dataset": "Overture Maps buildings",
        "source_url": "https://docs.overturemaps.org/getting-data/",
        "source_release": "2026-09-23.1",
        "source_accessed_on": "2026-09-27",
        "geometry_role": "current building-footprint polygon",
        "linkage_semantics": "Overlap/proximity only; not evidence that the building hosts AI compute."
      }
    },
    {
      "type": "Feature",
      "id": "9d956f01-44e1-4e68-b952-37563024bfd3",
      "geometry": {
        "type": "Polygon",
        "coordinates": [
          [
            [
              -82.7205494,
              40.1345468
            ],
            [
              -82.7204449,
              40.1345445
            ],
            [
              -82.7204421,
              40.1346203
            ],
            [
              -82.7205466,
              40.1346226
            ],
            [
              -82.7205494,
              40.1345468
            ]
          ]
        ]
      },
      "properties": {
        "epoch_id": "EPOCH-bdc85fadae79b6b2",
        "site_name": "AWS New Albany",
        "distance_to_site_km": 2.6419,
        "footprint_area_m2_webmercator": 128.49,
        "source_dataset": "Overture Maps buildings",
        "source_url": "https://docs.overturemaps.org/getting-data/",
        "source_release": "2026-09-23.1",
        "source_accessed_on": "2026-09-27",
        "geometry_role": "current building-footprint polygon",
        "linkage_semantics": "Overlap/proximity only; not evidence that the building hosts AI compute."
      }
    },
    {
      "type": "Feature",
      "id": "120680ef-2425-4ba8-9f7d-b917c4fd0846",
      "geometry": {
        "type": "Polygon",
        "coordinates": [
          [
            [
              -82.7208533,
              40.1344308
            ],
            [
              -82.7206979,
              40.1344273
            ],
            [
              -82.7206911,
              40.1346056
            ],
            [
              -82.7208722,
              40.1346096
            ],
            [
              -82.720875,
              40.1345358
            ],
            [
              -82.7208494,
              40.1345353
            ],
            [
              -82.7208533,
              40.1344308
            ]
          ]
        ]
      },
      "properties": {
        "epoch_id": "EPOCH-bdc85fadae79b6b2",
        "site_name": "AWS New Albany",
        "distance_to_site_km": 2.6218,
        "footprint_area_m2_webmercator": 480.22,
        "source_dataset": "Overture Maps buildings",
        "source_url": "https://docs.overturemaps.org/getting-data/",
        "source_release": "2026-09-23.1",
        "source_accessed_on": "2026-09-27",
        "geometry_role": "current building-footprint polygon",
        "linkage_semantics": "Overlap/proximity only; not evidence that the building hosts AI compute."
      }
    },
    {
      "type": "Feature",
      "id": "6376f20a-8e9a-43d8-b219-539e56d4e441",
      "geometry": {
        "type": "Polygon",
        "coordinates": [
          [
            [
              -82.7208294,
              40.1348855
            ],
            [
              -82.720832,
              40.1348138
            ],
            [
              -82.7207018,
              40.1348111
            ],
            [
              -82.720699,
              40.1348899
            ],
            [
              -82.7206603,
              40.1348891
            ],
            [
              -82.7206582,
              40.1349486
            ],
            [
              -82.7206969,
              40.1349494
            ],
            [
              -82.7206959,
              40.1349781
            ],
            [
              -82.7208513,
              40.1349813
            ],
            [
              -82.7208547,
              40.134886
            ],
            [
              -82.7208294,
              40.1348855
            ]
          ]
        ]
      },
      "properties": {
        "epoch_id": "EPOCH-bdc85fadae79b6b2",
        "site_name": "AWS New Albany",
        "distance_to_site_km": 2.6562,
        "footprint_area_m2_webmercator": 428.99,
        "source_dataset": "Overture Maps buildings",
        "source_url": "https://docs.overturemaps.org/getting-data/",
        "source_release": "2026-09-23.1",
        "source_accessed_on": "2026-09-27",
        "geometry_role": "current building-footprint polygon",
        "linkage_semantics": "Overlap/proximity only; not evidence that the building hosts AI compute."
      }
    },
    {
      "type": "Feature",
      "id": "554b7bbb-bca7-4449-bf90-f19ff4338a1e",
      "geometry": {
        "type": "Polygon",
        "coordinates": [
          [
            [
              -82.7205921,
              40.1350431
            ],
            [
              -82.7205969,
              40.1349366
            ],
            [
              -82.720494,
              40.1349338
            ],
            [
              -82.7204892,
              40.1350403
            ],
            [
              -82.7205921,
              40.1350431
            ]
          ]
        ]
      },
      "properties": {
        "epoch_id": "EPOCH-bdc85fadae79b6b2",
        "site_name": "AWS New Albany",
        "distance_to_site_km": 2.6752,
        "footprint_area_m2_webmercator": 177.85,
        "source_dataset": "Overture Maps buildings",
        "source_url": "https://docs.overturemaps.org/getting-data/",
        "source_release": "2026-09-23.1",
        "source_accessed_on": "2026-09-27",
        "geometry_role": "current building-footprint polygon",
        "linkage_semantics": "Overlap/proximity only; not evidence that the building hosts AI compute."
      }
    },
    {
      "type": "Feature",
      "id": "ad3ab8bc-09b0-4dea-84af-682e7c3dde7b",
      "geometry": {
        "type": "Polygon",
        "coordinates": [
          [
            [
              -82.7227266,
              40.1350683
            ],
            [
              -82.7227271,
              40.1350437
            ],
            [
              -82.7225475,
              40.1350412
            ],
            [
              -82.7225451,
              40.1351417
            ],
            [
              -82.7225827,
              40.1351422
            ],
            [
              -82.7225805,
              40.1352344
            ],
            [
              -82.7227253,
              40.1352364
            ],
            [
              -82.7227273,
              40.1351494
            ],
            [
              -82.7227729,
              40.13515
            ],
            [
              -82.7227748,
              40.1350689
            ],
            [
              -82.7227266,
              40.1350683
            ]
          ]
        ]
      },
      "properties": {
        "epoch_id": "EPOCH-bdc85fadae79b6b2",
        "site_name": "AWS New Albany",
        "distance_to_site_km": 2.5839,
        "footprint_area_m2_webmercator": 572.28,
        "source_dataset": "Overture Maps buildings",
        "source_url": "https://docs.overturemaps.org/getting-data/",
        "source_release": "2026-09-23.1",
        "source_accessed_on": "2026-09-27",
        "geometry_role": "current building-footprint polygon",
        "linkage_semantics": "Overlap/proximity only; not evidence that the building hosts AI compute."
      }
    },
    {
      "type": "Feature",
      "id": "65456856-a8a6-4fac-a0d7-9f2d440d479a",
      "geometry": {
        "type": "Polygon",
        "coordinates": [
          [
            [
              -82.723163,
              40.13533
            ],
            [
              -82.7231887,
              40.1352271
            ],
            [
              -82.7229698,
              40.1351951
            ],
            [
              -82.7229441,
              40.135298
            ],
            [
              -82.723163,
              40.13533
            ]
          ]
        ]
      },
      "properties": {
        "epoch_id": "EPOCH-bdc85fadae79b6b2",
        "site_name": "AWS New Albany",
        "distance_to_site_km": 2.577,
        "footprint_area_m2_webmercator": 378.43,
        "source_dataset": "Overture Maps buildings",
        "source_url": "https://docs.overturemaps.org/getting-data/",
        "source_release": "2026-09-23.1",
        "source_accessed_on": "2026-09-27",
        "geometry_role": "current building-footprint polygon",
        "linkage_semantics": "Overlap/proximity only; not evidence that the building hosts AI compute."
      }
    },
    {
      "type": "Feature",
      "id": "d76bda7a-92ff-4df4-9dea-7b624ead48d5",
      "geometry": {
        "type": "Polygon",
        "coordinates": [
          [
            [
              -82.7205706,
              40.1356754
            ],
            [
              -82.7206227,
              40.1356759
            ],
            [
              -82.7206246,
              40.1355714
            ],
            [
              -82.7205227,
              40.1355703
            ],
            [
              -82.7205221,
              40.135601
            ],
            [
              -82.7204175,
              40.1355999
            ],
            [
              -82.7204163,
              40.1356644
            ],
            [
              -82.7203439,
              40.1356636
            ],
            [
              -82.7203425,
              40.1357395
            ],
            [
              -82.7204149,
              40.1357403
            ],
            [
              -82.7204143,
              40.1357721
            ],
            [
              -82.7205956,
              40.1357741
            ],
            [
              -82.7205966,
              40.1357217
            ],
            [
              -82.7205698,
              40.1357214
            ],
            [
              -82.7205706,
              40.1356754
            ]
          ]
        ]
      },
      "properties": {
        "epoch_id": "EPOCH-bdc85fadae79b6b2",
        "site_name": "AWS New Albany",
        "distance_to_site_km": 2.7391,
        "footprint_area_m2_webmercator": 656.31,
        "source_dataset": "Overture Maps buildings",
        "source_url": "https://docs.overturemaps.org/getting-data/",
        "source_release": "2026-09-23.1",
        "source_accessed_on": "2026-09-27",
        "geometry_role": "current building-footprint polygon",
        "linkage_semantics": "Overlap/proximity only; not evidence that the building hosts AI compute."
      }
    },
    {
      "type": "Feature",
      "id": "0150daf8-5a67-4d03-87e7-e4839f77645e",
      "geometry": {
        "type": "Polygon",
        "coordinates": [
          [
            [
              -82.7217967,
              40.1357981
            ],
            [
              -82.7218007,
              40.135711
            ],
            [
              -82.7216239,
              40.1357062
            ],
            [
              -82.7216199,
              40.1357933
            ],
            [
              -82.7217967,
              40.1357981
            ]
          ]
        ]
      },
      "properties": {
        "epoch_id": "EPOCH-bdc85fadae79b6b2",
        "site_name": "AWS New Albany",
        "distance_to_site_km": 2.6862,
        "footprint_area_m2_webmercator": 249.92,
        "source_dataset": "Overture Maps buildings",
        "source_url": "https://docs.overturemaps.org/getting-data/",
        "source_release": "2026-09-23.1",
        "source_accessed_on": "2026-09-27",
        "geometry_role": "current building-footprint polygon",
        "linkage_semantics": "Overlap/proximity only; not evidence that the building hosts AI compute."
      }
    },
    {
      "type": "Feature",
      "id": "7b37d903-6181-4ca5-985a-fe706b9e55a1",
      "geometry": {
        "type": "Polygon",
        "coordinates": [
          [
            [
              -82.7259052,
              40.1357588
            ],
            [
              -82.7259696,
              40.1358328
            ],
            [
              -82.7260339,
              40.1358001
            ],
            [
              -82.7259696,
              40.1357261
            ],
            [
              -82.7259052,
              40.1357588
            ]
          ]
        ]
      },
      "properties": {
        "epoch_id": "EPOCH-bdc85fadae79b6b2",
        "site_name": "AWS New Albany",
        "distance_to_site_km": 2.5025,
        "footprint_area_m2_webmercator": 111.29,
        "source_dataset": "Overture Maps buildings",
        "source_url": "https://docs.overturemaps.org/getting-data/",
        "source_release": "2026-09-23.1",
        "source_accessed_on": "2026-09-27",
        "geometry_role": "current building-footprint polygon",
        "linkage_semantics": "Overlap/proximity only; not evidence that the building hosts AI compute."
      }
    },
    {
      "type": "Feature",
      "id": "a3b6450d-8275-4577-a10a-ff73c582c13e",
      "geometry": {
        "type": "Polygon",
        "coordinates": [
          [
            [
              -82.7273275,
              40.1356624
            ],
            [
              -82.7273817,
              40.1357519
            ],
            [
              -82.7274347,
              40.1357331
            ],
            [
              -82.7274623,
              40.1357787
            ],
            [
              -82.7275573,
              40.135745
            ],
            [
              -82.7275215,
              40.1356859
            ],
            [
              -82.7274914,
              40.1356966
            ],
            [
              -82.7274454,
              40.1356206
            ],
            [
              -82.7273275,
              40.1356624
            ]
          ]
        ]
      },
      "properties": {
        "epoch_id": "EPOCH-bdc85fadae79b6b2",
        "site_name": "AWS New Albany",
        "distance_to_site_km": 2.4395,
        "footprint_area_m2_webmercator": 301.01,
        "source_dataset": "Overture Maps buildings",
        "source_url": "https://docs.overturemaps.org/getting-data/",
        "source_release": "2026-09-23.1",
        "source_accessed_on": "2026-09-27",
        "geometry_role": "current building-footprint polygon",
        "linkage_semantics": "Overlap/proximity only; not evidence that the building hosts AI compute."
      }
    },
    {
      "type": "Feature",
      "id": "edab9ac6-fc74-4039-90a5-ab22735fdc5a",
      "geometry": {
        "type": "Polygon",
        "coordinates": [
          [
            [
              -82.7271583,
              40.1358028
            ],
            [
              -82.7272184,
              40.1358861
            ],
            [
              -82.7273027,
              40.1358506
            ],
            [
              -82.7272426,
              40.1357672
            ],
            [
              -82.7271583,
              40.1358028
            ]
          ]
        ]
      },
      "properties": {
        "epoch_id": "EPOCH-bdc85fadae79b6b2",
        "site_name": "AWS New Albany",
        "distance_to_site_km": 2.4597,
        "footprint_area_m2_webmercator": 148.52,
        "source_dataset": "Overture Maps buildings",
        "source_url": "https://docs.overturemaps.org/getting-data/",
        "source_release": "2026-09-23.1",
        "source_accessed_on": "2026-09-27",
        "geometry_role": "current building-footprint polygon",
        "linkage_semantics": "Overlap/proximity only; not evidence that the building hosts AI compute."
      }
    },
    {
      "type": "Feature",
      "id": "ea86647e-ed20-47bf-95d8-c5afd21268ab",
      "geometry": {
        "type": "Polygon",
        "coordinates": [
          [
            [
              -82.7258716,
              40.1358743
            ],
            [
              -82.725943,
              40.1358419
            ],
            [
              -82.7259065,
              40.1357949
            ],
            [
              -82.725734,
              40.1358733
            ],
            [
              -82.7257929,
              40.1359491
            ],
            [
              -82.7258286,
              40.1359329
            ],
            [
              -82.7258603,
              40.1359738
            ],
            [
              -82.7259258,
              40.1359441
            ],
            [
              -82.7258716,
              40.1358743
            ]
          ]
        ]
      },
      "properties": {
        "epoch_id": "EPOCH-bdc85fadae79b6b2",
        "site_name": "AWS New Albany",
        "distance_to_site_km": 2.5178,
        "footprint_area_m2_webmercator": 300.38,
        "source_dataset": "Overture Maps buildings",
        "source_url": "https://docs.overturemaps.org/getting-data/",
        "source_release": "2026-09-23.1",
        "source_accessed_on": "2026-09-27",
        "geometry_role": "current building-footprint polygon",
        "linkage_semantics": "Overlap/proximity only; not evidence that the building hosts AI compute."
      }
    },
    {
      "type": "Feature",
      "id": "c390e85a-488e-433f-ba6c-5151c512478d",
      "geometry": {
        "type": "Polygon",
        "coordinates": [
          [
            [
              -82.7200941,
              40.1357552
            ],
            [
              -82.7199949,
              40.1357427
            ],
            [
              -82.7199746,
              40.1358365
            ],
            [
              -82.7200738,
              40.135849
            ],
            [
              -82.7200941,
              40.1357552
            ]
          ]
        ]
      },
      "properties": {
        "epoch_id": "EPOCH-bdc85fadae79b6b2",
        "site_name": "AWS New Albany",
        "distance_to_site_km": 2.7729,
        "footprint_area_m2_webmercator": 154.94,
        "source_dataset": "Overture Maps buildings",
        "source_url": "https://docs.overturemaps.org/getting-data/",
        "source_release": "2026-09-23.1",
        "source_accessed_on": "2026-09-27",
        "geometry_role": "current building-footprint polygon",
        "linkage_semantics": "Overlap/proximity only; not evidence that the building hosts AI compute."
      }
    }
  ]
}
