{
  "type": "FeatureCollection",
  "source": {
    "dataset": "Overture Maps buildings",
    "url": "https://docs.overturemaps.org/getting-data/",
    "accessed_on": "2026-09-28",
    "release": "2026-09-23.1",
    "site_epoch_id": "EPOCH-27e284efc1b1abc2",
    "site_name": "Meta Huntsville",
    "site_latitude": 34.8478207,
    "site_longitude": -86.6268013,
    "search_bbox": [
      -86.64680129999999,
      34.8278207,
      -86.6068013,
      34.8678207
    ],
    "filter_radius_km": 3.0,
    "semantics": "Current building polygons are ingested for physical geometry. They are not, by themselves, AI-facility identity evidence or a construction time series."
  },
  "features": [
    {
      "type": "Feature",
      "id": "ee9b8462-2010-4f14-866f-a0c2cdd4e1a3",
      "geometry": {
        "type": "Polygon",
        "coordinates": [
          [
            [
              -86.641331,
              34.8296284
            ],
            [
              -86.6413849,
              34.8296276
            ],
            [
              -86.6413846,
              34.8296122
            ],
            [
              -86.6413306,
              34.829613
            ],
            [
              -86.641331,
              34.8296284
            ]
          ]
        ]
      },
      "properties": {
        "epoch_id": "EPOCH-27e284efc1b1abc2",
        "site_name": "Meta Huntsville",
        "distance_to_site_km": 2.4209,
        "footprint_area_m2_webmercator": 12.55,
        "source_dataset": "Overture Maps buildings",
        "source_url": "https://docs.overturemaps.org/getting-data/",
        "source_release": "2026-09-23.1",
        "source_accessed_on": "2026-09-28",
        "geometry_role": "current building-footprint polygon",
        "linkage_semantics": "Overlap/proximity only; not evidence that the building hosts AI compute."
      }
    },
    {
      "type": "Feature",
      "id": "03a6c4b3-13a8-4258-909e-9da474179980",
      "geometry": {
        "type": "Polygon",
        "coordinates": [
          [
            [
              -86.6401446,
              34.8292858
            ],
            [
              -86.6401428,
              34.8292484
            ],
            [
              -86.6400652,
              34.8292508
            ],
            [
              -86.6400669,
              34.8292882
            ],
            [
              -86.6401446,
              34.8292858
            ]
          ]
        ]
      },
      "properties": {
        "epoch_id": "EPOCH-27e284efc1b1abc2",
        "site_name": "Meta Huntsville",
        "distance_to_site_km": 2.3937,
        "footprint_area_m2_webmercator": 43.91,
        "source_dataset": "Overture Maps buildings",
        "source_url": "https://docs.overturemaps.org/getting-data/",
        "source_release": "2026-09-23.1",
        "source_accessed_on": "2026-09-28",
        "geometry_role": "current building-footprint polygon",
        "linkage_semantics": "Overlap/proximity only; not evidence that the building hosts AI compute."
      }
    },
    {
      "type": "Feature",
      "id": "4248534e-5fb8-4fbf-b1be-cd795ecd9c8a",
      "geometry": {
        "type": "Polygon",
        "coordinates": [
          [
            [
              -86.6376797,
              34.8298251
            ],
            [
              -86.6375414,
              34.829826
            ],
            [
              -86.6375421,
              34.8299
            ],
            [
              -86.6376804,
              34.8298991
            ],
            [
              -86.6376797,
              34.8298251
            ]
          ]
        ]
      },
      "properties": {
        "epoch_id": "EPOCH-27e284efc1b1abc2",
        "site_name": "Meta Huntsville",
        "distance_to_site_km": 2.2273,
        "footprint_area_m2_webmercator": 154.51,
        "source_dataset": "Overture Maps buildings",
        "source_url": "https://docs.overturemaps.org/getting-data/",
        "source_release": "2026-09-23.1",
        "source_accessed_on": "2026-09-28",
        "geometry_role": "current building-footprint polygon",
        "linkage_semantics": "Overlap/proximity only; not evidence that the building hosts AI compute."
      }
    },
    {
      "type": "Feature",
      "id": "3e682e2d-969e-431c-a5ea-76343e1b78c9",
      "geometry": {
        "type": "Polygon",
        "coordinates": [
          [
            [
              -86.6401902,
              34.8310478
            ],
            [
              -86.6401872,
              34.8307491
            ],
            [
              -86.6403493,
              34.8307479
            ],
            [
              -86.6403486,
              34.8306873
            ],
            [
              -86.6401896,
              34.8306884
            ],
            [
              -86.6401869,
              34.8304351
            ],
            [
              -86.6403195,
              34.8304342
            ],
            [
              -86.6403175,
              34.8302491
            ],
            [
              -86.6400326,
              34.8302512
            ],
            [
              -86.6400286,
              34.8298773
            ],
            [
              -86.6398586,
              34.8298785
            ],
            [
              -86.6398513,
              34.8292008
            ],
            [
              -86.6400478,
              34.8291994
            ],
            [
              -86.6400483,
              34.8292487
            ],
            [
              -86.6406063,
              34.829245
            ],
            [
              -86.64059,
              34.8275923
            ],
            [
              -86.6387447,
              34.8276046
            ],
            [
              -86.6387482,
              34.8279648
            ],
            [
              -86.6386522,
              34.8279654
            ],
            [
              -86.6386507,
              34.8277953
            ],
            [
              -86.6379834,
              34.8277993
            ],
            [
              -86.6379849,
              34.8279695
            ],
            [
              -86.6361982,
              34.8279799
            ],
            [
              -86.6362134,
              34.8297482
            ],
            [
              -86.6377062,
              34.8297396
            ],
            [
              -86.6377142,
              34.8306689
            ],
            [
              -86.6374452,
              34.8306705
            ],
            [
              -86.6374517,
              34.831397
            ],
            [
              -86.6377272,
              34.8313954
            ],
            [
              -86.6377265,
              34.8313246
            ],
            [
              -86.6398683,
              34.8313103
            ],
            [
              -86.6398657,
              34.83105
            ],
            [
              -86.6401902,
              34.8310478
            ]
          ]
        ]
      },
      "properties": {
        "epoch_id": "EPOCH-27e284efc1b1abc2",
        "site_name": "Meta Huntsville",
        "distance_to_site_km": 2.3204,
        "footprint_area_m2_webmercator": 183327.36,
        "source_dataset": "Overture Maps buildings",
        "source_url": "https://docs.overturemaps.org/getting-data/",
        "source_release": "2026-09-23.1",
        "source_accessed_on": "2026-09-28",
        "geometry_role": "current building-footprint polygon",
        "linkage_semantics": "Overlap/proximity only; not evidence that the building hosts AI compute."
      }
    },
    {
      "type": "Feature",
      "id": "62f56a05-8a22-4b78-ad1f-a3e9a0aab662",
      "geometry": {
        "type": "Polygon",
        "coordinates": [
          [
            [
              -86.6388433,
              34.8315413
            ],
            [
              -86.6387227,
              34.8315423
            ],
            [
              -86.6387249,
              34.8317118
            ],
            [
              -86.6388456,
              34.8317108
            ],
            [
              -86.6388433,
              34.8315413
            ]
          ]
        ]
      },
      "properties": {
        "epoch_id": "EPOCH-27e284efc1b1abc2",
        "site_name": "Meta Huntsville",
        "distance_to_site_km": 2.1068,
        "footprint_area_m2_webmercator": 308.77,
        "source_dataset": "Overture Maps buildings",
        "source_url": "https://docs.overturemaps.org/getting-data/",
        "source_release": "2026-09-23.1",
        "source_accessed_on": "2026-09-28",
        "geometry_role": "current building-footprint polygon",
        "linkage_semantics": "Overlap/proximity only; not evidence that the building hosts AI compute."
      }
    },
    {
      "type": "Feature",
      "id": "123952a2-0389-4aca-9fdb-4a2ce1491caf",
      "geometry": {
        "type": "Polygon",
        "coordinates": [
          [
            [
              -86.6380673,
              34.8317008
            ],
            [
              -86.6383525,
              34.8316992
            ],
            [
              -86.6383507,
              34.8314884
            ],
            [
              -86.6380655,
              34.8314901
            ],
            [
              -86.6380673,
              34.8317008
            ]
          ]
        ]
      },
      "properties": {
        "epoch_id": "EPOCH-27e284efc1b1abc2",
        "site_name": "Meta Huntsville",
        "distance_to_site_km": 2.0831,
        "footprint_area_m2_webmercator": 907.46,
        "source_dataset": "Overture Maps buildings",
        "source_url": "https://docs.overturemaps.org/getting-data/",
        "source_release": "2026-09-23.1",
        "source_accessed_on": "2026-09-28",
        "geometry_role": "current building-footprint polygon",
        "linkage_semantics": "Overlap/proximity only; not evidence that the building hosts AI compute."
      }
    },
    {
      "type": "Feature",
      "id": "f12f6c91-e82d-441c-adbc-9b5ba1680d6e",
      "geometry": {
        "type": "Polygon",
        "coordinates": [
          [
            [
              -86.6379504,
              34.8313585
            ],
            [
              -86.63787,
              34.8313596
            ],
            [
              -86.637871,
              34.8314124
            ],
            [
              -86.6379515,
              34.8314114
            ],
            [
              -86.6379504,
              34.8313585
            ]
          ]
        ]
      },
      "properties": {
        "epoch_id": "EPOCH-27e284efc1b1abc2",
        "site_name": "Meta Huntsville",
        "distance_to_site_km": 2.0899,
        "footprint_area_m2_webmercator": 64.21,
        "source_dataset": "Overture Maps buildings",
        "source_url": "https://docs.overturemaps.org/getting-data/",
        "source_release": "2026-09-23.1",
        "source_accessed_on": "2026-09-28",
        "geometry_role": "current building-footprint polygon",
        "linkage_semantics": "Overlap/proximity only; not evidence that the building hosts AI compute."
      }
    },
    {
      "type": "Feature",
      "id": "92ce83b4-8920-460a-a4dd-c300727bc673",
      "geometry": {
        "type": "Polygon",
        "coordinates": [
          [
            [
              -86.6372303,
              34.8316829
            ],
            [
              -86.637415,
              34.8316772
            ],
            [
              -86.6373963,
              34.8312688
            ],
            [
              -86.6372115,
              34.8312745
            ],
            [
              -86.6372303,
              34.8316829
            ]
          ]
        ]
      },
      "properties": {
        "epoch_id": "EPOCH-27e284efc1b1abc2",
        "site_name": "Meta Huntsville",
        "distance_to_site_km": 2.0551,
        "footprint_area_m2_webmercator": 1140.7,
        "source_dataset": "Overture Maps buildings",
        "source_url": "https://docs.overturemaps.org/getting-data/",
        "source_release": "2026-09-23.1",
        "source_accessed_on": "2026-09-28",
        "geometry_role": "current building-footprint polygon",
        "linkage_semantics": "Overlap/proximity only; not evidence that the building hosts AI compute."
      }
    },
    {
      "type": "Feature",
      "id": "c726397c-120b-4d36-bb48-26546e4ef1dd",
      "geometry": {
        "type": "Polygon",
        "coordinates": [
          [
            [
              -86.6374639,
              34.8319144
            ],
            [
              -86.6374224,
              34.8319083
            ],
            [
              -86.6373813,
              34.8319156
            ],
            [
              -86.6373467,
              34.8319354
            ],
            [
              -86.6373239,
              34.8319645
            ],
            [
              -86.6373165,
              34.8319985
            ],
            [
              -86.6373255,
              34.8320323
            ],
            [
              -86.6373495,
              34.8320607
            ],
            [
              -86.637385,
              34.8320794
            ],
            [
              -86.6374264,
              34.8320855
            ],
            [
              -86.6374676,
              34.8320781
            ],
            [
              -86.6375022,
              34.8320584
            ],
            [
              -86.6375249,
              34.8320293
            ],
            [
              -86.6375324,
              34.8319952
            ],
            [
              -86.6375234,
              34.8319614
            ],
            [
              -86.6374994,
              34.8319331
            ],
            [
              -86.6374639,
              34.8319144
            ]
          ]
        ]
      },
      "properties": {
        "epoch_id": "EPOCH-27e284efc1b1abc2",
        "site_name": "Meta Huntsville",
        "distance_to_site_km": 2.009,
        "footprint_area_m2_webmercator": 442.27,
        "source_dataset": "Overture Maps buildings",
        "source_url": "https://docs.overturemaps.org/getting-data/",
        "source_release": "2026-09-23.1",
        "source_accessed_on": "2026-09-28",
        "geometry_role": "current building-footprint polygon",
        "linkage_semantics": "Overlap/proximity only; not evidence that the building hosts AI compute."
      }
    },
    {
      "type": "Feature",
      "id": "bf798be0-4e8d-4832-8ded-7c3b7c626073",
      "geometry": {
        "type": "Polygon",
        "coordinates": [
          [
            [
              -86.6370318,
              34.831941
            ],
            [
              -86.6368816,
              34.8319387
            ],
            [
              -86.6368791,
              34.8320465
            ],
            [
              -86.6370293,
              34.8320489
            ],
            [
              -86.6370318,
              34.831941
            ]
          ]
        ]
      },
      "properties": {
        "epoch_id": "EPOCH-27e284efc1b1abc2",
        "site_name": "Meta Huntsville",
        "distance_to_site_km": 1.989,
        "footprint_area_m2_webmercator": 244.65,
        "source_dataset": "Overture Maps buildings",
        "source_url": "https://docs.overturemaps.org/getting-data/",
        "source_release": "2026-09-23.1",
        "source_accessed_on": "2026-09-28",
        "geometry_role": "current building-footprint polygon",
        "linkage_semantics": "Overlap/proximity only; not evidence that the building hosts AI compute."
      }
    },
    {
      "type": "Feature",
      "id": "b02fdffa-4fea-4f3e-a10b-04528a31b864",
      "geometry": {
        "type": "Polygon",
        "coordinates": [
          [
            [
              -86.637582,
              34.8320261
            ],
            [
              -86.6378073,
              34.832025
            ],
            [
              -86.6378064,
              34.8318984
            ],
            [
              -86.6375811,
              34.8318995
            ],
            [
              -86.637582,
              34.8320261
            ]
          ]
        ]
      },
      "properties": {
        "epoch_id": "EPOCH-27e284efc1b1abc2",
        "site_name": "Meta Huntsville",
        "distance_to_site_km": 2.0243,
        "footprint_area_m2_webmercator": 430.62,
        "source_dataset": "Overture Maps buildings",
        "source_url": "https://docs.overturemaps.org/getting-data/",
        "source_release": "2026-09-23.1",
        "source_accessed_on": "2026-09-28",
        "geometry_role": "current building-footprint polygon",
        "linkage_semantics": "Overlap/proximity only; not evidence that the building hosts AI compute."
      }
    },
    {
      "type": "Feature",
      "id": "1948ecd7-965f-46c5-80b6-8beedfa0576d",
      "geometry": {
        "type": "Polygon",
        "coordinates": [
          [
            [
              -86.6379983,
              34.8319017
            ],
            [
              -86.6379548,
              34.8318951
            ],
            [
              -86.6379116,
              34.8319026
            ],
            [
              -86.6378751,
              34.8319231
            ],
            [
              -86.637851,
              34.8319535
            ],
            [
              -86.6378429,
              34.8319892
            ],
            [
              -86.637852,
              34.8320247
            ],
            [
              -86.637877,
              34.8320546
            ],
            [
              -86.6379141,
              34.8320744
            ],
            [
              -86.6379575,
              34.8320811
            ],
            [
              -86.6380008,
              34.8320736
            ],
            [
              -86.6380373,
              34.8320531
            ],
            [
              -86.6380614,
              34.8320227
            ],
            [
              -86.6380695,
              34.831987
            ],
            [
              -86.6380604,
              34.8319515
            ],
            [
              -86.6380354,
              34.8319215
            ],
            [
              -86.6379983,
              34.8319017
            ]
          ]
        ]
      },
      "properties": {
        "epoch_id": "EPOCH-27e284efc1b1abc2",
        "site_name": "Meta Huntsville",
        "distance_to_site_km": 2.0337,
        "footprint_area_m2_webmercator": 487.21,
        "source_dataset": "Overture Maps buildings",
        "source_url": "https://docs.overturemaps.org/getting-data/",
        "source_release": "2026-09-23.1",
        "source_accessed_on": "2026-09-28",
        "geometry_role": "current building-footprint polygon",
        "linkage_semantics": "Overlap/proximity only; not evidence that the building hosts AI compute."
      }
    },
    {
      "type": "Feature",
      "id": "2d088e68-048a-4524-b9f0-85fcc606655d",
      "geometry": {
        "type": "Polygon",
        "coordinates": [
          [
            [
              -86.6371459,
              34.8374602
            ],
            [
              -86.637052,
              34.8374603
            ],
            [
              -86.6370516,
              34.8373084
            ],
            [
              -86.6366078,
              34.8373093
            ],
            [
              -86.6366084,
              34.8375074
            ],
            [
              -86.6371461,
              34.8375064
            ],
            [
              -86.6371459,
              34.8374602
            ]
          ]
        ]
      },
      "properties": {
        "epoch_id": "EPOCH-27e284efc1b1abc2",
        "site_name": "Meta Huntsville",
        "distance_to_site_km": 1.4763,
        "footprint_area_m2_webmercator": 1393.08,
        "source_dataset": "Overture Maps buildings",
        "source_url": "https://docs.overturemaps.org/getting-data/",
        "source_release": "2026-09-23.1",
        "source_accessed_on": "2026-09-28",
        "geometry_role": "current building-footprint polygon",
        "linkage_semantics": "Overlap/proximity only; not evidence that the building hosts AI compute."
      }
    },
    {
      "type": "Feature",
      "id": "36f9976c-c4f7-49cf-a97d-97350d920424",
      "geometry": {
        "type": "Polygon",
        "coordinates": [
          [
            [
              -86.6364755,
              34.8383283
            ],
            [
              -86.6370048,
              34.8384358
            ],
            [
              -86.6371358,
              34.8380015
            ],
            [
              -86.6366064,
              34.8378939
            ],
            [
              -86.6364755,
              34.8383283
            ]
          ]
        ]
      },
      "properties": {
        "epoch_id": "EPOCH-27e284efc1b1abc2",
        "site_name": "Meta Huntsville",
        "distance_to_site_km": 1.4094,
        "footprint_area_m2_webmercator": 3684.03,
        "source_dataset": "Overture Maps buildings",
        "source_url": "https://docs.overturemaps.org/getting-data/",
        "source_release": "2026-09-23.1",
        "source_accessed_on": "2026-09-28",
        "geometry_role": "current building-footprint polygon",
        "linkage_semantics": "Overlap/proximity only; not evidence that the building hosts AI compute."
      }
    },
    {
      "type": "Feature",
      "id": "fccec7f4-093e-4c68-9258-ba80ecf5ab42",
      "geometry": {
        "type": "Polygon",
        "coordinates": [
          [
            [
              -86.6362193,
              34.8390492
            ],
            [
              -86.6370357,
              34.8392193
            ],
            [
              -86.6372019,
              34.8386824
            ],
            [
              -86.6363854,
              34.8385123
            ],
            [
              -86.6362193,
              34.8390492
            ]
          ]
        ]
      },
      "properties": {
        "epoch_id": "EPOCH-27e284efc1b1abc2",
        "site_name": "Meta Huntsville",
        "distance_to_site_km": 1.3451,
        "footprint_area_m2_webmercator": 7045.03,
        "source_dataset": "Overture Maps buildings",
        "source_url": "https://docs.overturemaps.org/getting-data/",
        "source_release": "2026-09-23.1",
        "source_accessed_on": "2026-09-28",
        "geometry_role": "current building-footprint polygon",
        "linkage_semantics": "Overlap/proximity only; not evidence that the building hosts AI compute."
      }
    },
    {
      "type": "Feature",
      "id": "83f906ec-3fa6-4f8c-b769-c1e0f515dfcd",
      "geometry": {
        "type": "Polygon",
        "coordinates": [
          [
            [
              -86.6358552,
              34.831911
            ],
            [
              -86.6357695,
              34.8319085
            ],
            [
              -86.6357647,
              34.8320206
            ],
            [
              -86.6358996,
              34.8320245
            ],
            [
              -86.6359062,
              34.8318706
            ],
            [
              -86.635857,
              34.8318692
            ],
            [
              -86.6358552,
              34.831911
            ]
          ]
        ]
      },
      "properties": {
        "epoch_id": "EPOCH-27e284efc1b1abc2",
        "site_name": "Meta Huntsville",
        "distance_to_site_km": 1.9473,
        "footprint_area_m2_webmercator": 259.65,
        "source_dataset": "Overture Maps buildings",
        "source_url": "https://docs.overturemaps.org/getting-data/",
        "source_release": "2026-09-23.1",
        "source_accessed_on": "2026-09-28",
        "geometry_role": "current building-footprint polygon",
        "linkage_semantics": "Overlap/proximity only; not evidence that the building hosts AI compute."
      }
    },
    {
      "type": "Feature",
      "id": "7d613b82-6df5-443a-92e6-dbf6973ad366",
      "geometry": {
        "type": "Polygon",
        "coordinates": [
          [
            [
              -86.6366067,
              34.8309633
            ],
            [
              -86.6367381,
              34.8309608
            ],
            [
              -86.6367348,
              34.8308464
            ],
            [
              -86.6366035,
              34.8308489
            ],
            [
              -86.6366067,
              34.8309633
            ]
          ]
        ]
      },
      "properties": {
        "epoch_id": "EPOCH-27e284efc1b1abc2",
        "site_name": "Meta Huntsville",
        "distance_to_site_km": 2.0855,
        "footprint_area_m2_webmercator": 226.97,
        "source_dataset": "Overture Maps buildings",
        "source_url": "https://docs.overturemaps.org/getting-data/",
        "source_release": "2026-09-23.1",
        "source_accessed_on": "2026-09-28",
        "geometry_role": "current building-footprint polygon",
        "linkage_semantics": "Overlap/proximity only; not evidence that the building hosts AI compute."
      }
    },
    {
      "type": "Feature",
      "id": "55cd645d-0d0d-4cf9-8fe0-21de2e137aaf",
      "geometry": {
        "type": "Polygon",
        "coordinates": [
          [
            [
              -86.6309225,
              34.8373188
            ],
            [
              -86.6308675,
              34.8373198
            ],
            [
              -86.6308702,
              34.8374144
            ],
            [
              -86.6309252,
              34.8374134
            ],
            [
              -86.6309225,
              34.8373188
            ]
          ]
        ]
      },
      "properties": {
        "epoch_id": "EPOCH-27e284efc1b1abc2",
        "site_name": "Meta Huntsville",
        "distance_to_site_km": 1.221,
        "footprint_area_m2_webmercator": 78.6,
        "source_dataset": "Overture Maps buildings",
        "source_url": "https://docs.overturemaps.org/getting-data/",
        "source_release": "2026-09-23.1",
        "source_accessed_on": "2026-09-28",
        "geometry_role": "current building-footprint polygon",
        "linkage_semantics": "Overlap/proximity only; not evidence that the building hosts AI compute."
      }
    },
    {
      "type": "Feature",
      "id": "ed97e262-fd16-47f1-8fec-2155538d3ae7",
      "geometry": {
        "type": "Polygon",
        "coordinates": [
          [
            [
              -86.6302884,
              34.8383258
            ],
            [
              -86.6301757,
              34.8383246
            ],
            [
              -86.630175,
              34.8383686
            ],
            [
              -86.6302877,
              34.8383698
            ],
            [
              -86.6302884,
              34.8383258
            ]
          ]
        ]
      },
      "properties": {
        "epoch_id": "EPOCH-27e284efc1b1abc2",
        "site_name": "Meta Huntsville",
        "distance_to_site_km": 1.0989,
        "footprint_area_m2_webmercator": 74.88,
        "source_dataset": "Overture Maps buildings",
        "source_url": "https://docs.overturemaps.org/getting-data/",
        "source_release": "2026-09-23.1",
        "source_accessed_on": "2026-09-28",
        "geometry_role": "current building-footprint polygon",
        "linkage_semantics": "Overlap/proximity only; not evidence that the building hosts AI compute."
      }
    },
    {
      "type": "Feature",
      "id": "dcf6ebcb-ecb2-4596-bc83-6eff6eb30b0f",
      "geometry": {
        "type": "Polygon",
        "coordinates": [
          [
            [
              -86.6308234,
              34.8383228
            ],
            [
              -86.6307085,
              34.8383281
            ],
            [
              -86.6307113,
              34.8383698
            ],
            [
              -86.6308263,
              34.8383645
            ],
            [
              -86.6308234,
              34.8383228
            ]
          ]
        ]
      },
      "properties": {
        "epoch_id": "EPOCH-27e284efc1b1abc2",
        "site_name": "Meta Huntsville",
        "distance_to_site_km": 1.1139,
        "footprint_area_m2_webmercator": 72.6,
        "source_dataset": "Overture Maps buildings",
        "source_url": "https://docs.overturemaps.org/getting-data/",
        "source_release": "2026-09-23.1",
        "source_accessed_on": "2026-09-28",
        "geometry_role": "current building-footprint polygon",
        "linkage_semantics": "Overlap/proximity only; not evidence that the building hosts AI compute."
      }
    },
    {
      "type": "Feature",
      "id": "b89ac8c0-ae8b-4dd7-8af7-cf88462a6199",
      "geometry": {
        "type": "Polygon",
        "coordinates": [
          [
            [
              -86.6342638,
              34.8442848
            ],
            [
              -86.6344689,
              34.8442898
            ],
            [
              -86.6344726,
              34.8441876
            ],
            [
              -86.6342675,
              34.8441826
            ],
            [
              -86.6342638,
              34.8442848
            ]
          ]
        ]
      },
      "properties": {
        "epoch_id": "EPOCH-27e284efc1b1abc2",
        "site_name": "Meta Huntsville",
        "distance_to_site_km": 0.7973,
        "footprint_area_m2_webmercator": 316.78,
        "source_dataset": "Overture Maps buildings",
        "source_url": "https://docs.overturemaps.org/getting-data/",
        "source_release": "2026-09-23.1",
        "source_accessed_on": "2026-09-28",
        "geometry_role": "current building-footprint polygon",
        "linkage_semantics": "Overlap/proximity only; not evidence that the building hosts AI compute."
      }
    },
    {
      "type": "Feature",
      "id": "094ab6bd-5c90-4f21-8810-86c5414b605a",
      "geometry": {
        "type": "Polygon",
        "coordinates": [
          [
            [
              -86.6344721,
              34.8461049
            ],
            [
              -86.6345096,
              34.8460476
            ],
            [
              -86.6343431,
              34.8459741
            ],
            [
              -86.6343056,
              34.8460314
            ],
            [
              -86.6344721,
              34.8461049
            ]
          ]
        ]
      },
      "properties": {
        "epoch_id": "EPOCH-27e284efc1b1abc2",
        "site_name": "Meta Huntsville",
        "distance_to_site_km": 0.7218,
        "footprint_area_m2_webmercator": 185.67,
        "source_dataset": "Overture Maps buildings",
        "source_url": "https://docs.overturemaps.org/getting-data/",
        "source_release": "2026-09-23.1",
        "source_accessed_on": "2026-09-28",
        "geometry_role": "current building-footprint polygon",
        "linkage_semantics": "Overlap/proximity only; not evidence that the building hosts AI compute."
      }
    },
    {
      "type": "Feature",
      "id": "6ce9f7b4-9c73-4aec-9ab5-abc7883778ec",
      "geometry": {
        "type": "Polygon",
        "coordinates": [
          [
            [
              -86.6300909,
              34.8448608
            ],
            [
              -86.6303697,
              34.8448566
            ],
            [
              -86.6303651,
              34.8446476
            ],
            [
              -86.6307526,
              34.8446418
            ],
            [
              -86.6307501,
              34.8445286
            ],
            [
              -86.629699,
              34.8445443
            ],
            [
              -86.6297016,
              34.8446609
            ],
            [
              -86.6300863,
              34.8446552
            ],
            [
              -86.6300909,
              34.8448608
            ]
          ]
        ]
      },
      "properties": {
        "epoch_id": "EPOCH-27e284efc1b1abc2",
        "site_name": "Meta Huntsville",
        "distance_to_site_km": 0.4714,
        "footprint_area_m2_webmercator": 2697.44,
        "source_dataset": "Overture Maps buildings",
        "source_url": "https://docs.overturemaps.org/getting-data/",
        "source_release": "2026-09-23.1",
        "source_accessed_on": "2026-09-28",
        "geometry_role": "current building-footprint polygon",
        "linkage_semantics": "Overlap/proximity only; not evidence that the building hosts AI compute."
      }
    },
    {
      "type": "Feature",
      "id": "67270bc5-d8c6-4be3-9aee-cb17673ab791",
      "geometry": {
        "type": "Polygon",
        "coordinates": [
          [
            [
              -86.6311199,
              34.8460244
            ],
            [
              -86.6311166,
              34.8459242
            ],
            [
              -86.6309143,
              34.8459286
            ],
            [
              -86.6309176,
              34.8460288
            ],
            [
              -86.6311199,
              34.8460244
            ]
          ]
        ]
      },
      "properties": {
        "epoch_id": "EPOCH-27e284efc1b1abc2",
        "site_name": "Meta Huntsville",
        "distance_to_site_km": 0.436,
        "footprint_area_m2_webmercator": 306.29,
        "source_dataset": "Overture Maps buildings",
        "source_url": "https://docs.overturemaps.org/getting-data/",
        "source_release": "2026-09-23.1",
        "source_accessed_on": "2026-09-28",
        "geometry_role": "current building-footprint polygon",
        "linkage_semantics": "Overlap/proximity only; not evidence that the building hosts AI compute."
      }
    },
    {
      "type": "Feature",
      "id": "ad44c389-c1db-4aa8-bb40-a382305cd54f",
      "geometry": {
        "type": "Polygon",
        "coordinates": [
          [
            [
              -86.6302813,
              34.8472901
            ],
            [
              -86.6302707,
              34.8472538
            ],
            [
              -86.630329,
              34.8472424
            ],
            [
              -86.6303023,
              34.8471508
            ],
            [
              -86.6301667,
              34.8471774
            ],
            [
              -86.6301929,
              34.8472669
            ],
            [
              -86.6302309,
              34.8472594
            ],
            [
              -86.6302354,
              34.8472749
            ],
            [
              -86.6302025,
              34.8472814
            ],
            [
              -86.6302092,
              34.8473043
            ],
            [
              -86.6302813,
              34.8472901
            ]
          ]
        ]
      },
      "properties": {
        "epoch_id": "EPOCH-27e284efc1b1abc2",
        "site_name": "Meta Huntsville",
        "distance_to_site_km": 0.3215,
        "footprint_area_m2_webmercator": 231.66,
        "source_dataset": "Overture Maps buildings",
        "source_url": "https://docs.overturemaps.org/getting-data/",
        "source_release": "2026-09-23.1",
        "source_accessed_on": "2026-09-28",
        "geometry_role": "current building-footprint polygon",
        "linkage_semantics": "Overlap/proximity only; not evidence that the building hosts AI compute."
      }
    },
    {
      "type": "Feature",
      "id": "3d54a64b-b74b-4f59-8dc5-e4067b60ebc5",
      "geometry": {
        "type": "Polygon",
        "coordinates": [
          [
            [
              -86.6305519,
              34.8468596
            ],
            [
              -86.6306043,
              34.8468609
            ],
            [
              -86.6306062,
              34.8468081
            ],
            [
              -86.630507,
              34.8468057
            ],
            [
              -86.6305043,
              34.8468805
            ],
            [
              -86.6305511,
              34.8468816
            ],
            [
              -86.6305519,
              34.8468596
            ]
          ]
        ]
      },
      "properties": {
        "epoch_id": "EPOCH-27e284efc1b1abc2",
        "site_name": "Meta Huntsville",
        "distance_to_site_km": 0.3592,
        "footprint_area_m2_webmercator": 94.7,
        "source_dataset": "Overture Maps buildings",
        "source_url": "https://docs.overturemaps.org/getting-data/",
        "source_release": "2026-09-23.1",
        "source_accessed_on": "2026-09-28",
        "geometry_role": "current building-footprint polygon",
        "linkage_semantics": "Overlap/proximity only; not evidence that the building hosts AI compute."
      }
    },
    {
      "type": "Feature",
      "id": "1bedbd29-a804-4a64-ac5c-aa43ef9c58b2",
      "geometry": {
        "type": "Polygon",
        "coordinates": [
          [
            [
              -86.631817,
              34.8459541
            ],
            [
              -86.6316159,
              34.845958
            ],
            [
              -86.6316178,
              34.846024
            ],
            [
              -86.6318189,
              34.8460201
            ],
            [
              -86.631817,
              34.8459541
            ]
          ]
        ]
      },
      "properties": {
        "epoch_id": "EPOCH-27e284efc1b1abc2",
        "site_name": "Meta Huntsville",
        "distance_to_site_km": 0.4927,
        "footprint_area_m2_webmercator": 200.52,
        "source_dataset": "Overture Maps buildings",
        "source_url": "https://docs.overturemaps.org/getting-data/",
        "source_release": "2026-09-23.1",
        "source_accessed_on": "2026-09-28",
        "geometry_role": "current building-footprint polygon",
        "linkage_semantics": "Overlap/proximity only; not evidence that the building hosts AI compute."
      }
    },
    {
      "type": "Feature",
      "id": "2e9eca6f-8846-41f2-8e05-a821e877cb5e",
      "geometry": {
        "type": "Polygon",
        "coordinates": [
          [
            [
              -86.6317519,
              34.8498074
            ],
            [
              -86.6316239,
              34.8497304
            ],
            [
              -86.6315868,
              34.8497719
            ],
            [
              -86.6317148,
              34.8498489
            ],
            [
              -86.6317519,
              34.8498074
            ]
          ]
        ]
      },
      "properties": {
        "epoch_id": "EPOCH-27e284efc1b1abc2",
        "site_name": "Meta Huntsville",
        "distance_to_site_km": 0.4952,
        "footprint_area_m2_webmercator": 123.35,
        "source_dataset": "Overture Maps buildings",
        "source_url": "https://docs.overturemaps.org/getting-data/",
        "source_release": "2026-09-23.1",
        "source_accessed_on": "2026-09-28",
        "geometry_role": "current building-footprint polygon",
        "linkage_semantics": "Overlap/proximity only; not evidence that the building hosts AI compute."
      }
    },
    {
      "type": "Feature",
      "id": "23ad6624-eb1c-492f-a2ee-1cf3bfe6a66a",
      "geometry": {
        "type": "Polygon",
        "coordinates": [
          [
            [
              -86.6318268,
              34.8518643
            ],
            [
              -86.6319634,
              34.8518959
            ],
            [
              -86.6320118,
              34.8517552
            ],
            [
              -86.6318776,
              34.8517242
            ],
            [
              -86.6318328,
              34.8518547
            ],
            [
              -86.6317756,
              34.8518415
            ],
            [
              -86.6317714,
              34.8518537
            ],
            [
              -86.6318261,
              34.8518663
            ],
            [
              -86.6318268,
              34.8518643
            ]
          ]
        ]
      },
      "properties": {
        "epoch_id": "EPOCH-27e284efc1b1abc2",
        "site_name": "Meta Huntsville",
        "distance_to_site_km": 0.644,
        "footprint_area_m2_webmercator": 318.92,
        "source_dataset": "Overture Maps buildings",
        "source_url": "https://docs.overturemaps.org/getting-data/",
        "source_release": "2026-09-23.1",
        "source_accessed_on": "2026-09-28",
        "geometry_role": "current building-footprint polygon",
        "linkage_semantics": "Overlap/proximity only; not evidence that the building hosts AI compute."
      }
    },
    {
      "type": "Feature",
      "id": "fc6ecd1e-2ede-49f8-9277-030db074e7cc",
      "geometry": {
        "type": "Polygon",
        "coordinates": [
          [
            [
              -86.6320203,
              34.8527998
            ],
            [
              -86.6320199,
              34.8527778
            ],
            [
              -86.6320815,
              34.852777
            ],
            [
              -86.6320791,
              34.8526626
            ],
            [
              -86.6320416,
              34.8526631
            ],
            [
              -86.63204,
              34.8525861
            ],
            [
              -86.6319247,
              34.8525877
            ],
            [
              -86.6319258,
              34.8526383
            ],
            [
              -86.6318587,
              34.8526392
            ],
            [
              -86.6318601,
              34.8527031
            ],
            [
              -86.6319056,
              34.8527024
            ],
            [
              -86.6319077,
              34.8528014
            ],
            [
              -86.6320203,
              34.8527998
            ]
          ]
        ]
      },
      "properties": {
        "epoch_id": "EPOCH-27e284efc1b1abc2",
        "site_name": "Meta Huntsville",
        "distance_to_site_km": 0.7191,
        "footprint_area_m2_webmercator": 525.12,
        "source_dataset": "Overture Maps buildings",
        "source_url": "https://docs.overturemaps.org/getting-data/",
        "source_release": "2026-09-23.1",
        "source_accessed_on": "2026-09-28",
        "geometry_role": "current building-footprint polygon",
        "linkage_semantics": "Overlap/proximity only; not evidence that the building hosts AI compute."
      }
    },
    {
      "type": "Feature",
      "id": "59036e12-86b3-45a0-b10a-3b9ffcec500d",
      "geometry": {
        "type": "Polygon",
        "coordinates": [
          [
            [
              -86.6334989,
              34.8497904
            ],
            [
              -86.6336088,
              34.8497932
            ],
            [
              -86.6336134,
              34.8496745
            ],
            [
              -86.6335035,
              34.8496716
            ],
            [
              -86.6334989,
              34.8497904
            ]
          ]
        ]
      },
      "properties": {
        "epoch_id": "EPOCH-27e284efc1b1abc2",
        "site_name": "Meta Huntsville",
        "distance_to_site_km": 0.652,
        "footprint_area_m2_webmercator": 197.26,
        "source_dataset": "Overture Maps buildings",
        "source_url": "https://docs.overturemaps.org/getting-data/",
        "source_release": "2026-09-23.1",
        "source_accessed_on": "2026-09-28",
        "geometry_role": "current building-footprint polygon",
        "linkage_semantics": "Overlap/proximity only; not evidence that the building hosts AI compute."
      }
    },
    {
      "type": "Feature",
      "id": "3b618fb3-b72e-4911-8b08-35d0b5a8cfd9",
      "geometry": {
        "type": "Polygon",
        "coordinates": [
          [
            [
              -86.6357635,
              34.8533301
            ],
            [
              -86.6358401,
              34.8533285
            ],
            [
              -86.6358365,
              34.8532165
            ],
            [
              -86.6357471,
              34.8532184
            ],
            [
              -86.6357494,
              34.8532922
            ],
            [
              -86.6357622,
              34.8532919
            ],
            [
              -86.6357635,
              34.8533301
            ]
          ]
        ]
      },
      "properties": {
        "epoch_id": "EPOCH-27e284efc1b1abc2",
        "site_name": "Meta Huntsville",
        "distance_to_site_km": 1.0203,
        "footprint_area_m2_webmercator": 143.96,
        "source_dataset": "Overture Maps buildings",
        "source_url": "https://docs.overturemaps.org/getting-data/",
        "source_release": "2026-09-23.1",
        "source_accessed_on": "2026-09-28",
        "geometry_role": "current building-footprint polygon",
        "linkage_semantics": "Overlap/proximity only; not evidence that the building hosts AI compute."
      }
    },
    {
      "type": "Feature",
      "id": "c19e79eb-2993-4f8e-9237-559bba01c77a",
      "geometry": {
        "type": "Polygon",
        "coordinates": [
          [
            [
              -86.6367438,
              34.8501444
            ],
            [
              -86.6365827,
              34.850131
            ],
            [
              -86.6365705,
              34.8502298
            ],
            [
              -86.6366632,
              34.8502376
            ],
            [
              -86.6366577,
              34.8502821
            ],
            [
              -86.6367261,
              34.8502878
            ],
            [
              -86.6367438,
              34.8501444
            ]
          ]
        ]
      },
      "properties": {
        "epoch_id": "EPOCH-27e284efc1b1abc2",
        "site_name": "Meta Huntsville",
        "distance_to_site_km": 0.938,
        "footprint_area_m2_webmercator": 289.41,
        "source_dataset": "Overture Maps buildings",
        "source_url": "https://docs.overturemaps.org/getting-data/",
        "source_release": "2026-09-23.1",
        "source_accessed_on": "2026-09-28",
        "geometry_role": "current building-footprint polygon",
        "linkage_semantics": "Overlap/proximity only; not evidence that the building hosts AI compute."
      }
    },
    {
      "type": "Feature",
      "id": "8e8433ad-3daa-45a5-b112-bdb3b2ebbf33",
      "geometry": {
        "type": "Polygon",
        "coordinates": [
          [
            [
              -86.635085,
              34.8441078
            ],
            [
              -86.6348919,
              34.8441106
            ],
            [
              -86.6348941,
              34.8442119
            ],
            [
              -86.6350872,
              34.844209
            ],
            [
              -86.635085,
              34.8441078
            ]
          ]
        ]
      },
      "properties": {
        "epoch_id": "EPOCH-27e284efc1b1abc2",
        "site_name": "Meta Huntsville",
        "distance_to_site_km": 0.8509,
        "footprint_area_m2_webmercator": 295.3,
        "source_dataset": "Overture Maps buildings",
        "source_url": "https://docs.overturemaps.org/getting-data/",
        "source_release": "2026-09-23.1",
        "source_accessed_on": "2026-09-28",
        "geometry_role": "current building-footprint polygon",
        "linkage_semantics": "Overlap/proximity only; not evidence that the building hosts AI compute."
      }
    },
    {
      "type": "Feature",
      "id": "ca83ed42-9846-463f-b62f-b7d80667254e",
      "geometry": {
        "type": "Polygon",
        "coordinates": [
          [
            [
              -86.6351577,
              34.8444999
            ],
            [
              -86.6351519,
              34.8443437
            ],
            [
              -86.6350781,
              34.8443456
            ],
            [
              -86.6350839,
              34.8445017
            ],
            [
              -86.6351577,
              34.8444999
            ]
          ]
        ]
      },
      "properties": {
        "epoch_id": "EPOCH-27e284efc1b1abc2",
        "site_name": "Meta Huntsville",
        "distance_to_site_km": 0.8478,
        "footprint_area_m2_webmercator": 174.16,
        "source_dataset": "Overture Maps buildings",
        "source_url": "https://docs.overturemaps.org/getting-data/",
        "source_release": "2026-09-23.1",
        "source_accessed_on": "2026-09-28",
        "geometry_role": "current building-footprint polygon",
        "linkage_semantics": "Overlap/proximity only; not evidence that the building hosts AI compute."
      }
    },
    {
      "type": "Feature",
      "id": "e6a5e05f-2836-44f7-b609-f344ebee08ec",
      "geometry": {
        "type": "Polygon",
        "coordinates": [
          [
            [
              -86.6348274,
              34.8443515
            ],
            [
              -86.6348331,
              34.8445076
            ],
            [
              -86.6349135,
              34.8445056
            ],
            [
              -86.6349078,
              34.8443495
            ],
            [
              -86.6348274,
              34.8443515
            ]
          ]
        ]
      },
      "properties": {
        "epoch_id": "EPOCH-27e284efc1b1abc2",
        "site_name": "Meta Huntsville",
        "distance_to_site_km": 0.8273,
        "footprint_area_m2_webmercator": 189.67,
        "source_dataset": "Overture Maps buildings",
        "source_url": "https://docs.overturemaps.org/getting-data/",
        "source_release": "2026-09-23.1",
        "source_accessed_on": "2026-09-28",
        "geometry_role": "current building-footprint polygon",
        "linkage_semantics": "Overlap/proximity only; not evidence that the building hosts AI compute."
      }
    },
    {
      "type": "Feature",
      "id": "005008f2-f0e3-4dbe-a1fe-2080b8fc4c72",
      "geometry": {
        "type": "Polygon",
        "coordinates": [
          [
            [
              -86.6348462,
              34.8441102
            ],
            [
              -86.6346424,
              34.8441142
            ],
            [
              -86.6346453,
              34.8442132
            ],
            [
              -86.6348491,
              34.8442092
            ],
            [
              -86.6348462,
              34.8441102
            ]
          ]
        ]
      },
      "properties": {
        "epoch_id": "EPOCH-27e284efc1b1abc2",
        "site_name": "Meta Huntsville",
        "distance_to_site_km": 0.8313,
        "footprint_area_m2_webmercator": 304.82,
        "source_dataset": "Overture Maps buildings",
        "source_url": "https://docs.overturemaps.org/getting-data/",
        "source_release": "2026-09-23.1",
        "source_accessed_on": "2026-09-28",
        "geometry_role": "current building-footprint polygon",
        "linkage_semantics": "Overlap/proximity only; not evidence that the building hosts AI compute."
      }
    },
    {
      "type": "Feature",
      "id": "4810dafc-b034-4d7e-971f-a242653b045c",
      "geometry": {
        "type": "Polygon",
        "coordinates": [
          [
            [
              -86.6357309,
              34.8444987
            ],
            [
              -86.6357269,
              34.8443139
            ],
            [
              -86.6356304,
              34.8443153
            ],
            [
              -86.6356344,
              34.8445001
            ],
            [
              -86.6357309,
              34.8444987
            ]
          ]
        ]
      },
      "properties": {
        "epoch_id": "EPOCH-27e284efc1b1abc2",
        "site_name": "Meta Huntsville",
        "distance_to_site_km": 0.8948,
        "footprint_area_m2_webmercator": 269.35,
        "source_dataset": "Overture Maps buildings",
        "source_url": "https://docs.overturemaps.org/getting-data/",
        "source_release": "2026-09-23.1",
        "source_accessed_on": "2026-09-28",
        "geometry_role": "current building-footprint polygon",
        "linkage_semantics": "Overlap/proximity only; not evidence that the building hosts AI compute."
      }
    },
    {
      "type": "Feature",
      "id": "1f530595-838f-43ee-8d03-57a6238a8dec",
      "geometry": {
        "type": "Polygon",
        "coordinates": [
          [
            [
              -86.6357849,
              34.8441053
            ],
            [
              -86.6355716,
              34.8441036
            ],
            [
              -86.6355703,
              34.8442049
            ],
            [
              -86.6357837,
              34.8442066
            ],
            [
              -86.6357849,
              34.8441053
            ]
          ]
        ]
      },
      "properties": {
        "epoch_id": "EPOCH-27e284efc1b1abc2",
        "site_name": "Meta Huntsville",
        "distance_to_site_km": 0.9068,
        "footprint_area_m2_webmercator": 326.36,
        "source_dataset": "Overture Maps buildings",
        "source_url": "https://docs.overturemaps.org/getting-data/",
        "source_release": "2026-09-23.1",
        "source_accessed_on": "2026-09-28",
        "geometry_role": "current building-footprint polygon",
        "linkage_semantics": "Overlap/proximity only; not evidence that the building hosts AI compute."
      }
    },
    {
      "type": "Feature",
      "id": "27b3803c-2fff-4578-94b9-6272198fd772",
      "geometry": {
        "type": "Polygon",
        "coordinates": [
          [
            [
              -86.635506,
              34.8443422
            ],
            [
              -86.6354229,
              34.8443431
            ],
            [
              -86.6354253,
              34.8445015
            ],
            [
              -86.6355084,
              34.8445007
            ],
            [
              -86.635506,
              34.8443422
            ]
          ]
        ]
      },
      "properties": {
        "epoch_id": "EPOCH-27e284efc1b1abc2",
        "site_name": "Meta Huntsville",
        "distance_to_site_km": 0.8764,
        "footprint_area_m2_webmercator": 198.85,
        "source_dataset": "Overture Maps buildings",
        "source_url": "https://docs.overturemaps.org/getting-data/",
        "source_release": "2026-09-23.1",
        "source_accessed_on": "2026-09-28",
        "geometry_role": "current building-footprint polygon",
        "linkage_semantics": "Overlap/proximity only; not evidence that the building hosts AI compute."
      }
    },
    {
      "type": "Feature",
      "id": "f4531ee5-f0f7-409d-832f-e04f19191823",
      "geometry": {
        "type": "Polygon",
        "coordinates": [
          [
            [
              -86.6353241,
              34.8441122
            ],
            [
              -86.6351338,
              34.8441164
            ],
            [
              -86.6351369,
              34.8442097
            ],
            [
              -86.6353272,
              34.8442056
            ],
            [
              -86.6353241,
              34.8441122
            ]
          ]
        ]
      },
      "properties": {
        "epoch_id": "EPOCH-27e284efc1b1abc2",
        "site_name": "Meta Huntsville",
        "distance_to_site_km": 0.8702,
        "footprint_area_m2_webmercator": 268.42,
        "source_dataset": "Overture Maps buildings",
        "source_url": "https://docs.overturemaps.org/getting-data/",
        "source_release": "2026-09-23.1",
        "source_accessed_on": "2026-09-28",
        "geometry_role": "current building-footprint polygon",
        "linkage_semantics": "Overlap/proximity only; not evidence that the building hosts AI compute."
      }
    },
    {
      "type": "Feature",
      "id": "5b9f0f1f-e12d-4e76-bea2-048851d6f86c",
      "geometry": {
        "type": "Polygon",
        "coordinates": [
          [
            [
              -86.6353079,
              34.8443568
            ],
            [
              -86.6353107,
              34.8444778
            ],
            [
              -86.6353992,
              34.8444765
            ],
            [
              -86.6353964,
              34.8443555
            ],
            [
              -86.6353079,
              34.8443568
            ]
          ]
        ]
      },
      "properties": {
        "epoch_id": "EPOCH-27e284efc1b1abc2",
        "site_name": "Meta Huntsville",
        "distance_to_site_km": 0.8674,
        "footprint_area_m2_webmercator": 161.74,
        "source_dataset": "Overture Maps buildings",
        "source_url": "https://docs.overturemaps.org/getting-data/",
        "source_release": "2026-09-23.1",
        "source_accessed_on": "2026-09-28",
        "geometry_role": "current building-footprint polygon",
        "linkage_semantics": "Overlap/proximity only; not evidence that the building hosts AI compute."
      }
    },
    {
      "type": "Feature",
      "id": "10047c65-390a-4b6c-ae7a-812248817903",
      "geometry": {
        "type": "Polygon",
        "coordinates": [
          [
            [
              -86.6353385,
              34.844207
            ],
            [
              -86.6355409,
              34.8442045
            ],
            [
              -86.6355389,
              34.8441032
            ],
            [
              -86.6353366,
              34.8441058
            ],
            [
              -86.6353385,
              34.844207
            ]
          ]
        ]
      },
      "properties": {
        "epoch_id": "EPOCH-27e284efc1b1abc2",
        "site_name": "Meta Huntsville",
        "distance_to_site_km": 0.8874,
        "footprint_area_m2_webmercator": 309.43,
        "source_dataset": "Overture Maps buildings",
        "source_url": "https://docs.overturemaps.org/getting-data/",
        "source_release": "2026-09-23.1",
        "source_accessed_on": "2026-09-28",
        "geometry_role": "current building-footprint polygon",
        "linkage_semantics": "Overlap/proximity only; not evidence that the building hosts AI compute."
      }
    },
    {
      "type": "Feature",
      "id": "e06e69ab-fcaf-4817-8e7b-d29166108854",
      "geometry": {
        "type": "Polygon",
        "coordinates": [
          [
            [
              -86.6361603,
              34.8443165
            ],
            [
              -86.6360798,
              34.8443173
            ],
            [
              -86.6360824,
              34.8444736
            ],
            [
              -86.6361628,
              34.8444727
            ],
            [
              -86.6361603,
              34.8443165
            ]
          ]
        ]
      },
      "properties": {
        "epoch_id": "EPOCH-27e284efc1b1abc2",
        "site_name": "Meta Huntsville",
        "distance_to_site_km": 0.9319,
        "footprint_area_m2_webmercator": 189.83,
        "source_dataset": "Overture Maps buildings",
        "source_url": "https://docs.overturemaps.org/getting-data/",
        "source_release": "2026-09-23.1",
        "source_accessed_on": "2026-09-28",
        "geometry_role": "current building-footprint polygon",
        "linkage_semantics": "Overlap/proximity only; not evidence that the building hosts AI compute."
      }
    },
    {
      "type": "Feature",
      "id": "8ac440c6-419e-4c1d-a46b-d70d2aac3e1b",
      "geometry": {
        "type": "Polygon",
        "coordinates": [
          [
            [
              -86.6361947,
              34.8444734
            ],
            [
              -86.6362751,
              34.8444708
            ],
            [
              -86.6362677,
              34.8443126
            ],
            [
              -86.6361873,
              34.8443151
            ],
            [
              -86.6361947,
              34.8444734
            ]
          ]
        ]
      },
      "properties": {
        "epoch_id": "EPOCH-27e284efc1b1abc2",
        "site_name": "Meta Huntsville",
        "distance_to_site_km": 0.9412,
        "footprint_area_m2_webmercator": 192.4,
        "source_dataset": "Overture Maps buildings",
        "source_url": "https://docs.overturemaps.org/getting-data/",
        "source_release": "2026-09-23.1",
        "source_accessed_on": "2026-09-28",
        "geometry_role": "current building-footprint polygon",
        "linkage_semantics": "Overlap/proximity only; not evidence that the building hosts AI compute."
      }
    },
    {
      "type": "Feature",
      "id": "ebdd87d4-0e3d-4ca1-a01c-8107ce43e4ba",
      "geometry": {
        "type": "Polygon",
        "coordinates": [
          [
            [
              -86.6363318,
              34.8444681
            ],
            [
              -86.6363279,
              34.844314
            ],
            [
              -86.636285,
              34.8443148
            ],
            [
              -86.6362889,
              34.8444688
            ],
            [
              -86.6363318,
              34.8444681
            ]
          ]
        ]
      },
      "properties": {
        "epoch_id": "EPOCH-27e284efc1b1abc2",
        "site_name": "Meta Huntsville",
        "distance_to_site_km": 0.9477,
        "footprint_area_m2_webmercator": 99.83,
        "source_dataset": "Overture Maps buildings",
        "source_url": "https://docs.overturemaps.org/getting-data/",
        "source_release": "2026-09-23.1",
        "source_accessed_on": "2026-09-28",
        "geometry_role": "current building-footprint polygon",
        "linkage_semantics": "Overlap/proximity only; not evidence that the building hosts AI compute."
      }
    },
    {
      "type": "Feature",
      "id": "74a899a5-09fd-4d47-8c0b-ce35a1b2a2c5",
      "geometry": {
        "type": "Polygon",
        "coordinates": [
          [
            [
              -86.6362337,
              34.8441951
            ],
            [
              -86.6364334,
              34.8441971
            ],
            [
              -86.6364349,
              34.8440946
            ],
            [
              -86.6362352,
              34.8440926
            ],
            [
              -86.6362337,
              34.8441951
            ]
          ]
        ]
      },
      "properties": {
        "epoch_id": "EPOCH-27e284efc1b1abc2",
        "site_name": "Meta Huntsville",
        "distance_to_site_km": 0.9612,
        "footprint_area_m2_webmercator": 309.11,
        "source_dataset": "Overture Maps buildings",
        "source_url": "https://docs.overturemaps.org/getting-data/",
        "source_release": "2026-09-23.1",
        "source_accessed_on": "2026-09-28",
        "geometry_role": "current building-footprint polygon",
        "linkage_semantics": "Overlap/proximity only; not evidence that the building hosts AI compute."
      }
    },
    {
      "type": "Feature",
      "id": "67084813-6b92-49f9-81bb-f08526c89a2f",
      "geometry": {
        "type": "Polygon",
        "coordinates": [
          [
            [
              -86.6358766,
              34.8443618
            ],
            [
              -86.6359018,
              34.8443533
            ],
            [
              -86.6358847,
              34.8443194
            ],
            [
              -86.6358595,
              34.844328
            ],
            [
              -86.6358766,
              34.8443618
            ]
          ]
        ]
      },
      "properties": {
        "epoch_id": "EPOCH-27e284efc1b1abc2",
        "site_name": "Meta Huntsville",
        "distance_to_site_km": 0.9145,
        "footprint_area_m2_webmercator": 15.09,
        "source_dataset": "Overture Maps buildings",
        "source_url": "https://docs.overturemaps.org/getting-data/",
        "source_release": "2026-09-23.1",
        "source_accessed_on": "2026-09-28",
        "geometry_role": "current building-footprint polygon",
        "linkage_semantics": "Overlap/proximity only; not evidence that the building hosts AI compute."
      }
    },
    {
      "type": "Feature",
      "id": "0cb9dd63-f629-4020-a9aa-c27da33607f2",
      "geometry": {
        "type": "Polygon",
        "coordinates": [
          [
            [
              -86.6358247,
              34.8443144
            ],
            [
              -86.6357443,
              34.8443162
            ],
            [
              -86.6357495,
              34.8444745
            ],
            [
              -86.6358299,
              34.8444728
            ],
            [
              -86.6358247,
              34.8443144
            ]
          ]
        ]
      },
      "properties": {
        "epoch_id": "EPOCH-27e284efc1b1abc2",
        "site_name": "Meta Huntsville",
        "distance_to_site_km": 0.9042,
        "footprint_area_m2_webmercator": 192.37,
        "source_dataset": "Overture Maps buildings",
        "source_url": "https://docs.overturemaps.org/getting-data/",
        "source_release": "2026-09-23.1",
        "source_accessed_on": "2026-09-28",
        "geometry_role": "current building-footprint polygon",
        "linkage_semantics": "Overlap/proximity only; not evidence that the building hosts AI compute."
      }
    },
    {
      "type": "Feature",
      "id": "df7f7612-237a-4d36-b85d-272b7a4d9ef3",
      "geometry": {
        "type": "Polygon",
        "coordinates": [
          [
            [
              -86.6364385,
              34.8443132
            ],
            [
              -86.6363608,
              34.8443151
            ],
            [
              -86.6363663,
              34.8444691
            ],
            [
              -86.6364441,
              34.8444672
            ],
            [
              -86.6364385,
              34.8443132
            ]
          ]
        ]
      },
      "properties": {
        "epoch_id": "EPOCH-27e284efc1b1abc2",
        "site_name": "Meta Huntsville",
        "distance_to_site_km": 0.9556,
        "footprint_area_m2_webmercator": 180.95,
        "source_dataset": "Overture Maps buildings",
        "source_url": "https://docs.overturemaps.org/getting-data/",
        "source_release": "2026-09-23.1",
        "source_accessed_on": "2026-09-28",
        "geometry_role": "current building-footprint polygon",
        "linkage_semantics": "Overlap/proximity only; not evidence that the building hosts AI compute."
      }
    },
    {
      "type": "Feature",
      "id": "2c43d6c7-29bc-4826-bece-7a0123299545",
      "geometry": {
        "type": "Polygon",
        "coordinates": [
          [
            [
              -86.6391716,
              34.8510667
            ],
            [
              -86.6390241,
              34.8510719
            ],
            [
              -86.6390326,
              34.851237
            ],
            [
              -86.6391802,
              34.8512319
            ],
            [
              -86.6391716,
              34.8510667
            ]
          ]
        ]
      },
      "properties": {
        "epoch_id": "EPOCH-27e284efc1b1abc2",
        "site_name": "Meta Huntsville",
        "distance_to_site_km": 1.182,
        "footprint_area_m2_webmercator": 368.63,
        "source_dataset": "Overture Maps buildings",
        "source_url": "https://docs.overturemaps.org/getting-data/",
        "source_release": "2026-09-23.1",
        "source_accessed_on": "2026-09-28",
        "geometry_role": "current building-footprint polygon",
        "linkage_semantics": "Overlap/proximity only; not evidence that the building hosts AI compute."
      }
    },
    {
      "type": "Feature",
      "id": "5b4fc6f6-f355-4065-914d-0eaaae3a5890",
      "geometry": {
        "type": "Polygon",
        "coordinates": [
          [
            [
              -86.6390007,
              34.8509365
            ],
            [
              -86.6389349,
              34.8510117
            ],
            [
              -86.6390278,
              34.8510664
            ],
            [
              -86.6390936,
              34.8509912
            ],
            [
              -86.6390007,
              34.8509365
            ]
          ]
        ]
      },
      "properties": {
        "epoch_id": "EPOCH-27e284efc1b1abc2",
        "site_name": "Meta Huntsville",
        "distance_to_site_km": 1.1692,
        "footprint_area_m2_webmercator": 159.84,
        "source_dataset": "Overture Maps buildings",
        "source_url": "https://docs.overturemaps.org/getting-data/",
        "source_release": "2026-09-23.1",
        "source_accessed_on": "2026-09-28",
        "geometry_role": "current building-footprint polygon",
        "linkage_semantics": "Overlap/proximity only; not evidence that the building hosts AI compute."
      }
    },
    {
      "type": "Feature",
      "id": "9618af6e-7fa8-444d-be76-39e006d2f27a",
      "geometry": {
        "type": "Polygon",
        "coordinates": [
          [
            [
              -86.6378318,
              34.8497788
            ],
            [
              -86.6380729,
              34.8497989
            ],
            [
              -86.6380908,
              34.8496539
            ],
            [
              -86.6378497,
              34.8496338
            ],
            [
              -86.6378318,
              34.8497788
            ]
          ]
        ]
      },
      "properties": {
        "epoch_id": "EPOCH-27e284efc1b1abc2",
        "site_name": "Meta Huntsville",
        "distance_to_site_km": 1.04,
        "footprint_area_m2_webmercator": 533.33,
        "source_dataset": "Overture Maps buildings",
        "source_url": "https://docs.overturemaps.org/getting-data/",
        "source_release": "2026-09-23.1",
        "source_accessed_on": "2026-09-28",
        "geometry_role": "current building-footprint polygon",
        "linkage_semantics": "Overlap/proximity only; not evidence that the building hosts AI compute."
      }
    },
    {
      "type": "Feature",
      "id": "42c5bc9c-c409-456e-bd8d-9de3f57e7de4",
      "geometry": {
        "type": "Polygon",
        "coordinates": [
          [
            [
              -86.6374388,
              34.8505697
            ],
            [
              -86.637602,
              34.8505833
            ],
            [
              -86.6376203,
              34.8504351
            ],
            [
              -86.6374571,
              34.8504215
            ],
            [
              -86.6374388,
              34.8505697
            ]
          ]
        ]
      },
      "properties": {
        "epoch_id": "EPOCH-27e284efc1b1abc2",
        "site_name": "Meta Huntsville",
        "distance_to_site_km": 1.0234,
        "footprint_area_m2_webmercator": 368.98,
        "source_dataset": "Overture Maps buildings",
        "source_url": "https://docs.overturemaps.org/getting-data/",
        "source_release": "2026-09-23.1",
        "source_accessed_on": "2026-09-28",
        "geometry_role": "current building-footprint polygon",
        "linkage_semantics": "Overlap/proximity only; not evidence that the building hosts AI compute."
      }
    },
    {
      "type": "Feature",
      "id": "30c7be28-060e-4544-a310-6a9e24895e33",
      "geometry": {
        "type": "Polygon",
        "coordinates": [
          [
            [
              -86.6376516,
              34.8498828
            ],
            [
              -86.6377119,
              34.8498877
            ],
            [
              -86.6377269,
              34.8497624
            ],
            [
              -86.6375487,
              34.8497479
            ],
            [
              -86.6375338,
              34.8498717
            ],
            [
              -86.6375413,
              34.8498723
            ],
            [
              -86.6375374,
              34.8499051
            ],
            [
              -86.6376479,
              34.8499141
            ],
            [
              -86.6376516,
              34.8498828
            ]
          ]
        ]
      },
      "properties": {
        "epoch_id": "EPOCH-27e284efc1b1abc2",
        "site_name": "Meta Huntsville",
        "distance_to_site_km": 1.0127,
        "footprint_area_m2_webmercator": 393.08,
        "source_dataset": "Overture Maps buildings",
        "source_url": "https://docs.overturemaps.org/getting-data/",
        "source_release": "2026-09-23.1",
        "source_accessed_on": "2026-09-28",
        "geometry_role": "current building-footprint polygon",
        "linkage_semantics": "Overlap/proximity only; not evidence that the building hosts AI compute."
      }
    },
    {
      "type": "Feature",
      "id": "60bc20ad-acfd-45df-9f64-981fb4635c45",
      "geometry": {
        "type": "Polygon",
        "coordinates": [
          [
            [
              -86.643102,
              34.8427911
            ],
            [
              -86.6431026,
              34.8429157
            ],
            [
              -86.6431677,
              34.8429155
            ],
            [
              -86.6431678,
              34.842938
            ],
            [
              -86.6432211,
              34.8429378
            ],
            [
              -86.6432207,
              34.8428706
            ],
            [
              -86.6432395,
              34.8428705
            ],
            [
              -86.6432391,
              34.8427906
            ],
            [
              -86.643102,
              34.8427911
            ]
          ]
        ]
      },
      "properties": {
        "epoch_id": "EPOCH-27e284efc1b1abc2",
        "site_name": "Meta Huntsville",
        "distance_to_site_km": 1.5925,
        "footprint_area_m2_webmercator": 263.43,
        "source_dataset": "Overture Maps buildings",
        "source_url": "https://docs.overturemaps.org/getting-data/",
        "source_release": "2026-09-23.1",
        "source_accessed_on": "2026-09-28",
        "geometry_role": "current building-footprint polygon",
        "linkage_semantics": "Overlap/proximity only; not evidence that the building hosts AI compute."
      }
    },
    {
      "type": "Feature",
      "id": "cecdf01e-b657-4270-b1ca-8b2a74aab010",
      "geometry": {
        "type": "Polygon",
        "coordinates": [
          [
            [
              -86.6404306,
              34.8430414
            ],
            [
              -86.6405942,
              34.8430415
            ],
            [
              -86.6405936,
              34.8437428
            ],
            [
              -86.6413461,
              34.8437432
            ],
            [
              -86.6413468,
              34.843041
            ],
            [
              -86.6415211,
              34.8430411
            ],
            [
              -86.6415214,
              34.8427625
            ],
            [
              -86.6413455,
              34.8427624
            ],
            [
              -86.6413459,
              34.8422155
            ],
            [
              -86.6411635,
              34.8422154
            ],
            [
              -86.6411636,
              34.8421371
            ],
            [
              -86.6410295,
              34.842137
            ],
            [
              -86.6410294,
              34.8422087
            ],
            [
              -86.6406743,
              34.8422085
            ],
            [
              -86.6406743,
              34.8422315
            ],
            [
              -86.6406029,
              34.8422314
            ],
            [
              -86.6406025,
              34.8427632
            ],
            [
              -86.6404308,
              34.8427631
            ],
            [
              -86.6404306,
              34.8430414
            ]
          ]
        ]
      },
      "properties": {
        "epoch_id": "EPOCH-27e284efc1b1abc2",
        "site_name": "Meta Huntsville",
        "distance_to_site_km": 1.4014,
        "footprint_area_m2_webmercator": 18877.41,
        "source_dataset": "Overture Maps buildings",
        "source_url": "https://docs.overturemaps.org/getting-data/",
        "source_release": "2026-09-23.1",
        "source_accessed_on": "2026-09-28",
        "geometry_role": "current building-footprint polygon",
        "linkage_semantics": "Overlap/proximity only; not evidence that the building hosts AI compute."
      }
    },
    {
      "type": "Feature",
      "id": "06dd36d4-61dc-4012-b42d-04822b50ab4d",
      "geometry": {
        "type": "Polygon",
        "coordinates": [
          [
            [
              -86.6401645,
              34.8436572
            ],
            [
              -86.640017,
              34.8436585
            ],
            [
              -86.6400188,
              34.843795
            ],
            [
              -86.6401663,
              34.8437936
            ],
            [
              -86.6401645,
              34.8436572
            ]
          ]
        ]
      },
      "properties": {
        "epoch_id": "EPOCH-27e284efc1b1abc2",
        "site_name": "Meta Huntsville",
        "distance_to_site_km": 1.2955,
        "footprint_area_m2_webmercator": 303.93,
        "source_dataset": "Overture Maps buildings",
        "source_url": "https://docs.overturemaps.org/getting-data/",
        "source_release": "2026-09-23.1",
        "source_accessed_on": "2026-09-28",
        "geometry_role": "current building-footprint polygon",
        "linkage_semantics": "Overlap/proximity only; not evidence that the building hosts AI compute."
      }
    },
    {
      "type": "Feature",
      "id": "bad58f89-cfde-49d8-9880-c41f73856ad1",
      "geometry": {
        "type": "Polygon",
        "coordinates": [
          [
            [
              -86.6401655,
              34.8436546
            ],
            [
              -86.6401676,
              34.8436018
            ],
            [
              -86.6401263,
              34.8436007
            ],
            [
              -86.6401242,
              34.8436535
            ],
            [
              -86.6401655,
              34.8436546
            ]
          ]
        ]
      },
      "properties": {
        "epoch_id": "EPOCH-27e284efc1b1abc2",
        "site_name": "Meta Huntsville",
        "distance_to_site_km": 1.304,
        "footprint_area_m2_webmercator": 32.96,
        "source_dataset": "Overture Maps buildings",
        "source_url": "https://docs.overturemaps.org/getting-data/",
        "source_release": "2026-09-23.1",
        "source_accessed_on": "2026-09-28",
        "geometry_role": "current building-footprint polygon",
        "linkage_semantics": "Overlap/proximity only; not evidence that the building hosts AI compute."
      }
    },
    {
      "type": "Feature",
      "id": "e1296498-dc14-4a70-9f1b-ee909080e36f",
      "geometry": {
        "type": "Polygon",
        "coordinates": [
          [
            [
              -86.6394193,
              34.8316128
            ],
            [
              -86.6392852,
              34.8316135
            ],
            [
              -86.6392856,
              34.8316584
            ],
            [
              -86.6394197,
              34.8316577
            ],
            [
              -86.6394193,
              34.8316128
            ]
          ]
        ]
      },
      "properties": {
        "epoch_id": "EPOCH-27e284efc1b1abc2",
        "site_name": "Meta Huntsville",
        "distance_to_site_km": 2.1333,
        "footprint_area_m2_webmercator": 90.9,
        "source_dataset": "Overture Maps buildings",
        "source_url": "https://docs.overturemaps.org/getting-data/",
        "source_release": "2026-09-23.1",
        "source_accessed_on": "2026-09-28",
        "geometry_role": "current building-footprint polygon",
        "linkage_semantics": "Overlap/proximity only; not evidence that the building hosts AI compute."
      }
    },
    {
      "type": "Feature",
      "id": "d888dd9a-5769-4e63-8994-e35038219a2a",
      "geometry": {
        "type": "Polygon",
        "coordinates": [
          [
            [
              -86.6392826,
              34.8315634
            ],
            [
              -86.6394194,
              34.8315642
            ],
            [
              -86.6394204,
              34.8314498
            ],
            [
              -86.6393631,
              34.8314494
            ],
            [
              -86.6393641,
              34.8313429
            ],
            [
              -86.6392273,
              34.8313421
            ],
            [
              -86.6392263,
              34.8314508
            ],
            [
              -86.6392836,
              34.8314511
            ],
            [
              -86.6392826,
              34.8315634
            ]
          ]
        ]
      },
      "properties": {
        "epoch_id": "EPOCH-27e284efc1b1abc2",
        "site_name": "Meta Huntsville",
        "distance_to_site_km": 2.1491,
        "footprint_area_m2_webmercator": 458.2,
        "source_dataset": "Overture Maps buildings",
        "source_url": "https://docs.overturemaps.org/getting-data/",
        "source_release": "2026-09-23.1",
        "source_accessed_on": "2026-09-28",
        "geometry_role": "current building-footprint polygon",
        "linkage_semantics": "Overlap/proximity only; not evidence that the building hosts AI compute."
      }
    },
    {
      "type": "Feature",
      "id": "a8511631-649a-4039-aa3a-02a6c3880327",
      "geometry": {
        "type": "Polygon",
        "coordinates": [
          [
            [
              -86.6394545,
              34.8315692
            ],
            [
              -86.6395219,
              34.8315688
            ],
            [
              -86.6395209,
              34.8314566
            ],
            [
              -86.6394535,
              34.831457
            ],
            [
              -86.6394545,
              34.8315692
            ]
          ]
        ]
      },
      "properties": {
        "epoch_id": "EPOCH-27e284efc1b1abc2",
        "site_name": "Meta Huntsville",
        "distance_to_site_km": 2.1515,
        "footprint_area_m2_webmercator": 114.17,
        "source_dataset": "Overture Maps buildings",
        "source_url": "https://docs.overturemaps.org/getting-data/",
        "source_release": "2026-09-23.1",
        "source_accessed_on": "2026-09-28",
        "geometry_role": "current building-footprint polygon",
        "linkage_semantics": "Overlap/proximity only; not evidence that the building hosts AI compute."
      }
    },
    {
      "type": "Feature",
      "id": "afccc4e9-299d-4e66-8457-4078f8af6911",
      "geometry": {
        "type": "Polygon",
        "coordinates": [
          [
            [
              -86.6395915,
              34.8313286
            ],
            [
              -86.6395935,
              34.831399
            ],
            [
              -86.6396579,
              34.8313978
            ],
            [
              -86.6396559,
              34.8313273
            ],
            [
              -86.6395915,
              34.8313286
            ]
          ]
        ]
      },
      "properties": {
        "epoch_id": "EPOCH-27e284efc1b1abc2",
        "site_name": "Meta Huntsville",
        "distance_to_site_km": 2.1722,
        "footprint_area_m2_webmercator": 68.53,
        "source_dataset": "Overture Maps buildings",
        "source_url": "https://docs.overturemaps.org/getting-data/",
        "source_release": "2026-09-23.1",
        "source_accessed_on": "2026-09-28",
        "geometry_role": "current building-footprint polygon",
        "linkage_semantics": "Overlap/proximity only; not evidence that the building hosts AI compute."
      }
    },
    {
      "type": "Feature",
      "id": "b84e68e8-35d0-4567-91a1-29567e301974",
      "geometry": {
        "type": "Polygon",
        "coordinates": [
          [
            [
              -86.6403445,
              34.832347
            ],
            [
              -86.6401577,
              34.8323464
            ],
            [
              -86.6401574,
              34.8324103
            ],
            [
              -86.6403441,
              34.8324109
            ],
            [
              -86.6403445,
              34.832347
            ]
          ]
        ]
      },
      "properties": {
        "epoch_id": "EPOCH-27e284efc1b1abc2",
        "site_name": "Meta Huntsville",
        "distance_to_site_km": 2.1107,
        "footprint_area_m2_webmercator": 180.16,
        "source_dataset": "Overture Maps buildings",
        "source_url": "https://docs.overturemaps.org/getting-data/",
        "source_release": "2026-09-23.1",
        "source_accessed_on": "2026-09-28",
        "geometry_role": "current building-footprint polygon",
        "linkage_semantics": "Overlap/proximity only; not evidence that the building hosts AI compute."
      }
    },
    {
      "type": "Feature",
      "id": "05515f32-ea91-4b09-85b0-ea6d244f0811",
      "geometry": {
        "type": "Polygon",
        "coordinates": [
          [
            [
              -86.640121,
              34.8329341
            ],
            [
              -86.640123,
              34.8328703
            ],
            [
              -86.6400345,
              34.8328684
            ],
            [
              -86.6400325,
              34.8329322
            ],
            [
              -86.640121,
              34.8329341
            ]
          ]
        ]
      },
      "properties": {
        "epoch_id": "EPOCH-27e284efc1b1abc2",
        "site_name": "Meta Huntsville",
        "distance_to_site_km": 2.0543,
        "footprint_area_m2_webmercator": 85.3,
        "source_dataset": "Overture Maps buildings",
        "source_url": "https://docs.overturemaps.org/getting-data/",
        "source_release": "2026-09-23.1",
        "source_accessed_on": "2026-09-28",
        "geometry_role": "current building-footprint polygon",
        "linkage_semantics": "Overlap/proximity only; not evidence that the building hosts AI compute."
      }
    },
    {
      "type": "Feature",
      "id": "6a1c9e67-ac6f-45e0-82aa-d77744a3c38d",
      "geometry": {
        "type": "Polygon",
        "coordinates": [
          [
            [
              -86.6405253,
              34.8318966
            ],
            [
              -86.6405323,
              34.8320373
            ],
            [
              -86.6406394,
              34.8320337
            ],
            [
              -86.6406324,
              34.831893
            ],
            [
              -86.6405253,
              34.8318966
            ]
          ]
        ]
      },
      "properties": {
        "epoch_id": "EPOCH-27e284efc1b1abc2",
        "site_name": "Meta Huntsville",
        "distance_to_site_km": 2.1657,
        "footprint_area_m2_webmercator": 227.88,
        "source_dataset": "Overture Maps buildings",
        "source_url": "https://docs.overturemaps.org/getting-data/",
        "source_release": "2026-09-23.1",
        "source_accessed_on": "2026-09-28",
        "geometry_role": "current building-footprint polygon",
        "linkage_semantics": "Overlap/proximity only; not evidence that the building hosts AI compute."
      }
    },
    {
      "type": "Feature",
      "id": "f93a667e-c0ae-4ece-a3eb-83077b12cb03",
      "geometry": {
        "type": "Polygon",
        "coordinates": [
          [
            [
              -86.6404853,
              34.8318612
            ],
            [
              -86.6405269,
              34.8318612
            ],
            [
              -86.6405269,
              34.8318353
            ],
            [
              -86.6404853,
              34.8318353
            ],
            [
              -86.6404853,
              34.8318612
            ]
          ]
        ]
      },
      "properties": {
        "epoch_id": "EPOCH-27e284efc1b1abc2",
        "site_name": "Meta Huntsville",
        "distance_to_site_km": 2.1723,
        "footprint_area_m2_webmercator": 16.27,
        "source_dataset": "Overture Maps buildings",
        "source_url": "https://docs.overturemaps.org/getting-data/",
        "source_release": "2026-09-23.1",
        "source_accessed_on": "2026-09-28",
        "geometry_role": "current building-footprint polygon",
        "linkage_semantics": "Overlap/proximity only; not evidence that the building hosts AI compute."
      }
    },
    {
      "type": "Feature",
      "id": "4338cf22-c064-4a82-889d-8d75167395e8",
      "geometry": {
        "type": "Polygon",
        "coordinates": [
          [
            [
              -86.640666,
              34.8304469
            ],
            [
              -86.6406668,
              34.8305306
            ],
            [
              -86.6407581,
              34.83053
            ],
            [
              -86.6407573,
              34.8304463
            ],
            [
              -86.640666,
              34.8304469
            ]
          ]
        ]
      },
      "properties": {
        "epoch_id": "EPOCH-27e284efc1b1abc2",
        "site_name": "Meta Huntsville",
        "distance_to_site_km": 2.3078,
        "footprint_area_m2_webmercator": 115.37,
        "source_dataset": "Overture Maps buildings",
        "source_url": "https://docs.overturemaps.org/getting-data/",
        "source_release": "2026-09-23.1",
        "source_accessed_on": "2026-09-28",
        "geometry_role": "current building-footprint polygon",
        "linkage_semantics": "Overlap/proximity only; not evidence that the building hosts AI compute."
      }
    },
    {
      "type": "Feature",
      "id": "98041898-0f0b-4c9e-9e8d-62b6ace03c19",
      "geometry": {
        "type": "Polygon",
        "coordinates": [
          [
            [
              -86.6407598,
              34.830678
            ],
            [
              -86.640667,
              34.8306786
            ],
            [
              -86.6406677,
              34.8307533
            ],
            [
              -86.6406423,
              34.8307535
            ],
            [
              -86.6406436,
              34.8308844
            ],
            [
              -86.6407334,
              34.8308838
            ],
            [
              -86.6407322,
              34.8307553
            ],
            [
              -86.6407605,
              34.8307551
            ],
            [
              -86.6407598,
              34.830678
            ]
          ]
        ]
      },
      "properties": {
        "epoch_id": "EPOCH-27e284efc1b1abc2",
        "site_name": "Meta Huntsville",
        "distance_to_site_km": 2.2801,
        "footprint_area_m2_webmercator": 283.25,
        "source_dataset": "Overture Maps buildings",
        "source_url": "https://docs.overturemaps.org/getting-data/",
        "source_release": "2026-09-23.1",
        "source_accessed_on": "2026-09-28",
        "geometry_role": "current building-footprint polygon",
        "linkage_semantics": "Overlap/proximity only; not evidence that the building hosts AI compute."
      }
    },
    {
      "type": "Feature",
      "id": "a74d7a0f-6158-4b68-a2a7-373e567f7d75",
      "geometry": {
        "type": "Polygon",
        "coordinates": [
          [
            [
              -86.6417504,
              34.8356707
            ],
            [
              -86.6417527,
              34.8358534
            ],
            [
              -86.6418707,
              34.8358524
            ],
            [
              -86.6418684,
              34.8356697
            ],
            [
              -86.6417504,
              34.8356707
            ]
          ]
        ]
      },
      "properties": {
        "epoch_id": "EPOCH-27e284efc1b1abc2",
        "site_name": "Meta Huntsville",
        "distance_to_site_km": 1.9169,
        "footprint_area_m2_webmercator": 325.52,
        "source_dataset": "Overture Maps buildings",
        "source_url": "https://docs.overturemaps.org/getting-data/",
        "source_release": "2026-09-23.1",
        "source_accessed_on": "2026-09-28",
        "geometry_role": "current building-footprint polygon",
        "linkage_semantics": "Overlap/proximity only; not evidence that the building hosts AI compute."
      }
    },
    {
      "type": "Feature",
      "id": "36f2a6b4-950b-4c6b-a066-146b4cc9d357",
      "geometry": {
        "type": "Polygon",
        "coordinates": [
          [
            [
              -86.642213,
              34.8347695
            ],
            [
              -86.6419302,
              34.8347723
            ],
            [
              -86.6419364,
              34.835195
            ],
            [
              -86.6422192,
              34.8351922
            ],
            [
              -86.642213,
              34.8347695
            ]
          ]
        ]
      },
      "properties": {
        "epoch_id": "EPOCH-27e284efc1b1abc2",
        "site_name": "Meta Huntsville",
        "distance_to_site_km": 1.9952,
        "footprint_area_m2_webmercator": 1805.01,
        "source_dataset": "Overture Maps buildings",
        "source_url": "https://docs.overturemaps.org/getting-data/",
        "source_release": "2026-09-23.1",
        "source_accessed_on": "2026-09-28",
        "geometry_role": "current building-footprint polygon",
        "linkage_semantics": "Overlap/proximity only; not evidence that the building hosts AI compute."
      }
    },
    {
      "type": "Feature",
      "id": "ef8865ec-9e66-4122-a231-27b7cd25fe12",
      "geometry": {
        "type": "Polygon",
        "coordinates": [
          [
            [
              -86.6419182,
              34.8328467
            ],
            [
              -86.641918,
              34.8328411
            ],
            [
              -86.6418242,
              34.8328431
            ],
            [
              -86.6418273,
              34.8329399
            ],
            [
              -86.642032,
              34.8329355
            ],
            [
              -86.6420291,
              34.8328443
            ],
            [
              -86.6419182,
              34.8328467
            ]
          ]
        ]
      },
      "properties": {
        "epoch_id": "EPOCH-27e284efc1b1abc2",
        "site_name": "Meta Huntsville",
        "distance_to_site_km": 2.159,
        "footprint_area_m2_webmercator": 289.96,
        "source_dataset": "Overture Maps buildings",
        "source_url": "https://docs.overturemaps.org/getting-data/",
        "source_release": "2026-09-23.1",
        "source_accessed_on": "2026-09-28",
        "geometry_role": "current building-footprint polygon",
        "linkage_semantics": "Overlap/proximity only; not evidence that the building hosts AI compute."
      }
    },
    {
      "type": "Feature",
      "id": "cbc8bf46-3a63-4dd0-a64d-311ec83aee77",
      "geometry": {
        "type": "Polygon",
        "coordinates": [
          [
            [
              -86.642139,
              34.8325273
            ],
            [
              -86.6420354,
              34.8325291
            ],
            [
              -86.6420369,
              34.8325863
            ],
            [
              -86.6421405,
              34.8325845
            ],
            [
              -86.642139,
              34.8325273
            ]
          ]
        ]
      },
      "properties": {
        "epoch_id": "EPOCH-27e284efc1b1abc2",
        "site_name": "Meta Huntsville",
        "distance_to_site_km": 2.1971,
        "footprint_area_m2_webmercator": 89.5,
        "source_dataset": "Overture Maps buildings",
        "source_url": "https://docs.overturemaps.org/getting-data/",
        "source_release": "2026-09-23.1",
        "source_accessed_on": "2026-09-28",
        "geometry_role": "current building-footprint polygon",
        "linkage_semantics": "Overlap/proximity only; not evidence that the building hosts AI compute."
      }
    },
    {
      "type": "Feature",
      "id": "29c8ce7b-8bc3-43d3-872d-4b8654c92581",
      "geometry": {
        "type": "Polygon",
        "coordinates": [
          [
            [
              -86.6436799,
              34.831245
            ],
            [
              -86.6445496,
              34.8312413
            ],
            [
              -86.6445496,
              34.8301556
            ],
            [
              -86.6436708,
              34.8301593
            ],
            [
              -86.6436799,
              34.831245
            ]
          ]
        ]
      },
      "properties": {
        "epoch_id": "EPOCH-27e284efc1b1abc2",
        "site_name": "Meta Huntsville",
        "distance_to_site_km": 2.474,
        "footprint_area_m2_webmercator": 14329.64,
        "source_dataset": "Overture Maps buildings",
        "source_url": "https://docs.overturemaps.org/getting-data/",
        "source_release": "2026-09-23.1",
        "source_accessed_on": "2026-09-28",
        "geometry_role": "current building-footprint polygon",
        "linkage_semantics": "Overlap/proximity only; not evidence that the building hosts AI compute."
      }
    },
    {
      "type": "Feature",
      "id": "1c51c20c-9bef-4d76-987a-ac3329a22433",
      "geometry": {
        "type": "Polygon",
        "coordinates": [
          [
            [
              -86.6460281,
              34.833069
            ],
            [
              -86.6462197,
              34.8332424
            ],
            [
              -86.6463712,
              34.8331296
            ],
            [
              -86.6463531,
              34.8331132
            ],
            [
              -86.6463929,
              34.8330836
            ],
            [
              -86.6462668,
              34.8329696
            ],
            [
              -86.646213,
              34.8330097
            ],
            [
              -86.6462309,
              34.8330259
            ],
            [
              -86.6461632,
              34.8330763
            ],
            [
              -86.6460978,
              34.8330171
            ],
            [
              -86.6460281,
              34.833069
            ]
          ]
        ]
      },
      "properties": {
        "epoch_id": "EPOCH-27e284efc1b1abc2",
        "site_name": "Meta Huntsville",
        "distance_to_site_km": 2.4125,
        "footprint_area_m2_webmercator": 720.69,
        "source_dataset": "Overture Maps buildings",
        "source_url": "https://docs.overturemaps.org/getting-data/",
        "source_release": "2026-09-23.1",
        "source_accessed_on": "2026-09-28",
        "geometry_role": "current building-footprint polygon",
        "linkage_semantics": "Overlap/proximity only; not evidence that the building hosts AI compute."
      }
    },
    {
      "type": "Feature",
      "id": "14052395-e759-4f91-8a81-165cac820657",
      "geometry": {
        "type": "Polygon",
        "coordinates": [
          [
            [
              -86.6465439,
              34.8317665
            ],
            [
              -86.6465519,
              34.8316723
            ],
            [
              -86.646301,
              34.8316579
            ],
            [
              -86.646293,
              34.8317521
            ],
            [
              -86.6465439,
              34.8317665
            ]
          ]
        ]
      },
      "properties": {
        "epoch_id": "EPOCH-27e284efc1b1abc2",
        "site_name": "Meta Huntsville",
        "distance_to_site_km": 2.5328,
        "footprint_area_m2_webmercator": 358.55,
        "source_dataset": "Overture Maps buildings",
        "source_url": "https://docs.overturemaps.org/getting-data/",
        "source_release": "2026-09-23.1",
        "source_accessed_on": "2026-09-28",
        "geometry_role": "current building-footprint polygon",
        "linkage_semantics": "Overlap/proximity only; not evidence that the building hosts AI compute."
      }
    },
    {
      "type": "Feature",
      "id": "14607f3b-01cd-4aa9-ab2a-372819436850",
      "geometry": {
        "type": "Polygon",
        "coordinates": [
          [
            [
              -86.6463481,
              34.8478928
            ],
            [
              -86.6463437,
              34.8477916
            ],
            [
              -86.6462607,
              34.8477941
            ],
            [
              -86.6462651,
              34.8478952
            ],
            [
              -86.6463481,
              34.8478928
            ]
          ]
        ]
      },
      "properties": {
        "epoch_id": "EPOCH-27e284efc1b1abc2",
        "site_name": "Meta Huntsville",
        "distance_to_site_km": 1.7798,
        "footprint_area_m2_webmercator": 126.93,
        "source_dataset": "Overture Maps buildings",
        "source_url": "https://docs.overturemaps.org/getting-data/",
        "source_release": "2026-09-23.1",
        "source_accessed_on": "2026-09-28",
        "geometry_role": "current building-footprint polygon",
        "linkage_semantics": "Overlap/proximity only; not evidence that the building hosts AI compute."
      }
    },
    {
      "type": "Feature",
      "id": "171b6158-2a1c-42d7-8956-c4e9daf47f9e",
      "geometry": {
        "type": "Polygon",
        "coordinates": [
          [
            [
              -86.6463622,
              34.8479695
            ],
            [
              -86.6462844,
              34.8479686
            ],
            [
              -86.6462825,
              34.8480808
            ],
            [
              -86.6464059,
              34.8480822
            ],
            [
              -86.6464072,
              34.8480052
            ],
            [
              -86.6463616,
              34.8480047
            ],
            [
              -86.6463622,
              34.8479695
            ]
          ]
        ]
      },
      "properties": {
        "epoch_id": "EPOCH-27e284efc1b1abc2",
        "site_name": "Meta Huntsville",
        "distance_to_site_km": 1.7831,
        "footprint_area_m2_webmercator": 184.84,
        "source_dataset": "Overture Maps buildings",
        "source_url": "https://docs.overturemaps.org/getting-data/",
        "source_release": "2026-09-23.1",
        "source_accessed_on": "2026-09-28",
        "geometry_role": "current building-footprint polygon",
        "linkage_semantics": "Overlap/proximity only; not evidence that the building hosts AI compute."
      }
    },
    {
      "type": "Feature",
      "id": "7b740a38-a4ef-4ff8-8c97-5f612abac592",
      "geometry": {
        "type": "Polygon",
        "coordinates": [
          [
            [
              -86.6468031,
              34.860242
            ],
            [
              -86.6466119,
              34.860236
            ],
            [
              -86.6466049,
              34.8603886
            ],
            [
              -86.6467961,
              34.8603945
            ],
            [
              -86.6468031,
              34.860242
            ]
          ]
        ]
      },
      "properties": {
        "epoch_id": "EPOCH-27e284efc1b1abc2",
        "site_name": "Meta Huntsville",
        "distance_to_site_km": 2.2866,
        "footprint_area_m2_webmercator": 441.12,
        "source_dataset": "Overture Maps buildings",
        "source_url": "https://docs.overturemaps.org/getting-data/",
        "source_release": "2026-09-23.1",
        "source_accessed_on": "2026-09-28",
        "geometry_role": "current building-footprint polygon",
        "linkage_semantics": "Overlap/proximity only; not evidence that the building hosts AI compute."
      }
    },
    {
      "type": "Feature",
      "id": "a09a0e66-1b19-4d10-bfc0-0e1e51809330",
      "geometry": {
        "type": "Polygon",
        "coordinates": [
          [
            [
              -86.6445144,
              34.8575504
            ],
            [
              -86.6444903,
              34.8575503
            ],
            [
              -86.6444916,
              34.8574204
            ],
            [
              -86.6444085,
              34.8574198
            ],
            [
              -86.644407,
              34.8575695
            ],
            [
              -86.6443962,
              34.8575694
            ],
            [
              -86.644395,
              34.8576883
            ],
            [
              -86.644513,
              34.8576891
            ],
            [
              -86.6445144,
              34.8575504
            ]
          ]
        ]
      },
      "properties": {
        "epoch_id": "EPOCH-27e284efc1b1abc2",
        "site_name": "Meta Huntsville",
        "distance_to_site_km": 1.9413,
        "footprint_area_m2_webmercator": 406.91,
        "source_dataset": "Overture Maps buildings",
        "source_url": "https://docs.overturemaps.org/getting-data/",
        "source_release": "2026-09-23.1",
        "source_accessed_on": "2026-09-28",
        "geometry_role": "current building-footprint polygon",
        "linkage_semantics": "Overlap/proximity only; not evidence that the building hosts AI compute."
      }
    },
    {
      "type": "Feature",
      "id": "2823edec-f85a-4e5f-b2a6-d099060269e9",
      "geometry": {
        "type": "Polygon",
        "coordinates": [
          [
            [
              -86.6449033,
              34.8587322
            ],
            [
              -86.6448215,
              34.8586638
            ],
            [
              -86.6446259,
              34.8588211
            ],
            [
              -86.6447185,
              34.8588985
            ],
            [
              -86.644847,
              34.8587951
            ],
            [
              -86.6448363,
              34.8587861
            ],
            [
              -86.6449033,
              34.8587322
            ]
          ]
        ]
      },
      "properties": {
        "epoch_id": "EPOCH-27e284efc1b1abc2",
        "site_name": "Meta Huntsville",
        "distance_to_site_km": 2.0427,
        "footprint_area_m2_webmercator": 430.63,
        "source_dataset": "Overture Maps buildings",
        "source_url": "https://docs.overturemaps.org/getting-data/",
        "source_release": "2026-09-23.1",
        "source_accessed_on": "2026-09-28",
        "geometry_role": "current building-footprint polygon",
        "linkage_semantics": "Overlap/proximity only; not evidence that the building hosts AI compute."
      }
    },
    {
      "type": "Feature",
      "id": "aa3ff83e-0fef-4d7e-831b-ef794029b91d",
      "geometry": {
        "type": "Polygon",
        "coordinates": [
          [
            [
              -86.6452719,
              34.8578385
            ],
            [
              -86.6452504,
              34.8578382
            ],
            [
              -86.6452484,
              34.8579306
            ],
            [
              -86.6454378,
              34.8579334
            ],
            [
              -86.6454471,
              34.8574999
            ],
            [
              -86.6454294,
              34.8574997
            ],
            [
              -86.6454285,
              34.8575415
            ],
            [
              -86.6453319,
              34.8575401
            ],
            [
              -86.6453319,
              34.8575411
            ],
            [
              -86.6452783,
              34.8575403
            ],
            [
              -86.6452719,
              34.8578385
            ]
          ]
        ]
      },
      "properties": {
        "epoch_id": "EPOCH-27e284efc1b1abc2",
        "site_name": "Meta Huntsville",
        "distance_to_site_km": 2.0206,
        "footprint_area_m2_webmercator": 1033.59,
        "source_dataset": "Overture Maps buildings",
        "source_url": "https://docs.overturemaps.org/getting-data/",
        "source_release": "2026-09-23.1",
        "source_accessed_on": "2026-09-28",
        "geometry_role": "current building-footprint polygon",
        "linkage_semantics": "Overlap/proximity only; not evidence that the building hosts AI compute."
      }
    },
    {
      "type": "Feature",
      "id": "be290714-dfd8-4112-8c94-e6844c5d442a",
      "geometry": {
        "type": "Polygon",
        "coordinates": [
          [
            [
              -86.6429145,
              34.8555435
            ],
            [
              -86.6429145,
              34.8555682
            ],
            [
              -86.6429252,
              34.8555682
            ],
            [
              -86.6429252,
              34.855599
            ],
            [
              -86.6430238,
              34.855599
            ],
            [
              -86.6430238,
              34.8555479
            ],
            [
              -86.6430828,
              34.8555479
            ],
            [
              -86.6430828,
              34.855511
            ],
            [
              -86.6429775,
              34.855511
            ],
            [
              -86.6429775,
              34.8554906
            ],
            [
              -86.6429252,
              34.8554906
            ],
            [
              -86.6429252,
              34.8555435
            ],
            [
              -86.6429145,
              34.8555435
            ]
          ]
        ]
      },
      "properties": {
        "epoch_id": "EPOCH-27e284efc1b1abc2",
        "site_name": "Meta Huntsville",
        "distance_to_site_km": 1.7084,
        "footprint_area_m2_webmercator": 184.01,
        "source_dataset": "Overture Maps buildings",
        "source_url": "https://docs.overturemaps.org/getting-data/",
        "source_release": "2026-09-23.1",
        "source_accessed_on": "2026-09-28",
        "geometry_role": "current building-footprint polygon",
        "linkage_semantics": "Overlap/proximity only; not evidence that the building hosts AI compute."
      }
    },
    {
      "type": "Feature",
      "id": "14fa0a59-11e6-4014-86a4-e9afd08e4e5a",
      "geometry": {
        "type": "Polygon",
        "coordinates": [
          [
            [
              -86.6431231,
              34.855585
            ],
            [
              -86.6431458,
              34.8555897
            ],
            [
              -86.6431545,
              34.8555611
            ],
            [
              -86.6431318,
              34.8555564
            ],
            [
              -86.6431231,
              34.855585
            ]
          ]
        ]
      },
      "properties": {
        "epoch_id": "EPOCH-27e284efc1b1abc2",
        "site_name": "Meta Huntsville",
        "distance_to_site_km": 1.7221,
        "footprint_area_m2_webmercator": 10.42,
        "source_dataset": "Overture Maps buildings",
        "source_url": "https://docs.overturemaps.org/getting-data/",
        "source_release": "2026-09-23.1",
        "source_accessed_on": "2026-09-28",
        "geometry_role": "current building-footprint polygon",
        "linkage_semantics": "Overlap/proximity only; not evidence that the building hosts AI compute."
      }
    },
    {
      "type": "Feature",
      "id": "f59c8627-e592-4322-8b34-63c4d289a4ce",
      "geometry": {
        "type": "Polygon",
        "coordinates": [
          [
            [
              -86.6416559,
              34.8594791
            ],
            [
              -86.6418382,
              34.8594837
            ],
            [
              -86.6418437,
              34.8593342
            ],
            [
              -86.6416813,
              34.8593301
            ],
            [
              -86.6416784,
              34.8594059
            ],
            [
              -86.6416587,
              34.8594054
            ],
            [
              -86.6416559,
              34.8594791
            ]
          ]
        ]
      },
      "properties": {
        "epoch_id": "EPOCH-27e284efc1b1abc2",
        "site_name": "Meta Huntsville",
        "distance_to_site_km": 1.8767,
        "footprint_area_m2_webmercator": 389.19,
        "source_dataset": "Overture Maps buildings",
        "source_url": "https://docs.overturemaps.org/getting-data/",
        "source_release": "2026-09-23.1",
        "source_accessed_on": "2026-09-28",
        "geometry_role": "current building-footprint polygon",
        "linkage_semantics": "Overlap/proximity only; not evidence that the building hosts AI compute."
      }
    },
    {
      "type": "Feature",
      "id": "0a7b5144-71be-45b2-a4fd-8a47f96be641",
      "geometry": {
        "type": "Polygon",
        "coordinates": [
          [
            [
              -86.6350059,
              34.8564194
            ],
            [
              -86.6348473,
              34.8563648
            ],
            [
              -86.6348071,
              34.8564434
            ],
            [
              -86.6349657,
              34.856498
            ],
            [
              -86.6350059,
              34.8564194
            ]
          ]
        ]
      },
      "properties": {
        "epoch_id": "EPOCH-27e284efc1b1abc2",
        "site_name": "Meta Huntsville",
        "distance_to_site_km": 1.2099,
        "footprint_area_m2_webmercator": 221.4,
        "source_dataset": "Overture Maps buildings",
        "source_url": "https://docs.overturemaps.org/getting-data/",
        "source_release": "2026-09-23.1",
        "source_accessed_on": "2026-09-28",
        "geometry_role": "current building-footprint polygon",
        "linkage_semantics": "Overlap/proximity only; not evidence that the building hosts AI compute."
      }
    },
    {
      "type": "Feature",
      "id": "17761217-57df-4893-859e-0a7417eadf2d",
      "geometry": {
        "type": "Polygon",
        "coordinates": [
          [
            [
              -86.6335153,
              34.8561216
            ],
            [
              -86.6334806,
              34.8561234
            ],
            [
              -86.6334896,
              34.8562374
            ],
            [
              -86.6337033,
              34.8562259
            ],
            [
              -86.6337024,
              34.856215
            ],
            [
              -86.6337532,
              34.8562123
            ],
            [
              -86.6337429,
              34.856083
            ],
            [
              -86.6336547,
              34.8560877
            ],
            [
              -86.6336536,
              34.8560735
            ],
            [
              -86.6335121,
              34.8560811
            ],
            [
              -86.6335153,
              34.8561216
            ]
          ]
        ]
      },
      "properties": {
        "epoch_id": "EPOCH-27e284efc1b1abc2",
        "site_name": "Meta Huntsville",
        "distance_to_site_km": 1.1162,
        "footprint_area_m2_webmercator": 570.54,
        "source_dataset": "Overture Maps buildings",
        "source_url": "https://docs.overturemaps.org/getting-data/",
        "source_release": "2026-09-23.1",
        "source_accessed_on": "2026-09-28",
        "geometry_role": "current building-footprint polygon",
        "linkage_semantics": "Overlap/proximity only; not evidence that the building hosts AI compute."
      }
    },
    {
      "type": "Feature",
      "id": "76371b3c-c7d9-4786-ada2-7e9bf5cd4d6c",
      "geometry": {
        "type": "Polygon",
        "coordinates": [
          [
            [
              -86.632937,
              34.856112
            ],
            [
              -86.6329386,
              34.8561472
            ],
            [
              -86.6328234,
              34.8561507
            ],
            [
              -86.6328273,
              34.8562375
            ],
            [
              -86.6330282,
              34.8562314
            ],
            [
              -86.6330227,
              34.8561094
            ],
            [
              -86.632937,
              34.856112
            ]
          ]
        ]
      },
      "properties": {
        "epoch_id": "EPOCH-27e284efc1b1abc2",
        "site_name": "Meta Huntsville",
        "distance_to_site_km": 1.0851,
        "footprint_area_m2_webmercator": 309.31,
        "source_dataset": "Overture Maps buildings",
        "source_url": "https://docs.overturemaps.org/getting-data/",
        "source_release": "2026-09-23.1",
        "source_accessed_on": "2026-09-28",
        "geometry_role": "current building-footprint polygon",
        "linkage_semantics": "Overlap/proximity only; not evidence that the building hosts AI compute."
      }
    },
    {
      "type": "Feature",
      "id": "bc2f8aff-0faf-440e-a969-0bc0869019f2",
      "geometry": {
        "type": "Polygon",
        "coordinates": [
          [
            [
              -86.6300103,
              34.8575513
            ],
            [
              -86.6300139,
              34.8574754
            ],
            [
              -86.6297809,
              34.8574679
            ],
            [
              -86.6297773,
              34.8575439
            ],
            [
              -86.6300103,
              34.8575513
            ]
          ]
        ]
      },
      "properties": {
        "epoch_id": "EPOCH-27e284efc1b1abc2",
        "site_name": "Meta Huntsville",
        "distance_to_site_km": 1.1137,
        "footprint_area_m2_webmercator": 267.65,
        "source_dataset": "Overture Maps buildings",
        "source_url": "https://docs.overturemaps.org/getting-data/",
        "source_release": "2026-09-23.1",
        "source_accessed_on": "2026-09-28",
        "geometry_role": "current building-footprint polygon",
        "linkage_semantics": "Overlap/proximity only; not evidence that the building hosts AI compute."
      }
    },
    {
      "type": "Feature",
      "id": "2dd39373-03f3-42e1-b2e2-87291a3ab166",
      "geometry": {
        "type": "Polygon",
        "coordinates": [
          [
            [
              -86.6317146,
              34.8565353
            ],
            [
              -86.6316222,
              34.8565361
            ],
            [
              -86.6316236,
              34.8566549
            ],
            [
              -86.6317159,
              34.8566542
            ],
            [
              -86.6317146,
              34.8565353
            ]
          ]
        ]
      },
      "properties": {
        "epoch_id": "EPOCH-27e284efc1b1abc2",
        "site_name": "Meta Huntsville",
        "distance_to_site_km": 1.072,
        "footprint_area_m2_webmercator": 165.77,
        "source_dataset": "Overture Maps buildings",
        "source_url": "https://docs.overturemaps.org/getting-data/",
        "source_release": "2026-09-23.1",
        "source_accessed_on": "2026-09-28",
        "geometry_role": "current building-footprint polygon",
        "linkage_semantics": "Overlap/proximity only; not evidence that the building hosts AI compute."
      }
    },
    {
      "type": "Feature",
      "id": "0adf7f48-8529-4d2d-84ca-2297697e1ee7",
      "geometry": {
        "type": "Polygon",
        "coordinates": [
          [
            [
              -86.6320289,
              34.8567499
            ],
            [
              -86.6321614,
              34.8566341
            ],
            [
              -86.6320402,
              34.8565408
            ],
            [
              -86.6319077,
              34.8566566
            ],
            [
              -86.6320289,
              34.8567499
            ]
          ]
        ]
      },
      "properties": {
        "epoch_id": "EPOCH-27e284efc1b1abc2",
        "site_name": "Meta Huntsville",
        "distance_to_site_km": 1.0913,
        "footprint_area_m2_webmercator": 398.64,
        "source_dataset": "Overture Maps buildings",
        "source_url": "https://docs.overturemaps.org/getting-data/",
        "source_release": "2026-09-23.1",
        "source_accessed_on": "2026-09-28",
        "geometry_role": "current building-footprint polygon",
        "linkage_semantics": "Overlap/proximity only; not evidence that the building hosts AI compute."
      }
    },
    {
      "type": "Feature",
      "id": "dc0d3e9e-2ed8-494d-ad2a-eead3ba037ba",
      "geometry": {
        "type": "Polygon",
        "coordinates": [
          [
            [
              -86.6318861,
              34.8562277
            ],
            [
              -86.6320544,
              34.8563963
            ],
            [
              -86.6322518,
              34.8562636
            ],
            [
              -86.6321322,
              34.8561437
            ],
            [
              -86.632015,
              34.8562225
            ],
            [
              -86.6319664,
              34.8561737
            ],
            [
              -86.6318861,
              34.8562277
            ]
          ]
        ]
      },
      "properties": {
        "epoch_id": "EPOCH-27e284efc1b1abc2",
        "site_name": "Meta Huntsville",
        "distance_to_site_km": 1.0549,
        "footprint_area_m2_webmercator": 695.9,
        "source_dataset": "Overture Maps buildings",
        "source_url": "https://docs.overturemaps.org/getting-data/",
        "source_release": "2026-09-23.1",
        "source_accessed_on": "2026-09-28",
        "geometry_role": "current building-footprint polygon",
        "linkage_semantics": "Overlap/proximity only; not evidence that the building hosts AI compute."
      }
    },
    {
      "type": "Feature",
      "id": "b7be53c7-7db1-4cb0-bff5-793eca497458",
      "geometry": {
        "type": "Polygon",
        "coordinates": [
          [
            [
              -86.6301904,
              34.8567598
            ],
            [
              -86.6302579,
              34.8568189
            ],
            [
              -86.6303401,
              34.8567557
            ],
            [
              -86.6302726,
              34.8566966
            ],
            [
              -86.6301904,
              34.8567598
            ]
          ]
        ]
      },
      "properties": {
        "epoch_id": "EPOCH-27e284efc1b1abc2",
        "site_name": "Meta Huntsville",
        "distance_to_site_km": 1.0428,
        "footprint_area_m2_webmercator": 137.79,
        "source_dataset": "Overture Maps buildings",
        "source_url": "https://docs.overturemaps.org/getting-data/",
        "source_release": "2026-09-23.1",
        "source_accessed_on": "2026-09-28",
        "geometry_role": "current building-footprint polygon",
        "linkage_semantics": "Overlap/proximity only; not evidence that the building hosts AI compute."
      }
    },
    {
      "type": "Feature",
      "id": "2df410c5-2835-47fc-93a7-58b16b34c5c1",
      "geometry": {
        "type": "Polygon",
        "coordinates": [
          [
            [
              -86.6300109,
              34.8562208
            ],
            [
              -86.6300428,
              34.8562618
            ],
            [
              -86.6300222,
              34.8562996
            ],
            [
              -86.630219,
              34.8563717
            ],
            [
              -86.630243,
              34.8563277
            ],
            [
              -86.6302877,
              34.8563441
            ],
            [
              -86.6303114,
              34.8563005
            ],
            [
              -86.6303264,
              34.8562926
            ],
            [
              -86.6303456,
              34.8562575
            ],
            [
              -86.6303226,
              34.8562491
            ],
            [
              -86.6302961,
              34.8562152
            ],
            [
              -86.6302515,
              34.8561988
            ],
            [
              -86.6302561,
              34.8561904
            ],
            [
              -86.6301644,
              34.8561568
            ],
            [
              -86.6301577,
              34.8561691
            ],
            [
              -86.6300675,
              34.8562165
            ],
            [
              -86.6300642,
              34.8562225
            ],
            [
              -86.6300289,
              34.8562096
            ],
            [
              -86.6299531,
              34.8561125
            ],
            [
              -86.6299018,
              34.8561395
            ],
            [
              -86.6299786,
              34.8562378
            ],
            [
              -86.6300109,
              34.8562208
            ]
          ]
        ]
      },
      "properties": {
        "epoch_id": "EPOCH-27e284efc1b1abc2",
        "site_name": "Meta Huntsville",
        "distance_to_site_km": 0.986,
        "footprint_area_m2_webmercator": 738.49,
        "source_dataset": "Overture Maps buildings",
        "source_url": "https://docs.overturemaps.org/getting-data/",
        "source_release": "2026-09-23.1",
        "source_accessed_on": "2026-09-28",
        "geometry_role": "current building-footprint polygon",
        "linkage_semantics": "Overlap/proximity only; not evidence that the building hosts AI compute."
      }
    },
    {
      "type": "Feature",
      "id": "df66a36e-ac08-446c-8cc5-5a03c792677d",
      "geometry": {
        "type": "Polygon",
        "coordinates": [
          [
            [
              -86.6295598,
              34.8565032
            ],
            [
              -86.6295862,
              34.8565006
            ],
            [
              -86.6295668,
              34.8563718
            ],
            [
              -86.6293634,
              34.8563923
            ],
            [
              -86.6293696,
              34.8564335
            ],
            [
              -86.6292322,
              34.8564474
            ],
            [
              -86.6292628,
              34.8566512
            ],
            [
              -86.6293711,
              34.8566403
            ],
            [
              -86.6293607,
              34.8565709
            ],
            [
              -86.6295668,
              34.85655
            ],
            [
              -86.6295598,
              34.8565032
            ]
          ]
        ]
      },
      "properties": {
        "epoch_id": "EPOCH-27e284efc1b1abc2",
        "site_name": "Meta Huntsville",
        "distance_to_site_km": 0.9937,
        "footprint_area_m2_webmercator": 927.06,
        "source_dataset": "Overture Maps buildings",
        "source_url": "https://docs.overturemaps.org/getting-data/",
        "source_release": "2026-09-23.1",
        "source_accessed_on": "2026-09-28",
        "geometry_role": "current building-footprint polygon",
        "linkage_semantics": "Overlap/proximity only; not evidence that the building hosts AI compute."
      }
    },
    {
      "type": "Feature",
      "id": "c174f278-2e10-4bd5-99dd-acce631c7661",
      "geometry": {
        "type": "Polygon",
        "coordinates": [
          [
            [
              -86.6291088,
              34.8572288
            ],
            [
              -86.6291253,
              34.8573192
            ],
            [
              -86.6292591,
              34.8573028
            ],
            [
              -86.6292426,
              34.8572123
            ],
            [
              -86.6291088,
              34.8572288
            ]
          ]
        ]
      },
      "properties": {
        "epoch_id": "EPOCH-27e284efc1b1abc2",
        "site_name": "Meta Huntsville",
        "distance_to_site_km": 1.0725,
        "footprint_area_m2_webmercator": 186.86,
        "source_dataset": "Overture Maps buildings",
        "source_url": "https://docs.overturemaps.org/getting-data/",
        "source_release": "2026-09-23.1",
        "source_accessed_on": "2026-09-28",
        "geometry_role": "current building-footprint polygon",
        "linkage_semantics": "Overlap/proximity only; not evidence that the building hosts AI compute."
      }
    },
    {
      "type": "Feature",
      "id": "a3906075-20ce-438e-9d33-906de9866cab",
      "geometry": {
        "type": "Polygon",
        "coordinates": [
          [
            [
              -86.6270375,
              34.8555362
            ],
            [
              -86.6270455,
              34.8555814
            ],
            [
              -86.6269904,
              34.855588
            ],
            [
              -86.6270053,
              34.8556721
            ],
            [
              -86.6271708,
              34.8556523
            ],
            [
              -86.6271478,
              34.855523
            ],
            [
              -86.6270375,
              34.8555362
            ]
          ]
        ]
      },
      "properties": {
        "epoch_id": "EPOCH-27e284efc1b1abc2",
        "site_name": "Meta Huntsville",
        "distance_to_site_km": 0.8657,
        "footprint_area_m2_webmercator": 291.52,
        "source_dataset": "Overture Maps buildings",
        "source_url": "https://docs.overturemaps.org/getting-data/",
        "source_release": "2026-09-23.1",
        "source_accessed_on": "2026-09-28",
        "geometry_role": "current building-footprint polygon",
        "linkage_semantics": "Overlap/proximity only; not evidence that the building hosts AI compute."
      }
    },
    {
      "type": "Feature",
      "id": "a6fc3426-488f-4908-92c8-8101ecc09159",
      "geometry": {
        "type": "Polygon",
        "coordinates": [
          [
            [
              -86.6273996,
              34.8552711
            ],
            [
              -86.6274029,
              34.8553503
            ],
            [
              -86.6275047,
              34.8553474
            ],
            [
              -86.6275014,
              34.8552683
            ],
            [
              -86.6273996,
              34.8552711
            ]
          ]
        ]
      },
      "properties": {
        "epoch_id": "EPOCH-27e284efc1b1abc2",
        "site_name": "Meta Huntsville",
        "distance_to_site_km": 0.8348,
        "footprint_area_m2_webmercator": 121.82,
        "source_dataset": "Overture Maps buildings",
        "source_url": "https://docs.overturemaps.org/getting-data/",
        "source_release": "2026-09-23.1",
        "source_accessed_on": "2026-09-28",
        "geometry_role": "current building-footprint polygon",
        "linkage_semantics": "Overlap/proximity only; not evidence that the building hosts AI compute."
      }
    },
    {
      "type": "Feature",
      "id": "5e14948d-96da-4a03-bb41-96bf8c0c7875",
      "geometry": {
        "type": "Polygon",
        "coordinates": [
          [
            [
              -86.6234213,
              34.8580179
            ],
            [
              -86.6237647,
              34.8580135
            ],
            [
              -86.6237432,
              34.8572101
            ],
            [
              -86.6233891,
              34.8572035
            ],
            [
              -86.6233891,
              34.8571661
            ],
            [
              -86.6205728,
              34.8571837
            ],
            [
              -86.6205836,
              34.8580641
            ],
            [
              -86.623416,
              34.8580531
            ],
            [
              -86.6234213,
              34.8580179
            ]
          ]
        ]
      },
      "properties": {
        "epoch_id": "EPOCH-27e284efc1b1abc2",
        "site_name": "Meta Huntsville",
        "distance_to_site_km": 1.1689,
        "footprint_area_m2_webmercator": 41989.27,
        "source_dataset": "Overture Maps buildings",
        "source_url": "https://docs.overturemaps.org/getting-data/",
        "source_release": "2026-09-23.1",
        "source_accessed_on": "2026-09-28",
        "geometry_role": "current building-footprint polygon",
        "linkage_semantics": "Overlap/proximity only; not evidence that the building hosts AI compute."
      }
    },
    {
      "type": "Feature",
      "id": "22ad1d0e-ff29-44ed-b05e-1c4ca9342cb5",
      "geometry": {
        "type": "Polygon",
        "coordinates": [
          [
            [
              -86.6188417,
              34.8593982
            ],
            [
              -86.6188926,
              34.8593975
            ],
            [
              -86.6188936,
              34.8594415
            ],
            [
              -86.6189901,
              34.8594401
            ],
            [
              -86.6189874,
              34.8593146
            ],
            [
              -86.6188399,
              34.8593168
            ],
            [
              -86.6188417,
              34.8593982
            ]
          ]
        ]
      },
      "properties": {
        "epoch_id": "EPOCH-27e284efc1b1abc2",
        "site_name": "Meta Huntsville",
        "distance_to_site_km": 1.4721,
        "footprint_area_m2_webmercator": 245.65,
        "source_dataset": "Overture Maps buildings",
        "source_url": "https://docs.overturemaps.org/getting-data/",
        "source_release": "2026-09-23.1",
        "source_accessed_on": "2026-09-28",
        "geometry_role": "current building-footprint polygon",
        "linkage_semantics": "Overlap/proximity only; not evidence that the building hosts AI compute."
      }
    },
    {
      "type": "Feature",
      "id": "0a97acf7-9f7c-4f02-898a-105cf026fa3b",
      "geometry": {
        "type": "Polygon",
        "coordinates": [
          [
            [
              -86.61717,
              34.859577
            ],
            [
              -86.6170547,
              34.8595781
            ],
            [
              -86.617056,
              34.8596749
            ],
            [
              -86.6171713,
              34.8596738
            ],
            [
              -86.61717,
              34.859577
            ]
          ]
        ]
      },
      "properties": {
        "epoch_id": "EPOCH-27e284efc1b1abc2",
        "site_name": "Meta Huntsville",
        "distance_to_site_km": 1.5826,
        "footprint_area_m2_webmercator": 168.58,
        "source_dataset": "Overture Maps buildings",
        "source_url": "https://docs.overturemaps.org/getting-data/",
        "source_release": "2026-09-23.1",
        "source_accessed_on": "2026-09-28",
        "geometry_role": "current building-footprint polygon",
        "linkage_semantics": "Overlap/proximity only; not evidence that the building hosts AI compute."
      }
    },
    {
      "type": "Feature",
      "id": "cb07c77e-f6d7-4a4d-9155-a310095adb8d",
      "geometry": {
        "type": "Polygon",
        "coordinates": [
          [
            [
              -86.6166917,
              34.8595155
            ],
            [
              -86.6167534,
              34.8595152
            ],
            [
              -86.6167537,
              34.8595614
            ],
            [
              -86.6169962,
              34.8595603
            ],
            [
              -86.6169952,
              34.8594269
            ],
            [
              -86.6169174,
              34.8594272
            ],
            [
              -86.6169172,
              34.8594
            ],
            [
              -86.6167724,
              34.8594007
            ],
            [
              -86.6167726,
              34.8594279
            ],
            [
              -86.6166911,
              34.8594283
            ],
            [
              -86.6166917,
              34.8595155
            ]
          ]
        ]
      },
      "properties": {
        "epoch_id": "EPOCH-27e284efc1b1abc2",
        "site_name": "Meta Huntsville",
        "distance_to_site_km": 1.5831,
        "footprint_area_m2_webmercator": 629.29,
        "source_dataset": "Overture Maps buildings",
        "source_url": "https://docs.overturemaps.org/getting-data/",
        "source_release": "2026-09-23.1",
        "source_accessed_on": "2026-09-28",
        "geometry_role": "current building-footprint polygon",
        "linkage_semantics": "Overlap/proximity only; not evidence that the building hosts AI compute."
      }
    },
    {
      "type": "Feature",
      "id": "487b0bf3-164f-4652-bc5a-48baa5cf9e92",
      "geometry": {
        "type": "Polygon",
        "coordinates": [
          [
            [
              -86.6156395,
              34.8594156
            ],
            [
              -86.6156411,
              34.859516
            ],
            [
              -86.6158717,
              34.8595135
            ],
            [
              -86.615873,
              34.8595914
            ],
            [
              -86.6159776,
              34.8595902
            ],
            [
              -86.6159764,
              34.8595154
            ],
            [
              -86.6159995,
              34.8595151
            ],
            [
              -86.6159978,
              34.8594131
            ],
            [
              -86.6159157,
              34.859414
            ],
            [
              -86.6159153,
              34.8593898
            ],
            [
              -86.6157534,
              34.8593916
            ],
            [
              -86.6157538,
              34.8594144
            ],
            [
              -86.6156395,
              34.8594156
            ]
          ]
        ]
      },
      "properties": {
        "epoch_id": "EPOCH-27e284efc1b1abc2",
        "site_name": "Meta Huntsville",
        "distance_to_site_km": 1.637,
        "footprint_area_m2_webmercator": 721.45,
        "source_dataset": "Overture Maps buildings",
        "source_url": "https://docs.overturemaps.org/getting-data/",
        "source_release": "2026-09-23.1",
        "source_accessed_on": "2026-09-28",
        "geometry_role": "current building-footprint polygon",
        "linkage_semantics": "Overlap/proximity only; not evidence that the building hosts AI compute."
      }
    },
    {
      "type": "Feature",
      "id": "16a2caf5-713c-4f3c-8ec6-38867a39b531",
      "geometry": {
        "type": "Polygon",
        "coordinates": [
          [
            [
              -86.6138129,
              34.8600414
            ],
            [
              -86.6137566,
              34.8600403
            ],
            [
              -86.6137517,
              34.8602062
            ],
            [
              -86.613808,
              34.8602073
            ],
            [
              -86.6138129,
              34.8600414
            ]
          ]
        ]
      },
      "properties": {
        "epoch_id": "EPOCH-27e284efc1b1abc2",
        "site_name": "Meta Huntsville",
        "distance_to_site_km": 1.8118,
        "footprint_area_m2_webmercator": 141.14,
        "source_dataset": "Overture Maps buildings",
        "source_url": "https://docs.overturemaps.org/getting-data/",
        "source_release": "2026-09-23.1",
        "source_accessed_on": "2026-09-28",
        "geometry_role": "current building-footprint polygon",
        "linkage_semantics": "Overlap/proximity only; not evidence that the building hosts AI compute."
      }
    },
    {
      "type": "Feature",
      "id": "dad91d3e-9334-4806-9f01-f6a4a55a6e8b",
      "geometry": {
        "type": "Polygon",
        "coordinates": [
          [
            [
              -86.6137572,
              34.8599186
            ],
            [
              -86.613851,
              34.8599216
            ],
            [
              -86.6138628,
              34.8596666
            ],
            [
              -86.6137691,
              34.8596637
            ],
            [
              -86.6137572,
              34.8599186
            ]
          ]
        ]
      },
      "properties": {
        "epoch_id": "EPOCH-27e284efc1b1abc2",
        "site_name": "Meta Huntsville",
        "distance_to_site_km": 1.7825,
        "footprint_area_m2_webmercator": 361.49,
        "source_dataset": "Overture Maps buildings",
        "source_url": "https://docs.overturemaps.org/getting-data/",
        "source_release": "2026-09-23.1",
        "source_accessed_on": "2026-09-28",
        "geometry_role": "current building-footprint polygon",
        "linkage_semantics": "Overlap/proximity only; not evidence that the building hosts AI compute."
      }
    },
    {
      "type": "Feature",
      "id": "bd71b040-b608-4fbf-9b1f-f740ec1bb6db",
      "geometry": {
        "type": "Polygon",
        "coordinates": [
          [
            [
              -86.6143752,
              34.8592736
            ],
            [
              -86.614375,
              34.8592897
            ],
            [
              -86.6143231,
              34.8592894
            ],
            [
              -86.6143224,
              34.8593609
            ],
            [
              -86.6144847,
              34.859362
            ],
            [
              -86.6144854,
              34.8592905
            ],
            [
              -86.6144309,
              34.8592901
            ],
            [
              -86.614431,
              34.859274
            ],
            [
              -86.6143752,
              34.8592736
            ]
          ]
        ]
      },
      "properties": {
        "epoch_id": "EPOCH-27e284efc1b1abc2",
        "site_name": "Meta Huntsville",
        "distance_to_site_km": 1.7075,
        "footprint_area_m2_webmercator": 188.91,
        "source_dataset": "Overture Maps buildings",
        "source_url": "https://docs.overturemaps.org/getting-data/",
        "source_release": "2026-09-23.1",
        "source_accessed_on": "2026-09-28",
        "geometry_role": "current building-footprint polygon",
        "linkage_semantics": "Overlap/proximity only; not evidence that the building hosts AI compute."
      }
    },
    {
      "type": "Feature",
      "id": "fef0f68f-a783-494e-82e7-e226832ef3fe",
      "geometry": {
        "type": "Polygon",
        "coordinates": [
          [
            [
              -86.6144081,
              34.8594852
            ],
            [
              -86.6144565,
              34.8594886
            ],
            [
              -86.6144605,
              34.8594501
            ],
            [
              -86.6144121,
              34.8594467
            ],
            [
              -86.6144081,
              34.8594852
            ]
          ]
        ]
      },
      "properties": {
        "epoch_id": "EPOCH-27e284efc1b1abc2",
        "site_name": "Meta Huntsville",
        "distance_to_site_km": 1.7178,
        "footprint_area_m2_webmercator": 28.35,
        "source_dataset": "Overture Maps buildings",
        "source_url": "https://docs.overturemaps.org/getting-data/",
        "source_release": "2026-09-23.1",
        "source_accessed_on": "2026-09-28",
        "geometry_role": "current building-footprint polygon",
        "linkage_semantics": "Overlap/proximity only; not evidence that the building hosts AI compute."
      }
    },
    {
      "type": "Feature",
      "id": "08a83958-4e35-4dfc-9fc7-575dbbd2065a",
      "geometry": {
        "type": "Polygon",
        "coordinates": [
          [
            [
              -86.6140999,
              34.8596444
            ],
            [
              -86.6145478,
              34.8596406
            ],
            [
              -86.6145466,
              34.8595416
            ],
            [
              -86.6140987,
              34.8595453
            ],
            [
              -86.6140999,
              34.8596444
            ]
          ]
        ]
      },
      "properties": {
        "epoch_id": "EPOCH-27e284efc1b1abc2",
        "site_name": "Meta Huntsville",
        "distance_to_site_km": 1.7349,
        "footprint_area_m2_webmercator": 670.06,
        "source_dataset": "Overture Maps buildings",
        "source_url": "https://docs.overturemaps.org/getting-data/",
        "source_release": "2026-09-23.1",
        "source_accessed_on": "2026-09-28",
        "geometry_role": "current building-footprint polygon",
        "linkage_semantics": "Overlap/proximity only; not evidence that the building hosts AI compute."
      }
    },
    {
      "type": "Feature",
      "id": "de2f715e-55a4-490b-b83f-f44025a66aa3",
      "geometry": {
        "type": "Polygon",
        "coordinates": [
          [
            [
              -86.6140757,
              34.8597103
            ],
            [
              -86.6140792,
              34.8597951
            ],
            [
              -86.6145106,
              34.859783
            ],
            [
              -86.614507,
              34.8596981
            ],
            [
              -86.6140757,
              34.8597103
            ]
          ]
        ]
      },
      "properties": {
        "epoch_id": "EPOCH-27e284efc1b1abc2",
        "site_name": "Meta Huntsville",
        "distance_to_site_km": 1.7496,
        "footprint_area_m2_webmercator": 553.39,
        "source_dataset": "Overture Maps buildings",
        "source_url": "https://docs.overturemaps.org/getting-data/",
        "source_release": "2026-09-23.1",
        "source_accessed_on": "2026-09-28",
        "geometry_role": "current building-footprint polygon",
        "linkage_semantics": "Overlap/proximity only; not evidence that the building hosts AI compute."
      }
    },
    {
      "type": "Feature",
      "id": "1cff5436-e833-4306-aef2-5c4bf2067d5c",
      "geometry": {
        "type": "Polygon",
        "coordinates": [
          [
            [
              -86.6145182,
              34.859924
            ],
            [
              -86.6145149,
              34.8598391
            ],
            [
              -86.6140862,
              34.8598502
            ],
            [
              -86.6140895,
              34.859935
            ],
            [
              -86.6145182,
              34.859924
            ]
          ]
        ]
      },
      "properties": {
        "epoch_id": "EPOCH-27e284efc1b1abc2",
        "site_name": "Meta Huntsville",
        "distance_to_site_km": 1.761,
        "footprint_area_m2_webmercator": 549.89,
        "source_dataset": "Overture Maps buildings",
        "source_url": "https://docs.overturemaps.org/getting-data/",
        "source_release": "2026-09-23.1",
        "source_accessed_on": "2026-09-28",
        "geometry_role": "current building-footprint polygon",
        "linkage_semantics": "Overlap/proximity only; not evidence that the building hosts AI compute."
      }
    },
    {
      "type": "Feature",
      "id": "385862fb-7f61-48cf-97ca-34453398ff98",
      "geometry": {
        "type": "Polygon",
        "coordinates": [
          [
            [
              -86.6150385,
              34.8597241
            ],
            [
              -86.6150788,
              34.8597224
            ],
            [
              -86.6150772,
              34.8596961
            ],
            [
              -86.6150369,
              34.8596977
            ],
            [
              -86.6150385,
              34.8597241
            ]
          ]
        ]
      },
      "properties": {
        "epoch_id": "EPOCH-27e284efc1b1abc2",
        "site_name": "Meta Huntsville",
        "distance_to_site_km": 1.7018,
        "footprint_area_m2_webmercator": 16.08,
        "source_dataset": "Overture Maps buildings",
        "source_url": "https://docs.overturemaps.org/getting-data/",
        "source_release": "2026-09-23.1",
        "source_accessed_on": "2026-09-28",
        "geometry_role": "current building-footprint polygon",
        "linkage_semantics": "Overlap/proximity only; not evidence that the building hosts AI compute."
      }
    },
    {
      "type": "Feature",
      "id": "23ba7219-fc14-4d7f-ad53-ceb3c644a129",
      "geometry": {
        "type": "Polygon",
        "coordinates": [
          [
            [
              -86.6151143,
              34.8595656
            ],
            [
              -86.6150888,
              34.8595656
            ],
            [
              -86.6150888,
              34.859619
            ],
            [
              -86.6151143,
              34.859619
            ],
            [
              -86.6151143,
              34.8595656
            ]
          ]
        ]
      },
      "properties": {
        "epoch_id": "EPOCH-27e284efc1b1abc2",
        "site_name": "Meta Huntsville",
        "distance_to_site_km": 1.6891,
        "footprint_area_m2_webmercator": 20.56,
        "source_dataset": "Overture Maps buildings",
        "source_url": "https://docs.overturemaps.org/getting-data/",
        "source_release": "2026-09-23.1",
        "source_accessed_on": "2026-09-28",
        "geometry_role": "current building-footprint polygon",
        "linkage_semantics": "Overlap/proximity only; not evidence that the building hosts AI compute."
      }
    },
    {
      "type": "Feature",
      "id": "0f2a3e64-d5c0-44b3-be58-e73a0df6f69d",
      "geometry": {
        "type": "Polygon",
        "coordinates": [
          [
            [
              -86.614836,
              34.8597367
            ],
            [
              -86.6149393,
              34.8597395
            ],
            [
              -86.614941,
              34.8596961
            ],
            [
              -86.6148377,
              34.8596933
            ],
            [
              -86.614836,
              34.8597367
            ]
          ]
        ]
      },
      "properties": {
        "epoch_id": "EPOCH-27e284efc1b1abc2",
        "site_name": "Meta Huntsville",
        "distance_to_site_km": 1.7121,
        "footprint_area_m2_webmercator": 67.78,
        "source_dataset": "Overture Maps buildings",
        "source_url": "https://docs.overturemaps.org/getting-data/",
        "source_release": "2026-09-23.1",
        "source_accessed_on": "2026-09-28",
        "geometry_role": "current building-footprint polygon",
        "linkage_semantics": "Overlap/proximity only; not evidence that the building hosts AI compute."
      }
    },
    {
      "type": "Feature",
      "id": "3375ffc1-abf6-4e3f-b827-8617c2ded2cc",
      "geometry": {
        "type": "Polygon",
        "coordinates": [
          [
            [
              -86.6148216,
              34.8595103
            ],
            [
              -86.6150617,
              34.8595114
            ],
            [
              -86.6150623,
              34.859425
            ],
            [
              -86.6149416,
              34.8594245
            ],
            [
              -86.6149418,
              34.8594
            ],
            [
              -86.6148747,
              34.8593997
            ],
            [
              -86.6148746,
              34.8594171
            ],
            [
              -86.6148223,
              34.8594169
            ],
            [
              -86.6148216,
              34.8595103
            ]
          ]
        ]
      },
      "properties": {
        "epoch_id": "EPOCH-27e284efc1b1abc2",
        "site_name": "Meta Huntsville",
        "distance_to_site_km": 1.6875,
        "footprint_area_m2_webmercator": 343.52,
        "source_dataset": "Overture Maps buildings",
        "source_url": "https://docs.overturemaps.org/getting-data/",
        "source_release": "2026-09-23.1",
        "source_accessed_on": "2026-09-28",
        "geometry_role": "current building-footprint polygon",
        "linkage_semantics": "Overlap/proximity only; not evidence that the building hosts AI compute."
      }
    },
    {
      "type": "Feature",
      "id": "8056aa2c-a3d3-48fa-8315-c45e5477486d",
      "geometry": {
        "type": "Polygon",
        "coordinates": [
          [
            [
              -86.6154975,
              34.8600793
            ],
            [
              -86.6155861,
              34.8600787
            ],
            [
              -86.6155854,
              34.8600181
            ],
            [
              -86.6154969,
              34.8600188
            ],
            [
              -86.6154975,
              34.8600793
            ]
          ]
        ]
      },
      "properties": {
        "epoch_id": "EPOCH-27e284efc1b1abc2",
        "site_name": "Meta Huntsville",
        "distance_to_site_km": 1.7042,
        "footprint_area_m2_webmercator": 80.98,
        "source_dataset": "Overture Maps buildings",
        "source_url": "https://docs.overturemaps.org/getting-data/",
        "source_release": "2026-09-23.1",
        "source_accessed_on": "2026-09-28",
        "geometry_role": "current building-footprint polygon",
        "linkage_semantics": "Overlap/proximity only; not evidence that the building hosts AI compute."
      }
    },
    {
      "type": "Feature",
      "id": "6161e130-e65c-4a03-81db-75c5d2f02ca3",
      "geometry": {
        "type": "Polygon",
        "coordinates": [
          [
            [
              -86.6157559,
              34.8601484
            ],
            [
              -86.6157391,
              34.8601485
            ],
            [
              -86.6157387,
              34.860114
            ],
            [
              -86.6156734,
              34.8601145
            ],
            [
              -86.6156732,
              34.8601016
            ],
            [
              -86.615639,
              34.8601018
            ],
            [
              -86.6156404,
              34.8602311
            ],
            [
              -86.6157399,
              34.8602304
            ],
            [
              -86.6157395,
              34.8601955
            ],
            [
              -86.6157564,
              34.8601954
            ],
            [
              -86.6157559,
              34.8601484
            ]
          ]
        ]
      },
      "properties": {
        "epoch_id": "EPOCH-27e284efc1b1abc2",
        "site_name": "Meta Huntsville",
        "distance_to_site_km": 1.7068,
        "footprint_area_m2_webmercator": 193.58,
        "source_dataset": "Overture Maps buildings",
        "source_url": "https://docs.overturemaps.org/getting-data/",
        "source_release": "2026-09-23.1",
        "source_accessed_on": "2026-09-28",
        "geometry_role": "current building-footprint polygon",
        "linkage_semantics": "Overlap/proximity only; not evidence that the building hosts AI compute."
      }
    },
    {
      "type": "Feature",
      "id": "5f9b1095-0265-4be8-9fca-6358e5d98226",
      "geometry": {
        "type": "Polygon",
        "coordinates": [
          [
            [
              -86.6150885,
              34.8623451
            ],
            [
              -86.615114,
              34.8623489
            ],
            [
              -86.6151194,
              34.8623247
            ],
            [
              -86.6150939,
              34.8623209
            ],
            [
              -86.6150885,
              34.8623451
            ]
          ]
        ]
      },
      "properties": {
        "epoch_id": "EPOCH-27e284efc1b1abc2",
        "site_name": "Meta Huntsville",
        "distance_to_site_km": 1.9349,
        "footprint_area_m2_webmercator": 9.63,
        "source_dataset": "Overture Maps buildings",
        "source_url": "https://docs.overturemaps.org/getting-data/",
        "source_release": "2026-09-23.1",
        "source_accessed_on": "2026-09-28",
        "geometry_role": "current building-footprint polygon",
        "linkage_semantics": "Overlap/proximity only; not evidence that the building hosts AI compute."
      }
    },
    {
      "type": "Feature",
      "id": "a4a898b4-1532-4c3d-8a0c-1281ae861bd1",
      "geometry": {
        "type": "Polygon",
        "coordinates": [
          [
            [
              -86.6143166,
              34.8638086
            ],
            [
              -86.6142169,
              34.8637791
            ],
            [
              -86.6141895,
              34.8638414
            ],
            [
              -86.6142441,
              34.8638575
            ],
            [
              -86.6142347,
              34.863879
            ],
            [
              -86.6142798,
              34.8638923
            ],
            [
              -86.6143166,
              34.8638086
            ]
          ]
        ]
      },
      "properties": {
        "epoch_id": "EPOCH-27e284efc1b1abc2",
        "site_name": "Meta Huntsville",
        "distance_to_site_km": 2.1167,
        "footprint_area_m2_webmercator": 122.49,
        "source_dataset": "Overture Maps buildings",
        "source_url": "https://docs.overturemaps.org/getting-data/",
        "source_release": "2026-09-23.1",
        "source_accessed_on": "2026-09-28",
        "geometry_role": "current building-footprint polygon",
        "linkage_semantics": "Overlap/proximity only; not evidence that the building hosts AI compute."
      }
    },
    {
      "type": "Feature",
      "id": "57a72ccb-a617-41a9-93e0-98568a3a027d",
      "geometry": {
        "type": "Polygon",
        "coordinates": [
          [
            [
              -86.6139645,
              34.8603313
            ],
            [
              -86.6138402,
              34.860328
            ],
            [
              -86.6138368,
              34.8604138
            ],
            [
              -86.6139612,
              34.860417
            ],
            [
              -86.6139645,
              34.8603313
            ]
          ]
        ]
      },
      "properties": {
        "epoch_id": "EPOCH-27e284efc1b1abc2",
        "site_name": "Meta Huntsville",
        "distance_to_site_km": 1.8258,
        "footprint_area_m2_webmercator": 161.2,
        "source_dataset": "Overture Maps buildings",
        "source_url": "https://docs.overturemaps.org/getting-data/",
        "source_release": "2026-09-23.1",
        "source_accessed_on": "2026-09-28",
        "geometry_role": "current building-footprint polygon",
        "linkage_semantics": "Overlap/proximity only; not evidence that the building hosts AI compute."
      }
    },
    {
      "type": "Feature",
      "id": "8e219780-e6a5-4527-b35f-accf4dbf9686",
      "geometry": {
        "type": "Polygon",
        "coordinates": [
          [
            [
              -86.613873,
              34.8606276
            ],
            [
              -86.6139313,
              34.8605764
            ],
            [
              -86.6138698,
              34.8605292
            ],
            [
              -86.6138114,
              34.8605804
            ],
            [
              -86.613873,
              34.8606276
            ]
          ]
        ]
      },
      "properties": {
        "epoch_id": "EPOCH-27e284efc1b1abc2",
        "site_name": "Meta Huntsville",
        "distance_to_site_km": 1.8451,
        "footprint_area_m2_webmercator": 89.19,
        "source_dataset": "Overture Maps buildings",
        "source_url": "https://docs.overturemaps.org/getting-data/",
        "source_release": "2026-09-23.1",
        "source_accessed_on": "2026-09-28",
        "geometry_role": "current building-footprint polygon",
        "linkage_semantics": "Overlap/proximity only; not evidence that the building hosts AI compute."
      }
    },
    {
      "type": "Feature",
      "id": "782f9d8a-4de9-4f9c-9215-03b8f969bc56",
      "geometry": {
        "type": "Polygon",
        "coordinates": [
          [
            [
              -86.6137204,
              34.8604767
            ],
            [
              -86.6136775,
              34.8604759
            ],
            [
              -86.6136748,
              34.8605749
            ],
            [
              -86.6138142,
              34.8605775
            ],
            [
              -86.6138185,
              34.8604235
            ],
            [
              -86.613722,
              34.8604217
            ],
            [
              -86.6137204,
              34.8604767
            ]
          ]
        ]
      },
      "properties": {
        "epoch_id": "EPOCH-27e284efc1b1abc2",
        "site_name": "Meta Huntsville",
        "distance_to_site_km": 1.8459,
        "footprint_area_m2_webmercator": 288.8,
        "source_dataset": "Overture Maps buildings",
        "source_url": "https://docs.overturemaps.org/getting-data/",
        "source_release": "2026-09-23.1",
        "source_accessed_on": "2026-09-28",
        "geometry_role": "current building-footprint polygon",
        "linkage_semantics": "Overlap/proximity only; not evidence that the building hosts AI compute."
      }
    },
    {
      "type": "Feature",
      "id": "28782adf-325a-4cbb-b3b5-548e1796ef8b",
      "geometry": {
        "type": "Polygon",
        "coordinates": [
          [
            [
              -86.6137276,
              34.8608972
            ],
            [
              -86.6137785,
              34.8608954
            ],
            [
              -86.6137729,
              34.8607921
            ],
            [
              -86.6138104,
              34.8607908
            ],
            [
              -86.6138086,
              34.8607566
            ],
            [
              -86.6137684,
              34.860758
            ],
            [
              -86.613766,
              34.8607132
            ],
            [
              -86.6137082,
              34.8607153
            ],
            [
              -86.6137163,
              34.8608656
            ],
            [
              -86.6137259,
              34.8608652
            ],
            [
              -86.6137276,
              34.8608972
            ]
          ]
        ]
      },
      "properties": {
        "epoch_id": "EPOCH-27e284efc1b1abc2",
        "site_name": "Meta Huntsville",
        "distance_to_site_km": 1.8713,
        "footprint_area_m2_webmercator": 179.71,
        "source_dataset": "Overture Maps buildings",
        "source_url": "https://docs.overturemaps.org/getting-data/",
        "source_release": "2026-09-23.1",
        "source_accessed_on": "2026-09-28",
        "geometry_role": "current building-footprint polygon",
        "linkage_semantics": "Overlap/proximity only; not evidence that the building hosts AI compute."
      }
    },
    {
      "type": "Feature",
      "id": "cf5bf7be-1c83-46b5-9f7b-2925de41376a",
      "geometry": {
        "type": "Polygon",
        "coordinates": [
          [
            [
              -86.6139656,
              34.8609387
            ],
            [
              -86.6138882,
              34.8609341
            ],
            [
              -86.6138856,
              34.8609635
            ],
            [
              -86.613963,
              34.8609681
            ],
            [
              -86.6139656,
              34.8609387
            ]
          ]
        ]
      },
      "properties": {
        "epoch_id": "EPOCH-27e284efc1b1abc2",
        "site_name": "Meta Huntsville",
        "distance_to_site_km": 1.874,
        "footprint_area_m2_webmercator": 34.55,
        "source_dataset": "Overture Maps buildings",
        "source_url": "https://docs.overturemaps.org/getting-data/",
        "source_release": "2026-09-23.1",
        "source_accessed_on": "2026-09-28",
        "geometry_role": "current building-footprint polygon",
        "linkage_semantics": "Overlap/proximity only; not evidence that the building hosts AI compute."
      }
    },
    {
      "type": "Feature",
      "id": "254bffac-24a3-44b5-b169-b4aa76bbd756",
      "geometry": {
        "type": "Polygon",
        "coordinates": [
          [
            [
              -86.6139834,
              34.8613111
            ],
            [
              -86.6139813,
              34.8612429
            ],
            [
              -86.6138125,
              34.8612464
            ],
            [
              -86.6138145,
              34.8613145
            ],
            [
              -86.6139834,
              34.8613111
            ]
          ]
        ]
      },
      "properties": {
        "epoch_id": "EPOCH-27e284efc1b1abc2",
        "site_name": "Meta Huntsville",
        "distance_to_site_km": 1.9041,
        "footprint_area_m2_webmercator": 173.89,
        "source_dataset": "Overture Maps buildings",
        "source_url": "https://docs.overturemaps.org/getting-data/",
        "source_release": "2026-09-23.1",
        "source_accessed_on": "2026-09-28",
        "geometry_role": "current building-footprint polygon",
        "linkage_semantics": "Overlap/proximity only; not evidence that the building hosts AI compute."
      }
    },
    {
      "type": "Feature",
      "id": "fba10979-82fb-484f-9960-7ae60a0ec2d2",
      "geometry": {
        "type": "Polygon",
        "coordinates": [
          [
            [
              -86.6131716,
              34.8601604
            ],
            [
              -86.61311,
              34.8601613
            ],
            [
              -86.6131145,
              34.8603737
            ],
            [
              -86.6131761,
              34.8603729
            ],
            [
              -86.6131716,
              34.8601604
            ]
          ]
        ]
      },
      "properties": {
        "epoch_id": "EPOCH-27e284efc1b1abc2",
        "site_name": "Meta Huntsville",
        "distance_to_site_km": 1.8624,
        "footprint_area_m2_webmercator": 197.7,
        "source_dataset": "Overture Maps buildings",
        "source_url": "https://docs.overturemaps.org/getting-data/",
        "source_release": "2026-09-23.1",
        "source_accessed_on": "2026-09-28",
        "geometry_role": "current building-footprint polygon",
        "linkage_semantics": "Overlap/proximity only; not evidence that the building hosts AI compute."
      }
    },
    {
      "type": "Feature",
      "id": "b741a582-ef48-4de5-bca9-2200be2ed5f6",
      "geometry": {
        "type": "Polygon",
        "coordinates": [
          [
            [
              -86.6131297,
              34.8606165
            ],
            [
              -86.6131325,
              34.8604977
            ],
            [
              -86.6131631,
              34.8604982
            ],
            [
              -86.6131646,
              34.8604344
            ],
            [
              -86.6130804,
              34.8604331
            ],
            [
              -86.6130783,
              34.8605211
            ],
            [
              -86.6130392,
              34.8605205
            ],
            [
              -86.613037,
              34.8606151
            ],
            [
              -86.6131297,
              34.8606165
            ]
          ]
        ]
      },
      "properties": {
        "epoch_id": "EPOCH-27e284efc1b1abc2",
        "site_name": "Meta Huntsville",
        "distance_to_site_km": 1.8867,
        "footprint_area_m2_webmercator": 233.26,
        "source_dataset": "Overture Maps buildings",
        "source_url": "https://docs.overturemaps.org/getting-data/",
        "source_release": "2026-09-23.1",
        "source_accessed_on": "2026-09-28",
        "geometry_role": "current building-footprint polygon",
        "linkage_semantics": "Overlap/proximity only; not evidence that the building hosts AI compute."
      }
    },
    {
      "type": "Feature",
      "id": "25820777-f0b5-4ba3-a58d-c035ed4b441f",
      "geometry": {
        "type": "Polygon",
        "coordinates": [
          [
            [
              -86.6132397,
              34.861095
            ],
            [
              -86.6130478,
              34.861098
            ],
            [
              -86.6130489,
              34.8611464
            ],
            [
              -86.6132408,
              34.8611435
            ],
            [
              -86.6132397,
              34.861095
            ]
          ]
        ]
      },
      "properties": {
        "epoch_id": "EPOCH-27e284efc1b1abc2",
        "site_name": "Meta Huntsville",
        "distance_to_site_km": 1.9339,
        "footprint_area_m2_webmercator": 140.46,
        "source_dataset": "Overture Maps buildings",
        "source_url": "https://docs.overturemaps.org/getting-data/",
        "source_release": "2026-09-23.1",
        "source_accessed_on": "2026-09-28",
        "geometry_role": "current building-footprint polygon",
        "linkage_semantics": "Overlap/proximity only; not evidence that the building hosts AI compute."
      }
    },
    {
      "type": "Feature",
      "id": "3aba0a12-6c37-4479-9eea-fde8b17b4e54",
      "geometry": {
        "type": "Polygon",
        "coordinates": [
          [
            [
              -86.6126347,
              34.8609948
            ],
            [
              -86.6127365,
              34.8609969
            ],
            [
              -86.6127401,
              34.8608803
            ],
            [
              -86.6126383,
              34.8608782
            ],
            [
              -86.6126347,
              34.8609948
            ]
          ]
        ]
      },
      "properties": {
        "epoch_id": "EPOCH-27e284efc1b1abc2",
        "site_name": "Meta Huntsville",
        "distance_to_site_km": 1.9457,
        "footprint_area_m2_webmercator": 179.38,
        "source_dataset": "Overture Maps buildings",
        "source_url": "https://docs.overturemaps.org/getting-data/",
        "source_release": "2026-09-23.1",
        "source_accessed_on": "2026-09-28",
        "geometry_role": "current building-footprint polygon",
        "linkage_semantics": "Overlap/proximity only; not evidence that the building hosts AI compute."
      }
    },
    {
      "type": "Feature",
      "id": "370f02ed-777c-442f-a3fb-68683d25ce9a",
      "geometry": {
        "type": "Polygon",
        "coordinates": [
          [
            [
              -86.6124712,
              34.8609369
            ],
            [
              -86.6125248,
              34.860938
            ],
            [
              -86.6125308,
              34.8607268
            ],
            [
              -86.6124772,
              34.8607258
            ],
            [
              -86.6124712,
              34.8609369
            ]
          ]
        ]
      },
      "properties": {
        "epoch_id": "EPOCH-27e284efc1b1abc2",
        "site_name": "Meta Huntsville",
        "distance_to_site_km": 1.9483,
        "footprint_area_m2_webmercator": 171.02,
        "source_dataset": "Overture Maps buildings",
        "source_url": "https://docs.overturemaps.org/getting-data/",
        "source_release": "2026-09-23.1",
        "source_accessed_on": "2026-09-28",
        "geometry_role": "current building-footprint polygon",
        "linkage_semantics": "Overlap/proximity only; not evidence that the building hosts AI compute."
      }
    },
    {
      "type": "Feature",
      "id": "0298bce5-9443-4d07-b63b-0577118fff92",
      "geometry": {
        "type": "Polygon",
        "coordinates": [
          [
            [
              -86.6125838,
              34.8604605
            ],
            [
              -86.6125517,
              34.8604596
            ],
            [
              -86.6125566,
              34.8603431
            ],
            [
              -86.6124682,
              34.8603405
            ],
            [
              -86.6124644,
              34.8604295
            ],
            [
              -86.6124376,
              34.8604287
            ],
            [
              -86.6124351,
              34.8604892
            ],
            [
              -86.6124645,
              34.8604901
            ],
            [
              -86.6124633,
              34.8605187
            ],
            [
              -86.6125812,
              34.860522
            ],
            [
              -86.6125838,
              34.8604605
            ]
          ]
        ]
      },
      "properties": {
        "epoch_id": "EPOCH-27e284efc1b1abc2",
        "site_name": "Meta Huntsville",
        "distance_to_site_km": 1.9155,
        "footprint_area_m2_webmercator": 291.33,
        "source_dataset": "Overture Maps buildings",
        "source_url": "https://docs.overturemaps.org/getting-data/",
        "source_release": "2026-09-23.1",
        "source_accessed_on": "2026-09-28",
        "geometry_role": "current building-footprint polygon",
        "linkage_semantics": "Overlap/proximity only; not evidence that the building hosts AI compute."
      }
    },
    {
      "type": "Feature",
      "id": "6563be05-b730-4c5a-ba4d-04e41c657e3b",
      "geometry": {
        "type": "Polygon",
        "coordinates": [
          [
            [
              -86.6126086,
              34.8611668
            ],
            [
              -86.6126104,
              34.8611141
            ],
            [
              -86.6125193,
              34.861112
            ],
            [
              -86.6125175,
              34.8611647
            ],
            [
              -86.6126086,
              34.8611668
            ]
          ]
        ]
      },
      "properties": {
        "epoch_id": "EPOCH-27e284efc1b1abc2",
        "site_name": "Meta Huntsville",
        "distance_to_site_km": 1.97,
        "footprint_area_m2_webmercator": 72.56,
        "source_dataset": "Overture Maps buildings",
        "source_url": "https://docs.overturemaps.org/getting-data/",
        "source_release": "2026-09-23.1",
        "source_accessed_on": "2026-09-28",
        "geometry_role": "current building-footprint polygon",
        "linkage_semantics": "Overlap/proximity only; not evidence that the building hosts AI compute."
      }
    },
    {
      "type": "Feature",
      "id": "34e523d5-333f-4a72-bacb-492f4c4d50b8",
      "geometry": {
        "type": "Polygon",
        "coordinates": [
          [
            [
              -86.6125157,
              34.8613557
            ],
            [
              -86.6126137,
              34.8613547
            ],
            [
              -86.6126112,
              34.8611853
            ],
            [
              -86.6125131,
              34.8611863
            ],
            [
              -86.6125157,
              34.8613557
            ]
          ]
        ]
      },
      "properties": {
        "epoch_id": "EPOCH-27e284efc1b1abc2",
        "site_name": "Meta Huntsville",
        "distance_to_site_km": 1.981,
        "footprint_area_m2_webmercator": 250.88,
        "source_dataset": "Overture Maps buildings",
        "source_url": "https://docs.overturemaps.org/getting-data/",
        "source_release": "2026-09-23.1",
        "source_accessed_on": "2026-09-28",
        "geometry_role": "current building-footprint polygon",
        "linkage_semantics": "Overlap/proximity only; not evidence that the building hosts AI compute."
      }
    },
    {
      "type": "Feature",
      "id": "b5b8cb82-7459-4bbc-a6b7-767f80441313",
      "geometry": {
        "type": "Polygon",
        "coordinates": [
          [
            [
              -86.61253,
              34.8623939
            ],
            [
              -86.6126725,
              34.8622901
            ],
            [
              -86.6126398,
              34.8622599
            ],
            [
              -86.6124973,
              34.8623637
            ],
            [
              -86.61253,
              34.8623939
            ]
          ]
        ]
      },
      "properties": {
        "epoch_id": "EPOCH-27e284efc1b1abc2",
        "site_name": "Meta Huntsville",
        "distance_to_site_km": 2.0699,
        "footprint_area_m2_webmercator": 116.26,
        "source_dataset": "Overture Maps buildings",
        "source_url": "https://docs.overturemaps.org/getting-data/",
        "source_release": "2026-09-23.1",
        "source_accessed_on": "2026-09-28",
        "geometry_role": "current building-footprint polygon",
        "linkage_semantics": "Overlap/proximity only; not evidence that the building hosts AI compute."
      }
    },
    {
      "type": "Feature",
      "id": "f221837d-89a5-401c-99e1-f8028f995c45",
      "geometry": {
        "type": "Polygon",
        "coordinates": [
          [
            [
              -86.6124823,
              34.8618073
            ],
            [
              -86.6124833,
              34.8618447
            ],
            [
              -86.6126858,
              34.8618411
            ],
            [
              -86.6126849,
              34.8618037
            ],
            [
              -86.6124823,
              34.8618073
            ]
          ]
        ]
      },
      "properties": {
        "epoch_id": "EPOCH-27e284efc1b1abc2",
        "site_name": "Meta Huntsville",
        "distance_to_site_km": 2.0267,
        "footprint_area_m2_webmercator": 114.46,
        "source_dataset": "Overture Maps buildings",
        "source_url": "https://docs.overturemaps.org/getting-data/",
        "source_release": "2026-09-23.1",
        "source_accessed_on": "2026-09-28",
        "geometry_role": "current building-footprint polygon",
        "linkage_semantics": "Overlap/proximity only; not evidence that the building hosts AI compute."
      }
    },
    {
      "type": "Feature",
      "id": "b744a5b6-eb28-4464-96c3-962306759384",
      "geometry": {
        "type": "Polygon",
        "coordinates": [
          [
            [
              -86.6122199,
              34.8619406
            ],
            [
              -86.6122735,
              34.8619414
            ],
            [
              -86.6122779,
              34.8617279
            ],
            [
              -86.6122242,
              34.8617272
            ],
            [
              -86.6122199,
              34.8619406
            ]
          ]
        ]
      },
      "properties": {
        "epoch_id": "EPOCH-27e284efc1b1abc2",
        "site_name": "Meta Huntsville",
        "distance_to_site_km": 2.0473,
        "footprint_area_m2_webmercator": 173.0,
        "source_dataset": "Overture Maps buildings",
        "source_url": "https://docs.overturemaps.org/getting-data/",
        "source_release": "2026-09-23.1",
        "source_accessed_on": "2026-09-28",
        "geometry_role": "current building-footprint polygon",
        "linkage_semantics": "Overlap/proximity only; not evidence that the building hosts AI compute."
      }
    },
    {
      "type": "Feature",
      "id": "69fad08b-2564-4287-b983-7c7d038b4656",
      "geometry": {
        "type": "Polygon",
        "coordinates": [
          [
            [
              -86.6120913,
              34.8624466
            ],
            [
              -86.6123567,
              34.8624511
            ],
            [
              -86.6123578,
              34.8624061
            ],
            [
              -86.6120924,
              34.8624015
            ],
            [
              -86.6120913,
              34.8624466
            ]
          ]
        ]
      },
      "properties": {
        "epoch_id": "EPOCH-27e284efc1b1abc2",
        "site_name": "Meta Huntsville",
        "distance_to_site_km": 2.0992,
        "footprint_area_m2_webmercator": 180.65,
        "source_dataset": "Overture Maps buildings",
        "source_url": "https://docs.overturemaps.org/getting-data/",
        "source_release": "2026-09-23.1",
        "source_accessed_on": "2026-09-28",
        "geometry_role": "current building-footprint polygon",
        "linkage_semantics": "Overlap/proximity only; not evidence that the building hosts AI compute."
      }
    },
    {
      "type": "Feature",
      "id": "646c3119-a4ad-4fb3-af93-7a32ae89f0f0",
      "geometry": {
        "type": "Polygon",
        "coordinates": [
          [
            [
              -86.6121537,
              34.8630826
            ],
            [
              -86.61221,
              34.8630834
            ],
            [
              -86.6122131,
              34.8629272
            ],
            [
              -86.6121568,
              34.8629264
            ],
            [
              -86.6121537,
              34.8630826
            ]
          ]
        ]
      },
      "properties": {
        "epoch_id": "EPOCH-27e284efc1b1abc2",
        "site_name": "Meta Huntsville",
        "distance_to_site_km": 2.1517,
        "footprint_area_m2_webmercator": 132.85,
        "source_dataset": "Overture Maps buildings",
        "source_url": "https://docs.overturemaps.org/getting-data/",
        "source_release": "2026-09-23.1",
        "source_accessed_on": "2026-09-28",
        "geometry_role": "current building-footprint polygon",
        "linkage_semantics": "Overlap/proximity only; not evidence that the building hosts AI compute."
      }
    },
    {
      "type": "Feature",
      "id": "aeba357b-b025-4f6d-8881-fb4a7a3f6cd0",
      "geometry": {
        "type": "Polygon",
        "coordinates": [
          [
            [
              -86.6129033,
              34.8631573
            ],
            [
              -86.612965,
              34.8631581
            ],
            [
              -86.6129694,
              34.8629447
            ],
            [
              -86.6129077,
              34.8629439
            ],
            [
              -86.6129033,
              34.8631573
            ]
          ]
        ]
      },
      "properties": {
        "epoch_id": "EPOCH-27e284efc1b1abc2",
        "site_name": "Meta Huntsville",
        "distance_to_site_km": 2.1139,
        "footprint_area_m2_webmercator": 198.91,
        "source_dataset": "Overture Maps buildings",
        "source_url": "https://docs.overturemaps.org/getting-data/",
        "source_release": "2026-09-23.1",
        "source_accessed_on": "2026-09-28",
        "geometry_role": "current building-footprint polygon",
        "linkage_semantics": "Overlap/proximity only; not evidence that the building hosts AI compute."
      }
    },
    {
      "type": "Feature",
      "id": "8a222f80-d7d8-44f4-b051-42c8cd2c3564",
      "geometry": {
        "type": "Polygon",
        "coordinates": [
          [
            [
              -86.6129116,
              34.8628025
            ],
            [
              -86.6129679,
              34.8628039
            ],
            [
              -86.6129736,
              34.8626443
            ],
            [
              -86.6129173,
              34.862643
            ],
            [
              -86.6129116,
              34.8628025
            ]
          ]
        ]
      },
      "properties": {
        "epoch_id": "EPOCH-27e284efc1b1abc2",
        "site_name": "Meta Huntsville",
        "distance_to_site_km": 2.0845,
        "footprint_area_m2_webmercator": 135.78,
        "source_dataset": "Overture Maps buildings",
        "source_url": "https://docs.overturemaps.org/getting-data/",
        "source_release": "2026-09-23.1",
        "source_accessed_on": "2026-09-28",
        "geometry_role": "current building-footprint polygon",
        "linkage_semantics": "Overlap/proximity only; not evidence that the building hosts AI compute."
      }
    },
    {
      "type": "Feature",
      "id": "74c1190a-410e-4628-9cc6-cfaeb7c1f22d",
      "geometry": {
        "type": "Polygon",
        "coordinates": [
          [
            [
              -86.6128899,
              34.862413
            ],
            [
              -86.6129167,
              34.8624009
            ],
            [
              -86.6128911,
              34.8623628
            ],
            [
              -86.6128582,
              34.8623777
            ],
            [
              -86.6128135,
              34.862311
            ],
            [
              -86.6127661,
              34.8623324
            ],
            [
              -86.6128964,
              34.8625267
            ],
            [
              -86.6129499,
              34.8625025
            ],
            [
              -86.6128899,
              34.862413
            ]
          ]
        ]
      },
      "properties": {
        "epoch_id": "EPOCH-27e284efc1b1abc2",
        "site_name": "Meta Huntsville",
        "distance_to_site_km": 2.0621,
        "footprint_area_m2_webmercator": 216.65,
        "source_dataset": "Overture Maps buildings",
        "source_url": "https://docs.overturemaps.org/getting-data/",
        "source_release": "2026-09-23.1",
        "source_accessed_on": "2026-09-28",
        "geometry_role": "current building-footprint polygon",
        "linkage_semantics": "Overlap/proximity only; not evidence that the building hosts AI compute."
      }
    },
    {
      "type": "Feature",
      "id": "93ea05d1-54b7-4819-94ce-4ad087a11d13",
      "geometry": {
        "type": "Polygon",
        "coordinates": [
          [
            [
              -86.613151,
              34.8617544
            ],
            [
              -86.6130679,
              34.8617523
            ],
            [
              -86.6130662,
              34.8617984
            ],
            [
              -86.6133314,
              34.8618053
            ],
            [
              -86.6133331,
              34.8617614
            ],
            [
              -86.6132152,
              34.8617583
            ],
            [
              -86.6132162,
              34.8617331
            ],
            [
              -86.6131519,
              34.8617315
            ],
            [
              -86.613151,
              34.8617544
            ]
          ]
        ]
      },
      "properties": {
        "epoch_id": "EPOCH-27e284efc1b1abc2",
        "site_name": "Meta Huntsville",
        "distance_to_site_km": 1.9872,
        "footprint_area_m2_webmercator": 203.35,
        "source_dataset": "Overture Maps buildings",
        "source_url": "https://docs.overturemaps.org/getting-data/",
        "source_release": "2026-09-23.1",
        "source_accessed_on": "2026-09-28",
        "geometry_role": "current building-footprint polygon",
        "linkage_semantics": "Overlap/proximity only; not evidence that the building hosts AI compute."
      }
    },
    {
      "type": "Feature",
      "id": "d45d2b06-cde7-415c-a7f4-c893aecb5b33",
      "geometry": {
        "type": "Polygon",
        "coordinates": [
          [
            [
              -86.6129684,
              34.8635918
            ],
            [
              -86.6129644,
              34.8635918
            ],
            [
              -86.6129631,
              34.8635104
            ],
            [
              -86.6129122,
              34.8635109
            ],
            [
              -86.6129137,
              34.8636109
            ],
            [
              -86.6128922,
              34.8636111
            ],
            [
              -86.6128935,
              34.863696
            ],
            [
              -86.61297,
              34.8636952
            ],
            [
              -86.6129684,
              34.8635918
            ]
          ]
        ]
      },
      "properties": {
        "epoch_id": "EPOCH-27e284efc1b1abc2",
        "site_name": "Meta Huntsville",
        "distance_to_site_km": 2.1643,
        "footprint_area_m2_webmercator": 176.14,
        "source_dataset": "Overture Maps buildings",
        "source_url": "https://docs.overturemaps.org/getting-data/",
        "source_release": "2026-09-23.1",
        "source_accessed_on": "2026-09-28",
        "geometry_role": "current building-footprint polygon",
        "linkage_semantics": "Overlap/proximity only; not evidence that the building hosts AI compute."
      }
    },
    {
      "type": "Feature",
      "id": "61148675-8134-410e-8f8f-c76d85e522b5",
      "geometry": {
        "type": "Polygon",
        "coordinates": [
          [
            [
              -86.6129652,
              34.8643308
            ],
            [
              -86.6129102,
              34.8643297
            ],
            [
              -86.6129091,
              34.8643648
            ],
            [
              -86.6129641,
              34.864366
            ],
            [
              -86.6129652,
              34.8643308
            ]
          ]
        ]
      },
      "properties": {
        "epoch_id": "EPOCH-27e284efc1b1abc2",
        "site_name": "Meta Huntsville",
        "distance_to_site_km": 2.2311,
        "footprint_area_m2_webmercator": 29.22,
        "source_dataset": "Overture Maps buildings",
        "source_url": "https://docs.overturemaps.org/getting-data/",
        "source_release": "2026-09-23.1",
        "source_accessed_on": "2026-09-28",
        "geometry_role": "current building-footprint polygon",
        "linkage_semantics": "Overlap/proximity only; not evidence that the building hosts AI compute."
      }
    },
    {
      "type": "Feature",
      "id": "bcc93509-31cb-4c64-8ac0-ce30a8657de5",
      "geometry": {
        "type": "Polygon",
        "coordinates": [
          [
            [
              -86.6129166,
              34.8642256
            ],
            [
              -86.6129768,
              34.8642239
            ],
            [
              -86.612968,
              34.8640107
            ],
            [
              -86.6129078,
              34.8640124
            ],
            [
              -86.6129166,
              34.8642256
            ]
          ]
        ]
      },
      "properties": {
        "epoch_id": "EPOCH-27e284efc1b1abc2",
        "site_name": "Meta Huntsville",
        "distance_to_site_km": 2.2098,
        "footprint_area_m2_webmercator": 194.07,
        "source_dataset": "Overture Maps buildings",
        "source_url": "https://docs.overturemaps.org/getting-data/",
        "source_release": "2026-09-23.1",
        "source_accessed_on": "2026-09-28",
        "geometry_role": "current building-footprint polygon",
        "linkage_semantics": "Overlap/proximity only; not evidence that the building hosts AI compute."
      }
    },
    {
      "type": "Feature",
      "id": "cf4bccec-f433-46ab-a0f1-0cd5d617263b",
      "geometry": {
        "type": "Polygon",
        "coordinates": [
          [
            [
              -86.6121755,
              34.8644043
            ],
            [
              -86.6122291,
              34.8644037
            ],
            [
              -86.6122256,
              34.8642035
            ],
            [
              -86.612172,
              34.8642041
            ],
            [
              -86.6121755,
              34.8644043
            ]
          ]
        ]
      },
      "properties": {
        "epoch_id": "EPOCH-27e284efc1b1abc2",
        "site_name": "Meta Huntsville",
        "distance_to_site_km": 2.2659,
        "footprint_area_m2_webmercator": 162.1,
        "source_dataset": "Overture Maps buildings",
        "source_url": "https://docs.overturemaps.org/getting-data/",
        "source_release": "2026-09-23.1",
        "source_accessed_on": "2026-09-28",
        "geometry_role": "current building-footprint polygon",
        "linkage_semantics": "Overlap/proximity only; not evidence that the building hosts AI compute."
      }
    },
    {
      "type": "Feature",
      "id": "d3fa12a7-f205-415d-861f-2198ffef17d8",
      "geometry": {
        "type": "Polygon",
        "coordinates": [
          [
            [
              -86.612231,
              34.8639003
            ],
            [
              -86.612298,
              34.8638988
            ],
            [
              -86.6122955,
              34.8638218
            ],
            [
              -86.6122526,
              34.8638228
            ],
            [
              -86.6122496,
              34.8637326
            ],
            [
              -86.6121544,
              34.8637347
            ],
            [
              -86.6121605,
              34.8639205
            ],
            [
              -86.6122316,
              34.8639189
            ],
            [
              -86.612231,
              34.8639003
            ]
          ]
        ]
      },
      "properties": {
        "epoch_id": "EPOCH-27e284efc1b1abc2",
        "site_name": "Meta Huntsville",
        "distance_to_site_km": 2.2227,
        "footprint_area_m2_webmercator": 310.5,
        "source_dataset": "Overture Maps buildings",
        "source_url": "https://docs.overturemaps.org/getting-data/",
        "source_release": "2026-09-23.1",
        "source_accessed_on": "2026-09-28",
        "geometry_role": "current building-footprint polygon",
        "linkage_semantics": "Overlap/proximity only; not evidence that the building hosts AI compute."
      }
    },
    {
      "type": "Feature",
      "id": "2e6815f2-a24f-499e-944e-52ec9115bcd1",
      "geometry": {
        "type": "Polygon",
        "coordinates": [
          [
            [
              -86.6122252,
              34.8633501
            ],
            [
              -86.6121796,
              34.8633492
            ],
            [
              -86.6121751,
              34.8635098
            ],
            [
              -86.612222,
              34.8635107
            ],
            [
              -86.6122247,
              34.8634161
            ],
            [
              -86.6122233,
              34.863416
            ],
            [
              -86.6122252,
              34.8633501
            ]
          ]
        ]
      },
      "properties": {
        "epoch_id": "EPOCH-27e284efc1b1abc2",
        "site_name": "Meta Huntsville",
        "distance_to_site_km": 2.1881,
        "footprint_area_m2_webmercator": 112.52,
        "source_dataset": "Overture Maps buildings",
        "source_url": "https://docs.overturemaps.org/getting-data/",
        "source_release": "2026-09-23.1",
        "source_accessed_on": "2026-09-28",
        "geometry_role": "current building-footprint polygon",
        "linkage_semantics": "Overlap/proximity only; not evidence that the building hosts AI compute."
      }
    },
    {
      "type": "Feature",
      "id": "1ff0563c-47f0-4e92-9b4a-6c0c4f637c97",
      "geometry": {
        "type": "Polygon",
        "coordinates": [
          [
            [
              -86.6118725,
              34.8634969
            ],
            [
              -86.6118743,
              34.8634287
            ],
            [
              -86.6118261,
              34.8634278
            ],
            [
              -86.6118241,
              34.8635004
            ],
            [
              -86.6117839,
              34.8634997
            ],
            [
              -86.6117828,
              34.8635415
            ],
            [
              -86.6118203,
              34.8635421
            ],
            [
              -86.6118183,
              34.8636169
            ],
            [
              -86.6118692,
              34.8636179
            ],
            [
              -86.6118706,
              34.8635684
            ],
            [
              -86.6119001,
              34.863569
            ],
            [
              -86.611902,
              34.8634974
            ],
            [
              -86.6118725,
              34.8634969
            ]
          ]
        ]
      },
      "properties": {
        "epoch_id": "EPOCH-27e284efc1b1abc2",
        "site_name": "Meta Huntsville",
        "distance_to_site_km": 2.2161,
        "footprint_area_m2_webmercator": 198.25,
        "source_dataset": "Overture Maps buildings",
        "source_url": "https://docs.overturemaps.org/getting-data/",
        "source_release": "2026-09-23.1",
        "source_accessed_on": "2026-09-28",
        "geometry_role": "current building-footprint polygon",
        "linkage_semantics": "Overlap/proximity only; not evidence that the building hosts AI compute."
      }
    },
    {
      "type": "Feature",
      "id": "aaaa06c1-5a2d-40c3-80bc-bea860a9c1e6",
      "geometry": {
        "type": "Polygon",
        "coordinates": [
          [
            [
              -86.6115598,
              34.8655084
            ],
            [
              -86.6116374,
              34.8654863
            ],
            [
              -86.6116079,
              34.8654166
            ],
            [
              -86.6115074,
              34.8654453
            ],
            [
              -86.6114683,
              34.865353
            ],
            [
              -86.6113787,
              34.8653785
            ],
            [
              -86.6114132,
              34.86546
            ],
            [
              -86.6114382,
              34.8654528
            ],
            [
              -86.6114502,
              34.8654814
            ],
            [
              -86.6114335,
              34.8654861
            ],
            [
              -86.6114663,
              34.8655637
            ],
            [
              -86.6115706,
              34.865534
            ],
            [
              -86.6115598,
              34.8655084
            ]
          ]
        ]
      },
      "properties": {
        "epoch_id": "EPOCH-27e284efc1b1abc2",
        "site_name": "Meta Huntsville",
        "distance_to_site_km": 2.4076,
        "footprint_area_m2_webmercator": 389.99,
        "source_dataset": "Overture Maps buildings",
        "source_url": "https://docs.overturemaps.org/getting-data/",
        "source_release": "2026-09-23.1",
        "source_accessed_on": "2026-09-28",
        "geometry_role": "current building-footprint polygon",
        "linkage_semantics": "Overlap/proximity only; not evidence that the building hosts AI compute."
      }
    },
    {
      "type": "Feature",
      "id": "59d49590-ebdd-4262-a063-42aa68d4474a",
      "geometry": {
        "type": "Polygon",
        "coordinates": [
          [
            [
              -86.6111404,
              34.8644102
            ],
            [
              -86.6111361,
              34.8643167
            ],
            [
              -86.6111655,
              34.8643158
            ],
            [
              -86.6111625,
              34.864251
            ],
            [
              -86.6111304,
              34.864252
            ],
            [
              -86.6111292,
              34.8642257
            ],
            [
              -86.6110756,
              34.8642273
            ],
            [
              -86.6110842,
              34.8644119
            ],
            [
              -86.6111404,
              34.8644102
            ]
          ]
        ]
      },
      "properties": {
        "epoch_id": "EPOCH-27e284efc1b1abc2",
        "site_name": "Meta Huntsville",
        "distance_to_site_km": 2.3264,
        "footprint_area_m2_webmercator": 184.77,
        "source_dataset": "Overture Maps buildings",
        "source_url": "https://docs.overturemaps.org/getting-data/",
        "source_release": "2026-09-23.1",
        "source_accessed_on": "2026-09-28",
        "geometry_role": "current building-footprint polygon",
        "linkage_semantics": "Overlap/proximity only; not evidence that the building hosts AI compute."
      }
    },
    {
      "type": "Feature",
      "id": "1fa08e70-02b8-4f02-bd74-be5db9c2e560",
      "geometry": {
        "type": "Polygon",
        "coordinates": [
          [
            [
              -86.6115137,
              34.8643302
            ],
            [
              -86.6115419,
              34.8643296
            ],
            [
              -86.6115386,
              34.8642284
            ],
            [
              -86.6114514,
              34.8642303
            ],
            [
              -86.6114562,
              34.8643776
            ],
            [
              -86.6115152,
              34.8643764
            ],
            [
              -86.6115137,
              34.8643302
            ]
          ]
        ]
      },
      "properties": {
        "epoch_id": "EPOCH-27e284efc1b1abc2",
        "site_name": "Meta Huntsville",
        "distance_to_site_km": 2.3038,
        "footprint_area_m2_webmercator": 174.52,
        "source_dataset": "Overture Maps buildings",
        "source_url": "https://docs.overturemaps.org/getting-data/",
        "source_release": "2026-09-23.1",
        "source_accessed_on": "2026-09-28",
        "geometry_role": "current building-footprint polygon",
        "linkage_semantics": "Overlap/proximity only; not evidence that the building hosts AI compute."
      }
    },
    {
      "type": "Feature",
      "id": "4de18aef-1da1-4fda-9396-b407a745428a",
      "geometry": {
        "type": "Polygon",
        "coordinates": [
          [
            [
              -86.61148,
              34.8639318
            ],
            [
              -86.6114743,
              34.8637757
            ],
            [
              -86.6114261,
              34.8637768
            ],
            [
              -86.6114317,
              34.8639329
            ],
            [
              -86.61148,
              34.8639318
            ]
          ]
        ]
      },
      "properties": {
        "epoch_id": "EPOCH-27e284efc1b1abc2",
        "site_name": "Meta Huntsville",
        "distance_to_site_km": 2.2671,
        "footprint_area_m2_webmercator": 113.85,
        "source_dataset": "Overture Maps buildings",
        "source_url": "https://docs.overturemaps.org/getting-data/",
        "source_release": "2026-09-23.1",
        "source_accessed_on": "2026-09-28",
        "geometry_role": "current building-footprint polygon",
        "linkage_semantics": "Overlap/proximity only; not evidence that the building hosts AI compute."
      }
    },
    {
      "type": "Feature",
      "id": "7e21da6a-b992-44c2-8821-8ee2f9b2e8e0",
      "geometry": {
        "type": "Polygon",
        "coordinates": [
          [
            [
              -86.6114309,
              34.8633723
            ],
            [
              -86.6114328,
              34.8635274
            ],
            [
              -86.6115159,
              34.8635267
            ],
            [
              -86.6115141,
              34.8633716
            ],
            [
              -86.6114309,
              34.8633723
            ]
          ]
        ]
      },
      "properties": {
        "epoch_id": "EPOCH-27e284efc1b1abc2",
        "site_name": "Meta Huntsville",
        "distance_to_site_km": 2.2307,
        "footprint_area_m2_webmercator": 194.79,
        "source_dataset": "Overture Maps buildings",
        "source_url": "https://docs.overturemaps.org/getting-data/",
        "source_release": "2026-09-23.1",
        "source_accessed_on": "2026-09-28",
        "geometry_role": "current building-footprint polygon",
        "linkage_semantics": "Overlap/proximity only; not evidence that the building hosts AI compute."
      }
    },
    {
      "type": "Feature",
      "id": "f98df07a-96d5-445f-bb3f-a24b2d05b7e8",
      "geometry": {
        "type": "Polygon",
        "coordinates": [
          [
            [
              -86.6110621,
              34.8636878
            ],
            [
              -86.6110706,
              34.8638988
            ],
            [
              -86.6111256,
              34.8638973
            ],
            [
              -86.6111205,
              34.8637709
            ],
            [
              -86.6111419,
              34.8637703
            ],
            [
              -86.6111405,
              34.8637363
            ],
            [
              -86.6111124,
              34.863737
            ],
            [
              -86.6111103,
              34.8636865
            ],
            [
              -86.6110621,
              34.8636878
            ]
          ]
        ]
      },
      "properties": {
        "epoch_id": "EPOCH-27e284efc1b1abc2",
        "site_name": "Meta Huntsville",
        "distance_to_site_km": 2.2821,
        "footprint_area_m2_webmercator": 181.28,
        "source_dataset": "Overture Maps buildings",
        "source_url": "https://docs.overturemaps.org/getting-data/",
        "source_release": "2026-09-23.1",
        "source_accessed_on": "2026-09-28",
        "geometry_role": "current building-footprint polygon",
        "linkage_semantics": "Overlap/proximity only; not evidence that the building hosts AI compute."
      }
    },
    {
      "type": "Feature",
      "id": "b96a0cbe-3cc6-48c5-8070-9e9104efe637",
      "geometry": {
        "type": "Polygon",
        "coordinates": [
          [
            [
              -86.6111533,
              34.8628953
            ],
            [
              -86.6110916,
              34.862894
            ],
            [
              -86.6110858,
              34.863081
            ],
            [
              -86.6111474,
              34.8630823
            ],
            [
              -86.6111533,
              34.8628953
            ]
          ]
        ]
      },
      "properties": {
        "epoch_id": "EPOCH-27e284efc1b1abc2",
        "site_name": "Meta Huntsville",
        "distance_to_site_km": 2.2118,
        "footprint_area_m2_webmercator": 174.23,
        "source_dataset": "Overture Maps buildings",
        "source_url": "https://docs.overturemaps.org/getting-data/",
        "source_release": "2026-09-23.1",
        "source_accessed_on": "2026-09-28",
        "geometry_role": "current building-footprint polygon",
        "linkage_semantics": "Overlap/proximity only; not evidence that the building hosts AI compute."
      }
    },
    {
      "type": "Feature",
      "id": "683bd8e1-bb2d-49ee-8459-1464d1688d44",
      "geometry": {
        "type": "Polygon",
        "coordinates": [
          [
            [
              -86.6108828,
              34.8624283
            ],
            [
              -86.6111348,
              34.8624333
            ],
            [
              -86.6111361,
              34.8623915
            ],
            [
              -86.6108841,
              34.8623865
            ],
            [
              -86.6108828,
              34.8624283
            ]
          ]
        ]
      },
      "properties": {
        "epoch_id": "EPOCH-27e284efc1b1abc2",
        "site_name": "Meta Huntsville",
        "distance_to_site_km": 2.1698,
        "footprint_area_m2_webmercator": 159.18,
        "source_dataset": "Overture Maps buildings",
        "source_url": "https://docs.overturemaps.org/getting-data/",
        "source_release": "2026-09-23.1",
        "source_accessed_on": "2026-09-28",
        "geometry_role": "current building-footprint polygon",
        "linkage_semantics": "Overlap/proximity only; not evidence that the building hosts AI compute."
      }
    },
    {
      "type": "Feature",
      "id": "ca5a0ad3-3d23-4d99-8319-5b43b5d3fcd6",
      "geometry": {
        "type": "Polygon",
        "coordinates": [
          [
            [
              -86.6111974,
              34.8624381
            ],
            [
              -86.6114266,
              34.8624417
            ],
            [
              -86.6114285,
              34.8623603
            ],
            [
              -86.6111993,
              34.8623567
            ],
            [
              -86.6111974,
              34.8624381
            ]
          ]
        ]
      },
      "properties": {
        "epoch_id": "EPOCH-27e284efc1b1abc2",
        "site_name": "Meta Huntsville",
        "distance_to_site_km": 2.1506,
        "footprint_area_m2_webmercator": 281.87,
        "source_dataset": "Overture Maps buildings",
        "source_url": "https://docs.overturemaps.org/getting-data/",
        "source_release": "2026-09-23.1",
        "source_accessed_on": "2026-09-28",
        "geometry_role": "current building-footprint polygon",
        "linkage_semantics": "Overlap/proximity only; not evidence that the building hosts AI compute."
      }
    },
    {
      "type": "Feature",
      "id": "a82b780b-e5bf-442f-b3d6-16df56b0f60d",
      "geometry": {
        "type": "Polygon",
        "coordinates": [
          [
            [
              -86.611592,
              34.8617793
            ],
            [
              -86.611525,
              34.8617804
            ],
            [
              -86.6115256,
              34.8618068
            ],
            [
              -86.611413,
              34.8618086
            ],
            [
              -86.611414,
              34.8618504
            ],
            [
              -86.6116365,
              34.8618468
            ],
            [
              -86.6116356,
              34.861806
            ],
            [
              -86.6115927,
              34.8618067
            ],
            [
              -86.611592,
              34.8617793
            ]
          ]
        ]
      },
      "properties": {
        "epoch_id": "EPOCH-27e284efc1b1abc2",
        "site_name": "Meta Huntsville",
        "distance_to_site_km": 2.0894,
        "footprint_area_m2_webmercator": 166.59,
        "source_dataset": "Overture Maps buildings",
        "source_url": "https://docs.overturemaps.org/getting-data/",
        "source_release": "2026-09-23.1",
        "source_accessed_on": "2026-09-28",
        "geometry_role": "current building-footprint polygon",
        "linkage_semantics": "Overlap/proximity only; not evidence that the building hosts AI compute."
      }
    },
    {
      "type": "Feature",
      "id": "f706ee6e-c291-48be-b88f-fa55076528ac",
      "geometry": {
        "type": "Polygon",
        "coordinates": [
          [
            [
              -86.6116776,
              34.8623596
            ],
            [
              -86.6114994,
              34.8623568
            ],
            [
              -86.6114975,
              34.8624382
            ],
            [
              -86.6116757,
              34.862441
            ],
            [
              -86.6116776,
              34.8623596
            ]
          ]
        ]
      },
      "properties": {
        "epoch_id": "EPOCH-27e284efc1b1abc2",
        "site_name": "Meta Huntsville",
        "distance_to_site_km": 2.1342,
        "footprint_area_m2_webmercator": 219.15,
        "source_dataset": "Overture Maps buildings",
        "source_url": "https://docs.overturemaps.org/getting-data/",
        "source_release": "2026-09-23.1",
        "source_accessed_on": "2026-09-28",
        "geometry_role": "current building-footprint polygon",
        "linkage_semantics": "Overlap/proximity only; not evidence that the building hosts AI compute."
      }
    },
    {
      "type": "Feature",
      "id": "e0823389-f2a4-4938-9e70-e7186f14b471",
      "geometry": {
        "type": "Polygon",
        "coordinates": [
          [
            [
              -86.6114437,
              34.8631186
            ],
            [
              -86.6115013,
              34.8631196
            ],
            [
              -86.6115067,
              34.8629084
            ],
            [
              -86.611449,
              34.8629074
            ],
            [
              -86.6114437,
              34.8631186
            ]
          ]
        ]
      },
      "properties": {
        "epoch_id": "EPOCH-27e284efc1b1abc2",
        "site_name": "Meta Huntsville",
        "distance_to_site_km": 2.1931,
        "footprint_area_m2_webmercator": 183.97,
        "source_dataset": "Overture Maps buildings",
        "source_url": "https://docs.overturemaps.org/getting-data/",
        "source_release": "2026-09-23.1",
        "source_accessed_on": "2026-09-28",
        "geometry_role": "current building-footprint polygon",
        "linkage_semantics": "Overlap/proximity only; not evidence that the building hosts AI compute."
      }
    },
    {
      "type": "Feature",
      "id": "d298a2ee-302e-43e1-b19f-658b4212ef40",
      "geometry": {
        "type": "Polygon",
        "coordinates": [
          [
            [
              -86.6118394,
              34.8630099
            ],
            [
              -86.6118448,
              34.8630888
            ],
            [
              -86.6118849,
              34.863087
            ],
            [
              -86.6118795,
              34.863008
            ],
            [
              -86.6118394,
              34.8630099
            ]
          ]
        ]
      },
      "properties": {
        "epoch_id": "EPOCH-27e284efc1b1abc2",
        "site_name": "Meta Huntsville",
        "distance_to_site_km": 2.1738,
        "footprint_area_m2_webmercator": 47.96,
        "source_dataset": "Overture Maps buildings",
        "source_url": "https://docs.overturemaps.org/getting-data/",
        "source_release": "2026-09-23.1",
        "source_accessed_on": "2026-09-28",
        "geometry_role": "current building-footprint polygon",
        "linkage_semantics": "Overlap/proximity only; not evidence that the building hosts AI compute."
      }
    },
    {
      "type": "Feature",
      "id": "44303d6e-c4a2-40e0-8105-9095d1ebc1cd",
      "geometry": {
        "type": "Polygon",
        "coordinates": [
          [
            [
              -86.6120009,
              34.8623998
            ],
            [
              -86.611816,
              34.8624051
            ],
            [
              -86.6118177,
              34.8624446
            ],
            [
              -86.6120026,
              34.8624394
            ],
            [
              -86.6120009,
              34.8623998
            ]
          ]
        ]
      },
      "properties": {
        "epoch_id": "EPOCH-27e284efc1b1abc2",
        "site_name": "Meta Huntsville",
        "distance_to_site_km": 2.1172,
        "footprint_area_m2_webmercator": 110.58,
        "source_dataset": "Overture Maps buildings",
        "source_url": "https://docs.overturemaps.org/getting-data/",
        "source_release": "2026-09-23.1",
        "source_accessed_on": "2026-09-28",
        "geometry_role": "current building-footprint polygon",
        "linkage_semantics": "Overlap/proximity only; not evidence that the building hosts AI compute."
      }
    },
    {
      "type": "Feature",
      "id": "75c96f16-8f02-454d-87a8-08e4c020c8dd",
      "geometry": {
        "type": "Polygon",
        "coordinates": [
          [
            [
              -86.6118153,
              34.8618465
            ],
            [
              -86.6118159,
              34.8618861
            ],
            [
              -86.6119983,
              34.8618841
            ],
            [
              -86.6119976,
              34.8618445
            ],
            [
              -86.6118153,
              34.8618465
            ]
          ]
        ]
      },
      "properties": {
        "epoch_id": "EPOCH-27e284efc1b1abc2",
        "site_name": "Meta Huntsville",
        "distance_to_site_km": 2.0703,
        "footprint_area_m2_webmercator": 109.08,
        "source_dataset": "Overture Maps buildings",
        "source_url": "https://docs.overturemaps.org/getting-data/",
        "source_release": "2026-09-23.1",
        "source_accessed_on": "2026-09-28",
        "geometry_role": "current building-footprint polygon",
        "linkage_semantics": "Overlap/proximity only; not evidence that the building hosts AI compute."
      }
    },
    {
      "type": "Feature",
      "id": "9b9dd62d-9bfa-4ebb-8466-1ad9ddd86de0",
      "geometry": {
        "type": "Polygon",
        "coordinates": [
          [
            [
              -86.6117383,
              34.8619285
            ],
            [
              -86.6117411,
              34.8620241
            ],
            [
              -86.6118227,
              34.8620225
            ],
            [
              -86.6118199,
              34.8619269
            ],
            [
              -86.6117383,
              34.8619285
            ]
          ]
        ]
      },
      "properties": {
        "epoch_id": "EPOCH-27e284efc1b1abc2",
        "site_name": "Meta Huntsville",
        "distance_to_site_km": 2.0871,
        "footprint_area_m2_webmercator": 117.88,
        "source_dataset": "Overture Maps buildings",
        "source_url": "https://docs.overturemaps.org/getting-data/",
        "source_release": "2026-09-23.1",
        "source_accessed_on": "2026-09-28",
        "geometry_role": "current building-footprint polygon",
        "linkage_semantics": "Overlap/proximity only; not evidence that the building hosts AI compute."
      }
    },
    {
      "type": "Feature",
      "id": "d1b2f0d4-5322-40bb-ac04-f8b66b537412",
      "geometry": {
        "type": "Polygon",
        "coordinates": [
          [
            [
              -86.6118799,
              34.8612496
            ],
            [
              -86.6116493,
              34.8612453
            ],
            [
              -86.6116471,
              34.8613267
            ],
            [
              -86.6117248,
              34.8613281
            ],
            [
              -86.6117241,
              34.8613545
            ],
            [
              -86.6117938,
              34.8613558
            ],
            [
              -86.6117947,
              34.8613228
            ],
            [
              -86.6118778,
              34.8613244
            ],
            [
              -86.6118799,
              34.8612496
            ]
          ]
        ]
      },
      "properties": {
        "epoch_id": "EPOCH-27e284efc1b1abc2",
        "site_name": "Meta Huntsville",
        "distance_to_site_km": 2.0316,
        "footprint_area_m2_webmercator": 302.98,
        "source_dataset": "Overture Maps buildings",
        "source_url": "https://docs.overturemaps.org/getting-data/",
        "source_release": "2026-09-23.1",
        "source_accessed_on": "2026-09-28",
        "geometry_role": "current building-footprint polygon",
        "linkage_semantics": "Overlap/proximity only; not evidence that the building hosts AI compute."
      }
    },
    {
      "type": "Feature",
      "id": "cb12b94c-a263-4e17-84f2-74fb4493c925",
      "geometry": {
        "type": "Polygon",
        "coordinates": [
          [
            [
              -86.6118862,
              34.8612034
            ],
            [
              -86.6119517,
              34.8612052
            ],
            [
              -86.6119546,
              34.8611348
            ],
            [
              -86.6118891,
              34.861133
            ],
            [
              -86.6118862,
              34.8612034
            ]
          ]
        ]
      },
      "properties": {
        "epoch_id": "EPOCH-27e284efc1b1abc2",
        "site_name": "Meta Huntsville",
        "distance_to_site_km": 2.0117,
        "footprint_area_m2_webmercator": 69.72,
        "source_dataset": "Overture Maps buildings",
        "source_url": "https://docs.overturemaps.org/getting-data/",
        "source_release": "2026-09-23.1",
        "source_accessed_on": "2026-09-28",
        "geometry_role": "current building-footprint polygon",
        "linkage_semantics": "Overlap/proximity only; not evidence that the building hosts AI compute."
      }
    },
    {
      "type": "Feature",
      "id": "4488e7a4-84ab-4679-a2e8-9015ffabf9c9",
      "geometry": {
        "type": "Polygon",
        "coordinates": [
          [
            [
              -86.6119894,
              34.8605478
            ],
            [
              -86.6117186,
              34.8605513
            ],
            [
              -86.6117203,
              34.8606416
            ],
            [
              -86.6119912,
              34.8606381
            ],
            [
              -86.6119894,
              34.8605478
            ]
          ]
        ]
      },
      "properties": {
        "epoch_id": "EPOCH-27e284efc1b1abc2",
        "site_name": "Meta Huntsville",
        "distance_to_site_km": 1.9692,
        "footprint_area_m2_webmercator": 369.46,
        "source_dataset": "Overture Maps buildings",
        "source_url": "https://docs.overturemaps.org/getting-data/",
        "source_release": "2026-09-23.1",
        "source_accessed_on": "2026-09-28",
        "geometry_role": "current building-footprint polygon",
        "linkage_semantics": "Overlap/proximity only; not evidence that the building hosts AI compute."
      }
    },
    {
      "type": "Feature",
      "id": "55558490-1303-4f3e-9ce0-5acdb5793812",
      "geometry": {
        "type": "Polygon",
        "coordinates": [
          [
            [
              -86.6117941,
              34.8609501
            ],
            [
              -86.6117952,
              34.8610129
            ],
            [
              -86.6119266,
              34.8610113
            ],
            [
              -86.6119229,
              34.8607979
            ],
            [
              -86.611829,
              34.860799
            ],
            [
              -86.6118316,
              34.8609496
            ],
            [
              -86.6117941,
              34.8609501
            ]
          ]
        ]
      },
      "properties": {
        "epoch_id": "EPOCH-27e284efc1b1abc2",
        "site_name": "Meta Huntsville",
        "distance_to_site_km": 1.9938,
        "footprint_area_m2_webmercator": 338.32,
        "source_dataset": "Overture Maps buildings",
        "source_url": "https://docs.overturemaps.org/getting-data/",
        "source_release": "2026-09-23.1",
        "source_accessed_on": "2026-09-28",
        "geometry_role": "current building-footprint polygon",
        "linkage_semantics": "Overlap/proximity only; not evidence that the building hosts AI compute."
      }
    },
    {
      "type": "Feature",
      "id": "81cae3bc-fca4-4d3f-b4e2-b4984868135f",
      "geometry": {
        "type": "Polygon",
        "coordinates": [
          [
            [
              -86.6116529,
              34.8608475
            ],
            [
              -86.6115886,
              34.8608488
            ],
            [
              -86.6115896,
              34.8608818
            ],
            [
              -86.6116539,
              34.8608804
            ],
            [
              -86.6116529,
              34.8608475
            ]
          ]
        ]
      },
      "properties": {
        "epoch_id": "EPOCH-27e284efc1b1abc2",
        "site_name": "Meta Huntsville",
        "distance_to_site_km": 2.0056,
        "footprint_area_m2_webmercator": 32.02,
        "source_dataset": "Overture Maps buildings",
        "source_url": "https://docs.overturemaps.org/getting-data/",
        "source_release": "2026-09-23.1",
        "source_accessed_on": "2026-09-28",
        "geometry_role": "current building-footprint polygon",
        "linkage_semantics": "Overlap/proximity only; not evidence that the building hosts AI compute."
      }
    },
    {
      "type": "Feature",
      "id": "666dfe82-136e-4ce3-8305-e645cf376fb2",
      "geometry": {
        "type": "Polygon",
        "coordinates": [
          [
            [
              -86.6116791,
              34.8608443
            ],
            [
              -86.6116771,
              34.8607695
            ],
            [
              -86.611586,
              34.8607712
            ],
            [
              -86.6115879,
              34.8608459
            ],
            [
              -86.6116791,
              34.8608443
            ]
          ]
        ]
      },
      "properties": {
        "epoch_id": "EPOCH-27e284efc1b1abc2",
        "site_name": "Meta Huntsville",
        "distance_to_site_km": 2.0003,
        "footprint_area_m2_webmercator": 102.95,
        "source_dataset": "Overture Maps buildings",
        "source_url": "https://docs.overturemaps.org/getting-data/",
        "source_release": "2026-09-23.1",
        "source_accessed_on": "2026-09-28",
        "geometry_role": "current building-footprint polygon",
        "linkage_semantics": "Overlap/proximity only; not evidence that the building hosts AI compute."
      }
    },
    {
      "type": "Feature",
      "id": "daa1fe33-5c75-43f4-b8d1-c124db8e6b43",
      "geometry": {
        "type": "Polygon",
        "coordinates": [
          [
            [
              -86.6114088,
              34.8611709
            ],
            [
              -86.6111863,
              34.8611662
            ],
            [
              -86.6111838,
              34.8612476
            ],
            [
              -86.6114062,
              34.8612523
            ],
            [
              -86.6114088,
              34.8611709
            ]
          ]
        ]
      },
      "properties": {
        "epoch_id": "EPOCH-27e284efc1b1abc2",
        "site_name": "Meta Huntsville",
        "distance_to_site_km": 2.0538,
        "footprint_area_m2_webmercator": 273.64,
        "source_dataset": "Overture Maps buildings",
        "source_url": "https://docs.overturemaps.org/getting-data/",
        "source_release": "2026-09-23.1",
        "source_accessed_on": "2026-09-28",
        "geometry_role": "current building-footprint polygon",
        "linkage_semantics": "Overlap/proximity only; not evidence that the building hosts AI compute."
      }
    },
    {
      "type": "Feature",
      "id": "b14e063d-69d9-48a6-ba43-fa475fd867aa",
      "geometry": {
        "type": "Polygon",
        "coordinates": [
          [
            [
              -86.6112825,
              34.8617847
            ],
            [
              -86.611284,
              34.8617319
            ],
            [
              -86.6110562,
              34.8617275
            ],
            [
              -86.6110546,
              34.8617803
            ],
            [
              -86.6112825,
              34.8617847
            ]
          ]
        ]
      },
      "properties": {
        "epoch_id": "EPOCH-27e284efc1b1abc2",
        "site_name": "Meta Huntsville",
        "distance_to_site_km": 2.1061,
        "footprint_area_m2_webmercator": 181.79,
        "source_dataset": "Overture Maps buildings",
        "source_url": "https://docs.overturemaps.org/getting-data/",
        "source_release": "2026-09-23.1",
        "source_accessed_on": "2026-09-28",
        "geometry_role": "current building-footprint polygon",
        "linkage_semantics": "Overlap/proximity only; not evidence that the building hosts AI compute."
      }
    },
    {
      "type": "Feature",
      "id": "b905b390-8037-481b-a4b7-e50f24670f45",
      "geometry": {
        "type": "Polygon",
        "coordinates": [
          [
            [
              -86.6109582,
              34.8608367
            ],
            [
              -86.611087,
              34.8608813
            ],
            [
              -86.6111101,
              34.8608365
            ],
            [
              -86.6109812,
              34.8607919
            ],
            [
              -86.6109582,
              34.8608367
            ]
          ]
        ]
      },
      "properties": {
        "epoch_id": "EPOCH-27e284efc1b1abc2",
        "site_name": "Meta Huntsville",
        "distance_to_site_km": 2.0407,
        "footprint_area_m2_webmercator": 102.7,
        "source_dataset": "Overture Maps buildings",
        "source_url": "https://docs.overturemaps.org/getting-data/",
        "source_release": "2026-09-23.1",
        "source_accessed_on": "2026-09-28",
        "geometry_role": "current building-footprint polygon",
        "linkage_semantics": "Overlap/proximity only; not evidence that the building hosts AI compute."
      }
    },
    {
      "type": "Feature",
      "id": "5d7b1be1-b400-489b-aaba-8cb65e82739e",
      "geometry": {
        "type": "Polygon",
        "coordinates": [
          [
            [
              -86.6113094,
              34.8607059
            ],
            [
              -86.6112638,
              34.8607051
            ],
            [
              -86.611263,
              34.860737
            ],
            [
              -86.6111826,
              34.8607357
            ],
            [
              -86.6111805,
              34.8608237
            ],
            [
              -86.6113344,
              34.8608262
            ],
            [
              -86.6113365,
              34.8607382
            ],
            [
              -86.6113086,
              34.8607377
            ],
            [
              -86.6113094,
              34.8607059
            ]
          ]
        ]
      },
      "properties": {
        "epoch_id": "EPOCH-27e284efc1b1abc2",
        "site_name": "Meta Huntsville",
        "distance_to_site_km": 2.0213,
        "footprint_area_m2_webmercator": 226.59,
        "source_dataset": "Overture Maps buildings",
        "source_url": "https://docs.overturemaps.org/getting-data/",
        "source_release": "2026-09-23.1",
        "source_accessed_on": "2026-09-28",
        "geometry_role": "current building-footprint polygon",
        "linkage_semantics": "Overlap/proximity only; not evidence that the building hosts AI compute."
      }
    },
    {
      "type": "Feature",
      "id": "9ab35142-de22-4026-ac0d-1b07e6986a49",
      "geometry": {
        "type": "Polygon",
        "coordinates": [
          [
            [
              -86.6110821,
              34.8601263
            ],
            [
              -86.6111813,
              34.8601271
            ],
            [
              -86.6111824,
              34.8600479
            ],
            [
              -86.6112173,
              34.8600482
            ],
            [
              -86.6112179,
              34.860002
            ],
            [
              -86.6111884,
              34.8600018
            ],
            [
              -86.6111892,
              34.8599413
            ],
            [
              -86.6110846,
              34.8599403
            ],
            [
              -86.6110821,
              34.8601263
            ]
          ]
        ]
      },
      "properties": {
        "epoch_id": "EPOCH-27e284efc1b1abc2",
        "site_name": "Meta Huntsville",
        "distance_to_site_km": 1.9713,
        "footprint_area_m2_webmercator": 307.89,
        "source_dataset": "Overture Maps buildings",
        "source_url": "https://docs.overturemaps.org/getting-data/",
        "source_release": "2026-09-23.1",
        "source_accessed_on": "2026-09-28",
        "geometry_role": "current building-footprint polygon",
        "linkage_semantics": "Overlap/proximity only; not evidence that the building hosts AI compute."
      }
    },
    {
      "type": "Feature",
      "id": "59895759-fd11-49e2-9381-2fc2db432395",
      "geometry": {
        "type": "Polygon",
        "coordinates": [
          [
            [
              -86.6111317,
              34.859723
            ],
            [
              -86.6112486,
              34.8597213
            ],
            [
              -86.6112459,
              34.8595959
            ],
            [
              -86.611129,
              34.8595976
            ],
            [
              -86.6111317,
              34.859723
            ]
          ]
        ]
      },
      "properties": {
        "epoch_id": "EPOCH-27e284efc1b1abc2",
        "site_name": "Meta Huntsville",
        "distance_to_site_km": 1.9397,
        "footprint_area_m2_webmercator": 221.45,
        "source_dataset": "Overture Maps buildings",
        "source_url": "https://docs.overturemaps.org/getting-data/",
        "source_release": "2026-09-23.1",
        "source_accessed_on": "2026-09-28",
        "geometry_role": "current building-footprint polygon",
        "linkage_semantics": "Overlap/proximity only; not evidence that the building hosts AI compute."
      }
    },
    {
      "type": "Feature",
      "id": "b02f242a-c5cb-4cdb-b4fa-99452332b648",
      "geometry": {
        "type": "Polygon",
        "coordinates": [
          [
            [
              -86.6120871,
              34.8591958
            ],
            [
              -86.6120899,
              34.8591277
            ],
            [
              -86.6119863,
              34.8591249
            ],
            [
              -86.6119836,
              34.859193
            ],
            [
              -86.6120871,
              34.8591958
            ]
          ]
        ]
      },
      "properties": {
        "epoch_id": "EPOCH-27e284efc1b1abc2",
        "site_name": "Meta Huntsville",
        "distance_to_site_km": 1.8453,
        "footprint_area_m2_webmercator": 106.61,
        "source_dataset": "Overture Maps buildings",
        "source_url": "https://docs.overturemaps.org/getting-data/",
        "source_release": "2026-09-23.1",
        "source_accessed_on": "2026-09-28",
        "geometry_role": "current building-footprint polygon",
        "linkage_semantics": "Overlap/proximity only; not evidence that the building hosts AI compute."
      }
    },
    {
      "type": "Feature",
      "id": "2be9800a-15e2-4251-a370-a7947f710bad",
      "geometry": {
        "type": "Polygon",
        "coordinates": [
          [
            [
              -86.611959,
              34.8592457
            ],
            [
              -86.6118518,
              34.8592438
            ],
            [
              -86.611847,
              34.8594296
            ],
            [
              -86.6119783,
              34.8594319
            ],
            [
              -86.6119796,
              34.8593825
            ],
            [
              -86.6119555,
              34.8593821
            ],
            [
              -86.611959,
              34.8592457
            ]
          ]
        ]
      },
      "properties": {
        "epoch_id": "EPOCH-27e284efc1b1abc2",
        "site_name": "Meta Huntsville",
        "distance_to_site_km": 1.8677,
        "footprint_area_m2_webmercator": 318.93,
        "source_dataset": "Overture Maps buildings",
        "source_url": "https://docs.overturemaps.org/getting-data/",
        "source_release": "2026-09-23.1",
        "source_accessed_on": "2026-09-28",
        "geometry_role": "current building-footprint polygon",
        "linkage_semantics": "Overlap/proximity only; not evidence that the building hosts AI compute."
      }
    },
    {
      "type": "Feature",
      "id": "a615f899-39ec-4614-a494-9e1a4b42fa7a",
      "geometry": {
        "type": "Polygon",
        "coordinates": [
          [
            [
              -86.6119537,
              34.8597016
            ],
            [
              -86.6119567,
              34.859585
            ],
            [
              -86.6117958,
              34.8595823
            ],
            [
              -86.611794,
              34.8596549
            ],
            [
              -86.6118127,
              34.8596552
            ],
            [
              -86.6118116,
              34.8596992
            ],
            [
              -86.6119537,
              34.8597016
            ]
          ]
        ]
      },
      "properties": {
        "epoch_id": "EPOCH-27e284efc1b1abc2",
        "site_name": "Meta Huntsville",
        "distance_to_site_km": 1.8925,
        "footprint_area_m2_webmercator": 270.91,
        "source_dataset": "Overture Maps buildings",
        "source_url": "https://docs.overturemaps.org/getting-data/",
        "source_release": "2026-09-23.1",
        "source_accessed_on": "2026-09-28",
        "geometry_role": "current building-footprint polygon",
        "linkage_semantics": "Overlap/proximity only; not evidence that the building hosts AI compute."
      }
    },
    {
      "type": "Feature",
      "id": "1a17c356-0a0d-41e7-b2c6-825d70ba5a44",
      "geometry": {
        "type": "Polygon",
        "coordinates": [
          [
            [
              -86.6118878,
              34.8599456
            ],
            [
              -86.61189,
              34.8599039
            ],
            [
              -86.6117926,
              34.8599004
            ],
            [
              -86.6117811,
              34.8601134
            ],
            [
              -86.6118774,
              34.8601169
            ],
            [
              -86.611883,
              34.8600137
            ],
            [
              -86.6119312,
              34.8600155
            ],
            [
              -86.6119349,
              34.8599474
            ],
            [
              -86.6118878,
              34.8599456
            ]
          ]
        ]
      },
      "properties": {
        "epoch_id": "EPOCH-27e284efc1b1abc2",
        "site_name": "Meta Huntsville",
        "distance_to_site_km": 1.923,
        "footprint_area_m2_webmercator": 360.87,
        "source_dataset": "Overture Maps buildings",
        "source_url": "https://docs.overturemaps.org/getting-data/",
        "source_release": "2026-09-23.1",
        "source_accessed_on": "2026-09-28",
        "geometry_role": "current building-footprint polygon",
        "linkage_semantics": "Overlap/proximity only; not evidence that the building hosts AI compute."
      }
    },
    {
      "type": "Feature",
      "id": "417d0f33-81fc-4f07-a720-b52098b8ab7c",
      "geometry": {
        "type": "Polygon",
        "coordinates": [
          [
            [
              -86.6120662,
              34.8602018
            ],
            [
              -86.6120714,
              34.8600975
            ],
            [
              -86.6119616,
              34.8600939
            ],
            [
              -86.6119565,
              34.8601982
            ],
            [
              -86.6120662,
              34.8602018
            ]
          ]
        ]
      },
      "properties": {
        "epoch_id": "EPOCH-27e284efc1b1abc2",
        "site_name": "Meta Huntsville",
        "distance_to_site_km": 1.9234,
        "footprint_area_m2_webmercator": 173.15,
        "source_dataset": "Overture Maps buildings",
        "source_url": "https://docs.overturemaps.org/getting-data/",
        "source_release": "2026-09-23.1",
        "source_accessed_on": "2026-09-28",
        "geometry_role": "current building-footprint polygon",
        "linkage_semantics": "Overlap/proximity only; not evidence that the building hosts AI compute."
      }
    },
    {
      "type": "Feature",
      "id": "37de8aab-624e-4eed-b638-148a48e80ea6",
      "geometry": {
        "type": "Polygon",
        "coordinates": [
          [
            [
              -86.6120882,
              34.8599411
            ],
            [
              -86.6122289,
              34.8599529
            ],
            [
              -86.6122384,
              34.8598767
            ],
            [
              -86.6120977,
              34.8598649
            ],
            [
              -86.6120882,
              34.8599411
            ]
          ]
        ]
      },
      "properties": {
        "epoch_id": "EPOCH-27e284efc1b1abc2",
        "site_name": "Meta Huntsville",
        "distance_to_site_km": 1.8949,
        "footprint_area_m2_webmercator": 163.61,
        "source_dataset": "Overture Maps buildings",
        "source_url": "https://docs.overturemaps.org/getting-data/",
        "source_release": "2026-09-23.1",
        "source_accessed_on": "2026-09-28",
        "geometry_role": "current building-footprint polygon",
        "linkage_semantics": "Overlap/proximity only; not evidence that the building hosts AI compute."
      }
    },
    {
      "type": "Feature",
      "id": "2d8d6aa3-a3e5-4abf-a1c8-454a2cd93350",
      "geometry": {
        "type": "Polygon",
        "coordinates": [
          [
            [
              -86.6131587,
              34.8600892
            ],
            [
              -86.6131492,
              34.8599034
            ],
            [
              -86.6130956,
              34.8599053
            ],
            [
              -86.6131022,
              34.8600327
            ],
            [
              -86.6130486,
              34.8600346
            ],
            [
              -86.6130516,
              34.8600929
            ],
            [
              -86.6131587,
              34.8600892
            ]
          ]
        ]
      },
      "properties": {
        "epoch_id": "EPOCH-27e284efc1b1abc2",
        "site_name": "Meta Huntsville",
        "distance_to_site_km": 1.8432,
        "footprint_area_m2_webmercator": 197.78,
        "source_dataset": "Overture Maps buildings",
        "source_url": "https://docs.overturemaps.org/getting-data/",
        "source_release": "2026-09-23.1",
        "source_accessed_on": "2026-09-28",
        "geometry_role": "current building-footprint polygon",
        "linkage_semantics": "Overlap/proximity only; not evidence that the building hosts AI compute."
      }
    },
    {
      "type": "Feature",
      "id": "78acefb7-3b25-4b82-a429-efab8afd6eb4",
      "geometry": {
        "type": "Polygon",
        "coordinates": [
          [
            [
              -86.6131515,
              34.859764
            ],
            [
              -86.6131354,
              34.8597642
            ],
            [
              -86.6131365,
              34.8598368
            ],
            [
              -86.6132036,
              34.8598361
            ],
            [
              -86.6132007,
              34.859649
            ],
            [
              -86.6131497,
              34.8596496
            ],
            [
              -86.6131515,
              34.859764
            ]
          ]
        ]
      },
      "properties": {
        "epoch_id": "EPOCH-27e284efc1b1abc2",
        "site_name": "Meta Huntsville",
        "distance_to_site_km": 1.8182,
        "footprint_area_m2_webmercator": 161.73,
        "source_dataset": "Overture Maps buildings",
        "source_url": "https://docs.overturemaps.org/getting-data/",
        "source_release": "2026-09-23.1",
        "source_accessed_on": "2026-09-28",
        "geometry_role": "current building-footprint polygon",
        "linkage_semantics": "Overlap/proximity only; not evidence that the building hosts AI compute."
      }
    },
    {
      "type": "Feature",
      "id": "8d043937-d022-40b9-a0ba-d04582999eae",
      "geometry": {
        "type": "Polygon",
        "coordinates": [
          [
            [
              -86.6131905,
              34.8593405
            ],
            [
              -86.6131866,
              34.8592393
            ],
            [
              -86.6129802,
              34.8592448
            ],
            [
              -86.6129842,
              34.8593459
            ],
            [
              -86.6131905,
              34.8593405
            ]
          ]
        ]
      },
      "properties": {
        "epoch_id": "EPOCH-27e284efc1b1abc2",
        "site_name": "Meta Huntsville",
        "distance_to_site_km": 1.7871,
        "footprint_area_m2_webmercator": 315.54,
        "source_dataset": "Overture Maps buildings",
        "source_url": "https://docs.overturemaps.org/getting-data/",
        "source_release": "2026-09-23.1",
        "source_accessed_on": "2026-09-28",
        "geometry_role": "current building-footprint polygon",
        "linkage_semantics": "Overlap/proximity only; not evidence that the building hosts AI compute."
      }
    },
    {
      "type": "Feature",
      "id": "075d0eae-3626-4486-b8eb-4ff0c8d15580",
      "geometry": {
        "type": "Polygon",
        "coordinates": [
          [
            [
              -86.6113636,
              34.8359874
            ],
            [
              -86.6111907,
              34.8359893
            ],
            [
              -86.6111922,
              34.8360861
            ],
            [
              -86.6113652,
              34.8360842
            ],
            [
              -86.6113636,
              34.8359874
            ]
          ]
        ]
      },
      "properties": {
        "epoch_id": "EPOCH-27e284efc1b1abc2",
        "site_name": "Meta Huntsville",
        "distance_to_site_km": 1.9297,
        "footprint_area_m2_webmercator": 252.8,
        "source_dataset": "Overture Maps buildings",
        "source_url": "https://docs.overturemaps.org/getting-data/",
        "source_release": "2026-09-23.1",
        "source_accessed_on": "2026-09-28",
        "geometry_role": "current building-footprint polygon",
        "linkage_semantics": "Overlap/proximity only; not evidence that the building hosts AI compute."
      }
    },
    {
      "type": "Feature",
      "id": "33c28e53-524c-4443-858c-24bd92d83d13",
      "geometry": {
        "type": "Polygon",
        "coordinates": [
          [
            [
              -86.6112169,
              34.8355919
            ],
            [
              -86.6112143,
              34.8355204
            ],
            [
              -86.6110884,
              34.8355234
            ],
            [
              -86.6110909,
              34.8355948
            ],
            [
              -86.6112169,
              34.8355919
            ]
          ]
        ]
      },
      "properties": {
        "epoch_id": "EPOCH-27e284efc1b1abc2",
        "site_name": "Meta Huntsville",
        "distance_to_site_km": 1.9746,
        "footprint_area_m2_webmercator": 135.98,
        "source_dataset": "Overture Maps buildings",
        "source_url": "https://docs.overturemaps.org/getting-data/",
        "source_release": "2026-09-23.1",
        "source_accessed_on": "2026-09-28",
        "geometry_role": "current building-footprint polygon",
        "linkage_semantics": "Overlap/proximity only; not evidence that the building hosts AI compute."
      }
    },
    {
      "type": "Feature",
      "id": "5852faa2-bf71-4c96-9128-cfa09104cca1",
      "geometry": {
        "type": "Polygon",
        "coordinates": [
          [
            [
              -86.6117382,
              34.835597
            ],
            [
              -86.6117395,
              34.8355177
            ],
            [
              -86.6115625,
              34.8355158
            ],
            [
              -86.6115612,
              34.8355951
            ],
            [
              -86.6117382,
              34.835597
            ]
          ]
        ]
      },
      "properties": {
        "epoch_id": "EPOCH-27e284efc1b1abc2",
        "site_name": "Meta Huntsville",
        "distance_to_site_km": 1.9421,
        "footprint_area_m2_webmercator": 211.95,
        "source_dataset": "Overture Maps buildings",
        "source_url": "https://docs.overturemaps.org/getting-data/",
        "source_release": "2026-09-23.1",
        "source_accessed_on": "2026-09-28",
        "geometry_role": "current building-footprint polygon",
        "linkage_semantics": "Overlap/proximity only; not evidence that the building hosts AI compute."
      }
    },
    {
      "type": "Feature",
      "id": "d86c6011-34d8-4b04-a94f-a42a3bd0117a",
      "geometry": {
        "type": "Polygon",
        "coordinates": [
          [
            [
              -86.6119883,
              34.8360093
            ],
            [
              -86.6119454,
              34.8360102
            ],
            [
              -86.6119466,
              34.8360498
            ],
            [
              -86.6120431,
              34.8360478
            ],
            [
              -86.61204,
              34.8359444
            ],
            [
              -86.6119864,
              34.8359455
            ],
            [
              -86.6119883,
              34.8360093
            ]
          ]
        ]
      },
      "properties": {
        "epoch_id": "EPOCH-27e284efc1b1abc2",
        "site_name": "Meta Huntsville",
        "distance_to_site_km": 1.8842,
        "footprint_area_m2_webmercator": 109.41,
        "source_dataset": "Overture Maps buildings",
        "source_url": "https://docs.overturemaps.org/getting-data/",
        "source_release": "2026-09-23.1",
        "source_accessed_on": "2026-09-28",
        "geometry_role": "current building-footprint polygon",
        "linkage_semantics": "Overlap/proximity only; not evidence that the building hosts AI compute."
      }
    },
    {
      "type": "Feature",
      "id": "3be542ce-07fa-44aa-9c52-3935dfaefc2c",
      "geometry": {
        "type": "Polygon",
        "coordinates": [
          [
            [
              -86.6126266,
              34.8353212
            ],
            [
              -86.6126311,
              34.8353905
            ],
            [
              -86.6126994,
              34.8353875
            ],
            [
              -86.6126949,
              34.8353182
            ],
            [
              -86.6126266,
              34.8353212
            ]
          ]
        ]
      },
      "properties": {
        "epoch_id": "EPOCH-27e284efc1b1abc2",
        "site_name": "Meta Huntsville",
        "distance_to_site_km": 1.8938,
        "footprint_area_m2_webmercator": 71.66,
        "source_dataset": "Overture Maps buildings",
        "source_url": "https://docs.overturemaps.org/getting-data/",
        "source_release": "2026-09-23.1",
        "source_accessed_on": "2026-09-28",
        "geometry_role": "current building-footprint polygon",
        "linkage_semantics": "Overlap/proximity only; not evidence that the building hosts AI compute."
      }
    },
    {
      "type": "Feature",
      "id": "35923b46-6e11-463c-ba5f-e7a5864613da",
      "geometry": {
        "type": "Polygon",
        "coordinates": [
          [
            [
              -86.6121744,
              34.8353004
            ],
            [
              -86.6122965,
              34.8353028
            ],
            [
              -86.6123019,
              34.8351202
            ],
            [
              -86.6121798,
              34.8351177
            ],
            [
              -86.6121744,
              34.8353004
            ]
          ]
        ]
      },
      "properties": {
        "epoch_id": "EPOCH-27e284efc1b1abc2",
        "site_name": "Meta Huntsville",
        "distance_to_site_km": 1.932,
        "footprint_area_m2_webmercator": 336.9,
        "source_dataset": "Overture Maps buildings",
        "source_url": "https://docs.overturemaps.org/getting-data/",
        "source_release": "2026-09-23.1",
        "source_accessed_on": "2026-09-28",
        "geometry_role": "current building-footprint polygon",
        "linkage_semantics": "Overlap/proximity only; not evidence that the building hosts AI compute."
      }
    },
    {
      "type": "Feature",
      "id": "94c975bf-a581-4d22-89a3-9e64b860ea2a",
      "geometry": {
        "type": "Polygon",
        "coordinates": [
          [
            [
              -86.6121313,
              34.8361671
            ],
            [
              -86.6121322,
              34.836209
            ],
            [
              -86.6122663,
              34.836207
            ],
            [
              -86.612263,
              34.8360607
            ],
            [
              -86.6121263,
              34.8360627
            ],
            [
              -86.6121278,
              34.8361298
            ],
            [
              -86.6121921,
              34.8361288
            ],
            [
              -86.612193,
              34.8361662
            ],
            [
              -86.6121313,
              34.8361671
            ]
          ]
        ]
      },
      "properties": {
        "epoch_id": "EPOCH-27e284efc1b1abc2",
        "site_name": "Meta Huntsville",
        "distance_to_site_km": 1.8613,
        "footprint_area_m2_webmercator": 264.13,
        "source_dataset": "Overture Maps buildings",
        "source_url": "https://docs.overturemaps.org/getting-data/",
        "source_release": "2026-09-23.1",
        "source_accessed_on": "2026-09-28",
        "geometry_role": "current building-footprint polygon",
        "linkage_semantics": "Overlap/proximity only; not evidence that the building hosts AI compute."
      }
    },
    {
      "type": "Feature",
      "id": "6014dd58-1f32-443e-9eb0-6a465cc56633",
      "geometry": {
        "type": "Polygon",
        "coordinates": [
          [
            [
              -86.6127391,
              34.8355193
            ],
            [
              -86.6126024,
              34.8355218
            ],
            [
              -86.6126044,
              34.8355956
            ],
            [
              -86.6127411,
              34.8355931
            ],
            [
              -86.6127391,
              34.8355193
            ]
          ]
        ]
      },
      "properties": {
        "epoch_id": "EPOCH-27e284efc1b1abc2",
        "site_name": "Meta Huntsville",
        "distance_to_site_km": 1.8768,
        "footprint_area_m2_webmercator": 152.39,
        "source_dataset": "Overture Maps buildings",
        "source_url": "https://docs.overturemaps.org/getting-data/",
        "source_release": "2026-09-23.1",
        "source_accessed_on": "2026-09-28",
        "geometry_role": "current building-footprint polygon",
        "linkage_semantics": "Overlap/proximity only; not evidence that the building hosts AI compute."
      }
    },
    {
      "type": "Feature",
      "id": "a46d7bb0-fd12-430d-998d-c92246f6ebd1",
      "geometry": {
        "type": "Polygon",
        "coordinates": [
          [
            [
              -86.6129796,
              34.8353264
            ],
            [
              -86.6129833,
              34.8354143
            ],
            [
              -86.6131226,
              34.8354103
            ],
            [
              -86.6131189,
              34.8353224
            ],
            [
              -86.6129796,
              34.8353264
            ]
          ]
        ]
      },
      "properties": {
        "epoch_id": "EPOCH-27e284efc1b1abc2",
        "site_name": "Meta Huntsville",
        "distance_to_site_km": 1.8687,
        "footprint_area_m2_webmercator": 185.09,
        "source_dataset": "Overture Maps buildings",
        "source_url": "https://docs.overturemaps.org/getting-data/",
        "source_release": "2026-09-23.1",
        "source_accessed_on": "2026-09-28",
        "geometry_role": "current building-footprint polygon",
        "linkage_semantics": "Overlap/proximity only; not evidence that the building hosts AI compute."
      }
    },
    {
      "type": "Feature",
      "id": "39cf858b-f28f-43ec-bda7-ef6c26945a50",
      "geometry": {
        "type": "Polygon",
        "coordinates": [
          [
            [
              -86.6136185,
              34.8360782
            ],
            [
              -86.6136184,
              34.8359681
            ],
            [
              -86.6134803,
              34.8359682
            ],
            [
              -86.6134803,
              34.8360672
            ],
            [
              -86.6134186,
              34.8360673
            ],
            [
              -86.6134187,
              34.8361641
            ],
            [
              -86.6133436,
              34.8361642
            ],
            [
              -86.6133436,
              34.836228
            ],
            [
              -86.613526,
              34.8362279
            ],
            [
              -86.6135259,
              34.8360782
            ],
            [
              -86.6136185,
              34.8360782
            ]
          ]
        ]
      },
      "properties": {
        "epoch_id": "EPOCH-27e284efc1b1abc2",
        "site_name": "Meta Huntsville",
        "distance_to_site_km": 1.7813,
        "footprint_area_m2_webmercator": 554.61,
        "source_dataset": "Overture Maps buildings",
        "source_url": "https://docs.overturemaps.org/getting-data/",
        "source_release": "2026-09-23.1",
        "source_accessed_on": "2026-09-28",
        "geometry_role": "current building-footprint polygon",
        "linkage_semantics": "Overlap/proximity only; not evidence that the building hosts AI compute."
      }
    },
    {
      "type": "Feature",
      "id": "eb295860-fb2e-4dea-a1dc-50c73d959506",
      "geometry": {
        "type": "Polygon",
        "coordinates": [
          [
            [
              -86.6134338,
              34.835497
            ],
            [
              -86.6136271,
              34.8355089
            ],
            [
              -86.6136445,
              34.8353184
            ],
            [
              -86.6135485,
              34.8353125
            ],
            [
              -86.6135456,
              34.8353441
            ],
            [
              -86.613491,
              34.8353407
            ],
            [
              -86.6134837,
              34.8354208
            ],
            [
              -86.613441,
              34.8354182
            ],
            [
              -86.6134338,
              34.835497
            ]
          ]
        ]
      },
      "properties": {
        "epoch_id": "EPOCH-27e284efc1b1abc2",
        "site_name": "Meta Huntsville",
        "distance_to_site_km": 1.8341,
        "footprint_area_m2_webmercator": 460.48,
        "source_dataset": "Overture Maps buildings",
        "source_url": "https://docs.overturemaps.org/getting-data/",
        "source_release": "2026-09-23.1",
        "source_accessed_on": "2026-09-28",
        "geometry_role": "current building-footprint polygon",
        "linkage_semantics": "Overlap/proximity only; not evidence that the building hosts AI compute."
      }
    },
    {
      "type": "Feature",
      "id": "2d8650f9-a93d-4d74-81ab-9553a1a9ccc0",
      "geometry": {
        "type": "Polygon",
        "coordinates": [
          [
            [
              -86.6140759,
              34.8361704
            ],
            [
              -86.6141536,
              34.8361696
            ],
            [
              -86.6141518,
              34.8360463
            ],
            [
              -86.6140123,
              34.8360477
            ],
            [
              -86.6140136,
              34.8361345
            ],
            [
              -86.6140753,
              34.8361338
            ],
            [
              -86.6140759,
              34.8361704
            ]
          ]
        ]
      },
      "properties": {
        "epoch_id": "EPOCH-27e284efc1b1abc2",
        "site_name": "Meta Huntsville",
        "distance_to_site_km": 1.7447,
        "footprint_area_m2_webmercator": 225.63,
        "source_dataset": "Overture Maps buildings",
        "source_url": "https://docs.overturemaps.org/getting-data/",
        "source_release": "2026-09-23.1",
        "source_accessed_on": "2026-09-28",
        "geometry_role": "current building-footprint polygon",
        "linkage_semantics": "Overlap/proximity only; not evidence that the building hosts AI compute."
      }
    },
    {
      "type": "Feature",
      "id": "d33729bb-6c41-4c27-938d-2a9c06a36f7f",
      "geometry": {
        "type": "Polygon",
        "coordinates": [
          [
            [
              -86.613999,
              34.8359288
            ],
            [
              -86.6140024,
              34.8360234
            ],
            [
              -86.6141498,
              34.8360198
            ],
            [
              -86.6141464,
              34.8359252
            ],
            [
              -86.613999,
              34.8359288
            ]
          ]
        ]
      },
      "properties": {
        "epoch_id": "EPOCH-27e284efc1b1abc2",
        "site_name": "Meta Huntsville",
        "distance_to_site_km": 1.7562,
        "footprint_area_m2_webmercator": 210.71,
        "source_dataset": "Overture Maps buildings",
        "source_url": "https://docs.overturemaps.org/getting-data/",
        "source_release": "2026-09-23.1",
        "source_accessed_on": "2026-09-28",
        "geometry_role": "current building-footprint polygon",
        "linkage_semantics": "Overlap/proximity only; not evidence that the building hosts AI compute."
      }
    },
    {
      "type": "Feature",
      "id": "8bb0388b-8f79-41ac-86bd-1dc423d26cef",
      "geometry": {
        "type": "Polygon",
        "coordinates": [
          [
            [
              -86.6146006,
              34.8355701
            ],
            [
              -86.6146034,
              34.8354931
            ],
            [
              -86.6144492,
              34.8354894
            ],
            [
              -86.6144464,
              34.8355663
            ],
            [
              -86.6146006,
              34.8355701
            ]
          ]
        ]
      },
      "properties": {
        "epoch_id": "EPOCH-27e284efc1b1abc2",
        "site_name": "Meta Huntsville",
        "distance_to_site_km": 1.7672,
        "footprint_area_m2_webmercator": 179.3,
        "source_dataset": "Overture Maps buildings",
        "source_url": "https://docs.overturemaps.org/getting-data/",
        "source_release": "2026-09-23.1",
        "source_accessed_on": "2026-09-28",
        "geometry_role": "current building-footprint polygon",
        "linkage_semantics": "Overlap/proximity only; not evidence that the building hosts AI compute."
      }
    },
    {
      "type": "Feature",
      "id": "bc112bab-f199-419f-bdd8-5350219beca1",
      "geometry": {
        "type": "Polygon",
        "coordinates": [
          [
            [
              -86.6139912,
              34.835507
            ],
            [
              -86.6139901,
              34.8354784
            ],
            [
              -86.6140639,
              34.8354766
            ],
            [
              -86.6140612,
              34.8354018
            ],
            [
              -86.6139016,
              34.8354058
            ],
            [
              -86.6139044,
              34.8354796
            ],
            [
              -86.6139499,
              34.8354785
            ],
            [
              -86.613951,
              34.835508
            ],
            [
              -86.6139912,
              34.835507
            ]
          ]
        ]
      },
      "properties": {
        "epoch_id": "EPOCH-27e284efc1b1abc2",
        "site_name": "Meta Huntsville",
        "distance_to_site_km": 1.8062,
        "footprint_area_m2_webmercator": 196.96,
        "source_dataset": "Overture Maps buildings",
        "source_url": "https://docs.overturemaps.org/getting-data/",
        "source_release": "2026-09-23.1",
        "source_accessed_on": "2026-09-28",
        "geometry_role": "current building-footprint polygon",
        "linkage_semantics": "Overlap/proximity only; not evidence that the building hosts AI compute."
      }
    },
    {
      "type": "Feature",
      "id": "e224fa1d-4ac5-4c17-88fd-696dc646e01f",
      "geometry": {
        "type": "Polygon",
        "coordinates": [
          [
            [
              -86.6168876,
              34.84032
            ],
            [
              -86.6169126,
              34.8404847
            ],
            [
              -86.6170077,
              34.840475
            ],
            [
              -86.6169827,
              34.8403103
            ],
            [
              -86.6168876,
              34.84032
            ]
          ]
        ]
      },
      "properties": {
        "epoch_id": "EPOCH-27e284efc1b1abc2",
        "site_name": "Meta Huntsville",
        "distance_to_site_km": 1.2206,
        "footprint_area_m2_webmercator": 240.15,
        "source_dataset": "Overture Maps buildings",
        "source_url": "https://docs.overturemaps.org/getting-data/",
        "source_release": "2026-09-23.1",
        "source_accessed_on": "2026-09-28",
        "geometry_role": "current building-footprint polygon",
        "linkage_semantics": "Overlap/proximity only; not evidence that the building hosts AI compute."
      }
    },
    {
      "type": "Feature",
      "id": "bb956514-2ad1-401e-aadd-d4b6dba3b93b",
      "geometry": {
        "type": "Polygon",
        "coordinates": [
          [
            [
              -86.6179062,
              34.838334
            ],
            [
              -86.617865,
              34.8382719
            ],
            [
              -86.6177698,
              34.8383144
            ],
            [
              -86.617811,
              34.8383765
            ],
            [
              -86.6179062,
              34.838334
            ]
          ]
        ]
      },
      "properties": {
        "epoch_id": "EPOCH-27e284efc1b1abc2",
        "site_name": "Meta Huntsville",
        "distance_to_site_km": 1.3357,
        "footprint_area_m2_webmercator": 115.7,
        "source_dataset": "Overture Maps buildings",
        "source_url": "https://docs.overturemaps.org/getting-data/",
        "source_release": "2026-09-23.1",
        "source_accessed_on": "2026-09-28",
        "geometry_role": "current building-footprint polygon",
        "linkage_semantics": "Overlap/proximity only; not evidence that the building hosts AI compute."
      }
    },
    {
      "type": "Feature",
      "id": "eda28b82-0c36-4bce-9302-33b0aec7f452",
      "geometry": {
        "type": "Polygon",
        "coordinates": [
          [
            [
              -86.6179758,
              34.8384977
            ],
            [
              -86.6178966,
              34.8384085
            ],
            [
              -86.6178125,
              34.8384588
            ],
            [
              -86.6178916,
              34.838548
            ],
            [
              -86.6179758,
              34.8384977
            ]
          ]
        ]
      },
      "properties": {
        "epoch_id": "EPOCH-27e284efc1b1abc2",
        "site_name": "Meta Huntsville",
        "distance_to_site_km": 1.3191,
        "footprint_area_m2_webmercator": 173.44,
        "source_dataset": "Overture Maps buildings",
        "source_url": "https://docs.overturemaps.org/getting-data/",
        "source_release": "2026-09-23.1",
        "source_accessed_on": "2026-09-28",
        "geometry_role": "current building-footprint polygon",
        "linkage_semantics": "Overlap/proximity only; not evidence that the building hosts AI compute."
      }
    },
    {
      "type": "Feature",
      "id": "2e972487-39c1-4dc1-b79d-9e175c4ae02d",
      "geometry": {
        "type": "Polygon",
        "coordinates": [
          [
            [
              -86.6174687,
              34.836916
            ],
            [
              -86.6174177,
              34.8369155
            ],
            [
              -86.6174167,
              34.8369735
            ],
            [
              -86.617571,
              34.8369753
            ],
            [
              -86.6175747,
              34.8367574
            ],
            [
              -86.6174406,
              34.8367559
            ],
            [
              -86.6174385,
              34.8368791
            ],
            [
              -86.6174693,
              34.8368795
            ],
            [
              -86.6174687,
              34.836916
            ]
          ]
        ]
      },
      "properties": {
        "epoch_id": "EPOCH-27e284efc1b1abc2",
        "site_name": "Meta Huntsville",
        "distance_to_site_km": 1.4843,
        "footprint_area_m2_webmercator": 441.88,
        "source_dataset": "Overture Maps buildings",
        "source_url": "https://docs.overturemaps.org/getting-data/",
        "source_release": "2026-09-23.1",
        "source_accessed_on": "2026-09-28",
        "geometry_role": "current building-footprint polygon",
        "linkage_semantics": "Overlap/proximity only; not evidence that the building hosts AI compute."
      }
    },
    {
      "type": "Feature",
      "id": "e7ceb40c-1375-4b20-9886-4113dceb6446",
      "geometry": {
        "type": "Polygon",
        "coordinates": [
          [
            [
              -86.6175102,
              34.8362195
            ],
            [
              -86.6175048,
              34.8360952
            ],
            [
              -86.6174017,
              34.8360982
            ],
            [
              -86.6174043,
              34.8361602
            ],
            [
              -86.617385,
              34.8361777
            ],
            [
              -86.6173889,
              34.8362676
            ],
            [
              -86.6175905,
              34.8364182
            ],
            [
              -86.6176692,
              34.8363471
            ],
            [
              -86.6176214,
              34.8363114
            ],
            [
              -86.6176204,
              34.8362864
            ],
            [
              -86.6175626,
              34.8362432
            ],
            [
              -86.6175427,
              34.8362438
            ],
            [
              -86.6175102,
              34.8362195
            ]
          ]
        ]
      },
      "properties": {
        "epoch_id": "EPOCH-27e284efc1b1abc2",
        "site_name": "Meta Huntsville",
        "distance_to_site_km": 1.5405,
        "footprint_area_m2_webmercator": 643.93,
        "source_dataset": "Overture Maps buildings",
        "source_url": "https://docs.overturemaps.org/getting-data/",
        "source_release": "2026-09-23.1",
        "source_accessed_on": "2026-09-28",
        "geometry_role": "current building-footprint polygon",
        "linkage_semantics": "Overlap/proximity only; not evidence that the building hosts AI compute."
      }
    },
    {
      "type": "Feature",
      "id": "0e30e8d2-b30b-4513-b2b1-3b34f428cc99",
      "geometry": {
        "type": "Polygon",
        "coordinates": [
          [
            [
              -86.6174082,
              34.8374121
            ],
            [
              -86.6174445,
              34.8374126
            ],
            [
              -86.6174436,
              34.8374632
            ],
            [
              -86.6175643,
              34.8374646
            ],
            [
              -86.6175673,
              34.837293
            ],
            [
              -86.6174467,
              34.8372915
            ],
            [
              -86.6174464,
              34.8373091
            ],
            [
              -86.6174061,
              34.8373086
            ],
            [
              -86.617406,
              34.8373152
            ],
            [
              -86.6174436,
              34.8373157
            ],
            [
              -86.6174428,
              34.8373553
            ],
            [
              -86.6174092,
              34.8373549
            ],
            [
              -86.6174082,
              34.8374121
            ]
          ]
        ]
      },
      "properties": {
        "epoch_id": "EPOCH-27e284efc1b1abc2",
        "site_name": "Meta Huntsville",
        "distance_to_site_km": 1.4385,
        "footprint_area_m2_webmercator": 349.78,
        "source_dataset": "Overture Maps buildings",
        "source_url": "https://docs.overturemaps.org/getting-data/",
        "source_release": "2026-09-23.1",
        "source_accessed_on": "2026-09-28",
        "geometry_role": "current building-footprint polygon",
        "linkage_semantics": "Overlap/proximity only; not evidence that the building hosts AI compute."
      }
    },
    {
      "type": "Feature",
      "id": "4a724d7d-1d4f-4aa3-a733-d4ec70471bc5",
      "geometry": {
        "type": "Polygon",
        "coordinates": [
          [
            [
              -86.6170288,
              34.8374237
            ],
            [
              -86.6170251,
              34.8373203
            ],
            [
              -86.6169086,
              34.8373232
            ],
            [
              -86.6169124,
              34.8374266
            ],
            [
              -86.6170288,
              34.8374237
            ]
          ]
        ]
      },
      "properties": {
        "epoch_id": "EPOCH-27e284efc1b1abc2",
        "site_name": "Meta Huntsville",
        "distance_to_site_km": 1.4679,
        "footprint_area_m2_webmercator": 181.96,
        "source_dataset": "Overture Maps buildings",
        "source_url": "https://docs.overturemaps.org/getting-data/",
        "source_release": "2026-09-23.1",
        "source_accessed_on": "2026-09-28",
        "geometry_role": "current building-footprint polygon",
        "linkage_semantics": "Overlap/proximity only; not evidence that the building hosts AI compute."
      }
    },
    {
      "type": "Feature",
      "id": "90ad0e40-65f1-44ff-b2a0-63a8b47714d7",
      "geometry": {
        "type": "Polygon",
        "coordinates": [
          [
            [
              -86.6167871,
              34.8361414
            ],
            [
              -86.6167921,
              34.8360513
            ],
            [
              -86.6167171,
              34.8360485
            ],
            [
              -86.6167121,
              34.8361386
            ],
            [
              -86.6167871,
              34.8361414
            ]
          ]
        ]
      },
      "properties": {
        "epoch_id": "EPOCH-27e284efc1b1abc2",
        "site_name": "Meta Huntsville",
        "distance_to_site_km": 1.5941,
        "footprint_area_m2_webmercator": 102.23,
        "source_dataset": "Overture Maps buildings",
        "source_url": "https://docs.overturemaps.org/getting-data/",
        "source_release": "2026-09-23.1",
        "source_accessed_on": "2026-09-28",
        "geometry_role": "current building-footprint polygon",
        "linkage_semantics": "Overlap/proximity only; not evidence that the building hosts AI compute."
      }
    },
    {
      "type": "Feature",
      "id": "daa1dcb4-b074-4299-993e-ef253df0c6a6",
      "geometry": {
        "type": "Polygon",
        "coordinates": [
          [
            [
              -86.6172282,
              34.8317831
            ],
            [
              -86.6172292,
              34.8317501
            ],
            [
              -86.6171425,
              34.8317484
            ],
            [
              -86.6171415,
              34.8317814
            ],
            [
              -86.6172282,
              34.8317831
            ]
          ]
        ]
      },
      "properties": {
        "epoch_id": "EPOCH-27e284efc1b1abc2",
        "site_name": "Meta Huntsville",
        "distance_to_site_km": 1.9893,
        "footprint_area_m2_webmercator": 43.22,
        "source_dataset": "Overture Maps buildings",
        "source_url": "https://docs.overturemaps.org/getting-data/",
        "source_release": "2026-09-23.1",
        "source_accessed_on": "2026-09-28",
        "geometry_role": "current building-footprint polygon",
        "linkage_semantics": "Overlap/proximity only; not evidence that the building hosts AI compute."
      }
    },
    {
      "type": "Feature",
      "id": "e17a4035-e5d0-4d30-a473-3aceb95f1c21",
      "geometry": {
        "type": "Polygon",
        "coordinates": [
          [
            [
              -86.6176729,
              34.8316279
            ],
            [
              -86.6176769,
              34.8315452
            ],
            [
              -86.6176116,
              34.8315431
            ],
            [
              -86.6176077,
              34.8316258
            ],
            [
              -86.6176729,
              34.8316279
            ]
          ]
        ]
      },
      "properties": {
        "epoch_id": "EPOCH-27e284efc1b1abc2",
        "site_name": "Meta Huntsville",
        "distance_to_site_km": 1.9894,
        "footprint_area_m2_webmercator": 81.59,
        "source_dataset": "Overture Maps buildings",
        "source_url": "https://docs.overturemaps.org/getting-data/",
        "source_release": "2026-09-23.1",
        "source_accessed_on": "2026-09-28",
        "geometry_role": "current building-footprint polygon",
        "linkage_semantics": "Overlap/proximity only; not evidence that the building hosts AI compute."
      }
    },
    {
      "type": "Feature",
      "id": "9e87c086-8f60-4622-a61f-b6572e2f133e",
      "geometry": {
        "type": "Polygon",
        "coordinates": [
          [
            [
              -86.6173816,
              34.8304082
            ],
            [
              -86.6173846,
              34.8304918
            ],
            [
              -86.6175963,
              34.8304867
            ],
            [
              -86.6175934,
              34.8304031
            ],
            [
              -86.6173816,
              34.8304082
            ]
          ]
        ]
      },
      "properties": {
        "epoch_id": "EPOCH-27e284efc1b1abc2",
        "site_name": "Meta Huntsville",
        "distance_to_site_km": 2.1105,
        "footprint_area_m2_webmercator": 267.47,
        "source_dataset": "Overture Maps buildings",
        "source_url": "https://docs.overturemaps.org/getting-data/",
        "source_release": "2026-09-23.1",
        "source_accessed_on": "2026-09-28",
        "geometry_role": "current building-footprint polygon",
        "linkage_semantics": "Overlap/proximity only; not evidence that the building hosts AI compute."
      }
    },
    {
      "type": "Feature",
      "id": "1a224d24-71bb-499c-bdc2-1d27ab532dde",
      "geometry": {
        "type": "Polygon",
        "coordinates": [
          [
            [
              -86.6178004,
              34.8307271
            ],
            [
              -86.6176664,
              34.8307253
            ],
            [
              -86.617665,
              34.830798
            ],
            [
              -86.617799,
              34.8307997
            ],
            [
              -86.6178004,
              34.8307271
            ]
          ]
        ]
      },
      "properties": {
        "epoch_id": "EPOCH-27e284efc1b1abc2",
        "site_name": "Meta Huntsville",
        "distance_to_site_km": 2.0695,
        "footprint_area_m2_webmercator": 147.01,
        "source_dataset": "Overture Maps buildings",
        "source_url": "https://docs.overturemaps.org/getting-data/",
        "source_release": "2026-09-23.1",
        "source_accessed_on": "2026-09-28",
        "geometry_role": "current building-footprint polygon",
        "linkage_semantics": "Overlap/proximity only; not evidence that the building hosts AI compute."
      }
    },
    {
      "type": "Feature",
      "id": "e1ff77eb-f114-4c89-afd0-9d193e8e6888",
      "geometry": {
        "type": "Polygon",
        "coordinates": [
          [
            [
              -86.6178554,
              34.8303685
            ],
            [
              -86.6177696,
              34.8303678
            ],
            [
              -86.6177686,
              34.8304523
            ],
            [
              -86.6180019,
              34.8304543
            ],
            [
              -86.6180029,
              34.8303773
            ],
            [
              -86.6179546,
              34.8303769
            ],
            [
              -86.617956,
              34.8302624
            ],
            [
              -86.6178756,
              34.8302617
            ],
            [
              -86.6178758,
              34.8302441
            ],
            [
              -86.617805,
              34.8302435
            ],
            [
              -86.617804,
              34.8303175
            ],
            [
              -86.6178561,
              34.8303179
            ],
            [
              -86.6178554,
              34.8303685
            ]
          ]
        ]
      },
      "properties": {
        "epoch_id": "EPOCH-27e284efc1b1abc2",
        "site_name": "Meta Huntsville",
        "distance_to_site_km": 2.1046,
        "footprint_area_m2_webmercator": 515.69,
        "source_dataset": "Overture Maps buildings",
        "source_url": "https://docs.overturemaps.org/getting-data/",
        "source_release": "2026-09-23.1",
        "source_accessed_on": "2026-09-28",
        "geometry_role": "current building-footprint polygon",
        "linkage_semantics": "Overlap/proximity only; not evidence that the building hosts AI compute."
      }
    },
    {
      "type": "Feature",
      "id": "00e796df-58e1-4a98-bd7b-c0ed1b6d0ed4",
      "geometry": {
        "type": "Polygon",
        "coordinates": [
          [
            [
              -86.6178785,
              34.8310267
            ],
            [
              -86.6179965,
              34.8310291
            ],
            [
              -86.6180022,
              34.8308421
            ],
            [
              -86.6178843,
              34.8308397
            ],
            [
              -86.6178785,
              34.8310267
            ]
          ]
        ]
      },
      "properties": {
        "epoch_id": "EPOCH-27e284efc1b1abc2",
        "site_name": "Meta Huntsville",
        "distance_to_site_km": 2.0444,
        "footprint_area_m2_webmercator": 333.19,
        "source_dataset": "Overture Maps buildings",
        "source_url": "https://docs.overturemaps.org/getting-data/",
        "source_release": "2026-09-23.1",
        "source_accessed_on": "2026-09-28",
        "geometry_role": "current building-footprint polygon",
        "linkage_semantics": "Overlap/proximity only; not evidence that the building hosts AI compute."
      }
    },
    {
      "type": "Feature",
      "id": "7e8d7ec3-ee34-48ce-b721-79c5f93dcf68",
      "geometry": {
        "type": "Polygon",
        "coordinates": [
          [
            [
              -86.6179459,
              34.831372
            ],
            [
              -86.6178333,
              34.8313703
            ],
            [
              -86.6178291,
              34.8315552
            ],
            [
              -86.6179417,
              34.8315569
            ],
            [
              -86.6179459,
              34.831372
            ]
          ]
        ]
      },
      "properties": {
        "epoch_id": "EPOCH-27e284efc1b1abc2",
        "site_name": "Meta Huntsville",
        "distance_to_site_km": 1.9925,
        "footprint_area_m2_webmercator": 314.42,
        "source_dataset": "Overture Maps buildings",
        "source_url": "https://docs.overturemaps.org/getting-data/",
        "source_release": "2026-09-23.1",
        "source_accessed_on": "2026-09-28",
        "geometry_role": "current building-footprint polygon",
        "linkage_semantics": "Overlap/proximity only; not evidence that the building hosts AI compute."
      }
    },
    {
      "type": "Feature",
      "id": "6ff000a6-730c-4a62-82b7-4f30bfe7f1ef",
      "geometry": {
        "type": "Polygon",
        "coordinates": [
          [
            [
              -86.617942,
              34.8319502
            ],
            [
              -86.61794,
              34.8318569
            ],
            [
              -86.6178435,
              34.8318583
            ],
            [
              -86.6178471,
              34.8320264
            ],
            [
              -86.6178337,
              34.8320266
            ],
            [
              -86.6178353,
              34.8321037
            ],
            [
              -86.6179711,
              34.8321017
            ],
            [
              -86.6179679,
              34.8319499
            ],
            [
              -86.617942,
              34.8319502
            ]
          ]
        ]
      },
      "properties": {
        "epoch_id": "EPOCH-27e284efc1b1abc2",
        "site_name": "Meta Huntsville",
        "distance_to_site_km": 1.9387,
        "footprint_area_m2_webmercator": 432.28,
        "source_dataset": "Overture Maps buildings",
        "source_url": "https://docs.overturemaps.org/getting-data/",
        "source_release": "2026-09-23.1",
        "source_accessed_on": "2026-09-28",
        "geometry_role": "current building-footprint polygon",
        "linkage_semantics": "Overlap/proximity only; not evidence that the building hosts AI compute."
      }
    },
    {
      "type": "Feature",
      "id": "3b7c8d6a-eb25-4eec-a179-99b230689612",
      "geometry": {
        "type": "Polygon",
        "coordinates": [
          [
            [
              -86.6178012,
              34.8321022
            ],
            [
              -86.6177084,
              34.8321043
            ],
            [
              -86.6177109,
              34.8321747
            ],
            [
              -86.6178037,
              34.8321726
            ],
            [
              -86.6178012,
              34.8321022
            ]
          ]
        ]
      },
      "properties": {
        "epoch_id": "EPOCH-27e284efc1b1abc2",
        "site_name": "Meta Huntsville",
        "distance_to_site_km": 1.9293,
        "footprint_area_m2_webmercator": 98.71,
        "source_dataset": "Overture Maps buildings",
        "source_url": "https://docs.overturemaps.org/getting-data/",
        "source_release": "2026-09-23.1",
        "source_accessed_on": "2026-09-28",
        "geometry_role": "current building-footprint polygon",
        "linkage_semantics": "Overlap/proximity only; not evidence that the building hosts AI compute."
      }
    },
    {
      "type": "Feature",
      "id": "dfd739f4-f659-43f0-8604-0feac8bea27b",
      "geometry": {
        "type": "Polygon",
        "coordinates": [
          [
            [
              -86.6177555,
              34.8331061
            ],
            [
              -86.6178252,
              34.8331075
            ],
            [
              -86.6178218,
              34.8332241
            ],
            [
              -86.6179333,
              34.8332263
            ],
            [
              -86.6179401,
              34.8329975
            ],
            [
              -86.6178328,
              34.8329954
            ],
            [
              -86.6178317,
              34.8330328
            ],
            [
              -86.6177577,
              34.8330313
            ],
            [
              -86.6177555,
              34.8331061
            ]
          ]
        ]
      },
      "properties": {
        "epoch_id": "EPOCH-27e284efc1b1abc2",
        "site_name": "Meta Huntsville",
        "distance_to_site_km": 1.8283,
        "footprint_area_m2_webmercator": 461.87,
        "source_dataset": "Overture Maps buildings",
        "source_url": "https://docs.overturemaps.org/getting-data/",
        "source_release": "2026-09-23.1",
        "source_accessed_on": "2026-09-28",
        "geometry_role": "current building-footprint polygon",
        "linkage_semantics": "Overlap/proximity only; not evidence that the building hosts AI compute."
      }
    },
    {
      "type": "Feature",
      "id": "d8011311-44ce-4370-8e00-c74e81a87c34",
      "geometry": {
        "type": "Polygon",
        "coordinates": [
          [
            [
              -86.6178918,
              34.8326189
            ],
            [
              -86.6179123,
              34.8326186
            ],
            [
              -86.6179096,
              34.8324984
            ],
            [
              -86.617805,
              34.8325
            ],
            [
              -86.6178059,
              34.8325387
            ],
            [
              -86.6177201,
              34.83254
            ],
            [
              -86.6177217,
              34.8326127
            ],
            [
              -86.6177924,
              34.8326116
            ],
            [
              -86.617794,
              34.8326829
            ],
            [
              -86.6178932,
              34.8326814
            ],
            [
              -86.6178918,
              34.8326189
            ]
          ]
        ]
      },
      "properties": {
        "epoch_id": "EPOCH-27e284efc1b1abc2",
        "site_name": "Meta Huntsville",
        "distance_to_site_km": 1.8814,
        "footprint_area_m2_webmercator": 379.65,
        "source_dataset": "Overture Maps buildings",
        "source_url": "https://docs.overturemaps.org/getting-data/",
        "source_release": "2026-09-23.1",
        "source_accessed_on": "2026-09-28",
        "geometry_role": "current building-footprint polygon",
        "linkage_semantics": "Overlap/proximity only; not evidence that the building hosts AI compute."
      }
    },
    {
      "type": "Feature",
      "id": "7ba16d64-55d3-4a56-a40b-bb0be866e196",
      "geometry": {
        "type": "Polygon",
        "coordinates": [
          [
            [
              -86.6178958,
              34.8336369
            ],
            [
              -86.6178981,
              34.8335687
            ],
            [
              -86.6177625,
              34.8335656
            ],
            [
              -86.6177599,
              34.8336439
            ],
            [
              -86.6178177,
              34.8336453
            ],
            [
              -86.6178158,
              34.8337033
            ],
            [
              -86.6177675,
              34.8337022
            ],
            [
              -86.6177657,
              34.8337564
            ],
            [
              -86.6178043,
              34.8337572
            ],
            [
              -86.6178024,
              34.8338153
            ],
            [
              -86.6178897,
              34.8338173
            ],
            [
              -86.6178918,
              34.8337548
            ],
            [
              -86.617924,
              34.8337555
            ],
            [
              -86.6179279,
              34.8336376
            ],
            [
              -86.6178958,
              34.8336369
            ]
          ]
        ]
      },
      "properties": {
        "epoch_id": "EPOCH-27e284efc1b1abc2",
        "site_name": "Meta Huntsville",
        "distance_to_site_km": 1.7716,
        "footprint_area_m2_webmercator": 465.58,
        "source_dataset": "Overture Maps buildings",
        "source_url": "https://docs.overturemaps.org/getting-data/",
        "source_release": "2026-09-23.1",
        "source_accessed_on": "2026-09-28",
        "geometry_role": "current building-footprint polygon",
        "linkage_semantics": "Overlap/proximity only; not evidence that the building hosts AI compute."
      }
    },
    {
      "type": "Feature",
      "id": "9476abf8-68ae-4c6f-b5f5-42adc1b02707",
      "geometry": {
        "type": "Polygon",
        "coordinates": [
          [
            [
              -86.6176782,
              34.8345415
            ],
            [
              -86.6174745,
              34.8345373
            ],
            [
              -86.6174716,
              34.8346297
            ],
            [
              -86.6176753,
              34.8346339
            ],
            [
              -86.6176782,
              34.8345415
            ]
          ]
        ]
      },
      "properties": {
        "epoch_id": "EPOCH-27e284efc1b1abc2",
        "site_name": "Meta Huntsville",
        "distance_to_site_km": 1.6955,
        "footprint_area_m2_webmercator": 284.35,
        "source_dataset": "Overture Maps buildings",
        "source_url": "https://docs.overturemaps.org/getting-data/",
        "source_release": "2026-09-23.1",
        "source_accessed_on": "2026-09-28",
        "geometry_role": "current building-footprint polygon",
        "linkage_semantics": "Overlap/proximity only; not evidence that the building hosts AI compute."
      }
    },
    {
      "type": "Feature",
      "id": "14dda2c0-0d3e-47e3-b388-7c12c5cafade",
      "geometry": {
        "type": "Polygon",
        "coordinates": [
          [
            [
              -86.6176503,
              34.8335706
            ],
            [
              -86.6176539,
              34.8334628
            ],
            [
              -86.6175108,
              34.8334596
            ],
            [
              -86.6175072,
              34.8335674
            ],
            [
              -86.6176503,
              34.8335706
            ]
          ]
        ]
      },
      "properties": {
        "epoch_id": "EPOCH-27e284efc1b1abc2",
        "site_name": "Meta Huntsville",
        "distance_to_site_km": 1.7996,
        "footprint_area_m2_webmercator": 233.07,
        "source_dataset": "Overture Maps buildings",
        "source_url": "https://docs.overturemaps.org/getting-data/",
        "source_release": "2026-09-23.1",
        "source_accessed_on": "2026-09-28",
        "geometry_role": "current building-footprint polygon",
        "linkage_semantics": "Overlap/proximity only; not evidence that the building hosts AI compute."
      }
    },
    {
      "type": "Feature",
      "id": "306a6b2b-7a7f-4c80-962d-c708c316dc2d",
      "geometry": {
        "type": "Polygon",
        "coordinates": [
          [
            [
              -86.6173981,
              34.8342218
            ],
            [
              -86.6173313,
              34.8342253
            ],
            [
              -86.6173174,
              34.8340477
            ],
            [
              -86.6170797,
              34.8340602
            ],
            [
              -86.6170877,
              34.8341632
            ],
            [
              -86.6171866,
              34.834158
            ],
            [
              -86.6171997,
              34.8343269
            ],
            [
              -86.6174054,
              34.8343161
            ],
            [
              -86.6173981,
              34.8342218
            ]
          ]
        ]
      },
      "properties": {
        "epoch_id": "EPOCH-27e284efc1b1abc2",
        "site_name": "Meta Huntsville",
        "distance_to_site_km": 1.7493,
        "footprint_area_m2_webmercator": 822.32,
        "source_dataset": "Overture Maps buildings",
        "source_url": "https://docs.overturemaps.org/getting-data/",
        "source_release": "2026-09-23.1",
        "source_accessed_on": "2026-09-28",
        "geometry_role": "current building-footprint polygon",
        "linkage_semantics": "Overlap/proximity only; not evidence that the building hosts AI compute."
      }
    },
    {
      "type": "Feature",
      "id": "c2ea6e11-fe46-4612-96da-e13c694e3d99",
      "geometry": {
        "type": "Polygon",
        "coordinates": [
          [
            [
              -86.6173529,
              34.8354199
            ],
            [
              -86.6173434,
              34.835264
            ],
            [
              -86.6171868,
              34.8352704
            ],
            [
              -86.6171963,
              34.8354263
            ],
            [
              -86.6171309,
              34.835429
            ],
            [
              -86.617137,
              34.8355292
            ],
            [
              -86.6172681,
              34.8355238
            ],
            [
              -86.617265,
              34.8354733
            ],
            [
              -86.6173854,
              34.8354683
            ],
            [
              -86.6173824,
              34.8354187
            ],
            [
              -86.6173529,
              34.8354199
            ]
          ]
        ]
      },
      "properties": {
        "epoch_id": "EPOCH-27e284efc1b1abc2",
        "site_name": "Meta Huntsville",
        "distance_to_site_km": 1.633,
        "footprint_area_m2_webmercator": 658.78,
        "source_dataset": "Overture Maps buildings",
        "source_url": "https://docs.overturemaps.org/getting-data/",
        "source_release": "2026-09-23.1",
        "source_accessed_on": "2026-09-28",
        "geometry_role": "current building-footprint polygon",
        "linkage_semantics": "Overlap/proximity only; not evidence that the building hosts AI compute."
      }
    },
    {
      "type": "Feature",
      "id": "ad38195f-bff8-45e4-844f-0e4eb5810713",
      "geometry": {
        "type": "Polygon",
        "coordinates": [
          [
            [
              -86.6171314,
              34.835054
            ],
            [
              -86.6171361,
              34.8351639
            ],
            [
              -86.6172539,
              34.8351606
            ],
            [
              -86.6172493,
              34.8350507
            ],
            [
              -86.6171314,
              34.835054
            ]
          ]
        ]
      },
      "properties": {
        "epoch_id": "EPOCH-27e284efc1b1abc2",
        "site_name": "Meta Huntsville",
        "distance_to_site_km": 1.6636,
        "footprint_area_m2_webmercator": 195.77,
        "source_dataset": "Overture Maps buildings",
        "source_url": "https://docs.overturemaps.org/getting-data/",
        "source_release": "2026-09-23.1",
        "source_accessed_on": "2026-09-28",
        "geometry_role": "current building-footprint polygon",
        "linkage_semantics": "Overlap/proximity only; not evidence that the building hosts AI compute."
      }
    },
    {
      "type": "Feature",
      "id": "935fe14b-4223-411f-bc89-131f3b27b1d4",
      "geometry": {
        "type": "Polygon",
        "coordinates": [
          [
            [
              -86.6178683,
              34.8347468
            ],
            [
              -86.6178716,
              34.8346227
            ],
            [
              -86.6177629,
              34.8346207
            ],
            [
              -86.6177577,
              34.8348152
            ],
            [
              -86.6177458,
              34.834815
            ],
            [
              -86.6177441,
              34.8348788
            ],
            [
              -86.6178472,
              34.8348807
            ],
            [
              -86.6178481,
              34.8348468
            ],
            [
              -86.6178844,
              34.8348474
            ],
            [
              -86.617887,
              34.8347471
            ],
            [
              -86.6178683,
              34.8347468
            ]
          ]
        ]
      },
      "properties": {
        "epoch_id": "EPOCH-27e284efc1b1abc2",
        "site_name": "Meta Huntsville",
        "distance_to_site_km": 1.6684,
        "footprint_area_m2_webmercator": 455.07,
        "source_dataset": "Overture Maps buildings",
        "source_url": "https://docs.overturemaps.org/getting-data/",
        "source_release": "2026-09-23.1",
        "source_accessed_on": "2026-09-28",
        "geometry_role": "current building-footprint polygon",
        "linkage_semantics": "Overlap/proximity only; not evidence that the building hosts AI compute."
      }
    },
    {
      "type": "Feature",
      "id": "32e6afa6-aa09-400e-a3b6-c3de7a830c4e",
      "geometry": {
        "type": "Polygon",
        "coordinates": [
          [
            [
              -86.6191502,
              34.8352732
            ],
            [
              -86.6191523,
              34.8351851
            ],
            [
              -86.6189766,
              34.8351824
            ],
            [
              -86.6189745,
              34.8352704
            ],
            [
              -86.6191502,
              34.8352732
            ]
          ]
        ]
      },
      "properties": {
        "epoch_id": "EPOCH-27e284efc1b1abc2",
        "site_name": "Meta Huntsville",
        "distance_to_site_km": 1.5683,
        "footprint_area_m2_webmercator": 233.65,
        "source_dataset": "Overture Maps buildings",
        "source_url": "https://docs.overturemaps.org/getting-data/",
        "source_release": "2026-09-23.1",
        "source_accessed_on": "2026-09-28",
        "geometry_role": "current building-footprint polygon",
        "linkage_semantics": "Overlap/proximity only; not evidence that the building hosts AI compute."
      }
    },
    {
      "type": "Feature",
      "id": "efbfed05-6bda-48ff-98cd-3e15ba2b7597",
      "geometry": {
        "type": "Polygon",
        "coordinates": [
          [
            [
              -86.6187399,
              34.8355443
            ],
            [
              -86.6187364,
              34.8353396
            ],
            [
              -86.6186319,
              34.8353408
            ],
            [
              -86.6186353,
              34.8355455
            ],
            [
              -86.6187399,
              34.8355443
            ]
          ]
        ]
      },
      "properties": {
        "epoch_id": "EPOCH-27e284efc1b1abc2",
        "site_name": "Meta Huntsville",
        "distance_to_site_km": 1.563,
        "footprint_area_m2_webmercator": 323.17,
        "source_dataset": "Overture Maps buildings",
        "source_url": "https://docs.overturemaps.org/getting-data/",
        "source_release": "2026-09-23.1",
        "source_accessed_on": "2026-09-28",
        "geometry_role": "current building-footprint polygon",
        "linkage_semantics": "Overlap/proximity only; not evidence that the building hosts AI compute."
      }
    },
    {
      "type": "Feature",
      "id": "49139395-079e-4070-a957-d5d51341567e",
      "geometry": {
        "type": "Polygon",
        "coordinates": [
          [
            [
              -86.6187389,
              34.8344722
            ],
            [
              -86.618897,
              34.8344763
            ],
            [
              -86.6188998,
              34.8344027
            ],
            [
              -86.6187096,
              34.8343979
            ],
            [
              -86.6187085,
              34.8344252
            ],
            [
              -86.6185814,
              34.834422
            ],
            [
              -86.6185804,
              34.8344474
            ],
            [
              -86.6185376,
              34.8344463
            ],
            [
              -86.6185344,
              34.8345286
            ],
            [
              -86.6185062,
              34.8345279
            ],
            [
              -86.6185045,
              34.834571
            ],
            [
              -86.618542,
              34.8345719
            ],
            [
              -86.6185412,
              34.8345949
            ],
            [
              -86.6186859,
              34.8345986
            ],
            [
              -86.6186882,
              34.834536
            ],
            [
              -86.6187365,
              34.8345373
            ],
            [
              -86.6187389,
              34.8344722
            ]
          ]
        ]
      },
      "properties": {
        "epoch_id": "EPOCH-27e284efc1b1abc2",
        "site_name": "Meta Huntsville",
        "distance_to_site_km": 1.6575,
        "footprint_area_m2_webmercator": 673.02,
        "source_dataset": "Overture Maps buildings",
        "source_url": "https://docs.overturemaps.org/getting-data/",
        "source_release": "2026-09-23.1",
        "source_accessed_on": "2026-09-28",
        "geometry_role": "current building-footprint polygon",
        "linkage_semantics": "Overlap/proximity only; not evidence that the building hosts AI compute."
      }
    },
    {
      "type": "Feature",
      "id": "d5c6df73-162a-4ff1-bca8-02b9ac01cafd",
      "geometry": {
        "type": "Polygon",
        "coordinates": [
          [
            [
              -86.6187972,
              34.8339736
            ],
            [
              -86.6189001,
              34.833977
            ],
            [
              -86.618903,
              34.8339189
            ],
            [
              -86.6188001,
              34.8339155
            ],
            [
              -86.6187972,
              34.8339736
            ]
          ]
        ]
      },
      "properties": {
        "epoch_id": "EPOCH-27e284efc1b1abc2",
        "site_name": "Meta Huntsville",
        "distance_to_site_km": 1.7049,
        "footprint_area_m2_webmercator": 90.41,
        "source_dataset": "Overture Maps buildings",
        "source_url": "https://docs.overturemaps.org/getting-data/",
        "source_release": "2026-09-23.1",
        "source_accessed_on": "2026-09-28",
        "geometry_role": "current building-footprint polygon",
        "linkage_semantics": "Overlap/proximity only; not evidence that the building hosts AI compute."
      }
    },
    {
      "type": "Feature",
      "id": "9e7b72af-9b57-4cf8-b249-8265954c216d",
      "geometry": {
        "type": "Polygon",
        "coordinates": [
          [
            [
              -86.618797,
              34.8337112
            ],
            [
              -86.6187954,
              34.8336086
            ],
            [
              -86.6186398,
              34.8336103
            ],
            [
              -86.6186431,
              34.8338163
            ],
            [
              -86.618753,
              34.8338151
            ],
            [
              -86.6187525,
              34.8337852
            ],
            [
              -86.6187981,
              34.8337847
            ],
            [
              -86.618797,
              34.8337112
            ]
          ]
        ]
      },
      "properties": {
        "epoch_id": "EPOCH-27e284efc1b1abc2",
        "site_name": "Meta Huntsville",
        "distance_to_site_km": 1.734,
        "footprint_area_m2_webmercator": 463.24,
        "source_dataset": "Overture Maps buildings",
        "source_url": "https://docs.overturemaps.org/getting-data/",
        "source_release": "2026-09-23.1",
        "source_accessed_on": "2026-09-28",
        "geometry_role": "current building-footprint polygon",
        "linkage_semantics": "Overlap/proximity only; not evidence that the building hosts AI compute."
      }
    },
    {
      "type": "Feature",
      "id": "abf7eb78-7db0-4c52-8696-7a34e5ee8433",
      "geometry": {
        "type": "Polygon",
        "coordinates": [
          [
            [
              -86.6188449,
              34.8315881
            ],
            [
              -86.6189425,
              34.8317896
            ],
            [
              -86.6190606,
              34.831751
            ],
            [
              -86.618963,
              34.8315495
            ],
            [
              -86.6188449,
              34.8315881
            ]
          ]
        ]
      },
      "properties": {
        "epoch_id": "EPOCH-27e284efc1b1abc2",
        "site_name": "Meta Huntsville",
        "distance_to_site_km": 1.9335,
        "footprint_area_m2_webmercator": 416.14,
        "source_dataset": "Overture Maps buildings",
        "source_url": "https://docs.overturemaps.org/getting-data/",
        "source_release": "2026-09-23.1",
        "source_accessed_on": "2026-09-28",
        "geometry_role": "current building-footprint polygon",
        "linkage_semantics": "Overlap/proximity only; not evidence that the building hosts AI compute."
      }
    },
    {
      "type": "Feature",
      "id": "61cd8067-6f4c-4477-8718-78a191b7e4ec",
      "geometry": {
        "type": "Polygon",
        "coordinates": [
          [
            [
              -86.6185953,
              34.8309356
            ],
            [
              -86.6186183,
              34.8309352
            ],
            [
              -86.6186201,
              34.8309946
            ],
            [
              -86.6187193,
              34.8309926
            ],
            [
              -86.6187168,
              34.830909
            ],
            [
              -86.618749,
              34.8309083
            ],
            [
              -86.6187472,
              34.8308489
            ],
            [
              -86.6185927,
              34.830852
            ],
            [
              -86.6185953,
              34.8309356
            ]
          ]
        ]
      },
      "properties": {
        "epoch_id": "EPOCH-27e284efc1b1abc2",
        "site_name": "Meta Huntsville",
        "distance_to_site_km": 2.0211,
        "footprint_area_m2_webmercator": 272.43,
        "source_dataset": "Overture Maps buildings",
        "source_url": "https://docs.overturemaps.org/getting-data/",
        "source_release": "2026-09-23.1",
        "source_accessed_on": "2026-09-28",
        "geometry_role": "current building-footprint polygon",
        "linkage_semantics": "Overlap/proximity only; not evidence that the building hosts AI compute."
      }
    },
    {
      "type": "Feature",
      "id": "68e21bd8-58ba-4884-a007-a1bd3e57693b",
      "geometry": {
        "type": "Polygon",
        "coordinates": [
          [
            [
              -86.618734,
              34.8302924
            ],
            [
              -86.6186224,
              34.8302946
            ],
            [
              -86.6186277,
              34.8304794
            ],
            [
              -86.6187456,
              34.8304772
            ],
            [
              -86.6187449,
              34.8304508
            ],
            [
              -86.6188467,
              34.8304488
            ],
            [
              -86.6188441,
              34.8303542
            ],
            [
              -86.6187358,
              34.8303563
            ],
            [
              -86.618734,
              34.8302924
            ]
          ]
        ]
      },
      "properties": {
        "epoch_id": "EPOCH-27e284efc1b1abc2",
        "site_name": "Meta Huntsville",
        "distance_to_site_km": 2.0737,
        "footprint_area_m2_webmercator": 468.78,
        "source_dataset": "Overture Maps buildings",
        "source_url": "https://docs.overturemaps.org/getting-data/",
        "source_release": "2026-09-23.1",
        "source_accessed_on": "2026-09-28",
        "geometry_role": "current building-footprint polygon",
        "linkage_semantics": "Overlap/proximity only; not evidence that the building hosts AI compute."
      }
    },
    {
      "type": "Feature",
      "id": "71a01c3d-92fb-4a27-9ab5-fcb14d644057",
      "geometry": {
        "type": "Polygon",
        "coordinates": [
          [
            [
              -86.6191074,
              34.830432
            ],
            [
              -86.6191107,
              34.8303881
            ],
            [
              -86.6191882,
              34.830392
            ],
            [
              -86.6191901,
              34.8303669
            ],
            [
              -86.6191329,
              34.830364
            ],
            [
              -86.6191354,
              34.8303299
            ],
            [
              -86.6190713,
              34.8303267
            ],
            [
              -86.6190636,
              34.8304297
            ],
            [
              -86.6191074,
              34.830432
            ]
          ]
        ]
      },
      "properties": {
        "epoch_id": "EPOCH-27e284efc1b1abc2",
        "site_name": "Meta Huntsville",
        "distance_to_site_km": 2.0629,
        "footprint_area_m2_webmercator": 108.42,
        "source_dataset": "Overture Maps buildings",
        "source_url": "https://docs.overturemaps.org/getting-data/",
        "source_release": "2026-09-23.1",
        "source_accessed_on": "2026-09-28",
        "geometry_role": "current building-footprint polygon",
        "linkage_semantics": "Overlap/proximity only; not evidence that the building hosts AI compute."
      }
    },
    {
      "type": "Feature",
      "id": "6fb2b749-251f-44ba-9df4-b22d53258d04",
      "geometry": {
        "type": "Polygon",
        "coordinates": [
          [
            [
              -86.6191569,
              34.8318615
            ],
            [
              -86.6190678,
              34.8318566
            ],
            [
              -86.6190624,
              34.8319223
            ],
            [
              -86.6191515,
              34.8319273
            ],
            [
              -86.6191569,
              34.8318615
            ]
          ]
        ]
      },
      "properties": {
        "epoch_id": "EPOCH-27e284efc1b1abc2",
        "site_name": "Meta Huntsville",
        "distance_to_site_km": 1.9052,
        "footprint_area_m2_webmercator": 88.85,
        "source_dataset": "Overture Maps buildings",
        "source_url": "https://docs.overturemaps.org/getting-data/",
        "source_release": "2026-09-23.1",
        "source_accessed_on": "2026-09-28",
        "geometry_role": "current building-footprint polygon",
        "linkage_semantics": "Overlap/proximity only; not evidence that the building hosts AI compute."
      }
    },
    {
      "type": "Feature",
      "id": "527836c3-4c0f-4eca-961a-59a504b6e2a8",
      "geometry": {
        "type": "Polygon",
        "coordinates": [
          [
            [
              -86.6186969,
              34.8325463
            ],
            [
              -86.6187698,
              34.8326403
            ],
            [
              -86.6189626,
              34.8325396
            ],
            [
              -86.6188897,
              34.8324456
            ],
            [
              -86.6186969,
              34.8325463
            ]
          ]
        ]
      },
      "properties": {
        "epoch_id": "EPOCH-27e284efc1b1abc2",
        "site_name": "Meta Huntsville",
        "distance_to_site_km": 1.848,
        "footprint_area_m2_webmercator": 384.43,
        "source_dataset": "Overture Maps buildings",
        "source_url": "https://docs.overturemaps.org/getting-data/",
        "source_release": "2026-09-23.1",
        "source_accessed_on": "2026-09-28",
        "geometry_role": "current building-footprint polygon",
        "linkage_semantics": "Overlap/proximity only; not evidence that the building hosts AI compute."
      }
    },
    {
      "type": "Feature",
      "id": "42154bd5-17f2-471d-80a9-2f33ef37086b",
      "geometry": {
        "type": "Polygon",
        "coordinates": [
          [
            [
              -86.6198934,
              34.8331226
            ],
            [
              -86.6199698,
              34.8330182
            ],
            [
              -86.6197529,
              34.8329113
            ],
            [
              -86.6196831,
              34.8330067
            ],
            [
              -86.6197257,
              34.8330277
            ],
            [
              -86.6196878,
              34.8330795
            ],
            [
              -86.6197694,
              34.8331197
            ],
            [
              -86.6198007,
              34.8330769
            ],
            [
              -86.6198934,
              34.8331226
            ]
          ]
        ]
      },
      "properties": {
        "epoch_id": "EPOCH-27e284efc1b1abc2",
        "site_name": "Meta Huntsville",
        "distance_to_site_km": 1.7644,
        "footprint_area_m2_webmercator": 528.98,
        "source_dataset": "Overture Maps buildings",
        "source_url": "https://docs.overturemaps.org/getting-data/",
        "source_release": "2026-09-23.1",
        "source_accessed_on": "2026-09-28",
        "geometry_role": "current building-footprint polygon",
        "linkage_semantics": "Overlap/proximity only; not evidence that the building hosts AI compute."
      }
    },
    {
      "type": "Feature",
      "id": "7327a25e-35bf-4351-a650-74f3dc248ea4",
      "geometry": {
        "type": "Polygon",
        "coordinates": [
          [
            [
              -86.6202902,
              34.8324467
            ],
            [
              -86.6203734,
              34.8324834
            ],
            [
              -86.6205133,
              34.83227
            ],
            [
              -86.6202907,
              34.8321717
            ],
            [
              -86.6201944,
              34.8323186
            ],
            [
              -86.6202548,
              34.8323452
            ],
            [
              -86.6202671,
              34.8323264
            ],
            [
              -86.6203461,
              34.8323613
            ],
            [
              -86.6202902,
              34.8324467
            ]
          ]
        ]
      },
      "properties": {
        "epoch_id": "EPOCH-27e284efc1b1abc2",
        "site_name": "Meta Huntsville",
        "distance_to_site_km": 1.822,
        "footprint_area_m2_webmercator": 715.31,
        "source_dataset": "Overture Maps buildings",
        "source_url": "https://docs.overturemaps.org/getting-data/",
        "source_release": "2026-09-23.1",
        "source_accessed_on": "2026-09-28",
        "geometry_role": "current building-footprint polygon",
        "linkage_semantics": "Overlap/proximity only; not evidence that the building hosts AI compute."
      }
    },
    {
      "type": "Feature",
      "id": "42c1532a-6a9c-4993-90e2-20d39aef9669",
      "geometry": {
        "type": "Polygon",
        "coordinates": [
          [
            [
              -86.620329,
              34.8344244
            ],
            [
              -86.6202971,
              34.8345154
            ],
            [
              -86.6200965,
              34.8344679
            ],
            [
              -86.6200761,
              34.8345257
            ],
            [
              -86.620056,
              34.8345517
            ],
            [
              -86.6200866,
              34.8345677
            ],
            [
              -86.6200405,
              34.8346271
            ],
            [
              -86.6200365,
              34.8346386
            ],
            [
              -86.6202703,
              34.834694
            ],
            [
              -86.6203041,
              34.8346504
            ],
            [
              -86.620285,
              34.8346404
            ],
            [
              -86.6203297,
              34.8345827
            ],
            [
              -86.620343,
              34.8345447
            ],
            [
              -86.6204339,
              34.8344275
            ],
            [
              -86.6203575,
              34.8343877
            ],
            [
              -86.620329,
              34.8344244
            ]
          ]
        ]
      },
      "properties": {
        "epoch_id": "EPOCH-27e284efc1b1abc2",
        "site_name": "Meta Huntsville",
        "distance_to_site_km": 1.5922,
        "footprint_area_m2_webmercator": 829.74,
        "source_dataset": "Overture Maps buildings",
        "source_url": "https://docs.overturemaps.org/getting-data/",
        "source_release": "2026-09-23.1",
        "source_accessed_on": "2026-09-28",
        "geometry_role": "current building-footprint polygon",
        "linkage_semantics": "Overlap/proximity only; not evidence that the building hosts AI compute."
      }
    },
    {
      "type": "Feature",
      "id": "3882e9e3-c278-4f83-b425-15abc871c57b",
      "geometry": {
        "type": "Polygon",
        "coordinates": [
          [
            [
              -86.6199628,
              34.8346229
            ],
            [
              -86.6198456,
              34.8345943
            ],
            [
              -86.6198188,
              34.8346682
            ],
            [
              -86.6199359,
              34.8346968
            ],
            [
              -86.6199628,
              34.8346229
            ]
          ]
        ]
      },
      "properties": {
        "epoch_id": "EPOCH-27e284efc1b1abc2",
        "site_name": "Meta Huntsville",
        "distance_to_site_km": 1.595,
        "footprint_area_m2_webmercator": 142.3,
        "source_dataset": "Overture Maps buildings",
        "source_url": "https://docs.overturemaps.org/getting-data/",
        "source_release": "2026-09-23.1",
        "source_accessed_on": "2026-09-28",
        "geometry_role": "current building-footprint polygon",
        "linkage_semantics": "Overlap/proximity only; not evidence that the building hosts AI compute."
      }
    },
    {
      "type": "Feature",
      "id": "0426b5bb-9ec7-44e0-b0e8-a54c432caefa",
      "geometry": {
        "type": "Polygon",
        "coordinates": [
          [
            [
              -86.619583,
              34.8333932
            ],
            [
              -86.6196335,
              34.8334127
            ],
            [
              -86.6196707,
              34.8333479
            ],
            [
              -86.6196202,
              34.8333283
            ],
            [
              -86.619583,
              34.8333932
            ]
          ]
        ]
      },
      "properties": {
        "epoch_id": "EPOCH-27e284efc1b1abc2",
        "site_name": "Meta Huntsville",
        "distance_to_site_km": 1.7351,
        "footprint_area_m2_webmercator": 60.42,
        "source_dataset": "Overture Maps buildings",
        "source_url": "https://docs.overturemaps.org/getting-data/",
        "source_release": "2026-09-23.1",
        "source_accessed_on": "2026-09-28",
        "geometry_role": "current building-footprint polygon",
        "linkage_semantics": "Overlap/proximity only; not evidence that the building hosts AI compute."
      }
    },
    {
      "type": "Feature",
      "id": "dee6f8d8-caf3-4395-b232-6f62e4d7caee",
      "geometry": {
        "type": "Polygon",
        "coordinates": [
          [
            [
              -86.6194415,
              34.8343127
            ],
            [
              -86.619445,
              34.8341983
            ],
            [
              -86.6193271,
              34.8341959
            ],
            [
              -86.6193236,
              34.8343103
            ],
            [
              -86.6194415,
              34.8343127
            ]
          ]
        ]
      },
      "properties": {
        "epoch_id": "EPOCH-27e284efc1b1abc2",
        "site_name": "Meta Huntsville",
        "distance_to_site_km": 1.6534,
        "footprint_area_m2_webmercator": 203.76,
        "source_dataset": "Overture Maps buildings",
        "source_url": "https://docs.overturemaps.org/getting-data/",
        "source_release": "2026-09-23.1",
        "source_accessed_on": "2026-09-28",
        "geometry_role": "current building-footprint polygon",
        "linkage_semantics": "Overlap/proximity only; not evidence that the building hosts AI compute."
      }
    },
    {
      "type": "Feature",
      "id": "226117c1-f679-42b3-9eb8-7bc4feef66c7",
      "geometry": {
        "type": "Polygon",
        "coordinates": [
          [
            [
              -86.6198952,
              34.8362452
            ],
            [
              -86.6199762,
              34.8362383
            ],
            [
              -86.6199722,
              34.8362068
            ],
            [
              -86.6201368,
              34.8361929
            ],
            [
              -86.6201256,
              34.8361036
            ],
            [
              -86.6198801,
              34.8361244
            ],
            [
              -86.6198952,
              34.8362452
            ]
          ]
        ]
      },
      "properties": {
        "epoch_id": "EPOCH-27e284efc1b1abc2",
        "site_name": "Meta Huntsville",
        "distance_to_site_km": 1.4369,
        "footprint_area_m2_webmercator": 373.37,
        "source_dataset": "Overture Maps buildings",
        "source_url": "https://docs.overturemaps.org/getting-data/",
        "source_release": "2026-09-23.1",
        "source_accessed_on": "2026-09-28",
        "geometry_role": "current building-footprint polygon",
        "linkage_semantics": "Overlap/proximity only; not evidence that the building hosts AI compute."
      }
    },
    {
      "type": "Feature",
      "id": "b6b26bc7-a343-48e3-8b33-b9e2bfc62982",
      "geometry": {
        "type": "Polygon",
        "coordinates": [
          [
            [
              -86.6199077,
              34.8352521
            ],
            [
              -86.619847,
              34.8352881
            ],
            [
              -86.6198852,
              34.8353315
            ],
            [
              -86.6197133,
              34.8354334
            ],
            [
              -86.6197655,
              34.8354927
            ],
            [
              -86.6197901,
              34.8354781
            ],
            [
              -86.6198283,
              34.8355215
            ],
            [
              -86.6199975,
              34.8354212
            ],
            [
              -86.6199568,
              34.8353749
            ],
            [
              -86.6199956,
              34.8353519
            ],
            [
              -86.6199077,
              34.8352521
            ]
          ]
        ]
      },
      "properties": {
        "epoch_id": "EPOCH-27e284efc1b1abc2",
        "site_name": "Meta Huntsville",
        "distance_to_site_km": 1.519,
        "footprint_area_m2_webmercator": 543.61,
        "source_dataset": "Overture Maps buildings",
        "source_url": "https://docs.overturemaps.org/getting-data/",
        "source_release": "2026-09-23.1",
        "source_accessed_on": "2026-09-28",
        "geometry_role": "current building-footprint polygon",
        "linkage_semantics": "Overlap/proximity only; not evidence that the building hosts AI compute."
      }
    },
    {
      "type": "Feature",
      "id": "5804eddc-bb06-4185-9a85-de37f4faf912",
      "geometry": {
        "type": "Polygon",
        "coordinates": [
          [
            [
              -86.6194876,
              34.8382263
            ],
            [
              -86.6194774,
              34.8382208
            ],
            [
              -86.6195588,
              34.8381195
            ],
            [
              -86.619514,
              34.8380952
            ],
            [
              -86.6194881,
              34.8381274
            ],
            [
              -86.6193946,
              34.8380769
            ],
            [
              -86.619346,
              34.8381373
            ],
            [
              -86.6193161,
              34.8381211
            ],
            [
              -86.6192673,
              34.8381818
            ],
            [
              -86.6194457,
              34.8382784
            ],
            [
              -86.6194876,
              34.8382263
            ]
          ]
        ]
      },
      "properties": {
        "epoch_id": "EPOCH-27e284efc1b1abc2",
        "site_name": "Meta Huntsville",
        "distance_to_site_km": 1.2671,
        "footprint_area_m2_webmercator": 445.26,
        "source_dataset": "Overture Maps buildings",
        "source_url": "https://docs.overturemaps.org/getting-data/",
        "source_release": "2026-09-23.1",
        "source_accessed_on": "2026-09-28",
        "geometry_role": "current building-footprint polygon",
        "linkage_semantics": "Overlap/proximity only; not evidence that the building hosts AI compute."
      }
    },
    {
      "type": "Feature",
      "id": "c89d5ca4-8d1b-4928-9942-f3f0c9f2f014",
      "geometry": {
        "type": "Polygon",
        "coordinates": [
          [
            [
              -86.6193096,
              34.8380231
            ],
            [
              -86.6193778,
              34.8380648
            ],
            [
              -86.6194466,
              34.837989
            ],
            [
              -86.6193784,
              34.8379473
            ],
            [
              -86.6193096,
              34.8380231
            ]
          ]
        ]
      },
      "properties": {
        "epoch_id": "EPOCH-27e284efc1b1abc2",
        "site_name": "Meta Huntsville",
        "distance_to_site_km": 1.2845,
        "footprint_area_m2_webmercator": 121.37,
        "source_dataset": "Overture Maps buildings",
        "source_url": "https://docs.overturemaps.org/getting-data/",
        "source_release": "2026-09-23.1",
        "source_accessed_on": "2026-09-28",
        "geometry_role": "current building-footprint polygon",
        "linkage_semantics": "Overlap/proximity only; not evidence that the building hosts AI compute."
      }
    },
    {
      "type": "Feature",
      "id": "d823dcc7-b02e-4f95-a34b-b6f32b7f76ad",
      "geometry": {
        "type": "Polygon",
        "coordinates": [
          [
            [
              -86.6196352,
              34.8366567
            ],
            [
              -86.6196674,
              34.8366567
            ],
            [
              -86.6196671,
              34.8364695
            ],
            [
              -86.6195759,
              34.8364696
            ],
            [
              -86.619576,
              34.8365665
            ],
            [
              -86.6194191,
              34.8365666
            ],
            [
              -86.6194193,
              34.8367075
            ],
            [
              -86.6196352,
              34.8367073
            ],
            [
              -86.6196352,
              34.8366567
            ]
          ]
        ]
      },
      "properties": {
        "epoch_id": "EPOCH-27e284efc1b1abc2",
        "site_name": "Meta Huntsville",
        "distance_to_site_km": 1.4111,
        "footprint_area_m2_webmercator": 636.66,
        "source_dataset": "Overture Maps buildings",
        "source_url": "https://docs.overturemaps.org/getting-data/",
        "source_release": "2026-09-23.1",
        "source_accessed_on": "2026-09-28",
        "geometry_role": "current building-footprint polygon",
        "linkage_semantics": "Overlap/proximity only; not evidence that the building hosts AI compute."
      }
    },
    {
      "type": "Feature",
      "id": "42cd3c9e-c9dc-4359-909c-3bdb4d2ee63a",
      "geometry": {
        "type": "Polygon",
        "coordinates": [
          [
            [
              -86.619002,
              34.837619
            ],
            [
              -86.6190157,
              34.8377235
            ],
            [
              -86.6191469,
              34.8377119
            ],
            [
              -86.6191279,
              34.8375673
            ],
            [
              -86.6191532,
              34.8375651
            ],
            [
              -86.6191433,
              34.8374899
            ],
            [
              -86.6191154,
              34.8374923
            ],
            [
              -86.61911,
              34.837451
            ],
            [
              -86.6189496,
              34.8374651
            ],
            [
              -86.6189702,
              34.8376218
            ],
            [
              -86.619002,
              34.837619
            ]
          ]
        ]
      },
      "properties": {
        "epoch_id": "EPOCH-27e284efc1b1abc2",
        "site_name": "Meta Huntsville",
        "distance_to_site_km": 1.3403,
        "footprint_area_m2_webmercator": 626.76,
        "source_dataset": "Overture Maps buildings",
        "source_url": "https://docs.overturemaps.org/getting-data/",
        "source_release": "2026-09-23.1",
        "source_accessed_on": "2026-09-28",
        "geometry_role": "current building-footprint polygon",
        "linkage_semantics": "Overlap/proximity only; not evidence that the building hosts AI compute."
      }
    },
    {
      "type": "Feature",
      "id": "6fc544d9-d319-4d3b-991e-0a1c30eb6b52",
      "geometry": {
        "type": "Polygon",
        "coordinates": [
          [
            [
              -86.6185756,
              34.8361892
            ],
            [
              -86.6185876,
              34.8361996
            ],
            [
              -86.6185425,
              34.8362348
            ],
            [
              -86.6186931,
              34.8363649
            ],
            [
              -86.6187467,
              34.8363231
            ],
            [
              -86.6186979,
              34.8362809
            ],
            [
              -86.6187726,
              34.8362227
            ],
            [
              -86.6188583,
              34.8362967
            ],
            [
              -86.6189493,
              34.8362258
            ],
            [
              -86.6188796,
              34.8361656
            ],
            [
              -86.6188261,
              34.8362074
            ],
            [
              -86.6186962,
              34.8360952
            ],
            [
              -86.6185756,
              34.8361892
            ]
          ]
        ]
      },
      "properties": {
        "epoch_id": "EPOCH-27e284efc1b1abc2",
        "site_name": "Meta Huntsville",
        "distance_to_site_km": 1.4853,
        "footprint_area_m2_webmercator": 691.68,
        "source_dataset": "Overture Maps buildings",
        "source_url": "https://docs.overturemaps.org/getting-data/",
        "source_release": "2026-09-23.1",
        "source_accessed_on": "2026-09-28",
        "geometry_role": "current building-footprint polygon",
        "linkage_semantics": "Overlap/proximity only; not evidence that the building hosts AI compute."
      }
    },
    {
      "type": "Feature",
      "id": "24b0f624-f8fe-4ed6-a62a-3a0db0cb6f31",
      "geometry": {
        "type": "Polygon",
        "coordinates": [
          [
            [
              -86.6181286,
              34.8384089
            ],
            [
              -86.6180417,
              34.8384615
            ],
            [
              -86.6180916,
              34.8385171
            ],
            [
              -86.6180395,
              34.8385486
            ],
            [
              -86.6180843,
              34.8385985
            ],
            [
              -86.6181434,
              34.8385628
            ],
            [
              -86.6181665,
              34.8385885
            ],
            [
              -86.6182464,
              34.8385401
            ],
            [
              -86.6181286,
              34.8384089
            ]
          ]
        ]
      },
      "properties": {
        "epoch_id": "EPOCH-27e284efc1b1abc2",
        "site_name": "Meta Huntsville",
        "distance_to_site_km": 1.3029,
        "footprint_area_m2_webmercator": 322.14,
        "source_dataset": "Overture Maps buildings",
        "source_url": "https://docs.overturemaps.org/getting-data/",
        "source_release": "2026-09-23.1",
        "source_accessed_on": "2026-09-28",
        "geometry_role": "current building-footprint polygon",
        "linkage_semantics": "Overlap/proximity only; not evidence that the building hosts AI compute."
      }
    },
    {
      "type": "Feature",
      "id": "4cffea45-9675-4381-a9ae-8a3fd379b459",
      "geometry": {
        "type": "Polygon",
        "coordinates": [
          [
            [
              -86.6186565,
              34.838953
            ],
            [
              -86.6187351,
              34.8389901
            ],
            [
              -86.6187924,
              34.8389084
            ],
            [
              -86.6189253,
              34.8389713
            ],
            [
              -86.6189828,
              34.8388893
            ],
            [
              -86.6189498,
              34.8388737
            ],
            [
              -86.6190066,
              34.8387927
            ],
            [
              -86.6189341,
              34.8387584
            ],
            [
              -86.6189179,
              34.8387816
            ],
            [
              -86.6188595,
              34.8387539
            ],
            [
              -86.6188402,
              34.8387813
            ],
            [
              -86.6187928,
              34.8387589
            ],
            [
              -86.6186565,
              34.838953
            ]
          ]
        ]
      },
      "properties": {
        "epoch_id": "EPOCH-27e284efc1b1abc2",
        "site_name": "Meta Huntsville",
        "distance_to_site_km": 1.2325,
        "footprint_area_m2_webmercator": 692.54,
        "source_dataset": "Overture Maps buildings",
        "source_url": "https://docs.overturemaps.org/getting-data/",
        "source_release": "2026-09-23.1",
        "source_accessed_on": "2026-09-28",
        "geometry_role": "current building-footprint polygon",
        "linkage_semantics": "Overlap/proximity only; not evidence that the building hosts AI compute."
      }
    },
    {
      "type": "Feature",
      "id": "5bb50c0f-2f81-4102-8428-d2b86f6f5413",
      "geometry": {
        "type": "Polygon",
        "coordinates": [
          [
            [
              -86.6205304,
              34.8437049
            ],
            [
              -86.6205257,
              34.8435984
            ],
            [
              -86.6203248,
              34.8436044
            ],
            [
              -86.6203295,
              34.8437109
            ],
            [
              -86.6205304,
              34.8437049
            ]
          ]
        ]
      },
      "properties": {
        "epoch_id": "EPOCH-27e284efc1b1abc2",
        "site_name": "Meta Huntsville",
        "distance_to_site_km": 0.7436,
        "footprint_area_m2_webmercator": 323.48,
        "source_dataset": "Overture Maps buildings",
        "source_url": "https://docs.overturemaps.org/getting-data/",
        "source_release": "2026-09-23.1",
        "source_accessed_on": "2026-09-28",
        "geometry_role": "current building-footprint polygon",
        "linkage_semantics": "Overlap/proximity only; not evidence that the building hosts AI compute."
      }
    },
    {
      "type": "Feature",
      "id": "80a344c9-90f5-43aa-a0fa-32d7eb71ca2b",
      "geometry": {
        "type": "Polygon",
        "coordinates": [
          [
            [
              -86.6199916,
              34.8432486
            ],
            [
              -86.6199957,
              34.8433221
            ],
            [
              -86.6200893,
              34.8433186
            ],
            [
              -86.6200852,
              34.8432451
            ],
            [
              -86.6199916,
              34.8432486
            ]
          ]
        ]
      },
      "properties": {
        "epoch_id": "EPOCH-27e284efc1b1abc2",
        "site_name": "Meta Huntsville",
        "distance_to_site_km": 0.797,
        "footprint_area_m2_webmercator": 104.09,
        "source_dataset": "Overture Maps buildings",
        "source_url": "https://docs.overturemaps.org/getting-data/",
        "source_release": "2026-09-23.1",
        "source_accessed_on": "2026-09-28",
        "geometry_role": "current building-footprint polygon",
        "linkage_semantics": "Overlap/proximity only; not evidence that the building hosts AI compute."
      }
    },
    {
      "type": "Feature",
      "id": "4077c66c-d6fc-4d6e-abd9-897fbe3ed7ae",
      "geometry": {
        "type": "Polygon",
        "coordinates": [
          [
            [
              -86.6191934,
              34.8426457
            ],
            [
              -86.619196,
              34.8427161
            ],
            [
              -86.6194774,
              34.842709
            ],
            [
              -86.6194728,
              34.842588
            ],
            [
              -86.6192558,
              34.8425935
            ],
            [
              -86.6192577,
              34.8426441
            ],
            [
              -86.6191934,
              34.8426457
            ]
          ]
        ]
      },
      "properties": {
        "epoch_id": "EPOCH-27e284efc1b1abc2",
        "site_name": "Meta Huntsville",
        "distance_to_site_km": 0.8904,
        "footprint_area_m2_webmercator": 465.27,
        "source_dataset": "Overture Maps buildings",
        "source_url": "https://docs.overturemaps.org/getting-data/",
        "source_release": "2026-09-23.1",
        "source_accessed_on": "2026-09-28",
        "geometry_role": "current building-footprint polygon",
        "linkage_semantics": "Overlap/proximity only; not evidence that the building hosts AI compute."
      }
    },
    {
      "type": "Feature",
      "id": "52454046-2576-4a04-8bf8-db784232551d",
      "geometry": {
        "type": "Polygon",
        "coordinates": [
          [
            [
              -86.6195771,
              34.8429836
            ],
            [
              -86.6194618,
              34.8429845
            ],
            [
              -86.6194644,
              34.8432191
            ],
            [
              -86.6196184,
              34.8432179
            ],
            [
              -86.6196162,
              34.843023
            ],
            [
              -86.6195775,
              34.8430232
            ],
            [
              -86.6195771,
              34.8429836
            ]
          ]
        ]
      },
      "properties": {
        "epoch_id": "EPOCH-27e284efc1b1abc2",
        "site_name": "Meta Huntsville",
        "distance_to_site_km": 0.8452,
        "footprint_area_m2_webmercator": 522.31,
        "source_dataset": "Overture Maps buildings",
        "source_url": "https://docs.overturemaps.org/getting-data/",
        "source_release": "2026-09-23.1",
        "source_accessed_on": "2026-09-28",
        "geometry_role": "current building-footprint polygon",
        "linkage_semantics": "Overlap/proximity only; not evidence that the building hosts AI compute."
      }
    },
    {
      "type": "Feature",
      "id": "090b7e9f-d087-49b6-a7b8-91559ca577b3",
      "geometry": {
        "type": "Polygon",
        "coordinates": [
          [
            [
              -86.6174674,
              34.8428587
            ],
            [
              -86.6177756,
              34.842852
            ],
            [
              -86.6177721,
              34.842742
            ],
            [
              -86.6175469,
              34.8427469
            ],
            [
              -86.6175466,
              34.842735
            ],
            [
              -86.6174635,
              34.8427368
            ],
            [
              -86.6174674,
              34.8428587
            ]
          ]
        ]
      },
      "properties": {
        "epoch_id": "EPOCH-27e284efc1b1abc2",
        "site_name": "Meta Huntsville",
        "distance_to_site_km": 1.0072,
        "footprint_area_m2_webmercator": 527.18,
        "source_dataset": "Overture Maps buildings",
        "source_url": "https://docs.overturemaps.org/getting-data/",
        "source_release": "2026-09-23.1",
        "source_accessed_on": "2026-09-28",
        "geometry_role": "current building-footprint polygon",
        "linkage_semantics": "Overlap/proximity only; not evidence that the building hosts AI compute."
      }
    },
    {
      "type": "Feature",
      "id": "b1ea96fc-ae26-4b94-975f-178415b30c1d",
      "geometry": {
        "type": "Polygon",
        "coordinates": [
          [
            [
              -86.6175434,
              34.8432704
            ],
            [
              -86.6175455,
              34.8431978
            ],
            [
              -86.6173016,
              34.8431929
            ],
            [
              -86.6172994,
              34.8432655
            ],
            [
              -86.6175434,
              34.8432704
            ]
          ]
        ]
      },
      "properties": {
        "epoch_id": "EPOCH-27e284efc1b1abc2",
        "site_name": "Meta Huntsville",
        "distance_to_site_km": 0.9965,
        "footprint_area_m2_webmercator": 267.57,
        "source_dataset": "Overture Maps buildings",
        "source_url": "https://docs.overturemaps.org/getting-data/",
        "source_release": "2026-09-23.1",
        "source_accessed_on": "2026-09-28",
        "geometry_role": "current building-footprint polygon",
        "linkage_semantics": "Overlap/proximity only; not evidence that the building hosts AI compute."
      }
    },
    {
      "type": "Feature",
      "id": "98ea9e28-3298-443f-ac13-7e99f7d2ecf7",
      "geometry": {
        "type": "Polygon",
        "coordinates": [
          [
            [
              -86.6223728,
              34.8519846
            ],
            [
              -86.6222737,
              34.8519708
            ],
            [
              -86.6222511,
              34.8520799
            ],
            [
              -86.6223502,
              34.8520937
            ],
            [
              -86.6223728,
              34.8519846
            ]
          ]
        ]
      },
      "properties": {
        "epoch_id": "EPOCH-27e284efc1b1abc2",
        "site_name": "Meta Huntsville",
        "distance_to_site_km": 0.6222,
        "footprint_area_m2_webmercator": 167.97,
        "source_dataset": "Overture Maps buildings",
        "source_url": "https://docs.overturemaps.org/getting-data/",
        "source_release": "2026-09-23.1",
        "source_accessed_on": "2026-09-28",
        "geometry_role": "current building-footprint polygon",
        "linkage_semantics": "Overlap/proximity only; not evidence that the building hosts AI compute."
      }
    },
    {
      "type": "Feature",
      "id": "481cfc36-3d86-446d-801e-b570eda87462",
      "geometry": {
        "type": "Polygon",
        "coordinates": [
          [
            [
              -86.6205306,
              34.843309
            ],
            [
              -86.6205344,
              34.8433484
            ],
            [
              -86.6206251,
              34.8433425
            ],
            [
              -86.620613,
              34.8432178
            ],
            [
              -86.6205544,
              34.8432216
            ],
            [
              -86.6205523,
              34.8431997
            ],
            [
              -86.620483,
              34.8432042
            ],
            [
              -86.6204831,
              34.8432054
            ],
            [
              -86.6204176,
              34.8432096
            ],
            [
              -86.6204191,
              34.843225
            ],
            [
              -86.6203166,
              34.8432316
            ],
            [
              -86.6203273,
              34.843342
            ],
            [
              -86.6204046,
              34.843337
            ],
            [
              -86.6204027,
              34.8433173
            ],
            [
              -86.6205306,
              34.843309
            ]
          ]
        ]
      },
      "properties": {
        "epoch_id": "EPOCH-27e284efc1b1abc2",
        "site_name": "Meta Huntsville",
        "distance_to_site_km": 0.7674,
        "footprint_area_m2_webmercator": 513.01,
        "source_dataset": "Overture Maps buildings",
        "source_url": "https://docs.overturemaps.org/getting-data/",
        "source_release": "2026-09-23.1",
        "source_accessed_on": "2026-09-28",
        "geometry_role": "current building-footprint polygon",
        "linkage_semantics": "Overlap/proximity only; not evidence that the building hosts AI compute."
      }
    },
    {
      "type": "Feature",
      "id": "b58f7e32-9cb5-4b6b-ab71-d736715bc30b",
      "geometry": {
        "type": "Polygon",
        "coordinates": [
          [
            [
              -86.6209276,
              34.8424821
            ],
            [
              -86.6210964,
              34.8424871
            ],
            [
              -86.6211012,
              34.8423783
            ],
            [
              -86.6208253,
              34.8423701
            ],
            [
              -86.6208222,
              34.8424394
            ],
            [
              -86.6209294,
              34.8424425
            ],
            [
              -86.6209276,
              34.8424821
            ]
          ]
        ]
      },
      "properties": {
        "epoch_id": "EPOCH-27e284efc1b1abc2",
        "site_name": "Meta Huntsville",
        "distance_to_site_km": 0.8018,
        "footprint_area_m2_webmercator": 389.83,
        "source_dataset": "Overture Maps buildings",
        "source_url": "https://docs.overturemaps.org/getting-data/",
        "source_release": "2026-09-23.1",
        "source_accessed_on": "2026-09-28",
        "geometry_role": "current building-footprint polygon",
        "linkage_semantics": "Overlap/proximity only; not evidence that the building hosts AI compute."
      }
    },
    {
      "type": "Feature",
      "id": "9d6467c3-966e-4793-ba10-11f0412a9669",
      "geometry": {
        "type": "Polygon",
        "coordinates": [
          [
            [
              -86.6210409,
              34.8430773
            ],
            [
              -86.6210079,
              34.8430317
            ],
            [
              -86.6208967,
              34.8430857
            ],
            [
              -86.6209296,
              34.8431314
            ],
            [
              -86.6210409,
              34.8430773
            ]
          ]
        ]
      },
      "properties": {
        "epoch_id": "EPOCH-27e284efc1b1abc2",
        "site_name": "Meta Huntsville",
        "distance_to_site_km": 0.749,
        "footprint_area_m2_webmercator": 103.57,
        "source_dataset": "Overture Maps buildings",
        "source_url": "https://docs.overturemaps.org/getting-data/",
        "source_release": "2026-09-23.1",
        "source_accessed_on": "2026-09-28",
        "geometry_role": "current building-footprint polygon",
        "linkage_semantics": "Overlap/proximity only; not evidence that the building hosts AI compute."
      }
    },
    {
      "type": "Feature",
      "id": "5e13ba60-f15d-4765-8d16-f66512fe0c09",
      "geometry": {
        "type": "Polygon",
        "coordinates": [
          [
            [
              -86.6210676,
              34.843027
            ],
            [
              -86.6212435,
              34.8429296
            ],
            [
              -86.6211789,
              34.842851
            ],
            [
              -86.621003,
              34.8429483
            ],
            [
              -86.6210676,
              34.843027
            ]
          ]
        ]
      },
      "properties": {
        "epoch_id": "EPOCH-27e284efc1b1abc2",
        "site_name": "Meta Huntsville",
        "distance_to_site_km": 0.7504,
        "footprint_area_m2_webmercator": 303.84,
        "source_dataset": "Overture Maps buildings",
        "source_url": "https://docs.overturemaps.org/getting-data/",
        "source_release": "2026-09-23.1",
        "source_accessed_on": "2026-09-28",
        "geometry_role": "current building-footprint polygon",
        "linkage_semantics": "Overlap/proximity only; not evidence that the building hosts AI compute."
      }
    },
    {
      "type": "Feature",
      "id": "95febd98-b67c-4f73-b17e-621a53c0274b",
      "geometry": {
        "type": "Polygon",
        "coordinates": [
          [
            [
              -86.6218152,
              34.8437334
            ],
            [
              -86.6219866,
              34.8437281
            ],
            [
              -86.6219828,
              34.8436457
            ],
            [
              -86.6218113,
              34.843651
            ],
            [
              -86.6218152,
              34.8437334
            ]
          ]
        ]
      },
      "properties": {
        "epoch_id": "EPOCH-27e284efc1b1abc2",
        "site_name": "Meta Huntsville",
        "distance_to_site_km": 0.6412,
        "footprint_area_m2_webmercator": 213.62,
        "source_dataset": "Overture Maps buildings",
        "source_url": "https://docs.overturemaps.org/getting-data/",
        "source_release": "2026-09-23.1",
        "source_accessed_on": "2026-09-28",
        "geometry_role": "current building-footprint polygon",
        "linkage_semantics": "Overlap/proximity only; not evidence that the building hosts AI compute."
      }
    },
    {
      "type": "Feature",
      "id": "665e6b7e-9587-4a33-b42d-b3667fa40968",
      "geometry": {
        "type": "Polygon",
        "coordinates": [
          [
            [
              -86.621873,
              34.8427112
            ],
            [
              -86.621869,
              34.8426519
            ],
            [
              -86.6217567,
              34.8426569
            ],
            [
              -86.6217607,
              34.8427162
            ],
            [
              -86.621873,
              34.8427112
            ]
          ]
        ]
      },
      "properties": {
        "epoch_id": "EPOCH-27e284efc1b1abc2",
        "site_name": "Meta Huntsville",
        "distance_to_site_km": 0.7303,
        "footprint_area_m2_webmercator": 100.85,
        "source_dataset": "Overture Maps buildings",
        "source_url": "https://docs.overturemaps.org/getting-data/",
        "source_release": "2026-09-23.1",
        "source_accessed_on": "2026-09-28",
        "geometry_role": "current building-footprint polygon",
        "linkage_semantics": "Overlap/proximity only; not evidence that the building hosts AI compute."
      }
    },
    {
      "type": "Feature",
      "id": "dfea9d00-7bcb-4566-8bf7-78b8722eb804",
      "geometry": {
        "type": "Polygon",
        "coordinates": [
          [
            [
              -86.6218484,
              34.8423895
            ],
            [
              -86.6221282,
              34.8423081
            ],
            [
              -86.6220737,
              34.842182
            ],
            [
              -86.6218736,
              34.8422402
            ],
            [
              -86.6218841,
              34.8422646
            ],
            [
              -86.6218045,
              34.8422878
            ],
            [
              -86.6218484,
              34.8423895
            ]
          ]
        ]
      },
      "properties": {
        "epoch_id": "EPOCH-27e284efc1b1abc2",
        "site_name": "Meta Huntsville",
        "distance_to_site_km": 0.7571,
        "footprint_area_m2_webmercator": 566.65,
        "source_dataset": "Overture Maps buildings",
        "source_url": "https://docs.overturemaps.org/getting-data/",
        "source_release": "2026-09-23.1",
        "source_accessed_on": "2026-09-28",
        "geometry_role": "current building-footprint polygon",
        "linkage_semantics": "Overlap/proximity only; not evidence that the building hosts AI compute."
      }
    },
    {
      "type": "Feature",
      "id": "023cde86-d279-4b38-aae6-6dc599ad0254",
      "geometry": {
        "type": "Polygon",
        "coordinates": [
          [
            [
              -86.6228345,
              34.8424614
            ],
            [
              -86.6229203,
              34.8424603
            ],
            [
              -86.6229198,
              34.8424317
            ],
            [
              -86.6230995,
              34.8424295
            ],
            [
              -86.6230977,
              34.8423337
            ],
            [
              -86.6228322,
              34.842337
            ],
            [
              -86.6228345,
              34.8424614
            ]
          ]
        ]
      },
      "properties": {
        "epoch_id": "EPOCH-27e284efc1b1abc2",
        "site_name": "Meta Huntsville",
        "distance_to_site_km": 0.6984,
        "footprint_area_m2_webmercator": 421.15,
        "source_dataset": "Overture Maps buildings",
        "source_url": "https://docs.overturemaps.org/getting-data/",
        "source_release": "2026-09-23.1",
        "source_accessed_on": "2026-09-28",
        "geometry_role": "current building-footprint polygon",
        "linkage_semantics": "Overlap/proximity only; not evidence that the building hosts AI compute."
      }
    },
    {
      "type": "Feature",
      "id": "445d2f83-45ef-4913-b80d-99bb21b5a525",
      "geometry": {
        "type": "Polygon",
        "coordinates": [
          [
            [
              -86.6228595,
              34.8427434
            ],
            [
              -86.6229078,
              34.8427441
            ],
            [
              -86.622907,
              34.8427793
            ],
            [
              -86.6230813,
              34.8427818
            ],
            [
              -86.6230843,
              34.8426432
            ],
            [
              -86.6228618,
              34.8426399
            ],
            [
              -86.6228595,
              34.8427434
            ]
          ]
        ]
      },
      "properties": {
        "epoch_id": "EPOCH-27e284efc1b1abc2",
        "site_name": "Meta Huntsville",
        "distance_to_site_km": 0.6671,
        "footprint_area_m2_webmercator": 440.37,
        "source_dataset": "Overture Maps buildings",
        "source_url": "https://docs.overturemaps.org/getting-data/",
        "source_release": "2026-09-23.1",
        "source_accessed_on": "2026-09-28",
        "geometry_role": "current building-footprint polygon",
        "linkage_semantics": "Overlap/proximity only; not evidence that the building hosts AI compute."
      }
    },
    {
      "type": "Feature",
      "id": "e78c1675-8f09-4db2-96a7-5bff49856e63",
      "geometry": {
        "type": "Polygon",
        "coordinates": [
          [
            [
              -86.6230424,
              34.8432219
            ],
            [
              -86.6230033,
              34.8432216
            ],
            [
              -86.6230016,
              34.8433602
            ],
            [
              -86.6231813,
              34.8433617
            ],
            [
              -86.623183,
              34.8432231
            ],
            [
              -86.6231443,
              34.8432227
            ],
            [
              -86.6231447,
              34.8431919
            ],
            [
              -86.6230428,
              34.8431911
            ],
            [
              -86.6230424,
              34.8432219
            ]
          ]
        ]
      },
      "properties": {
        "epoch_id": "EPOCH-27e284efc1b1abc2",
        "site_name": "Meta Huntsville",
        "distance_to_site_km": 0.6077,
        "footprint_area_m2_webmercator": 423.6,
        "source_dataset": "Overture Maps buildings",
        "source_url": "https://docs.overturemaps.org/getting-data/",
        "source_release": "2026-09-23.1",
        "source_accessed_on": "2026-09-28",
        "geometry_role": "current building-footprint polygon",
        "linkage_semantics": "Overlap/proximity only; not evidence that the building hosts AI compute."
      }
    },
    {
      "type": "Feature",
      "id": "cfb69a22-809a-442d-b66f-2cdb5ae7e532",
      "geometry": {
        "type": "Polygon",
        "coordinates": [
          [
            [
              -86.6235593,
              34.8437026
            ],
            [
              -86.6234747,
              34.8437035
            ],
            [
              -86.6234765,
              34.8438179
            ],
            [
              -86.6235611,
              34.843817
            ],
            [
              -86.6235593,
              34.8437026
            ]
          ]
        ]
      },
      "properties": {
        "epoch_id": "EPOCH-27e284efc1b1abc2",
        "site_name": "Meta Huntsville",
        "distance_to_site_km": 0.5419,
        "footprint_area_m2_webmercator": 146.16,
        "source_dataset": "Overture Maps buildings",
        "source_url": "https://docs.overturemaps.org/getting-data/",
        "source_release": "2026-09-23.1",
        "source_accessed_on": "2026-09-28",
        "geometry_role": "current building-footprint polygon",
        "linkage_semantics": "Overlap/proximity only; not evidence that the building hosts AI compute."
      }
    },
    {
      "type": "Feature",
      "id": "a89da289-76a3-472d-86f5-0ca2e3770b1b",
      "geometry": {
        "type": "Polygon",
        "coordinates": [
          [
            [
              -86.6245746,
              34.844706
            ],
            [
              -86.6245749,
              34.8444374
            ],
            [
              -86.6241538,
              34.8444372
            ],
            [
              -86.6241535,
              34.8447058
            ],
            [
              -86.6245746,
              34.844706
            ]
          ]
        ]
      },
      "properties": {
        "epoch_id": "EPOCH-27e284efc1b1abc2",
        "site_name": "Meta Huntsville",
        "distance_to_site_km": 0.4243,
        "footprint_area_m2_webmercator": 1707.84,
        "source_dataset": "Overture Maps buildings",
        "source_url": "https://docs.overturemaps.org/getting-data/",
        "source_release": "2026-09-23.1",
        "source_accessed_on": "2026-09-28",
        "geometry_role": "current building-footprint polygon",
        "linkage_semantics": "Overlap/proximity only; not evidence that the building hosts AI compute."
      }
    },
    {
      "type": "Feature",
      "id": "a68a0c90-dd66-43de-a9f2-092dbbcc3a71",
      "geometry": {
        "type": "Polygon",
        "coordinates": [
          [
            [
              -86.6241269,
              34.8427274
            ],
            [
              -86.6242126,
              34.8427249
            ],
            [
              -86.6242058,
              34.84257
            ],
            [
              -86.6241201,
              34.8425726
            ],
            [
              -86.6241269,
              34.8427274
            ]
          ]
        ]
      },
      "properties": {
        "epoch_id": "EPOCH-27e284efc1b1abc2",
        "site_name": "Meta Huntsville",
        "distance_to_site_km": 0.6233,
        "footprint_area_m2_webmercator": 200.63,
        "source_dataset": "Overture Maps buildings",
        "source_url": "https://docs.overturemaps.org/getting-data/",
        "source_release": "2026-09-23.1",
        "source_accessed_on": "2026-09-28",
        "geometry_role": "current building-footprint polygon",
        "linkage_semantics": "Overlap/proximity only; not evidence that the building hosts AI compute."
      }
    },
    {
      "type": "Feature",
      "id": "4205b625-bfb7-4c6a-92f7-6d97128d9c5a",
      "geometry": {
        "type": "Polygon",
        "coordinates": [
          [
            [
              -86.6243013,
              34.8425508
            ],
            [
              -86.6245023,
              34.8425458
            ],
            [
              -86.6244969,
              34.8423985
            ],
            [
              -86.6243307,
              34.8424026
            ],
            [
              -86.6243317,
              34.842429
            ],
            [
              -86.6242165,
              34.8424319
            ],
            [
              -86.6242202,
              34.8425321
            ],
            [
              -86.6243006,
              34.8425301
            ],
            [
              -86.6243013,
              34.8425508
            ]
          ]
        ]
      },
      "properties": {
        "epoch_id": "EPOCH-27e284efc1b1abc2",
        "site_name": "Meta Huntsville",
        "distance_to_site_km": 0.6342,
        "footprint_area_m2_webmercator": 555.3,
        "source_dataset": "Overture Maps buildings",
        "source_url": "https://docs.overturemaps.org/getting-data/",
        "source_release": "2026-09-23.1",
        "source_accessed_on": "2026-09-28",
        "geometry_role": "current building-footprint polygon",
        "linkage_semantics": "Overlap/proximity only; not evidence that the building hosts AI compute."
      }
    },
    {
      "type": "Feature",
      "id": "d64a787f-3f70-4110-bd69-d466a31cb0de",
      "geometry": {
        "type": "Polygon",
        "coordinates": [
          [
            [
              -86.6274775,
              34.8516677
            ],
            [
              -86.6279405,
              34.8517326
            ],
            [
              -86.6281015,
              34.8509591
            ],
            [
              -86.627641,
              34.8508946
            ],
            [
              -86.6276618,
              34.8507947
            ],
            [
              -86.6271703,
              34.8507259
            ],
            [
              -86.6271605,
              34.8507731
            ],
            [
              -86.6244263,
              34.8503907
            ],
            [
              -86.6242436,
              34.8512701
            ],
            [
              -86.626958,
              34.8516498
            ],
            [
              -86.6269492,
              34.851692
            ],
            [
              -86.6274577,
              34.8517633
            ],
            [
              -86.6274775,
              34.8516677
            ]
          ]
        ]
      },
      "properties": {
        "epoch_id": "EPOCH-27e284efc1b1abc2",
        "site_name": "Meta Huntsville",
        "distance_to_site_km": 0.3677,
        "footprint_area_m2_webmercator": 50306.97,
        "source_dataset": "Overture Maps buildings",
        "source_url": "https://docs.overturemaps.org/getting-data/",
        "source_release": "2026-09-23.1",
        "source_accessed_on": "2026-09-28",
        "geometry_role": "current building-footprint polygon",
        "linkage_semantics": "Overlap/proximity only; not evidence that the building hosts AI compute."
      }
    },
    {
      "type": "Feature",
      "id": "223b59e1-432a-4d4e-9675-932ab6e25c68",
      "geometry": {
        "type": "Polygon",
        "coordinates": [
          [
            [
              -86.6295759,
              34.8494599
            ],
            [
              -86.6294169,
              34.8494556
            ],
            [
              -86.6294132,
              34.8495466
            ],
            [
              -86.6295723,
              34.8495509
            ],
            [
              -86.6295759,
              34.8494599
            ]
          ]
        ]
      },
      "properties": {
        "epoch_id": "EPOCH-27e284efc1b1abc2",
        "site_name": "Meta Huntsville",
        "distance_to_site_km": 0.3089,
        "footprint_area_m2_webmercator": 218.79,
        "source_dataset": "Overture Maps buildings",
        "source_url": "https://docs.overturemaps.org/getting-data/",
        "source_release": "2026-09-23.1",
        "source_accessed_on": "2026-09-28",
        "geometry_role": "current building-footprint polygon",
        "linkage_semantics": "Overlap/proximity only; not evidence that the building hosts AI compute."
      }
    },
    {
      "type": "Feature",
      "id": "eb1c70c3-6a28-4482-8943-7f4d75ac2369",
      "geometry": {
        "type": "Polygon",
        "coordinates": [
          [
            [
              -86.629355,
              34.8424909
            ],
            [
              -86.6293003,
              34.8424919
            ],
            [
              -86.6293034,
              34.8426019
            ],
            [
              -86.6293581,
              34.8426009
            ],
            [
              -86.629355,
              34.8424909
            ]
          ]
        ]
      },
      "properties": {
        "epoch_id": "EPOCH-27e284efc1b1abc2",
        "site_name": "Meta Huntsville",
        "distance_to_site_km": 0.6302,
        "footprint_area_m2_webmercator": 90.9,
        "source_dataset": "Overture Maps buildings",
        "source_url": "https://docs.overturemaps.org/getting-data/",
        "source_release": "2026-09-23.1",
        "source_accessed_on": "2026-09-28",
        "geometry_role": "current building-footprint polygon",
        "linkage_semantics": "Overlap/proximity only; not evidence that the building hosts AI compute."
      }
    },
    {
      "type": "Feature",
      "id": "f6becfea-adf0-443c-8058-ff800fe6b376",
      "geometry": {
        "type": "Polygon",
        "coordinates": [
          [
            [
              -86.6309227,
              34.8433281
            ],
            [
              -86.6309185,
              34.8427053
            ],
            [
              -86.6267891,
              34.8427242
            ],
            [
              -86.6267933,
              34.8433502
            ],
            [
              -86.6285579,
              34.8433424
            ],
            [
              -86.6285639,
              34.8442584
            ],
            [
              -86.6292722,
              34.8442553
            ],
            [
              -86.629266,
              34.8433356
            ],
            [
              -86.6309227,
              34.8433281
            ]
          ]
        ]
      },
      "properties": {
        "epoch_id": "EPOCH-27e284efc1b1abc2",
        "site_name": "Meta Huntsville",
        "distance_to_site_km": 0.5491,
        "footprint_area_m2_webmercator": 48753.92,
        "source_dataset": "Overture Maps buildings",
        "source_url": "https://docs.overturemaps.org/getting-data/",
        "source_release": "2026-09-23.1",
        "source_accessed_on": "2026-09-28",
        "geometry_role": "current building-footprint polygon",
        "linkage_semantics": "Overlap/proximity only; not evidence that the building hosts AI compute."
      }
    },
    {
      "type": "Feature",
      "id": "02edc449-e627-4a69-8096-cbf6274d3289",
      "geometry": {
        "type": "Polygon",
        "coordinates": [
          [
            [
              -86.6275768,
              34.8449838
            ],
            [
              -86.6276438,
              34.8449837
            ],
            [
              -86.6276434,
              34.8448714
            ],
            [
              -86.6275817,
              34.8448716
            ],
            [
              -86.627582,
              34.8449566
            ],
            [
              -86.6275123,
              34.8449568
            ],
            [
              -86.6275127,
              34.8450602
            ],
            [
              -86.627577,
              34.8450601
            ],
            [
              -86.6275768,
              34.8449838
            ]
          ]
        ]
      },
      "properties": {
        "epoch_id": "EPOCH-27e284efc1b1abc2",
        "site_name": "Meta Huntsville",
        "distance_to_site_km": 0.3251,
        "footprint_area_m2_webmercator": 207.28,
        "source_dataset": "Overture Maps buildings",
        "source_url": "https://docs.overturemaps.org/getting-data/",
        "source_release": "2026-09-23.1",
        "source_accessed_on": "2026-09-28",
        "geometry_role": "current building-footprint polygon",
        "linkage_semantics": "Overlap/proximity only; not evidence that the building hosts AI compute."
      }
    },
    {
      "type": "Feature",
      "id": "0cfdff89-faee-4fed-8e67-d800ac6bfde2",
      "geometry": {
        "type": "Polygon",
        "coordinates": [
          [
            [
              -86.6277525,
              34.8426417
            ],
            [
              -86.6277525,
              34.8426065
            ],
            [
              -86.6277954,
              34.8426065
            ],
            [
              -86.6277954,
              34.8424942
            ],
            [
              -86.6277552,
              34.8424942
            ],
            [
              -86.6277552,
              34.8425338
            ],
            [
              -86.627723,
              34.8425338
            ],
            [
              -86.627723,
              34.8426417
            ],
            [
              -86.6277525,
              34.8426417
            ]
          ]
        ]
      },
      "properties": {
        "epoch_id": "EPOCH-27e284efc1b1abc2",
        "site_name": "Meta Huntsville",
        "distance_to_site_km": 0.5908,
        "footprint_area_m2_webmercator": 119.19,
        "source_dataset": "Overture Maps buildings",
        "source_url": "https://docs.overturemaps.org/getting-data/",
        "source_release": "2026-09-23.1",
        "source_accessed_on": "2026-09-28",
        "geometry_role": "current building-footprint polygon",
        "linkage_semantics": "Overlap/proximity only; not evidence that the building hosts AI compute."
      }
    },
    {
      "type": "Feature",
      "id": "5acc96fe-9573-4caa-99b7-a3b6ac7c6a12",
      "geometry": {
        "type": "Polygon",
        "coordinates": [
          [
            [
              -86.6275412,
              34.8426176
            ],
            [
              -86.6276297,
              34.8426154
            ],
            [
              -86.6276257,
              34.8425076
            ],
            [
              -86.6275373,
              34.8425098
            ],
            [
              -86.6275412,
              34.8426176
            ]
          ]
        ]
      },
      "properties": {
        "epoch_id": "EPOCH-27e284efc1b1abc2",
        "site_name": "Meta Huntsville",
        "distance_to_site_km": 0.589,
        "footprint_area_m2_webmercator": 144.1,
        "source_dataset": "Overture Maps buildings",
        "source_url": "https://docs.overturemaps.org/getting-data/",
        "source_release": "2026-09-23.1",
        "source_accessed_on": "2026-09-28",
        "geometry_role": "current building-footprint polygon",
        "linkage_semantics": "Overlap/proximity only; not evidence that the building hosts AI compute."
      }
    },
    {
      "type": "Feature",
      "id": "5e91e995-e1cd-4e83-9633-340b9e0c8b86",
      "geometry": {
        "type": "Polygon",
        "coordinates": [
          [
            [
              -86.6271463,
              34.8426242
            ],
            [
              -86.6271449,
              34.8425758
            ],
            [
              -86.6268313,
              34.8425817
            ],
            [
              -86.6268326,
              34.8426301
            ],
            [
              -86.6271463,
              34.8426242
            ]
          ]
        ]
      },
      "properties": {
        "epoch_id": "EPOCH-27e284efc1b1abc2",
        "site_name": "Meta Huntsville",
        "distance_to_site_km": 0.5804,
        "footprint_area_m2_webmercator": 229.33,
        "source_dataset": "Overture Maps buildings",
        "source_url": "https://docs.overturemaps.org/getting-data/",
        "source_release": "2026-09-23.1",
        "source_accessed_on": "2026-09-28",
        "geometry_role": "current building-footprint polygon",
        "linkage_semantics": "Overlap/proximity only; not evidence that the building hosts AI compute."
      }
    },
    {
      "type": "Feature",
      "id": "0f8b5947-baa2-4cd1-9e5d-ed5961d0e951",
      "geometry": {
        "type": "Polygon",
        "coordinates": [
          [
            [
              -86.6269886,
              34.844721
            ],
            [
              -86.6271978,
              34.8447226
            ],
            [
              -86.627199,
              34.8446103
            ],
            [
              -86.6269898,
              34.8446087
            ],
            [
              -86.6269886,
              34.844721
            ]
          ]
        ]
      },
      "properties": {
        "epoch_id": "EPOCH-27e284efc1b1abc2",
        "site_name": "Meta Huntsville",
        "distance_to_site_km": 0.3518,
        "footprint_area_m2_webmercator": 354.76,
        "source_dataset": "Overture Maps buildings",
        "source_url": "https://docs.overturemaps.org/getting-data/",
        "source_release": "2026-09-23.1",
        "source_accessed_on": "2026-09-28",
        "geometry_role": "current building-footprint polygon",
        "linkage_semantics": "Overlap/proximity only; not evidence that the building hosts AI compute."
      }
    },
    {
      "type": "Feature",
      "id": "dbb6509f-e27e-48f3-a3d3-b22acb8a257b",
      "geometry": {
        "type": "Polygon",
        "coordinates": [
          [
            [
              -86.6272951,
              34.8450588
            ],
            [
              -86.6272952,
              34.8450676
            ],
            [
              -86.6273824,
              34.845067
            ],
            [
              -86.6273814,
              34.844957
            ],
            [
              -86.6271051,
              34.8449586
            ],
            [
              -86.627106,
              34.8450599
            ],
            [
              -86.6272951,
              34.8450588
            ]
          ]
        ]
      },
      "properties": {
        "epoch_id": "EPOCH-27e284efc1b1abc2",
        "site_name": "Meta Huntsville",
        "distance_to_site_km": 0.3152,
        "footprint_area_m2_webmercator": 434.17,
        "source_dataset": "Overture Maps buildings",
        "source_url": "https://docs.overturemaps.org/getting-data/",
        "source_release": "2026-09-23.1",
        "source_accessed_on": "2026-09-28",
        "geometry_role": "current building-footprint polygon",
        "linkage_semantics": "Overlap/proximity only; not evidence that the building hosts AI compute."
      }
    },
    {
      "type": "Feature",
      "id": "9786958e-3481-4b95-929b-b525ee521db5",
      "geometry": {
        "type": "Polygon",
        "coordinates": [
          [
            [
              -86.6248494,
              34.848266
            ],
            [
              -86.6289422,
              34.8482202
            ],
            [
              -86.6289318,
              34.847599
            ],
            [
              -86.6267088,
              34.8476242
            ],
            [
              -86.6266988,
              34.8470307
            ],
            [
              -86.6289991,
              34.8470043
            ],
            [
              -86.6289885,
              34.846381
            ],
            [
              -86.6249974,
              34.8464269
            ],
            [
              -86.6250077,
              34.8470327
            ],
            [
              -86.6262731,
              34.8470183
            ],
            [
              -86.626283,
              34.8476046
            ],
            [
              -86.6248386,
              34.8476208
            ],
            [
              -86.6248494,
              34.848266
            ]
          ]
        ]
      },
      "properties": {
        "epoch_id": "EPOCH-27e284efc1b1abc2",
        "site_name": "Meta Huntsville",
        "distance_to_site_km": 0.0552,
        "footprint_area_m2_webmercator": 79962.56,
        "source_dataset": "Overture Maps buildings",
        "source_url": "https://docs.overturemaps.org/getting-data/",
        "source_release": "2026-09-23.1",
        "source_accessed_on": "2026-09-28",
        "geometry_role": "current building-footprint polygon",
        "linkage_semantics": "Overlap/proximity only; not evidence that the building hosts AI compute."
      }
    },
    {
      "type": "Feature",
      "id": "1d2b5324-8e93-4123-8ddf-856ad524dc49",
      "geometry": {
        "type": "Polygon",
        "coordinates": [
          [
            [
              -86.6273956,
              34.838074
            ],
            [
              -86.6274599,
              34.8380721
            ],
            [
              -86.6274551,
              34.8379622
            ],
            [
              -86.6273908,
              34.8379641
            ],
            [
              -86.6273956,
              34.838074
            ]
          ]
        ]
      },
      "properties": {
        "epoch_id": "EPOCH-27e284efc1b1abc2",
        "site_name": "Meta Huntsville",
        "distance_to_site_km": 1.0915,
        "footprint_area_m2_webmercator": 106.83,
        "source_dataset": "Overture Maps buildings",
        "source_url": "https://docs.overturemaps.org/getting-data/",
        "source_release": "2026-09-23.1",
        "source_accessed_on": "2026-09-28",
        "geometry_role": "current building-footprint polygon",
        "linkage_semantics": "Overlap/proximity only; not evidence that the building hosts AI compute."
      }
    },
    {
      "type": "Feature",
      "id": "1463de3a-6a15-4d4e-a0d5-fb81d388e647",
      "geometry": {
        "type": "Polygon",
        "coordinates": [
          [
            [
              -86.6268059,
              34.8418308
            ],
            [
              -86.6309045,
              34.8417804
            ],
            [
              -86.6308893,
              34.8409491
            ],
            [
              -86.6292593,
              34.8409692
            ],
            [
              -86.6292409,
              34.8399589
            ],
            [
              -86.6309174,
              34.8399383
            ],
            [
              -86.6309013,
              34.8390511
            ],
            [
              -86.6267333,
              34.8391016
            ],
            [
              -86.6267484,
              34.8399433
            ],
            [
              -86.6285033,
              34.8399221
            ],
            [
              -86.6285214,
              34.8409345
            ],
            [
              -86.62679,
              34.8409555
            ],
            [
              -86.6268059,
              34.8418308
            ]
          ]
        ]
      },
      "properties": {
        "epoch_id": "EPOCH-27e284efc1b1abc2",
        "site_name": "Meta Huntsville",
        "distance_to_site_km": 0.8425,
        "footprint_area_m2_webmercator": 118491.22,
        "source_dataset": "Overture Maps buildings",
        "source_url": "https://docs.overturemaps.org/getting-data/",
        "source_release": "2026-09-23.1",
        "source_accessed_on": "2026-09-28",
        "geometry_role": "current building-footprint polygon",
        "linkage_semantics": "Overlap/proximity only; not evidence that the building hosts AI compute."
      }
    },
    {
      "type": "Feature",
      "id": "e7a611d7-6f7f-42a6-9bac-e7806d99ea9b",
      "geometry": {
        "type": "Polygon",
        "coordinates": [
          [
            [
              -86.6243272,
              34.8324298
            ],
            [
              -86.6244318,
              34.8324702
            ],
            [
              -86.6244949,
              34.8323603
            ],
            [
              -86.6243903,
              34.8323199
            ],
            [
              -86.6243272,
              34.8324298
            ]
          ]
        ]
      },
      "properties": {
        "epoch_id": "EPOCH-27e284efc1b1abc2",
        "site_name": "Meta Huntsville",
        "distance_to_site_km": 1.7291,
        "footprint_area_m2_webmercator": 212.03,
        "source_dataset": "Overture Maps buildings",
        "source_url": "https://docs.overturemaps.org/getting-data/",
        "source_release": "2026-09-23.1",
        "source_accessed_on": "2026-09-28",
        "geometry_role": "current building-footprint polygon",
        "linkage_semantics": "Overlap/proximity only; not evidence that the building hosts AI compute."
      }
    },
    {
      "type": "Feature",
      "id": "77f7f977-b3bc-4c8b-8751-31604829c93f",
      "geometry": {
        "type": "Polygon",
        "coordinates": [
          [
            [
              -86.6245168,
              34.8324336
            ],
            [
              -86.6245431,
              34.8323823
            ],
            [
              -86.6244952,
              34.8323658
            ],
            [
              -86.6244689,
              34.8324171
            ],
            [
              -86.6245168,
              34.8324336
            ]
          ]
        ]
      },
      "properties": {
        "epoch_id": "EPOCH-27e284efc1b1abc2",
        "site_name": "Meta Huntsville",
        "distance_to_site_km": 1.7275,
        "footprint_area_m2_webmercator": 43.65,
        "source_dataset": "Overture Maps buildings",
        "source_url": "https://docs.overturemaps.org/getting-data/",
        "source_release": "2026-09-23.1",
        "source_accessed_on": "2026-09-28",
        "geometry_role": "current building-footprint polygon",
        "linkage_semantics": "Overlap/proximity only; not evidence that the building hosts AI compute."
      }
    },
    {
      "type": "Feature",
      "id": "f21f6238-3c32-4a57-86c2-9eacc1c6902b",
      "geometry": {
        "type": "Polygon",
        "coordinates": [
          [
            [
              -86.6240646,
              34.8327701
            ],
            [
              -86.624116,
              34.8327342
            ],
            [
              -86.6240869,
              34.8327061
            ],
            [
              -86.6240355,
              34.8327419
            ],
            [
              -86.6240646,
              34.8327701
            ]
          ]
        ]
      },
      "properties": {
        "epoch_id": "EPOCH-27e284efc1b1abc2",
        "site_name": "Meta Huntsville",
        "distance_to_site_km": 1.6955,
        "footprint_area_m2_webmercator": 37.59,
        "source_dataset": "Overture Maps buildings",
        "source_url": "https://docs.overturemaps.org/getting-data/",
        "source_release": "2026-09-23.1",
        "source_accessed_on": "2026-09-28",
        "geometry_role": "current building-footprint polygon",
        "linkage_semantics": "Overlap/proximity only; not evidence that the building hosts AI compute."
      }
    },
    {
      "type": "Feature",
      "id": "405f791a-e776-485d-b594-0d47e58e421a",
      "geometry": {
        "type": "Polygon",
        "coordinates": [
          [
            [
              -86.6241589,
              34.8319799
            ],
            [
              -86.6242302,
              34.8318144
            ],
            [
              -86.6240704,
              34.8317681
            ],
            [
              -86.6240536,
              34.8318072
            ],
            [
              -86.6240869,
              34.8318169
            ],
            [
              -86.6240325,
              34.8319433
            ],
            [
              -86.6241589,
              34.8319799
            ]
          ]
        ]
      },
      "properties": {
        "epoch_id": "EPOCH-27e284efc1b1abc2",
        "site_name": "Meta Huntsville",
        "distance_to_site_km": 1.7899,
        "footprint_area_m2_webmercator": 377.46,
        "source_dataset": "Overture Maps buildings",
        "source_url": "https://docs.overturemaps.org/getting-data/",
        "source_release": "2026-09-23.1",
        "source_accessed_on": "2026-09-28",
        "geometry_role": "current building-footprint polygon",
        "linkage_semantics": "Overlap/proximity only; not evidence that the building hosts AI compute."
      }
    },
    {
      "type": "Feature",
      "id": "6fc90931-ff87-4104-a7d4-4adcf3775cf6",
      "geometry": {
        "type": "Polygon",
        "coordinates": [
          [
            [
              -86.6242845,
              34.8312088
            ],
            [
              -86.6244806,
              34.8313391
            ],
            [
              -86.6245895,
              34.8312286
            ],
            [
              -86.6244501,
              34.831136
            ],
            [
              -86.6244671,
              34.8311187
            ],
            [
              -86.6244104,
              34.831081
            ],
            [
              -86.6242845,
              34.8312088
            ]
          ]
        ]
      },
      "properties": {
        "epoch_id": "EPOCH-27e284efc1b1abc2",
        "site_name": "Meta Huntsville",
        "distance_to_site_km": 1.8592,
        "footprint_area_m2_webmercator": 565.84,
        "source_dataset": "Overture Maps buildings",
        "source_url": "https://docs.overturemaps.org/getting-data/",
        "source_release": "2026-09-23.1",
        "source_accessed_on": "2026-09-28",
        "geometry_role": "current building-footprint polygon",
        "linkage_semantics": "Overlap/proximity only; not evidence that the building hosts AI compute."
      }
    },
    {
      "type": "Feature",
      "id": "7850fc2b-c9ca-40b8-87db-10e3c98220ce",
      "geometry": {
        "type": "Polygon",
        "coordinates": [
          [
            [
              -86.6245639,
              34.830395
            ],
            [
              -86.624571,
              34.830326
            ],
            [
              -86.6245284,
              34.830323
            ],
            [
              -86.6245375,
              34.8302356
            ],
            [
              -86.6243537,
              34.8302228
            ],
            [
              -86.6243375,
              34.8303792
            ],
            [
              -86.6245639,
              34.830395
            ]
          ]
        ]
      },
      "properties": {
        "epoch_id": "EPOCH-27e284efc1b1abc2",
        "site_name": "Meta Huntsville",
        "distance_to_site_km": 1.9587,
        "footprint_area_m2_webmercator": 481.79,
        "source_dataset": "Overture Maps buildings",
        "source_url": "https://docs.overturemaps.org/getting-data/",
        "source_release": "2026-09-23.1",
        "source_accessed_on": "2026-09-28",
        "geometry_role": "current building-footprint polygon",
        "linkage_semantics": "Overlap/proximity only; not evidence that the building hosts AI compute."
      }
    },
    {
      "type": "Feature",
      "id": "8adc12db-5727-4362-acc5-8914bf81253e",
      "geometry": {
        "type": "Polygon",
        "coordinates": [
          [
            [
              -86.6234978,
              34.8306021
            ],
            [
              -86.623495,
              34.8306791
            ],
            [
              -86.6236344,
              34.8306824
            ],
            [
              -86.6236372,
              34.8306054
            ],
            [
              -86.6234978,
              34.8306021
            ]
          ]
        ]
      },
      "properties": {
        "epoch_id": "EPOCH-27e284efc1b1abc2",
        "site_name": "Meta Huntsville",
        "distance_to_site_km": 1.9328,
        "footprint_area_m2_webmercator": 162.18,
        "source_dataset": "Overture Maps buildings",
        "source_url": "https://docs.overturemaps.org/getting-data/",
        "source_release": "2026-09-23.1",
        "source_accessed_on": "2026-09-28",
        "geometry_role": "current building-footprint polygon",
        "linkage_semantics": "Overlap/proximity only; not evidence that the building hosts AI compute."
      }
    },
    {
      "type": "Feature",
      "id": "42fb0626-8b48-416c-a0a9-437939df7416",
      "geometry": {
        "type": "Polygon",
        "coordinates": [
          [
            [
              -86.6228858,
              34.8313776
            ],
            [
              -86.6229689,
              34.8313755
            ],
            [
              -86.6229678,
              34.8313447
            ],
            [
              -86.6229249,
              34.8313457
            ],
            [
              -86.6229241,
              34.8313237
            ],
            [
              -86.6228839,
              34.8313248
            ],
            [
              -86.6228858,
              34.8313776
            ]
          ]
        ]
      },
      "properties": {
        "epoch_id": "EPOCH-27e284efc1b1abc2",
        "site_name": "Meta Huntsville",
        "distance_to_site_km": 1.8649,
        "footprint_area_m2_webmercator": 52.1,
        "source_dataset": "Overture Maps buildings",
        "source_url": "https://docs.overturemaps.org/getting-data/",
        "source_release": "2026-09-23.1",
        "source_accessed_on": "2026-09-28",
        "geometry_role": "current building-footprint polygon",
        "linkage_semantics": "Overlap/proximity only; not evidence that the building hosts AI compute."
      }
    },
    {
      "type": "Feature",
      "id": "5e24a163-4f42-4e9c-b07e-e49636c92129",
      "geometry": {
        "type": "Polygon",
        "coordinates": [
          [
            [
              -86.6230341,
              34.8328595
            ],
            [
              -86.6231322,
              34.8328436
            ],
            [
              -86.6230919,
              34.8326762
            ],
            [
              -86.6230258,
              34.8326869
            ],
            [
              -86.6230186,
              34.8326572
            ],
            [
              -86.6229335,
              34.832671
            ],
            [
              -86.6229674,
              34.832812
            ],
            [
              -86.6230206,
              34.8328034
            ],
            [
              -86.6230341,
              34.8328595
            ]
          ]
        ]
      },
      "properties": {
        "epoch_id": "EPOCH-27e284efc1b1abc2",
        "site_name": "Meta Huntsville",
        "distance_to_site_km": 1.7101,
        "footprint_area_m2_webmercator": 390.11,
        "source_dataset": "Overture Maps buildings",
        "source_url": "https://docs.overturemaps.org/getting-data/",
        "source_release": "2026-09-23.1",
        "source_accessed_on": "2026-09-28",
        "geometry_role": "current building-footprint polygon",
        "linkage_semantics": "Overlap/proximity only; not evidence that the building hosts AI compute."
      }
    },
    {
      "type": "Feature",
      "id": "fc06b628-accc-4c94-9870-463f745499b4",
      "geometry": {
        "type": "Polygon",
        "coordinates": [
          [
            [
              -86.6236349,
              34.832403
            ],
            [
              -86.6237274,
              34.8324713
            ],
            [
              -86.6238461,
              34.8323629
            ],
            [
              -86.6237536,
              34.8322947
            ],
            [
              -86.6236349,
              34.832403
            ]
          ]
        ]
      },
      "properties": {
        "epoch_id": "EPOCH-27e284efc1b1abc2",
        "site_name": "Meta Huntsville",
        "distance_to_site_km": 1.7392,
        "footprint_area_m2_webmercator": 273.61,
        "source_dataset": "Overture Maps buildings",
        "source_url": "https://docs.overturemaps.org/getting-data/",
        "source_release": "2026-09-23.1",
        "source_accessed_on": "2026-09-28",
        "geometry_role": "current building-footprint polygon",
        "linkage_semantics": "Overlap/proximity only; not evidence that the building hosts AI compute."
      }
    },
    {
      "type": "Feature",
      "id": "1185c2bc-f03f-4a70-b4e8-7d5e584afeec",
      "geometry": {
        "type": "Polygon",
        "coordinates": [
          [
            [
              -86.6234139,
              34.8345204
            ],
            [
              -86.6234815,
              34.8347374
            ],
            [
              -86.6236376,
              34.8347047
            ],
            [
              -86.62359,
              34.8345517
            ],
            [
              -86.6235925,
              34.8345512
            ],
            [
              -86.6235725,
              34.8344872
            ],
            [
              -86.6234139,
              34.8345204
            ]
          ]
        ]
      },
      "properties": {
        "epoch_id": "EPOCH-27e284efc1b1abc2",
        "site_name": "Meta Huntsville",
        "distance_to_site_km": 1.4988,
        "footprint_area_m2_webmercator": 547.42,
        "source_dataset": "Overture Maps buildings",
        "source_url": "https://docs.overturemaps.org/getting-data/",
        "source_release": "2026-09-23.1",
        "source_accessed_on": "2026-09-28",
        "geometry_role": "current building-footprint polygon",
        "linkage_semantics": "Overlap/proximity only; not evidence that the building hosts AI compute."
      }
    },
    {
      "type": "Feature",
      "id": "bd027d78-1679-4f6a-bfd9-97ba932eb11b",
      "geometry": {
        "type": "Polygon",
        "coordinates": [
          [
            [
              -86.6232961,
              34.8334312
            ],
            [
              -86.623285,
              34.8333364
            ],
            [
              -86.6232026,
              34.8333429
            ],
            [
              -86.6232137,
              34.8334377
            ],
            [
              -86.6232961,
              34.8334312
            ]
          ]
        ]
      },
      "properties": {
        "epoch_id": "EPOCH-27e284efc1b1abc2",
        "site_name": "Meta Huntsville",
        "distance_to_site_km": 1.6374,
        "footprint_area_m2_webmercator": 119.02,
        "source_dataset": "Overture Maps buildings",
        "source_url": "https://docs.overturemaps.org/getting-data/",
        "source_release": "2026-09-23.1",
        "source_accessed_on": "2026-09-28",
        "geometry_role": "current building-footprint polygon",
        "linkage_semantics": "Overlap/proximity only; not evidence that the building hosts AI compute."
      }
    },
    {
      "type": "Feature",
      "id": "a4121776-3fc9-4f52-aa3c-32980ecf8cfc",
      "geometry": {
        "type": "Polygon",
        "coordinates": [
          [
            [
              -86.6230759,
              34.8336742
            ],
            [
              -86.6230975,
              34.8337949
            ],
            [
              -86.6232366,
              34.8337781
            ],
            [
              -86.6232213,
              34.8336919
            ],
            [
              -86.6231766,
              34.8336973
            ],
            [
              -86.6231632,
              34.8336219
            ],
            [
              -86.6230476,
              34.8336357
            ],
            [
              -86.6230549,
              34.8336767
            ],
            [
              -86.6230759,
              34.8336742
            ]
          ]
        ]
      },
      "properties": {
        "epoch_id": "EPOCH-27e284efc1b1abc2",
        "site_name": "Meta Huntsville",
        "distance_to_site_km": 1.604,
        "footprint_area_m2_webmercator": 308.3,
        "source_dataset": "Overture Maps buildings",
        "source_url": "https://docs.overturemaps.org/getting-data/",
        "source_release": "2026-09-23.1",
        "source_accessed_on": "2026-09-28",
        "geometry_role": "current building-footprint polygon",
        "linkage_semantics": "Overlap/proximity only; not evidence that the building hosts AI compute."
      }
    },
    {
      "type": "Feature",
      "id": "6fc4595a-31f8-410a-b64d-e72a2b469a11",
      "geometry": {
        "type": "Polygon",
        "coordinates": [
          [
            [
              -86.6242187,
              34.8358074
            ],
            [
              -86.6243207,
              34.8357772
            ],
            [
              -86.6242303,
              34.8355716
            ],
            [
              -86.6241283,
              34.8356018
            ],
            [
              -86.6242187,
              34.8358074
            ]
          ]
        ]
      },
      "properties": {
        "epoch_id": "EPOCH-27e284efc1b1abc2",
        "site_name": "Meta Huntsville",
        "distance_to_site_km": 1.3693,
        "footprint_area_m2_webmercator": 357.83,
        "source_dataset": "Overture Maps buildings",
        "source_url": "https://docs.overturemaps.org/getting-data/",
        "source_release": "2026-09-23.1",
        "source_accessed_on": "2026-09-28",
        "geometry_role": "current building-footprint polygon",
        "linkage_semantics": "Overlap/proximity only; not evidence that the building hosts AI compute."
      }
    },
    {
      "type": "Feature",
      "id": "1fa1cfb2-24d0-4cbe-a4bb-f721ec976f56",
      "geometry": {
        "type": "Polygon",
        "coordinates": [
          [
            [
              -86.62416,
              34.8338396
            ],
            [
              -86.6243824,
              34.8338346
            ],
            [
              -86.62438,
              34.8337598
            ],
            [
              -86.6242942,
              34.8337617
            ],
            [
              -86.6242935,
              34.8337419
            ],
            [
              -86.6241568,
              34.833745
            ],
            [
              -86.62416,
              34.8338396
            ]
          ]
        ]
      },
      "properties": {
        "epoch_id": "EPOCH-27e284efc1b1abc2",
        "site_name": "Meta Huntsville",
        "distance_to_site_km": 1.5769,
        "footprint_area_m2_webmercator": 292.36,
        "source_dataset": "Overture Maps buildings",
        "source_url": "https://docs.overturemaps.org/getting-data/",
        "source_release": "2026-09-23.1",
        "source_accessed_on": "2026-09-28",
        "geometry_role": "current building-footprint polygon",
        "linkage_semantics": "Overlap/proximity only; not evidence that the building hosts AI compute."
      }
    },
    {
      "type": "Feature",
      "id": "82efd502-5818-4637-bff4-f94e6be8221b",
      "geometry": {
        "type": "Polygon",
        "coordinates": [
          [
            [
              -86.6246175,
              34.8345959
            ],
            [
              -86.6247381,
              34.8345987
            ],
            [
              -86.6247415,
              34.8344984
            ],
            [
              -86.6246021,
              34.8344952
            ],
            [
              -86.624603,
              34.8344701
            ],
            [
              -86.6245533,
              34.834469
            ],
            [
              -86.6245521,
              34.8345042
            ],
            [
              -86.6244383,
              34.8345016
            ],
            [
              -86.6244361,
              34.8345654
            ],
            [
              -86.6244951,
              34.8345667
            ],
            [
              -86.624493,
              34.8346283
            ],
            [
              -86.6246163,
              34.8346311
            ],
            [
              -86.6246175,
              34.8345959
            ]
          ]
        ]
      },
      "properties": {
        "epoch_id": "EPOCH-27e284efc1b1abc2",
        "site_name": "Meta Huntsville",
        "distance_to_site_km": 1.4892,
        "footprint_area_m2_webmercator": 502.38,
        "source_dataset": "Overture Maps buildings",
        "source_url": "https://docs.overturemaps.org/getting-data/",
        "source_release": "2026-09-23.1",
        "source_accessed_on": "2026-09-28",
        "geometry_role": "current building-footprint polygon",
        "linkage_semantics": "Overlap/proximity only; not evidence that the building hosts AI compute."
      }
    },
    {
      "type": "Feature",
      "id": "4976cdfc-6202-4f3b-9c1f-5c4336bdaa75",
      "geometry": {
        "type": "Polygon",
        "coordinates": [
          [
            [
              -86.6246415,
              34.8337527
            ],
            [
              -86.6245627,
              34.8337551
            ],
            [
              -86.6245658,
              34.8338233
            ],
            [
              -86.6246446,
              34.8338209
            ],
            [
              -86.6246415,
              34.8337527
            ]
          ]
        ]
      },
      "properties": {
        "epoch_id": "EPOCH-27e284efc1b1abc2",
        "site_name": "Meta Huntsville",
        "distance_to_site_km": 1.5732,
        "footprint_area_m2_webmercator": 81.25,
        "source_dataset": "Overture Maps buildings",
        "source_url": "https://docs.overturemaps.org/getting-data/",
        "source_release": "2026-09-23.1",
        "source_accessed_on": "2026-09-28",
        "geometry_role": "current building-footprint polygon",
        "linkage_semantics": "Overlap/proximity only; not evidence that the building hosts AI compute."
      }
    },
    {
      "type": "Feature",
      "id": "df972b8d-96d3-49be-bcb6-3ede75d78ded",
      "geometry": {
        "type": "Polygon",
        "coordinates": [
          [
            [
              -86.6248168,
              34.8338319
            ],
            [
              -86.6248174,
              34.8338583
            ],
            [
              -86.6246512,
              34.8338607
            ],
            [
              -86.6246532,
              34.8339554
            ],
            [
              -86.6248838,
              34.833952
            ],
            [
              -86.6248812,
              34.8338309
            ],
            [
              -86.6248168,
              34.8338319
            ]
          ]
        ]
      },
      "properties": {
        "epoch_id": "EPOCH-27e284efc1b1abc2",
        "site_name": "Meta Huntsville",
        "distance_to_site_km": 1.5587,
        "footprint_area_m2_webmercator": 355.35,
        "source_dataset": "Overture Maps buildings",
        "source_url": "https://docs.overturemaps.org/getting-data/",
        "source_release": "2026-09-23.1",
        "source_accessed_on": "2026-09-28",
        "geometry_role": "current building-footprint polygon",
        "linkage_semantics": "Overlap/proximity only; not evidence that the building hosts AI compute."
      }
    },
    {
      "type": "Feature",
      "id": "66498984-d4ba-418b-b5b9-2d1faec57898",
      "geometry": {
        "type": "Polygon",
        "coordinates": [
          [
            [
              -86.6247188,
              34.837631
            ],
            [
              -86.6248019,
              34.837633
            ],
            [
              -86.6248058,
              34.837523
            ],
            [
              -86.6245512,
              34.8375169
            ],
            [
              -86.6245453,
              34.8376841
            ],
            [
              -86.6246605,
              34.8376868
            ],
            [
              -86.6246629,
              34.8376209
            ],
            [
              -86.6247192,
              34.8376222
            ],
            [
              -86.6247188,
              34.837631
            ]
          ]
        ]
      },
      "properties": {
        "epoch_id": "EPOCH-27e284efc1b1abc2",
        "site_name": "Meta Huntsville",
        "distance_to_site_km": 1.1542,
        "footprint_area_m2_webmercator": 515.25,
        "source_dataset": "Overture Maps buildings",
        "source_url": "https://docs.overturemaps.org/getting-data/",
        "source_release": "2026-09-23.1",
        "source_accessed_on": "2026-09-28",
        "geometry_role": "current building-footprint polygon",
        "linkage_semantics": "Overlap/proximity only; not evidence that the building hosts AI compute."
      }
    },
    {
      "type": "Feature",
      "id": "e2f5fbb9-5d8e-4d28-ab21-18753ee5d339",
      "geometry": {
        "type": "Polygon",
        "coordinates": [
          [
            [
              -86.6240409,
              34.8387626
            ],
            [
              -86.6239765,
              34.8387621
            ],
            [
              -86.623976,
              34.8388127
            ],
            [
              -86.6240404,
              34.8388132
            ],
            [
              -86.6240409,
              34.8387626
            ]
          ]
        ]
      },
      "properties": {
        "epoch_id": "EPOCH-27e284efc1b1abc2",
        "site_name": "Meta Huntsville",
        "distance_to_site_km": 1.0363,
        "footprint_area_m2_webmercator": 49.2,
        "source_dataset": "Overture Maps buildings",
        "source_url": "https://docs.overturemaps.org/getting-data/",
        "source_release": "2026-09-23.1",
        "source_accessed_on": "2026-09-28",
        "geometry_role": "current building-footprint polygon",
        "linkage_semantics": "Overlap/proximity only; not evidence that the building hosts AI compute."
      }
    },
    {
      "type": "Feature",
      "id": "eabe7d53-63be-40c8-873a-7d644aa17c71",
      "geometry": {
        "type": "Polygon",
        "coordinates": [
          [
            [
              -86.6246642,
              34.8386663
            ],
            [
              -86.6245623,
              34.8386641
            ],
            [
              -86.6245576,
              34.8388137
            ],
            [
              -86.6247066,
              34.8388169
            ],
            [
              -86.6247082,
              34.8387654
            ],
            [
              -86.6246611,
              34.8387644
            ],
            [
              -86.6246642,
              34.8386663
            ]
          ]
        ]
      },
      "properties": {
        "epoch_id": "EPOCH-27e284efc1b1abc2",
        "site_name": "Meta Huntsville",
        "distance_to_site_km": 1.0284,
        "footprint_area_m2_webmercator": 266.93,
        "source_dataset": "Overture Maps buildings",
        "source_url": "https://docs.overturemaps.org/getting-data/",
        "source_release": "2026-09-23.1",
        "source_accessed_on": "2026-09-28",
        "geometry_role": "current building-footprint polygon",
        "linkage_semantics": "Overlap/proximity only; not evidence that the building hosts AI compute."
      }
    },
    {
      "type": "Feature",
      "id": "919f400b-db5b-4f64-bc83-f45a0f9c4412",
      "geometry": {
        "type": "Polygon",
        "coordinates": [
          [
            [
              -86.6247498,
              34.8383052
            ],
            [
              -86.6246641,
              34.8383075
            ],
            [
              -86.6246687,
              34.8384197
            ],
            [
              -86.6247544,
              34.8384173
            ],
            [
              -86.6247498,
              34.8383052
            ]
          ]
        ]
      },
      "properties": {
        "epoch_id": "EPOCH-27e284efc1b1abc2",
        "site_name": "Meta Huntsville",
        "distance_to_site_km": 1.0689,
        "footprint_area_m2_webmercator": 145.27,
        "source_dataset": "Overture Maps buildings",
        "source_url": "https://docs.overturemaps.org/getting-data/",
        "source_release": "2026-09-23.1",
        "source_accessed_on": "2026-09-28",
        "geometry_role": "current building-footprint polygon",
        "linkage_semantics": "Overlap/proximity only; not evidence that the building hosts AI compute."
      }
    },
    {
      "type": "Feature",
      "id": "74338743-bedb-4b90-b69b-dd888802a558",
      "geometry": {
        "type": "Polygon",
        "coordinates": [
          [
            [
              -86.6248034,
              34.8382652
            ],
            [
              -86.6248022,
              34.8381759
            ],
            [
              -86.6245459,
              34.8381782
            ],
            [
              -86.6245472,
              34.8382719
            ],
            [
              -86.6245793,
              34.8382716
            ],
            [
              -86.6245798,
              34.8383024
            ],
            [
              -86.6247663,
              34.8383008
            ],
            [
              -86.6247658,
              34.8382655
            ],
            [
              -86.6248034,
              34.8382652
            ]
          ]
        ]
      },
      "properties": {
        "epoch_id": "EPOCH-27e284efc1b1abc2",
        "site_name": "Meta Huntsville",
        "distance_to_site_km": 1.0833,
        "footprint_area_m2_webmercator": 446.91,
        "source_dataset": "Overture Maps buildings",
        "source_url": "https://docs.overturemaps.org/getting-data/",
        "source_release": "2026-09-23.1",
        "source_accessed_on": "2026-09-28",
        "geometry_role": "current building-footprint polygon",
        "linkage_semantics": "Overlap/proximity only; not evidence that the building hosts AI compute."
      }
    },
    {
      "type": "Feature",
      "id": "2e373e05-da51-4bb0-b01b-e4d6bbc9a0b6",
      "geometry": {
        "type": "Polygon",
        "coordinates": [
          [
            [
              -86.6245693,
              34.8392833
            ],
            [
              -86.624639,
              34.8392818
            ],
            [
              -86.6246418,
              34.8393685
            ],
            [
              -86.6247394,
              34.8393664
            ],
            [
              -86.6247343,
              34.8392102
            ],
            [
              -86.624567,
              34.8392139
            ],
            [
              -86.6245693,
              34.8392833
            ]
          ]
        ]
      },
      "properties": {
        "epoch_id": "EPOCH-27e284efc1b1abc2",
        "site_name": "Meta Huntsville",
        "distance_to_site_km": 0.9695,
        "footprint_area_m2_webmercator": 303.37,
        "source_dataset": "Overture Maps buildings",
        "source_url": "https://docs.overturemaps.org/getting-data/",
        "source_release": "2026-09-23.1",
        "source_accessed_on": "2026-09-28",
        "geometry_role": "current building-footprint polygon",
        "linkage_semantics": "Overlap/proximity only; not evidence that the building hosts AI compute."
      }
    },
    {
      "type": "Feature",
      "id": "937011a4-bf84-413d-8e65-04c90ac4f331",
      "geometry": {
        "type": "Polygon",
        "coordinates": [
          [
            [
              -86.6249922,
              34.840881
            ],
            [
              -86.6249064,
              34.8408805
            ],
            [
              -86.6249057,
              34.8409597
            ],
            [
              -86.6249916,
              34.8409602
            ],
            [
              -86.6249922,
              34.840881
            ]
          ]
        ]
      },
      "properties": {
        "epoch_id": "EPOCH-27e284efc1b1abc2",
        "site_name": "Meta Huntsville",
        "distance_to_site_km": 0.7857,
        "footprint_area_m2_webmercator": 102.66,
        "source_dataset": "Overture Maps buildings",
        "source_url": "https://docs.overturemaps.org/getting-data/",
        "source_release": "2026-09-23.1",
        "source_accessed_on": "2026-09-28",
        "geometry_role": "current building-footprint polygon",
        "linkage_semantics": "Overlap/proximity only; not evidence that the building hosts AI compute."
      }
    },
    {
      "type": "Feature",
      "id": "4799946a-db48-4e99-af27-7fef086ee4ce",
      "geometry": {
        "type": "Polygon",
        "coordinates": [
          [
            [
              -86.624931,
              34.8408655
            ],
            [
              -86.6249271,
              34.840719
            ],
            [
              -86.6248038,
              34.8407212
            ],
            [
              -86.6248077,
              34.8408677
            ],
            [
              -86.624931,
              34.8408655
            ]
          ]
        ]
      },
      "properties": {
        "epoch_id": "EPOCH-27e284efc1b1abc2",
        "site_name": "Meta Huntsville",
        "distance_to_site_km": 0.8011,
        "footprint_area_m2_webmercator": 272.86,
        "source_dataset": "Overture Maps buildings",
        "source_url": "https://docs.overturemaps.org/getting-data/",
        "source_release": "2026-09-23.1",
        "source_accessed_on": "2026-09-28",
        "geometry_role": "current building-footprint polygon",
        "linkage_semantics": "Overlap/proximity only; not evidence that the building hosts AI compute."
      }
    },
    {
      "type": "Feature",
      "id": "b7f5f4c5-0abd-4e61-88d1-3d6c9223c258",
      "geometry": {
        "type": "Polygon",
        "coordinates": [
          [
            [
              -86.624956,
              34.8413629
            ],
            [
              -86.6249579,
              34.8412582
            ],
            [
              -86.624856,
              34.8412569
            ],
            [
              -86.6248541,
              34.8413616
            ],
            [
              -86.624956,
              34.8413629
            ]
          ]
        ]
      },
      "properties": {
        "epoch_id": "EPOCH-27e284efc1b1abc2",
        "site_name": "Meta Huntsville",
        "distance_to_site_km": 0.7443,
        "footprint_area_m2_webmercator": 161.12,
        "source_dataset": "Overture Maps buildings",
        "source_url": "https://docs.overturemaps.org/getting-data/",
        "source_release": "2026-09-23.1",
        "source_accessed_on": "2026-09-28",
        "geometry_role": "current building-footprint polygon",
        "linkage_semantics": "Overlap/proximity only; not evidence that the building hosts AI compute."
      }
    },
    {
      "type": "Feature",
      "id": "d84c7854-e190-4829-9f3a-afe245a6333c",
      "geometry": {
        "type": "Polygon",
        "coordinates": [
          [
            [
              -86.6247837,
              34.841715
            ],
            [
              -86.6247221,
              34.841778
            ],
            [
              -86.6246699,
              34.8417436
            ],
            [
              -86.6245691,
              34.8418469
            ],
            [
              -86.624709,
              34.8419389
            ],
            [
              -86.6247653,
              34.8418812
            ],
            [
              -86.6247463,
              34.8418687
            ],
            [
              -86.6248523,
              34.8417601
            ],
            [
              -86.6247837,
              34.841715
            ]
          ]
        ]
      },
      "properties": {
        "epoch_id": "EPOCH-27e284efc1b1abc2",
        "site_name": "Meta Huntsville",
        "distance_to_site_km": 0.6937,
        "footprint_area_m2_webmercator": 443.9,
        "source_dataset": "Overture Maps buildings",
        "source_url": "https://docs.overturemaps.org/getting-data/",
        "source_release": "2026-09-23.1",
        "source_accessed_on": "2026-09-28",
        "geometry_role": "current building-footprint polygon",
        "linkage_semantics": "Overlap/proximity only; not evidence that the building hosts AI compute."
      }
    },
    {
      "type": "Feature",
      "id": "0be078f3-1274-424b-984b-23f38520157d",
      "geometry": {
        "type": "Polygon",
        "coordinates": [
          [
            [
              -86.623977,
              34.8398103
            ],
            [
              -86.6239728,
              34.8396343
            ],
            [
              -86.6238656,
              34.839636
            ],
            [
              -86.6238698,
              34.8398121
            ],
            [
              -86.623977,
              34.8398103
            ]
          ]
        ]
      },
      "properties": {
        "epoch_id": "EPOCH-27e284efc1b1abc2",
        "site_name": "Meta Huntsville",
        "distance_to_site_km": 0.938,
        "footprint_area_m2_webmercator": 285.06,
        "source_dataset": "Overture Maps buildings",
        "source_url": "https://docs.overturemaps.org/getting-data/",
        "source_release": "2026-09-23.1",
        "source_accessed_on": "2026-09-28",
        "geometry_role": "current building-footprint polygon",
        "linkage_semantics": "Overlap/proximity only; not evidence that the building hosts AI compute."
      }
    },
    {
      "type": "Feature",
      "id": "00c809fb-435c-4540-b850-fbb7532c1c6e",
      "geometry": {
        "type": "Polygon",
        "coordinates": [
          [
            [
              -86.6235192,
              34.8399139
            ],
            [
              -86.6236479,
              34.8399145
            ],
            [
              -86.6236485,
              34.8398265
            ],
            [
              -86.6235198,
              34.8398259
            ],
            [
              -86.6235192,
              34.8399139
            ]
          ]
        ]
      },
      "properties": {
        "epoch_id": "EPOCH-27e284efc1b1abc2",
        "site_name": "Meta Huntsville",
        "distance_to_site_km": 0.9315,
        "footprint_area_m2_webmercator": 171.0,
        "source_dataset": "Overture Maps buildings",
        "source_url": "https://docs.overturemaps.org/getting-data/",
        "source_release": "2026-09-23.1",
        "source_accessed_on": "2026-09-28",
        "geometry_role": "current building-footprint polygon",
        "linkage_semantics": "Overlap/proximity only; not evidence that the building hosts AI compute."
      }
    },
    {
      "type": "Feature",
      "id": "c530bc40-cb40-4d6a-8ab0-da13516beb4d",
      "geometry": {
        "type": "Polygon",
        "coordinates": [
          [
            [
              -86.6238199,
              34.8421425
            ],
            [
              -86.6237331,
              34.8421408
            ],
            [
              -86.6237311,
              34.8422112
            ],
            [
              -86.6238179,
              34.8422129
            ],
            [
              -86.6238199,
              34.8421425
            ]
          ]
        ]
      },
      "properties": {
        "epoch_id": "EPOCH-27e284efc1b1abc2",
        "site_name": "Meta Huntsville",
        "distance_to_site_km": 0.6856,
        "footprint_area_m2_webmercator": 92.32,
        "source_dataset": "Overture Maps buildings",
        "source_url": "https://docs.overturemaps.org/getting-data/",
        "source_release": "2026-09-23.1",
        "source_accessed_on": "2026-09-28",
        "geometry_role": "current building-footprint polygon",
        "linkage_semantics": "Overlap/proximity only; not evidence that the building hosts AI compute."
      }
    },
    {
      "type": "Feature",
      "id": "779ba5dd-64f0-42ff-807c-30ccd38f5edd",
      "geometry": {
        "type": "Polygon",
        "coordinates": [
          [
            [
              -86.6234413,
              34.8420024
            ],
            [
              -86.6234387,
              34.8421169
            ],
            [
              -86.6236934,
              34.8421208
            ],
            [
              -86.6236954,
              34.8420318
            ],
            [
              -86.6235356,
              34.8420293
            ],
            [
              -86.6235362,
              34.8420039
            ],
            [
              -86.6234413,
              34.8420024
            ]
          ]
        ]
      },
      "properties": {
        "epoch_id": "EPOCH-27e284efc1b1abc2",
        "site_name": "Meta Huntsville",
        "distance_to_site_km": 0.7047,
        "footprint_area_m2_webmercator": 378.95,
        "source_dataset": "Overture Maps buildings",
        "source_url": "https://docs.overturemaps.org/getting-data/",
        "source_release": "2026-09-23.1",
        "source_accessed_on": "2026-09-28",
        "geometry_role": "current building-footprint polygon",
        "linkage_semantics": "Overlap/proximity only; not evidence that the building hosts AI compute."
      }
    },
    {
      "type": "Feature",
      "id": "3a5bf00f-660f-42da-873b-597aa4e7f76d",
      "geometry": {
        "type": "Polygon",
        "coordinates": [
          [
            [
              -86.6230773,
              34.8409033
            ],
            [
              -86.6230793,
              34.8408616
            ],
            [
              -86.6229598,
              34.8408576
            ],
            [
              -86.6229516,
              34.8410224
            ],
            [
              -86.6230748,
              34.8410265
            ],
            [
              -86.6230809,
              34.8409034
            ],
            [
              -86.6230773,
              34.8409033
            ]
          ]
        ]
      },
      "properties": {
        "epoch_id": "EPOCH-27e284efc1b1abc2",
        "site_name": "Meta Huntsville",
        "distance_to_site_km": 0.8392,
        "footprint_area_m2_webmercator": 304.71,
        "source_dataset": "Overture Maps buildings",
        "source_url": "https://docs.overturemaps.org/getting-data/",
        "source_release": "2026-09-23.1",
        "source_accessed_on": "2026-09-28",
        "geometry_role": "current building-footprint polygon",
        "linkage_semantics": "Overlap/proximity only; not evidence that the building hosts AI compute."
      }
    },
    {
      "type": "Feature",
      "id": "fabc365e-df9e-4901-b02c-0d0ed74056c1",
      "geometry": {
        "type": "Polygon",
        "coordinates": [
          [
            [
              -86.6238544,
              34.8392356
            ],
            [
              -86.6238704,
              34.8392354
            ],
            [
              -86.6238717,
              34.8393069
            ],
            [
              -86.6239725,
              34.8393056
            ],
            [
              -86.6239698,
              34.8391506
            ],
            [
              -86.6238529,
              34.839152
            ],
            [
              -86.6238544,
              34.8392356
            ]
          ]
        ]
      },
      "properties": {
        "epoch_id": "EPOCH-27e284efc1b1abc2",
        "site_name": "Meta Huntsville",
        "distance_to_site_km": 0.9913,
        "footprint_area_m2_webmercator": 256.34,
        "source_dataset": "Overture Maps buildings",
        "source_url": "https://docs.overturemaps.org/getting-data/",
        "source_release": "2026-09-23.1",
        "source_accessed_on": "2026-09-28",
        "geometry_role": "current building-footprint polygon",
        "linkage_semantics": "Overlap/proximity only; not evidence that the building hosts AI compute."
      }
    },
    {
      "type": "Feature",
      "id": "3f3571e1-8531-4359-b17b-fed48bbb7e52",
      "geometry": {
        "type": "Polygon",
        "coordinates": [
          [
            [
              -86.6239732,
              34.8387494
            ],
            [
              -86.6239046,
              34.8387482
            ],
            [
              -86.6239082,
              34.8386073
            ],
            [
              -86.6238106,
              34.8386056
            ],
            [
              -86.623805,
              34.8388213
            ],
            [
              -86.6239712,
              34.8388242
            ],
            [
              -86.6239732,
              34.8387494
            ]
          ]
        ]
      },
      "properties": {
        "epoch_id": "EPOCH-27e284efc1b1abc2",
        "site_name": "Meta Huntsville",
        "distance_to_site_km": 1.0458,
        "footprint_area_m2_webmercator": 395.6,
        "source_dataset": "Overture Maps buildings",
        "source_url": "https://docs.overturemaps.org/getting-data/",
        "source_release": "2026-09-23.1",
        "source_accessed_on": "2026-09-28",
        "geometry_role": "current building-footprint polygon",
        "linkage_semantics": "Overlap/proximity only; not evidence that the building hosts AI compute."
      }
    },
    {
      "type": "Feature",
      "id": "cd5e180a-5480-4717-9d7b-4670d92ff24f",
      "geometry": {
        "type": "Polygon",
        "coordinates": [
          [
            [
              -86.623818,
              34.8381905
            ],
            [
              -86.6237054,
              34.8381927
            ],
            [
              -86.6237115,
              34.8384061
            ],
            [
              -86.6238241,
              34.8384039
            ],
            [
              -86.623818,
              34.8381905
            ]
          ]
        ]
      },
      "properties": {
        "epoch_id": "EPOCH-27e284efc1b1abc2",
        "site_name": "Meta Huntsville",
        "distance_to_site_km": 1.0945,
        "footprint_area_m2_webmercator": 362.99,
        "source_dataset": "Overture Maps buildings",
        "source_url": "https://docs.overturemaps.org/getting-data/",
        "source_release": "2026-09-23.1",
        "source_accessed_on": "2026-09-28",
        "geometry_role": "current building-footprint polygon",
        "linkage_semantics": "Overlap/proximity only; not evidence that the building hosts AI compute."
      }
    },
    {
      "type": "Feature",
      "id": "eeadbf69-fa7b-4d68-a55a-9ff13fac5314",
      "geometry": {
        "type": "Polygon",
        "coordinates": [
          [
            [
              -86.6234072,
              34.8371721
            ],
            [
              -86.623409,
              34.8372138
            ],
            [
              -86.6235524,
              34.8372097
            ],
            [
              -86.6235443,
              34.8370184
            ],
            [
              -86.6234371,
              34.8370215
            ],
            [
              -86.6234434,
              34.837171
            ],
            [
              -86.6234072,
              34.8371721
            ]
          ]
        ]
      },
      "properties": {
        "epoch_id": "EPOCH-27e284efc1b1abc2",
        "site_name": "Meta Huntsville",
        "distance_to_site_km": 1.2275,
        "footprint_area_m2_webmercator": 332.85,
        "source_dataset": "Overture Maps buildings",
        "source_url": "https://docs.overturemaps.org/getting-data/",
        "source_release": "2026-09-23.1",
        "source_accessed_on": "2026-09-28",
        "geometry_role": "current building-footprint polygon",
        "linkage_semantics": "Overlap/proximity only; not evidence that the building hosts AI compute."
      }
    },
    {
      "type": "Feature",
      "id": "2fd2ca10-e00c-4e0f-8a07-87f1a239cea9",
      "geometry": {
        "type": "Polygon",
        "coordinates": [
          [
            [
              -86.6236194,
              34.8364785
            ],
            [
              -86.6236838,
              34.8364775
            ],
            [
              -86.6236861,
              34.8365797
            ],
            [
              -86.6237866,
              34.8365782
            ],
            [
              -86.6237815,
              34.8363527
            ],
            [
              -86.623685,
              34.8363542
            ],
            [
              -86.6236866,
              34.8364256
            ],
            [
              -86.6236182,
              34.8364266
            ],
            [
              -86.6236194,
              34.8364785
            ]
          ]
        ]
      },
      "properties": {
        "epoch_id": "EPOCH-27e284efc1b1abc2",
        "site_name": "Meta Huntsville",
        "distance_to_site_km": 1.2935,
        "footprint_area_m2_webmercator": 388.37,
        "source_dataset": "Overture Maps buildings",
        "source_url": "https://docs.overturemaps.org/getting-data/",
        "source_release": "2026-09-23.1",
        "source_accessed_on": "2026-09-28",
        "geometry_role": "current building-footprint polygon",
        "linkage_semantics": "Overlap/proximity only; not evidence that the building hosts AI compute."
      }
    },
    {
      "type": "Feature",
      "id": "d2702622-6402-4cc6-b449-f16f8ed7a248",
      "geometry": {
        "type": "Polygon",
        "coordinates": [
          [
            [
              -86.6235574,
              34.8366723
            ],
            [
              -86.6236619,
              34.8366741
            ],
            [
              -86.6236638,
              34.8366015
            ],
            [
              -86.6235592,
              34.8365997
            ],
            [
              -86.6235574,
              34.8366723
            ]
          ]
        ]
      },
      "properties": {
        "epoch_id": "EPOCH-27e284efc1b1abc2",
        "site_name": "Meta Huntsville",
        "distance_to_site_km": 1.2772,
        "footprint_area_m2_webmercator": 114.65,
        "source_dataset": "Overture Maps buildings",
        "source_url": "https://docs.overturemaps.org/getting-data/",
        "source_release": "2026-09-23.1",
        "source_accessed_on": "2026-09-28",
        "geometry_role": "current building-footprint polygon",
        "linkage_semantics": "Overlap/proximity only; not evidence that the building hosts AI compute."
      }
    },
    {
      "type": "Feature",
      "id": "ba104a4b-6f0a-4827-9cd0-c594e2db8916",
      "geometry": {
        "type": "Polygon",
        "coordinates": [
          [
            [
              -86.6234109,
              34.8378029
            ],
            [
              -86.6234379,
              34.8376073
            ],
            [
              -86.6233055,
              34.837595
            ],
            [
              -86.6232785,
              34.8377906
            ],
            [
              -86.6234109,
              34.8378029
            ]
          ]
        ]
      },
      "properties": {
        "epoch_id": "EPOCH-27e284efc1b1abc2",
        "site_name": "Meta Huntsville",
        "distance_to_site_km": 1.1685,
        "footprint_area_m2_webmercator": 396.01,
        "source_dataset": "Overture Maps buildings",
        "source_url": "https://docs.overturemaps.org/getting-data/",
        "source_release": "2026-09-23.1",
        "source_accessed_on": "2026-09-28",
        "geometry_role": "current building-footprint polygon",
        "linkage_semantics": "Overlap/proximity only; not evidence that the building hosts AI compute."
      }
    },
    {
      "type": "Feature",
      "id": "c350f602-837c-48d4-80b9-2ae7d30812ac",
      "geometry": {
        "type": "Polygon",
        "coordinates": [
          [
            [
              -86.6217037,
              34.8393638
            ],
            [
              -86.6217082,
              34.8394914
            ],
            [
              -86.6217913,
              34.8394894
            ],
            [
              -86.6217895,
              34.8394388
            ],
            [
              -86.6219074,
              34.839436
            ],
            [
              -86.6219041,
              34.8393414
            ],
            [
              -86.6217781,
              34.8393444
            ],
            [
              -86.6217788,
              34.839362
            ],
            [
              -86.6217037,
              34.8393638
            ]
          ]
        ]
      },
      "properties": {
        "epoch_id": "EPOCH-27e284efc1b1abc2",
        "site_name": "Meta Huntsville",
        "distance_to_site_km": 1.041,
        "footprint_area_m2_webmercator": 330.89,
        "source_dataset": "Overture Maps buildings",
        "source_url": "https://docs.overturemaps.org/getting-data/",
        "source_release": "2026-09-23.1",
        "source_accessed_on": "2026-09-28",
        "geometry_role": "current building-footprint polygon",
        "linkage_semantics": "Overlap/proximity only; not evidence that the building hosts AI compute."
      }
    },
    {
      "type": "Feature",
      "id": "b13457ba-4790-45e1-9b70-68eb88dc2432",
      "geometry": {
        "type": "Polygon",
        "coordinates": [
          [
            [
              -86.6207573,
              34.8396838
            ],
            [
              -86.6206389,
              34.8396379
            ],
            [
              -86.6205504,
              34.8397917
            ],
            [
              -86.6206688,
              34.8398376
            ],
            [
              -86.6207573,
              34.8396838
            ]
          ]
        ]
      },
      "properties": {
        "epoch_id": "EPOCH-27e284efc1b1abc2",
        "site_name": "Meta Huntsville",
        "distance_to_site_km": 1.0595,
        "footprint_area_m2_webmercator": 336.27,
        "source_dataset": "Overture Maps buildings",
        "source_url": "https://docs.overturemaps.org/getting-data/",
        "source_release": "2026-09-23.1",
        "source_accessed_on": "2026-09-28",
        "geometry_role": "current building-footprint polygon",
        "linkage_semantics": "Overlap/proximity only; not evidence that the building hosts AI compute."
      }
    },
    {
      "type": "Feature",
      "id": "af15dadf-92ef-4252-b5f7-0dce44d1ba3d",
      "geometry": {
        "type": "Polygon",
        "coordinates": [
          [
            [
              -86.6205675,
              34.8391877
            ],
            [
              -86.6207242,
              34.8392005
            ],
            [
              -86.6207356,
              34.8391067
            ],
            [
              -86.6206585,
              34.8391005
            ],
            [
              -86.6206622,
              34.8390699
            ],
            [
              -86.6205825,
              34.8390635
            ],
            [
              -86.6205675,
              34.8391877
            ]
          ]
        ]
      },
      "properties": {
        "epoch_id": "EPOCH-27e284efc1b1abc2",
        "site_name": "Meta Huntsville",
        "distance_to_site_km": 1.1169,
        "footprint_area_m2_webmercator": 261.11,
        "source_dataset": "Overture Maps buildings",
        "source_url": "https://docs.overturemaps.org/getting-data/",
        "source_release": "2026-09-23.1",
        "source_accessed_on": "2026-09-28",
        "geometry_role": "current building-footprint polygon",
        "linkage_semantics": "Overlap/proximity only; not evidence that the building hosts AI compute."
      }
    },
    {
      "type": "Feature",
      "id": "9e0b8fcd-d1ec-470d-afab-e2575e7b8c6f",
      "geometry": {
        "type": "Polygon",
        "coordinates": [
          [
            [
              -86.6205887,
              34.8333778
            ],
            [
              -86.6206719,
              34.8335419
            ],
            [
              -86.6207725,
              34.8335076
            ],
            [
              -86.6207306,
              34.833425
            ],
            [
              -86.6207901,
              34.8334047
            ],
            [
              -86.6207488,
              34.8333231
            ],
            [
              -86.6205887,
              34.8333778
            ]
          ]
        ]
      },
      "properties": {
        "epoch_id": "EPOCH-27e284efc1b1abc2",
        "site_name": "Meta Huntsville",
        "distance_to_site_km": 1.6948,
        "footprint_area_m2_webmercator": 378.32,
        "source_dataset": "Overture Maps buildings",
        "source_url": "https://docs.overturemaps.org/getting-data/",
        "source_release": "2026-09-23.1",
        "source_accessed_on": "2026-09-28",
        "geometry_role": "current building-footprint polygon",
        "linkage_semantics": "Overlap/proximity only; not evidence that the building hosts AI compute."
      }
    },
    {
      "type": "Feature",
      "id": "a193c1ca-d9e0-42e1-9906-7727d497ad25",
      "geometry": {
        "type": "Polygon",
        "coordinates": [
          [
            [
              -86.6214579,
              34.8339767
            ],
            [
              -86.6214013,
              34.8339708
            ],
            [
              -86.6213816,
              34.8340998
            ],
            [
              -86.6215031,
              34.8341123
            ],
            [
              -86.6215278,
              34.8339508
            ],
            [
              -86.6214629,
              34.8339442
            ],
            [
              -86.6214579,
              34.8339767
            ]
          ]
        ]
      },
      "properties": {
        "epoch_id": "EPOCH-27e284efc1b1abc2",
        "site_name": "Meta Huntsville",
        "distance_to_site_km": 1.6089,
        "footprint_area_m2_webmercator": 272.65,
        "source_dataset": "Overture Maps buildings",
        "source_url": "https://docs.overturemaps.org/getting-data/",
        "source_release": "2026-09-23.1",
        "source_accessed_on": "2026-09-28",
        "geometry_role": "current building-footprint polygon",
        "linkage_semantics": "Overlap/proximity only; not evidence that the building hosts AI compute."
      }
    },
    {
      "type": "Feature",
      "id": "30bf18e0-f912-48e5-a350-2af556673a21",
      "geometry": {
        "type": "Polygon",
        "coordinates": [
          [
            [
              -86.6212193,
              34.8353322
            ],
            [
              -86.6212496,
              34.8352165
            ],
            [
              -86.6211508,
              34.8351991
            ],
            [
              -86.6211205,
              34.8353148
            ],
            [
              -86.6212193,
              34.8353322
            ]
          ]
        ]
      },
      "properties": {
        "epoch_id": "EPOCH-27e284efc1b1abc2",
        "site_name": "Meta Huntsville",
        "distance_to_site_km": 1.4872,
        "footprint_area_m2_webmercator": 180.54,
        "source_dataset": "Overture Maps buildings",
        "source_url": "https://docs.overturemaps.org/getting-data/",
        "source_release": "2026-09-23.1",
        "source_accessed_on": "2026-09-28",
        "geometry_role": "current building-footprint polygon",
        "linkage_semantics": "Overlap/proximity only; not evidence that the building hosts AI compute."
      }
    },
    {
      "type": "Feature",
      "id": "03435fa9-39b8-4d72-8255-0cb9c3f05198",
      "geometry": {
        "type": "Polygon",
        "coordinates": [
          [
            [
              -86.6212219,
              34.8358396
            ],
            [
              -86.6212156,
              34.8356768
            ],
            [
              -86.6211138,
              34.8356794
            ],
            [
              -86.6211147,
              34.8357036
            ],
            [
              -86.6210236,
              34.835706
            ],
            [
              -86.6210273,
              34.8358006
            ],
            [
              -86.6210514,
              34.8357999
            ],
            [
              -86.6210531,
              34.8358439
            ],
            [
              -86.6212219,
              34.8358396
            ]
          ]
        ]
      },
      "properties": {
        "epoch_id": "EPOCH-27e284efc1b1abc2",
        "site_name": "Meta Huntsville",
        "distance_to_site_km": 1.4371,
        "footprint_area_m2_webmercator": 425.24,
        "source_dataset": "Overture Maps buildings",
        "source_url": "https://docs.overturemaps.org/getting-data/",
        "source_release": "2026-09-23.1",
        "source_accessed_on": "2026-09-28",
        "geometry_role": "current building-footprint polygon",
        "linkage_semantics": "Overlap/proximity only; not evidence that the building hosts AI compute."
      }
    },
    {
      "type": "Feature",
      "id": "5b56b883-93c8-4738-bac6-b853c3cd5f26",
      "geometry": {
        "type": "Polygon",
        "coordinates": [
          [
            [
              -86.6225965,
              34.8348885
            ],
            [
              -86.6225995,
              34.834849
            ],
            [
              -86.6225941,
              34.8348488
            ],
            [
              -86.6225983,
              34.8347939
            ],
            [
              -86.6224914,
              34.8347885
            ],
            [
              -86.6224886,
              34.8348258
            ],
            [
              -86.6224779,
              34.8348252
            ],
            [
              -86.6224736,
              34.8348822
            ],
            [
              -86.6225965,
              34.8348885
            ]
          ]
        ]
      },
      "properties": {
        "epoch_id": "EPOCH-27e284efc1b1abc2",
        "site_name": "Meta Huntsville",
        "distance_to_site_km": 1.4949,
        "footprint_area_m2_webmercator": 165.14,
        "source_dataset": "Overture Maps buildings",
        "source_url": "https://docs.overturemaps.org/getting-data/",
        "source_release": "2026-09-23.1",
        "source_accessed_on": "2026-09-28",
        "geometry_role": "current building-footprint polygon",
        "linkage_semantics": "Overlap/proximity only; not evidence that the building hosts AI compute."
      }
    },
    {
      "type": "Feature",
      "id": "2ed3236b-2706-4574-88e0-44500efd2a00",
      "geometry": {
        "type": "Polygon",
        "coordinates": [
          [
            [
              -86.6224342,
              34.8340288
            ],
            [
              -86.6224208,
              34.833975
            ],
            [
              -86.6224995,
              34.8339617
            ],
            [
              -86.6224744,
              34.8338613
            ],
            [
              -86.6224667,
              34.8338626
            ],
            [
              -86.6224429,
              34.8337676
            ],
            [
              -86.6222999,
              34.8337916
            ],
            [
              -86.6223622,
              34.8340409
            ],
            [
              -86.6224342,
              34.8340288
            ]
          ]
        ]
      },
      "properties": {
        "epoch_id": "EPOCH-27e284efc1b1abc2",
        "site_name": "Meta Huntsville",
        "distance_to_site_km": 1.5999,
        "footprint_area_m2_webmercator": 512.97,
        "source_dataset": "Overture Maps buildings",
        "source_url": "https://docs.overturemaps.org/getting-data/",
        "source_release": "2026-09-23.1",
        "source_accessed_on": "2026-09-28",
        "geometry_role": "current building-footprint polygon",
        "linkage_semantics": "Overlap/proximity only; not evidence that the building hosts AI compute."
      }
    },
    {
      "type": "Feature",
      "id": "b7bdc122-9023-4006-863d-3bc9644f141a",
      "geometry": {
        "type": "Polygon",
        "coordinates": [
          [
            [
              -86.6218453,
              34.832714
            ],
            [
              -86.6218582,
              34.8327873
            ],
            [
              -86.6218151,
              34.8327924
            ],
            [
              -86.6218286,
              34.8328701
            ],
            [
              -86.6219916,
              34.8328509
            ],
            [
              -86.621963,
              34.8326869
            ],
            [
              -86.6218878,
              34.8326958
            ],
            [
              -86.62189,
              34.8327087
            ],
            [
              -86.6218453,
              34.832714
            ]
          ]
        ]
      },
      "properties": {
        "epoch_id": "EPOCH-27e284efc1b1abc2",
        "site_name": "Meta Huntsville",
        "distance_to_site_km": 1.7304,
        "footprint_area_m2_webmercator": 345.6,
        "source_dataset": "Overture Maps buildings",
        "source_url": "https://docs.overturemaps.org/getting-data/",
        "source_release": "2026-09-23.1",
        "source_accessed_on": "2026-09-28",
        "geometry_role": "current building-footprint polygon",
        "linkage_semantics": "Overlap/proximity only; not evidence that the building hosts AI compute."
      }
    },
    {
      "type": "Feature",
      "id": "d1093321-3c5a-46da-b1fc-1e721c97aecc",
      "geometry": {
        "type": "Polygon",
        "coordinates": [
          [
            [
              -86.621856,
              34.8326019
            ],
            [
              -86.6218603,
              34.8326821
            ],
            [
              -86.6219406,
              34.8326792
            ],
            [
              -86.6219364,
              34.832599
            ],
            [
              -86.621856,
              34.8326019
            ]
          ]
        ]
      },
      "properties": {
        "epoch_id": "EPOCH-27e284efc1b1abc2",
        "site_name": "Meta Huntsville",
        "distance_to_site_km": 1.7463,
        "footprint_area_m2_webmercator": 97.47,
        "source_dataset": "Overture Maps buildings",
        "source_url": "https://docs.overturemaps.org/getting-data/",
        "source_release": "2026-09-23.1",
        "source_accessed_on": "2026-09-28",
        "geometry_role": "current building-footprint polygon",
        "linkage_semantics": "Overlap/proximity only; not evidence that the building hosts AI compute."
      }
    },
    {
      "type": "Feature",
      "id": "34f756f6-9732-44a1-9335-b1d9c505068f",
      "geometry": {
        "type": "Polygon",
        "coordinates": [
          [
            [
              -86.6218495,
              34.8326172
            ],
            [
              -86.6218071,
              34.8326207
            ],
            [
              -86.621814,
              34.8326763
            ],
            [
              -86.6218564,
              34.8326727
            ],
            [
              -86.6218495,
              34.8326172
            ]
          ]
        ]
      },
      "properties": {
        "epoch_id": "EPOCH-27e284efc1b1abc2",
        "site_name": "Meta Huntsville",
        "distance_to_site_km": 1.7472,
        "footprint_area_m2_webmercator": 35.93,
        "source_dataset": "Overture Maps buildings",
        "source_url": "https://docs.overturemaps.org/getting-data/",
        "source_release": "2026-09-23.1",
        "source_accessed_on": "2026-09-28",
        "geometry_role": "current building-footprint polygon",
        "linkage_semantics": "Overlap/proximity only; not evidence that the building hosts AI compute."
      }
    },
    {
      "type": "Feature",
      "id": "7130ed69-dabe-4f51-92d7-ccd316efe2fb",
      "geometry": {
        "type": "Polygon",
        "coordinates": [
          [
            [
              -86.6217225,
              34.8326141
            ],
            [
              -86.6217285,
              34.8326986
            ],
            [
              -86.6218104,
              34.8326947
            ],
            [
              -86.6218043,
              34.8326102
            ],
            [
              -86.6217225,
              34.8326141
            ]
          ]
        ]
      },
      "properties": {
        "epoch_id": "EPOCH-27e284efc1b1abc2",
        "site_name": "Meta Huntsville",
        "distance_to_site_km": 1.7479,
        "footprint_area_m2_webmercator": 104.77,
        "source_dataset": "Overture Maps buildings",
        "source_url": "https://docs.overturemaps.org/getting-data/",
        "source_release": "2026-09-23.1",
        "source_accessed_on": "2026-09-28",
        "geometry_role": "current building-footprint polygon",
        "linkage_semantics": "Overlap/proximity only; not evidence that the building hosts AI compute."
      }
    },
    {
      "type": "Feature",
      "id": "a39565b1-08f5-4eae-ac53-e32b981f8ef5",
      "geometry": {
        "type": "Polygon",
        "coordinates": [
          [
            [
              -86.6216868,
              34.832197
            ],
            [
              -86.6218454,
              34.8321638
            ],
            [
              -86.6218236,
              34.8320935
            ],
            [
              -86.6216649,
              34.8321268
            ],
            [
              -86.6216868,
              34.832197
            ]
          ]
        ]
      },
      "properties": {
        "epoch_id": "EPOCH-27e284efc1b1abc2",
        "site_name": "Meta Huntsville",
        "distance_to_site_km": 1.8028,
        "footprint_area_m2_webmercator": 179.23,
        "source_dataset": "Overture Maps buildings",
        "source_url": "https://docs.overturemaps.org/getting-data/",
        "source_release": "2026-09-23.1",
        "source_accessed_on": "2026-09-28",
        "geometry_role": "current building-footprint polygon",
        "linkage_semantics": "Overlap/proximity only; not evidence that the building hosts AI compute."
      }
    },
    {
      "type": "Feature",
      "id": "b2c1186d-7031-4261-aa3d-3950f24fdb4d",
      "geometry": {
        "type": "Polygon",
        "coordinates": [
          [
            [
              -86.6217385,
              34.8319541
            ],
            [
              -86.6216872,
              34.8318259
            ],
            [
              -86.6215734,
              34.8318566
            ],
            [
              -86.6215853,
              34.8318864
            ],
            [
              -86.6215361,
              34.8318997
            ],
            [
              -86.621595,
              34.8320467
            ],
            [
              -86.6217281,
              34.8320108
            ],
            [
              -86.6217086,
              34.8319621
            ],
            [
              -86.6217385,
              34.8319541
            ]
          ]
        ]
      },
      "properties": {
        "epoch_id": "EPOCH-27e284efc1b1abc2",
        "site_name": "Meta Huntsville",
        "distance_to_site_km": 1.8279,
        "footprint_area_m2_webmercator": 433.3,
        "source_dataset": "Overture Maps buildings",
        "source_url": "https://docs.overturemaps.org/getting-data/",
        "source_release": "2026-09-23.1",
        "source_accessed_on": "2026-09-28",
        "geometry_role": "current building-footprint polygon",
        "linkage_semantics": "Overlap/proximity only; not evidence that the building hosts AI compute."
      }
    },
    {
      "type": "Feature",
      "id": "74ba3626-d30a-4b25-8236-e3582d68019e",
      "geometry": {
        "type": "Polygon",
        "coordinates": [
          [
            [
              -86.6224479,
              34.8320439
            ],
            [
              -86.6227173,
              34.8321281
            ],
            [
              -86.6227717,
              34.8320109
            ],
            [
              -86.6226991,
              34.8319882
            ],
            [
              -86.6226848,
              34.8320189
            ],
            [
              -86.6224881,
              34.8319574
            ],
            [
              -86.6224479,
              34.8320439
            ]
          ]
        ]
      },
      "properties": {
        "epoch_id": "EPOCH-27e284efc1b1abc2",
        "site_name": "Meta Huntsville",
        "distance_to_site_km": 1.7958,
        "footprint_area_m2_webmercator": 441.37,
        "source_dataset": "Overture Maps buildings",
        "source_url": "https://docs.overturemaps.org/getting-data/",
        "source_release": "2026-09-23.1",
        "source_accessed_on": "2026-09-28",
        "geometry_role": "current building-footprint polygon",
        "linkage_semantics": "Overlap/proximity only; not evidence that the building hosts AI compute."
      }
    },
    {
      "type": "Feature",
      "id": "9ead438a-d24f-488e-bdff-9843fdd2d040",
      "geometry": {
        "type": "Polygon",
        "coordinates": [
          [
            [
              -86.62251,
              34.8308809
            ],
            [
              -86.6225328,
              34.8308294
            ],
            [
              -86.6224711,
              34.830811
            ],
            [
              -86.6224484,
              34.8308626
            ],
            [
              -86.62251,
              34.8308809
            ]
          ]
        ]
      },
      "properties": {
        "epoch_id": "EPOCH-27e284efc1b1abc2",
        "site_name": "Meta Huntsville",
        "distance_to_site_km": 1.9281,
        "footprint_area_m2_webmercator": 54.28,
        "source_dataset": "Overture Maps buildings",
        "source_url": "https://docs.overturemaps.org/getting-data/",
        "source_release": "2026-09-23.1",
        "source_accessed_on": "2026-09-28",
        "geometry_role": "current building-footprint polygon",
        "linkage_semantics": "Overlap/proximity only; not evidence that the building hosts AI compute."
      }
    },
    {
      "type": "Feature",
      "id": "129fd7d5-c043-4c88-9836-395f772ebeef",
      "geometry": {
        "type": "Polygon",
        "coordinates": [
          [
            [
              -86.6222431,
              34.8304415
            ],
            [
              -86.6224026,
              34.8303634
            ],
            [
              -86.6222953,
              34.8302156
            ],
            [
              -86.6221825,
              34.8302708
            ],
            [
              -86.622252,
              34.8303666
            ],
            [
              -86.6222053,
              34.8303895
            ],
            [
              -86.6222431,
              34.8304415
            ]
          ]
        ]
      },
      "properties": {
        "epoch_id": "EPOCH-27e284efc1b1abc2",
        "site_name": "Meta Huntsville",
        "distance_to_site_km": 1.9882,
        "footprint_area_m2_webmercator": 390.93,
        "source_dataset": "Overture Maps buildings",
        "source_url": "https://docs.overturemaps.org/getting-data/",
        "source_release": "2026-09-23.1",
        "source_accessed_on": "2026-09-28",
        "geometry_role": "current building-footprint polygon",
        "linkage_semantics": "Overlap/proximity only; not evidence that the building hosts AI compute."
      }
    },
    {
      "type": "Feature",
      "id": "ff89389f-2fd8-49fb-9e1f-eea966d45757",
      "geometry": {
        "type": "Polygon",
        "coordinates": [
          [
            [
              -86.6221603,
              34.830776
            ],
            [
              -86.6222486,
              34.8307578
            ],
            [
              -86.6222235,
              34.830676
            ],
            [
              -86.6221352,
              34.8306942
            ],
            [
              -86.6221603,
              34.830776
            ]
          ]
        ]
      },
      "properties": {
        "epoch_id": "EPOCH-27e284efc1b1abc2",
        "site_name": "Meta Huntsville",
        "distance_to_site_km": 1.9468,
        "footprint_area_m2_webmercator": 115.94,
        "source_dataset": "Overture Maps buildings",
        "source_url": "https://docs.overturemaps.org/getting-data/",
        "source_release": "2026-09-23.1",
        "source_accessed_on": "2026-09-28",
        "geometry_role": "current building-footprint polygon",
        "linkage_semantics": "Overlap/proximity only; not evidence that the building hosts AI compute."
      }
    },
    {
      "type": "Feature",
      "id": "a3da5e5c-7150-489c-aac6-1c4e00d85b46",
      "geometry": {
        "type": "Polygon",
        "coordinates": [
          [
            [
              -86.6220576,
              34.8307939
            ],
            [
              -86.6221233,
              34.8310117
            ],
            [
              -86.6222269,
              34.8309906
            ],
            [
              -86.6221612,
              34.8307728
            ],
            [
              -86.6220576,
              34.8307939
            ]
          ]
        ]
      },
      "properties": {
        "epoch_id": "EPOCH-27e284efc1b1abc2",
        "site_name": "Meta Huntsville",
        "distance_to_site_km": 1.9298,
        "footprint_area_m2_webmercator": 361.57,
        "source_dataset": "Overture Maps buildings",
        "source_url": "https://docs.overturemaps.org/getting-data/",
        "source_release": "2026-09-23.1",
        "source_accessed_on": "2026-09-28",
        "geometry_role": "current building-footprint polygon",
        "linkage_semantics": "Overlap/proximity only; not evidence that the building hosts AI compute."
      }
    },
    {
      "type": "Feature",
      "id": "53664c35-a301-4d2e-bdff-1f2882602117",
      "geometry": {
        "type": "Polygon",
        "coordinates": [
          [
            [
              -86.6211779,
              34.8306603
            ],
            [
              -86.621127,
              34.8306619
            ],
            [
              -86.6211303,
              34.83073
            ],
            [
              -86.6213338,
              34.8307235
            ],
            [
              -86.6213303,
              34.8306488
            ],
            [
              -86.6212687,
              34.8306508
            ],
            [
              -86.6212633,
              34.8305386
            ],
            [
              -86.6211723,
              34.8305415
            ],
            [
              -86.6211779,
              34.8306603
            ]
          ]
        ]
      },
      "properties": {
        "epoch_id": "EPOCH-27e284efc1b1abc2",
        "site_name": "Meta Huntsville",
        "distance_to_site_km": 1.9757,
        "footprint_area_m2_webmercator": 379.23,
        "source_dataset": "Overture Maps buildings",
        "source_url": "https://docs.overturemaps.org/getting-data/",
        "source_release": "2026-09-23.1",
        "source_accessed_on": "2026-09-28",
        "geometry_role": "current building-footprint polygon",
        "linkage_semantics": "Overlap/proximity only; not evidence that the building hosts AI compute."
      }
    },
    {
      "type": "Feature",
      "id": "5d992211-fca1-48b3-b579-e3f24f1b3e51",
      "geometry": {
        "type": "Polygon",
        "coordinates": [
          [
            [
              -86.6211639,
              34.8311663
            ],
            [
              -86.6211877,
              34.831238
            ],
            [
              -86.6210464,
              34.8312697
            ],
            [
              -86.6210836,
              34.8313814
            ],
            [
              -86.6213132,
              34.8313299
            ],
            [
              -86.6213156,
              34.8313371
            ],
            [
              -86.6214304,
              34.8313113
            ],
            [
              -86.6214038,
              34.8312314
            ],
            [
              -86.6214537,
              34.8312202
            ],
            [
              -86.6214289,
              34.8311455
            ],
            [
              -86.6214379,
              34.8311435
            ],
            [
              -86.621428,
              34.8311137
            ],
            [
              -86.6214464,
              34.8311096
            ],
            [
              -86.6214304,
              34.8310615
            ],
            [
              -86.621378,
              34.8310732
            ],
            [
              -86.6213688,
              34.8310455
            ],
            [
              -86.6211566,
              34.8310931
            ],
            [
              -86.6211798,
              34.8311628
            ],
            [
              -86.6211639,
              34.8311663
            ]
          ]
        ]
      },
      "properties": {
        "epoch_id": "EPOCH-27e284efc1b1abc2",
        "site_name": "Meta Huntsville",
        "distance_to_site_km": 1.914,
        "footprint_area_m2_webmercator": 1245.9,
        "source_dataset": "Overture Maps buildings",
        "source_url": "https://docs.overturemaps.org/getting-data/",
        "source_release": "2026-09-23.1",
        "source_accessed_on": "2026-09-28",
        "geometry_role": "current building-footprint polygon",
        "linkage_semantics": "Overlap/proximity only; not evidence that the building hosts AI compute."
      }
    },
    {
      "type": "Feature",
      "id": "0c551041-09c1-4f5a-811c-b70511af00d0",
      "geometry": {
        "type": "Polygon",
        "coordinates": [
          [
            [
              -86.6214774,
              34.8320752
            ],
            [
              -86.6214666,
              34.8320059
            ],
            [
              -86.621303,
              34.832023
            ],
            [
              -86.6213138,
              34.8320923
            ],
            [
              -86.6214774,
              34.8320752
            ]
          ]
        ]
      },
      "properties": {
        "epoch_id": "EPOCH-27e284efc1b1abc2",
        "site_name": "Meta Huntsville",
        "distance_to_site_km": 1.8219,
        "footprint_area_m2_webmercator": 173.95,
        "source_dataset": "Overture Maps buildings",
        "source_url": "https://docs.overturemaps.org/getting-data/",
        "source_release": "2026-09-23.1",
        "source_accessed_on": "2026-09-28",
        "geometry_role": "current building-footprint polygon",
        "linkage_semantics": "Overlap/proximity only; not evidence that the building hosts AI compute."
      }
    },
    {
      "type": "Feature",
      "id": "f25b03a1-ef4d-444e-88e4-6302adc7b073",
      "geometry": {
        "type": "Polygon",
        "coordinates": [
          [
            [
              -86.6212208,
              34.8327389
            ],
            [
              -86.6210198,
              34.8326883
            ],
            [
              -86.6209859,
              34.8327789
            ],
            [
              -86.621187,
              34.8328295
            ],
            [
              -86.6212208,
              34.8327389
            ]
          ]
        ]
      },
      "properties": {
        "epoch_id": "EPOCH-27e284efc1b1abc2",
        "site_name": "Meta Huntsville",
        "distance_to_site_km": 1.7537,
        "footprint_area_m2_webmercator": 300.85,
        "source_dataset": "Overture Maps buildings",
        "source_url": "https://docs.overturemaps.org/getting-data/",
        "source_release": "2026-09-23.1",
        "source_accessed_on": "2026-09-28",
        "geometry_role": "current building-footprint polygon",
        "linkage_semantics": "Overlap/proximity only; not evidence that the building hosts AI compute."
      }
    },
    {
      "type": "Feature",
      "id": "75e1b2df-4cb5-4cec-90eb-bd66c07d2254",
      "geometry": {
        "type": "Polygon",
        "coordinates": [
          [
            [
              -86.6211174,
              34.8310501
            ],
            [
              -86.6210799,
              34.8309693
            ],
            [
              -86.6208737,
              34.8310337
            ],
            [
              -86.6209112,
              34.8311145
            ],
            [
              -86.6211174,
              34.8310501
            ]
          ]
        ]
      },
      "properties": {
        "epoch_id": "EPOCH-27e284efc1b1abc2",
        "site_name": "Meta Huntsville",
        "distance_to_site_km": 1.9395,
        "footprint_area_m2_webmercator": 287.99,
        "source_dataset": "Overture Maps buildings",
        "source_url": "https://docs.overturemaps.org/getting-data/",
        "source_release": "2026-09-23.1",
        "source_accessed_on": "2026-09-28",
        "geometry_role": "current building-footprint polygon",
        "linkage_semantics": "Overlap/proximity only; not evidence that the building hosts AI compute."
      }
    },
    {
      "type": "Feature",
      "id": "47a35984-a248-4203-9355-f4cb98e4184a",
      "geometry": {
        "type": "Polygon",
        "coordinates": [
          [
            [
              -86.6209574,
              34.8291895
            ],
            [
              -86.6208716,
              34.8292257
            ],
            [
              -86.6209109,
              34.8292884
            ],
            [
              -86.6208769,
              34.8293027
            ],
            [
              -86.6209435,
              34.8294089
            ],
            [
              -86.6210632,
              34.8293584
            ],
            [
              -86.6209574,
              34.8291895
            ]
          ]
        ]
      },
      "properties": {
        "epoch_id": "EPOCH-27e284efc1b1abc2",
        "site_name": "Meta Huntsville",
        "distance_to_site_km": 2.1269,
        "footprint_area_m2_webmercator": 345.35,
        "source_dataset": "Overture Maps buildings",
        "source_url": "https://docs.overturemaps.org/getting-data/",
        "source_release": "2026-09-23.1",
        "source_accessed_on": "2026-09-28",
        "geometry_role": "current building-footprint polygon",
        "linkage_semantics": "Overlap/proximity only; not evidence that the building hosts AI compute."
      }
    },
    {
      "type": "Feature",
      "id": "b9c7d5e5-aa4b-43fd-ab6c-9a5de8e0d49f",
      "geometry": {
        "type": "Polygon",
        "coordinates": [
          [
            [
              -86.6213828,
              34.829284
            ],
            [
              -86.6213475,
              34.8292174
            ],
            [
              -86.6212292,
              34.8292596
            ],
            [
              -86.6212645,
              34.8293262
            ],
            [
              -86.6213828,
              34.829284
            ]
          ]
        ]
      },
      "properties": {
        "epoch_id": "EPOCH-27e284efc1b1abc2",
        "site_name": "Meta Huntsville",
        "distance_to_site_km": 2.1226,
        "footprint_area_m2_webmercator": 141.43,
        "source_dataset": "Overture Maps buildings",
        "source_url": "https://docs.overturemaps.org/getting-data/",
        "source_release": "2026-09-23.1",
        "source_accessed_on": "2026-09-28",
        "geometry_role": "current building-footprint polygon",
        "linkage_semantics": "Overlap/proximity only; not evidence that the building hosts AI compute."
      }
    },
    {
      "type": "Feature",
      "id": "84f02228-dadd-46cb-ac91-66851c9b6c8f",
      "geometry": {
        "type": "Polygon",
        "coordinates": [
          [
            [
              -86.6214513,
              34.8297365
            ],
            [
              -86.6216333,
              34.8298537
            ],
            [
              -86.6217453,
              34.8297365
            ],
            [
              -86.6215634,
              34.8296193
            ],
            [
              -86.6214513,
              34.8297365
            ]
          ]
        ]
      },
      "properties": {
        "epoch_id": "EPOCH-27e284efc1b1abc2",
        "site_name": "Meta Huntsville",
        "distance_to_site_km": 2.0662,
        "footprint_area_m2_webmercator": 520.18,
        "source_dataset": "Overture Maps buildings",
        "source_url": "https://docs.overturemaps.org/getting-data/",
        "source_release": "2026-09-23.1",
        "source_accessed_on": "2026-09-28",
        "geometry_role": "current building-footprint polygon",
        "linkage_semantics": "Overlap/proximity only; not evidence that the building hosts AI compute."
      }
    },
    {
      "type": "Feature",
      "id": "66d9bbff-8dcd-420d-b853-8570a39e6d96",
      "geometry": {
        "type": "Polygon",
        "coordinates": [
          [
            [
              -86.6226347,
              34.8294019
            ],
            [
              -86.6227402,
              34.8294347
            ],
            [
              -86.6228336,
              34.8292326
            ],
            [
              -86.6227281,
              34.8291998
            ],
            [
              -86.6226347,
              34.8294019
            ]
          ]
        ]
      },
      "properties": {
        "epoch_id": "EPOCH-27e284efc1b1abc2",
        "site_name": "Meta Huntsville",
        "distance_to_site_km": 2.0907,
        "footprint_area_m2_webmercator": 368.13,
        "source_dataset": "Overture Maps buildings",
        "source_url": "https://docs.overturemaps.org/getting-data/",
        "source_release": "2026-09-23.1",
        "source_accessed_on": "2026-09-28",
        "geometry_role": "current building-footprint polygon",
        "linkage_semantics": "Overlap/proximity only; not evidence that the building hosts AI compute."
      }
    },
    {
      "type": "Feature",
      "id": "4f376a97-6562-4cd3-aeba-4c920b51f395",
      "geometry": {
        "type": "Polygon",
        "coordinates": [
          [
            [
              -86.6236871,
              34.8289379
            ],
            [
              -86.6237716,
              34.8289353
            ],
            [
              -86.6237667,
              34.8288276
            ],
            [
              -86.6235322,
              34.8288347
            ],
            [
              -86.6235361,
              34.8289204
            ],
            [
              -86.6236861,
              34.8289159
            ],
            [
              -86.6236871,
              34.8289379
            ]
          ]
        ]
      },
      "properties": {
        "epoch_id": "EPOCH-27e284efc1b1abc2",
        "site_name": "Meta Huntsville",
        "distance_to_site_km": 2.1257,
        "footprint_area_m2_webmercator": 331.98,
        "source_dataset": "Overture Maps buildings",
        "source_url": "https://docs.overturemaps.org/getting-data/",
        "source_release": "2026-09-23.1",
        "source_accessed_on": "2026-09-28",
        "geometry_role": "current building-footprint polygon",
        "linkage_semantics": "Overlap/proximity only; not evidence that the building hosts AI compute."
      }
    },
    {
      "type": "Feature",
      "id": "795b3dc8-6f02-4da0-8af5-5fa7435aa46a",
      "geometry": {
        "type": "Polygon",
        "coordinates": [
          [
            [
              -86.6202186,
              34.8282163
            ],
            [
              -86.6202388,
              34.828216
            ],
            [
              -86.6202416,
              34.8283349
            ],
            [
              -86.6203796,
              34.8283327
            ],
            [
              -86.6203751,
              34.828139
            ],
            [
              -86.6202169,
              34.8281415
            ],
            [
              -86.6202186,
              34.8282163
            ]
          ]
        ]
      },
      "properties": {
        "epoch_id": "EPOCH-27e284efc1b1abc2",
        "site_name": "Meta Huntsville",
        "distance_to_site_km": 2.2572,
        "footprint_area_m2_webmercator": 426.58,
        "source_dataset": "Overture Maps buildings",
        "source_url": "https://docs.overturemaps.org/getting-data/",
        "source_release": "2026-09-23.1",
        "source_accessed_on": "2026-09-28",
        "geometry_role": "current building-footprint polygon",
        "linkage_semantics": "Overlap/proximity only; not evidence that the building hosts AI compute."
      }
    },
    {
      "type": "Feature",
      "id": "3a29ffa7-34d9-4574-9da5-dada6f7f31ad",
      "geometry": {
        "type": "Polygon",
        "coordinates": [
          [
            [
              -86.6194172,
              34.8282379
            ],
            [
              -86.6192722,
              34.8282603
            ],
            [
              -86.6192912,
              34.8283432
            ],
            [
              -86.6194362,
              34.8283208
            ],
            [
              -86.6194172,
              34.8282379
            ]
          ]
        ]
      },
      "properties": {
        "epoch_id": "EPOCH-27e284efc1b1abc2",
        "site_name": "Meta Huntsville",
        "distance_to_site_km": 2.2755,
        "footprint_area_m2_webmercator": 187.89,
        "source_dataset": "Overture Maps buildings",
        "source_url": "https://docs.overturemaps.org/getting-data/",
        "source_release": "2026-09-23.1",
        "source_accessed_on": "2026-09-28",
        "geometry_role": "current building-footprint polygon",
        "linkage_semantics": "Overlap/proximity only; not evidence that the building hosts AI compute."
      }
    },
    {
      "type": "Feature",
      "id": "f1ef9dcd-ffc7-4e27-bbdd-0c4337fb8f37",
      "geometry": {
        "type": "Polygon",
        "coordinates": [
          [
            [
              -86.6190168,
              34.8300891
            ],
            [
              -86.6190213,
              34.8299826
            ],
            [
              -86.6189421,
              34.8299804
            ],
            [
              -86.6189376,
              34.8300868
            ],
            [
              -86.6190168,
              34.8300891
            ]
          ]
        ]
      },
      "properties": {
        "epoch_id": "EPOCH-27e284efc1b1abc2",
        "site_name": "Meta Huntsville",
        "distance_to_site_km": 2.1026,
        "footprint_area_m2_webmercator": 127.43,
        "source_dataset": "Overture Maps buildings",
        "source_url": "https://docs.overturemaps.org/getting-data/",
        "source_release": "2026-09-23.1",
        "source_accessed_on": "2026-09-28",
        "geometry_role": "current building-footprint polygon",
        "linkage_semantics": "Overlap/proximity only; not evidence that the building hosts AI compute."
      }
    },
    {
      "type": "Feature",
      "id": "adedfe0c-98fd-4b95-a602-3b714007a807",
      "geometry": {
        "type": "Polygon",
        "coordinates": [
          [
            [
              -86.6186358,
              34.8298424
            ],
            [
              -86.618641,
              34.8300008
            ],
            [
              -86.6187616,
              34.8299981
            ],
            [
              -86.6187564,
              34.8298397
            ],
            [
              -86.6186358,
              34.8298424
            ]
          ]
        ]
      },
      "properties": {
        "epoch_id": "EPOCH-27e284efc1b1abc2",
        "site_name": "Meta Huntsville",
        "distance_to_site_km": 2.1234,
        "footprint_area_m2_webmercator": 288.6,
        "source_dataset": "Overture Maps buildings",
        "source_url": "https://docs.overturemaps.org/getting-data/",
        "source_release": "2026-09-23.1",
        "source_accessed_on": "2026-09-28",
        "geometry_role": "current building-footprint polygon",
        "linkage_semantics": "Overlap/proximity only; not evidence that the building hosts AI compute."
      }
    },
    {
      "type": "Feature",
      "id": "ea7ee048-d4dd-472f-85de-e66a37e5449b",
      "geometry": {
        "type": "Polygon",
        "coordinates": [
          [
            [
              -86.6186726,
              34.8298354
            ],
            [
              -86.6187476,
              34.8298374
            ],
            [
              -86.6187499,
              34.829778
            ],
            [
              -86.6186749,
              34.829776
            ],
            [
              -86.6186726,
              34.8298354
            ]
          ]
        ]
      },
      "properties": {
        "epoch_id": "EPOCH-27e284efc1b1abc2",
        "site_name": "Meta Huntsville",
        "distance_to_site_km": 2.1348,
        "footprint_area_m2_webmercator": 67.32,
        "source_dataset": "Overture Maps buildings",
        "source_url": "https://docs.overturemaps.org/getting-data/",
        "source_release": "2026-09-23.1",
        "source_accessed_on": "2026-09-28",
        "geometry_role": "current building-footprint polygon",
        "linkage_semantics": "Overlap/proximity only; not evidence that the building hosts AI compute."
      }
    },
    {
      "type": "Feature",
      "id": "f275045a-bfa1-4e71-888a-28ce41c375fc",
      "geometry": {
        "type": "Polygon",
        "coordinates": [
          [
            [
              -86.6185911,
              34.828357
            ],
            [
              -86.6184103,
              34.8282903
            ],
            [
              -86.618314,
              34.8284662
            ],
            [
              -86.6184043,
              34.8284995
            ],
            [
              -86.6184675,
              34.8283841
            ],
            [
              -86.618558,
              34.8284174
            ],
            [
              -86.6185911,
              34.828357
            ]
          ]
        ]
      },
      "properties": {
        "epoch_id": "EPOCH-27e284efc1b1abc2",
        "site_name": "Meta Huntsville",
        "distance_to_site_km": 2.2916,
        "footprint_area_m2_webmercator": 387.46,
        "source_dataset": "Overture Maps buildings",
        "source_url": "https://docs.overturemaps.org/getting-data/",
        "source_release": "2026-09-23.1",
        "source_accessed_on": "2026-09-28",
        "geometry_role": "current building-footprint polygon",
        "linkage_semantics": "Overlap/proximity only; not evidence that the building hosts AI compute."
      }
    },
    {
      "type": "Feature",
      "id": "23f9802b-9759-4f17-b125-f992c499502b",
      "geometry": {
        "type": "Polygon",
        "coordinates": [
          [
            [
              -86.6177323,
              34.8293023
            ],
            [
              -86.6177218,
              34.8292284
            ],
            [
              -86.6176357,
              34.8292367
            ],
            [
              -86.6176462,
              34.8293105
            ],
            [
              -86.6177323,
              34.8293023
            ]
          ]
        ]
      },
      "properties": {
        "epoch_id": "EPOCH-27e284efc1b1abc2",
        "site_name": "Meta Huntsville",
        "distance_to_site_km": 2.2243,
        "footprint_area_m2_webmercator": 97.3,
        "source_dataset": "Overture Maps buildings",
        "source_url": "https://docs.overturemaps.org/getting-data/",
        "source_release": "2026-09-23.1",
        "source_accessed_on": "2026-09-28",
        "geometry_role": "current building-footprint polygon",
        "linkage_semantics": "Overlap/proximity only; not evidence that the building hosts AI compute."
      }
    },
    {
      "type": "Feature",
      "id": "f682a79c-ad15-44f6-8171-d5da50a3ca03",
      "geometry": {
        "type": "Polygon",
        "coordinates": [
          [
            [
              -86.6176733,
              34.8290181
            ],
            [
              -86.6176889,
              34.8290668
            ],
            [
              -86.6178595,
              34.82903
            ],
            [
              -86.6178387,
              34.8289649
            ],
            [
              -86.6177721,
              34.8289793
            ],
            [
              -86.6177304,
              34.8288487
            ],
            [
              -86.61763,
              34.8288703
            ],
            [
              -86.6176372,
              34.8288929
            ],
            [
              -86.6175645,
              34.8289086
            ],
            [
              -86.6176042,
              34.829033
            ],
            [
              -86.6176733,
              34.8290181
            ]
          ]
        ]
      },
      "properties": {
        "epoch_id": "EPOCH-27e284efc1b1abc2",
        "site_name": "Meta Huntsville",
        "distance_to_site_km": 2.2551,
        "footprint_area_m2_webmercator": 535.8,
        "source_dataset": "Overture Maps buildings",
        "source_url": "https://docs.overturemaps.org/getting-data/",
        "source_release": "2026-09-23.1",
        "source_accessed_on": "2026-09-28",
        "geometry_role": "current building-footprint polygon",
        "linkage_semantics": "Overlap/proximity only; not evidence that the building hosts AI compute."
      }
    },
    {
      "type": "Feature",
      "id": "fd9c2bb5-3579-4839-808f-31c8052f3266",
      "geometry": {
        "type": "Polygon",
        "coordinates": [
          [
            [
              -86.616897,
              34.8290723
            ],
            [
              -86.6168678,
              34.8289817
            ],
            [
              -86.6166207,
              34.8290353
            ],
            [
              -86.6166624,
              34.829165
            ],
            [
              -86.6168329,
              34.829128
            ],
            [
              -86.6168204,
              34.8290889
            ],
            [
              -86.616897,
              34.8290723
            ]
          ]
        ]
      },
      "properties": {
        "epoch_id": "EPOCH-27e284efc1b1abc2",
        "site_name": "Meta Huntsville",
        "distance_to_site_km": 2.2776,
        "footprint_area_m2_webmercator": 469.26,
        "source_dataset": "Overture Maps buildings",
        "source_url": "https://docs.overturemaps.org/getting-data/",
        "source_release": "2026-09-23.1",
        "source_accessed_on": "2026-09-28",
        "geometry_role": "current building-footprint polygon",
        "linkage_semantics": "Overlap/proximity only; not evidence that the building hosts AI compute."
      }
    },
    {
      "type": "Feature",
      "id": "d3696c5a-16fe-44ac-82cb-93c3ff41e5b5",
      "geometry": {
        "type": "Polygon",
        "coordinates": [
          [
            [
              -86.6146448,
              34.8298662
            ],
            [
              -86.6147199,
              34.829864
            ],
            [
              -86.6147166,
              34.8297871
            ],
            [
              -86.6145141,
              34.8297929
            ],
            [
              -86.6145162,
              34.8298426
            ],
            [
              -86.6144519,
              34.8298444
            ],
            [
              -86.6144555,
              34.829928
            ],
            [
              -86.6146472,
              34.8299225
            ],
            [
              -86.6146448,
              34.8298662
            ]
          ]
        ]
      },
      "properties": {
        "epoch_id": "EPOCH-27e284efc1b1abc2",
        "site_name": "Meta Huntsville",
        "distance_to_site_km": 2.2877,
        "footprint_area_m2_webmercator": 425.18,
        "source_dataset": "Overture Maps buildings",
        "source_url": "https://docs.overturemaps.org/getting-data/",
        "source_release": "2026-09-23.1",
        "source_accessed_on": "2026-09-28",
        "geometry_role": "current building-footprint polygon",
        "linkage_semantics": "Overlap/proximity only; not evidence that the building hosts AI compute."
      }
    },
    {
      "type": "Feature",
      "id": "35a8739e-5513-467f-b60c-9362466f63a6",
      "geometry": {
        "type": "Polygon",
        "coordinates": [
          [
            [
              -86.614725,
              34.8284827
            ],
            [
              -86.6147238,
              34.8284607
            ],
            [
              -86.6146649,
              34.8284628
            ],
            [
              -86.6146661,
              34.8284861
            ],
            [
              -86.6146153,
              34.8284879
            ],
            [
              -86.6146192,
              34.8285626
            ],
            [
              -86.6147879,
              34.8285566
            ],
            [
              -86.6147839,
              34.8284806
            ],
            [
              -86.614725,
              34.8284827
            ]
          ]
        ]
      },
      "properties": {
        "epoch_id": "EPOCH-27e284efc1b1abc2",
        "site_name": "Meta Huntsville",
        "distance_to_site_km": 2.4139,
        "footprint_area_m2_webmercator": 212.5,
        "source_dataset": "Overture Maps buildings",
        "source_url": "https://docs.overturemaps.org/getting-data/",
        "source_release": "2026-09-23.1",
        "source_accessed_on": "2026-09-28",
        "geometry_role": "current building-footprint polygon",
        "linkage_semantics": "Overlap/proximity only; not evidence that the building hosts AI compute."
      }
    },
    {
      "type": "Feature",
      "id": "5eb849e5-923f-4a00-b84e-816527b8e7a4",
      "geometry": {
        "type": "Polygon",
        "coordinates": [
          [
            [
              -86.6143419,
              34.8284957
            ],
            [
              -86.6143459,
              34.8285792
            ],
            [
              -86.6145025,
              34.8285741
            ],
            [
              -86.6144984,
              34.8284906
            ],
            [
              -86.6143419,
              34.8284957
            ]
          ]
        ]
      },
      "properties": {
        "epoch_id": "EPOCH-27e284efc1b1abc2",
        "site_name": "Meta Huntsville",
        "distance_to_site_km": 2.4239,
        "footprint_area_m2_webmercator": 197.65,
        "source_dataset": "Overture Maps buildings",
        "source_url": "https://docs.overturemaps.org/getting-data/",
        "source_release": "2026-09-23.1",
        "source_accessed_on": "2026-09-28",
        "geometry_role": "current building-footprint polygon",
        "linkage_semantics": "Overlap/proximity only; not evidence that the building hosts AI compute."
      }
    },
    {
      "type": "Feature",
      "id": "24feed61-a8a0-4f99-b813-162a60ab28d7",
      "geometry": {
        "type": "Polygon",
        "coordinates": [
          [
            [
              -86.6133584,
              34.8298582
            ],
            [
              -86.6135272,
              34.8298629
            ],
            [
              -86.6135305,
              34.8297828
            ],
            [
              -86.6133617,
              34.8297781
            ],
            [
              -86.6133584,
              34.8298582
            ]
          ]
        ]
      },
      "properties": {
        "epoch_id": "EPOCH-27e284efc1b1abc2",
        "site_name": "Meta Huntsville",
        "distance_to_site_km": 2.3435,
        "footprint_area_m2_webmercator": 204.35,
        "source_dataset": "Overture Maps buildings",
        "source_url": "https://docs.overturemaps.org/getting-data/",
        "source_release": "2026-09-23.1",
        "source_accessed_on": "2026-09-28",
        "geometry_role": "current building-footprint polygon",
        "linkage_semantics": "Overlap/proximity only; not evidence that the building hosts AI compute."
      }
    },
    {
      "type": "Feature",
      "id": "3047119a-3d7e-4d6e-8a5b-c1d2b7125f36",
      "geometry": {
        "type": "Polygon",
        "coordinates": [
          [
            [
              -86.6113494,
              34.8291797
            ],
            [
              -86.6114639,
              34.8292378
            ],
            [
              -86.6115539,
              34.8291183
            ],
            [
              -86.6114394,
              34.8290602
            ],
            [
              -86.6113494,
              34.8291797
            ]
          ]
        ]
      },
      "properties": {
        "epoch_id": "EPOCH-27e284efc1b1abc2",
        "site_name": "Meta Huntsville",
        "distance_to_site_km": 2.5046,
        "footprint_area_m2_webmercator": 285.5,
        "source_dataset": "Overture Maps buildings",
        "source_url": "https://docs.overturemaps.org/getting-data/",
        "source_release": "2026-09-23.1",
        "source_accessed_on": "2026-09-28",
        "geometry_role": "current building-footprint polygon",
        "linkage_semantics": "Overlap/proximity only; not evidence that the building hosts AI compute."
      }
    },
    {
      "type": "Feature",
      "id": "d54ebe7d-96f7-4100-a4ee-d788f5dedf29",
      "geometry": {
        "type": "Polygon",
        "coordinates": [
          [
            [
              -86.6106483,
              34.8278178
            ],
            [
              -86.6107502,
              34.8278158
            ],
            [
              -86.6107463,
              34.8276772
            ],
            [
              -86.6106444,
              34.8276791
            ],
            [
              -86.6106483,
              34.8278178
            ]
          ]
        ]
      },
      "properties": {
        "epoch_id": "EPOCH-27e284efc1b1abc2",
        "site_name": "Meta Huntsville",
        "distance_to_site_km": 2.6725,
        "footprint_area_m2_webmercator": 213.4,
        "source_dataset": "Overture Maps buildings",
        "source_url": "https://docs.overturemaps.org/getting-data/",
        "source_release": "2026-09-23.1",
        "source_accessed_on": "2026-09-28",
        "geometry_role": "current building-footprint polygon",
        "linkage_semantics": "Overlap/proximity only; not evidence that the building hosts AI compute."
      }
    },
    {
      "type": "Feature",
      "id": "033d2ee0-31f2-4b20-96a4-e32a45e87379",
      "geometry": {
        "type": "Polygon",
        "coordinates": [
          [
            [
              -86.6110137,
              34.8299459
            ],
            [
              -86.6110121,
              34.8298821
            ],
            [
              -86.6109102,
              34.8298839
            ],
            [
              -86.6109119,
              34.8299477
            ],
            [
              -86.6110137,
              34.8299459
            ]
          ]
        ]
      },
      "properties": {
        "epoch_id": "EPOCH-27e284efc1b1abc2",
        "site_name": "Meta Huntsville",
        "distance_to_site_km": 2.4605,
        "footprint_area_m2_webmercator": 98.14,
        "source_dataset": "Overture Maps buildings",
        "source_url": "https://docs.overturemaps.org/getting-data/",
        "source_release": "2026-09-23.1",
        "source_accessed_on": "2026-09-28",
        "geometry_role": "current building-footprint polygon",
        "linkage_semantics": "Overlap/proximity only; not evidence that the building hosts AI compute."
      }
    },
    {
      "type": "Feature",
      "id": "4b57f82a-9453-4609-9646-6efb461d7273",
      "geometry": {
        "type": "Polygon",
        "coordinates": [
          [
            [
              -86.6106514,
              34.8366451
            ],
            [
              -86.6106516,
              34.8367045
            ],
            [
              -86.6107696,
              34.8367044
            ],
            [
              -86.6107693,
              34.836591
            ],
            [
              -86.6107935,
              34.8365909
            ],
            [
              -86.6107934,
              34.8365524
            ],
            [
              -86.6106351,
              34.8365527
            ],
            [
              -86.6106353,
              34.8366451
            ],
            [
              -86.6106514,
              34.8366451
            ]
          ]
        ]
      },
      "properties": {
        "epoch_id": "EPOCH-27e284efc1b1abc2",
        "site_name": "Meta Huntsville",
        "distance_to_site_km": 1.9254,
        "footprint_area_m2_webmercator": 307.19,
        "source_dataset": "Overture Maps buildings",
        "source_url": "https://docs.overturemaps.org/getting-data/",
        "source_release": "2026-09-23.1",
        "source_accessed_on": "2026-09-28",
        "geometry_role": "current building-footprint polygon",
        "linkage_semantics": "Overlap/proximity only; not evidence that the building hosts AI compute."
      }
    },
    {
      "type": "Feature",
      "id": "7b67c071-4ee4-46d6-a472-8cf664e139e3",
      "geometry": {
        "type": "Polygon",
        "coordinates": [
          [
            [
              -86.6106969,
              34.8356193
            ],
            [
              -86.6106964,
              34.8355929
            ],
            [
              -86.6107662,
              34.8355921
            ],
            [
              -86.6107643,
              34.8354755
            ],
            [
              -86.6106288,
              34.8354769
            ],
            [
              -86.6106294,
              34.8355132
            ],
            [
              -86.6105221,
              34.8355144
            ],
            [
              -86.6105234,
              34.8355925
            ],
            [
              -86.6106387,
              34.8355913
            ],
            [
              -86.6106391,
              34.8356199
            ],
            [
              -86.6106969,
              34.8356193
            ]
          ]
        ]
      },
      "properties": {
        "epoch_id": "EPOCH-27e284efc1b1abc2",
        "site_name": "Meta Huntsville",
        "distance_to_site_km": 2.0085,
        "footprint_area_m2_webmercator": 388.02,
        "source_dataset": "Overture Maps buildings",
        "source_url": "https://docs.overturemaps.org/getting-data/",
        "source_release": "2026-09-23.1",
        "source_accessed_on": "2026-09-28",
        "geometry_role": "current building-footprint polygon",
        "linkage_semantics": "Overlap/proximity only; not evidence that the building hosts AI compute."
      }
    },
    {
      "type": "Feature",
      "id": "80d0dfa9-2d29-4335-8df4-876ceef2885c",
      "geometry": {
        "type": "Polygon",
        "coordinates": [
          [
            [
              -86.610257,
              34.8362001
            ],
            [
              -86.6104367,
              34.8362027
            ],
            [
              -86.6104385,
              34.8361202
            ],
            [
              -86.6102589,
              34.8361175
            ],
            [
              -86.610257,
              34.8362001
            ]
          ]
        ]
      },
      "properties": {
        "epoch_id": "EPOCH-27e284efc1b1abc2",
        "site_name": "Meta Huntsville",
        "distance_to_site_km": 1.9839,
        "footprint_area_m2_webmercator": 223.97,
        "source_dataset": "Overture Maps buildings",
        "source_url": "https://docs.overturemaps.org/getting-data/",
        "source_release": "2026-09-23.1",
        "source_accessed_on": "2026-09-28",
        "geometry_role": "current building-footprint polygon",
        "linkage_semantics": "Overlap/proximity only; not evidence that the building hosts AI compute."
      }
    },
    {
      "type": "Feature",
      "id": "7f1583f3-56cd-46c2-8a93-82d51027461e",
      "geometry": {
        "type": "Polygon",
        "coordinates": [
          [
            [
              -86.6102522,
              34.8360264
            ],
            [
              -86.6101089,
              34.8360217
            ],
            [
              -86.6101101,
              34.8359964
            ],
            [
              -86.6100633,
              34.8359948
            ],
            [
              -86.6100622,
              34.836018
            ],
            [
              -86.610022,
              34.8360166
            ],
            [
              -86.6100199,
              34.8360584
            ],
            [
              -86.6102502,
              34.836066
            ],
            [
              -86.6102522,
              34.8360264
            ]
          ]
        ]
      },
      "properties": {
        "epoch_id": "EPOCH-27e284efc1b1abc2",
        "site_name": "Meta Huntsville",
        "distance_to_site_km": 2.0078,
        "footprint_area_m2_webmercator": 157.11,
        "source_dataset": "Overture Maps buildings",
        "source_url": "https://docs.overturemaps.org/getting-data/",
        "source_release": "2026-09-23.1",
        "source_accessed_on": "2026-09-28",
        "geometry_role": "current building-footprint polygon",
        "linkage_semantics": "Overlap/proximity only; not evidence that the building hosts AI compute."
      }
    },
    {
      "type": "Feature",
      "id": "4078163d-b0ea-4934-92ed-4584e8b4b166",
      "geometry": {
        "type": "Polygon",
        "coordinates": [
          [
            [
              -86.6101368,
              34.8353682
            ],
            [
              -86.6101371,
              34.8354232
            ],
            [
              -86.6100714,
              34.8354235
            ],
            [
              -86.610072,
              34.8355357
            ],
            [
              -86.6102168,
              34.8355352
            ],
            [
              -86.6102167,
              34.8355088
            ],
            [
              -86.61032,
              34.8355084
            ],
            [
              -86.6103195,
              34.8354203
            ],
            [
              -86.6102001,
              34.8354208
            ],
            [
              -86.6101998,
              34.8353679
            ],
            [
              -86.6101368,
              34.8353682
            ]
          ]
        ]
      },
      "properties": {
        "epoch_id": "EPOCH-27e284efc1b1abc2",
        "site_name": "Meta Huntsville",
        "distance_to_site_km": 2.0462,
        "footprint_area_m2_webmercator": 435.72,
        "source_dataset": "Overture Maps buildings",
        "source_url": "https://docs.overturemaps.org/getting-data/",
        "source_release": "2026-09-23.1",
        "source_accessed_on": "2026-09-28",
        "geometry_role": "current building-footprint polygon",
        "linkage_semantics": "Overlap/proximity only; not evidence that the building hosts AI compute."
      }
    },
    {
      "type": "Feature",
      "id": "c4e1426d-3578-4ab2-8aef-1b3fd5b9bae2",
      "geometry": {
        "type": "Polygon",
        "coordinates": [
          [
            [
              -86.6098851,
              34.8355126
            ],
            [
              -86.6098973,
              34.8354369
            ],
            [
              -86.609776,
              34.8354238
            ],
            [
              -86.6097639,
              34.8354995
            ],
            [
              -86.6098851,
              34.8355126
            ]
          ]
        ]
      },
      "properties": {
        "epoch_id": "EPOCH-27e284efc1b1abc2",
        "site_name": "Meta Huntsville",
        "distance_to_site_km": 2.0701,
        "footprint_area_m2_webmercator": 140.98,
        "source_dataset": "Overture Maps buildings",
        "source_url": "https://docs.overturemaps.org/getting-data/",
        "source_release": "2026-09-23.1",
        "source_accessed_on": "2026-09-28",
        "geometry_role": "current building-footprint polygon",
        "linkage_semantics": "Overlap/proximity only; not evidence that the building hosts AI compute."
      }
    },
    {
      "type": "Feature",
      "id": "170f455f-a344-4b01-96e2-f8056be51a98",
      "geometry": {
        "type": "Polygon",
        "coordinates": [
          [
            [
              -86.6094776,
              34.8360154
            ],
            [
              -86.6094794,
              34.8359537
            ],
            [
              -86.609348,
              34.8359512
            ],
            [
              -86.6093462,
              34.8360128
            ],
            [
              -86.6094776,
              34.8360154
            ]
          ]
        ]
      },
      "properties": {
        "epoch_id": "EPOCH-27e284efc1b1abc2",
        "site_name": "Meta Huntsville",
        "distance_to_site_km": 2.0617,
        "footprint_area_m2_webmercator": 122.37,
        "source_dataset": "Overture Maps buildings",
        "source_url": "https://docs.overturemaps.org/getting-data/",
        "source_release": "2026-09-23.1",
        "source_accessed_on": "2026-09-28",
        "geometry_role": "current building-footprint polygon",
        "linkage_semantics": "Overlap/proximity only; not evidence that the building hosts AI compute."
      }
    },
    {
      "type": "Feature",
      "id": "578468a2-09d2-4f31-b492-d8056942a0e3",
      "geometry": {
        "type": "Polygon",
        "coordinates": [
          [
            [
              -86.6092606,
              34.8356326
            ],
            [
              -86.6092602,
              34.8356106
            ],
            [
              -86.6093031,
              34.8356101
            ],
            [
              -86.6093018,
              34.8355265
            ],
            [
              -86.6091543,
              34.8355281
            ],
            [
              -86.6091556,
              34.8356107
            ],
            [
              -86.6092105,
              34.8356101
            ],
            [
              -86.6092109,
              34.8356332
            ],
            [
              -86.6092606,
              34.8356326
            ]
          ]
        ]
      },
      "properties": {
        "epoch_id": "EPOCH-27e284efc1b1abc2",
        "site_name": "Meta Huntsville",
        "distance_to_site_km": 2.1039,
        "footprint_area_m2_webmercator": 201.93,
        "source_dataset": "Overture Maps buildings",
        "source_url": "https://docs.overturemaps.org/getting-data/",
        "source_release": "2026-09-23.1",
        "source_accessed_on": "2026-09-28",
        "geometry_role": "current building-footprint polygon",
        "linkage_semantics": "Overlap/proximity only; not evidence that the building hosts AI compute."
      }
    },
    {
      "type": "Feature",
      "id": "d6cd6447-2bb0-47db-a1bb-12943dd7141c",
      "geometry": {
        "type": "Polygon",
        "coordinates": [
          [
            [
              -86.610047,
              34.8292998
            ],
            [
              -86.6100352,
              34.829224
            ],
            [
              -86.6098241,
              34.8292459
            ],
            [
              -86.6098358,
              34.8293218
            ],
            [
              -86.610047,
              34.8292998
            ]
          ]
        ]
      },
      "properties": {
        "epoch_id": "EPOCH-27e284efc1b1abc2",
        "site_name": "Meta Huntsville",
        "distance_to_site_km": 2.5735,
        "footprint_area_m2_webmercator": 245.67,
        "source_dataset": "Overture Maps buildings",
        "source_url": "https://docs.overturemaps.org/getting-data/",
        "source_release": "2026-09-23.1",
        "source_accessed_on": "2026-09-28",
        "geometry_role": "current building-footprint polygon",
        "linkage_semantics": "Overlap/proximity only; not evidence that the building hosts AI compute."
      }
    },
    {
      "type": "Feature",
      "id": "507382fe-96de-4d9d-9f2e-10311d8779ab",
      "geometry": {
        "type": "Polygon",
        "coordinates": [
          [
            [
              -86.6076471,
              34.8343879
            ],
            [
              -86.6076003,
              34.8343888
            ],
            [
              -86.6076033,
              34.8344922
            ],
            [
              -86.6076956,
              34.8344904
            ],
            [
              -86.6076948,
              34.8344628
            ],
            [
              -86.6078235,
              34.8344603
            ],
            [
              -86.6078209,
              34.8343691
            ],
            [
              -86.6078048,
              34.8343694
            ],
            [
              -86.6078024,
              34.8342836
            ],
            [
              -86.6076442,
              34.8342867
            ],
            [
              -86.6076471,
              34.8343879
            ]
          ]
        ]
      },
      "properties": {
        "epoch_id": "EPOCH-27e284efc1b1abc2",
        "site_name": "Meta Huntsville",
        "distance_to_site_km": 2.2946,
        "footprint_area_m2_webmercator": 537.08,
        "source_dataset": "Overture Maps buildings",
        "source_url": "https://docs.overturemaps.org/getting-data/",
        "source_release": "2026-09-23.1",
        "source_accessed_on": "2026-09-28",
        "geometry_role": "current building-footprint polygon",
        "linkage_semantics": "Overlap/proximity only; not evidence that the building hosts AI compute."
      }
    },
    {
      "type": "Feature",
      "id": "7afe5841-7be6-44a1-83d6-1f54fe4cee7e",
      "geometry": {
        "type": "Polygon",
        "coordinates": [
          [
            [
              -86.6074222,
              34.8364664
            ],
            [
              -86.607512,
              34.8364681
            ],
            [
              -86.6075143,
              34.8363823
            ],
            [
              -86.6074245,
              34.8363806
            ],
            [
              -86.6074222,
              34.8364664
            ]
          ]
        ]
      },
      "properties": {
        "epoch_id": "EPOCH-27e284efc1b1abc2",
        "site_name": "Meta Huntsville",
        "distance_to_site_km": 2.1723,
        "footprint_area_m2_webmercator": 116.38,
        "source_dataset": "Overture Maps buildings",
        "source_url": "https://docs.overturemaps.org/getting-data/",
        "source_release": "2026-09-23.1",
        "source_accessed_on": "2026-09-28",
        "geometry_role": "current building-footprint polygon",
        "linkage_semantics": "Overlap/proximity only; not evidence that the building hosts AI compute."
      }
    },
    {
      "type": "Feature",
      "id": "41219772-e935-456a-a640-c8a0ac04241e",
      "geometry": {
        "type": "Polygon",
        "coordinates": [
          [
            [
              -86.6079653,
              34.8356061
            ],
            [
              -86.6079547,
              34.8355322
            ],
            [
              -86.6078092,
              34.8355463
            ],
            [
              -86.6078198,
              34.8356201
            ],
            [
              -86.6079653,
              34.8356061
            ]
          ]
        ]
      },
      "properties": {
        "epoch_id": "EPOCH-27e284efc1b1abc2",
        "site_name": "Meta Huntsville",
        "distance_to_site_km": 2.1985,
        "footprint_area_m2_webmercator": 164.47,
        "source_dataset": "Overture Maps buildings",
        "source_url": "https://docs.overturemaps.org/getting-data/",
        "source_release": "2026-09-23.1",
        "source_accessed_on": "2026-09-28",
        "geometry_role": "current building-footprint polygon",
        "linkage_semantics": "Overlap/proximity only; not evidence that the building hosts AI compute."
      }
    },
    {
      "type": "Feature",
      "id": "d3ab2499-1261-49a2-91f3-cd174710ee7b",
      "geometry": {
        "type": "Polygon",
        "coordinates": [
          [
            [
              -86.6082184,
              34.8354068
            ],
            [
              -86.6084476,
              34.8354095
            ],
            [
              -86.6084492,
              34.8353192
            ],
            [
              -86.60822,
              34.8353165
            ],
            [
              -86.6082184,
              34.8354068
            ]
          ]
        ]
      },
      "properties": {
        "epoch_id": "EPOCH-27e284efc1b1abc2",
        "site_name": "Meta Huntsville",
        "distance_to_site_km": 2.1816,
        "footprint_area_m2_webmercator": 312.54,
        "source_dataset": "Overture Maps buildings",
        "source_url": "https://docs.overturemaps.org/getting-data/",
        "source_release": "2026-09-23.1",
        "source_accessed_on": "2026-09-28",
        "geometry_role": "current building-footprint polygon",
        "linkage_semantics": "Overlap/proximity only; not evidence that the building hosts AI compute."
      }
    },
    {
      "type": "Feature",
      "id": "7c11c7ed-884f-4d3a-a0ff-3bf34ac31357",
      "geometry": {
        "type": "Polygon",
        "coordinates": [
          [
            [
              -86.6081679,
              34.835973
            ],
            [
              -86.6081712,
              34.8360478
            ],
            [
              -86.6083131,
              34.8360436
            ],
            [
              -86.6083098,
              34.8359688
            ],
            [
              -86.6081679,
              34.835973
            ]
          ]
        ]
      },
      "properties": {
        "epoch_id": "EPOCH-27e284efc1b1abc2",
        "site_name": "Meta Huntsville",
        "distance_to_site_km": 2.1435,
        "footprint_area_m2_webmercator": 160.46,
        "source_dataset": "Overture Maps buildings",
        "source_url": "https://docs.overturemaps.org/getting-data/",
        "source_release": "2026-09-23.1",
        "source_accessed_on": "2026-09-28",
        "geometry_role": "current building-footprint polygon",
        "linkage_semantics": "Overlap/proximity only; not evidence that the building hosts AI compute."
      }
    },
    {
      "type": "Feature",
      "id": "41994313-10cf-44e9-9b20-a1c55f795872",
      "geometry": {
        "type": "Polygon",
        "coordinates": [
          [
            [
              -86.6081428,
              34.8366357
            ],
            [
              -86.6082151,
              34.836633
            ],
            [
              -86.6082119,
              34.8365758
            ],
            [
              -86.6081396,
              34.8365786
            ],
            [
              -86.6081428,
              34.8366357
            ]
          ]
        ]
      },
      "properties": {
        "epoch_id": "EPOCH-27e284efc1b1abc2",
        "site_name": "Meta Huntsville",
        "distance_to_site_km": 2.1081,
        "footprint_area_m2_webmercator": 62.52,
        "source_dataset": "Overture Maps buildings",
        "source_url": "https://docs.overturemaps.org/getting-data/",
        "source_release": "2026-09-23.1",
        "source_accessed_on": "2026-09-28",
        "geometry_role": "current building-footprint polygon",
        "linkage_semantics": "Overlap/proximity only; not evidence that the building hosts AI compute."
      }
    },
    {
      "type": "Feature",
      "id": "ba30efc7-599f-4fd4-b14e-81af2871e446",
      "geometry": {
        "type": "Polygon",
        "coordinates": [
          [
            [
              -86.6088371,
              34.8355963
            ],
            [
              -86.6088374,
              34.8356139
            ],
            [
              -86.6089179,
              34.8356127
            ],
            [
              -86.6089151,
              34.8354851
            ],
            [
              -86.6087703,
              34.8354872
            ],
            [
              -86.6087727,
              34.8355973
            ],
            [
              -86.6088371,
              34.8355963
            ]
          ]
        ]
      },
      "properties": {
        "epoch_id": "EPOCH-27e284efc1b1abc2",
        "site_name": "Meta Huntsville",
        "distance_to_site_km": 2.1325,
        "footprint_area_m2_webmercator": 262.03,
        "source_dataset": "Overture Maps buildings",
        "source_url": "https://docs.overturemaps.org/getting-data/",
        "source_release": "2026-09-23.1",
        "source_accessed_on": "2026-09-28",
        "geometry_role": "current building-footprint polygon",
        "linkage_semantics": "Overlap/proximity only; not evidence that the building hosts AI compute."
      }
    },
    {
      "type": "Feature",
      "id": "fee2462b-4afc-4cb2-8e7b-4f688601c7ee",
      "geometry": {
        "type": "Polygon",
        "coordinates": [
          [
            [
              -86.6084208,
              34.841628
            ],
            [
              -86.6083286,
              34.8416271
            ],
            [
              -86.6083272,
              34.8417186
            ],
            [
              -86.6084194,
              34.8417195
            ],
            [
              -86.6084208,
              34.841628
            ]
          ]
        ]
      },
      "properties": {
        "epoch_id": "EPOCH-27e284efc1b1abc2",
        "site_name": "Meta Huntsville",
        "distance_to_site_km": 1.8153,
        "footprint_area_m2_webmercator": 127.4,
        "source_dataset": "Overture Maps buildings",
        "source_url": "https://docs.overturemaps.org/getting-data/",
        "source_release": "2026-09-23.1",
        "source_accessed_on": "2026-09-28",
        "geometry_role": "current building-footprint polygon",
        "linkage_semantics": "Overlap/proximity only; not evidence that the building hosts AI compute."
      }
    },
    {
      "type": "Feature",
      "id": "0d589f35-07b3-41db-9979-f2f4222bcbbd",
      "geometry": {
        "type": "Polygon",
        "coordinates": [
          [
            [
              -86.6084298,
              34.8417193
            ],
            [
              -86.6085237,
              34.8417193
            ],
            [
              -86.6085237,
              34.8415983
            ],
            [
              -86.6084298,
              34.8415983
            ],
            [
              -86.6084298,
              34.8417193
            ]
          ]
        ]
      },
      "properties": {
        "epoch_id": "EPOCH-27e284efc1b1abc2",
        "site_name": "Meta Huntsville",
        "distance_to_site_km": 1.8072,
        "footprint_area_m2_webmercator": 171.55,
        "source_dataset": "Overture Maps buildings",
        "source_url": "https://docs.overturemaps.org/getting-data/",
        "source_release": "2026-09-23.1",
        "source_accessed_on": "2026-09-28",
        "geometry_role": "current building-footprint polygon",
        "linkage_semantics": "Overlap/proximity only; not evidence that the building hosts AI compute."
      }
    },
    {
      "type": "Feature",
      "id": "da89e5e8-0df4-46d9-bfe9-73e5d8f7b9ee",
      "geometry": {
        "type": "Polygon",
        "coordinates": [
          [
            [
              -86.6074566,
              34.8403096
            ],
            [
              -86.6074599,
              34.8402128
            ],
            [
              -86.6073705,
              34.8402107
            ],
            [
              -86.6073671,
              34.8403075
            ],
            [
              -86.6074566,
              34.8403096
            ]
          ]
        ]
      },
      "properties": {
        "epoch_id": "EPOCH-27e284efc1b1abc2",
        "site_name": "Meta Huntsville",
        "distance_to_site_km": 1.9589,
        "footprint_area_m2_webmercator": 130.84,
        "source_dataset": "Overture Maps buildings",
        "source_url": "https://docs.overturemaps.org/getting-data/",
        "source_release": "2026-09-23.1",
        "source_accessed_on": "2026-09-28",
        "geometry_role": "current building-footprint polygon",
        "linkage_semantics": "Overlap/proximity only; not evidence that the building hosts AI compute."
      }
    },
    {
      "type": "Feature",
      "id": "0024faa3-000b-4f7a-b793-2a638a2f1db4",
      "geometry": {
        "type": "Polygon",
        "coordinates": [
          [
            [
              -86.6074512,
              34.8418041
            ],
            [
              -86.6073601,
              34.8418029
            ],
            [
              -86.6073569,
              34.8419693
            ],
            [
              -86.6074481,
              34.8419704
            ],
            [
              -86.6074512,
              34.8418041
            ]
          ]
        ]
      },
      "properties": {
        "epoch_id": "EPOCH-27e284efc1b1abc2",
        "site_name": "Meta Huntsville",
        "distance_to_site_km": 1.8891,
        "footprint_area_m2_webmercator": 228.99,
        "source_dataset": "Overture Maps buildings",
        "source_url": "https://docs.overturemaps.org/getting-data/",
        "source_release": "2026-09-23.1",
        "source_accessed_on": "2026-09-28",
        "geometry_role": "current building-footprint polygon",
        "linkage_semantics": "Overlap/proximity only; not evidence that the building hosts AI compute."
      }
    },
    {
      "type": "Feature",
      "id": "3ece22f2-df7b-4a26-bca4-6e2eb9716f0d",
      "geometry": {
        "type": "Polygon",
        "coordinates": [
          [
            [
              -86.6073111,
              34.8427516
            ],
            [
              -86.6073701,
              34.842752
            ],
            [
              -86.6073705,
              34.8427168
            ],
            [
              -86.6073115,
              34.8427164
            ],
            [
              -86.6073111,
              34.8427516
            ]
          ]
        ]
      },
      "properties": {
        "epoch_id": "EPOCH-27e284efc1b1abc2",
        "site_name": "Meta Huntsville",
        "distance_to_site_km": 1.8638,
        "footprint_area_m2_webmercator": 31.36,
        "source_dataset": "Overture Maps buildings",
        "source_url": "https://docs.overturemaps.org/getting-data/",
        "source_release": "2026-09-23.1",
        "source_accessed_on": "2026-09-28",
        "geometry_role": "current building-footprint polygon",
        "linkage_semantics": "Overlap/proximity only; not evidence that the building hosts AI compute."
      }
    },
    {
      "type": "Feature",
      "id": "1183b267-fab2-4540-9aeb-80ff1237308c",
      "geometry": {
        "type": "Polygon",
        "coordinates": [
          [
            [
              -86.607525,
              34.8425645
            ],
            [
              -86.6074097,
              34.8425668
            ],
            [
              -86.6074147,
              34.8427327
            ],
            [
              -86.6075299,
              34.8427304
            ],
            [
              -86.607525,
              34.8425645
            ]
          ]
        ]
      },
      "properties": {
        "epoch_id": "EPOCH-27e284efc1b1abc2",
        "site_name": "Meta Huntsville",
        "distance_to_site_km": 1.8555,
        "footprint_area_m2_webmercator": 288.86,
        "source_dataset": "Overture Maps buildings",
        "source_url": "https://docs.overturemaps.org/getting-data/",
        "source_release": "2026-09-23.1",
        "source_accessed_on": "2026-09-28",
        "geometry_role": "current building-footprint polygon",
        "linkage_semantics": "Overlap/proximity only; not evidence that the building hosts AI compute."
      }
    },
    {
      "type": "Feature",
      "id": "e6c9a311-900c-4bdb-a5da-e7c8e7342724",
      "geometry": {
        "type": "Polygon",
        "coordinates": [
          [
            [
              -86.6073897,
              34.8422417
            ],
            [
              -86.607482,
              34.8422431
            ],
            [
              -86.6074852,
              34.8421067
            ],
            [
              -86.607393,
              34.8421052
            ],
            [
              -86.6073897,
              34.8422417
            ]
          ]
        ]
      },
      "properties": {
        "epoch_id": "EPOCH-27e284efc1b1abc2",
        "site_name": "Meta Huntsville",
        "distance_to_site_km": 1.8753,
        "footprint_area_m2_webmercator": 190.13,
        "source_dataset": "Overture Maps buildings",
        "source_url": "https://docs.overturemaps.org/getting-data/",
        "source_release": "2026-09-23.1",
        "source_accessed_on": "2026-09-28",
        "geometry_role": "current building-footprint polygon",
        "linkage_semantics": "Overlap/proximity only; not evidence that the building hosts AI compute."
      }
    },
    {
      "type": "Feature",
      "id": "95c99ef6-c7e7-4496-af77-26b68fa56701",
      "geometry": {
        "type": "Polygon",
        "coordinates": [
          [
            [
              -86.607848,
              34.8425249
            ],
            [
              -86.6078513,
              34.8423775
            ],
            [
              -86.6077548,
              34.842376
            ],
            [
              -86.6077542,
              34.8424025
            ],
            [
              -86.6077113,
              34.8424018
            ],
            [
              -86.6077098,
              34.8424678
            ],
            [
              -86.60775,
              34.8424684
            ],
            [
              -86.6077488,
              34.8425234
            ],
            [
              -86.607848,
              34.8425249
            ]
          ]
        ]
      },
      "properties": {
        "epoch_id": "EPOCH-27e284efc1b1abc2",
        "site_name": "Meta Huntsville",
        "distance_to_site_km": 1.8349,
        "footprint_area_m2_webmercator": 259.89,
        "source_dataset": "Overture Maps buildings",
        "source_url": "https://docs.overturemaps.org/getting-data/",
        "source_release": "2026-09-23.1",
        "source_accessed_on": "2026-09-28",
        "geometry_role": "current building-footprint polygon",
        "linkage_semantics": "Overlap/proximity only; not evidence that the building hosts AI compute."
      }
    },
    {
      "type": "Feature",
      "id": "bc833b9a-af9b-4327-b0e8-1d3f678bdd3c",
      "geometry": {
        "type": "Polygon",
        "coordinates": [
          [
            [
              -86.6077281,
              34.8458777
            ],
            [
              -86.6075538,
              34.8458773
            ],
            [
              -86.6075532,
              34.8460521
            ],
            [
              -86.6077463,
              34.8460526
            ],
            [
              -86.6077465,
              34.8460054
            ],
            [
              -86.6077277,
              34.8460054
            ],
            [
              -86.6077281,
              34.8458777
            ]
          ]
        ]
      },
      "properties": {
        "epoch_id": "EPOCH-27e284efc1b1abc2",
        "site_name": "Meta Huntsville",
        "distance_to_site_km": 1.7604,
        "footprint_area_m2_webmercator": 473.56,
        "source_dataset": "Overture Maps buildings",
        "source_url": "https://docs.overturemaps.org/getting-data/",
        "source_release": "2026-09-23.1",
        "source_accessed_on": "2026-09-28",
        "geometry_role": "current building-footprint polygon",
        "linkage_semantics": "Overlap/proximity only; not evidence that the building hosts AI compute."
      }
    },
    {
      "type": "Feature",
      "id": "4b43ec7f-4c0d-42f1-9342-a6b8b78f8342",
      "geometry": {
        "type": "Polygon",
        "coordinates": [
          [
            [
              -86.6077879,
              34.8458656
            ],
            [
              -86.6077895,
              34.8458226
            ],
            [
              -86.6076984,
              34.8458203
            ],
            [
              -86.6076968,
              34.8458634
            ],
            [
              -86.6077879,
              34.8458656
            ]
          ]
        ]
      },
      "properties": {
        "epoch_id": "EPOCH-27e284efc1b1abc2",
        "site_name": "Meta Huntsville",
        "distance_to_site_km": 1.753,
        "footprint_area_m2_webmercator": 59.27,
        "source_dataset": "Overture Maps buildings",
        "source_url": "https://docs.overturemaps.org/getting-data/",
        "source_release": "2026-09-23.1",
        "source_accessed_on": "2026-09-28",
        "geometry_role": "current building-footprint polygon",
        "linkage_semantics": "Overlap/proximity only; not evidence that the building hosts AI compute."
      }
    },
    {
      "type": "Feature",
      "id": "c6ad0ab8-9b20-477a-a24d-36d102036f59",
      "geometry": {
        "type": "Polygon",
        "coordinates": [
          [
            [
              -86.6079824,
              34.8463361
            ],
            [
              -86.6077008,
              34.8463401
            ],
            [
              -86.6077035,
              34.8464656
            ],
            [
              -86.607985,
              34.8464615
            ],
            [
              -86.6079824,
              34.8463361
            ]
          ]
        ]
      },
      "properties": {
        "epoch_id": "EPOCH-27e284efc1b1abc2",
        "site_name": "Meta Huntsville",
        "distance_to_site_km": 1.7372,
        "footprint_area_m2_webmercator": 533.49,
        "source_dataset": "Overture Maps buildings",
        "source_url": "https://docs.overturemaps.org/getting-data/",
        "source_release": "2026-09-23.1",
        "source_accessed_on": "2026-09-28",
        "geometry_role": "current building-footprint polygon",
        "linkage_semantics": "Overlap/proximity only; not evidence that the building hosts AI compute."
      }
    },
    {
      "type": "Feature",
      "id": "a4bac198-e2fe-4c84-8991-5bd476932f87",
      "geometry": {
        "type": "Polygon",
        "coordinates": [
          [
            [
              -86.6080553,
              34.8460426
            ],
            [
              -86.6079859,
              34.8460465
            ],
            [
              -86.6079904,
              34.8461013
            ],
            [
              -86.6080598,
              34.8460974
            ],
            [
              -86.6080553,
              34.8460426
            ]
          ]
        ]
      },
      "properties": {
        "epoch_id": "EPOCH-27e284efc1b1abc2",
        "site_name": "Meta Huntsville",
        "distance_to_site_km": 1.7246,
        "footprint_area_m2_webmercator": 57.69,
        "source_dataset": "Overture Maps buildings",
        "source_url": "https://docs.overturemaps.org/getting-data/",
        "source_release": "2026-09-23.1",
        "source_accessed_on": "2026-09-28",
        "geometry_role": "current building-footprint polygon",
        "linkage_semantics": "Overlap/proximity only; not evidence that the building hosts AI compute."
      }
    },
    {
      "type": "Feature",
      "id": "077c7710-b7b3-4bd6-a542-5ae4e278e11a",
      "geometry": {
        "type": "Polygon",
        "coordinates": [
          [
            [
              -86.608244,
              34.8437978
            ],
            [
              -86.6080591,
              34.8437927
            ],
            [
              -86.6080556,
              34.8438784
            ],
            [
              -86.6082404,
              34.8438836
            ],
            [
              -86.608244,
              34.8437978
            ]
          ]
        ]
      },
      "properties": {
        "epoch_id": "EPOCH-27e284efc1b1abc2",
        "site_name": "Meta Huntsville",
        "distance_to_site_km": 1.7587,
        "footprint_area_m2_webmercator": 239.61,
        "source_dataset": "Overture Maps buildings",
        "source_url": "https://docs.overturemaps.org/getting-data/",
        "source_release": "2026-09-23.1",
        "source_accessed_on": "2026-09-28",
        "geometry_role": "current building-footprint polygon",
        "linkage_semantics": "Overlap/proximity only; not evidence that the building hosts AI compute."
      }
    },
    {
      "type": "Feature",
      "id": "dea888a4-3765-4482-aa8c-414ca2540af5",
      "geometry": {
        "type": "Polygon",
        "coordinates": [
          [
            [
              -86.6093388,
              34.8545409
            ],
            [
              -86.6091297,
              34.854537
            ],
            [
              -86.6091262,
              34.8546614
            ],
            [
              -86.6093085,
              34.8546648
            ],
            [
              -86.6093098,
              34.8546164
            ],
            [
              -86.6093367,
              34.8546169
            ],
            [
              -86.6093388,
              34.8545409
            ]
          ]
        ]
      },
      "properties": {
        "epoch_id": "EPOCH-27e284efc1b1abc2",
        "site_name": "Meta Huntsville",
        "distance_to_site_km": 1.7719,
        "footprint_area_m2_webmercator": 373.42,
        "source_dataset": "Overture Maps buildings",
        "source_url": "https://docs.overturemaps.org/getting-data/",
        "source_release": "2026-09-23.1",
        "source_accessed_on": "2026-09-28",
        "geometry_role": "current building-footprint polygon",
        "linkage_semantics": "Overlap/proximity only; not evidence that the building hosts AI compute."
      }
    },
    {
      "type": "Feature",
      "id": "3d4c0c87-6676-451e-842f-8beaa53e1d60",
      "geometry": {
        "type": "Polygon",
        "coordinates": [
          [
            [
              -86.611049,
              34.8592436
            ],
            [
              -86.6110506,
              34.8591964
            ],
            [
              -86.610938,
              34.8591938
            ],
            [
              -86.6109362,
              34.8592466
            ],
            [
              -86.610896,
              34.8592456
            ],
            [
              -86.6108939,
              34.8593083
            ],
            [
              -86.6109367,
              34.8593093
            ],
            [
              -86.6109352,
              34.8593533
            ],
            [
              -86.6110478,
              34.8593559
            ],
            [
              -86.6110493,
              34.8593108
            ],
            [
              -86.6110815,
              34.8593115
            ],
            [
              -86.6110838,
              34.8592444
            ],
            [
              -86.611049,
              34.8592436
            ]
          ]
        ]
      },
      "properties": {
        "epoch_id": "EPOCH-27e284efc1b1abc2",
        "site_name": "Meta Huntsville",
        "distance_to_site_km": 1.9245,
        "footprint_area_m2_webmercator": 344.74,
        "source_dataset": "Overture Maps buildings",
        "source_url": "https://docs.overturemaps.org/getting-data/",
        "source_release": "2026-09-23.1",
        "source_accessed_on": "2026-09-28",
        "geometry_role": "current building-footprint polygon",
        "linkage_semantics": "Overlap/proximity only; not evidence that the building hosts AI compute."
      }
    },
    {
      "type": "Feature",
      "id": "ae099c0b-1cb9-4873-a400-ae8d963ec2ce",
      "geometry": {
        "type": "Polygon",
        "coordinates": [
          [
            [
              -86.6108901,
              34.8607059
            ],
            [
              -86.6108888,
              34.8606652
            ],
            [
              -86.611062,
              34.8606616
            ],
            [
              -86.6110597,
              34.8605868
            ],
            [
              -86.6108329,
              34.8605916
            ],
            [
              -86.6108365,
              34.860707
            ],
            [
              -86.6108901,
              34.8607059
            ]
          ]
        ]
      },
      "properties": {
        "epoch_id": "EPOCH-27e284efc1b1abc2",
        "site_name": "Meta Huntsville",
        "distance_to_site_km": 2.031,
        "footprint_area_m2_webmercator": 289.16,
        "source_dataset": "Overture Maps buildings",
        "source_url": "https://docs.overturemaps.org/getting-data/",
        "source_release": "2026-09-23.1",
        "source_accessed_on": "2026-09-28",
        "geometry_role": "current building-footprint polygon",
        "linkage_semantics": "Overlap/proximity only; not evidence that the building hosts AI compute."
      }
    },
    {
      "type": "Feature",
      "id": "3f946892-0a81-42c2-8e89-cdf2a10682c4",
      "geometry": {
        "type": "Polygon",
        "coordinates": [
          [
            [
              -86.6106509,
              34.859842
            ],
            [
              -86.6106502,
              34.8599289
            ],
            [
              -86.6107441,
              34.8599295
            ],
            [
              -86.6107448,
              34.8598425
            ],
            [
              -86.6106509,
              34.859842
            ]
          ]
        ]
      },
      "properties": {
        "epoch_id": "EPOCH-27e284efc1b1abc2",
        "site_name": "Meta Huntsville",
        "distance_to_site_km": 1.9897,
        "footprint_area_m2_webmercator": 123.31,
        "source_dataset": "Overture Maps buildings",
        "source_url": "https://docs.overturemaps.org/getting-data/",
        "source_release": "2026-09-23.1",
        "source_accessed_on": "2026-09-28",
        "geometry_role": "current building-footprint polygon",
        "linkage_semantics": "Overlap/proximity only; not evidence that the building hosts AI compute."
      }
    },
    {
      "type": "Feature",
      "id": "64c838f5-be9c-4eff-962b-97b1e85c0e5b",
      "geometry": {
        "type": "Polygon",
        "coordinates": [
          [
            [
              -86.6104796,
              34.8606043
            ],
            [
              -86.6107505,
              34.8606051
            ],
            [
              -86.6107507,
              34.86056
            ],
            [
              -86.6104798,
              34.8605591
            ],
            [
              -86.6104796,
              34.8606043
            ]
          ]
        ]
      },
      "properties": {
        "epoch_id": "EPOCH-27e284efc1b1abc2",
        "site_name": "Meta Huntsville",
        "distance_to_site_km": 2.0482,
        "footprint_area_m2_webmercator": 184.72,
        "source_dataset": "Overture Maps buildings",
        "source_url": "https://docs.overturemaps.org/getting-data/",
        "source_release": "2026-09-23.1",
        "source_accessed_on": "2026-09-28",
        "geometry_role": "current building-footprint polygon",
        "linkage_semantics": "Overlap/proximity only; not evidence that the building hosts AI compute."
      }
    },
    {
      "type": "Feature",
      "id": "b591d538-472a-4220-92b1-9d6dbd9af78c",
      "geometry": {
        "type": "Polygon",
        "coordinates": [
          [
            [
              -86.6106814,
              34.8600395
            ],
            [
              -86.6106831,
              34.8599956
            ],
            [
              -86.6104152,
              34.8599886
            ],
            [
              -86.6104135,
              34.8600326
            ],
            [
              -86.6106814,
              34.8600395
            ]
          ]
        ]
      },
      "properties": {
        "epoch_id": "EPOCH-27e284efc1b1abc2",
        "site_name": "Meta Huntsville",
        "distance_to_site_km": 2.0094,
        "footprint_area_m2_webmercator": 177.99,
        "source_dataset": "Overture Maps buildings",
        "source_url": "https://docs.overturemaps.org/getting-data/",
        "source_release": "2026-09-23.1",
        "source_accessed_on": "2026-09-28",
        "geometry_role": "current building-footprint polygon",
        "linkage_semantics": "Overlap/proximity only; not evidence that the building hosts AI compute."
      }
    },
    {
      "type": "Feature",
      "id": "64b93744-5ee1-461a-bc06-2388cdace8c5",
      "geometry": {
        "type": "Polygon",
        "coordinates": [
          [
            [
              -86.6104557,
              34.8592059
            ],
            [
              -86.6102502,
              34.8592081
            ],
            [
              -86.6102516,
              34.8592917
            ],
            [
              -86.610315,
              34.8592911
            ],
            [
              -86.6103155,
              34.8593263
            ],
            [
              -86.6104094,
              34.8593252
            ],
            [
              -86.6104089,
              34.8592933
            ],
            [
              -86.6104571,
              34.8592928
            ],
            [
              -86.6104557,
              34.8592059
            ]
          ]
        ]
      },
      "properties": {
        "epoch_id": "EPOCH-27e284efc1b1abc2",
        "site_name": "Meta Huntsville",
        "distance_to_site_km": 1.9671,
        "footprint_area_m2_webmercator": 311.85,
        "source_dataset": "Overture Maps buildings",
        "source_url": "https://docs.overturemaps.org/getting-data/",
        "source_release": "2026-09-23.1",
        "source_accessed_on": "2026-09-28",
        "geometry_role": "current building-footprint polygon",
        "linkage_semantics": "Overlap/proximity only; not evidence that the building hosts AI compute."
      }
    },
    {
      "type": "Feature",
      "id": "0c826b23-7bdc-4fb9-a96a-1449f5c4d37b",
      "geometry": {
        "type": "Polygon",
        "coordinates": [
          [
            [
              -86.6102318,
              34.8598694
            ],
            [
              -86.6102346,
              34.8599265
            ],
            [
              -86.6103106,
              34.859924
            ],
            [
              -86.6103078,
              34.8598669
            ],
            [
              -86.6102318,
              34.8598694
            ]
          ]
        ]
      },
      "properties": {
        "epoch_id": "EPOCH-27e284efc1b1abc2",
        "site_name": "Meta Huntsville",
        "distance_to_site_km": 2.0194,
        "footprint_area_m2_webmercator": 65.64,
        "source_dataset": "Overture Maps buildings",
        "source_url": "https://docs.overturemaps.org/getting-data/",
        "source_release": "2026-09-23.1",
        "source_accessed_on": "2026-09-28",
        "geometry_role": "current building-footprint polygon",
        "linkage_semantics": "Overlap/proximity only; not evidence that the building hosts AI compute."
      }
    },
    {
      "type": "Feature",
      "id": "bc3b79fa-1e7d-4b91-90dc-e2391cf9ee95",
      "geometry": {
        "type": "Polygon",
        "coordinates": [
          [
            [
              -86.6101066,
              34.8598431
            ],
            [
              -86.6101905,
              34.8598699
            ],
            [
              -86.6102285,
              34.8597896
            ],
            [
              -86.6101447,
              34.8597628
            ],
            [
              -86.6101066,
              34.8598431
            ]
          ]
        ]
      },
      "properties": {
        "epoch_id": "EPOCH-27e284efc1b1abc2",
        "site_name": "Meta Huntsville",
        "distance_to_site_km": 2.0206,
        "footprint_area_m2_webmercator": 117.08,
        "source_dataset": "Overture Maps buildings",
        "source_url": "https://docs.overturemaps.org/getting-data/",
        "source_release": "2026-09-23.1",
        "source_accessed_on": "2026-09-28",
        "geometry_role": "current building-footprint polygon",
        "linkage_semantics": "Overlap/proximity only; not evidence that the building hosts AI compute."
      }
    },
    {
      "type": "Feature",
      "id": "410bc018-130f-4ca1-9f5e-df2f43ffee6e",
      "geometry": {
        "type": "Polygon",
        "coordinates": [
          [
            [
              -86.6102057,
              34.8599832
            ],
            [
              -86.6100101,
              34.8599781
            ],
            [
              -86.6100066,
              34.8600683
            ],
            [
              -86.6102022,
              34.8600733
            ],
            [
              -86.6102057,
              34.8599832
            ]
          ]
        ]
      },
      "properties": {
        "epoch_id": "EPOCH-27e284efc1b1abc2",
        "site_name": "Meta Huntsville",
        "distance_to_site_km": 2.0402,
        "footprint_area_m2_webmercator": 266.57,
        "source_dataset": "Overture Maps buildings",
        "source_url": "https://docs.overturemaps.org/getting-data/",
        "source_release": "2026-09-23.1",
        "source_accessed_on": "2026-09-28",
        "geometry_role": "current building-footprint polygon",
        "linkage_semantics": "Overlap/proximity only; not evidence that the building hosts AI compute."
      }
    },
    {
      "type": "Feature",
      "id": "6366d27b-9849-40ed-b6d0-9dd637462ad2",
      "geometry": {
        "type": "Polygon",
        "coordinates": [
          [
            [
              -86.6102876,
              34.8607244
            ],
            [
              -86.6103722,
              34.8607267
            ],
            [
              -86.6103759,
              34.8606343
            ],
            [
              -86.6102419,
              34.8606307
            ],
            [
              -86.6102428,
              34.8606088
            ],
            [
              -86.6101651,
              34.8606067
            ],
            [
              -86.6101615,
              34.8606968
            ],
            [
              -86.6102419,
              34.860699
            ],
            [
              -86.6102428,
              34.8606759
            ],
            [
              -86.6102895,
              34.8606772
            ],
            [
              -86.6102876,
              34.8607244
            ]
          ]
        ]
      },
      "properties": {
        "epoch_id": "EPOCH-27e284efc1b1abc2",
        "site_name": "Meta Huntsville",
        "distance_to_site_km": 2.0773,
        "footprint_area_m2_webmercator": 258.65,
        "source_dataset": "Overture Maps buildings",
        "source_url": "https://docs.overturemaps.org/getting-data/",
        "source_release": "2026-09-23.1",
        "source_accessed_on": "2026-09-28",
        "geometry_role": "current building-footprint polygon",
        "linkage_semantics": "Overlap/proximity only; not evidence that the building hosts AI compute."
      }
    },
    {
      "type": "Feature",
      "id": "01e184ad-fa34-4012-b611-5fd6135f16e2",
      "geometry": {
        "type": "Polygon",
        "coordinates": [
          [
            [
              -86.610252,
              34.8599397
            ],
            [
              -86.6102536,
              34.8600079
            ],
            [
              -86.6103555,
              34.8600064
            ],
            [
              -86.6103539,
              34.8599382
            ],
            [
              -86.610252,
              34.8599397
            ]
          ]
        ]
      },
      "properties": {
        "epoch_id": "EPOCH-27e284efc1b1abc2",
        "site_name": "Meta Huntsville",
        "distance_to_site_km": 2.0229,
        "footprint_area_m2_webmercator": 104.99,
        "source_dataset": "Overture Maps buildings",
        "source_url": "https://docs.overturemaps.org/getting-data/",
        "source_release": "2026-09-23.1",
        "source_accessed_on": "2026-09-28",
        "geometry_role": "current building-footprint polygon",
        "linkage_semantics": "Overlap/proximity only; not evidence that the building hosts AI compute."
      }
    },
    {
      "type": "Feature",
      "id": "842e9f76-329e-414c-b7de-f4c485adb4ac",
      "geometry": {
        "type": "Polygon",
        "coordinates": [
          [
            [
              -86.6102538,
              34.8597048
            ],
            [
              -86.6103411,
              34.8597131
            ],
            [
              -86.6103514,
              34.8596403
            ],
            [
              -86.610264,
              34.859632
            ],
            [
              -86.6102538,
              34.8597048
            ]
          ]
        ]
      },
      "properties": {
        "epoch_id": "EPOCH-27e284efc1b1abc2",
        "site_name": "Meta Huntsville",
        "distance_to_site_km": 2.0008,
        "footprint_area_m2_webmercator": 97.32,
        "source_dataset": "Overture Maps buildings",
        "source_url": "https://docs.overturemaps.org/getting-data/",
        "source_release": "2026-09-23.1",
        "source_accessed_on": "2026-09-28",
        "geometry_role": "current building-footprint polygon",
        "linkage_semantics": "Overlap/proximity only; not evidence that the building hosts AI compute."
      }
    },
    {
      "type": "Feature",
      "id": "3546e4e5-da80-432b-bb89-04c95aa09bb9",
      "geometry": {
        "type": "Polygon",
        "coordinates": [
          [
            [
              -86.6102782,
              34.8617807
            ],
            [
              -86.6102192,
              34.8617813
            ],
            [
              -86.6102207,
              34.8618716
            ],
            [
              -86.6104862,
              34.8618686
            ],
            [
              -86.6104847,
              34.8617784
            ],
            [
              -86.6103399,
              34.86178
            ],
            [
              -86.6103394,
              34.861747
            ],
            [
              -86.6102777,
              34.8617477
            ],
            [
              -86.6102782,
              34.8617807
            ]
          ]
        ]
      },
      "properties": {
        "epoch_id": "EPOCH-27e284efc1b1abc2",
        "site_name": "Meta Huntsville",
        "distance_to_site_km": 2.1626,
        "footprint_area_m2_webmercator": 392.63,
        "source_dataset": "Overture Maps buildings",
        "source_url": "https://docs.overturemaps.org/getting-data/",
        "source_release": "2026-09-23.1",
        "source_accessed_on": "2026-09-28",
        "geometry_role": "current building-footprint polygon",
        "linkage_semantics": "Overlap/proximity only; not evidence that the building hosts AI compute."
      }
    },
    {
      "type": "Feature",
      "id": "68efbc60-d5ac-4e38-b825-689d481264f7",
      "geometry": {
        "type": "Polygon",
        "coordinates": [
          [
            [
              -86.6101902,
              34.8622292
            ],
            [
              -86.6101312,
              34.8622286
            ],
            [
              -86.6101283,
              34.8624112
            ],
            [
              -86.6101873,
              34.8624118
            ],
            [
              -86.6101902,
              34.8622292
            ]
          ]
        ]
      },
      "properties": {
        "epoch_id": "EPOCH-27e284efc1b1abc2",
        "site_name": "Meta Huntsville",
        "distance_to_site_km": 2.2148,
        "footprint_area_m2_webmercator": 162.73,
        "source_dataset": "Overture Maps buildings",
        "source_url": "https://docs.overturemaps.org/getting-data/",
        "source_release": "2026-09-23.1",
        "source_accessed_on": "2026-09-28",
        "geometry_role": "current building-footprint polygon",
        "linkage_semantics": "Overlap/proximity only; not evidence that the building hosts AI compute."
      }
    },
    {
      "type": "Feature",
      "id": "e36692dd-6737-4a21-bac7-535bbfe271bb",
      "geometry": {
        "type": "Polygon",
        "coordinates": [
          [
            [
              -86.6102261,
              34.8631805
            ],
            [
              -86.6103252,
              34.8631782
            ],
            [
              -86.6103207,
              34.8630495
            ],
            [
              -86.6102216,
              34.8630519
            ],
            [
              -86.6102261,
              34.8631805
            ]
          ]
        ]
      },
      "properties": {
        "epoch_id": "EPOCH-27e284efc1b1abc2",
        "site_name": "Meta Huntsville",
        "distance_to_site_km": 2.273,
        "footprint_area_m2_webmercator": 192.71,
        "source_dataset": "Overture Maps buildings",
        "source_url": "https://docs.overturemaps.org/getting-data/",
        "source_release": "2026-09-23.1",
        "source_accessed_on": "2026-09-28",
        "geometry_role": "current building-footprint polygon",
        "linkage_semantics": "Overlap/proximity only; not evidence that the building hosts AI compute."
      }
    },
    {
      "type": "Feature",
      "id": "6b3708fd-6631-4ceb-9540-fc87f0a4b72f",
      "geometry": {
        "type": "Polygon",
        "coordinates": [
          [
            [
              -86.6107343,
              34.8619269
            ],
            [
              -86.6106459,
              34.8619252
            ],
            [
              -86.6106437,
              34.862
            ],
            [
              -86.6107322,
              34.8620017
            ],
            [
              -86.6107343,
              34.8619269
            ]
          ]
        ]
      },
      "properties": {
        "epoch_id": "EPOCH-27e284efc1b1abc2",
        "site_name": "Meta Huntsville",
        "distance_to_site_km": 2.1528,
        "footprint_area_m2_webmercator": 99.97,
        "source_dataset": "Overture Maps buildings",
        "source_url": "https://docs.overturemaps.org/getting-data/",
        "source_release": "2026-09-23.1",
        "source_accessed_on": "2026-09-28",
        "geometry_role": "current building-footprint polygon",
        "linkage_semantics": "Overlap/proximity only; not evidence that the building hosts AI compute."
      }
    },
    {
      "type": "Feature",
      "id": "72dfac01-398d-4418-9ccc-e4d281f19f30",
      "geometry": {
        "type": "Polygon",
        "coordinates": [
          [
            [
              -86.6107125,
              34.8611827
            ],
            [
              -86.6107129,
              34.8611431
            ],
            [
              -86.6104795,
              34.8611416
            ],
            [
              -86.6104792,
              34.8611813
            ],
            [
              -86.6107125,
              34.8611827
            ]
          ]
        ]
      },
      "properties": {
        "epoch_id": "EPOCH-27e284efc1b1abc2",
        "site_name": "Meta Huntsville",
        "distance_to_site_km": 2.0946,
        "footprint_area_m2_webmercator": 139.74,
        "source_dataset": "Overture Maps buildings",
        "source_url": "https://docs.overturemaps.org/getting-data/",
        "source_release": "2026-09-23.1",
        "source_accessed_on": "2026-09-28",
        "geometry_role": "current building-footprint polygon",
        "linkage_semantics": "Overlap/proximity only; not evidence that the building hosts AI compute."
      }
    },
    {
      "type": "Feature",
      "id": "1398f53a-9d32-4405-abfd-b23f1e6ff6ee",
      "geometry": {
        "type": "Polygon",
        "coordinates": [
          [
            [
              -86.610891,
              34.8618108
            ],
            [
              -86.6106712,
              34.8618153
            ],
            [
              -86.6106724,
              34.8618549
            ],
            [
              -86.6108198,
              34.8618519
            ],
            [
              -86.610821,
              34.8618893
            ],
            [
              -86.6108933,
              34.8618878
            ],
            [
              -86.610891,
              34.8618108
            ]
          ]
        ]
      },
      "properties": {
        "epoch_id": "EPOCH-27e284efc1b1abc2",
        "site_name": "Meta Huntsville",
        "distance_to_site_km": 2.136,
        "footprint_area_m2_webmercator": 172.45,
        "source_dataset": "Overture Maps buildings",
        "source_url": "https://docs.overturemaps.org/getting-data/",
        "source_release": "2026-09-23.1",
        "source_accessed_on": "2026-09-28",
        "geometry_role": "current building-footprint polygon",
        "linkage_semantics": "Overlap/proximity only; not evidence that the building hosts AI compute."
      }
    },
    {
      "type": "Feature",
      "id": "68ddf975-21bb-40ce-9d4c-05c21315c8b4",
      "geometry": {
        "type": "Polygon",
        "coordinates": [
          [
            [
              -86.61106,
              34.8611962
            ],
            [
              -86.6107946,
              34.8611917
            ],
            [
              -86.6107925,
              34.8612731
            ],
            [
              -86.6110579,
              34.8612776
            ],
            [
              -86.61106,
              34.8611962
            ]
          ]
        ]
      },
      "properties": {
        "epoch_id": "EPOCH-27e284efc1b1abc2",
        "site_name": "Meta Huntsville",
        "distance_to_site_km": 2.0792,
        "footprint_area_m2_webmercator": 326.41,
        "source_dataset": "Overture Maps buildings",
        "source_url": "https://docs.overturemaps.org/getting-data/",
        "source_release": "2026-09-23.1",
        "source_accessed_on": "2026-09-28",
        "geometry_role": "current building-footprint polygon",
        "linkage_semantics": "Overlap/proximity only; not evidence that the building hosts AI compute."
      }
    },
    {
      "type": "Feature",
      "id": "c80848a4-259b-4b87-a617-a3312ba59bf3",
      "geometry": {
        "type": "Polygon",
        "coordinates": [
          [
            [
              -86.6108407,
              34.8641582
            ],
            [
              -86.610779,
              34.8641588
            ],
            [
              -86.6107815,
              34.8643436
            ],
            [
              -86.6108432,
              34.8643431
            ],
            [
              -86.6108407,
              34.8641582
            ]
          ]
        ]
      },
      "properties": {
        "epoch_id": "EPOCH-27e284efc1b1abc2",
        "site_name": "Meta Huntsville",
        "distance_to_site_km": 2.3381,
        "footprint_area_m2_webmercator": 172.27,
        "source_dataset": "Overture Maps buildings",
        "source_url": "https://docs.overturemaps.org/getting-data/",
        "source_release": "2026-09-23.1",
        "source_accessed_on": "2026-09-28",
        "geometry_role": "current building-footprint polygon",
        "linkage_semantics": "Overlap/proximity only; not evidence that the building hosts AI compute."
      }
    },
    {
      "type": "Feature",
      "id": "6f5892e5-57b2-44e8-ae35-21965ca9c64e",
      "geometry": {
        "type": "Polygon",
        "coordinates": [
          [
            [
              -86.61085,
              34.8639227
            ],
            [
              -86.6108567,
              34.8637402
            ],
            [
              -86.6108058,
              34.863739
            ],
            [
              -86.6107991,
              34.8639215
            ],
            [
              -86.61085,
              34.8639227
            ]
          ]
        ]
      },
      "properties": {
        "epoch_id": "EPOCH-27e284efc1b1abc2",
        "site_name": "Meta Huntsville",
        "distance_to_site_km": 2.3008,
        "footprint_area_m2_webmercator": 140.41,
        "source_dataset": "Overture Maps buildings",
        "source_url": "https://docs.overturemaps.org/getting-data/",
        "source_release": "2026-09-23.1",
        "source_accessed_on": "2026-09-28",
        "geometry_role": "current building-footprint polygon",
        "linkage_semantics": "Overlap/proximity only; not evidence that the building hosts AI compute."
      }
    },
    {
      "type": "Feature",
      "id": "747aeaa0-afc4-474e-8afd-46009938a71e",
      "geometry": {
        "type": "Polygon",
        "coordinates": [
          [
            [
              -86.6108131,
              34.8635696
            ],
            [
              -86.6108694,
              34.8635689
            ],
            [
              -86.6108681,
              34.8634875
            ],
            [
              -86.610903,
              34.8634872
            ],
            [
              -86.6109018,
              34.8634178
            ],
            [
              -86.6108107,
              34.8634188
            ],
            [
              -86.6108131,
              34.8635696
            ]
          ]
        ]
      },
      "properties": {
        "epoch_id": "EPOCH-27e284efc1b1abc2",
        "site_name": "Meta Huntsville",
        "distance_to_site_km": 2.2698,
        "footprint_area_m2_webmercator": 164.72,
        "source_dataset": "Overture Maps buildings",
        "source_url": "https://docs.overturemaps.org/getting-data/",
        "source_release": "2026-09-23.1",
        "source_accessed_on": "2026-09-28",
        "geometry_role": "current building-footprint polygon",
        "linkage_semantics": "Overlap/proximity only; not evidence that the building hosts AI compute."
      }
    },
    {
      "type": "Feature",
      "id": "6c906a1e-b756-46ea-a751-fe95276531ec",
      "geometry": {
        "type": "Polygon",
        "coordinates": [
          [
            [
              -86.6105059,
              34.8652291
            ],
            [
              -86.6105172,
              34.8650403
            ],
            [
              -86.6104022,
              34.8650357
            ],
            [
              -86.6103908,
              34.8652245
            ],
            [
              -86.6105059,
              34.8652291
            ]
          ]
        ]
      },
      "properties": {
        "epoch_id": "EPOCH-27e284efc1b1abc2",
        "site_name": "Meta Huntsville",
        "distance_to_site_km": 2.4352,
        "footprint_area_m2_webmercator": 328.85,
        "source_dataset": "Overture Maps buildings",
        "source_url": "https://docs.overturemaps.org/getting-data/",
        "source_release": "2026-09-23.1",
        "source_accessed_on": "2026-09-28",
        "geometry_role": "current building-footprint polygon",
        "linkage_semantics": "Overlap/proximity only; not evidence that the building hosts AI compute."
      }
    },
    {
      "type": "Feature",
      "id": "8f191e16-570e-4c77-87e0-33a37d19253c",
      "geometry": {
        "type": "Polygon",
        "coordinates": [
          [
            [
              -86.6103846,
              34.8635943
            ],
            [
              -86.6103202,
              34.8635951
            ],
            [
              -86.610324,
              34.8638107
            ],
            [
              -86.6103884,
              34.86381
            ],
            [
              -86.6103846,
              34.8635943
            ]
          ]
        ]
      },
      "properties": {
        "epoch_id": "EPOCH-27e284efc1b1abc2",
        "site_name": "Meta Huntsville",
        "distance_to_site_km": 2.3175,
        "footprint_area_m2_webmercator": 209.79,
        "source_dataset": "Overture Maps buildings",
        "source_url": "https://docs.overturemaps.org/getting-data/",
        "source_release": "2026-09-23.1",
        "source_accessed_on": "2026-09-28",
        "geometry_role": "current building-footprint polygon",
        "linkage_semantics": "Overlap/proximity only; not evidence that the building hosts AI compute."
      }
    },
    {
      "type": "Feature",
      "id": "d6296db3-4084-4332-9be8-11642babaaa3",
      "geometry": {
        "type": "Polygon",
        "coordinates": [
          [
            [
              -86.610293,
              34.8633588
            ],
            [
              -86.6102934,
              34.8633214
            ],
            [
              -86.6102531,
              34.8633212
            ],
            [
              -86.6102528,
              34.8633586
            ],
            [
              -86.610293,
              34.8633588
            ]
          ]
        ]
      },
      "properties": {
        "epoch_id": "EPOCH-27e284efc1b1abc2",
        "site_name": "Meta Huntsville",
        "distance_to_site_km": 2.2918,
        "footprint_area_m2_webmercator": 22.74,
        "source_dataset": "Overture Maps buildings",
        "source_url": "https://docs.overturemaps.org/getting-data/",
        "source_release": "2026-09-23.1",
        "source_accessed_on": "2026-09-28",
        "geometry_role": "current building-footprint polygon",
        "linkage_semantics": "Overlap/proximity only; not evidence that the building hosts AI compute."
      }
    },
    {
      "type": "Feature",
      "id": "e80c88c7-dcb0-4b19-b16c-225aadf5cd71",
      "geometry": {
        "type": "Polygon",
        "coordinates": [
          [
            [
              -86.6101953,
              34.8634314
            ],
            [
              -86.6101943,
              34.8634754
            ],
            [
              -86.6102358,
              34.8634761
            ],
            [
              -86.6102351,
              34.8635091
            ],
            [
              -86.610282,
              34.8635098
            ],
            [
              -86.6102838,
              34.8634328
            ],
            [
              -86.6101953,
              34.8634314
            ]
          ]
        ]
      },
      "properties": {
        "epoch_id": "EPOCH-27e284efc1b1abc2",
        "site_name": "Meta Huntsville",
        "distance_to_site_km": 2.304,
        "footprint_area_m2_webmercator": 82.25,
        "source_dataset": "Overture Maps buildings",
        "source_url": "https://docs.overturemaps.org/getting-data/",
        "source_release": "2026-09-23.1",
        "source_accessed_on": "2026-09-28",
        "geometry_role": "current building-footprint polygon",
        "linkage_semantics": "Overlap/proximity only; not evidence that the building hosts AI compute."
      }
    },
    {
      "type": "Feature",
      "id": "000f4111-23a6-463d-9faa-706eaa00aea8",
      "geometry": {
        "type": "Polygon",
        "coordinates": [
          [
            [
              -86.6100814,
              34.8642521
            ],
            [
              -86.6101058,
              34.8642884
            ],
            [
              -86.6103033,
              34.8641991
            ],
            [
              -86.610279,
              34.8641628
            ],
            [
              -86.6100814,
              34.8642521
            ]
          ]
        ]
      },
      "properties": {
        "epoch_id": "EPOCH-27e284efc1b1abc2",
        "site_name": "Meta Huntsville",
        "distance_to_site_km": 2.3715,
        "footprint_area_m2_webmercator": 141.14,
        "source_dataset": "Overture Maps buildings",
        "source_url": "https://docs.overturemaps.org/getting-data/",
        "source_release": "2026-09-23.1",
        "source_accessed_on": "2026-09-28",
        "geometry_role": "current building-footprint polygon",
        "linkage_semantics": "Overlap/proximity only; not evidence that the building hosts AI compute."
      }
    },
    {
      "type": "Feature",
      "id": "24539fa7-855d-4e69-88fe-6db19df89578",
      "geometry": {
        "type": "Polygon",
        "coordinates": [
          [
            [
              -86.6099424,
              34.8642042
            ],
            [
              -86.6097394,
              34.8641644
            ],
            [
              -86.6097291,
              34.8641998
            ],
            [
              -86.6099321,
              34.8642396
            ],
            [
              -86.6099424,
              34.8642042
            ]
          ]
        ]
      },
      "properties": {
        "epoch_id": "EPOCH-27e284efc1b1abc2",
        "site_name": "Meta Huntsville",
        "distance_to_site_km": 2.3905,
        "footprint_area_m2_webmercator": 114.72,
        "source_dataset": "Overture Maps buildings",
        "source_url": "https://docs.overturemaps.org/getting-data/",
        "source_release": "2026-09-23.1",
        "source_accessed_on": "2026-09-28",
        "geometry_role": "current building-footprint polygon",
        "linkage_semantics": "Overlap/proximity only; not evidence that the building hosts AI compute."
      }
    },
    {
      "type": "Feature",
      "id": "d903facf-96b7-467e-a94c-9b4f9a36936e",
      "geometry": {
        "type": "Polygon",
        "coordinates": [
          [
            [
              -86.6096225,
              34.863553
            ],
            [
              -86.6096333,
              34.8633664
            ],
            [
              -86.6095865,
              34.8633645
            ],
            [
              -86.6095756,
              34.8635512
            ],
            [
              -86.6096225,
              34.863553
            ]
          ]
        ]
      },
      "properties": {
        "epoch_id": "EPOCH-27e284efc1b1abc2",
        "site_name": "Meta Huntsville",
        "distance_to_site_km": 2.3422,
        "footprint_area_m2_webmercator": 132.37,
        "source_dataset": "Overture Maps buildings",
        "source_url": "https://docs.overturemaps.org/getting-data/",
        "source_release": "2026-09-23.1",
        "source_accessed_on": "2026-09-28",
        "geometry_role": "current building-footprint polygon",
        "linkage_semantics": "Overlap/proximity only; not evidence that the building hosts AI compute."
      }
    },
    {
      "type": "Feature",
      "id": "436c6833-18ac-49bd-8669-9923ace420e2",
      "geometry": {
        "type": "Polygon",
        "coordinates": [
          [
            [
              -86.6096404,
              34.8660115
            ],
            [
              -86.609359,
              34.8660053
            ],
            [
              -86.6093559,
              34.8660976
            ],
            [
              -86.6096374,
              34.8661039
            ],
            [
              -86.6096404,
              34.8660115
            ]
          ]
        ]
      },
      "properties": {
        "epoch_id": "EPOCH-27e284efc1b1abc2",
        "site_name": "Meta Huntsville",
        "distance_to_site_km": 2.5697,
        "footprint_area_m2_webmercator": 392.85,
        "source_dataset": "Overture Maps buildings",
        "source_url": "https://docs.overturemaps.org/getting-data/",
        "source_release": "2026-09-23.1",
        "source_accessed_on": "2026-09-28",
        "geometry_role": "current building-footprint polygon",
        "linkage_semantics": "Overlap/proximity only; not evidence that the building hosts AI compute."
      }
    },
    {
      "type": "Feature",
      "id": "c4444933-e155-4296-a1a6-049a80b1e632",
      "geometry": {
        "type": "Polygon",
        "coordinates": [
          [
            [
              -86.609517,
              34.8647589
            ],
            [
              -86.6095171,
              34.8647655
            ],
            [
              -86.6095627,
              34.8647649
            ],
            [
              -86.6095589,
              34.8645801
            ],
            [
              -86.6095053,
              34.8645808
            ],
            [
              -86.6095071,
              34.864671
            ],
            [
              -86.6094669,
              34.8646716
            ],
            [
              -86.6094674,
              34.8646946
            ],
            [
              -86.6093923,
              34.8646956
            ],
            [
              -86.6093936,
              34.8647606
            ],
            [
              -86.609517,
              34.8647589
            ]
          ]
        ]
      },
      "properties": {
        "epoch_id": "EPOCH-27e284efc1b1abc2",
        "site_name": "Meta Huntsville",
        "distance_to_site_km": 2.4523,
        "footprint_area_m2_webmercator": 276.1,
        "source_dataset": "Overture Maps buildings",
        "source_url": "https://docs.overturemaps.org/getting-data/",
        "source_release": "2026-09-23.1",
        "source_accessed_on": "2026-09-28",
        "geometry_role": "current building-footprint polygon",
        "linkage_semantics": "Overlap/proximity only; not evidence that the building hosts AI compute."
      }
    },
    {
      "type": "Feature",
      "id": "50d78a2c-32a5-42c0-9e2c-2f9039a6efde",
      "geometry": {
        "type": "Polygon",
        "coordinates": [
          [
            [
              -86.6093256,
              34.8641125
            ],
            [
              -86.6092304,
              34.8641114
            ],
            [
              -86.6092278,
              34.86426
            ],
            [
              -86.6093258,
              34.8642612
            ],
            [
              -86.6093263,
              34.8642304
            ],
            [
              -86.6093544,
              34.8642307
            ],
            [
              -86.6093554,
              34.8641757
            ],
            [
              -86.6093246,
              34.8641753
            ],
            [
              -86.6093256,
              34.8641125
            ]
          ]
        ]
      },
      "properties": {
        "epoch_id": "EPOCH-27e284efc1b1abc2",
        "site_name": "Meta Huntsville",
        "distance_to_site_km": 2.4223,
        "footprint_area_m2_webmercator": 240.76,
        "source_dataset": "Overture Maps buildings",
        "source_url": "https://docs.overturemaps.org/getting-data/",
        "source_release": "2026-09-23.1",
        "source_accessed_on": "2026-09-28",
        "geometry_role": "current building-footprint polygon",
        "linkage_semantics": "Overlap/proximity only; not evidence that the building hosts AI compute."
      }
    },
    {
      "type": "Feature",
      "id": "9c1602e9-4ff0-4038-b77b-932c82cf4131",
      "geometry": {
        "type": "Polygon",
        "coordinates": [
          [
            [
              -86.6091707,
              34.862943
            ],
            [
              -86.6090768,
              34.862945
            ],
            [
              -86.6090814,
              34.8630901
            ],
            [
              -86.6092127,
              34.8630873
            ],
            [
              -86.609211,
              34.8630334
            ],
            [
              -86.6091735,
              34.8630342
            ],
            [
              -86.6091707,
              34.862943
            ]
          ]
        ]
      },
      "properties": {
        "epoch_id": "EPOCH-27e284efc1b1abc2",
        "site_name": "Meta Huntsville",
        "distance_to_site_km": 2.3358,
        "footprint_area_m2_webmercator": 236.31,
        "source_dataset": "Overture Maps buildings",
        "source_url": "https://docs.overturemaps.org/getting-data/",
        "source_release": "2026-09-23.1",
        "source_accessed_on": "2026-09-28",
        "geometry_role": "current building-footprint polygon",
        "linkage_semantics": "Overlap/proximity only; not evidence that the building hosts AI compute."
      }
    },
    {
      "type": "Feature",
      "id": "98f1ef16-6cfd-4605-9d82-9a128489ace3",
      "geometry": {
        "type": "Polygon",
        "coordinates": [
          [
            [
              -86.6093338,
              34.8623271
            ],
            [
              -86.6093794,
              34.8623265
            ],
            [
              -86.6093785,
              34.8622859
            ],
            [
              -86.6092135,
              34.8622882
            ],
            [
              -86.6092145,
              34.8623344
            ],
            [
              -86.6093339,
              34.8623327
            ],
            [
              -86.6093338,
              34.8623271
            ]
          ]
        ]
      },
      "properties": {
        "epoch_id": "EPOCH-27e284efc1b1abc2",
        "site_name": "Meta Huntsville",
        "distance_to_site_km": 2.2688,
        "footprint_area_m2_webmercator": 111.27,
        "source_dataset": "Overture Maps buildings",
        "source_url": "https://docs.overturemaps.org/getting-data/",
        "source_release": "2026-09-23.1",
        "source_accessed_on": "2026-09-28",
        "geometry_role": "current building-footprint polygon",
        "linkage_semantics": "Overlap/proximity only; not evidence that the building hosts AI compute."
      }
    },
    {
      "type": "Feature",
      "id": "5615bfb5-435c-46a7-b9c2-93d2975444c6",
      "geometry": {
        "type": "Polygon",
        "coordinates": [
          [
            [
              -86.6092484,
              34.8620584
            ],
            [
              -86.6092494,
              34.861967
            ],
            [
              -86.6091248,
              34.8619661
            ],
            [
              -86.6091238,
              34.8620575
            ],
            [
              -86.6092484,
              34.8620584
            ]
          ]
        ]
      },
      "properties": {
        "epoch_id": "EPOCH-27e284efc1b1abc2",
        "site_name": "Meta Huntsville",
        "distance_to_site_km": 2.2525,
        "footprint_area_m2_webmercator": 172.01,
        "source_dataset": "Overture Maps buildings",
        "source_url": "https://docs.overturemaps.org/getting-data/",
        "source_release": "2026-09-23.1",
        "source_accessed_on": "2026-09-28",
        "geometry_role": "current building-footprint polygon",
        "linkage_semantics": "Overlap/proximity only; not evidence that the building hosts AI compute."
      }
    },
    {
      "type": "Feature",
      "id": "0718df67-a623-46b0-96da-cc3d297f309c",
      "geometry": {
        "type": "Polygon",
        "coordinates": [
          [
            [
              -86.6090922,
              34.8611785
            ],
            [
              -86.6090934,
              34.8612269
            ],
            [
              -86.6093186,
              34.8612232
            ],
            [
              -86.6093175,
              34.8611748
            ],
            [
              -86.6090922,
              34.8611785
            ]
          ]
        ]
      },
      "properties": {
        "epoch_id": "EPOCH-27e284efc1b1abc2",
        "site_name": "Meta Huntsville",
        "distance_to_site_km": 2.1889,
        "footprint_area_m2_webmercator": 164.71,
        "source_dataset": "Overture Maps buildings",
        "source_url": "https://docs.overturemaps.org/getting-data/",
        "source_release": "2026-09-23.1",
        "source_accessed_on": "2026-09-28",
        "geometry_role": "current building-footprint polygon",
        "linkage_semantics": "Overlap/proximity only; not evidence that the building hosts AI compute."
      }
    },
    {
      "type": "Feature",
      "id": "2a6720b0-5126-45b7-9d09-968ab14fc6fd",
      "geometry": {
        "type": "Polygon",
        "coordinates": [
          [
            [
              -86.6093801,
              34.8609867
            ],
            [
              -86.6092822,
              34.8609903
            ],
            [
              -86.6092843,
              34.8610298
            ],
            [
              -86.6092281,
              34.8610318
            ],
            [
              -86.6092334,
              34.8611307
            ],
            [
              -86.6093875,
              34.8611251
            ],
            [
              -86.6093801,
              34.8609867
            ]
          ]
        ]
      },
      "properties": {
        "epoch_id": "EPOCH-27e284efc1b1abc2",
        "site_name": "Meta Huntsville",
        "distance_to_site_km": 2.1714,
        "footprint_area_m2_webmercator": 289.09,
        "source_dataset": "Overture Maps buildings",
        "source_url": "https://docs.overturemaps.org/getting-data/",
        "source_release": "2026-09-23.1",
        "source_accessed_on": "2026-09-28",
        "geometry_role": "current building-footprint polygon",
        "linkage_semantics": "Overlap/proximity only; not evidence that the building hosts AI compute."
      }
    },
    {
      "type": "Feature",
      "id": "b50aa0cd-4dd9-4e01-903e-97f8e8c38738",
      "geometry": {
        "type": "Polygon",
        "coordinates": [
          [
            [
              -86.6093507,
              34.861794
            ],
            [
              -86.6091834,
              34.8617987
            ],
            [
              -86.6091879,
              34.8619086
            ],
            [
              -86.6093552,
              34.861904
            ],
            [
              -86.6093507,
              34.861794
            ]
          ]
        ]
      },
      "properties": {
        "epoch_id": "EPOCH-27e284efc1b1abc2",
        "site_name": "Meta Huntsville",
        "distance_to_site_km": 2.2345,
        "footprint_area_m2_webmercator": 278.12,
        "source_dataset": "Overture Maps buildings",
        "source_url": "https://docs.overturemaps.org/getting-data/",
        "source_release": "2026-09-23.1",
        "source_accessed_on": "2026-09-28",
        "geometry_role": "current building-footprint polygon",
        "linkage_semantics": "Overlap/proximity only; not evidence that the building hosts AI compute."
      }
    },
    {
      "type": "Feature",
      "id": "1e83be32-1bce-49ff-b608-865facf6b12f",
      "geometry": {
        "type": "Polygon",
        "coordinates": [
          [
            [
              -86.6094884,
              34.8621102
            ],
            [
              -86.6094908,
              34.8621828
            ],
            [
              -86.6095605,
              34.8621812
            ],
            [
              -86.6095581,
              34.8621086
            ],
            [
              -86.6094884,
              34.8621102
            ]
          ]
        ]
      },
      "properties": {
        "epoch_id": "EPOCH-27e284efc1b1abc2",
        "site_name": "Meta Huntsville",
        "distance_to_site_km": 2.2411,
        "footprint_area_m2_webmercator": 76.48,
        "source_dataset": "Overture Maps buildings",
        "source_url": "https://docs.overturemaps.org/getting-data/",
        "source_release": "2026-09-23.1",
        "source_accessed_on": "2026-09-28",
        "geometry_role": "current building-footprint polygon",
        "linkage_semantics": "Overlap/proximity only; not evidence that the building hosts AI compute."
      }
    },
    {
      "type": "Feature",
      "id": "22549e0d-75b1-46d6-83d9-c23770ba0c19",
      "geometry": {
        "type": "Polygon",
        "coordinates": [
          [
            [
              -86.6096698,
              34.8630764
            ],
            [
              -86.6096121,
              34.8630752
            ],
            [
              -86.6096062,
              34.8632643
            ],
            [
              -86.6096638,
              34.8632655
            ],
            [
              -86.6096698,
              34.8630764
            ]
          ]
        ]
      },
      "properties": {
        "epoch_id": "EPOCH-27e284efc1b1abc2",
        "site_name": "Meta Huntsville",
        "distance_to_site_km": 2.3164,
        "footprint_area_m2_webmercator": 164.75,
        "source_dataset": "Overture Maps buildings",
        "source_url": "https://docs.overturemaps.org/getting-data/",
        "source_release": "2026-09-23.1",
        "source_accessed_on": "2026-09-28",
        "geometry_role": "current building-footprint polygon",
        "linkage_semantics": "Overlap/proximity only; not evidence that the building hosts AI compute."
      }
    },
    {
      "type": "Feature",
      "id": "fdcedc50-d4d5-499e-a127-97ba46d63a76",
      "geometry": {
        "type": "Polygon",
        "coordinates": [
          [
            [
              -86.6097635,
              34.8628328
            ],
            [
              -86.6094995,
              34.8628373
            ],
            [
              -86.6095006,
              34.8628813
            ],
            [
              -86.6097646,
              34.8628768
            ],
            [
              -86.6097635,
              34.8628328
            ]
          ]
        ]
      },
      "properties": {
        "epoch_id": "EPOCH-27e284efc1b1abc2",
        "site_name": "Meta Huntsville",
        "distance_to_site_km": 2.2912,
        "footprint_area_m2_webmercator": 175.51,
        "source_dataset": "Overture Maps buildings",
        "source_url": "https://docs.overturemaps.org/getting-data/",
        "source_release": "2026-09-23.1",
        "source_accessed_on": "2026-09-28",
        "geometry_role": "current building-footprint polygon",
        "linkage_semantics": "Overlap/proximity only; not evidence that the building hosts AI compute."
      }
    },
    {
      "type": "Feature",
      "id": "041ee0e7-ca57-4d13-8c43-48a192e04a89",
      "geometry": {
        "type": "Polygon",
        "coordinates": [
          [
            [
              -86.6095187,
              34.8622611
            ],
            [
              -86.6095206,
              34.8623293
            ],
            [
              -86.6096144,
              34.8623276
            ],
            [
              -86.6096153,
              34.8623606
            ],
            [
              -86.609685,
              34.8623593
            ],
            [
              -86.6096841,
              34.8623241
            ],
            [
              -86.6097243,
              34.8623233
            ],
            [
              -86.6097225,
              34.8622574
            ],
            [
              -86.6095187,
              34.8622611
            ]
          ]
        ]
      },
      "properties": {
        "epoch_id": "EPOCH-27e284efc1b1abc2",
        "site_name": "Meta Huntsville",
        "distance_to_site_km": 2.2469,
        "footprint_area_m2_webmercator": 243.38,
        "source_dataset": "Overture Maps buildings",
        "source_url": "https://docs.overturemaps.org/getting-data/",
        "source_release": "2026-09-23.1",
        "source_accessed_on": "2026-09-28",
        "geometry_role": "current building-footprint polygon",
        "linkage_semantics": "Overlap/proximity only; not evidence that the building hosts AI compute."
      }
    },
    {
      "type": "Feature",
      "id": "00c1cca4-42fe-440a-a6c9-262ce6b4e212",
      "geometry": {
        "type": "Polygon",
        "coordinates": [
          [
            [
              -86.6098711,
              34.8612632
            ],
            [
              -86.609973,
              34.8612614
            ],
            [
              -86.6099704,
              34.8611603
            ],
            [
              -86.6098685,
              34.861162
            ],
            [
              -86.6098711,
              34.8612632
            ]
          ]
        ]
      },
      "properties": {
        "epoch_id": "EPOCH-27e284efc1b1abc2",
        "site_name": "Meta Huntsville",
        "distance_to_site_km": 2.1424,
        "footprint_area_m2_webmercator": 155.73,
        "source_dataset": "Overture Maps buildings",
        "source_url": "https://docs.overturemaps.org/getting-data/",
        "source_release": "2026-09-23.1",
        "source_accessed_on": "2026-09-28",
        "geometry_role": "current building-footprint polygon",
        "linkage_semantics": "Overlap/proximity only; not evidence that the building hosts AI compute."
      }
    },
    {
      "type": "Feature",
      "id": "e113fd5d-6852-4105-81d8-7316eac010b3",
      "geometry": {
        "type": "Polygon",
        "coordinates": [
          [
            [
              -86.6098148,
              34.8606766
            ],
            [
              -86.6099462,
              34.860679
            ],
            [
              -86.6099453,
              34.860712
            ],
            [
              -86.6100257,
              34.8607135
            ],
            [
              -86.6100276,
              34.8606431
            ],
            [
              -86.6098158,
              34.8606392
            ],
            [
              -86.6098148,
              34.8606766
            ]
          ]
        ]
      },
      "properties": {
        "epoch_id": "EPOCH-27e284efc1b1abc2",
        "site_name": "Meta Huntsville",
        "distance_to_site_km": 2.0998,
        "footprint_area_m2_webmercator": 159.74,
        "source_dataset": "Overture Maps buildings",
        "source_url": "https://docs.overturemaps.org/getting-data/",
        "source_release": "2026-09-23.1",
        "source_accessed_on": "2026-09-28",
        "geometry_role": "current building-footprint polygon",
        "linkage_semantics": "Overlap/proximity only; not evidence that the building hosts AI compute."
      }
    },
    {
      "type": "Feature",
      "id": "3228d485-fdf2-4f09-9eab-9e42e7877f15",
      "geometry": {
        "type": "Polygon",
        "coordinates": [
          [
            [
              -86.6095197,
              34.8619227
            ],
            [
              -86.6097464,
              34.8619258
            ],
            [
              -86.6097472,
              34.8618862
            ],
            [
              -86.6095205,
              34.8618831
            ],
            [
              -86.6095197,
              34.8619227
            ]
          ]
        ]
      },
      "properties": {
        "epoch_id": "EPOCH-27e284efc1b1abc2",
        "site_name": "Meta Huntsville",
        "distance_to_site_km": 2.2151,
        "footprint_area_m2_webmercator": 135.62,
        "source_dataset": "Overture Maps buildings",
        "source_url": "https://docs.overturemaps.org/getting-data/",
        "source_release": "2026-09-23.1",
        "source_accessed_on": "2026-09-28",
        "geometry_role": "current building-footprint polygon",
        "linkage_semantics": "Overlap/proximity only; not evidence that the building hosts AI compute."
      }
    },
    {
      "type": "Feature",
      "id": "a2c9de34-37f8-4ecd-a2b9-830d4790ec94",
      "geometry": {
        "type": "Polygon",
        "coordinates": [
          [
            [
              -86.6094674,
              34.8611718
            ],
            [
              -86.6094681,
              34.8612081
            ],
            [
              -86.6096933,
              34.8612055
            ],
            [
              -86.6096927,
              34.8611692
            ],
            [
              -86.6094674,
              34.8611718
            ]
          ]
        ]
      },
      "properties": {
        "epoch_id": "EPOCH-27e284efc1b1abc2",
        "site_name": "Meta Huntsville",
        "distance_to_site_km": 2.163,
        "footprint_area_m2_webmercator": 123.51,
        "source_dataset": "Overture Maps buildings",
        "source_url": "https://docs.overturemaps.org/getting-data/",
        "source_release": "2026-09-23.1",
        "source_accessed_on": "2026-09-28",
        "geometry_role": "current building-footprint polygon",
        "linkage_semantics": "Overlap/proximity only; not evidence that the building hosts AI compute."
      }
    },
    {
      "type": "Feature",
      "id": "b923738c-8e63-46d2-8ab1-98d1d3911d2f",
      "geometry": {
        "type": "Polygon",
        "coordinates": [
          [
            [
              -86.6094979,
              34.8605958
            ],
            [
              -86.6097204,
              34.8606005
            ],
            [
              -86.6097216,
              34.8605631
            ],
            [
              -86.6094991,
              34.8605584
            ],
            [
              -86.6094979,
              34.8605958
            ]
          ]
        ]
      },
      "properties": {
        "epoch_id": "EPOCH-27e284efc1b1abc2",
        "site_name": "Meta Huntsville",
        "distance_to_site_km": 2.1151,
        "footprint_area_m2_webmercator": 125.76,
        "source_dataset": "Overture Maps buildings",
        "source_url": "https://docs.overturemaps.org/getting-data/",
        "source_release": "2026-09-23.1",
        "source_accessed_on": "2026-09-28",
        "geometry_role": "current building-footprint polygon",
        "linkage_semantics": "Overlap/proximity only; not evidence that the building hosts AI compute."
      }
    },
    {
      "type": "Feature",
      "id": "80c00bc1-dfc4-4a68-a6ef-f96d88e47d8c",
      "geometry": {
        "type": "Polygon",
        "coordinates": [
          [
            [
              -86.6098424,
              34.8593585
            ],
            [
              -86.6096316,
              34.8593634
            ],
            [
              -86.6096351,
              34.8594646
            ],
            [
              -86.6098458,
              34.8594597
            ],
            [
              -86.6098424,
              34.8593585
            ]
          ]
        ]
      },
      "properties": {
        "epoch_id": "EPOCH-27e284efc1b1abc2",
        "site_name": "Meta Huntsville",
        "distance_to_site_km": 2.0212,
        "footprint_area_m2_webmercator": 322.35,
        "source_dataset": "Overture Maps buildings",
        "source_url": "https://docs.overturemaps.org/getting-data/",
        "source_release": "2026-09-23.1",
        "source_accessed_on": "2026-09-28",
        "geometry_role": "current building-footprint polygon",
        "linkage_semantics": "Overlap/proximity only; not evidence that the building hosts AI compute."
      }
    },
    {
      "type": "Feature",
      "id": "59df6a76-33dd-44d8-a87a-0f116845a61b",
      "geometry": {
        "type": "Polygon",
        "coordinates": [
          [
            [
              -86.6100411,
              34.8598716
            ],
            [
              -86.6099312,
              34.8598733
            ],
            [
              -86.6099329,
              34.859947
            ],
            [
              -86.6100428,
              34.8599453
            ],
            [
              -86.6100411,
              34.8598716
            ]
          ]
        ]
      },
      "properties": {
        "epoch_id": "EPOCH-27e284efc1b1abc2",
        "site_name": "Meta Huntsville",
        "distance_to_site_km": 2.0398,
        "footprint_area_m2_webmercator": 122.36,
        "source_dataset": "Overture Maps buildings",
        "source_url": "https://docs.overturemaps.org/getting-data/",
        "source_release": "2026-09-23.1",
        "source_accessed_on": "2026-09-28",
        "geometry_role": "current building-footprint polygon",
        "linkage_semantics": "Overlap/proximity only; not evidence that the building hosts AI compute."
      }
    },
    {
      "type": "Feature",
      "id": "63406cb5-d7d3-4d55-bc26-f19e5a79b944",
      "geometry": {
        "type": "Polygon",
        "coordinates": [
          [
            [
              -86.6093128,
              34.8592824
            ],
            [
              -86.6092699,
              34.859282
            ],
            [
              -86.6092683,
              34.8593986
            ],
            [
              -86.6094748,
              34.8594005
            ],
            [
              -86.609476,
              34.8593125
            ],
            [
              -86.6094153,
              34.859312
            ],
            [
              -86.6094158,
              34.8592811
            ],
            [
              -86.6093719,
              34.8592807
            ],
            [
              -86.6093722,
              34.8592565
            ],
            [
              -86.6093132,
              34.859256
            ],
            [
              -86.6093128,
              34.8592824
            ]
          ]
        ]
      },
      "properties": {
        "epoch_id": "EPOCH-27e284efc1b1abc2",
        "site_name": "Meta Huntsville",
        "distance_to_site_km": 2.0425,
        "footprint_area_m2_webmercator": 362.47,
        "source_dataset": "Overture Maps buildings",
        "source_url": "https://docs.overturemaps.org/getting-data/",
        "source_release": "2026-09-23.1",
        "source_accessed_on": "2026-09-28",
        "geometry_role": "current building-footprint polygon",
        "linkage_semantics": "Overlap/proximity only; not evidence that the building hosts AI compute."
      }
    },
    {
      "type": "Feature",
      "id": "588d4ee9-357d-40d5-b570-3156bc1e1d2a",
      "geometry": {
        "type": "Polygon",
        "coordinates": [
          [
            [
              -86.6094798,
              34.8595113
            ],
            [
              -86.6094784,
              34.8594585
            ],
            [
              -86.6094237,
              34.8594595
            ],
            [
              -86.6094251,
              34.8595123
            ],
            [
              -86.6094798,
              34.8595113
            ]
          ]
        ]
      },
      "properties": {
        "epoch_id": "EPOCH-27e284efc1b1abc2",
        "site_name": "Meta Huntsville",
        "distance_to_site_km": 2.0466,
        "footprint_area_m2_webmercator": 43.64,
        "source_dataset": "Overture Maps buildings",
        "source_url": "https://docs.overturemaps.org/getting-data/",
        "source_release": "2026-09-23.1",
        "source_accessed_on": "2026-09-28",
        "geometry_role": "current building-footprint polygon",
        "linkage_semantics": "Overlap/proximity only; not evidence that the building hosts AI compute."
      }
    },
    {
      "type": "Feature",
      "id": "03f5a0e7-5b7b-4b1b-9468-1ee70a379352",
      "geometry": {
        "type": "Polygon",
        "coordinates": [
          [
            [
              -86.6092795,
              34.8594823
            ],
            [
              -86.6092142,
              34.8594806
            ],
            [
              -86.6092101,
              34.8595871
            ],
            [
              -86.6092754,
              34.8595888
            ],
            [
              -86.6092795,
              34.8594823
            ]
          ]
        ]
      },
      "properties": {
        "epoch_id": "EPOCH-27e284efc1b1abc2",
        "site_name": "Meta Huntsville",
        "distance_to_site_km": 2.0647,
        "footprint_area_m2_webmercator": 105.13,
        "source_dataset": "Overture Maps buildings",
        "source_url": "https://docs.overturemaps.org/getting-data/",
        "source_release": "2026-09-23.1",
        "source_accessed_on": "2026-09-28",
        "geometry_role": "current building-footprint polygon",
        "linkage_semantics": "Overlap/proximity only; not evidence that the building hosts AI compute."
      }
    },
    {
      "type": "Feature",
      "id": "30556b2e-2d13-42a8-9a05-2b60dd886d1c",
      "geometry": {
        "type": "Polygon",
        "coordinates": [
          [
            [
              -86.6093776,
              34.8599499
            ],
            [
              -86.609214,
              34.8599471
            ],
            [
              -86.6092132,
              34.8599801
            ],
            [
              -86.6093767,
              34.8599829
            ],
            [
              -86.6093776,
              34.8599499
            ]
          ]
        ]
      },
      "properties": {
        "epoch_id": "EPOCH-27e284efc1b1abc2",
        "site_name": "Meta Huntsville",
        "distance_to_site_km": 2.0917,
        "footprint_area_m2_webmercator": 81.54,
        "source_dataset": "Overture Maps buildings",
        "source_url": "https://docs.overturemaps.org/getting-data/",
        "source_release": "2026-09-23.1",
        "source_accessed_on": "2026-09-28",
        "geometry_role": "current building-footprint polygon",
        "linkage_semantics": "Overlap/proximity only; not evidence that the building hosts AI compute."
      }
    },
    {
      "type": "Feature",
      "id": "3bfa4f13-eb88-44b9-94df-18b2df40ee5b",
      "geometry": {
        "type": "Polygon",
        "coordinates": [
          [
            [
              -86.6092198,
              34.8606855
            ],
            [
              -86.6092176,
              34.8606416
            ],
            [
              -86.6091614,
              34.8606435
            ],
            [
              -86.6091636,
              34.8606875
            ],
            [
              -86.6092198,
              34.8606855
            ]
          ]
        ]
      },
      "properties": {
        "epoch_id": "EPOCH-27e284efc1b1abc2",
        "site_name": "Meta Huntsville",
        "distance_to_site_km": 2.1499,
        "footprint_area_m2_webmercator": 37.37,
        "source_dataset": "Overture Maps buildings",
        "source_url": "https://docs.overturemaps.org/getting-data/",
        "source_release": "2026-09-23.1",
        "source_accessed_on": "2026-09-28",
        "geometry_role": "current building-footprint polygon",
        "linkage_semantics": "Overlap/proximity only; not evidence that the building hosts AI compute."
      }
    },
    {
      "type": "Feature",
      "id": "96975b83-46ea-4a4a-b3d4-9a782a14041b",
      "geometry": {
        "type": "Polygon",
        "coordinates": [
          [
            [
              -86.6088954,
              34.8594194
            ],
            [
              -86.6089892,
              34.8594219
            ],
            [
              -86.6089909,
              34.8593801
            ],
            [
              -86.6091034,
              34.8593831
            ],
            [
              -86.6091075,
              34.8592798
            ],
            [
              -86.6089789,
              34.8592763
            ],
            [
              -86.6089779,
              34.8593027
            ],
            [
              -86.6089002,
              34.8593006
            ],
            [
              -86.6088954,
              34.8594194
            ]
          ]
        ]
      },
      "properties": {
        "epoch_id": "EPOCH-27e284efc1b1abc2",
        "site_name": "Meta Huntsville",
        "distance_to_site_km": 2.0691,
        "footprint_area_m2_webmercator": 350.59,
        "source_dataset": "Overture Maps buildings",
        "source_url": "https://docs.overturemaps.org/getting-data/",
        "source_release": "2026-09-23.1",
        "source_accessed_on": "2026-09-28",
        "geometry_role": "current building-footprint polygon",
        "linkage_semantics": "Overlap/proximity only; not evidence that the building hosts AI compute."
      }
    },
    {
      "type": "Feature",
      "id": "2633bd1a-b7ad-479a-9f47-29a1e7c2a5f5",
      "geometry": {
        "type": "Polygon",
        "coordinates": [
          [
            [
              -86.6088622,
              34.8599541
            ],
            [
              -86.6088641,
              34.8600201
            ],
            [
              -86.6090571,
              34.8600164
            ],
            [
              -86.6090552,
              34.8599504
            ],
            [
              -86.6088622,
              34.8599541
            ]
          ]
        ]
      },
      "properties": {
        "epoch_id": "EPOCH-27e284efc1b1abc2",
        "site_name": "Meta Huntsville",
        "distance_to_site_km": 2.1166,
        "footprint_area_m2_webmercator": 192.48,
        "source_dataset": "Overture Maps buildings",
        "source_url": "https://docs.overturemaps.org/getting-data/",
        "source_release": "2026-09-23.1",
        "source_accessed_on": "2026-09-28",
        "geometry_role": "current building-footprint polygon",
        "linkage_semantics": "Overlap/proximity only; not evidence that the building hosts AI compute."
      }
    },
    {
      "type": "Feature",
      "id": "26c5229b-479f-409b-92f0-b0ed66acd8f9",
      "geometry": {
        "type": "Polygon",
        "coordinates": [
          [
            [
              -86.6088547,
              34.8606499
            ],
            [
              -86.608934,
              34.860693
            ],
            [
              -86.6089735,
              34.8606442
            ],
            [
              -86.6088942,
              34.860601
            ],
            [
              -86.6088547,
              34.8606499
            ]
          ]
        ]
      },
      "properties": {
        "epoch_id": "EPOCH-27e284efc1b1abc2",
        "site_name": "Meta Huntsville",
        "distance_to_site_km": 2.1675,
        "footprint_area_m2_webmercator": 84.24,
        "source_dataset": "Overture Maps buildings",
        "source_url": "https://docs.overturemaps.org/getting-data/",
        "source_release": "2026-09-23.1",
        "source_accessed_on": "2026-09-28",
        "geometry_role": "current building-footprint polygon",
        "linkage_semantics": "Overlap/proximity only; not evidence that the building hosts AI compute."
      }
    },
    {
      "type": "Feature",
      "id": "1cd9fb77-e6ed-4e77-9bf9-22fe6bfe49e1",
      "geometry": {
        "type": "Polygon",
        "coordinates": [
          [
            [
              -86.6086681,
              34.8600894
            ],
            [
              -86.608541,
              34.8600868
            ],
            [
              -86.6085399,
              34.8601264
            ],
            [
              -86.6086669,
              34.860129
            ],
            [
              -86.6086681,
              34.8600894
            ]
          ]
        ]
      },
      "properties": {
        "epoch_id": "EPOCH-27e284efc1b1abc2",
        "site_name": "Meta Huntsville",
        "distance_to_site_km": 2.1503,
        "footprint_area_m2_webmercator": 76.03,
        "source_dataset": "Overture Maps buildings",
        "source_url": "https://docs.overturemaps.org/getting-data/",
        "source_release": "2026-09-23.1",
        "source_accessed_on": "2026-09-28",
        "geometry_role": "current building-footprint polygon",
        "linkage_semantics": "Overlap/proximity only; not evidence that the building hosts AI compute."
      }
    },
    {
      "type": "Feature",
      "id": "e2e8bac3-62cd-4eae-906f-95884f7c38b3",
      "geometry": {
        "type": "Polygon",
        "coordinates": [
          [
            [
              -86.6084934,
              34.8593589
            ],
            [
              -86.6087544,
              34.8593646
            ],
            [
              -86.6087572,
              34.8592767
            ],
            [
              -86.6084963,
              34.8592709
            ],
            [
              -86.6084934,
              34.8593589
            ]
          ]
        ]
      },
      "properties": {
        "epoch_id": "EPOCH-27e284efc1b1abc2",
        "site_name": "Meta Huntsville",
        "distance_to_site_km": 2.0941,
        "footprint_area_m2_webmercator": 346.85,
        "source_dataset": "Overture Maps buildings",
        "source_url": "https://docs.overturemaps.org/getting-data/",
        "source_release": "2026-09-23.1",
        "source_accessed_on": "2026-09-28",
        "geometry_role": "current building-footprint polygon",
        "linkage_semantics": "Overlap/proximity only; not evidence that the building hosts AI compute."
      }
    },
    {
      "type": "Feature",
      "id": "31b44564-cc09-4912-ad6d-ed064d19dd58",
      "geometry": {
        "type": "Polygon",
        "coordinates": [
          [
            [
              -86.6083518,
              34.8593494
            ],
            [
              -86.6083249,
              34.8593491
            ],
            [
              -86.6083255,
              34.8593095
            ],
            [
              -86.608229,
              34.8593086
            ],
            [
              -86.6082295,
              34.859269
            ],
            [
              -86.608125,
              34.8592679
            ],
            [
              -86.6081244,
              34.8593076
            ],
            [
              -86.6081029,
              34.8593073
            ],
            [
              -86.6081016,
              34.8593954
            ],
            [
              -86.6083511,
              34.8593978
            ],
            [
              -86.6083518,
              34.8593494
            ]
          ]
        ]
      },
      "properties": {
        "epoch_id": "EPOCH-27e284efc1b1abc2",
        "site_name": "Meta Huntsville",
        "distance_to_site_km": 2.1256,
        "footprint_area_m2_webmercator": 378.22,
        "source_dataset": "Overture Maps buildings",
        "source_url": "https://docs.overturemaps.org/getting-data/",
        "source_release": "2026-09-23.1",
        "source_accessed_on": "2026-09-28",
        "geometry_role": "current building-footprint polygon",
        "linkage_semantics": "Overlap/proximity only; not evidence that the building hosts AI compute."
      }
    },
    {
      "type": "Feature",
      "id": "0fd8393e-e089-4035-a5ef-2b900ebfdd11",
      "geometry": {
        "type": "Polygon",
        "coordinates": [
          [
            [
              -86.6081798,
              34.8600475
            ],
            [
              -86.6080886,
              34.8600461
            ],
            [
              -86.6080868,
              34.8601262
            ],
            [
              -86.6081726,
              34.8601275
            ],
            [
              -86.608172,
              34.860154
            ],
            [
              -86.6082454,
              34.8601551
            ],
            [
              -86.6082461,
              34.8601243
            ],
            [
              -86.6082933,
              34.860125
            ],
            [
              -86.608296,
              34.8600106
            ],
            [
              -86.6081807,
              34.8600088
            ],
            [
              -86.6081798,
              34.8600475
            ]
          ]
        ]
      },
      "properties": {
        "epoch_id": "EPOCH-27e284efc1b1abc2",
        "site_name": "Meta Huntsville",
        "distance_to_site_km": 2.1769,
        "footprint_area_m2_webmercator": 343.43,
        "source_dataset": "Overture Maps buildings",
        "source_url": "https://docs.overturemaps.org/getting-data/",
        "source_release": "2026-09-23.1",
        "source_accessed_on": "2026-09-28",
        "geometry_role": "current building-footprint polygon",
        "linkage_semantics": "Overlap/proximity only; not evidence that the building hosts AI compute."
      }
    },
    {
      "type": "Feature",
      "id": "6f446772-1c23-4ea6-89be-cc9518a748f4",
      "geometry": {
        "type": "Polygon",
        "coordinates": [
          [
            [
              -86.6083231,
              34.8606054
            ],
            [
              -86.6083794,
              34.8606046
            ],
            [
              -86.6083785,
              34.8605606
            ],
            [
              -86.6081533,
              34.8605638
            ],
            [
              -86.6081542,
              34.8606088
            ],
            [
              -86.6082695,
              34.8606071
            ],
            [
              -86.60827,
              34.8606304
            ],
            [
              -86.6083236,
              34.8606296
            ],
            [
              -86.6083231,
              34.8606054
            ]
          ]
        ]
      },
      "properties": {
        "epoch_id": "EPOCH-27e284efc1b1abc2",
        "site_name": "Meta Huntsville",
        "distance_to_site_km": 2.2079,
        "footprint_area_m2_webmercator": 171.0,
        "source_dataset": "Overture Maps buildings",
        "source_url": "https://docs.overturemaps.org/getting-data/",
        "source_release": "2026-09-23.1",
        "source_accessed_on": "2026-09-28",
        "geometry_role": "current building-footprint polygon",
        "linkage_semantics": "Overlap/proximity only; not evidence that the building hosts AI compute."
      }
    },
    {
      "type": "Feature",
      "id": "b2f0b49e-cc89-4296-ae46-38c4b4c9081c",
      "geometry": {
        "type": "Polygon",
        "coordinates": [
          [
            [
              -86.6083885,
              34.8600846
            ],
            [
              -86.6083322,
              34.8600837
            ],
            [
              -86.6083307,
              34.8601418
            ],
            [
              -86.608387,
              34.8601428
            ],
            [
              -86.6083885,
              34.8600846
            ]
          ]
        ]
      },
      "properties": {
        "epoch_id": "EPOCH-27e284efc1b1abc2",
        "site_name": "Meta Huntsville",
        "distance_to_site_km": 2.168,
        "footprint_area_m2_webmercator": 49.46,
        "source_dataset": "Overture Maps buildings",
        "source_url": "https://docs.overturemaps.org/getting-data/",
        "source_release": "2026-09-23.1",
        "source_accessed_on": "2026-09-28",
        "geometry_role": "current building-footprint polygon",
        "linkage_semantics": "Overlap/proximity only; not evidence that the building hosts AI compute."
      }
    },
    {
      "type": "Feature",
      "id": "ff35997f-3983-4bba-bd01-38f806c8c459",
      "geometry": {
        "type": "Polygon",
        "coordinates": [
          [
            [
              -86.6084567,
              34.8596554
            ],
            [
              -86.6085613,
              34.8596535
            ],
            [
              -86.6085577,
              34.8595215
            ],
            [
              -86.6085041,
              34.8595225
            ],
            [
              -86.6085025,
              34.8594621
            ],
            [
              -86.6084515,
              34.859463
            ],
            [
              -86.6084567,
              34.8596554
            ]
          ]
        ]
      },
      "properties": {
        "epoch_id": "EPOCH-27e284efc1b1abc2",
        "site_name": "Meta Huntsville",
        "distance_to_site_km": 2.1202,
        "footprint_area_m2_webmercator": 255.09,
        "source_dataset": "Overture Maps buildings",
        "source_url": "https://docs.overturemaps.org/getting-data/",
        "source_release": "2026-09-23.1",
        "source_accessed_on": "2026-09-28",
        "geometry_role": "current building-footprint polygon",
        "linkage_semantics": "Overlap/proximity only; not evidence that the building hosts AI compute."
      }
    },
    {
      "type": "Feature",
      "id": "0b11f9d2-4692-4f01-9268-5d2fa1e0cca7",
      "geometry": {
        "type": "Polygon",
        "coordinates": [
          [
            [
              -86.6084798,
              34.8605888
            ],
            [
              -86.6086755,
              34.8605924
            ],
            [
              -86.6086776,
              34.8605142
            ],
            [
              -86.6084819,
              34.8605106
            ],
            [
              -86.6084798,
              34.8605888
            ]
          ]
        ]
      },
      "properties": {
        "epoch_id": "EPOCH-27e284efc1b1abc2",
        "site_name": "Meta Huntsville",
        "distance_to_site_km": 2.1837,
        "footprint_area_m2_webmercator": 231.23,
        "source_dataset": "Overture Maps buildings",
        "source_url": "https://docs.overturemaps.org/getting-data/",
        "source_release": "2026-09-23.1",
        "source_accessed_on": "2026-09-28",
        "geometry_role": "current building-footprint polygon",
        "linkage_semantics": "Overlap/proximity only; not evidence that the building hosts AI compute."
      }
    },
    {
      "type": "Feature",
      "id": "606ef86b-87b3-4ece-a6a9-750223eb5071",
      "geometry": {
        "type": "Polygon",
        "coordinates": [
          [
            [
              -86.6086595,
              34.8612607
            ],
            [
              -86.6086638,
              34.8611718
            ],
            [
              -86.6084709,
              34.8611655
            ],
            [
              -86.6084667,
              34.8612522
            ],
            [
              -86.6085245,
              34.8612541
            ],
            [
              -86.6085231,
              34.8612839
            ],
            [
              -86.608598,
              34.8612863
            ],
            [
              -86.6085994,
              34.8612588
            ],
            [
              -86.6086595,
              34.8612607
            ]
          ]
        ]
      },
      "properties": {
        "epoch_id": "EPOCH-27e284efc1b1abc2",
        "site_name": "Meta Huntsville",
        "distance_to_site_km": 2.2335,
        "footprint_area_m2_webmercator": 288.79,
        "source_dataset": "Overture Maps buildings",
        "source_url": "https://docs.overturemaps.org/getting-data/",
        "source_release": "2026-09-23.1",
        "source_accessed_on": "2026-09-28",
        "geometry_role": "current building-footprint polygon",
        "linkage_semantics": "Overlap/proximity only; not evidence that the building hosts AI compute."
      }
    },
    {
      "type": "Feature",
      "id": "2216b1ab-9c3a-4875-9c19-65b5d2ce6b46",
      "geometry": {
        "type": "Polygon",
        "coordinates": [
          [
            [
              -86.6083024,
              34.8611928
            ],
            [
              -86.6082204,
              34.8611915
            ],
            [
              -86.6082212,
              34.8611585
            ],
            [
              -86.6081542,
              34.8611574
            ],
            [
              -86.6081535,
              34.8611882
            ],
            [
              -86.6080972,
              34.8611873
            ],
            [
              -86.6080962,
              34.8612269
            ],
            [
              -86.6083015,
              34.8612302
            ],
            [
              -86.6083024,
              34.8611928
            ]
          ]
        ]
      },
      "properties": {
        "epoch_id": "EPOCH-27e284efc1b1abc2",
        "site_name": "Meta Huntsville",
        "distance_to_site_km": 2.2575,
        "footprint_area_m2_webmercator": 151.24,
        "source_dataset": "Overture Maps buildings",
        "source_url": "https://docs.overturemaps.org/getting-data/",
        "source_release": "2026-09-23.1",
        "source_accessed_on": "2026-09-28",
        "geometry_role": "current building-footprint polygon",
        "linkage_semantics": "Overlap/proximity only; not evidence that the building hosts AI compute."
      }
    },
    {
      "type": "Feature",
      "id": "84dec0b2-d423-4313-bf2d-ee42e93ac359",
      "geometry": {
        "type": "Polygon",
        "coordinates": [
          [
            [
              -86.6083646,
              34.8617933
            ],
            [
              -86.6081354,
              34.8617992
            ],
            [
              -86.6081384,
              34.8618784
            ],
            [
              -86.6083677,
              34.8618725
            ],
            [
              -86.6083646,
              34.8617933
            ]
          ]
        ]
      },
      "properties": {
        "epoch_id": "EPOCH-27e284efc1b1abc2",
        "site_name": "Meta Huntsville",
        "distance_to_site_km": 2.3008,
        "footprint_area_m2_webmercator": 274.48,
        "source_dataset": "Overture Maps buildings",
        "source_url": "https://docs.overturemaps.org/getting-data/",
        "source_release": "2026-09-23.1",
        "source_accessed_on": "2026-09-28",
        "geometry_role": "current building-footprint polygon",
        "linkage_semantics": "Overlap/proximity only; not evidence that the building hosts AI compute."
      }
    },
    {
      "type": "Feature",
      "id": "e2740542-78bb-498b-9c73-84cc4abe5949",
      "geometry": {
        "type": "Polygon",
        "coordinates": [
          [
            [
              -86.6080986,
              34.8619372
            ],
            [
              -86.6081016,
              34.8620504
            ],
            [
              -86.6081606,
              34.8620493
            ],
            [
              -86.6081576,
              34.8619362
            ],
            [
              -86.6080986,
              34.8619372
            ]
          ]
        ]
      },
      "properties": {
        "epoch_id": "EPOCH-27e284efc1b1abc2",
        "site_name": "Meta Huntsville",
        "distance_to_site_km": 2.3208,
        "footprint_area_m2_webmercator": 100.87,
        "source_dataset": "Overture Maps buildings",
        "source_url": "https://docs.overturemaps.org/getting-data/",
        "source_release": "2026-09-23.1",
        "source_accessed_on": "2026-09-28",
        "geometry_role": "current building-footprint polygon",
        "linkage_semantics": "Overlap/proximity only; not evidence that the building hosts AI compute."
      }
    },
    {
      "type": "Feature",
      "id": "243056e7-7ba5-4f77-8ea1-c1117471c11e",
      "geometry": {
        "type": "Polygon",
        "coordinates": [
          [
            [
              -86.6083212,
              34.8626423
            ],
            [
              -86.6083195,
              34.8625851
            ],
            [
              -86.608184,
              34.8625879
            ],
            [
              -86.6081858,
              34.8626451
            ],
            [
              -86.6083212,
              34.8626423
            ]
          ]
        ]
      },
      "properties": {
        "epoch_id": "EPOCH-27e284efc1b1abc2",
        "site_name": "Meta Huntsville",
        "distance_to_site_km": 2.3603,
        "footprint_area_m2_webmercator": 117.08,
        "source_dataset": "Overture Maps buildings",
        "source_url": "https://docs.overturemaps.org/getting-data/",
        "source_release": "2026-09-23.1",
        "source_accessed_on": "2026-09-28",
        "geometry_role": "current building-footprint polygon",
        "linkage_semantics": "Overlap/proximity only; not evidence that the building hosts AI compute."
      }
    },
    {
      "type": "Feature",
      "id": "e0b5e75d-685c-4c3c-9a4b-4f039d1c9401",
      "geometry": {
        "type": "Polygon",
        "coordinates": [
          [
            [
              -86.6087684,
              34.8627562
            ],
            [
              -86.6086585,
              34.8627586
            ],
            [
              -86.6086636,
              34.8629169
            ],
            [
              -86.6087735,
              34.8629145
            ],
            [
              -86.6087684,
              34.8627562
            ]
          ]
        ]
      },
      "properties": {
        "epoch_id": "EPOCH-27e284efc1b1abc2",
        "site_name": "Meta Huntsville",
        "distance_to_site_km": 2.3476,
        "footprint_area_m2_webmercator": 262.93,
        "source_dataset": "Overture Maps buildings",
        "source_url": "https://docs.overturemaps.org/getting-data/",
        "source_release": "2026-09-23.1",
        "source_accessed_on": "2026-09-28",
        "geometry_role": "current building-footprint polygon",
        "linkage_semantics": "Overlap/proximity only; not evidence that the building hosts AI compute."
      }
    },
    {
      "type": "Feature",
      "id": "ba84c0e1-7c2b-4e13-b86c-3acd280ad4f8",
      "geometry": {
        "type": "Polygon",
        "coordinates": [
          [
            [
              -86.6087356,
              34.8617387
            ],
            [
              -86.6085184,
              34.861743
            ],
            [
              -86.6085208,
              34.8618234
            ],
            [
              -86.608738,
              34.8618191
            ],
            [
              -86.6087356,
              34.8617387
            ]
          ]
        ]
      },
      "properties": {
        "epoch_id": "EPOCH-27e284efc1b1abc2",
        "site_name": "Meta Huntsville",
        "distance_to_site_km": 2.2714,
        "footprint_area_m2_webmercator": 263.89,
        "source_dataset": "Overture Maps buildings",
        "source_url": "https://docs.overturemaps.org/getting-data/",
        "source_release": "2026-09-23.1",
        "source_accessed_on": "2026-09-28",
        "geometry_role": "current building-footprint polygon",
        "linkage_semantics": "Overlap/proximity only; not evidence that the building hosts AI compute."
      }
    },
    {
      "type": "Feature",
      "id": "20c804d4-2f34-4db6-9a37-b4bd01f693fd",
      "geometry": {
        "type": "Polygon",
        "coordinates": [
          [
            [
              -86.6088058,
              34.8618204
            ],
            [
              -86.6088062,
              34.861859
            ],
            [
              -86.6090583,
              34.8618573
            ],
            [
              -86.609058,
              34.8618187
            ],
            [
              -86.6088058,
              34.8618204
            ]
          ]
        ]
      },
      "properties": {
        "epoch_id": "EPOCH-27e284efc1b1abc2",
        "site_name": "Meta Huntsville",
        "distance_to_site_km": 2.2557,
        "footprint_area_m2_webmercator": 147.0,
        "source_dataset": "Overture Maps buildings",
        "source_url": "https://docs.overturemaps.org/getting-data/",
        "source_release": "2026-09-23.1",
        "source_accessed_on": "2026-09-28",
        "geometry_role": "current building-footprint polygon",
        "linkage_semantics": "Overlap/proximity only; not evidence that the building hosts AI compute."
      }
    },
    {
      "type": "Feature",
      "id": "3fb8613b-aaa5-4adb-b666-4d171e503817",
      "geometry": {
        "type": "Polygon",
        "coordinates": [
          [
            [
              -86.6090027,
              34.8611826
            ],
            [
              -86.6087426,
              34.8611849
            ],
            [
              -86.6087432,
              34.8612289
            ],
            [
              -86.6090033,
              34.8612266
            ],
            [
              -86.6090027,
              34.8611826
            ]
          ]
        ]
      },
      "properties": {
        "epoch_id": "EPOCH-27e284efc1b1abc2",
        "site_name": "Meta Huntsville",
        "distance_to_site_km": 2.2117,
        "footprint_area_m2_webmercator": 172.86,
        "source_dataset": "Overture Maps buildings",
        "source_url": "https://docs.overturemaps.org/getting-data/",
        "source_release": "2026-09-23.1",
        "source_accessed_on": "2026-09-28",
        "geometry_role": "current building-footprint polygon",
        "linkage_semantics": "Overlap/proximity only; not evidence that the building hosts AI compute."
      }
    },
    {
      "type": "Feature",
      "id": "da49a593-78a3-44ef-bef1-42bf59363135",
      "geometry": {
        "type": "Polygon",
        "coordinates": [
          [
            [
              -86.6089107,
              34.8607846
            ],
            [
              -86.6089113,
              34.8607516
            ],
            [
              -86.6087719,
              34.8607499
            ],
            [
              -86.6087701,
              34.8608445
            ],
            [
              -86.6089257,
              34.8608465
            ],
            [
              -86.6089268,
              34.8607848
            ],
            [
              -86.6089107,
              34.8607846
            ]
          ]
        ]
      },
      "properties": {
        "epoch_id": "EPOCH-27e284efc1b1abc2",
        "site_name": "Meta Huntsville",
        "distance_to_site_km": 2.1833,
        "footprint_area_m2_webmercator": 214.37,
        "source_dataset": "Overture Maps buildings",
        "source_url": "https://docs.overturemaps.org/getting-data/",
        "source_release": "2026-09-23.1",
        "source_accessed_on": "2026-09-28",
        "geometry_role": "current building-footprint polygon",
        "linkage_semantics": "Overlap/proximity only; not evidence that the building hosts AI compute."
      }
    },
    {
      "type": "Feature",
      "id": "b141c842-1840-4dee-a888-7616a010624b",
      "geometry": {
        "type": "Polygon",
        "coordinates": [
          [
            [
              -86.6089886,
              34.860784
            ],
            [
              -86.6090465,
              34.8607828
            ],
            [
              -86.6090456,
              34.860752
            ],
            [
              -86.6089877,
              34.8607532
            ],
            [
              -86.6089886,
              34.860784
            ]
          ]
        ]
      },
      "properties": {
        "epoch_id": "EPOCH-27e284efc1b1abc2",
        "site_name": "Meta Huntsville",
        "distance_to_site_km": 2.1693,
        "footprint_area_m2_webmercator": 26.95,
        "source_dataset": "Overture Maps buildings",
        "source_url": "https://docs.overturemaps.org/getting-data/",
        "source_release": "2026-09-23.1",
        "source_accessed_on": "2026-09-28",
        "geometry_role": "current building-footprint polygon",
        "linkage_semantics": "Overlap/proximity only; not evidence that the building hosts AI compute."
      }
    },
    {
      "type": "Feature",
      "id": "e7116cbf-8f0b-4138-8f40-efe0eff626df",
      "geometry": {
        "type": "Polygon",
        "coordinates": [
          [
            [
              -86.6090691,
              34.8607491
            ],
            [
              -86.609072,
              34.8606611
            ],
            [
              -86.6089782,
              34.8606591
            ],
            [
              -86.6089766,
              34.8607074
            ],
            [
              -86.6090045,
              34.8607081
            ],
            [
              -86.6090032,
              34.8607477
            ],
            [
              -86.6090691,
              34.8607491
            ]
          ]
        ]
      },
      "properties": {
        "epoch_id": "EPOCH-27e284efc1b1abc2",
        "site_name": "Meta Huntsville",
        "distance_to_site_km": 2.1636,
        "footprint_area_m2_webmercator": 108.04,
        "source_dataset": "Overture Maps buildings",
        "source_url": "https://docs.overturemaps.org/getting-data/",
        "source_release": "2026-09-23.1",
        "source_accessed_on": "2026-09-28",
        "geometry_role": "current building-footprint polygon",
        "linkage_semantics": "Overlap/proximity only; not evidence that the building hosts AI compute."
      }
    },
    {
      "type": "Feature",
      "id": "ecb94dc4-b722-42f1-9bbf-84b0ade8a16f",
      "geometry": {
        "type": "Polygon",
        "coordinates": [
          [
            [
              -86.6089286,
              34.8623593
            ],
            [
              -86.6088911,
              34.8623604
            ],
            [
              -86.608886,
              34.8622439
            ],
            [
              -86.6088056,
              34.8622463
            ],
            [
              -86.608815,
              34.8624595
            ],
            [
              -86.6089141,
              34.8624565
            ],
            [
              -86.6089121,
              34.8624104
            ],
            [
              -86.6089309,
              34.8624098
            ],
            [
              -86.6089286,
              34.8623593
            ]
          ]
        ]
      },
      "properties": {
        "epoch_id": "EPOCH-27e284efc1b1abc2",
        "site_name": "Meta Huntsville",
        "distance_to_site_km": 2.3008,
        "footprint_area_m2_webmercator": 300.88,
        "source_dataset": "Overture Maps buildings",
        "source_url": "https://docs.overturemaps.org/getting-data/",
        "source_release": "2026-09-23.1",
        "source_accessed_on": "2026-09-28",
        "geometry_role": "current building-footprint polygon",
        "linkage_semantics": "Overlap/proximity only; not evidence that the building hosts AI compute."
      }
    },
    {
      "type": "Feature",
      "id": "f262b6c1-d584-4269-b816-ac4466e6c913",
      "geometry": {
        "type": "Polygon",
        "coordinates": [
          [
            [
              -86.608596,
              34.8641755
            ],
            [
              -86.6086315,
              34.8641985
            ],
            [
              -86.6086654,
              34.8641632
            ],
            [
              -86.6086299,
              34.8641403
            ],
            [
              -86.608596,
              34.8641755
            ]
          ]
        ]
      },
      "properties": {
        "epoch_id": "EPOCH-27e284efc1b1abc2",
        "site_name": "Meta Huntsville",
        "distance_to_site_km": 2.4604,
        "footprint_area_m2_webmercator": 30.65,
        "source_dataset": "Overture Maps buildings",
        "source_url": "https://docs.overturemaps.org/getting-data/",
        "source_release": "2026-09-23.1",
        "source_accessed_on": "2026-09-28",
        "geometry_role": "current building-footprint polygon",
        "linkage_semantics": "Overlap/proximity only; not evidence that the building hosts AI compute."
      }
    },
    {
      "type": "Feature",
      "id": "89fba40e-ffea-42d3-bc1d-df4654a4f75d",
      "geometry": {
        "type": "Polygon",
        "coordinates": [
          [
            [
              -86.6086143,
              34.8646878
            ],
            [
              -86.6088047,
              34.8646848
            ],
            [
              -86.6088029,
              34.8646066
            ],
            [
              -86.6086125,
              34.8646096
            ],
            [
              -86.6086143,
              34.8646878
            ]
          ]
        ]
      },
      "properties": {
        "epoch_id": "EPOCH-27e284efc1b1abc2",
        "site_name": "Meta Huntsville",
        "distance_to_site_km": 2.4952,
        "footprint_area_m2_webmercator": 224.95,
        "source_dataset": "Overture Maps buildings",
        "source_url": "https://docs.overturemaps.org/getting-data/",
        "source_release": "2026-09-23.1",
        "source_accessed_on": "2026-09-28",
        "geometry_role": "current building-footprint polygon",
        "linkage_semantics": "Overlap/proximity only; not evidence that the building hosts AI compute."
      }
    },
    {
      "type": "Feature",
      "id": "e1da9f2b-b589-413b-ab71-e7b670d074cd",
      "geometry": {
        "type": "Polygon",
        "coordinates": [
          [
            [
              -86.608826,
              34.8660663
            ],
            [
              -86.6089889,
              34.8659683
            ],
            [
              -86.6089288,
              34.865901
            ],
            [
              -86.608881,
              34.8659298
            ],
            [
              -86.60887,
              34.8659176
            ],
            [
              -86.608755,
              34.8659869
            ],
            [
              -86.608826,
              34.8660663
            ]
          ]
        ]
      },
      "properties": {
        "epoch_id": "EPOCH-27e284efc1b1abc2",
        "site_name": "Meta Huntsville",
        "distance_to_site_km": 2.5989,
        "footprint_area_m2_webmercator": 287.09,
        "source_dataset": "Overture Maps buildings",
        "source_url": "https://docs.overturemaps.org/getting-data/",
        "source_release": "2026-09-23.1",
        "source_accessed_on": "2026-09-28",
        "geometry_role": "current building-footprint polygon",
        "linkage_semantics": "Overlap/proximity only; not evidence that the building hosts AI compute."
      }
    },
    {
      "type": "Feature",
      "id": "7b32a3b8-f6ad-43b3-a41c-7e10cd5116f4",
      "geometry": {
        "type": "Polygon",
        "coordinates": [
          [
            [
              -86.6088204,
              34.8667481
            ],
            [
              -86.6087884,
              34.8666101
            ],
            [
              -86.6086305,
              34.8666347
            ],
            [
              -86.6086626,
              34.8667728
            ],
            [
              -86.6088204,
              34.8667481
            ]
          ]
        ]
      },
      "properties": {
        "epoch_id": "EPOCH-27e284efc1b1abc2",
        "site_name": "Meta Huntsville",
        "distance_to_site_km": 2.6689,
        "footprint_area_m2_webmercator": 341.05,
        "source_dataset": "Overture Maps buildings",
        "source_url": "https://docs.overturemaps.org/getting-data/",
        "source_release": "2026-09-23.1",
        "source_accessed_on": "2026-09-28",
        "geometry_role": "current building-footprint polygon",
        "linkage_semantics": "Overlap/proximity only; not evidence that the building hosts AI compute."
      }
    },
    {
      "type": "Feature",
      "id": "782a6cbc-db6b-4437-b8cc-65b911df9190",
      "geometry": {
        "type": "Polygon",
        "coordinates": [
          [
            [
              -86.6084281,
              34.8667747
            ],
            [
              -86.608589,
              34.8667728
            ],
            [
              -86.6085865,
              34.866632
            ],
            [
              -86.6084256,
              34.8666339
            ],
            [
              -86.6084281,
              34.8667747
            ]
          ]
        ]
      },
      "properties": {
        "epoch_id": "EPOCH-27e284efc1b1abc2",
        "site_name": "Meta Huntsville",
        "distance_to_site_km": 2.6823,
        "footprint_area_m2_webmercator": 342.23,
        "source_dataset": "Overture Maps buildings",
        "source_url": "https://docs.overturemaps.org/getting-data/",
        "source_release": "2026-09-23.1",
        "source_accessed_on": "2026-09-28",
        "geometry_role": "current building-footprint polygon",
        "linkage_semantics": "Overlap/proximity only; not evidence that the building hosts AI compute."
      }
    },
    {
      "type": "Feature",
      "id": "c49dfc6b-1819-427f-8442-107ba4aa0eea",
      "geometry": {
        "type": "Polygon",
        "coordinates": [
          [
            [
              -86.608652,
              34.8673823
            ],
            [
              -86.6084804,
              34.8673827
            ],
            [
              -86.6084809,
              34.8675147
            ],
            [
              -86.6086498,
              34.8675143
            ],
            [
              -86.6086496,
              34.8674627
            ],
            [
              -86.6086899,
              34.8674626
            ],
            [
              -86.6086897,
              34.8674196
            ],
            [
              -86.6086522,
              34.8674197
            ],
            [
              -86.608652,
              34.8673823
            ]
          ]
        ]
      },
      "properties": {
        "epoch_id": "EPOCH-27e284efc1b1abc2",
        "site_name": "Meta Huntsville",
        "distance_to_site_km": 2.744,
        "footprint_area_m2_webmercator": 364.42,
        "source_dataset": "Overture Maps buildings",
        "source_url": "https://docs.overturemaps.org/getting-data/",
        "source_release": "2026-09-23.1",
        "source_accessed_on": "2026-09-28",
        "geometry_role": "current building-footprint polygon",
        "linkage_semantics": "Overlap/proximity only; not evidence that the building hosts AI compute."
      }
    },
    {
      "type": "Feature",
      "id": "77645c97-01e1-469e-aa82-7f87e09b9e44",
      "geometry": {
        "type": "Polygon",
        "coordinates": [
          [
            [
              -86.6082357,
              34.8668009
            ],
            [
              -86.6083965,
              34.8667961
            ],
            [
              -86.6083949,
              34.8667609
            ],
            [
              -86.6082342,
              34.8667657
            ],
            [
              -86.6082357,
              34.8668009
            ]
          ]
        ]
      },
      "properties": {
        "epoch_id": "EPOCH-27e284efc1b1abc2",
        "site_name": "Meta Huntsville",
        "distance_to_site_km": 2.7,
        "footprint_area_m2_webmercator": 85.57,
        "source_dataset": "Overture Maps buildings",
        "source_url": "https://docs.overturemaps.org/getting-data/",
        "source_release": "2026-09-23.1",
        "source_accessed_on": "2026-09-28",
        "geometry_role": "current building-footprint polygon",
        "linkage_semantics": "Overlap/proximity only; not evidence that the building hosts AI compute."
      }
    },
    {
      "type": "Feature",
      "id": "961919a1-e675-470d-8321-e3a853525efc",
      "geometry": {
        "type": "Polygon",
        "coordinates": [
          [
            [
              -86.6085927,
              34.8641599
            ],
            [
              -86.6085941,
              34.8641103
            ],
            [
              -86.6083313,
              34.8641054
            ],
            [
              -86.6083302,
              34.8641485
            ],
            [
              -86.608491,
              34.8641514
            ],
            [
              -86.6084902,
              34.8641822
            ],
            [
              -86.6085532,
              34.8641834
            ],
            [
              -86.6085539,
              34.8641592
            ],
            [
              -86.6085927,
              34.8641599
            ]
          ]
        ]
      },
      "properties": {
        "epoch_id": "EPOCH-27e284efc1b1abc2",
        "site_name": "Meta Huntsville",
        "distance_to_site_km": 2.4674,
        "footprint_area_m2_webmercator": 204.07,
        "source_dataset": "Overture Maps buildings",
        "source_url": "https://docs.overturemaps.org/getting-data/",
        "source_release": "2026-09-23.1",
        "source_accessed_on": "2026-09-28",
        "geometry_role": "current building-footprint polygon",
        "linkage_semantics": "Overlap/proximity only; not evidence that the building hosts AI compute."
      }
    },
    {
      "type": "Feature",
      "id": "ea08a9a5-e116-4650-ae92-12d7e4788178",
      "geometry": {
        "type": "Polygon",
        "coordinates": [
          [
            [
              -86.6076761,
              34.8654061
            ],
            [
              -86.6077098,
              34.865408
            ],
            [
              -86.6077145,
              34.8653536
            ],
            [
              -86.6076808,
              34.8653516
            ],
            [
              -86.6076761,
              34.8654061
            ]
          ]
        ]
      },
      "properties": {
        "epoch_id": "EPOCH-27e284efc1b1abc2",
        "site_name": "Meta Huntsville",
        "distance_to_site_km": 2.6175,
        "footprint_area_m2_webmercator": 27.85,
        "source_dataset": "Overture Maps buildings",
        "source_url": "https://docs.overturemaps.org/getting-data/",
        "source_release": "2026-09-23.1",
        "source_accessed_on": "2026-09-28",
        "geometry_role": "current building-footprint polygon",
        "linkage_semantics": "Overlap/proximity only; not evidence that the building hosts AI compute."
      }
    },
    {
      "type": "Feature",
      "id": "b4bffd64-cd69-43eb-a9f9-916974310e28",
      "geometry": {
        "type": "Polygon",
        "coordinates": [
          [
            [
              -86.6079901,
              34.866772
            ],
            [
              -86.6079919,
              34.8666346
            ],
            [
              -86.6078337,
              34.8666332
            ],
            [
              -86.6078319,
              34.8667706
            ],
            [
              -86.6079901,
              34.866772
            ]
          ]
        ]
      },
      "properties": {
        "epoch_id": "EPOCH-27e284efc1b1abc2",
        "site_name": "Meta Huntsville",
        "distance_to_site_km": 2.7164,
        "footprint_area_m2_webmercator": 328.33,
        "source_dataset": "Overture Maps buildings",
        "source_url": "https://docs.overturemaps.org/getting-data/",
        "source_release": "2026-09-23.1",
        "source_accessed_on": "2026-09-28",
        "geometry_role": "current building-footprint polygon",
        "linkage_semantics": "Overlap/proximity only; not evidence that the building hosts AI compute."
      }
    },
    {
      "type": "Feature",
      "id": "93c7eb52-d19a-46e9-b496-5215fadef0c8",
      "geometry": {
        "type": "Polygon",
        "coordinates": [
          [
            [
              -86.6080283,
              34.8667723
            ],
            [
              -86.6081882,
              34.8667714
            ],
            [
              -86.6081871,
              34.8666328
            ],
            [
              -86.6080272,
              34.8666336
            ],
            [
              -86.6080283,
              34.8667723
            ]
          ]
        ]
      },
      "properties": {
        "epoch_id": "EPOCH-27e284efc1b1abc2",
        "site_name": "Meta Huntsville",
        "distance_to_site_km": 2.7051,
        "footprint_area_m2_webmercator": 334.86,
        "source_dataset": "Overture Maps buildings",
        "source_url": "https://docs.overturemaps.org/getting-data/",
        "source_release": "2026-09-23.1",
        "source_accessed_on": "2026-09-28",
        "geometry_role": "current building-footprint polygon",
        "linkage_semantics": "Overlap/proximity only; not evidence that the building hosts AI compute."
      }
    },
    {
      "type": "Feature",
      "id": "bbd6e009-74be-4cd6-b674-a0a33a74fbe5",
      "geometry": {
        "type": "Polygon",
        "coordinates": [
          [
            [
              -86.6081479,
              34.8678465
            ],
            [
              -86.6081453,
              34.8677132
            ],
            [
              -86.607971,
              34.8677155
            ],
            [
              -86.6079736,
              34.8678488
            ],
            [
              -86.6081479,
              34.8678465
            ]
          ]
        ]
      },
      "properties": {
        "epoch_id": "EPOCH-27e284efc1b1abc2",
        "site_name": "Meta Huntsville",
        "distance_to_site_km": 2.8019,
        "footprint_area_m2_webmercator": 351.01,
        "source_dataset": "Overture Maps buildings",
        "source_url": "https://docs.overturemaps.org/getting-data/",
        "source_release": "2026-09-23.1",
        "source_accessed_on": "2026-09-28",
        "geometry_role": "current building-footprint polygon",
        "linkage_semantics": "Overlap/proximity only; not evidence that the building hosts AI compute."
      }
    },
    {
      "type": "Feature",
      "id": "72ca066c-0537-4ba1-a6f6-5f635583d759",
      "geometry": {
        "type": "Polygon",
        "coordinates": [
          [
            [
              -86.607438,
              34.8672306
            ],
            [
              -86.6074358,
              34.8671096
            ],
            [
              -86.6072803,
              34.8671115
            ],
            [
              -86.6072825,
              34.8672325
            ],
            [
              -86.607438,
              34.8672306
            ]
          ]
        ]
      },
      "properties": {
        "epoch_id": "EPOCH-27e284efc1b1abc2",
        "site_name": "Meta Huntsville",
        "distance_to_site_km": 2.7887,
        "footprint_area_m2_webmercator": 284.24,
        "source_dataset": "Overture Maps buildings",
        "source_url": "https://docs.overturemaps.org/getting-data/",
        "source_release": "2026-09-23.1",
        "source_accessed_on": "2026-09-28",
        "geometry_role": "current building-footprint polygon",
        "linkage_semantics": "Overlap/proximity only; not evidence that the building hosts AI compute."
      }
    },
    {
      "type": "Feature",
      "id": "25e9924e-de7a-4968-9df6-d4a3c39ad07c",
      "geometry": {
        "type": "Polygon",
        "coordinates": [
          [
            [
              -86.6074211,
              34.867269
            ],
            [
              -86.6072843,
              34.8672704
            ],
            [
              -86.6072861,
              34.867387
            ],
            [
              -86.6074229,
              34.8673856
            ],
            [
              -86.6074211,
              34.867269
            ]
          ]
        ]
      },
      "properties": {
        "epoch_id": "EPOCH-27e284efc1b1abc2",
        "site_name": "Meta Huntsville",
        "distance_to_site_km": 2.8025,
        "footprint_area_m2_webmercator": 240.95,
        "source_dataset": "Overture Maps buildings",
        "source_url": "https://docs.overturemaps.org/getting-data/",
        "source_release": "2026-09-23.1",
        "source_accessed_on": "2026-09-28",
        "geometry_role": "current building-footprint polygon",
        "linkage_semantics": "Overlap/proximity only; not evidence that the building hosts AI compute."
      }
    },
    {
      "type": "Feature",
      "id": "72a7a280-47c1-4c25-9285-fd161b1ec327",
      "geometry": {
        "type": "Polygon",
        "coordinates": [
          [
            [
              -86.6072864,
              34.8675456
            ],
            [
              -86.607501,
              34.867545
            ],
            [
              -86.6075006,
              34.8674372
            ],
            [
              -86.607286,
              34.8674378
            ],
            [
              -86.6072864,
              34.8675456
            ]
          ]
        ]
      },
      "properties": {
        "epoch_id": "EPOCH-27e284efc1b1abc2",
        "site_name": "Meta Huntsville",
        "distance_to_site_km": 2.8143,
        "footprint_area_m2_webmercator": 349.41,
        "source_dataset": "Overture Maps buildings",
        "source_url": "https://docs.overturemaps.org/getting-data/",
        "source_release": "2026-09-23.1",
        "source_accessed_on": "2026-09-28",
        "geometry_role": "current building-footprint polygon",
        "linkage_semantics": "Overlap/proximity only; not evidence that the building hosts AI compute."
      }
    },
    {
      "type": "Feature",
      "id": "dba0592f-5114-41ab-9b35-3792c064148c",
      "geometry": {
        "type": "Polygon",
        "coordinates": [
          [
            [
              -86.6072719,
              34.8676517
            ],
            [
              -86.6072728,
              34.8677177
            ],
            [
              -86.6074749,
              34.8677159
            ],
            [
              -86.6074733,
              34.8675918
            ],
            [
              -86.6073409,
              34.8675929
            ],
            [
              -86.6073416,
              34.8676511
            ],
            [
              -86.6072719,
              34.8676517
            ]
          ]
        ]
      },
      "properties": {
        "epoch_id": "EPOCH-27e284efc1b1abc2",
        "site_name": "Meta Huntsville",
        "distance_to_site_km": 2.8294,
        "footprint_area_m2_webmercator": 317.79,
        "source_dataset": "Overture Maps buildings",
        "source_url": "https://docs.overturemaps.org/getting-data/",
        "source_release": "2026-09-23.1",
        "source_accessed_on": "2026-09-28",
        "geometry_role": "current building-footprint polygon",
        "linkage_semantics": "Overlap/proximity only; not evidence that the building hosts AI compute."
      }
    },
    {
      "type": "Feature",
      "id": "82fb50ca-6baa-46cd-909a-10393b38a19b",
      "geometry": {
        "type": "Polygon",
        "coordinates": [
          [
            [
              -86.6074616,
              34.8678032
            ],
            [
              -86.6074348,
              34.8678029
            ],
            [
              -86.6074356,
              34.8677633
            ],
            [
              -86.6072828,
              34.8677612
            ],
            [
              -86.6072803,
              34.8678822
            ],
            [
              -86.6074358,
              34.8678843
            ],
            [
              -86.6074365,
              34.8678522
            ],
            [
              -86.6074606,
              34.8678526
            ],
            [
              -86.6074616,
              34.8678032
            ]
          ]
        ]
      },
      "properties": {
        "epoch_id": "EPOCH-27e284efc1b1abc2",
        "site_name": "Meta Huntsville",
        "distance_to_site_km": 2.8447,
        "footprint_area_m2_webmercator": 300.6,
        "source_dataset": "Overture Maps buildings",
        "source_url": "https://docs.overturemaps.org/getting-data/",
        "source_release": "2026-09-23.1",
        "source_accessed_on": "2026-09-28",
        "geometry_role": "current building-footprint polygon",
        "linkage_semantics": "Overlap/proximity only; not evidence that the building hosts AI compute."
      }
    },
    {
      "type": "Feature",
      "id": "ebf5d1f5-2b9c-4d6f-a5db-af9f8ec0a816",
      "geometry": {
        "type": "Polygon",
        "coordinates": [
          [
            [
              -86.6072888,
              34.866721
            ],
            [
              -86.6074444,
              34.8667188
            ],
            [
              -86.6074429,
              34.8666506
            ],
            [
              -86.6074778,
              34.8666501
            ],
            [
              -86.6074768,
              34.8666008
            ],
            [
              -86.6072864,
              34.8666035
            ],
            [
              -86.6072888,
              34.866721
            ]
          ]
        ]
      },
      "properties": {
        "epoch_id": "EPOCH-27e284efc1b1abc2",
        "site_name": "Meta Huntsville",
        "distance_to_site_km": 2.7441,
        "footprint_area_m2_webmercator": 302.08,
        "source_dataset": "Overture Maps buildings",
        "source_url": "https://docs.overturemaps.org/getting-data/",
        "source_release": "2026-09-23.1",
        "source_accessed_on": "2026-09-28",
        "geometry_role": "current building-footprint polygon",
        "linkage_semantics": "Overlap/proximity only; not evidence that the building hosts AI compute."
      }
    },
    {
      "type": "Feature",
      "id": "ec13085c-d733-476e-82e6-44ea24d586d5",
      "geometry": {
        "type": "Polygon",
        "coordinates": [
          [
            [
              -86.6072741,
              34.8665081
            ],
            [
              -86.6073411,
              34.8665078
            ],
            [
              -86.6073416,
              34.866565
            ],
            [
              -86.6074757,
              34.8665643
            ],
            [
              -86.6074747,
              34.866441
            ],
            [
              -86.6072736,
              34.8664421
            ],
            [
              -86.6072741,
              34.8665081
            ]
          ]
        ]
      },
      "properties": {
        "epoch_id": "EPOCH-27e284efc1b1abc2",
        "site_name": "Meta Huntsville",
        "distance_to_site_km": 2.7296,
        "footprint_area_m2_webmercator": 316.56,
        "source_dataset": "Overture Maps buildings",
        "source_url": "https://docs.overturemaps.org/getting-data/",
        "source_release": "2026-09-23.1",
        "source_accessed_on": "2026-09-28",
        "geometry_role": "current building-footprint polygon",
        "linkage_semantics": "Overlap/proximity only; not evidence that the building hosts AI compute."
      }
    },
    {
      "type": "Feature",
      "id": "7ef36774-98d6-4949-bd54-d6a3f56e28b2",
      "geometry": {
        "type": "Polygon",
        "coordinates": [
          [
            [
              -86.6073482,
              34.8663353
            ],
            [
              -86.6073502,
              34.8663881
            ],
            [
              -86.6074761,
              34.8663849
            ],
            [
              -86.6074716,
              34.8662631
            ],
            [
              -86.6072637,
              34.8662683
            ],
            [
              -86.6072662,
              34.8663374
            ],
            [
              -86.6073482,
              34.8663353
            ]
          ]
        ]
      },
      "properties": {
        "epoch_id": "EPOCH-27e284efc1b1abc2",
        "site_name": "Meta Huntsville",
        "distance_to_site_km": 2.7149,
        "footprint_area_m2_webmercator": 317.54,
        "source_dataset": "Overture Maps buildings",
        "source_url": "https://docs.overturemaps.org/getting-data/",
        "source_release": "2026-09-23.1",
        "source_accessed_on": "2026-09-28",
        "geometry_role": "current building-footprint polygon",
        "linkage_semantics": "Overlap/proximity only; not evidence that the building hosts AI compute."
      }
    },
    {
      "type": "Feature",
      "id": "e9e1e075-99fb-402f-befd-1cefa3c778fb",
      "geometry": {
        "type": "Polygon",
        "coordinates": [
          [
            [
              -86.6074726,
              34.8647561
            ],
            [
              -86.6074712,
              34.8647033
            ],
            [
              -86.6072701,
              34.864707
            ],
            [
              -86.6072719,
              34.8647742
            ],
            [
              -86.6073377,
              34.8647731
            ],
            [
              -86.6073392,
              34.8648302
            ],
            [
              -86.6074733,
              34.8648278
            ],
            [
              -86.6074725,
              34.8648001
            ],
            [
              -86.6075101,
              34.8647995
            ],
            [
              -86.6075089,
              34.8647555
            ],
            [
              -86.6074726,
              34.8647561
            ]
          ]
        ]
      },
      "properties": {
        "epoch_id": "EPOCH-27e284efc1b1abc2",
        "site_name": "Meta Huntsville",
        "distance_to_site_km": 2.5856,
        "footprint_area_m2_webmercator": 344.89,
        "source_dataset": "Overture Maps buildings",
        "source_url": "https://docs.overturemaps.org/getting-data/",
        "source_release": "2026-09-23.1",
        "source_accessed_on": "2026-09-28",
        "geometry_role": "current building-footprint polygon",
        "linkage_semantics": "Overlap/proximity only; not evidence that the building hosts AI compute."
      }
    },
    {
      "type": "Feature",
      "id": "599c2c45-5b37-4b59-ba94-42cf9f62d7c2",
      "geometry": {
        "type": "Polygon",
        "coordinates": [
          [
            [
              -86.6074728,
              34.8649464
            ],
            [
              -86.607513,
              34.8649473
            ],
            [
              -86.6075145,
              34.8649002
            ],
            [
              -86.6074717,
              34.8648993
            ],
            [
              -86.6074726,
              34.8648694
            ],
            [
              -86.6073413,
              34.8648665
            ],
            [
              -86.6073393,
              34.8649272
            ],
            [
              -86.6072696,
              34.8649257
            ],
            [
              -86.6072675,
              34.8649904
            ],
            [
              -86.6074712,
              34.8649948
            ],
            [
              -86.6074728,
              34.8649464
            ]
          ]
        ]
      },
      "properties": {
        "epoch_id": "EPOCH-27e284efc1b1abc2",
        "site_name": "Meta Huntsville",
        "distance_to_site_km": 2.5996,
        "footprint_area_m2_webmercator": 349.49,
        "source_dataset": "Overture Maps buildings",
        "source_url": "https://docs.overturemaps.org/getting-data/",
        "source_release": "2026-09-23.1",
        "source_accessed_on": "2026-09-28",
        "geometry_role": "current building-footprint polygon",
        "linkage_semantics": "Overlap/proximity only; not evidence that the building hosts AI compute."
      }
    },
    {
      "type": "Feature",
      "id": "78e8b7d8-da03-4ac0-8b07-fecd12f66067",
      "geometry": {
        "type": "Polygon",
        "coordinates": [
          [
            [
              -86.6075341,
              34.8653497
            ],
            [
              -86.6075328,
              34.8654196
            ],
            [
              -86.6076146,
              34.8654206
            ],
            [
              -86.6076159,
              34.8653508
            ],
            [
              -86.6075341,
              34.8653497
            ]
          ]
        ]
      },
      "properties": {
        "epoch_id": "EPOCH-27e284efc1b1abc2",
        "site_name": "Meta Huntsville",
        "distance_to_site_km": 2.6253,
        "footprint_area_m2_webmercator": 86.32,
        "source_dataset": "Overture Maps buildings",
        "source_url": "https://docs.overturemaps.org/getting-data/",
        "source_release": "2026-09-23.1",
        "source_accessed_on": "2026-09-28",
        "geometry_role": "current building-footprint polygon",
        "linkage_semantics": "Overlap/proximity only; not evidence that the building hosts AI compute."
      }
    },
    {
      "type": "Feature",
      "id": "e8a6925d-ea4f-4a79-9435-5164253c4e5b",
      "geometry": {
        "type": "Polygon",
        "coordinates": [
          [
            [
              -86.6075328,
              34.8652061
            ],
            [
              -86.6075315,
              34.8652747
            ],
            [
              -86.6075088,
              34.8652744
            ],
            [
              -86.607508,
              34.8653167
            ],
            [
              -86.6075307,
              34.865317
            ],
            [
              -86.6075303,
              34.8653354
            ],
            [
              -86.60762,
              34.8653365
            ],
            [
              -86.6076224,
              34.8652073
            ],
            [
              -86.6075328,
              34.8652061
            ]
          ]
        ]
      },
      "properties": {
        "epoch_id": "EPOCH-27e284efc1b1abc2",
        "site_name": "Meta Huntsville",
        "distance_to_site_km": 2.6162,
        "footprint_area_m2_webmercator": 189.51,
        "source_dataset": "Overture Maps buildings",
        "source_url": "https://docs.overturemaps.org/getting-data/",
        "source_release": "2026-09-23.1",
        "source_accessed_on": "2026-09-28",
        "geometry_role": "current building-footprint polygon",
        "linkage_semantics": "Overlap/proximity only; not evidence that the building hosts AI compute."
      }
    },
    {
      "type": "Feature",
      "id": "c335c92b-9e39-4567-a656-e7e7b2a5a6cd",
      "geometry": {
        "type": "Polygon",
        "coordinates": [
          [
            [
              -86.6076766,
              34.8618043
            ],
            [
              -86.607461,
              34.8618097
            ],
            [
              -86.6074639,
              34.8618889
            ],
            [
              -86.6076795,
              34.8618834
            ],
            [
              -86.6076766,
              34.8618043
            ]
          ]
        ]
      },
      "properties": {
        "epoch_id": "EPOCH-27e284efc1b1abc2",
        "site_name": "Meta Huntsville",
        "distance_to_site_km": 2.3477,
        "footprint_area_m2_webmercator": 257.96,
        "source_dataset": "Overture Maps buildings",
        "source_url": "https://docs.overturemaps.org/getting-data/",
        "source_release": "2026-09-23.1",
        "source_accessed_on": "2026-09-28",
        "geometry_role": "current building-footprint polygon",
        "linkage_semantics": "Overlap/proximity only; not evidence that the building hosts AI compute."
      }
    },
    {
      "type": "Feature",
      "id": "ebbfc300-8c89-4481-9d94-3077f7d9bc1d",
      "geometry": {
        "type": "Polygon",
        "coordinates": [
          [
            [
              -86.6079815,
              34.8612338
            ],
            [
              -86.6079843,
              34.8611503
            ],
            [
              -86.6077564,
              34.8611453
            ],
            [
              -86.6077537,
              34.8612288
            ],
            [
              -86.6079815,
              34.8612338
            ]
          ]
        ]
      },
      "properties": {
        "epoch_id": "EPOCH-27e284efc1b1abc2",
        "site_name": "Meta Huntsville",
        "distance_to_site_km": 2.2791,
        "footprint_area_m2_webmercator": 287.54,
        "source_dataset": "Overture Maps buildings",
        "source_url": "https://docs.overturemaps.org/getting-data/",
        "source_release": "2026-09-23.1",
        "source_accessed_on": "2026-09-28",
        "geometry_role": "current building-footprint polygon",
        "linkage_semantics": "Overlap/proximity only; not evidence that the building hosts AI compute."
      }
    },
    {
      "type": "Feature",
      "id": "13ee10a4-1057-41a0-9d8f-783835e717cc",
      "geometry": {
        "type": "Polygon",
        "coordinates": [
          [
            [
              -86.6077933,
              34.8605481
            ],
            [
              -86.6077316,
              34.8605468
            ],
            [
              -86.6077288,
              34.860636
            ],
            [
              -86.6077904,
              34.8606373
            ],
            [
              -86.6077933,
              34.8605481
            ]
          ]
        ]
      },
      "properties": {
        "epoch_id": "EPOCH-27e284efc1b1abc2",
        "site_name": "Meta Huntsville",
        "distance_to_site_km": 2.2439,
        "footprint_area_m2_webmercator": 83.11,
        "source_dataset": "Overture Maps buildings",
        "source_url": "https://docs.overturemaps.org/getting-data/",
        "source_release": "2026-09-23.1",
        "source_accessed_on": "2026-09-28",
        "geometry_role": "current building-footprint polygon",
        "linkage_semantics": "Overlap/proximity only; not evidence that the building hosts AI compute."
      }
    },
    {
      "type": "Feature",
      "id": "8174c94f-d4ab-462c-b3f5-9fbd795397a4",
      "geometry": {
        "type": "Polygon",
        "coordinates": [
          [
            [
              -86.607916,
              34.8600328
            ],
            [
              -86.6077068,
              34.8600307
            ],
            [
              -86.6077061,
              34.8600769
            ],
            [
              -86.6079153,
              34.860079
            ],
            [
              -86.607916,
              34.8600328
            ]
          ]
        ]
      },
      "properties": {
        "epoch_id": "EPOCH-27e284efc1b1abc2",
        "site_name": "Meta Huntsville",
        "distance_to_site_km": 2.203,
        "footprint_area_m2_webmercator": 145.98,
        "source_dataset": "Overture Maps buildings",
        "source_url": "https://docs.overturemaps.org/getting-data/",
        "source_release": "2026-09-23.1",
        "source_accessed_on": "2026-09-28",
        "geometry_role": "current building-footprint polygon",
        "linkage_semantics": "Overlap/proximity only; not evidence that the building hosts AI compute."
      }
    },
    {
      "type": "Feature",
      "id": "69ab1b8e-1ac7-4e2b-bc0c-ee4255cc7fa5",
      "geometry": {
        "type": "Polygon",
        "coordinates": [
          [
            [
              -86.6078676,
              34.8606712
            ],
            [
              -86.607869,
              34.8606272
            ],
            [
              -86.6080298,
              34.8606305
            ],
            [
              -86.608032,
              34.8605602
            ],
            [
              -86.6079194,
              34.8605578
            ],
            [
              -86.6079204,
              34.8605248
            ],
            [
              -86.6078588,
              34.8605235
            ],
            [
              -86.6078578,
              34.8605565
            ],
            [
              -86.6077988,
              34.8605553
            ],
            [
              -86.6077953,
              34.8606697
            ],
            [
              -86.6078676,
              34.8606712
            ]
          ]
        ]
      },
      "properties": {
        "epoch_id": "EPOCH-27e284efc1b1abc2",
        "site_name": "Meta Huntsville",
        "distance_to_site_km": 2.2344,
        "footprint_area_m2_webmercator": 326.81,
        "source_dataset": "Overture Maps buildings",
        "source_url": "https://docs.overturemaps.org/getting-data/",
        "source_release": "2026-09-23.1",
        "source_accessed_on": "2026-09-28",
        "geometry_role": "current building-footprint polygon",
        "linkage_semantics": "Overlap/proximity only; not evidence that the building hosts AI compute."
      }
    },
    {
      "type": "Feature",
      "id": "e8456394-334d-425b-892e-d02f3223cc40",
      "geometry": {
        "type": "Polygon",
        "coordinates": [
          [
            [
              -86.6080748,
              34.8594249
            ],
            [
              -86.6080329,
              34.8594239
            ],
            [
              -86.608035,
              34.8593602
            ],
            [
              -86.607959,
              34.8593585
            ],
            [
              -86.6079542,
              34.8595046
            ],
            [
              -86.6080721,
              34.8595072
            ],
            [
              -86.6080748,
              34.8594249
            ]
          ]
        ]
      },
      "properties": {
        "epoch_id": "EPOCH-27e284efc1b1abc2",
        "site_name": "Meta Huntsville",
        "distance_to_site_km": 2.1471,
        "footprint_area_m2_webmercator": 219.93,
        "source_dataset": "Overture Maps buildings",
        "source_url": "https://docs.overturemaps.org/getting-data/",
        "source_release": "2026-09-23.1",
        "source_accessed_on": "2026-09-28",
        "geometry_role": "current building-footprint polygon",
        "linkage_semantics": "Overlap/proximity only; not evidence that the building hosts AI compute."
      }
    },
    {
      "type": "Feature",
      "id": "5a5ec875-2e28-4590-b4cc-93c2e470b7cc",
      "geometry": {
        "type": "Polygon",
        "coordinates": [
          [
            [
              -86.6079707,
              34.8593556
            ],
            [
              -86.6079732,
              34.8592764
            ],
            [
              -86.6078874,
              34.8592746
            ],
            [
              -86.6078884,
              34.8592438
            ],
            [
              -86.6078268,
              34.8592425
            ],
            [
              -86.6078258,
              34.8592733
            ],
            [
              -86.6077641,
              34.859272
            ],
            [
              -86.6077616,
              34.8593512
            ],
            [
              -86.6079707,
              34.8593556
            ]
          ]
        ]
      },
      "properties": {
        "epoch_id": "EPOCH-27e284efc1b1abc2",
        "site_name": "Meta Huntsville",
        "distance_to_site_km": 2.1487,
        "footprint_area_m2_webmercator": 278.93,
        "source_dataset": "Overture Maps buildings",
        "source_url": "https://docs.overturemaps.org/getting-data/",
        "source_release": "2026-09-23.1",
        "source_accessed_on": "2026-09-28",
        "geometry_role": "current building-footprint polygon",
        "linkage_semantics": "Overlap/proximity only; not evidence that the building hosts AI compute."
      }
    },
    {
      "type": "Feature",
      "id": "50fd57d0-e858-4da0-9575-4601e12651b2",
      "geometry": {
        "type": "Polygon",
        "coordinates": [
          [
            [
              -86.6075266,
              34.8605592
            ],
            [
              -86.6074194,
              34.8605566
            ],
            [
              -86.6074163,
              34.8606401
            ],
            [
              -86.6076441,
              34.8606457
            ],
            [
              -86.6076471,
              34.8605635
            ],
            [
              -86.6075924,
              34.8605621
            ],
            [
              -86.6075936,
              34.8605291
            ],
            [
              -86.6075277,
              34.8605275
            ],
            [
              -86.6075266,
              34.8605592
            ]
          ]
        ]
      },
      "properties": {
        "epoch_id": "EPOCH-27e284efc1b1abc2",
        "site_name": "Meta Huntsville",
        "distance_to_site_km": 2.2602,
        "footprint_area_m2_webmercator": 318.08,
        "source_dataset": "Overture Maps buildings",
        "source_url": "https://docs.overturemaps.org/getting-data/",
        "source_release": "2026-09-23.1",
        "source_accessed_on": "2026-09-28",
        "geometry_role": "current building-footprint polygon",
        "linkage_semantics": "Overlap/proximity only; not evidence that the building hosts AI compute."
      }
    },
    {
      "type": "Feature",
      "id": "c8209425-1ffc-4eb2-a499-fba64d716d8a",
      "geometry": {
        "type": "Polygon",
        "coordinates": [
          [
            [
              -86.607547,
              34.860167
            ],
            [
              -86.6075476,
              34.8600899
            ],
            [
              -86.6074779,
              34.8600896
            ],
            [
              -86.6074773,
              34.8601666
            ],
            [
              -86.607547,
              34.860167
            ]
          ]
        ]
      },
      "properties": {
        "epoch_id": "EPOCH-27e284efc1b1abc2",
        "site_name": "Meta Huntsville",
        "distance_to_site_km": 2.2295,
        "footprint_area_m2_webmercator": 81.11,
        "source_dataset": "Overture Maps buildings",
        "source_url": "https://docs.overturemaps.org/getting-data/",
        "source_release": "2026-09-23.1",
        "source_accessed_on": "2026-09-28",
        "geometry_role": "current building-footprint polygon",
        "linkage_semantics": "Overlap/proximity only; not evidence that the building hosts AI compute."
      }
    },
    {
      "type": "Feature",
      "id": "7863e1cd-7406-4125-a215-66c8882ca73e",
      "geometry": {
        "type": "Polygon",
        "coordinates": [
          [
            [
              -86.607532,
              34.8595015
            ],
            [
              -86.6075298,
              34.8594576
            ],
            [
              -86.6074629,
              34.8594599
            ],
            [
              -86.6074651,
              34.8595038
            ],
            [
              -86.607532,
              34.8595015
            ]
          ]
        ]
      },
      "properties": {
        "epoch_id": "EPOCH-27e284efc1b1abc2",
        "site_name": "Meta Huntsville",
        "distance_to_site_km": 2.1872,
        "footprint_area_m2_webmercator": 44.43,
        "source_dataset": "Overture Maps buildings",
        "source_url": "https://docs.overturemaps.org/getting-data/",
        "source_release": "2026-09-23.1",
        "source_accessed_on": "2026-09-28",
        "geometry_role": "current building-footprint polygon",
        "linkage_semantics": "Overlap/proximity only; not evidence that the building hosts AI compute."
      }
    },
    {
      "type": "Feature",
      "id": "d328b237-f1f5-48ea-be4f-bd4629ddf738",
      "geometry": {
        "type": "Polygon",
        "coordinates": [
          [
            [
              -86.6073355,
              34.8596278
            ],
            [
              -86.6072524,
              34.8596278
            ],
            [
              -86.6072524,
              34.8597863
            ],
            [
              -86.6073355,
              34.8597863
            ],
            [
              -86.6073355,
              34.8596278
            ]
          ]
        ]
      },
      "properties": {
        "epoch_id": "EPOCH-27e284efc1b1abc2",
        "site_name": "Meta Huntsville",
        "distance_to_site_km": 2.2171,
        "footprint_area_m2_webmercator": 198.91,
        "source_dataset": "Overture Maps buildings",
        "source_url": "https://docs.overturemaps.org/getting-data/",
        "source_release": "2026-09-23.1",
        "source_accessed_on": "2026-09-28",
        "geometry_role": "current building-footprint polygon",
        "linkage_semantics": "Overlap/proximity only; not evidence that the building hosts AI compute."
      }
    },
    {
      "type": "Feature",
      "id": "e3f5e6dd-49cf-463b-9008-17a5d72c7053",
      "geometry": {
        "type": "Polygon",
        "coordinates": [
          [
            [
              -86.6074441,
              34.8600943
            ],
            [
              -86.6074438,
              34.8600723
            ],
            [
              -86.6074867,
              34.8600718
            ],
            [
              -86.6074856,
              34.8600036
            ],
            [
              -86.6073113,
              34.8600054
            ],
            [
              -86.6073123,
              34.8600737
            ],
            [
              -86.607366,
              34.8600731
            ],
            [
              -86.6073663,
              34.8600951
            ],
            [
              -86.6074441,
              34.8600943
            ]
          ]
        ]
      },
      "properties": {
        "epoch_id": "EPOCH-27e284efc1b1abc2",
        "site_name": "Meta Huntsville",
        "distance_to_site_km": 2.2319,
        "footprint_area_m2_webmercator": 205.6,
        "source_dataset": "Overture Maps buildings",
        "source_url": "https://docs.overturemaps.org/getting-data/",
        "source_release": "2026-09-23.1",
        "source_accessed_on": "2026-09-28",
        "geometry_role": "current building-footprint polygon",
        "linkage_semantics": "Overlap/proximity only; not evidence that the building hosts AI compute."
      }
    },
    {
      "type": "Feature",
      "id": "7854f016-0992-41ba-97ed-8492a4ca02e0",
      "geometry": {
        "type": "Polygon",
        "coordinates": [
          [
            [
              -86.6072562,
              34.8606295
            ],
            [
              -86.6074102,
              34.8606311
            ],
            [
              -86.6074111,
              34.860573
            ],
            [
              -86.6073483,
              34.8605724
            ],
            [
              -86.6073486,
              34.8605535
            ],
            [
              -86.6072574,
              34.8605525
            ],
            [
              -86.6072562,
              34.8606295
            ]
          ]
        ]
      },
      "properties": {
        "epoch_id": "EPOCH-27e284efc1b1abc2",
        "site_name": "Meta Huntsville",
        "distance_to_site_km": 2.2748,
        "footprint_area_m2_webmercator": 161.12,
        "source_dataset": "Overture Maps buildings",
        "source_url": "https://docs.overturemaps.org/getting-data/",
        "source_release": "2026-09-23.1",
        "source_accessed_on": "2026-09-28",
        "geometry_role": "current building-footprint polygon",
        "linkage_semantics": "Overlap/proximity only; not evidence that the building hosts AI compute."
      }
    },
    {
      "type": "Feature",
      "id": "9e76405a-dfd0-4d1d-ac94-8b5f04ae1892",
      "geometry": {
        "type": "Polygon",
        "coordinates": [
          [
            [
              -86.6073549,
              34.8592165
            ],
            [
              -86.6073538,
              34.8592416
            ],
            [
              -86.6072601,
              34.8592388
            ],
            [
              -86.607257,
              34.8593083
            ],
            [
              -86.6073883,
              34.8593122
            ],
            [
              -86.6073869,
              34.8593429
            ],
            [
              -86.60747,
              34.8593454
            ],
            [
              -86.6074742,
              34.8592496
            ],
            [
              -86.6074143,
              34.8592478
            ],
            [
              -86.6074156,
              34.8592183
            ],
            [
              -86.6073549,
              34.8592165
            ]
          ]
        ]
      },
      "properties": {
        "epoch_id": "EPOCH-27e284efc1b1abc2",
        "site_name": "Meta Huntsville",
        "distance_to_site_km": 2.1831,
        "footprint_area_m2_webmercator": 282.84,
        "source_dataset": "Overture Maps buildings",
        "source_url": "https://docs.overturemaps.org/getting-data/",
        "source_release": "2026-09-23.1",
        "source_accessed_on": "2026-09-28",
        "geometry_role": "current building-footprint polygon",
        "linkage_semantics": "Overlap/proximity only; not evidence that the building hosts AI compute."
      }
    },
    {
      "type": "Feature",
      "id": "123f1bdb-d4fe-48a1-8524-ab9efc8d0fab",
      "geometry": {
        "type": "Polygon",
        "coordinates": [
          [
            [
              -86.6067974,
              34.8518506
            ],
            [
              -86.6068034,
              34.8516989
            ],
            [
              -86.6067,
              34.8516962
            ],
            [
              -86.606694,
              34.8518479
            ],
            [
              -86.6067974,
              34.8518506
            ]
          ]
        ]
      },
      "properties": {
        "epoch_id": "EPOCH-27e284efc1b1abc2",
        "site_name": "Meta Huntsville",
        "distance_to_site_km": 1.8819,
        "footprint_area_m2_webmercator": 237.11,
        "source_dataset": "Overture Maps buildings",
        "source_url": "https://docs.overturemaps.org/getting-data/",
        "source_release": "2026-09-23.1",
        "source_accessed_on": "2026-09-28",
        "geometry_role": "current building-footprint polygon",
        "linkage_semantics": "Overlap/proximity only; not evidence that the building hosts AI compute."
      }
    },
    {
      "type": "Feature",
      "id": "a76e99c3-bccc-4b47-ae3d-a802c882fa10",
      "geometry": {
        "type": "Polygon",
        "coordinates": [
          [
            [
              -86.6070953,
              34.8597528
            ],
            [
              -86.6070974,
              34.8598056
            ],
            [
              -86.6071564,
              34.859804
            ],
            [
              -86.6071542,
              34.8597512
            ],
            [
              -86.6070953,
              34.8597528
            ]
          ]
        ]
      },
      "properties": {
        "epoch_id": "EPOCH-27e284efc1b1abc2",
        "site_name": "Meta Huntsville",
        "distance_to_site_km": 2.2341,
        "footprint_area_m2_webmercator": 47.06,
        "source_dataset": "Overture Maps buildings",
        "source_url": "https://docs.overturemaps.org/getting-data/",
        "source_release": "2026-09-23.1",
        "source_accessed_on": "2026-09-28",
        "geometry_role": "current building-footprint polygon",
        "linkage_semantics": "Overlap/proximity only; not evidence that the building hosts AI compute."
      }
    }
  ]
}
