{
  "type": "FeatureCollection",
  "source": {
    "dataset": "Overture Maps buildings",
    "url": "https://docs.overturemaps.org/getting-data/",
    "accessed_on": "2026-09-27",
    "release": "2026-09-23.1",
    "site_epoch_id": "EPOCH-177c53f92d72ec4a",
    "site_name": "Meta Bowling Green",
    "site_latitude": 41.4654149,
    "site_longitude": -83.638938,
    "search_bbox": [
      -83.65893799999999,
      41.445414899999996,
      -83.618938,
      41.4854149
    ],
    "filter_radius_km": 3.0,
    "semantics": "Current building polygons are ingested for physical geometry. They are not, by themselves, AI-facility identity evidence or a construction time series."
  },
  "features": [
    {
      "type": "Feature",
      "id": "c10248c0-85bc-4bb6-b0ea-6092c7882f19",
      "geometry": {
        "type": "Polygon",
        "coordinates": [
          [
            [
              -83.6585005,
              41.4792679
            ],
            [
              -83.6584081,
              41.47927
            ],
            [
              -83.6584113,
              41.4793523
            ],
            [
              -83.6585037,
              41.4793503
            ],
            [
              -83.6585005,
              41.4792679
            ]
          ]
        ]
      },
      "properties": {
        "epoch_id": "EPOCH-177c53f92d72ec4a",
        "site_name": "Meta Bowling Green",
        "distance_to_site_km": 2.2431,
        "footprint_area_m2_webmercator": 125.97,
        "source_dataset": "Overture Maps buildings",
        "source_url": "https://docs.overturemaps.org/getting-data/",
        "source_release": "2026-09-23.1",
        "source_accessed_on": "2026-09-27",
        "geometry_role": "current building-footprint polygon",
        "linkage_semantics": "Overlap/proximity only; not evidence that the building hosts AI compute."
      }
    },
    {
      "type": "Feature",
      "id": "cce54064-02e6-4a74-8b72-3fcac1487e5c",
      "geometry": {
        "type": "Polygon",
        "coordinates": [
          [
            [
              -83.6586984,
              41.4793396
            ],
            [
              -83.6586975,
              41.4794449
            ],
            [
              -83.6587846,
              41.4794453
            ],
            [
              -83.6587855,
              41.47934
            ],
            [
              -83.6586984,
              41.4793396
            ]
          ]
        ]
      },
      "properties": {
        "epoch_id": "EPOCH-177c53f92d72ec4a",
        "site_name": "Meta Bowling Green",
        "distance_to_site_km": 2.2667,
        "footprint_area_m2_webmercator": 151.71,
        "source_dataset": "Overture Maps buildings",
        "source_url": "https://docs.overturemaps.org/getting-data/",
        "source_release": "2026-09-23.1",
        "source_accessed_on": "2026-09-27",
        "geometry_role": "current building-footprint polygon",
        "linkage_semantics": "Overlap/proximity only; not evidence that the building hosts AI compute."
      }
    },
    {
      "type": "Feature",
      "id": "9f67d798-76f0-47df-ad41-85ae2dd41ef4",
      "geometry": {
        "type": "Polygon",
        "coordinates": [
          [
            [
              -83.6583545,
              41.4840695
            ],
            [
              -83.6583533,
              41.4841197
            ],
            [
              -83.6586563,
              41.4841239
            ],
            [
              -83.6586597,
              41.4839833
            ],
            [
              -83.6583916,
              41.4839796
            ],
            [
              -83.6583894,
              41.48407
            ],
            [
              -83.6583545,
              41.4840695
            ]
          ]
        ]
      },
      "properties": {
        "epoch_id": "EPOCH-177c53f92d72ec4a",
        "site_name": "Meta Bowling Green",
        "distance_to_site_km": 2.6375,
        "footprint_area_m2_webmercator": 652.71,
        "source_dataset": "Overture Maps buildings",
        "source_url": "https://docs.overturemaps.org/getting-data/",
        "source_release": "2026-09-23.1",
        "source_accessed_on": "2026-09-27",
        "geometry_role": "current building-footprint polygon",
        "linkage_semantics": "Overlap/proximity only; not evidence that the building hosts AI compute."
      }
    },
    {
      "type": "Feature",
      "id": "4d1c0110-62db-4776-9ff3-2f7ca1197351",
      "geometry": {
        "type": "Polygon",
        "coordinates": [
          [
            [
              -83.6574861,
              41.4848592
            ],
            [
              -83.6576389,
              41.4848614
            ],
            [
              -83.6576379,
              41.4849007
            ],
            [
              -83.6577382,
              41.4849021
            ],
            [
              -83.6577437,
              41.4846852
            ],
            [
              -83.6575845,
              41.4846829
            ],
            [
              -83.6575834,
              41.484724
            ],
            [
              -83.6574896,
              41.4847226
            ],
            [
              -83.6574861,
              41.4848592
            ]
          ]
        ]
      },
      "properties": {
        "epoch_id": "EPOCH-177c53f92d72ec4a",
        "site_name": "Meta Bowling Green",
        "distance_to_site_km": 2.658,
        "footprint_area_m2_webmercator": 745.38,
        "source_dataset": "Overture Maps buildings",
        "source_url": "https://docs.overturemaps.org/getting-data/",
        "source_release": "2026-09-23.1",
        "source_accessed_on": "2026-09-27",
        "geometry_role": "current building-footprint polygon",
        "linkage_semantics": "Overlap/proximity only; not evidence that the building hosts AI compute."
      }
    },
    {
      "type": "Feature",
      "id": "082dec29-8d87-4812-9b22-38e8a5a1f6da",
      "geometry": {
        "type": "Polygon",
        "coordinates": [
          [
            [
              -83.6579622,
              41.484584
            ],
            [
              -83.6578443,
              41.4845822
            ],
            [
              -83.6578411,
              41.4846987
            ],
            [
              -83.6579591,
              41.4847005
            ],
            [
              -83.6579622,
              41.484584
            ]
          ]
        ]
      },
      "properties": {
        "epoch_id": "EPOCH-177c53f92d72ec4a",
        "site_name": "Meta Bowling Green",
        "distance_to_site_km": 2.6583,
        "footprint_area_m2_webmercator": 227.4,
        "source_dataset": "Overture Maps buildings",
        "source_url": "https://docs.overturemaps.org/getting-data/",
        "source_release": "2026-09-23.1",
        "source_accessed_on": "2026-09-27",
        "geometry_role": "current building-footprint polygon",
        "linkage_semantics": "Overlap/proximity only; not evidence that the building hosts AI compute."
      }
    },
    {
      "type": "Feature",
      "id": "df20c555-56d8-4fca-ad6a-a75cc8f9a548",
      "geometry": {
        "type": "Polygon",
        "coordinates": [
          [
            [
              -83.6564887,
              41.4736385
            ],
            [
              -83.6562195,
              41.4736345
            ],
            [
              -83.6562174,
              41.4737118
            ],
            [
              -83.6564867,
              41.4737158
            ],
            [
              -83.6564887,
              41.4736385
            ]
          ]
        ]
      },
      "properties": {
        "epoch_id": "EPOCH-177c53f92d72ec4a",
        "site_name": "Meta Bowling Green",
        "distance_to_site_km": 1.7173,
        "footprint_area_m2_webmercator": 344.36,
        "source_dataset": "Overture Maps buildings",
        "source_url": "https://docs.overturemaps.org/getting-data/",
        "source_release": "2026-09-23.1",
        "source_accessed_on": "2026-09-27",
        "geometry_role": "current building-footprint polygon",
        "linkage_semantics": "Overlap/proximity only; not evidence that the building hosts AI compute."
      }
    },
    {
      "type": "Feature",
      "id": "eb16065e-f971-471c-949e-355c46e01aa9",
      "geometry": {
        "type": "Polygon",
        "coordinates": [
          [
            [
              -83.6560835,
              41.4736557
            ],
            [
              -83.6561933,
              41.4736583
            ],
            [
              -83.6561984,
              41.4735378
            ],
            [
              -83.6560885,
              41.4735352
            ],
            [
              -83.6560835,
              41.4736557
            ]
          ]
        ]
      },
      "properties": {
        "epoch_id": "EPOCH-177c53f92d72ec4a",
        "site_name": "Meta Bowling Green",
        "distance_to_site_km": 1.6977,
        "footprint_area_m2_webmercator": 219.14,
        "source_dataset": "Overture Maps buildings",
        "source_url": "https://docs.overturemaps.org/getting-data/",
        "source_release": "2026-09-23.1",
        "source_accessed_on": "2026-09-27",
        "geometry_role": "current building-footprint polygon",
        "linkage_semantics": "Overlap/proximity only; not evidence that the building hosts AI compute."
      }
    },
    {
      "type": "Feature",
      "id": "2a8fab6e-0f04-4234-8cda-d3d60582ccbc",
      "geometry": {
        "type": "Polygon",
        "coordinates": [
          [
            [
              -83.6566791,
              41.4738427
            ],
            [
              -83.6568266,
              41.473844
            ],
            [
              -83.6568293,
              41.4736692
            ],
            [
              -83.6566818,
              41.4736679
            ],
            [
              -83.6566791,
              41.4738427
            ]
          ]
        ]
      },
      "properties": {
        "epoch_id": "EPOCH-177c53f92d72ec4a",
        "site_name": "Meta Bowling Green",
        "distance_to_site_km": 1.7504,
        "footprint_area_m2_webmercator": 426.48,
        "source_dataset": "Overture Maps buildings",
        "source_url": "https://docs.overturemaps.org/getting-data/",
        "source_release": "2026-09-23.1",
        "source_accessed_on": "2026-09-27",
        "geometry_role": "current building-footprint polygon",
        "linkage_semantics": "Overlap/proximity only; not evidence that the building hosts AI compute."
      }
    },
    {
      "type": "Feature",
      "id": "35c2beb8-c20e-4414-8705-87d3d68da52c",
      "geometry": {
        "type": "Polygon",
        "coordinates": [
          [
            [
              -83.6570015,
              41.4737357
            ],
            [
              -83.6572024,
              41.4737406
            ],
            [
              -83.6572068,
              41.4736382
            ],
            [
              -83.6570059,
              41.4736333
            ],
            [
              -83.6570015,
              41.4737357
            ]
          ]
        ]
      },
      "properties": {
        "epoch_id": "EPOCH-177c53f92d72ec4a",
        "site_name": "Meta Bowling Green",
        "distance_to_site_km": 1.7712,
        "footprint_area_m2_webmercator": 340.6,
        "source_dataset": "Overture Maps buildings",
        "source_url": "https://docs.overturemaps.org/getting-data/",
        "source_release": "2026-09-23.1",
        "source_accessed_on": "2026-09-27",
        "geometry_role": "current building-footprint polygon",
        "linkage_semantics": "Overlap/proximity only; not evidence that the building hosts AI compute."
      }
    },
    {
      "type": "Feature",
      "id": "bcfaef98-0186-41f1-9910-ba597d65beef",
      "geometry": {
        "type": "Polygon",
        "coordinates": [
          [
            [
              -83.6567299,
              41.4726647
            ],
            [
              -83.656522,
              41.4726605
            ],
            [
              -83.6565186,
              41.4727569
            ],
            [
              -83.6567264,
              41.4727611
            ],
            [
              -83.6567299,
              41.4726647
            ]
          ]
        ]
      },
      "properties": {
        "epoch_id": "EPOCH-177c53f92d72ec4a",
        "site_name": "Meta Bowling Green",
        "distance_to_site_km": 1.6822,
        "footprint_area_m2_webmercator": 331.62,
        "source_dataset": "Overture Maps buildings",
        "source_url": "https://docs.overturemaps.org/getting-data/",
        "source_release": "2026-09-23.1",
        "source_accessed_on": "2026-09-27",
        "geometry_role": "current building-footprint polygon",
        "linkage_semantics": "Overlap/proximity only; not evidence that the building hosts AI compute."
      }
    },
    {
      "type": "Feature",
      "id": "3cd46e8f-06b1-4c9d-af7d-699f7deba383",
      "geometry": {
        "type": "Polygon",
        "coordinates": [
          [
            [
              -83.6569837,
              41.4725025
            ],
            [
              -83.6568618,
              41.4725006
            ],
            [
              -83.6568587,
              41.4726131
            ],
            [
              -83.6569806,
              41.472615
            ],
            [
              -83.6569837,
              41.4725025
            ]
          ]
        ]
      },
      "properties": {
        "epoch_id": "EPOCH-177c53f92d72ec4a",
        "site_name": "Meta Bowling Green",
        "distance_to_site_km": 1.6959,
        "footprint_area_m2_webmercator": 226.91,
        "source_dataset": "Overture Maps buildings",
        "source_url": "https://docs.overturemaps.org/getting-data/",
        "source_release": "2026-09-23.1",
        "source_accessed_on": "2026-09-27",
        "geometry_role": "current building-footprint polygon",
        "linkage_semantics": "Overlap/proximity only; not evidence that the building hosts AI compute."
      }
    },
    {
      "type": "Feature",
      "id": "47831a19-52e4-4b05-9b8e-054c6ec0f126",
      "geometry": {
        "type": "Polygon",
        "coordinates": [
          [
            [
              -83.6580321,
              41.4725935
            ],
            [
              -83.6580321,
              41.4726236
            ],
            [
              -83.6579114,
              41.4726236
            ],
            [
              -83.6579114,
              41.4726899
            ],
            [
              -83.6580241,
              41.4726899
            ],
            [
              -83.6580241,
              41.4727583
            ],
            [
              -83.6580926,
              41.4727583
            ],
            [
              -83.6580926,
              41.4727402
            ],
            [
              -83.6581635,
              41.4727402
            ],
            [
              -83.6581635,
              41.4725935
            ],
            [
              -83.6580321,
              41.4725935
            ]
          ]
        ]
      },
      "properties": {
        "epoch_id": "EPOCH-177c53f92d72ec4a",
        "site_name": "Meta Bowling Green",
        "distance_to_site_km": 1.7858,
        "footprint_area_m2_webmercator": 478.32,
        "source_dataset": "Overture Maps buildings",
        "source_url": "https://docs.overturemaps.org/getting-data/",
        "source_release": "2026-09-23.1",
        "source_accessed_on": "2026-09-27",
        "geometry_role": "current building-footprint polygon",
        "linkage_semantics": "Overlap/proximity only; not evidence that the building hosts AI compute."
      }
    },
    {
      "type": "Feature",
      "id": "a1aab9a6-77ee-4a90-97a4-d59d5b90f903",
      "geometry": {
        "type": "Polygon",
        "coordinates": [
          [
            [
              -83.6579367,
              41.4737595
            ],
            [
              -83.6579398,
              41.4736642
            ],
            [
              -83.6577468,
              41.4736607
            ],
            [
              -83.6577462,
              41.4736808
            ],
            [
              -83.6576577,
              41.4736791
            ],
            [
              -83.6576553,
              41.4737534
            ],
            [
              -83.6578054,
              41.4737562
            ],
            [
              -83.6578041,
              41.4737952
            ],
            [
              -83.6578673,
              41.4737964
            ],
            [
              -83.6578685,
              41.4737582
            ],
            [
              -83.6579367,
              41.4737595
            ]
          ]
        ]
      },
      "properties": {
        "epoch_id": "EPOCH-177c53f92d72ec4a",
        "site_name": "Meta Bowling Green",
        "distance_to_site_km": 1.8232,
        "footprint_area_m2_webmercator": 451.93,
        "source_dataset": "Overture Maps buildings",
        "source_url": "https://docs.overturemaps.org/getting-data/",
        "source_release": "2026-09-23.1",
        "source_accessed_on": "2026-09-27",
        "geometry_role": "current building-footprint polygon",
        "linkage_semantics": "Overlap/proximity only; not evidence that the building hosts AI compute."
      }
    },
    {
      "type": "Feature",
      "id": "5c00d4f6-5128-4bd5-bf88-1a7e60a3db81",
      "geometry": {
        "type": "Polygon",
        "coordinates": [
          [
            [
              -83.6576711,
              41.4729867
            ],
            [
              -83.6576718,
              41.4729437
            ],
            [
              -83.6574439,
              41.4729415
            ],
            [
              -83.6574419,
              41.473058
            ],
            [
              -83.6576752,
              41.4730602
            ],
            [
              -83.6576731,
              41.4731888
            ],
            [
              -83.6577791,
              41.4731899
            ],
            [
              -83.6577814,
              41.4730572
            ],
            [
              -83.6577102,
              41.4730566
            ],
            [
              -83.6577113,
              41.4729871
            ],
            [
              -83.6576711,
              41.4729867
            ]
          ]
        ]
      },
      "properties": {
        "epoch_id": "EPOCH-177c53f92d72ec4a",
        "site_name": "Meta Bowling Green",
        "distance_to_site_km": 1.7727,
        "footprint_area_m2_webmercator": 718.43,
        "source_dataset": "Overture Maps buildings",
        "source_url": "https://docs.overturemaps.org/getting-data/",
        "source_release": "2026-09-23.1",
        "source_accessed_on": "2026-09-27",
        "geometry_role": "current building-footprint polygon",
        "linkage_semantics": "Overlap/proximity only; not evidence that the building hosts AI compute."
      }
    },
    {
      "type": "Feature",
      "id": "e81c2ac8-ba2c-41c1-a5c9-26be1bf979d8",
      "geometry": {
        "type": "Polygon",
        "coordinates": [
          [
            [
              -83.6575848,
              41.4738091
            ],
            [
              -83.6574894,
              41.4738077
            ],
            [
              -83.6574866,
              41.473909
            ],
            [
              -83.657582,
              41.4739105
            ],
            [
              -83.6575848,
              41.4738091
            ]
          ]
        ]
      },
      "properties": {
        "epoch_id": "EPOCH-177c53f92d72ec4a",
        "site_name": "Meta Bowling Green",
        "distance_to_site_km": 1.8118,
        "footprint_area_m2_webmercator": 159.98,
        "source_dataset": "Overture Maps buildings",
        "source_url": "https://docs.overturemaps.org/getting-data/",
        "source_release": "2026-09-23.1",
        "source_accessed_on": "2026-09-27",
        "geometry_role": "current building-footprint polygon",
        "linkage_semantics": "Overlap/proximity only; not evidence that the building hosts AI compute."
      }
    },
    {
      "type": "Feature",
      "id": "3aff0a15-1cc6-4060-8982-fd0324b3c8ea",
      "geometry": {
        "type": "Polygon",
        "coordinates": [
          [
            [
              -83.6586875,
              41.4738735
            ],
            [
              -83.6585078,
              41.473871
            ],
            [
              -83.6585058,
              41.4739554
            ],
            [
              -83.6586854,
              41.4739578
            ],
            [
              -83.6586875,
              41.4738735
            ]
          ]
        ]
      },
      "properties": {
        "epoch_id": "EPOCH-177c53f92d72ec4a",
        "site_name": "Meta Bowling Green",
        "distance_to_site_km": 1.891,
        "footprint_area_m2_webmercator": 250.71,
        "source_dataset": "Overture Maps buildings",
        "source_url": "https://docs.overturemaps.org/getting-data/",
        "source_release": "2026-09-23.1",
        "source_accessed_on": "2026-09-27",
        "geometry_role": "current building-footprint polygon",
        "linkage_semantics": "Overlap/proximity only; not evidence that the building hosts AI compute."
      }
    },
    {
      "type": "Feature",
      "id": "93379475-d496-4bb7-bf43-231e9b0e66ac",
      "geometry": {
        "type": "Polygon",
        "coordinates": [
          [
            [
              -83.6582254,
              41.4738394
            ],
            [
              -83.6584545,
              41.4738413
            ],
            [
              -83.6584567,
              41.4736926
            ],
            [
              -83.6583644,
              41.4736919
            ],
            [
              -83.6583639,
              41.4737232
            ],
            [
              -83.6582272,
              41.473722
            ],
            [
              -83.6582254,
              41.4738394
            ]
          ]
        ]
      },
      "properties": {
        "epoch_id": "EPOCH-177c53f92d72ec4a",
        "site_name": "Meta Bowling Green",
        "distance_to_site_km": 1.8653,
        "footprint_area_m2_webmercator": 492.51,
        "source_dataset": "Overture Maps buildings",
        "source_url": "https://docs.overturemaps.org/getting-data/",
        "source_release": "2026-09-23.1",
        "source_accessed_on": "2026-09-27",
        "geometry_role": "current building-footprint polygon",
        "linkage_semantics": "Overlap/proximity only; not evidence that the building hosts AI compute."
      }
    },
    {
      "type": "Feature",
      "id": "6381b222-dcfc-478c-a3b4-496b7276da20",
      "geometry": {
        "type": "Polygon",
        "coordinates": [
          [
            [
              -83.6587676,
              41.4728386
            ],
            [
              -83.6586737,
              41.4728372
            ],
            [
              -83.6586713,
              41.4729276
            ],
            [
              -83.6587652,
              41.472929
            ],
            [
              -83.6587676,
              41.4728386
            ]
          ]
        ]
      },
      "properties": {
        "epoch_id": "EPOCH-177c53f92d72ec4a",
        "site_name": "Meta Bowling Green",
        "distance_to_site_km": 1.8456,
        "footprint_area_m2_webmercator": 140.45,
        "source_dataset": "Overture Maps buildings",
        "source_url": "https://docs.overturemaps.org/getting-data/",
        "source_release": "2026-09-23.1",
        "source_accessed_on": "2026-09-27",
        "geometry_role": "current building-footprint polygon",
        "linkage_semantics": "Overlap/proximity only; not evidence that the building hosts AI compute."
      }
    },
    {
      "type": "Feature",
      "id": "5e27c00a-0f36-476c-8fb8-248169ef2723",
      "geometry": {
        "type": "Polygon",
        "coordinates": [
          [
            [
              -83.6531726,
              41.4762204
            ],
            [
              -83.6533296,
              41.476225
            ],
            [
              -83.6533343,
              41.4761338
            ],
            [
              -83.6531773,
              41.4761292
            ],
            [
              -83.6531726,
              41.4762204
            ]
          ]
        ]
      },
      "properties": {
        "epoch_id": "EPOCH-177c53f92d72ec4a",
        "site_name": "Meta Bowling Green",
        "distance_to_site_km": 1.6896,
        "footprint_area_m2_webmercator": 237.18,
        "source_dataset": "Overture Maps buildings",
        "source_url": "https://docs.overturemaps.org/getting-data/",
        "source_release": "2026-09-23.1",
        "source_accessed_on": "2026-09-27",
        "geometry_role": "current building-footprint polygon",
        "linkage_semantics": "Overlap/proximity only; not evidence that the building hosts AI compute."
      }
    },
    {
      "type": "Feature",
      "id": "064606e4-cba7-4451-a863-5cd14645f133",
      "geometry": {
        "type": "Polygon",
        "coordinates": [
          [
            [
              -83.6487788,
              41.4734043
            ],
            [
              -83.6488566,
              41.4734054
            ],
            [
              -83.648859,
              41.473311
            ],
            [
              -83.6487813,
              41.4733099
            ],
            [
              -83.6487788,
              41.4734043
            ]
          ]
        ]
      },
      "properties": {
        "epoch_id": "EPOCH-177c53f92d72ec4a",
        "site_name": "Meta Bowling Green",
        "distance_to_site_km": 1.2074,
        "footprint_area_m2_webmercator": 121.43,
        "source_dataset": "Overture Maps buildings",
        "source_url": "https://docs.overturemaps.org/getting-data/",
        "source_release": "2026-09-23.1",
        "source_accessed_on": "2026-09-27",
        "geometry_role": "current building-footprint polygon",
        "linkage_semantics": "Overlap/proximity only; not evidence that the building hosts AI compute."
      }
    },
    {
      "type": "Feature",
      "id": "71b6dd2b-5fa3-486d-aa74-32b71cba8fe7",
      "geometry": {
        "type": "Polygon",
        "coordinates": [
          [
            [
              -83.649444,
              41.4692607
            ],
            [
              -83.6495955,
              41.4692746
            ],
            [
              -83.6496331,
              41.4690445
            ],
            [
              -83.6494816,
              41.4690306
            ],
            [
              -83.649444,
              41.4692607
            ]
          ]
        ]
      },
      "properties": {
        "epoch_id": "EPOCH-177c53f92d72ec4a",
        "site_name": "Meta Bowling Green",
        "distance_to_site_km": 0.9762,
        "footprint_area_m2_webmercator": 585.16,
        "source_dataset": "Overture Maps buildings",
        "source_url": "https://docs.overturemaps.org/getting-data/",
        "source_release": "2026-09-23.1",
        "source_accessed_on": "2026-09-27",
        "geometry_role": "current building-footprint polygon",
        "linkage_semantics": "Overlap/proximity only; not evidence that the building hosts AI compute."
      }
    },
    {
      "type": "Feature",
      "id": "8cd244ad-8d9b-4d07-bf69-1a496121dda7",
      "geometry": {
        "type": "Polygon",
        "coordinates": [
          [
            [
              -83.6501719,
              41.466781
            ],
            [
              -83.6503383,
              41.4666826
            ],
            [
              -83.65025,
              41.4665988
            ],
            [
              -83.6500836,
              41.4666972
            ],
            [
              -83.6501719,
              41.466781
            ]
          ]
        ]
      },
      "properties": {
        "epoch_id": "EPOCH-177c53f92d72ec4a",
        "site_name": "Meta Bowling Green",
        "distance_to_site_km": 0.9499,
        "footprint_area_m2_webmercator": 374.29,
        "source_dataset": "Overture Maps buildings",
        "source_url": "https://docs.overturemaps.org/getting-data/",
        "source_release": "2026-09-23.1",
        "source_accessed_on": "2026-09-27",
        "geometry_role": "current building-footprint polygon",
        "linkage_semantics": "Overlap/proximity only; not evidence that the building hosts AI compute."
      }
    },
    {
      "type": "Feature",
      "id": "1db317ab-bf7a-46f1-b8d0-ec35bf4214e9",
      "geometry": {
        "type": "Polygon",
        "coordinates": [
          [
            [
              -83.6497951,
              41.466376
            ],
            [
              -83.649798,
              41.4663559
            ],
            [
              -83.6497529,
              41.4663523
            ],
            [
              -83.64975,
              41.4663724
            ],
            [
              -83.6497951,
              41.466376
            ]
          ]
        ]
      },
      "properties": {
        "epoch_id": "EPOCH-177c53f92d72ec4a",
        "site_name": "Meta Bowling Green",
        "distance_to_site_km": 0.909,
        "footprint_area_m2_webmercator": 15.16,
        "source_dataset": "Overture Maps buildings",
        "source_url": "https://docs.overturemaps.org/getting-data/",
        "source_release": "2026-09-23.1",
        "source_accessed_on": "2026-09-27",
        "geometry_role": "current building-footprint polygon",
        "linkage_semantics": "Overlap/proximity only; not evidence that the building hosts AI compute."
      }
    },
    {
      "type": "Feature",
      "id": "fa8286c1-1605-4c13-b677-a138a2d187fe",
      "geometry": {
        "type": "Polygon",
        "coordinates": [
          [
            [
              -83.6496375,
              41.4662865
            ],
            [
              -83.6496271,
              41.4663288
            ],
            [
              -83.6496697,
              41.4663347
            ],
            [
              -83.6497061,
              41.4663398
            ],
            [
              -83.6497233,
              41.4662697
            ],
            [
              -83.6496334,
              41.4662573
            ],
            [
              -83.6496265,
              41.466285
            ],
            [
              -83.6496375,
              41.4662865
            ]
          ]
        ]
      },
      "properties": {
        "epoch_id": "EPOCH-177c53f92d72ec4a",
        "site_name": "Meta Bowling Green",
        "distance_to_site_km": 0.8999,
        "footprint_area_m2_webmercator": 99.79,
        "source_dataset": "Overture Maps buildings",
        "source_url": "https://docs.overturemaps.org/getting-data/",
        "source_release": "2026-09-23.1",
        "source_accessed_on": "2026-09-27",
        "geometry_role": "current building-footprint polygon",
        "linkage_semantics": "Overlap/proximity only; not evidence that the building hosts AI compute."
      }
    },
    {
      "type": "Feature",
      "id": "e60b3486-5807-47cb-bae8-4ba34264e7de",
      "geometry": {
        "type": "Polygon",
        "coordinates": [
          [
            [
              -83.649625,
              41.4662006
            ],
            [
              -83.6495236,
              41.4661861
            ],
            [
              -83.6495196,
              41.4662018
            ],
            [
              -83.6494874,
              41.4661972
            ],
            [
              -83.6494731,
              41.4662532
            ],
            [
              -83.6495063,
              41.4662579
            ],
            [
              -83.6495035,
              41.4662689
            ],
            [
              -83.6496039,
              41.4662833
            ],
            [
              -83.649625,
              41.4662006
            ]
          ]
        ]
      },
      "properties": {
        "epoch_id": "EPOCH-177c53f92d72ec4a",
        "site_name": "Meta Bowling Green",
        "distance_to_site_km": 0.8891,
        "footprint_area_m2_webmercator": 174.41,
        "source_dataset": "Overture Maps buildings",
        "source_url": "https://docs.overturemaps.org/getting-data/",
        "source_release": "2026-09-23.1",
        "source_accessed_on": "2026-09-27",
        "geometry_role": "current building-footprint polygon",
        "linkage_semantics": "Overlap/proximity only; not evidence that the building hosts AI compute."
      }
    },
    {
      "type": "Feature",
      "id": "9cae6c70-e9c1-4e4c-9d03-6ff64058dd87",
      "geometry": {
        "type": "Polygon",
        "coordinates": [
          [
            [
              -83.6498211,
              41.4670613
            ],
            [
              -83.6499451,
              41.4670749
            ],
            [
              -83.6499719,
              41.4669372
            ],
            [
              -83.6499607,
              41.466936
            ],
            [
              -83.6499739,
              41.4668678
            ],
            [
              -83.6498735,
              41.4668568
            ],
            [
              -83.6498584,
              41.4669345
            ],
            [
              -83.6498701,
              41.4669358
            ],
            [
              -83.649862,
              41.4669772
            ],
            [
              -83.649838,
              41.4669745
            ],
            [
              -83.6498211,
              41.4670613
            ]
          ]
        ]
      },
      "properties": {
        "epoch_id": "EPOCH-177c53f92d72ec4a",
        "site_name": "Meta Bowling Green",
        "distance_to_site_km": 0.93,
        "footprint_area_m2_webmercator": 385.21,
        "source_dataset": "Overture Maps buildings",
        "source_url": "https://docs.overturemaps.org/getting-data/",
        "source_release": "2026-09-23.1",
        "source_accessed_on": "2026-09-27",
        "geometry_role": "current building-footprint polygon",
        "linkage_semantics": "Overlap/proximity only; not evidence that the building hosts AI compute."
      }
    },
    {
      "type": "Feature",
      "id": "592a8860-cdda-40f1-9350-d117b6e7414f",
      "geometry": {
        "type": "Polygon",
        "coordinates": [
          [
            [
              -83.6495529,
              41.4687009
            ],
            [
              -83.65001,
              41.4687336
            ],
            [
              -83.650031,
              41.468569
            ],
            [
              -83.6495739,
              41.4685363
            ],
            [
              -83.6495529,
              41.4687009
            ]
          ]
        ]
      },
      "properties": {
        "epoch_id": "EPOCH-177c53f92d72ec4a",
        "site_name": "Meta Bowling Green",
        "distance_to_site_km": 0.9727,
        "footprint_area_m2_webmercator": 1255.63,
        "source_dataset": "Overture Maps buildings",
        "source_url": "https://docs.overturemaps.org/getting-data/",
        "source_release": "2026-09-23.1",
        "source_accessed_on": "2026-09-27",
        "geometry_role": "current building-footprint polygon",
        "linkage_semantics": "Overlap/proximity only; not evidence that the building hosts AI compute."
      }
    },
    {
      "type": "Feature",
      "id": "35148311-bf05-4401-8b53-74d6b75992ce",
      "geometry": {
        "type": "Polygon",
        "coordinates": [
          [
            [
              -83.64844,
              41.4662784
            ],
            [
              -83.64856,
              41.4662939
            ],
            [
              -83.6485914,
              41.4661575
            ],
            [
              -83.6484714,
              41.466142
            ],
            [
              -83.64844,
              41.4662784
            ]
          ]
        ]
      },
      "properties": {
        "epoch_id": "EPOCH-177c53f92d72ec4a",
        "site_name": "Meta Bowling Green",
        "distance_to_site_km": 0.803,
        "footprint_area_m2_webmercator": 278.73,
        "source_dataset": "Overture Maps buildings",
        "source_url": "https://docs.overturemaps.org/getting-data/",
        "source_release": "2026-09-23.1",
        "source_accessed_on": "2026-09-27",
        "geometry_role": "current building-footprint polygon",
        "linkage_semantics": "Overlap/proximity only; not evidence that the building hosts AI compute."
      }
    },
    {
      "type": "Feature",
      "id": "4b475cc1-ca0a-4217-bd1f-1634fe4a82a0",
      "geometry": {
        "type": "Polygon",
        "coordinates": [
          [
            [
              -83.6481171,
              41.4664284
            ],
            [
              -83.6482178,
              41.46644
            ],
            [
              -83.6482406,
              41.466328
            ],
            [
              -83.6481399,
              41.4663165
            ],
            [
              -83.6481171,
              41.4664284
            ]
          ]
        ]
      },
      "properties": {
        "epoch_id": "EPOCH-177c53f92d72ec4a",
        "site_name": "Meta Bowling Green",
        "distance_to_site_km": 0.7774,
        "footprint_area_m2_webmercator": 190.78,
        "source_dataset": "Overture Maps buildings",
        "source_url": "https://docs.overturemaps.org/getting-data/",
        "source_release": "2026-09-23.1",
        "source_accessed_on": "2026-09-27",
        "geometry_role": "current building-footprint polygon",
        "linkage_semantics": "Overlap/proximity only; not evidence that the building hosts AI compute."
      }
    },
    {
      "type": "Feature",
      "id": "1e7fe8af-11c0-43e7-9623-6cfdb8b94407",
      "geometry": {
        "type": "Polygon",
        "coordinates": [
          [
            [
              -83.6484003,
              41.4666278
            ],
            [
              -83.6485183,
              41.466642
            ],
            [
              -83.6485584,
              41.4664548
            ],
            [
              -83.6484404,
              41.4664406
            ],
            [
              -83.6484003,
              41.4666278
            ]
          ]
        ]
      },
      "properties": {
        "epoch_id": "EPOCH-177c53f92d72ec4a",
        "site_name": "Meta Bowling Green",
        "distance_to_site_km": 0.8048,
        "footprint_area_m2_webmercator": 374.72,
        "source_dataset": "Overture Maps buildings",
        "source_url": "https://docs.overturemaps.org/getting-data/",
        "source_release": "2026-09-23.1",
        "source_accessed_on": "2026-09-27",
        "geometry_role": "current building-footprint polygon",
        "linkage_semantics": "Overlap/proximity only; not evidence that the building hosts AI compute."
      }
    },
    {
      "type": "Feature",
      "id": "e122ed91-8f5c-4716-9944-39fe319306a6",
      "geometry": {
        "type": "Polygon",
        "coordinates": [
          [
            [
              -83.6483529,
              41.4668273
            ],
            [
              -83.6484729,
              41.4668428
            ],
            [
              -83.6485044,
              41.4667064
            ],
            [
              -83.6483844,
              41.4666909
            ],
            [
              -83.6483529,
              41.4668273
            ]
          ]
        ]
      },
      "properties": {
        "epoch_id": "EPOCH-177c53f92d72ec4a",
        "site_name": "Meta Bowling Green",
        "distance_to_site_km": 0.805,
        "footprint_area_m2_webmercator": 278.76,
        "source_dataset": "Overture Maps buildings",
        "source_url": "https://docs.overturemaps.org/getting-data/",
        "source_release": "2026-09-23.1",
        "source_accessed_on": "2026-09-27",
        "geometry_role": "current building-footprint polygon",
        "linkage_semantics": "Overlap/proximity only; not evidence that the building hosts AI compute."
      }
    },
    {
      "type": "Feature",
      "id": "615dd335-1aca-4ff6-aabf-00f7bbb43f3c",
      "geometry": {
        "type": "Polygon",
        "coordinates": [
          [
            [
              -83.6482626,
              41.4672016
            ],
            [
              -83.6483807,
              41.4672158
            ],
            [
              -83.6484208,
              41.4670286
            ],
            [
              -83.6483027,
              41.4670144
            ],
            [
              -83.6482626,
              41.4672016
            ]
          ]
        ]
      },
      "properties": {
        "epoch_id": "EPOCH-177c53f92d72ec4a",
        "site_name": "Meta Bowling Green",
        "distance_to_site_km": 0.806,
        "footprint_area_m2_webmercator": 375.03,
        "source_dataset": "Overture Maps buildings",
        "source_url": "https://docs.overturemaps.org/getting-data/",
        "source_release": "2026-09-23.1",
        "source_accessed_on": "2026-09-27",
        "geometry_role": "current building-footprint polygon",
        "linkage_semantics": "Overlap/proximity only; not evidence that the building hosts AI compute."
      }
    },
    {
      "type": "Feature",
      "id": "90121bfb-528c-4735-a4e5-2d655c3f6244",
      "geometry": {
        "type": "Polygon",
        "coordinates": [
          [
            [
              -83.6479531,
              41.4668612
            ],
            [
              -83.6481031,
              41.4668647
            ],
            [
              -83.6481062,
              41.4667912
            ],
            [
              -83.6479561,
              41.4667877
            ],
            [
              -83.6479531,
              41.4668612
            ]
          ]
        ]
      },
      "properties": {
        "epoch_id": "EPOCH-177c53f92d72ec4a",
        "site_name": "Meta Bowling Green",
        "distance_to_site_km": 0.7736,
        "footprint_area_m2_webmercator": 182.56,
        "source_dataset": "Overture Maps buildings",
        "source_url": "https://docs.overturemaps.org/getting-data/",
        "source_release": "2026-09-23.1",
        "source_accessed_on": "2026-09-27",
        "geometry_role": "current building-footprint polygon",
        "linkage_semantics": "Overlap/proximity only; not evidence that the building hosts AI compute."
      }
    },
    {
      "type": "Feature",
      "id": "38f695f1-34cd-418a-8648-a1c7fe722402",
      "geometry": {
        "type": "Polygon",
        "coordinates": [
          [
            [
              -83.6481663,
              41.4660928
            ],
            [
              -83.6480751,
              41.4660853
            ],
            [
              -83.648068,
              41.4661342
            ],
            [
              -83.6481592,
              41.4661417
            ],
            [
              -83.6481663,
              41.4660928
            ]
          ]
        ]
      },
      "properties": {
        "epoch_id": "EPOCH-177c53f92d72ec4a",
        "site_name": "Meta Bowling Green",
        "distance_to_site_km": 0.7688,
        "footprint_area_m2_webmercator": 74.63,
        "source_dataset": "Overture Maps buildings",
        "source_url": "https://docs.overturemaps.org/getting-data/",
        "source_release": "2026-09-23.1",
        "source_accessed_on": "2026-09-27",
        "geometry_role": "current building-footprint polygon",
        "linkage_semantics": "Overlap/proximity only; not evidence that the building hosts AI compute."
      }
    },
    {
      "type": "Feature",
      "id": "7e296c75-1753-4859-842a-d84a5e8fd431",
      "geometry": {
        "type": "Polygon",
        "coordinates": [
          [
            [
              -83.6482077,
              41.4681208
            ],
            [
              -83.6481685,
              41.4681152
            ],
            [
              -83.6482038,
              41.467977
            ],
            [
              -83.648077,
              41.4679589
            ],
            [
              -83.6480196,
              41.4681842
            ],
            [
              -83.6481855,
              41.468208
            ],
            [
              -83.6482077,
              41.4681208
            ]
          ]
        ]
      },
      "properties": {
        "epoch_id": "EPOCH-177c53f92d72ec4a",
        "site_name": "Meta Bowling Green",
        "distance_to_site_km": 0.8207,
        "footprint_area_m2_webmercator": 548.08,
        "source_dataset": "Overture Maps buildings",
        "source_url": "https://docs.overturemaps.org/getting-data/",
        "source_release": "2026-09-23.1",
        "source_accessed_on": "2026-09-27",
        "geometry_role": "current building-footprint polygon",
        "linkage_semantics": "Overlap/proximity only; not evidence that the building hosts AI compute."
      }
    },
    {
      "type": "Feature",
      "id": "d7f8f53c-1d65-4319-b767-2a05688ed382",
      "geometry": {
        "type": "Polygon",
        "coordinates": [
          [
            [
              -83.6481852,
              41.4676288
            ],
            [
              -83.648301,
              41.4676461
            ],
            [
              -83.6483573,
              41.4674351
            ],
            [
              -83.6482415,
              41.4674177
            ],
            [
              -83.6481852,
              41.4676288
            ]
          ]
        ]
      },
      "properties": {
        "epoch_id": "EPOCH-177c53f92d72ec4a",
        "site_name": "Meta Bowling Green",
        "distance_to_site_km": 0.8125,
        "footprint_area_m2_webmercator": 420.32,
        "source_dataset": "Overture Maps buildings",
        "source_url": "https://docs.overturemaps.org/getting-data/",
        "source_release": "2026-09-23.1",
        "source_accessed_on": "2026-09-27",
        "geometry_role": "current building-footprint polygon",
        "linkage_semantics": "Overlap/proximity only; not evidence that the building hosts AI compute."
      }
    },
    {
      "type": "Feature",
      "id": "b35af27f-6874-409f-b7eb-f7465872d1c0",
      "geometry": {
        "type": "Polygon",
        "coordinates": [
          [
            [
              -83.6485472,
              41.4733202
            ],
            [
              -83.6483101,
              41.4733155
            ],
            [
              -83.6483045,
              41.4734741
            ],
            [
              -83.6484049,
              41.4734761
            ],
            [
              -83.6484073,
              41.4734078
            ],
            [
              -83.648544,
              41.4734105
            ],
            [
              -83.6485472,
              41.4733202
            ]
          ]
        ]
      },
      "properties": {
        "epoch_id": "EPOCH-177c53f92d72ec4a",
        "site_name": "Meta Bowling Green",
        "distance_to_site_km": 1.1864,
        "footprint_area_m2_webmercator": 467.85,
        "source_dataset": "Overture Maps buildings",
        "source_url": "https://docs.overturemaps.org/getting-data/",
        "source_release": "2026-09-23.1",
        "source_accessed_on": "2026-09-27",
        "geometry_role": "current building-footprint polygon",
        "linkage_semantics": "Overlap/proximity only; not evidence that the building hosts AI compute."
      }
    },
    {
      "type": "Feature",
      "id": "147cdb8b-73ef-422a-a06c-13702663d7f2",
      "geometry": {
        "type": "Polygon",
        "coordinates": [
          [
            [
              -83.6475267,
              41.4766397
            ],
            [
              -83.6475909,
              41.4766423
            ],
            [
              -83.6475944,
              41.4765922
            ],
            [
              -83.6474607,
              41.4765869
            ],
            [
              -83.6474542,
              41.4766791
            ],
            [
              -83.6475238,
              41.4766818
            ],
            [
              -83.6475267,
              41.4766397
            ]
          ]
        ]
      },
      "properties": {
        "epoch_id": "EPOCH-177c53f92d72ec4a",
        "site_name": "Meta Bowling Green",
        "distance_to_site_km": 1.4371,
        "footprint_area_m2_webmercator": 159.62,
        "source_dataset": "Overture Maps buildings",
        "source_url": "https://docs.overturemaps.org/getting-data/",
        "source_release": "2026-09-23.1",
        "source_accessed_on": "2026-09-27",
        "geometry_role": "current building-footprint polygon",
        "linkage_semantics": "Overlap/proximity only; not evidence that the building hosts AI compute."
      }
    },
    {
      "type": "Feature",
      "id": "93e7346c-d146-4f19-8b8f-a7706e3e5b8c",
      "geometry": {
        "type": "Polygon",
        "coordinates": [
          [
            [
              -83.6476065,
              41.4768071
            ],
            [
              -83.6476869,
              41.4768092
            ],
            [
              -83.6476889,
              41.476765
            ],
            [
              -83.6476578,
              41.4767642
            ],
            [
              -83.6476579,
              41.4767622
            ],
            [
              -83.6476086,
              41.4767609
            ],
            [
              -83.6476065,
              41.4768071
            ]
          ]
        ]
      },
      "properties": {
        "epoch_id": "EPOCH-177c53f92d72ec4a",
        "site_name": "Meta Bowling Green",
        "distance_to_site_km": 1.4578,
        "footprint_area_m2_webmercator": 60.47,
        "source_dataset": "Overture Maps buildings",
        "source_url": "https://docs.overturemaps.org/getting-data/",
        "source_release": "2026-09-23.1",
        "source_accessed_on": "2026-09-27",
        "geometry_role": "current building-footprint polygon",
        "linkage_semantics": "Overlap/proximity only; not evidence that the building hosts AI compute."
      }
    },
    {
      "type": "Feature",
      "id": "f342487c-083c-42c2-bbf5-fb7a63b24a0e",
      "geometry": {
        "type": "Polygon",
        "coordinates": [
          [
            [
              -83.6480947,
              41.4768832
            ],
            [
              -83.6481022,
              41.4768263
            ],
            [
              -83.6481245,
              41.4768279
            ],
            [
              -83.6481328,
              41.4767654
            ],
            [
              -83.6480441,
              41.4767588
            ],
            [
              -83.6480283,
              41.4768782
            ],
            [
              -83.6480947,
              41.4768832
            ]
          ]
        ]
      },
      "properties": {
        "epoch_id": "EPOCH-177c53f92d72ec4a",
        "site_name": "Meta Bowling Green",
        "distance_to_site_km": 1.4789,
        "footprint_area_m2_webmercator": 155.72,
        "source_dataset": "Overture Maps buildings",
        "source_url": "https://docs.overturemaps.org/getting-data/",
        "source_release": "2026-09-23.1",
        "source_accessed_on": "2026-09-27",
        "geometry_role": "current building-footprint polygon",
        "linkage_semantics": "Overlap/proximity only; not evidence that the building hosts AI compute."
      }
    },
    {
      "type": "Feature",
      "id": "03898703-7040-4572-8bec-fa6d40dae930",
      "geometry": {
        "type": "Polygon",
        "coordinates": [
          [
            [
              -83.6461509,
              41.4784844
            ],
            [
              -83.6461269,
              41.4784829
            ],
            [
              -83.646114,
              41.4786058
            ],
            [
              -83.6461886,
              41.4786103
            ],
            [
              -83.646193,
              41.4785683
            ],
            [
              -83.6462863,
              41.4785739
            ],
            [
              -83.6462907,
              41.4785319
            ],
            [
              -83.6462108,
              41.4785272
            ],
            [
              -83.6462146,
              41.4784912
            ],
            [
              -83.6461506,
              41.4784874
            ],
            [
              -83.6461509,
              41.4784844
            ]
          ]
        ]
      },
      "properties": {
        "epoch_id": "EPOCH-177c53f92d72ec4a",
        "site_name": "Meta Bowling Green",
        "distance_to_site_km": 1.5801,
        "footprint_area_m2_webmercator": 223.2,
        "source_dataset": "Overture Maps buildings",
        "source_url": "https://docs.overturemaps.org/getting-data/",
        "source_release": "2026-09-23.1",
        "source_accessed_on": "2026-09-27",
        "geometry_role": "current building-footprint polygon",
        "linkage_semantics": "Overlap/proximity only; not evidence that the building hosts AI compute."
      }
    },
    {
      "type": "Feature",
      "id": "1114f560-3e40-4cb4-a23f-975993113014",
      "geometry": {
        "type": "Polygon",
        "coordinates": [
          [
            [
              -83.6464724,
              41.4781678
            ],
            [
              -83.646476,
              41.4779769
            ],
            [
              -83.6460671,
              41.4779725
            ],
            [
              -83.6460635,
              41.4781635
            ],
            [
              -83.6464724,
              41.4781678
            ]
          ]
        ]
      },
      "properties": {
        "epoch_id": "EPOCH-177c53f92d72ec4a",
        "site_name": "Meta Bowling Green",
        "distance_to_site_km": 1.5341,
        "footprint_area_m2_webmercator": 1291.7,
        "source_dataset": "Overture Maps buildings",
        "source_url": "https://docs.overturemaps.org/getting-data/",
        "source_release": "2026-09-23.1",
        "source_accessed_on": "2026-09-27",
        "geometry_role": "current building-footprint polygon",
        "linkage_semantics": "Overlap/proximity only; not evidence that the building hosts AI compute."
      }
    },
    {
      "type": "Feature",
      "id": "5d99ce0f-1c26-4690-920f-75f31dfde713",
      "geometry": {
        "type": "Polygon",
        "coordinates": [
          [
            [
              -83.645959,
              41.4784077
            ],
            [
              -83.6458449,
              41.4784059
            ],
            [
              -83.6458362,
              41.4787293
            ],
            [
              -83.6459502,
              41.4787311
            ],
            [
              -83.645959,
              41.4784077
            ]
          ]
        ]
      },
      "properties": {
        "epoch_id": "EPOCH-177c53f92d72ec4a",
        "site_name": "Meta Bowling Green",
        "distance_to_site_km": 1.5734,
        "footprint_area_m2_webmercator": 610.33,
        "source_dataset": "Overture Maps buildings",
        "source_url": "https://docs.overturemaps.org/getting-data/",
        "source_release": "2026-09-23.1",
        "source_accessed_on": "2026-09-27",
        "geometry_role": "current building-footprint polygon",
        "linkage_semantics": "Overlap/proximity only; not evidence that the building hosts AI compute."
      }
    },
    {
      "type": "Feature",
      "id": "d3796fef-0ee0-4fc0-808e-03c700a53d84",
      "geometry": {
        "type": "Polygon",
        "coordinates": [
          [
            [
              -83.6426641,
              41.4791957
            ],
            [
              -83.642707,
              41.4791961
            ],
            [
              -83.6427099,
              41.4790142
            ],
            [
              -83.6424873,
              41.4790122
            ],
            [
              -83.6424848,
              41.479172
            ],
            [
              -83.6425196,
              41.4791723
            ],
            [
              -83.642519,
              41.4792145
            ],
            [
              -83.6424841,
              41.4792142
            ],
            [
              -83.64248,
              41.4794763
            ],
            [
              -83.6427053,
              41.4794783
            ],
            [
              -83.6427077,
              41.4793227
            ],
            [
              -83.6426621,
              41.4793223
            ],
            [
              -83.6426641,
              41.4791957
            ]
          ]
        ]
      },
      "properties": {
        "epoch_id": "EPOCH-177c53f92d72ec4a",
        "site_name": "Meta Bowling Green",
        "distance_to_site_km": 1.5678,
        "footprint_area_m2_webmercator": 1601.57,
        "source_dataset": "Overture Maps buildings",
        "source_url": "https://docs.overturemaps.org/getting-data/",
        "source_release": "2026-09-23.1",
        "source_accessed_on": "2026-09-27",
        "geometry_role": "current building-footprint polygon",
        "linkage_semantics": "Overlap/proximity only; not evidence that the building hosts AI compute."
      }
    },
    {
      "type": "Feature",
      "id": "2af2341a-266d-45c2-a6c4-f546b95a7c57",
      "geometry": {
        "type": "Polygon",
        "coordinates": [
          [
            [
              -83.6442722,
              41.4807084
            ],
            [
              -83.6439117,
              41.4807145
            ],
            [
              -83.6439159,
              41.4808551
            ],
            [
              -83.6442764,
              41.480849
            ],
            [
              -83.6442722,
              41.4807084
            ]
          ]
        ]
      },
      "properties": {
        "epoch_id": "EPOCH-177c53f92d72ec4a",
        "site_name": "Meta Bowling Green",
        "distance_to_site_km": 1.7619,
        "footprint_area_m2_webmercator": 838.82,
        "source_dataset": "Overture Maps buildings",
        "source_url": "https://docs.overturemaps.org/getting-data/",
        "source_release": "2026-09-23.1",
        "source_accessed_on": "2026-09-27",
        "geometry_role": "current building-footprint polygon",
        "linkage_semantics": "Overlap/proximity only; not evidence that the building hosts AI compute."
      }
    },
    {
      "type": "Feature",
      "id": "c1a24b4d-fa26-41c5-9f32-6df3e7c18f8f",
      "geometry": {
        "type": "Polygon",
        "coordinates": [
          [
            [
              -83.6447134,
              41.4807088
            ],
            [
              -83.6444934,
              41.4807105
            ],
            [
              -83.6444958,
              41.4808773
            ],
            [
              -83.6447157,
              41.4808755
            ],
            [
              -83.6447134,
              41.4807088
            ]
          ]
        ]
      },
      "properties": {
        "epoch_id": "EPOCH-177c53f92d72ec4a",
        "site_name": "Meta Bowling Green",
        "distance_to_site_km": 1.7739,
        "footprint_area_m2_webmercator": 606.73,
        "source_dataset": "Overture Maps buildings",
        "source_url": "https://docs.overturemaps.org/getting-data/",
        "source_release": "2026-09-23.1",
        "source_accessed_on": "2026-09-27",
        "geometry_role": "current building-footprint polygon",
        "linkage_semantics": "Overlap/proximity only; not evidence that the building hosts AI compute."
      }
    },
    {
      "type": "Feature",
      "id": "7a62d565-7017-4abe-8b2f-fbf04889ea55",
      "geometry": {
        "type": "Polygon",
        "coordinates": [
          [
            [
              -83.6452003,
              41.4811673
            ],
            [
              -83.6450596,
              41.4811687
            ],
            [
              -83.6450632,
              41.4813616
            ],
            [
              -83.645177,
              41.4813604
            ],
            [
              -83.6451758,
              41.4812941
            ],
            [
              -83.6452026,
              41.4812938
            ],
            [
              -83.6452003,
              41.4811673
            ]
          ]
        ]
      },
      "properties": {
        "epoch_id": "EPOCH-177c53f92d72ec4a",
        "site_name": "Meta Bowling Green",
        "distance_to_site_km": 1.8358,
        "footprint_area_m2_webmercator": 419.37,
        "source_dataset": "Overture Maps buildings",
        "source_url": "https://docs.overturemaps.org/getting-data/",
        "source_release": "2026-09-23.1",
        "source_accessed_on": "2026-09-27",
        "geometry_role": "current building-footprint polygon",
        "linkage_semantics": "Overlap/proximity only; not evidence that the building hosts AI compute."
      }
    },
    {
      "type": "Feature",
      "id": "103a1123-b3b5-4f24-a614-7f069649e58a",
      "geometry": {
        "type": "Polygon",
        "coordinates": [
          [
            [
              -83.6451106,
              41.4831483
            ],
            [
              -83.64527,
              41.4831601
            ],
            [
              -83.6452971,
              41.4829552
            ],
            [
              -83.6451377,
              41.4829433
            ],
            [
              -83.6451106,
              41.4831483
            ]
          ]
        ]
      },
      "properties": {
        "epoch_id": "EPOCH-177c53f92d72ec4a",
        "site_name": "Meta Bowling Green",
        "distance_to_site_km": 2.0294,
        "footprint_area_m2_webmercator": 545.7,
        "source_dataset": "Overture Maps buildings",
        "source_url": "https://docs.overturemaps.org/getting-data/",
        "source_release": "2026-09-23.1",
        "source_accessed_on": "2026-09-27",
        "geometry_role": "current building-footprint polygon",
        "linkage_semantics": "Overlap/proximity only; not evidence that the building hosts AI compute."
      }
    },
    {
      "type": "Feature",
      "id": "0945dbe0-f82a-4aba-85f6-08824ffef9cf",
      "geometry": {
        "type": "Polygon",
        "coordinates": [
          [
            [
              -83.6451679,
              41.4833819
            ],
            [
              -83.6451852,
              41.4833005
            ],
            [
              -83.6450937,
              41.4832896
            ],
            [
              -83.6450764,
              41.483371
            ],
            [
              -83.6451679,
              41.4833819
            ]
          ]
        ]
      },
      "properties": {
        "epoch_id": "EPOCH-177c53f92d72ec4a",
        "site_name": "Meta Bowling Green",
        "distance_to_site_km": 2.0584,
        "footprint_area_m2_webmercator": 126.32,
        "source_dataset": "Overture Maps buildings",
        "source_url": "https://docs.overturemaps.org/getting-data/",
        "source_release": "2026-09-23.1",
        "source_accessed_on": "2026-09-27",
        "geometry_role": "current building-footprint polygon",
        "linkage_semantics": "Overlap/proximity only; not evidence that the building hosts AI compute."
      }
    },
    {
      "type": "Feature",
      "id": "9fed39d5-8096-46c2-af82-c6e6c4876a15",
      "geometry": {
        "type": "Polygon",
        "coordinates": [
          [
            [
              -83.6444488,
              41.4833401
            ],
            [
              -83.6444507,
              41.4832708
            ],
            [
              -83.6442925,
              41.4832683
            ],
            [
              -83.6442852,
              41.4835284
            ],
            [
              -83.6444515,
              41.483531
            ],
            [
              -83.6444553,
              41.4833955
            ],
            [
              -83.6444268,
              41.483395
            ],
            [
              -83.6444283,
              41.4833398
            ],
            [
              -83.6444488,
              41.4833401
            ]
          ]
        ]
      },
      "properties": {
        "epoch_id": "EPOCH-177c53f92d72ec4a",
        "site_name": "Meta Bowling Green",
        "distance_to_site_km": 2.0506,
        "footprint_area_m2_webmercator": 680.43,
        "source_dataset": "Overture Maps buildings",
        "source_url": "https://docs.overturemaps.org/getting-data/",
        "source_release": "2026-09-23.1",
        "source_accessed_on": "2026-09-27",
        "geometry_role": "current building-footprint polygon",
        "linkage_semantics": "Overlap/proximity only; not evidence that the building hosts AI compute."
      }
    },
    {
      "type": "Feature",
      "id": "1865d770-eb54-475e-851a-01bc84861867",
      "geometry": {
        "type": "Polygon",
        "coordinates": [
          [
            [
              -83.646344,
              41.4848761
            ],
            [
              -83.6463949,
              41.4848764
            ],
            [
              -83.6463941,
              41.4849617
            ],
            [
              -83.6465631,
              41.4849626
            ],
            [
              -83.6465638,
              41.4848842
            ],
            [
              -83.646478,
              41.4848838
            ],
            [
              -83.6464793,
              41.4847523
            ],
            [
              -83.6465624,
              41.4847527
            ],
            [
              -83.646563,
              41.4846904
            ],
            [
              -83.6463967,
              41.4846895
            ],
            [
              -83.646396,
              41.4847608
            ],
            [
              -83.6463451,
              41.4847605
            ],
            [
              -83.646344,
              41.4848761
            ]
          ]
        ]
      },
      "properties": {
        "epoch_id": "EPOCH-177c53f92d72ec4a",
        "site_name": "Meta Bowling Green",
        "distance_to_site_km": 2.2475,
        "footprint_area_m2_webmercator": 668.85,
        "source_dataset": "Overture Maps buildings",
        "source_url": "https://docs.overturemaps.org/getting-data/",
        "source_release": "2026-09-23.1",
        "source_accessed_on": "2026-09-27",
        "geometry_role": "current building-footprint polygon",
        "linkage_semantics": "Overlap/proximity only; not evidence that the building hosts AI compute."
      }
    },
    {
      "type": "Feature",
      "id": "6cb363ef-169e-46db-bae8-ebddf8c09d46",
      "geometry": {
        "type": "Polygon",
        "coordinates": [
          [
            [
              -83.6545953,
              41.4846973
            ],
            [
              -83.6545685,
              41.4846969
            ],
            [
              -83.6545671,
              41.4847603
            ],
            [
              -83.6547173,
              41.4847621
            ],
            [
              -83.6547165,
              41.4848022
            ],
            [
              -83.6548184,
              41.4848034
            ],
            [
              -83.6548225,
              41.4846086
            ],
            [
              -83.6547447,
              41.4846077
            ],
            [
              -83.6547457,
              41.4845615
            ],
            [
              -83.6546723,
              41.4845606
            ],
            [
              -83.6546714,
              41.4846028
            ],
            [
              -83.6545973,
              41.4846019
            ],
            [
              -83.6545953,
              41.4846973
            ]
          ]
        ]
      },
      "properties": {
        "epoch_id": "EPOCH-177c53f92d72ec4a",
        "site_name": "Meta Bowling Green",
        "distance_to_site_km": 2.5137,
        "footprint_area_m2_webmercator": 733.41,
        "source_dataset": "Overture Maps buildings",
        "source_url": "https://docs.overturemaps.org/getting-data/",
        "source_release": "2026-09-23.1",
        "source_accessed_on": "2026-09-27",
        "geometry_role": "current building-footprint polygon",
        "linkage_semantics": "Overlap/proximity only; not evidence that the building hosts AI compute."
      }
    },
    {
      "type": "Feature",
      "id": "fcbe86ab-f4a5-441e-bdc0-659657e80af1",
      "geometry": {
        "type": "Polygon",
        "coordinates": [
          [
            [
              -83.6536479,
              41.4847577
            ],
            [
              -83.6538034,
              41.4847603
            ],
            [
              -83.6538024,
              41.4847925
            ],
            [
              -83.6538962,
              41.484794
            ],
            [
              -83.653901,
              41.4846354
            ],
            [
              -83.6537214,
              41.4846324
            ],
            [
              -83.6537209,
              41.4846484
            ],
            [
              -83.6536753,
              41.4846477
            ],
            [
              -83.653674,
              41.4846918
            ],
            [
              -83.6536499,
              41.4846914
            ],
            [
              -83.6536479,
              41.4847577
            ]
          ]
        ]
      },
      "properties": {
        "epoch_id": "EPOCH-177c53f92d72ec4a",
        "site_name": "Meta Bowling Green",
        "distance_to_site_km": 2.4764,
        "footprint_area_m2_webmercator": 535.6,
        "source_dataset": "Overture Maps buildings",
        "source_url": "https://docs.overturemaps.org/getting-data/",
        "source_release": "2026-09-23.1",
        "source_accessed_on": "2026-09-27",
        "geometry_role": "current building-footprint polygon",
        "linkage_semantics": "Overlap/proximity only; not evidence that the building hosts AI compute."
      }
    },
    {
      "type": "Feature",
      "id": "c5afc0af-8153-4c91-a3be-d7456e7931f5",
      "geometry": {
        "type": "Polygon",
        "coordinates": [
          [
            [
              -83.6307632,
              41.4780584
            ],
            [
              -83.6306629,
              41.4780611
            ],
            [
              -83.6306667,
              41.4781414
            ],
            [
              -83.6305997,
              41.4781431
            ],
            [
              -83.6306051,
              41.4782584
            ],
            [
              -83.6306974,
              41.478256
            ],
            [
              -83.6306951,
              41.4782069
            ],
            [
              -83.6306576,
              41.4782079
            ],
            [
              -83.6306556,
              41.4781658
            ],
            [
              -83.6307681,
              41.4781628
            ],
            [
              -83.6307632,
              41.4780584
            ]
          ]
        ]
      },
      "properties": {
        "epoch_id": "EPOCH-177c53f92d72ec4a",
        "site_name": "Meta Bowling Green",
        "distance_to_site_km": 1.5747,
        "footprint_area_m2_webmercator": 313.32,
        "source_dataset": "Overture Maps buildings",
        "source_url": "https://docs.overturemaps.org/getting-data/",
        "source_release": "2026-09-23.1",
        "source_accessed_on": "2026-09-27",
        "geometry_role": "current building-footprint polygon",
        "linkage_semantics": "Overlap/proximity only; not evidence that the building hosts AI compute."
      }
    },
    {
      "type": "Feature",
      "id": "5d53342a-d850-421e-8c50-6e32e9ef4ce6",
      "geometry": {
        "type": "Polygon",
        "coordinates": [
          [
            [
              -83.6336299,
              41.4780825
            ],
            [
              -83.6335549,
              41.4780812
            ],
            [
              -83.633552,
              41.4781675
            ],
            [
              -83.6336271,
              41.4781689
            ],
            [
              -83.6336299,
              41.4780825
            ]
          ]
        ]
      },
      "properties": {
        "epoch_id": "EPOCH-177c53f92d72ec4a",
        "site_name": "Meta Bowling Green",
        "distance_to_site_km": 1.4819,
        "footprint_area_m2_webmercator": 107.25,
        "source_dataset": "Overture Maps buildings",
        "source_url": "https://docs.overturemaps.org/getting-data/",
        "source_release": "2026-09-23.1",
        "source_accessed_on": "2026-09-27",
        "geometry_role": "current building-footprint polygon",
        "linkage_semantics": "Overlap/proximity only; not evidence that the building hosts AI compute."
      }
    },
    {
      "type": "Feature",
      "id": "4bf3c22b-5f51-4ac5-acc2-889c12e2690d",
      "geometry": {
        "type": "Polygon",
        "coordinates": [
          [
            [
              -83.6337486,
              41.4775279
            ],
            [
              -83.6336842,
              41.4775286
            ],
            [
              -83.6336858,
              41.477619
            ],
            [
              -83.6338976,
              41.4776169
            ],
            [
              -83.6338954,
              41.4774883
            ],
            [
              -83.6337801,
              41.4774895
            ],
            [
              -83.6337814,
              41.4775658
            ],
            [
              -83.6337492,
              41.4775661
            ],
            [
              -83.6337486,
              41.4775279
            ]
          ]
        ]
      },
      "properties": {
        "epoch_id": "EPOCH-177c53f92d72ec4a",
        "site_name": "Meta Bowling Green",
        "distance_to_site_km": 1.4168,
        "footprint_area_m2_webmercator": 369.32,
        "source_dataset": "Overture Maps buildings",
        "source_url": "https://docs.overturemaps.org/getting-data/",
        "source_release": "2026-09-23.1",
        "source_accessed_on": "2026-09-27",
        "geometry_role": "current building-footprint polygon",
        "linkage_semantics": "Overlap/proximity only; not evidence that the building hosts AI compute."
      }
    },
    {
      "type": "Feature",
      "id": "575f3bb1-e646-420f-9c58-7ca88a1b5ef9",
      "geometry": {
        "type": "Polygon",
        "coordinates": [
          [
            [
              -83.6341417,
              41.4773282
            ],
            [
              -83.634249,
              41.4773282
            ],
            [
              -83.634249,
              41.4772659
            ],
            [
              -83.6341417,
              41.4772659
            ],
            [
              -83.6341417,
              41.4773282
            ]
          ]
        ]
      },
      "properties": {
        "epoch_id": "EPOCH-177c53f92d72ec4a",
        "site_name": "Meta Bowling Green",
        "distance_to_site_km": 1.3791,
        "footprint_area_m2_webmercator": 110.57,
        "source_dataset": "Overture Maps buildings",
        "source_url": "https://docs.overturemaps.org/getting-data/",
        "source_release": "2026-09-23.1",
        "source_accessed_on": "2026-09-27",
        "geometry_role": "current building-footprint polygon",
        "linkage_semantics": "Overlap/proximity only; not evidence that the building hosts AI compute."
      }
    },
    {
      "type": "Feature",
      "id": "8966082a-2724-4576-92ed-26a53adc159f",
      "geometry": {
        "type": "Polygon",
        "coordinates": [
          [
            [
              -83.6339619,
              41.478387
            ],
            [
              -83.6341335,
              41.4783888
            ],
            [
              -83.6341353,
              41.4782964
            ],
            [
              -83.6339637,
              41.4782946
            ],
            [
              -83.6339619,
              41.478387
            ]
          ]
        ]
      },
      "properties": {
        "epoch_id": "EPOCH-177c53f92d72ec4a",
        "site_name": "Meta Bowling Green",
        "distance_to_site_km": 1.494,
        "footprint_area_m2_webmercator": 262.31,
        "source_dataset": "Overture Maps buildings",
        "source_url": "https://docs.overturemaps.org/getting-data/",
        "source_release": "2026-09-23.1",
        "source_accessed_on": "2026-09-27",
        "geometry_role": "current building-footprint polygon",
        "linkage_semantics": "Overlap/proximity only; not evidence that the building hosts AI compute."
      }
    },
    {
      "type": "Feature",
      "id": "91b56ca5-dc76-403e-935c-65d626980573",
      "geometry": {
        "type": "Polygon",
        "coordinates": [
          [
            [
              -83.6348097,
              41.4774992
            ],
            [
              -83.6348107,
              41.4775213
            ],
            [
              -83.6349982,
              41.4775167
            ],
            [
              -83.6349937,
              41.4774124
            ],
            [
              -83.6349133,
              41.4774143
            ],
            [
              -83.6349114,
              41.4773702
            ],
            [
              -83.6348176,
              41.4773724
            ],
            [
              -83.6348194,
              41.4774146
            ],
            [
              -83.6346747,
              41.4774181
            ],
            [
              -83.6346777,
              41.4774853
            ],
            [
              -83.6347339,
              41.4774839
            ],
            [
              -83.6347347,
              41.4775011
            ],
            [
              -83.6348097,
              41.4774992
            ]
          ]
        ]
      },
      "properties": {
        "epoch_id": "EPOCH-177c53f92d72ec4a",
        "site_name": "Meta Bowling Green",
        "distance_to_site_km": 1.3814,
        "footprint_area_m2_webmercator": 560.43,
        "source_dataset": "Overture Maps buildings",
        "source_url": "https://docs.overturemaps.org/getting-data/",
        "source_release": "2026-09-23.1",
        "source_accessed_on": "2026-09-27",
        "geometry_role": "current building-footprint polygon",
        "linkage_semantics": "Overlap/proximity only; not evidence that the building hosts AI compute."
      }
    },
    {
      "type": "Feature",
      "id": "60866a2d-f92e-439c-b3d6-3ba187f9e004",
      "geometry": {
        "type": "Polygon",
        "coordinates": [
          [
            [
              -83.6356263,
              41.4776352
            ],
            [
              -83.6357325,
              41.4776357
            ],
            [
              -83.635733,
              41.4775573
            ],
            [
              -83.6355062,
              41.4775564
            ],
            [
              -83.6355064,
              41.4775251
            ],
            [
              -83.6354715,
              41.477525
            ],
            [
              -83.6354712,
              41.4775692
            ],
            [
              -83.6355184,
              41.4775694
            ],
            [
              -83.6355178,
              41.4776518
            ],
            [
              -83.6356262,
              41.4776522
            ],
            [
              -83.6356263,
              41.4776352
            ]
          ]
        ]
      },
      "properties": {
        "epoch_id": "EPOCH-177c53f92d72ec4a",
        "site_name": "Meta Bowling Green",
        "distance_to_site_km": 1.3826,
        "footprint_area_m2_webmercator": 336.67,
        "source_dataset": "Overture Maps buildings",
        "source_url": "https://docs.overturemaps.org/getting-data/",
        "source_release": "2026-09-23.1",
        "source_accessed_on": "2026-09-27",
        "geometry_role": "current building-footprint polygon",
        "linkage_semantics": "Overlap/proximity only; not evidence that the building hosts AI compute."
      }
    },
    {
      "type": "Feature",
      "id": "3155d759-2c37-4000-ac9c-886c044cd150",
      "geometry": {
        "type": "Polygon",
        "coordinates": [
          [
            [
              -83.6417936,
              41.4785343
            ],
            [
              -83.6417426,
              41.4785339
            ],
            [
              -83.6417412,
              41.4786283
            ],
            [
              -83.642004,
              41.4786305
            ],
            [
              -83.6420045,
              41.4785984
            ],
            [
              -83.6421011,
              41.4785992
            ],
            [
              -83.6421026,
              41.4784927
            ],
            [
              -83.6420249,
              41.478492
            ],
            [
              -83.642024,
              41.4785503
            ],
            [
              -83.6419275,
              41.4785495
            ],
            [
              -83.6419282,
              41.4785013
            ],
            [
              -83.6417941,
              41.4785002
            ],
            [
              -83.6417936,
              41.4785343
            ]
          ]
        ]
      },
      "properties": {
        "epoch_id": "EPOCH-177c53f92d72ec4a",
        "site_name": "Meta Bowling Green",
        "distance_to_site_km": 1.4833,
        "footprint_area_m2_webmercator": 620.14,
        "source_dataset": "Overture Maps buildings",
        "source_url": "https://docs.overturemaps.org/getting-data/",
        "source_release": "2026-09-23.1",
        "source_accessed_on": "2026-09-27",
        "geometry_role": "current building-footprint polygon",
        "linkage_semantics": "Overlap/proximity only; not evidence that the building hosts AI compute."
      }
    },
    {
      "type": "Feature",
      "id": "07a35aeb-0169-4234-943e-6d0479b78c29",
      "geometry": {
        "type": "Polygon",
        "coordinates": [
          [
            [
              -83.6385525,
              41.4775172
            ],
            [
              -83.6385567,
              41.4773116
            ],
            [
              -83.6384211,
              41.47731
            ],
            [
              -83.6384168,
              41.4775156
            ],
            [
              -83.6385525,
              41.4775172
            ]
          ]
        ]
      },
      "properties": {
        "epoch_id": "EPOCH-177c53f92d72ec4a",
        "site_name": "Meta Bowling Green",
        "distance_to_site_km": 1.3347,
        "footprint_area_m2_webmercator": 461.41,
        "source_dataset": "Overture Maps buildings",
        "source_url": "https://docs.overturemaps.org/getting-data/",
        "source_release": "2026-09-23.1",
        "source_accessed_on": "2026-09-27",
        "geometry_role": "current building-footprint polygon",
        "linkage_semantics": "Overlap/proximity only; not evidence that the building hosts AI compute."
      }
    },
    {
      "type": "Feature",
      "id": "a6af8318-25b0-4127-ad03-d1c620f50b1d",
      "geometry": {
        "type": "Polygon",
        "coordinates": [
          [
            [
              -83.6380649,
              41.4774188
            ],
            [
              -83.6380644,
              41.4774972
            ],
            [
              -83.6382265,
              41.4774978
            ],
            [
              -83.6382264,
              41.4775138
            ],
            [
              -83.638339,
              41.4775142
            ],
            [
              -83.6383393,
              41.477474
            ],
            [
              -83.6383151,
              41.4774739
            ],
            [
              -83.6383156,
              41.4773915
            ],
            [
              -83.6382045,
              41.4773912
            ],
            [
              -83.6382043,
              41.4774193
            ],
            [
              -83.6380649,
              41.4774188
            ]
          ]
        ]
      },
      "properties": {
        "epoch_id": "EPOCH-177c53f92d72ec4a",
        "site_name": "Meta Bowling Green",
        "distance_to_site_km": 1.3403,
        "footprint_area_m2_webmercator": 416.16,
        "source_dataset": "Overture Maps buildings",
        "source_url": "https://docs.overturemaps.org/getting-data/",
        "source_release": "2026-09-23.1",
        "source_accessed_on": "2026-09-27",
        "geometry_role": "current building-footprint polygon",
        "linkage_semantics": "Overlap/proximity only; not evidence that the building hosts AI compute."
      }
    },
    {
      "type": "Feature",
      "id": "8dbc6815-f1d0-4db1-bbde-006acb90b352",
      "geometry": {
        "type": "Polygon",
        "coordinates": [
          [
            [
              -83.6367136,
              41.4785679
            ],
            [
              -83.6366116,
              41.478567
            ],
            [
              -83.636606,
              41.4789126
            ],
            [
              -83.6368205,
              41.4789145
            ],
            [
              -83.6368255,
              41.4786132
            ],
            [
              -83.6367128,
              41.4786121
            ],
            [
              -83.6367136,
              41.4785679
            ]
          ]
        ]
      },
      "properties": {
        "epoch_id": "EPOCH-177c53f92d72ec4a",
        "site_name": "Meta Bowling Green",
        "distance_to_site_km": 1.4945,
        "footprint_area_m2_webmercator": 1144.25,
        "source_dataset": "Overture Maps buildings",
        "source_url": "https://docs.overturemaps.org/getting-data/",
        "source_release": "2026-09-23.1",
        "source_accessed_on": "2026-09-27",
        "geometry_role": "current building-footprint polygon",
        "linkage_semantics": "Overlap/proximity only; not evidence that the building hosts AI compute."
      }
    },
    {
      "type": "Feature",
      "id": "66d2a17f-6c4d-4e3b-94fa-f68ce1e44719",
      "geometry": {
        "type": "Polygon",
        "coordinates": [
          [
            [
              -83.6370689,
              41.4781431
            ],
            [
              -83.6368248,
              41.4781409
            ],
            [
              -83.6368221,
              41.4783105
            ],
            [
              -83.6369496,
              41.4783117
            ],
            [
              -83.6369508,
              41.4782393
            ],
            [
              -83.6370673,
              41.4782404
            ],
            [
              -83.6370689,
              41.4781431
            ]
          ]
        ]
      },
      "properties": {
        "epoch_id": "EPOCH-177c53f92d72ec4a",
        "site_name": "Meta Bowling Green",
        "distance_to_site_km": 1.433,
        "footprint_area_m2_webmercator": 545.39,
        "source_dataset": "Overture Maps buildings",
        "source_url": "https://docs.overturemaps.org/getting-data/",
        "source_release": "2026-09-23.1",
        "source_accessed_on": "2026-09-27",
        "geometry_role": "current building-footprint polygon",
        "linkage_semantics": "Overlap/proximity only; not evidence that the building hosts AI compute."
      }
    },
    {
      "type": "Feature",
      "id": "0b52275b-9c68-4669-a9d8-e758a2074926",
      "geometry": {
        "type": "Polygon",
        "coordinates": [
          [
            [
              -83.6372169,
              41.4785006
            ],
            [
              -83.6372142,
              41.4783869
            ],
            [
              -83.6370292,
              41.4783894
            ],
            [
              -83.6370319,
              41.4785031
            ],
            [
              -83.6372169,
              41.4785006
            ]
          ]
        ]
      },
      "properties": {
        "epoch_id": "EPOCH-177c53f92d72ec4a",
        "site_name": "Meta Bowling Green",
        "distance_to_site_km": 1.4568,
        "footprint_area_m2_webmercator": 348.03,
        "source_dataset": "Overture Maps buildings",
        "source_url": "https://docs.overturemaps.org/getting-data/",
        "source_release": "2026-09-23.1",
        "source_accessed_on": "2026-09-27",
        "geometry_role": "current building-footprint polygon",
        "linkage_semantics": "Overlap/proximity only; not evidence that the building hosts AI compute."
      }
    },
    {
      "type": "Feature",
      "id": "d1842d8c-19ee-411b-ac70-0239ca089131",
      "geometry": {
        "type": "Polygon",
        "coordinates": [
          [
            [
              -83.6350395,
              41.4772349
            ],
            [
              -83.6351725,
              41.477236
            ],
            [
              -83.6351738,
              41.4771455
            ],
            [
              -83.6350408,
              41.4771445
            ],
            [
              -83.6350395,
              41.4772349
            ]
          ]
        ]
      },
      "properties": {
        "epoch_id": "EPOCH-177c53f92d72ec4a",
        "site_name": "Meta Bowling Green",
        "distance_to_site_km": 1.3477,
        "footprint_area_m2_webmercator": 199.0,
        "source_dataset": "Overture Maps buildings",
        "source_url": "https://docs.overturemaps.org/getting-data/",
        "source_release": "2026-09-23.1",
        "source_accessed_on": "2026-09-27",
        "geometry_role": "current building-footprint polygon",
        "linkage_semantics": "Overlap/proximity only; not evidence that the building hosts AI compute."
      }
    },
    {
      "type": "Feature",
      "id": "fd449a75-0515-4a0e-8296-acd7cd0a688b",
      "geometry": {
        "type": "Polygon",
        "coordinates": [
          [
            [
              -83.6330147,
              41.4738195
            ],
            [
              -83.6331003,
              41.4738188
            ],
            [
              -83.6330985,
              41.4736913
            ],
            [
              -83.633013,
              41.473692
            ],
            [
              -83.6330147,
              41.4738195
            ]
          ]
        ]
      },
      "properties": {
        "epoch_id": "EPOCH-177c53f92d72ec4a",
        "site_name": "Meta Bowling Green",
        "distance_to_site_km": 1.0489,
        "footprint_area_m2_webmercator": 180.42,
        "source_dataset": "Overture Maps buildings",
        "source_url": "https://docs.overturemaps.org/getting-data/",
        "source_release": "2026-09-23.1",
        "source_accessed_on": "2026-09-27",
        "geometry_role": "current building-footprint polygon",
        "linkage_semantics": "Overlap/proximity only; not evidence that the building hosts AI compute."
      }
    },
    {
      "type": "Feature",
      "id": "ed26d8c4-9d29-4661-9d29-6f7c4a989260",
      "geometry": {
        "type": "Polygon",
        "coordinates": [
          [
            [
              -83.6295959,
              41.4697541
            ],
            [
              -83.629591,
              41.4700005
            ],
            [
              -83.6297948,
              41.4700028
            ],
            [
              -83.6297997,
              41.4697564
            ],
            [
              -83.6295959,
              41.4697541
            ]
          ]
        ]
      },
      "properties": {
        "epoch_id": "EPOCH-177c53f92d72ec4a",
        "site_name": "Meta Bowling Green",
        "distance_to_site_km": 0.9162,
        "footprint_area_m2_webmercator": 830.67,
        "source_dataset": "Overture Maps buildings",
        "source_url": "https://docs.overturemaps.org/getting-data/",
        "source_release": "2026-09-23.1",
        "source_accessed_on": "2026-09-27",
        "geometry_role": "current building-footprint polygon",
        "linkage_semantics": "Overlap/proximity only; not evidence that the building hosts AI compute."
      }
    },
    {
      "type": "Feature",
      "id": "6ce4d56a-44e4-4df6-b850-2e1d6ac1e338",
      "geometry": {
        "type": "Polygon",
        "coordinates": [
          [
            [
              -83.6296031,
              41.4694736
            ],
            [
              -83.6296033,
              41.4694374
            ],
            [
              -83.6295791,
              41.4694373
            ],
            [
              -83.6295795,
              41.4693629
            ],
            [
              -83.6294427,
              41.4693626
            ],
            [
              -83.6294423,
              41.469447
            ],
            [
              -83.6294772,
              41.4694471
            ],
            [
              -83.6294766,
              41.4695596
            ],
            [
              -83.6295785,
              41.4695599
            ],
            [
              -83.629579,
              41.4694735
            ],
            [
              -83.6296031,
              41.4694736
            ]
          ]
        ]
      },
      "properties": {
        "epoch_id": "EPOCH-177c53f92d72ec4a",
        "site_name": "Meta Bowling Green",
        "distance_to_site_km": 0.904,
        "footprint_area_m2_webmercator": 395.1,
        "source_dataset": "Overture Maps buildings",
        "source_url": "https://docs.overturemaps.org/getting-data/",
        "source_release": "2026-09-23.1",
        "source_accessed_on": "2026-09-27",
        "geometry_role": "current building-footprint polygon",
        "linkage_semantics": "Overlap/proximity only; not evidence that the building hosts AI compute."
      }
    },
    {
      "type": "Feature",
      "id": "7a5f5928-1478-40f7-8612-1d5a18b09eda",
      "geometry": {
        "type": "Polygon",
        "coordinates": [
          [
            [
              -83.6284173,
              41.4709628
            ],
            [
              -83.628538,
              41.4709618
            ],
            [
              -83.6285359,
              41.4708172
            ],
            [
              -83.6284152,
              41.4708182
            ],
            [
              -83.6284173,
              41.4709628
            ]
          ]
        ]
      },
      "properties": {
        "epoch_id": "EPOCH-177c53f92d72ec4a",
        "site_name": "Meta Bowling Green",
        "distance_to_site_km": 1.0632,
        "footprint_area_m2_webmercator": 288.68,
        "source_dataset": "Overture Maps buildings",
        "source_url": "https://docs.overturemaps.org/getting-data/",
        "source_release": "2026-09-23.1",
        "source_accessed_on": "2026-09-27",
        "geometry_role": "current building-footprint polygon",
        "linkage_semantics": "Overlap/proximity only; not evidence that the building hosts AI compute."
      }
    },
    {
      "type": "Feature",
      "id": "25df45f6-5a20-4e3b-8aba-eaf61f1699b6",
      "geometry": {
        "type": "Polygon",
        "coordinates": [
          [
            [
              -83.6283567,
              41.4709039
            ],
            [
              -83.6283562,
              41.4708195
            ],
            [
              -83.628265,
              41.4708198
            ],
            [
              -83.6282655,
              41.4709042
            ],
            [
              -83.6283567,
              41.4709039
            ]
          ]
        ]
      },
      "properties": {
        "epoch_id": "EPOCH-177c53f92d72ec4a",
        "site_name": "Meta Bowling Green",
        "distance_to_site_km": 1.0728,
        "footprint_area_m2_webmercator": 127.3,
        "source_dataset": "Overture Maps buildings",
        "source_url": "https://docs.overturemaps.org/getting-data/",
        "source_release": "2026-09-23.1",
        "source_accessed_on": "2026-09-27",
        "geometry_role": "current building-footprint polygon",
        "linkage_semantics": "Overlap/proximity only; not evidence that the building hosts AI compute."
      }
    },
    {
      "type": "Feature",
      "id": "db27aeaf-9108-423c-a950-c3a90b15fb19",
      "geometry": {
        "type": "Polygon",
        "coordinates": [
          [
            [
              -83.6283346,
              41.4722662
            ],
            [
              -83.6283311,
              41.4724209
            ],
            [
              -83.6284652,
              41.4724225
            ],
            [
              -83.6284667,
              41.4723562
            ],
            [
              -83.6284506,
              41.472356
            ],
            [
              -83.6284526,
              41.4722676
            ],
            [
              -83.6283346,
              41.4722662
            ]
          ]
        ]
      },
      "properties": {
        "epoch_id": "EPOCH-177c53f92d72ec4a",
        "site_name": "Meta Bowling Green",
        "distance_to_site_km": 1.1686,
        "footprint_area_m2_webmercator": 319.66,
        "source_dataset": "Overture Maps buildings",
        "source_url": "https://docs.overturemaps.org/getting-data/",
        "source_release": "2026-09-23.1",
        "source_accessed_on": "2026-09-27",
        "geometry_role": "current building-footprint polygon",
        "linkage_semantics": "Overlap/proximity only; not evidence that the building hosts AI compute."
      }
    },
    {
      "type": "Feature",
      "id": "070e2001-5269-43e4-8281-dce157b63769",
      "geometry": {
        "type": "Polygon",
        "coordinates": [
          [
            [
              -83.6239548,
              41.4782585
            ],
            [
              -83.6241426,
              41.4782575
            ],
            [
              -83.6241415,
              41.4781519
            ],
            [
              -83.6239538,
              41.4781529
            ],
            [
              -83.6239548,
              41.4782585
            ]
          ]
        ]
      },
      "properties": {
        "epoch_id": "EPOCH-177c53f92d72ec4a",
        "site_name": "Meta Bowling Green",
        "distance_to_site_km": 1.8873,
        "footprint_area_m2_webmercator": 327.95,
        "source_dataset": "Overture Maps buildings",
        "source_url": "https://docs.overturemaps.org/getting-data/",
        "source_release": "2026-09-23.1",
        "source_accessed_on": "2026-09-27",
        "geometry_role": "current building-footprint polygon",
        "linkage_semantics": "Overlap/proximity only; not evidence that the building hosts AI compute."
      }
    },
    {
      "type": "Feature",
      "id": "2a1114f8-c428-419f-918b-2f1d15e11f28",
      "geometry": {
        "type": "Polygon",
        "coordinates": [
          [
            [
              -83.6240472,
              41.4785073
            ],
            [
              -83.6242779,
              41.4785058
            ],
            [
              -83.6242766,
              41.4783893
            ],
            [
              -83.6240459,
              41.4783908
            ],
            [
              -83.6240472,
              41.4785073
            ]
          ]
        ]
      },
      "properties": {
        "epoch_id": "EPOCH-177c53f92d72ec4a",
        "site_name": "Meta Bowling Green",
        "distance_to_site_km": 1.9016,
        "footprint_area_m2_webmercator": 444.58,
        "source_dataset": "Overture Maps buildings",
        "source_url": "https://docs.overturemaps.org/getting-data/",
        "source_release": "2026-09-23.1",
        "source_accessed_on": "2026-09-27",
        "geometry_role": "current building-footprint polygon",
        "linkage_semantics": "Overlap/proximity only; not evidence that the building hosts AI compute."
      }
    },
    {
      "type": "Feature",
      "id": "30237fca-d14f-4095-a975-186752bcaea8",
      "geometry": {
        "type": "Polygon",
        "coordinates": [
          [
            [
              -83.6244877,
              41.4782399
            ],
            [
              -83.6244866,
              41.4782167
            ],
            [
              -83.6245267,
              41.4782156
            ],
            [
              -83.6245232,
              41.4781405
            ],
            [
              -83.624416,
              41.4781433
            ],
            [
              -83.6244207,
              41.4782417
            ],
            [
              -83.6244877,
              41.4782399
            ]
          ]
        ]
      },
      "properties": {
        "epoch_id": "EPOCH-177c53f92d72ec4a",
        "site_name": "Meta Bowling Green",
        "distance_to_site_km": 1.8629,
        "footprint_area_m2_webmercator": 159.12,
        "source_dataset": "Overture Maps buildings",
        "source_url": "https://docs.overturemaps.org/getting-data/",
        "source_release": "2026-09-23.1",
        "source_accessed_on": "2026-09-27",
        "geometry_role": "current building-footprint polygon",
        "linkage_semantics": "Overlap/proximity only; not evidence that the building hosts AI compute."
      }
    },
    {
      "type": "Feature",
      "id": "0e7090ca-dd39-4e77-8737-fe542fa194ef",
      "geometry": {
        "type": "Polygon",
        "coordinates": [
          [
            [
              -83.6189468,
              41.4799038
            ],
            [
              -83.6190151,
              41.4799027
            ],
            [
              -83.6190131,
              41.4798332
            ],
            [
              -83.6189447,
              41.4798343
            ],
            [
              -83.6189468,
              41.4799038
            ]
          ]
        ]
      },
      "properties": {
        "epoch_id": "EPOCH-177c53f92d72ec4a",
        "site_name": "Meta Bowling Green",
        "distance_to_site_km": 2.3126,
        "footprint_area_m2_webmercator": 78.61,
        "source_dataset": "Overture Maps buildings",
        "source_url": "https://docs.overturemaps.org/getting-data/",
        "source_release": "2026-09-23.1",
        "source_accessed_on": "2026-09-27",
        "geometry_role": "current building-footprint polygon",
        "linkage_semantics": "Overlap/proximity only; not evidence that the building hosts AI compute."
      }
    },
    {
      "type": "Feature",
      "id": "4e9c45c4-b7b7-4268-ba11-283cd25a72c3",
      "geometry": {
        "type": "Polygon",
        "coordinates": [
          [
            [
              -83.619365,
              41.4799505
            ],
            [
              -83.6193677,
              41.4798701
            ],
            [
              -83.6191787,
              41.4798667
            ],
            [
              -83.619176,
              41.479947
            ],
            [
              -83.619365,
              41.4799505
            ]
          ]
        ]
      },
      "properties": {
        "epoch_id": "EPOCH-177c53f92d72ec4a",
        "site_name": "Meta Bowling Green",
        "distance_to_site_km": 2.2983,
        "footprint_area_m2_webmercator": 251.34,
        "source_dataset": "Overture Maps buildings",
        "source_url": "https://docs.overturemaps.org/getting-data/",
        "source_release": "2026-09-23.1",
        "source_accessed_on": "2026-09-27",
        "geometry_role": "current building-footprint polygon",
        "linkage_semantics": "Overlap/proximity only; not evidence that the building hosts AI compute."
      }
    },
    {
      "type": "Feature",
      "id": "9223d3ec-e95b-479f-9903-3f8c56253c3e",
      "geometry": {
        "type": "Polygon",
        "coordinates": [
          [
            [
              -83.6193384,
              41.4795991
            ],
            [
              -83.619337,
              41.4795167
            ],
            [
              -83.6191842,
              41.4795181
            ],
            [
              -83.6191855,
              41.4796004
            ],
            [
              -83.6193384,
              41.4795991
            ]
          ]
        ]
      },
      "properties": {
        "epoch_id": "EPOCH-177c53f92d72ec4a",
        "site_name": "Meta Bowling Green",
        "distance_to_site_km": 2.2718,
        "footprint_area_m2_webmercator": 208.23,
        "source_dataset": "Overture Maps buildings",
        "source_url": "https://docs.overturemaps.org/getting-data/",
        "source_release": "2026-09-23.1",
        "source_accessed_on": "2026-09-27",
        "geometry_role": "current building-footprint polygon",
        "linkage_semantics": "Overlap/proximity only; not evidence that the building hosts AI compute."
      }
    },
    {
      "type": "Feature",
      "id": "a9b97939-4397-45ba-ba84-503e21a56b23",
      "geometry": {
        "type": "Polygon",
        "coordinates": [
          [
            [
              -83.6193678,
              41.4777618
            ],
            [
              -83.6195849,
              41.4777576
            ],
            [
              -83.6195819,
              41.4776692
            ],
            [
              -83.6193648,
              41.4776734
            ],
            [
              -83.6193678,
              41.4777618
            ]
          ]
        ]
      },
      "properties": {
        "epoch_id": "EPOCH-177c53f92d72ec4a",
        "site_name": "Meta Bowling Green",
        "distance_to_site_km": 2.1214,
        "footprint_area_m2_webmercator": 317.64,
        "source_dataset": "Overture Maps buildings",
        "source_url": "https://docs.overturemaps.org/getting-data/",
        "source_release": "2026-09-23.1",
        "source_accessed_on": "2026-09-27",
        "geometry_role": "current building-footprint polygon",
        "linkage_semantics": "Overlap/proximity only; not evidence that the building hosts AI compute."
      }
    },
    {
      "type": "Feature",
      "id": "43ab1358-cd23-4122-826f-1eca1c619d28",
      "geometry": {
        "type": "Polygon",
        "coordinates": [
          [
            [
              -83.6194602,
              41.4775217
            ],
            [
              -83.6193787,
              41.4775235
            ],
            [
              -83.6193812,
              41.4775897
            ],
            [
              -83.6194628,
              41.477588
            ],
            [
              -83.6194602,
              41.4775217
            ]
          ]
        ]
      },
      "properties": {
        "epoch_id": "EPOCH-177c53f92d72ec4a",
        "site_name": "Meta Bowling Green",
        "distance_to_site_km": 2.1135,
        "footprint_area_m2_webmercator": 89.43,
        "source_dataset": "Overture Maps buildings",
        "source_url": "https://docs.overturemaps.org/getting-data/",
        "source_release": "2026-09-23.1",
        "source_accessed_on": "2026-09-27",
        "geometry_role": "current building-footprint polygon",
        "linkage_semantics": "Overlap/proximity only; not evidence that the building hosts AI compute."
      }
    },
    {
      "type": "Feature",
      "id": "7fab8580-2bb8-463d-bb01-c4ad72786777",
      "geometry": {
        "type": "Polygon",
        "coordinates": [
          [
            [
              -83.6188481,
              41.4775323
            ],
            [
              -83.61923,
              41.4775378
            ],
            [
              -83.6192327,
              41.4774333
            ],
            [
              -83.6190787,
              41.4774311
            ],
            [
              -83.6190802,
              41.4773728
            ],
            [
              -83.6188523,
              41.4773695
            ],
            [
              -83.6188481,
              41.4775323
            ]
          ]
        ]
      },
      "properties": {
        "epoch_id": "EPOCH-177c53f92d72ec4a",
        "site_name": "Meta Bowling Green",
        "distance_to_site_km": 2.1326,
        "footprint_area_m2_webmercator": 880.12,
        "source_dataset": "Overture Maps buildings",
        "source_url": "https://docs.overturemaps.org/getting-data/",
        "source_release": "2026-09-23.1",
        "source_accessed_on": "2026-09-27",
        "geometry_role": "current building-footprint polygon",
        "linkage_semantics": "Overlap/proximity only; not evidence that the building hosts AI compute."
      }
    },
    {
      "type": "Feature",
      "id": "d786b217-0052-4e8c-b91a-bf075b9149ca",
      "geometry": {
        "type": "Polygon",
        "coordinates": [
          [
            [
              -83.6266066,
              41.4584871
            ],
            [
              -83.6264805,
              41.4584856
            ],
            [
              -83.6264778,
              41.4586109
            ],
            [
              -83.6266039,
              41.4586125
            ],
            [
              -83.6266066,
              41.4584871
            ]
          ]
        ]
      },
      "properties": {
        "epoch_id": "EPOCH-177c53f92d72ec4a",
        "site_name": "Meta Bowling Green",
        "distance_to_site_km": 1.2844,
        "footprint_area_m2_webmercator": 261.43,
        "source_dataset": "Overture Maps buildings",
        "source_url": "https://docs.overturemaps.org/getting-data/",
        "source_release": "2026-09-23.1",
        "source_accessed_on": "2026-09-27",
        "geometry_role": "current building-footprint polygon",
        "linkage_semantics": "Overlap/proximity only; not evidence that the building hosts AI compute."
      }
    },
    {
      "type": "Feature",
      "id": "d17d2f20-8508-4f97-885d-64478d651fe8",
      "geometry": {
        "type": "Polygon",
        "coordinates": [
          [
            [
              -83.6270884,
              41.4585128
            ],
            [
              -83.6269919,
              41.4585106
            ],
            [
              -83.6269894,
              41.4585729
            ],
            [
              -83.6270859,
              41.4585751
            ],
            [
              -83.6270884,
              41.4585128
            ]
          ]
        ]
      },
      "properties": {
        "epoch_id": "EPOCH-177c53f92d72ec4a",
        "site_name": "Meta Bowling Green",
        "distance_to_site_km": 1.2518,
        "footprint_area_m2_webmercator": 99.5,
        "source_dataset": "Overture Maps buildings",
        "source_url": "https://docs.overturemaps.org/getting-data/",
        "source_release": "2026-09-23.1",
        "source_accessed_on": "2026-09-27",
        "geometry_role": "current building-footprint polygon",
        "linkage_semantics": "Overlap/proximity only; not evidence that the building hosts AI compute."
      }
    },
    {
      "type": "Feature",
      "id": "25dbedf8-0e28-45b1-a562-50b9cc91614a",
      "geometry": {
        "type": "Polygon",
        "coordinates": [
          [
            [
              -83.6270426,
              41.4586439
            ],
            [
              -83.6266446,
              41.4586467
            ],
            [
              -83.626646,
              41.4587553
            ],
            [
              -83.6270439,
              41.4587524
            ],
            [
              -83.6270426,
              41.4586439
            ]
          ]
        ]
      },
      "properties": {
        "epoch_id": "EPOCH-177c53f92d72ec4a",
        "site_name": "Meta Bowling Green",
        "distance_to_site_km": 1.2543,
        "footprint_area_m2_webmercator": 714.34,
        "source_dataset": "Overture Maps buildings",
        "source_url": "https://docs.overturemaps.org/getting-data/",
        "source_release": "2026-09-23.1",
        "source_accessed_on": "2026-09-27",
        "geometry_role": "current building-footprint polygon",
        "linkage_semantics": "Overlap/proximity only; not evidence that the building hosts AI compute."
      }
    },
    {
      "type": "Feature",
      "id": "eb4842d2-f127-4aa3-a30f-1695f527c860",
      "geometry": {
        "type": "Polygon",
        "coordinates": [
          [
            [
              -83.6293915,
              41.4597521
            ],
            [
              -83.6294317,
              41.4597526
            ],
            [
              -83.6294294,
              41.4598543
            ],
            [
              -83.6295383,
              41.4598556
            ],
            [
              -83.6295405,
              41.459758
            ],
            [
              -83.6294816,
              41.4597572
            ],
            [
              -83.6294828,
              41.4597002
            ],
            [
              -83.6293927,
              41.459699
            ],
            [
              -83.6293915,
              41.4597521
            ]
          ]
        ]
      },
      "properties": {
        "epoch_id": "EPOCH-177c53f92d72ec4a",
        "site_name": "Meta Bowling Green",
        "distance_to_site_km": 1.0074,
        "footprint_area_m2_webmercator": 258.33,
        "source_dataset": "Overture Maps buildings",
        "source_url": "https://docs.overturemaps.org/getting-data/",
        "source_release": "2026-09-23.1",
        "source_accessed_on": "2026-09-27",
        "geometry_role": "current building-footprint polygon",
        "linkage_semantics": "Overlap/proximity only; not evidence that the building hosts AI compute."
      }
    },
    {
      "type": "Feature",
      "id": "f89dd516-7c76-4d4d-9c00-9289c07119dc",
      "geometry": {
        "type": "Polygon",
        "coordinates": [
          [
            [
              -83.6295442,
              41.4591116
            ],
            [
              -83.629548,
              41.4590543
            ],
            [
              -83.6293821,
              41.4590481
            ],
            [
              -83.6293706,
              41.4592226
            ],
            [
              -83.629507,
              41.4592277
            ],
            [
              -83.6295148,
              41.4591106
            ],
            [
              -83.6295442,
              41.4591116
            ]
          ]
        ]
      },
      "properties": {
        "epoch_id": "EPOCH-177c53f92d72ec4a",
        "site_name": "Meta Bowling Green",
        "distance_to_site_km": 1.0549,
        "footprint_area_m2_webmercator": 422.66,
        "source_dataset": "Overture Maps buildings",
        "source_url": "https://docs.overturemaps.org/getting-data/",
        "source_release": "2026-09-23.1",
        "source_accessed_on": "2026-09-27",
        "geometry_role": "current building-footprint polygon",
        "linkage_semantics": "Overlap/proximity only; not evidence that the building hosts AI compute."
      }
    },
    {
      "type": "Feature",
      "id": "50e43abc-c044-493e-9be6-dddc470aa0dd",
      "geometry": {
        "type": "Polygon",
        "coordinates": [
          [
            [
              -83.628385,
              41.4570904
            ],
            [
              -83.6283887,
              41.4569988
            ],
            [
              -83.6281662,
              41.4569937
            ],
            [
              -83.6281625,
              41.4570854
            ],
            [
              -83.628385,
              41.4570904
            ]
          ]
        ]
      },
      "properties": {
        "epoch_id": "EPOCH-177c53f92d72ec4a",
        "site_name": "Meta Bowling Green",
        "distance_to_site_km": 1.2869,
        "footprint_area_m2_webmercator": 337.49,
        "source_dataset": "Overture Maps buildings",
        "source_url": "https://docs.overturemaps.org/getting-data/",
        "source_release": "2026-09-23.1",
        "source_accessed_on": "2026-09-27",
        "geometry_role": "current building-footprint polygon",
        "linkage_semantics": "Overlap/proximity only; not evidence that the building hosts AI compute."
      }
    },
    {
      "type": "Feature",
      "id": "d25c7793-2680-4887-b5a5-5b8eac00bd21",
      "geometry": {
        "type": "Polygon",
        "coordinates": [
          [
            [
              -83.6276738,
              41.4573994
            ],
            [
              -83.6278845,
              41.4574024
            ],
            [
              -83.6278908,
              41.4571539
            ],
            [
              -83.6276801,
              41.4571509
            ],
            [
              -83.6276738,
              41.4573994
            ]
          ]
        ]
      },
      "properties": {
        "epoch_id": "EPOCH-177c53f92d72ec4a",
        "site_name": "Meta Bowling Green",
        "distance_to_site_km": 1.2973,
        "footprint_area_m2_webmercator": 866.06,
        "source_dataset": "Overture Maps buildings",
        "source_url": "https://docs.overturemaps.org/getting-data/",
        "source_release": "2026-09-23.1",
        "source_accessed_on": "2026-09-27",
        "geometry_role": "current building-footprint polygon",
        "linkage_semantics": "Overlap/proximity only; not evidence that the building hosts AI compute."
      }
    },
    {
      "type": "Feature",
      "id": "58f46432-4054-4d14-b3f1-29d4ab3db5f6",
      "geometry": {
        "type": "Polygon",
        "coordinates": [
          [
            [
              -83.6286346,
              41.4506101
            ],
            [
              -83.6284254,
              41.4506075
            ],
            [
              -83.6284224,
              41.4507442
            ],
            [
              -83.6286315,
              41.4507468
            ],
            [
              -83.6286346,
              41.4506101
            ]
          ]
        ]
      },
      "properties": {
        "epoch_id": "EPOCH-177c53f92d72ec4a",
        "site_name": "Meta Bowling Green",
        "distance_to_site_km": 1.8542,
        "footprint_area_m2_webmercator": 472.83,
        "source_dataset": "Overture Maps buildings",
        "source_url": "https://docs.overturemaps.org/getting-data/",
        "source_release": "2026-09-23.1",
        "source_accessed_on": "2026-09-27",
        "geometry_role": "current building-footprint polygon",
        "linkage_semantics": "Overlap/proximity only; not evidence that the building hosts AI compute."
      }
    },
    {
      "type": "Feature",
      "id": "afffe8b4-f026-4dd1-9bfa-4a78a06c2eb0",
      "geometry": {
        "type": "Polygon",
        "coordinates": [
          [
            [
              -83.6285982,
              41.4496013
            ],
            [
              -83.6284909,
              41.4496004
            ],
            [
              -83.6284898,
              41.4496728
            ],
            [
              -83.6285971,
              41.4496737
            ],
            [
              -83.6285982,
              41.4496013
            ]
          ]
        ]
      },
      "properties": {
        "epoch_id": "EPOCH-177c53f92d72ec4a",
        "site_name": "Meta Bowling Green",
        "distance_to_site_km": 1.9566,
        "footprint_area_m2_webmercator": 128.45,
        "source_dataset": "Overture Maps buildings",
        "source_url": "https://docs.overturemaps.org/getting-data/",
        "source_release": "2026-09-23.1",
        "source_accessed_on": "2026-09-27",
        "geometry_role": "current building-footprint polygon",
        "linkage_semantics": "Overlap/proximity only; not evidence that the building hosts AI compute."
      }
    },
    {
      "type": "Feature",
      "id": "cdaaa9c8-fe88-4563-a504-c1fd6ae2294c",
      "geometry": {
        "type": "Polygon",
        "coordinates": [
          [
            [
              -83.6285098,
              41.4497106
            ],
            [
              -83.6284803,
              41.44971
            ],
            [
              -83.6284774,
              41.4497944
            ],
            [
              -83.6285069,
              41.449795
            ],
            [
              -83.6285098,
              41.4497106
            ]
          ]
        ]
      },
      "properties": {
        "epoch_id": "EPOCH-177c53f92d72ec4a",
        "site_name": "Meta Bowling Green",
        "distance_to_site_km": 1.947,
        "footprint_area_m2_webmercator": 41.19,
        "source_dataset": "Overture Maps buildings",
        "source_url": "https://docs.overturemaps.org/getting-data/",
        "source_release": "2026-09-23.1",
        "source_accessed_on": "2026-09-27",
        "geometry_role": "current building-footprint polygon",
        "linkage_semantics": "Overlap/proximity only; not evidence that the building hosts AI compute."
      }
    },
    {
      "type": "Feature",
      "id": "f57309f1-8b7e-4198-9de0-723caaf51e3c",
      "geometry": {
        "type": "Polygon",
        "coordinates": [
          [
            [
              -83.6285143,
              41.4497036
            ],
            [
              -83.6285153,
              41.4497969
            ],
            [
              -83.6286896,
              41.4497958
            ],
            [
              -83.6286886,
              41.4497025
            ],
            [
              -83.6285143,
              41.4497036
            ]
          ]
        ]
      },
      "properties": {
        "epoch_id": "EPOCH-177c53f92d72ec4a",
        "site_name": "Meta Bowling Green",
        "distance_to_site_km": 1.9432,
        "footprint_area_m2_webmercator": 268.88,
        "source_dataset": "Overture Maps buildings",
        "source_url": "https://docs.overturemaps.org/getting-data/",
        "source_release": "2026-09-23.1",
        "source_accessed_on": "2026-09-27",
        "geometry_role": "current building-footprint polygon",
        "linkage_semantics": "Overlap/proximity only; not evidence that the building hosts AI compute."
      }
    },
    {
      "type": "Feature",
      "id": "eea6e5af-2c0e-4258-99c4-5f210546ec08",
      "geometry": {
        "type": "Polygon",
        "coordinates": [
          [
            [
              -83.6281431,
              41.4504411
            ],
            [
              -83.6282987,
              41.4504426
            ],
            [
              -83.6283013,
              41.4502959
            ],
            [
              -83.6281458,
              41.4502944
            ],
            [
              -83.6281431,
              41.4504411
            ]
          ]
        ]
      },
      "properties": {
        "epoch_id": "EPOCH-177c53f92d72ec4a",
        "site_name": "Meta Bowling Green",
        "distance_to_site_km": 1.8965,
        "footprint_area_m2_webmercator": 377.34,
        "source_dataset": "Overture Maps buildings",
        "source_url": "https://docs.overturemaps.org/getting-data/",
        "source_release": "2026-09-23.1",
        "source_accessed_on": "2026-09-27",
        "geometry_role": "current building-footprint polygon",
        "linkage_semantics": "Overlap/proximity only; not evidence that the building hosts AI compute."
      }
    },
    {
      "type": "Feature",
      "id": "07dbe076-65ed-4354-86af-5d4b27830c17",
      "geometry": {
        "type": "Polygon",
        "coordinates": [
          [
            [
              -83.6269279,
              41.4483366
            ],
            [
              -83.6270312,
              41.4483345
            ],
            [
              -83.6270268,
              41.4482119
            ],
            [
              -83.6268431,
              41.4482156
            ],
            [
              -83.6268467,
              41.4483161
            ],
            [
              -83.6269271,
              41.4483145
            ],
            [
              -83.6269279,
              41.4483366
            ]
          ]
        ]
      },
      "properties": {
        "epoch_id": "EPOCH-177c53f92d72ec4a",
        "site_name": "Meta Bowling Green",
        "distance_to_site_km": 2.1526,
        "footprint_area_m2_webmercator": 343.25,
        "source_dataset": "Overture Maps buildings",
        "source_url": "https://docs.overturemaps.org/getting-data/",
        "source_release": "2026-09-23.1",
        "source_accessed_on": "2026-09-27",
        "geometry_role": "current building-footprint polygon",
        "linkage_semantics": "Overlap/proximity only; not evidence that the building hosts AI compute."
      }
    },
    {
      "type": "Feature",
      "id": "96c9ff4b-bac1-4c9e-ab90-366ffea92edc",
      "geometry": {
        "type": "Polygon",
        "coordinates": [
          [
            [
              -83.6274037,
              41.4482458
            ],
            [
              -83.627407,
              41.4481293
            ],
            [
              -83.6271055,
              41.4481246
            ],
            [
              -83.6271022,
              41.4482411
            ],
            [
              -83.6274037,
              41.4482458
            ]
          ]
        ]
      },
      "properties": {
        "epoch_id": "EPOCH-177c53f92d72ec4a",
        "site_name": "Meta Bowling Green",
        "distance_to_site_km": 2.1491,
        "footprint_area_m2_webmercator": 580.96,
        "source_dataset": "Overture Maps buildings",
        "source_url": "https://docs.overturemaps.org/getting-data/",
        "source_release": "2026-09-23.1",
        "source_accessed_on": "2026-09-27",
        "geometry_role": "current building-footprint polygon",
        "linkage_semantics": "Overlap/proximity only; not evidence that the building hosts AI compute."
      }
    },
    {
      "type": "Feature",
      "id": "8a75a779-b08b-44ab-a28f-1c5075a638b2",
      "geometry": {
        "type": "Polygon",
        "coordinates": [
          [
            [
              -83.6278403,
              41.4486497
            ],
            [
              -83.6279245,
              41.4486523
            ],
            [
              -83.6279284,
              41.4485787
            ],
            [
              -83.6276514,
              41.4485703
            ],
            [
              -83.6276472,
              41.4486499
            ],
            [
              -83.6276686,
              41.4486505
            ],
            [
              -83.6276664,
              41.4486907
            ],
            [
              -83.6276435,
              41.44869
            ],
            [
              -83.6276412,
              41.4487321
            ],
            [
              -83.6278355,
              41.448738
            ],
            [
              -83.6278403,
              41.4486497
            ]
          ]
        ]
      },
      "properties": {
        "epoch_id": "EPOCH-177c53f92d72ec4a",
        "site_name": "Meta Bowling Green",
        "distance_to_site_km": 2.0839,
        "footprint_area_m2_webmercator": 606.1,
        "source_dataset": "Overture Maps buildings",
        "source_url": "https://docs.overturemaps.org/getting-data/",
        "source_release": "2026-09-23.1",
        "source_accessed_on": "2026-09-27",
        "geometry_role": "current building-footprint polygon",
        "linkage_semantics": "Overlap/proximity only; not evidence that the building hosts AI compute."
      }
    },
    {
      "type": "Feature",
      "id": "951414b9-21bf-4854-be26-a48302c21e4f",
      "geometry": {
        "type": "Polygon",
        "coordinates": [
          [
            [
              -83.6294693,
              41.449168
            ],
            [
              -83.6293888,
              41.4491669
            ],
            [
              -83.6293894,
              41.4491427
            ],
            [
              -83.6292377,
              41.4491406
            ],
            [
              -83.6292355,
              41.449229
            ],
            [
              -83.6293443,
              41.4492305
            ],
            [
              -83.6293436,
              41.4492587
            ],
            [
              -83.6294669,
              41.4492604
            ],
            [
              -83.6294693,
              41.449168
            ]
          ]
        ]
      },
      "properties": {
        "epoch_id": "EPOCH-177c53f92d72ec4a",
        "site_name": "Meta Bowling Green",
        "distance_to_site_km": 1.9721,
        "footprint_area_m2_webmercator": 364.72,
        "source_dataset": "Overture Maps buildings",
        "source_url": "https://docs.overturemaps.org/getting-data/",
        "source_release": "2026-09-23.1",
        "source_accessed_on": "2026-09-27",
        "geometry_role": "current building-footprint polygon",
        "linkage_semantics": "Overlap/proximity only; not evidence that the building hosts AI compute."
      }
    },
    {
      "type": "Feature",
      "id": "1cfd5cdd-d558-4e68-b31f-832b7acf7bf9",
      "geometry": {
        "type": "Polygon",
        "coordinates": [
          [
            [
              -83.6206199,
              41.4450824
            ],
            [
              -83.619709,
              41.4450767
            ],
            [
              -83.619703,
              41.4456157
            ],
            [
              -83.6204802,
              41.4456206
            ],
            [
              -83.620462,
              41.4472595
            ],
            [
              -83.6201671,
              41.4472577
            ],
            [
              -83.6201662,
              41.4473435
            ],
            [
              -83.6210398,
              41.4473489
            ],
            [
              -83.6210405,
              41.4472841
            ],
            [
              -83.6211763,
              41.4472849
            ],
            [
              -83.6211946,
              41.4456417
            ],
            [
              -83.6206137,
              41.4456381
            ],
            [
              -83.6206199,
              41.4450824
            ]
          ]
        ]
      },
      "properties": {
        "epoch_id": "EPOCH-177c53f92d72ec4a",
        "site_name": "Meta Bowling Green",
        "distance_to_site_km": 2.6277,
        "footprint_area_m2_webmercator": 28605.95,
        "source_dataset": "Overture Maps buildings",
        "source_url": "https://docs.overturemaps.org/getting-data/",
        "source_release": "2026-09-23.1",
        "source_accessed_on": "2026-09-27",
        "geometry_role": "current building-footprint polygon",
        "linkage_semantics": "Overlap/proximity only; not evidence that the building hosts AI compute."
      }
    },
    {
      "type": "Feature",
      "id": "a3a314b8-8ead-429c-acf1-1190cda9b16b",
      "geometry": {
        "type": "Polygon",
        "coordinates": [
          [
            [
              -83.6206786,
              41.445486
            ],
            [
              -83.6212474,
              41.4454866
            ],
            [
              -83.6212481,
              41.4451235
            ],
            [
              -83.6211624,
              41.4451234
            ],
            [
              -83.6211635,
              41.4445113
            ],
            [
              -83.6206805,
              41.4445108
            ],
            [
              -83.6206786,
              41.445486
            ]
          ]
        ]
      },
      "properties": {
        "epoch_id": "EPOCH-177c53f92d72ec4a",
        "site_name": "Meta Bowling Green",
        "distance_to_site_km": 2.7192,
        "footprint_area_m2_webmercator": 8302.33,
        "source_dataset": "Overture Maps buildings",
        "source_url": "https://docs.overturemaps.org/getting-data/",
        "source_release": "2026-09-23.1",
        "source_accessed_on": "2026-09-27",
        "geometry_role": "current building-footprint polygon",
        "linkage_semantics": "Overlap/proximity only; not evidence that the building hosts AI compute."
      }
    },
    {
      "type": "Feature",
      "id": "7d5c9bbb-0aaf-4276-8bb7-676b0e9096c3",
      "geometry": {
        "type": "Polygon",
        "coordinates": [
          [
            [
              -83.6210785,
              41.4455809
            ],
            [
              -83.6211402,
              41.4455795
            ],
            [
              -83.6211385,
              41.4455374
            ],
            [
              -83.6210769,
              41.4455387
            ],
            [
              -83.6210785,
              41.4455809
            ]
          ]
        ]
      },
      "properties": {
        "epoch_id": "EPOCH-177c53f92d72ec4a",
        "site_name": "Meta Bowling Green",
        "distance_to_site_km": 2.6613,
        "footprint_area_m2_webmercator": 43.0,
        "source_dataset": "Overture Maps buildings",
        "source_url": "https://docs.overturemaps.org/getting-data/",
        "source_release": "2026-09-23.1",
        "source_accessed_on": "2026-09-27",
        "geometry_role": "current building-footprint polygon",
        "linkage_semantics": "Overlap/proximity only; not evidence that the building hosts AI compute."
      }
    },
    {
      "type": "Feature",
      "id": "09272cac-28ca-4425-8786-06113220bff6",
      "geometry": {
        "type": "Polygon",
        "coordinates": [
          [
            [
              -83.6298298,
              41.4457619
            ],
            [
              -83.6299492,
              41.445764
            ],
            [
              -83.6299515,
              41.4456917
            ],
            [
              -83.6298321,
              41.4456895
            ],
            [
              -83.6298298,
              41.4457619
            ]
          ]
        ]
      },
      "properties": {
        "epoch_id": "EPOCH-177c53f92d72ec4a",
        "site_name": "Meta Bowling Green",
        "distance_to_site_km": 2.3154,
        "footprint_area_m2_webmercator": 142.89,
        "source_dataset": "Overture Maps buildings",
        "source_url": "https://docs.overturemaps.org/getting-data/",
        "source_release": "2026-09-23.1",
        "source_accessed_on": "2026-09-27",
        "geometry_role": "current building-footprint polygon",
        "linkage_semantics": "Overlap/proximity only; not evidence that the building hosts AI compute."
      }
    },
    {
      "type": "Feature",
      "id": "d3c29ace-2173-4851-a308-9006ae8492d1",
      "geometry": {
        "type": "Polygon",
        "coordinates": [
          [
            [
              -83.6297064,
              41.4458369
            ],
            [
              -83.6297162,
              41.4460195
            ],
            [
              -83.6298353,
              41.446016
            ],
            [
              -83.6298255,
              41.4458333
            ],
            [
              -83.6297064,
              41.4458369
            ]
          ]
        ]
      },
      "properties": {
        "epoch_id": "EPOCH-177c53f92d72ec4a",
        "site_name": "Meta Bowling Green",
        "distance_to_site_km": 2.2977,
        "footprint_area_m2_webmercator": 360.2,
        "source_dataset": "Overture Maps buildings",
        "source_url": "https://docs.overturemaps.org/getting-data/",
        "source_release": "2026-09-23.1",
        "source_accessed_on": "2026-09-27",
        "geometry_role": "current building-footprint polygon",
        "linkage_semantics": "Overlap/proximity only; not evidence that the building hosts AI compute."
      }
    },
    {
      "type": "Feature",
      "id": "e8d62444-a3ab-4137-a7eb-9cbe0c9a920d",
      "geometry": {
        "type": "Polygon",
        "coordinates": [
          [
            [
              -83.6308568,
              41.4471888
            ],
            [
              -83.6309077,
              41.4471892
            ],
            [
              -83.6309084,
              41.4471369
            ],
            [
              -83.6308575,
              41.4471365
            ],
            [
              -83.6308568,
              41.4471888
            ]
          ]
        ]
      },
      "properties": {
        "epoch_id": "EPOCH-177c53f92d72ec4a",
        "site_name": "Meta Bowling Green",
        "distance_to_site_km": 2.1377,
        "footprint_area_m2_webmercator": 44.01,
        "source_dataset": "Overture Maps buildings",
        "source_url": "https://docs.overturemaps.org/getting-data/",
        "source_release": "2026-09-23.1",
        "source_accessed_on": "2026-09-27",
        "geometry_role": "current building-footprint polygon",
        "linkage_semantics": "Overlap/proximity only; not evidence that the building hosts AI compute."
      }
    },
    {
      "type": "Feature",
      "id": "6f03e3a8-fd49-438e-8e7d-a6ed3dad9759",
      "geometry": {
        "type": "Polygon",
        "coordinates": [
          [
            [
              -83.6301899,
              41.4470095
            ],
            [
              -83.6300586,
              41.4470121
            ],
            [
              -83.6300625,
              41.4471226
            ],
            [
              -83.6301938,
              41.44712
            ],
            [
              -83.6301899,
              41.4470095
            ]
          ]
        ]
      },
      "properties": {
        "epoch_id": "EPOCH-177c53f92d72ec4a",
        "site_name": "Meta Bowling Green",
        "distance_to_site_km": 2.1684,
        "footprint_area_m2_webmercator": 240.03,
        "source_dataset": "Overture Maps buildings",
        "source_url": "https://docs.overturemaps.org/getting-data/",
        "source_release": "2026-09-23.1",
        "source_accessed_on": "2026-09-27",
        "geometry_role": "current building-footprint polygon",
        "linkage_semantics": "Overlap/proximity only; not evidence that the building hosts AI compute."
      }
    },
    {
      "type": "Feature",
      "id": "3bcc8042-81b8-4305-bb28-ac7fb63602b0",
      "geometry": {
        "type": "Polygon",
        "coordinates": [
          [
            [
              -83.6298506,
              41.4469691
            ],
            [
              -83.6298436,
              41.4467722
            ],
            [
              -83.6297028,
              41.446775
            ],
            [
              -83.6297099,
              41.4469719
            ],
            [
              -83.6298506,
              41.4469691
            ]
          ]
        ]
      },
      "properties": {
        "epoch_id": "EPOCH-177c53f92d72ec4a",
        "site_name": "Meta Bowling Green",
        "distance_to_site_km": 2.1987,
        "footprint_area_m2_webmercator": 458.49,
        "source_dataset": "Overture Maps buildings",
        "source_url": "https://docs.overturemaps.org/getting-data/",
        "source_release": "2026-09-23.1",
        "source_accessed_on": "2026-09-27",
        "geometry_role": "current building-footprint polygon",
        "linkage_semantics": "Overlap/proximity only; not evidence that the building hosts AI compute."
      }
    },
    {
      "type": "Feature",
      "id": "6ee451dd-42cb-4431-827a-7acb1c290fea",
      "geometry": {
        "type": "Polygon",
        "coordinates": [
          [
            [
              -83.6297742,
              41.4490515
            ],
            [
              -83.6297783,
              41.448966
            ],
            [
              -83.6295827,
              41.4489608
            ],
            [
              -83.6295787,
              41.4490464
            ],
            [
              -83.6297742,
              41.4490515
            ]
          ]
        ]
      },
      "properties": {
        "epoch_id": "EPOCH-177c53f92d72ec4a",
        "site_name": "Meta Bowling Green",
        "distance_to_site_km": 1.981,
        "footprint_area_m2_webmercator": 276.93,
        "source_dataset": "Overture Maps buildings",
        "source_url": "https://docs.overturemaps.org/getting-data/",
        "source_release": "2026-09-23.1",
        "source_accessed_on": "2026-09-27",
        "geometry_role": "current building-footprint polygon",
        "linkage_semantics": "Overlap/proximity only; not evidence that the building hosts AI compute."
      }
    },
    {
      "type": "Feature",
      "id": "20f902fb-5832-4ff6-8ca1-d1724ad875e1",
      "geometry": {
        "type": "Polygon",
        "coordinates": [
          [
            [
              -83.6300279,
              41.4490427
            ],
            [
              -83.6298321,
              41.4490446
            ],
            [
              -83.6298353,
              41.4492187
            ],
            [
              -83.630031,
              41.4492167
            ],
            [
              -83.6300279,
              41.4490427
            ]
          ]
        ]
      },
      "properties": {
        "epoch_id": "EPOCH-177c53f92d72ec4a",
        "site_name": "Meta Bowling Green",
        "distance_to_site_km": 1.9601,
        "footprint_area_m2_webmercator": 563.38,
        "source_dataset": "Overture Maps buildings",
        "source_url": "https://docs.overturemaps.org/getting-data/",
        "source_release": "2026-09-23.1",
        "source_accessed_on": "2026-09-27",
        "geometry_role": "current building-footprint polygon",
        "linkage_semantics": "Overlap/proximity only; not evidence that the building hosts AI compute."
      }
    },
    {
      "type": "Feature",
      "id": "22c31d93-b96b-4cc7-ba09-a6f421a1ddae",
      "geometry": {
        "type": "Polygon",
        "coordinates": [
          [
            [
              -83.6297729,
              41.4493351
            ],
            [
              -83.6297753,
              41.4492749
            ],
            [
              -83.6296215,
              41.4492714
            ],
            [
              -83.629619,
              41.4493316
            ],
            [
              -83.6297729,
              41.4493351
            ]
          ]
        ]
      },
      "properties": {
        "epoch_id": "EPOCH-177c53f92d72ec4a",
        "site_name": "Meta Bowling Green",
        "distance_to_site_km": 1.95,
        "footprint_area_m2_webmercator": 153.26,
        "source_dataset": "Overture Maps buildings",
        "source_url": "https://docs.overturemaps.org/getting-data/",
        "source_release": "2026-09-23.1",
        "source_accessed_on": "2026-09-27",
        "geometry_role": "current building-footprint polygon",
        "linkage_semantics": "Overlap/proximity only; not evidence that the building hosts AI compute."
      }
    },
    {
      "type": "Feature",
      "id": "ab0d5c78-bbfd-41e7-a590-fd80fe4ddfea",
      "geometry": {
        "type": "Polygon",
        "coordinates": [
          [
            [
              -83.6344234,
              41.4579655
            ],
            [
              -83.6344252,
              41.4579021
            ],
            [
              -83.6342563,
              41.4578995
            ],
            [
              -83.6342569,
              41.4578774
            ],
            [
              -83.6341952,
              41.4578765
            ],
            [
              -83.6341919,
              41.4579961
            ],
            [
              -83.6343287,
              41.4579982
            ],
            [
              -83.6343296,
              41.457964
            ],
            [
              -83.6344234,
              41.4579655
            ]
          ]
        ]
      },
      "properties": {
        "epoch_id": "EPOCH-177c53f92d72ec4a",
        "site_name": "Meta Bowling Green",
        "distance_to_site_km": 0.9169,
        "footprint_area_m2_webmercator": 341.58,
        "source_dataset": "Overture Maps buildings",
        "source_url": "https://docs.overturemaps.org/getting-data/",
        "source_release": "2026-09-23.1",
        "source_accessed_on": "2026-09-27",
        "geometry_role": "current building-footprint polygon",
        "linkage_semantics": "Overlap/proximity only; not evidence that the building hosts AI compute."
      }
    },
    {
      "type": "Feature",
      "id": "2360567d-e073-4c47-bbdc-28af9a7a25d2",
      "geometry": {
        "type": "Polygon",
        "coordinates": [
          [
            [
              -83.6339301,
              41.4576599
            ],
            [
              -83.6341006,
              41.4576634
            ],
            [
              -83.6341038,
              41.457575
            ],
            [
              -83.633817,
              41.4575692
            ],
            [
              -83.6338149,
              41.4576254
            ],
            [
              -83.6338455,
              41.457626
            ],
            [
              -83.6338436,
              41.4576782
            ],
            [
              -83.6339294,
              41.45768
            ],
            [
              -83.6339301,
              41.4576599
            ]
          ]
        ]
      },
      "properties": {
        "epoch_id": "EPOCH-177c53f92d72ec4a",
        "site_name": "Meta Bowling Green",
        "distance_to_site_km": 0.9611,
        "footprint_area_m2_webmercator": 431.62,
        "source_dataset": "Overture Maps buildings",
        "source_url": "https://docs.overturemaps.org/getting-data/",
        "source_release": "2026-09-23.1",
        "source_accessed_on": "2026-09-27",
        "geometry_role": "current building-footprint polygon",
        "linkage_semantics": "Overlap/proximity only; not evidence that the building hosts AI compute."
      }
    },
    {
      "type": "Feature",
      "id": "bde66538-dc77-4bca-b643-df0b0726cbc7",
      "geometry": {
        "type": "Polygon",
        "coordinates": [
          [
            [
              -83.6308079,
              41.458559
            ],
            [
              -83.6308481,
              41.4585584
            ],
            [
              -83.6308454,
              41.4584559
            ],
            [
              -83.6306283,
              41.4584591
            ],
            [
              -83.6306308,
              41.4585587
            ],
            [
              -83.6307622,
              41.4585568
            ],
            [
              -83.6307631,
              41.4585898
            ],
            [
              -83.6308087,
              41.4585891
            ],
            [
              -83.6308079,
              41.458559
            ]
          ]
        ]
      },
      "properties": {
        "epoch_id": "EPOCH-177c53f92d72ec4a",
        "site_name": "Meta Bowling Green",
        "distance_to_site_km": 1.0275,
        "footprint_area_m2_webmercator": 384.66,
        "source_dataset": "Overture Maps buildings",
        "source_url": "https://docs.overturemaps.org/getting-data/",
        "source_release": "2026-09-23.1",
        "source_accessed_on": "2026-09-27",
        "geometry_role": "current building-footprint polygon",
        "linkage_semantics": "Overlap/proximity only; not evidence that the building hosts AI compute."
      }
    },
    {
      "type": "Feature",
      "id": "a839a00a-90fb-4d20-bfbb-ad0c6317844e",
      "geometry": {
        "type": "Polygon",
        "coordinates": [
          [
            [
              -83.6295546,
              41.4585738
            ],
            [
              -83.6299434,
              41.4585787
            ],
            [
              -83.629946,
              41.4584601
            ],
            [
              -83.6295572,
              41.4584552
            ],
            [
              -83.6295546,
              41.4585738
            ]
          ]
        ]
      },
      "properties": {
        "epoch_id": "EPOCH-177c53f92d72ec4a",
        "site_name": "Meta Bowling Green",
        "distance_to_site_km": 1.0837,
        "footprint_area_m2_webmercator": 762.67,
        "source_dataset": "Overture Maps buildings",
        "source_url": "https://docs.overturemaps.org/getting-data/",
        "source_release": "2026-09-23.1",
        "source_accessed_on": "2026-09-27",
        "geometry_role": "current building-footprint polygon",
        "linkage_semantics": "Overlap/proximity only; not evidence that the building hosts AI compute."
      }
    },
    {
      "type": "Feature",
      "id": "2b1eaa9f-2231-47c5-b632-44c05af0aa2d",
      "geometry": {
        "type": "Polygon",
        "coordinates": [
          [
            [
              -83.6299063,
              41.4590812
            ],
            [
              -83.6299094,
              41.4590158
            ],
            [
              -83.6298558,
              41.4590143
            ],
            [
              -83.6298527,
              41.4590798
            ],
            [
              -83.6299063,
              41.4590812
            ]
          ]
        ]
      },
      "properties": {
        "epoch_id": "EPOCH-177c53f92d72ec4a",
        "site_name": "Meta Bowling Green",
        "distance_to_site_km": 1.0348,
        "footprint_area_m2_webmercator": 58.08,
        "source_dataset": "Overture Maps buildings",
        "source_url": "https://docs.overturemaps.org/getting-data/",
        "source_release": "2026-09-23.1",
        "source_accessed_on": "2026-09-27",
        "geometry_role": "current building-footprint polygon",
        "linkage_semantics": "Overlap/proximity only; not evidence that the building hosts AI compute."
      }
    },
    {
      "type": "Feature",
      "id": "7eb2d53c-da39-450c-9691-92772e0462da",
      "geometry": {
        "type": "Polygon",
        "coordinates": [
          [
            [
              -83.6299851,
              41.4596533
            ],
            [
              -83.6299885,
              41.459585
            ],
            [
              -83.6298878,
              41.4595821
            ],
            [
              -83.6298843,
              41.4596504
            ],
            [
              -83.6299851,
              41.4596533
            ]
          ]
        ]
      },
      "properties": {
        "epoch_id": "EPOCH-177c53f92d72ec4a",
        "site_name": "Meta Bowling Green",
        "distance_to_site_km": 0.989,
        "footprint_area_m2_webmercator": 113.95,
        "source_dataset": "Overture Maps buildings",
        "source_url": "https://docs.overturemaps.org/getting-data/",
        "source_release": "2026-09-23.1",
        "source_accessed_on": "2026-09-27",
        "geometry_role": "current building-footprint polygon",
        "linkage_semantics": "Overlap/proximity only; not evidence that the building hosts AI compute."
      }
    },
    {
      "type": "Feature",
      "id": "f7db6de6-6f67-4f0c-95c4-1a90f2a5b719",
      "geometry": {
        "type": "Polygon",
        "coordinates": [
          [
            [
              -83.6312974,
              41.4585893
            ],
            [
              -83.6313779,
              41.4585901
            ],
            [
              -83.6313796,
              41.4584977
            ],
            [
              -83.6312992,
              41.4584968
            ],
            [
              -83.6312974,
              41.4585893
            ]
          ]
        ]
      },
      "properties": {
        "epoch_id": "EPOCH-177c53f92d72ec4a",
        "site_name": "Meta Bowling Green",
        "distance_to_site_km": 0.9924,
        "footprint_area_m2_webmercator": 123.01,
        "source_dataset": "Overture Maps buildings",
        "source_url": "https://docs.overturemaps.org/getting-data/",
        "source_release": "2026-09-23.1",
        "source_accessed_on": "2026-09-27",
        "geometry_role": "current building-footprint polygon",
        "linkage_semantics": "Overlap/proximity only; not evidence that the building hosts AI compute."
      }
    },
    {
      "type": "Feature",
      "id": "6540042b-3910-4ba9-9988-14c350c321ed",
      "geometry": {
        "type": "Polygon",
        "coordinates": [
          [
            [
              -83.6297172,
              41.4643908
            ],
            [
              -83.6301351,
              41.4644011
            ],
            [
              -83.6301416,
              41.4642525
            ],
            [
              -83.6297853,
              41.4642438
            ],
            [
              -83.6297788,
              41.4643915
            ],
            [
              -83.6295564,
              41.4643861
            ],
            [
              -83.6295529,
              41.4644664
            ],
            [
              -83.6295812,
              41.4644671
            ],
            [
              -83.6295764,
              41.4645763
            ],
            [
              -83.6297089,
              41.4645796
            ],
            [
              -83.6297172,
              41.4643908
            ]
          ]
        ]
      },
      "properties": {
        "epoch_id": "EPOCH-177c53f92d72ec4a",
        "site_name": "Meta Bowling Green",
        "distance_to_site_km": 0.7659,
        "footprint_area_m2_webmercator": 1330.55,
        "source_dataset": "Overture Maps buildings",
        "source_url": "https://docs.overturemaps.org/getting-data/",
        "source_release": "2026-09-23.1",
        "source_accessed_on": "2026-09-27",
        "geometry_role": "current building-footprint polygon",
        "linkage_semantics": "Overlap/proximity only; not evidence that the building hosts AI compute."
      }
    },
    {
      "type": "Feature",
      "id": "a874b5f2-29b0-421c-b7ae-adc573f3088e",
      "geometry": {
        "type": "Polygon",
        "coordinates": [
          [
            [
              -83.6303089,
              41.4650522
            ],
            [
              -83.6302418,
              41.4650508
            ],
            [
              -83.630236,
              41.4652187
            ],
            [
              -83.6304141,
              41.4652222
            ],
            [
              -83.6304209,
              41.4650254
            ],
            [
              -83.6303099,
              41.4650232
            ],
            [
              -83.6303089,
              41.4650522
            ]
          ]
        ]
      },
      "properties": {
        "epoch_id": "EPOCH-177c53f92d72ec4a",
        "site_name": "Meta Bowling Green",
        "distance_to_site_km": 0.7178,
        "footprint_area_m2_webmercator": 547.9,
        "source_dataset": "Overture Maps buildings",
        "source_url": "https://docs.overturemaps.org/getting-data/",
        "source_release": "2026-09-23.1",
        "source_accessed_on": "2026-09-27",
        "geometry_role": "current building-footprint polygon",
        "linkage_semantics": "Overlap/proximity only; not evidence that the building hosts AI compute."
      }
    },
    {
      "type": "Feature",
      "id": "a4f27ed8-8533-44fc-8e16-fd83c6276302",
      "geometry": {
        "type": "Polygon",
        "coordinates": [
          [
            [
              -83.63988,
              41.459739
            ],
            [
              -83.6398819,
              41.459341
            ],
            [
              -83.6398315,
              41.4593409
            ],
            [
              -83.6398319,
              41.4592767
            ],
            [
              -83.6399037,
              41.459277
            ],
            [
              -83.639905,
              41.4590324
            ],
            [
              -83.6398599,
              41.4590322
            ],
            [
              -83.6398609,
              41.4588591
            ],
            [
              -83.6399222,
              41.4588593
            ],
            [
              -83.6399232,
              41.4586811
            ],
            [
              -83.6395857,
              41.45868
            ],
            [
              -83.6395854,
              41.4587485
            ],
            [
              -83.6395077,
              41.4587482
            ],
            [
              -83.6395067,
              41.4589256
            ],
            [
              -83.6396373,
              41.458926
            ],
            [
              -83.6396366,
              41.4590539
            ],
            [
              -83.6395651,
              41.4590537
            ],
            [
              -83.639564,
              41.4592587
            ],
            [
              -83.6397459,
              41.4592592
            ],
            [
              -83.6397454,
              41.45936
            ],
            [
              -83.639588,
              41.4593595
            ],
            [
              -83.6395861,
              41.4597382
            ],
            [
              -83.63988,
              41.459739
            ]
          ]
        ]
      },
      "properties": {
        "epoch_id": "EPOCH-177c53f92d72ec4a",
        "site_name": "Meta Bowling Green",
        "distance_to_site_km": 0.6963,
        "footprint_area_m2_webmercator": 5191.14,
        "source_dataset": "Overture Maps buildings",
        "source_url": "https://docs.overturemaps.org/getting-data/",
        "source_release": "2026-09-23.1",
        "source_accessed_on": "2026-09-27",
        "geometry_role": "current building-footprint polygon",
        "linkage_semantics": "Overlap/proximity only; not evidence that the building hosts AI compute."
      }
    },
    {
      "type": "Feature",
      "id": "7f6b41d2-bf1e-446f-a085-694501da07eb",
      "geometry": {
        "type": "Polygon",
        "coordinates": [
          [
            [
              -83.6401402,
              41.4604329
            ],
            [
              -83.6401255,
              41.4600322
            ],
            [
              -83.6398149,
              41.4600386
            ],
            [
              -83.6398297,
              41.4604393
            ],
            [
              -83.6401402,
              41.4604329
            ]
          ]
        ]
      },
      "properties": {
        "epoch_id": "EPOCH-177c53f92d72ec4a",
        "site_name": "Meta Bowling Green",
        "distance_to_site_km": 0.5824,
        "footprint_area_m2_webmercator": 2059.21,
        "source_dataset": "Overture Maps buildings",
        "source_url": "https://docs.overturemaps.org/getting-data/",
        "source_release": "2026-09-23.1",
        "source_accessed_on": "2026-09-27",
        "geometry_role": "current building-footprint polygon",
        "linkage_semantics": "Overlap/proximity only; not evidence that the building hosts AI compute."
      }
    },
    {
      "type": "Feature",
      "id": "8f44ab36-7a0b-4488-8b3d-5b891432bf58",
      "geometry": {
        "type": "Polygon",
        "coordinates": [
          [
            [
              -83.6399721,
              41.461166
            ],
            [
              -83.6399664,
              41.4608144
            ],
            [
              -83.6396605,
              41.4608171
            ],
            [
              -83.6396662,
              41.4611688
            ],
            [
              -83.6399721,
              41.461166
            ]
          ]
        ]
      },
      "properties": {
        "epoch_id": "EPOCH-177c53f92d72ec4a",
        "site_name": "Meta Bowling Green",
        "distance_to_site_km": 0.4973,
        "footprint_area_m2_webmercator": 1779.01,
        "source_dataset": "Overture Maps buildings",
        "source_url": "https://docs.overturemaps.org/getting-data/",
        "source_release": "2026-09-23.1",
        "source_accessed_on": "2026-09-27",
        "geometry_role": "current building-footprint polygon",
        "linkage_semantics": "Overlap/proximity only; not evidence that the building hosts AI compute."
      }
    },
    {
      "type": "Feature",
      "id": "1b9f7c91-d854-4284-945e-70386a706a57",
      "geometry": {
        "type": "Polygon",
        "coordinates": [
          [
            [
              -83.6463669,
              41.4579054
            ],
            [
              -83.6465641,
              41.4579076
            ],
            [
              -83.6465663,
              41.4577987
            ],
            [
              -83.6463088,
              41.4577957
            ],
            [
              -83.6462845,
              41.4577206
            ],
            [
              -83.6460531,
              41.4577626
            ],
            [
              -83.646065,
              41.4577993
            ],
            [
              -83.6460438,
              41.4578031
            ],
            [
              -83.6460797,
              41.4579141
            ],
            [
              -83.6460695,
              41.4579271
            ],
            [
              -83.6461848,
              41.4579781
            ],
            [
              -83.646222,
              41.4579308
            ],
            [
              -83.6463669,
              41.4579054
            ]
          ]
        ]
      },
      "properties": {
        "epoch_id": "EPOCH-177c53f92d72ec4a",
        "site_name": "Meta Bowling Green",
        "distance_to_site_km": 1.0404,
        "footprint_area_m2_webmercator": 1280.55,
        "source_dataset": "Overture Maps buildings",
        "source_url": "https://docs.overturemaps.org/getting-data/",
        "source_release": "2026-09-23.1",
        "source_accessed_on": "2026-09-27",
        "geometry_role": "current building-footprint polygon",
        "linkage_semantics": "Overlap/proximity only; not evidence that the building hosts AI compute."
      }
    },
    {
      "type": "Feature",
      "id": "db513fe7-3f64-41fa-8911-4d4c28cccb96",
      "geometry": {
        "type": "Polygon",
        "coordinates": [
          [
            [
              -83.647055,
              41.4558536
            ],
            [
              -83.6468306,
              41.4558507
            ],
            [
              -83.6468289,
              41.4559257
            ],
            [
              -83.6449567,
              41.4559012
            ],
            [
              -83.6449513,
              41.4561356
            ],
            [
              -83.6468338,
              41.4561602
            ],
            [
              -83.6468316,
              41.4562543
            ],
            [
              -83.6470456,
              41.456257
            ],
            [
              -83.647055,
              41.4558536
            ]
          ]
        ]
      },
      "properties": {
        "epoch_id": "EPOCH-177c53f92d72ec4a",
        "site_name": "Meta Bowling Green",
        "distance_to_site_km": 1.2004,
        "footprint_area_m2_webmercator": 8738.53,
        "source_dataset": "Overture Maps buildings",
        "source_url": "https://docs.overturemaps.org/getting-data/",
        "source_release": "2026-09-23.1",
        "source_accessed_on": "2026-09-27",
        "geometry_role": "current building-footprint polygon",
        "linkage_semantics": "Overlap/proximity only; not evidence that the building hosts AI compute."
      }
    },
    {
      "type": "Feature",
      "id": "42545ccd-56a6-4b1e-b00c-2e935fd35de1",
      "geometry": {
        "type": "Polygon",
        "coordinates": [
          [
            [
              -83.6447618,
              41.4579217
            ],
            [
              -83.6447605,
              41.4575919
            ],
            [
              -83.644547,
              41.4575924
            ],
            [
              -83.6445483,
              41.4579222
            ],
            [
              -83.6447618,
              41.4579217
            ]
          ]
        ]
      },
      "properties": {
        "epoch_id": "EPOCH-177c53f92d72ec4a",
        "site_name": "Meta Bowling Green",
        "distance_to_site_km": 0.9757,
        "footprint_area_m2_webmercator": 1164.28,
        "source_dataset": "Overture Maps buildings",
        "source_url": "https://docs.overturemaps.org/getting-data/",
        "source_release": "2026-09-23.1",
        "source_accessed_on": "2026-09-27",
        "geometry_role": "current building-footprint polygon",
        "linkage_semantics": "Overlap/proximity only; not evidence that the building hosts AI compute."
      }
    },
    {
      "type": "Feature",
      "id": "abd3f9f1-ff82-4f0f-8b70-cd163aa98020",
      "geometry": {
        "type": "Polygon",
        "coordinates": [
          [
            [
              -83.6437842,
              41.4577695
            ],
            [
              -83.6437919,
              41.4574329
            ],
            [
              -83.6435229,
              41.4574295
            ],
            [
              -83.6435159,
              41.457736
            ],
            [
              -83.6435822,
              41.4577368
            ],
            [
              -83.6435816,
              41.4577664
            ],
            [
              -83.6436151,
              41.4577669
            ],
            [
              -83.6436142,
              41.4578045
            ],
            [
              -83.6435095,
              41.4578032
            ],
            [
              -83.6435073,
              41.4579015
            ],
            [
              -83.6436254,
              41.4579029
            ],
            [
              -83.6436249,
              41.4579244
            ],
            [
              -83.6437423,
              41.4579259
            ],
            [
              -83.6437427,
              41.4579076
            ],
            [
              -83.643814,
              41.4579084
            ],
            [
              -83.6438163,
              41.4578062
            ],
            [
              -83.6437406,
              41.4578052
            ],
            [
              -83.6437414,
              41.457769
            ],
            [
              -83.6437842,
              41.4577695
            ]
          ]
        ]
      },
      "properties": {
        "epoch_id": "EPOCH-177c53f92d72ec4a",
        "site_name": "Meta Bowling Green",
        "distance_to_site_km": 0.9466,
        "footprint_area_m2_webmercator": 2086.93,
        "source_dataset": "Overture Maps buildings",
        "source_url": "https://docs.overturemaps.org/getting-data/",
        "source_release": "2026-09-23.1",
        "source_accessed_on": "2026-09-27",
        "geometry_role": "current building-footprint polygon",
        "linkage_semantics": "Overlap/proximity only; not evidence that the building hosts AI compute."
      }
    },
    {
      "type": "Feature",
      "id": "9f3698f5-d727-466f-b1ba-2e665d8de879",
      "geometry": {
        "type": "Polygon",
        "coordinates": [
          [
            [
              -83.6429181,
              41.457884
            ],
            [
              -83.6429189,
              41.4578519
            ],
            [
              -83.6428074,
              41.4578502
            ],
            [
              -83.6428032,
              41.458006
            ],
            [
              -83.6429292,
              41.4580079
            ],
            [
              -83.6429326,
              41.4578843
            ],
            [
              -83.6429181,
              41.457884
            ]
          ]
        ]
      },
      "properties": {
        "epoch_id": "EPOCH-177c53f92d72ec4a",
        "site_name": "Meta Bowling Green",
        "distance_to_site_km": 0.8943,
        "footprint_area_m2_webmercator": 317.08,
        "source_dataset": "Overture Maps buildings",
        "source_url": "https://docs.overturemaps.org/getting-data/",
        "source_release": "2026-09-23.1",
        "source_accessed_on": "2026-09-27",
        "geometry_role": "current building-footprint polygon",
        "linkage_semantics": "Overlap/proximity only; not evidence that the building hosts AI compute."
      }
    },
    {
      "type": "Feature",
      "id": "16dca0d0-2e90-4ca6-b9b7-17128450e4c3",
      "geometry": {
        "type": "Polygon",
        "coordinates": [
          [
            [
              -83.6426988,
              41.4577709
            ],
            [
              -83.6426275,
              41.4577697
            ],
            [
              -83.6426245,
              41.4578742
            ],
            [
              -83.6426958,
              41.4578754
            ],
            [
              -83.6426988,
              41.4577709
            ]
          ]
        ]
      },
      "properties": {
        "epoch_id": "EPOCH-177c53f92d72ec4a",
        "site_name": "Meta Bowling Green",
        "distance_to_site_km": 0.8994,
        "footprint_area_m2_webmercator": 123.26,
        "source_dataset": "Overture Maps buildings",
        "source_url": "https://docs.overturemaps.org/getting-data/",
        "source_release": "2026-09-23.1",
        "source_accessed_on": "2026-09-27",
        "geometry_role": "current building-footprint polygon",
        "linkage_semantics": "Overlap/proximity only; not evidence that the building hosts AI compute."
      }
    },
    {
      "type": "Feature",
      "id": "d4d4d30c-c0bb-48e6-8f1e-79fb6d406b6b",
      "geometry": {
        "type": "Polygon",
        "coordinates": [
          [
            [
              -83.6422448,
              41.4578022
            ],
            [
              -83.6424019,
              41.4578048
            ],
            [
              -83.6424047,
              41.4577113
            ],
            [
              -83.6422476,
              41.4577087
            ],
            [
              -83.6422448,
              41.4578022
            ]
          ]
        ]
      },
      "properties": {
        "epoch_id": "EPOCH-177c53f92d72ec4a",
        "site_name": "Meta Bowling Green",
        "distance_to_site_km": 0.8971,
        "footprint_area_m2_webmercator": 243.0,
        "source_dataset": "Overture Maps buildings",
        "source_url": "https://docs.overturemaps.org/getting-data/",
        "source_release": "2026-09-23.1",
        "source_accessed_on": "2026-09-27",
        "geometry_role": "current building-footprint polygon",
        "linkage_semantics": "Overlap/proximity only; not evidence that the building hosts AI compute."
      }
    },
    {
      "type": "Feature",
      "id": "bddf3d4f-af60-411a-9e4d-ca2383ce0dfa",
      "geometry": {
        "type": "Polygon",
        "coordinates": [
          [
            [
              -83.649954,
              41.4545653
            ],
            [
              -83.6499915,
              41.4531863
            ],
            [
              -83.6473521,
              41.453146
            ],
            [
              -83.6473146,
              41.454525
            ],
            [
              -83.649954,
              41.4545653
            ]
          ]
        ]
      },
      "properties": {
        "epoch_id": "EPOCH-177c53f92d72ec4a",
        "site_name": "Meta Bowling Green",
        "distance_to_site_km": 1.519,
        "footprint_area_m2_webmercator": 60204.21,
        "source_dataset": "Overture Maps buildings",
        "source_url": "https://docs.overturemaps.org/getting-data/",
        "source_release": "2026-09-23.1",
        "source_accessed_on": "2026-09-27",
        "geometry_role": "current building-footprint polygon",
        "linkage_semantics": "Overlap/proximity only; not evidence that the building hosts AI compute."
      }
    },
    {
      "type": "Feature",
      "id": "58382a09-f816-426c-ad2d-2ea2e733dda2",
      "geometry": {
        "type": "Polygon",
        "coordinates": [
          [
            [
              -83.6516291,
              41.4538084
            ],
            [
              -83.6516238,
              41.4539772
            ],
            [
              -83.6517176,
              41.4539788
            ],
            [
              -83.6517229,
              41.45381
            ],
            [
              -83.6516291,
              41.4538084
            ]
          ]
        ]
      },
      "properties": {
        "epoch_id": "EPOCH-177c53f92d72ec4a",
        "site_name": "Meta Bowling Green",
        "distance_to_site_km": 1.6636,
        "footprint_area_m2_webmercator": 261.93,
        "source_dataset": "Overture Maps buildings",
        "source_url": "https://docs.overturemaps.org/getting-data/",
        "source_release": "2026-09-23.1",
        "source_accessed_on": "2026-09-27",
        "geometry_role": "current building-footprint polygon",
        "linkage_semantics": "Overlap/proximity only; not evidence that the building hosts AI compute."
      }
    },
    {
      "type": "Feature",
      "id": "ff749029-18fd-4e01-915a-5b2afd6226ad",
      "geometry": {
        "type": "Polygon",
        "coordinates": [
          [
            [
              -83.6515697,
              41.4535559
            ],
            [
              -83.6515699,
              41.453601
            ],
            [
              -83.6515174,
              41.4536011
            ],
            [
              -83.6515177,
              41.4536947
            ],
            [
              -83.6517055,
              41.4536944
            ],
            [
              -83.651705,
              41.4535545
            ],
            [
              -83.6516716,
              41.4535545
            ],
            [
              -83.6516715,
              41.4535123
            ],
            [
              -83.6516003,
              41.4535125
            ],
            [
              -83.6516004,
              41.4535559
            ],
            [
              -83.6515697,
              41.4535559
            ]
          ]
        ]
      },
      "properties": {
        "epoch_id": "EPOCH-177c53f92d72ec4a",
        "site_name": "Meta Bowling Green",
        "distance_to_site_km": 1.6845,
        "footprint_area_m2_webmercator": 443.27,
        "source_dataset": "Overture Maps buildings",
        "source_url": "https://docs.overturemaps.org/getting-data/",
        "source_release": "2026-09-23.1",
        "source_accessed_on": "2026-09-27",
        "geometry_role": "current building-footprint polygon",
        "linkage_semantics": "Overlap/proximity only; not evidence that the building hosts AI compute."
      }
    },
    {
      "type": "Feature",
      "id": "1a7ca014-261a-4368-93f9-7f67d45cbe4b",
      "geometry": {
        "type": "Polygon",
        "coordinates": [
          [
            [
              -83.6517883,
              41.4532344
            ],
            [
              -83.6517427,
              41.4532345
            ],
            [
              -83.6517424,
              41.453175
            ],
            [
              -83.6516298,
              41.4531754
            ],
            [
              -83.6516306,
              41.4533213
            ],
            [
              -83.651585,
              41.4533215
            ],
            [
              -83.6515854,
              41.4534019
            ],
            [
              -83.6517437,
              41.4534014
            ],
            [
              -83.6517431,
              41.4532916
            ],
            [
              -83.6517887,
              41.4532915
            ],
            [
              -83.6517883,
              41.4532344
            ]
          ]
        ]
      },
      "properties": {
        "epoch_id": "EPOCH-177c53f92d72ec4a",
        "site_name": "Meta Bowling Green",
        "distance_to_site_km": 1.7159,
        "footprint_area_m2_webmercator": 525.29,
        "source_dataset": "Overture Maps buildings",
        "source_url": "https://docs.overturemaps.org/getting-data/",
        "source_release": "2026-09-23.1",
        "source_accessed_on": "2026-09-27",
        "geometry_role": "current building-footprint polygon",
        "linkage_semantics": "Overlap/proximity only; not evidence that the building hosts AI compute."
      }
    },
    {
      "type": "Feature",
      "id": "d58c125f-a683-41b3-b2b6-976b3de1c31d",
      "geometry": {
        "type": "Polygon",
        "coordinates": [
          [
            [
              -83.6516938,
              41.4527747
            ],
            [
              -83.6515838,
              41.4527737
            ],
            [
              -83.6515806,
              41.4529815
            ],
            [
              -83.6516905,
              41.4529825
            ],
            [
              -83.6516938,
              41.4527747
            ]
          ]
        ]
      },
      "properties": {
        "epoch_id": "EPOCH-177c53f92d72ec4a",
        "site_name": "Meta Bowling Green",
        "distance_to_site_km": 1.7502,
        "footprint_area_m2_webmercator": 377.81,
        "source_dataset": "Overture Maps buildings",
        "source_url": "https://docs.overturemaps.org/getting-data/",
        "source_release": "2026-09-23.1",
        "source_accessed_on": "2026-09-27",
        "geometry_role": "current building-footprint polygon",
        "linkage_semantics": "Overlap/proximity only; not evidence that the building hosts AI compute."
      }
    },
    {
      "type": "Feature",
      "id": "440ac4ed-7bfd-4af4-8251-2907e2b6c307",
      "geometry": {
        "type": "Polygon",
        "coordinates": [
          [
            [
              -83.6517066,
              41.452686
            ],
            [
              -83.6517039,
              41.4525413
            ],
            [
              -83.6515848,
              41.4525425
            ],
            [
              -83.6515875,
              41.4526872
            ],
            [
              -83.6517066,
              41.452686
            ]
          ]
        ]
      },
      "properties": {
        "epoch_id": "EPOCH-177c53f92d72ec4a",
        "site_name": "Meta Bowling Green",
        "distance_to_site_km": 1.7741,
        "footprint_area_m2_webmercator": 284.99,
        "source_dataset": "Overture Maps buildings",
        "source_url": "https://docs.overturemaps.org/getting-data/",
        "source_release": "2026-09-23.1",
        "source_accessed_on": "2026-09-27",
        "geometry_role": "current building-footprint polygon",
        "linkage_semantics": "Overlap/proximity only; not evidence that the building hosts AI compute."
      }
    },
    {
      "type": "Feature",
      "id": "a40ddbba-3a7f-46bb-8b96-3860353a45e1",
      "geometry": {
        "type": "Polygon",
        "coordinates": [
          [
            [
              -83.6516801,
              41.4522562
            ],
            [
              -83.6515873,
              41.4522567
            ],
            [
              -83.6515892,
              41.4524537
            ],
            [
              -83.6517061,
              41.4524531
            ],
            [
              -83.6517051,
              41.4523486
            ],
            [
              -83.6517813,
              41.4523482
            ],
            [
              -83.6517806,
              41.4522818
            ],
            [
              -83.6516803,
              41.4522824
            ],
            [
              -83.6516801,
              41.4522562
            ]
          ]
        ]
      },
      "properties": {
        "epoch_id": "EPOCH-177c53f92d72ec4a",
        "site_name": "Meta Bowling Green",
        "distance_to_site_km": 1.7987,
        "footprint_area_m2_webmercator": 453.96,
        "source_dataset": "Overture Maps buildings",
        "source_url": "https://docs.overturemaps.org/getting-data/",
        "source_release": "2026-09-23.1",
        "source_accessed_on": "2026-09-27",
        "geometry_role": "current building-footprint polygon",
        "linkage_semantics": "Overlap/proximity only; not evidence that the building hosts AI compute."
      }
    },
    {
      "type": "Feature",
      "id": "d6947d1b-a61c-43d7-9032-817c349bbf82",
      "geometry": {
        "type": "Polygon",
        "coordinates": [
          [
            [
              -83.6517687,
              41.452161
            ],
            [
              -83.6517665,
              41.4520938
            ],
            [
              -83.6516737,
              41.4520956
            ],
            [
              -83.651676,
              41.4521627
            ],
            [
              -83.6517687,
              41.452161
            ]
          ]
        ]
      },
      "properties": {
        "epoch_id": "EPOCH-177c53f92d72ec4a",
        "site_name": "Meta Bowling Green",
        "distance_to_site_km": 1.8214,
        "footprint_area_m2_webmercator": 103.04,
        "source_dataset": "Overture Maps buildings",
        "source_url": "https://docs.overturemaps.org/getting-data/",
        "source_release": "2026-09-23.1",
        "source_accessed_on": "2026-09-27",
        "geometry_role": "current building-footprint polygon",
        "linkage_semantics": "Overlap/proximity only; not evidence that the building hosts AI compute."
      }
    },
    {
      "type": "Feature",
      "id": "2bafdc45-bf87-4aea-99d0-05ba3ddd3811",
      "geometry": {
        "type": "Polygon",
        "coordinates": [
          [
            [
              -83.6515796,
              41.4520863
            ],
            [
              -83.6516986,
              41.4520852
            ],
            [
              -83.6516965,
              41.4519485
            ],
            [
              -83.6515775,
              41.4519496
            ],
            [
              -83.6515796,
              41.4520863
            ]
          ]
        ]
      },
      "properties": {
        "epoch_id": "EPOCH-177c53f92d72ec4a",
        "site_name": "Meta Bowling Green",
        "distance_to_site_km": 1.8274,
        "footprint_area_m2_webmercator": 268.99,
        "source_dataset": "Overture Maps buildings",
        "source_url": "https://docs.overturemaps.org/getting-data/",
        "source_release": "2026-09-23.1",
        "source_accessed_on": "2026-09-27",
        "geometry_role": "current building-footprint polygon",
        "linkage_semantics": "Overlap/proximity only; not evidence that the building hosts AI compute."
      }
    },
    {
      "type": "Feature",
      "id": "a370b7e2-fe01-4d93-866c-37213cc1f4b4",
      "geometry": {
        "type": "Polygon",
        "coordinates": [
          [
            [
              -83.651805,
              41.4517271
            ],
            [
              -83.651687,
              41.4517284
            ],
            [
              -83.6516859,
              41.4516741
            ],
            [
              -83.6515706,
              41.4516754
            ],
            [
              -83.6515743,
              41.4518663
            ],
            [
              -83.6516628,
              41.4518654
            ],
            [
              -83.6516612,
              41.451785
            ],
            [
              -83.651806,
              41.4517834
            ],
            [
              -83.651805,
              41.4517271
            ]
          ]
        ]
      },
      "properties": {
        "epoch_id": "EPOCH-177c53f92d72ec4a",
        "site_name": "Meta Bowling Green",
        "distance_to_site_km": 1.8514,
        "footprint_area_m2_webmercator": 438.33,
        "source_dataset": "Overture Maps buildings",
        "source_url": "https://docs.overturemaps.org/getting-data/",
        "source_release": "2026-09-23.1",
        "source_accessed_on": "2026-09-27",
        "geometry_role": "current building-footprint polygon",
        "linkage_semantics": "Overlap/proximity only; not evidence that the building hosts AI compute."
      }
    },
    {
      "type": "Feature",
      "id": "dbaa3bf9-e671-463a-aa03-65f05dad2240",
      "geometry": {
        "type": "Polygon",
        "coordinates": [
          [
            [
              -83.6516822,
              41.4513806
            ],
            [
              -83.6515642,
              41.451382
            ],
            [
              -83.6515683,
              41.451587
            ],
            [
              -83.6517721,
              41.4515846
            ],
            [
              -83.6517709,
              41.4515244
            ],
            [
              -83.6516915,
              41.4515253
            ],
            [
              -83.6516904,
              41.4514722
            ],
            [
              -83.6517216,
              41.4514718
            ],
            [
              -83.6517207,
              41.4514276
            ],
            [
              -83.6516831,
              41.451428
            ],
            [
              -83.6516822,
              41.4513806
            ]
          ]
        ]
      },
      "properties": {
        "epoch_id": "EPOCH-177c53f92d72ec4a",
        "site_name": "Meta Bowling Green",
        "distance_to_site_km": 1.8756,
        "footprint_area_m2_webmercator": 518.56,
        "source_dataset": "Overture Maps buildings",
        "source_url": "https://docs.overturemaps.org/getting-data/",
        "source_release": "2026-09-23.1",
        "source_accessed_on": "2026-09-27",
        "geometry_role": "current building-footprint polygon",
        "linkage_semantics": "Overlap/proximity only; not evidence that the building hosts AI compute."
      }
    },
    {
      "type": "Feature",
      "id": "96555099-514f-4005-919b-e0d6a17b74b0",
      "geometry": {
        "type": "Polygon",
        "coordinates": [
          [
            [
              -83.6506556,
              41.4498826
            ],
            [
              -83.6506567,
              41.449821
            ],
            [
              -83.6505262,
              41.4498197
            ],
            [
              -83.6505251,
              41.4498813
            ],
            [
              -83.6506556,
              41.4498826
            ]
          ]
        ]
      },
      "properties": {
        "epoch_id": "EPOCH-177c53f92d72ec4a",
        "site_name": "Meta Bowling Green",
        "distance_to_site_km": 1.9844,
        "footprint_area_m2_webmercator": 132.93,
        "source_dataset": "Overture Maps buildings",
        "source_url": "https://docs.overturemaps.org/getting-data/",
        "source_release": "2026-09-23.1",
        "source_accessed_on": "2026-09-27",
        "geometry_role": "current building-footprint polygon",
        "linkage_semantics": "Overlap/proximity only; not evidence that the building hosts AI compute."
      }
    },
    {
      "type": "Feature",
      "id": "162f326f-f852-42e4-bda0-f27632051707",
      "geometry": {
        "type": "Polygon",
        "coordinates": [
          [
            [
              -83.6503713,
              41.4501502
            ],
            [
              -83.6503721,
              41.4500428
            ],
            [
              -83.650253,
              41.4500423
            ],
            [
              -83.6502522,
              41.4501497
            ],
            [
              -83.6503713,
              41.4501502
            ]
          ]
        ]
      },
      "properties": {
        "epoch_id": "EPOCH-177c53f92d72ec4a",
        "site_name": "Meta Bowling Green",
        "distance_to_site_km": 1.9493,
        "footprint_area_m2_webmercator": 211.49,
        "source_dataset": "Overture Maps buildings",
        "source_url": "https://docs.overturemaps.org/getting-data/",
        "source_release": "2026-09-23.1",
        "source_accessed_on": "2026-09-27",
        "geometry_role": "current building-footprint polygon",
        "linkage_semantics": "Overlap/proximity only; not evidence that the building hosts AI compute."
      }
    },
    {
      "type": "Feature",
      "id": "14a42948-c00e-4d73-af25-a63fa55a2642",
      "geometry": {
        "type": "Polygon",
        "coordinates": [
          [
            [
              -83.6498341,
              41.4499732
            ],
            [
              -83.6498421,
              41.4499094
            ],
            [
              -83.649773,
              41.4499046
            ],
            [
              -83.649765,
              41.4499683
            ],
            [
              -83.6498341,
              41.4499732
            ]
          ]
        ]
      },
      "properties": {
        "epoch_id": "EPOCH-177c53f92d72ec4a",
        "site_name": "Meta Bowling Green",
        "distance_to_site_km": 1.9445,
        "footprint_area_m2_webmercator": 73.47,
        "source_dataset": "Overture Maps buildings",
        "source_url": "https://docs.overturemaps.org/getting-data/",
        "source_release": "2026-09-23.1",
        "source_accessed_on": "2026-09-27",
        "geometry_role": "current building-footprint polygon",
        "linkage_semantics": "Overlap/proximity only; not evidence that the building hosts AI compute."
      }
    },
    {
      "type": "Feature",
      "id": "45251544-43d6-41db-b428-7b1e62be88c8",
      "geometry": {
        "type": "Polygon",
        "coordinates": [
          [
            [
              -83.6500014,
              41.4499507
            ],
            [
              -83.650063,
              41.4499489
            ],
            [
              -83.6500597,
              41.4498827
            ],
            [
              -83.6499981,
              41.4498844
            ],
            [
              -83.6500014,
              41.4499507
            ]
          ]
        ]
      },
      "properties": {
        "epoch_id": "EPOCH-177c53f92d72ec4a",
        "site_name": "Meta Bowling Green",
        "distance_to_site_km": 1.9556,
        "footprint_area_m2_webmercator": 67.57,
        "source_dataset": "Overture Maps buildings",
        "source_url": "https://docs.overturemaps.org/getting-data/",
        "source_release": "2026-09-23.1",
        "source_accessed_on": "2026-09-27",
        "geometry_role": "current building-footprint polygon",
        "linkage_semantics": "Overlap/proximity only; not evidence that the building hosts AI compute."
      }
    },
    {
      "type": "Feature",
      "id": "d3f4582e-7fea-46a0-ae48-ecb4ba341181",
      "geometry": {
        "type": "Polygon",
        "coordinates": [
          [
            [
              -83.6501824,
              41.4500699
            ],
            [
              -83.6500913,
              41.4500722
            ],
            [
              -83.6500951,
              41.4501585
            ],
            [
              -83.6501861,
              41.4501563
            ],
            [
              -83.6501824,
              41.4500699
            ]
          ]
        ]
      },
      "properties": {
        "epoch_id": "EPOCH-177c53f92d72ec4a",
        "site_name": "Meta Bowling Green",
        "distance_to_site_km": 1.9406,
        "footprint_area_m2_webmercator": 130.12,
        "source_dataset": "Overture Maps buildings",
        "source_url": "https://docs.overturemaps.org/getting-data/",
        "source_release": "2026-09-23.1",
        "source_accessed_on": "2026-09-27",
        "geometry_role": "current building-footprint polygon",
        "linkage_semantics": "Overlap/proximity only; not evidence that the building hosts AI compute."
      }
    },
    {
      "type": "Feature",
      "id": "37eb02e6-b9f5-447a-95e0-4525b7c13129",
      "geometry": {
        "type": "Polygon",
        "coordinates": [
          [
            [
              -83.6489368,
              41.4495982
            ],
            [
              -83.6489331,
              41.4494351
            ],
            [
              -83.6487339,
              41.4494376
            ],
            [
              -83.6487376,
              41.4496007
            ],
            [
              -83.6489368,
              41.4495982
            ]
          ]
        ]
      },
      "properties": {
        "epoch_id": "EPOCH-177c53f92d72ec4a",
        "site_name": "Meta Bowling Green",
        "distance_to_site_km": 1.9506,
        "footprint_area_m2_webmercator": 537.3,
        "source_dataset": "Overture Maps buildings",
        "source_url": "https://docs.overturemaps.org/getting-data/",
        "source_release": "2026-09-23.1",
        "source_accessed_on": "2026-09-27",
        "geometry_role": "current building-footprint polygon",
        "linkage_semantics": "Overlap/proximity only; not evidence that the building hosts AI compute."
      }
    },
    {
      "type": "Feature",
      "id": "fa309f15-6bb4-4256-8a6d-3a3e02960fda",
      "geometry": {
        "type": "Polygon",
        "coordinates": [
          [
            [
              -83.6485132,
              41.4492365
            ],
            [
              -83.6486703,
              41.4492353
            ],
            [
              -83.6486688,
              41.449124
            ],
            [
              -83.6485117,
              41.4491251
            ],
            [
              -83.6485132,
              41.4492365
            ]
          ]
        ]
      },
      "properties": {
        "epoch_id": "EPOCH-177c53f92d72ec4a",
        "site_name": "Meta Bowling Green",
        "distance_to_site_km": 1.9763,
        "footprint_area_m2_webmercator": 289.24,
        "source_dataset": "Overture Maps buildings",
        "source_url": "https://docs.overturemaps.org/getting-data/",
        "source_release": "2026-09-23.1",
        "source_accessed_on": "2026-09-27",
        "geometry_role": "current building-footprint polygon",
        "linkage_semantics": "Overlap/proximity only; not evidence that the building hosts AI compute."
      }
    },
    {
      "type": "Feature",
      "id": "37169c08-67a1-4d04-bdd1-6ad9ac577fd5",
      "geometry": {
        "type": "Polygon",
        "coordinates": [
          [
            [
              -83.6497235,
              41.4488923
            ],
            [
              -83.6497275,
              41.4488226
            ],
            [
              -83.6492124,
              41.448806
            ],
            [
              -83.6492084,
              41.4488757
            ],
            [
              -83.6497235,
              41.4488923
            ]
          ]
        ]
      },
      "properties": {
        "epoch_id": "EPOCH-177c53f92d72ec4a",
        "site_name": "Meta Bowling Green",
        "distance_to_site_km": 2.0404,
        "footprint_area_m2_webmercator": 594.66,
        "source_dataset": "Overture Maps buildings",
        "source_url": "https://docs.overturemaps.org/getting-data/",
        "source_release": "2026-09-23.1",
        "source_accessed_on": "2026-09-27",
        "geometry_role": "current building-footprint polygon",
        "linkage_semantics": "Overlap/proximity only; not evidence that the building hosts AI compute."
      }
    },
    {
      "type": "Feature",
      "id": "d6f91806-f606-42ab-a0a1-c0a1d370e04a",
      "geometry": {
        "type": "Polygon",
        "coordinates": [
          [
            [
              -83.6497151,
              41.4490429
            ],
            [
              -83.6497191,
              41.4489732
            ],
            [
              -83.649204,
              41.4489565
            ],
            [
              -83.6492,
              41.4490263
            ],
            [
              -83.6497151,
              41.4490429
            ]
          ]
        ]
      },
      "properties": {
        "epoch_id": "EPOCH-177c53f92d72ec4a",
        "site_name": "Meta Bowling Green",
        "distance_to_site_km": 2.025,
        "footprint_area_m2_webmercator": 595.09,
        "source_dataset": "Overture Maps buildings",
        "source_url": "https://docs.overturemaps.org/getting-data/",
        "source_release": "2026-09-23.1",
        "source_accessed_on": "2026-09-27",
        "geometry_role": "current building-footprint polygon",
        "linkage_semantics": "Overlap/proximity only; not evidence that the building hosts AI compute."
      }
    },
    {
      "type": "Feature",
      "id": "0fc9e3ed-0a74-4861-aa2d-5a9962e3c0c0",
      "geometry": {
        "type": "Polygon",
        "coordinates": [
          [
            [
              -83.6503946,
              41.4490606
            ],
            [
              -83.650399,
              41.4489909
            ],
            [
              -83.6498488,
              41.4489715
            ],
            [
              -83.6498444,
              41.4490411
            ],
            [
              -83.6503946,
              41.4490606
            ]
          ]
        ]
      },
      "properties": {
        "epoch_id": "EPOCH-177c53f92d72ec4a",
        "site_name": "Meta Bowling Green",
        "distance_to_site_km": 2.0478,
        "footprint_area_m2_webmercator": 634.97,
        "source_dataset": "Overture Maps buildings",
        "source_url": "https://docs.overturemaps.org/getting-data/",
        "source_release": "2026-09-23.1",
        "source_accessed_on": "2026-09-27",
        "geometry_role": "current building-footprint polygon",
        "linkage_semantics": "Overlap/proximity only; not evidence that the building hosts AI compute."
      }
    },
    {
      "type": "Feature",
      "id": "0432a9c6-9bbd-4f4b-b824-bf64a7829be6",
      "geometry": {
        "type": "Polygon",
        "coordinates": [
          [
            [
              -83.6504058,
              41.4489084
            ],
            [
              -83.6504102,
              41.4488387
            ],
            [
              -83.6498599,
              41.4488193
            ],
            [
              -83.6498555,
              41.4488889
            ],
            [
              -83.6504058,
              41.4489084
            ]
          ]
        ]
      },
      "properties": {
        "epoch_id": "EPOCH-177c53f92d72ec4a",
        "site_name": "Meta Bowling Green",
        "distance_to_site_km": 2.0634,
        "footprint_area_m2_webmercator": 635.09,
        "source_dataset": "Overture Maps buildings",
        "source_url": "https://docs.overturemaps.org/getting-data/",
        "source_release": "2026-09-23.1",
        "source_accessed_on": "2026-09-27",
        "geometry_role": "current building-footprint polygon",
        "linkage_semantics": "Overlap/proximity only; not evidence that the building hosts AI compute."
      }
    },
    {
      "type": "Feature",
      "id": "6e83b67b-a874-4201-848c-7b9f4807dae6",
      "geometry": {
        "type": "Polygon",
        "coordinates": [
          [
            [
              -83.6499027,
              41.4477683
            ],
            [
              -83.6499024,
              41.4477582
            ],
            [
              -83.6501288,
              41.4477547
            ],
            [
              -83.6501254,
              41.4476301
            ],
            [
              -83.6498078,
              41.447635
            ],
            [
              -83.6498115,
              41.4477697
            ],
            [
              -83.6499027,
              41.4477683
            ]
          ]
        ]
      },
      "properties": {
        "epoch_id": "EPOCH-177c53f92d72ec4a",
        "site_name": "Meta Bowling Green",
        "distance_to_site_km": 2.174,
        "footprint_area_m2_webmercator": 669.74,
        "source_dataset": "Overture Maps buildings",
        "source_url": "https://docs.overturemaps.org/getting-data/",
        "source_release": "2026-09-23.1",
        "source_accessed_on": "2026-09-27",
        "geometry_role": "current building-footprint polygon",
        "linkage_semantics": "Overlap/proximity only; not evidence that the building hosts AI compute."
      }
    },
    {
      "type": "Feature",
      "id": "4e7c670a-91cc-45f8-b5a9-1560f9f53981",
      "geometry": {
        "type": "Polygon",
        "coordinates": [
          [
            [
              -83.6517661,
              41.4456484
            ],
            [
              -83.6516758,
              41.4456482
            ],
            [
              -83.6516756,
              41.4457054
            ],
            [
              -83.6516564,
              41.4457054
            ],
            [
              -83.6516556,
              41.4458786
            ],
            [
              -83.651765,
              41.4458788
            ],
            [
              -83.6517661,
              41.4456484
            ]
          ]
        ]
      },
      "properties": {
        "epoch_id": "EPOCH-177c53f92d72ec4a",
        "site_name": "Meta Bowling Green",
        "distance_to_site_km": 2.4303,
        "footprint_area_m2_webmercator": 398.68,
        "source_dataset": "Overture Maps buildings",
        "source_url": "https://docs.overturemaps.org/getting-data/",
        "source_release": "2026-09-23.1",
        "source_accessed_on": "2026-09-27",
        "geometry_role": "current building-footprint polygon",
        "linkage_semantics": "Overlap/proximity only; not evidence that the building hosts AI compute."
      }
    },
    {
      "type": "Feature",
      "id": "681ae84b-3d41-49f5-9db0-4f8ee6420f7a",
      "geometry": {
        "type": "Polygon",
        "coordinates": [
          [
            [
              -83.6507499,
              41.4477577
            ],
            [
              -83.6505444,
              41.4477585
            ],
            [
              -83.6505448,
              41.4478088
            ],
            [
              -83.650573,
              41.4478087
            ],
            [
              -83.6505732,
              41.4478444
            ],
            [
              -83.6507505,
              41.4478437
            ],
            [
              -83.6507499,
              41.4477577
            ]
          ]
        ]
      },
      "properties": {
        "epoch_id": "EPOCH-177c53f92d72ec4a",
        "site_name": "Meta Bowling Green",
        "distance_to_site_km": 2.1885,
        "footprint_area_m2_webmercator": 275.52,
        "source_dataset": "Overture Maps buildings",
        "source_url": "https://docs.overturemaps.org/getting-data/",
        "source_release": "2026-09-23.1",
        "source_accessed_on": "2026-09-27",
        "geometry_role": "current building-footprint polygon",
        "linkage_semantics": "Overlap/proximity only; not evidence that the building hosts AI compute."
      }
    },
    {
      "type": "Feature",
      "id": "fa0de7d9-06cb-43ee-a011-00ba596d551c",
      "geometry": {
        "type": "Polygon",
        "coordinates": [
          [
            [
              -83.650445,
              41.4479214
            ],
            [
              -83.650444,
              41.4478522
            ],
            [
              -83.6503013,
              41.4478533
            ],
            [
              -83.6503023,
              41.4479225
            ],
            [
              -83.650445,
              41.4479214
            ]
          ]
        ]
      },
      "properties": {
        "epoch_id": "EPOCH-177c53f92d72ec4a",
        "site_name": "Meta Bowling Green",
        "distance_to_site_km": 2.1695,
        "footprint_area_m2_webmercator": 163.27,
        "source_dataset": "Overture Maps buildings",
        "source_url": "https://docs.overturemaps.org/getting-data/",
        "source_release": "2026-09-23.1",
        "source_accessed_on": "2026-09-27",
        "geometry_role": "current building-footprint polygon",
        "linkage_semantics": "Overlap/proximity only; not evidence that the building hosts AI compute."
      }
    },
    {
      "type": "Feature",
      "id": "66f9dd86-ed3a-4662-87f2-04bd1e93d784",
      "geometry": {
        "type": "Polygon",
        "coordinates": [
          [
            [
              -83.6503106,
              41.4491632
            ],
            [
              -83.6503124,
              41.449123
            ],
            [
              -83.6502438,
              41.4491213
            ],
            [
              -83.650242,
              41.4491614
            ],
            [
              -83.6503106,
              41.4491632
            ]
          ]
        ]
      },
      "properties": {
        "epoch_id": "EPOCH-177c53f92d72ec4a",
        "site_name": "Meta Bowling Green",
        "distance_to_site_km": 2.0413,
        "footprint_area_m2_webmercator": 45.59,
        "source_dataset": "Overture Maps buildings",
        "source_url": "https://docs.overturemaps.org/getting-data/",
        "source_release": "2026-09-23.1",
        "source_accessed_on": "2026-09-27",
        "geometry_role": "current building-footprint polygon",
        "linkage_semantics": "Overlap/proximity only; not evidence that the building hosts AI compute."
      }
    },
    {
      "type": "Feature",
      "id": "0bf2c9af-6619-4a0d-8830-6b0794769db2",
      "geometry": {
        "type": "Polygon",
        "coordinates": [
          [
            [
              -83.6514874,
              41.4483785
            ],
            [
              -83.6513909,
              41.4483802
            ],
            [
              -83.6513901,
              41.4483561
            ],
            [
              -83.6513204,
              41.4483574
            ],
            [
              -83.6513208,
              41.4483694
            ],
            [
              -83.6512645,
              41.4483704
            ],
            [
              -83.6512662,
              41.4484227
            ],
            [
              -83.6513171,
              41.4484218
            ],
            [
              -83.6513177,
              41.4484419
            ],
            [
              -83.6514893,
              41.4484388
            ],
            [
              -83.6514874,
              41.4483785
            ]
          ]
        ]
      },
      "properties": {
        "epoch_id": "EPOCH-177c53f92d72ec4a",
        "site_name": "Meta Bowling Green",
        "distance_to_site_km": 2.1571,
        "footprint_area_m2_webmercator": 244.12,
        "source_dataset": "Overture Maps buildings",
        "source_url": "https://docs.overturemaps.org/getting-data/",
        "source_release": "2026-09-23.1",
        "source_accessed_on": "2026-09-27",
        "geometry_role": "current building-footprint polygon",
        "linkage_semantics": "Overlap/proximity only; not evidence that the building hosts AI compute."
      }
    },
    {
      "type": "Feature",
      "id": "4ad4de48-e3da-4563-a5d2-09fbf0e17af1",
      "geometry": {
        "type": "Polygon",
        "coordinates": [
          [
            [
              -83.6517396,
              41.4478031
            ],
            [
              -83.6516103,
              41.4478051
            ],
            [
              -83.6516162,
              41.4480166
            ],
            [
              -83.6517456,
              41.4480145
            ],
            [
              -83.6517396,
              41.4478031
            ]
          ]
        ]
      },
      "properties": {
        "epoch_id": "EPOCH-177c53f92d72ec4a",
        "site_name": "Meta Bowling Green",
        "distance_to_site_km": 2.2172,
        "footprint_area_m2_webmercator": 452.38,
        "source_dataset": "Overture Maps buildings",
        "source_url": "https://docs.overturemaps.org/getting-data/",
        "source_release": "2026-09-23.1",
        "source_accessed_on": "2026-09-27",
        "geometry_role": "current building-footprint polygon",
        "linkage_semantics": "Overlap/proximity only; not evidence that the building hosts AI compute."
      }
    },
    {
      "type": "Feature",
      "id": "e7bcb7fd-254c-45e3-ab68-c609e96d32c7",
      "geometry": {
        "type": "Polygon",
        "coordinates": [
          [
            [
              -83.6517639,
              41.4486225
            ],
            [
              -83.651615,
              41.4486195
            ],
            [
              -83.6516115,
              41.4487179
            ],
            [
              -83.6517604,
              41.4487209
            ],
            [
              -83.6517639,
              41.4486225
            ]
          ]
        ]
      },
      "properties": {
        "epoch_id": "EPOCH-177c53f92d72ec4a",
        "site_name": "Meta Bowling Green",
        "distance_to_site_km": 2.1438,
        "footprint_area_m2_webmercator": 242.41,
        "source_dataset": "Overture Maps buildings",
        "source_url": "https://docs.overturemaps.org/getting-data/",
        "source_release": "2026-09-23.1",
        "source_accessed_on": "2026-09-27",
        "geometry_role": "current building-footprint polygon",
        "linkage_semantics": "Overlap/proximity only; not evidence that the building hosts AI compute."
      }
    },
    {
      "type": "Feature",
      "id": "76d4b5f2-c057-4623-bbbd-6f67329a04a2",
      "geometry": {
        "type": "Polygon",
        "coordinates": [
          [
            [
              -83.6530598,
              41.4466144
            ],
            [
              -83.6530632,
              41.4465766
            ],
            [
              -83.6530057,
              41.4465737
            ],
            [
              -83.6530023,
              41.4466115
            ],
            [
              -83.6530598,
              41.4466144
            ]
          ]
        ]
      },
      "properties": {
        "epoch_id": "EPOCH-177c53f92d72ec4a",
        "site_name": "Meta Bowling Green",
        "distance_to_site_km": 2.3999,
        "footprint_area_m2_webmercator": 36.1,
        "source_dataset": "Overture Maps buildings",
        "source_url": "https://docs.overturemaps.org/getting-data/",
        "source_release": "2026-09-23.1",
        "source_accessed_on": "2026-09-27",
        "geometry_role": "current building-footprint polygon",
        "linkage_semantics": "Overlap/proximity only; not evidence that the building hosts AI compute."
      }
    },
    {
      "type": "Feature",
      "id": "ac9632cc-8bd4-42f8-973a-534b36061ed2",
      "geometry": {
        "type": "Polygon",
        "coordinates": [
          [
            [
              -83.6521505,
              41.4470108
            ],
            [
              -83.6521546,
              41.4468467
            ],
            [
              -83.6520173,
              41.4468448
            ],
            [
              -83.6520181,
              41.4468137
            ],
            [
              -83.6519746,
              41.4468131
            ],
            [
              -83.6519294,
              41.4468125
            ],
            [
              -83.6519286,
              41.4468423
            ],
            [
              -83.6518037,
              41.4468406
            ],
            [
              -83.6517997,
              41.4470059
            ],
            [
              -83.6521505,
              41.4470108
            ]
          ]
        ]
      },
      "properties": {
        "epoch_id": "EPOCH-177c53f92d72ec4a",
        "site_name": "Meta Bowling Green",
        "distance_to_site_km": 2.3258,
        "footprint_area_m2_webmercator": 1000.29,
        "source_dataset": "Overture Maps buildings",
        "source_url": "https://docs.overturemaps.org/getting-data/",
        "source_release": "2026-09-23.1",
        "source_accessed_on": "2026-09-27",
        "geometry_role": "current building-footprint polygon",
        "linkage_semantics": "Overlap/proximity only; not evidence that the building hosts AI compute."
      }
    },
    {
      "type": "Feature",
      "id": "d0453b25-b4f3-49b5-b3f1-6d6b2d7ab2dc",
      "geometry": {
        "type": "Polygon",
        "coordinates": [
          [
            [
              -83.6526908,
              41.4456467
            ],
            [
              -83.6526926,
              41.4455964
            ],
            [
              -83.6523897,
              41.4455907
            ],
            [
              -83.6523859,
              41.445702
            ],
            [
              -83.6526137,
              41.4457064
            ],
            [
              -83.6526158,
              41.4456452
            ],
            [
              -83.6526908,
              41.4456467
            ]
          ]
        ]
      },
      "properties": {
        "epoch_id": "EPOCH-177c53f92d72ec4a",
        "site_name": "Meta Bowling Green",
        "distance_to_site_km": 2.4727,
        "footprint_area_m2_webmercator": 482.05,
        "source_dataset": "Overture Maps buildings",
        "source_url": "https://docs.overturemaps.org/getting-data/",
        "source_release": "2026-09-23.1",
        "source_accessed_on": "2026-09-27",
        "geometry_role": "current building-footprint polygon",
        "linkage_semantics": "Overlap/proximity only; not evidence that the building hosts AI compute."
      }
    },
    {
      "type": "Feature",
      "id": "f83ae763-64b0-438f-bb6e-a1a57e625287",
      "geometry": {
        "type": "Polygon",
        "coordinates": [
          [
            [
              -83.6520449,
              41.4514832
            ],
            [
              -83.6521638,
              41.4514845
            ],
            [
              -83.6521656,
              41.4513941
            ],
            [
              -83.6520466,
              41.4513928
            ],
            [
              -83.6520449,
              41.4514832
            ]
          ]
        ]
      },
      "properties": {
        "epoch_id": "EPOCH-177c53f92d72ec4a",
        "site_name": "Meta Bowling Green",
        "distance_to_site_km": 1.9024,
        "footprint_area_m2_webmercator": 177.82,
        "source_dataset": "Overture Maps buildings",
        "source_url": "https://docs.overturemaps.org/getting-data/",
        "source_release": "2026-09-23.1",
        "source_accessed_on": "2026-09-27",
        "geometry_role": "current building-footprint polygon",
        "linkage_semantics": "Overlap/proximity only; not evidence that the building hosts AI compute."
      }
    },
    {
      "type": "Feature",
      "id": "68cbfd45-667a-464f-9b68-00867977773e",
      "geometry": {
        "type": "Polygon",
        "coordinates": [
          [
            [
              -83.6519747,
              41.4516377
            ],
            [
              -83.6519734,
              41.4516647
            ],
            [
              -83.6518994,
              41.4516627
            ],
            [
              -83.6518961,
              41.451733
            ],
            [
              -83.6520729,
              41.4517377
            ],
            [
              -83.6520775,
              41.4516405
            ],
            [
              -83.6519747,
              41.4516377
            ]
          ]
        ]
      },
      "properties": {
        "epoch_id": "EPOCH-177c53f92d72ec4a",
        "site_name": "Meta Bowling Green",
        "distance_to_site_km": 1.8741,
        "footprint_area_m2_webmercator": 251.59,
        "source_dataset": "Overture Maps buildings",
        "source_url": "https://docs.overturemaps.org/getting-data/",
        "source_release": "2026-09-23.1",
        "source_accessed_on": "2026-09-27",
        "geometry_role": "current building-footprint polygon",
        "linkage_semantics": "Overlap/proximity only; not evidence that the building hosts AI compute."
      }
    },
    {
      "type": "Feature",
      "id": "455d7390-1ed0-4113-a265-06f2b084e9db",
      "geometry": {
        "type": "Polygon",
        "coordinates": [
          [
            [
              -83.6521425,
              41.4516789
            ],
            [
              -83.6522094,
              41.451677
            ],
            [
              -83.6522076,
              41.4516409
            ],
            [
              -83.6521407,
              41.4516428
            ],
            [
              -83.6521425,
              41.4516789
            ]
          ]
        ]
      },
      "properties": {
        "epoch_id": "EPOCH-177c53f92d72ec4a",
        "site_name": "Meta Bowling Green",
        "distance_to_site_km": 1.8858,
        "footprint_area_m2_webmercator": 39.99,
        "source_dataset": "Overture Maps buildings",
        "source_url": "https://docs.overturemaps.org/getting-data/",
        "source_release": "2026-09-23.1",
        "source_accessed_on": "2026-09-27",
        "geometry_role": "current building-footprint polygon",
        "linkage_semantics": "Overlap/proximity only; not evidence that the building hosts AI compute."
      }
    },
    {
      "type": "Feature",
      "id": "2625bd15-dff6-4b4a-919d-b1b00b871db0",
      "geometry": {
        "type": "Polygon",
        "coordinates": [
          [
            [
              -83.652728,
              41.4534371
            ],
            [
              -83.6528574,
              41.4534491
            ],
            [
              -83.6528721,
              41.45336
            ],
            [
              -83.6526714,
              41.4533414
            ],
            [
              -83.6526612,
              41.4534028
            ],
            [
              -83.6527326,
              41.4534094
            ],
            [
              -83.652728,
              41.4534371
            ]
          ]
        ]
      },
      "properties": {
        "epoch_id": "EPOCH-177c53f92d72ec4a",
        "site_name": "Meta Bowling Green",
        "distance_to_site_km": 1.7653,
        "footprint_area_m2_webmercator": 267.05,
        "source_dataset": "Overture Maps buildings",
        "source_url": "https://docs.overturemaps.org/getting-data/",
        "source_release": "2026-09-23.1",
        "source_accessed_on": "2026-09-27",
        "geometry_role": "current building-footprint polygon",
        "linkage_semantics": "Overlap/proximity only; not evidence that the building hosts AI compute."
      }
    },
    {
      "type": "Feature",
      "id": "b8eacaaf-da35-436b-ba95-f12835279798",
      "geometry": {
        "type": "Polygon",
        "coordinates": [
          [
            [
              -83.6519999,
              41.4526072
            ],
            [
              -83.6518766,
              41.4526053
            ],
            [
              -83.6518747,
              41.4526757
            ],
            [
              -83.651998,
              41.4526775
            ],
            [
              -83.6519999,
              41.4526072
            ]
          ]
        ]
      },
      "properties": {
        "epoch_id": "EPOCH-177c53f92d72ec4a",
        "site_name": "Meta Bowling Green",
        "distance_to_site_km": 1.7863,
        "footprint_area_m2_webmercator": 143.47,
        "source_dataset": "Overture Maps buildings",
        "source_url": "https://docs.overturemaps.org/getting-data/",
        "source_release": "2026-09-23.1",
        "source_accessed_on": "2026-09-27",
        "geometry_role": "current building-footprint polygon",
        "linkage_semantics": "Overlap/proximity only; not evidence that the building hosts AI compute."
      }
    },
    {
      "type": "Feature",
      "id": "7f8a9bc9-72f4-41cf-aa87-faabca196501",
      "geometry": {
        "type": "Polygon",
        "coordinates": [
          [
            [
              -83.6519853,
              41.4533936
            ],
            [
              -83.6520951,
              41.4533967
            ],
            [
              -83.6520994,
              41.4533124
            ],
            [
              -83.6519896,
              41.4533093
            ],
            [
              -83.6519853,
              41.4533936
            ]
          ]
        ]
      },
      "properties": {
        "epoch_id": "EPOCH-177c53f92d72ec4a",
        "site_name": "Meta Bowling Green",
        "distance_to_site_km": 1.7296,
        "footprint_area_m2_webmercator": 153.26,
        "source_dataset": "Overture Maps buildings",
        "source_url": "https://docs.overturemaps.org/getting-data/",
        "source_release": "2026-09-23.1",
        "source_accessed_on": "2026-09-27",
        "geometry_role": "current building-footprint polygon",
        "linkage_semantics": "Overlap/proximity only; not evidence that the building hosts AI compute."
      }
    },
    {
      "type": "Feature",
      "id": "d8190c75-8bd8-4846-b177-7d26483a4d0b",
      "geometry": {
        "type": "Polygon",
        "coordinates": [
          [
            [
              -83.6527018,
              41.454702
            ],
            [
              -83.6525623,
              41.454703
            ],
            [
              -83.6525632,
              41.4547714
            ],
            [
              -83.6527027,
              41.4547703
            ],
            [
              -83.6527018,
              41.454702
            ]
          ]
        ]
      },
      "properties": {
        "epoch_id": "EPOCH-177c53f92d72ec4a",
        "site_name": "Meta Bowling Green",
        "distance_to_site_km": 1.6469,
        "footprint_area_m2_webmercator": 157.67,
        "source_dataset": "Overture Maps buildings",
        "source_url": "https://docs.overturemaps.org/getting-data/",
        "source_release": "2026-09-23.1",
        "source_accessed_on": "2026-09-27",
        "geometry_role": "current building-footprint polygon",
        "linkage_semantics": "Overlap/proximity only; not evidence that the building hosts AI compute."
      }
    },
    {
      "type": "Feature",
      "id": "ff811480-b618-4d5f-8f51-cad901482901",
      "geometry": {
        "type": "Polygon",
        "coordinates": [
          [
            [
              -83.6528206,
              41.4542804
            ],
            [
              -83.6527026,
              41.4542804
            ],
            [
              -83.6527026,
              41.4544955
            ],
            [
              -83.6527843,
              41.4544955
            ],
            [
              -83.6527843,
              41.4545177
            ],
            [
              -83.6528286,
              41.4545177
            ],
            [
              -83.6528286,
              41.4544011
            ],
            [
              -83.6528957,
              41.4544011
            ],
            [
              -83.6528957,
              41.4543468
            ],
            [
              -83.6528206,
              41.4543468
            ],
            [
              -83.6528206,
              41.4542804
            ]
          ]
        ]
      },
      "properties": {
        "epoch_id": "EPOCH-177c53f92d72ec4a",
        "site_name": "Meta Bowling Green",
        "distance_to_site_km": 1.683,
        "footprint_area_m2_webmercator": 515.84,
        "source_dataset": "Overture Maps buildings",
        "source_url": "https://docs.overturemaps.org/getting-data/",
        "source_release": "2026-09-23.1",
        "source_accessed_on": "2026-09-27",
        "geometry_role": "current building-footprint polygon",
        "linkage_semantics": "Overlap/proximity only; not evidence that the building hosts AI compute."
      }
    },
    {
      "type": "Feature",
      "id": "76bb83c2-6ea8-4499-ae84-0dfe69bd51ce",
      "geometry": {
        "type": "Polygon",
        "coordinates": [
          [
            [
              -83.6534509,
              41.4542909
            ],
            [
              -83.6534575,
              41.4542401
            ],
            [
              -83.6533711,
              41.4542338
            ],
            [
              -83.6533645,
              41.4542847
            ],
            [
              -83.6534509,
              41.4542909
            ]
          ]
        ]
      },
      "properties": {
        "epoch_id": "EPOCH-177c53f92d72ec4a",
        "site_name": "Meta Bowling Green",
        "distance_to_site_km": 1.7299,
        "footprint_area_m2_webmercator": 73.32,
        "source_dataset": "Overture Maps buildings",
        "source_url": "https://docs.overturemaps.org/getting-data/",
        "source_release": "2026-09-23.1",
        "source_accessed_on": "2026-09-27",
        "geometry_role": "current building-footprint polygon",
        "linkage_semantics": "Overlap/proximity only; not evidence that the building hosts AI compute."
      }
    },
    {
      "type": "Feature",
      "id": "7401810e-9619-4831-b0cc-eeb84b8669c3",
      "geometry": {
        "type": "Polygon",
        "coordinates": [
          [
            [
              -83.6548788,
              41.4589122
            ],
            [
              -83.6548755,
              41.4589885
            ],
            [
              -83.6547619,
              41.4589857
            ],
            [
              -83.6547586,
              41.459061
            ],
            [
              -83.6548641,
              41.4590636
            ],
            [
              -83.6548656,
              41.4590295
            ],
            [
              -83.6549513,
              41.4590316
            ],
            [
              -83.6549532,
              41.4589894
            ],
            [
              -83.6550353,
              41.4589915
            ],
            [
              -83.6550386,
              41.4589162
            ],
            [
              -83.6549967,
              41.4589151
            ],
            [
              -83.6549976,
              41.458895
            ],
            [
              -83.6549333,
              41.4588934
            ],
            [
              -83.6549324,
              41.4589135
            ],
            [
              -83.6548788,
              41.4589122
            ]
          ]
        ]
      },
      "properties": {
        "epoch_id": "EPOCH-177c53f92d72ec4a",
        "site_name": "Meta Bowling Green",
        "distance_to_site_km": 1.5106,
        "footprint_area_m2_webmercator": 411.83,
        "source_dataset": "Overture Maps buildings",
        "source_url": "https://docs.overturemaps.org/getting-data/",
        "source_release": "2026-09-23.1",
        "source_accessed_on": "2026-09-27",
        "geometry_role": "current building-footprint polygon",
        "linkage_semantics": "Overlap/proximity only; not evidence that the building hosts AI compute."
      }
    },
    {
      "type": "Feature",
      "id": "f9ef8cc1-713a-42c5-9704-6e0052f8e896",
      "geometry": {
        "type": "Polygon",
        "coordinates": [
          [
            [
              -83.6543857,
              41.4597444
            ],
            [
              -83.6541642,
              41.4597408
            ],
            [
              -83.6541568,
              41.4599879
            ],
            [
              -83.6543783,
              41.4599916
            ],
            [
              -83.6543857,
              41.4597444
            ]
          ]
        ]
      },
      "properties": {
        "epoch_id": "EPOCH-177c53f92d72ec4a",
        "site_name": "Meta Bowling Green",
        "distance_to_site_km": 1.4189,
        "footprint_area_m2_webmercator": 905.66,
        "source_dataset": "Overture Maps buildings",
        "source_url": "https://docs.overturemaps.org/getting-data/",
        "source_release": "2026-09-23.1",
        "source_accessed_on": "2026-09-27",
        "geometry_role": "current building-footprint polygon",
        "linkage_semantics": "Overlap/proximity only; not evidence that the building hosts AI compute."
      }
    },
    {
      "type": "Feature",
      "id": "f810ddad-a4ef-4ee3-bc17-b8f74b99cc19",
      "geometry": {
        "type": "Polygon",
        "coordinates": [
          [
            [
              -83.6539856,
              41.4593988
            ],
            [
              -83.653763,
              41.4593958
            ],
            [
              -83.6537549,
              41.4597405
            ],
            [
              -83.6539775,
              41.4597435
            ],
            [
              -83.6539856,
              41.4593988
            ]
          ]
        ]
      },
      "properties": {
        "epoch_id": "EPOCH-177c53f92d72ec4a",
        "site_name": "Meta Bowling Green",
        "distance_to_site_km": 1.4038,
        "footprint_area_m2_webmercator": 1269.17,
        "source_dataset": "Overture Maps buildings",
        "source_url": "https://docs.overturemaps.org/getting-data/",
        "source_release": "2026-09-23.1",
        "source_accessed_on": "2026-09-27",
        "geometry_role": "current building-footprint polygon",
        "linkage_semantics": "Overlap/proximity only; not evidence that the building hosts AI compute."
      }
    },
    {
      "type": "Feature",
      "id": "6caaa3e2-1218-4850-9e26-01c7ca5da65a",
      "geometry": {
        "type": "Polygon",
        "coordinates": [
          [
            [
              -83.6534788,
              41.4598503
            ],
            [
              -83.6533743,
              41.4598489
            ],
            [
              -83.6533711,
              41.4599856
            ],
            [
              -83.6535937,
              41.4599884
            ],
            [
              -83.6535994,
              41.4597372
            ],
            [
              -83.6534814,
              41.4597357
            ],
            [
              -83.6534802,
              41.459792
            ],
            [
              -83.6534788,
              41.4598503
            ]
          ]
        ]
      },
      "properties": {
        "epoch_id": "EPOCH-177c53f92d72ec4a",
        "site_name": "Meta Bowling Green",
        "distance_to_site_km": 1.3606,
        "footprint_area_m2_webmercator": 726.54,
        "source_dataset": "Overture Maps buildings",
        "source_url": "https://docs.overturemaps.org/getting-data/",
        "source_release": "2026-09-23.1",
        "source_accessed_on": "2026-09-27",
        "geometry_role": "current building-footprint polygon",
        "linkage_semantics": "Overlap/proximity only; not evidence that the building hosts AI compute."
      }
    },
    {
      "type": "Feature",
      "id": "a2381414-e333-433e-ae1f-56552add7a40",
      "geometry": {
        "type": "Polygon",
        "coordinates": [
          [
            [
              -83.6534265,
              41.458917
            ],
            [
              -83.6534268,
              41.4588728
            ],
            [
              -83.6531532,
              41.4588718
            ],
            [
              -83.6531522,
              41.4590326
            ],
            [
              -83.6533319,
              41.4590332
            ],
            [
              -83.6533317,
              41.4590594
            ],
            [
              -83.6534685,
              41.4590599
            ],
            [
              -83.6534694,
              41.4589171
            ],
            [
              -83.6534265,
              41.458917
            ]
          ]
        ]
      },
      "properties": {
        "epoch_id": "EPOCH-177c53f92d72ec4a",
        "site_name": "Meta Bowling Green",
        "distance_to_site_km": 1.3963,
        "footprint_area_m2_webmercator": 869.2,
        "source_dataset": "Overture Maps buildings",
        "source_url": "https://docs.overturemaps.org/getting-data/",
        "source_release": "2026-09-23.1",
        "source_accessed_on": "2026-09-27",
        "geometry_role": "current building-footprint polygon",
        "linkage_semantics": "Overlap/proximity only; not evidence that the building hosts AI compute."
      }
    },
    {
      "type": "Feature",
      "id": "dc046746-aac9-4c7f-a691-4833ea19e10f",
      "geometry": {
        "type": "Polygon",
        "coordinates": [
          [
            [
              -83.6489022,
              41.4573066
            ],
            [
              -83.6489067,
              41.4571458
            ],
            [
              -83.6483528,
              41.4571371
            ],
            [
              -83.6483517,
              41.4572031
            ],
            [
              -83.6483498,
              41.4572979
            ],
            [
              -83.6489022,
              41.4573066
            ]
          ]
        ]
      },
      "properties": {
        "epoch_id": "EPOCH-177c53f92d72ec4a",
        "site_name": "Meta Bowling Green",
        "distance_to_site_km": 1.2174,
        "footprint_area_m2_webmercator": 1471.08,
        "source_dataset": "Overture Maps buildings",
        "source_url": "https://docs.overturemaps.org/getting-data/",
        "source_release": "2026-09-23.1",
        "source_accessed_on": "2026-09-27",
        "geometry_role": "current building-footprint polygon",
        "linkage_semantics": "Overlap/proximity only; not evidence that the building hosts AI compute."
      }
    },
    {
      "type": "Feature",
      "id": "63197a8d-0c72-4222-8614-0b28beaf31d3",
      "geometry": {
        "type": "Polygon",
        "coordinates": [
          [
            [
              -83.648013,
              41.457454
            ],
            [
              -83.6494345,
              41.4574764
            ],
            [
              -83.6494368,
              41.4573959
            ],
            [
              -83.6480153,
              41.4573735
            ],
            [
              -83.648013,
              41.457454
            ]
          ]
        ]
      },
      "properties": {
        "epoch_id": "EPOCH-177c53f92d72ec4a",
        "site_name": "Meta Bowling Green",
        "distance_to_site_km": 1.206,
        "footprint_area_m2_webmercator": 1892.95,
        "source_dataset": "Overture Maps buildings",
        "source_url": "https://docs.overturemaps.org/getting-data/",
        "source_release": "2026-09-23.1",
        "source_accessed_on": "2026-09-27",
        "geometry_role": "current building-footprint polygon",
        "linkage_semantics": "Overlap/proximity only; not evidence that the building hosts AI compute."
      }
    },
    {
      "type": "Feature",
      "id": "b48f1109-cbb7-422f-ae37-a84707ddc2a0",
      "geometry": {
        "type": "Polygon",
        "coordinates": [
          [
            [
              -83.6489947,
              41.4573034
            ],
            [
              -83.6494452,
              41.4573077
            ],
            [
              -83.6494477,
              41.4571611
            ],
            [
              -83.6489972,
              41.4571569
            ],
            [
              -83.6489947,
              41.4573034
            ]
          ]
        ]
      },
      "properties": {
        "epoch_id": "EPOCH-177c53f92d72ec4a",
        "site_name": "Meta Bowling Green",
        "distance_to_site_km": 1.2499,
        "footprint_area_m2_webmercator": 1091.82,
        "source_dataset": "Overture Maps buildings",
        "source_url": "https://docs.overturemaps.org/getting-data/",
        "source_release": "2026-09-23.1",
        "source_accessed_on": "2026-09-27",
        "geometry_role": "current building-footprint polygon",
        "linkage_semantics": "Overlap/proximity only; not evidence that the building hosts AI compute."
      }
    },
    {
      "type": "Feature",
      "id": "9c6a02cf-02b9-414f-8b4a-c39222c7c95f",
      "geometry": {
        "type": "Polygon",
        "coordinates": [
          [
            [
              -83.6495915,
              41.4568803
            ],
            [
              -83.6503106,
              41.4568978
            ],
            [
              -83.6503145,
              41.4568077
            ],
            [
              -83.6495954,
              41.45679
            ],
            [
              -83.6495915,
              41.4568803
            ]
          ]
        ]
      },
      "properties": {
        "epoch_id": "EPOCH-177c53f92d72ec4a",
        "site_name": "Meta Bowling Green",
        "distance_to_site_km": 1.3232,
        "footprint_area_m2_webmercator": 1073.62,
        "source_dataset": "Overture Maps buildings",
        "source_url": "https://docs.overturemaps.org/getting-data/",
        "source_release": "2026-09-23.1",
        "source_accessed_on": "2026-09-27",
        "geometry_role": "current building-footprint polygon",
        "linkage_semantics": "Overlap/proximity only; not evidence that the building hosts AI compute."
      }
    },
    {
      "type": "Feature",
      "id": "7770ac2f-3ade-41ac-a74b-3d6fba5642d9",
      "geometry": {
        "type": "Polygon",
        "coordinates": [
          [
            [
              -83.6495333,
              41.4570609
            ],
            [
              -83.650268,
              41.4570761
            ],
            [
              -83.650272,
              41.4569694
            ],
            [
              -83.6495372,
              41.4569543
            ],
            [
              -83.6495333,
              41.4570609
            ]
          ]
        ]
      },
      "properties": {
        "epoch_id": "EPOCH-177c53f92d72ec4a",
        "site_name": "Meta Bowling Green",
        "distance_to_site_km": 1.3066,
        "footprint_area_m2_webmercator": 1296.67,
        "source_dataset": "Overture Maps buildings",
        "source_url": "https://docs.overturemaps.org/getting-data/",
        "source_release": "2026-09-23.1",
        "source_accessed_on": "2026-09-27",
        "geometry_role": "current building-footprint polygon",
        "linkage_semantics": "Overlap/proximity only; not evidence that the building hosts AI compute."
      }
    },
    {
      "type": "Feature",
      "id": "72437aea-7e62-47aa-84c1-de854603dfac",
      "geometry": {
        "type": "Polygon",
        "coordinates": [
          [
            [
              -83.6495607,
              41.4573195
            ],
            [
              -83.6502088,
              41.4573209
            ],
            [
              -83.6502094,
              41.4571571
            ],
            [
              -83.6495614,
              41.4571556
            ],
            [
              -83.6495607,
              41.4573195
            ]
          ]
        ]
      },
      "properties": {
        "epoch_id": "EPOCH-177c53f92d72ec4a",
        "site_name": "Meta Bowling Green",
        "distance_to_site_km": 1.2879,
        "footprint_area_m2_webmercator": 1755.73,
        "source_dataset": "Overture Maps buildings",
        "source_url": "https://docs.overturemaps.org/getting-data/",
        "source_release": "2026-09-23.1",
        "source_accessed_on": "2026-09-27",
        "geometry_role": "current building-footprint polygon",
        "linkage_semantics": "Overlap/proximity only; not evidence that the building hosts AI compute."
      }
    },
    {
      "type": "Feature",
      "id": "a43dee7a-0073-4c17-9b09-890e7f724d52",
      "geometry": {
        "type": "Polygon",
        "coordinates": [
          [
            [
              -83.6498135,
              41.4589514
            ],
            [
              -83.6497155,
              41.4589514
            ],
            [
              -83.6497155,
              41.4590695
            ],
            [
              -83.6498135,
              41.4590695
            ],
            [
              -83.6498135,
              41.4589514
            ]
          ]
        ]
      },
      "properties": {
        "epoch_id": "EPOCH-177c53f92d72ec4a",
        "site_name": "Meta Bowling Green",
        "distance_to_site_km": 1.1494,
        "footprint_area_m2_webmercator": 191.38,
        "source_dataset": "Overture Maps buildings",
        "source_url": "https://docs.overturemaps.org/getting-data/",
        "source_release": "2026-09-23.1",
        "source_accessed_on": "2026-09-27",
        "geometry_role": "current building-footprint polygon",
        "linkage_semantics": "Overlap/proximity only; not evidence that the building hosts AI compute."
      }
    },
    {
      "type": "Feature",
      "id": "562b826f-e6c7-431a-bf2e-c2c0c15f7726",
      "geometry": {
        "type": "Polygon",
        "coordinates": [
          [
            [
              -83.6496871,
              41.4590715
            ],
            [
              -83.649693,
              41.4589566
            ],
            [
              -83.6494562,
              41.4589499
            ],
            [
              -83.6494503,
              41.4590647
            ],
            [
              -83.6496871,
              41.4590715
            ]
          ]
        ]
      },
      "properties": {
        "epoch_id": "EPOCH-177c53f92d72ec4a",
        "site_name": "Meta Bowling Green",
        "distance_to_site_km": 1.1368,
        "footprint_area_m2_webmercator": 450.36,
        "source_dataset": "Overture Maps buildings",
        "source_url": "https://docs.overturemaps.org/getting-data/",
        "source_release": "2026-09-23.1",
        "source_accessed_on": "2026-09-27",
        "geometry_role": "current building-footprint polygon",
        "linkage_semantics": "Overlap/proximity only; not evidence that the building hosts AI compute."
      }
    },
    {
      "type": "Feature",
      "id": "b7df4d31-77b1-40f0-a618-719d784bfff3",
      "geometry": {
        "type": "Polygon",
        "coordinates": [
          [
            [
              -83.6496394,
              41.458877
            ],
            [
              -83.6496404,
              41.4587597
            ],
            [
              -83.6493849,
              41.4587585
            ],
            [
              -83.6493839,
              41.4588758
            ],
            [
              -83.6496394,
              41.458877
            ]
          ]
        ]
      },
      "properties": {
        "epoch_id": "EPOCH-177c53f92d72ec4a",
        "site_name": "Meta Bowling Green",
        "distance_to_site_km": 1.1465,
        "footprint_area_m2_webmercator": 495.58,
        "source_dataset": "Overture Maps buildings",
        "source_url": "https://docs.overturemaps.org/getting-data/",
        "source_release": "2026-09-23.1",
        "source_accessed_on": "2026-09-27",
        "geometry_role": "current building-footprint polygon",
        "linkage_semantics": "Overlap/proximity only; not evidence that the building hosts AI compute."
      }
    },
    {
      "type": "Feature",
      "id": "59d892f1-4972-4844-9424-4176e524263b",
      "geometry": {
        "type": "Polygon",
        "coordinates": [
          [
            [
              -83.6492765,
              41.4579044
            ],
            [
              -83.6492835,
              41.4577518
            ],
            [
              -83.6490818,
              41.4577467
            ],
            [
              -83.6490749,
              41.4578993
            ],
            [
              -83.6491323,
              41.4579008
            ],
            [
              -83.6492765,
              41.4579044
            ]
          ]
        ]
      },
      "properties": {
        "epoch_id": "EPOCH-177c53f92d72ec4a",
        "site_name": "Meta Bowling Green",
        "distance_to_site_km": 1.2002,
        "footprint_area_m2_webmercator": 509.48,
        "source_dataset": "Overture Maps buildings",
        "source_url": "https://docs.overturemaps.org/getting-data/",
        "source_release": "2026-09-23.1",
        "source_accessed_on": "2026-09-27",
        "geometry_role": "current building-footprint polygon",
        "linkage_semantics": "Overlap/proximity only; not evidence that the building hosts AI compute."
      }
    },
    {
      "type": "Feature",
      "id": "cc961609-e124-47d5-87ad-1cbd4e88a0ca",
      "geometry": {
        "type": "Polygon",
        "coordinates": [
          [
            [
              -83.6497452,
              41.4599584
            ],
            [
              -83.6497522,
              41.4599286
            ],
            [
              -83.6496715,
              41.459918
            ],
            [
              -83.6496593,
              41.4599704
            ],
            [
              -83.6497399,
              41.459981
            ],
            [
              -83.6497452,
              41.4599584
            ]
          ]
        ]
      },
      "properties": {
        "epoch_id": "EPOCH-177c53f92d72ec4a",
        "site_name": "Meta Bowling Green",
        "distance_to_site_km": 1.0837,
        "footprint_area_m2_webmercator": 72.03,
        "source_dataset": "Overture Maps buildings",
        "source_url": "https://docs.overturemaps.org/getting-data/",
        "source_release": "2026-09-23.1",
        "source_accessed_on": "2026-09-27",
        "geometry_role": "current building-footprint polygon",
        "linkage_semantics": "Overlap/proximity only; not evidence that the building hosts AI compute."
      }
    },
    {
      "type": "Feature",
      "id": "d6136bc8-d388-4312-af4d-f3fd2d33794f",
      "geometry": {
        "type": "Polygon",
        "coordinates": [
          [
            [
              -83.6497737,
              41.4593691
            ],
            [
              -83.6497759,
              41.4592346
            ],
            [
              -83.6494802,
              41.4592319
            ],
            [
              -83.649478,
              41.4593664
            ],
            [
              -83.6497737,
              41.4593691
            ]
          ]
        ]
      },
      "properties": {
        "epoch_id": "EPOCH-177c53f92d72ec4a",
        "site_name": "Meta Bowling Green",
        "distance_to_site_km": 1.1205,
        "footprint_area_m2_webmercator": 657.74,
        "source_dataset": "Overture Maps buildings",
        "source_url": "https://docs.overturemaps.org/getting-data/",
        "source_release": "2026-09-23.1",
        "source_accessed_on": "2026-09-27",
        "geometry_role": "current building-footprint polygon",
        "linkage_semantics": "Overlap/proximity only; not evidence that the building hosts AI compute."
      }
    },
    {
      "type": "Feature",
      "id": "634280b1-6f15-43ec-919b-7157548a91ed",
      "geometry": {
        "type": "Polygon",
        "coordinates": [
          [
            [
              -83.6499309,
              41.4601173
            ],
            [
              -83.6499456,
              41.4600465
            ],
            [
              -83.6498452,
              41.4600348
            ],
            [
              -83.6498179,
              41.4601662
            ],
            [
              -83.64992,
              41.4601781
            ],
            [
              -83.6499244,
              41.4601567
            ],
            [
              -83.649944,
              41.460159
            ],
            [
              -83.6499521,
              41.4601197
            ],
            [
              -83.6499309,
              41.4601173
            ]
          ]
        ]
      },
      "properties": {
        "epoch_id": "EPOCH-177c53f92d72ec4a",
        "site_name": "Meta Bowling Green",
        "distance_to_site_km": 1.0864,
        "footprint_area_m2_webmercator": 238.15,
        "source_dataset": "Overture Maps buildings",
        "source_url": "https://docs.overturemaps.org/getting-data/",
        "source_release": "2026-09-23.1",
        "source_accessed_on": "2026-09-27",
        "geometry_role": "current building-footprint polygon",
        "linkage_semantics": "Overlap/proximity only; not evidence that the building hosts AI compute."
      }
    },
    {
      "type": "Feature",
      "id": "3095221d-d9ca-48f5-8b9e-2bbc68111ffc",
      "geometry": {
        "type": "Polygon",
        "coordinates": [
          [
            [
              -83.6502217,
              41.4582519
            ],
            [
              -83.6502217,
              41.4581642
            ],
            [
              -83.6501686,
              41.4581642
            ],
            [
              -83.6501686,
              41.4582519
            ],
            [
              -83.6502217,
              41.4582519
            ]
          ]
        ]
      },
      "properties": {
        "epoch_id": "EPOCH-177c53f92d72ec4a",
        "site_name": "Meta Bowling Green",
        "distance_to_site_km": 1.2337,
        "footprint_area_m2_webmercator": 77.0,
        "source_dataset": "Overture Maps buildings",
        "source_url": "https://docs.overturemaps.org/getting-data/",
        "source_release": "2026-09-23.1",
        "source_accessed_on": "2026-09-27",
        "geometry_role": "current building-footprint polygon",
        "linkage_semantics": "Overlap/proximity only; not evidence that the building hosts AI compute."
      }
    },
    {
      "type": "Feature",
      "id": "846a8901-36d5-44d9-b3c1-43d4d748cf17",
      "geometry": {
        "type": "Polygon",
        "coordinates": [
          [
            [
              -83.6502267,
              41.4580374
            ],
            [
              -83.6502267,
              41.4579497
            ],
            [
              -83.6501737,
              41.4579497
            ],
            [
              -83.6501737,
              41.4580374
            ],
            [
              -83.6502267,
              41.4580374
            ]
          ]
        ]
      },
      "properties": {
        "epoch_id": "EPOCH-177c53f92d72ec4a",
        "site_name": "Meta Bowling Green",
        "distance_to_site_km": 1.2497,
        "footprint_area_m2_webmercator": 76.86,
        "source_dataset": "Overture Maps buildings",
        "source_url": "https://docs.overturemaps.org/getting-data/",
        "source_release": "2026-09-23.1",
        "source_accessed_on": "2026-09-27",
        "geometry_role": "current building-footprint polygon",
        "linkage_semantics": "Overlap/proximity only; not evidence that the building hosts AI compute."
      }
    },
    {
      "type": "Feature",
      "id": "1f5d921d-16db-41df-bf1e-9dc81edeff77",
      "geometry": {
        "type": "Polygon",
        "coordinates": [
          [
            [
              -83.6505411,
              41.458237
            ],
            [
              -83.650548,
              41.4580844
            ],
            [
              -83.6503464,
              41.4580793
            ],
            [
              -83.6503394,
              41.4582319
            ],
            [
              -83.6505411,
              41.458237
            ]
          ]
        ]
      },
      "properties": {
        "epoch_id": "EPOCH-177c53f92d72ec4a",
        "site_name": "Meta Bowling Green",
        "distance_to_site_km": 1.2531,
        "footprint_area_m2_webmercator": 509.4,
        "source_dataset": "Overture Maps buildings",
        "source_url": "https://docs.overturemaps.org/getting-data/",
        "source_release": "2026-09-23.1",
        "source_accessed_on": "2026-09-27",
        "geometry_role": "current building-footprint polygon",
        "linkage_semantics": "Overlap/proximity only; not evidence that the building hosts AI compute."
      }
    },
    {
      "type": "Feature",
      "id": "7e3df8a3-a870-4cbf-8250-8d496d55d49c",
      "geometry": {
        "type": "Polygon",
        "coordinates": [
          [
            [
              -83.6498457,
              41.4607141
            ],
            [
              -83.6498688,
              41.4606226
            ],
            [
              -83.6498076,
              41.460614
            ],
            [
              -83.6498036,
              41.4606301
            ],
            [
              -83.6497326,
              41.46062
            ],
            [
              -83.6497136,
              41.4606954
            ],
            [
              -83.6498457,
              41.4607141
            ]
          ]
        ]
      },
      "properties": {
        "epoch_id": "EPOCH-177c53f92d72ec4a",
        "site_name": "Meta Bowling Green",
        "distance_to_site_km": 1.0476,
        "footprint_area_m2_webmercator": 187.4,
        "source_dataset": "Overture Maps buildings",
        "source_url": "https://docs.overturemaps.org/getting-data/",
        "source_release": "2026-09-23.1",
        "source_accessed_on": "2026-09-27",
        "geometry_role": "current building-footprint polygon",
        "linkage_semantics": "Overlap/proximity only; not evidence that the building hosts AI compute."
      }
    },
    {
      "type": "Feature",
      "id": "9a3c195b-7ffa-4f8e-ba62-8fa4f5b1921c",
      "geometry": {
        "type": "Polygon",
        "coordinates": [
          [
            [
              -83.6494715,
              41.4611598
            ],
            [
              -83.6494684,
              41.4611133
            ],
            [
              -83.6494359,
              41.4611145
            ],
            [
              -83.649439,
              41.461161
            ],
            [
              -83.6494715,
              41.4611598
            ]
          ]
        ]
      },
      "properties": {
        "epoch_id": "EPOCH-177c53f92d72ec4a",
        "site_name": "Meta Bowling Green",
        "distance_to_site_km": 0.997,
        "footprint_area_m2_webmercator": 25.05,
        "source_dataset": "Overture Maps buildings",
        "source_url": "https://docs.overturemaps.org/getting-data/",
        "source_release": "2026-09-23.1",
        "source_accessed_on": "2026-09-27",
        "geometry_role": "current building-footprint polygon",
        "linkage_semantics": "Overlap/proximity only; not evidence that the building hosts AI compute."
      }
    },
    {
      "type": "Feature",
      "id": "c0345418-3f43-4652-9a92-74c79ece995e",
      "geometry": {
        "type": "Polygon",
        "coordinates": [
          [
            [
              -83.6495357,
              41.4611183
            ],
            [
              -83.6495337,
              41.4610804
            ],
            [
              -83.6494811,
              41.4610819
            ],
            [
              -83.6494831,
              41.4611198
            ],
            [
              -83.6495357,
              41.4611183
            ]
          ]
        ]
      },
      "properties": {
        "epoch_id": "EPOCH-177c53f92d72ec4a",
        "site_name": "Meta Bowling Green",
        "distance_to_site_km": 1.003,
        "footprint_area_m2_webmercator": 33.01,
        "source_dataset": "Overture Maps buildings",
        "source_url": "https://docs.overturemaps.org/getting-data/",
        "source_release": "2026-09-23.1",
        "source_accessed_on": "2026-09-27",
        "geometry_role": "current building-footprint polygon",
        "linkage_semantics": "Overlap/proximity only; not evidence that the building hosts AI compute."
      }
    },
    {
      "type": "Feature",
      "id": "e84c72d9-c11a-4a9b-a30c-7e483d61c148",
      "geometry": {
        "type": "Polygon",
        "coordinates": [
          [
            [
              -83.6497829,
              41.4610184
            ],
            [
              -83.6497834,
              41.4609715
            ],
            [
              -83.6496637,
              41.4609706
            ],
            [
              -83.6496628,
              41.4610465
            ],
            [
              -83.649645,
              41.4610464
            ],
            [
              -83.6496447,
              41.461073
            ],
            [
              -83.6496728,
              41.4610732
            ],
            [
              -83.6496716,
              41.4611687
            ],
            [
              -83.6497396,
              41.4611692
            ],
            [
              -83.649741,
              41.4610614
            ],
            [
              -83.6497663,
              41.4610616
            ],
            [
              -83.6497668,
              41.4610183
            ],
            [
              -83.6497829,
              41.4610184
            ]
          ]
        ]
      },
      "properties": {
        "epoch_id": "EPOCH-177c53f92d72ec4a",
        "site_name": "Meta Bowling Green",
        "distance_to_site_km": 1.0202,
        "footprint_area_m2_webmercator": 298.32,
        "source_dataset": "Overture Maps buildings",
        "source_url": "https://docs.overturemaps.org/getting-data/",
        "source_release": "2026-09-23.1",
        "source_accessed_on": "2026-09-27",
        "geometry_role": "current building-footprint polygon",
        "linkage_semantics": "Overlap/proximity only; not evidence that the building hosts AI compute."
      }
    },
    {
      "type": "Feature",
      "id": "154c3dc7-8f6d-4f7c-98cd-5afb96ef9502",
      "geometry": {
        "type": "Polygon",
        "coordinates": [
          [
            [
              -83.6496605,
              41.4606863
            ],
            [
              -83.6496732,
              41.4606293
            ],
            [
              -83.6495572,
              41.4606147
            ],
            [
              -83.6495444,
              41.4606717
            ],
            [
              -83.6496605,
              41.4606863
            ]
          ]
        ]
      },
      "properties": {
        "epoch_id": "EPOCH-177c53f92d72ec4a",
        "site_name": "Meta Bowling Green",
        "distance_to_site_km": 1.035,
        "footprint_area_m2_webmercator": 112.46,
        "source_dataset": "Overture Maps buildings",
        "source_url": "https://docs.overturemaps.org/getting-data/",
        "source_release": "2026-09-23.1",
        "source_accessed_on": "2026-09-27",
        "geometry_role": "current building-footprint polygon",
        "linkage_semantics": "Overlap/proximity only; not evidence that the building hosts AI compute."
      }
    },
    {
      "type": "Feature",
      "id": "cf045cee-8135-4c72-809d-e8f35462e336",
      "geometry": {
        "type": "Polygon",
        "coordinates": [
          [
            [
              -83.6491741,
              41.4624633
            ],
            [
              -83.649226,
              41.4624635
            ],
            [
              -83.6492263,
              41.4624024
            ],
            [
              -83.6491685,
              41.4624022
            ],
            [
              -83.6491689,
              41.4623327
            ],
            [
              -83.6490304,
              41.4623322
            ],
            [
              -83.6490296,
              41.4624711
            ],
            [
              -83.6491741,
              41.4624716
            ],
            [
              -83.6491741,
              41.4624633
            ]
          ]
        ]
      },
      "properties": {
        "epoch_id": "EPOCH-177c53f92d72ec4a",
        "site_name": "Meta Bowling Green",
        "distance_to_site_km": 0.9116,
        "footprint_area_m2_webmercator": 377.34,
        "source_dataset": "Overture Maps buildings",
        "source_url": "https://docs.overturemaps.org/getting-data/",
        "source_release": "2026-09-23.1",
        "source_accessed_on": "2026-09-27",
        "geometry_role": "current building-footprint polygon",
        "linkage_semantics": "Overlap/proximity only; not evidence that the building hosts AI compute."
      }
    },
    {
      "type": "Feature",
      "id": "2f3759a0-29ae-4d20-9745-93be2c98592e",
      "geometry": {
        "type": "Polygon",
        "coordinates": [
          [
            [
              -83.6493482,
              41.4631585
            ],
            [
              -83.6493808,
              41.4631615
            ],
            [
              -83.6493888,
              41.4631131
            ],
            [
              -83.6493781,
              41.463112
            ],
            [
              -83.6493879,
              41.4630533
            ],
            [
              -83.649118,
              41.4630281
            ],
            [
              -83.6491055,
              41.4631036
            ],
            [
              -83.6491878,
              41.4631113
            ],
            [
              -83.6491794,
              41.4631619
            ],
            [
              -83.6492294,
              41.4631666
            ],
            [
              -83.6492387,
              41.4631111
            ],
            [
              -83.6492494,
              41.4631121
            ],
            [
              -83.6492408,
              41.4631637
            ],
            [
              -83.6493457,
              41.4631735
            ],
            [
              -83.6493482,
              41.4631585
            ]
          ]
        ]
      },
      "properties": {
        "epoch_id": "EPOCH-177c53f92d72ec4a",
        "site_name": "Meta Bowling Green",
        "distance_to_site_km": 0.8976,
        "footprint_area_m2_webmercator": 486.51,
        "source_dataset": "Overture Maps buildings",
        "source_url": "https://docs.overturemaps.org/getting-data/",
        "source_release": "2026-09-23.1",
        "source_accessed_on": "2026-09-27",
        "geometry_role": "current building-footprint polygon",
        "linkage_semantics": "Overlap/proximity only; not evidence that the building hosts AI compute."
      }
    },
    {
      "type": "Feature",
      "id": "e2f2909d-10b7-4918-a9ec-0c376aba33fb",
      "geometry": {
        "type": "Polygon",
        "coordinates": [
          [
            [
              -83.6493628,
              41.4626108
            ],
            [
              -83.649489,
              41.4626254
            ],
            [
              -83.6494949,
              41.462597
            ],
            [
              -83.6495044,
              41.4625981
            ],
            [
              -83.6495082,
              41.4625801
            ],
            [
              -83.6494951,
              41.4625786
            ],
            [
              -83.6495066,
              41.462523
            ],
            [
              -83.6494665,
              41.4625184
            ],
            [
              -83.6494756,
              41.4624744
            ],
            [
              -83.6494878,
              41.4624758
            ],
            [
              -83.6495073,
              41.4623812
            ],
            [
              -83.6493995,
              41.4623688
            ],
            [
              -83.6493778,
              41.462474
            ],
            [
              -83.6494337,
              41.4624805
            ],
            [
              -83.6494272,
              41.4625116
            ],
            [
              -83.6493843,
              41.4625067
            ],
            [
              -83.6493628,
              41.4626108
            ]
          ]
        ]
      },
      "properties": {
        "epoch_id": "EPOCH-177c53f92d72ec4a",
        "site_name": "Meta Bowling Green",
        "distance_to_site_km": 0.9331,
        "footprint_area_m2_webmercator": 431.4,
        "source_dataset": "Overture Maps buildings",
        "source_url": "https://docs.overturemaps.org/getting-data/",
        "source_release": "2026-09-23.1",
        "source_accessed_on": "2026-09-27",
        "geometry_role": "current building-footprint polygon",
        "linkage_semantics": "Overlap/proximity only; not evidence that the building hosts AI compute."
      }
    },
    {
      "type": "Feature",
      "id": "64c3279b-149a-435e-a124-f335df997eb1",
      "geometry": {
        "type": "Polygon",
        "coordinates": [
          [
            [
              -83.6490235,
              41.4630611
            ],
            [
              -83.6489448,
              41.4630601
            ],
            [
              -83.648939,
              41.4633139
            ],
            [
              -83.6489623,
              41.4633142
            ],
            [
              -83.6489579,
              41.463505
            ],
            [
              -83.6489303,
              41.4635046
            ],
            [
              -83.648929,
              41.4635617
            ],
            [
              -83.6489547,
              41.463562
            ],
            [
              -83.6489502,
              41.4637583
            ],
            [
              -83.6490075,
              41.4637591
            ],
            [
              -83.6490235,
              41.4630611
            ]
          ]
        ]
      },
      "properties": {
        "epoch_id": "EPOCH-177c53f92d72ec4a",
        "site_name": "Meta Bowling Green",
        "distance_to_site_km": 0.8667,
        "footprint_area_m2_webmercator": 769.6,
        "source_dataset": "Overture Maps buildings",
        "source_url": "https://docs.overturemaps.org/getting-data/",
        "source_release": "2026-09-23.1",
        "source_accessed_on": "2026-09-27",
        "geometry_role": "current building-footprint polygon",
        "linkage_semantics": "Overlap/proximity only; not evidence that the building hosts AI compute."
      }
    },
    {
      "type": "Feature",
      "id": "871ab498-177a-4227-af0e-a02314b5a990",
      "geometry": {
        "type": "Polygon",
        "coordinates": [
          [
            [
              -83.6485229,
              41.4659777
            ],
            [
              -83.648641,
              41.4659919
            ],
            [
              -83.6486811,
              41.4658047
            ],
            [
              -83.648563,
              41.4657905
            ],
            [
              -83.6485229,
              41.4659777
            ]
          ]
        ]
      },
      "properties": {
        "epoch_id": "EPOCH-177c53f92d72ec4a",
        "site_name": "Meta Bowling Green",
        "distance_to_site_km": 0.807,
        "footprint_area_m2_webmercator": 375.02,
        "source_dataset": "Overture Maps buildings",
        "source_url": "https://docs.overturemaps.org/getting-data/",
        "source_release": "2026-09-23.1",
        "source_accessed_on": "2026-09-27",
        "geometry_role": "current building-footprint polygon",
        "linkage_semantics": "Overlap/proximity only; not evidence that the building hosts AI compute."
      }
    },
    {
      "type": "Feature",
      "id": "b790eb3d-226f-46c7-8398-b4992125136e",
      "geometry": {
        "type": "Polygon",
        "coordinates": [
          [
            [
              -83.6501705,
              41.4648804
            ],
            [
              -83.6500782,
              41.4648792
            ],
            [
              -83.6500773,
              41.4649172
            ],
            [
              -83.6500766,
              41.464948
            ],
            [
              -83.650062,
              41.4649478
            ],
            [
              -83.6500592,
              41.4650701
            ],
            [
              -83.6501662,
              41.4650715
            ],
            [
              -83.6501705,
              41.4648804
            ]
          ]
        ]
      },
      "properties": {
        "epoch_id": "EPOCH-177c53f92d72ec4a",
        "site_name": "Meta Bowling Green",
        "distance_to_site_km": 0.9328,
        "footprint_area_m2_webmercator": 321.49,
        "source_dataset": "Overture Maps buildings",
        "source_url": "https://docs.overturemaps.org/getting-data/",
        "source_release": "2026-09-23.1",
        "source_accessed_on": "2026-09-27",
        "geometry_role": "current building-footprint polygon",
        "linkage_semantics": "Overlap/proximity only; not evidence that the building hosts AI compute."
      }
    },
    {
      "type": "Feature",
      "id": "1ccdfb4c-1d17-40d3-a987-33e9cb2750a4",
      "geometry": {
        "type": "Polygon",
        "coordinates": [
          [
            [
              -83.6501237,
              41.4655939
            ],
            [
              -83.6501262,
              41.4654202
            ],
            [
              -83.6499599,
              41.4654189
            ],
            [
              -83.6499589,
              41.4654921
            ],
            [
              -83.6499801,
              41.4654922
            ],
            [
              -83.6499797,
              41.4655221
            ],
            [
              -83.6499562,
              41.4655219
            ],
            [
              -83.6499557,
              41.4655542
            ],
            [
              -83.6499552,
              41.4655926
            ],
            [
              -83.65006,
              41.4655934
            ],
            [
              -83.6501237,
              41.4655939
            ]
          ]
        ]
      },
      "properties": {
        "epoch_id": "EPOCH-177c53f92d72ec4a",
        "site_name": "Meta Bowling Green",
        "distance_to_site_km": 0.9254,
        "footprint_area_m2_webmercator": 469.83,
        "source_dataset": "Overture Maps buildings",
        "source_url": "https://docs.overturemaps.org/getting-data/",
        "source_release": "2026-09-23.1",
        "source_accessed_on": "2026-09-27",
        "geometry_role": "current building-footprint polygon",
        "linkage_semantics": "Overlap/proximity only; not evidence that the building hosts AI compute."
      }
    },
    {
      "type": "Feature",
      "id": "0e1a22ce-9a3f-43d1-8c43-ab146e2c26c4",
      "geometry": {
        "type": "Polygon",
        "coordinates": [
          [
            [
              -83.6503716,
              41.4655967
            ],
            [
              -83.6502652,
              41.4655943
            ],
            [
              -83.6502646,
              41.4656106
            ],
            [
              -83.6502613,
              41.4656899
            ],
            [
              -83.6503677,
              41.4656924
            ],
            [
              -83.6503716,
              41.4655967
            ]
          ]
        ]
      },
      "properties": {
        "epoch_id": "EPOCH-177c53f92d72ec4a",
        "site_name": "Meta Bowling Green",
        "distance_to_site_km": 0.9484,
        "footprint_area_m2_webmercator": 168.41,
        "source_dataset": "Overture Maps buildings",
        "source_url": "https://docs.overturemaps.org/getting-data/",
        "source_release": "2026-09-23.1",
        "source_accessed_on": "2026-09-27",
        "geometry_role": "current building-footprint polygon",
        "linkage_semantics": "Overlap/proximity only; not evidence that the building hosts AI compute."
      }
    },
    {
      "type": "Feature",
      "id": "1a73d574-f8ab-4a5c-8c4b-4d3bb1cf078b",
      "geometry": {
        "type": "Polygon",
        "coordinates": [
          [
            [
              -83.6504546,
              41.4656851
            ],
            [
              -83.6504562,
              41.4656297
            ],
            [
              -83.6504102,
              41.465629
            ],
            [
              -83.6504086,
              41.4656844
            ],
            [
              -83.6504546,
              41.4656851
            ]
          ]
        ]
      },
      "properties": {
        "epoch_id": "EPOCH-177c53f92d72ec4a",
        "site_name": "Meta Bowling Green",
        "distance_to_site_km": 0.9581,
        "footprint_area_m2_webmercator": 42.16,
        "source_dataset": "Overture Maps buildings",
        "source_url": "https://docs.overturemaps.org/getting-data/",
        "source_release": "2026-09-23.1",
        "source_accessed_on": "2026-09-27",
        "geometry_role": "current building-footprint polygon",
        "linkage_semantics": "Overlap/proximity only; not evidence that the building hosts AI compute."
      }
    },
    {
      "type": "Feature",
      "id": "0ac6d73f-7dc9-4f3b-bed4-a07b64e37d48",
      "geometry": {
        "type": "Polygon",
        "coordinates": [
          [
            [
              -83.6507395,
              41.4657048
            ],
            [
              -83.6507457,
              41.4656358
            ],
            [
              -83.6506848,
              41.4656327
            ],
            [
              -83.6506786,
              41.4657018
            ],
            [
              -83.6507395,
              41.4657048
            ]
          ]
        ]
      },
      "properties": {
        "epoch_id": "EPOCH-177c53f92d72ec4a",
        "site_name": "Meta Bowling Green",
        "distance_to_site_km": 0.9815,
        "footprint_area_m2_webmercator": 69.85,
        "source_dataset": "Overture Maps buildings",
        "source_url": "https://docs.overturemaps.org/getting-data/",
        "source_release": "2026-09-23.1",
        "source_accessed_on": "2026-09-27",
        "geometry_role": "current building-footprint polygon",
        "linkage_semantics": "Overlap/proximity only; not evidence that the building hosts AI compute."
      }
    },
    {
      "type": "Feature",
      "id": "9fad15a4-d727-49c8-97b9-4f5a22efa8f1",
      "geometry": {
        "type": "Polygon",
        "coordinates": [
          [
            [
              -83.6505802,
              41.4649058
            ],
            [
              -83.6505851,
              41.4647915
            ],
            [
              -83.6504613,
              41.4647885
            ],
            [
              -83.650458,
              41.4648647
            ],
            [
              -83.6504564,
              41.4649028
            ],
            [
              -83.6505802,
              41.4649058
            ]
          ]
        ]
      },
      "properties": {
        "epoch_id": "EPOCH-177c53f92d72ec4a",
        "site_name": "Meta Bowling Green",
        "distance_to_site_km": 0.9672,
        "footprint_area_m2_webmercator": 234.28,
        "source_dataset": "Overture Maps buildings",
        "source_url": "https://docs.overturemaps.org/getting-data/",
        "source_release": "2026-09-23.1",
        "source_accessed_on": "2026-09-27",
        "geometry_role": "current building-footprint polygon",
        "linkage_semantics": "Overlap/proximity only; not evidence that the building hosts AI compute."
      }
    },
    {
      "type": "Feature",
      "id": "957221a4-452c-4c6f-8bb9-d9288904895d",
      "geometry": {
        "type": "Polygon",
        "coordinates": [
          [
            [
              -83.650301,
              41.4640591
            ],
            [
              -83.6502019,
              41.4640541
            ],
            [
              -83.650193,
              41.4641539
            ],
            [
              -83.6503152,
              41.4641601
            ],
            [
              -83.6503137,
              41.4641768
            ],
            [
              -83.6504235,
              41.4641824
            ],
            [
              -83.650432,
              41.4640877
            ],
            [
              -83.650299,
              41.464081
            ],
            [
              -83.650301,
              41.4640591
            ]
          ]
        ]
      },
      "properties": {
        "epoch_id": "EPOCH-177c53f92d72ec4a",
        "site_name": "Meta Bowling Green",
        "distance_to_site_km": 0.9586,
        "footprint_area_m2_webmercator": 366.91,
        "source_dataset": "Overture Maps buildings",
        "source_url": "https://docs.overturemaps.org/getting-data/",
        "source_release": "2026-09-23.1",
        "source_accessed_on": "2026-09-27",
        "geometry_role": "current building-footprint polygon",
        "linkage_semantics": "Overlap/proximity only; not evidence that the building hosts AI compute."
      }
    },
    {
      "type": "Feature",
      "id": "a6be29fa-622e-471f-8b88-4010638ebd65",
      "geometry": {
        "type": "Polygon",
        "coordinates": [
          [
            [
              -83.6506598,
              41.4639531
            ],
            [
              -83.6505098,
              41.4639453
            ],
            [
              -83.6505074,
              41.463989
            ],
            [
              -83.6505015,
              41.4640342
            ],
            [
              -83.6506515,
              41.4640421
            ],
            [
              -83.6506598,
              41.4639531
            ]
          ]
        ]
      },
      "properties": {
        "epoch_id": "EPOCH-177c53f92d72ec4a",
        "site_name": "Meta Bowling Green",
        "distance_to_site_km": 0.983,
        "footprint_area_m2_webmercator": 220.48,
        "source_dataset": "Overture Maps buildings",
        "source_url": "https://docs.overturemaps.org/getting-data/",
        "source_release": "2026-09-23.1",
        "source_accessed_on": "2026-09-27",
        "geometry_role": "current building-footprint polygon",
        "linkage_semantics": "Overlap/proximity only; not evidence that the building hosts AI compute."
      }
    },
    {
      "type": "Feature",
      "id": "70315991-faa3-4491-b4cc-7cfa7222e503",
      "geometry": {
        "type": "Polygon",
        "coordinates": [
          [
            [
              -83.6552647,
              41.4592612
            ],
            [
              -83.6552627,
              41.4593566
            ],
            [
              -83.6554102,
              41.4593584
            ],
            [
              -83.6554122,
              41.4592629
            ],
            [
              -83.6552647,
              41.4592612
            ]
          ]
        ]
      },
      "properties": {
        "epoch_id": "EPOCH-177c53f92d72ec4a",
        "site_name": "Meta Bowling Green",
        "distance_to_site_km": 1.5259,
        "footprint_area_m2_webmercator": 232.86,
        "source_dataset": "Overture Maps buildings",
        "source_url": "https://docs.overturemaps.org/getting-data/",
        "source_release": "2026-09-23.1",
        "source_accessed_on": "2026-09-27",
        "geometry_role": "current building-footprint polygon",
        "linkage_semantics": "Overlap/proximity only; not evidence that the building hosts AI compute."
      }
    },
    {
      "type": "Feature",
      "id": "79b79766-ec0d-44bb-bd74-1248c774becd",
      "geometry": {
        "type": "Polygon",
        "coordinates": [
          [
            [
              -83.6556035,
              41.4591
            ],
            [
              -83.6555579,
              41.4591013
            ],
            [
              -83.6555572,
              41.4590873
            ],
            [
              -83.6554528,
              41.4590902
            ],
            [
              -83.6554579,
              41.4591926
            ],
            [
              -83.6556079,
              41.4591883
            ],
            [
              -83.6556035,
              41.4591
            ]
          ]
        ]
      },
      "properties": {
        "epoch_id": "EPOCH-177c53f92d72ec4a",
        "site_name": "Meta Bowling Green",
        "distance_to_site_km": 1.5485,
        "footprint_area_m2_webmercator": 243.62,
        "source_dataset": "Overture Maps buildings",
        "source_url": "https://docs.overturemaps.org/getting-data/",
        "source_release": "2026-09-23.1",
        "source_accessed_on": "2026-09-27",
        "geometry_role": "current building-footprint polygon",
        "linkage_semantics": "Overlap/proximity only; not evidence that the building hosts AI compute."
      }
    },
    {
      "type": "Feature",
      "id": "1c026960-1373-41d9-acf0-5079ec8a2a22",
      "geometry": {
        "type": "Polygon",
        "coordinates": [
          [
            [
              -83.6587572,
              41.458225
            ],
            [
              -83.6586113,
              41.4582237
            ],
            [
              -83.6586092,
              41.4583563
            ],
            [
              -83.6584144,
              41.4583546
            ],
            [
              -83.6584125,
              41.4584711
            ],
            [
              -83.6586003,
              41.4584728
            ],
            [
              -83.6585999,
              41.4584949
            ],
            [
              -83.6587528,
              41.4584963
            ],
            [
              -83.6587572,
              41.458225
            ]
          ]
        ]
      },
      "properties": {
        "epoch_id": "EPOCH-177c53f92d72ec4a",
        "site_name": "Meta Bowling Green",
        "distance_to_site_km": 1.8171,
        "footprint_area_m2_webmercator": 1032.37,
        "source_dataset": "Overture Maps buildings",
        "source_url": "https://docs.overturemaps.org/getting-data/",
        "source_release": "2026-09-23.1",
        "source_accessed_on": "2026-09-27",
        "geometry_role": "current building-footprint polygon",
        "linkage_semantics": "Overlap/proximity only; not evidence that the building hosts AI compute."
      }
    },
    {
      "type": "Feature",
      "id": "c95e6141-8369-4503-83b2-8fee09e4af18",
      "geometry": {
        "type": "Polygon",
        "coordinates": [
          [
            [
              -83.6582686,
              41.4590156
            ],
            [
              -83.6582641,
              41.458883
            ],
            [
              -83.6581783,
              41.4588847
            ],
            [
              -83.6581843,
              41.4590594
            ],
            [
              -83.6582888,
              41.4590574
            ],
            [
              -83.6582874,
              41.4590152
            ],
            [
              -83.6582686,
              41.4590156
            ]
          ]
        ]
      },
      "properties": {
        "epoch_id": "EPOCH-177c53f92d72ec4a",
        "site_name": "Meta Bowling Green",
        "distance_to_site_km": 1.7596,
        "footprint_area_m2_webmercator": 261.07,
        "source_dataset": "Overture Maps buildings",
        "source_url": "https://docs.overturemaps.org/getting-data/",
        "source_release": "2026-09-23.1",
        "source_accessed_on": "2026-09-27",
        "geometry_role": "current building-footprint polygon",
        "linkage_semantics": "Overlap/proximity only; not evidence that the building hosts AI compute."
      }
    },
    {
      "type": "Feature",
      "id": "8d698deb-61f2-46e8-b661-fbf755c7376a",
      "geometry": {
        "type": "Polygon",
        "coordinates": [
          [
            [
              -83.6585587,
              41.4582012
            ],
            [
              -83.6583925,
              41.4582041
            ],
            [
              -83.6583942,
              41.4582584
            ],
            [
              -83.6585604,
              41.4582555
            ],
            [
              -83.6585587,
              41.4582012
            ]
          ]
        ]
      },
      "properties": {
        "epoch_id": "EPOCH-177c53f92d72ec4a",
        "site_name": "Meta Bowling Green",
        "distance_to_site_km": 1.8136,
        "footprint_area_m2_webmercator": 149.31,
        "source_dataset": "Overture Maps buildings",
        "source_url": "https://docs.overturemaps.org/getting-data/",
        "source_release": "2026-09-23.1",
        "source_accessed_on": "2026-09-27",
        "geometry_role": "current building-footprint polygon",
        "linkage_semantics": "Overlap/proximity only; not evidence that the building hosts AI compute."
      }
    },
    {
      "type": "Feature",
      "id": "735d27c8-fcad-49e6-a111-94bbd27ab384",
      "geometry": {
        "type": "Polygon",
        "coordinates": [
          [
            [
              -83.6589107,
              41.4454369
            ],
            [
              -83.6589138,
              41.4452158
            ],
            [
              -83.6587943,
              41.4452148
            ],
            [
              -83.6587912,
              41.4454359
            ],
            [
              -83.6589107,
              41.4454369
            ]
          ]
        ]
      },
      "properties": {
        "epoch_id": "EPOCH-177c53f92d72ec4a",
        "site_name": "Meta Bowling Green",
        "distance_to_site_km": 2.7828,
        "footprint_area_m2_webmercator": 436.85,
        "source_dataset": "Overture Maps buildings",
        "source_url": "https://docs.overturemaps.org/getting-data/",
        "source_release": "2026-09-23.1",
        "source_accessed_on": "2026-09-27",
        "geometry_role": "current building-footprint polygon",
        "linkage_semantics": "Overlap/proximity only; not evidence that the building hosts AI compute."
      }
    },
    {
      "type": "Feature",
      "id": "41dfd8a2-af4c-4ba6-9d18-e29d82f6f3d8",
      "geometry": {
        "type": "Polygon",
        "coordinates": [
          [
            [
              -83.655542,
              41.4534035
            ],
            [
              -83.6554215,
              41.4534072
            ],
            [
              -83.6554267,
              41.4535025
            ],
            [
              -83.6555472,
              41.4534988
            ],
            [
              -83.655542,
              41.4534035
            ]
          ]
        ]
      },
      "properties": {
        "epoch_id": "EPOCH-177c53f92d72ec4a",
        "site_name": "Meta Bowling Green",
        "distance_to_site_km": 1.9158,
        "footprint_area_m2_webmercator": 190.19,
        "source_dataset": "Overture Maps buildings",
        "source_url": "https://docs.overturemaps.org/getting-data/",
        "source_release": "2026-09-23.1",
        "source_accessed_on": "2026-09-27",
        "geometry_role": "current building-footprint polygon",
        "linkage_semantics": "Overlap/proximity only; not evidence that the building hosts AI compute."
      }
    },
    {
      "type": "Feature",
      "id": "47d87de8-dcf7-468c-bbfe-b3e38530433e",
      "geometry": {
        "type": "Polygon",
        "coordinates": [
          [
            [
              -83.6553149,
              41.4540184
            ],
            [
              -83.655348,
              41.454123
            ],
            [
              -83.655456,
              41.4541038
            ],
            [
              -83.6554229,
              41.4539992
            ],
            [
              -83.6553149,
              41.4540184
            ]
          ]
        ]
      },
      "properties": {
        "epoch_id": "EPOCH-177c53f92d72ec4a",
        "site_name": "Meta Bowling Green",
        "distance_to_site_km": 1.8634,
        "footprint_area_m2_webmercator": 197.29,
        "source_dataset": "Overture Maps buildings",
        "source_url": "https://docs.overturemaps.org/getting-data/",
        "source_release": "2026-09-23.1",
        "source_accessed_on": "2026-09-27",
        "geometry_role": "current building-footprint polygon",
        "linkage_semantics": "Overlap/proximity only; not evidence that the building hosts AI compute."
      }
    },
    {
      "type": "Feature",
      "id": "fe9b5da9-7a90-4830-b48e-6032f056989e",
      "geometry": {
        "type": "Polygon",
        "coordinates": [
          [
            [
              -83.6548312,
              41.4542624
            ],
            [
              -83.6548776,
              41.4543853
            ],
            [
              -83.6549919,
              41.454361
            ],
            [
              -83.6549455,
              41.4542382
            ],
            [
              -83.6548312,
              41.4542624
            ]
          ]
        ]
      },
      "properties": {
        "epoch_id": "EPOCH-177c53f92d72ec4a",
        "site_name": "Meta Bowling Green",
        "distance_to_site_km": 1.8155,
        "footprint_area_m2_webmercator": 250.77,
        "source_dataset": "Overture Maps buildings",
        "source_url": "https://docs.overturemaps.org/getting-data/",
        "source_release": "2026-09-23.1",
        "source_accessed_on": "2026-09-27",
        "geometry_role": "current building-footprint polygon",
        "linkage_semantics": "Overlap/proximity only; not evidence that the building hosts AI compute."
      }
    }
  ]
}
