queue_id,rto_region,state,county,capacity_mw,developer_entity_raw,entity_category,module1_tier,matched_public_entity,entity_match_score,load_type_tier,transmission_owner,in_known_high_density_zone,project_name_keyword_hits,reached_ia_stage,gpus_estimate_low,gpus_estimate_reference,gpus_estimate_high,run_flops_90d_low,run_flops_90d_reference,run_flops_90d_high,clears_1e26_flops_all_scenarios,review_priority,review_reason
25INR0587,ERCOT,TX,Armstrong,1043.08,"Armstrong BESS, LLC",Developer Not Matched To Known List,Tier 3: Confirmed Grid-Scale Storage (BESS),,67.5,Confirmed Grid-Scale Storage (BESS),,False,,False,298023,190735,145124,1.1465463834514286e+27,1.1740634966542626e+27,1.116636477796174e+27,True,False,"explicit storage token in project name or fuel/technology -- confirmed BESS, excluded from review list"
27INR0535,ERCOT,TX,Scurry,1043.07,Zeus Scurry BESS,Developer Not Matched To Known List,Tier 3: Confirmed Grid-Scale Storage (BESS),,45.0,Confirmed Grid-Scale Storage (BESS),,False,,False,298020,190733,145123,1.1465353915200001e+27,1.1740522409164798e+27,1.1166257726107825e+27,True,False,"explicit storage token in project name or fuel/technology -- confirmed BESS, excluded from review list"
26INR0686,ERCOT,TX,Mitchell,1042.94,"Zeus Mitchell BESS II, LLC",Developer Not Matched To Known List,Tier 3: Confirmed Grid-Scale Storage (BESS),,45.0,Confirmed Grid-Scale Storage (BESS),,False,,False,297983,190709,145105,1.1463924964114286e+27,1.173905916325303e+27,1.1164866052006956e+27,True,False,"explicit storage token in project name or fuel/technology -- confirmed BESS, excluded from review list"
25INR0589,ERCOT,TX,Mitchell,1042.94,Mitchell BESS,Developer Not Matched To Known List,Tier 3: Confirmed Grid-Scale Storage (BESS),,51.4,Confirmed Grid-Scale Storage (BESS),,False,,False,297983,190709,145105,1.1463924964114286e+27,1.173905916325303e+27,1.1164866052006956e+27,True,False,"explicit storage token in project name or fuel/technology -- confirmed BESS, excluded from review list"
29INR0218,ERCOT,TX,Ellis,1026.2,Kickstart Infrastructure LLC,Developer Not Matched To Known List,Tier 3: Confirmed Grid-Scale Storage (BESS),,78.2,Confirmed Grid-Scale Storage (BESS),,False,,False,293200,187648,142776,1.1279920032e+27,1.1550638112767999e+27,1.0985661248556522e+27,True,False,"explicit storage token in project name or fuel/technology -- confirmed BESS, excluded from review list"
27INR0618,ERCOT,TX,Wise,1000.0,Prairie Point LLC,Developer Not Matched To Known List,Tier 3: Confirmed Grid-Scale Storage (BESS),,40.2,Confirmed Grid-Scale Storage (BESS),,False,,False,285714,182857,139130,1.0991931428571429e+27,1.1255737782857144e+27,1.0705185391304348e+27,True,False,"explicit storage token in project name or fuel/technology -- confirmed BESS, excluded from review list"
27INR0619,ERCOT,TX,Wise,1000.0,Prairie Point LLC,Developer Not Matched To Known List,Tier 3: Confirmed Grid-Scale Storage (BESS),,40.2,Confirmed Grid-Scale Storage (BESS),,False,,False,285714,182857,139130,1.0991931428571429e+27,1.1255737782857144e+27,1.0705185391304348e+27,True,False,"explicit storage token in project name or fuel/technology -- confirmed BESS, excluded from review list"
29INR0217,ERCOT,TX,Ellis,999.0,Kickstart Infrastructure LLC,Developer Not Matched To Known List,Tier 3: Confirmed Grid-Scale Storage (BESS),,78.2,Confirmed Grid-Scale Storage (BESS),,False,,False,285429,182674,138991,1.098093949714286e+27,1.1244482045074287e+27,1.0694480205913043e+27,True,False,"explicit storage token in project name or fuel/technology -- confirmed BESS, excluded from review list"
27INR0571,ERCOT,TX,Parker,750.0,Nabla Park LLC,Developer Not Matched To Known List,Tier 3: Confirmed Grid-Scale Storage (BESS),,45.0,Confirmed Grid-Scale Storage (BESS),,False,,False,214286,137143,104348,8.243948571428573e+26,8.441803337142858e+26,8.028889043478261e+26,True,False,"explicit storage token in project name or fuel/technology -- confirmed BESS, excluded from review list"
28INR0466,ERCOT,TX,Parker,750.0,Nabla Park LLC,Developer Not Matched To Known List,Tier 3: Confirmed Grid-Scale Storage (BESS),,45.0,Confirmed Grid-Scale Storage (BESS),,False,,False,214286,137143,104348,8.243948571428573e+26,8.441803337142858e+26,8.028889043478261e+26,True,False,"explicit storage token in project name or fuel/technology -- confirmed BESS, excluded from review list"
AH1-552 - moved to TC2,PJM,MD,Prince George'S,670.2,NOT PUBLISHED IN PJM QUEUE EXPORT,Developer Not Disclosed,Tier 3: Confirmed Grid-Scale Storage (BESS),,0.0,Confirmed Grid-Scale Storage (BESS),PEPCO,True,,False,191486,122551,93245,7.366792443428572e+26,7.543595462070858e+26,7.174615249252175e+26,True,False,"explicit storage token in project name or fuel/technology -- confirmed BESS, excluded from review list"
AH1-716 - moved to TC2,PJM,VA,James City,650.0,NOT PUBLISHED IN PJM QUEUE EXPORT,Developer Not Disclosed,Tier 3: Confirmed Grid-Scale Storage (BESS),,0.0,Confirmed Grid-Scale Storage (BESS),Dominion,True,,False,185714,118857,90435,7.144755428571428e+26,7.316229558857143e+26,6.958370504347827e+26,True,False,"explicit storage token in project name or fuel/technology -- confirmed BESS, excluded from review list"
29INR0173,ERCOT,TX,Bexar,617.63,Project Fast Flow LLC,Developer Not Matched To Known List,Tier 3: Confirmed Grid-Scale Storage (BESS),,60.0,Confirmed Grid-Scale Storage (BESS),,False,,False,176466,112938,85931,6.788946608228572e+26,6.951881326826057e+26,6.611843653231306e+26,True,False,"explicit storage token in project name or fuel/technology -- confirmed BESS, excluded from review list"
27INR0365,ERCOT,TX,Comanche,614.4,ENERGOS BESS,Developer Not Matched To Known List,Tier 3: Confirmed Grid-Scale Storage (BESS),,50.0,Confirmed Grid-Scale Storage (BESS),,False,,True,175543,112347,85482,6.753442669714287e+26,6.915525293787428e+26,6.577265904417392e+26,True,False,"explicit storage token in project name or fuel/technology -- confirmed BESS, excluded from review list"
28INR0278,ERCOT,TX,Wise,612.62,"Spur Energy Storage, LLC",Developer Not Matched To Known List,Tier 3: Confirmed Grid-Scale Storage (BESS),,51.4,Confirmed Grid-Scale Storage (BESS),,False,,False,175034,112022,85234,6.73387703177143e+26,6.895490080533943e+26,6.55821067442087e+26,True,False,"explicit storage token in project name or fuel/technology -- confirmed BESS, excluded from review list"
26INR0466,ERCOT,TX,Austin,612.0,"Symphony BESS, LLC",Developer Not Matched To Known List,Tier 3: Confirmed Grid-Scale Storage (BESS),,45.0,Confirmed Grid-Scale Storage (BESS),,False,,False,174857,111909,85148,6.727062034285714e+26,6.888511523108572e+26,6.551573459478261e+26,True,False,"explicit storage token in project name or fuel/technology -- confirmed BESS, excluded from review list"
26INR0465,ERCOT,TX,Bell,606.0,"Lavita BESS, LLC",Developer Not Matched To Known List,Tier 3: Confirmed Grid-Scale Storage (BESS),,51.4,Confirmed Grid-Scale Storage (BESS),,False,,False,173143,110811,84313,6.661110445714287e+26,6.820977096411429e+26,6.487342347130436e+26,True,False,"explicit storage token in project name or fuel/technology -- confirmed BESS, excluded from review list"
27INR0452,ERCOT,TX,Jones,603.08,ENGIE IR Holdings LLC,Developer Not Matched To Known List,Tier 3: Confirmed Grid-Scale Storage (BESS),,45.0,Confirmed Grid-Scale Storage (BESS),,False,,False,172309,110277,83907,6.629014005942856e+26,6.788110342085486e+26,6.456083205787827e+26,True,False,"explicit storage token in project name or fuel/technology -- confirmed BESS, excluded from review list"
26INR0546,ERCOT,TX,Harris,602.56,Airport Storage II LLC,Developer Not Matched To Known List,Tier 3: Confirmed Grid-Scale Storage (BESS),,60.0,Confirmed Grid-Scale Storage (BESS),,False,,False,172160,110182,83834,6.6232982016e+26,6.7822573584384e+26,6.450516509384348e+26,True,False,"explicit storage token in project name or fuel/technology -- confirmed BESS, excluded from review list"
29INR0204,ERCOT,TX,Young,547.65,"Miller Bend Energy , LLC",Developer Not Matched To Known List,Tier 3: Confirmed Grid-Scale Storage (BESS),,45.0,Confirmed Grid-Scale Storage (BESS),,False,,False,156471,100142,76195,6.019731246857143e+26,6.164204796781715e+26,5.862694779547826e+26,True,False,"explicit storage token in project name or fuel/technology -- confirmed BESS, excluded from review list"
24INR0442,ERCOT,TX,Crockett,523.86,"Midnight Sun Energy Storage, LLC",Developer Not Matched To Known List,Tier 3: Confirmed Grid-Scale Storage (BESS),,51.4,Confirmed Grid-Scale Storage (BESS),,False,,True,149674,95792,72885,5.75823319817143e+26,5.8964307949275434e+26,5.608018419088696e+26,True,False,"explicit storage token in project name or fuel/technology -- confirmed BESS, excluded from review list"
26INR0545,ERCOT,TX,Harris,522.46,Airport Storage I LLC,Developer Not Matched To Known List,Tier 3: Confirmed Grid-Scale Storage (BESS),,60.0,Confirmed Grid-Scale Storage (BESS),,False,,False,149274,95536,72690,5.74284449417143e+26,5.880672762031544e+26,5.5930311595408716e+26,True,False,"explicit storage token in project name or fuel/technology -- confirmed BESS, excluded from review list"
26INR0375,ERCOT,TX,Fort Bend,522.12,"Avalon BESS, LLC",Developer Not Matched To Known List,Tier 3: Confirmed Grid-Scale Storage (BESS),,60.0,Confirmed Grid-Scale Storage (BESS),,False,,True,149177,95473,72643,5.739107237485714e+26,5.876845811185372e+26,5.5893913965078255e+26,True,False,"explicit storage token in project name or fuel/technology -- confirmed BESS, excluded from review list"
29INR0169,ERCOT,TX,Zapata,516.72,"Falcon Energy Project, LLC",Developer Not Matched To Known List,Tier 3: Confirmed Grid-Scale Storage (BESS),,55.4,Confirmed Grid-Scale Storage (BESS),,False,,False,147634,94486,71891,5.679750807771429e+26,5.8160648271579435e+26,5.531583395394783e+26,True,False,"explicit storage token in project name or fuel/technology -- confirmed BESS, excluded from review list"
29INR0242,ERCOT,TX,Comal,516.05,EG Redbud LLC,Developer Not Matched To Known List,Tier 3: Confirmed Grid-Scale Storage (BESS),,41.7,Confirmed Grid-Scale Storage (BESS),,False,,False,147443,94363,71798,5.672386213714285e+26,5.8085234828434284e+26,5.5244109211826086e+26,True,False,"explicit storage token in project name or fuel/technology -- confirmed BESS, excluded from review list"
28INR0472,ERCOT,TX,Hill,514.0,Seven Angels Infrastructure LLC,Developer Not Matched To Known List,Tier 3: Confirmed Grid-Scale Storage (BESS),,85.5,Confirmed Grid-Scale Storage (BESS),,False,,False,146857,93989,71513,5.6498527542857145e+26,5.785449220388572e+26,5.502465291130436e+26,True,False,"explicit storage token in project name or fuel/technology -- confirmed BESS, excluded from review list"
28INR0473,ERCOT,TX,Hill,514.0,Seven Angels Infrastructure LLC,Developer Not Matched To Known List,Tier 3: Confirmed Grid-Scale Storage (BESS),,85.5,Confirmed Grid-Scale Storage (BESS),,False,,False,146857,93989,71513,5.6498527542857145e+26,5.785449220388572e+26,5.502465291130436e+26,True,False,"explicit storage token in project name or fuel/technology -- confirmed BESS, excluded from review list"
27INR0115,ERCOT,TX,Grimes,513.68,BESS DIAMANTE LLC,Developer Not Matched To Known List,Tier 3: Confirmed Grid-Scale Storage (BESS),,60.0,Confirmed Grid-Scale Storage (BESS),,False,,False,146766,93930,71469,5.64633533622857e+26,5.781847384298055e+26,5.4990396318052175e+26,True,False,"explicit storage token in project name or fuel/technology -- confirmed BESS, excluded from review list"
26INR0156,ERCOT,TX,Refugio,510.99,"S&S Renewables, LLC",Developer Not Matched To Known List,Tier 3: Confirmed Grid-Scale Storage (BESS),,54.0,Confirmed Grid-Scale Storage (BESS),,False,,True,145997,93438,71094,5.616767040685715e+26,5.7515694496621724e+26,5.47024268310261e+26,True,False,"explicit storage token in project name or fuel/technology -- confirmed BESS, excluded from review list"
24INR0098,ERCOT,TX,Jack,508.7,Hecate Energy Dovetail Storage LLC,Developer Not Matched To Known List,Tier 3: Confirmed Grid-Scale Storage (BESS),,52.6,Confirmed Grid-Scale Storage (BESS),,False,,False,145343,93019,70776,5.591595517714286e+26,5.7257938101394286e+26,5.4457278085565216e+26,True,False,"explicit storage token in project name or fuel/technology -- confirmed BESS, excluded from review list"
26INR0089,ERCOT,TX,La Salle,508.34,OCI La Salle ESS LLC,Developer Not Matched To Known List,Tier 3: Confirmed Grid-Scale Storage (BESS),,60.0,Confirmed Grid-Scale Storage (BESS),,False,,False,145240,92954,70726,5.5876384224e+26,5.721741744537601e+26,5.4418739418156524e+26,True,False,"explicit storage token in project name or fuel/technology -- confirmed BESS, excluded from review list"
23INR0209,ERCOT,TX,Webb,508.1,Hecate Energy Outpost Storage LLC,Developer Not Matched To Known List,Tier 3: Confirmed Grid-Scale Storage (BESS),,52.6,Confirmed Grid-Scale Storage (BESS),,False,,False,145171,92910,70692,5.5850003588571436e+26,5.719040367469715e+26,5.43930469732174e+26,True,False,"explicit storage token in project name or fuel/technology -- confirmed BESS, excluded from review list"
22INR0402,ERCOT,TX,Swisher,503.85,Hecate Energy Frye Storage LLC,Developer Not Matched To Known List,Tier 3: Confirmed Grid-Scale Storage (BESS),,52.6,Confirmed Grid-Scale Storage (BESS),,False,,False,143957,92133,70101,5.538284650285715e+26,5.6712034818925726e+26,5.3938076594086954e+26,True,False,"explicit storage token in project name or fuel/technology -- confirmed BESS, excluded from review list"
24INR0444,ERCOT,TX,Clay,503.6,Hecate Energy Hazel LLC,Developer Not Matched To Known List,Tier 3: Confirmed Grid-Scale Storage (BESS),,45.0,Confirmed Grid-Scale Storage (BESS),,False,,False,143886,92087,70066,5.535536667428572e+26,5.668389547446857e+26,5.39113136306087e+26,True,False,"explicit storage token in project name or fuel/technology -- confirmed BESS, excluded from review list"
23INR0214,ERCOT,TX,Nolan,503.4,Hecate Energy Harley Hand Storage LLC,Developer Not Matched To Known List,Tier 3: Confirmed Grid-Scale Storage (BESS),,52.6,Confirmed Grid-Scale Storage (BESS),,False,,False,143829,92050,70038,5.533338281142857e+26,5.666138399890286e+26,5.38899032598261e+26,True,False,"explicit storage token in project name or fuel/technology -- confirmed BESS, excluded from review list"
24INR0011,ERCOT,TX,Jack,502.67,Hecate Energy Longhorn Storage LLC,Developer Not Matched To Known List,Tier 3: Confirmed Grid-Scale Storage (BESS),,52.6,Confirmed Grid-Scale Storage (BESS),,False,,False,143620,91917,69937,5.5253141712000007e+26,5.6579217113088e+26,5.381175540646957e+26,True,False,"explicit storage token in project name or fuel/technology -- confirmed BESS, excluded from review list"
27INR0082,ERCOT,TX,Bexar,501.94,"GCI Orbit Energy Storage, LLC",Developer Not Matched To Known List,Tier 3: Confirmed Grid-Scale Storage (BESS),,51.4,Confirmed Grid-Scale Storage (BESS),,False,,False,143411,91783,69835,5.517290061257144e+26,5.649705022727314e+26,5.373360755311306e+26,True,False,"explicit storage token in project name or fuel/technology -- confirmed BESS, excluded from review list"
26INR0107,ERCOT,TX,Zapata,501.9,"Falcon BESS, LLC",Developer Not Matched To Known List,Tier 3: Confirmed Grid-Scale Storage (BESS),,55.4,Confirmed Grid-Scale Storage (BESS),,False,,False,143400,91776,69830,5.516850384e+26,5.649254793216e+26,5.372932547895653e+26,True,False,"explicit storage token in project name or fuel/technology -- confirmed BESS, excluded from review list"
27INR0190,ERCOT,TX,Grimes,501.6,Millsing BESS,Developer Not Matched To Known List,Tier 3: Confirmed Grid-Scale Storage (BESS),,45.0,Confirmed Grid-Scale Storage (BESS),,False,,False,143314,91721,69788,5.5135528045714295e+26,5.645878071881143e+26,5.369720992278261e+26,True,False,"explicit storage token in project name or fuel/technology -- confirmed BESS, excluded from review list"
26INR0636,ERCOT,TX,Borden,500.0,JUNO BESS I,Developer Not Matched To Known List,Tier 3: Confirmed Grid-Scale Storage (BESS),,38.1,Confirmed Grid-Scale Storage (BESS),,False,,True,142857,91429,69565,5.4959657142857144e+26,5.627868891428572e+26,5.352592695652174e+26,True,False,"explicit storage token in project name or fuel/technology -- confirmed BESS, excluded from review list"
AH1-725 - moved to TC2,PJM,MD,Harford,500.0,NOT PUBLISHED IN PJM QUEUE EXPORT,Developer Not Disclosed,Tier 3: Confirmed Grid-Scale Storage (BESS),,0.0,Confirmed Grid-Scale Storage (BESS),BGE,False,,False,142857,91429,69565,5.4959657142857144e+26,5.627868891428572e+26,5.352592695652174e+26,True,False,"explicit storage token in project name or fuel/technology -- confirmed BESS, excluded from review list"
26INR0633,ERCOT,TX,Milam,500.0,BETEL STORAGE II,Developer Not Matched To Known List,Tier 3: Confirmed Grid-Scale Storage (BESS),,52.6,Confirmed Grid-Scale Storage (BESS),,False,,False,142857,91429,69565,5.4959657142857144e+26,5.627868891428572e+26,5.352592695652174e+26,True,False,"explicit storage token in project name or fuel/technology -- confirmed BESS, excluded from review list"
26INR0630,ERCOT,TX,Milam,500.0,BETEL STORAGE I,Developer Not Matched To Known List,Tier 3: Confirmed Grid-Scale Storage (BESS),,52.6,Confirmed Grid-Scale Storage (BESS),,False,,False,142857,91429,69565,5.4959657142857144e+26,5.627868891428572e+26,5.352592695652174e+26,True,False,"explicit storage token in project name or fuel/technology -- confirmed BESS, excluded from review list"
21INR0505,ERCOT,TX,Wharton,500.0,Hecate Energy Ramsey Storage LLC,Developer Not Matched To Known List,Tier 3: Confirmed Grid-Scale Storage (BESS),,52.6,Confirmed Grid-Scale Storage (BESS),,False,,True,142857,91429,69565,5.4959657142857144e+26,5.627868891428572e+26,5.352592695652174e+26,True,False,"explicit storage token in project name or fuel/technology -- confirmed BESS, excluded from review list"
AG1-483 - moved to TC1,PJM,MD,Montgomery,500.0,NOT PUBLISHED IN PJM QUEUE EXPORT,Developer Not Disclosed,Tier 3: Confirmed Grid-Scale Storage (BESS),,0.0,Confirmed Grid-Scale Storage (BESS),PEPCO,True,,False,142857,91429,69565,5.4959657142857144e+26,5.627868891428572e+26,5.352592695652174e+26,True,False,"explicit storage token in project name or fuel/technology -- confirmed BESS, excluded from review list"
28INR0529,ERCOT,TX,Ellis,452.99,"Victory Ellis, LLC",Developer Not Matched To Known List,Tier 3: Confirmed Grid-Scale Storage (BESS),,41.5,Confirmed Grid-Scale Storage (BESS),,False,,False,129426,82832,63025,4.979235017828571e+26,5.098736658256457e+26,4.849341930406957e+26,True,False,"explicit storage token in project name or fuel/technology -- confirmed BESS, excluded from review list"
26INR0387,ERCOT,TX,Mitchell,446.3,Spade BESS,Developer Not Matched To Known List,Tier 3: Confirmed Grid-Scale Storage (BESS),,45.0,Confirmed Grid-Scale Storage (BESS),,False,,False,127514,81609,62094,4.905698996571429e+26,5.023435772489144e+26,4.7777242401391306e+26,True,False,"explicit storage token in project name or fuel/technology -- confirmed BESS, excluded from review list"
28INR0298,ERCOT,TX,Borden,426.7,HyFuels Big Spring LLC,Developer Not Matched To Known List,Tier 3: Confirmed Grid-Scale Storage (BESS),,42.4,Confirmed Grid-Scale Storage (BESS),,False,,False,121914,78025,59367,4.690257140571429e+26,4.802823311945143e+26,4.567902606469565e+26,True,False,"explicit storage token in project name or fuel/technology -- confirmed BESS, excluded from review list"
AH1-727 - moved to TC2,PJM,VA,Loudoun,425.0,NOT PUBLISHED IN PJM QUEUE EXPORT,Developer Not Disclosed,Tier 3: Confirmed Grid-Scale Storage (BESS),,0.0,Confirmed Grid-Scale Storage (BESS),Dominion,True,,False,121429,77714,59130,4.671570857142857e+26,4.783688557714285e+26,4.5497037913043485e+26,True,False,"explicit storage token in project name or fuel/technology -- confirmed BESS, excluded from review list"
26INR0417,ERCOT,TX,Brazoria,418.6,GAMAY ENERGY STORAGE LLC,Developer Not Matched To Known List,Tier 3: Confirmed Grid-Scale Storage (BESS),,54.0,Confirmed Grid-Scale Storage (BESS),,False,,True,119600,76544,58240,4.601222496e+26,4.7116518359040005e+26,4.4811906048e+26,True,False,"explicit storage token in project name or fuel/technology -- confirmed BESS, excluded from review list"
27INR0195,ERCOT,TX,Dickens,417.79,AEU Battery Project III LLC,Developer Not Matched To Known List,Tier 3: Confirmed Grid-Scale Storage (BESS),,48.9,Confirmed Grid-Scale Storage (BESS),,False,,False,119369,76396,58127,4.5923190315428574e+26,4.702534688299886e+26,4.472519404633044e+26,True,False,"explicit storage token in project name or fuel/technology -- confirmed BESS, excluded from review list"
23INR0330,ERCOT,TX,Briscoe,410.94,BRP SNOWDON BESS LLC,Developer Not Matched To Known List,Tier 3: Confirmed Grid-Scale Storage (BESS),,45.0,Confirmed Grid-Scale Storage (BESS),,False,,False,117411,75143,57174,4.5170243012571425e+26,4.625432884487314e+26,4.3991888847026095e+26,True,False,"explicit storage token in project name or fuel/technology -- confirmed BESS, excluded from review list"
26INR0188,ERCOT,TX,Crane,410.7,Hecate Energy Point Mountain Solar Facility 1 LLC,Developer Not Matched To Known List,Tier 3: Confirmed Grid-Scale Storage (BESS),,46.5,Confirmed Grid-Scale Storage (BESS),,False,,False,117343,75099,57141,4.514386237714286e+26,4.622731507419429e+26,4.396619640208696e+26,True,False,"explicit storage token in project name or fuel/technology -- confirmed BESS, excluded from review list"
24INR0135,ERCOT,TX,Robertson,409.88,BRP Mekong BESS LLC,Developer Not Matched To Known List,Tier 3: Confirmed Grid-Scale Storage (BESS),,45.0,Confirmed Grid-Scale Storage (BESS),,False,,False,117109,74949,57027,4.5053728539428574e+26,4.613501802437485e+26,4.3878413881878265e+26,True,False,"explicit storage token in project name or fuel/technology -- confirmed BESS, excluded from review list"
26INR0357,ERCOT,TX,Concho,409.8,"Duck Creek Storage, LLC",Developer Not Matched To Known List,Tier 3: Confirmed Grid-Scale Storage (BESS),,51.4,Confirmed Grid-Scale Storage (BESS),,False,,True,117086,74935,57016,4.5044934994285715e+26,4.612601343414857e+26,4.386984973356522e+26,True,False,"explicit storage token in project name or fuel/technology -- confirmed BESS, excluded from review list"
29INR0249,ERCOT,TX,Fayette,409.69,Lightcycle Energy Storage LLC,Developer Not Matched To Known List,Tier 3: Confirmed Grid-Scale Storage (BESS),,52.6,Confirmed Grid-Scale Storage (BESS),,False,,False,117054,74915,57000,4.503284386971429e+26,4.611363212258743e+26,4.385807402963479e+26,True,False,"explicit storage token in project name or fuel/technology -- confirmed BESS, excluded from review list"
25INR0557,ERCOT,TX,Upton,409.6,"Castle Storage, LLC",Developer Not Matched To Known List,Tier 3: Confirmed Grid-Scale Storage (BESS),,60.0,Confirmed Grid-Scale Storage (BESS),,False,,True,117029,74898,56988,4.502295113142857e+26,4.610350195858285e+26,4.3848439362782606e+26,True,False,"explicit storage token in project name or fuel/technology -- confirmed BESS, excluded from review list"
23INR0127,ERCOT,TX,Harris,408.7,"AES Distributed Energy, Inc",Developer Not Matched To Known List,Tier 3: Confirmed Grid-Scale Storage (BESS),,48.0,Confirmed Grid-Scale Storage (BESS),,False,,False,116771,74734,56863,4.492402374857143e+26,4.600220031853715e+26,4.3752092694260874e+26,True,False,"explicit storage token in project name or fuel/technology -- confirmed BESS, excluded from review list"
23INR0126,ERCOT,TX,Harris,408.4,"AES Distributed Energy, Inc",Developer Not Matched To Known List,Tier 3: Confirmed Grid-Scale Storage (BESS),,48.0,Confirmed Grid-Scale Storage (BESS),,False,,False,116686,74679,56821,4.4891047954285715e+26,4.596843310518857e+26,4.371997713808696e+26,True,False,"explicit storage token in project name or fuel/technology -- confirmed BESS, excluded from review list"
22INR0400,ERCOT,TX,Comanche,408.3,Hecate Grid Dragan Storage LLC,Developer Not Matched To Known List,Tier 3: Confirmed Grid-Scale Storage (BESS),,52.6,Confirmed Grid-Scale Storage (BESS),,False,,False,116657,74661,56807,4.488005602285714e+26,4.595717736740572e+26,4.370927195269565e+26,True,False,"explicit storage token in project name or fuel/technology -- confirmed BESS, excluded from review list"
26INR0045,ERCOT,TX,Bastrop,407.55,"Lund Storage Center 1, LLC",Developer Not Matched To Known List,Tier 3: Confirmed Grid-Scale Storage (BESS),,53.7,Confirmed Grid-Scale Storage (BESS),,False,,False,116443,74523,56703,4.479761653714287e+26,4.587275933403429e+26,4.362898306226087e+26,True,False,"explicit storage token in project name or fuel/technology -- confirmed BESS, excluded from review list"
28INR0327,ERCOT,TX,Hunt,407.0,"Scout Energy Management, LLC",Developer Not Matched To Known List,Tier 3: Confirmed Grid-Scale Storage (BESS),,67.5,Confirmed Grid-Scale Storage (BESS),,False,,False,116286,74423,56626,4.4737160914285715e+26,4.581085277622858e+26,4.357010454260871e+26,True,False,"explicit storage token in project name or fuel/technology -- confirmed BESS, excluded from review list"
24INR0500,ERCOT,TX,Harris,406.01,"BRP Blue Topaz 3, LLC",Developer Not Matched To Known List,Tier 3: Confirmed Grid-Scale Storage (BESS),,45.0,Confirmed Grid-Scale Storage (BESS),,False,,False,116003,74242,56488,4.462834079314286e+26,4.5699420972178294e+26,4.346412320723479e+26,True,False,"explicit storage token in project name or fuel/technology -- confirmed BESS, excluded from review list"
27INR0294,ERCOT,TX,Bexar,402.8,Bernice Energy Storage LLC,Developer Not Matched To Known List,Tier 3: Confirmed Grid-Scale Storage (BESS),,52.6,Confirmed Grid-Scale Storage (BESS),,False,,False,115086,73655,56042,4.4275499794285714e+26,4.533811178934858e+26,4.312048675617391e+26,True,False,"explicit storage token in project name or fuel/technology -- confirmed BESS, excluded from review list"
24INR0157,ERCOT,TX,Comanche,402.44,BRP Merope BESS LLC,Developer Not Matched To Known List,Tier 3: Confirmed Grid-Scale Storage (BESS),,45.0,Confirmed Grid-Scale Storage (BESS),,False,,False,114983,73589,55992,4.423592884114286e+26,4.529759113333029e+26,4.308194808876522e+26,True,False,"explicit storage token in project name or fuel/technology -- confirmed BESS, excluded from review list"
28INR0475,ERCOT,TX,Bexar,375.0,Mission Station LLC,Developer Not Matched To Known List,Tier 3: Confirmed Grid-Scale Storage (BESS),,51.4,Confirmed Grid-Scale Storage (BESS),,False,,False,107143,68571,52174,4.121974285714286e+26,4.220901668571429e+26,4.014444521739131e+26,True,False,"explicit storage token in project name or fuel/technology -- confirmed BESS, excluded from review list"
28INR0474,ERCOT,TX,Bexar,375.0,Mission Station LLC,Developer Not Matched To Known List,Tier 3: Confirmed Grid-Scale Storage (BESS),,51.4,Confirmed Grid-Scale Storage (BESS),,False,,False,107143,68571,52174,4.121974285714286e+26,4.220901668571429e+26,4.014444521739131e+26,True,False,"explicit storage token in project name or fuel/technology -- confirmed BESS, excluded from review list"
27INR0025,ERCOT,TX,Carson,371.7,Panhandle Solar Group Operating Company LLC,Developer Not Matched To Known List,Tier 3: Confirmed Grid-Scale Storage (BESS),,57.0,Confirmed Grid-Scale Storage (BESS),,False,,True,106200,67968,51715,4.085700912e+26,4.183757733888e+26,3.9791174099478264e+26,True,False,"explicit storage token in project name or fuel/technology -- confirmed BESS, excluded from review list"
25INR0425,ERCOT,TX,Brazoria,362.0,Aldrin Energy Storage LLC,Developer Not Matched To Known List,Tier 3: Confirmed Grid-Scale Storage (BESS),,52.6,Confirmed Grid-Scale Storage (BESS),,False,,True,103429,66194,50365,3.9790791771428575e+26,4.074577077394285e+26,3.875277111652174e+26,True,False,"explicit storage token in project name or fuel/technology -- confirmed BESS, excluded from review list"
28INR0292,ERCOT,TX,Navarro,359.1,Wildflower Storage LLC,Developer Not Matched To Known List,Tier 3: Confirmed Grid-Scale Storage (BESS),,51.4,Confirmed Grid-Scale Storage (BESS),,False,,False,102600,65664,49962,3.947202576e+26,4.0419354378240004e+26,3.844232074017391e+26,True,False,"explicit storage token in project name or fuel/technology -- confirmed BESS, excluded from review list"
28INR0166,ERCOT,TX,Brown,351.0,Brookesmith Storage LLC,Developer Not Matched To Known List,Tier 3: Confirmed Grid-Scale Storage (BESS),,55.4,Confirmed Grid-Scale Storage (BESS),,False,,False,100286,64183,48835,3.858167931428572e+26,3.9507639617828576e+26,3.7575200723478264e+26,True,False,"explicit storage token in project name or fuel/technology -- confirmed BESS, excluded from review list"
28INR0119,ERCOT,TX,Mitchell,341.8,"Rabbit Hollow Energy Storage, LLC",Developer Not Matched To Known List,Tier 3: Confirmed Grid-Scale Storage (BESS),,51.4,Confirmed Grid-Scale Storage (BESS),,False,,False,97657,62501,47555,3.757042162285714e+26,3.847211174180572e+26,3.6590323667478265e+26,True,False,"explicit storage token in project name or fuel/technology -- confirmed BESS, excluded from review list"
24INR0058,ERCOT,TX,Haskell,336.0,"IP Quantum III, LLC",Developer Not Matched To Known List,Tier 3: Confirmed Grid-Scale Storage (BESS),,42.8,Confirmed Grid-Scale Storage (BESS),,False,,True,96000,61440,46748,3.6932889600000005e+26,3.78192789504e+26,3.5969422914782606e+26,True,False,"explicit storage token in project name or fuel/technology -- confirmed BESS, excluded from review list"
28INR0457,ERCOT,TX,Reeves,330.0,Energy Forge One LLC,Developer Not Matched To Known List,Tier 3: Confirmed Grid-Scale Storage (BESS),,85.5,Confirmed Grid-Scale Storage (BESS),,False,,False,94286,60343,45913,3.627337371428572e+26,3.714393468342858e+26,3.532711179130435e+26,True,False,"explicit storage token in project name or fuel/technology -- confirmed BESS, excluded from review list"
26INR0605,ERCOT,TX,Grayson,313.69,"VLN, LLC",Developer Not Matched To Known List,Tier 3: Confirmed Grid-Scale Storage (BESS),,34.2,Confirmed Grid-Scale Storage (BESS),,False,,False,89626,57360,43644,3.4480589698285716e+26,3.5308123851044575e+26,3.358109605398261e+26,True,False,"explicit storage token in project name or fuel/technology -- confirmed BESS, excluded from review list"
27INR0149,ERCOT,TX,Goliad,313.54,"Diablo Campo Energy Center, LLC",Developer Not Matched To Known List,Tier 3: Confirmed Grid-Scale Storage (BESS),,55.2,Confirmed Grid-Scale Storage (BESS),,False,,False,89583,57333,43623,3.446410180114286e+26,3.529124024437029e+26,3.356503827589565e+26,True,False,"explicit storage token in project name or fuel/technology -- confirmed BESS, excluded from review list"
29INR0245,ERCOT,TX,Harris,313.29,TDWP Partners LLC,Developer Not Matched To Known List,Tier 3: Confirmed Grid-Scale Storage (BESS),,45.2,Confirmed Grid-Scale Storage (BESS),,False,,False,89511,57287,43588,3.443662197257143e+26,3.526310089991314e+26,3.35382753124174e+26,True,False,"explicit storage token in project name or fuel/technology -- confirmed BESS, excluded from review list"
30INR0089,ERCOT,TX,Runnels,312.85,Mistflower Energy Center LLC,Developer Not Matched To Known List,Tier 3: Confirmed Grid-Scale Storage (BESS),,67.5,Confirmed Grid-Scale Storage (BESS),,False,,False,89386,57207,43527,3.4388257474285714e+26,3.521357565366857e+26,3.349117249669565e+26,True,False,"explicit storage token in project name or fuel/technology -- confirmed BESS, excluded from review list"
29INR0115,ERCOT,TX,Duval,310.8,"Cielo Vista Storage, LLC",Developer Not Matched To Known List,Tier 3: Confirmed Grid-Scale Storage (BESS),,60.0,Confirmed Grid-Scale Storage (BESS),,False,,False,88800,56832,43242,3.416292288e+26,3.4982833029120006e+26,3.3271716196173914e+26,True,False,"explicit storage token in project name or fuel/technology -- confirmed BESS, excluded from review list"
24INR0282,ERCOT,TX,Brazoria,310.7,Royal River LLC,Developer Not Matched To Known List,Tier 3: Confirmed Grid-Scale Storage (BESS),,42.9,Confirmed Grid-Scale Storage (BESS),,False,,True,88771,56814,43228,3.415193094857143e+26,3.4971577291337146e+26,3.326101101078261e+26,True,False,"explicit storage token in project name or fuel/technology -- confirmed BESS, excluded from review list"
24INR0281,ERCOT,TX,Galveston,310.58,Red Egret LLC,Developer Not Matched To Known List,Tier 3: Confirmed Grid-Scale Storage (BESS),,50.0,Confirmed Grid-Scale Storage (BESS),,False,,True,88737,56792,43211,3.413874063085715e+26,3.4958070405997713e+26,3.324816478831304e+26,True,False,"explicit storage token in project name or fuel/technology -- confirmed BESS, excluded from review list"
22INR0347,ERCOT,TX,Howard,310.28,BRP Crater BESS LLC,Developer Not Matched To Known List,Tier 3: Confirmed Grid-Scale Storage (BESS),,45.0,Confirmed Grid-Scale Storage (BESS),,False,,False,88651,56737,43169,3.410576483657143e+26,3.492430319264914e+26,3.321604923213914e+26,True,False,"explicit storage token in project name or fuel/technology -- confirmed BESS, excluded from review list"
27INR0091,ERCOT,TX,Lavaca,310.2,"Live Oak Energy Storage, LLC",Developer Not Matched To Known List,Tier 3: Confirmed Grid-Scale Storage (BESS),,51.4,Confirmed Grid-Scale Storage (BESS),,False,,True,88629,56722,43158,3.409697129142857e+26,3.491529860242286e+26,3.320748508382609e+26,True,False,"explicit storage token in project name or fuel/technology -- confirmed BESS, excluded from review list"
28INR0423,ERCOT,TX,Montague,310.17,"Prairie Branch Energy, LLC",Developer Not Matched To Known List,Tier 3: Confirmed Grid-Scale Storage (BESS),,40.0,Confirmed Grid-Scale Storage (BESS),,False,,False,88620,56717,43154,3.4093673712e+26,3.4911921881088e+26,3.320427352820869e+26,True,False,"explicit storage token in project name or fuel/technology -- confirmed BESS, excluded from review list"
29INR0172,ERCOT,TX,Young,310.16,"Sweetheart Energy, LLC",Developer Not Matched To Known List,Tier 3: Confirmed Grid-Scale Storage (BESS),,45.0,Confirmed Grid-Scale Storage (BESS),,False,,False,88617,56715,43153,3.4092574518857146e+26,3.4910796307309715e+26,3.320320300966957e+26,True,False,"explicit storage token in project name or fuel/technology -- confirmed BESS, excluded from review list"
24INR0198,ERCOT,TX,Cooke,309.8,Two Forks LLC,Developer Not Matched To Known List,Tier 3: Confirmed Grid-Scale Storage (BESS),,45.0,Confirmed Grid-Scale Storage (BESS),,False,,True,88514,56649,43103,3.4053003565714284e+26,3.487027565129142e+26,3.316466434226087e+26,True,False,"explicit storage token in project name or fuel/technology -- confirmed BESS, excluded from review list"
22INR0365,ERCOT,TX,Pecos,308.98,BRP Mensa BESS LLC,Developer Not Matched To Known List,Tier 3: Confirmed Grid-Scale Storage (BESS),,45.0,Confirmed Grid-Scale Storage (BESS),,False,,False,88280,56499,42989,3.3962869728e+26,3.4777978601472e+26,3.307688182205218e+26,True,False,"explicit storage token in project name or fuel/technology -- confirmed BESS, excluded from review list"
23INR0140,ERCOT,TX,Foard,308.88,BRP Seine BESS LLC,Developer Not Matched To Known List,Tier 3: Confirmed Grid-Scale Storage (BESS),,45.6,Confirmed Grid-Scale Storage (BESS),,False,,True,88251,56481,42975,3.395187779657143e+26,3.476672286368914e+26,3.306617663666087e+26,True,False,"explicit storage token in project name or fuel/technology -- confirmed BESS, excluded from review list"
25INR0288,ERCOT,TX,Robertson,308.03,"Buffalo Meadow Energy Center, LLC",Developer Not Matched To Known List,Tier 3: Confirmed Grid-Scale Storage (BESS),,49.1,Confirmed Grid-Scale Storage (BESS),,False,,False,88009,56325,42856,3.3858446379428576e+26,3.467104909253486e+26,3.297518256083479e+26,True,False,"explicit storage token in project name or fuel/technology -- confirmed BESS, excluded from review list"
26INR0612,ERCOT,TX,Clay,307.51,"DM-CCY, LLC",Developer Not Matched To Known List,Tier 3: Confirmed Grid-Scale Storage (BESS),,30.0,Confirmed Grid-Scale Storage (BESS),,False,,False,87860,56230,42784,3.3801288336000004e+26,3.4612519256064006e+26,3.29195155968e+26,True,False,"explicit storage token in project name or fuel/technology -- confirmed BESS, excluded from review list"
28INR0328,ERCOT,TX,Cooke,307.4,"SCOUT ENERGY MANAGEMENT, LLC",Developer Not Matched To Known List,Tier 3: Confirmed Grid-Scale Storage (BESS),,67.5,Confirmed Grid-Scale Storage (BESS),,False,,False,87829,56210,42769,3.378919721142857e+26,3.460013794450286e+26,3.2907739892869574e+26,True,False,"explicit storage token in project name or fuel/technology -- confirmed BESS, excluded from review list"
24INR0763,ERCOT,TX,Tarrant,307.2,"BAF Storage, LLC",Developer Not Matched To Known List,Tier 3: Confirmed Grid-Scale Storage (BESS),,51.4,Confirmed Grid-Scale Storage (BESS),,False,,False,87771,56174,42741,3.3767213348571435e+26,3.457762646893714e+26,3.288632952208696e+26,True,False,"explicit storage token in project name or fuel/technology -- confirmed BESS, excluded from review list"
28INR0157,ERCOT,TX,McLennan,306.94,PP Axtell BESS LLC,Developer Not Matched To Known List,Tier 3: Confirmed Grid-Scale Storage (BESS),,46.6,Confirmed Grid-Scale Storage (BESS),,False,,False,87697,56126,42705,3.3738634326857145e+26,3.4548361550701714e+26,3.285849604006957e+26,True,False,"explicit storage token in project name or fuel/technology -- confirmed BESS, excluded from review list"
27INR0077,ERCOT,TX,Webb,306.94,Gransolar Texas Two,Developer Not Matched To Known List,Tier 3: Confirmed Grid-Scale Storage (BESS),,60.0,Confirmed Grid-Scale Storage (BESS),,False,,False,87697,56126,42705,3.3738634326857145e+26,3.4548361550701714e+26,3.285849604006957e+26,True,False,"explicit storage token in project name or fuel/technology -- confirmed BESS, excluded from review list"
25INR0657,ERCOT,TX,Jack,306.4,"O'Bannion Energy Storage, LLC",Developer Not Matched To Known List,Tier 3: Confirmed Grid-Scale Storage (BESS),,51.4,Confirmed Grid-Scale Storage (BESS),,False,,True,87543,56027,42630,3.367927789714285e+26,3.448758056667429e+26,3.2800688038956525e+26,True,False,"explicit storage token in project name or fuel/technology -- confirmed BESS, excluded from review list"
25INR0660,ERCOT,TX,Jack,306.4,"Wooderson Energy Storage, LLC",Developer Not Matched To Known List,Tier 3: Confirmed Grid-Scale Storage (BESS),,57.0,Confirmed Grid-Scale Storage (BESS),,False,,False,87543,56027,42630,3.367927789714285e+26,3.448758056667429e+26,3.2800688038956525e+26,True,False,"explicit storage token in project name or fuel/technology -- confirmed BESS, excluded from review list"
25INR0656,ERCOT,TX,Wise,306.4,"Gilleys Energy Storage, LLC",Developer Not Matched To Known List,Tier 3: Confirmed Grid-Scale Storage (BESS),,51.4,Confirmed Grid-Scale Storage (BESS),,False,,False,87543,56027,42630,3.367927789714285e+26,3.448758056667429e+26,3.2800688038956525e+26,True,False,"explicit storage token in project name or fuel/technology -- confirmed BESS, excluded from review list"
25INR0653,ERCOT,TX,Kimble,306.4,"Southfork Energy Storage, LLC",Developer Not Matched To Known List,Tier 3: Confirmed Grid-Scale Storage (BESS),,51.4,Confirmed Grid-Scale Storage (BESS),,False,,False,87543,56027,42630,3.367927789714285e+26,3.448758056667429e+26,3.2800688038956525e+26,True,False,"explicit storage token in project name or fuel/technology -- confirmed BESS, excluded from review list"
25INR0661,ERCOT,TX,Erath,306.35,"McCrae Energy Storage, LLC",Developer Not Matched To Known List,Tier 3: Confirmed Grid-Scale Storage (BESS),,51.4,Confirmed Grid-Scale Storage (BESS),,False,,True,87529,56018,42623,3.3673781931428574e+26,3.4481952697782864e+26,3.279533544626087e+26,True,False,"explicit storage token in project name or fuel/technology -- confirmed BESS, excluded from review list"
25INR0046,ERCOT,TX,Hill,306.26,ACTX BESS Project LLC,Developer Not Matched To Known List,Tier 3: Confirmed Grid-Scale Storage (BESS),,48.9,Confirmed Grid-Scale Storage (BESS),,False,,True,87503,56002,42610,3.3663889193142855e+26,3.447182253377829e+26,3.278570077940869e+26,True,False,"explicit storage token in project name or fuel/technology -- confirmed BESS, excluded from review list"
27INR0386,ERCOT,TX,Andrews,306.2,ENGIE IR Holdings LLC,Developer Not Matched To Known List,Tier 3: Confirmed Grid-Scale Storage (BESS),,45.0,Confirmed Grid-Scale Storage (BESS),,False,,False,87486,55991,42602,3.3657294034285716e+26,3.446506909110858e+26,3.277927766817391e+26,True,False,"explicit storage token in project name or fuel/technology -- confirmed BESS, excluded from review list"
28INR0277,ERCOT,TX,Lampasas,306.2,"Aurora Energy Storage, LLC",Developer Not Matched To Known List,Tier 3: Confirmed Grid-Scale Storage (BESS),,51.4,Confirmed Grid-Scale Storage (BESS),,False,,False,87486,55991,42602,3.3657294034285716e+26,3.446506909110858e+26,3.277927766817391e+26,True,False,"explicit storage token in project name or fuel/technology -- confirmed BESS, excluded from review list"
28INR0118,ERCOT,TX,Wichita,305.63,"Copperleaf Energy Storage, LLC",Developer Not Matched To Known List,Tier 3: Confirmed Grid-Scale Storage (BESS),,51.4,Confirmed Grid-Scale Storage (BESS),,False,,False,87323,55887,42522,3.359464002514286e+26,3.4400911385746286e+26,3.2718258111443483e+26,True,False,"explicit storage token in project name or fuel/technology -- confirmed BESS, excluded from review list"
26INR0725,ERCOT,TX,Wharton,305.48,"GulfStar Power, LLC",Developer Not Matched To Known List,Tier 3: Confirmed Grid-Scale Storage (BESS),,45.0,Confirmed Grid-Scale Storage (BESS),,False,,False,87280,55859,42502,3.3578152128e+26,3.4384027779072e+26,3.270220033335653e+26,True,False,"explicit storage token in project name or fuel/technology -- confirmed BESS, excluded from review list"
24INR0413,ERCOT,TX,Harris,304.0,"Blue Topaz 1, LLC",Developer Not Matched To Known List,Tier 3: Confirmed Grid-Scale Storage (BESS),,45.0,Confirmed Grid-Scale Storage (BESS),,False,,False,86857,55589,42296,3.341547154285715e+26,3.421744285988571e+26,3.254376358956522e+26,True,False,"explicit storage token in project name or fuel/technology -- confirmed BESS, excluded from review list"
25INR0375,ERCOT,TX,Nueces,303.7,Navboot BESS LLC,Developer Not Matched To Known List,Tier 3: Confirmed Grid-Scale Storage (BESS),,51.4,Confirmed Grid-Scale Storage (BESS),,False,,True,86771,55534,42254,3.338249574857143e+26,3.418367564653715e+26,3.251164803339131e+26,True,False,"explicit storage token in project name or fuel/technology -- confirmed BESS, excluded from review list"
27INR0207,ERCOT,TX,Wilbarger,303.5,Wander Waters BESS LLC,Developer Not Matched To Known List,Tier 3: Confirmed Grid-Scale Storage (BESS),,45.0,Confirmed Grid-Scale Storage (BESS),,False,,False,86714,55497,42226,3.336051188571428e+26,3.416116417097143e+26,3.2490237662608695e+26,True,False,"explicit storage token in project name or fuel/technology -- confirmed BESS, excluded from review list"
28INR0270,ERCOT,TX,Brown,302.62,"BNPB1, LLC",Developer Not Matched To Known List,Tier 3: Confirmed Grid-Scale Storage (BESS),,30.0,Confirmed Grid-Scale Storage (BESS),,False,,False,86463,55336,42104,3.326378288914285e+26,3.4062113678482285e+26,3.239603203116522e+26,True,False,"explicit storage token in project name or fuel/technology -- confirmed BESS, excluded from review list"
22INR0332,ERCOT,TX,Rusk,302.35,Brantley Branch LLC,Developer Not Matched To Known List,Tier 3: Confirmed Grid-Scale Storage (BESS),,51.4,Confirmed Grid-Scale Storage (BESS),,False,,False,86386,55287,42066,3.323410467428572e+26,3.403172318646857e+26,3.236712803060869e+26,True,False,"explicit storage token in project name or fuel/technology -- confirmed BESS, excluded from review list"
28INR0288,ERCOT,TX,Dickens,302.0,"Sanders Hollow Energy Center, LLC",Developer Not Matched To Known List,Tier 3: Confirmed Grid-Scale Storage (BESS),,49.6,Confirmed Grid-Scale Storage (BESS),,False,,True,86286,55223,42017,3.3195632914285715e+26,3.3992328104228574e+26,3.2329659881739136e+26,True,False,"explicit storage token in project name or fuel/technology -- confirmed BESS, excluded from review list"
27INR0451,ERCOT,TX,Hopkins,301.8,ENGIE IR Holdings LLC,Developer Not Matched To Known List,Tier 3: Confirmed Grid-Scale Storage (BESS),,45.0,Confirmed Grid-Scale Storage (BESS),,False,,False,86229,55186,41990,3.317364905142857e+26,3.396981662866286e+26,3.230824951095653e+26,True,False,"explicit storage token in project name or fuel/technology -- confirmed BESS, excluded from review list"
29INR0119,ERCOT,TX,Freestone,301.6,Simsboro Storage LLC,Developer Not Matched To Known List,Tier 3: Confirmed Grid-Scale Storage (BESS),,52.6,Confirmed Grid-Scale Storage (BESS),,False,,False,86171,55150,41962,3.3151665188571435e+26,3.394730515309714e+26,3.2286839140173915e+26,True,False,"explicit storage token in project name or fuel/technology -- confirmed BESS, excluded from review list"
22INR0423,ERCOT,TX,Bexar,301.41,BRP Quela BESS LLC,Developer Not Matched To Known List,Tier 3: Confirmed Grid-Scale Storage (BESS),,48.9,Confirmed Grid-Scale Storage (BESS),,False,,False,86117,55115,41935,3.313078051885715e+26,3.3925919251309716e+26,3.226649928793044e+26,True,False,"explicit storage token in project name or fuel/technology -- confirmed BESS, excluded from review list"
27INR0556,ERCOT,TX,San Patricio,301.4,"Gulf Gateway Storage, LLC",Developer Not Matched To Known List,Tier 3: Confirmed Grid-Scale Storage (BESS),,51.4,Confirmed Grid-Scale Storage (BESS),,False,,False,86114,55113,41934,3.3129681325714284e+26,3.392479367753143e+26,3.226542876939131e+26,True,False,"explicit storage token in project name or fuel/technology -- confirmed BESS, excluded from review list"
27INR0096,ERCOT,TX,Brazoria,301.38,Rubicon Power LLC,Developer Not Matched To Known List,Tier 3: Confirmed Grid-Scale Storage (BESS),,48.0,Confirmed Grid-Scale Storage (BESS),,False,,False,86109,55109,41931,3.312748293942857e+26,3.392254252997486e+26,3.226328773231305e+26,True,False,"explicit storage token in project name or fuel/technology -- confirmed BESS, excluded from review list"
28INR0075,ERCOT,TX,Henderson,301.17,"Wild Paw Energy Center, LLC",Developer Not Matched To Known List,Tier 3: Confirmed Grid-Scale Storage (BESS),,49.1,Confirmed Grid-Scale Storage (BESS),,False,,False,86049,55071,41902,3.3104399883428574e+26,3.389890548063086e+26,3.224080684299131e+26,True,False,"explicit storage token in project name or fuel/technology -- confirmed BESS, excluded from review list"
25INR0460,ERCOT,TX,Castro,301.04,Ogallala BESS LLC,Developer Not Matched To Known List,Tier 3: Confirmed Grid-Scale Storage (BESS),,56.2,Confirmed Grid-Scale Storage (BESS),,False,,True,86011,55047,41884,3.3090110372571436e+26,3.3884273021513144e+26,3.222689010198261e+26,True,False,"explicit storage token in project name or fuel/technology -- confirmed BESS, excluded from review list"
28INR0498,ERCOT,TX,Hale,300.96,Tempus Power Management LLC,Developer Not Matched To Known List,Tier 3: Confirmed Grid-Scale Storage (BESS),,67.5,Confirmed Grid-Scale Storage (BESS),,False,,False,85989,55033,41873,3.308131682742857e+26,3.387526843128686e+26,3.221832595366957e+26,True,False,"explicit storage token in project name or fuel/technology -- confirmed BESS, excluded from review list"
22INR0330,ERCOT,TX,Hale,300.96,Old Aqueduct LLC,Developer Not Matched To Known List,Tier 3: Confirmed Grid-Scale Storage (BESS),,45.0,Confirmed Grid-Scale Storage (BESS),,False,,False,85989,55033,41873,3.308131682742857e+26,3.387526843128686e+26,3.221832595366957e+26,True,False,"explicit storage token in project name or fuel/technology -- confirmed BESS, excluded from review list"
25INR0230,ERCOT,TX,Leon,300.9,Great Rock Storage LLC,Developer Not Matched To Known List,Tier 3: Confirmed Grid-Scale Storage (BESS),,52.6,Confirmed Grid-Scale Storage (BESS),,False,,True,85971,55022,41864,3.307472166857143e+26,3.3868514988617145e+26,3.221190284243478e+26,True,False,"explicit storage token in project name or fuel/technology -- confirmed BESS, excluded from review list"
29INR0227,ERCOT,TX,San Patricio,300.84,Ferrovial Energy US 1,Developer Not Matched To Known List,Tier 3: Confirmed Grid-Scale Storage (BESS),,48.0,Confirmed Grid-Scale Storage (BESS),,False,,False,85954,55011,41856,3.3068126509714285e+26,3.386176154594743e+26,3.220547973120001e+26,True,False,"explicit storage token in project name or fuel/technology -- confirmed BESS, excluded from review list"
29INR0229,ERCOT,TX,McLennan,300.6,Ferrovial Energy US 1,Developer Not Matched To Known List,Tier 3: Confirmed Grid-Scale Storage (BESS),,48.0,Confirmed Grid-Scale Storage (BESS),,False,,False,85886,54967,41823,3.3041745874285715e+26,3.383474777526858e+26,3.217978728626087e+26,True,False,"explicit storage token in project name or fuel/technology -- confirmed BESS, excluded from review list"
29INR0230,ERCOT,TX,McLennan,300.6,Ferrovial Energy US 1,Developer Not Matched To Known List,Tier 3: Confirmed Grid-Scale Storage (BESS),,48.0,Confirmed Grid-Scale Storage (BESS),,False,,False,85886,54967,41823,3.3041745874285715e+26,3.383474777526858e+26,3.217978728626087e+26,True,False,"explicit storage token in project name or fuel/technology -- confirmed BESS, excluded from review list"
AH1-260 - moved to TC2,PJM,NJ,Camden,300.0,NOT PUBLISHED IN PJM QUEUE EXPORT,Developer Not Disclosed,Tier 3: Confirmed Grid-Scale Storage (BESS),,0.0,Confirmed Grid-Scale Storage (BESS),AEC,False,,False,85714,54857,41739,3.2975794285714284e+26,3.376721334857143e+26,3.211555617391305e+26,True,False,"explicit storage token in project name or fuel/technology -- confirmed BESS, excluded from review list"
28INR0378,ERCOT,TX,Wichita,300.0,"Wichita Solar II, LLC",Developer Not Matched To Known List,Tier 3: Confirmed Grid-Scale Storage (BESS),,60.0,Confirmed Grid-Scale Storage (BESS),,False,,False,85714,54857,41739,3.2975794285714284e+26,3.376721334857143e+26,3.211555617391305e+26,True,False,"explicit storage token in project name or fuel/technology -- confirmed BESS, excluded from review list"
24INR0420,ERCOT,TX,Houston,298.06,"Camino Solar Ranch, LLC",Developer Not Matched To Known List,Tier 3: Confirmed Grid-Scale Storage (BESS),,50.0,Confirmed Grid-Scale Storage (BESS),,False,,True,85160,54502,41469,3.2762550816e+26,3.3548852035584e+26,3.190787557732174e+26,True,False,"explicit storage token in project name or fuel/technology -- confirmed BESS, excluded from review list"
25INR0451,ERCOT,TX,Upton,290.0,LectricWind LLC,Developer Not Matched To Known List,Tier 3: Confirmed Grid-Scale Storage (BESS),,45.0,Confirmed Grid-Scale Storage (BESS),,False,,True,82857,53029,40348,3.1876601142857146e+26,3.2641639570285714e+26,3.104503763478261e+26,True,False,"explicit storage token in project name or fuel/technology -- confirmed BESS, excluded from review list"
27INR0409,ERCOT,TX,Lamar,287.22,"Mockingbird Storage Center, LLC",Developer Not Matched To Known List,Tier 3: Confirmed Grid-Scale Storage (BESS),,52.6,Confirmed Grid-Scale Storage (BESS),,False,,False,82063,52520,39961,3.157102544914285e+26,3.2328730059922285e+26,3.074743348090435e+26,True,False,"explicit storage token in project name or fuel/technology -- confirmed BESS, excluded from review list"
25INR0197,ERCOT,TX,Scurry,287.16,"Inadale BESS, LLC",Developer Not Matched To Known List,Tier 3: Confirmed Grid-Scale Storage (BESS),,49.1,Confirmed Grid-Scale Storage (BESS),,False,,False,82046,52509,39953,3.156443029028572e+26,3.232197661725258e+26,3.0741010369669572e+26,True,False,"explicit storage token in project name or fuel/technology -- confirmed BESS, excluded from review list"
27INR0222,ERCOT,TX,Starr,284.49,Rio Grande Solar LLC,Developer Not Matched To Known List,Tier 3: Confirmed Grid-Scale Storage (BESS),,47.5,Confirmed Grid-Scale Storage (BESS),,False,,False,81283,52021,39581,3.127094572114286e+26,3.202144841845028e+26,3.0455181919721743e+26,True,False,"explicit storage token in project name or fuel/technology -- confirmed BESS, excluded from review list"
27INR0142,ERCOT,TX,Fort Bend,278.98,Unicorn Energies,Developer Not Matched To Known List,Tier 3: Confirmed Grid-Scale Storage (BESS),,50.0,Confirmed Grid-Scale Storage (BESS),,False,,False,79709,51013,38815,3.0665290299428573e+26,3.140125726661486e+26,2.9865326204660873e+26,True,False,"explicit storage token in project name or fuel/technology -- confirmed BESS, excluded from review list"
27INR0224,ERCOT,TX,Victoria,264.24,"Bobcat Energy Center, LLC",Developer Not Matched To Known List,Tier 3: Confirmed Grid-Scale Storage (BESS),,49.1,Confirmed Grid-Scale Storage (BESS),,False,,True,75497,48318,36764,2.9045079606857146e+26,2.974216151742171e+26,2.8287381877982606e+26,True,False,"explicit storage token in project name or fuel/technology -- confirmed BESS, excluded from review list"
27INR0576,ERCOT,TX,Nolan,261.97,Trailblazer Infrastructure LLC,Developer Not Matched To Known List,Tier 3: Confirmed Grid-Scale Storage (BESS),,85.5,Confirmed Grid-Scale Storage (BESS),,False,,False,74849,47903,36448,2.8795562763428582e+26,2.9486656269750864e+26,2.8044374169600005e+26,True,False,"explicit storage token in project name or fuel/technology -- confirmed BESS, excluded from review list"
29INR0211,ERCOT,TX,Guadalupe,261.08,EG Juniper LLC,Developer Not Matched To Known List,Tier 3: Confirmed Grid-Scale Storage (BESS),,40.0,Confirmed Grid-Scale Storage (BESS),,False,,False,74594,47740,36324,2.8697734573714284e+26,2.938648020348343e+26,2.7949098019617392e+26,True,False,"explicit storage token in project name or fuel/technology -- confirmed BESS, excluded from review list"
27INR0447,ERCOT,TX,Kent,259.36,Jay Flat BESS LLC,Developer Not Matched To Known List,Tier 3: Confirmed Grid-Scale Storage (BESS),,45.0,Confirmed Grid-Scale Storage (BESS),,False,,False,74103,47426,36085,2.850867335314286e+26,2.919288151361829e+26,2.7764968830886957e+26,True,False,"explicit storage token in project name or fuel/technology -- confirmed BESS, excluded from review list"
29INR0213,ERCOT,TX,Mitchell,258.26,"Rosenix Solar, LLC",Developer Not Matched To Known List,Tier 3: Confirmed Grid-Scale Storage (BESS),,45.0,Confirmed Grid-Scale Storage (BESS),,False,,False,73789,47225,35932,2.838776210742857e+26,2.9069068398006858e+26,2.764721179158261e+26,True,False,"explicit storage token in project name or fuel/technology -- confirmed BESS, excluded from review list"
28INR0390,ERCOT,TX,Bexar,257.5,"Horsepower BESS, LLC",Developer Not Matched To Known List,Tier 3: Confirmed Grid-Scale Storage (BESS),,45.0,Confirmed Grid-Scale Storage (BESS),,False,,False,73571,47086,35826,2.8304223428571432e+26,2.8983524790857144e+26,2.75658523826087e+26,True,False,"explicit storage token in project name or fuel/technology -- confirmed BESS, excluded from review list"
26INR0226,ERCOT,TX,Brazoria,257.48,"First Capitol BESS, LLC",Developer Not Matched To Known List,Tier 3: Confirmed Grid-Scale Storage (BESS),,51.4,Confirmed Grid-Scale Storage (BESS),,False,,True,73566,47082,35823,2.8302025042285716e+26,2.8981273643300574e+26,2.756371134553044e+26,True,False,"explicit storage token in project name or fuel/technology -- confirmed BESS, excluded from review list"
25INR0101,ERCOT,TX,Collin,257.3,Mallard Energy Storage LLC,Developer Not Matched To Known List,Tier 3: Confirmed Grid-Scale Storage (BESS),,60.0,Confirmed Grid-Scale Storage (BESS),,False,,True,73514,47049,35798,2.828223956571428e+26,2.8961013315291428e+26,2.7544442011826086e+26,True,False,"explicit storage token in project name or fuel/technology -- confirmed BESS, excluded from review list"
25INR0176,ERCOT,TX,Madison,257.04,"Savannah Oaks Solar Project, LLC",Developer Not Matched To Known List,Tier 3: Confirmed Grid-Scale Storage (BESS),,51.4,Confirmed Grid-Scale Storage (BESS),,False,,False,73440,47002,35762,2.8253660544000005e+26,2.8931748397056006e+26,2.7516608529808705e+26,True,False,"explicit storage token in project name or fuel/technology -- confirmed BESS, excluded from review list"
28INR0186,ERCOT,TX,Austin,256.8,"Saddlehorn Energy Storage, LLC",Developer Not Matched To Known List,Tier 3: Confirmed Grid-Scale Storage (BESS),,51.4,Confirmed Grid-Scale Storage (BESS),,False,,False,73371,46958,35729,2.8227279908571432e+26,2.8904734626377144e+26,2.749091608486957e+26,True,False,"explicit storage token in project name or fuel/technology -- confirmed BESS, excluded from review list"
25INR0262,ERCOT,TX,Galveston,256.79,Shepard Energy Storage LLC,Developer Not Matched To Known List,Tier 3: Confirmed Grid-Scale Storage (BESS),,52.6,Confirmed Grid-Scale Storage (BESS),,False,,True,73369,46956,35727,2.822618071542858e+26,2.8903609052598864e+26,2.7489845566330443e+26,True,False,"explicit storage token in project name or fuel/technology -- confirmed BESS, excluded from review list"
26INR0503,ERCOT,TX,Harris,256.4,"Rex BESS, LLC",Developer Not Matched To Known List,Tier 3: Confirmed Grid-Scale Storage (BESS),,39.5,Confirmed Grid-Scale Storage (BESS),,False,,False,73257,46885,35673,2.818331218285714e+26,2.8859711675245715e+26,2.744809534330435e+26,True,False,"explicit storage token in project name or fuel/technology -- confirmed BESS, excluded from review list"
26INR0551,ERCOT,TX,Brazoria,256.34,"Brazos Roots BESS, LLC",Developer Not Matched To Known List,Tier 3: Confirmed Grid-Scale Storage (BESS),,68.4,Confirmed Grid-Scale Storage (BESS),,False,,True,73240,46874,35665,2.8176717024e+26,2.8852958232576e+26,2.7441672232069563e+26,True,False,"explicit storage token in project name or fuel/technology -- confirmed BESS, excluded from review list"
28INR0181,ERCOT,TX,San Patricio,256.3,"Indigo Solar, LLC",Developer Not Matched To Known List,Tier 3: Confirmed Grid-Scale Storage (BESS),,60.0,Confirmed Grid-Scale Storage (BESS),,False,,False,73229,46866,35659,2.8172320251428573e+26,2.8848455937462862e+26,2.743739015791305e+26,True,False,"explicit storage token in project name or fuel/technology -- confirmed BESS, excluded from review list"
26INR0615,ERCOT,TX,Bell,256.27,"DM-BCTRM, LLC",Developer Not Matched To Known List,Tier 3: Confirmed Grid-Scale Storage (BESS),,35.6,Confirmed Grid-Scale Storage (BESS),,False,,False,73220,46861,35655,2.8169022672e+26,2.8845079216127995e+26,2.743417860229565e+26,True,False,"explicit storage token in project name or fuel/technology -- confirmed BESS, excluded from review list"
26INR0306,ERCOT,TX,San Patricio,256.24,"Nautilus Heavy Storage, LLC",Developer Not Matched To Known List,Tier 3: Confirmed Grid-Scale Storage (BESS),,51.4,Confirmed Grid-Scale Storage (BESS),,False,,False,73211,46855,35651,2.816572509257143e+26,2.8841702494793146e+26,2.7430967046678263e+26,True,False,"explicit storage token in project name or fuel/technology -- confirmed BESS, excluded from review list"
27INR0216,ERCOT,TX,Milam,256.1,"Champs Elysees Renewables, LLC",Developer Not Matched To Known List,Tier 3: Confirmed Grid-Scale Storage (BESS),,54.0,Confirmed Grid-Scale Storage (BESS),,False,,False,73171,46830,35631,2.8150336388571432e+26,2.882594446189715e+26,2.7415979787130443e+26,True,False,"explicit storage token in project name or fuel/technology -- confirmed BESS, excluded from review list"
27INR0291,ERCOT,TX,Brown,256.1,"RamZ BESS, LLC",Developer Not Matched To Known List,Tier 3: Confirmed Grid-Scale Storage (BESS),,57.0,Confirmed Grid-Scale Storage (BESS),,False,,False,73171,46830,35631,2.8150336388571432e+26,2.882594446189715e+26,2.7415979787130443e+26,True,False,"explicit storage token in project name or fuel/technology -- confirmed BESS, excluded from review list"
25INR0582,ERCOT,TX,Wharton,256.1,"Brush Storage, LLC",Developer Not Matched To Known List,Tier 3: Confirmed Grid-Scale Storage (BESS),,51.4,Confirmed Grid-Scale Storage (BESS),,False,,False,73171,46830,35631,2.8150336388571432e+26,2.882594446189715e+26,2.7415979787130443e+26,True,False,"explicit storage token in project name or fuel/technology -- confirmed BESS, excluded from review list"
25INR0301,ERCOT,TX,Ector,256.0,"Rocky Mountain Energy Holdings, LLC",Developer Not Matched To Known List,Tier 3: Confirmed Grid-Scale Storage (BESS),,51.4,Confirmed Grid-Scale Storage (BESS),,False,,True,73143,46811,35617,2.813934445714286e+26,2.8814688724114287e+26,2.740527460173913e+26,True,False,"explicit storage token in project name or fuel/technology -- confirmed BESS, excluded from review list"
23INR0290,ERCOT,TX,Galveston,255.33,BRP Zeya BESS LLC,Developer Not Matched To Known List,Tier 3: Confirmed Grid-Scale Storage (BESS),,48.9,Confirmed Grid-Scale Storage (BESS),,False,,True,72951,46689,35524,2.806569851657143e+26,2.8739275280969146e+26,2.7333549859617392e+26,True,False,"explicit storage token in project name or fuel/technology -- confirmed BESS, excluded from review list"
25INR0417,ERCOT,TX,Upton,254.88,"Mesa View Storage, LLC",Developer Not Matched To Known List,Tier 3: Confirmed Grid-Scale Storage (BESS),,67.5,Confirmed Grid-Scale Storage (BESS),,False,,True,72823,46607,35462,2.801623482514286e+26,2.8688624460946284e+26,2.728537652535653e+26,True,False,"explicit storage token in project name or fuel/technology -- confirmed BESS, excluded from review list"
26INR0422,ERCOT,TX,McLennan,254.8,SMT Elm Mott BESS,Developer Not Matched To Known List,Tier 3: Confirmed Grid-Scale Storage (BESS),,57.0,Confirmed Grid-Scale Storage (BESS),,False,,False,72800,46592,35450,2.800744128e+26,2.8679619870720005e+26,2.7276812377043477e+26,True,False,"explicit storage token in project name or fuel/technology -- confirmed BESS, excluded from review list"
26INR0550,ERCOT,TX,Pecos,253.28,PERRY GREEN POWER LLC,Developer Not Matched To Known List,Tier 3: Confirmed Grid-Scale Storage (BESS),,42.8,Confirmed Grid-Scale Storage (BESS),,False,,False,72366,46314,35239,2.7840363922285716e+26,2.850853265642057e+26,2.711409355909565e+26,True,False,"explicit storage token in project name or fuel/technology -- confirmed BESS, excluded from review list"
25INR0238,ERCOT,TX,Collin,252.0,TX BESS B LLC,Developer Not Matched To Known List,Tier 3: Confirmed Grid-Scale Storage (BESS),,45.0,Confirmed Grid-Scale Storage (BESS),,False,,False,72000,46080,35061,2.76996672e+26,2.8364459212800002e+26,2.6977067186086958e+26,True,False,"explicit storage token in project name or fuel/technology -- confirmed BESS, excluded from review list"
22INR0401,ERCOT,TX,Cameron,251.85,Hecate Grid East Valley Storage LLC,Developer Not Matched To Known List,Tier 3: Confirmed Grid-Scale Storage (BESS),,51.4,Confirmed Grid-Scale Storage (BESS),,False,,True,71957,46053,35040,2.768317930285715e+26,2.834757560612572e+26,2.6961009408000006e+26,True,False,"explicit storage token in project name or fuel/technology -- confirmed BESS, excluded from review list"
27INR0143,ERCOT,TX,Castro,251.6,Hecate Energy Ogalalla Solar LLC,Developer Not Matched To Known List,Tier 3: Confirmed Grid-Scale Storage (BESS),,46.5,Confirmed Grid-Scale Storage (BESS),,False,,False,71886,46007,35005,2.7655699474285716e+26,2.8319436261668577e+26,2.6934246444521744e+26,True,False,"explicit storage token in project name or fuel/technology -- confirmed BESS, excluded from review list"
26INR0173,ERCOT,TX,Hardeman,251.5,Lazy U ESS 1,Developer Not Matched To Known List,Tier 3: Confirmed Grid-Scale Storage (BESS),,40.0,Confirmed Grid-Scale Storage (BESS),,False,,False,71857,45989,34991,2.7644707542857148e+26,2.8308180523885718e+26,2.6923541259130437e+26,True,False,"explicit storage token in project name or fuel/technology -- confirmed BESS, excluded from review list"
26INR0174,ERCOT,TX,Hardeman,251.5,Lazy U ESS 2,Developer Not Matched To Known List,Tier 3: Confirmed Grid-Scale Storage (BESS),,40.0,Confirmed Grid-Scale Storage (BESS),,False,,False,71857,45989,34991,2.7644707542857148e+26,2.8308180523885718e+26,2.6923541259130437e+26,True,False,"explicit storage token in project name or fuel/technology -- confirmed BESS, excluded from review list"
27INR0465,ERCOT,TX,Maverick,251.3,Sugaree Solar LLC,Developer Not Matched To Known List,Tier 3: Confirmed Grid-Scale Storage (BESS),,45.0,Confirmed Grid-Scale Storage (BESS),,False,,True,71800,45952,34963,2.762272368e+26,2.8285669048320002e+26,2.690213088834783e+26,True,False,"explicit storage token in project name or fuel/technology -- confirmed BESS, excluded from review list"
28INR0030,ERCOT,TX,Wharton,251.3,Brela BESS LLC,Developer Not Matched To Known List,Tier 3: Confirmed Grid-Scale Storage (BESS),,47.5,Confirmed Grid-Scale Storage (BESS),,False,,False,71800,45952,34963,2.762272368e+26,2.8285669048320002e+26,2.690213088834783e+26,True,False,"explicit storage token in project name or fuel/technology -- confirmed BESS, excluded from review list"
25INR0339,ERCOT,TX,Tom Green,251.15,"Rocky Mountain Energy Development, LLC",Developer Not Matched To Known List,Tier 3: Confirmed Grid-Scale Storage (BESS),,51.4,Confirmed Grid-Scale Storage (BESS),,False,,False,71757,45925,34943,2.760623578285715e+26,2.8268785441645716e+26,2.688607311026087e+26,True,False,"explicit storage token in project name or fuel/technology -- confirmed BESS, excluded from review list"
25INR0434,ERCOT,TX,Harris,251.0,"Bluegill BESS, LLC",Developer Not Matched To Known List,Tier 3: Confirmed Grid-Scale Storage (BESS),,42.4,Confirmed Grid-Scale Storage (BESS),,False,,False,71714,45897,34922,2.7589747885714285e+26,2.8251901834971426e+26,2.6870015332173913e+26,True,False,"explicit storage token in project name or fuel/technology -- confirmed BESS, excluded from review list"
28INR0485,ERCOT,TX,Bee,250.95,Sparta Storage Center,Developer Not Matched To Known List,Tier 3: Confirmed Grid-Scale Storage (BESS),,69.5,Confirmed Grid-Scale Storage (BESS),,False,,False,71700,45888,34915,2.758425192e+26,2.824627396608e+26,2.6864662739478264e+26,True,False,"explicit storage token in project name or fuel/technology -- confirmed BESS, excluded from review list"
27INR0252,ERCOT,TX,Austin,250.95,Parula Energy Center,Developer Not Matched To Known List,Tier 3: Confirmed Grid-Scale Storage (BESS),,50.0,Confirmed Grid-Scale Storage (BESS),,False,,False,71700,45888,34915,2.758425192e+26,2.824627396608e+26,2.6864662739478264e+26,True,False,"explicit storage token in project name or fuel/technology -- confirmed BESS, excluded from review list"
23INR0376,ERCOT,TX,Brazoria,250.0,Oyster Creek LLC,Developer Not Matched To Known List,Tier 3: Confirmed Grid-Scale Storage (BESS),,46.6,Confirmed Grid-Scale Storage (BESS),,False,,False,71429,45714,34783,2.7479828571428572e+26,2.813934445714286e+26,2.676296347826087e+26,True,False,"explicit storage token in project name or fuel/technology -- confirmed BESS, excluded from review list"
AG2-360 - moved to TC2,PJM,VA,Smyth,250.0,NOT PUBLISHED IN PJM QUEUE EXPORT,Developer Not Disclosed,Tier 3: Confirmed Grid-Scale Storage (BESS),,0.0,Confirmed Grid-Scale Storage (BESS),AEP,False,,False,71429,45714,34783,2.7479828571428572e+26,2.813934445714286e+26,2.676296347826087e+26,True,False,"explicit storage token in project name or fuel/technology -- confirmed BESS, excluded from review list"
AF2-413,PJM,NJ,Atlantic,250.0,NOT PUBLISHED IN PJM QUEUE EXPORT,Developer Not Disclosed,Tier 3: Confirmed Grid-Scale Storage (BESS),,0.0,Confirmed Grid-Scale Storage (BESS),JCPL,True,,False,71429,45714,34783,2.7479828571428572e+26,2.813934445714286e+26,2.676296347826087e+26,True,False,"explicit storage token in project name or fuel/technology -- confirmed BESS, excluded from review list"
30INR0042,ERCOT,TX,Zapata,250.0,Adapture Solar Development,Developer Not Matched To Known List,Tier 3: Confirmed Grid-Scale Storage (BESS),,67.5,Confirmed Grid-Scale Storage (BESS),,False,,False,71429,45714,34783,2.7479828571428572e+26,2.813934445714286e+26,2.676296347826087e+26,True,False,"explicit storage token in project name or fuel/technology -- confirmed BESS, excluded from review list"
27INR0396,ERCOT,TX,Atascosa,246.5,"Bluewind Energy Center, LLC",Developer Not Matched To Known List,Tier 3: Confirmed Grid-Scale Storage (BESS),,49.1,Confirmed Grid-Scale Storage (BESS),,False,,False,70429,45074,34296,2.7095110971428572e+26,2.7745393634742857e+26,2.638828198956522e+26,True,False,"explicit storage token in project name or fuel/technology -- confirmed BESS, excluded from review list"
28INR0323,ERCOT,TX,Ector,246.12,"Velociraptor BESS II, LLC",Developer Not Matched To Known List,Tier 3: Confirmed Grid-Scale Storage (BESS),,45.0,Confirmed Grid-Scale Storage (BESS),,False,,False,70320,45005,34243,2.7053341632e+26,2.7702621831168e+26,2.6347602285078264e+26,True,False,"explicit storage token in project name or fuel/technology -- confirmed BESS, excluded from review list"
27INR0493,ERCOT,TX,Ector,246.0,"Velociraptor BESS I, LLC",Developer Not Matched To Known List,Tier 3: Confirmed Grid-Scale Storage (BESS),,45.0,Confirmed Grid-Scale Storage (BESS),,False,,False,70286,44983,34226,2.7040151314285716e+26,2.7689114945828576e+26,2.63347560626087e+26,True,False,"explicit storage token in project name or fuel/technology -- confirmed BESS, excluded from review list"
26INR0324,ERCOT,TX,Grimes,245.8,"Clear Fork BESS, LLC",Developer Not Matched To Known List,Tier 3: Confirmed Grid-Scale Storage (BESS),,45.0,Confirmed Grid-Scale Storage (BESS),,False,,True,70229,44946,34198,2.7018167451428572e+26,2.766660347026286e+26,2.6313345691826085e+26,True,False,"explicit storage token in project name or fuel/technology -- confirmed BESS, excluded from review list"
26INR0285,ERCOT,TX,Grimes,245.8,"Hill Valley BESS, LLC",Developer Not Matched To Known List,Tier 3: Confirmed Grid-Scale Storage (BESS),,45.0,Confirmed Grid-Scale Storage (BESS),,False,,True,70229,44946,34198,2.7018167451428572e+26,2.766660347026286e+26,2.6313345691826085e+26,True,False,"explicit storage token in project name or fuel/technology -- confirmed BESS, excluded from review list"
26INR0250,ERCOT,TX,Matagorda,241.05,Duffy Energy Storage LLC,Developer Not Matched To Known List,Tier 3: Confirmed Grid-Scale Storage (BESS),,52.6,Confirmed Grid-Scale Storage (BESS),,False,,True,68871,44078,33537,2.649605070857143e+26,2.713195592557714e+26,2.580484938573913e+26,True,False,"explicit storage token in project name or fuel/technology -- confirmed BESS, excluded from review list"
26INR0247,ERCOT,TX,Martin,240.6,"NMRE Holdings, LLC",Developer Not Matched To Known List,Tier 3: Confirmed Grid-Scale Storage (BESS),,48.9,Confirmed Grid-Scale Storage (BESS),,False,,False,68743,43995,33475,2.644658701714286e+26,2.7081305105554287e+26,2.5756676051478264e+26,True,False,"explicit storage token in project name or fuel/technology -- confirmed BESS, excluded from review list"
26INR0257,ERCOT,TX,Houston,238.45,Camino Ranch Solar LLC,Developer Not Matched To Known List,Tier 3: Confirmed Grid-Scale Storage (BESS),,49.1,Confirmed Grid-Scale Storage (BESS),,False,,True,68129,43602,33176,2.6210260491428573e+26,2.683930674322286e+26,2.552651456556522e+26,True,False,"explicit storage token in project name or fuel/technology -- confirmed BESS, excluded from review list"
26INR0034,ERCOT,TX,Reeves,238.21,Bracero Pecan Storage LLC,Developer Not Matched To Known List,Tier 3: Confirmed Grid-Scale Storage (BESS),,52.6,Confirmed Grid-Scale Storage (BESS),,False,,True,68060,43558,33142,2.6183879856e+26,2.6812292972544003e+26,2.5500822120626085e+26,True,False,"explicit storage token in project name or fuel/technology -- confirmed BESS, excluded from review list"
23INR0467,ERCOT,TX,Bexar,231.9,Lavender Storage Project LLC,Developer Not Matched To Known List,Tier 3: Confirmed Grid-Scale Storage (BESS),,52.6,Confirmed Grid-Scale Storage (BESS),,False,,True,66257,42405,32264,2.5490288982857147e+26,2.610205591844572e+26,2.4825324922434786e+26,True,False,"explicit storage token in project name or fuel/technology -- confirmed BESS, excluded from review list"
23INR0502,ERCOT,TX,Milam,231.88,Adelite Storage Project LLC,Developer Not Matched To Known List,Tier 3: Confirmed Grid-Scale Storage (BESS),,52.6,Confirmed Grid-Scale Storage (BESS),,False,,True,66251,42401,32262,2.548809059657143e+26,2.6099804770889144e+26,2.4823183885356525e+26,True,False,"explicit storage token in project name or fuel/technology -- confirmed BESS, excluded from review list"
23INR0468,ERCOT,TX,Milam,231.86,Petunia Storage Project LLC,Developer Not Matched To Known List,Tier 3: Confirmed Grid-Scale Storage (BESS),,52.6,Confirmed Grid-Scale Storage (BESS),,False,,False,66246,42397,32259,2.5485892210285717e+26,2.6097553623332574e+26,2.4821042848278263e+26,True,False,"explicit storage token in project name or fuel/technology -- confirmed BESS, excluded from review list"
23INR0479,ERCOT,TX,Bexar,231.86,Taormina Storage Project LLC,Developer Not Matched To Known List,Tier 3: Confirmed Grid-Scale Storage (BESS),,64.1,Confirmed Grid-Scale Storage (BESS),,False,,True,66246,42397,32259,2.5485892210285717e+26,2.6097553623332574e+26,2.4821042848278263e+26,True,False,"explicit storage token in project name or fuel/technology -- confirmed BESS, excluded from review list"
25INR0420,ERCOT,TX,Harris,227.9,SMT Houston,Developer Not Matched To Known List,Tier 3: Confirmed Grid-Scale Storage (BESS),,57.0,Confirmed Grid-Scale Storage (BESS),,False,,False,65114,41673,31708,2.5050611725714287e+26,2.5651826407131426e+26,2.439711750678261e+26,True,False,"explicit storage token in project name or fuel/technology -- confirmed BESS, excluded from review list"
23INR0310,ERCOT,TX,Lubbock,226.4,Momentum Energy Storage Partners,Developer Not Matched To Known List,Tier 3: Confirmed Grid-Scale Storage (BESS),,67.5,Confirmed Grid-Scale Storage (BESS),,False,,False,64686,41399,31499,2.4885732754285715e+26,2.5482990340388572e+26,2.4236539725913045e+26,True,False,"explicit storage token in project name or fuel/technology -- confirmed BESS, excluded from review list"
27INR0040,ERCOT,TX,Wise,226.24,Solar Star Rhome Storage,Developer Not Matched To Known List,Tier 3: Confirmed Grid-Scale Storage (BESS),,55.4,Confirmed Grid-Scale Storage (BESS),,False,,False,64640,41370,31477,2.4868145664e+26,2.5464981159936003e+26,2.4219411429286957e+26,True,False,"explicit storage token in project name or fuel/technology -- confirmed BESS, excluded from review list"
27INR0193,ERCOT,TX,Scurry,225.7,Cedar Draw Solar LLC,Developer Not Matched To Known List,Tier 3: Confirmed Grid-Scale Storage (BESS),,60.0,Confirmed Grid-Scale Storage (BESS),,False,,False,64486,41271,31402,2.4808789234285715e+26,2.5404200175908575e+26,2.4161603428173913e+26,True,False,"explicit storage token in project name or fuel/technology -- confirmed BESS, excluded from review list"
26INR0120,ERCOT,TX,Zavala,225.1,"Bramble Energy Center, LLC",Developer Not Matched To Known List,Tier 3: Confirmed Grid-Scale Storage (BESS),,49.1,Confirmed Grid-Scale Storage (BESS),,False,,False,64314,41161,31318,2.4742837645714287e+26,2.5336665749211427e+26,2.409737231582609e+26,True,False,"explicit storage token in project name or fuel/technology -- confirmed BESS, excluded from review list"
28INR0029,ERCOT,TX,Henderson,224.55,Old Fiddler Energy Storage LLC,Developer Not Matched To Known List,Tier 3: Confirmed Grid-Scale Storage (BESS),,52.6,Confirmed Grid-Scale Storage (BESS),,False,,False,64157,41061,31242,2.4682382022857144e+26,2.527475919140572e+26,2.4038493796173912e+26,True,False,"explicit storage token in project name or fuel/technology -- confirmed BESS, excluded from review list"
23INR0466,ERCOT,TX,Matagorda,221.0,Shoshana Storage Project LLC,Developer Not Matched To Known List,Tier 3: Confirmed Grid-Scale Storage (BESS),,52.6,Confirmed Grid-Scale Storage (BESS),,False,,False,63143,40411,30748,2.4292168457142858e+26,2.4875180500114283e+26,2.365845971478261e+26,True,False,"explicit storage token in project name or fuel/technology -- confirmed BESS, excluded from review list"
28INR0155,ERCOT,TX,Coke,220.3,"Coke ESS, LLC",Developer Not Matched To Known List,Tier 3: Confirmed Grid-Scale Storage (BESS),,52.2,Confirmed Grid-Scale Storage (BESS),,False,,False,62943,40283,30650,2.4215224937142858e+26,2.4796390335634286e+26,2.358352341704348e+26,True,False,"explicit storage token in project name or fuel/technology -- confirmed BESS, excluded from review list"
AG1-363,PJM,MD,Garrett,220.0,NOT PUBLISHED IN PJM QUEUE EXPORT,Developer Not Disclosed,Tier 3: Confirmed Grid-Scale Storage (BESS),,0.0,Confirmed Grid-Scale Storage (BESS),APS,False,,False,62857,40229,30609,2.4182249142857146e+26,2.4762623122285717e+26,2.3551407860869568e+26,True,False,"explicit storage token in project name or fuel/technology -- confirmed BESS, excluded from review list"
27INR0245,ERCOT,TX,Harris,217.23,"Pez Rojo BESS, LLC",Developer Not Matched To Known List,Tier 3: Confirmed Grid-Scale Storage (BESS),,45.0,Confirmed Grid-Scale Storage (BESS),,False,,True,62066,39722,30223,2.3877772642285715e+26,2.4450839185700568e+26,2.3254874225530436e+26,True,False,"explicit storage token in project name or fuel/technology -- confirmed BESS, excluded from review list"
27INR0109,ERCOT,TX,Montgomery,217.16,Two Barbaras BESS,Developer Not Matched To Known List,Tier 3: Confirmed Grid-Scale Storage (BESS),,60.0,Confirmed Grid-Scale Storage (BESS),,False,,True,62046,39709,30214,2.3870078290285713e+26,2.4442960169252575e+26,2.3247380595756526e+26,True,False,"explicit storage token in project name or fuel/technology -- confirmed BESS, excluded from review list"
28INR0217,ERCOT,TX,Ector,211.14,"Gypsum Plains Solar, LLC",Developer Not Matched To Known List,Tier 3: Confirmed Grid-Scale Storage (BESS),,45.0,Confirmed Grid-Scale Storage (BESS),,False,,False,60326,38608,29376,2.3208364018285715e+26,2.3765364754724575e+26,2.26029284352e+26,True,False,"explicit storage token in project name or fuel/technology -- confirmed BESS, excluded from review list"
23INR0455,ERCOT,TX,Starr,210.8,"Bessie Energy Storage, LLC",Developer Not Matched To Known List,Tier 3: Confirmed Grid-Scale Storage (BESS),,51.4,Confirmed Grid-Scale Storage (BESS),,False,,False,60229,38546,29329,2.3170991451428573e+26,2.3727095246262857e+26,2.256653080486957e+26,True,False,"explicit storage token in project name or fuel/technology -- confirmed BESS, excluded from review list"
24INR0178,ERCOT,TX,Ellis,210.74,"Cumulus Grid, LLC",Developer Not Matched To Known List,Tier 3: Confirmed Grid-Scale Storage (BESS),,44.4,Confirmed Grid-Scale Storage (BESS),,False,,True,60211,38535,29320,2.316439629257143e+26,2.3720341803593143e+26,2.2560107693634785e+26,True,False,"explicit storage token in project name or fuel/technology -- confirmed BESS, excluded from review list"
24INR0102,ERCOT,TX,Hidalgo,210.56,"Val Vista Grid, LLC",Developer Not Matched To Known List,Tier 3: Confirmed Grid-Scale Storage (BESS),,57.0,Confirmed Grid-Scale Storage (BESS),,False,,True,60160,38502,29295,2.3144610816e+26,2.3700081475584e+26,2.2540838359930436e+26,True,False,"explicit storage token in project name or fuel/technology -- confirmed BESS, excluded from review list"
28INR0055,ERCOT,TX,Freestone,210.5,"Freestone Power Generation, LLC",Developer Not Matched To Known List,Tier 3: Confirmed Grid-Scale Storage (BESS),,56.2,Confirmed Grid-Scale Storage (BESS),,False,,False,60143,38491,29287,2.3138015657142858e+26,2.3693328032914284e+26,2.2534415248695655e+26,True,False,"explicit storage token in project name or fuel/technology -- confirmed BESS, excluded from review list"
27INR0093,ERCOT,TX,Guadalupe,210.5,"Guadalupe Power Partners, LP",Developer Not Matched To Known List,Tier 3: Confirmed Grid-Scale Storage (BESS),,49.1,Confirmed Grid-Scale Storage (BESS),,False,,False,60143,38491,29287,2.3138015657142858e+26,2.3693328032914284e+26,2.2534415248695655e+26,True,False,"explicit storage token in project name or fuel/technology -- confirmed BESS, excluded from review list"
29INR0244,ERCOT,TX,Victoria,209.7,"Oak Belt Storage, LLC",Developer Not Matched To Known List,Tier 3: Confirmed Grid-Scale Storage (BESS),,60.0,Confirmed Grid-Scale Storage (BESS),,False,,False,59914,38345,29176,2.3050080205714286e+26,2.3603282130651427e+26,2.244877376556522e+26,True,False,"explicit storage token in project name or fuel/technology -- confirmed BESS, excluded from review list"
29INR0319,ERCOT,TX,Wilson,209.38,"Pecan Springs Energy, LLC",Developer Not Matched To Known List,Tier 3: Confirmed Grid-Scale Storage (BESS),,50.0,Confirmed Grid-Scale Storage (BESS),,False,,False,59823,38287,29131,2.3014906025142857e+26,2.3567263769746285e+26,2.2414517172313045e+26,True,False,"explicit storage token in project name or fuel/technology -- confirmed BESS, excluded from review list"
29INR0320,ERCOT,TX,Wilson,209.38,"Pecan Springs Energy, LLC",Developer Not Matched To Known List,Tier 3: Confirmed Grid-Scale Storage (BESS),,50.0,Confirmed Grid-Scale Storage (BESS),,False,,False,59823,38287,29131,2.3014906025142857e+26,2.3567263769746285e+26,2.2414517172313045e+26,True,False,"explicit storage token in project name or fuel/technology -- confirmed BESS, excluded from review list"
29INR0318,ERCOT,TX,Wilson,209.36,"Pecan Springs Energy, LLC",Developer Not Matched To Known List,Tier 3: Confirmed Grid-Scale Storage (BESS),,50.0,Confirmed Grid-Scale Storage (BESS),,False,,False,59817,38283,29128,2.3012707638857144e+26,2.3565012622189716e+26,2.2412376135234787e+26,True,False,"explicit storage token in project name or fuel/technology -- confirmed BESS, excluded from review list"
22INR0387,ERCOT,TX,Hidalgo,209.32,"Val Vista Grid, LLC",Developer Not Matched To Known List,Tier 3: Confirmed Grid-Scale Storage (BESS),,57.0,Confirmed Grid-Scale Storage (BESS),,False,,True,59806,38276,29123,2.3008310866285714e+26,2.356051032707657e+26,2.2408094061078264e+26,True,False,"explicit storage token in project name or fuel/technology -- confirmed BESS, excluded from review list"
28INR0395,ERCOT,TX,Grimes,209.21,"Treehouse Solar, LLC",Developer Not Matched To Known List,Tier 3: Confirmed Grid-Scale Storage (BESS),,46.6,Confirmed Grid-Scale Storage (BESS),,False,,False,59774,38256,29107,2.2996219741714286e+26,2.3548129015515426e+26,2.2396318357147825e+26,True,False,"explicit storage token in project name or fuel/technology -- confirmed BESS, excluded from review list"
30INR0093,ERCOT,TX,Zapata,209.16,Wallflower Energy Storage,Developer Not Matched To Known List,Tier 3: Confirmed Grid-Scale Storage (BESS),,55.4,Confirmed Grid-Scale Storage (BESS),,False,,False,59760,38246,29101,2.2990723776e+26,2.3542501146624e+26,2.239096576445218e+26,True,False,"explicit storage token in project name or fuel/technology -- confirmed BESS, excluded from review list"
26INR0077,ERCOT,TX,Wilson,209.0,Alina Energy LLC,Developer Not Matched To Known List,Tier 3: Confirmed Grid-Scale Storage (BESS),,51.4,Confirmed Grid-Scale Storage (BESS),,False,,True,59714,38217,29078,2.2973136685714286e+26,2.3524491966171427e+26,2.237383746782609e+26,True,False,"explicit storage token in project name or fuel/technology -- confirmed BESS, excluded from review list"
27INR0107,ERCOT,TX,Mills,208.96,Mills Tx Solar LLC,Developer Not Matched To Known List,Tier 3: Confirmed Grid-Scale Storage (BESS),,45.0,Confirmed Grid-Scale Storage (BESS),,False,,True,59703,38210,29073,2.296873991314286e+26,2.351998967105829e+26,2.236955539366957e+26,True,False,"explicit storage token in project name or fuel/technology -- confirmed BESS, excluded from review list"
26INR0430,ERCOT,TX,Mills,208.91,Clapton BESS,Developer Not Matched To Known List,Tier 3: Confirmed Grid-Scale Storage (BESS),,46.6,Confirmed Grid-Scale Storage (BESS),,False,,False,59689,38201,29066,2.2963243947428574e+26,2.351436180216686e+26,2.2364202800973914e+26,True,False,"explicit storage token in project name or fuel/technology -- confirmed BESS, excluded from review list"
26INR0474,ERCOT,TX,Wharton,208.9,"Blue Creek BESS, LLC",Developer Not Matched To Known List,Tier 3: Confirmed Grid-Scale Storage (BESS),,42.4,Confirmed Grid-Scale Storage (BESS),,False,,True,59686,38199,29064,2.2962144754285714e+26,2.3513236228388574e+26,2.2363132282434785e+26,True,False,"explicit storage token in project name or fuel/technology -- confirmed BESS, excluded from review list"
22INR0552,ERCOT,TX,Kaufman,208.89,Sowers Energy Storage LLC,Developer Not Matched To Known List,Tier 3: Confirmed Grid-Scale Storage (BESS),,52.6,Confirmed Grid-Scale Storage (BESS),,False,,True,59683,38197,29063,2.2961045561142857e+26,2.3512110654610287e+26,2.2362061763895653e+26,True,False,"explicit storage token in project name or fuel/technology -- confirmed BESS, excluded from review list"
24INR0341,ERCOT,TX,Taylor,208.82,"JC Central Bluff, LLC",Developer Not Matched To Known List,Tier 3: Confirmed Grid-Scale Storage (BESS),,45.0,Confirmed Grid-Scale Storage (BESS),,False,,False,59663,38184,29053,2.2953351209142858e+26,2.3504231638162288e+26,2.2354568134121743e+26,True,False,"explicit storage token in project name or fuel/technology -- confirmed BESS, excluded from review list"
25INR0591,ERCOT,TX,Rusk,208.8,"Rusk BESS, LLC",Developer Not Matched To Known List,Tier 3: Confirmed Grid-Scale Storage (BESS),,56.2,Confirmed Grid-Scale Storage (BESS),,False,,False,59657,38181,29050,2.2951152822857145e+26,2.3501980490605718e+26,2.2352427097043478e+26,True,False,"explicit storage token in project name or fuel/technology -- confirmed BESS, excluded from review list"
22INR0541,ERCOT,TX,Anderson,208.63,Castleman Power,Developer Not Matched To Known List,Tier 3: Confirmed Grid-Scale Storage (BESS),,60.0,Confirmed Grid-Scale Storage (BESS),,False,,False,59609,38149,29027,2.293246653942857e+26,2.348284573637486e+26,2.2334228281878265e+26,True,False,"explicit storage token in project name or fuel/technology -- confirmed BESS, excluded from review list"
29INR0084,ERCOT,TX,Young,208.57,Jolly Rock Storage Center LLC,Developer Not Matched To Known List,Tier 3: Confirmed Grid-Scale Storage (BESS),,52.6,Confirmed Grid-Scale Storage (BESS),,False,,False,59591,38139,29018,2.2925871380571432e+26,2.3476092293705145e+26,2.2327805170643477e+26,True,False,"explicit storage token in project name or fuel/technology -- confirmed BESS, excluded from review list"
26INR0201,ERCOT,TX,Fort Bend,208.5,Rock Rose Energy Storage LLC,Developer Not Matched To Known List,Tier 3: Confirmed Grid-Scale Storage (BESS),,52.6,Confirmed Grid-Scale Storage (BESS),,False,,True,59571,38126,29009,2.291817702857143e+26,2.3468213277257146e+26,2.2320311540869567e+26,True,False,"explicit storage token in project name or fuel/technology -- confirmed BESS, excluded from review list"
27INR0255,ERCOT,TX,Ward,208.3,Nova Clean Energy LLC,Developer Not Matched To Known List,Tier 3: Confirmed Grid-Scale Storage (BESS),,45.0,Confirmed Grid-Scale Storage (BESS),,False,,False,59514,38089,28981,2.2896193165714286e+26,2.3445701801691426e+26,2.2298901170086957e+26,True,False,"explicit storage token in project name or fuel/technology -- confirmed BESS, excluded from review list"
27INR0393,ERCOT,TX,Bexar,208.12,Coval Infrastructure DevCo LLC,Developer Not Matched To Known List,Tier 3: Confirmed Grid-Scale Storage (BESS),,85.5,Confirmed Grid-Scale Storage (BESS),,False,,False,59463,38056,28956,2.2876407689142858e+26,2.3425441473682284e+26,2.227963183638261e+26,True,False,"explicit storage token in project name or fuel/technology -- confirmed BESS, excluded from review list"
26INR0548,ERCOT,TX,Harris,207.83,"TOCE TX BESS 4, LLC",Developer Not Matched To Known List,Tier 3: Confirmed Grid-Scale Storage (BESS),,45.0,Confirmed Grid-Scale Storage (BESS),,False,,False,59380,38003,28915,2.2844531088e+26,2.3392799834112e+26,2.2248586798747826e+26,True,False,"explicit storage token in project name or fuel/technology -- confirmed BESS, excluded from review list"
24INR0355,ERCOT,TX,Henderson,207.82,Anatole Renewable Energy LLC,Developer Not Matched To Known List,Tier 3: Confirmed Grid-Scale Storage (BESS),,54.0,Confirmed Grid-Scale Storage (BESS),,False,,True,59377,38001,28914,2.2843431894857146e+26,2.339167426033372e+26,2.22475162802087e+26,True,False,"explicit storage token in project name or fuel/technology -- confirmed BESS, excluded from review list"
28INR0448,ERCOT,TX,Brazoria,207.78,Gulf Prairie Energy LLC,Developer Not Matched To Known List,Tier 3: Confirmed Grid-Scale Storage (BESS),,42.8,Confirmed Grid-Scale Storage (BESS),,False,,False,59366,37994,28909,2.2839035122285713e+26,2.338717196522057e+26,2.2243234206052178e+26,True,False,"explicit storage token in project name or fuel/technology -- confirmed BESS, excluded from review list"
27INR0401,ERCOT,TX,Brooks,207.6,Tempus Power management LLC,Developer Not Matched To Known List,Tier 3: Confirmed Grid-Scale Storage (BESS),,67.5,Confirmed Grid-Scale Storage (BESS),,False,,False,59314,37961,28883,2.2819249645714286e+26,2.336691163721143e+26,2.2223964872347826e+26,True,False,"explicit storage token in project name or fuel/technology -- confirmed BESS, excluded from review list"
27INR0102,ERCOT,TX,Wharton,207.6,Cottonseed Energy Storage LLC,Developer Not Matched To Known List,Tier 3: Confirmed Grid-Scale Storage (BESS),,52.6,Confirmed Grid-Scale Storage (BESS),,False,,False,59314,37961,28883,2.2819249645714286e+26,2.336691163721143e+26,2.2223964872347826e+26,True,False,"explicit storage token in project name or fuel/technology -- confirmed BESS, excluded from review list"
27INR0400,ERCOT,TX,Brooks,207.6,Tempus Power management LLC,Developer Not Matched To Known List,Tier 3: Confirmed Grid-Scale Storage (BESS),,67.5,Confirmed Grid-Scale Storage (BESS),,False,,False,59314,37961,28883,2.2819249645714286e+26,2.336691163721143e+26,2.2223964872347826e+26,True,False,"explicit storage token in project name or fuel/technology -- confirmed BESS, excluded from review list"
30INR0005,ERCOT,TX,Bosque,207.6,"Woodland Energy Storage, LLC",Developer Not Matched To Known List,Tier 3: Confirmed Grid-Scale Storage (BESS),,51.4,Confirmed Grid-Scale Storage (BESS),,False,,False,59314,37961,28883,2.2819249645714286e+26,2.336691163721143e+26,2.2223964872347826e+26,True,False,"explicit storage token in project name or fuel/technology -- confirmed BESS, excluded from review list"
23INR0334,ERCOT,TX,Jack,207.4,Senate Solar LLC,Developer Not Matched To Known List,Tier 3: Confirmed Grid-Scale Storage (BESS),,48.0,Confirmed Grid-Scale Storage (BESS),,False,,False,59257,37925,28856,2.2797265782857145e+26,2.3344400161645717e+26,2.2202554501565222e+26,True,False,"explicit storage token in project name or fuel/technology -- confirmed BESS, excluded from review list"
27INR0398,ERCOT,TX,Webb,207.38,Bravo BESS LLC,Developer Not Matched To Known List,Tier 3: Confirmed Grid-Scale Storage (BESS),,41.7,Confirmed Grid-Scale Storage (BESS),,False,,False,59251,37921,28853,2.2795067396571432e+26,2.3342149014089143e+26,2.2200413464486957e+26,True,False,"explicit storage token in project name or fuel/technology -- confirmed BESS, excluded from review list"
27INR0315,ERCOT,TX,Reagan,207.34,Nova Clean Energy LLC,Developer Not Matched To Known List,Tier 3: Confirmed Grid-Scale Storage (BESS),,45.0,Confirmed Grid-Scale Storage (BESS),,False,,False,59240,37914,28847,2.2790670624e+26,2.3337646718976004e+26,2.2196131390330434e+26,True,False,"explicit storage token in project name or fuel/technology -- confirmed BESS, excluded from review list"
AE2-094,PJM,VA,Sussex,207.2,NOT PUBLISHED IN PJM QUEUE EXPORT,Developer Not Disclosed,Tier 3: Confirmed Grid-Scale Storage (BESS),,0.0,Confirmed Grid-Scale Storage (BESS),Dominion,True,,False,59200,37888,28828,2.277528192e+26,2.3321888686080004e+26,2.218114413078261e+26,True,False,"explicit storage token in project name or fuel/technology -- confirmed BESS, excluded from review list"
25INR0421,ERCOT,TX,Brazoria,207.0,Aldrin Energy Storage LLC,Developer Not Matched To Known List,Tier 3: Confirmed Grid-Scale Storage (BESS),,52.6,Confirmed Grid-Scale Storage (BESS),,False,,True,59143,37851,28800,2.2753298057142857e+26,2.3299377210514285e+26,2.215973376e+26,True,False,"explicit storage token in project name or fuel/technology -- confirmed BESS, excluded from review list"
24INR0134,ERCOT,TX,Deaf Smith,206.96,BRP Hemera BESS LLC,Developer Not Matched To Known List,Tier 3: Confirmed Grid-Scale Storage (BESS),,67.5,Confirmed Grid-Scale Storage (BESS),,False,,False,59131,37844,28794,2.274890128457143e+26,2.329487491540114e+26,2.2155451685843478e+26,True,False,"explicit storage token in project name or fuel/technology -- confirmed BESS, excluded from review list"
23INR0075,ERCOT,TX,Ward,206.89,BRP Rhine BESS LLC,Developer Not Matched To Known List,Tier 3: Confirmed Grid-Scale Storage (BESS),,45.6,Confirmed Grid-Scale Storage (BESS),,False,,False,59111,37831,28785,2.2741206932571432e+26,2.3286995898953142e+26,2.214795805606957e+26,True,False,"explicit storage token in project name or fuel/technology -- confirmed BESS, excluded from review list"
29INR0059,ERCOT,TX,Milam,206.88,Brahman Renewables,Developer Not Matched To Known List,Tier 3: Confirmed Grid-Scale Storage (BESS),,60.0,Confirmed Grid-Scale Storage (BESS),,False,,False,59109,37829,28783,2.2740107739428573e+26,2.328587032517486e+26,2.2146887537530436e+26,True,False,"explicit storage token in project name or fuel/technology -- confirmed BESS, excluded from review list"
23INR0071,ERCOT,TX,Winkler,206.88,BRP Volans BESS LLC,Developer Not Matched To Known List,Tier 3: Confirmed Grid-Scale Storage (BESS),,60.0,Confirmed Grid-Scale Storage (BESS),,False,,False,59109,37829,28783,2.2740107739428573e+26,2.328587032517486e+26,2.2146887537530436e+26,True,False,"explicit storage token in project name or fuel/technology -- confirmed BESS, excluded from review list"
23INR0094,ERCOT,TX,Ward,206.87,BRP Pyxis BESS LLC,Developer Not Matched To Known List,Tier 3: Confirmed Grid-Scale Storage (BESS),,45.0,Confirmed Grid-Scale Storage (BESS),,False,,False,59106,37828,28782,2.2739008546285713e+26,2.328474475139657e+26,2.2145817018991304e+26,True,False,"explicit storage token in project name or fuel/technology -- confirmed BESS, excluded from review list"
22INR0239,ERCOT,TX,Schleicher,206.8,Mittel Rockefeller Storage LLC,Developer Not Matched To Known List,Tier 3: Confirmed Grid-Scale Storage (BESS),,52.6,Confirmed Grid-Scale Storage (BESS),,False,,True,59086,37815,28772,2.2731314194285714e+26,2.3276865734948576e+26,2.2138323389217394e+26,True,False,"explicit storage token in project name or fuel/technology -- confirmed BESS, excluded from review list"
28INR0442,ERCOT,TX,Karnes,206.74,"Zunkerville Energy, LLC",Developer Not Matched To Known List,Tier 3: Confirmed Grid-Scale Storage (BESS),,42.8,Confirmed Grid-Scale Storage (BESS),,False,,False,59069,37804,28764,2.272471903542857e+26,2.327011229227886e+26,2.213190027798261e+26,True,False,"explicit storage token in project name or fuel/technology -- confirmed BESS, excluded from review list"
27INR0466,ERCOT,TX,Calhoun,206.6,"Nova Clean Energy, LLC",Developer Not Matched To Known List,Tier 3: Confirmed Grid-Scale Storage (BESS),,45.0,Confirmed Grid-Scale Storage (BESS),,False,,False,59029,37778,28744,2.2709330331428573e+26,2.325435425938286e+26,2.2116913018434787e+26,True,False,"explicit storage token in project name or fuel/technology -- confirmed BESS, excluded from review list"
26INR0500,ERCOT,TX,Shackelford,206.5,Shackelford County BESS LLC,Developer Not Matched To Known List,Tier 3: Confirmed Grid-Scale Storage (BESS),,49.1,Confirmed Grid-Scale Storage (BESS),,False,,False,59000,37760,28730,2.26983384e+26,2.32430985216e+26,2.210620783304348e+26,True,False,"explicit storage token in project name or fuel/technology -- confirmed BESS, excluded from review list"
27INR0120,ERCOT,TX,Matagorda,206.27,Solar Star Bay City Storage,Developer Not Matched To Known List,Tier 3: Confirmed Grid-Scale Storage (BESS),,55.4,Confirmed Grid-Scale Storage (BESS),,False,,False,58934,37718,28698,2.2673056957714284e+26,2.3217210324699434e+26,2.208158590664348e+26,True,False,"explicit storage token in project name or fuel/technology -- confirmed BESS, excluded from review list"
24INR0235,ERCOT,TX,Brazoria,206.0,"Rock N’ Roll Solar, LLC",Developer Not Matched To Known List,Tier 3: Confirmed Grid-Scale Storage (BESS),,40.0,Confirmed Grid-Scale Storage (BESS),,False,,False,58857,37669,28661,2.2643378742857145e+26,2.3186819832685715e+26,2.2052681906086956e+26,True,False,"explicit storage token in project name or fuel/technology -- confirmed BESS, excluded from review list"
26INR0487,ERCOT,TX,Tarrant,206.0,Fort Worth BESS LLC,Developer Not Matched To Known List,Tier 3: Confirmed Grid-Scale Storage (BESS),,45.0,Confirmed Grid-Scale Storage (BESS),,False,,False,58857,37669,28661,2.2643378742857145e+26,2.3186819832685715e+26,2.2052681906086956e+26,True,False,"explicit storage token in project name or fuel/technology -- confirmed BESS, excluded from review list"
26INR0525,ERCOT,TX,Fort Bend,205.86,Bypass BESS II LLC,Developer Not Matched To Known List,Tier 3: Confirmed Grid-Scale Storage (BESS),,60.0,Confirmed Grid-Scale Storage (BESS),,False,,False,58817,37643,28641,2.2627990038857144e+26,2.3171061799789716e+26,2.2037694646539133e+26,True,False,"explicit storage token in project name or fuel/technology -- confirmed BESS, excluded from review list"
23INR0485,ERCOT,TX,Galveston,205.8,Galveston Energy Storage LLC,Developer Not Matched To Known List,Tier 3: Confirmed Grid-Scale Storage (BESS),,52.6,Confirmed Grid-Scale Storage (BESS),,False,,False,58800,37632,28633,2.262139488e+26,2.316430835712e+26,2.2031271535304352e+26,True,False,"explicit storage token in project name or fuel/technology -- confirmed BESS, excluded from review list"
24INR0555,ERCOT,TX,Dewitt,205.77,Shaula Energy Project LLC,Developer Not Matched To Known List,Tier 3: Confirmed Grid-Scale Storage (BESS),,45.0,Confirmed Grid-Scale Storage (BESS),,False,,False,58791,37627,28629,2.261809730057143e+26,2.3160931635785143e+26,2.2028059979686958e+26,True,False,"explicit storage token in project name or fuel/technology -- confirmed BESS, excluded from review list"
28INR0412,ERCOT,TX,Kaufman,205.74,Yellow Leaf Energy Storage LLC,Developer Not Matched To Known List,Tier 3: Confirmed Grid-Scale Storage (BESS),,51.4,Confirmed Grid-Scale Storage (BESS),,False,,False,58783,37621,28625,2.261479972114286e+26,2.3157554914450286e+26,2.2024848424069568e+26,True,False,"explicit storage token in project name or fuel/technology -- confirmed BESS, excluded from review list"
29INR0207,ERCOT,TX,San Patricio,205.71,"Electra Energy Project, LLC",Developer Not Matched To Known List,Tier 3: Confirmed Grid-Scale Storage (BESS),,50.0,Confirmed Grid-Scale Storage (BESS),,False,,False,58774,37616,28621,2.2611502141714286e+26,2.3154178193115426e+26,2.2021636868452177e+26,True,False,"explicit storage token in project name or fuel/technology -- confirmed BESS, excluded from review list"
27INR0327,ERCOT,TX,Mitchell,205.7,"Sunflower Valley Storage, LLC",Developer Not Matched To Known List,Tier 3: Confirmed Grid-Scale Storage (BESS),,51.4,Confirmed Grid-Scale Storage (BESS),,False,,False,58771,37614,28619,2.261040294857143e+26,2.3153052619337143e+26,2.2020566349913045e+26,True,False,"explicit storage token in project name or fuel/technology -- confirmed BESS, excluded from review list"
24INR0488,ERCOT,TX,Taylor,205.54,"JC Central Bluff, LLC",Developer Not Matched To Known List,Tier 3: Confirmed Grid-Scale Storage (BESS),,45.0,Confirmed Grid-Scale Storage (BESS),,False,,False,58726,37584,28597,2.2592815858285715e+26,2.3135043438884574e+26,2.2003438053286957e+26,True,False,"explicit storage token in project name or fuel/technology -- confirmed BESS, excluded from review list"
25INR0346,ERCOT,TX,Bexar,205.51,"Cado Storage, LLC",Developer Not Matched To Known List,Tier 3: Confirmed Grid-Scale Storage (BESS),,51.4,Confirmed Grid-Scale Storage (BESS),,False,,False,58717,37579,28593,2.2589518278857145e+26,2.3131666717549717e+26,2.2000226497669567e+26,True,False,"explicit storage token in project name or fuel/technology -- confirmed BESS, excluded from review list"
26INR0355,ERCOT,TX,Glasscock,205.5,"Pleiades Storage, LLC",Developer Not Matched To Known List,Tier 3: Confirmed Grid-Scale Storage (BESS),,51.4,Confirmed Grid-Scale Storage (BESS),,False,,False,58714,37577,28591,2.2588419085714285e+26,2.3130541143771427e+26,2.1999155979130434e+26,True,False,"explicit storage token in project name or fuel/technology -- confirmed BESS, excluded from review list"
29INR0132,ERCOT,TX,Borden,205.5,"Caesar Solar, LLC",Developer Not Matched To Known List,Tier 3: Confirmed Grid-Scale Storage (BESS),,60.0,Confirmed Grid-Scale Storage (BESS),,False,,True,58714,37577,28591,2.2588419085714285e+26,2.3130541143771427e+26,2.1999155979130434e+26,True,False,"explicit storage token in project name or fuel/technology -- confirmed BESS, excluded from review list"
26INR0301,ERCOT,TX,Howard,205.5,"Bhalu Storage, LLC",Developer Not Matched To Known List,Tier 3: Confirmed Grid-Scale Storage (BESS),,51.4,Confirmed Grid-Scale Storage (BESS),,False,,False,58714,37577,28591,2.2588419085714285e+26,2.3130541143771427e+26,2.1999155979130434e+26,True,False,"explicit storage token in project name or fuel/technology -- confirmed BESS, excluded from review list"
24INR0543,ERCOT,TX,Lampasas,205.5,Thomas Cameron BESS LLC,Developer Not Matched To Known List,Tier 3: Confirmed Grid-Scale Storage (BESS),,68.4,Confirmed Grid-Scale Storage (BESS),,False,,True,58714,37577,28591,2.2588419085714285e+26,2.3130541143771427e+26,2.1999155979130434e+26,True,False,"explicit storage token in project name or fuel/technology -- confirmed BESS, excluded from review list"
29INR0275,ERCOT,TX,Eastland,205.49,"Rising Star Energy Center, LLC",Developer Not Matched To Known List,Tier 3: Confirmed Grid-Scale Storage (BESS),,50.0,Confirmed Grid-Scale Storage (BESS),,False,,False,58711,37575,28590,2.2587319892571432e+26,2.3129415569993144e+26,2.1998085460591302e+26,True,False,"explicit storage token in project name or fuel/technology -- confirmed BESS, excluded from review list"
23INR0359,ERCOT,TX,Comanche,205.46,BRP Crios BESS LLC,Developer Not Matched To Known List,Tier 3: Confirmed Grid-Scale Storage (BESS),,50.0,Confirmed Grid-Scale Storage (BESS),,False,,False,58703,37570,28586,2.258402231314286e+26,2.312603884865829e+26,2.1994873904973915e+26,True,False,"explicit storage token in project name or fuel/technology -- confirmed BESS, excluded from review list"
23INR0279,ERCOT,TX,Andrews,205.46,BRP Trivor BESS LLC,Developer Not Matched To Known List,Tier 3: Confirmed Grid-Scale Storage (BESS),,45.0,Confirmed Grid-Scale Storage (BESS),,False,,False,58703,37570,28586,2.258402231314286e+26,2.312603884865829e+26,2.1994873904973915e+26,True,False,"explicit storage token in project name or fuel/technology -- confirmed BESS, excluded from review list"
28INR0246,ERCOT,TX,Callahan,205.38,174 Power Global Properties,Developer Not Matched To Known List,Tier 3: Confirmed Grid-Scale Storage (BESS),,45.0,Confirmed Grid-Scale Storage (BESS),,False,,False,58680,37555,28575,2.2575228768e+26,2.3117034258432e+26,2.198630975666087e+26,True,False,"explicit storage token in project name or fuel/technology -- confirmed BESS, excluded from review list"
24INR0383,ERCOT,TX,Crane,205.35,"Crane II Solar Electric, LLC",Developer Not Matched To Known List,Tier 3: Confirmed Grid-Scale Storage (BESS),,55.4,Confirmed Grid-Scale Storage (BESS),,False,,True,58671,37550,28570,2.257193118857143e+26,2.3113657537097145e+26,2.198309820104348e+26,True,False,"explicit storage token in project name or fuel/technology -- confirmed BESS, excluded from review list"
28INR0389,ERCOT,TX,Crane,205.3,"Crane I Solar Electric, LLC",Developer Not Matched To Known List,Tier 3: Confirmed Grid-Scale Storage (BESS),,55.4,Confirmed Grid-Scale Storage (BESS),,False,,True,58657,37541,28563,2.2566435222857145e+26,2.3108029668205718e+26,2.1977745608347824e+26,True,False,"explicit storage token in project name or fuel/technology -- confirmed BESS, excluded from review list"
25INR0103,ERCOT,TX,Brazoria,205.28,Elio Energy LLC,Developer Not Matched To Known List,Tier 3: Confirmed Grid-Scale Storage (BESS),,40.0,Confirmed Grid-Scale Storage (BESS),,False,,True,58651,37537,28561,2.2564236836571432e+26,2.3105778520649145e+26,2.1975604571269566e+26,True,False,"explicit storage token in project name or fuel/technology -- confirmed BESS, excluded from review list"
25INR0334,ERCOT,TX,Lamar,205.24,Star Dairy Storage,Developer Not Matched To Known List,Tier 3: Confirmed Grid-Scale Storage (BESS),,60.0,Confirmed Grid-Scale Storage (BESS),,False,,True,58640,37530,28555,2.2559840064e+26,2.3101276225536e+26,2.1971322497113047e+26,True,False,"explicit storage token in project name or fuel/technology -- confirmed BESS, excluded from review list"
25INR0293,ERCOT,TX,Wharton,205.2,"TOCE BESS 1, LLC",Developer Not Matched To Known List,Tier 3: Confirmed Grid-Scale Storage (BESS),,45.6,Confirmed Grid-Scale Storage (BESS),,False,,True,58629,37522,28550,2.2555443291428573e+26,2.309677393042286e+26,2.1967040422956524e+26,True,False,"explicit storage token in project name or fuel/technology -- confirmed BESS, excluded from review list"
28INR0265,ERCOT,TX,Austin,205.2,Agricola BESS LLC,Developer Not Matched To Known List,Tier 3: Confirmed Grid-Scale Storage (BESS),,54.0,Confirmed Grid-Scale Storage (BESS),,False,,False,58629,37522,28550,2.2555443291428573e+26,2.309677393042286e+26,2.1967040422956524e+26,True,False,"explicit storage token in project name or fuel/technology -- confirmed BESS, excluded from review list"
28INR0230,ERCOT,TX,Duval,205.2,"ALLTHORN SOLAR, LLC",Developer Not Matched To Known List,Tier 3: Confirmed Grid-Scale Storage (BESS),,45.0,Confirmed Grid-Scale Storage (BESS),,False,,False,58629,37522,28550,2.2555443291428573e+26,2.309677393042286e+26,2.1967040422956524e+26,True,False,"explicit storage token in project name or fuel/technology -- confirmed BESS, excluded from review list"
25INR0338,ERCOT,TX,Howard,205.13,"Rocky Mountain Energy Development, LLC",Developer Not Matched To Known List,Tier 3: Confirmed Grid-Scale Storage (BESS),,51.4,Confirmed Grid-Scale Storage (BESS),,False,,False,58609,37509,28540,2.254774893942857e+26,2.308889491397486e+26,2.195954679318261e+26,True,False,"explicit storage token in project name or fuel/technology -- confirmed BESS, excluded from review list"
23INR0143,ERCOT,TX,Mitchell,204.96,BRP Sepik BESS LLC,Developer Not Matched To Known List,Tier 3: Confirmed Grid-Scale Storage (BESS),,45.0,Confirmed Grid-Scale Storage (BESS),,False,,False,58560,37478,28516,2.2529062656e+26,2.3069760159744e+26,2.1941347978017394e+26,True,False,"explicit storage token in project name or fuel/technology -- confirmed BESS, excluded from review list"
28INR0490,ERCOT,TX,Galveston,204.93,Vertus Energy Storage 2 LLC,Developer Not Matched To Known List,Tier 3: Confirmed Grid-Scale Storage (BESS),,60.0,Confirmed Grid-Scale Storage (BESS),,False,,False,58551,37473,28512,2.252576507657143e+26,2.3066383438409143e+26,2.19381364224e+26,True,False,"explicit storage token in project name or fuel/technology -- confirmed BESS, excluded from review list"
27INR0382,ERCOT,TX,Victoria,204.9,Nova Clean Energy LLC,Developer Not Matched To Known List,Tier 3: Confirmed Grid-Scale Storage (BESS),,45.0,Confirmed Grid-Scale Storage (BESS),,False,,False,58543,37467,28508,2.2522467497142857e+26,2.3063006717074286e+26,2.193492486678261e+26,True,False,"explicit storage token in project name or fuel/technology -- confirmed BESS, excluded from review list"
26INR0231,ERCOT,TX,Midland,204.9,Energy City BESS LLC,Developer Not Matched To Known List,Tier 3: Confirmed Grid-Scale Storage (BESS),,47.5,Confirmed Grid-Scale Storage (BESS),,False,,False,58543,37467,28508,2.2522467497142857e+26,2.3063006717074286e+26,2.193492486678261e+26,True,False,"explicit storage token in project name or fuel/technology -- confirmed BESS, excluded from review list"
26INR0618,ERCOT,TX,Taylor,204.9,"DM-TCP, LLC",Developer Not Matched To Known List,Tier 3: Confirmed Grid-Scale Storage (BESS),,45.0,Confirmed Grid-Scale Storage (BESS),,False,,False,58543,37467,28508,2.2522467497142857e+26,2.3063006717074286e+26,2.193492486678261e+26,True,False,"explicit storage token in project name or fuel/technology -- confirmed BESS, excluded from review list"
26INR0340,ERCOT,TX,Galveston,204.85,SOUTHERN SELECT ENERGY STORAGE LLC,Developer Not Matched To Known List,Tier 3: Confirmed Grid-Scale Storage (BESS),,52.6,Confirmed Grid-Scale Storage (BESS),,False,,True,58529,37458,28501,2.251697153142857e+26,2.305737884818286e+26,2.1929572274086958e+26,True,False,"explicit storage token in project name or fuel/technology -- confirmed BESS, excluded from review list"
26INR0614,ERCOT,TX,Bell,204.82,"DM-BCRCML, LLC",Developer Not Matched To Known List,Tier 3: Confirmed Grid-Scale Storage (BESS),,36.0,Confirmed Grid-Scale Storage (BESS),,False,,False,58520,37453,28497,2.2513673952e+26,2.3054002126848e+26,2.1926360718469568e+26,True,False,"explicit storage token in project name or fuel/technology -- confirmed BESS, excluded from review list"
25INR0446,ERCOT,TX,Callahan,204.79,Guitar BESS LLC,Developer Not Matched To Known List,Tier 3: Confirmed Grid-Scale Storage (BESS),,45.0,Confirmed Grid-Scale Storage (BESS),,False,,False,58511,37447,28493,2.2510376372571432e+26,2.3050625405513143e+26,2.1923149162852177e+26,True,False,"explicit storage token in project name or fuel/technology -- confirmed BESS, excluded from review list"
25INR0629,ERCOT,TX,Howard,204.7,Midland Energy Storage LLC,Developer Not Matched To Known List,Tier 3: Confirmed Grid-Scale Storage (BESS),,52.6,Confirmed Grid-Scale Storage (BESS),,False,,False,58486,37431,28480,2.2500483634285713e+26,2.3040495241508574e+26,2.1913514496e+26,True,False,"explicit storage token in project name or fuel/technology -- confirmed BESS, excluded from review list"
26INR0460,ERCOT,TX,Jack,204.7,Lightning Ridge Storage LLC,Developer Not Matched To Known List,Tier 3: Confirmed Grid-Scale Storage (BESS),,52.6,Confirmed Grid-Scale Storage (BESS),,False,,False,58486,37431,28480,2.2500483634285713e+26,2.3040495241508574e+26,2.1913514496e+26,True,False,"explicit storage token in project name or fuel/technology -- confirmed BESS, excluded from review list"
26INR0485,ERCOT,TX,Howard,204.6,Prospector Storage LLC,Developer Not Matched To Known List,Tier 3: Confirmed Grid-Scale Storage (BESS),,52.6,Confirmed Grid-Scale Storage (BESS),,False,,False,58457,37413,28466,2.2489491702857145e+26,2.3029239503725718e+26,2.19028093106087e+26,True,False,"explicit storage token in project name or fuel/technology -- confirmed BESS, excluded from review list"
27INR0085,ERCOT,TX,Grimes,204.58,"Eagle Claw Energy Center, LLC",Developer Not Matched To Known List,Tier 3: Confirmed Grid-Scale Storage (BESS),,60.0,Confirmed Grid-Scale Storage (BESS),,False,,True,58451,37409,28463,2.2487293316571432e+26,2.3026988356169144e+26,2.1900668273530435e+26,True,False,"explicit storage token in project name or fuel/technology -- confirmed BESS, excluded from review list"
26INR0184,ERCOT,TX,Lamar,204.5,"Paris Energy Storage, LLC",Developer Not Matched To Known List,Tier 3: Confirmed Grid-Scale Storage (BESS),,51.4,Confirmed Grid-Scale Storage (BESS),,False,,False,58429,37394,28452,2.2478499771428573e+26,2.3017983765942858e+26,2.1892104125217392e+26,True,False,"explicit storage token in project name or fuel/technology -- confirmed BESS, excluded from review list"
28INR0150,ERCOT,TX,Fayette,204.5,"South Triangle Energy, LLC",Developer Not Matched To Known List,Tier 3: Confirmed Grid-Scale Storage (BESS),,57.0,Confirmed Grid-Scale Storage (BESS),,False,,False,58429,37394,28452,2.2478499771428573e+26,2.3017983765942858e+26,2.1892104125217392e+26,True,False,"explicit storage token in project name or fuel/technology -- confirmed BESS, excluded from review list"
25INR0554,ERCOT,TX,Brazoria,204.38,Dan Kearney BESS LLC,Developer Not Matched To Known List,Tier 3: Confirmed Grid-Scale Storage (BESS),,45.0,Confirmed Grid-Scale Storage (BESS),,False,,True,58394,37372,28435,2.2465309453714285e+26,2.3004476880603432e+26,2.1879257902747824e+26,True,False,"explicit storage token in project name or fuel/technology -- confirmed BESS, excluded from review list"
27INR0290,ERCOT,TX,Midland,204.31,SBESS TX8 LLC,Developer Not Matched To Known List,Tier 3: Confirmed Grid-Scale Storage (BESS),,45.0,Confirmed Grid-Scale Storage (BESS),,False,,False,58374,37360,28426,2.2457615101714286e+26,2.299659786415543e+26,2.1871764272973914e+26,True,False,"explicit storage token in project name or fuel/technology -- confirmed BESS, excluded from review list"
28INR0148,ERCOT,TX,Sutton,204.08,"Sonora High Noon, LLC",Developer Not Matched To Known List,Tier 3: Confirmed Grid-Scale Storage (BESS),,49.1,Confirmed Grid-Scale Storage (BESS),,False,,False,58309,37317,28394,2.2432333659428572e+26,2.297070966725486e+26,2.1847142346573914e+26,True,False,"explicit storage token in project name or fuel/technology -- confirmed BESS, excluded from review list"
27INR0461,ERCOT,TX,Hunt,204.0,"Fermata BESS, LLC",Developer Not Matched To Known List,Tier 3: Confirmed Grid-Scale Storage (BESS),,67.5,Confirmed Grid-Scale Storage (BESS),,False,,False,58286,37303,28383,2.2423540114285713e+26,2.2961705077028577e+26,2.183857819826087e+26,True,False,"explicit storage token in project name or fuel/technology -- confirmed BESS, excluded from review list"
24INR0386,ERCOT,TX,Menard,203.8,"Black & Gold Energy Storage, LLC",Developer Not Matched To Known List,Tier 3: Confirmed Grid-Scale Storage (BESS),,60.0,Confirmed Grid-Scale Storage (BESS),,False,,True,58229,37266,28355,2.2401556251428573e+26,2.2939193601462857e+26,2.1817167827478264e+26,True,False,"explicit storage token in project name or fuel/technology -- confirmed BESS, excluded from review list"
28INR0348,ERCOT,TX,Archer,203.8,PowerPulse LLC,Developer Not Matched To Known List,Tier 3: Confirmed Grid-Scale Storage (BESS),,48.9,Confirmed Grid-Scale Storage (BESS),,False,,False,58229,37266,28355,2.2401556251428573e+26,2.2939193601462857e+26,2.1817167827478264e+26,True,False,"explicit storage token in project name or fuel/technology -- confirmed BESS, excluded from review list"
23INR0421,ERCOT,TX,Robertson,203.75,Bee Branch IA LLCBee Branch IA LLC,Developer Not Matched To Known List,Tier 3: Confirmed Grid-Scale Storage (BESS),,50.4,Confirmed Grid-Scale Storage (BESS),,False,,True,58214,37257,28348,2.2396060285714287e+26,2.2933565732571427e+26,2.181181523478261e+26,True,False,"explicit storage token in project name or fuel/technology -- confirmed BESS, excluded from review list"
22INR0503,ERCOT,TX,Robertson,203.62,Tidwell Prairie IIA LLC,Developer Not Matched To Known List,Tier 3: Confirmed Grid-Scale Storage (BESS),,49.9,Confirmed Grid-Scale Storage (BESS),,False,,True,58177,37233,28330,2.2381770774857146e+26,2.2918933273453718e+26,2.1797898493773915e+26,True,False,"explicit storage token in project name or fuel/technology -- confirmed BESS, excluded from review list"
22INR0504,ERCOT,TX,Robertson,203.62,Barton Branch IA LLC,Developer Not Matched To Known List,Tier 3: Confirmed Grid-Scale Storage (BESS),,50.4,Confirmed Grid-Scale Storage (BESS),,False,,True,58177,37233,28330,2.2381770774857146e+26,2.2918933273453718e+26,2.1797898493773915e+26,True,False,"explicit storage token in project name or fuel/technology -- confirmed BESS, excluded from review list"
23INR0318,ERCOT,TX,Wilson,203.21,"Marcelina Solar, LLC",Developer Not Matched To Known List,Tier 3: Confirmed Grid-Scale Storage (BESS),,60.0,Confirmed Grid-Scale Storage (BESS),,False,,False,58060,37158,28273,2.2336703856e+26,2.2872784748544003e+26,2.175400723366957e+26,True,False,"explicit storage token in project name or fuel/technology -- confirmed BESS, excluded from review list"
22INR0558,ERCOT,TX,Harris,203.2,Callisto II Energy Center LLC,Developer Not Matched To Known List,Tier 3: Confirmed Grid-Scale Storage (BESS),,50.3,Confirmed Grid-Scale Storage (BESS),,False,,True,58057,37157,28271,2.2335604662857145e+26,2.2871659174765713e+26,2.1752936715130436e+26,True,False,"explicit storage token in project name or fuel/technology -- confirmed BESS, excluded from review list"
28INR0020,ERCOT,TX,Bexar,203.0,"FRESH AIR ENERGY II, LLC",Developer Not Matched To Known List,Tier 3: Confirmed Grid-Scale Storage (BESS),,42.8,Confirmed Grid-Scale Storage (BESS),,False,,False,58000,37120,28243,2.23136208e+26,2.28491476992e+26,2.1731526344347826e+26,True,False,"explicit storage token in project name or fuel/technology -- confirmed BESS, excluded from review list"
25INR0611,ERCOT,TX,Howard,202.8,"Odessa Energy Storage LLC,",Developer Not Matched To Known List,Tier 3: Confirmed Grid-Scale Storage (BESS),,52.6,Confirmed Grid-Scale Storage (BESS),,False,,False,57943,37083,28216,2.2291636937142857e+26,2.2826636223634288e+26,2.1710115973565222e+26,True,False,"explicit storage token in project name or fuel/technology -- confirmed BESS, excluded from review list"
27INR0436,ERCOT,TX,Harris,202.8,PowerPulse LLC,Developer Not Matched To Known List,Tier 3: Confirmed Grid-Scale Storage (BESS),,48.9,Confirmed Grid-Scale Storage (BESS),,False,,False,57943,37083,28216,2.2291636937142857e+26,2.2826636223634288e+26,2.1710115973565222e+26,True,False,"explicit storage token in project name or fuel/technology -- confirmed BESS, excluded from review list"
26INR0514,ERCOT,TX,Bastrop,202.7,"Techne BESS, LLC",Developer Not Matched To Known List,Tier 3: Confirmed Grid-Scale Storage (BESS),,45.6,Confirmed Grid-Scale Storage (BESS),,False,,False,57914,37065,28202,2.2280645005714285e+26,2.2815380485851428e+26,2.1699410788173915e+26,True,False,"explicit storage token in project name or fuel/technology -- confirmed BESS, excluded from review list"
26INR0410,ERCOT,TX,Austin,202.7,Prost ESS LLC,Developer Not Matched To Known List,Tier 3: Confirmed Grid-Scale Storage (BESS),,57.0,Confirmed Grid-Scale Storage (BESS),,False,,False,57914,37065,28202,2.2280645005714285e+26,2.2815380485851428e+26,2.1699410788173915e+26,True,False,"explicit storage token in project name or fuel/technology -- confirmed BESS, excluded from review list"
26INR0464,ERCOT,TX,Hunt,202.7,"Ceres BESS, LLC",Developer Not Matched To Known List,Tier 3: Confirmed Grid-Scale Storage (BESS),,52.9,Confirmed Grid-Scale Storage (BESS),,False,,False,57914,37065,28202,2.2280645005714285e+26,2.2815380485851428e+26,2.1699410788173915e+26,True,False,"explicit storage token in project name or fuel/technology -- confirmed BESS, excluded from review list"
26INR0363,ERCOT,TX,Houston,202.7,"RSN STORAGE 001, LLC",Developer Not Matched To Known List,Tier 3: Confirmed Grid-Scale Storage (BESS),,52.6,Confirmed Grid-Scale Storage (BESS),,False,,False,57914,37065,28202,2.2280645005714285e+26,2.2815380485851428e+26,2.1699410788173915e+26,True,False,"explicit storage token in project name or fuel/technology -- confirmed BESS, excluded from review list"
25INR0173,ERCOT,TX,Dickens,202.7,"Wolf Spring Solar, LLC",Developer Not Matched To Known List,Tier 3: Confirmed Grid-Scale Storage (BESS),,45.0,Confirmed Grid-Scale Storage (BESS),,False,,True,57914,37065,28202,2.2280645005714285e+26,2.2815380485851428e+26,2.1699410788173915e+26,True,False,"explicit storage token in project name or fuel/technology -- confirmed BESS, excluded from review list"
25INR0473,ERCOT,TX,Jones,202.69,"Jones City Solar II, LLC",Developer Not Matched To Known List,Tier 3: Confirmed Grid-Scale Storage (BESS),,45.0,Confirmed Grid-Scale Storage (BESS),,False,,True,57911,37063,28200,2.2279545812571432e+26,2.2814254912073145e+26,2.1698340269634786e+26,True,False,"explicit storage token in project name or fuel/technology -- confirmed BESS, excluded from review list"
25INR0184,ERCOT,TX,Wise,202.65,"Legato Storage, LLC",Developer Not Matched To Known List,Tier 3: Confirmed Grid-Scale Storage (BESS),,51.4,Confirmed Grid-Scale Storage (BESS),,False,,False,57900,37056,28195,2.227514904e+26,2.2809752616960002e+26,2.1694058195478264e+26,True,False,"explicit storage token in project name or fuel/technology -- confirmed BESS, excluded from review list"
25INR0372,ERCOT,TX,Fort Bend,202.65,"Elan BESS, LLC",Developer Not Matched To Known List,Tier 3: Confirmed Grid-Scale Storage (BESS),,51.4,Confirmed Grid-Scale Storage (BESS),,False,,False,57900,37056,28195,2.227514904e+26,2.2809752616960002e+26,2.1694058195478264e+26,True,False,"explicit storage token in project name or fuel/technology -- confirmed BESS, excluded from review list"
25INR0190,ERCOT,TX,Montague,202.65,"Fortissimo BESS, LCC",Developer Not Matched To Known List,Tier 3: Confirmed Grid-Scale Storage (BESS),,60.0,Confirmed Grid-Scale Storage (BESS),,False,,False,57900,37056,28195,2.227514904e+26,2.2809752616960002e+26,2.1694058195478264e+26,True,False,"explicit storage token in project name or fuel/technology -- confirmed BESS, excluded from review list"
26INR0472,ERCOT,TX,Wichita,202.56,MALONEY BESS LLC,Developer Not Matched To Known List,Tier 3: Confirmed Grid-Scale Storage (BESS),,65.5,Confirmed Grid-Scale Storage (BESS),,False,,False,57874,37040,28182,2.2265256301714287e+26,2.2799622452955432e+26,2.168442352862609e+26,True,False,"explicit storage token in project name or fuel/technology -- confirmed BESS, excluded from review list"
27INR0173,ERCOT,TX,Johnson,202.56,"JSB1, LLC",Developer Not Matched To Known List,Tier 3: Confirmed Grid-Scale Storage (BESS),,36.0,Confirmed Grid-Scale Storage (BESS),,False,,True,57874,37040,28182,2.2265256301714287e+26,2.2799622452955432e+26,2.168442352862609e+26,True,False,"explicit storage token in project name or fuel/technology -- confirmed BESS, excluded from review list"
27INR0253,ERCOT,TX,Maverick,202.5,Nova Clean Energy LLC,Developer Not Matched To Known List,Tier 3: Confirmed Grid-Scale Storage (BESS),,45.0,Confirmed Grid-Scale Storage (BESS),,False,,False,57857,37029,28174,2.2258661142857145e+26,2.2792869010285716e+26,2.1678000417391305e+26,True,False,"explicit storage token in project name or fuel/technology -- confirmed BESS, excluded from review list"
23INR0104,ERCOT,TX,Andrews,202.46,BRP Kamet BESS LLC,Developer Not Matched To Known List,Tier 3: Confirmed Grid-Scale Storage (BESS),,67.5,Confirmed Grid-Scale Storage (BESS),,False,,False,57846,37021,28168,2.2254264370285715e+26,2.2788366715172576e+26,2.1673718343234786e+26,True,False,"explicit storage token in project name or fuel/technology -- confirmed BESS, excluded from review list"
22INR0427,ERCOT,TX,Andrews,202.45,BRP Kabru BESS LLC,Developer Not Matched To Known List,Tier 3: Confirmed Grid-Scale Storage (BESS),,45.0,Confirmed Grid-Scale Storage (BESS),,False,,False,57843,37019,28167,2.225316517714286e+26,2.278724114139429e+26,2.1672647824695653e+26,True,False,"explicit storage token in project name or fuel/technology -- confirmed BESS, excluded from review list"
24INR0081,ERCOT,TX,Harris,202.37,Castleman Power,Developer Not Matched To Known List,Tier 3: Confirmed Grid-Scale Storage (BESS),,60.0,Confirmed Grid-Scale Storage (BESS),,False,,False,57820,37005,28156,2.2244371632e+26,2.2778236551168003e+26,2.166408367638261e+26,True,False,"explicit storage token in project name or fuel/technology -- confirmed BESS, excluded from review list"
26INR0599,ERCOT,TX,San Patricio,202.0,"Coda BESS, LLC",Developer Not Matched To Known List,Tier 3: Confirmed Grid-Scale Storage (BESS),,58.3,Confirmed Grid-Scale Storage (BESS),,False,,False,57714,36937,28104,2.2203701485714285e+26,2.2736590321371428e+26,2.1624474490434784e+26,True,False,"explicit storage token in project name or fuel/technology -- confirmed BESS, excluded from review list"
26INR0329,ERCOT,TX,Wise,202.0,"Pianissimo Storage, LLC",Developer Not Matched To Known List,Tier 3: Confirmed Grid-Scale Storage (BESS),,51.4,Confirmed Grid-Scale Storage (BESS),,False,,False,57714,36937,28104,2.2203701485714285e+26,2.2736590321371428e+26,2.1624474490434784e+26,True,False,"explicit storage token in project name or fuel/technology -- confirmed BESS, excluded from review list"
25INR0628,ERCOT,TX,Archer,202.0,Wichita Falls Energy Storage LLC,Developer Not Matched To Known List,Tier 3: Confirmed Grid-Scale Storage (BESS),,57.0,Confirmed Grid-Scale Storage (BESS),,False,,False,57714,36937,28104,2.2203701485714285e+26,2.2736590321371428e+26,2.1624474490434784e+26,True,False,"explicit storage token in project name or fuel/technology -- confirmed BESS, excluded from review list"
25INR0040,ERCOT,TX,Hidalgo,201.9,"FRESH AIR ENERGY II, LLC",Developer Not Matched To Known List,Tier 3: Confirmed Grid-Scale Storage (BESS),,42.8,Confirmed Grid-Scale Storage (BESS),,False,,False,57686,36919,28090,2.2192709554285713e+26,2.2725334583588575e+26,2.1613769305043477e+26,True,False,"explicit storage token in project name or fuel/technology -- confirmed BESS, excluded from review list"
28INR0387,ERCOT,TX,Ellis,201.87,"Galaxy Solar 2, LLC",Developer Not Matched To Known List,Tier 3: Confirmed Grid-Scale Storage (BESS),,45.0,Confirmed Grid-Scale Storage (BESS),,False,,False,57677,36913,28086,2.2189411974857144e+26,2.2721957862253718e+26,2.161055774942609e+26,True,False,"explicit storage token in project name or fuel/technology -- confirmed BESS, excluded from review list"
25INR0189,ERCOT,TX,Fayette,201.8,"Staccato Storage, LLC",Developer Not Matched To Known List,Tier 3: Confirmed Grid-Scale Storage (BESS),,60.0,Confirmed Grid-Scale Storage (BESS),,False,,True,57657,36901,28077,2.2181717622857145e+26,2.2714078845805715e+26,2.1603064119652177e+26,True,False,"explicit storage token in project name or fuel/technology -- confirmed BESS, excluded from review list"
28INR0321,ERCOT,TX,Colorado,201.76,Altair Energy Storage,Developer Not Matched To Known List,Tier 3: Confirmed Grid-Scale Storage (BESS),,55.4,Confirmed Grid-Scale Storage (BESS),,False,,False,57646,36893,28071,2.2177320850285715e+26,2.2709576550692575e+26,2.1598782045495654e+26,True,False,"explicit storage token in project name or fuel/technology -- confirmed BESS, excluded from review list"
27INR0316,ERCOT,TX,Freestone,201.72,Avant Prairie ESS LLC,Developer Not Matched To Known List,Tier 3: Confirmed Grid-Scale Storage (BESS),,61.1,Confirmed Grid-Scale Storage (BESS),,False,,False,57634,36886,28065,2.2172924077714286e+26,2.270507425557943e+26,2.159449997133913e+26,True,False,"explicit storage token in project name or fuel/technology -- confirmed BESS, excluded from review list"
25INR0233,ERCOT,TX,Hill,201.6,Hillsboro Solar Project LLC,Developer Not Matched To Known List,Tier 3: Confirmed Grid-Scale Storage (BESS),,45.0,Confirmed Grid-Scale Storage (BESS),,False,,True,57600,36864,28049,2.215973376e+26,2.269156737024e+26,2.1581653748869566e+26,True,False,"explicit storage token in project name or fuel/technology -- confirmed BESS, excluded from review list"
25INR0100,ERCOT,TX,Bell,201.6,Black Mountain Energy Storage II,Developer Not Matched To Known List,Tier 3: Confirmed Grid-Scale Storage (BESS),,52.6,Confirmed Grid-Scale Storage (BESS),,False,,True,57600,36864,28049,2.215973376e+26,2.269156737024e+26,2.1581653748869566e+26,True,False,"explicit storage token in project name or fuel/technology -- confirmed BESS, excluded from review list"
27INR0247,ERCOT,TX,Angelina,201.54,Sun Angel ESS LLC,Developer Not Matched To Known List,Tier 3: Confirmed Grid-Scale Storage (BESS),,62.2,Confirmed Grid-Scale Storage (BESS),,False,,False,57583,36853,28040,2.215313860114286e+26,2.2684813927570286e+26,2.1575230637634786e+26,True,False,"explicit storage token in project name or fuel/technology -- confirmed BESS, excluded from review list"
28INR0268,ERCOT,TX,Cottle,201.54,"CTPB1,LLC",Developer Not Matched To Known List,Tier 3: Confirmed Grid-Scale Storage (BESS),,36.0,Confirmed Grid-Scale Storage (BESS),,False,,False,57583,36853,28040,2.215313860114286e+26,2.2684813927570286e+26,2.1575230637634786e+26,True,False,"explicit storage token in project name or fuel/technology -- confirmed BESS, excluded from review list"
26INR0411,ERCOT,TX,Madison,201.5,Tex-Bar ESS LLC,Developer Not Matched To Known List,Tier 3: Confirmed Grid-Scale Storage (BESS),,45.0,Confirmed Grid-Scale Storage (BESS),,False,,True,57571,36846,28035,2.2148741828571432e+26,2.2680311632457143e+26,2.1570948563478263e+26,True,False,"explicit storage token in project name or fuel/technology -- confirmed BESS, excluded from review list"
24INR0338,ERCOT,TX,Matagorda,201.31,Eldora Energy LLC,Developer Not Matched To Known List,Tier 3: Confirmed Grid-Scale Storage (BESS),,45.0,Confirmed Grid-Scale Storage (BESS),,False,,True,57517,36811,28008,2.2127857158857145e+26,2.2658925730669717e+26,2.1550608711234785e+26,True,False,"explicit storage token in project name or fuel/technology -- confirmed BESS, excluded from review list"
29INR0222,ERCOT,TX,Coleman,201.31,Renew Development HoldCo LLC,Developer Not Matched To Known List,Tier 3: Confirmed Grid-Scale Storage (BESS),,67.5,Confirmed Grid-Scale Storage (BESS),,False,,False,57517,36811,28008,2.2127857158857145e+26,2.2658925730669717e+26,2.1550608711234785e+26,True,False,"explicit storage token in project name or fuel/technology -- confirmed BESS, excluded from review list"
26INR0555,ERCOT,TX,Dimmit,201.3,"Desert Palm BESS, LLC",Developer Not Matched To Known List,Tier 3: Confirmed Grid-Scale Storage (BESS),,45.0,Confirmed Grid-Scale Storage (BESS),,False,,True,57514,36809,28007,2.2126757965714285e+26,2.2657800156891427e+26,2.1549538192695652e+26,True,False,"explicit storage token in project name or fuel/technology -- confirmed BESS, excluded from review list"
23INR0278,ERCOT,TX,Andrews,201.3,BRP Tucana BESS LLC,Developer Not Matched To Known List,Tier 3: Confirmed Grid-Scale Storage (BESS),,51.4,Confirmed Grid-Scale Storage (BESS),,False,,False,57514,36809,28007,2.2126757965714285e+26,2.2657800156891427e+26,2.1549538192695652e+26,True,False,"explicit storage token in project name or fuel/technology -- confirmed BESS, excluded from review list"
28INR0363,ERCOT,TX,McLennan,201.3,"Finch Storage, LLC",Developer Not Matched To Known List,Tier 3: Confirmed Grid-Scale Storage (BESS),,51.4,Confirmed Grid-Scale Storage (BESS),,False,,False,57514,36809,28007,2.2126757965714285e+26,2.2657800156891427e+26,2.1549538192695652e+26,True,False,"explicit storage token in project name or fuel/technology -- confirmed BESS, excluded from review list"
26INR0243,ERCOT,TX,Waller,201.28,"Caladium Storage, LLC",Developer Not Matched To Known List,Tier 3: Confirmed Grid-Scale Storage (BESS),,67.5,Confirmed Grid-Scale Storage (BESS),,False,,False,57509,36805,28004,2.2124559579428572e+26,2.265554900933486e+26,2.154739715561739e+26,True,False,"explicit storage token in project name or fuel/technology -- confirmed BESS, excluded from review list"
26INR0331,ERCOT,TX,Bexar,201.27,OCI Solar Power LLC,Developer Not Matched To Known List,Tier 3: Confirmed Grid-Scale Storage (BESS),,40.0,Confirmed Grid-Scale Storage (BESS),,False,,False,57506,36804,28003,2.2123460386285712e+26,2.2654423435556574e+26,2.1546326637078265e+26,True,False,"explicit storage token in project name or fuel/technology -- confirmed BESS, excluded from review list"
23INR0382,ERCOT,TX,Harris,201.2,Black Mountain Energy Storage II,Developer Not Matched To Known List,Tier 3: Confirmed Grid-Scale Storage (BESS),,52.6,Confirmed Grid-Scale Storage (BESS),,False,,False,57486,36791,27993,2.2115766034285713e+26,2.2646544419108574e+26,2.1538833007304352e+26,True,False,"explicit storage token in project name or fuel/technology -- confirmed BESS, excluded from review list"
27INR0412,ERCOT,TX,Wichita,201.2,"Spinosa Energy Center, LLC",Developer Not Matched To Known List,Tier 3: Confirmed Grid-Scale Storage (BESS),,49.1,Confirmed Grid-Scale Storage (BESS),,False,,False,57486,36791,27993,2.2115766034285713e+26,2.2646544419108574e+26,2.1538833007304352e+26,True,False,"explicit storage token in project name or fuel/technology -- confirmed BESS, excluded from review list"
29INR0332,ERCOT,TX,Karnes,201.2,"White Star Energy Storage, LLC",Developer Not Matched To Known List,Tier 3: Confirmed Grid-Scale Storage (BESS),,51.4,Confirmed Grid-Scale Storage (BESS),,False,,False,57486,36791,27993,2.2115766034285713e+26,2.2646544419108574e+26,2.1538833007304352e+26,True,False,"explicit storage token in project name or fuel/technology -- confirmed BESS, excluded from review list"
26INR0556,ERCOT,TX,Dimmit,201.2,Wintergarden BESS LLC,Developer Not Matched To Known List,Tier 3: Confirmed Grid-Scale Storage (BESS),,45.0,Confirmed Grid-Scale Storage (BESS),,False,,False,57486,36791,27993,2.2115766034285713e+26,2.2646544419108574e+26,2.1538833007304352e+26,True,False,"explicit storage token in project name or fuel/technology -- confirmed BESS, excluded from review list"
28INR0484,ERCOT,TX,San Patricio,201.16,"Pathfinder Energy Storage, LLC",Developer Not Matched To Known List,Tier 3: Confirmed Grid-Scale Storage (BESS),,51.4,Confirmed Grid-Scale Storage (BESS),,False,,False,57474,36784,27987,2.2111369261714287e+26,2.264204212399543e+26,2.1534550933147826e+26,True,False,"explicit storage token in project name or fuel/technology -- confirmed BESS, excluded from review list"
28INR0427,ERCOT,TX,Cameron,201.14,Ouroboros Grid BESS Unit 4,Developer Not Matched To Known List,Tier 3: Confirmed Grid-Scale Storage (BESS),,45.0,Confirmed Grid-Scale Storage (BESS),,False,,False,57469,36780,27985,2.210917087542857e+26,2.2639790976438858e+26,2.1532409896069568e+26,True,False,"explicit storage token in project name or fuel/technology -- confirmed BESS, excluded from review list"
25INR0140,ERCOT,TX,Ector,201.13,"Seragio BESS, LLC",Developer Not Matched To Known List,Tier 3: Confirmed Grid-Scale Storage (BESS),,45.0,Confirmed Grid-Scale Storage (BESS),,False,,False,57466,36778,27983,2.2108071682285714e+26,2.2638665402660574e+26,2.1531339377530436e+26,True,False,"explicit storage token in project name or fuel/technology -- confirmed BESS, excluded from review list"
21INR0483,ERCOT,TX,Frio,201.13,"Morrow Lake Storage, LLC",Developer Not Matched To Known List,Tier 3: Confirmed Grid-Scale Storage (BESS),,57.0,Confirmed Grid-Scale Storage (BESS),,False,,False,57466,36778,27983,2.2108071682285714e+26,2.2638665402660574e+26,2.1531339377530436e+26,True,False,"explicit storage token in project name or fuel/technology -- confirmed BESS, excluded from review list"
25INR0146,ERCOT,TX,Reeves,201.13,"Blue Heron BESS, LLC",Developer Not Matched To Known List,Tier 3: Confirmed Grid-Scale Storage (BESS),,45.0,Confirmed Grid-Scale Storage (BESS),,False,,True,57466,36778,27983,2.2108071682285714e+26,2.2638665402660574e+26,2.1531339377530436e+26,True,False,"explicit storage token in project name or fuel/technology -- confirmed BESS, excluded from review list"
25INR0144,ERCOT,TX,Midland,201.13,"Jasper BESS, LLC",Developer Not Matched To Known List,Tier 3: Confirmed Grid-Scale Storage (BESS),,60.0,Confirmed Grid-Scale Storage (BESS),,False,,True,57466,36778,27983,2.2108071682285714e+26,2.2638665402660574e+26,2.1531339377530436e+26,True,False,"explicit storage token in project name or fuel/technology -- confirmed BESS, excluded from review list"
25INR0138,ERCOT,TX,Glasscock,201.13,"Champaign BESS, LLC",Developer Not Matched To Known List,Tier 3: Confirmed Grid-Scale Storage (BESS),,55.2,Confirmed Grid-Scale Storage (BESS),,False,,True,57466,36778,27983,2.2108071682285714e+26,2.2638665402660574e+26,2.1531339377530436e+26,True,False,"explicit storage token in project name or fuel/technology -- confirmed BESS, excluded from review list"
26INR0194,ERCOT,TX,Bandera,201.13,"Motif Storage, LLC",Developer Not Matched To Known List,Tier 3: Confirmed Grid-Scale Storage (BESS),,51.4,Confirmed Grid-Scale Storage (BESS),,False,,False,57466,36778,27983,2.2108071682285714e+26,2.2638665402660574e+26,2.1531339377530436e+26,True,False,"explicit storage token in project name or fuel/technology -- confirmed BESS, excluded from review list"
29INR0376,ERCOT,TX,Tom Green,201.1,Lightsource Renewable Energy Development LLC,Developer Not Matched To Known List,Tier 3: Confirmed Grid-Scale Storage (BESS),,45.0,Confirmed Grid-Scale Storage (BESS),,False,,False,57457,36773,27979,2.2104774102857145e+26,2.2635288681325714e+26,2.1528127821913045e+26,True,False,"explicit storage token in project name or fuel/technology -- confirmed BESS, excluded from review list"
26INR0589,ERCOT,TX,Sterling,201.1,Clearway Energy Group LLC,Developer Not Matched To Known List,Tier 3: Confirmed Grid-Scale Storage (BESS),,45.0,Confirmed Grid-Scale Storage (BESS),,False,,False,57457,36773,27979,2.2104774102857145e+26,2.2635288681325714e+26,2.1528127821913045e+26,True,False,"explicit storage token in project name or fuel/technology -- confirmed BESS, excluded from review list"
25INR0441,ERCOT,TX,Jackson,201.08,"Dios BESS, LLC",Developer Not Matched To Known List,Tier 3: Confirmed Grid-Scale Storage (BESS),,41.7,Confirmed Grid-Scale Storage (BESS),,False,,True,57451,36769,27976,2.2102575716571432e+26,2.2633037533769148e+26,2.1525986784834784e+26,True,False,"explicit storage token in project name or fuel/technology -- confirmed BESS, excluded from review list"
26INR0432,ERCOT,TX,Robertson,201.08,"Big Rooter West, LLC",Developer Not Matched To Known List,Tier 3: Confirmed Grid-Scale Storage (BESS),,60.0,Confirmed Grid-Scale Storage (BESS),,False,,False,57451,36769,27976,2.2102575716571432e+26,2.2633037533769148e+26,2.1525986784834784e+26,True,False,"explicit storage token in project name or fuel/technology -- confirmed BESS, excluded from review list"
25INR0186,ERCOT,TX,Colorado,201.08,"Samsung Solar Energy 2, LLC",Developer Not Matched To Known List,Tier 3: Confirmed Grid-Scale Storage (BESS),,45.0,Confirmed Grid-Scale Storage (BESS),,False,,False,57451,36769,27976,2.2102575716571432e+26,2.2633037533769148e+26,2.1525986784834784e+26,True,False,"explicit storage token in project name or fuel/technology -- confirmed BESS, excluded from review list"
22INR0385,ERCOT,TX,Crane,201.07,BRP Pictor BESS LLC,Developer Not Matched To Known List,Tier 3: Confirmed Grid-Scale Storage (BESS),,45.0,Confirmed Grid-Scale Storage (BESS),,False,,False,57449,36767,27975,2.2101476523428572e+26,2.2631911959990854e+26,2.1524916266295655e+26,True,False,"explicit storage token in project name or fuel/technology -- confirmed BESS, excluded from review list"
24INR0570,ERCOT,TX,Brazoria,201.04,"Marcus Energy Storage, LLC",Developer Not Matched To Known List,Tier 3: Confirmed Grid-Scale Storage (BESS),,60.0,Confirmed Grid-Scale Storage (BESS),,False,,False,57440,36762,27971,2.2098178944e+26,2.2628535238656e+26,2.1521704710678265e+26,True,False,"explicit storage token in project name or fuel/technology -- confirmed BESS, excluded from review list"
25INR0566,ERCOT,TX,Brazoria,201.04,"Copano Bay Energy Storage, LLC",Developer Not Matched To Known List,Tier 3: Confirmed Grid-Scale Storage (BESS),,52.9,Confirmed Grid-Scale Storage (BESS),,False,,False,57440,36762,27971,2.2098178944e+26,2.2628535238656e+26,2.1521704710678265e+26,True,False,"explicit storage token in project name or fuel/technology -- confirmed BESS, excluded from review list"
29INR0018,ERCOT,TX,Robertson,201.03,"Big Rooter East, LLC",Developer Not Matched To Known List,Tier 3: Confirmed Grid-Scale Storage (BESS),,60.0,Confirmed Grid-Scale Storage (BESS),,False,,True,57437,36760,27969,2.2097079750857146e+26,2.2627409664877718e+26,2.1520634192139132e+26,True,False,"explicit storage token in project name or fuel/technology -- confirmed BESS, excluded from review list"
24INR0131,ERCOT,TX,Zapata,201.03,BRP Zelus BESS LLC,Developer Not Matched To Known List,Tier 3: Confirmed Grid-Scale Storage (BESS),,45.0,Confirmed Grid-Scale Storage (BESS),,False,,False,57437,36760,27969,2.2097079750857146e+26,2.2627409664877718e+26,2.1520634192139132e+26,True,False,"explicit storage token in project name or fuel/technology -- confirmed BESS, excluded from review list"
25INR0491,ERCOT,TX,Karnes,201.0,BRP Tarim BESS LLC,Developer Not Matched To Known List,Tier 3: Confirmed Grid-Scale Storage (BESS),,45.0,Confirmed Grid-Scale Storage (BESS),,False,,False,57429,36754,27965,2.2093782171428573e+26,2.2624032943542858e+26,2.1517422636521742e+26,True,False,"explicit storage token in project name or fuel/technology -- confirmed BESS, excluded from review list"
27INR0363,ERCOT,TX,Frio,201.0,"Hamlet Solar, LLC",Developer Not Matched To Known List,Tier 3: Confirmed Grid-Scale Storage (BESS),,67.5,Confirmed Grid-Scale Storage (BESS),,False,,False,57429,36754,27965,2.2093782171428573e+26,2.2624032943542858e+26,2.1517422636521742e+26,True,False,"explicit storage token in project name or fuel/technology -- confirmed BESS, excluded from review list"
23INR0135,ERCOT,TX,Caldwell,200.99,BRP Elbus BESS LLC,Developer Not Matched To Known List,Tier 3: Confirmed Grid-Scale Storage (BESS),,45.0,Confirmed Grid-Scale Storage (BESS),,False,,False,57426,36752,27964,2.2092682978285713e+26,2.2622907369764575e+26,2.151635211798261e+26,True,False,"explicit storage token in project name or fuel/technology -- confirmed BESS, excluded from review list"
24INR0142,ERCOT,TX,Maverick,200.97,BRP De Los Santos BESS LLC,Developer Not Matched To Known List,Tier 3: Confirmed Grid-Scale Storage (BESS),,45.0,Confirmed Grid-Scale Storage (BESS),,False,,False,57420,36749,27961,2.2090484592e+26,2.2620656222208e+26,2.151421108090435e+26,True,False,"explicit storage token in project name or fuel/technology -- confirmed BESS, excluded from review list"
28INR0428,ERCOT,TX,Cameron,200.96,Ouroboros Grid BESS Unit 5,Developer Not Matched To Known List,Tier 3: Confirmed Grid-Scale Storage (BESS),,45.0,Confirmed Grid-Scale Storage (BESS),,False,,False,57417,36747,27960,2.2089385398857143e+26,2.261953064842972e+26,2.1513140562365223e+26,True,False,"explicit storage token in project name or fuel/technology -- confirmed BESS, excluded from review list"
28INR0454,ERCOT,TX,Denton,200.96,Oakley BESS LLC,Developer Not Matched To Known List,Tier 3: Confirmed Grid-Scale Storage (BESS),,49.1,Confirmed Grid-Scale Storage (BESS),,False,,False,57417,36747,27960,2.2089385398857143e+26,2.261953064842972e+26,2.1513140562365223e+26,True,False,"explicit storage token in project name or fuel/technology -- confirmed BESS, excluded from review list"
25INR0853,ERCOT,TX,Tom Green,200.95,Lightsource Renewable Energy Development LLC,Developer Not Matched To Known List,Tier 3: Confirmed Grid-Scale Storage (BESS),,45.0,Confirmed Grid-Scale Storage (BESS),,False,,False,57414,36745,27958,2.2088286205714287e+26,2.261840507465143e+26,2.151207004382609e+26,True,False,"explicit storage token in project name or fuel/technology -- confirmed BESS, excluded from review list"
28INR0429,ERCOT,TX,Cameron,200.94,Ouroboros Grid BESS Unit 6,Developer Not Matched To Known List,Tier 3: Confirmed Grid-Scale Storage (BESS),,45.0,Confirmed Grid-Scale Storage (BESS),,False,,False,57411,36743,27957,2.208718701257143e+26,2.261727950087315e+26,2.1510999525286958e+26,True,False,"explicit storage token in project name or fuel/technology -- confirmed BESS, excluded from review list"
25INR0513,ERCOT,TX,Leon,200.9,"BT Kahla Storage, LLC",Developer Not Matched To Known List,Tier 3: Confirmed Grid-Scale Storage (BESS),,60.0,Confirmed Grid-Scale Storage (BESS),,False,,False,57400,36736,27951,2.208279024e+26,2.2612777205760002e+26,2.1506717451130435e+26,True,False,"explicit storage token in project name or fuel/technology -- confirmed BESS, excluded from review list"
25INR0480,ERCOT,TX,Brazoria,200.9,"BELL CREEK BESS, LLC",Developer Not Matched To Known List,Tier 3: Confirmed Grid-Scale Storage (BESS),,42.8,Confirmed Grid-Scale Storage (BESS),,False,,True,57400,36736,27951,2.208279024e+26,2.2612777205760002e+26,2.1506717451130435e+26,True,False,"explicit storage token in project name or fuel/technology -- confirmed BESS, excluded from review list"
23INR0464,ERCOT,TX,Henderson,200.9,Sloan Energy Storage LLC,Developer Not Matched To Known List,Tier 3: Confirmed Grid-Scale Storage (BESS),,52.6,Confirmed Grid-Scale Storage (BESS),,False,,False,57400,36736,27951,2.208279024e+26,2.2612777205760002e+26,2.1506717451130435e+26,True,False,"explicit storage token in project name or fuel/technology -- confirmed BESS, excluded from review list"
26INR0573,ERCOT,TX,Glasscock,200.89,"RWE Solar Development, LLC",Developer Not Matched To Known List,Tier 3: Confirmed Grid-Scale Storage (BESS),,67.5,Confirmed Grid-Scale Storage (BESS),,False,,False,57397,36734,27950,2.2081691046857144e+26,2.2611651631981715e+26,2.1505646932591303e+26,True,False,"explicit storage token in project name or fuel/technology -- confirmed BESS, excluded from review list"
27INR0354,ERCOT,TX,Smith,200.87,"Cebocell, LLC",Developer Not Matched To Known List,Tier 3: Confirmed Grid-Scale Storage (BESS),,60.0,Confirmed Grid-Scale Storage (BESS),,False,,False,57391,36731,27947,2.207949266057143e+26,2.2609400484425145e+26,2.1503505895513045e+26,True,False,"explicit storage token in project name or fuel/technology -- confirmed BESS, excluded from review list"
24INR0375,ERCOT,TX,Jack,200.86,"PK Solar, LLC",Developer Not Matched To Known List,Tier 3: Confirmed Grid-Scale Storage (BESS),,35.2,Confirmed Grid-Scale Storage (BESS),,False,,True,57389,36729,27946,2.207839346742857e+26,2.2608274910646855e+26,2.1502435376973916e+26,True,False,"explicit storage token in project name or fuel/technology -- confirmed BESS, excluded from review list"
26INR0259,ERCOT,TX,Colorado,200.85,"Cottontail Energy Center, LLC",Developer Not Matched To Known List,Tier 3: Confirmed Grid-Scale Storage (BESS),,51.4,Confirmed Grid-Scale Storage (BESS),,False,,False,57386,36727,27944,2.2077294274285715e+26,2.2607149336868576e+26,2.1501364858434787e+26,True,False,"explicit storage token in project name or fuel/technology -- confirmed BESS, excluded from review list"
29INR0125,ERCOT,TX,Duval,200.84,"Apricot Sun Energy Center, LLC",Developer Not Matched To Known List,Tier 3: Confirmed Grid-Scale Storage (BESS),,49.1,Confirmed Grid-Scale Storage (BESS),,False,,False,57383,36725,27943,2.207619508114286e+26,2.2606023763090285e+26,2.1500294339895654e+26,True,False,"explicit storage token in project name or fuel/technology -- confirmed BESS, excluded from review list"
28INR0397,ERCOT,TX,Cameron,200.82,Ouroboros Grid BESS Unit 1,Developer Not Matched To Known List,Tier 3: Confirmed Grid-Scale Storage (BESS),,45.0,Confirmed Grid-Scale Storage (BESS),,False,,False,57377,36721,27940,2.2073996694857145e+26,2.260377261553372e+26,2.1498153302817393e+26,True,False,"explicit storage token in project name or fuel/technology -- confirmed BESS, excluded from review list"
24INR0285,ERCOT,TX,Chambers,200.82,APV Lonestar Energy LLC,Developer Not Matched To Known List,Tier 3: Confirmed Grid-Scale Storage (BESS),,67.5,Confirmed Grid-Scale Storage (BESS),,False,,True,57377,36721,27940,2.2073996694857145e+26,2.260377261553372e+26,2.1498153302817393e+26,True,False,"explicit storage token in project name or fuel/technology -- confirmed BESS, excluded from review list"
28INR0398,ERCOT,TX,Cameron,200.81,Ouroboros Grid BESS Unit 2,Developer Not Matched To Known List,Tier 3: Confirmed Grid-Scale Storage (BESS),,45.0,Confirmed Grid-Scale Storage (BESS),,False,,False,57374,36720,27939,2.2072897501714286e+26,2.260264704175543e+26,2.1497082784278264e+26,True,False,"explicit storage token in project name or fuel/technology -- confirmed BESS, excluded from review list"
24INR0461,ERCOT,TX,Waller,200.81,"BRP Blue Topaz 5, LLC",Developer Not Matched To Known List,Tier 3: Confirmed Grid-Scale Storage (BESS),,45.0,Confirmed Grid-Scale Storage (BESS),,False,,False,57374,36720,27939,2.2072897501714286e+26,2.260264704175543e+26,2.1497082784278264e+26,True,False,"explicit storage token in project name or fuel/technology -- confirmed BESS, excluded from review list"
28INR0299,ERCOT,TX,Wilson,200.8,Moon Stone Battery Facility LLC,Developer Not Matched To Known List,Tier 3: Confirmed Grid-Scale Storage (BESS),,54.0,Confirmed Grid-Scale Storage (BESS),,False,,False,57371,36718,27937,2.2071798308571432e+26,2.2601521467977142e+26,2.149601226573913e+26,True,False,"explicit storage token in project name or fuel/technology -- confirmed BESS, excluded from review list"
26INR0343,ERCOT,TX,Harris,200.8,Stinger Energy Storage LLC,Developer Not Matched To Known List,Tier 3: Confirmed Grid-Scale Storage (BESS),,60.0,Confirmed Grid-Scale Storage (BESS),,False,,False,57371,36718,27937,2.2071798308571432e+26,2.2601521467977142e+26,2.149601226573913e+26,True,False,"explicit storage token in project name or fuel/technology -- confirmed BESS, excluded from review list"
23INR0283,ERCOT,TX,Carson,200.8,"Kota Storage, LLC",Developer Not Matched To Known List,Tier 3: Confirmed Grid-Scale Storage (BESS),,60.0,Confirmed Grid-Scale Storage (BESS),,False,,False,57371,36718,27937,2.2071798308571432e+26,2.2601521467977142e+26,2.149601226573913e+26,True,False,"explicit storage token in project name or fuel/technology -- confirmed BESS, excluded from review list"
26INR0116,ERCOT,TX,Zapata,200.79,"Falcon BESS, LLC",Developer Not Matched To Known List,Tier 3: Confirmed Grid-Scale Storage (BESS),,55.4,Confirmed Grid-Scale Storage (BESS),,False,,True,57369,36716,27936,2.2070699115428573e+26,2.260039589419886e+26,2.14949417472e+26,True,False,"explicit storage token in project name or fuel/technology -- confirmed BESS, excluded from review list"
24INR0528,ERCOT,TX,Nueces,200.78,Blanquilla BESS LLC,Developer Not Matched To Known List,Tier 3: Confirmed Grid-Scale Storage (BESS),,45.0,Confirmed Grid-Scale Storage (BESS),,False,,True,57366,36714,27935,2.2069599922285713e+26,2.2599270320420572e+26,2.149387122866087e+26,True,False,"explicit storage token in project name or fuel/technology -- confirmed BESS, excluded from review list"
25INR0385,ERCOT,TX,Cameron,200.78,"Bobcat BESS, LLC",Developer Not Matched To Known List,Tier 3: Confirmed Grid-Scale Storage (BESS),,46.2,Confirmed Grid-Scale Storage (BESS),,False,,False,57366,36714,27935,2.2069599922285713e+26,2.2599270320420572e+26,2.149387122866087e+26,True,False,"explicit storage token in project name or fuel/technology -- confirmed BESS, excluded from review list"
26INR0461,ERCOT,TX,Cameron,200.78,SBESS TX25 LLC,Developer Not Matched To Known List,Tier 3: Confirmed Grid-Scale Storage (BESS),,45.0,Confirmed Grid-Scale Storage (BESS),,False,,False,57366,36714,27935,2.2069599922285713e+26,2.2599270320420572e+26,2.149387122866087e+26,True,False,"explicit storage token in project name or fuel/technology -- confirmed BESS, excluded from review list"
28INR0403,ERCOT,TX,Cameron,200.72,Ouroboros Grid BESS Unit 3,Developer Not Matched To Known List,Tier 3: Confirmed Grid-Scale Storage (BESS),,45.0,Confirmed Grid-Scale Storage (BESS),,False,,False,57349,36703,27926,2.2063004763428574e+26,2.2592516877750856e+26,2.148744811742609e+26,True,False,"explicit storage token in project name or fuel/technology -- confirmed BESS, excluded from review list"
27INR0494,ERCOT,TX,Milam,200.71,"Obbligato BESS, LLC",Developer Not Matched To Known List,Tier 3: Confirmed Grid-Scale Storage (BESS),,42.4,Confirmed Grid-Scale Storage (BESS),,False,,False,57346,36701,27925,2.2061905570285714e+26,2.2591391303972576e+26,2.1486377598886957e+26,True,False,"explicit storage token in project name or fuel/technology -- confirmed BESS, excluded from review list"
28INR0356,ERCOT,TX,Victoria,200.71,"Arpeggio BESS, LLC",Developer Not Matched To Known List,Tier 3: Confirmed Grid-Scale Storage (BESS),,45.0,Confirmed Grid-Scale Storage (BESS),,False,,False,57346,36701,27925,2.2061905570285714e+26,2.2591391303972576e+26,2.1486377598886957e+26,True,False,"explicit storage token in project name or fuel/technology -- confirmed BESS, excluded from review list"
27INR0478,ERCOT,TX,Caldwell,200.71,Metro BESS LLC,Developer Not Matched To Known List,Tier 3: Confirmed Grid-Scale Storage (BESS),,77.1,Confirmed Grid-Scale Storage (BESS),,False,,False,57346,36701,27925,2.2061905570285714e+26,2.2591391303972576e+26,2.1486377598886957e+26,True,False,"explicit storage token in project name or fuel/technology -- confirmed BESS, excluded from review list"
30INR0099,ERCOT,TX,Loving,200.7,"Quadspring BESS, LLC",Developer Not Matched To Known List,Tier 3: Confirmed Grid-Scale Storage (BESS),,60.0,Confirmed Grid-Scale Storage (BESS),,False,,False,57343,36699,27923,2.2060806377142857e+26,2.259026573019429e+26,2.1485307080347824e+26,True,False,"explicit storage token in project name or fuel/technology -- confirmed BESS, excluded from review list"
27INR0399,ERCOT,TX,Cameron,200.7,"Resaca Oasis Storage, LLC",Developer Not Matched To Known List,Tier 3: Confirmed Grid-Scale Storage (BESS),,54.0,Confirmed Grid-Scale Storage (BESS),,False,,True,57343,36699,27923,2.2060806377142857e+26,2.259026573019429e+26,2.1485307080347824e+26,True,False,"explicit storage token in project name or fuel/technology -- confirmed BESS, excluded from review list"
27INR0620,ERCOT,TX,Pecos,200.69,Tempus Power Management LLC,Developer Not Matched To Known List,Tier 3: Confirmed Grid-Scale Storage (BESS),,67.5,Confirmed Grid-Scale Storage (BESS),,False,,False,57340,36698,27922,2.2059707184e+26,2.2589140156416003e+26,2.14842365618087e+26,True,False,"explicit storage token in project name or fuel/technology -- confirmed BESS, excluded from review list"
27INR0621,ERCOT,TX,Pecos,200.69,Tempus Power Management LLC,Developer Not Matched To Known List,Tier 3: Confirmed Grid-Scale Storage (BESS),,67.5,Confirmed Grid-Scale Storage (BESS),,False,,False,57340,36698,27922,2.2059707184e+26,2.2589140156416003e+26,2.14842365618087e+26,True,False,"explicit storage token in project name or fuel/technology -- confirmed BESS, excluded from review list"
29INR0065,ERCOT,TX,Mills,200.66,Mills Storage Center,Developer Not Matched To Known List,Tier 3: Confirmed Grid-Scale Storage (BESS),,57.0,Confirmed Grid-Scale Storage (BESS),,False,,False,57331,36692,27918,2.205640960457143e+26,2.2585763435081143e+26,2.1481025006191305e+26,True,False,"explicit storage token in project name or fuel/technology -- confirmed BESS, excluded from review list"
27INR0209,ERCOT,TX,Brazoria,200.65,Goby Energy Center,Developer Not Matched To Known List,Tier 3: Confirmed Grid-Scale Storage (BESS),,49.1,Confirmed Grid-Scale Storage (BESS),,False,,False,57329,36690,27917,2.205531041142857e+26,2.258463786130286e+26,2.147995448765218e+26,True,False,"explicit storage token in project name or fuel/technology -- confirmed BESS, excluded from review list"
26INR0200,ERCOT,TX,Grimes,200.6,"Vaughn Battery Storage, LLC",Developer Not Matched To Known List,Tier 3: Confirmed Grid-Scale Storage (BESS),,51.4,Confirmed Grid-Scale Storage (BESS),,False,,False,57314,36681,27910,2.2049814445714285e+26,2.257900999241143e+26,2.1474601894956524e+26,True,False,"explicit storage token in project name or fuel/technology -- confirmed BESS, excluded from review list"
26INR0427,ERCOT,TX,Austin,200.6,BremRaek BESS,Developer Not Matched To Known List,Tier 3: Confirmed Grid-Scale Storage (BESS),,46.6,Confirmed Grid-Scale Storage (BESS),,False,,False,57314,36681,27910,2.2049814445714285e+26,2.257900999241143e+26,2.1474601894956524e+26,True,False,"explicit storage token in project name or fuel/technology -- confirmed BESS, excluded from review list"
26INR0185,ERCOT,TX,Jack,200.6,"Brazos Energy Storage, LLC",Developer Not Matched To Known List,Tier 3: Confirmed Grid-Scale Storage (BESS),,51.4,Confirmed Grid-Scale Storage (BESS),,False,,False,57314,36681,27910,2.2049814445714285e+26,2.257900999241143e+26,2.1474601894956524e+26,True,False,"explicit storage token in project name or fuel/technology -- confirmed BESS, excluded from review list"
26INR0215,ERCOT,TX,Jack,200.59,Jackgard BESS,Developer Not Matched To Known List,Tier 3: Confirmed Grid-Scale Storage (BESS),,45.0,Confirmed Grid-Scale Storage (BESS),,False,,False,57311,36679,27908,2.2048715252571432e+26,2.2577884418633147e+26,2.1473531376417392e+26,True,False,"explicit storage token in project name or fuel/technology -- confirmed BESS, excluded from review list"
26INR0376,ERCOT,TX,Matagorda,200.59,"Matagorda ESS, LLC",Developer Not Matched To Known List,Tier 3: Confirmed Grid-Scale Storage (BESS),,67.5,Confirmed Grid-Scale Storage (BESS),,False,,False,57311,36679,27908,2.2048715252571432e+26,2.2577884418633147e+26,2.1473531376417392e+26,True,False,"explicit storage token in project name or fuel/technology -- confirmed BESS, excluded from review list"
26INR0505,ERCOT,TX,Victoria,200.58,Goldhill Energy Storage LLC,Developer Not Matched To Known List,Tier 3: Confirmed Grid-Scale Storage (BESS),,60.0,Confirmed Grid-Scale Storage (BESS),,False,,False,57309,36677,27907,2.2047616059428572e+26,2.257675884485486e+26,2.1472460857878263e+26,True,False,"explicit storage token in project name or fuel/technology -- confirmed BESS, excluded from review list"
28INR0392,ERCOT,TX,Medina,200.58,Devine Mary BESS,Developer Not Matched To Known List,Tier 3: Confirmed Grid-Scale Storage (BESS),,45.0,Confirmed Grid-Scale Storage (BESS),,False,,False,57309,36677,27907,2.2047616059428572e+26,2.257675884485486e+26,2.1472460857878263e+26,True,False,"explicit storage token in project name or fuel/technology -- confirmed BESS, excluded from review list"
28INR0391,ERCOT,TX,Guadalupe,200.58,Ruedrich BESS,Developer Not Matched To Known List,Tier 3: Confirmed Grid-Scale Storage (BESS),,54.0,Confirmed Grid-Scale Storage (BESS),,False,,False,57309,36677,27907,2.2047616059428572e+26,2.257675884485486e+26,2.1472460857878263e+26,True,False,"explicit storage token in project name or fuel/technology -- confirmed BESS, excluded from review list"
28INR0437,ERCOT,TX,Nueces,200.51,Barbara BESS LLC,Developer Not Matched To Known List,Tier 3: Confirmed Grid-Scale Storage (BESS),,45.0,Confirmed Grid-Scale Storage (BESS),,False,,False,57289,36665,27897,2.2039921707428573e+26,2.2568879828406857e+26,2.1464967228104353e+26,True,False,"explicit storage token in project name or fuel/technology -- confirmed BESS, excluded from review list"
28INR0436,ERCOT,TX,Comal,200.51,Comal BESS LLC,Developer Not Matched To Known List,Tier 3: Confirmed Grid-Scale Storage (BESS),,66.7,Confirmed Grid-Scale Storage (BESS),,False,,False,57289,36665,27897,2.2039921707428573e+26,2.2568879828406857e+26,2.1464967228104353e+26,True,False,"explicit storage token in project name or fuel/technology -- confirmed BESS, excluded from review list"
28INR0333,ERCOT,TX,Wilbarger,200.3,"Reunion Solar, LLC",Developer Not Matched To Known List,Tier 3: Confirmed Grid-Scale Storage (BESS),,48.0,Confirmed Grid-Scale Storage (BESS),,False,,False,57229,36626,27868,2.2016838651428573e+26,2.2545242779062858e+26,2.144248633878261e+26,True,False,"explicit storage token in project name or fuel/technology -- confirmed BESS, excluded from review list"
29INR0250,ERCOT,TX,Kaufman,200.0,EG Slash Pine LLC,Developer Not Matched To Known List,Tier 3: Confirmed Grid-Scale Storage (BESS),,60.0,Confirmed Grid-Scale Storage (BESS),,False,,False,57143,36571,27826,2.1983862857142857e+26,2.251147556571429e+26,2.14103707826087e+26,True,False,"explicit storage token in project name or fuel/technology -- confirmed BESS, excluded from review list"
29INR0280,ERCOT,TX,Crane,200.0,"Tierra Loma Solar, LLC",Developer Not Matched To Known List,Tier 3: Confirmed Grid-Scale Storage (BESS),,60.0,Confirmed Grid-Scale Storage (BESS),,False,,False,57143,36571,27826,2.1983862857142857e+26,2.251147556571429e+26,2.14103707826087e+26,True,False,"explicit storage token in project name or fuel/technology -- confirmed BESS, excluded from review list"
AF2-396 - moved to TC1,PJM,MI,Cass,200.0,NOT PUBLISHED IN PJM QUEUE EXPORT,Developer Not Disclosed,Tier 3: Confirmed Grid-Scale Storage (BESS),,0.0,Confirmed Grid-Scale Storage (BESS),AEP,False,,False,57143,36571,27826,2.1983862857142857e+26,2.251147556571429e+26,2.14103707826087e+26,True,False,"explicit storage token in project name or fuel/technology -- confirmed BESS, excluded from review list"
27INR0371,ERCOT,TX,Glasscock,200.0,"RWE Clean Energy Development, LLC",Developer Not Matched To Known List,Tier 3: Confirmed Grid-Scale Storage (BESS),,49.1,Confirmed Grid-Scale Storage (BESS),,False,,False,57143,36571,27826,2.1983862857142857e+26,2.251147556571429e+26,2.14103707826087e+26,True,False,"explicit storage token in project name or fuel/technology -- confirmed BESS, excluded from review list"
29INR0214,ERCOT,TX,Atascosa,200.0,"Amphion Solar, LLC",Developer Not Matched To Known List,Tier 3: Confirmed Grid-Scale Storage (BESS),,50.0,Confirmed Grid-Scale Storage (BESS),,False,,False,57143,36571,27826,2.1983862857142857e+26,2.251147556571429e+26,2.14103707826087e+26,True,False,"explicit storage token in project name or fuel/technology -- confirmed BESS, excluded from review list"
AH1-263 - moved to TC2,PJM,VA,Spotsylvania,200.0,NOT PUBLISHED IN PJM QUEUE EXPORT,Developer Not Disclosed,Tier 3: Confirmed Grid-Scale Storage (BESS),,0.0,Confirmed Grid-Scale Storage (BESS),Dominion,True,,False,57143,36571,27826,2.1983862857142857e+26,2.251147556571429e+26,2.14103707826087e+26,True,False,"explicit storage token in project name or fuel/technology -- confirmed BESS, excluded from review list"
28INR0110,ERCOT,TX,McCulloch,200.0,"Biggs Battery Facility, LLC",Developer Not Matched To Known List,Tier 3: Confirmed Grid-Scale Storage (BESS),,51.3,Confirmed Grid-Scale Storage (BESS),,False,,False,57143,36571,27826,2.1983862857142857e+26,2.251147556571429e+26,2.14103707826087e+26,True,False,"explicit storage token in project name or fuel/technology -- confirmed BESS, excluded from review list"
26INR0179,ERCOT,TX,Zavala,200.0,SunShiner ESS LLC,Developer Not Matched To Known List,Tier 3: Confirmed Grid-Scale Storage (BESS),,45.0,Confirmed Grid-Scale Storage (BESS),,False,,False,57143,36571,27826,2.1983862857142857e+26,2.251147556571429e+26,2.14103707826087e+26,True,False,"explicit storage token in project name or fuel/technology -- confirmed BESS, excluded from review list"
25INR0039,ERCOT,TX,Hidalgo,200.0,"FRESH AIR ENERGY II, LLC",Developer Not Matched To Known List,Tier 3: Confirmed Grid-Scale Storage (BESS),,42.8,Confirmed Grid-Scale Storage (BESS),,False,,False,57143,36571,27826,2.1983862857142857e+26,2.251147556571429e+26,2.14103707826087e+26,True,False,"explicit storage token in project name or fuel/technology -- confirmed BESS, excluded from review list"
27INR0231,ERCOT,TX,Schleicher,200.0,"Easy Wind Energy Center, LLC",Developer Not Matched To Known List,Tier 3: Confirmed Grid-Scale Storage (BESS),,60.0,Confirmed Grid-Scale Storage (BESS),,False,,False,57143,36571,27826,2.1983862857142857e+26,2.251147556571429e+26,2.14103707826087e+26,True,False,"explicit storage token in project name or fuel/technology -- confirmed BESS, excluded from review list"
29INR0267,ERCOT,TX,Borden,200.0,EG White Oak LLC,Developer Not Matched To Known List,Tier 3: Confirmed Grid-Scale Storage (BESS),,45.0,Confirmed Grid-Scale Storage (BESS),,False,,False,57143,36571,27826,2.1983862857142857e+26,2.251147556571429e+26,2.14103707826087e+26,True,False,"explicit storage token in project name or fuel/technology -- confirmed BESS, excluded from review list"
24INR0445,ERCOT,TX,Starr,200.0,PureSky Development Inc,Developer Not Matched To Known List,Tier 3: Confirmed Grid-Scale Storage (BESS),,67.5,Confirmed Grid-Scale Storage (BESS),,False,,False,57143,36571,27826,2.1983862857142857e+26,2.251147556571429e+26,2.14103707826087e+26,True,False,"explicit storage token in project name or fuel/technology -- confirmed BESS, excluded from review list"
24INR0446,ERCOT,TX,Starr,200.0,PureSky Development Inc,Developer Not Matched To Known List,Tier 3: Confirmed Grid-Scale Storage (BESS),,67.5,Confirmed Grid-Scale Storage (BESS),,False,,False,57143,36571,27826,2.1983862857142857e+26,2.251147556571429e+26,2.14103707826087e+26,True,False,"explicit storage token in project name or fuel/technology -- confirmed BESS, excluded from review list"
24INR0447,ERCOT,TX,Hidalgo,200.0,PureSky Development Inc,Developer Not Matched To Known List,Tier 3: Confirmed Grid-Scale Storage (BESS),,67.5,Confirmed Grid-Scale Storage (BESS),,False,,False,57143,36571,27826,2.1983862857142857e+26,2.251147556571429e+26,2.14103707826087e+26,True,False,"explicit storage token in project name or fuel/technology -- confirmed BESS, excluded from review list"
30INR0140,ERCOT,TX,Montague,200.0,EG Primrose LLC,Developer Not Matched To Known List,Tier 3: Confirmed Grid-Scale Storage (BESS),,48.9,Confirmed Grid-Scale Storage (BESS),,False,,False,57143,36571,27826,2.1983862857142857e+26,2.251147556571429e+26,2.14103707826087e+26,True,False,"explicit storage token in project name or fuel/technology -- confirmed BESS, excluded from review list"
27INR0145,ERCOT,TX,Fannin,192.1,"GRS BESS TEXAS SEVEN, LLC",Developer Not Matched To Known List,Tier 3: Confirmed Grid-Scale Storage (BESS),,48.9,Confirmed Grid-Scale Storage (BESS),,False,,False,54886,35127,26727,2.1115500274285713e+26,2.1622272280868573e+26,2.0564661136695653e+26,True,False,"explicit storage token in project name or fuel/technology -- confirmed BESS, excluded from review list"
25INR0061,ERCOT,TX,Bee,192.0,"Charter Oak Storage, LLC",Developer Not Matched To Known List,Tier 3: Confirmed Grid-Scale Storage (BESS),,51.4,Confirmed Grid-Scale Storage (BESS),,False,,True,54857,35109,26713,2.1104508342857144e+26,2.1611016543085717e+26,2.0553955951304353e+26,True,False,"explicit storage token in project name or fuel/technology -- confirmed BESS, excluded from review list"
27INR0112,ERCOT,TX,Wharton,191.12,Malachite Storage LLC,Developer Not Matched To Known List,Tier 3: Confirmed Grid-Scale Storage (BESS),,60.0,Confirmed Grid-Scale Storage (BESS),,False,,True,54606,34948,26591,2.1007779346285713e+26,2.1511966050596573e+26,2.0459750319860873e+26,True,False,"explicit storage token in project name or fuel/technology -- confirmed BESS, excluded from review list"
25INR0552,ERCOT,TX,Cameron,190.01,Gransolar Texas Four LLC,Developer Not Matched To Known List,Tier 3: Confirmed Grid-Scale Storage (BESS),,68.4,Confirmed Grid-Scale Storage (BESS),,False,,False,54289,34745,26436,2.0885768907428573e+26,2.1387027361206858e+26,2.034092276201739e+26,True,False,"explicit storage token in project name or fuel/technology -- confirmed BESS, excluded from review list"
27INR0206,ERCOT,TX,Medina,188.95,Cattlemen BESS LLC,Developer Not Matched To Known List,Tier 3: Confirmed Grid-Scale Storage (BESS),,45.0,Confirmed Grid-Scale Storage (BESS),,False,,False,53986,34551,26289,2.0769254434285714e+26,2.1267716540708575e+26,2.022744779686957e+26,True,False,"explicit storage token in project name or fuel/technology -- confirmed BESS, excluded from review list"
24INR0617,ERCOT,TX,Maverick,185.59,"Maverick ESS, LLC",Developer Not Matched To Known List,Tier 3: Confirmed Grid-Scale Storage (BESS),,60.0,Confirmed Grid-Scale Storage (BESS),,False,,False,53026,33936,25821,2.0399925538285716e+26,2.088952375120457e+26,1.986775356772174e+26,True,False,"explicit storage token in project name or fuel/technology -- confirmed BESS, excluded from review list"
24INR0544,ERCOT,TX,Brown,185.57,"Brown ESS, LLC",Developer Not Matched To Known List,Tier 3: Confirmed Grid-Scale Storage (BESS),,48.0,Confirmed Grid-Scale Storage (BESS),,False,,False,53020,33933,25818,2.0397727152e+26,2.0887272603648005e+26,1.986561253064348e+26,True,False,"explicit storage token in project name or fuel/technology -- confirmed BESS, excluded from review list"
27INR0555,ERCOT,TX,Colorado,183.88,Montezuma Storage LLC,Developer Not Matched To Known List,Tier 3: Confirmed Grid-Scale Storage (BESS),,60.0,Confirmed Grid-Scale Storage (BESS),,False,,False,52537,33624,25583,2.0211963510857143e+26,2.069705063511772e+26,1.9684694897530435e+26,True,False,"explicit storage token in project name or fuel/technology -- confirmed BESS, excluded from review list"
26INR0385,ERCOT,TX,Reeves,181.54,"Nanulak BESS, L.L.C.",Developer Not Matched To Known List,Tier 3: Confirmed Grid-Scale Storage (BESS),,45.0,Confirmed Grid-Scale Storage (BESS),,False,,True,51869,33196,25258,1.9954752315428573e+26,2.043366637099886e+26,1.9434193559373914e+26,True,False,"explicit storage token in project name or fuel/technology -- confirmed BESS, excluded from review list"
27INR0562,ERCOT,TX,Ward,180.9,"Frizzle BESS, L.L.C.",Developer Not Matched To Known List,Tier 3: Confirmed Grid-Scale Storage (BESS),,42.8,Confirmed Grid-Scale Storage (BESS),,False,,False,51686,33079,25169,1.9884403954285716e+26,2.0361629649188573e+26,1.9365680372869567e+26,True,False,"explicit storage token in project name or fuel/technology -- confirmed BESS, excluded from review list"
23INR0312,ERCOT,TX,Tom Green,180.72,Momentum Hofbrau LLC,Developer Not Matched To Known List,Tier 3: Confirmed Grid-Scale Storage (BESS),,67.5,Confirmed Grid-Scale Storage (BESS),,False,,False,51634,33046,25144,1.9864618477714285e+26,2.034136932117943e+26,1.934641103916522e+26,True,False,"explicit storage token in project name or fuel/technology -- confirmed BESS, excluded from review list"
26INR0314,ERCOT,TX,Brazoria,180.36,Brazos River BESS LLC,Developer Not Matched To Known List,Tier 3: Confirmed Grid-Scale Storage (BESS),,49.1,Confirmed Grid-Scale Storage (BESS),,False,,True,51531,32980,25094,1.9825047524571427e+26,2.0300848665161146e+26,1.9307872371756526e+26,True,False,"explicit storage token in project name or fuel/technology -- confirmed BESS, excluded from review list"
26INR0420,ERCOT,TX,Mitchell,180.0,"Hunt Energy Network, LLC",Developer Not Matched To Known List,Tier 3: Confirmed Grid-Scale Storage (BESS),,45.0,Confirmed Grid-Scale Storage (BESS),,False,,False,51429,32914,25043,1.978547657142857e+26,2.0260328009142857e+26,1.9269333704347825e+26,True,False,"explicit storage token in project name or fuel/technology -- confirmed BESS, excluded from review list"
26INR0640,ERCOT,TX,Cameron,180.0,"Hunt Energy Network, LLC",Developer Not Matched To Known List,Tier 3: Confirmed Grid-Scale Storage (BESS),,45.0,Confirmed Grid-Scale Storage (BESS),,False,,False,51429,32914,25043,1.978547657142857e+26,2.0260328009142857e+26,1.9269333704347825e+26,True,False,"explicit storage token in project name or fuel/technology -- confirmed BESS, excluded from review list"
28INR0189,ERCOT,TX,Kenedy,178.5,Ocelot Solar LLC,Developer Not Matched To Known List,Tier 3: Confirmed Grid-Scale Storage (BESS),,60.0,Confirmed Grid-Scale Storage (BESS),,False,,False,51000,32640,24835,1.9620597600000003e+26,2.00914919424e+26,1.9108755923478265e+26,True,False,"explicit storage token in project name or fuel/technology -- confirmed BESS, excluded from review list"
25INR0432,ERCOT,TX,Anderson,176.13,"BT Brotherton Storage, LLC",Developer Not Matched To Known List,Tier 3: Confirmed Grid-Scale Storage (BESS),,51.4,Confirmed Grid-Scale Storage (BESS),,False,,True,50323,32207,24505,1.936008882514286e+26,1.982473095694629e+26,1.8855043029704347e+26,True,False,"explicit storage token in project name or fuel/technology -- confirmed BESS, excluded from review list"
25INR0370,ERCOT,TX,Rains,176.13,Majewski Storage LLC,Developer Not Matched To Known List,Tier 3: Confirmed Grid-Scale Storage (BESS),,60.0,Confirmed Grid-Scale Storage (BESS),,False,,True,50323,32207,24505,1.936008882514286e+26,1.982473095694629e+26,1.8855043029704347e+26,True,False,"explicit storage token in project name or fuel/technology -- confirmed BESS, excluded from review list"
25INR0371,ERCOT,TX,Hunt,176.13,"BT McMurtre Storage, LLC",Developer Not Matched To Known List,Tier 3: Confirmed Grid-Scale Storage (BESS),,51.4,Confirmed Grid-Scale Storage (BESS),,False,,True,50323,32207,24505,1.936008882514286e+26,1.982473095694629e+26,1.8855043029704347e+26,True,False,"explicit storage token in project name or fuel/technology -- confirmed BESS, excluded from review list"
25INR0466,ERCOT,TX,Wise,175.65,"BT Yooperlite Storage, LLC",Developer Not Matched To Known List,Tier 3: Confirmed Grid-Scale Storage (BESS),,51.4,Confirmed Grid-Scale Storage (BESS),,False,,False,50186,32119,24438,1.9307327554285717e+26,1.977070341558857e+26,1.8803658139826087e+26,True,False,"explicit storage token in project name or fuel/technology -- confirmed BESS, excluded from review list"
21INR0262,ERCOT,TX,Upton,175.6,King Mountain Storage LLC,Developer Not Matched To Known List,Tier 3: Confirmed Grid-Scale Storage (BESS),,52.6,Confirmed Grid-Scale Storage (BESS),,False,,False,50171,32110,24431,1.9301831588571428e+26,1.9765075546697144e+26,1.8798305547130436e+26,True,False,"explicit storage token in project name or fuel/technology -- confirmed BESS, excluded from review list"
28INR0247,ERCOT,TX,Hidalgo,174.66,Eligius Storage LLC,Developer Not Matched To Known List,Tier 3: Confirmed Grid-Scale Storage (BESS),,52.6,Confirmed Grid-Scale Storage (BESS),,False,,False,49903,31938,24301,1.9198507433142858e+26,1.9659271611538284e+26,1.8697676804452174e+26,True,False,"explicit storage token in project name or fuel/technology -- confirmed BESS, excluded from review list"
26INR0280,ERCOT,TX,Wichita,174.08,"Pethrus BESS, LLC",Developer Not Matched To Known List,Tier 3: Confirmed Grid-Scale Storage (BESS),,51.4,Confirmed Grid-Scale Storage (BESS),,False,,False,49737,31832,24220,1.9134754230857143e+26,1.9593988332397713e+26,1.863558672918261e+26,True,False,"explicit storage token in project name or fuel/technology -- confirmed BESS, excluded from review list"
26INR0291,ERCOT,TX,Schleicher,171.75,Cold Creek Solar and Storage LLC,Developer Not Matched To Known List,Tier 3: Confirmed Grid-Scale Storage (BESS),,52.6,Confirmed Grid-Scale Storage (BESS),,False,,True,49071,31406,23896,1.887864222857143e+26,1.9331729642057142e+26,1.838615590956522e+26,True,False,"explicit storage token in project name or fuel/technology -- confirmed BESS, excluded from review list"
23INR0425,ERCOT,TX,Chambers,170.85,Coneflower Storage Project LLC,Developer Not Matched To Known List,Tier 3: Confirmed Grid-Scale Storage (BESS),,60.0,Confirmed Grid-Scale Storage (BESS),,False,,True,48814,31241,23770,1.8779714845714285e+26,1.923042800201143e+26,1.8289809241043477e+26,True,False,"explicit storage token in project name or fuel/technology -- confirmed BESS, excluded from review list"
27INR0097,ERCOT,TX,Hopkins,169.6,BLUE STONE RENEWABLE XXI LLC,Developer Not Matched To Known List,Tier 3: Confirmed Grid-Scale Storage (BESS),,56.2,Confirmed Grid-Scale Storage (BESS),,False,,False,48457,31013,23597,1.8642315702857143e+26,1.9089731279725714e+26,1.8155994423652177e+26,True,False,"explicit storage token in project name or fuel/technology -- confirmed BESS, excluded from review list"
26INR0083,ERCOT,TX,Tom Green,163.93,ZEPPELIN ENERGY STORAGE LLC,Developer Not Matched To Known List,Tier 3: Confirmed Grid-Scale Storage (BESS),,51.4,Confirmed Grid-Scale Storage (BESS),,False,,False,46837,29976,22808,1.801907319085714e+26,1.8451530947437716e+26,1.7549010411965222e+26,True,False,"explicit storage token in project name or fuel/technology -- confirmed BESS, excluded from review list"
26INR0455,ERCOT,TX,Tom Green,162.5,"Dove Creek Solar, LLC",Developer Not Matched To Known List,Tier 3: Confirmed Grid-Scale Storage (BESS),,47.4,Confirmed Grid-Scale Storage (BESS),,False,,False,46429,29714,22609,1.786188857142857e+26,1.829057389714286e+26,1.739592626086957e+26,True,False,"explicit storage token in project name or fuel/technology -- confirmed BESS, excluded from review list"
25INR0175,ERCOT,TX,Concho,162.4,"Concho Pearl Solar, LLC",Developer Not Matched To Known List,Tier 3: Confirmed Grid-Scale Storage (BESS),,49.1,Confirmed Grid-Scale Storage (BESS),,False,,True,46400,29696,22595,1.7850896640000002e+26,1.8279318159360002e+26,1.7385221075478265e+26,True,False,"explicit storage token in project name or fuel/technology -- confirmed BESS, excluded from review list"
AG2-545 - moved to TC2,PJM,IL,McHenry,160.0,NOT PUBLISHED IN PJM QUEUE EXPORT,Developer Not Disclosed,Tier 3: Confirmed Grid-Scale Storage (BESS),,0.0,Confirmed Grid-Scale Storage (BESS),ComEd,True,,False,45714,29257,22261,1.7587090285714286e+26,1.800918045257143e+26,1.7128296626086956e+26,True,False,"explicit storage token in project name or fuel/technology -- confirmed BESS, excluded from review list"
25INR0579,ERCOT,TX,McLennan,159.6,"Albatross Solar, LLC",Developer Not Matched To Known List,Tier 3: Confirmed Grid-Scale Storage (BESS),,55.4,Confirmed Grid-Scale Storage (BESS),,False,,True,45600,29184,22205,1.754312256e+26,1.796415750144e+26,1.7085475884521742e+26,True,False,"explicit storage token in project name or fuel/technology -- confirmed BESS, excluded from review list"
24INR0419,ERCOT,TX,Harris,157.7,"ROBP Holdings, LLC",Developer Not Matched To Known List,Tier 3: Confirmed Grid-Scale Storage (BESS),,45.2,Confirmed Grid-Scale Storage (BESS),,False,,False,45057,28837,21941,1.7334275862857142e+26,1.7750298483565714e+26,1.688207736208696e+26,True,False,"explicit storage token in project name or fuel/technology -- confirmed BESS, excluded from review list"
28INR0438,ERCOT,TX,Mills,157.12,Invenergy Storage Development LLC,Developer Not Matched To Known List,Tier 3: Confirmed Grid-Scale Storage (BESS),,52.6,Confirmed Grid-Scale Storage (BESS),,False,,False,44891,28731,21860,1.7270522660571427e+26,1.7685015204425143e+26,1.6819987286817392e+26,True,False,"explicit storage token in project name or fuel/technology -- confirmed BESS, excluded from review list"
27INR0180,ERCOT,TX,Bexar,157.12,"GRS BESS TEXAS TEN, LLC",Developer Not Matched To Known List,Tier 3: Confirmed Grid-Scale Storage (BESS),,68.4,Confirmed Grid-Scale Storage (BESS),,False,,False,44891,28731,21860,1.7270522660571427e+26,1.7685015204425143e+26,1.6819987286817392e+26,True,False,"explicit storage token in project name or fuel/technology -- confirmed BESS, excluded from review list"
27INR0092,ERCOT,TX,Leon,157.12,Gransolar Texas Three LLC,Developer Not Matched To Known List,Tier 3: Confirmed Grid-Scale Storage (BESS),,45.0,Confirmed Grid-Scale Storage (BESS),,False,,False,44891,28731,21860,1.7270522660571427e+26,1.7685015204425143e+26,1.6819987286817392e+26,True,False,"explicit storage token in project name or fuel/technology -- confirmed BESS, excluded from review list"
27INR0151,ERCOT,TX,Karnes,156.93,"Coyote Den Energy Center, LLC",Developer Not Matched To Known List,Tier 3: Confirmed Grid-Scale Storage (BESS),,54.0,Confirmed Grid-Scale Storage (BESS),,False,,False,44837,28696,21834,1.724963799085714e+26,1.7663629302637714e+26,1.6799647434573914e+26,True,False,"explicit storage token in project name or fuel/technology -- confirmed BESS, excluded from review list"
23INR0495,ERCOT,TX,Hopkins,156.91,RWE Renewables,Developer Not Matched To Known List,Tier 3: Confirmed Grid-Scale Storage (BESS),,45.0,Confirmed Grid-Scale Storage (BESS),,False,,False,44831,28692,21831,1.7247439604571427e+26,1.7661378155081144e+26,1.6797506397495652e+26,True,False,"explicit storage token in project name or fuel/technology -- confirmed BESS, excluded from review list"
25INR0248,ERCOT,TX,Wilson,156.73,"Strawberry Acres Energy Center, LLC",Developer Not Matched To Known List,Tier 3: Confirmed Grid-Scale Storage (BESS),,60.0,Confirmed Grid-Scale Storage (BESS),,False,,False,44780,28659,21806,1.7227654128e+26,1.7641117827072e+26,1.6778237063791303e+26,True,False,"explicit storage token in project name or fuel/technology -- confirmed BESS, excluded from review list"
25INR0237,ERCOT,TX,Brazoria,156.6,"Austin Bayou Solar, LLC",Developer Not Matched To Known List,Tier 3: Confirmed Grid-Scale Storage (BESS),,60.0,Confirmed Grid-Scale Storage (BESS),,False,,True,44743,28635,21788,1.7213364617142858e+26,1.762648536795429e+26,1.676432032278261e+26,True,False,"explicit storage token in project name or fuel/technology -- confirmed BESS, excluded from review list"
25INR0236,ERCOT,TX,Brazoria,156.6,"Austin Bayou Solar, LLC",Developer Not Matched To Known List,Tier 3: Confirmed Grid-Scale Storage (BESS),,60.0,Confirmed Grid-Scale Storage (BESS),,False,,True,44743,28635,21788,1.7213364617142858e+26,1.762648536795429e+26,1.676432032278261e+26,True,False,"explicit storage token in project name or fuel/technology -- confirmed BESS, excluded from review list"
29INR0123,ERCOT,TX,Colorado,156.52,Firefly Fields Energy Center LLC,Developer Not Matched To Known List,Tier 3: Confirmed Grid-Scale Storage (BESS),,51.3,Confirmed Grid-Scale Storage (BESS),,False,,False,44720,28621,21777,1.7204571072e+26,1.7617480777728e+26,1.6755756174469567e+26,True,False,"explicit storage token in project name or fuel/technology -- confirmed BESS, excluded from review list"
23INR0462,ERCOT,TX,Hidalgo,156.33,Palladium Energy Storage LLC,Developer Not Matched To Known List,Tier 3: Confirmed Grid-Scale Storage (BESS),,64.1,Confirmed Grid-Scale Storage (BESS),,False,,False,44666,28586,21750,1.718368640228572e+26,1.7596094875940573e+26,1.673541632222609e+26,True,False,"explicit storage token in project name or fuel/technology -- confirmed BESS, excluded from review list"
25INR0392,ERCOT,TX,Collin,156.0,"Purple Sage, LLC",Developer Not Matched To Known List,Tier 3: Confirmed Grid-Scale Storage (BESS),,46.6,Confirmed Grid-Scale Storage (BESS),,False,,True,44571,28526,21704,1.7147413028571427e+26,1.7558950941257144e+26,1.6700089210434785e+26,True,False,"explicit storage token in project name or fuel/technology -- confirmed BESS, excluded from review list"
25INR0391,ERCOT,TX,Collin,156.0,"Purple Sage, LLC",Developer Not Matched To Known List,Tier 3: Confirmed Grid-Scale Storage (BESS),,46.6,Confirmed Grid-Scale Storage (BESS),,False,,True,44571,28526,21704,1.7147413028571427e+26,1.7558950941257144e+26,1.6700089210434785e+26,True,False,"explicit storage token in project name or fuel/technology -- confirmed BESS, excluded from review list"
28INR0156,ERCOT,TX,Taylor,156.0,"Taylor ESS, LLC",Developer Not Matched To Known List,Tier 3: Confirmed Grid-Scale Storage (BESS),,60.0,Confirmed Grid-Scale Storage (BESS),,False,,False,44571,28526,21704,1.7147413028571427e+26,1.7558950941257144e+26,1.6700089210434785e+26,True,False,"explicit storage token in project name or fuel/technology -- confirmed BESS, excluded from review list"
AF1-176 - moved to TC1,PJM,MI,St. Joseph,155.68,NOT PUBLISHED IN PJM QUEUE EXPORT,Developer Not Disclosed,Tier 3: Confirmed Grid-Scale Storage (BESS),,0.0,Confirmed Grid-Scale Storage (BESS),AEP,False,,False,44480,28467,21660,1.7112238848e+26,1.7522932580352002e+26,1.666583261718261e+26,True,False,"explicit storage token in project name or fuel/technology -- confirmed BESS, excluded from review list"
27INR0029,ERCOT,TX,Wichita,155.66,"Wichita Solar I, LLC",Developer Not Matched To Known List,Tier 3: Confirmed Grid-Scale Storage (BESS),,60.0,Confirmed Grid-Scale Storage (BESS),,False,,False,44474,28464,21657,1.7110040461714285e+26,1.752068143279543e+26,1.6663691580104348e+26,True,False,"explicit storage token in project name or fuel/technology -- confirmed BESS, excluded from review list"
28INR0199,ERCOT,TX,Runnels,155.2,"Winters Glow Storage, LLC",Developer Not Matched To Known List,Tier 3: Confirmed Grid-Scale Storage (BESS),,51.4,Confirmed Grid-Scale Storage (BESS),,False,,False,44343,28379,21593,1.7059477577142858e+26,1.7468905038994287e+26,1.6614447727304346e+26,True,False,"explicit storage token in project name or fuel/technology -- confirmed BESS, excluded from review list"
29INR0152,ERCOT,TX,Medina,155.2,Nova Clean Energy LLC,Developer Not Matched To Known List,Tier 3: Confirmed Grid-Scale Storage (BESS),,45.0,Confirmed Grid-Scale Storage (BESS),,False,,False,44343,28379,21593,1.7059477577142858e+26,1.7468905038994287e+26,1.6614447727304346e+26,True,False,"explicit storage token in project name or fuel/technology -- confirmed BESS, excluded from review list"
29INR0057,ERCOT,TX,Hopkins,155.1,Palomino Renewables,Developer Not Matched To Known List,Tier 3: Confirmed Grid-Scale Storage (BESS),,45.0,Confirmed Grid-Scale Storage (BESS),,False,,False,44314,28361,21579,1.7048485645714286e+26,1.745764930121143e+26,1.6603742541913046e+26,True,False,"explicit storage token in project name or fuel/technology -- confirmed BESS, excluded from review list"
22INR0443,ERCOT,TX,San Patricio,155.0,"Longbow Energy Storage, LLC",Developer Not Matched To Known List,Tier 3: Confirmed Grid-Scale Storage (BESS),,51.4,Confirmed Grid-Scale Storage (BESS),,False,,True,44286,28343,21565,1.7037493714285718e+26,1.744639356342857e+26,1.6593037356521743e+26,True,False,"explicit storage token in project name or fuel/technology -- confirmed BESS, excluded from review list"
27INR0220,ERCOT,TX,Ellis,155.0,"Galaxy Solar, LLC",Developer Not Matched To Known List,Tier 3: Confirmed Grid-Scale Storage (BESS),,45.0,Confirmed Grid-Scale Storage (BESS),,False,,False,44286,28343,21565,1.7037493714285718e+26,1.744639356342857e+26,1.6593037356521743e+26,True,False,"explicit storage token in project name or fuel/technology -- confirmed BESS, excluded from review list"
24INR0425,ERCOT,TX,Victoria,154.65,"BRP Blue Topaz 2, LLC",Developer Not Matched To Known List,Tier 3: Confirmed Grid-Scale Storage (BESS),,45.0,Confirmed Grid-Scale Storage (BESS),,False,,True,44186,28279,21517,1.6999021954285716e+26,1.7406998481188573e+26,1.6555569207652174e+26,True,False,"explicit storage token in project name or fuel/technology -- confirmed BESS, excluded from review list"
25INR0131,ERCOT,TX,Madison,154.63,"Sosa Energy Center, LLC",Developer Not Matched To Known List,Tier 3: Confirmed Grid-Scale Storage (BESS),,49.1,Confirmed Grid-Scale Storage (BESS),,False,,True,44180,28275,21514,1.6996823568e+26,1.7404747333632003e+26,1.6553428170573916e+26,True,False,"explicit storage token in project name or fuel/technology -- confirmed BESS, excluded from review list"
27INR0117,ERCOT,TX,Guadalupe,154.3,Flexen USA LLC,Developer Not Matched To Known List,Tier 3: Confirmed Grid-Scale Storage (BESS),,42.8,Confirmed Grid-Scale Storage (BESS),,False,,False,44086,28215,21468,1.6960550194285718e+26,1.736760339894857e+26,1.651810105878261e+26,True,False,"explicit storage token in project name or fuel/technology -- confirmed BESS, excluded from review list"
28INR0341,ERCOT,TX,Matagorda,154.3,BESS BASTION LLC,Developer Not Matched To Known List,Tier 3: Confirmed Grid-Scale Storage (BESS),,60.0,Confirmed Grid-Scale Storage (BESS),,False,,False,44086,28215,21468,1.6960550194285718e+26,1.736760339894857e+26,1.651810105878261e+26,True,False,"explicit storage token in project name or fuel/technology -- confirmed BESS, excluded from review list"
28INR0465,ERCOT,TX,Galveston,154.25,Flexen USA LLC,Developer Not Matched To Known List,Tier 3: Confirmed Grid-Scale Storage (BESS),,42.8,Confirmed Grid-Scale Storage (BESS),,False,,False,44071,28206,21461,1.6955054228571428e+26,1.736197553005714e+26,1.6512748466086956e+26,True,False,"explicit storage token in project name or fuel/technology -- confirmed BESS, excluded from review list"
27INR0441,ERCOT,TX,Milam,154.2,"Pavo Creek Storage, LLC",Developer Not Matched To Known List,Tier 3: Confirmed Grid-Scale Storage (BESS),,51.4,Confirmed Grid-Scale Storage (BESS),,False,,False,44057,28197,21454,1.6949558262857142e+26,1.7356347661165714e+26,1.6507395873391304e+26,True,False,"explicit storage token in project name or fuel/technology -- confirmed BESS, excluded from review list"
24INR0196,ERCOT,TX,Harris,154.0,Sunnyside Energy LLC,Developer Not Matched To Known List,Tier 3: Confirmed Grid-Scale Storage (BESS),,50.0,Confirmed Grid-Scale Storage (BESS),,False,,True,44000,28160,21426,1.69275744e+26,1.7333836185600002e+26,1.64859855026087e+26,True,False,"explicit storage token in project name or fuel/technology -- confirmed BESS, excluded from review list"
26INR0426,ERCOT,TX,Waller,153.96,"Twinwood ES1, LLC",Developer Not Matched To Known List,Tier 3: Confirmed Grid-Scale Storage (BESS),,45.0,Confirmed Grid-Scale Storage (BESS),,False,,True,43989,28153,21421,1.6923177627428572e+26,1.732933389048686e+26,1.6481703428452175e+26,True,False,"explicit storage token in project name or fuel/technology -- confirmed BESS, excluded from review list"
29INR0324,ERCOT,TX,Pecos,153.9,Marigold BESS LLC,Developer Not Matched To Known List,Tier 3: Confirmed Grid-Scale Storage (BESS),,60.0,Confirmed Grid-Scale Storage (BESS),,False,,False,43971,28142,21412,1.6916582468571426e+26,1.7322580447817142e+26,1.6475280317217394e+26,True,False,"explicit storage token in project name or fuel/technology -- confirmed BESS, excluded from review list"
28INR0226,ERCOT,TX,Austin,153.88,Karol Solar V,Developer Not Matched To Known List,Tier 3: Confirmed Grid-Scale Storage (BESS),,45.0,Confirmed Grid-Scale Storage (BESS),,False,,False,43966,28138,21409,1.6914384082285717e+26,1.7320329300260572e+26,1.6473139280139132e+26,True,False,"explicit storage token in project name or fuel/technology -- confirmed BESS, excluded from review list"
24INR0274,ERCOT,TX,Collin,153.77,"Boxcar Energy Storage, LLC",Developer Not Matched To Known List,Tier 3: Confirmed Grid-Scale Storage (BESS),,51.4,Confirmed Grid-Scale Storage (BESS),,False,,True,43934,28118,21394,1.6902292957714285e+26,1.730794798869943e+26,1.64613635762087e+26,True,False,"explicit storage token in project name or fuel/technology -- confirmed BESS, excluded from review list"
25INR0253,ERCOT,TX,Van Zandt,153.72,Whiskey BESS LLC,Developer Not Matched To Known List,Tier 3: Confirmed Grid-Scale Storage (BESS),,45.0,Confirmed Grid-Scale Storage (BESS),,False,,True,43920,28109,21387,1.6896796992e+26,1.7302320119808e+26,1.6456010983513045e+26,True,False,"explicit storage token in project name or fuel/technology -- confirmed BESS, excluded from review list"
25INR0693,ERCOT,TX,Leon,153.7,Leon BESS,Developer Not Matched To Known List,Tier 3: Confirmed Grid-Scale Storage (BESS),,48.0,Confirmed Grid-Scale Storage (BESS),,False,,False,43914,28105,21384,1.6894598605714286e+26,1.730006897225143e+26,1.6453869946434787e+26,True,False,"explicit storage token in project name or fuel/technology -- confirmed BESS, excluded from review list"
25INR0384,ERCOT,TX,Van Zandt,153.69,ZORRO BESS LLC,Developer Not Matched To Known List,Tier 3: Confirmed Grid-Scale Storage (BESS),,45.0,Confirmed Grid-Scale Storage (BESS),,False,,True,43911,28103,21383,1.6893499412571426e+26,1.7298943398473143e+26,1.6452799427895654e+26,True,False,"explicit storage token in project name or fuel/technology -- confirmed BESS, excluded from review list"
26INR0616,ERCOT,TX,Blanco,153.62,"DM-BCB, LLC",Developer Not Matched To Known List,Tier 3: Confirmed Grid-Scale Storage (BESS),,30.0,Confirmed Grid-Scale Storage (BESS),,False,,False,43891,28091,21373,1.6885805060571427e+26,1.7291064382025143e+26,1.644530579812174e+26,True,False,"explicit storage token in project name or fuel/technology -- confirmed BESS, excluded from review list"
26INR0613,ERCOT,TX,Wichita,153.62,"DM-WCM, LLC",Developer Not Matched To Known List,Tier 3: Confirmed Grid-Scale Storage (BESS),,38.1,Confirmed Grid-Scale Storage (BESS),,False,,False,43891,28091,21373,1.6885805060571427e+26,1.7291064382025143e+26,1.644530579812174e+26,True,False,"explicit storage token in project name or fuel/technology -- confirmed BESS, excluded from review list"
27INR0014,ERCOT,TX,Henderson,153.6,"Kit Fox Storage, LLC",Developer Not Matched To Known List,Tier 3: Confirmed Grid-Scale Storage (BESS),,51.4,Confirmed Grid-Scale Storage (BESS),,False,,False,43886,28087,21370,1.6883606674285717e+26,1.728881323446857e+26,1.644316476104348e+26,True,False,"explicit storage token in project name or fuel/technology -- confirmed BESS, excluded from review list"
22INR0457,ERCOT,TX,Jones,153.55,Anson II Storage LLC,Developer Not Matched To Known List,Tier 3: Confirmed Grid-Scale Storage (BESS),,60.0,Confirmed Grid-Scale Storage (BESS),,False,,True,43871,28078,21363,1.6878110708571428e+26,1.7283185365577144e+26,1.6437812168347825e+26,True,False,"explicit storage token in project name or fuel/technology -- confirmed BESS, excluded from review list"
29INR0174,ERCOT,TX,Brazoria,153.5,Flexen USA LLC,Developer Not Matched To Known List,Tier 3: Confirmed Grid-Scale Storage (BESS),,42.8,Confirmed Grid-Scale Storage (BESS),,False,,False,43857,28069,21357,1.6872614742857142e+26,1.7277557496685714e+26,1.6432459575652176e+26,True,False,"explicit storage token in project name or fuel/technology -- confirmed BESS, excluded from review list"
23INR0183,ERCOT,TX,Webb,153.11,"Pradera Storage, LLC",Developer Not Matched To Known List,Tier 3: Confirmed Grid-Scale Storage (BESS),,60.0,Confirmed Grid-Scale Storage (BESS),,False,,False,43746,27997,21302,1.6829746210285718e+26,1.7233660119332572e+26,1.6390709352626088e+26,True,False,"explicit storage token in project name or fuel/technology -- confirmed BESS, excluded from review list"
27INR0187,ERCOT,TX,Freestone,153.1,"Silver Dollar Solar Project, LLC",Developer Not Matched To Known List,Tier 3: Confirmed Grid-Scale Storage (BESS),,45.0,Confirmed Grid-Scale Storage (BESS),,False,,False,43743,27995,21301,1.6828647017142858e+26,1.723253454555429e+26,1.6389638834086955e+26,True,False,"explicit storage token in project name or fuel/technology -- confirmed BESS, excluded from review list"
26INR0602,ERCOT,TX,Eastland,153.0,"Damia Solar, LLC",Developer Not Matched To Known List,Tier 3: Confirmed Grid-Scale Storage (BESS),,60.0,Confirmed Grid-Scale Storage (BESS),,False,,False,43714,27977,21287,1.6817655085714286e+26,1.722127880777143e+26,1.6378933648695652e+26,True,False,"explicit storage token in project name or fuel/technology -- confirmed BESS, excluded from review list"
24INR0168,ERCOT,TX,Victoria,152.31,"Tejano Storage, LLC",Developer Not Matched To Known List,Tier 3: Confirmed Grid-Scale Storage (BESS),,51.4,Confirmed Grid-Scale Storage (BESS),,False,,False,43517,27851,21191,1.6741810758857142e+26,1.7143614217069715e+26,1.6305067869495653e+26,True,False,"explicit storage token in project name or fuel/technology -- confirmed BESS, excluded from review list"
28INR0349,ERCOT,TX,Nolan,152.02,PowerPulse LLC,Developer Not Matched To Known List,Tier 3: Confirmed Grid-Scale Storage (BESS),,48.9,Confirmed Grid-Scale Storage (BESS),,False,,False,43434,27798,21151,1.6709934157714287e+26,1.711097257749943e+26,1.627402283186087e+26,True,False,"explicit storage token in project name or fuel/technology -- confirmed BESS, excluded from review list"
28INR0304,ERCOT,TX,Goliad,151.46,Kuy Creek Storage 1 LLC,Developer Not Matched To Known List,Tier 3: Confirmed Grid-Scale Storage (BESS),,52.6,Confirmed Grid-Scale Storage (BESS),,False,,False,43274,27696,21073,1.6648379341714284e+26,1.7047940445915432e+26,1.6214073793669566e+26,True,False,"explicit storage token in project name or fuel/technology -- confirmed BESS, excluded from review list"
26INR0222,ERCOT,TX,Nueces,151.2,AEU BATTERY PROJECT IV LLC,Developer Not Matched To Known List,Tier 3: Confirmed Grid-Scale Storage (BESS),,48.9,Confirmed Grid-Scale Storage (BESS),,False,,False,43200,27648,21037,1.661980032e+26,1.701867552768e+26,1.6186240311652175e+26,True,False,"explicit storage token in project name or fuel/technology -- confirmed BESS, excluded from review list"
25INR0076,ERCOT,TX,Nueces,151.0,VIOLET STORAGE,Developer Not Matched To Known List,Tier 3: Confirmed Grid-Scale Storage (BESS),,60.0,Confirmed Grid-Scale Storage (BESS),,False,,False,43143,27611,21009,1.6597816457142858e+26,1.6996164052114287e+26,1.6164829940869568e+26,True,False,"explicit storage token in project name or fuel/technology -- confirmed BESS, excluded from review list"
21INR0456,ERCOT,TX,Wharton,150.83,"Brush Storage, LLC",Developer Not Matched To Known List,Tier 3: Confirmed Grid-Scale Storage (BESS),,51.4,Confirmed Grid-Scale Storage (BESS),,False,,False,43094,27580,20985,1.6579130173714287e+26,1.697702929788343e+26,1.6146631125704348e+26,True,False,"explicit storage token in project name or fuel/technology -- confirmed BESS, excluded from review list"
28INR0290,ERCOT,TX,Erath,150.8,Field Marshal Storage LLC,Developer Not Matched To Known List,Tier 3: Confirmed Grid-Scale Storage (BESS),,52.6,Confirmed Grid-Scale Storage (BESS),,False,,False,43086,27575,20981,1.6575832594285717e+26,1.697365257654857e+26,1.6143419570086957e+26,True,False,"explicit storage token in project name or fuel/technology -- confirmed BESS, excluded from review list"
27INR0593,ERCOT,TX,McCulloch,150.79,Luminous Energy Renewables LLC,Developer Not Matched To Known List,Tier 3: Confirmed Grid-Scale Storage (BESS),,51.3,Confirmed Grid-Scale Storage (BESS),,False,,False,43083,27573,20979,1.6574733401142857e+26,1.6972527002770284e+26,1.6142349051547825e+26,True,False,"explicit storage token in project name or fuel/technology -- confirmed BESS, excluded from review list"
26INR0084,ERCOT,TX,Freestone,150.78,"Amerada Solar, LLC",Developer Not Matched To Known List,Tier 3: Confirmed Grid-Scale Storage (BESS),,67.5,Confirmed Grid-Scale Storage (BESS),,False,,False,43080,27571,20978,1.6573634208e+26,1.6971401428992e+26,1.61412785330087e+26,True,False,"explicit storage token in project name or fuel/technology -- confirmed BESS, excluded from review list"
24INR0331,ERCOT,TX,Brown,150.7,"Blue Heron Solar, LLC",Developer Not Matched To Known List,Tier 3: Confirmed Grid-Scale Storage (BESS),,45.0,Confirmed Grid-Scale Storage (BESS),,False,,False,43057,27557,20967,1.6564840662857142e+26,1.6962396838765715e+26,1.6132714384695654e+26,True,False,"explicit storage token in project name or fuel/technology -- confirmed BESS, excluded from review list"
25INR0235,ERCOT,TX,Brazoria,150.68,"Austin Bayou Solar, LLC",Developer Not Matched To Known List,Tier 3: Confirmed Grid-Scale Storage (BESS),,60.0,Confirmed Grid-Scale Storage (BESS),,False,,True,43051,27553,20964,1.656264227657143e+26,1.6960145691209145e+26,1.6130573347617392e+26,True,False,"explicit storage token in project name or fuel/technology -- confirmed BESS, excluded from review list"
26INR0189,ERCOT,TX,Brazoria,150.6,Skipper Energy Storage LLC,Developer Not Matched To Known List,Tier 3: Confirmed Grid-Scale Storage (BESS),,52.6,Confirmed Grid-Scale Storage (BESS),,False,,True,43029,27538,20953,1.6553848731428573e+26,1.695114110098286e+26,1.612200919930435e+26,True,False,"explicit storage token in project name or fuel/technology -- confirmed BESS, excluded from review list"
21INR0492,ERCOT,TX,Tarrant,150.6,"Stockyard Grid, LLC",Developer Not Matched To Known List,Tier 3: Confirmed Grid-Scale Storage (BESS),,60.0,Confirmed Grid-Scale Storage (BESS),,False,,True,43029,27538,20953,1.6553848731428573e+26,1.695114110098286e+26,1.612200919930435e+26,True,False,"explicit storage token in project name or fuel/technology -- confirmed BESS, excluded from review list"
30INR0100,ERCOT,TX,Pecos,150.6,"Pentarise BESS, LLC",Developer Not Matched To Known List,Tier 3: Confirmed Grid-Scale Storage (BESS),,67.5,Confirmed Grid-Scale Storage (BESS),,False,,False,43029,27538,20953,1.6553848731428573e+26,1.695114110098286e+26,1.612200919930435e+26,True,False,"explicit storage token in project name or fuel/technology -- confirmed BESS, excluded from review list"
26INR0180,ERCOT,TX,Navarro,150.52,Cape Rich BESS,Developer Not Matched To Known List,Tier 3: Confirmed Grid-Scale Storage (BESS),,45.5,Confirmed Grid-Scale Storage (BESS),,False,,True,43006,27524,20942,1.6545055186285718e+26,1.6942136510756572e+26,1.6113445050991305e+26,True,False,"explicit storage token in project name or fuel/technology -- confirmed BESS, excluded from review list"
25INR0402,ERCOT,TX,Colorado,150.52,Driet BESS LLC,Developer Not Matched To Known List,Tier 3: Confirmed Grid-Scale Storage (BESS),,45.0,Confirmed Grid-Scale Storage (BESS),,False,,True,43006,27524,20942,1.6545055186285718e+26,1.6942136510756572e+26,1.6113445050991305e+26,True,False,"explicit storage token in project name or fuel/technology -- confirmed BESS, excluded from review list"
26INR0219,ERCOT,TX,Cooke,150.52,Mountain Springs BESS,Developer Not Matched To Known List,Tier 3: Confirmed Grid-Scale Storage (BESS),,54.0,Confirmed Grid-Scale Storage (BESS),,False,,False,43006,27524,20942,1.6545055186285718e+26,1.6942136510756572e+26,1.6113445050991305e+26,True,False,"explicit storage token in project name or fuel/technology -- confirmed BESS, excluded from review list"
25INR0396,ERCOT,TX,Martin,150.5,Grady BESS,Developer Not Matched To Known List,Tier 3: Confirmed Grid-Scale Storage (BESS),,47.5,Confirmed Grid-Scale Storage (BESS),,False,,False,43000,27520,20939,1.65428568e+26,1.69398853632e+26,1.6111304013913043e+26,True,False,"explicit storage token in project name or fuel/technology -- confirmed BESS, excluded from review list"
27INR0050,ERCOT,TX,Comanche,150.5,"Mustang Creek Solar, LLC",Developer Not Matched To Known List,Tier 3: Confirmed Grid-Scale Storage (BESS),,67.5,Confirmed Grid-Scale Storage (BESS),,False,,True,43000,27520,20939,1.65428568e+26,1.69398853632e+26,1.6111304013913043e+26,True,False,"explicit storage token in project name or fuel/technology -- confirmed BESS, excluded from review list"
26INR0328,ERCOT,TX,Dewitt,150.49,Navitas Energy LLC,Developer Not Matched To Known List,Tier 3: Confirmed Grid-Scale Storage (BESS),,68.4,Confirmed Grid-Scale Storage (BESS),,False,,False,42997,27518,20938,1.654175760685714e+26,1.6938759789421716e+26,1.6110233495373914e+26,True,False,"explicit storage token in project name or fuel/technology -- confirmed BESS, excluded from review list"
27INR0364,ERCOT,TX,Schleicher,150.44,TIPPSOL LLC,Developer Not Matched To Known List,Tier 3: Confirmed Grid-Scale Storage (BESS),,45.0,Confirmed Grid-Scale Storage (BESS),,False,,False,42983,27509,20931,1.653626164114286e+26,1.6933131920530286e+26,1.6104880902678263e+26,True,False,"explicit storage token in project name or fuel/technology -- confirmed BESS, excluded from review list"
25INR0376,ERCOT,TX,Hidalgo,150.43,"BRP BLUE TOPAZ 7, LLC",Developer Not Matched To Known List,Tier 3: Confirmed Grid-Scale Storage (BESS),,45.0,Confirmed Grid-Scale Storage (BESS),,False,,False,42980,27507,20929,1.6535162448e+26,1.6932006346752e+26,1.6103810384139134e+26,True,False,"explicit storage token in project name or fuel/technology -- confirmed BESS, excluded from review list"
28INR0009,ERCOT,TX,Knox,150.39,Rolling Plains Solar,Developer Not Matched To Known List,Tier 3: Confirmed Grid-Scale Storage (BESS),,42.8,Confirmed Grid-Scale Storage (BESS),,False,,True,42969,27500,20924,1.6530765675428573e+26,1.692750405163886e+26,1.609952830998261e+26,True,False,"explicit storage token in project name or fuel/technology -- confirmed BESS, excluded from review list"
27INR0342,ERCOT,TX,Bexar,150.39,Horizon Energy Storage Greenfield Project Holdings LLC,Developer Not Matched To Known List,Tier 3: Confirmed Grid-Scale Storage (BESS),,52.6,Confirmed Grid-Scale Storage (BESS),,False,,False,42969,27500,20924,1.6530765675428573e+26,1.692750405163886e+26,1.609952830998261e+26,True,False,"explicit storage token in project name or fuel/technology -- confirmed BESS, excluded from review list"
30INR0112,ERCOT,TX,Comal,150.36,Horizon Energy Storage Greenfield Project Holdings LLC,Developer Not Matched To Known List,Tier 3: Confirmed Grid-Scale Storage (BESS),,52.6,Confirmed Grid-Scale Storage (BESS),,False,,False,42960,27494,20920,1.6527468096e+26,1.6924127330304e+26,1.6096316754365217e+26,True,False,"explicit storage token in project name or fuel/technology -- confirmed BESS, excluded from review list"
30INR0111,ERCOT,TX,Burleson,150.36,Horizon Energy Storage Greenfield Project Holdings LLC,Developer Not Matched To Known List,Tier 3: Confirmed Grid-Scale Storage (BESS),,52.6,Confirmed Grid-Scale Storage (BESS),,False,,False,42960,27494,20920,1.6527468096e+26,1.6924127330304e+26,1.6096316754365217e+26,True,False,"explicit storage token in project name or fuel/technology -- confirmed BESS, excluded from review list"
30INR0038,ERCOT,TX,Lampasas,150.3,Lampasas Hybrid Energy LLC,Developer Not Matched To Known List,Tier 3: Confirmed Grid-Scale Storage (BESS),,59.9,Confirmed Grid-Scale Storage (BESS),,False,,False,42943,27483,20911,1.6520872937142858e+26,1.691737388763429e+26,1.6089893643130436e+26,True,False,"explicit storage token in project name or fuel/technology -- confirmed BESS, excluded from review list"
25INR0489,ERCOT,TX,Crockett,150.0,"Ranchero Battery Facility, LLC",Developer Not Matched To Known List,Tier 3: Confirmed Grid-Scale Storage (BESS),,46.3,Confirmed Grid-Scale Storage (BESS),,False,,False,42857,27429,20870,1.6487897142857142e+26,1.6883606674285714e+26,1.6057778086956526e+26,True,False,"explicit storage token in project name or fuel/technology -- confirmed BESS, excluded from review list"
AG2-106 - moved to TC2,PJM,OH,Madison,150.0,NOT PUBLISHED IN PJM QUEUE EXPORT,Developer Not Disclosed,Tier 3: Confirmed Grid-Scale Storage (BESS),,0.0,Confirmed Grid-Scale Storage (BESS),AEP,False,,False,42857,27429,20870,1.6487897142857142e+26,1.6883606674285714e+26,1.6057778086956526e+26,True,False,"explicit storage token in project name or fuel/technology -- confirmed BESS, excluded from review list"
AG2-088 - moved to TC2,PJM,VA,Chesterfield,150.0,NOT PUBLISHED IN PJM QUEUE EXPORT,Developer Not Disclosed,Tier 3: Confirmed Grid-Scale Storage (BESS),,0.0,Confirmed Grid-Scale Storage (BESS),Dominion,True,,False,42857,27429,20870,1.6487897142857142e+26,1.6883606674285714e+26,1.6057778086956526e+26,True,False,"explicit storage token in project name or fuel/technology -- confirmed BESS, excluded from review list"
25INR0354,ERCOT,TX,Gillespie,150.0,"Marshall Springs Storage, LLC",Developer Not Matched To Known List,Tier 3: Confirmed Grid-Scale Storage (BESS),,60.0,Confirmed Grid-Scale Storage (BESS),,False,,True,42857,27429,20870,1.6487897142857142e+26,1.6883606674285714e+26,1.6057778086956526e+26,True,False,"explicit storage token in project name or fuel/technology -- confirmed BESS, excluded from review list"
AG2-107 - moved to TC2,PJM,OH,Madison,150.0,NOT PUBLISHED IN PJM QUEUE EXPORT,Developer Not Disclosed,Tier 3: Confirmed Grid-Scale Storage (BESS),,0.0,Confirmed Grid-Scale Storage (BESS),AEP,False,,False,42857,27429,20870,1.6487897142857142e+26,1.6883606674285714e+26,1.6057778086956526e+26,True,False,"explicit storage token in project name or fuel/technology -- confirmed BESS, excluded from review list"
24INR0379,ERCOT,TX,Jones,150.0,CED Development Inc.,Developer Not Matched To Known List,Tier 3: Confirmed Grid-Scale Storage (BESS),,67.5,Confirmed Grid-Scale Storage (BESS),,False,,False,42857,27429,20870,1.6487897142857142e+26,1.6883606674285714e+26,1.6057778086956526e+26,True,False,"explicit storage token in project name or fuel/technology -- confirmed BESS, excluded from review list"
24INR0378,ERCOT,TX,Jones,150.0,CED Development Inc.,Developer Not Matched To Known List,Tier 3: Confirmed Grid-Scale Storage (BESS),,67.5,Confirmed Grid-Scale Storage (BESS),,False,,False,42857,27429,20870,1.6487897142857142e+26,1.6883606674285714e+26,1.6057778086956526e+26,True,False,"explicit storage token in project name or fuel/technology -- confirmed BESS, excluded from review list"
24INR0394,ERCOT,TX,Upton,150.0,CED Development Inc.,Developer Not Matched To Known List,Tier 3: Confirmed Grid-Scale Storage (BESS),,67.5,Confirmed Grid-Scale Storage (BESS),,False,,False,42857,27429,20870,1.6487897142857142e+26,1.6883606674285714e+26,1.6057778086956526e+26,True,False,"explicit storage token in project name or fuel/technology -- confirmed BESS, excluded from review list"
27INR0227,ERCOT,TX,San Patricio,150.0,"RWE Clean Energy Development, LLC",Developer Not Matched To Known List,Tier 3: Confirmed Grid-Scale Storage (BESS),,49.1,Confirmed Grid-Scale Storage (BESS),,False,,False,42857,27429,20870,1.6487897142857142e+26,1.6883606674285714e+26,1.6057778086956526e+26,True,False,"explicit storage token in project name or fuel/technology -- confirmed BESS, excluded from review list"
24INR0393,ERCOT,TX,Upton,150.0,CED Development Inc.,Developer Not Matched To Known List,Tier 3: Confirmed Grid-Scale Storage (BESS),,67.5,Confirmed Grid-Scale Storage (BESS),,False,,False,42857,27429,20870,1.6487897142857142e+26,1.6883606674285714e+26,1.6057778086956526e+26,True,False,"explicit storage token in project name or fuel/technology -- confirmed BESS, excluded from review list"
AG2-621 - moved to TC2,PJM,PA,Beaver,150.0,NOT PUBLISHED IN PJM QUEUE EXPORT,Developer Not Disclosed,Tier 3: Confirmed Grid-Scale Storage (BESS),,0.0,Confirmed Grid-Scale Storage (BESS),ATSI,False,,False,42857,27429,20870,1.6487897142857142e+26,1.6883606674285714e+26,1.6057778086956526e+26,True,False,"explicit storage token in project name or fuel/technology -- confirmed BESS, excluded from review list"
29INR0356,ERCOT,TX,Irion,150.0,EG Cedar LLC,Developer Not Matched To Known List,Tier 3: Confirmed Grid-Scale Storage (BESS),,45.0,Confirmed Grid-Scale Storage (BESS),,False,,False,42857,27429,20870,1.6487897142857142e+26,1.6883606674285714e+26,1.6057778086956526e+26,True,False,"explicit storage token in project name or fuel/technology -- confirmed BESS, excluded from review list"
AF2-415,PJM,NJ,Hudson,150.0,NOT PUBLISHED IN PJM QUEUE EXPORT,Developer Not Disclosed,Tier 3: Confirmed Grid-Scale Storage (BESS),,0.0,Confirmed Grid-Scale Storage (BESS),PSEG,True,,False,42857,27429,20870,1.6487897142857142e+26,1.6883606674285714e+26,1.6057778086956526e+26,True,False,"explicit storage token in project name or fuel/technology -- confirmed BESS, excluded from review list"
AG2-288 - moved to TC2,PJM,VA,Frederick,150.0,NOT PUBLISHED IN PJM QUEUE EXPORT,Developer Not Disclosed,Tier 3: Confirmed Grid-Scale Storage (BESS),,0.0,Confirmed Grid-Scale Storage (BESS),APS,False,,False,42857,27429,20870,1.6487897142857142e+26,1.6883606674285714e+26,1.6057778086956526e+26,True,False,"explicit storage token in project name or fuel/technology -- confirmed BESS, excluded from review list"
24INR0514,ERCOT,TX,Gillespie,148.61,"ROGERS DRAW ENERGY STORAGE, LLC",Developer Not Matched To Known List,Tier 3: Confirmed Grid-Scale Storage (BESS),,54.0,Confirmed Grid-Scale Storage (BESS),,False,,True,42460,27174,20676,1.6335109296e+26,1.6727151919104003e+26,1.5908976010017392e+26,True,False,"explicit storage token in project name or fuel/technology -- confirmed BESS, excluded from review list"
26INR0312,ERCOT,TX,Maverick,147.63,Senator Aggreko Storage LLC,Developer Not Matched To Known List,Tier 3: Confirmed Grid-Scale Storage (BESS),,52.6,Confirmed Grid-Scale Storage (BESS),,False,,True,42180,26995,20540,1.6227388368e+26,1.6616845688832e+26,1.580406519318261e+26,True,False,"explicit storage token in project name or fuel/technology -- confirmed BESS, excluded from review list"
23INR0342,ERCOT,TX,Victoria,144.22,BRP Brizo BESS LLC,Developer Not Matched To Known List,Tier 3: Confirmed Grid-Scale Storage (BESS),,45.0,Confirmed Grid-Scale Storage (BESS),,False,,True,41206,26372,20065,1.5852563506285718e+26,1.623302503043657e+26,1.5439018371339132e+26,True,False,"explicit storage token in project name or fuel/technology -- confirmed BESS, excluded from review list"
25INR0271,ERCOT,TX,Matagorda,143.1,City Breeze BESS LLC,Developer Not Matched To Known List,Tier 3: Confirmed Grid-Scale Storage (BESS),,45.0,Confirmed Grid-Scale Storage (BESS),,False,,True,40886,26167,19910,1.5729453874285717e+26,1.610696076726857e+26,1.5319120294956525e+26,True,False,"explicit storage token in project name or fuel/technology -- confirmed BESS, excluded from review list"
28INR0254,ERCOT,TX,Taylor,143.0,"Taylor ESS, LLC",Developer Not Matched To Known List,Tier 3: Confirmed Grid-Scale Storage (BESS),,60.0,Confirmed Grid-Scale Storage (BESS),,False,,False,40857,26149,19896,1.571846194285714e+26,1.6095705029485715e+26,1.5308415109565218e+26,True,False,"explicit storage token in project name or fuel/technology -- confirmed BESS, excluded from review list"
25INR0666,ERCOT,TX,Lampasas,142.9,Gibson Branch BESS LLC,Developer Not Matched To Known List,Tier 3: Confirmed Grid-Scale Storage (BESS),,45.0,Confirmed Grid-Scale Storage (BESS),,False,,False,40829,26130,19882,1.5707470011428573e+26,1.608444929170286e+26,1.5297709924173914e+26,True,False,"explicit storage token in project name or fuel/technology -- confirmed BESS, excluded from review list"
28INR0221,ERCOT,TX,Wichita,142.58,"Rio Star Energy Storage, LLC",Developer Not Matched To Known List,Tier 3: Confirmed Grid-Scale Storage (BESS),,51.4,Confirmed Grid-Scale Storage (BESS),,False,,False,40737,26072,19837,1.567229583085714e+26,1.6048430930797713e+26,1.5263453330921742e+26,True,False,"explicit storage token in project name or fuel/technology -- confirmed BESS, excluded from review list"
23INR0478,ERCOT,TX,Milam,141.23,"Milam Energy, LLC",Developer Not Matched To Known List,Tier 3: Confirmed Grid-Scale Storage (BESS),,45.0,Confirmed Grid-Scale Storage (BESS),,False,,True,40351,25825,19649,1.5523904756571427e+26,1.5896478470729145e+26,1.5118933328139133e+26,True,False,"explicit storage token in project name or fuel/technology -- confirmed BESS, excluded from review list"
23INR0794,ERCOT,TX,Coleman,140.53,GSA Land Holdings,Developer Not Matched To Known List,Tier 3: Confirmed Grid-Scale Storage (BESS),,45.0,Confirmed Grid-Scale Storage (BESS),,False,,False,40151,25697,19552,1.5446961236571428e+26,1.5817688306249144e+26,1.5043997030400003e+26,True,False,"explicit storage token in project name or fuel/technology -- confirmed BESS, excluded from review list"
AF1-119,PJM,IN,Blackford,140.0,NOT PUBLISHED IN PJM QUEUE EXPORT,Developer Not Disclosed,Tier 3: Confirmed Grid-Scale Storage (BESS),,0.0,Confirmed Grid-Scale Storage (BESS),AEP,False,,False,40000,25600,19478,1.5388704e+26,1.5758032896e+26,1.498725954782609e+26,True,False,"explicit storage token in project name or fuel/technology -- confirmed BESS, excluded from review list"
28INR0213,ERCOT,TX,Upton,138.57,"Greasewood BESS, LLC",Developer Not Matched To Known List,Tier 3: Confirmed Grid-Scale Storage (BESS),,60.0,Confirmed Grid-Scale Storage (BESS),,False,,False,39591,25339,19279,1.5231519380571428e+26,1.5597075845705142e+26,1.4834175396730435e+26,True,False,"explicit storage token in project name or fuel/technology -- confirmed BESS, excluded from review list"
26INR0523,ERCOT,TX,Caldwell,138.0,"Demeter Solar, LLC",Developer Not Matched To Known List,Tier 3: Confirmed Grid-Scale Storage (BESS),,67.5,Confirmed Grid-Scale Storage (BESS),,False,,False,39429,25234,19200,1.5168865371428573e+26,1.5532918140342858e+26,1.4773155840000002e+26,True,False,"explicit storage token in project name or fuel/technology -- confirmed BESS, excluded from review list"
28INR0080,ERCOT,TX,Freestone,135.59,"Turtle Rock Energy Center, LLC",Developer Not Matched To Known List,Tier 3: Confirmed Grid-Scale Storage (BESS),,49.6,Confirmed Grid-Scale Storage (BESS),,False,,False,38740,24794,18865,1.4903959824e+26,1.5261654859776002e+26,1.4515160872069565e+26,True,False,"explicit storage token in project name or fuel/technology -- confirmed BESS, excluded from review list"
25INR0122,ERCOT,TX,Hill,135.18,Gransolar Texas Eleven LLC,Developer Not Matched To Known List,Tier 3: Confirmed Grid-Scale Storage (BESS),,45.6,Confirmed Grid-Scale Storage (BESS),,False,,True,38623,24719,18808,1.4858892905142858e+26,1.5215506334866289e+26,1.4471269611965218e+26,True,False,"explicit storage token in project name or fuel/technology -- confirmed BESS, excluded from review list"
28INR0253,ERCOT,TX,Stonewall,135.0,"Stonewall ESS, LLC",Developer Not Matched To Known List,Tier 3: Confirmed Grid-Scale Storage (BESS),,60.0,Confirmed Grid-Scale Storage (BESS),,False,,False,38571,24686,18783,1.4839107428571427e+26,1.5195246006857143e+26,1.4452000278260871e+26,True,False,"explicit storage token in project name or fuel/technology -- confirmed BESS, excluded from review list"
25INR0688,ERCOT,TX,Travis,133.0,"Giga Texas Energy, LLC",Developer Not Matched To Known List,Tier 3: Confirmed Grid-Scale Storage (BESS),,68.4,Confirmed Grid-Scale Storage (BESS),,False,,True,38000,24320,18504,1.46192688e+26,1.49701312512e+26,1.4237896570434785e+26,True,False,"explicit storage token in project name or fuel/technology -- confirmed BESS, excluded from review list"
28INR0094,ERCOT,TX,Anderson,132.98,"ASB1, LLC",Developer Not Matched To Known List,Tier 3: Confirmed Grid-Scale Storage (BESS),,72.0,Confirmed Grid-Scale Storage (BESS),,False,,True,37994,24316,18502,1.4617070413714286e+26,1.496788010364343e+26,1.4235755533356524e+26,True,False,"explicit storage token in project name or fuel/technology -- confirmed BESS, excluded from review list"
25INR0241,ERCOT,TX,Starr,132.65,TX BESS A LLC,Developer Not Matched To Known List,Tier 3: Confirmed Grid-Scale Storage (BESS),,45.0,Confirmed Grid-Scale Storage (BESS),,False,,False,37900,24256,18456,1.458079704e+26,1.493073616896e+26,1.4200428421565218e+26,True,False,"explicit storage token in project name or fuel/technology -- confirmed BESS, excluded from review list"
26INR0402,ERCOT,TX,Hill,130.9,Abei Energy Green XI LLC,Developer Not Matched To Known List,Tier 3: Confirmed Grid-Scale Storage (BESS),,49.1,Confirmed Grid-Scale Storage (BESS),,False,,False,37400,23936,18212,1.438843824e+26,1.4733760757760002e+26,1.4013087677217393e+26,True,False,"explicit storage token in project name or fuel/technology -- confirmed BESS, excluded from review list"
27INR0333,ERCOT,TX,Wilbarger,130.4,"White Wing Solar, LLC",Developer Not Matched To Known List,Tier 3: Confirmed Grid-Scale Storage (BESS),,45.0,Confirmed Grid-Scale Storage (BESS),,False,,False,37257,23845,18143,1.433347858285714e+26,1.4677482068845712e+26,1.3959561750260872e+26,True,False,"explicit storage token in project name or fuel/technology -- confirmed BESS, excluded from review list"
22INR0386,ERCOT,TX,Pecos,129.57,BRP OCTANS BESS LLC,Developer Not Matched To Known List,Tier 3: Confirmed Grid-Scale Storage (BESS),,60.0,Confirmed Grid-Scale Storage (BESS),,False,,False,37020,23693,18027,1.4242245552e+26,1.4584059445248e+26,1.3870708711513043e+26,True,False,"explicit storage token in project name or fuel/technology -- confirmed BESS, excluded from review list"
28INR0124,ERCOT,TX,Red River,129.18,"Silverbell Energy Center, LLC",Developer Not Matched To Known List,Tier 3: Confirmed Grid-Scale Storage (BESS),,49.1,Confirmed Grid-Scale Storage (BESS),,False,,False,36909,23621,17973,1.4199377019428573e+26,1.4540162067894859e+26,1.3828958488486958e+26,True,False,"explicit storage token in project name or fuel/technology -- confirmed BESS, excluded from review list"
26INR0330,ERCOT,TX,Bexar,128.2,ALAMO CITY ESS LLC,Developer Not Matched To Known List,Tier 3: Confirmed Grid-Scale Storage (BESS),,49.1,Confirmed Grid-Scale Storage (BESS),,False,,True,36629,23442,17837,1.409165609142857e+26,1.4429855837622858e+26,1.3724047671652175e+26,True,False,"explicit storage token in project name or fuel/technology -- confirmed BESS, excluded from review list"
28INR0116,ERCOT,TX,Tarrant,127.82,Salazar Energy Storage LLC,Developer Not Matched To Known List,Tier 3: Confirmed Grid-Scale Storage (BESS),,52.6,Confirmed Grid-Scale Storage (BESS),,False,,False,36520,23373,17784,1.4049886752e+26,1.4387084034048e+26,1.3683367967165217e+26,True,False,"explicit storage token in project name or fuel/technology -- confirmed BESS, excluded from review list"
28INR0191,ERCOT,TX,Milam,127.5,San Gabriel Solar LLC,Developer Not Matched To Known List,Tier 3: Confirmed Grid-Scale Storage (BESS),,47.4,Confirmed Grid-Scale Storage (BESS),,False,,True,36429,23314,17739,1.4014712571428574e+26,1.4351065673142857e+26,1.3649111373913042e+26,True,False,"explicit storage token in project name or fuel/technology -- confirmed BESS, excluded from review list"
24INR0174,ERCOT,TX,Angelina,125.9,"Solar Star North Herty Storage, LLC",Developer Not Matched To Known List,Tier 3: Confirmed Grid-Scale Storage (BESS),,51.4,Confirmed Grid-Scale Storage (BESS),,False,,False,35971,23022,17517,1.383884166857143e+26,1.4170973868617143e+26,1.3477828407652175e+26,True,False,"explicit storage token in project name or fuel/technology -- confirmed BESS, excluded from review list"
25INR0495,ERCOT,TX,Ellis,125.7,"BT Wilson Storage, LLC",Developer Not Matched To Known List,Tier 3: Confirmed Grid-Scale Storage (BESS),,51.4,Confirmed Grid-Scale Storage (BESS),,False,,False,35914,22985,17489,1.3816857805714286e+26,1.4148462393051429e+26,1.3456418036869565e+26,True,False,"explicit storage token in project name or fuel/technology -- confirmed BESS, excluded from review list"
27INR0083,ERCOT,TX,Bee,125.63,"GCI Wolf Energy Storage, LLC",Developer Not Matched To Known List,Tier 3: Confirmed Grid-Scale Storage (BESS),,51.4,Confirmed Grid-Scale Storage (BESS),,False,,False,35894,22972,17479,1.3809163453714285e+26,1.414058337660343e+26,1.3448924407095654e+26,True,False,"explicit storage token in project name or fuel/technology -- confirmed BESS, excluded from review list"
26INR0024,ERCOT,TX,Webb,125.62,"Bordas Renewable Energy, LLC",Developer Not Matched To Known List,Tier 3: Confirmed Grid-Scale Storage (BESS),,54.0,Confirmed Grid-Scale Storage (BESS),,False,,False,35891,22971,17478,1.3808064260571429e+26,1.4139457802825143e+26,1.3447853888556525e+26,True,False,"explicit storage token in project name or fuel/technology -- confirmed BESS, excluded from review list"
27INR0003,ERCOT,TX,Webb,125.62,"Bordas Renewable Energy, LLC",Developer Not Matched To Known List,Tier 3: Confirmed Grid-Scale Storage (BESS),,54.0,Confirmed Grid-Scale Storage (BESS),,False,,False,35891,22971,17478,1.3808064260571429e+26,1.4139457802825143e+26,1.3447853888556525e+26,True,False,"explicit storage token in project name or fuel/technology -- confirmed BESS, excluded from review list"
26INR0273,ERCOT,TX,Ector,125.5,"MOMENTUM HAZY JANE, LLC",Developer Not Matched To Known List,Tier 3: Confirmed Grid-Scale Storage (BESS),,67.5,Confirmed Grid-Scale Storage (BESS),,False,,False,35857,22949,17461,1.3794873942857142e+26,1.4125950917485713e+26,1.3435007666086956e+26,True,False,"explicit storage token in project name or fuel/technology -- confirmed BESS, excluded from review list"
26INR0356,ERCOT,TX,Dimmit,125.4,"Saluga Ranch Energy, LLC",Developer Not Matched To Known List,Tier 3: Confirmed Grid-Scale Storage (BESS),,45.0,Confirmed Grid-Scale Storage (BESS),,False,,False,35829,22930,17447,1.3783882011428574e+26,1.4114695179702857e+26,1.3424302480695653e+26,True,False,"explicit storage token in project name or fuel/technology -- confirmed BESS, excluded from review list"
27INR0196,ERCOT,TX,Houston,125.4,"Houston ESS, LLC",Developer Not Matched To Known List,Tier 3: Confirmed Grid-Scale Storage (BESS),,56.2,Confirmed Grid-Scale Storage (BESS),,False,,False,35829,22930,17447,1.3783882011428574e+26,1.4114695179702857e+26,1.3424302480695653e+26,True,False,"explicit storage token in project name or fuel/technology -- confirmed BESS, excluded from review list"
26INR0418,ERCOT,TX,Rockwall,125.32,"Smith II Battery Storage, LLC",Developer Not Matched To Known List,Tier 3: Confirmed Grid-Scale Storage (BESS),,51.4,Confirmed Grid-Scale Storage (BESS),,False,,False,35806,22916,17436,1.3775088466285715e+26,1.4105690589476572e+26,1.341573833238261e+26,True,False,"explicit storage token in project name or fuel/technology -- confirmed BESS, excluded from review list"
26INR0391,ERCOT,TX,Duval,125.32,"Dove Wing Energy Center, LLC",Developer Not Matched To Known List,Tier 3: Confirmed Grid-Scale Storage (BESS),,49.1,Confirmed Grid-Scale Storage (BESS),,False,,False,35806,22916,17436,1.3775088466285715e+26,1.4105690589476572e+26,1.341573833238261e+26,True,False,"explicit storage token in project name or fuel/technology -- confirmed BESS, excluded from review list"
24INR0155,ERCOT,TX,Franklin,124.55,"Lupinus Solar 2, LLC",Developer Not Matched To Known List,Tier 3: Confirmed Grid-Scale Storage (BESS),,40.2,Confirmed Grid-Scale Storage (BESS),,False,,True,35586,22775,17329,1.3690450594285716e+26,1.4019021408548574e+26,1.3333308404869564e+26,True,False,"explicit storage token in project name or fuel/technology -- confirmed BESS, excluded from review list"
26INR0327,ERCOT,TX,Throckmorton,123.1,"Sleepy Hollow BESS, LLC",Developer Not Matched To Known List,Tier 3: Confirmed Grid-Scale Storage (BESS),,45.0,Confirmed Grid-Scale Storage (BESS),,False,,False,35171,22510,17127,1.353106758857143e+26,1.3855813210697144e+26,1.3178083216695653e+26,True,False,"explicit storage token in project name or fuel/technology -- confirmed BESS, excluded from review list"
26INR0654,ERCOT,TX,Atascosa,122.98,"Atascosa BESS, LLC",Developer Not Matched To Known List,Tier 3: Confirmed Grid-Scale Storage (BESS),,60.0,Confirmed Grid-Scale Storage (BESS),,False,,False,35137,22488,17110,1.3517877270857141e+26,1.3842306325357715e+26,1.316523699422609e+26,True,False,"explicit storage token in project name or fuel/technology -- confirmed BESS, excluded from review list"
25INR0202,ERCOT,TX,Kerr,122.6,"East West Energy Storage, LLC",Developer Not Matched To Known List,Tier 3: Confirmed Grid-Scale Storage (BESS),,60.0,Confirmed Grid-Scale Storage (BESS),,False,,True,35029,22418,17057,1.3476107931428574e+26,1.3799534521782858e+26,1.3124557289739132e+26,True,False,"explicit storage token in project name or fuel/technology -- confirmed BESS, excluded from review list"
27INR0323,ERCOT,TX,Howard,122.5,"Prairie Blossom Storage, LLC",Developer Not Matched To Known List,Tier 3: Confirmed Grid-Scale Storage (BESS),,67.5,Confirmed Grid-Scale Storage (BESS),,False,,False,35000,22400,17043,1.3465116e+26,1.3788278784e+26,1.3113852104347825e+26,True,False,"explicit storage token in project name or fuel/technology -- confirmed BESS, excluded from review list"
27INR0260,ERCOT,TX,Jackson,122.3,Sayle Storage LLC,Developer Not Matched To Known List,Tier 3: Confirmed Grid-Scale Storage (BESS),,52.6,Confirmed Grid-Scale Storage (BESS),,False,,False,34943,22363,17016,1.3443132137142858e+26,1.3765767308434289e+26,1.3092441733565218e+26,True,False,"explicit storage token in project name or fuel/technology -- confirmed BESS, excluded from review list"
26INR0393,ERCOT,TX,Duval,122.21,"Dove Wing Energy Center, LLC",Developer Not Matched To Known List,Tier 3: Confirmed Grid-Scale Storage (BESS),,49.1,Confirmed Grid-Scale Storage (BESS),,False,,False,34917,22347,17003,1.343323939885714e+26,1.3755637144429716e+26,1.3082807066713043e+26,True,False,"explicit storage token in project name or fuel/technology -- confirmed BESS, excluded from review list"
30INR0133,ERCOT,TX,Wharton,122.2,"Starfield Energy Storage, LLC",Developer Not Matched To Known List,Tier 3: Confirmed Grid-Scale Storage (BESS),,60.0,Confirmed Grid-Scale Storage (BESS),,False,,False,34914,22345,17002,1.3432140205714286e+26,1.375451157065143e+26,1.3081736548173914e+26,True,False,"explicit storage token in project name or fuel/technology -- confirmed BESS, excluded from review list"
23INR0074,ERCOT,TX,Crane,121.56,BRP Ampato BESS LLC,Developer Not Matched To Known List,Tier 3: Confirmed Grid-Scale Storage (BESS),,60.0,Confirmed Grid-Scale Storage (BESS),,False,,False,34731,22228,16913,1.336179184457143e+26,1.3682474848841142e+26,1.3013223361669564e+26,True,False,"explicit storage token in project name or fuel/technology -- confirmed BESS, excluded from review list"
28INR0452,ERCOT,TX,Wharton,120.52,CH Neal Battery LLC,Developer Not Matched To Known List,Tier 3: Confirmed Grid-Scale Storage (BESS),,51.4,Confirmed Grid-Scale Storage (BESS),,False,,False,34434,22038,16768,1.3247475757714287e+26,1.356541517589943e+26,1.2901889433600004e+26,True,False,"explicit storage token in project name or fuel/technology -- confirmed BESS, excluded from review list"
26INR0033,ERCOT,TX,Freestone,120.3,Fairway Storage LLC,Developer Not Matched To Known List,Tier 3: Confirmed Grid-Scale Storage (BESS),,52.6,Confirmed Grid-Scale Storage (BESS),,False,,True,34371,21998,16737,1.322329350857143e+26,1.3540652552777143e+26,1.2878338025739132e+26,True,False,"explicit storage token in project name or fuel/technology -- confirmed BESS, excluded from review list"
25INR0447,ERCOT,TX,Bastrop,120.0,"Waterloo BESS, LLC",Developer Not Matched To Known List,Tier 3: Confirmed Grid-Scale Storage (BESS),,49.1,Confirmed Grid-Scale Storage (BESS),,False,,True,34286,21943,16696,1.3190317714285716e+26,1.3506885339428571e+26,1.2846222469565218e+26,True,False,"explicit storage token in project name or fuel/technology -- confirmed BESS, excluded from review list"
AF2-078,PJM,IN,White,120.0,NOT PUBLISHED IN PJM QUEUE EXPORT,Developer Not Disclosed,Tier 3: Confirmed Grid-Scale Storage (BESS),,0.0,Confirmed Grid-Scale Storage (BESS),AEP,False,,True,34286,21943,16696,1.3190317714285716e+26,1.3506885339428571e+26,1.2846222469565218e+26,True,False,"explicit storage token in project name or fuel/technology -- confirmed BESS, excluded from review list"
26INR0501,ERCOT,TX,Haskell,120.0,Haskell County BESS LLC,Developer Not Matched To Known List,Tier 3: Confirmed Grid-Scale Storage (BESS),,60.0,Confirmed Grid-Scale Storage (BESS),,False,,False,34286,21943,16696,1.3190317714285716e+26,1.3506885339428571e+26,1.2846222469565218e+26,True,False,"explicit storage token in project name or fuel/technology -- confirmed BESS, excluded from review list"
26INR0498,ERCOT,TX,Parker,120.0,Weatherford BESS LLC,Developer Not Matched To Known List,Tier 3: Confirmed Grid-Scale Storage (BESS),,51.4,Confirmed Grid-Scale Storage (BESS),,False,,False,34286,21943,16696,1.3190317714285716e+26,1.3506885339428571e+26,1.2846222469565218e+26,True,False,"explicit storage token in project name or fuel/technology -- confirmed BESS, excluded from review list"
AE2-019,PJM,VA,Loudoun,120.0,NOT PUBLISHED IN PJM QUEUE EXPORT,Developer Not Disclosed,Tier 3: Confirmed Grid-Scale Storage (BESS),,0.0,Confirmed Grid-Scale Storage (BESS),Dominion,True,,True,34286,21943,16696,1.3190317714285716e+26,1.3506885339428571e+26,1.2846222469565218e+26,True,False,"explicit storage token in project name or fuel/technology -- confirmed BESS, excluded from review list"
23INR0469,ERCOT,TX,Bell,120.0,"Big Elm Storage, LLC",Developer Not Matched To Known List,Tier 3: Confirmed Grid-Scale Storage (BESS),,67.5,Confirmed Grid-Scale Storage (BESS),,False,,True,34286,21943,16696,1.3190317714285716e+26,1.3506885339428571e+26,1.2846222469565218e+26,True,False,"explicit storage token in project name or fuel/technology -- confirmed BESS, excluded from review list"
26INR0497,ERCOT,TX,Brazoria,120.0,Rosharon BESS LLC,Developer Not Matched To Known List,Tier 3: Confirmed Grid-Scale Storage (BESS),,51.3,Confirmed Grid-Scale Storage (BESS),,False,,False,34286,21943,16696,1.3190317714285716e+26,1.3506885339428571e+26,1.2846222469565218e+26,True,False,"explicit storage token in project name or fuel/technology -- confirmed BESS, excluded from review list"
24INR0392,ERCOT,TX,Bexar,120.0,"RWE Solar Developement, LLC",Developer Not Matched To Known List,Tier 3: Confirmed Grid-Scale Storage (BESS),,67.5,Confirmed Grid-Scale Storage (BESS),,False,,True,34286,21943,16696,1.3190317714285716e+26,1.3506885339428571e+26,1.2846222469565218e+26,True,False,"explicit storage token in project name or fuel/technology -- confirmed BESS, excluded from review list"
28INR0411,ERCOT,TX,Frio,120.0,Francitas Renewables LLC,Developer Not Matched To Known List,Tier 3: Confirmed Grid-Scale Storage (BESS),,60.0,Confirmed Grid-Scale Storage (BESS),,False,,False,34286,21943,16696,1.3190317714285716e+26,1.3506885339428571e+26,1.2846222469565218e+26,True,False,"explicit storage token in project name or fuel/technology -- confirmed BESS, excluded from review list"
27INR0170,ERCOT,TX,Victoria,115.88,GRS BESS Texas Eight LLC,Developer Not Matched To Known List,Tier 3: Confirmed Grid-Scale Storage (BESS),,68.4,Confirmed Grid-Scale Storage (BESS),,False,,False,33109,21189,16122,1.2737450139428574e+26,1.3043148942774857e+26,1.2405168831443478e+26,True,False,"explicit storage token in project name or fuel/technology -- confirmed BESS, excluded from review list"
27INR0374,ERCOT,TX,Dimmit,115.2,"Velado Solar, LLC",Developer Not Matched To Known List,Tier 3: Confirmed Grid-Scale Storage (BESS),,49.1,Confirmed Grid-Scale Storage (BESS),,False,,False,32914,21065,16028,1.2662705005714286e+26,1.296660992585143e+26,1.233237357078261e+26,True,False,"explicit storage token in project name or fuel/technology -- confirmed BESS, excluded from review list"
25INR0135,ERCOT,TX,Coke,113.9,Gransolar Texas Five LLC,Developer Not Matched To Known List,Tier 3: Confirmed Grid-Scale Storage (BESS),,68.4,Confirmed Grid-Scale Storage (BESS),,False,,False,32543,20827,15847,1.2519809897142857e+26,1.2820285334674287e+26,1.2193206160695652e+26,True,False,"explicit storage token in project name or fuel/technology -- confirmed BESS, excluded from review list"
27INR0432,ERCOT,TX,Brown,111.06,Grenergy USA,Developer Not Matched To Known List,Tier 3: Confirmed Grid-Scale Storage (BESS),,50.0,Confirmed Grid-Scale Storage (BESS),,False,,False,31731,20308,15452,1.220763904457143e+26,1.2500622381641143e+26,1.188917889558261e+26,True,False,"explicit storage token in project name or fuel/technology -- confirmed BESS, excluded from review list"
24INR0572,ERCOT,TX,Cameron,110.0,SMT Harlingen III LLC,Developer Not Matched To Known List,Tier 3: Confirmed Grid-Scale Storage (BESS),,57.0,Confirmed Grid-Scale Storage (BESS),,False,,False,31429,20114,15304,1.2091124571428573e+26,1.2381311561142859e+26,1.1775703930434784e+26,True,False,"explicit storage token in project name or fuel/technology -- confirmed BESS, excluded from review list"
26INR0559,ERCOT,TX,Victoria,108.7,Georgia Lynn BESS LLC,Developer Not Matched To Known List,Tier 3: Confirmed Grid-Scale Storage (BESS),,49.1,Confirmed Grid-Scale Storage (BESS),,False,,False,31057,19877,15123,1.1948229462857143e+26,1.2234986969965714e+26,1.1636536520347826e+26,True,False,"explicit storage token in project name or fuel/technology -- confirmed BESS, excluded from review list"
24INR0455,ERCOT,TX,Pecos,105.75,"CENTURY GAS PROCESSING, LLC",Developer Not Matched To Known List,Tier 3: Confirmed Grid-Scale Storage (BESS),,45.0,Confirmed Grid-Scale Storage (BESS),,False,,True,30214,19337,14713,1.1623967485714287e+26,1.190294270537143e+26,1.132073355130435e+26,True,False,"explicit storage token in project name or fuel/technology -- confirmed BESS, excluded from review list"
27INR0285,ERCOT,TX,Hood,105.6,"Rain Lily Storage One, LLC",Developer Not Matched To Known List,Tier 3: Confirmed Grid-Scale Storage (BESS),,52.6,Confirmed Grid-Scale Storage (BESS),,False,,True,30171,19310,14692,1.1607479588571429e+26,1.1886059098697142e+26,1.1304675773217393e+26,True,False,"explicit storage token in project name or fuel/technology -- confirmed BESS, excluded from review list"
25INR0550,ERCOT,TX,Brazoria,105.08,Friendswood Energy Storage LLC,Developer Not Matched To Known List,Tier 3: Confirmed Grid-Scale Storage (BESS),,52.6,Confirmed Grid-Scale Storage (BESS),,False,,False,30023,19215,14620,1.1550321545142856e+26,1.1827529262226288e+26,1.124900880918261e+26,True,False,"explicit storage token in project name or fuel/technology -- confirmed BESS, excluded from review list"
AG2-270 - moved to TC2,PJM,VA,Halifax,105.0,NOT PUBLISHED IN PJM QUEUE EXPORT,Developer Not Disclosed,Tier 3: Confirmed Grid-Scale Storage (BESS),,0.0,Confirmed Grid-Scale Storage (BESS),Dominion,True,,False,30000,19200,14609,1.1541528e+26,1.1818524672000002e+26,1.1240444660869565e+26,True,False,"explicit storage token in project name or fuel/technology -- confirmed BESS, excluded from review list"
27INR0274,ERCOT,TX,Zavala,104.93,"Flying Kite BESS, LLC",Developer Not Matched To Known List,Tier 3: Confirmed Grid-Scale Storage (BESS),,42.8,Confirmed Grid-Scale Storage (BESS),,False,,False,29980,19187,14599,1.1533833648e+26,1.1810645655552e+26,1.1232951031095652e+26,True,False,"explicit storage token in project name or fuel/technology -- confirmed BESS, excluded from review list"
26INR0619,ERCOT,TX,Limestone,104.92,J&J Solar Ranch LLC,Developer Not Matched To Known List,Tier 3: Confirmed Grid-Scale Storage (BESS),,45.0,Confirmed Grid-Scale Storage (BESS),,False,,False,29977,19185,14598,1.1532734454857144e+26,1.1809520081773713e+26,1.1231880512556523e+26,True,False,"explicit storage token in project name or fuel/technology -- confirmed BESS, excluded from review list"
29INR0106,ERCOT,TX,San Patricio,104.56,Aurora Solar LLC,Developer Not Matched To Known List,Tier 3: Confirmed Grid-Scale Storage (BESS),,60.0,Confirmed Grid-Scale Storage (BESS),,False,,False,29874,19120,14547,1.1493163501714287e+26,1.176899942575543e+26,1.1193341845147827e+26,True,False,"explicit storage token in project name or fuel/technology -- confirmed BESS, excluded from review list"
25INR0442,ERCOT,TX,Milam,104.52,Rosula Storage LLC,Developer Not Matched To Known List,Tier 3: Confirmed Grid-Scale Storage (BESS),,60.0,Confirmed Grid-Scale Storage (BESS),,False,,True,29863,19112,14542,1.1488766729142858e+26,1.1764497130642287e+26,1.1189059770991306e+26,True,False,"explicit storage token in project name or fuel/technology -- confirmed BESS, excluded from review list"
26INR0302,ERCOT,TX,Young,104.5,Young County Energy Storage LLC,Developer Not Matched To Known List,Tier 3: Confirmed Grid-Scale Storage (BESS),,51.4,Confirmed Grid-Scale Storage (BESS),,False,,False,29857,19109,14539,1.1486568342857143e+26,1.1762245983085713e+26,1.1186918733913044e+26,True,False,"explicit storage token in project name or fuel/technology -- confirmed BESS, excluded from review list"
26INR0252,ERCOT,TX,McLennan,104.5,"Elawan Neutron Storage, LLC",Developer Not Matched To Known List,Tier 3: Confirmed Grid-Scale Storage (BESS),,51.4,Confirmed Grid-Scale Storage (BESS),,False,,True,29857,19109,14539,1.1486568342857143e+26,1.1762245983085713e+26,1.1186918733913044e+26,True,False,"explicit storage token in project name or fuel/technology -- confirmed BESS, excluded from review list"
25INR0347,ERCOT,TX,Brazos,104.42,"TX BESS 5, LLC",Developer Not Matched To Known List,Tier 3: Confirmed Grid-Scale Storage (BESS),,45.0,Confirmed Grid-Scale Storage (BESS),,False,,False,29834,19094,14528,1.1477774797714286e+26,1.175324139285943e+26,1.11783545856e+26,True,False,"explicit storage token in project name or fuel/technology -- confirmed BESS, excluded from review list"
26INR0499,ERCOT,TX,Burnet,104.0,Burnet County LLC,Developer Not Matched To Known List,Tier 3: Confirmed Grid-Scale Storage (BESS),,45.0,Confirmed Grid-Scale Storage (BESS),,False,,False,29714,19017,14470,1.1431608685714287e+26,1.1705967294171429e+26,1.1133392806956523e+26,True,False,"explicit storage token in project name or fuel/technology -- confirmed BESS, excluded from review list"
26INR0502,ERCOT,TX,Kaufman,104.0,Crandall BESS LLC,Developer Not Matched To Known List,Tier 3: Confirmed Grid-Scale Storage (BESS),,45.0,Confirmed Grid-Scale Storage (BESS),,False,,False,29714,19017,14470,1.1431608685714287e+26,1.1705967294171429e+26,1.1133392806956523e+26,True,False,"explicit storage token in project name or fuel/technology -- confirmed BESS, excluded from review list"
26INR0496,ERCOT,TX,Hardeman,104.0,Quanah BESS LLC,Developer Not Matched To Known List,Tier 3: Confirmed Grid-Scale Storage (BESS),,51.4,Confirmed Grid-Scale Storage (BESS),,False,,False,29714,19017,14470,1.1431608685714287e+26,1.1705967294171429e+26,1.1133392806956523e+26,True,False,"explicit storage token in project name or fuel/technology -- confirmed BESS, excluded from review list"
27INR0233,ERCOT,TX,Hidalgo,103.7,Anawa La Solar LLC,Developer Not Matched To Known List,Tier 3: Confirmed Grid-Scale Storage (BESS),,60.0,Confirmed Grid-Scale Storage (BESS),,False,,False,29629,18962,14428,1.1398632891428573e+26,1.1672200080822858e+26,1.1101277250782611e+26,True,False,"explicit storage token in project name or fuel/technology -- confirmed BESS, excluded from review list"
25INR0169,ERCOT,TX,Freestone,103.65,"Piedra Solar, LLC",Developer Not Matched To Known List,Tier 3: Confirmed Grid-Scale Storage (BESS),,60.0,Confirmed Grid-Scale Storage (BESS),,False,,True,29614,18953,14421,1.1393136925714287e+26,1.1666572211931428e+26,1.1095924658086957e+26,True,False,"explicit storage token in project name or fuel/technology -- confirmed BESS, excluded from review list"
24INR0210,ERCOT,TX,Wharton,103.53,"Raven Storage, LLC",Developer Not Matched To Known List,Tier 3: Confirmed Grid-Scale Storage (BESS),,51.4,Confirmed Grid-Scale Storage (BESS),,False,,True,29580,18931,14404,1.1379946608e+26,1.1653065326592e+26,1.1083078435617393e+26,True,False,"explicit storage token in project name or fuel/technology -- confirmed BESS, excluded from review list"
23INR0456,ERCOT,TX,Hidalgo,103.51,"KCE TX 28, LLC",Developer Not Matched To Known List,Tier 3: Confirmed Grid-Scale Storage (BESS),,45.0,Confirmed Grid-Scale Storage (BESS),,False,,False,29574,18928,14401,1.1377748221714287e+26,1.1650814179035429e+26,1.1080937398539131e+26,True,False,"explicit storage token in project name or fuel/technology -- confirmed BESS, excluded from review list"
27INR0414,ERCOT,TX,Webb,103.5,"DGC Renewables, LLC",Developer Not Matched To Known List,Tier 3: Confirmed Grid-Scale Storage (BESS),,50.0,Confirmed Grid-Scale Storage (BESS),,False,,False,29571,18926,14400,1.1376649028571429e+26,1.1649688605257142e+26,1.107986688e+26,True,False,"explicit storage token in project name or fuel/technology -- confirmed BESS, excluded from review list"
26INR0428,ERCOT,TX,San Patricio,103.5,"Diamond B Storage, LLC",Developer Not Matched To Known List,Tier 3: Confirmed Grid-Scale Storage (BESS),,60.0,Confirmed Grid-Scale Storage (BESS),,False,,True,29571,18926,14400,1.1376649028571429e+26,1.1649688605257142e+26,1.107986688e+26,True,False,"explicit storage token in project name or fuel/technology -- confirmed BESS, excluded from review list"
26INR0429,ERCOT,TX,Matagorda,103.5,"Post Trail Energy, LLC",Developer Not Matched To Known List,Tier 3: Confirmed Grid-Scale Storage (BESS),,50.3,Confirmed Grid-Scale Storage (BESS),,False,,False,29571,18926,14400,1.1376649028571429e+26,1.1649688605257142e+26,1.107986688e+26,True,False,"explicit storage token in project name or fuel/technology -- confirmed BESS, excluded from review list"
27INR0444,ERCOT,TX,Webb,103.5,"DGC Renewables, LLC",Developer Not Matched To Known List,Tier 3: Confirmed Grid-Scale Storage (BESS),,50.0,Confirmed Grid-Scale Storage (BESS),,False,,False,29571,18926,14400,1.1376649028571429e+26,1.1649688605257142e+26,1.107986688e+26,True,False,"explicit storage token in project name or fuel/technology -- confirmed BESS, excluded from review list"
23INR0194,ERCOT,TX,Brazoria,103.4,"Pequin Energy Storage, LLC",Developer Not Matched To Known List,Tier 3: Confirmed Grid-Scale Storage (BESS),,51.4,Confirmed Grid-Scale Storage (BESS),,False,,False,29543,18907,14386,1.1365657097142857e+26,1.1638432867474288e+26,1.1069161694608697e+26,True,False,"explicit storage token in project name or fuel/technology -- confirmed BESS, excluded from review list"
27INR0202,ERCOT,TX,Ward,103.39,"Shallow Valley Storage, LLC",Developer Not Matched To Known List,Tier 3: Confirmed Grid-Scale Storage (BESS),,51.4,Confirmed Grid-Scale Storage (BESS),,False,,False,29540,18906,14385,1.1364557904e+26,1.1637307293696001e+26,1.1068091176069566e+26,True,False,"explicit storage token in project name or fuel/technology -- confirmed BESS, excluded from review list"
28INR0261,ERCOT,TX,Pecos,103.37,"Rio Vista Storage, LLC",Developer Not Matched To Known List,Tier 3: Confirmed Grid-Scale Storage (BESS),,60.0,Confirmed Grid-Scale Storage (BESS),,False,,False,29534,18902,14382,1.1362359517714286e+26,1.163505614613943e+26,1.1065950138991305e+26,True,False,"explicit storage token in project name or fuel/technology -- confirmed BESS, excluded from review list"
29INR0170,ERCOT,TX,Brewster,103.37,Three Ranches Energy LLC,Developer Not Matched To Known List,Tier 3: Confirmed Grid-Scale Storage (BESS),,50.0,Confirmed Grid-Scale Storage (BESS),,False,,False,29534,18902,14382,1.1362359517714286e+26,1.163505614613943e+26,1.1065950138991305e+26,True,False,"explicit storage token in project name or fuel/technology -- confirmed BESS, excluded from review list"
27INR0139,ERCOT,TX,Pecos,103.36,Gatsby Energy Storage LLC,Developer Not Matched To Known List,Tier 3: Confirmed Grid-Scale Storage (BESS),,52.6,Confirmed Grid-Scale Storage (BESS),,False,,False,29531,18900,14381,1.1361260324571429e+26,1.1633930572361143e+26,1.1064879620452176e+26,True,False,"explicit storage token in project name or fuel/technology -- confirmed BESS, excluded from review list"
28INR0483,ERCOT,TX,Zapata,103.3,Falcon Energy Project,Developer Not Matched To Known List,Tier 3: Confirmed Grid-Scale Storage (BESS),,55.4,Confirmed Grid-Scale Storage (BESS),,False,,False,29514,18889,14372,1.1354665165714287e+26,1.162717712969143e+26,1.1058456509217393e+26,True,False,"explicit storage token in project name or fuel/technology -- confirmed BESS, excluded from review list"
27INR0325,ERCOT,TX,Howard,103.3,"Coyote Ridge Storage, LLC",Developer Not Matched To Known List,Tier 3: Confirmed Grid-Scale Storage (BESS),,51.4,Confirmed Grid-Scale Storage (BESS),,False,,False,29514,18889,14372,1.1354665165714287e+26,1.162717712969143e+26,1.1058456509217393e+26,True,False,"explicit storage token in project name or fuel/technology -- confirmed BESS, excluded from review list"
27INR0456,ERCOT,TX,Kaufman,103.1,Lightsource Renewable Energy Development LLC,Developer Not Matched To Known List,Tier 3: Confirmed Grid-Scale Storage (BESS),,45.0,Confirmed Grid-Scale Storage (BESS),,False,,False,29457,18853,14344,1.1332681302857143e+26,1.1604665654125714e+26,1.1037046138434783e+26,True,False,"explicit storage token in project name or fuel/technology -- confirmed BESS, excluded from review list"
24INR0073,ERCOT,TX,Harris,103.05,"Hyacinth Storage, LLC",Developer Not Matched To Known List,Tier 3: Confirmed Grid-Scale Storage (BESS),,51.4,Confirmed Grid-Scale Storage (BESS),,False,,False,29443,18843,14337,1.1327185337142857e+26,1.1599037785234288e+26,1.1031693545739131e+26,True,False,"explicit storage token in project name or fuel/technology -- confirmed BESS, excluded from review list"
23INR0137,ERCOT,TX,Wharton,103.0,BRP Diran BESS LLC,Developer Not Matched To Known List,Tier 3: Confirmed Grid-Scale Storage (BESS),,45.0,Confirmed Grid-Scale Storage (BESS),,False,,True,29429,18834,14330,1.1321689371428573e+26,1.1593409916342858e+26,1.1026340953043478e+26,True,False,"explicit storage token in project name or fuel/technology -- confirmed BESS, excluded from review list"
24INR0238,ERCOT,TX,Upton,103.0,"APPALOOSA RUN STORAGE, LLC",Developer Not Matched To Known List,Tier 3: Confirmed Grid-Scale Storage (BESS),,51.4,Confirmed Grid-Scale Storage (BESS),,False,,False,29429,18834,14330,1.1321689371428573e+26,1.1593409916342858e+26,1.1026340953043478e+26,True,False,"explicit storage token in project name or fuel/technology -- confirmed BESS, excluded from review list"
27INR0236,ERCOT,TX,Sutton,102.98,Atticus Energy Storage,Developer Not Matched To Known List,Tier 3: Confirmed Grid-Scale Storage (BESS),,60.0,Confirmed Grid-Scale Storage (BESS),,False,,False,29423,18831,14328,1.1319490985142856e+26,1.1591158768786288e+26,1.1024199915965218e+26,True,False,"explicit storage token in project name or fuel/technology -- confirmed BESS, excluded from review list"
26INR0260,ERCOT,TX,Val Verde,102.96,Evans Creek Energy Storage LLC,Developer Not Matched To Known List,Tier 3: Confirmed Grid-Scale Storage (BESS),,52.6,Confirmed Grid-Scale Storage (BESS),,False,,False,29417,18827,14325,1.1317292598857143e+26,1.1588907621229716e+26,1.1022058878886957e+26,True,False,"explicit storage token in project name or fuel/technology -- confirmed BESS, excluded from review list"
27INR0440,ERCOT,TX,Pecos,102.88,Wisdom Green Energy LLC,Developer Not Matched To Known List,Tier 3: Confirmed Grid-Scale Storage (BESS),,60.0,Confirmed Grid-Scale Storage (BESS),,False,,True,29394,18812,14314,1.1308499053714286e+26,1.157990303100343e+26,1.1013494730573913e+26,True,False,"explicit storage token in project name or fuel/technology -- confirmed BESS, excluded from review list"
28INR0074,ERCOT,TX,Harris,102.86,"Massey Storage, LLC",Developer Not Matched To Known List,Tier 3: Confirmed Grid-Scale Storage (BESS),,60.0,Confirmed Grid-Scale Storage (BESS),,False,,False,29389,18809,14311,1.1306300667428573e+26,1.1577651883446858e+26,1.1011353693495651e+26,True,False,"explicit storage token in project name or fuel/technology -- confirmed BESS, excluded from review list"
23INR0361,ERCOT,TX,Jackson,102.82,Third Coast BESS LLC,Developer Not Matched To Known List,Tier 3: Confirmed Grid-Scale Storage (BESS),,60.0,Confirmed Grid-Scale Storage (BESS),,False,,True,29377,18801,14305,1.1301903894857143e+26,1.1573149588333713e+26,1.1007071619339132e+26,True,False,"explicit storage token in project name or fuel/technology -- confirmed BESS, excluded from review list"
24INR0108,ERCOT,TX,Bexar,102.77,VESI 49 LLC,Developer Not Matched To Known List,Tier 3: Confirmed Grid-Scale Storage (BESS),,40.0,Confirmed Grid-Scale Storage (BESS),,False,,True,29363,18792,14298,1.1296407929142857e+26,1.1567521719442287e+26,1.1001719026643479e+26,True,False,"explicit storage token in project name or fuel/technology -- confirmed BESS, excluded from review list"
25INR0287,ERCOT,TX,Scurry,102.76,Hide Town Energy Storage LLC,Developer Not Matched To Known List,Tier 3: Confirmed Grid-Scale Storage (BESS),,57.3,Confirmed Grid-Scale Storage (BESS),,False,,False,29360,18790,14297,1.1295308736e+26,1.1566396145664e+26,1.100064850810435e+26,True,False,"explicit storage token in project name or fuel/technology -- confirmed BESS, excluded from review list"
26INR0287,ERCOT,TX,Ector,102.65,"TX BESS 6, LLC",Developer Not Matched To Known List,Tier 3: Confirmed Grid-Scale Storage (BESS),,45.0,Confirmed Grid-Scale Storage (BESS),,False,,False,29329,18770,14282,1.1283217611428573e+26,1.1554014834102859e+26,1.0988872804173912e+26,True,False,"explicit storage token in project name or fuel/technology -- confirmed BESS, excluded from review list"
24INR0472,ERCOT,TX,Van Zandt,102.41,"BT Amador Storage, LLC",Developer Not Matched To Known List,Tier 3: Confirmed Grid-Scale Storage (BESS),,62.2,Confirmed Grid-Scale Storage (BESS),,False,,True,29260,18726,14248,1.1256836976e+26,1.1527001063424e+26,1.0963180359234784e+26,True,False,"explicit storage token in project name or fuel/technology -- confirmed BESS, excluded from review list"
24INR0519,ERCOT,TX,Scurry,102.36,Bluff Creek Energy Storage LLC,Developer Not Matched To Known List,Tier 3: Confirmed Grid-Scale Storage (BESS),,52.6,Confirmed Grid-Scale Storage (BESS),,False,,False,29246,18717,14241,1.1251341010285715e+26,1.1521373194532572e+26,1.0957827766539132e+26,True,False,"explicit storage token in project name or fuel/technology -- confirmed BESS, excluded from review list"
23INR0200,ERCOT,TX,Atascosa,102.3,VESI 13,Developer Not Matched To Known List,Tier 3: Confirmed Grid-Scale Storage (BESS),,45.0,Confirmed Grid-Scale Storage (BESS),,False,,True,29229,18706,14233,1.1244745851428572e+26,1.1514619751862859e+26,1.095140465530435e+26,True,False,"explicit storage token in project name or fuel/technology -- confirmed BESS, excluded from review list"
25INR0239,ERCOT,TX,Hidalgo,102.18,TX BESS 3 LLC,Developer Not Matched To Known List,Tier 3: Confirmed Grid-Scale Storage (BESS),,45.0,Confirmed Grid-Scale Storage (BESS),,False,,False,29194,18684,14216,1.1231555533714286e+26,1.150111286652343e+26,1.0938558432834783e+26,True,False,"explicit storage token in project name or fuel/technology -- confirmed BESS, excluded from review list"
27INR0427,ERCOT,TX,Robertson,102.14,Tempus Power management LLC,Developer Not Matched To Known List,Tier 3: Confirmed Grid-Scale Storage (BESS),,67.5,Confirmed Grid-Scale Storage (BESS),,False,,False,29183,18677,14211,1.1227158761142856e+26,1.1496610571410284e+26,1.0934276358678262e+26,True,False,"explicit storage token in project name or fuel/technology -- confirmed BESS, excluded from review list"
27INR0424,ERCOT,TX,Robertson,102.14,Tempus Power management LLC,Developer Not Matched To Known List,Tier 3: Confirmed Grid-Scale Storage (BESS),,67.5,Confirmed Grid-Scale Storage (BESS),,False,,False,29183,18677,14211,1.1227158761142856e+26,1.1496610571410284e+26,1.0934276358678262e+26,True,False,"explicit storage token in project name or fuel/technology -- confirmed BESS, excluded from review list"
27INR0428,ERCOT,TX,Robertson,102.14,Tempus Power management LLC,Developer Not Matched To Known List,Tier 3: Confirmed Grid-Scale Storage (BESS),,67.5,Confirmed Grid-Scale Storage (BESS),,False,,False,29183,18677,14211,1.1227158761142856e+26,1.1496610571410284e+26,1.0934276358678262e+26,True,False,"explicit storage token in project name or fuel/technology -- confirmed BESS, excluded from review list"
27INR0429,ERCOT,TX,Robertson,102.14,Tempus Power management LLC,Developer Not Matched To Known List,Tier 3: Confirmed Grid-Scale Storage (BESS),,67.5,Confirmed Grid-Scale Storage (BESS),,False,,False,29183,18677,14211,1.1227158761142856e+26,1.1496610571410284e+26,1.0934276358678262e+26,True,False,"explicit storage token in project name or fuel/technology -- confirmed BESS, excluded from review list"
27INR0423,ERCOT,TX,Robertson,102.14,Tempus Power management LLC,Developer Not Matched To Known List,Tier 3: Confirmed Grid-Scale Storage (BESS),,67.5,Confirmed Grid-Scale Storage (BESS),,False,,False,29183,18677,14211,1.1227158761142856e+26,1.1496610571410284e+26,1.0934276358678262e+26,True,False,"explicit storage token in project name or fuel/technology -- confirmed BESS, excluded from review list"
27INR0418,ERCOT,TX,Robertson,102.14,Tempus Power management LLC,Developer Not Matched To Known List,Tier 3: Confirmed Grid-Scale Storage (BESS),,67.5,Confirmed Grid-Scale Storage (BESS),,False,,False,29183,18677,14211,1.1227158761142856e+26,1.1496610571410284e+26,1.0934276358678262e+26,True,False,"explicit storage token in project name or fuel/technology -- confirmed BESS, excluded from review list"
27INR0425,ERCOT,TX,Robertson,102.14,Tempus Power management LLC,Developer Not Matched To Known List,Tier 3: Confirmed Grid-Scale Storage (BESS),,67.5,Confirmed Grid-Scale Storage (BESS),,False,,False,29183,18677,14211,1.1227158761142856e+26,1.1496610571410284e+26,1.0934276358678262e+26,True,False,"explicit storage token in project name or fuel/technology -- confirmed BESS, excluded from review list"
27INR0426,ERCOT,TX,Robertson,102.14,Tempus Power management LLC,Developer Not Matched To Known List,Tier 3: Confirmed Grid-Scale Storage (BESS),,67.5,Confirmed Grid-Scale Storage (BESS),,False,,False,29183,18677,14211,1.1227158761142856e+26,1.1496610571410284e+26,1.0934276358678262e+26,True,False,"explicit storage token in project name or fuel/technology -- confirmed BESS, excluded from review list"
27INR0458,ERCOT,TX,Dallas,102.1,Tempus power management LLC,Developer Not Matched To Known List,Tier 3: Confirmed Grid-Scale Storage (BESS),,67.5,Confirmed Grid-Scale Storage (BESS),,False,,False,29171,18670,14205,1.1222761988571429e+26,1.1492108276297143e+26,1.092999428452174e+26,True,False,"explicit storage token in project name or fuel/technology -- confirmed BESS, excluded from review list"
27INR0457,ERCOT,TX,Dallas,102.1,Tempus power management LLC,Developer Not Matched To Known List,Tier 3: Confirmed Grid-Scale Storage (BESS),,67.5,Confirmed Grid-Scale Storage (BESS),,False,,False,29171,18670,14205,1.1222761988571429e+26,1.1492108276297143e+26,1.092999428452174e+26,True,False,"explicit storage token in project name or fuel/technology -- confirmed BESS, excluded from review list"
27INR0459,ERCOT,TX,Dallas,102.1,Tempus power management LLC,Developer Not Matched To Known List,Tier 3: Confirmed Grid-Scale Storage (BESS),,67.5,Confirmed Grid-Scale Storage (BESS),,False,,False,29171,18670,14205,1.1222761988571429e+26,1.1492108276297143e+26,1.092999428452174e+26,True,False,"explicit storage token in project name or fuel/technology -- confirmed BESS, excluded from review list"
27INR0485,ERCOT,TX,Travis,102.1,Balcones Ridge Resiliency LLC,Developer Not Matched To Known List,Tier 3: Confirmed Grid-Scale Storage (BESS),,49.1,Confirmed Grid-Scale Storage (BESS),,False,,True,29171,18670,14205,1.1222761988571429e+26,1.1492108276297143e+26,1.092999428452174e+26,True,False,"explicit storage token in project name or fuel/technology -- confirmed BESS, excluded from review list"
28INR0257,ERCOT,TX,Dallas,102.1,Tempus power management LLC,Developer Not Matched To Known List,Tier 3: Confirmed Grid-Scale Storage (BESS),,67.5,Confirmed Grid-Scale Storage (BESS),,False,,False,29171,18670,14205,1.1222761988571429e+26,1.1492108276297143e+26,1.092999428452174e+26,True,False,"explicit storage token in project name or fuel/technology -- confirmed BESS, excluded from review list"
28INR0258,ERCOT,TX,Dallas,102.1,Tempus power management LLC,Developer Not Matched To Known List,Tier 3: Confirmed Grid-Scale Storage (BESS),,67.5,Confirmed Grid-Scale Storage (BESS),,False,,False,29171,18670,14205,1.1222761988571429e+26,1.1492108276297143e+26,1.092999428452174e+26,True,False,"explicit storage token in project name or fuel/technology -- confirmed BESS, excluded from review list"
28INR0256,ERCOT,TX,Dallas,102.1,Tempus power management LLC,Developer Not Matched To Known List,Tier 3: Confirmed Grid-Scale Storage (BESS),,67.5,Confirmed Grid-Scale Storage (BESS),,False,,False,29171,18670,14205,1.1222761988571429e+26,1.1492108276297143e+26,1.092999428452174e+26,True,False,"explicit storage token in project name or fuel/technology -- confirmed BESS, excluded from review list"
27INR0317,ERCOT,TX,Van Zandt,102.1,Tempus Power management LLC,Developer Not Matched To Known List,Tier 3: Confirmed Grid-Scale Storage (BESS),,67.5,Confirmed Grid-Scale Storage (BESS),,False,,False,29171,18670,14205,1.1222761988571429e+26,1.1492108276297143e+26,1.092999428452174e+26,True,False,"explicit storage token in project name or fuel/technology -- confirmed BESS, excluded from review list"
27INR0460,ERCOT,TX,Dallas,102.1,Tempus power management LLC,Developer Not Matched To Known List,Tier 3: Confirmed Grid-Scale Storage (BESS),,67.5,Confirmed Grid-Scale Storage (BESS),,False,,False,29171,18670,14205,1.1222761988571429e+26,1.1492108276297143e+26,1.092999428452174e+26,True,False,"explicit storage token in project name or fuel/technology -- confirmed BESS, excluded from review list"
28INR0255,ERCOT,TX,Dallas,102.1,Tempus power management LLC,Developer Not Matched To Known List,Tier 3: Confirmed Grid-Scale Storage (BESS),,67.5,Confirmed Grid-Scale Storage (BESS),,False,,False,29171,18670,14205,1.1222761988571429e+26,1.1492108276297143e+26,1.092999428452174e+26,True,False,"explicit storage token in project name or fuel/technology -- confirmed BESS, excluded from review list"
27INR0487,ERCOT,TX,Travis,102.1,Balcones Ridge Resiliency II LLC,Developer Not Matched To Known List,Tier 3: Confirmed Grid-Scale Storage (BESS),,49.1,Confirmed Grid-Scale Storage (BESS),,False,,False,29171,18670,14205,1.1222761988571429e+26,1.1492108276297143e+26,1.092999428452174e+26,True,False,"explicit storage token in project name or fuel/technology -- confirmed BESS, excluded from review list"
27INR0413,ERCOT,TX,Van Zandt,102.1,Tempus Power management LLC,Developer Not Matched To Known List,Tier 3: Confirmed Grid-Scale Storage (BESS),,67.5,Confirmed Grid-Scale Storage (BESS),,False,,False,29171,18670,14205,1.1222761988571429e+26,1.1492108276297143e+26,1.092999428452174e+26,True,False,"explicit storage token in project name or fuel/technology -- confirmed BESS, excluded from review list"
27INR0486,ERCOT,TX,Travis,102.1,Balcones Ridge Resiliency II LLC,Developer Not Matched To Known List,Tier 3: Confirmed Grid-Scale Storage (BESS),,49.1,Confirmed Grid-Scale Storage (BESS),,False,,False,29171,18670,14205,1.1222761988571429e+26,1.1492108276297143e+26,1.092999428452174e+26,True,False,"explicit storage token in project name or fuel/technology -- confirmed BESS, excluded from review list"
26INR0469,ERCOT,TX,Lamar,102.0,"Roxton Solar, LLC",Developer Not Matched To Known List,Tier 3: Confirmed Grid-Scale Storage (BESS),,45.0,Confirmed Grid-Scale Storage (BESS),,False,,True,29143,18651,14191,1.1211770057142857e+26,1.1480852538514288e+26,1.0919289099130436e+26,True,False,"explicit storage token in project name or fuel/technology -- confirmed BESS, excluded from review list"
28INR0154,ERCOT,TX,Harris,101.65,Pamela heights I Energy Center LLC,Developer Not Matched To Known List,Tier 3: Confirmed Grid-Scale Storage (BESS),,51.3,Confirmed Grid-Scale Storage (BESS),,False,,True,29043,18587,14143,1.1173298297142857e+26,1.1441457456274288e+26,1.0881820950260872e+26,True,False,"explicit storage token in project name or fuel/technology -- confirmed BESS, excluded from review list"
25INR0133,ERCOT,TX,Dimmit,101.41,"Rose Quartz BESS, LLC",Developer Not Matched To Known List,Tier 3: Confirmed Grid-Scale Storage (BESS),,45.0,Confirmed Grid-Scale Storage (BESS),,False,,True,28974,18544,14109,1.1146917661714287e+26,1.1414443685595429e+26,1.0856128505321738e+26,True,False,"explicit storage token in project name or fuel/technology -- confirmed BESS, excluded from review list"
24INR0087,ERCOT,TX,Navarro,101.36,"Pisgah Ridge 3, LLC",Developer Not Matched To Known List,Tier 3: Confirmed Grid-Scale Storage (BESS),,42.9,Confirmed Grid-Scale Storage (BESS),,False,,False,28960,18534,14102,1.1141421696e+26,1.1408815816704002e+26,1.0850775912626088e+26,True,False,"explicit storage token in project name or fuel/technology -- confirmed BESS, excluded from review list"
28INR0295,ERCOT,TX,Brazoria,101.3,PowerPulse LLC,Developer Not Matched To Known List,Tier 3: Confirmed Grid-Scale Storage (BESS),,48.9,Confirmed Grid-Scale Storage (BESS),,False,,True,28943,18523,14094,1.1134826537142857e+26,1.1402062374034288e+26,1.0844352801391306e+26,True,False,"explicit storage token in project name or fuel/technology -- confirmed BESS, excluded from review list"
26INR0317,ERCOT,TX,Harris,101.3,"GCI Pinnacle Point, LLC",Developer Not Matched To Known List,Tier 3: Confirmed Grid-Scale Storage (BESS),,45.0,Confirmed Grid-Scale Storage (BESS),,False,,False,28943,18523,14094,1.1134826537142857e+26,1.1402062374034288e+26,1.0844352801391306e+26,True,False,"explicit storage token in project name or fuel/technology -- confirmed BESS, excluded from review list"
26INR0341,ERCOT,TX,Harris,101.3,"GCI Megamouth, LLC",Developer Not Matched To Known List,Tier 3: Confirmed Grid-Scale Storage (BESS),,67.5,Confirmed Grid-Scale Storage (BESS),,False,,True,28943,18523,14094,1.1134826537142857e+26,1.1402062374034288e+26,1.0844352801391306e+26,True,False,"explicit storage token in project name or fuel/technology -- confirmed BESS, excluded from review list"
24INR0534,ERCOT,TX,Willacy,101.2,"Lyford Energy, LLC",Developer Not Matched To Known List,Tier 3: Confirmed Grid-Scale Storage (BESS),,50.0,Confirmed Grid-Scale Storage (BESS),,False,,False,28914,18505,14080,1.1123834605714286e+26,1.139080663625143e+26,1.0833647616e+26,True,False,"explicit storage token in project name or fuel/technology -- confirmed BESS, excluded from review list"
25INR0542,ERCOT,TX,Wharton,101.2,"Hynes Bay Energy Storage, LLC",Developer Not Matched To Known List,Tier 3: Confirmed Grid-Scale Storage (BESS),,51.4,Confirmed Grid-Scale Storage (BESS),,False,,False,28914,18505,14080,1.1123834605714286e+26,1.139080663625143e+26,1.0833647616e+26,True,False,"explicit storage token in project name or fuel/technology -- confirmed BESS, excluded from review list"
25INR0545,ERCOT,TX,Wharton,101.2,"Blue Creek Energy Storage, LLC",Developer Not Matched To Known List,Tier 3: Confirmed Grid-Scale Storage (BESS),,51.4,Confirmed Grid-Scale Storage (BESS),,False,,False,28914,18505,14080,1.1123834605714286e+26,1.139080663625143e+26,1.0833647616e+26,True,False,"explicit storage token in project name or fuel/technology -- confirmed BESS, excluded from review list"
24INR0569,ERCOT,TX,Wharton,101.2,"Hadrian Energy Storage, LLC",Developer Not Matched To Known List,Tier 3: Confirmed Grid-Scale Storage (BESS),,51.4,Confirmed Grid-Scale Storage (BESS),,False,,False,28914,18505,14080,1.1123834605714286e+26,1.139080663625143e+26,1.0833647616e+26,True,False,"explicit storage token in project name or fuel/technology -- confirmed BESS, excluded from review list"
24INR0541,ERCOT,TX,Kinney,101.2,"Kinney County Energy,  LLC",Developer Not Matched To Known List,Tier 3: Confirmed Grid-Scale Storage (BESS),,49.1,Confirmed Grid-Scale Storage (BESS),,False,,False,28914,18505,14080,1.1123834605714286e+26,1.139080663625143e+26,1.0833647616e+26,True,False,"explicit storage token in project name or fuel/technology -- confirmed BESS, excluded from review list"
24INR0530,ERCOT,TX,Brazoria,101.2,"Southside Energy, LLC",Developer Not Matched To Known List,Tier 3: Confirmed Grid-Scale Storage (BESS),,60.0,Confirmed Grid-Scale Storage (BESS),,False,,False,28914,18505,14080,1.1123834605714286e+26,1.139080663625143e+26,1.0833647616e+26,True,False,"explicit storage token in project name or fuel/technology -- confirmed BESS, excluded from review list"
26INR0181,ERCOT,TX,Cameron,101.02,"Solar Star Frontier BESS, LLC",Developer Not Matched To Known List,Tier 3: Confirmed Grid-Scale Storage (BESS),,50.0,Confirmed Grid-Scale Storage (BESS),,False,,False,28863,18472,14055,1.1104049129142857e+26,1.1370546308242285e+26,1.0814378282295652e+26,True,False,"explicit storage token in project name or fuel/technology -- confirmed BESS, excluded from review list"
23INR0284,ERCOT,TX,Kinney,101.0,"Las Moras Storage, LLC",Developer Not Matched To Known List,Tier 3: Confirmed Grid-Scale Storage (BESS),,60.0,Confirmed Grid-Scale Storage (BESS),,False,,False,28857,18469,14052,1.1101850742857143e+26,1.1368295160685714e+26,1.0812237245217392e+26,True,False,"explicit storage token in project name or fuel/technology -- confirmed BESS, excluded from review list"
24INR0207,ERCOT,TX,Navarro,101.0,Glasgow Solar LLC,Developer Not Matched To Known List,Tier 3: Confirmed Grid-Scale Storage (BESS),,60.0,Confirmed Grid-Scale Storage (BESS),,False,,True,28857,18469,14052,1.1101850742857143e+26,1.1368295160685714e+26,1.0812237245217392e+26,True,False,"explicit storage token in project name or fuel/technology -- confirmed BESS, excluded from review list"
23INR0123,ERCOT,TX,Calhoun,101.0,"Long Mount Storage, LLC",Developer Not Matched To Known List,Tier 3: Confirmed Grid-Scale Storage (BESS),,60.0,Confirmed Grid-Scale Storage (BESS),,False,,False,28857,18469,14052,1.1101850742857143e+26,1.1368295160685714e+26,1.0812237245217392e+26,True,False,"explicit storage token in project name or fuel/technology -- confirmed BESS, excluded from review list"
26INR0319,ERCOT,TX,Wise,100.93,"BT Sandford Solar, LLC",Developer Not Matched To Known List,Tier 3: Confirmed Grid-Scale Storage (BESS),,60.0,Confirmed Grid-Scale Storage (BESS),,False,,False,28837,18456,14042,1.1094156390857144e+26,1.1360416144237716e+26,1.0804743615443479e+26,True,False,"explicit storage token in project name or fuel/technology -- confirmed BESS, excluded from review list"
24INR0275,ERCOT,TX,Martin,100.83,Black Mountain Energy Storage II,Developer Not Matched To Known List,Tier 3: Confirmed Grid-Scale Storage (BESS),,52.6,Confirmed Grid-Scale Storage (BESS),,False,,True,28809,18437,14029,1.1083164459428572e+26,1.134916040645486e+26,1.0794038430052177e+26,True,False,"explicit storage token in project name or fuel/technology -- confirmed BESS, excluded from review list"
24INR0494,ERCOT,TX,Lampasas,100.8,Black Mountain Energy Storage II LLC,Developer Not Matched To Known List,Tier 3: Confirmed Grid-Scale Storage (BESS),,52.6,Confirmed Grid-Scale Storage (BESS),,False,,False,28800,18432,14024,1.107986688e+26,1.134578368512e+26,1.0790826874434783e+26,True,False,"explicit storage token in project name or fuel/technology -- confirmed BESS, excluded from review list"
23INR0216,ERCOT,TX,Ellis,100.8,"AIH Texas Acquisitions, LLC",Developer Not Matched To Known List,Tier 3: Confirmed Grid-Scale Storage (BESS),,45.6,Confirmed Grid-Scale Storage (BESS),,False,,True,28800,18432,14024,1.107986688e+26,1.134578368512e+26,1.0790826874434783e+26,True,False,"explicit storage token in project name or fuel/technology -- confirmed BESS, excluded from review list"
27INR0437,ERCOT,TX,Medina,100.7,"Hondo Creek Solar, LLC",Developer Not Matched To Known List,Tier 3: Confirmed Grid-Scale Storage (BESS),,47.5,Confirmed Grid-Scale Storage (BESS),,False,,False,28771,18414,14010,1.1068874948571429e+26,1.1334527947337145e+26,1.0780121689043478e+26,True,False,"explicit storage token in project name or fuel/technology -- confirmed BESS, excluded from review list"
26INR0611,ERCOT,TX,Sterling,100.7,Clearway Energy Group LLC,Developer Not Matched To Known List,Tier 3: Confirmed Grid-Scale Storage (BESS),,45.0,Confirmed Grid-Scale Storage (BESS),,False,,False,28771,18414,14010,1.1068874948571429e+26,1.1334527947337145e+26,1.0780121689043478e+26,True,False,"explicit storage token in project name or fuel/technology -- confirmed BESS, excluded from review list"
24INR0376,ERCOT,TX,Wilson,100.67,"Huisache Solar, LLC",Developer Not Matched To Known List,Tier 3: Confirmed Grid-Scale Storage (BESS),,45.0,Confirmed Grid-Scale Storage (BESS),,False,,True,28763,18408,14006,1.1065577369142857e+26,1.1331151226002287e+26,1.077691013342609e+26,True,False,"explicit storage token in project name or fuel/technology -- confirmed BESS, excluded from review list"
25INR0139,ERCOT,TX,Mitchell,100.65,"Dolce BESS, LLC",Developer Not Matched To Known List,Tier 3: Confirmed Grid-Scale Storage (BESS),,49.1,Confirmed Grid-Scale Storage (BESS),,False,,False,28757,18405,14003,1.1063378982857143e+26,1.1328900078445713e+26,1.0774769096347826e+26,True,False,"explicit storage token in project name or fuel/technology -- confirmed BESS, excluded from review list"
24INR0485,ERCOT,TX,Runnels,100.65,"Rutile BESS, LLC",Developer Not Matched To Known List,Tier 3: Confirmed Grid-Scale Storage (BESS),,42.8,Confirmed Grid-Scale Storage (BESS),,False,,True,28757,18405,14003,1.1063378982857143e+26,1.1328900078445713e+26,1.0774769096347826e+26,True,False,"explicit storage token in project name or fuel/technology -- confirmed BESS, excluded from review list"
21INR0444,ERCOT,TX,Brazoria,100.62,"Long Point Storage, LLC",Developer Not Matched To Known List,Tier 3: Confirmed Grid-Scale Storage (BESS),,60.0,Confirmed Grid-Scale Storage (BESS),,False,,True,28749,18399,13999,1.1060081403428573e+26,1.1325523357110857e+26,1.0771557540730436e+26,True,False,"explicit storage token in project name or fuel/technology -- confirmed BESS, excluded from review list"
28INR0175,ERCOT,TX,Refugio,100.61,"Mobee Springs, LLC",Developer Not Matched To Known List,Tier 3: Confirmed Grid-Scale Storage (BESS),,45.0,Confirmed Grid-Scale Storage (BESS),,False,,False,28746,18397,13998,1.1058982210285715e+26,1.1324397783332572e+26,1.0770487022191305e+26,True,False,"explicit storage token in project name or fuel/technology -- confirmed BESS, excluded from review list"
27INR0208,ERCOT,TX,Dimmit,100.6,Sugarloaf Clean Energy LLC,Developer Not Matched To Known List,Tier 3: Confirmed Grid-Scale Storage (BESS),,45.0,Confirmed Grid-Scale Storage (BESS),,False,,False,28743,18395,13997,1.1057883017142857e+26,1.1323272209554287e+26,1.0769416503652176e+26,True,False,"explicit storage token in project name or fuel/technology -- confirmed BESS, excluded from review list"
23INR0163,ERCOT,TX,Kendall,100.57,"KCE TX 26, LLC",Developer Not Matched To Known List,Tier 3: Confirmed Grid-Scale Storage (BESS),,45.0,Confirmed Grid-Scale Storage (BESS),,False,,False,28734,18390,13992,1.1054585437714285e+26,1.1319895488219429e+26,1.0766204948034784e+26,True,False,"explicit storage token in project name or fuel/technology -- confirmed BESS, excluded from review list"
25INR0142,ERCOT,TX,Glasscock,100.57,"Sagewood BESS, LLC",Developer Not Matched To Known List,Tier 3: Confirmed Grid-Scale Storage (BESS),,49.1,Confirmed Grid-Scale Storage (BESS),,False,,False,28734,18390,13992,1.1054585437714285e+26,1.1319895488219429e+26,1.0766204948034784e+26,True,False,"explicit storage token in project name or fuel/technology -- confirmed BESS, excluded from review list"
27INR0009,ERCOT,TX,Wilbarger,100.54,"Felix 1, LLC",Developer Not Matched To Known List,Tier 3: Confirmed Grid-Scale Storage (BESS),,36.0,Confirmed Grid-Scale Storage (BESS),,False,,False,28726,18384,13988,1.1051287858285716e+26,1.1316518766884574e+26,1.0762993392417392e+26,True,False,"explicit storage token in project name or fuel/technology -- confirmed BESS, excluded from review list"
22INR0383,ERCOT,TX,Reagan,100.51,BRP Musca BESS LLC,Developer Not Matched To Known List,Tier 3: Confirmed Grid-Scale Storage (BESS),,45.0,Confirmed Grid-Scale Storage (BESS),,False,,False,28717,18379,13984,1.1047990278857143e+26,1.1313142045549714e+26,1.07597818368e+26,True,False,"explicit storage token in project name or fuel/technology -- confirmed BESS, excluded from review list"
26INR0162,ERCOT,TX,Nacogdoches,100.5,"Timberline Renewables, LLC",Developer Not Matched To Known List,Tier 3: Confirmed Grid-Scale Storage (BESS),,45.0,Confirmed Grid-Scale Storage (BESS),,False,,False,28714,18377,13983,1.1046891085714286e+26,1.1312016471771429e+26,1.0758711318260871e+26,True,False,"explicit storage token in project name or fuel/technology -- confirmed BESS, excluded from review list"
23INR0474,ERCOT,TX,Travis,100.45,AP Greenport,Developer Not Matched To Known List,Tier 3: Confirmed Grid-Scale Storage (BESS),,45.0,Confirmed Grid-Scale Storage (BESS),,False,,False,28700,18368,13976,1.104139512e+26,1.1306388602880001e+26,1.0753358725565217e+26,True,False,"explicit storage token in project name or fuel/technology -- confirmed BESS, excluded from review list"
26INR0254,ERCOT,TX,Van Zandt,100.44,"BT DJ4M Solar, LLC",Developer Not Matched To Known List,Tier 3: Confirmed Grid-Scale Storage (BESS),,45.0,Confirmed Grid-Scale Storage (BESS),,False,,False,28697,18366,13974,1.1040295926857142e+26,1.1305263029101714e+26,1.0752288207026088e+26,True,False,"explicit storage token in project name or fuel/technology -- confirmed BESS, excluded from review list"
26INR0374,ERCOT,TX,Brazoria,100.4,Cobra Clean Energy Center LLC,Developer Not Matched To Known List,Tier 3: Confirmed Grid-Scale Storage (BESS),,52.9,Confirmed Grid-Scale Storage (BESS),,False,,False,28686,18359,13969,1.1035899154285716e+26,1.1300760733988571e+26,1.0748006132869566e+26,True,False,"explicit storage token in project name or fuel/technology -- confirmed BESS, excluded from review list"
25INR0414,ERCOT,TX,Cherokee,100.33,Dialville BESS,Developer Not Matched To Known List,Tier 3: Confirmed Grid-Scale Storage (BESS),,45.0,Confirmed Grid-Scale Storage (BESS),,False,,False,28666,18346,13959,1.1028204802285716e+26,1.1292881717540571e+26,1.0740512503095653e+26,True,False,"explicit storage token in project name or fuel/technology -- confirmed BESS, excluded from review list"
25INR0405,ERCOT,TX,Matagorda,100.33,Pledgor BESS,Developer Not Matched To Known List,Tier 3: Confirmed Grid-Scale Storage (BESS),,45.5,Confirmed Grid-Scale Storage (BESS),,False,,False,28666,18346,13959,1.1028204802285716e+26,1.1292881717540571e+26,1.0740512503095653e+26,True,False,"explicit storage token in project name or fuel/technology -- confirmed BESS, excluded from review list"
25INR0143,ERCOT,TX,Howard,100.32,"Ariji BESS, LLC",Developer Not Matched To Known List,Tier 3: Confirmed Grid-Scale Storage (BESS),,45.0,Confirmed Grid-Scale Storage (BESS),,False,,True,28663,18344,13958,1.1027105609142857e+26,1.1291756143762286e+26,1.0739441984556524e+26,True,False,"explicit storage token in project name or fuel/technology -- confirmed BESS, excluded from review list"
AG1-411 - moved to TC1,PJM,OH,Van Wert,100.0,NOT PUBLISHED IN PJM QUEUE EXPORT,Developer Not Disclosed,Tier 3: Confirmed Grid-Scale Storage (BESS),,0.0,Confirmed Grid-Scale Storage (BESS),AEP,False,,False,28571,18286,13913,1.0991931428571429e+26,1.1255737782857144e+26,1.070518539130435e+26,True,False,"explicit storage token in project name or fuel/technology -- confirmed BESS, excluded from review list"
AE2-156 - moved to TC1,PJM,VA,City of Chesapeake,100.0,NOT PUBLISHED IN PJM QUEUE EXPORT,Developer Not Disclosed,Tier 3: Confirmed Grid-Scale Storage (BESS),,0.0,Confirmed Grid-Scale Storage (BESS),Dominion,True,,False,28571,18286,13913,1.0991931428571429e+26,1.1255737782857144e+26,1.070518539130435e+26,True,False,"explicit storage token in project name or fuel/technology -- confirmed BESS, excluded from review list"
29INR0145,ERCOT,TX,Fort Bend,100.0,Adapture Solar Development,Developer Not Matched To Known List,Tier 3: Confirmed Grid-Scale Storage (BESS),,67.5,Confirmed Grid-Scale Storage (BESS),,False,,False,28571,18286,13913,1.0991931428571429e+26,1.1255737782857144e+26,1.070518539130435e+26,True,False,"explicit storage token in project name or fuel/technology -- confirmed BESS, excluded from review list"
23INR0354,ERCOT,TX,Starr,100.0,Bordertown BESS LLC,Developer Not Matched To Known List,Tier 3: Confirmed Grid-Scale Storage (BESS),,45.0,Confirmed Grid-Scale Storage (BESS),,False,,True,28571,18286,13913,1.0991931428571429e+26,1.1255737782857144e+26,1.070518539130435e+26,True,False,"explicit storage token in project name or fuel/technology -- confirmed BESS, excluded from review list"
26INR0590,ERCOT,TX,Harris,100.0,Tempus Power management LLC,Developer Not Matched To Known List,Tier 3: Confirmed Grid-Scale Storage (BESS),,67.5,Confirmed Grid-Scale Storage (BESS),,False,,False,28571,18286,13913,1.0991931428571429e+26,1.1255737782857144e+26,1.070518539130435e+26,True,False,"explicit storage token in project name or fuel/technology -- confirmed BESS, excluded from review list"
AF2-303,PJM,NC,Edgecombe,100.0,NOT PUBLISHED IN PJM QUEUE EXPORT,Developer Not Disclosed,Tier 3: Confirmed Grid-Scale Storage (BESS),,0.0,Confirmed Grid-Scale Storage (BESS),Dominion,True,,False,28571,18286,13913,1.0991931428571429e+26,1.1255737782857144e+26,1.070518539130435e+26,True,False,"explicit storage token in project name or fuel/technology -- confirmed BESS, excluded from review list"
30INR0045,ERCOT,TX,Colorado,100.0,Adapture Solar Development,Developer Not Matched To Known List,Tier 3: Confirmed Grid-Scale Storage (BESS),,67.5,Confirmed Grid-Scale Storage (BESS),,False,,False,28571,18286,13913,1.0991931428571429e+26,1.1255737782857144e+26,1.070518539130435e+26,True,False,"explicit storage token in project name or fuel/technology -- confirmed BESS, excluded from review list"
21INR0455,ERCOT,TX,Childress,100.0,"KCE TX 16, LLC",Developer Not Matched To Known List,Tier 3: Confirmed Grid-Scale Storage (BESS),,45.0,Confirmed Grid-Scale Storage (BESS),,False,,False,28571,18286,13913,1.0991931428571429e+26,1.1255737782857144e+26,1.070518539130435e+26,True,False,"explicit storage token in project name or fuel/technology -- confirmed BESS, excluded from review list"
AH1-314 - moved to TC2,PJM,VA,Pittsylvania,100.0,NOT PUBLISHED IN PJM QUEUE EXPORT,Developer Not Disclosed,Tier 3: Confirmed Grid-Scale Storage (BESS),,0.0,Confirmed Grid-Scale Storage (BESS),AEP,False,,False,28571,18286,13913,1.0991931428571429e+26,1.1255737782857144e+26,1.070518539130435e+26,True,False,"explicit storage token in project name or fuel/technology -- confirmed BESS, excluded from review list"
25INR0310,ERCOT,TX,Galveston,100.0,"IEP Texas Verde II, llc",Developer Not Matched To Known List,Tier 3: Confirmed Grid-Scale Storage (BESS),,60.0,Confirmed Grid-Scale Storage (BESS),,False,,False,28571,18286,13913,1.0991931428571429e+26,1.1255737782857144e+26,1.070518539130435e+26,True,False,"explicit storage token in project name or fuel/technology -- confirmed BESS, excluded from review list"
27INR0627,ERCOT,TX,Fort Bend,100.0,"Redbird BESS, LLC",Developer Not Matched To Known List,Tier 3: Confirmed Grid-Scale Storage (BESS),,42.4,Confirmed Grid-Scale Storage (BESS),,False,,False,28571,18286,13913,1.0991931428571429e+26,1.1255737782857144e+26,1.070518539130435e+26,True,False,"explicit storage token in project name or fuel/technology -- confirmed BESS, excluded from review list"
25INR0192,ERCOT,TX,Hidalgo,100.0,Palm Valley BESS LLC,Developer Not Matched To Known List,Tier 3: Confirmed Grid-Scale Storage (BESS),,45.0,Confirmed Grid-Scale Storage (BESS),,False,,False,28571,18286,13913,1.0991931428571429e+26,1.1255737782857144e+26,1.070518539130435e+26,True,False,"explicit storage token in project name or fuel/technology -- confirmed BESS, excluded from review list"
27INR0624,ERCOT,TX,Scurry,100.0,Helion BESS,Developer Not Matched To Known List,Tier 3: Confirmed Grid-Scale Storage (BESS),,45.0,Confirmed Grid-Scale Storage (BESS),,False,,False,28571,18286,13913,1.0991931428571429e+26,1.1255737782857144e+26,1.070518539130435e+26,True,False,"explicit storage token in project name or fuel/technology -- confirmed BESS, excluded from review list"
27INR0531,ERCOT,TX,Kaufman,100.0,"Erika Solar, LLC",Developer Not Matched To Known List,Tier 3: Confirmed Grid-Scale Storage (BESS),,60.0,Confirmed Grid-Scale Storage (BESS),,False,,False,28571,18286,13913,1.0991931428571429e+26,1.1255737782857144e+26,1.070518539130435e+26,True,False,"explicit storage token in project name or fuel/technology -- confirmed BESS, excluded from review list"
24INR0449,ERCOT,TX,Hidalgo,100.0,PureSky Development Inc.,Developer Not Matched To Known List,Tier 3: Confirmed Grid-Scale Storage (BESS),,67.5,Confirmed Grid-Scale Storage (BESS),,False,,False,28571,18286,13913,1.0991931428571429e+26,1.1255737782857144e+26,1.070518539130435e+26,True,False,"explicit storage token in project name or fuel/technology -- confirmed BESS, excluded from review list"
23INR0503,ERCOT,TX,Caldwell,100.0,Ardesia Storage Project LLC,Developer Not Matched To Known List,Tier 3: Confirmed Grid-Scale Storage (BESS),,52.6,Confirmed Grid-Scale Storage (BESS),,False,,False,28571,18286,13913,1.0991931428571429e+26,1.1255737782857144e+26,1.070518539130435e+26,True,False,"explicit storage token in project name or fuel/technology -- confirmed BESS, excluded from review list"
AF2-013,PJM,VA,King George,100.0,NOT PUBLISHED IN PJM QUEUE EXPORT,Developer Not Disclosed,Tier 3: Confirmed Grid-Scale Storage (BESS),,0.0,Confirmed Grid-Scale Storage (BESS),Dominion,True,,False,28571,18286,13913,1.0991931428571429e+26,1.1255737782857144e+26,1.070518539130435e+26,True,False,"explicit storage token in project name or fuel/technology -- confirmed BESS, excluded from review list"
AD2-077,PJM,PA,Bucks,100.0,NOT PUBLISHED IN PJM QUEUE EXPORT,Developer Not Disclosed,Tier 3: Confirmed Grid-Scale Storage (BESS),,0.0,Confirmed Grid-Scale Storage (BESS),PPL,True,,False,28571,18286,13913,1.0991931428571429e+26,1.1255737782857144e+26,1.070518539130435e+26,True,False,"explicit storage token in project name or fuel/technology -- confirmed BESS, excluded from review list"
