queue_id,rto_region,state,county,poi_substation,capacity_mw,projected_date,developer_entity,status,project_name,raw_fuel_technology
25INR0587,ERCOT,TX,Armstrong,Tap 345KV 23900 ALIBATES - 23914 TULECNYN CKT1 & CKT2,1043.08,2028-04-17,"Armstrong BESS, LLC",Facilities Study,Zeus Armstrong BESS,Other - Battery Energy Storage
27INR0535,ERCOT,TX,Scurry,MHOS 345 kV Substation (#59911),1043.07,2028-10-01,Zeus Scurry BESS,Facilities Study,Zeus Scurry BESS,Other - Battery Energy Storage
26INR0686,ERCOT,TX,Mitchell,Tap 345 kV 10049 Ranger Camp - 10057 Prong Moss CKT #01 and #02,1042.94,2027-05-01,"Zeus Mitchell BESS II, LLC",Facilities Study,Zeus Mitchell BESS II,Other - Battery Energy Storage
25INR0589,ERCOT,TX,Mitchell,Tap 345 kV 10049 Ranger Camp - 10057 Prong Moss CKT #01 and #02,1042.94,2029-04-17,Mitchell BESS,Facilities Study,Zeus Mitchell BESS,Other - Battery Energy Storage
29INR0218,ERCOT,TX,Ellis,345 KV Venus 1907 to Navarro 68091,1026.2,2029-12-31,Kickstart Infrastructure LLC,Facilities Study,Kickstart Energy Storage VI,Other - Battery Energy Storage
27INR0619,ERCOT,TX,Wise,RAMHORNH 5 - 31875,1000.0,2027-12-31,Prairie Point LLC,Facilities Study,Prairie Point Energy Storage II,Other - Battery Energy Storage
27INR0618,ERCOT,TX,Wise,RAMHORNH 5 - 31875,1000.0,2027-12-31,Prairie Point LLC,Facilities Study,Prairie Point Energy Storage I,Other - Battery Energy Storage
29INR0217,ERCOT,TX,Ellis,345 KV Venus 1906 to Fort Smith 3389,999.0,2029-12-31,Kickstart Infrastructure LLC,Facilities Study,Kickstart Energy Storage V,Other - Battery Energy Storage
28INR0466,ERCOT,TX,Parker,Double Tap 345kV Parker (1436) - Benbrook (1873 & 1869) DCKT,750.0,2029-09-17,Nabla Park LLC,Facilities Study,Nabla Energy Storage II,Other - Battery Energy Storage
27INR0571,ERCOT,TX,Parker,Double Tap 345kV Parker (1436) - Benbrook (1873 & 1869) DCKT,750.0,2029-09-17,Nabla Park LLC,Facilities Study,Nabla Energy Storage I,Other - Battery Energy Storage
AH1-552 - moved to TC2,PJM,MD,Prince George'S,NOT PUBLISHED BY PJM (Transmission Owner: PEPCO),670.2,2027-06-01,NOT PUBLISHED IN PJM QUEUE EXPORT,Active,Chalk Point 230 kV,Solar; Storage
AH1-716 - moved to TC2,PJM,VA,James City,NOT PUBLISHED BY PJM (Transmission Owner: Dominion),650.0,2029-06-11,NOT PUBLISHED IN PJM QUEUE EXPORT,Active,Surry-Skiffes Creek 500kV,Storage
29INR0173,ERCOT,TX,Bexar,5231 HOWARD RD 345 kV,617.63,2028-04-01,Project Fast Flow LLC,Facilities Study,Howard Road BESS,Other - Battery Energy Storage
27INR0365,ERCOT,TX,Comanche,#1440 Comanche Switching Station 345kV,614.4,2029-05-07,ENERGOS BESS,IA in Progress,Comanche BESS,Other - Battery Energy Storage
28INR0278,ERCOT,TX,Wise,Tap 345kV (1429) JACKSBRO_5 - (11736) BIRDDOG_5,612.62,2029-09-15,"Spur Energy Storage, LLC",Facilities Study,Spur Energy Storage,Other - Battery Energy Storage
26INR0466,ERCOT,TX,Austin,46220 PETERS,612.0,2028-07-01,"Symphony BESS, LLC",Facilities Study,Symphony BESS,Other - Battery Energy Storage
26INR0465,ERCOT,TX,Bell,Tap 345kV Temple Pecan Creek (3412) - Temple Switch (3414) 345kV ckt 2,606.0,2028-07-01,"Lavita BESS, LLC",Facilities Study,Lavita BESS,Other - Battery Energy Storage
27INR0452,ERCOT,TX,Jones,Tap 345kV #60707 Kirchhoff -  #60515 Clear Crossing CKT-1,603.08,2028-07-01,ENGIE IR Holdings LLC,Facilities Study,Moccasin Storage,Other - Battery Energy Storage
26INR0546,ERCOT,TX,Harris,Double Tap 138kV 42680 Garden Villas – 48250 Hall & 42680 Garden Villas – 48013 Chocolate Bayou,602.56,2027-10-15,Airport Storage II LLC,Facilities Study,Hobby BESS I,Other - Battery Energy Storage
29INR0204,ERCOT,TX,Young,Tap 345kV (Bus1#1430) Graham SES to (Bus2#11050) Dusty Road,547.65,2029-12-01,"Miller Bend Energy , LLC",Facilities Study,Miller Bend Energy BESS,Other - Battery Energy Storage
24INR0442,ERCOT,TX,Crockett,6601 Rio Pecos 138kV,523.86,2028-06-29,"Midnight Sun Energy Storage, LLC",IA in Progress,Midnight Sun Energy Storage,Other - Battery Energy Storage
26INR0545,ERCOT,TX,Harris,Tap 138kV 48126 Gulfgate - 48199 Knight 06 and 42680 Garden Villas - 42770 Ashville 06,522.46,2027-10-15,Airport Storage I LLC,Facilities Study,Knight Airport BESS I,Other - Battery Energy Storage
26INR0375,ERCOT,TX,Fort Bend,Tapping the 345 kV Line from Smithers (Bus# 44650) to Bellaire (Bus# 47000).,522.12,2026-12-01,"Avalon BESS, LLC",IA in Progress,Avalon BESS,Other - Battery Energy Storage
29INR0169,ERCOT,TX,Zapata,Tap 345kV #80225 CENIZO to #80307 DEL SOL,516.72,2029-12-01,"Falcon Energy Project, LLC",Facilities Study,Falcon BESS,Other - Battery Energy Storage
29INR0242,ERCOT,TX,Comal,345kV Hays Energy (7043) - 345kV Bergheim (7770),516.05,2029-12-18,EG Redbud LLC,Facilities Study,Enfinity Redbud Storage,Other - Battery Energy Storage
28INR0472,ERCOT,TX,Hill,68090 Sam Switch Bus 345kV,514.0,2028-12-31,Seven Angels Infrastructure LLC,Facilities Study,Seven Angels Energy Storage I,Other - Battery Energy Storage
28INR0473,ERCOT,TX,Hill,68090 Sam Switch Bus 345kV,514.0,2028-12-31,Seven Angels Infrastructure LLC,Facilities Study,Seven Angels Energy Storage II,Other - Battery Energy Storage
27INR0115,ERCOT,TX,Grimes,40600 ROANS__POI_5 345kV,513.68,2028-11-01,BESS DIAMANTE LLC,Facilities Study,Diamante BESS,Other - Battery Energy Storage
26INR0156,ERCOT,TX,Refugio,tap the 345 kV Angstrom (#8249) – Static (#8676) line; AEP,510.99,2027-07-31,"S&S Renewables, LLC",IA in Progress,Ross Storage,Other - Battery Energy Storage
24INR0098,ERCOT,TX,Jack,Tap 345 KV 1421 Willow Creek-60515 Clear Crossing CKT#2,508.7,2028-04-12,Hecate Energy Dovetail Storage LLC,Facilities Study,Dovetail Storage,Other - Battery Energy Storage
26INR0089,ERCOT,TX,La Salle,Tap 345kV LOBO7A (#80219) - FOWLERTONSW5 (#5709) CKT#2,508.34,2028-02-12,OCI La Salle ESS LLC,Facilities Study,Crescent C BESS,Other - Battery Energy Storage
23INR0209,ERCOT,TX,Webb,345kv Avanzada7A (80235),508.1,2028-03-01,Hecate Energy Outpost Storage LLC,Facilities Study,Outpost Storage,Other - Battery Energy Storage
22INR0402,ERCOT,TX,Swisher,new 345kV sub Kress connecting both 23912 Ogallala - 23914 Tule Canyon circuits,503.85,2028-12-01,Hecate Energy Frye Storage LLC,Facilities Study,Frye Storage,Other - Battery Energy Storage
24INR0444,ERCOT,TX,Clay,Tap 345kV 6111 Riley - 1730 West Krum ckt 1,503.6,2029-04-01,Hecate Energy Hazel LLC,Facilities Study,Hiru Storage,Other - Battery Energy Storage
23INR0214,ERCOT,TX,Nolan,11420 Sweetwater East 345kV,503.4,2029-04-07,Hecate Energy Harley Hand Storage LLC,Facilities Study,Harley Hand Storage,Other - Battery Energy Storage
24INR0011,ERCOT,TX,Jack,tap both 345kV 1430 Graham - 1436 Parker 345kV lines,502.67,2029-04-20,Hecate Energy Longhorn Storage LLC,Facilities Study,Pinnington Storage,Other - Battery Energy Storage
27INR0082,ERCOT,TX,Bexar,Tap 345 kV Calaveras Power Station (BUS #5400) to VON_ROSE (BUS #5475),501.94,2027-06-01,"GCI Orbit Energy Storage, LLC",Facilities Study,Orbit Energy Storage,Other - Battery Energy Storage
26INR0107,ERCOT,TX,Zapata,Tap 345kV #80224 Tiempo - #80227 Rapido,501.9,2028-08-11,"Falcon BESS, LLC",Facilities Study,Freedom Falcon BESS,Other - Battery Energy Storage
27INR0190,ERCOT,TX,Grimes,44645 CNP Singleton 345kV,501.6,2028-10-15,Millsing BESS,Facilities Study,Millsing BESS,Other - Battery Energy Storage
26INR0630,ERCOT,TX,Milam,3377 Little Pond Switch ( LTPSW) 345,500.0,2026-08-12,BETEL STORAGE I,Facilities Study,Betel Storage I,Other - Battery Energy Storage
AG1-483 - moved to TC1,PJM,MD,Montgomery,NOT PUBLISHED BY PJM (Transmission Owner: PEPCO),500.0,2030-02-01,NOT PUBLISHED IN PJM QUEUE EXPORT,Engineering Review,Dickerson 230 kV,Storage
26INR0636,ERCOT,TX,Borden,345kV MULESHOE (#59922),500.0,2026-11-12,JUNO BESS I,IA in Progress,Lyra Storage,Other - Battery Energy Storage
AH1-725 - moved to TC2,PJM,MD,Harford,NOT PUBLISHED BY PJM (Transmission Owner: BGE),500.0,2029-06-11,NOT PUBLISHED IN PJM QUEUE EXPORT,Active,Conastone 500 kV,Storage
26INR0633,ERCOT,TX,Milam,3377 Little Pond 345,500.0,2026-12-17,BETEL STORAGE II,Facilities Study,Betel Storage II,Other - Battery Energy Storage
21INR0505,ERCOT,TX,Wharton,44200 Hillje 345kV,500.0,2028-06-30,Hecate Energy Ramsey Storage LLC,IA in Progress,Ramsey Storage,Other - Battery Energy Storage
28INR0529,ERCOT,TX,Ellis,Tap 345kV Nimbus (2249) – Big Onion (2466) & Stainback (2217) – Elrod Switch (3159) DCKT,452.99,2030-09-28,"Victory Ellis, LLC",Facilities Study,Victory Ellis–BESS,Other - Battery Energy Storage
26INR0387,ERCOT,TX,Mitchell,Tap 345 kV 1030 Morgan Creek to 76030 Gasconades Creek,446.3,2028-03-20,Spade BESS,Facilities Study,Zeus Spade BESS,Other - Battery Energy Storage
28INR0298,ERCOT,TX,Borden,Faraday 345 kV Substation (#59905),426.7,2029-09-29,HyFuels Big Spring LLC,Facilities Study,Magnet Storage,Other - Battery Energy Storage
AH1-727 - moved to TC2,PJM,VA,Loudoun,NOT PUBLISHED BY PJM (Transmission Owner: Dominion),425.0,2029-06-11,NOT PUBLISHED IN PJM QUEUE EXPORT,Active,Brambleton-Goose Creek 500kV,Storage
26INR0417,ERCOT,TX,Brazoria,"Tap 138 kV Line from TNFM524 (39703) to West Columbia Main (39500), in Brazoria County.",418.6,2028-01-01,GAMAY ENERGY STORAGE LLC,IA in Progress,GAMAY ENERGY STORAGE,Other - Battery Energy Storage
27INR0195,ERCOT,TX,Dickens,Tap 345kV 59904 COTTONWOOD - 60500 EDITHCLA7A,417.79,2027-04-18,AEU Battery Project III LLC,Facilities Study,CORUSCANT BESS,Other - Battery Energy Storage
23INR0330,ERCOT,TX,Briscoe,23914 Tule Canyon Substation 345kV,410.94,2028-12-01,BRP SNOWDON BESS LLC,Facilities Study,BRP Snowdon BESS,Other - Battery Energy Storage
26INR0188,ERCOT,TX,Crane,Tap 138 kV 76615 Crane -76635 King Mountain,410.7,2028-11-01,Hecate Energy Point Mountain Solar Facility 1 LLC,Facilities Study,Western Flats Storage,Other - Battery Energy Storage
24INR0135,ERCOT,TX,Robertson,Tap 345 kV line from Twin Oak Switch (#3400) to TPN One Plant Switchyard (#39950),409.88,2027-12-01,BRP Mekong BESS LLC,Facilities Study,BRP Mekong BESS,Other - Battery Energy Storage
26INR0357,ERCOT,TX,Concho,7077 Amos Creek 345kV,409.8,2029-04-01,"Duck Creek Storage, LLC",IA in Progress,Operation Sunshine Storage,Other - Battery Energy Storage
29INR0249,ERCOT,TX,Fayette,9073 HOLMAN 345 kV,409.69,2030-03-01,Lightcycle Energy Storage LLC,Facilities Study,Lightcycle Energy Storage,Other - Battery Energy Storage
25INR0557,ERCOT,TX,Upton,76597 Robbins Switch 138 kV,409.6,2028-03-30,"Castle Storage, LLC",IA in Progress,McCamey's Castle Battery,Other - Battery Energy Storage
23INR0127,ERCOT,TX,Harris,40450 Deepwater 345kV,408.7,2029-10-01,"AES Distributed Energy, Inc",Facilities Study,Beacon Storage,Other - Battery Energy Storage
23INR0126,ERCOT,TX,Harris,40460 Deepwater 138kV,408.4,2029-10-01,"AES Distributed Energy, Inc",Facilities Study,Sigma Storage,Other - Battery Energy Storage
22INR0400,ERCOT,TX,Comanche,1440 Comanche 345kV,408.3,2030-03-31,Hecate Grid Dragan Storage LLC,Facilities Study,Dragan Storage,Other - Battery Energy Storage
26INR0045,ERCOT,TX,Bastrop,"TAP 138 KV LINE AND CREATE NEW BUS BETWEEN
KIMBRO (7337) AND ELGIN SWITCH (3650)",407.55,2029-10-31,"Lund Storage Center 1, LLC",Facilities Study,LUND STORAGE CENTER 1,Other - Battery Energy Storage
28INR0327,ERCOT,TX,Hunt,138 kV Commerce Switch Substation. Bus no. #1816,407.0,2028-02-01,"Scout Energy Management, LLC",Facilities Study,18-BRAVO BESS,Other - Battery Energy Storage
24INR0500,ERCOT,TX,Harris,40011 Cedar Bayou 138kV,406.01,2027-12-17,"BRP Blue Topaz 3, LLC",Facilities Study,Claire BESS,Other - Battery Energy Storage
27INR0294,ERCOT,TX,Bexar,5135 ELMENDORF 138kV,402.8,2029-02-15,Bernice Energy Storage LLC,Facilities Study,Bernice Energy Storage,Other - Battery Energy Storage
24INR0157,ERCOT,TX,Comanche,345 kV Corn Trail Switch Substation (#11441),402.44,2028-03-01,BRP Merope BESS LLC,Facilities Study,Merope BESS,Other - Battery Energy Storage
28INR0475,ERCOT,TX,Bexar,Tap 345kV (Bus #5400) SPRUCE – (Bus #5231) HOWARD_5 Ckt 1,375.0,2030-05-31,Mission Station LLC,Facilities Study,Mission Station Energy Storage II,Other - Battery Energy Storage
28INR0474,ERCOT,TX,Bexar,Tap 345kV (Bus #5400) SPRUCE – (Bus #5475) VON_ROSE Ckt 1;,375.0,2030-05-31,Mission Station LLC,Facilities Study,Mission Station Energy Storage I,Other - Battery Energy Storage
27INR0025,ERCOT,TX,Carson,345 kV Railhead Substation (RAILHEAD #79005),371.7,2031-06-30,Panhandle Solar Group Operating Company LLC,IA in Progress,Panhandle Flagship Storage,Other - Battery Energy Storage
25INR0425,ERCOT,TX,Brazoria,(Bus: 43030) Meadow 345kV substation,362.0,2028-03-01,Aldrin Energy Storage LLC,IA in Progress,Aldrin 345 BESS,Other - Battery Energy Storage
28INR0292,ERCOT,TX,Navarro,Drane switch #3295,359.1,2028-09-30,Wildflower Storage LLC,Facilities Study,Wildflower Storage,Other - Battery Energy Storage
28INR0166,ERCOT,TX,Brown,Tap Brown Switch #1444 – Russell Gap Switch #3348,351.0,2029-05-07,Brookesmith Storage LLC,Facilities Study,Brookesmith Storage,Other - Battery Energy Storage
28INR0119,ERCOT,TX,Mitchell,1190 Barber Lake Switch 138kV,341.8,2029-12-31,"Rabbit Hollow Energy Storage, LLC",Facilities Study,Rabbit Hollow Energy Storage,Other - Battery Energy Storage
24INR0058,ERCOT,TX,Haskell,tap 345kV 60515 Clear Crossing - 60507 Pendulo,336.0,2028-04-15,"IP Quantum III, LLC",IA in Progress,Briggs Storage,Other - Battery Energy Storage
28INR0457,ERCOT,TX,Reeves,#60404 Solstice Substation 345 kV,330.0,2028-01-21,Energy Forge One LLC,Facilities Study,Kilby1 Part 2 Tier1 BESS,Other - Battery Energy Storage
26INR0605,ERCOT,TX,Grayson,Tap 345kV 1729 Valley South – Anna Switch 2373,313.69,2029-04-16,"VLN, LLC",Facilities Study,White Bright BESS,Other - Battery Energy Storage
27INR0149,ERCOT,TX,Goliad,The Coleto Greek (#8164) to Pawnee Switching Station (#5725) ; LCRA,313.54,2029-09-30,"Diablo Campo Energy Center, LLC",Facilities Study,Diablo Campo Storage,Other - Battery Energy Storage
29INR0245,ERCOT,TX,Harris,#40881 Parkes Substation 138 kV,313.29,2029-03-05,TDWP Partners LLC,Facilities Study,Texas Deepwater BESS,Other - Battery Energy Storage
30INR0089,ERCOT,TX,Runnels,Tap 345kV 60072 Odysseus – 60040 Bluff Creek,312.85,2030-06-01,Mistflower Energy Center LLC,Facilities Study,Mistflower Energy Center Storage,Other - Battery Energy Storage
29INR0115,ERCOT,TX,Duval,Tap 345kV Bus #5901 Miguel5 - Bus #80079 Cruce7A Ckt 1,310.8,2029-03-30,"Cielo Vista Storage, LLC",Facilities Study,Cielo Vista Storage,Other - Battery Energy Storage
24INR0282,ERCOT,TX,Brazoria,Tap 138kV 42110 Angleton - 43381 West Columbia,310.7,2028-06-30,Royal River LLC,IA in Progress,Royal River BESS,Other - Battery Energy Storage
24INR0281,ERCOT,TX,Galveston,38820 FREEWAY PARK 138KV,310.58,2027-11-17,Red Egret LLC,IA in Progress,Red Egret BESS,Other - Battery Energy Storage
22INR0347,ERCOT,TX,Howard,Tap 345 kV Rockhound Switch (10062) – Prong Moss Switch (10057) ckt 1,310.28,2029-05-01,BRP Crater BESS LLC,Facilities Study,Crater BESS,Other - Battery Energy Storage
27INR0091,ERCOT,TX,Lavaca,Tap Shaula (#5380) – South Texas (#5915),310.2,2030-09-20,"Live Oak Energy Storage, LLC",IA in Progress,Oak Tree Energy Storage,Other - Battery Energy Storage
28INR0423,ERCOT,TX,Montague,Tap 345kV #1730 Krum West - #6111 Riley Ckt 1,310.17,2029-12-01,"Prairie Branch Energy, LLC",Facilities Study,Prairie Branch BESS,Other - Battery Energy Storage
29INR0172,ERCOT,TX,Young,Tap 345kV #1430 GRAHAM SES - # 17002 GARVEY ROAD SWITCH,310.16,2029-12-01,"Sweetheart Energy, LLC",Facilities Study,Sweetheart BESS,Other - Battery Energy Storage
24INR0198,ERCOT,TX,Cooke,684 SPRING 138kV,309.8,2028-08-01,Two Forks LLC,IA in Progress,Two Forks BESS,Other - Battery Energy Storage
22INR0365,ERCOT,TX,Pecos,60718 Pecos Valley 138kV,308.98,2028-06-01,BRP Mensa BESS LLC,Facilities Study,Mensa BESS,Other - Battery Energy Storage
23INR0140,ERCOT,TX,Foard,60500 Edith Clarke 345kV,308.88,2027-10-01,BRP Seine BESS LLC,IA in Progress,Seine BESS,Other - Battery Energy Storage
25INR0288,ERCOT,TX,Robertson,Tap 345kV 975 Jack Creek - 3400 Twin Oak,308.03,2028-09-30,"Buffalo Meadow Energy Center, LLC",Facilities Study,Buffalo Prairie Storage,Other - Battery Energy Storage
26INR0612,ERCOT,TX,Clay,1458 Cobb Switching Station 345 kV,307.51,2029-04-16,"DM-CCY, LLC",Facilities Study,Clay County Yang Storage,Other - Battery Energy Storage
28INR0328,ERCOT,TX,Cooke,"To the 138 kV Valley View Substation, ( Bus No.691)",307.4,2028-02-01,"SCOUT ENERGY MANAGEMENT, LLC",Facilities Study,18-ALPHA BESS,Other - Battery Energy Storage
24INR0763,ERCOT,TX,Tarrant,1869 Benbrook Switch 345kV,307.2,2027-03-01,"BAF Storage, LLC",Facilities Study,Team Ranch Storage,Other - Battery Energy Storage
28INR0157,ERCOT,TX,McLennan,345 kV Tiger Creek Switch (#3379),306.94,2029-04-16,PP Axtell BESS LLC,Facilities Study,Axtell BESS,Other - Battery Energy Storage
27INR0077,ERCOT,TX,Webb,80219 Lobo 345kV,306.94,2028-12-15,Gransolar Texas Two,Facilities Study,Cuchillas BESS,Other - Battery Energy Storage
25INR0653,ERCOT,TX,Kimble,"tap 345kV 60709 Oersted - 60616 Edison
CKT 1",306.4,2028-11-30,"Southfork Energy Storage, LLC",Facilities Study,Southfork Energy Storage,Other - Battery Energy Storage
25INR0657,ERCOT,TX,Jack,1506 Long Hollow Switch 345 kV,306.4,2028-04-21,"O'Bannion Energy Storage, LLC",IA in Progress,O'Bannion Energy Storage,Other - Battery Energy Storage
25INR0660,ERCOT,TX,Jack,Tap 345 kV 11418 TECUMSEH- 1421 Willow Creek,306.4,2028-09-30,"Wooderson Energy Storage, LLC",Facilities Study,Wooderson Energy Storage,Other - Battery Energy Storage
25INR0656,ERCOT,TX,Wise,Tap 345 kV 1730 West Krum - 6111 Riley CKT 2,306.4,2028-04-21,"Gilleys Energy Storage, LLC",Facilities Study,Gilleys Energy Storage,Other - Battery Energy Storage
25INR0661,ERCOT,TX,Erath,Tap 345 kV 1900 COMCHPKW_5 - 1440 COMCHESS1_5,306.35,2028-09-25,"McCrae Energy Storage, LLC",IA in Progress,McCrae Energy Storage,Other - Battery Energy Storage
25INR0046,ERCOT,TX,Hill,68090 SAM SW 345kV,306.26,2028-04-01,ACTX BESS Project LLC,IA in Progress,Blue Skies BESS,Other - Battery Energy Storage
27INR0386,ERCOT,TX,Andrews,Tap 345kV ClearFork( Bus # 23876) to Gardenale Switch (Bus # 11157),306.2,2029-04-01,ENGIE IR Holdings LLC,Facilities Study,Straight Spur Storage,Other - Battery Energy Storage
28INR0277,ERCOT,TX,Lampasas,Tap 345kV --- KILL_SS_5 (3422) --- BUCK_H_5 (3424),306.2,2028-09-26,"Aurora Energy Storage, LLC",Facilities Study,Aurora Energy Storage,Other - Battery Energy Storage
28INR0118,ERCOT,TX,Wichita,Tap 345kV Fisher Road Switch (#1425) – Riley (#6101),305.63,2029-09-25,"Copperleaf Energy Storage, LLC",Facilities Study,Copperleaf Energy Storage,Other - Battery Energy Storage
26INR0725,ERCOT,TX,Wharton,44880 Waterh_POI_5 345kV,305.48,2027-08-17,"GulfStar Power, LLC",Facilities Study,PHOTON BESS REPOWERING,Other - Battery Energy Storage
24INR0413,ERCOT,TX,Harris,"Tap 138kV 45660 Jonte substation – 46332 Scenic Woods

Tapping both radial lines.",304.0,2028-09-30,"Blue Topaz 1, LLC",Facilities Study,Furay Battery Energy Storage System,Other - Battery Energy Storage
25INR0375,ERCOT,TX,Nueces,8858 MCKENZIE4A 138kV,303.7,2027-11-11,Navboot BESS LLC,IA in Progress,NavBoot BESS,Other - Battery Energy Storage
27INR0207,ERCOT,TX,Wilbarger,61001 JIMTREEC7A 345kV,303.5,2027-10-31,Wander Waters BESS LLC,Facilities Study,Wander Waters BESS,Other - Battery Energy Storage
28INR0270,ERCOT,TX,Brown,tap 345kV 1444 BROWN  - 11441 CORN TRAIL SW CKT2,302.62,2029-09-17,"BNPB1, LLC",Under Study,Soluce Bravo Storage,Other - Battery Energy Storage
22INR0332,ERCOT,TX,Rusk,Mt. Enterprise (Bus # 3116) – Martin Lake 345kv Line (Bus # 3100,302.35,2029-02-01,Brantley Branch LLC,Facilities Study,Brantley Branch Batt,Other - Battery Energy Storage
28INR0288,ERCOT,TX,Dickens,Tap 345 kV 59904 Cottonwood (W_CW_345) - 60500 Edith Clarke (EDITHCLA7A) CKT. Approximately distance from the POI to Cottonwood Substation is 11.13 miles and to Edith Clarke Substation 77.6 miles.,302.0,2029-06-26,"Sanders Hollow Energy Center, LLC",IA in Progress,Outrider BESS,Other - Battery Energy Storage
27INR0451,ERCOT,TX,Hopkins,To 345 kV Birthright Station (#11684),301.8,2029-04-30,ENGIE IR Holdings LLC,Facilities Study,Dairyland Storage,Other - Battery Energy Storage
29INR0119,ERCOT,TX,Freestone,Tap Outlaw (3386) – Limestone (46020),301.6,2029-03-31,Simsboro Storage LLC,Facilities Study,Simsboro Storage,Other - Battery Energy Storage
22INR0423,ERCOT,TX,Bexar,Tap 138kV 5110 J.T. Deely - 5294 Martinez,301.41,2027-12-01,BRP Quela BESS LLC,Facilities Study,Quela BESS,Other - Battery Energy Storage
27INR0556,ERCOT,TX,San Patricio,Tap 345 kV 8249 Angstrom - 8624 Grissom,301.4,2029-12-01,"Gulf Gateway Storage, LLC",Facilities Study,Gulf Gateway Storage One,Other - Battery Energy Storage
27INR0096,ERCOT,TX,Brazoria,39703 TNMP FM524 138kV,301.38,2027-12-31,Rubicon Power LLC,Facilities Study,Rubicon Power BESS,Other - Battery Energy Storage
28INR0075,ERCOT,TX,Henderson,Tap 345kV 3124 Trinidad - 3130 Forest Grove,301.17,2028-09-30,"Wild Paw Energy Center, LLC",Facilities Study,Wild Paw Storage,Other - Battery Energy Storage
25INR0460,ERCOT,TX,Castro,23912 Ogallala 345 kV,301.04,2029-04-17,Ogallala BESS LLC,IA in Progress,Acker BESS,Other - Battery Energy Storage
28INR0498,ERCOT,TX,Hale,23920 BLKWTRDR_5 345kV,300.96,2030-03-01,Tempus Power Management LLC,Facilities Study,Old Aqueduct BESS II,Other - Battery Energy Storage
22INR0330,ERCOT,TX,Hale,23920 Blackwater 345kV,300.96,2030-03-01,Old Aqueduct LLC,Facilities Study,Old Aqueduct Batt,Other - Battery Energy Storage
25INR0230,ERCOT,TX,Leon,Tap 345kV 46020 Limestone - 967 Gibbon Creek Ckt 18,300.9,2027-12-20,Great Rock Storage LLC,IA in Progress,Great Rock BESS,Other - Battery Energy Storage
29INR0227,ERCOT,TX,San Patricio,8606 Goddard 345kV,300.84,2029-03-31,Ferrovial Energy US 1,Facilities Study,San Patricio Energy Center BESS,Other - Battery Energy Storage
29INR0229,ERCOT,TX,McLennan,Tap <345><3791><POSSUMTROT_5 >-<3403> <LAKE_HALL_5>,300.6,2029-09-18,Ferrovial Energy US 1,Facilities Study,Brazos Energy Center 1,Other - Battery Energy Storage
29INR0230,ERCOT,TX,McLennan,Tap <345><3791><POSSUMTROT_5 >-<3403> <LAKE_HALL_5>,300.6,2029-09-18,Ferrovial Energy US 1,Facilities Study,Brazos Energy Center 2,Other - Battery Energy Storage
AH1-260 - moved to TC2,PJM,NJ,Camden,NOT PUBLISHED BY PJM (Transmission Owner: AEC),300.0,2029-12-01,NOT PUBLISHED IN PJM QUEUE EXPORT,Active,New Freedom - Monroe 230 kV,Storage
28INR0378,ERCOT,TX,Wichita,Tap 345 kV 6111 RILEY - 1730 KRUM WEST Ckt 1,300.0,2030-04-15,"Wichita Solar II, LLC",Facilities Study,Wichita Creek Storage,Other - Battery Energy Storage
24INR0420,ERCOT,TX,Houston,Tap to Jim English (#3351) – Flat Branch (#3345) 138kV,298.06,2028-12-09,"Camino Solar Ranch, LLC",IA in Progress,Camino Ranch Storage SLF,Other - Battery Energy Storage
25INR0451,ERCOT,TX,Upton,76008 Twelvemile 345kV,290.0,2027-12-31,LectricWind LLC,IA in Progress,Tres Rios Ranch BESS,Other - Battery Energy Storage
27INR0409,ERCOT,TX,Lamar,Pacific Switch  (PACSW)  345 kV Bus 11683,287.22,2029-12-31,"Mockingbird Storage Center, LLC",Facilities Study,Baker Branch BESS,Other - Battery Energy Storage
25INR0197,ERCOT,TX,Scurry,Tap 345 kV TONKAWAW_5 (11048) – SCURCNTYS_5 (11318) Circuit #2,287.16,2029-03-02,"Inadale BESS, LLC",Facilities Study,Inadale BESS,Other - Battery Energy Storage
27INR0222,ERCOT,TX,Starr,Tapping the 345 kV Line from Del Sol (Bus# 80355) to Frontera (Bus# 80119) ckt 1,284.49,2029-02-22,Rio Grande Solar LLC,Facilities Study,Fierce River BESS,Other - Battery Energy Storage
27INR0142,ERCOT,TX,Fort Bend,Tap 138 kV Wa Parish (#44015) - Crabb River Road Line (#44170) Line; CNP,278.98,2027-09-01,Unicorn Energies,Facilities Study,UNICORN BESS,Other - Battery Energy Storage
27INR0224,ERCOT,TX,Victoria,8721 Beecher 138 kV,264.24,2029-02-28,"Bobcat Energy Center, LLC",IA in Progress,Leopard BESS,Other - Battery Energy Storage
27INR0576,ERCOT,TX,Nolan,11420 Sweetwater East Switch 345 kV,261.97,2027-12-12,Trailblazer Infrastructure LLC,Facilities Study,Trailblazer BESS,Other - Battery Energy Storage
29INR0211,ERCOT,TX,Guadalupe,Hickory Forest (7225),261.08,2029-12-18,EG Juniper LLC,Facilities Study,Enfinity Juniper Storage,Other - Battery Energy Storage
27INR0447,ERCOT,TX,Kent,59908 Novaprime 345kV,259.36,2029-02-13,Jay Flat BESS LLC,Facilities Study,Jay Flat BESS,Other - Battery Energy Storage
29INR0213,ERCOT,TX,Mitchell,Cattleman (#10053)  – Gasconades (#76030),258.26,2030-04-20,"Rosenix Solar, LLC",Facilities Study,Rosenix Storage,Other - Battery Energy Storage
28INR0390,ERCOT,TX,Bexar,"POI is 138 kV Howard Substation (Bus# 5230) (SSWG bus name: HOWARD), NMMS station code: S1",257.5,2028-01-31,"Horsepower BESS, LLC",Facilities Study,Horsepower BESS,Other - Battery Energy Storage
26INR0226,ERCOT,TX,Brazoria,Tap 138kV West Columbia Main (39500) - Sweeny Cogen (110505),257.48,2027-11-01,"First Capitol BESS, LLC",IA in Progress,First Capitol BESS,Other - Battery Energy Storage
25INR0101,ERCOT,TX,Collin,#833 Wylie Switch 138kV,257.3,2027-01-29,Mallard Energy Storage LLC,IA in Progress,Drake BESS,Other - Battery Energy Storage
25INR0176,ERCOT,TX,Madison,tap 345 kV 46020 Limestone Plant - 967 Gibbons Creek ckt 18,257.04,2028-09-30,"Savannah Oaks Solar Project, LLC",Facilities Study,Masava Storage,Other - Battery Energy Storage
28INR0186,ERCOT,TX,Austin,Tap 138kV 7287 Bellville North - 7291 Highway 36,256.8,2028-11-01,"Saddlehorn Energy Storage, LLC",Facilities Study,Saddlehorn Energy Storage,Other - Battery Energy Storage
25INR0262,ERCOT,TX,Galveston,# 38900 Hidden Lakes - # 42015 PHR 138 KV,256.79,2028-06-30,Shepard Energy Storage LLC,IA in Progress,Shepard Energy Storage,Other - Battery Energy Storage
26INR0503,ERCOT,TX,Harris,Tap 138 kV 48096 El Dorado - 43610 Scarsdale CKT 92,256.4,2028-10-30,"Rex BESS, LLC",Facilities Study,Rex Storage,Other - Battery Energy Storage
26INR0551,ERCOT,TX,Brazoria,39010 138kV HASTINGS,256.34,2028-02-27,"Brazos Roots BESS, LLC",IA in Progress,Hastings Park BESS,Other - Battery Energy Storage
28INR0181,ERCOT,TX,San Patricio,KATOEN (Bus#8579),256.3,2029-03-16,"Indigo Solar, LLC",Facilities Study,Sunburst BESS,Other - Battery Energy Storage
26INR0615,ERCOT,TX,Bell,To Tap 138 kV Trimmier Substation (Bus# 136),256.27,2029-12-30,"DM-BCTRM, LLC",Facilities Study,Bell County Morgan Storage,Other - Battery Energy Storage
26INR0306,ERCOT,TX,San Patricio,8422 Dupont 138kV,256.24,2030-01-30,"Nautilus Heavy Storage, LLC",Facilities Study,Nautilus Heavy Storage,Other - Battery Energy Storage
27INR0216,ERCOT,TX,Milam,Tap 345 kV 3377 Little Pond Switch - 3704 Hog Creek Switch,256.1,2027-12-15,"Champs Elysees Renewables, LLC",Facilities Study,Champs Elysees BESS,Other - Battery Energy Storage
27INR0291,ERCOT,TX,Brown,1444 Brown Switch - 3348 Russell Gap 345 kV Line,256.1,2027-12-15,"RamZ BESS, LLC",Facilities Study,Nouveau BESS,Other - Battery Energy Storage
25INR0582,ERCOT,TX,Wharton,44220 Julia 345kV,256.1,2028-12-31,"Brush Storage, LLC",Facilities Study,Maleza Storage II,Other - Battery Energy Storage
25INR0301,ERCOT,TX,Ector,1027 Odessa EHV Switch 138 kV,256.0,2027-05-15,"Rocky Mountain Energy Holdings, LLC",IA in Progress,Van Zandt Energy Storage,Other - Battery Energy Storage
23INR0290,ERCOT,TX,Galveston,38740 Heights 138kV,255.33,2027-12-01,BRP Zeya BESS LLC,IA in Progress,Zeya BESS,Other - Battery Energy Storage
25INR0417,ERCOT,TX,Upton,Tap 345 kV KINGMTSW (#842) to NORTMC (#76000),254.88,2027-07-15,"Mesa View Storage, LLC",IA in Progress,Mesa View Storage,Other - Battery Energy Storage
26INR0422,ERCOT,TX,McLennan,Tap 345kV 3406 Elm Mott - 3405 Tradinghouse Ses,254.8,2028-07-01,SMT Elm Mott BESS,Facilities Study,PowerVault BESS,Other - Battery Energy Storage
26INR0550,ERCOT,TX,Pecos,76582 MESA VIEW SWITCH 138kV,253.28,2027-09-28,PERRY GREEN POWER LLC,Facilities Study,Grand Mesa BESS,Other - Battery Energy Storage
25INR0238,ERCOT,TX,Collin,Tap 138kV Swindell (812) - Olinger (818),252.0,2027-09-01,TX BESS B LLC,Facilities Study,Little Ridge Storage,Other - Battery Energy Storage
22INR0401,ERCOT,TX,Cameron,80229 Cavazos 138kV,251.85,2029-04-30,Hecate Grid East Valley Storage LLC,IA in Progress,Eval Storage,Other - Battery Energy Storage
27INR0143,ERCOT,TX,Castro,23912 OGALLALA_5 345kV,251.6,2028-04-15,Hecate Energy Ogalalla Solar LLC,Facilities Study,Ogalalla Storage,Other - Battery Energy Storage
26INR0174,ERCOT,TX,Hardeman,Tap EDITHCLA7B [60505] -- TESLA7A [60501] ckt2,251.5,2029-06-30,Lazy U ESS 2,Facilities Study,Juniper Ridge BESS 2,Other - Battery Energy Storage
26INR0173,ERCOT,TX,Hardeman,Tap EDITHCLA7B [60505] -- TESLA7A [60501] 345kV ckt2,251.5,2029-06-30,Lazy U ESS 1,Facilities Study,Juniper Ridge BESS 1,Other - Battery Energy Storage
28INR0030,ERCOT,TX,Wharton,44040 Bailey SW 345 kV,251.3,2028-05-29,Brela BESS LLC,Facilities Study,Brela BESS LLC,Other - Battery Energy Storage
27INR0465,ERCOT,TX,Maverick,Tap Escondido (8260) - Brackettville (8252),251.3,2028-09-21,Sugaree Solar LLC,IA in Progress,Althea Storage,Other - Battery Energy Storage
25INR0339,ERCOT,TX,Tom Green,Tap 138 kV #76320 Schkade -  #76011 Twin Buttes Line; LCRA,251.15,2028-12-31,"Rocky Mountain Energy Development, LLC",Facilities Study,Fort Concho Energy storage,Other - Battery Energy Storage
25INR0434,ERCOT,TX,Harris,Tap 138 kV 40130 Atascocita - 40690 East Gate,251.0,2028-10-31,"Bluegill BESS, LLC",Facilities Study,Bluegill BESS,Other - Battery Energy Storage
27INR0252,ERCOT,TX,Austin,7287 Bellville North 138kV,250.95,2029-06-18,Parula Energy Center,Facilities Study,Parula Energy Center,Other - Battery Energy Storage
28INR0485,ERCOT,TX,Bee,88690 SPTPOI7A 345kV,250.95,2029-12-31,Sparta Storage Center,Under Study,Sparta BESS,Other - Battery Energy Storage
AG2-360 - moved to TC2,PJM,VA,Smyth,NOT PUBLISHED BY PJM (Transmission Owner: AEP),250.0,2029-12-01,NOT PUBLISHED IN PJM QUEUE EXPORT,Active,Broadford 138 kV,Storage
AF2-413,PJM,NJ,Atlantic,NOT PUBLISHED BY PJM (Transmission Owner: JCPL),250.0,2031-01-31,NOT PUBLISHED IN PJM QUEUE EXPORT,Engineering Review,Raritan River 115 kV,Storage
23INR0376,ERCOT,TX,Brazoria,345kV Oasis (43035) – Seabreeze circuit 27,250.0,2028-06-01,Oyster Creek LLC,Facilities Study,Cascade Storage,Other - Battery Energy Storage
30INR0042,ERCOT,TX,Zapata,Tap 345 kV  80225 CENIZO7C -   80307 DELSOL7C,250.0,2029-05-07,Adapture Solar Development,Under Study,La Morena Energy Center BESS,Other - Battery Energy Storage
27INR0396,ERCOT,TX,Atascosa,5713 Oaks Substation 138kV,246.5,2029-07-02,"Bluewind Energy Center, LLC",Facilities Study,Bluewind BESS,Other - Battery Energy Storage
28INR0323,ERCOT,TX,Ector,Tap Wolf (#11010) - Reiter Switch (#18544) Ckt1 345KV,246.12,2029-12-01,"Velociraptor BESS II, LLC",Facilities Study,Velociraptor BESS II,Other - Battery Energy Storage
27INR0493,ERCOT,TX,Ector,10012 METEOR_5 Substation 345kV,246.0,2029-12-01,"Velociraptor BESS I, LLC",Facilities Study,Velociraptor BESS I,Other - Battery Energy Storage
26INR0285,ERCOT,TX,Grimes,345 kV Singleton (#44645),245.8,2028-07-15,"Hill Valley BESS, LLC",IA in Progress,Hill Valley BESS,Other - Battery Energy Storage
26INR0324,ERCOT,TX,Grimes,345 kV Singleton (#44645),245.8,2028-07-15,"Clear Fork BESS, LLC",IA in Progress,Misty Hollow BESS,Other - Battery Energy Storage
26INR0250,ERCOT,TX,Matagorda,Tap 345kV WAP to STP CKT39 (PTI# 5915-44000 CKT 39),241.05,2026-12-31,Duffy Energy Storage LLC,IA in Progress,Duffy BESS,Other - Battery Energy Storage
26INR0247,ERCOT,TX,Martin,59901 Grelton 345 kV,240.6,2030-11-01,"NMRE Holdings, LLC",Facilities Study,Jane Storage Energy Center,Other - Battery Energy Storage
26INR0257,ERCOT,TX,Houston,Tap to Jim English (#3351) – Flat Branch (#3345) 138kV,238.45,2028-12-09,Camino Ranch Solar LLC,IA in Progress,Camino Ranch Storage 2 SLF,Other - Battery Energy Storage
26INR0034,ERCOT,TX,Reeves,60716 SARAGOSA 138kV,238.21,2027-07-01,Bracero Pecan Storage LLC,IA in Progress,Bracero Pecan Storage,Other - Battery Energy Storage
23INR0467,ERCOT,TX,Bexar,Tap 138kV Deely (bus 5110) - Laredo (bus 5255),231.9,2029-09-13,Lavender Storage Project LLC,IA in Progress,Lavender Storage Project,Other - Battery Energy Storage
23INR0502,ERCOT,TX,Milam,Tap 138kV Thorndale North (bus #3659) – Rookie Switch (bus #3701),231.88,2028-04-20,Adelite Storage Project LLC,IA in Progress,Adelite Storage,Other - Battery Energy Storage
23INR0468,ERCOT,TX,Milam,138kV Tap 3675 Rogers - 3485 Tin Roof Pod,231.86,2028-06-30,Petunia Storage Project LLC,Facilities Study,Petunia Storage Project,Other - Battery Energy Storage
23INR0479,ERCOT,TX,Bexar,Tap 138kV VH Braunig (5025) to Valley Road 138kV (5465),231.86,2029-05-26,Taormina Storage Project LLC,IA in Progress,Taormina Storage,Other - Battery Energy Storage
25INR0420,ERCOT,TX,Harris,Tap 138 kV LAUDER (#46002) - RITTENHOUSE (#46282) ckt 95,227.9,2028-01-01,SMT Houston,Facilities Study,Houston BESS,Other - Battery Energy Storage
23INR0310,ERCOT,TX,Lubbock,59156 Yellow House Canyon 115kV,226.4,2027-11-02,Momentum Energy Storage Partners,Facilities Study,Dunkel BESS,Other - Battery Energy Storage
27INR0040,ERCOT,TX,Wise,576 RHOME 138kV,226.24,2029-09-27,Solar Star Rhome Storage,Facilities Study,Solar Star Rhome Storage,Other - Battery Energy Storage
27INR0193,ERCOT,TX,Scurry,60011 Nebula7A 345kV,225.7,2027-12-31,Cedar Draw Solar LLC,Facilities Study,Cedar Draw BESS,Other - Battery Energy Storage
26INR0120,ERCOT,TX,Zavala,8236 West Batesville 138kV,225.1,2028-12-22,"Bramble Energy Center, LLC",Facilities Study,Bramble Energy Center,Other - Battery Energy Storage
28INR0029,ERCOT,TX,Henderson,3233 Foggle Switch 138 kV,224.55,2029-04-16,Old Fiddler Energy Storage LLC,Under Study,Old Fiddler Energy Storage,Other - Battery Energy Storage
23INR0466,ERCOT,TX,Matagorda,Tap STP – Refuge ckt 27,221.0,2028-05-30,Shoshana Storage Project LLC,Facilities Study,Shoshana Storage,Other - Battery Energy Storage
28INR0155,ERCOT,TX,Coke,76090 Divide Switchyard 345kV,220.3,2028-04-10,"Coke ESS, LLC",Facilities Study,Coke BESS,Other - Battery Energy Storage
AG1-363,PJM,MD,Garrett,NOT PUBLISHED BY PJM (Transmission Owner: APS),220.0,2028-03-31,NOT PUBLISHED IN PJM QUEUE EXPORT,Engineering Review,Black Oak-Hatfield 500 kV,Solar; Storage
27INR0245,ERCOT,TX,Harris,Tap 138 kV #40260 Chamon  - #40912 King,217.23,2029-02-01,"Pez Rojo BESS, LLC",IA in Progress,Pez Rojo BESS,Other - Battery Energy Storage
27INR0109,ERCOT,TX,Montgomery,Tap 138 kV Pinehurst (#46240) – Mill Creek (#44850) Line,217.16,2029-01-04,Two Barbaras BESS,IA in Progress,Two Barbaras BESS,Other - Battery Energy Storage
28INR0217,ERCOT,TX,Ector,Tap 345kv 11010 Wolf - 18544 Reiter,211.14,2029-06-21,"Gypsum Plains Solar, LLC",Facilities Study,Gypsum Plains Storage,Other - Battery Energy Storage
23INR0455,ERCOT,TX,Starr,Charly Egner Substation Tap 345kV 80355 Del Sol - 80368 LV4 Bridge,210.8,2029-09-28,"Bessie Energy Storage, LLC",Facilities Study,Bessie Storage,Other - Battery Energy Storage
24INR0178,ERCOT,TX,Ellis,1906 Venus Switch Substation 345kV,210.74,2028-01-01,"Cumulus Grid, LLC",IA in Progress,Cumulus Grid BESS,Other - Battery Energy Storage
24INR0102,ERCOT,TX,Hidalgo,Tap 345kV 8383 North Edinburg - 80137 Stewart Road,210.56,2029-03-30,"Val Vista Grid, LLC",IA in Progress,Val Vista Grid BESS 2,Other - Battery Energy Storage
27INR0093,ERCOT,TX,Guadalupe,# 7044 Marion 345kV,210.5,2030-05-30,"Guadalupe Power Partners, LP",Facilities Study,Guadalupe Battery Storage Project,Other - Battery Energy Storage
28INR0055,ERCOT,TX,Freestone,3134 RICHLAND CHAMBERS 345kV (PSS/E Bus Name: RICHLND1_5),210.5,2028-12-16,"Freestone Power Generation, LLC",Facilities Study,Freestone Battery Storage Project,Other - Battery Energy Storage
29INR0244,ERCOT,TX,Victoria,Tap 138 kV (Bus #5506) FURHMANSB8 - (Bus #5584) VANDERBLTSW8,209.7,2030-03-31,"Oak Belt Storage, LLC",Facilities Study,Oak Belt Storage,Other - Battery Energy Storage
29INR0320,ERCOT,TX,Wilson,"Tap the 345 kV Elm Creek (#5133) - Shaula (#5380) Line, CPS",209.38,2029-06-05,"Pecan Springs Energy, LLC",Facilities Study,Nockenut Springs Storage 3,Other - Battery Energy Storage
29INR0319,ERCOT,TX,Wilson,"Tap the 345 kV Elm Creek (#5133) - Shaula (#5380) Line, CPS",209.38,2029-06-05,"Pecan Springs Energy, LLC",Facilities Study,Nockenut Springs Storage 2,Other - Battery Energy Storage
29INR0318,ERCOT,TX,Wilson,"Tap the 345 kV Elm Creek (#5133) - Shaula (#5380) Line, CPS",209.36,2029-06-05,"Pecan Springs Energy, LLC",Facilities Study,Nockenut Springs Storage 1,Other - Battery Energy Storage
22INR0387,ERCOT,TX,Hidalgo,Tap 345kV 8383 North Edinburg - 80137 Stewart Road,209.32,2029-03-30,"Val Vista Grid, LLC",IA in Progress,Val Vista Grid BESS 1,Other - Battery Energy Storage
28INR0395,ERCOT,TX,Grimes,"Tap the 345 kV Jewett (#3390) - Singleton (#44645) line, ONCOR",209.21,2028-11-13,"Treehouse Solar, LLC",Facilities Study,Treehouse Storage,Other - Battery Energy Storage
30INR0093,ERCOT,TX,Zapata,Tap the 345 kV Cenizo (#80225) - Del Sol (#80307) line,209.16,2029-12-30,Wallflower Energy Storage,Facilities Study,Wallflower Energy Storage,Other - Battery Energy Storage
26INR0077,ERCOT,TX,Wilson,Tap of 345 kV Elm Creek (Bus# 5133) - San Miguel Gen (Bus# 5901) Transmission Line Ckt 1,209.0,2028-09-30,Alina Energy LLC,IA in Progress,Anila BESS,Other - Battery Energy Storage
27INR0107,ERCOT,TX,Mills,Tap 138kV 7070 Goldthwaite – 77074 San Saba Switch,208.96,2030-05-09,Mills Tx Solar LLC,IA in Progress,Starlight Storage,Other - Battery Energy Storage
26INR0430,ERCOT,TX,Mills,Tap 345 kV 3424 Buckhorn Switch - 1444 Brown Switch,208.91,2028-08-09,Clapton BESS,Facilities Study,Clapton Storage,Other - Battery Energy Storage
26INR0474,ERCOT,TX,Wharton,#44060 Blue Substation 345kV,208.9,2027-12-01,"Blue Creek BESS, LLC",IA in Progress,Sorghum BESS,Other - Battery Energy Storage
22INR0552,ERCOT,TX,Kaufman,6894 Rose Hill_RC Sub 138 kV,208.89,2027-07-01,Sowers Energy Storage LLC,IA in Progress,Sowers Storage,Other - Battery Energy Storage
24INR0341,ERCOT,TX,Taylor,11406 Central Bluff Switch 345kV,208.82,2029-03-02,"JC Central Bluff, LLC",Facilities Study,Forts Trail BESS,Other - Battery Energy Storage
25INR0591,ERCOT,TX,Rusk,Tap 345kV 3109 Stryker to 3100 Martin Lake,208.8,2027-09-01,"Rusk BESS, LLC",Facilities Study,Zeus Rusk BESS,Other - Battery Energy Storage
22INR0541,ERCOT,TX,Anderson,3114 Paltalco 138kV,208.63,2028-04-19,Castleman Power,Facilities Study,ALWEST BESS,Other - Battery Energy Storage
29INR0084,ERCOT,TX,Young,Tap 138kV 1431 GRAHAM Plant Switch - 11525 Short Grass Circuit 1.,208.57,2029-05-16,Jolly Rock Storage Center LLC,Facilities Study,Jolly Rock Storage Center,Other - Battery Energy Storage
26INR0201,ERCOT,TX,Fort Bend,44070 Whaley 345 kV,208.5,2027-03-19,Rock Rose Energy Storage LLC,IA in Progress,Rock Rose BESS,Other - Battery Energy Storage
27INR0255,ERCOT,TX,Ward,#11098 Sand Lake Switch Station (SANDLAKE_5) 345kV,208.3,2029-09-29,Nova Clean Energy LLC,Facilities Study,New Minglewood Energy Center,Other - Battery Energy Storage
27INR0393,ERCOT,TX,Bexar,5260 Leon Creek 138kV,208.12,2027-12-01,Coval Infrastructure DevCo LLC,Facilities Study,Ferdinand Grid BESS II,Other - Battery Energy Storage
26INR0548,ERCOT,TX,Harris,tap 138kV 40390 Crosby - 40790 Haney,207.83,2029-06-01,"TOCE TX BESS 4, LLC",Facilities Study,Burnet Bay Storage,Other - Battery Energy Storage
24INR0355,ERCOT,TX,Henderson,(Bus# 6951) Eustace Southeast 138kV Substation (owned by Rayburn Electric Cooperative),207.82,2027-06-30,Anatole Renewable Energy LLC,IA in Progress,Anatole Renewable Energy Storage,Other - Battery Energy Storage
28INR0448,ERCOT,TX,Brazoria,"(CEHESub) looped either 1) on 138 kV circuit 82 between RIWOOD (#43150) and Angleton (#42110), or 2) on 345 kV circuit 18 between DOW (#42500) and Huizache (#46640)",207.78,2028-12-01,Gulf Prairie Energy LLC,Facilities Study,Gulf Prairie BESS,Other - Battery Energy Storage
27INR0102,ERCOT,TX,Wharton,South Lane City and PSEE # is 43190,207.6,2027-04-20,Cottonseed Energy Storage LLC,Facilities Study,Cottonseed Energy Storage,Other - Battery Energy Storage
27INR0401,ERCOT,TX,Brooks,345 kV 80078 Reforzar,207.6,2028-04-13,Tempus Power management LLC,Facilities Study,Reforzar Bess 2,Other - Battery Energy Storage
30INR0005,ERCOT,TX,Bosque,68040 Kopperl Substation 345kV,207.6,2030-10-01,"Woodland Energy Storage, LLC",Facilities Study,Woodland Energy Storage,Other - Battery Energy Storage
27INR0400,ERCOT,TX,Brooks,345 kV 80078 Reforzar,207.6,2028-04-13,Tempus Power management LLC,Facilities Study,Reforzar BESS 1,Other - Battery Energy Storage
23INR0334,ERCOT,TX,Jack,1445 Burwick 345kV,207.4,2027-10-27,Senate Solar LLC,Facilities Study,Liberty Senate Energy Storage 1,Other - Battery Energy Storage
27INR0398,ERCOT,TX,Webb,Tap 345kV 80220 CENIZO7A - 80224 TIEMPO7A,207.38,2027-12-12,Bravo BESS LLC,Facilities Study,Bravo BESS,Other - Battery Energy Storage
27INR0315,ERCOT,TX,Reagan,23868 STILES 138 KV,207.34,2029-07-26,Nova Clean Energy LLC,Facilities Study,Old Roman Energy Center,Other - Battery Energy Storage
AE2-094,PJM,VA,Sussex,NOT PUBLISHED BY PJM (Transmission Owner: Dominion),207.2,2031-08-01,NOT PUBLISHED IN PJM QUEUE EXPORT,Engineering Review,Carson-Rogers Road 500 kV,Solar; Storage
25INR0421,ERCOT,TX,Brazoria,(Bus: 39015) North Alvin TNMP 138kV,207.0,2028-03-01,Aldrin Energy Storage LLC,IA in Progress,Aldrin 138 BESS,Other - Battery Energy Storage
24INR0134,ERCOT,TX,Deaf Smith,"345 kV Deaf Smith Substation (#23908, Oncor)",206.96,2029-12-01,BRP Hemera BESS LLC,Facilities Study,BRP Hemera BESS,Other - Battery Energy Storage
23INR0075,ERCOT,TX,Ward,Tap 345kV 11188  QUARRYFLD - 11010 WOLF,206.89,2028-12-01,BRP Rhine BESS LLC,Facilities Study,BRP Rhine BESS,Other - Battery Energy Storage
29INR0059,ERCOT,TX,Milam,Tap Voss Lake switch #3751 – Badger Switch #3761 345 kV,206.88,2029-05-01,Brahman Renewables,Facilities Study,Brahman Renewables Storage,Other - Battery Energy Storage
23INR0071,ERCOT,TX,Winkler,11189 Quarry Field SW -  1074 Wink 138kV,206.88,2027-12-01,BRP Volans BESS LLC,Facilities Study,BRP Volans BESS,Other - Battery Energy Storage
23INR0094,ERCOT,TX,Ward,tap 138kV 1009 Yucca - 11197 Sand Tank Pod,206.87,2028-12-01,BRP Pyxis BESS LLC,Facilities Study,BRP Pyxis BESS,Other - Battery Energy Storage
22INR0239,ERCOT,TX,Schleicher,76003 Big Hill 345kV,206.8,2027-06-01,Mittel Rockefeller Storage LLC,IA in Progress,Rockefeller Storage,Other - Battery Energy Storage
28INR0442,ERCOT,TX,Karnes,345kV BUS #5725 PAWNEE SWITCHING STATION,206.74,2029-12-01,"Zunkerville Energy, LLC",Facilities Study,Zunkerville BESS,Other - Battery Energy Storage
27INR0466,ERCOT,TX,Calhoun,Dokmai 138kV Substation (bus #80090),206.6,2027-12-01,"Nova Clean Energy, LLC",Facilities Study,Wolfram Storage,Other - Battery Energy Storage
26INR0500,ERCOT,TX,Shackelford,1442 CFRSW 345kV,206.5,2028-09-23,Shackelford County BESS LLC,Facilities Study,Shackleford BESS,Other - Battery Energy Storage
27INR0120,ERCOT,TX,Matagorda,Tap 138kV Conoco (#8138) – Black Cat (#80124),206.27,2029-02-27,Solar Star Bay City Storage,Facilities Study,Solar Star Bay City Storage,Other - Battery Energy Storage
26INR0487,ERCOT,TX,Tarrant,1883 EVRSW 138kV,206.0,2028-09-30,Fort Worth BESS LLC,Facilities Study,Anglin BESS,Other - Battery Energy Storage
24INR0235,ERCOT,TX,Brazoria,tap 138kV 44600 Rosharon - 44531 Winmil,206.0,2027-08-30,"Rock N’ Roll Solar, LLC",Facilities Study,Rock N' Roll Storage Two,Other - Battery Energy Storage
26INR0525,ERCOT,TX,Fort Bend,44000 Wa Parish 345 kV,205.86,2028-04-30,Bypass BESS II LLC,Facilities Study,Bypass BESS II,Other - Battery Energy Storage
23INR0485,ERCOT,TX,Galveston,38745 Attwater 138kV,205.8,2027-12-01,Galveston Energy Storage LLC,Facilities Study,Hacienda Storage,Other - Battery Energy Storage
24INR0555,ERCOT,TX,Dewitt,5380 Shaula 345kV,205.77,2028-06-01,Shaula Energy Project LLC,Facilities Study,Shaula I BESS,Other - Battery Energy Storage
28INR0412,ERCOT,TX,Kaufman,Tap 138kV 2727 CRANDALL1_8 - 2724 KAUFMN_8,205.74,2028-09-25,Yellow Leaf Energy Storage LLC,Facilities Study,Yellow Leaf II BESS,Other - Battery Energy Storage
29INR0207,ERCOT,TX,San Patricio,8249 Angstrom 345kV,205.71,2029-01-25,"Electra Energy Project, LLC",Facilities Study,Alila BESS II,Other - Battery Energy Storage
27INR0327,ERCOT,TX,Mitchell,1414 Champion Creek Substation 345 kV,205.7,2029-04-17,"Sunflower Valley Storage, LLC",Facilities Study,Sunflower Valley Storage,Other - Battery Energy Storage
24INR0488,ERCOT,TX,Taylor,11406 Central Bluff Switch 345 kV,205.54,2029-03-02,"JC Central Bluff, LLC",Facilities Study,Forts Trail BESS 2,Other - Battery Energy Storage
25INR0346,ERCOT,TX,Bexar,Tap 138 kV Line from Braunig East (#5030) to Highland Hills (#5205) Ckt. 1,205.51,2030-06-08,"Cado Storage, LLC",Facilities Study,Cado Storage,Other - Battery Energy Storage
26INR0301,ERCOT,TX,Howard,Tap 138kV Bulldog (#23833) – Elbow (#23834),205.5,2028-04-21,"Bhalu Storage, LLC",Facilities Study,Bhalu Storage,Other - Battery Energy Storage
29INR0132,ERCOT,TX,Borden,59916 Buck Canyon 345 kV,205.5,2029-11-26,"Caesar Solar, LLC",IA in Progress,Caesar Storage,Other - Battery Energy Storage
26INR0355,ERCOT,TX,Glasscock,Tap 138kV Einstein 23852 - 10043 St. Lawrence,205.5,2029-09-22,"Pleiades Storage, LLC",Facilities Study,Pleiades Storage,Other - Battery Energy Storage
24INR0543,ERCOT,TX,Lampasas,Tap 345kV 3424 BUCKHORN SWITCH - 3422 KILLEEN SWITCH,205.5,2029-04-28,Thomas Cameron BESS LLC,IA in Progress,Thomas Cameron BESS,Other - Battery Energy Storage
29INR0275,ERCOT,TX,Eastland,33285 Rising Star 138 kV,205.49,2029-11-30,"Rising Star Energy Center, LLC",Facilities Study,Richardson McClung Ranch BESS,Other - Battery Energy Storage
23INR0359,ERCOT,TX,Comanche,Tap 138 kV 1649 HASSE_P8 - 1684 SABANA_8,205.46,2028-03-01,BRP Crios BESS LLC,Facilities Study,Crios BESS,Other - Battery Energy Storage
23INR0279,ERCOT,TX,Andrews,1272 Fullerton 138kV,205.46,2028-03-01,BRP Trivor BESS LLC,Facilities Study,Trivor BESS,Other - Battery Energy Storage
28INR0246,ERCOT,TX,Callahan,Tapping the two 345 kV Lines: Sam Line Reactor (Bus# 68005) - Reata (Bus# 68051) and Latimer (Bus# 68008) - Reata (Bus# 68051).,205.38,2028-12-15,174 Power Global Properties,Facilities Study,Hittson Creek BESS,Other - Battery Energy Storage
24INR0383,ERCOT,TX,Crane,138 kV Soda Lake (#76026),205.35,2028-10-30,"Crane II Solar Electric, LLC",IA in Progress,Soda Lake BESS 2 SLF,Other - Battery Energy Storage
28INR0389,ERCOT,TX,Crane,138 kV Soda Lake (#76026),205.3,2028-10-30,"Crane I Solar Electric, LLC",IA in Progress,Tri-X BESS 1 SLF,Other - Battery Energy Storage
25INR0103,ERCOT,TX,Brazoria,138 kV Weinbrenner Station (Bus #42990),205.28,2028-12-31,Elio Energy LLC,IA in Progress,Elio BESS,Other - Battery Energy Storage
25INR0334,ERCOT,TX,Lamar,Tap 345kV 1692 PARIS_SW1_5 -- 11699 WOODARD_5,205.24,2027-07-12,Star Dairy Storage,IA in Progress,Star Dairy Storage,Other - Battery Energy Storage
25INR0293,ERCOT,TX,Wharton,138 kV Danevang Switching Station (Bus# 5546),205.2,2028-12-31,"TOCE BESS 1, LLC",IA in Progress,TOCE BESS 1,Other - Battery Energy Storage
28INR0230,ERCOT,TX,Duval,Tap 138 kV BRUNI44A (#8297) - CRESTONI4A (#8695),205.2,2029-01-15,"ALLTHORN SOLAR, LLC",Facilities Study,Allthorn BESS,Other - Battery Energy Storage
28INR0265,ERCOT,TX,Austin,Tap 138kV GEBHARDT (#44700) - Wallis (#44740),205.2,2029-05-31,Agricola BESS LLC,Facilities Study,Agricola BESS,Other - Battery Energy Storage
25INR0338,ERCOT,TX,Howard,Tap 138 kV 1326 Stanton East – 11324 Leatherwood Pod,205.13,2028-04-30,"Rocky Mountain Energy Development, LLC",Facilities Study,Les Energy Storage,Other - Battery Energy Storage
23INR0143,ERCOT,TX,Mitchell,tap 138kV 11342 Loraine South – 10050 Ranger Camp,204.96,2028-03-01,BRP Sepik BESS LLC,Facilities Study,Sepik BESS,Other - Battery Energy Storage
28INR0490,ERCOT,TX,Galveston,38830 TNMAINLAND1 138 KV,204.93,2028-02-15,Vertus Energy Storage 2 LLC,Facilities Study,Vertus Energy Storage 2,Other - Battery Energy Storage
26INR0618,ERCOT,TX,Taylor,6260 Abilene South Substation 138kV,204.9,2029-12-30,"DM-TCP, LLC",Facilities Study,Taylor County Paul Storage,Other - Battery Energy Storage
27INR0382,ERCOT,TX,Victoria,Tap 138 kV 8723 CANGREJO4A - 8721 BEECHER4A,204.9,2028-06-01,Nova Clean Energy LLC,Facilities Study,Calico BESS,Other - Battery Energy Storage
26INR0231,ERCOT,TX,Midland,Tap 138kV AQUEDUCT SUB(#1172) - Mockingbird North Tap(#11299),204.9,2029-05-07,Energy City BESS LLC,Facilities Study,Energy City BESS,Other - Battery Energy Storage
26INR0340,ERCOT,TX,Galveston,"Bus Name: TNHEIGHTS_1
Bus Number: 38740",204.85,2027-05-24,SOUTHERN SELECT ENERGY STORAGE LLC,IA in Progress,SOUTHERN SELECT ENERGY STORAGE,Other - Battery Energy Storage
26INR0614,ERCOT,TX,Bell,Tap 138kV 3428 Killeen South – 13628 Founders Trail Sub,204.82,2029-09-17,"DM-BCRCML, LLC",Facilities Study,Bell County Leifester Storage,Other - Battery Energy Storage
25INR0446,ERCOT,TX,Callahan,Tap 138kV 6275 ABEAST4A - 6670 PUTN4C,204.79,2027-12-31,Guitar BESS LLC,Facilities Study,Guitar BESS,Other - Battery Energy Storage
26INR0460,ERCOT,TX,Jack,Tap #1429 Jacksboro Substation 345kV,204.7,2028-03-21,Lightning Ridge Storage LLC,Facilities Study,Lightning Ridge Energy Storage,Other - Battery Energy Storage
25INR0629,ERCOT,TX,Howard,Tap 345kV 10057 Prong Moss Switch - 10062 Rockhound Switch CKT 1,204.7,2029-06-09,Midland Energy Storage LLC,Facilities Study,Midland Energy Storage,Other - Battery Energy Storage
26INR0485,ERCOT,TX,Howard,Natural Dam 138kV Substation (23836),204.6,2026-09-30,Prospector Storage LLC,Facilities Study,Prospector Energy Storage,Other - Battery Energy Storage
27INR0085,ERCOT,TX,Grimes,Singleton (Bus #44645) - Zenith (Bus #44900) Circuit #99 345 kV,204.58,2028-03-31,"Eagle Claw Energy Center, LLC",IA in Progress,Eagle Claw Energy Center,Other - Battery Energy Storage
26INR0184,ERCOT,TX,Lamar,Tap 138kV 1693 Paris Switch - 11806 ENLOE T8,204.5,2028-06-30,"Paris Energy Storage, LLC",Facilities Study,Arc Energy Storage,Other - Battery Energy Storage
28INR0150,ERCOT,TX,Fayette,7286 L_FAYETT8_1Y 138kV,204.5,2030-05-30,"South Triangle Energy, LLC",Under Study,South Tripoint BESS,Other - Battery Energy Storage
25INR0554,ERCOT,TX,Brazoria,39703 TNFM524 138kV,204.38,2029-02-28,Dan Kearney BESS LLC,IA in Progress,Dan Kearney BESS,Other - Battery Energy Storage
27INR0290,ERCOT,TX,Midland,23859 SALTFLAT 138KV,204.31,2028-10-11,SBESS TX8 LLC,Facilities Study,Drill Baby Drill BESS,Other - Battery Energy Storage
28INR0148,ERCOT,TX,Sutton,60412 CARVER 138kV,204.08,2028-07-01,"Sonora High Noon, LLC",Facilities Study,Sonora High Noon BESS,Other - Battery Energy Storage
27INR0461,ERCOT,TX,Hunt,Tap 345kV 2464# CASHSW_T5 – 2461# ROYSE_N5,204.0,2028-07-01,"Fermata BESS, LLC",Facilities Study,Fermata BESS,Other - Battery Energy Storage
28INR0348,ERCOT,TX,Archer,"Bus # 1446, Lake Wichita, 138 kV",203.8,2028-12-15,PowerPulse LLC,Facilities Study,Ringtail Energy Storage,Other - Battery Energy Storage
24INR0386,ERCOT,TX,Menard,6364 Yellow Jacket Sub 138kV,203.8,2027-07-30,"Black & Gold Energy Storage, LLC",IA in Progress,Black & Gold Energy Storage,Other - Battery Energy Storage
23INR0421,ERCOT,TX,Robertson,Tap TNP ONE 39950 and Twin Oak 3400,203.75,2027-06-01,Bee Branch IA LLCBee Branch IA LLC,IA in Progress,Bee Branch IA,Other - Battery Energy Storage
22INR0504,ERCOT,TX,Robertson,Tap 345kV 3400 Twin Oak - 39950 TNP One,203.62,2026-10-01,Barton Branch IA LLC,IA in Progress,Barton Branch IA,Other - Battery Energy Storage
22INR0503,ERCOT,TX,Robertson,Tap 345kV 3400 Twin Oak - 39950 TNP One,203.62,2026-12-03,Tidwell Prairie IIA LLC,IA in Progress,Tidwell Prairie II Batt,Other - Battery Energy Storage
23INR0318,ERCOT,TX,Wilson,Tap 345 kV 5133 Elm Creek - 5901 San Miguel,203.21,2026-12-18,"Marcelina Solar, LLC",Facilities Study,Marcelina Storage,Other - Battery Energy Storage
22INR0558,ERCOT,TX,Harris,47150 HO Clarke 138kV,203.2,2026-12-17,Callisto II Energy Center LLC,IA in Progress,Callisto II Energy Center,Other - Battery Energy Storage
28INR0020,ERCOT,TX,Bexar,Tap 138kV 5055 Cagnon - 5346 Potranco,203.0,2028-08-01,"FRESH AIR ENERGY II, LLC",Facilities Study,Caracara Energy Storage Center,Other - Battery Energy Storage
25INR0611,ERCOT,TX,Howard,1058 LONGSHORE 345kV,202.8,2029-05-01,"Odessa Energy Storage LLC,",Facilities Study,Odessa Energy Storage,Other - Battery Energy Storage
27INR0436,ERCOT,TX,Harris,"Bus # 40830, Humble, 138 kV",202.8,2029-06-15,PowerPulse LLC,Facilities Study,Coati Energy Storage,Other - Battery Energy Storage
26INR0363,ERCOT,TX,Houston,TAP 138kV 3345 FLATBRA_8 - 3351 JIM_ENG_8,202.7,2029-04-16,"RSN STORAGE 001, LLC",Facilities Study,Saint Charles Energy Storage,Other - Battery Energy Storage
26INR0410,ERCOT,TX,Austin,Tap 138kV L_PISEK_8_1Y (#7296) - L_WELCOM8_1Y(#7577),202.7,2028-09-08,Prost ESS LLC,Facilities Study,Prost ESS,Other - Battery Energy Storage
26INR0464,ERCOT,TX,Hunt,Tap 138 kV 6883 QUINLAN NORTH SS - 6860 UNION VALLEY SS,202.7,2028-08-10,"Ceres BESS, LLC",Facilities Study,Ceres BESS,Other - Battery Energy Storage
26INR0514,ERCOT,TX,Bastrop,7560 RED ROCK 138kV,202.7,2028-12-31,"Techne BESS, LLC",Facilities Study,Techne BESS,Other - Battery Energy Storage
25INR0173,ERCOT,TX,Dickens,Tap 345kV 59904 Cotton Wood - 23922 White River Ckt 1,202.7,2028-08-25,"Wolf Spring Solar, LLC",IA in Progress,Wolf Spring Storage,Other - Battery Energy Storage
25INR0473,ERCOT,TX,Jones,68014 Open Sky,202.69,2027-07-09,"Jones City Solar II, LLC",IA in Progress,Crowded Star I BESS,Other - Battery Energy Storage
25INR0372,ERCOT,TX,Fort Bend,42380 Needville 138kV,202.65,2026-12-31,"Elan BESS, LLC",Facilities Study,Elan BESS,Other - Battery Energy Storage
25INR0190,ERCOT,TX,Montague,741 Dyemound 138kV,202.65,2028-04-24,"Fortissimo BESS, LCC",Facilities Study,Fortissimo BESS,Other - Battery Energy Storage
25INR0184,ERCOT,TX,Wise,138kV #608 Crafton Substation - #620 Bowie Substation,202.65,2028-04-24,"Legato Storage, LLC",Facilities Study,Legato BESS,Other - Battery Energy Storage
27INR0173,ERCOT,TX,Johnson,Tap 138kV 2281 Godley - 2888 Carmichael,202.56,2027-09-13,"JSB1, LLC",IA in Progress,Trenno BESS,Other - Battery Energy Storage
26INR0472,ERCOT,TX,Wichita,Tap 138kV #1450 Pleasant Valley Switch - #1492 Wichita Falls Riverbend,202.56,2028-04-19,MALONEY BESS LLC,Facilities Study,Bologna BESS,Other - Battery Energy Storage
27INR0253,ERCOT,TX,Maverick,8692 MAVERICK4A 138kV,202.5,2030-06-01,Nova Clean Energy LLC,Facilities Study,Old Victory Energy Center,Other - Battery Energy Storage
23INR0104,ERCOT,TX,Andrews,Andrews North – McKenzie Draw Switch 138 kV,202.46,2025-12-01,BRP Kamet BESS LLC,Facilities Study,BRP Kamet BESS,Other - Battery Energy Storage
22INR0427,ERCOT,TX,Andrews,1159 Andrew North - 11284 Blackbird 138kV,202.45,2028-12-01,BRP Kabru BESS LLC,Facilities Study,BRP Kabru BESS,Other - Battery Energy Storage
24INR0081,ERCOT,TX,Harris,40270 Riverside 138kV,202.37,2027-04-04,Castleman Power,Facilities Study,SANJAC BESS,Other - Battery Energy Storage
26INR0329,ERCOT,TX,Wise,Tap 138kV 685 LEO - 587 GREENWOOD,202.0,2027-12-31,"Pianissimo Storage, LLC",Facilities Study,Pianissimo BESS II,Other - Battery Energy Storage
25INR0628,ERCOT,TX,Archer,Tap 345kV 1422 Bowman - 1458 Cobb Switch,202.0,2028-08-01,Wichita Falls Energy Storage LLC,Facilities Study,Wichita Falls Energy Storage,Other - Battery Energy Storage
26INR0599,ERCOT,TX,San Patricio,(#80258) Mayo 138kV,202.0,2028-07-31,"Coda BESS, LLC",Facilities Study,Coda BESS,Other - Battery Energy Storage
25INR0040,ERCOT,TX,Hidalgo,8644 Trade Zone 138kV,201.9,2028-11-30,"FRESH AIR ENERGY II, LLC",Facilities Study,McMEXICO STORAGE,Other - Battery Energy Storage
28INR0387,ERCOT,TX,Ellis,3/4-Breaker Ring Bus at 345kV Venus Switch (#1907) BKR 4920 - Navarro Switch (LST) (#68091) BKR 3B3134/3B3127,201.87,2029-10-30,"Galaxy Solar 2, LLC",Facilities Study,Galaxy Storage 2,Other - Battery Energy Storage
25INR0189,ERCOT,TX,Fayette,138kV WARDA #7312.,201.8,2027-05-28,"Staccato Storage, LLC",IA in Progress,Staccato BESS,Other - Battery Energy Storage
28INR0321,ERCOT,TX,Colorado,Tap on 138 kV ALTAIR (bus# 78118) to STAFFORD HILL (bus# 78520),201.76,2030-03-31,Altair Energy Storage,Facilities Study,Altair Energy Storage,Other - Battery Energy Storage
27INR0316,ERCOT,TX,Freestone,Tap 345kV BIGBRNE (#3380) - JEWETT (#3390) CKT 1,201.72,2029-04-16,Avant Prairie ESS LLC,Facilities Study,Avant Prairie BESS,Other - Battery Energy Storage
25INR0100,ERCOT,TX,Bell,3423 KILLEEN Switch 138 KV,201.6,2028-05-15,Black Mountain Energy Storage II,IA in Progress,Goldeneye BESS,Other - Battery Energy Storage
25INR0233,ERCOT,TX,Hill,tap 345kV 1907 Venus - 68090 Sam Sw,201.6,2028-12-31,Hillsboro Solar Project LLC,IA in Progress,OCI Cobb Creek ESS,Other - Battery Energy Storage
27INR0247,ERCOT,TX,Angelina,Tap 138kV LUFKINE East (#3326) - HERTY TAP (#3318),201.54,2028-09-21,Sun Angel ESS LLC,Facilities Study,Sun Angel ESS,Other - Battery Energy Storage
28INR0268,ERCOT,TX,Cottle,Tap 345kV 59904 COTTONWOOD - 60500 EDITH CLARKE,201.54,2029-08-13,"CTPB1,LLC",Under Study,Soluce Cotton Storage,Other - Battery Energy Storage
26INR0411,ERCOT,TX,Madison,Tap 345kV JEWETT_S5 (#3390) -- SINGLETON (#44645),201.5,2029-09-08,Tex-Bar ESS LLC,IA in Progress,Tex-Bar ESS,Other - Battery Energy Storage
24INR0338,ERCOT,TX,Matagorda,345 kV South Texas Project (Bus# 5915) – Hillje (Bus# 44200) Transmission Line Ckt 1,201.31,2028-07-02,Eldora Energy LLC,IA in Progress,Eldora BESS,Other - Battery Energy Storage
29INR0222,ERCOT,TX,Coleman,Tap 345kV 1444 Brown Switch – 60040 Bluff Creek Switch & 1444 Brown Switch – 11406 Central Bluff Switch,201.31,2030-10-15,Renew Development HoldCo LLC,Facilities Study,Paintbrush BESS1,Other - Battery Energy Storage
26INR0555,ERCOT,TX,Dimmit,78280 Bevo Substation 138 kV,201.3,2028-09-01,"Desert Palm BESS, LLC",IA in Progress,Desert Palm BESS,Other - Battery Energy Storage
28INR0363,ERCOT,TX,McLennan,165 WINDSORSW 138kV,201.3,2028-09-30,"Finch Storage, LLC",Facilities Study,Finch Storage,Other - Battery Energy Storage
23INR0278,ERCOT,TX,Andrews,1157 Andrews County South 138kV,201.3,2028-03-01,BRP Tucana BESS LLC,Facilities Study,Tucana BESS,Other - Battery Energy Storage
26INR0243,ERCOT,TX,Waller,57664 Sunnyside 69kV,201.28,2027-11-30,"Caladium Storage, LLC",Facilities Study,Caladium BESS,Other - Battery Energy Storage
26INR0331,ERCOT,TX,Bexar,Tap 345 kV 5231 HOWARD_5 – 5400 SPRUCE,201.27,2031-02-08,OCI Solar Power LLC,Facilities Study,RUSH ESS,Other - Battery Energy Storage
26INR0556,ERCOT,TX,Dimmit,8970 Catarina 138 kV,201.2,2028-06-30,Wintergarden BESS LLC,Facilities Study,Wintergarden BESS,Other - Battery Energy Storage
23INR0382,ERCOT,TX,Harris,40700 Greens Bayou 345kV,201.2,2027-12-06,Black Mountain Energy Storage II,Facilities Study,Outer Loop BESS,Other - Battery Energy Storage
29INR0332,ERCOT,TX,Karnes,Milton Substation 78583 L_MILTON8_1Y,201.2,2029-12-31,"White Star Energy Storage, LLC",Facilities Study,White Star Energy Storage,Other - Battery Energy Storage
27INR0412,ERCOT,TX,Wichita,Tap 138 kV Wichita Falls Cogen (#1498) – Pleasant Valley Switch (#1450),201.2,2030-05-08,"Spinosa Energy Center, LLC",Facilities Study,Spinosa BESS,Other - Battery Energy Storage
28INR0484,ERCOT,TX,San Patricio,8437 Rincon 138kV,201.16,2029-12-28,"Pathfinder Energy Storage, LLC",Facilities Study,"Pathfinder Energy Storage, LLC",Other - Battery Energy Storage
28INR0427,ERCOT,TX,Cameron,79500 Palmito 345kV,201.14,2029-06-01,Ouroboros Grid BESS Unit 4,Under Study,Ouroboros Grid BESS 4,Other - Battery Energy Storage
25INR0138,ERCOT,TX,Glasscock,"Tap 138kV Shaw POD (18664) – Desert Wind Sub (11283)
new station Potterson Lake Switch",201.13,2028-03-31,"Champaign BESS, LLC",IA in Progress,Champaign BESS,Other - Battery Energy Storage
25INR0140,ERCOT,TX,Ector,11140 ECTRCNTYN_8 138kV,201.13,2028-04-30,"Seragio BESS, LLC",Facilities Study,Seragio BESS,Other - Battery Energy Storage
21INR0483,ERCOT,TX,Frio,Morrow Lake Switch 138kV (5896),201.13,2028-09-30,"Morrow Lake Storage, LLC",Facilities Study,Morrow Lake Storage,Other - Battery Energy Storage
26INR0194,ERCOT,TX,Bandera,7440 Tarpley 138kV,201.13,2029-02-19,"Motif Storage, LLC",Facilities Study,Motif BESS II,Other - Battery Energy Storage
25INR0146,ERCOT,TX,Reeves,Tap 138kV MANSON (1094) - Riverton (11083),201.13,2028-10-11,"Blue Heron BESS, LLC",IA in Progress,Blue Heron BESS,Other - Battery Energy Storage
25INR0144,ERCOT,TX,Midland,Tap 138kV 71230 Pleasant Farms - 1236 Pegasus South,201.13,2028-10-11,"Jasper BESS, LLC",IA in Progress,Jasper BESS,Other - Battery Energy Storage
26INR0589,ERCOT,TX,Sterling,76030-Gasconades Creek 345 kV,201.1,2028-06-01,Clearway Energy Group LLC,Facilities Study,Goat Mountain BESS,Other - Battery Energy Storage
29INR0376,ERCOT,TX,Tom Green,6444 Red Creek 345kV,201.1,2029-12-13,Lightsource Renewable Energy Development LLC,Facilities Study,Silver Sky BESS,Other - Battery Energy Storage
26INR0432,ERCOT,TX,Robertson,39950# TNTNP_ONE_3  345 KV,201.08,2028-12-01,"Big Rooter West, LLC",Facilities Study,Big Rooter West Storage,Other - Battery Energy Storage
25INR0186,ERCOT,TX,Colorado,Altair (78118) – Nada (78103) 138KV,201.08,2028-07-01,"Samsung Solar Energy 2, LLC",Facilities Study,Moonlight Sonata BESS,Other - Battery Energy Storage
25INR0441,ERCOT,TX,Jackson,8117 GANADO138kV,201.08,2027-12-31,"Dios BESS, LLC",IA in Progress,Dios BESS,Other - Battery Energy Storage
22INR0385,ERCOT,TX,Crane,60400 Lynx 138kV,201.07,2029-12-31,BRP Pictor BESS LLC,Facilities Study,BRP Pictor BESS,Other - Battery Energy Storage
25INR0566,ERCOT,TX,Brazoria,Tap 138kV 42980 Nash - 44010 WA Parish Ckt 2,201.04,2027-12-31,"Copano Bay Energy Storage, LLC",Facilities Study,Copano Bay Energy Storage,Other - Battery Energy Storage
24INR0570,ERCOT,TX,Brazoria,Tap 138kV 39500 West Columbia Main - 110505 Sweeny Co-Gen LP Ckt 1,201.04,2027-09-01,"Marcus Energy Storage, LLC",Facilities Study,Marcus Energy Storage,Other - Battery Energy Storage
24INR0131,ERCOT,TX,Zapata,the 138 kV Zapata Substation (#8299; AEP),201.03,2027-12-01,BRP Zelus BESS LLC,Facilities Study,Zelus BESS,Other - Battery Energy Storage
29INR0018,ERCOT,TX,Robertson,39950 TNP One Plant 345 kV,201.03,2029-12-31,"Big Rooter East, LLC",IA in Progress,Big Rooter East Storage,Other - Battery Energy Storage
25INR0491,ERCOT,TX,Karnes,5727 Pawnee Switching Substation 138kV,201.0,2027-12-01,BRP Tarim BESS LLC,Facilities Study,Tarim BESS,Other - Battery Energy Storage
27INR0363,ERCOT,TX,Frio,Tap 138kV #5895 PEARSALL -#5827 MOORE,201.0,2029-09-04,"Hamlet Solar, LLC",Facilities Study,Hamlet Storage SLF,Other - Battery Energy Storage
23INR0135,ERCOT,TX,Caldwell,9075 Lytton 138kV,200.99,2028-06-01,BRP Elbus BESS LLC,Facilities Study,Elbus BESS,Other - Battery Energy Storage
24INR0142,ERCOT,TX,Maverick,78016 Sunglow Substation 138kV,200.97,2027-12-01,BRP De Los Santos BESS LLC,Facilities Study,De Los Santos,Other - Battery Energy Storage
28INR0428,ERCOT,TX,Cameron,79500 Palmito 345KV,200.96,2029-06-01,Ouroboros Grid BESS Unit 5,Under Study,Ouroboros Grid BESS 5,Other - Battery Energy Storage
28INR0454,ERCOT,TX,Denton,Tap 138 kV 612 BLUHORSE– 684 SPRING,200.96,2028-09-08,Oakley BESS LLC,Facilities Study,Oakley BESS,Other - Battery Energy Storage
25INR0853,ERCOT,TX,Tom Green,Tap 138kV 60008 TRIBUTE4A - 6442 REDCREEK4A,200.95,2029-12-22,Lightsource Renewable Energy Development LLC,Facilities Study,Tango Lily BESS,Other - Battery Energy Storage
28INR0429,ERCOT,TX,Cameron,79500 Palmito 345KV,200.94,2029-06-01,Ouroboros Grid BESS Unit 6,Under Study,Ouroboros Grid BESS 6,Other - Battery Energy Storage
25INR0480,ERCOT,TX,Brazoria,Tap 138kV 39500 West Colombia - 39703 FM524,200.9,2027-10-30,"BELL CREEK BESS, LLC",IA in Progress,Bell Creek BESS,Other - Battery Energy Storage
25INR0513,ERCOT,TX,Leon,Tap 345kV 46020 Limestone 967 Gibbons Creek Circuit 50,200.9,2028-12-29,"BT Kahla Storage, LLC",Facilities Study,Kahla Storage,Other - Battery Energy Storage
23INR0464,ERCOT,TX,Henderson,3179 Pauline 138kV,200.9,2026-03-27,Sloan Energy Storage LLC,Facilities Study,Sloan Storage,Other - Battery Energy Storage
26INR0573,ERCOT,TX,Glasscock,1333 MCDONALD 138kV,200.89,2028-06-30,"RWE Solar Development, LLC",Facilities Study,Cummins BESS,Other - Battery Energy Storage
27INR0354,ERCOT,TX,Smith,3137 BlackFork 138 KV,200.87,2028-10-31,"Cebocell, LLC",Facilities Study,Cebocell BESS,Other - Battery Energy Storage
24INR0375,ERCOT,TX,Jack,Tap 345kV 1421 Willow Creek – 11523 Thomas Price,200.86,2028-10-29,"PK Solar, LLC",IA in Progress,Possum Kingdom BESS,Other - Battery Energy Storage
26INR0259,ERCOT,TX,Colorado,7258 Glidden Substation 138kV,200.85,2027-10-19,"Cottontail Energy Center, LLC",Facilities Study,Cottontail Energy Center,Other - Battery Energy Storage
29INR0125,ERCOT,TX,Duval,Tap 80079 (Cruce) - 5901 (San Miguel) 345 kV Ckt 1,200.84,2029-09-30,"Apricot Sun Energy Center, LLC",Facilities Study,Apricot Sun Storage,Other - Battery Energy Storage
28INR0397,ERCOT,TX,Cameron,"POIB: #88337 Chalybe 345 kV  
(expansion of the #8735 Chalybe 138 kV – to be connected by double circuit line to #79500 Palmito 345 kV)",200.82,2028-06-01,Ouroboros Grid BESS Unit 1,Under Study,Ouroboros Grid BESS 1,Other - Battery Energy Storage
24INR0285,ERCOT,TX,Chambers,Tap 138kV 40171 Baytown - 40015Cedar Bayou Plant,200.82,2029-10-01,APV Lonestar Energy LLC,IA in Progress,APV Plumwood Storage,Other - Battery Energy Storage
28INR0398,ERCOT,TX,Cameron,88337 Chalybe 345 kV,200.81,2028-06-01,Ouroboros Grid BESS Unit 2,Under Study,Ouroboros Grid BESS 2,Other - Battery Energy Storage
24INR0461,ERCOT,TX,Waller,46560 Waller 138kV,200.81,2027-12-17,"BRP Blue Topaz 5, LLC",Facilities Study,Augie BESS,Other - Battery Energy Storage
28INR0299,ERCOT,TX,Wilson,Tap 138kV Eagle Creek (5132) to Floresville (5155),200.8,2029-03-31,Moon Stone Battery Facility LLC,Under Study,Moon Stone BESS,Other - Battery Energy Storage
26INR0343,ERCOT,TX,Harris,Tap Atascocita 138kV Substation (Bus # 40130) - Lake Houston (Bus #40820),200.8,2028-03-01,Stinger Energy Storage LLC,Facilities Study,Stinger Energy Storage,Other - Battery Energy Storage
23INR0283,ERCOT,TX,Carson,23900 Alibates 345kV,200.8,2028-10-31,"Kota Storage, LLC",Facilities Study,Kota Battery,Other - Battery Energy Storage
26INR0116,ERCOT,TX,Zapata,Tap 138kV 8299 Zapata - 8957 Lopeno,200.79,2028-03-11,"Falcon BESS, LLC",IA in Progress,Falcon Zapata Storage 138,Other - Battery Energy Storage
24INR0528,ERCOT,TX,Nueces,Tap 138kV 8452 LON_HILL4A - 8441 NUECES_B4A,200.78,2028-05-19,Blanquilla BESS LLC,IA in Progress,Blanquilla BESS,Other - Battery Energy Storage
26INR0461,ERCOT,TX,Cameron,Tap 138kV #80309 Las Pulgas - #8319 Rio Hondo,200.78,2028-06-30,SBESS TX25 LLC,Facilities Study,Rio Hondo BESS,Other - Battery Energy Storage
25INR0385,ERCOT,TX,Cameron,5764 East Rio Hondo Substation 138kV,200.78,2027-12-31,"Bobcat BESS, LLC",Facilities Study,Bobcat Cameron BESS,Other - Battery Energy Storage
28INR0403,ERCOT,TX,Cameron,88337 Chalybe 345 kV,200.72,2028-06-01,Ouroboros Grid BESS Unit 3,Under Study,Ouroboros Grid BESS 3,Other - Battery Energy Storage
27INR0478,ERCOT,TX,Caldwell,138 kV LYTTON8 (9075),200.71,2030-12-07,Metro BESS LLC,Facilities Study,Metro BESS,Other - Battery Energy Storage
28INR0356,ERCOT,TX,Victoria,#80064 Chocolate Bayou 138kV,200.71,2029-09-30,"Arpeggio BESS, LLC",Facilities Study,Arpeggio BESS,Other - Battery Energy Storage
27INR0494,ERCOT,TX,Milam,Tap 138kV 120# TALBRTRIDG – 3683# MINERVA1_8,200.71,2030-02-28,"Obbligato BESS, LLC",Facilities Study,Obbligato BESS,Other - Battery Energy Storage
30INR0099,ERCOT,TX,Loving,138 kV ANDRANCHT_8(#1081) - Loving_8(#1092),200.7,2030-06-30,"Quadspring BESS, LLC",Facilities Study,Quadspring BESS,Other - Battery Energy Storage
27INR0399,ERCOT,TX,Cameron,# 79601 Stillman Substation 138 kV,200.7,2028-09-20,"Resaca Oasis Storage, LLC",IA in Progress,Resaca Oasis Storage,Other - Battery Energy Storage
27INR0621,ERCOT,TX,Pecos,38355 LEON_CRK 138kV,200.69,2028-06-01,Tempus Power Management LLC,Facilities Study,st gall IIIB Storage,Other - Battery Energy Storage
27INR0620,ERCOT,TX,Pecos,38355 LEON_CRK 138kV,200.69,2028-06-01,Tempus Power Management LLC,Facilities Study,st gall IIIA Storage,Other - Battery Energy Storage
29INR0065,ERCOT,TX,Mills,Tap Line between Evant (bus#7068) and Goldthwaite (Bus# 7070),200.66,2029-06-01,Mills Storage Center,Facilities Study,Cash Mills Storage Center,Other - Battery Energy Storage
27INR0209,ERCOT,TX,Brazoria,Tap 138kV line 44390 Karsten -  44721 Thompsons,200.65,2029-09-07,Goby Energy Center,Facilities Study,Goby Energy Center,Other - Battery Energy Storage
26INR0200,ERCOT,TX,Grimes,13 Keith 138kV,200.6,2027-12-31,"Vaughn Battery Storage, LLC",Facilities Study,Vaughn Energy Storage,Other - Battery Energy Storage
26INR0427,ERCOT,TX,Austin,7271 LCRA New Bremen 138 kV,200.6,2027-11-14,BremRaek BESS,Facilities Study,BremRaek BESS,Other - Battery Energy Storage
26INR0185,ERCOT,TX,Jack,579 Jack County 138kV,200.6,2027-12-31,"Brazos Energy Storage, LLC",Facilities Study,Beitel Energy Storage,Other - Battery Energy Storage
26INR0215,ERCOT,TX,Jack,1429 Jacksboro 345kV,200.59,2028-04-17,Jackgard BESS,Facilities Study,JackGard BESS,Other - Battery Energy Storage
26INR0376,ERCOT,TX,Matagorda,138kV Blackcat Substation (#80124),200.59,2027-12-31,"Matagorda ESS, LLC",Facilities Study,Blackcat Storage,Other - Battery Energy Storage
28INR0392,ERCOT,TX,Medina,5813 PEARSONSW8 138 kV,200.58,2028-11-21,Devine Mary BESS,Facilities Study,Devine Mary BESS,Other - Battery Energy Storage
26INR0505,ERCOT,TX,Victoria,Tap 138kV 8154 VISTRON4B – 8189 TUNGSTEN4A,200.58,2028-09-30,Goldhill Energy Storage LLC,Facilities Study,Goldhill Energy Storage,Other - Battery Energy Storage
28INR0391,ERCOT,TX,Guadalupe,LINE TAP OF CIBOLO (7608) AND McQUEENEY (7606),200.58,2028-11-09,Ruedrich BESS,Facilities Study,Ruedrich BESS,Other - Battery Energy Storage
28INR0436,ERCOT,TX,Comal,River Oaks (7173),200.51,2027-09-01,Comal BESS LLC,Facilities Study,Englehardt BESS,Other - Battery Energy Storage
28INR0437,ERCOT,TX,Nueces,LINE TAP OF WESTSIDE (8485) AND WEIL TRACT (8482) 138 KV TRANSMISSION LINE,200.51,2028-05-02,Barbara BESS LLC,Facilities Study,Barbara BESS,Other - Battery Energy Storage
28INR0333,ERCOT,TX,Wilbarger,Tap 345kV #60504 Tesla Road to #6111 Riley,200.3,2028-07-01,"Reunion Solar, LLC",Facilities Study,Reunion Storage,Other - Battery Energy Storage
27INR0231,ERCOT,TX,Schleicher,Tap 345 kV 76003 Big Hill to 76005 Schneeman Draw,200.0,2029-06-15,"Easy Wind Energy Center, LLC",Facilities Study,Easy Battery Energy Storage Center,Other - Battery Energy Storage
24INR0447,ERCOT,TX,Hidalgo,Tap 138kV 8392 Bates – 8394 Liston,200.0,2028-06-30,PureSky Development Inc,Facilities Study,PSE Chihuahua TX Storage,Other - Battery Energy Storage
27INR0371,ERCOT,TX,Glasscock,59902 Sand_Bluff 345kV,200.0,2027-07-02,"RWE Clean Energy Development, LLC",Facilities Study,Feather Dalea BESS,Other - Battery Energy Storage
28INR0110,ERCOT,TX,McCulloch,76006 Bow Wood 345 kV,200.0,2029-06-16,"Biggs Battery Facility, LLC",Facilities Study,Biggs BESS,Other - Battery Energy Storage
25INR0039,ERCOT,TX,Hidalgo,tap 138kV 8380 NEDIN4A – 8632 NMCALLEN4C,200.0,2028-11-30,"FRESH AIR ENERGY II, LLC",Facilities Study,Borderland ESC,Other - Battery Energy Storage
AH1-263 - moved to TC2,PJM,VA,Spotsylvania,NOT PUBLISHED BY PJM (Transmission Owner: Dominion),200.0,2028-12-01,NOT PUBLISHED IN PJM QUEUE EXPORT,Active,Chancellor 115 kV,Storage
AF2-396 - moved to TC1,PJM,MI,Cass,NOT PUBLISHED BY PJM (Transmission Owner: AEP),200.0,2029-06-01,NOT PUBLISHED IN PJM QUEUE EXPORT,Engineering Review,Stinger 138 kV,Solar; Storage
29INR0250,ERCOT,TX,Kaufman,1698 Sulphur Springs Switch and 3174 Canton Switch 138 kV,200.0,2029-09-17,EG Slash Pine LLC,Facilities Study,Slash Pine Storage,Other - Battery Energy Storage
29INR0280,ERCOT,TX,Crane,Tap 345 kV #18668 ROCK DRAW - #76000 NORTH MCCAMEY ckt 1,200.0,2029-09-01,"Tierra Loma Solar, LLC",Facilities Study,Tierra Loma Storage,Other - Battery Energy Storage
30INR0140,ERCOT,TX,Montague,(741) DYEMOUND Substation 138kV,200.0,2030-07-17,EG Primrose LLC,Facilities Study,Enfinity Primrose,Other - Battery Energy Storage
29INR0214,ERCOT,TX,Atascosa,TAP 345KV (#5709) Fowlerton - (#5901) SAN MIGUEL LINE Ckt-2,200.0,2029-05-15,"Amphion Solar, LLC",Facilities Study,Amphion Storage,Other - Battery Energy Storage
26INR0179,ERCOT,TX,Zavala,8008 La Pryor4A,200.0,2029-05-11,SunShiner ESS LLC,Facilities Study,SunShiner ESS,Other - Battery Energy Storage
24INR0445,ERCOT,TX,Starr,TAP 138KV 8793 RIO GRANDE CITY - 8798 LAGRULLA,200.0,2028-06-30,PureSky Development Inc,Facilities Study,PSE Flores TX Storage,Other - Battery Energy Storage
24INR0446,ERCOT,TX,Starr,Tap 138kV 8796 Roma – 7870 Escobares,200.0,2028-06-30,PureSky Development Inc,Facilities Study,PSE Gongora Hill TX Storage,Other - Battery Energy Storage
29INR0267,ERCOT,TX,Borden,Tap 138kV Key (1307) to 138kV Gail (1308),200.0,2029-09-17,EG White Oak LLC,Facilities Study,Enfinity White Oak BESS,Other - Battery Energy Storage
27INR0145,ERCOT,TX,Fannin,Tap 1593 BONHAM_P8 to Allens Creek 1835 138kV,192.1,2029-04-30,"GRS BESS TEXAS SEVEN, LLC",Facilities Study,Steelhead Energy Storage,Other - Battery Energy Storage
25INR0061,ERCOT,TX,Bee,Tap 345kV 8689 Tango - 8606 Goddard,192.0,2028-06-30,"Charter Oak Storage, LLC",IA in Progress,Argenta Storage,Other - Battery Energy Storage
27INR0112,ERCOT,TX,Wharton,Tap 345 kV 44200 Hillje – 9073 Holman,191.12,2032-04-30,Malachite Storage LLC,IA in Progress,Malachite BESS,Other - Battery Energy Storage
25INR0552,ERCOT,TX,Cameron,8319 Rio Hondo sub 138kV,190.01,2028-05-15,Gransolar Texas Four LLC,Facilities Study,HarryoungBESS,Other - Battery Energy Storage
27INR0206,ERCOT,TX,Medina,(#8962)  LYTLE4A 138KV,188.95,2027-10-31,Cattlemen BESS LLC,Facilities Study,Chacon Creek,Other - Battery Energy Storage
24INR0617,ERCOT,TX,Maverick,8267 GANSO Substation 138kV,185.59,2027-12-01,"Maverick ESS, LLC",Facilities Study,Serrano Storage,Other - Battery Energy Storage
24INR0544,ERCOT,TX,Brown,Tap 138kV 1654 Zephyr – 1655 Brownwood Switch,185.57,2028-09-09,"Brown ESS, LLC",Facilities Study,Wetzel BESS,Other - Battery Energy Storage
27INR0555,ERCOT,TX,Colorado,L_GLIDDE8_1Y; Bus number - 7258 138KV,183.88,2030-10-16,Montezuma Storage LLC,Facilities Study,Montezuma Storage,Other - Battery Energy Storage
26INR0385,ERCOT,TX,Reeves,38113 TNCOYOTSPG1 138kV,181.54,2027-06-30,"Nanulak BESS, L.L.C.",IA in Progress,Nanulak BESS,Other - Battery Energy Storage
27INR0562,ERCOT,TX,Ward,"#38143, TNSLVRLEAF1, 138kV",180.9,2027-10-18,"Frizzle BESS, L.L.C.",Facilities Study,Frizzle BESS,Other - Battery Energy Storage
23INR0312,ERCOT,TX,Tom Green,6442 Redcreek 138kV,180.72,2028-07-01,Momentum Hofbrau LLC,Facilities Study,Hofbrau BESS,Other - Battery Energy Storage
26INR0314,ERCOT,TX,Brazoria,Tap 138kV 39530 West Colombia LOCAL TNP - 39560 ANGLETON TNP,180.36,2027-10-30,Brazos River BESS LLC,IA in Progress,Brazos River BESS,Other - Battery Energy Storage
26INR0420,ERCOT,TX,Mitchell,tap Salt Mine (#23846) to Bulldog (#23833) 138kV,180.0,2029-06-08,"Hunt Energy Network, LLC",Facilities Study,Whitetail BESS,Other - Battery Energy Storage
26INR0640,ERCOT,TX,Cameron,79501 KINGFISHER 345KV,180.0,2028-04-03,"Hunt Energy Network, LLC",Facilities Study,Amberjack2 BESS,Other - Battery Energy Storage
28INR0189,ERCOT,TX,Kenedy,Tap 345kV 80076 Ajo 80076 - 8601 Cebolla,178.5,2028-11-17,Ocelot Solar LLC,Facilities Study,Green Ocelot Storage,Other - Battery Energy Storage
25INR0370,ERCOT,TX,Rains,tap 138kV Emory North 3171 to Liberty POD 1723,176.13,2028-05-31,Majewski Storage LLC,IA in Progress,Willis Storage,Other - Battery Energy Storage
25INR0371,ERCOT,TX,Hunt,tap 138kV 1819 Commerce South - 1815 Cumby Tap,176.13,2027-12-31,"BT McMurtre Storage, LLC",IA in Progress,McMurtre Storage,Other - Battery Energy Storage
25INR0432,ERCOT,TX,Anderson,6937 Tucker Sub 138kV,176.13,2027-05-01,"BT Brotherton Storage, LLC",IA in Progress,Brotherton Storage,Other - Battery Energy Storage
25INR0466,ERCOT,TX,Wise,Tap 138 kV 580 Westbrook Switch - 588 Willow,175.65,2028-05-31,"BT Yooperlite Storage, LLC",Facilities Study,Yooperlite Storage,Other - Battery Energy Storage
21INR0262,ERCOT,TX,Upton,tap 345kV 11028 Odessa - 76000 North McCamey,175.6,2028-07-01,King Mountain Storage LLC,Facilities Study,Grandfalls Storage SLF,Other - Battery Energy Storage
28INR0247,ERCOT,TX,Hidalgo,"tap 138kV Liston (#8394) – JL Bates (#8392) line, AEP",174.66,2028-11-28,Eligius Storage LLC,Facilities Study,Eligius BESS,Other - Battery Energy Storage
26INR0280,ERCOT,TX,Wichita,Tap Wichita Falls Switch (#1464) – North Star (#1467) 138 kV Line,174.08,2029-03-03,"Pethrus BESS, LLC",Facilities Study,Pethrus BESS,Other - Battery Energy Storage
26INR0291,ERCOT,TX,Schleicher,Tap 345kV line Big Hill (#76003) - Twin Buttes (#76009),171.75,2028-05-28,Cold Creek Solar and Storage LLC,IA in Progress,Cold Creek Storage 2,Other - Battery Energy Storage
23INR0425,ERCOT,TX,Chambers,40855 JORDON 138 kV,170.85,2028-02-28,Coneflower Storage Project LLC,IA in Progress,Coneflower Storage Project,Other - Battery Energy Storage
27INR0097,ERCOT,TX,Hopkins,Tap 345kV Cash Switch (bus# 2464) - Sandy Ranch Switch (bus# 2621),169.6,2029-07-09,BLUE STONE RENEWABLE XXI LLC,Facilities Study,JUNIPERUS BESS,Other - Battery Energy Storage
26INR0083,ERCOT,TX,Tom Green,6464 San Angelo North,163.93,2028-05-31,ZEPPELIN ENERGY STORAGE LLC,Facilities Study,Zeppelin Energy Storage,Other - Battery Energy Storage
26INR0455,ERCOT,TX,Tom Green,Tap at Big Hill - Twin Buttes 345 kV line (76003 / 76009),162.5,2028-07-01,"Dove Creek Solar, LLC",Facilities Study,Dove Creek Storage,Other - Battery Energy Storage
25INR0175,ERCOT,TX,Concho,Tap 345kV 76009 Twin Buttes - 7077 Amos Creek,162.4,2028-01-09,"Concho Pearl Solar, LLC",IA in Progress,Concho Pearl Storage,Other - Battery Energy Storage
AG2-545 - moved to TC2,PJM,IL,McHenry,NOT PUBLISHED BY PJM (Transmission Owner: ComEd),160.0,2029-12-20,NOT PUBLISHED IN PJM QUEUE EXPORT,Active,Silver Lake 345 kV,Storage
25INR0579,ERCOT,TX,McLennan,Tap 138kV 165 Windsor Switch - 161 McGregor,159.6,2028-12-30,"Albatross Solar, LLC",IA in Progress,Albatross BESS 2,Other - Battery Energy Storage
24INR0419,ERCOT,TX,Harris,45880 Hockley 138kV,157.7,2028-05-30,"ROBP Holdings, LLC",Facilities Study,High Plains Storage,Other - Battery Energy Storage
27INR0092,ERCOT,TX,Leon,(PSSE BUS# 47) HILTOPLKS8 138kV,157.12,2028-12-31,Gransolar Texas Three LLC,Facilities Study,Pecan BESS,Other - Battery Energy Storage
27INR0180,ERCOT,TX,Bexar,5378 SHEPHERD RD 138kV,157.12,2029-09-15,"GRS BESS TEXAS TEN, LLC",Facilities Study,Otter BESS,Other - Battery Energy Storage
28INR0438,ERCOT,TX,Mills,#7070 Goldthwaite 138kV,157.12,2029-12-31,Invenergy Storage Development LLC,Under Study,Moss Rock Storage,Other - Battery Energy Storage
27INR0151,ERCOT,TX,Karnes,The Kenedy Switching Station #2 (#8186) to Rosata POD  (#8153) Line ; AEP,156.93,2030-09-30,"Coyote Den Energy Center, LLC",Facilities Study,Coyote Den Storage,Other - Battery Energy Storage
23INR0495,ERCOT,TX,Hopkins,Tap 345kV 1697 Sulphur Springs Switch –  2464 Cash Switch,156.91,2028-06-15,RWE Renewables,Facilities Study,Cartwheel BESS 2,Other - Battery Energy Storage
25INR0248,ERCOT,TX,Wilson,5132 Eagle Creek Substation 138kV,156.73,2028-09-30,"Strawberry Acres Energy Center, LLC",Facilities Study,Strawberry Acres Storage,Other - Battery Energy Storage
25INR0236,ERCOT,TX,Brazoria,Tap to CKT#27 from Savana (Bus# 43180) to Oasis (Bus# 43035) – 345 kV Line,156.6,2027-06-01,"Austin Bayou Solar, LLC",IA in Progress,Austin Bayou Storage II,Other - Battery Energy Storage
25INR0237,ERCOT,TX,Brazoria,Tap 345 kV Savana 43180 to Seabreeze 43020 - Ckt 27,156.6,2027-06-01,"Austin Bayou Solar, LLC",IA in Progress,Austin Bayou Storage III,Other - Battery Energy Storage
29INR0123,ERCOT,TX,Colorado,Tap 138 kV 57640 Rock Island to 7258 Glidden,156.52,2028-09-30,Firefly Fields Energy Center LLC,Facilities Study,Firefly Fields Storage,Other - Battery Energy Storage
23INR0462,ERCOT,TX,Hidalgo,Tap 138 kV 8656 Luna - 8033 Pantera,156.33,2028-06-30,Palladium Energy Storage LLC,Facilities Study,Palladium Storage,Other - Battery Energy Storage
28INR0156,ERCOT,TX,Taylor,Tap 138kV 76317 MOORE - 76318 BUTMAN,156.0,2028-04-10,"Taylor ESS, LLC",Facilities Study,Chimney Rock BESS,Other - Battery Energy Storage
25INR0391,ERCOT,TX,Collin,Anna 345 kV Bus# 2373.,156.0,2028-02-12,"Purple Sage, LLC",IA in Progress,Purple Sage BESS 1,Other - Battery Energy Storage
25INR0392,ERCOT,TX,Collin,Anna 345 kV Bus# 2373,156.0,2028-02-12,"Purple Sage, LLC",IA in Progress,Purple Sage BESS 2,Other - Battery Energy Storage
AF1-176 - moved to TC1,PJM,MI,St. Joseph,NOT PUBLISHED BY PJM (Transmission Owner: AEP),155.68,2029-12-31,NOT PUBLISHED IN PJM QUEUE EXPORT,Engineering Review,Corey 138 kV,Solar; Storage
27INR0029,ERCOT,TX,Wichita,Tap 345kV 6101 Riley - 1425 Fisher Road Switch Ckt 1,155.66,2028-07-01,"Wichita Solar I, LLC",Facilities Study,Short Creek BESS,Other - Battery Energy Storage
28INR0199,ERCOT,TX,Runnels,tap 345kV 1444 BROWN SWITCH  - 11406 CENTRAL BLUFF,155.2,2029-04-17,"Winters Glow Storage, LLC",Facilities Study,Winters Glow Storage,Other - Battery Energy Storage
29INR0152,ERCOT,TX,Medina,"SSWG Bus name: CSTROVILESB8 , Bus# : 5804
Planning Bus long name: CSTROVILESB8, 138 kV",155.2,2029-04-29,Nova Clean Energy LLC,Facilities Study,Ranger BESS,Other - Battery Energy Storage
29INR0057,ERCOT,TX,Hopkins,Tap 345kV 1695 Monticello - 1697 Sulphur Springs,155.1,2029-05-01,Palomino Renewables,Facilities Study,Palomino Storage,Other - Battery Energy Storage
27INR0220,ERCOT,TX,Ellis,Stainback Switch (bus #2217) - Elrod Switch (bus #3159),155.0,2028-10-30,"Galaxy Solar, LLC",Facilities Study,Galaxy Storage,Other - Battery Energy Storage
22INR0443,ERCOT,TX,San Patricio,138kV 8961 WHITEPT4A - 8418 RINCON4A,155.0,2028-09-18,"Longbow Energy Storage, LLC",IA in Progress,Bowstring BESS,Other - Battery Energy Storage
24INR0425,ERCOT,TX,Victoria,8911 BLKBYU4A 138kV,154.65,2028-02-29,"BRP Blue Topaz 2, LLC",IA in Progress,Two Brothers ESS,Other - Battery Energy Storage
25INR0131,ERCOT,TX,Madison,Tap 138kV 25 North Zulch - 47 Hilltop Lakes,154.63,2027-07-20,"Sosa Energy Center, LLC",IA in Progress,SOSA Storage,Other - Battery Energy Storage
27INR0117,ERCOT,TX,Guadalupe,7180 L_ZORN__8_1Y 138kV,154.3,2028-12-01,Flexen USA LLC,Facilities Study,Roble BESS,Other - Battery Energy Storage
28INR0341,ERCOT,TX,Matagorda,Blessing Substation 138 kV (ID 8121),154.3,2028-11-01,BESS BASTION LLC,Facilities Study,Bastion BESS,Other - Battery Energy Storage
28INR0465,ERCOT,TX,Galveston,tap 138 kV 43500 WEBSTR_B138A - 48403 W_GALV01TP_8,154.25,2028-12-31,Flexen USA LLC,Facilities Study,Valcrest BESS,Other - Battery Energy Storage
27INR0441,ERCOT,TX,Milam,Tap #3659 Thorndale North - #3701 Rookie Switch 138 kV,154.2,2028-09-21,"Pavo Creek Storage, LLC",Facilities Study,Pavo Creek Storage,Other - Battery Energy Storage
24INR0196,ERCOT,TX,Harris,138kV line Holmes (#47210) - Garden Villas (#42680); CNP,154.0,2027-08-30,Sunnyside Energy LLC,IA in Progress,Dori BQ BESS,Other - Battery Energy Storage
26INR0426,ERCOT,TX,Waller,Tap 138kV 44750 FULSHR_S25_8 to 44860 TWINWD_S25_8,153.96,2029-02-01,"Twinwood ES1, LLC",IA in Progress,Maderagemela BESS1,Other - Battery Energy Storage
29INR0324,ERCOT,TX,Pecos,860 GIRVINSW 345kV,153.9,2029-04-26,Marigold BESS LLC,Facilities Study,Ashtrom Marigold BESS SLF,Other - Battery Energy Storage
28INR0226,ERCOT,TX,Austin,Tap 138 kV 44740 WALLIS_S65_8 - 44700 GEBHRT_X65B8 Ckt#65,153.88,2028-10-17,Karol Solar V,Facilities Study,Pamplona Storage,Other - Battery Energy Storage
24INR0274,ERCOT,TX,Collin,2475 Lavon Switch 138kV,153.77,2027-02-15,"Boxcar Energy Storage, LLC",IA in Progress,Bufflehead BESS,Other - Battery Energy Storage
25INR0253,ERCOT,TX,Van Zandt,6828 Canton Tap 138 kV,153.72,2027-07-31,Whiskey BESS LLC,IA in Progress,Whiskey BESS,Other - Battery Energy Storage
25INR0693,ERCOT,TX,Leon,Tab 138kv 3355  Grapeland_Magnolia - 3357 Pleasant_Springs.,153.7,2028-02-16,Leon BESS,Facilities Study,Leon BESS,Other - Battery Energy Storage
25INR0384,ERCOT,TX,Van Zandt,138 kV Ben Wheeler (Bus# 6852),153.69,2027-08-31,ZORRO BESS LLC,IA in Progress,Zorro BESS,Other - Battery Energy Storage
26INR0616,ERCOT,TX,Blanco,#70482 Blanco Substation 138 kV - currently being upgraded,153.62,2029-12-30,"DM-BCB, LLC",Facilities Study,Blanco County Behrends Storage,Other - Battery Energy Storage
26INR0613,ERCOT,TX,Wichita,Tap 345kV Fisher Road Switch (#1425) – Riley (#6101) Line,153.62,2029-04-16,"DM-WCM, LLC",Facilities Study,Wichita County Mawson Storage,Other - Battery Energy Storage
27INR0014,ERCOT,TX,Henderson,Walton Switch (6899) 138KV,153.6,2029-07-01,"Kit Fox Storage, LLC",Facilities Study,Kit Fox Storage,Other - Battery Energy Storage
22INR0457,ERCOT,TX,Jones,tap 345 kV 68004 Phantom Hill station,153.55,2027-12-01,Anson II Storage LLC,IA in Progress,Anson BAT,Other - Battery Energy Storage
29INR0174,ERCOT,TX,Brazoria,Hoffman (42810) - Lake Jackson (42880) 138 kV line,153.5,2029-10-01,Flexen USA LLC,Facilities Study,Palisade BESS,Other - Battery Energy Storage
23INR0183,ERCOT,TX,Webb,tap 345 kV Lobo 80219 - Fowlerton 5709 ckt #2,153.11,2029-06-23,"Pradera Storage, LLC",Facilities Study,Pradera Storage,Other - Battery Energy Storage
27INR0187,ERCOT,TX,Freestone,Tap 345 kV Big Brown 3380 to Navarro 68091 ckt#2,153.1,2029-10-31,"Silver Dollar Solar Project, LLC",Facilities Study,Silver Dollar Storage,Other - Battery Energy Storage
26INR0602,ERCOT,TX,Eastland,Tap 138kV 6317 Cisco - 3545 MTNBRANCH_8,153.0,2028-07-01,"Damia Solar, LLC",Facilities Study,Damia Storage,Other - Battery Energy Storage
24INR0168,ERCOT,TX,Victoria,Tap 138kV 8125 Lolita - 8172 Victoria,152.31,2029-07-01,"Tejano Storage, LLC",Facilities Study,Tejano Storage,Other - Battery Energy Storage
28INR0349,ERCOT,TX,Nolan,"Bus # 1339, Eskota 138kV",152.02,2029-11-10,PowerPulse LLC,Facilities Study,Jaguarundi Energy Storage,Other - Battery Energy Storage
28INR0304,ERCOT,TX,Goliad,Tap - Coleto Creek (Bus # 8162) - Victoria (Bus# 8172) 138 kV CKT 1,151.46,2029-03-20,Kuy Creek Storage 1 LLC,Facilities Study,Kuy Creek Storage 1 SLF,Other - Battery Energy Storage
26INR0222,ERCOT,TX,Nueces,5640 DRISCOLLSUB9 69kV,151.2,2027-03-17,AEU BATTERY PROJECT IV LLC,Facilities Study,GOTHAM BESS,Other - Battery Energy Storage
25INR0076,ERCOT,TX,Nueces,McKenzie Road (8858) 138 kV Substation,151.0,2029-07-01,VIOLET STORAGE,Facilities Study,Violet Storage,Other - Battery Energy Storage
21INR0456,ERCOT,TX,Wharton,tap Blue – Hillje 345 kv Ckt.#27,150.83,2028-12-31,"Brush Storage, LLC",Facilities Study,Maleza Storage,Other - Battery Energy Storage
28INR0290,ERCOT,TX,Erath,Dublin (1636) - Fullhouse (1652) 138kV,150.8,2029-05-07,Field Marshal Storage LLC,Facilities Study,Field Marshal Storage,Other - Battery Energy Storage
27INR0593,ERCOT,TX,McCulloch,60386 HEARTLAN2A 69kV,150.79,2027-06-30,Luminous Energy Renewables LLC,Facilities Study,Pecan Ridge,Other - Battery Energy Storage
26INR0084,ERCOT,TX,Freestone,Tap 345kV 3133 RICHLND2_5 - 3381 BIGBRNW_5,150.78,2028-07-21,"Amerada Solar, LLC",Facilities Study,Amerada Storage,Other - Battery Energy Storage
24INR0331,ERCOT,TX,Brown,Tap 345 kV 1444 BROWN SWITCH - 3424 BUCKHORN SWITCH,150.7,2027-04-13,"Blue Heron Solar, LLC",Facilities Study,Chisme Storage,Other - Battery Energy Storage
25INR0235,ERCOT,TX,Brazoria,Tap 345 kV Savana 43180 to Seabreeze 43020 - Ckt 27,150.68,2027-06-01,"Austin Bayou Solar, LLC",IA in Progress,Austin Bayou Storage I,Other - Battery Energy Storage
30INR0100,ERCOT,TX,Pecos,138 kV Pig Creek (#60393),150.6,2030-06-30,"Pentarise BESS, LLC",Facilities Study,Pentarise BESS,Other - Battery Energy Storage
21INR0492,ERCOT,TX,Tarrant,2082 Hicks 138kV,150.6,2028-12-14,"Stockyard Grid, LLC",IA in Progress,Stockyard Grid Batt,Other - Battery Energy Storage
26INR0189,ERCOT,TX,Brazoria,Tap 138 42980 Nash - 44010 W A Parish ckt #2,150.6,2028-02-28,Skipper Energy Storage LLC,IA in Progress,Skipjack Energy Storage,Other - Battery Energy Storage
26INR0219,ERCOT,TX,Cooke,704 Mountain Springs 138 kV,150.52,2029-04-01,Mountain Springs BESS,Facilities Study,Mountain Springs BESS,Other - Battery Energy Storage
25INR0402,ERCOT,TX,Colorado,7254 WEIMAR8 138kV,150.52,2028-06-20,Driet BESS LLC,IA in Progress,Driet BESS,Other - Battery Energy Storage
26INR0180,ERCOT,TX,Navarro,3387 Revolution Switch 138kV,150.52,2030-04-18,Cape Rich BESS,IA in Progress,Cape Rich BESS,Other - Battery Energy Storage
27INR0050,ERCOT,TX,Comanche,Tap 345KV 1900 Comanche Peak - 1440 Comanche Switch,150.5,2028-07-01,"Mustang Creek Solar, LLC",IA in Progress,Darkwood BESS,Other - Battery Energy Storage
25INR0396,ERCOT,TX,Martin,Tap 138kV 11368 Expanse Switch – 23841 Sale Ranch,150.5,2029-04-17,Grady BESS,Facilities Study,Stewart Grady BESS,Other - Battery Energy Storage
26INR0328,ERCOT,TX,Dewitt,(#78575) LCRA Yorktown 138 kV,150.49,2028-12-16,Navitas Energy LLC,Facilities Study,Yorktown BESS,Other - Battery Energy Storage
27INR0364,ERCOT,TX,Schleicher,6500 Live Oak AEP 138kV,150.44,2028-03-15,TIPPSOL LLC,Facilities Study,Cashel BESS,Other - Battery Energy Storage
25INR0376,ERCOT,TX,Hidalgo,85005 ELGATO4A 138 kV,150.43,2028-01-16,"BRP BLUE TOPAZ 7, LLC",Facilities Study,Hawkins BESS,Other - Battery Energy Storage
28INR0009,ERCOT,TX,Knox,Tap 345kV 6076 Foxtail - 60791 Perigee,150.39,2028-12-29,Rolling Plains Solar,IA in Progress,Oriole BES,Other - Battery Energy Storage
27INR0342,ERCOT,TX,Bexar,Tap 138 kV Chavanea (5085) - Palo Alto (5330).,150.39,2029-08-31,Horizon Energy Storage Greenfield Project Holdings LLC,Facilities Study,Dorsey Road BESS,Other - Battery Energy Storage
30INR0111,ERCOT,TX,Burleson,32878 Greens Prairie 138kV,150.36,2030-04-30,Horizon Energy Storage Greenfield Project Holdings LLC,Facilities Study,Tradition BESS,Other - Battery Energy Storage
30INR0112,ERCOT,TX,Comal,7456 LOP3378 138kV,150.36,2030-04-30,Horizon Energy Storage Greenfield Project Holdings LLC,Facilities Study,Short River BESS,Other - Battery Energy Storage
30INR0038,ERCOT,TX,Lampasas,7066 Adamsville 138kV,150.3,2029-08-30,Lampasas Hybrid Energy LLC,Facilities Study,Solgen Storage,Other - Battery Energy Storage
AF2-415,PJM,NJ,Hudson,NOT PUBLISHED BY PJM (Transmission Owner: PSEG),150.0,2028-12-01,NOT PUBLISHED IN PJM QUEUE EXPORT,Engineering Review,Bergen 138 kV,Storage
AG2-621 - moved to TC2,PJM,PA,Beaver,NOT PUBLISHED BY PJM (Transmission Owner: ATSI),150.0,2028-03-01,NOT PUBLISHED IN PJM QUEUE EXPORT,Active,Hoytdale 138 kV,Storage
AG2-107 - moved to TC2,PJM,OH,Madison,NOT PUBLISHED BY PJM (Transmission Owner: AEP),150.0,2029-09-30,NOT PUBLISHED IN PJM QUEUE EXPORT,Active,Marysville-Flatlick 765 kV,Storage
AG2-088 - moved to TC2,PJM,VA,Chesterfield,NOT PUBLISHED BY PJM (Transmission Owner: Dominion),150.0,2029-12-01,NOT PUBLISHED IN PJM QUEUE EXPORT,Active,Midlothian 230 kV,Storage
25INR0354,ERCOT,TX,Gillespie,"New POI station between 7132 L_GILLES8_1Y - 7126 L_FERGUS8_1Y 138kV line and 7132 L_GILLES8_1Y - 7128 L_HORSBA8_1Y 138kV line, then loop in both lines into the new POI station.",150.0,2028-12-20,"Marshall Springs Storage, LLC",IA in Progress,Marshall Spring Storage,Other - Battery Energy Storage
24INR0394,ERCOT,TX,Upton,76635 King Mountain 138kV,150.0,2027-12-31,CED Development Inc.,Facilities Study,CATHODE BESS,Other - Battery Energy Storage
29INR0356,ERCOT,TX,Irion,138kV Newton T.Busby Substation (60356),150.0,2030-07-17,EG Cedar LLC,Facilities Study,Enfinity Cedar,Other - Battery Energy Storage
AG2-288 - moved to TC2,PJM,VA,Frederick,NOT PUBLISHED BY PJM (Transmission Owner: APS),150.0,2028-12-31,NOT PUBLISHED IN PJM QUEUE EXPORT,Active,Stonewall 138 kV,Storage
AG2-106 - moved to TC2,PJM,OH,Madison,NOT PUBLISHED BY PJM (Transmission Owner: AEP),150.0,2029-09-30,NOT PUBLISHED IN PJM QUEUE EXPORT,Active,Marysville-Flatlick 765 kV,Storage
24INR0378,ERCOT,TX,Jones,60387 Hendrick 138kV,150.0,2027-11-30,CED Development Inc.,Facilities Study,Solara BESS 1,Other - Battery Energy Storage
24INR0393,ERCOT,TX,Upton,76040 Castillo 138kV,150.0,2027-12-31,CED Development Inc.,Facilities Study,ELECTRODE BESS,Other - Battery Energy Storage
24INR0379,ERCOT,TX,Jones,60387 Hendrick 138kV,150.0,2027-11-30,CED Development Inc.,Facilities Study,Solara BESS 2,Other - Battery Energy Storage
25INR0489,ERCOT,TX,Crockett,7053 Noelke 345 kV,150.0,2028-04-30,"Ranchero Battery Facility, LLC",Facilities Study,Ranchero BESS,Other - Battery Energy Storage
27INR0227,ERCOT,TX,San Patricio,Tap 345kV 8624 Grissom – 8455 Lon C Hill,150.0,2029-07-22,"RWE Clean Energy Development, LLC",Facilities Study,PALO VERDE BESS,Other - Battery Energy Storage
24INR0514,ERCOT,TX,Gillespie,7751 Headwaters substation 138kV,148.61,2030-07-31,"ROGERS DRAW ENERGY STORAGE, LLC",IA in Progress,Rogers Draw BESS,Other - Battery Energy Storage
26INR0312,ERCOT,TX,Maverick,138 kV Sunglow Substation (#78016),147.63,2029-03-31,Senator Aggreko Storage LLC,IA in Progress,Senator Aggreko Storage,Other - Battery Energy Storage
23INR0342,ERCOT,TX,Victoria,138 kV Loop 463 Substation (#5680),144.22,2027-09-01,BRP Brizo BESS LLC,IA in Progress,Brizo BESS,Other - Battery Energy Storage
25INR0271,ERCOT,TX,Matagorda,8111 MAGILL4A 138KV,143.1,2027-03-18,City Breeze BESS LLC,IA in Progress,City Breeze BESS,Other - Battery Energy Storage
28INR0254,ERCOT,TX,Taylor,Tap 138kv 6228 ABNTHWST4A - 6288 MULBERRY4D,143.0,2028-12-15,"Taylor ESS, LLC",Facilities Study,Summerhill BESS,Other - Battery Energy Storage
25INR0666,ERCOT,TX,Lampasas,7064 Lampasas Substation 138kV,142.9,2028-01-15,Gibson Branch BESS LLC,Facilities Study,GIBSON BRANCH BESS,Other - Battery Energy Storage
28INR0221,ERCOT,TX,Wichita,Tap 1464 Wichita Falls South Switch – 1474 Scotland 138 kV,142.58,2029-04-20,"Rio Star Energy Storage, LLC",Facilities Study,Rio Star Energy Storage,Other - Battery Energy Storage
23INR0478,ERCOT,TX,Milam,Tap 138kV 32 Robertson - 64  Milano,141.23,2028-08-01,"Milam Energy, LLC",IA in Progress,Rhoda Storage,Other - Battery Energy Storage
23INR0794,ERCOT,TX,Coleman,6390 FIREROCK4A 138kV,140.53,2028-05-31,GSA Land Holdings,Facilities Study,Invictus Energy Storage,Other - Battery Energy Storage
AF1-119,PJM,IN,Blackford,NOT PUBLISHED BY PJM (Transmission Owner: AEP),140.0,2028-01-31,NOT PUBLISHED IN PJM QUEUE EXPORT,Engineering Review,Keystone-Desoto 345 kV,Solar; Storage
28INR0213,ERCOT,TX,Upton,Tap 345kV 59903 Bearkat - 76000 L_NORTMC5_1Y,138.57,2029-05-25,"Greasewood BESS, LLC",Facilities Study,Badger BESS,Other - Battery Energy Storage
26INR0523,ERCOT,TX,Caldwell,Tap 138kV 7224 LULING - 7216 Lockhart,138.0,2029-06-01,"Demeter Solar, LLC",Facilities Study,Demeter Storage 2,Other - Battery Energy Storage
28INR0080,ERCOT,TX,Freestone,Tap 138 kV 13501 Clayhill to 13681 Reed,135.59,2028-07-02,"Turtle Rock Energy Center, LLC",Facilities Study,Turtle Rock Storage,Other - Battery Energy Storage
25INR0122,ERCOT,TX,Hill,Chatt(234) - Pecan Street (3352) 138kV,135.18,2027-09-15,Gransolar Texas Eleven LLC,IA in Progress,Vial BESS,Other - Battery Energy Storage
28INR0253,ERCOT,TX,Stonewall,tap 138kV 6150 SPUR4A  - 6158 ASPM4A,135.0,2028-12-29,"Stonewall ESS, LLC",Facilities Study,Stonewall BESS,Other - Battery Energy Storage
25INR0688,ERCOT,TX,Travis,"HORNSBY Substation POIB# 7047 

Site will be connected behind the meter at Medium Voltage  24.9 kV with non export controls

GSU TRANSFORMER
80/106/133MVA
345kV DELTA PRIMARY
24.9kV WYE-G SECONDARY
Z=XX%, 65DEG C RISE",133.0,2025-12-15,"Giga Texas Energy, LLC",IA in Progress,Giga Texas Data Center,Other - Battery Energy Storage
28INR0094,ERCOT,TX,Anderson,Tap 138kV 3281 TENNCLNY_8 - 3499 BLACKFTAP_8,132.98,2028-09-18,"ASB1, LLC",IA in Progress,Pham BESS,Other - Battery Energy Storage
25INR0241,ERCOT,TX,Starr,Tap 138kV 8957 Central Lopeno - 80106 Falcon Dam,132.65,2028-05-15,TX BESS A LLC,Facilities Study,Halcon Storage,Other - Battery Energy Storage
26INR0402,ERCOT,TX,Hill,Tap 138kV Ash Creek Switch (Bus #3473) – Revolution Switch (Bus #3387),130.9,2028-09-21,Abei Energy Green XI LLC,Facilities Study,HILLBORO BESS,Other - Battery Energy Storage
27INR0333,ERCOT,TX,Wilbarger,Tap 345 kV (#60504) Tesla - (#6111) Riley,130.4,2028-07-01,"White Wing Solar, LLC",Facilities Study,White Wing Storage,Other - Battery Energy Storage
22INR0386,ERCOT,TX,Pecos,6671 Tombstone 138kV,129.57,2029-12-01,BRP OCTANS BESS LLC,Facilities Study,BRP Octans BESS,Other - Battery Energy Storage
28INR0124,ERCOT,TX,Red River,Tap 138kV Rivercrest SES 1780 - Deport REA 1768,129.18,2028-09-30,"Silverbell Energy Center, LLC",Facilities Study,Silverbell Storage,Other - Battery Energy Storage
26INR0330,ERCOT,TX,Bexar,Tap 138kV 5294 Martinez - 5110 JT Deely,128.2,2027-09-21,ALAMO CITY ESS LLC,IA in Progress,Alamo City BESS,Other - Battery Energy Storage
28INR0116,ERCOT,TX,Tarrant,2068 Rosen Heights 138kV,127.82,2028-07-11,Salazar Energy Storage LLC,Facilities Study,Salazar BESS,Other - Battery Energy Storage
28INR0191,ERCOT,TX,Milam,Tap 138 kV 3750 Vosslake - 3749 Buckholts,127.5,2028-07-01,San Gabriel Solar LLC,IA in Progress,San Gabriel Storage,Other - Battery Energy Storage
24INR0174,ERCOT,TX,Angelina,3307 Redland Switch 138 kV,125.9,2027-08-25,"Solar Star North Herty Storage, LLC",Facilities Study,Solar Star North Herty Storage,Other - Battery Energy Storage
25INR0495,ERCOT,TX,Ellis,218 Rockett 69kV,125.7,2026-12-01,"BT Wilson Storage, LLC",Facilities Study,Dolomite Storage,Other - Battery Energy Storage
27INR0083,ERCOT,TX,Bee,8196 Poesta Substation 138kV,125.63,2029-07-10,"GCI Wolf Energy Storage, LLC",Facilities Study,Spinner Energy Storage,Other - Battery Energy Storage
27INR0003,ERCOT,TX,Webb,345 kV Cenizo Substation (#80220),125.62,2027-12-01,"Bordas Renewable Energy, LLC",Facilities Study,Becerra Creek Storage 2,Other - Battery Energy Storage
26INR0024,ERCOT,TX,Webb,345 kV Cenizo Substation (#80220),125.62,2027-12-01,"Bordas Renewable Energy, LLC",Facilities Study,Becerra Creek Storage 1,Other - Battery Energy Storage
26INR0273,ERCOT,TX,Ector,Tap 138kV 1102 Judkins - 1110 Edward,125.5,2028-02-26,"MOMENTUM HAZY JANE, LLC",Facilities Study,Momentum Hazy Jane BESS,Other - Battery Energy Storage
27INR0196,ERCOT,TX,Houston,Tap ETEC 138kV #6733 Mustang Prairie to #6732 Latexo Sub,125.4,2029-12-31,"Houston ESS, LLC",Facilities Study,Houston County BESS,Other - Battery Energy Storage
26INR0356,ERCOT,TX,Dimmit,Asherton 8283 - Big wells 8613 -138 kV,125.4,2027-08-25,"Saluga Ranch Energy, LLC",Facilities Study,Saluga Ranch Storage,Other - Battery Energy Storage
26INR0418,ERCOT,TX,Rockwall,2478 Royse 345kV,125.32,2029-02-07,"Smith II Battery Storage, LLC",Facilities Study,TE Smith Storage 2,Other - Battery Energy Storage
26INR0391,ERCOT,TX,Duval,138 kV Zenaida Bus# 80043,125.32,2029-09-30,"Dove Wing Energy Center, LLC",Facilities Study,Jumping Cactus Storage,Other - Battery Energy Storage
24INR0155,ERCOT,TX,Franklin,Hagansport Switch (old Monticello Tap bus# 1794),124.55,2027-04-03,"Lupinus Solar 2, LLC",IA in Progress,Lupinus Storage 2,Other - Battery Energy Storage
26INR0327,ERCOT,TX,Throckmorton,Tap 138 kV 792 Murray - 6169 Paint Creek,123.1,2028-02-22,"Sleepy Hollow BESS, LLC",Facilities Study,Sleepy Hollow BESS,Other - Battery Energy Storage
26INR0654,ERCOT,TX,Atascosa,#5700 Miracle Lake Substation 138kV,122.98,2028-10-01,"Atascosa BESS, LLC",Facilities Study,Great Hambino BESS,Other - Battery Energy Storage
25INR0202,ERCOT,TX,Kerr,7750 LCRA MOUNTAIN HOME SUB,122.6,2028-03-17,"East West Energy Storage, LLC",IA in Progress,East West BESS,Other - Battery Energy Storage
27INR0323,ERCOT,TX,Howard,Tap 138kV #1322 Big Spring Switch – #1366 Big Spring CRMWD,122.5,2029-05-08,"Prairie Blossom Storage, LLC",Facilities Study,Prairie Blossom Storage,Other - Battery Energy Storage
27INR0260,ERCOT,TX,Jackson,Tap 69kV #5522 Edna - #5518 El Toro SW,122.3,2028-05-31,Sayle Storage LLC,Facilities Study,Sayle Storage SLF,Other - Battery Energy Storage
26INR0393,ERCOT,TX,Duval,138 kV Zenaida Bus# 80043,122.21,2029-09-30,"Dove Wing Energy Center, LLC",Facilities Study,Dove Wing Storage,Other - Battery Energy Storage
30INR0133,ERCOT,TX,Wharton,Tap 138kV 44150 Hungerford - 44190 East Bernard,122.2,2030-12-31,"Starfield Energy Storage, LLC",Facilities Study,Starfield Energy Storage,Other - Battery Energy Storage
23INR0074,ERCOT,TX,Crane,10002 NS Crane Switch 138kV,121.56,2027-12-01,BRP Ampato BESS LLC,Facilities Study,BRP Ampato BESS,Other - Battery Energy Storage
28INR0452,ERCOT,TX,Wharton,tap of 138kV 8750 Chalmers - 8127 Lane City,120.52,2029-04-03,CH Neal Battery LLC,Facilities Study,Neal Battery,Other - Battery Energy Storage
26INR0033,ERCOT,TX,Freestone,Tap 138kV 3503 FAIRWPOD_8 - 196 FAIRFIELD,120.3,2027-09-24,Fairway Storage LLC,IA in Progress,Fairway Storage,Other - Battery Energy Storage
25INR0447,ERCOT,TX,Bastrop,Tap 345-kV 7040 Austrop to 7042 Zorn,120.0,2028-12-15,"Waterloo BESS, LLC",IA in Progress,Waterloo BESS 1,Other - Battery Energy Storage
26INR0498,ERCOT,TX,Parker,Tap 138kV BROCK(487) – STHBROCKSW(489),120.0,2027-12-08,Weatherford BESS LLC,Facilities Study,Buckaroo BESS,Other - Battery Energy Storage
26INR0497,ERCOT,TX,Brazoria,138 kV 42570 Archer (ACH),120.0,2028-06-30,Rosharon BESS LLC,Facilities Study,Rosharon BESS,Other - Battery Energy Storage
24INR0392,ERCOT,TX,Bexar,5294 Martinez Substation 138kV,120.0,2027-10-01,"RWE Solar Developement, LLC",IA in Progress,Riverwalk BESS,Other - Battery Energy Storage
26INR0501,ERCOT,TX,Haskell,6104 SMOKY HILL 345kV,120.0,2028-06-30,Haskell County BESS LLC,Facilities Study,Rolling Plains BESS,Other - Battery Energy Storage
AF2-078,PJM,IN,White,NOT PUBLISHED BY PJM (Transmission Owner: AEP),120.0,2027-12-31,NOT PUBLISHED IN PJM QUEUE EXPORT,IA in Progress,Reynolds-Olive #1 345 kV,Solar; Storage
AE2-019,PJM,VA,Loudoun,NOT PUBLISHED BY PJM (Transmission Owner: Dominion),120.0,2027-09-27,NOT PUBLISHED IN PJM QUEUE EXPORT,IA in Progress,New Road 230 kV,Storage
28INR0411,ERCOT,TX,Frio,New tap between line Bigfoot4A (8221) - MooreSw8 (5827),120.0,2029-03-20,Francitas Renewables LLC,Facilities Study,Black Creek BESS,Other - Battery Energy Storage
23INR0469,ERCOT,TX,Bell,3404 Belfalls 345kV,120.0,2028-12-15,"Big Elm Storage, LLC",IA in Progress,Big Elm Storage,Other - Battery Energy Storage
27INR0170,ERCOT,TX,Victoria,To the 138 kV line from EDNA (#8118) to VICTORIA4A (#8172),115.88,2027-08-15,GRS BESS Texas Eight LLC,Facilities Study,Marcos BESS,Other - Battery Energy Storage
27INR0374,ERCOT,TX,Dimmit,Tap 138kv 78281 Dimmit - 8274 Conoco Chittam.,115.2,2028-09-14,"Velado Solar, LLC",Facilities Study,Velado Storage SLF,Other - Battery Energy Storage
25INR0135,ERCOT,TX,Coke,6351 Nicole 138kV,113.9,2028-03-15,Gransolar Texas Five LLC,Facilities Study,Hayrick BESS,Other - Battery Energy Storage
27INR0432,ERCOT,TX,Brown,292 Holder 138 kV,111.06,2027-10-06,Grenergy USA,Facilities Study,Coyote Ridge BESS,Other - Battery Energy Storage
24INR0572,ERCOT,TX,Cameron,8320 WEST HARLINGEN 69kV,110.0,2028-07-01,SMT Harlingen III LLC,Facilities Study,Megacharge BESS,Other - Battery Energy Storage
26INR0559,ERCOT,TX,Victoria,80064 CHOCBAYU4A 138 kV,108.7,2028-02-20,Georgia Lynn BESS LLC,Facilities Study,Georgia-Lynn BESS,Other - Battery Energy Storage
24INR0455,ERCOT,TX,Pecos,38432 TNCENTRY2_1 138 KV,105.75,2028-03-30,"CENTURY GAS PROCESSING, LLC",IA in Progress,Longfellow BESS II,Other - Battery Energy Storage
27INR0285,ERCOT,TX,Hood,Tap 138kV #350 ABBYBEND - #363 HOOD,105.6,2028-10-15,"Rain Lily Storage One, LLC",IA in Progress,Rain Lily Storage 1,Other - Battery Energy Storage
25INR0550,ERCOT,TX,Brazoria,TAP 138kV 39010 HASTINGS - 38980 FRIENDSWOOD,105.08,2028-03-30,Friendswood Energy Storage LLC,Facilities Study,Friendswood Energy Storage,Other - Battery Energy Storage
AG2-270 - moved to TC2,PJM,VA,Halifax,NOT PUBLISHED BY PJM (Transmission Owner: Dominion),105.0,2030-12-31,NOT PUBLISHED IN PJM QUEUE EXPORT,Active,Clover 230 kV,Storage
27INR0274,ERCOT,TX,Zavala,Tap the 138 kV La Pryor (#8008) - Poblano (#8009),104.93,2027-12-30,"Flying Kite BESS, LLC",Facilities Study,Flying Kite Bess,Other - Battery Energy Storage
26INR0619,ERCOT,TX,Limestone,Tap 138kV 3632 Mexia_Main - 3634 Groesbeck_Main,104.92,2027-07-01,J&J Solar Ranch LLC,Facilities Study,Bonham Storage SLF,Other - Battery Energy Storage
29INR0106,ERCOT,TX,San Patricio,8606 GODDARD 345kV,104.56,2029-12-01,Aurora Solar LLC,Facilities Study,Kalina Storage,Other - Battery Energy Storage
25INR0442,ERCOT,TX,Milam,Tap 345kV 3704 Hog Creek Switch – 3687 Bell County East Switch,104.52,2027-08-04,Rosula Storage LLC,IA in Progress,Happy Dog Storage,Other - Battery Energy Storage
26INR0302,ERCOT,TX,Young,"TAP 138 KV BUS AND CREAT NEW BUS BETWEEN MURRAY (792) AND GRAHAM SES (1431)
COUNTY : YOUNG",104.5,2028-08-01,Young County Energy Storage LLC,Facilities Study,Young County Energy Storage,Other - Battery Energy Storage
26INR0252,ERCOT,TX,McLennan,Tap 345kV 13405 Trading House - 68090 Sam Switch,104.5,2028-04-29,"Elawan Neutron Storage, LLC",IA in Progress,Neutron Storage,Other - Battery Energy Storage
25INR0347,ERCOT,TX,Brazos,Tap 69kV 32864 BRYN_ATK69 to 32873 BRYN SHADY,104.42,2029-07-28,"TX BESS 5, LLC",Facilities Study,Cadet Storage,Other - Battery Energy Storage
26INR0499,ERCOT,TX,Burnet,7065 DOBVI 138kV,104.0,2027-11-02,Burnet County LLC,Facilities Study,Mineral Springs BESS,Other - Battery Energy Storage
26INR0496,ERCOT,TX,Hardeman,6050 PAUL 138kV,104.0,2028-06-30,Quanah BESS LLC,Facilities Study,Hardeman BESS,Other - Battery Energy Storage
26INR0502,ERCOT,TX,Kaufman,<6902><TALTY_RC><138kV>,104.0,2027-06-30,Crandall BESS LLC,Facilities Study,Fudge Ranch BESS,Other - Battery Energy Storage
27INR0233,ERCOT,TX,Hidalgo,Tap 138KV 8394 Liston- 8392 Bates,103.7,2027-08-31,Anawa La Solar LLC,Facilities Study,Anawa La BESS,Other - Battery Energy Storage
25INR0169,ERCOT,TX,Freestone,Tap 345-kV line Navarro (68091) – Limestone (46020),103.65,2027-12-01,"Piedra Solar, LLC",IA in Progress,Piedra BESS,Other - Battery Energy Storage
24INR0210,ERCOT,TX,Wharton,Tap 138kV 44740 Wallis - 44190 East Bernard CKT#65,103.53,2027-02-01,"Raven Storage, LLC",IA in Progress,Raven Storage,Other - Battery Energy Storage
23INR0456,ERCOT,TX,Hidalgo,S_MCALLN 8371 (S. McAllen 138kV Substation),103.51,2028-01-01,"KCE TX 28, LLC",Facilities Study,Bronze Quinta Storage,Other - Battery Energy Storage
26INR0429,ERCOT,TX,Matagorda,Tap 138kV Conoco 8138 - Black Cat 80124,103.5,2028-10-16,"Post Trail Energy, LLC",Facilities Study,Post Trail Energy,Other - Battery Energy Storage
27INR0444,ERCOT,TX,Webb,Tap 345kV LOBO7A (80219) - FOWLERTONSW5 (5709),103.5,2028-10-01,"DGC Renewables, LLC",Facilities Study,Diamond Sage BESS 2,Other - Battery Energy Storage
27INR0414,ERCOT,TX,Webb,tap 345kV 80219 LOBO7A - 5709 FOWLERTONSW5 CKT2,103.5,2028-10-01,"DGC Renewables, LLC",Facilities Study,Diamond Sage BESS 1,Other - Battery Energy Storage
26INR0428,ERCOT,TX,San Patricio,Tap 345kV 8249 Angstrom - 8624 Grissom,103.5,2028-10-16,"Diamond B Storage, LLC",IA in Progress,Diamond Cowboy Storage,Other - Battery Energy Storage
23INR0194,ERCOT,TX,Brazoria,39500 TN West Columbia 138kV,103.4,2027-09-13,"Pequin Energy Storage, LLC",Facilities Study,Pequin Energy Storage,Other - Battery Energy Storage
27INR0202,ERCOT,TX,Ward,Tap 138kV 1239 Coyanosa - 11238 Blair Lake Sub,103.39,2029-04-19,"Shallow Valley Storage, LLC",Facilities Study,Shallow Valley Storage,Other - Battery Energy Storage
29INR0170,ERCOT,TX,Brewster,TAP 138kV #6680 Alamitto Creek - #60444 Hayter Ranch,103.37,2029-12-01,Three Ranches Energy LLC,Facilities Study,Three Ranches BESS,Other - Battery Energy Storage
28INR0261,ERCOT,TX,Pecos,Tap 138kV #60393 Pigcreek4A – #60385 Solstice4A,103.37,2030-09-02,"Rio Vista Storage, LLC",Facilities Study,Rio Vista Storage,Other - Battery Energy Storage
27INR0139,ERCOT,TX,Pecos,Fort Lancaster 138 kV Substation (PSSE Bus #76579),103.36,2030-12-31,Gatsby Energy Storage LLC,Facilities Study,Gatsby Energy Storage,Other - Battery Energy Storage
27INR0325,ERCOT,TX,Howard,Buffalo 138 kV Substation #23837,103.3,2030-04-01,"Coyote Ridge Storage, LLC",Facilities Study,Calf Creek Storage,Other - Battery Energy Storage
28INR0483,ERCOT,TX,Zapata,8004 Revilla 138 kV,103.3,2032-02-16,Falcon Energy Project,Facilities Study,Falcon II BESS,Other - Battery Energy Storage
27INR0456,ERCOT,TX,Kaufman,Tap 138kV Crandall (#2727) – Kaufman Northwest (#2724),103.1,2028-09-25,Lightsource Renewable Energy Development LLC,Facilities Study,Yellow Leaf BESS,Other - Battery Energy Storage
24INR0073,ERCOT,TX,Harris,46500 Tomball 345 kV,103.05,2030-12-25,"Hyacinth Storage, LLC",Facilities Study,Hyacinth Storage,Other - Battery Energy Storage
23INR0137,ERCOT,TX,Wharton,43190 South Lane City 138kV,103.0,2028-01-31,BRP Diran BESS LLC,IA in Progress,Diran BESS,Other - Battery Energy Storage
24INR0238,ERCOT,TX,Upton,New Palouse 138kV (#60278),103.0,2026-08-30,"APPALOOSA RUN STORAGE, LLC",Facilities Study,Appaloosa Run BESS,Other - Battery Energy Storage
27INR0236,ERCOT,TX,Sutton,Tap 69 KV 6570 Bond Road - 6513 Sonora,102.98,2030-01-26,Atticus Energy Storage,Facilities Study,Atticus Energy Storage,Other - Battery Energy Storage
26INR0260,ERCOT,TX,Val Verde,Comstock 138kV Substation (PSSE Bus #8683),102.96,2028-04-01,Evans Creek Energy Storage LLC,Facilities Study,Evans Creek Energy Storage,Other - Battery Energy Storage
27INR0440,ERCOT,TX,Pecos,Tap 138 kV #38455 HOLIDAY SUB TNP - 138 kV #38450 SOAPTREE TNP,102.88,2027-10-06,Wisdom Green Energy LLC,IA in Progress,Wisdom BESS SLF,Other - Battery Energy Storage
28INR0074,ERCOT,TX,Harris,Tap 138kV  Chevron_NewSub(#99300) and Cedar Bayou Tap(#48065) circuit 84,102.86,2028-01-03,"Massey Storage, LLC",Facilities Study,Massey Storage,Other - Battery Energy Storage
23INR0361,ERCOT,TX,Jackson,8125 Lolita substation 138kV,102.82,2028-12-15,Third Coast BESS LLC,IA in Progress,Third Coast BESS,Other - Battery Energy Storage
24INR0108,ERCOT,TX,Bexar,138 kV Helotes (#5200),102.77,2029-03-12,VESI 49 LLC,IA in Progress,Louisa Energy Storage,Other - Battery Energy Storage
25INR0287,ERCOT,TX,Scurry,18555 Union Switch 138 kV,102.76,2029-10-11,Hide Town Energy Storage LLC,Facilities Study,Hide Town Energy Storage,Other - Battery Energy Storage
26INR0287,ERCOT,TX,Ector,Tap 138kV #1099 Southwestern Portland Tap - #1052 Rexall,102.65,2029-06-29,"TX BESS 6, LLC",Facilities Study,Firebird BESS,Other - Battery Energy Storage
24INR0472,ERCOT,TX,Van Zandt,6833 Explorer Switching Station 138kV,102.41,2027-04-08,"BT Amador Storage, LLC",IA in Progress,Amador Storage,Other - Battery Energy Storage
24INR0519,ERCOT,TX,Scurry,the Knapp Sub (bus# 1310) – Union Switch (bus# 18555),102.36,2028-09-30,Bluff Creek Energy Storage LLC,Facilities Study,Roost Energy Storage,Other - Battery Energy Storage
23INR0200,ERCOT,TX,Atascosa,8203 Pleasanton 138kV,102.3,2028-03-15,VESI 13,IA in Progress,Paradiso BESS,Other - Battery Energy Storage
25INR0239,ERCOT,TX,Hidalgo,Tap 138kV (5784) Redgtss - (8380) Nedina,102.18,2028-01-15,TX BESS 3 LLC,Facilities Study,Big Five Storage,Other - Battery Energy Storage
27INR0427,ERCOT,TX,Robertson,Tap 345kV 39950 TNP ONE PLANT - 3400 TWIN OAK Ckt 2,102.14,2027-12-01,Tempus Power management LLC,Facilities Study,Prairie Horizon Energy Storage 2,Other - Battery Energy Storage
27INR0429,ERCOT,TX,Robertson,Tap 345kV 39950 TNP ONE PLANT - 3400 TWIN OAK Ckt 2,102.14,2027-12-01,Tempus Power management LLC,Facilities Study,Prairie Horizon Energy Storage 4,Other - Battery Energy Storage
27INR0424,ERCOT,TX,Robertson,Tap 345kV 39950 TNP ONE PLANT - 3400 TWIN OAK Ckt 2,102.14,2027-12-01,Tempus Power management LLC,Facilities Study,Pioneer Path Energy Storage 3,Other - Battery Energy Storage
27INR0426,ERCOT,TX,Robertson,Tap 345kV 39950 TNP ONE PLANT - 3400 TWIN OAK Ckt 2,102.14,2027-12-01,Tempus Power management LLC,Facilities Study,Prairie Horizon Energy Storage 1,Other - Battery Energy Storage
27INR0418,ERCOT,TX,Robertson,Tap 345kV 39950 TNP ONE PLANT - 3400 TWIN OAK Ckt 2,102.14,2027-12-01,Tempus Power management LLC,Facilities Study,Pioneer Path Energy Storage 1,Other - Battery Energy Storage
27INR0423,ERCOT,TX,Robertson,Tap 345kV 39950 TNP ONE PLANT - 3400 TWIN OAK Ckt 2,102.14,2027-12-01,Tempus Power management LLC,Facilities Study,Pioneer Path Energy Storage 2,Other - Battery Energy Storage
27INR0425,ERCOT,TX,Robertson,Tap 345kV 39950 TNP ONE PLANT - 3400 TWIN OAK Ckt 2,102.14,2027-12-01,Tempus Power management LLC,Facilities Study,Pioneer Path Energy Storage 4,Other - Battery Energy Storage
27INR0428,ERCOT,TX,Robertson,Tap 345kV 39950 TNP ONE PLANT - 3400 TWIN OAK Ckt 2,102.14,2027-12-01,Tempus Power management LLC,Facilities Study,Prairie Horizon Energy Storage 3,Other - Battery Energy Storage
28INR0255,ERCOT,TX,Dallas,Tap on 2427 WATMLL_W5 345.00 - 2432 TRICRN1_5 345.00 345kV line ckt 1.,102.1,2029-03-01,Tempus power management LLC,Facilities Study,watermelon 5 energy storage,Other - Battery Energy Storage
28INR0256,ERCOT,TX,Dallas,Tap on 2427 WATMLL_W5 345.00 - 2432 TRICRN1_5 345.00 345kV line ckt 1.,102.1,2029-03-01,Tempus power management LLC,Facilities Study,watermelon 6 energy storage,Other - Battery Energy Storage
27INR0487,ERCOT,TX,Travis,9328 Austrop 138kV,102.1,2030-12-01,Balcones Ridge Resiliency II LLC,Facilities Study,Blackland Prairie 3 Energy Storage,Other - Battery Energy Storage
27INR0486,ERCOT,TX,Travis,9328 Austrop 138kV,102.1,2030-12-01,Balcones Ridge Resiliency II LLC,Facilities Study,Blackland Prairie 2 Energy Storage,Other - Battery Energy Storage
27INR0485,ERCOT,TX,Travis,9328 Austrop 138kV,102.1,2027-12-01,Balcones Ridge Resiliency LLC,IA in Progress,Blackland Prairie 1 Energy Storage,Other - Battery Energy Storage
27INR0457,ERCOT,TX,Dallas,Tap on 2427 WATMLL_W5   345.00 - 2432 TRICRN1_5   345.00 345kV line ckt 1.,102.1,2029-03-01,Tempus power management LLC,Facilities Study,watermelon 1 energy storage,Other - Battery Energy Storage
27INR0459,ERCOT,TX,Dallas,Tap on 2427 WATMLL_W5 345.00 - 2432 TRICRN1_5 345.00 345kV line ckt 1. 1.6 miles from 2427 WATMLL_W5,102.1,2029-03-01,Tempus power management LLC,Facilities Study,watermelon 3 energy storage,Other - Battery Energy Storage
27INR0460,ERCOT,TX,Dallas,Tap on 2427 WATMLL_W5 345.00 - 2432 TRICRN1_5 345.00 345kV line ckt 1.,102.1,2029-03-01,Tempus power management LLC,Facilities Study,watermelon 4 energy storage,Other - Battery Energy Storage
27INR0317,ERCOT,TX,Van Zandt,Tap Edgewood 138kV bus(3181) to CANTNSW_8 (3174),102.1,2028-03-01,Tempus Power management LLC,Facilities Study,Edgewood BESS 1,Other - Battery Energy Storage
28INR0258,ERCOT,TX,Dallas,Tap on 2427 WATMLL_W5 345.00 - 2432 TRICRN1_5 345.00 345kV line ckt 1.,102.1,2029-03-01,Tempus power management LLC,Facilities Study,watermelon 8 energy storage,Other - Battery Energy Storage
27INR0458,ERCOT,TX,Dallas,Tap on 2427 WATMLL_W5 345.00 - 2432 TRICRN1_5 345.00 345kV line ckt 1.,102.1,2029-03-01,Tempus power management LLC,Facilities Study,watermelon 2 energy storage,Other - Battery Energy Storage
27INR0413,ERCOT,TX,Van Zandt,Tap Edgewood 138kV bus(3181) to 3174,102.1,2028-03-01,Tempus Power management LLC,Facilities Study,Edgewood BESS 2,Other - Battery Energy Storage
28INR0257,ERCOT,TX,Dallas,Tap on 2427 WATMLL_W5 345.00 - 2432 TRICRN1_5 345.00 345kV line ckt 1.,102.1,2029-03-01,Tempus power management LLC,Facilities Study,watermelon 7 energy storage,Other - Battery Energy Storage
26INR0469,ERCOT,TX,Lamar,Tap 138 KV Bois Pump (1835) - Brookston (1833),102.0,2028-07-21,"Roxton Solar, LLC",IA in Progress,Roxton Storage,Other - Battery Energy Storage
28INR0154,ERCOT,TX,Harris,#47150 HOC 138kV,101.65,2026-12-18,Pamela heights I Energy Center LLC,IA in Progress,Pamela Heights I,Other - Battery Energy Storage
25INR0133,ERCOT,TX,Dimmit,Tap 138kV 8283 Asherton - 8613 Bigwells,101.41,2026-12-01,"Rose Quartz BESS, LLC",IA in Progress,Rose Quartz BESS,Other - Battery Energy Storage
24INR0087,ERCOT,TX,Navarro,Tap 345kV 68091 Navarro - 46020 Limestone,101.36,2029-03-31,"Pisgah Ridge 3, LLC",Facilities Study,Pisgah Ridge Storage 3,Other - Battery Energy Storage
26INR0317,ERCOT,TX,Harris,Tap Highlands (Bus # 40812) - HANEY ( BUS # 40790) 138 kV,101.3,2029-07-10,"GCI Pinnacle Point, LLC",Facilities Study,Pinnacle Point Energy Storage,Other - Battery Energy Storage
26INR0341,ERCOT,TX,Harris,42750 Mykawa 138 kV,101.3,2028-12-31,"GCI Megamouth, LLC",IA in Progress,Megamouth Energy Storage,Other - Battery Energy Storage
28INR0295,ERCOT,TX,Brazoria,Tap 138kV 42750 Mykawa - 48353 Telephone Ckt 06,101.3,2029-04-10,PowerPulse LLC,IA in Progress,Margay Energy Storage,Other - Battery Energy Storage
25INR0545,ERCOT,TX,Wharton,Tap 138kV 42985 DYANN_POI8 - 43190 S_LANE_B138 Ckt 60,101.2,2028-12-31,"Blue Creek Energy Storage, LLC",Facilities Study,Blue Creek Energy Storage,Other - Battery Energy Storage
25INR0542,ERCOT,TX,Wharton,Tap 138kV 5546 DANEVANG SW - 8121 BLESSING,101.2,2027-12-31,"Hynes Bay Energy Storage, LLC",Facilities Study,Hynes Bay Energy Storage,Other - Battery Energy Storage
24INR0530,ERCOT,TX,Brazoria,Tap 138kV 42960 Mustang Bayou - 42100 HUDSON ckt 4,101.2,2028-12-31,"Southside Energy, LLC",Facilities Study,Southside Energy,Other - Battery Energy Storage
24INR0569,ERCOT,TX,Wharton,Line Tap 138kV #43012 NEWGLF60T3_8 - #43190 S_LANE_B138,101.2,2028-12-31,"Hadrian Energy Storage, LLC",Facilities Study,Hadrian Energy Storage,Other - Battery Energy Storage
24INR0541,ERCOT,TX,Kinney,Tap 138kV 8252 Brackett4A - 78255  L_PINTCR8_1Y,101.2,2027-05-15,"Kinney County Energy,  LLC",Facilities Study,Kinney County Energy,Other - Battery Energy Storage
24INR0534,ERCOT,TX,Willacy,5745 E Raymondville 138kV,101.2,2027-09-02,"Lyford Energy, LLC",Facilities Study,Lyford Energy,Other - Battery Energy Storage
26INR0181,ERCOT,TX,Cameron,8656 Luna 138kV,101.02,2029-02-27,"Solar Star Frontier BESS, LLC",Facilities Study,Solar Star Frontier BESS,Other - Battery Energy Storage
24INR0207,ERCOT,TX,Navarro,Tap 345kV #2466 Big Onion  - #68091 Navarro,101.0,2028-03-16,Glasgow Solar LLC,IA in Progress,Glasgow Storage,Other - Battery Energy Storage
23INR0123,ERCOT,TX,Calhoun,138kV 8723 Cangrejo,101.0,2029-07-01,"Long Mount Storage, LLC",Facilities Study,Vaca Storage,Other - Battery Energy Storage
23INR0284,ERCOT,TX,Kinney,8252 Brackett 138kV,101.0,2029-07-01,"Las Moras Storage, LLC",Facilities Study,Las Moras Battery,Other - Battery Energy Storage
26INR0319,ERCOT,TX,Wise,Tap 345kV Bird Dog (Bus #11736) - Jacksboro (Bus #1429),100.93,2029-01-30,"BT Sandford Solar, LLC",Facilities Study,Sandford Storage,Other - Battery Energy Storage
24INR0275,ERCOT,TX,Martin,23837 Buffalo 138kV,100.83,2028-05-15,Black Mountain Energy Storage II,IA in Progress,Picadillo BESS,Other - Battery Energy Storage
24INR0494,ERCOT,TX,Lampasas,7064 LAMPASAS 138KV,100.8,2028-05-15,Black Mountain Energy Storage II LLC,Facilities Study,Hana Springs BESS,Other - Battery Energy Storage
23INR0216,ERCOT,TX,Ellis,138 kV Tap #442 Rail Port - #1905 Griffith,100.8,2027-12-31,"AIH Texas Acquisitions, LLC",IA in Progress,Venus Mill Storage,Other - Battery Energy Storage
27INR0437,ERCOT,TX,Medina,Tap 138 kV 5225 Hondo - 5813 Pearson,100.7,2028-07-01,"Hondo Creek Solar, LLC",Facilities Study,Hondo Arroyo Storage,Other - Battery Energy Storage
26INR0611,ERCOT,TX,Sterling,76030-Gasconades Creek 345 kV,100.7,2028-06-01,Clearway Energy Group LLC,Facilities Study,Goat Mountain BESS 2,Other - Battery Energy Storage
24INR0376,ERCOT,TX,Wilson,Tapping the Elm Creek to Shaula circuit 1,100.67,2029-06-30,"Huisache Solar, LLC",IA in Progress,Huisache BESS,Other - Battery Energy Storage
24INR0485,ERCOT,TX,Runnels,Tap 138kV 6340 BALLINGER - 60399 WEISS,100.65,2028-03-31,"Rutile BESS, LLC",IA in Progress,Rutile BESS,Other - Battery Energy Storage
25INR0139,ERCOT,TX,Mitchell,Tap 138kV 1189 BARBER_LK1_8 - 19520 CHINAGRVX2_8,100.65,2029-01-31,"Dolce BESS, LLC",Facilities Study,Dolce BESS,Other - Battery Energy Storage
21INR0444,ERCOT,TX,Brazoria,138 KV  (CEHE Sub) Tap Burke (42410) - Eagle Nest (42430)  ckt 02,100.62,2027-12-30,"Long Point Storage, LLC",IA in Progress,Long Point Storage,Other - Battery Energy Storage
28INR0175,ERCOT,TX,Refugio,#8805 BONIVIEW2A 69kV,100.61,2028-03-31,"Mobee Springs, LLC",Facilities Study,Mobee Springs BESS,Other - Battery Energy Storage
27INR0208,ERCOT,TX,Dimmit,(#80481) PILONCIL4 138KV,100.6,2028-01-31,Sugarloaf Clean Energy LLC,Facilities Study,Sugarloaf BESS,Other - Battery Energy Storage
23INR0163,ERCOT,TX,Kendall,7150 Kendall 138kV,100.57,2028-05-23,"KCE TX 26, LLC",Facilities Study,Ringtail Ridge Storage,Other - Battery Energy Storage
25INR0142,ERCOT,TX,Glasscock,tap McDonald Road Switch (1333) – Pastores Switch (10121) ckt 1,100.57,2028-03-31,"Sagewood BESS, LLC",Facilities Study,Sagewood BESS,Other - Battery Energy Storage
27INR0009,ERCOT,TX,Wilbarger,The 345 kV Riley Substation (#6101); AEP,100.54,2027-07-31,"Felix 1, LLC",Facilities Study,Felix Storage,Other - Battery Energy Storage
22INR0383,ERCOT,TX,Reagan,60361 Santa Rita 138kV,100.51,2027-12-01,BRP Musca BESS LLC,Facilities Study,BRP Musca BESS,Other - Battery Energy Storage
26INR0162,ERCOT,TX,Nacogdoches,Tap 345 kV 3119 Nacogdoches SE - 3116 Mt Enterprise,100.5,2029-10-05,"Timberline Renewables, LLC",Facilities Study,Timberline Storage,Other - Battery Energy Storage
23INR0474,ERCOT,TX,Travis,Austrop – Lost Pines 345 kV transmission line (Bus #7040 – 9041),100.45,2027-11-19,AP Greenport,Facilities Study,AP Greenport,Other - Battery Energy Storage
26INR0254,ERCOT,TX,Van Zandt,Tap Connection Bus 2485 Poetry Switch – 3223 Shamburger Switch,100.44,2030-03-31,"BT DJ4M Solar, LLC",Facilities Study,Goldfinch Storage,Other - Battery Energy Storage
26INR0374,ERCOT,TX,Brazoria,looped on circuit 04 between Mustang Bayou (#42960) and Hudson (#42100),100.4,2027-10-08,Cobra Clean Energy Center LLC,Facilities Study,Cobra Clean Energy Center,Other - Battery Energy Storage
25INR0414,ERCOT,TX,Cherokee,Tap 138 KV DailVille (3160) - Neches Pump (3296),100.33,2029-04-17,Dialville BESS,Facilities Study,Rogers Creek BESS,Other - Battery Energy Storage
25INR0405,ERCOT,TX,Matagorda,Tap Gulftie (43340) – Pledger (43120) circuit 60,100.33,2028-04-06,Pledgor BESS,Facilities Study,Pledgor BESS,Other - Battery Energy Storage
25INR0143,ERCOT,TX,Howard,Tap 138kV 1394 GTTYVTAP_8 - 1322 BIGSPRIG_8,100.32,2029-03-31,"Ariji BESS, LLC",IA in Progress,Ariji BESS,Other - Battery Energy Storage
AE2-156 - moved to TC1,PJM,VA,City of Chesapeake,NOT PUBLISHED BY PJM (Transmission Owner: Dominion),100.0,2031-03-31,NOT PUBLISHED IN PJM QUEUE EXPORT,Engineering Review,Yadkin 115 kV,Storage
AH1-314 - moved to TC2,PJM,VA,Pittsylvania,NOT PUBLISHED BY PJM (Transmission Owner: AEP),100.0,2030-12-31,NOT PUBLISHED IN PJM QUEUE EXPORT,Active,East Danville 138 kV,Storage
25INR0310,ERCOT,TX,Galveston,38740 Heights Substation 138kV,100.0,2026-12-01,"IEP Texas Verde II, llc",Facilities Study,IEP Blackhawk,Other - Battery Energy Storage
21INR0455,ERCOT,TX,Childress,60501 Tesla 345kV,100.0,2028-01-01,"KCE TX 16, LLC",Facilities Study,Independence Trail Storage,Other - Battery Energy Storage
AD2-077,PJM,PA,Bucks,NOT PUBLISHED BY PJM (Transmission Owner: PPL),100.0,2029-07-27,NOT PUBLISHED IN PJM QUEUE EXPORT,Engineering Review,Buxmont 69 kV,Storage
27INR0531,ERCOT,TX,Kaufman,Tap 345kV ELKTON 5 (#3105 ) to Tricrn1 5 (#2432),100.0,2029-07-01,"Erika Solar, LLC",Facilities Study,Erika BESS,Other - Battery Energy Storage
AF2-303,PJM,NC,Edgecombe,NOT PUBLISHED BY PJM (Transmission Owner: Dominion),100.0,2029-09-01,NOT PUBLISHED IN PJM QUEUE EXPORT,Engineering Review,Edgecombe 230 kV,Solar; Storage
AF2-013,PJM,VA,King George,NOT PUBLISHED BY PJM (Transmission Owner: Dominion),100.0,2029-10-01,NOT PUBLISHED IN PJM QUEUE EXPORT,Engineering Review,Arnold's Corner-Dahlgren 230 kV,Storage
AG1-411 - moved to TC1,PJM,OH,Van Wert,NOT PUBLISHED BY PJM (Transmission Owner: AEP),100.0,2030-02-15,NOT PUBLISHED IN PJM QUEUE EXPORT,Engineering Review,Maddox Creek-RP Mone 345 kV,Storage
27INR0627,ERCOT,TX,Fort Bend,44090 Cedar Creek 345kV,100.0,2029-03-01,"Redbird BESS, LLC",Facilities Study,Redbird BESS,Other - Battery Energy Storage
24INR0449,ERCOT,TX,Hidalgo,TAP 138KV 8374 SOUTH EAST EDINBURG - 8029 CLOSNER,100.0,2028-06-30,PureSky Development Inc.,Facilities Study,PSE Richardson TX Storage,Other - Battery Energy Storage
25INR0192,ERCOT,TX,Hidalgo,Frontera (#8980),100.0,2027-05-01,Palm Valley BESS LLC,Facilities Study,Palmvalley Storage,Other - Battery Energy Storage
27INR0624,ERCOT,TX,Scurry,59912 GALVANI 345,100.0,2027-09-16,Helion BESS,Facilities Study,Helion BESS,Other - Battery Energy Storage
23INR0503,ERCOT,TX,Caldwell,Tap 138kV 7325 Mendoza - 7216 Lockhart,100.0,2030-03-29,Ardesia Storage Project LLC,Facilities Study,Ardesia Storage,Other - Battery Energy Storage
26INR0590,ERCOT,TX,Harris,47170 (H_O_C__B138) 138kV,100.0,2028-06-01,Tempus Power management LLC,Facilities Study,Callisto ID Energy Center,Other - Battery Energy Storage
23INR0354,ERCOT,TX,Starr,8796 Roma 138kV,100.0,2028-12-01,Bordertown BESS LLC,IA in Progress,Bordertown BESS,Other - Battery Energy Storage
30INR0045,ERCOT,TX,Colorado,Tap 138-kV Weimar (7254) to Schulenburg (7252),100.0,2029-12-27,Adapture Solar Development,Under Study,Radiant Plains Energy Center BESS,Other - Battery Energy Storage
29INR0145,ERCOT,TX,Fort Bend,44030 Arcola 138 kV,100.0,2030-01-17,Adapture Solar Development,Under Study,Elysium Energy Center BESS,Other - Battery Energy Storage
